game_id,season,season_type,week,start_date,home_team_id,home_team,away_team_id,away_team,provider,spread,spread_open,over_under,over_under_open,home_moneyline,away_moneyline
401110840,2019,regular,10,2019-11-02 23:00:00+00:00,2633,Tennessee,5,UAB,Bovada,-14,,49,,,
401110840,2019,regular,10,2019-11-02 23:00:00+00:00,2633,Tennessee,5,UAB,teamrankings,-13.5,,49,,,
401110840,2019,regular,10,2019-11-02 23:00:00+00:00,2633,Tennessee,5,UAB,numberfire,-13.5,,49,,,
401110840,2019,regular,10,2019-11-02 23:00:00+00:00,2633,Tennessee,5,UAB,consensus,-13.5,,49.5,,,
401110840,2019,regular,10,2019-11-02 23:00:00+00:00,2633,Tennessee,5,UAB,Caesars,-13.5,,49,,,
401114301,2019,regular,10,2019-11-02 20:00:00+00:00,98,Western Kentucky,2226,Florida Atlantic,Bovada,0,,51,,,
401114301,2019,regular,10,2019-11-02 20:00:00+00:00,98,Western Kentucky,2226,Florida Atlantic,teamrankings,2,,51.5,,,
401114301,2019,regular,10,2019-11-02 20:00:00+00:00,98,Western Kentucky,2226,Florida Atlantic,numberfire,1,,51,,,
401114301,2019,regular,10,2019-11-02 20:00:00+00:00,98,Western Kentucky,2226,Florida Atlantic,consensus,1,,51,,,
401114301,2019,regular,10,2019-11-02 20:00:00+00:00,98,Western Kentucky,2226,Florida Atlantic,Caesars,1.5,,50.5,,,
401119293,2019,regular,10,2019-11-02 18:00:00+00:00,189,Bowling Green,2006,Akron,Bovada,-4.5,,49,,,
401119293,2019,regular,10,2019-11-02 18:00:00+00:00,189,Bowling Green,2006,Akron,teamrankings,-3.5,,49.5,,,
401119293,2019,regular,10,2019-11-02 18:00:00+00:00,189,Bowling Green,2006,Akron,numberfire,-4,,49.5,,,
401119293,2019,regular,10,2019-11-02 18:00:00+00:00,189,Bowling Green,2006,Akron,consensus,-4,,49.5,,,
401119293,2019,regular,10,2019-11-02 18:00:00+00:00,189,Bowling Green,2006,Akron,Caesars,-4,,49.5,,,
401117896,2019,regular,10,2019-11-02 23:00:00+00:00,151,East Carolina,2132,Cincinnati,Bovada,24.5,,48.5,,,
401117896,2019,regular,10,2019-11-02 23:00:00+00:00,151,East Carolina,2132,Cincinnati,teamrankings,25,,48.5,,,
401117896,2019,regular,10,2019-11-02 23:00:00+00:00,151,East Carolina,2132,Cincinnati,numberfire,24.5,,48.5,,,
401117896,2019,regular,10,2019-11-02 23:00:00+00:00,151,East Carolina,2132,Cincinnati,consensus,24.5,,48.5,,,
401117896,2019,regular,10,2019-11-02 23:00:00+00:00,151,East Carolina,2132,Cincinnati,Caesars,24,,48.5,,,
401112497,2019,regular,10,2019-11-02 19:30:00+00:00,52,Florida State,2390,Miami,Bovada,-3,,49.5,,,
401112497,2019,regular,10,2019-11-02 19:30:00+00:00,52,Florida State,2390,Miami,teamrankings,-3,,50,,,
401112497,2019,regular,10,2019-11-02 19:30:00+00:00,52,Florida State,2390,Miami,numberfire,-3,,49.5,,,
401112497,2019,regular,10,2019-11-02 19:30:00+00:00,52,Florida State,2390,Miami,consensus,-3,,49.5,,,
401112497,2019,regular,10,2019-11-02 19:30:00+00:00,52,Florida State,2390,Miami,Caesars,-3,,49.5,,,
401119294,2019,regular,10,2019-11-02 16:00:00+00:00,2199,Eastern Michigan,2084,Buffalo,Bovada,2,,49.5,,,
401119294,2019,regular,10,2019-11-02 16:00:00+00:00,2199,Eastern Michigan,2084,Buffalo,teamrankings,1,,50.5,,,
401119294,2019,regular,10,2019-11-02 16:00:00+00:00,2199,Eastern Michigan,2084,Buffalo,numberfire,1.5,,49.5,,,
401119294,2019,regular,10,2019-11-02 16:00:00+00:00,2199,Eastern Michigan,2084,Buffalo,consensus,1.5,,50,,,
401119294,2019,regular,10,2019-11-02 16:00:00+00:00,2199,Eastern Michigan,2084,Buffalo,Caesars,1.5,,50,,,
401110838,2019,regular,10,2019-11-02 19:30:00+00:00,57,Florida,61,Georgia,Bovada,6.5,,48,,,
401110838,2019,regular,10,2019-11-02 19:30:00+00:00,57,Florida,61,Georgia,teamrankings,6.5,,47.5,,,
401110838,2019,regular,10,2019-11-02 19:30:00+00:00,57,Florida,61,Georgia,numberfire,6.5,,47.5,,,
401110838,2019,regular,10,2019-11-02 19:30:00+00:00,57,Florida,61,Georgia,consensus,6.5,,47.5,,,
401110838,2019,regular,10,2019-11-02 19:30:00+00:00,57,Florida,61,Georgia,Caesars,6.5,,47,,,
401117897,2019,regular,10,2019-11-02 23:30:00+00:00,235,Memphis,2567,SMU,Bovada,-6.5,,72,,,
401117897,2019,regular,10,2019-11-02 23:30:00+00:00,235,Memphis,2567,SMU,teamrankings,-6.5,,71,,,
401117897,2019,regular,10,2019-11-02 23:30:00+00:00,235,Memphis,2567,SMU,numberfire,-6.5,,71,,,
401117897,2019,regular,10,2019-11-02 23:30:00+00:00,235,Memphis,2567,SMU,consensus,-6.5,,71.5,,,
401117897,2019,regular,10,2019-11-02 23:30:00+00:00,235,Memphis,2567,SMU,Caesars,-6.5,,71.5,,,
401117895,2019,regular,10,2019-11-02 16:00:00+00:00,2116,UCF,248,Houston,Bovada,-22,,73.5,,,
401117895,2019,regular,10,2019-11-02 16:00:00+00:00,2116,UCF,248,Houston,teamrankings,-22,,72,,,
401117895,2019,regular,10,2019-11-02 16:00:00+00:00,2116,UCF,248,Houston,numberfire,-21.5,,73,,,
401117895,2019,regular,10,2019-11-02 16:00:00+00:00,2116,UCF,248,Houston,consensus,-21.5,,73,,,
401117895,2019,regular,10,2019-11-02 16:00:00+00:00,2116,UCF,248,Houston,Caesars,-22,,74,,,
401112208,2019,regular,10,2019-11-02 16:00:00+00:00,120,Maryland,130,Michigan,Bovada,22,,57.5,,,
401112208,2019,regular,10,2019-11-02 16:00:00+00:00,120,Maryland,130,Michigan,teamrankings,21.5,,57.5,,,
401112208,2019,regular,10,2019-11-02 16:00:00+00:00,120,Maryland,130,Michigan,numberfire,21.5,,57.5,,,
401112208,2019,regular,10,2019-11-02 16:00:00+00:00,120,Maryland,130,Michigan,consensus,21.5,,57.5,,,
401112208,2019,regular,10,2019-11-02 16:00:00+00:00,120,Maryland,130,Michigan,Caesars,21,,58.5,,,
401112153,2019,regular,10,2019-11-02 19:30:00+00:00,356,Illinois,164,Rutgers,Bovada,-19,,48.5,,,
401112153,2019,regular,10,2019-11-02 19:30:00+00:00,356,Illinois,164,Rutgers,teamrankings,-18.5,,49,,,
401112153,2019,regular,10,2019-11-02 19:30:00+00:00,356,Illinois,164,Rutgers,numberfire,-19,,48.5,,,
401112153,2019,regular,10,2019-11-02 19:30:00+00:00,356,Illinois,164,Rutgers,consensus,-18.5,,48,,,
401110841,2019,regular,10,2019-11-02 16:00:00+00:00,245,Texas A&M,2636,UTSA,Bovada,-38.5,,55,,,
401110841,2019,regular,10,2019-11-02 16:00:00+00:00,245,Texas A&M,2636,UTSA,teamrankings,-38,,55,,,
401110841,2019,regular,10,2019-11-02 16:00:00+00:00,245,Texas A&M,2636,UTSA,numberfire,-37.5,,55.5,,,
401110841,2019,regular,10,2019-11-02 16:00:00+00:00,245,Texas A&M,2636,UTSA,consensus,-37.5,,55,,,
401110841,2019,regular,10,2019-11-02 16:00:00+00:00,245,Texas A&M,2636,UTSA,Caesars,-37.5,,55.5,,,
401117538,2019,regular,10,2019-11-02 19:30:00+00:00,36,Colorado State,2439,UNLV,Bovada,-7.5,,64,,,
401117538,2019,regular,10,2019-11-02 19:30:00+00:00,36,Colorado State,2439,UNLV,teamrankings,-7.5,,63.5,,,
401117538,2019,regular,10,2019-11-02 19:30:00+00:00,36,Colorado State,2439,UNLV,numberfire,-7.5,,63.5,,,
401117538,2019,regular,10,2019-11-02 19:30:00+00:00,36,Colorado State,2439,UNLV,consensus,-7.5,,64,,,
401117538,2019,regular,10,2019-11-02 19:30:00+00:00,36,Colorado State,2439,UNLV,Caesars,-8,,64.5,,,
401114331,2019,regular,10,2019-11-02 19:30:00+00:00,2005,Air Force,349,Army,Bovada,-17,,44.5,,,
401114331,2019,regular,10,2019-11-02 19:30:00+00:00,2005,Air Force,349,Army,teamrankings,-17,,44.5,,,
401114331,2019,regular,10,2019-11-02 19:30:00+00:00,2005,Air Force,349,Army,numberfire,-17,,44,,,
401114331,2019,regular,10,2019-11-02 19:30:00+00:00,2005,Air Force,349,Army,consensus,-17,,45,,,
401114331,2019,regular,10,2019-11-02 19:30:00+00:00,2005,Air Force,349,Army,Caesars,-17,,45,,,
401112243,2019,regular,10,2019-11-02 16:00:00+00:00,2509,Purdue,158,Nebraska,Bovada,4.5,,58,,,
401112243,2019,regular,10,2019-11-02 16:00:00+00:00,2509,Purdue,158,Nebraska,teamrankings,4,,57,,,
401112243,2019,regular,10,2019-11-02 16:00:00+00:00,2509,Purdue,158,Nebraska,numberfire,3.5,,58,,,
401112243,2019,regular,10,2019-11-02 16:00:00+00:00,2509,Purdue,158,Nebraska,consensus,4,,58,,,
401112243,2019,regular,10,2019-11-02 16:00:00+00:00,2509,Purdue,158,Nebraska,Caesars,4,,58,,,
401112165,2019,regular,10,2019-11-02 23:00:00+00:00,84,Indiana,77,Northwestern,Bovada,-8.5,,44,,,
401112165,2019,regular,10,2019-11-02 23:00:00+00:00,84,Indiana,77,Northwestern,teamrankings,-8.5,,44.5,,,
401112165,2019,regular,10,2019-11-02 23:00:00+00:00,84,Indiana,77,Northwestern,numberfire,-8,,43.5,,,
401112165,2019,regular,10,2019-11-02 23:00:00+00:00,84,Indiana,77,Northwestern,consensus,-8,,43.5,,,
401112165,2019,regular,10,2019-11-02 23:00:00+00:00,84,Indiana,77,Northwestern,Caesars,-9,,43.5,,,
401114171,2019,regular,10,2019-11-02 20:30:00+00:00,12,Arizona,204,Oregon State,Bovada,-5.5,,72,,,
401114171,2019,regular,10,2019-11-02 20:30:00+00:00,12,Arizona,204,Oregon State,teamrankings,-4.5,,72,,,
401114171,2019,regular,10,2019-11-02 20:30:00+00:00,12,Arizona,204,Oregon State,numberfire,-4.5,,71.5,,,
401114171,2019,regular,10,2019-11-02 20:30:00+00:00,12,Arizona,204,Oregon State,consensus,-4.5,,71.5,,,
401114171,2019,regular,10,2019-11-02 20:30:00+00:00,12,Arizona,204,Oregon State,Caesars,-4.5,,71.5,,,
401112499,2019,regular,10,2019-11-02 23:30:00+00:00,153,North Carolina,258,Virginia,Bovada,-1,,48,,,
401112499,2019,regular,10,2019-11-02 23:30:00+00:00,153,North Carolina,258,Virginia,teamrankings,1,,48,,,
401112499,2019,regular,10,2019-11-02 23:30:00+00:00,153,North Carolina,258,Virginia,numberfire,-1,,48,,,
401112499,2019,regular,10,2019-11-02 23:30:00+00:00,153,North Carolina,258,Virginia,consensus,-1,,48,,,
401112499,2019,regular,10,2019-11-02 23:30:00+00:00,153,North Carolina,258,Virginia,Caesars,-1,,48,,,
401117894,2019,regular,10,2019-11-02 00:00:00+00:00,41,UConn,2426,Navy,Bovada,26.5,,55,,,
401117894,2019,regular,10,2019-11-02 00:00:00+00:00,41,UConn,2426,Navy,teamrankings,25.5,,55,,,
401117894,2019,regular,10,2019-11-02 00:00:00+00:00,41,UConn,2426,Navy,numberfire,26,,54.5,,,
401117894,2019,regular,10,2019-11-02 00:00:00+00:00,41,UConn,2426,Navy,consensus,26.5,,54.5,,,
401117894,2019,regular,10,2019-11-02 00:00:00+00:00,41,UConn,2426,Navy,Caesars,26.5,,55,,,
401112500,2019,regular,10,2019-11-02 16:00:00+00:00,154,Wake Forest,152,NC State,Bovada,-8.5,,61,,,
401112500,2019,regular,10,2019-11-02 16:00:00+00:00,154,Wake Forest,152,NC State,teamrankings,-7.5,,60,,,
401112500,2019,regular,10,2019-11-02 16:00:00+00:00,154,Wake Forest,152,NC State,numberfire,-8,,60.5,,,
401112500,2019,regular,10,2019-11-02 16:00:00+00:00,154,Wake Forest,152,NC State,consensus,-8,,61,,,
401112500,2019,regular,10,2019-11-02 16:00:00+00:00,154,Wake Forest,152,NC State,Caesars,-8,,61.5,,,
401119295,2019,regular,10,2019-11-02 16:00:00+00:00,2117,Central Michigan,2459,Northern Illinois,Bovada,1.5,,48.5,,,
401119295,2019,regular,10,2019-11-02 16:00:00+00:00,2117,Central Michigan,2459,Northern Illinois,teamrankings,1,,48.5,,,
401119295,2019,regular,10,2019-11-02 16:00:00+00:00,2117,Central Michigan,2459,Northern Illinois,numberfire,1.5,,49,,,
401119295,2019,regular,10,2019-11-02 16:00:00+00:00,2117,Central Michigan,2459,Northern Illinois,consensus,1.5,,49,,,
401119295,2019,regular,10,2019-11-02 16:00:00+00:00,2117,Central Michigan,2459,Northern Illinois,Caesars,1.5,,49,,,
401112501,2019,regular,10,2019-11-02 18:30:00+00:00,87,Notre Dame,259,Virginia Tech,Bovada,-17,,59,,,
401112501,2019,regular,10,2019-11-02 18:30:00+00:00,87,Notre Dame,259,Virginia Tech,teamrankings,-17.5,,59,,,
401112501,2019,regular,10,2019-11-02 18:30:00+00:00,87,Notre Dame,259,Virginia Tech,numberfire,-17.5,,59,,,
401112501,2019,regular,10,2019-11-02 18:30:00+00:00,87,Notre Dame,259,Virginia Tech,consensus,-17.5,,59,,,
401112501,2019,regular,10,2019-11-02 18:30:00+00:00,87,Notre Dame,259,Virginia Tech,Caesars,-17.5,,58,,,
401112104,2019,regular,10,2019-11-02 19:30:00+00:00,2305,Kansas,2306,Kansas State,Bovada,5.5,,54.5,,,
401112104,2019,regular,10,2019-11-02 19:30:00+00:00,2305,Kansas,2306,Kansas State,teamrankings,4.5,,54,,,
401112104,2019,regular,10,2019-11-02 19:30:00+00:00,2305,Kansas,2306,Kansas State,numberfire,4.5,,55,,,
401112104,2019,regular,10,2019-11-02 19:30:00+00:00,2305,Kansas,2306,Kansas State,consensus,5,,55,,,
401112104,2019,regular,10,2019-11-02 19:30:00+00:00,2305,Kansas,2306,Kansas State,Caesars,4.5,,55,,,
401121963,2019,regular,10,2019-11-02 21:00:00+00:00,309,Louisiana,326,Texas State,Bovada,-23.5,,55.5,,,
401121963,2019,regular,10,2019-11-02 21:00:00+00:00,309,Louisiana,326,Texas State,teamrankings,-23,,55,,,
401121963,2019,regular,10,2019-11-02 21:00:00+00:00,309,Louisiana,326,Texas State,numberfire,-23,,55.5,,,
401121963,2019,regular,10,2019-11-02 21:00:00+00:00,309,Louisiana,326,Texas State,consensus,-23,,55.5,,,
401121963,2019,regular,10,2019-11-02 21:00:00+00:00,309,Louisiana,326,Texas State,Caesars,-23,,54.5,,,
401114198,2019,regular,10,2019-11-03 00:00:00+00:00,30,USC,2483,Oregon,Bovada,4,,60.5,,,
401114198,2019,regular,10,2019-11-03 00:00:00+00:00,30,USC,2483,Oregon,teamrankings,3.5,,59.5,,,
401114198,2019,regular,10,2019-11-03 00:00:00+00:00,30,USC,2483,Oregon,numberfire,3.5,,61,,,
401114198,2019,regular,10,2019-11-03 00:00:00+00:00,30,USC,2483,Oregon,consensus,3.5,,60,,,
401114198,2019,regular,10,2019-11-03 00:00:00+00:00,30,USC,2483,Oregon,Caesars,3.5,,60.5,,,
401114299,2019,regular,10,2019-11-02 19:30:00+00:00,2429,Charlotte,2393,Middle Tennessee,Bovada,5,,65,,,
401114299,2019,regular,10,2019-11-02 19:30:00+00:00,2429,Charlotte,2393,Middle Tennessee,teamrankings,5,,65,,,
401114299,2019,regular,10,2019-11-02 19:30:00+00:00,2429,Charlotte,2393,Middle Tennessee,numberfire,3.5,,66.5,,,
401114299,2019,regular,10,2019-11-02 19:30:00+00:00,2429,Charlotte,2393,Middle Tennessee,consensus,3.5,,65,,,
401114299,2019,regular,10,2019-11-02 19:30:00+00:00,2429,Charlotte,2393,Middle Tennessee,Caesars,4.5,,65.5,,,
401112127,2019,regular,10,2019-11-02 19:30:00+00:00,197,Oklahoma State,2628,TCU,Bovada,-1,,58.5,,,
401112127,2019,regular,10,2019-11-02 19:30:00+00:00,197,Oklahoma State,2628,TCU,teamrankings,1,,58.5,,,
401112127,2019,regular,10,2019-11-02 19:30:00+00:00,197,Oklahoma State,2628,TCU,numberfire,-1.5,,58.5,,,
401112127,2019,regular,10,2019-11-02 19:30:00+00:00,197,Oklahoma State,2628,TCU,consensus,-1.5,,58.5,,,
401112127,2019,regular,10,2019-11-02 19:30:00+00:00,197,Oklahoma State,2628,TCU,Caesars,-1.5,,59.5,,,
401117535,2019,regular,10,2019-11-03 02:30:00+00:00,23,San José State,68,Boise State,Bovada,16.5,,61,,,
401117535,2019,regular,10,2019-11-03 02:30:00+00:00,23,San José State,68,Boise State,teamrankings,16,,60,,,
401117535,2019,regular,10,2019-11-03 02:30:00+00:00,23,San José State,68,Boise State,numberfire,16.5,,60.5,,,
401117535,2019,regular,10,2019-11-03 02:30:00+00:00,23,San José State,68,Boise State,consensus,16.5,,61,,,
401117535,2019,regular,10,2019-11-03 02:30:00+00:00,23,San José State,68,Boise State,Caesars,15.5,,60.5,,,
401114227,2019,regular,10,2019-11-02 20:00:00+00:00,264,Washington,254,Utah,Bovada,3.5,,48,,,
401114227,2019,regular,10,2019-11-02 20:00:00+00:00,264,Washington,254,Utah,teamrankings,3,,48.5,,,
401114227,2019,regular,10,2019-11-02 20:00:00+00:00,264,Washington,254,Utah,numberfire,3,,48.5,,,
401114227,2019,regular,10,2019-11-02 20:00:00+00:00,264,Washington,254,Utah,consensus,3,,48,,,
401114227,2019,regular,10,2019-11-02 20:00:00+00:00,264,Washington,254,Utah,Caesars,3,,47.5,,,
401112495,2019,regular,10,2019-11-02 16:00:00+00:00,183,Syracuse,103,Boston College,Bovada,-3,,59,,,
401112495,2019,regular,10,2019-11-02 16:00:00+00:00,183,Syracuse,103,Boston College,teamrankings,-3,,59,,,
401112495,2019,regular,10,2019-11-02 16:00:00+00:00,183,Syracuse,103,Boston College,numberfire,-3,,59,,,
401112495,2019,regular,10,2019-11-02 16:00:00+00:00,183,Syracuse,103,Boston College,consensus,-3,,59,,,
401112495,2019,regular,10,2019-11-02 16:00:00+00:00,183,Syracuse,103,Boston College,Caesars,-3,,59,,,
401110836,2019,regular,10,2019-11-02 20:00:00+00:00,8,Arkansas,344,Mississippi State,Bovada,7,,59,,,
401110836,2019,regular,10,2019-11-02 20:00:00+00:00,8,Arkansas,344,Mississippi State,teamrankings,7,,59,,,
401110836,2019,regular,10,2019-11-02 20:00:00+00:00,8,Arkansas,344,Mississippi State,numberfire,7,,59,,,
401110836,2019,regular,10,2019-11-02 20:00:00+00:00,8,Arkansas,344,Mississippi State,consensus,7,,59,,,
401110836,2019,regular,10,2019-11-02 20:00:00+00:00,8,Arkansas,344,Mississippi State,Caesars,7,,58.5,,,
401114189,2019,regular,10,2019-11-03 01:00:00+00:00,26,UCLA,38,Colorado,Bovada,-6.5,,65,,,
401114189,2019,regular,10,2019-11-03 01:00:00+00:00,26,UCLA,38,Colorado,teamrankings,-7,,64,,,
401114189,2019,regular,10,2019-11-03 01:00:00+00:00,26,UCLA,38,Colorado,numberfire,-6.5,,64,,,
401114189,2019,regular,10,2019-11-03 01:00:00+00:00,26,UCLA,38,Colorado,consensus,-6.5,,64.5,,,
401114189,2019,regular,10,2019-11-03 01:00:00+00:00,26,UCLA,38,Colorado,Caesars,-6.5,,65,,,
401112498,2019,regular,10,2019-11-02 20:00:00+00:00,59,Georgia Tech,221,Pittsburgh,Bovada,9.5,,44,,,
401112498,2019,regular,10,2019-11-02 20:00:00+00:00,59,Georgia Tech,221,Pittsburgh,teamrankings,9.5,,44,,,
401112498,2019,regular,10,2019-11-02 20:00:00+00:00,59,Georgia Tech,221,Pittsburgh,numberfire,9.5,,44,,,
401112498,2019,regular,10,2019-11-02 20:00:00+00:00,59,Georgia Tech,221,Pittsburgh,consensus,9.5,,44,,,
401112498,2019,regular,10,2019-11-02 20:00:00+00:00,59,Georgia Tech,221,Pittsburgh,Caesars,8.5,,44,,,
401117536,2019,regular,10,2019-11-03 02:30:00+00:00,2440,Nevada,167,New Mexico,Bovada,-4,,58,,,
401117536,2019,regular,10,2019-11-03 02:30:00+00:00,2440,Nevada,167,New Mexico,teamrankings,-3.5,,58,,,
401117536,2019,regular,10,2019-11-03 02:30:00+00:00,2440,Nevada,167,New Mexico,numberfire,-3.5,,58,,,
401117536,2019,regular,10,2019-11-03 02:30:00+00:00,2440,Nevada,167,New Mexico,consensus,-3.5,,58,,,
401117536,2019,regular,10,2019-11-03 02:30:00+00:00,2440,Nevada,167,New Mexico,Caesars,-4,,58.5,,,
401121962,2019,regular,10,2019-11-02 19:00:00+00:00,324,Coastal Carolina,2653,Troy,Bovada,2,,60.5,,,
401121962,2019,regular,10,2019-11-02 19:00:00+00:00,324,Coastal Carolina,2653,Troy,teamrankings,2,,60.5,,,
401121962,2019,regular,10,2019-11-02 19:00:00+00:00,324,Coastal Carolina,2653,Troy,numberfire,1,,60.5,,,
401121962,2019,regular,10,2019-11-02 19:00:00+00:00,324,Coastal Carolina,2653,Troy,consensus,2,,60,,,
401121962,2019,regular,10,2019-11-02 19:00:00+00:00,324,Coastal Carolina,2653,Troy,Caesars,2,,60,,,
401110839,2019,regular,10,2019-11-02 23:30:00+00:00,2579,South Carolina,238,Vanderbilt,Bovada,-15.5,,51,,,
401110839,2019,regular,10,2019-11-02 23:30:00+00:00,2579,South Carolina,238,Vanderbilt,teamrankings,-15,,51,,,
401110839,2019,regular,10,2019-11-02 23:30:00+00:00,2579,South Carolina,238,Vanderbilt,numberfire,-15.5,,51,,,
401110839,2019,regular,10,2019-11-02 23:30:00+00:00,2579,South Carolina,238,Vanderbilt,consensus,-15,,51.5,,,
401110839,2019,regular,10,2019-11-02 23:30:00+00:00,2579,South Carolina,238,Vanderbilt,Caesars,-15,,51.5,,,
401114302,2019,regular,10,2019-11-02 19:30:00+00:00,242,Rice,276,Marshall,Bovada,12,,48.5,,,
401114302,2019,regular,10,2019-11-02 19:30:00+00:00,242,Rice,276,Marshall,teamrankings,11.5,,48,,,
401114302,2019,regular,10,2019-11-02 19:30:00+00:00,242,Rice,276,Marshall,numberfire,12,,48.5,,,
401114302,2019,regular,10,2019-11-02 19:30:00+00:00,242,Rice,276,Marshall,consensus,11.5,,48.5,,,
401114302,2019,regular,10,2019-11-02 19:30:00+00:00,242,Rice,276,Marshall,Caesars,11.5,,48.5,,,
401114303,2019,regular,10,2019-11-02 19:30:00+00:00,249,North Texas,2638,UTEP,Bovada,-22,,58.5,,,
401114303,2019,regular,10,2019-11-02 19:30:00+00:00,249,North Texas,2638,UTEP,teamrankings,-22.5,,58,,,
401114303,2019,regular,10,2019-11-02 19:30:00+00:00,249,North Texas,2638,UTEP,numberfire,-22,,59,,,
401114303,2019,regular,10,2019-11-02 19:30:00+00:00,249,North Texas,2638,UTEP,consensus,-22.5,,58.5,,,
401114303,2019,regular,10,2019-11-02 19:30:00+00:00,249,North Texas,2638,UTEP,Caesars,-22,,58.5,,,
401117216,2019,regular,10,2019-11-03 02:00:00+00:00,328,Utah State,252,BYU,Bovada,-3,,51.5,,,
401117216,2019,regular,10,2019-11-03 02:00:00+00:00,328,Utah State,252,BYU,teamrankings,-3,,51,,,
401117216,2019,regular,10,2019-11-03 02:00:00+00:00,328,Utah State,252,BYU,numberfire,-3,,51.5,,,
401117216,2019,regular,10,2019-11-03 02:00:00+00:00,328,Utah State,252,BYU,consensus,-3,,51,,,
401117216,2019,regular,10,2019-11-03 02:00:00+00:00,328,Utah State,252,BYU,Caesars,-3,,53,,,
401117537,2019,regular,10,2019-11-03 03:59:00+00:00,62,Hawai'i,278,Fresno State,Bovada,-3,,67,,,
401117537,2019,regular,10,2019-11-03 03:59:00+00:00,62,Hawai'i,278,Fresno State,teamrankings,-2,,69.5,,,
401117537,2019,regular,10,2019-11-03 03:59:00+00:00,62,Hawai'i,278,Fresno State,numberfire,-2,,68,,,
401117537,2019,regular,10,2019-11-03 03:59:00+00:00,62,Hawai'i,278,Fresno State,consensus,-2,,66.5,,,
401117537,2019,regular,10,2019-11-03 03:59:00+00:00,62,Hawai'i,278,Fresno State,Caesars,-1.5,,66.5,,,
401121960,2019,regular,10,2019-11-01 00:00:00+00:00,2026,App State,290,Georgia Southern,Bovada,-14,,41.5,,,
401121960,2019,regular,10,2019-11-01 00:00:00+00:00,2026,App State,290,Georgia Southern,teamrankings,-15,,44.5,,,
401121960,2019,regular,10,2019-11-01 00:00:00+00:00,2026,App State,290,Georgia Southern,numberfire,-14.5,,42,,,
401121960,2019,regular,10,2019-11-01 00:00:00+00:00,2026,App State,290,Georgia Southern,consensus,-13.5,,41.5,,,
401121960,2019,regular,10,2019-11-01 00:00:00+00:00,2026,App State,290,Georgia Southern,Caesars,-13.5,,42,,,
401112080,2019,regular,10,2019-11-01 00:00:00+00:00,239,Baylor,277,West Virginia,Bovada,-18,,57,,,
401112080,2019,regular,10,2019-11-01 00:00:00+00:00,239,Baylor,277,West Virginia,teamrankings,-19,,57,,,
401112080,2019,regular,10,2019-11-01 00:00:00+00:00,239,Baylor,277,West Virginia,numberfire,-18.5,,57,,,
401112080,2019,regular,10,2019-11-01 00:00:00+00:00,239,Baylor,277,West Virginia,consensus,-18,,56.5,,,
401112080,2019,regular,10,2019-11-01 00:00:00+00:00,239,Baylor,277,West Virginia,Caesars,-17.5,,56.5,,,
401117898,2019,regular,10,2019-11-02 20:00:00+00:00,2655,Tulane,202,Tulsa,Bovada,-10.5,,59.5,,,
401117898,2019,regular,10,2019-11-02 20:00:00+00:00,2655,Tulane,202,Tulsa,teamrankings,-10,,59.5,,,
401117898,2019,regular,10,2019-11-02 20:00:00+00:00,2655,Tulane,202,Tulsa,numberfire,-10,,59.5,,,
401117898,2019,regular,10,2019-11-02 20:00:00+00:00,2655,Tulane,202,Tulsa,consensus,-10,,59.5,,,
401117898,2019,regular,10,2019-11-02 20:00:00+00:00,2655,Tulane,202,Tulsa,Caesars,-10,,59.5,,,
401114300,2019,regular,10,2019-11-02 16:00:00+00:00,2229,Florida International,295,Old Dominion,Bovada,-18,,47.5,,,
401114300,2019,regular,10,2019-11-02 16:00:00+00:00,2229,Florida International,295,Old Dominion,teamrankings,-17.5,,47.5,,,
401114300,2019,regular,10,2019-11-02 16:00:00+00:00,2229,Florida International,295,Old Dominion,numberfire,-17.5,,47,,,
401114300,2019,regular,10,2019-11-02 16:00:00+00:00,2229,Florida International,295,Old Dominion,consensus,-17.5,,47,,,
401114300,2019,regular,10,2019-11-02 16:00:00+00:00,2229,Florida International,295,Old Dominion,Caesars,-17.5,,47.5,,,
401110837,2019,regular,10,2019-11-02 23:00:00+00:00,2,Auburn,145,Ole Miss,Bovada,-18,,53,,,
401110837,2019,regular,10,2019-11-02 23:00:00+00:00,2,Auburn,145,Ole Miss,teamrankings,-17,,53.5,,,
401110837,2019,regular,10,2019-11-02 23:00:00+00:00,2,Auburn,145,Ole Miss,numberfire,-17.5,,53.5,,,
401110837,2019,regular,10,2019-11-02 23:00:00+00:00,2,Auburn,145,Ole Miss,consensus,-17.5,,53.5,,,
401110837,2019,regular,10,2019-11-02 23:00:00+00:00,2,Auburn,145,Ole Miss,Caesars,-17.5,,53.5,,,
401114352,2019,regular,10,2019-11-02 16:00:00+00:00,113,Massachusetts,2335,Liberty,Bovada,24,,72,,,
401114352,2019,regular,10,2019-11-02 16:00:00+00:00,113,Massachusetts,2335,Liberty,teamrankings,23.5,,72,,,
401114352,2019,regular,10,2019-11-02 16:00:00+00:00,113,Massachusetts,2335,Liberty,numberfire,23.5,,71.5,,,
401114352,2019,regular,10,2019-11-02 16:00:00+00:00,113,Massachusetts,2335,Liberty,consensus,24,,71.5,,,
401114352,2019,regular,10,2019-11-02 16:00:00+00:00,113,Massachusetts,2335,Liberty,Caesars,24,,72.5,,,
401121961,2019,regular,10,2019-11-02 19:30:00+00:00,2433,UL Monroe,2032,Arkansas State,Bovada,0,,69.5,,,
401121961,2019,regular,10,2019-11-02 19:30:00+00:00,2433,UL Monroe,2032,Arkansas State,teamrankings,1,,69,,,
401121961,2019,regular,10,2019-11-02 19:30:00+00:00,2433,UL Monroe,2032,Arkansas State,numberfire,1,,69.5,,,
401121961,2019,regular,10,2019-11-02 19:30:00+00:00,2433,UL Monroe,2032,Arkansas State,consensus,1,,69.5,,,
401121961,2019,regular,10,2019-11-02 19:30:00+00:00,2433,UL Monroe,2032,Arkansas State,Caesars,0,,68,,,
401110732,2019,regular,1,2019-08-31 23:30:00+00:00,238,Vanderbilt,61,Georgia,teamrankings,22,,56.5,,,
401110732,2019,regular,1,2019-08-31 23:30:00+00:00,238,Vanderbilt,61,Georgia,numberfire,22,,58,,,
401110732,2019,regular,1,2019-08-31 23:30:00+00:00,238,Vanderbilt,61,Georgia,consensus,23.5,,56.5,,,
401110732,2019,regular,1,2019-08-31 23:30:00+00:00,238,Vanderbilt,61,Georgia,Caesars,23,,56.5,,,
401114254,2019,regular,2,2019-09-07 16:00:00+00:00,2006,Akron,5,UAB,teamrankings,8,,46.5,,,
401114254,2019,regular,2,2019-09-07 16:00:00+00:00,2006,Akron,5,UAB,numberfire,7.5,,45.5,,,
401114254,2019,regular,2,2019-09-07 16:00:00+00:00,2006,Akron,5,UAB,consensus,7.5,,46.5,,,
401114254,2019,regular,2,2019-09-07 16:00:00+00:00,2006,Akron,5,UAB,Caesars,7,,46.5,,,
401121973,2019,regular,13,2019-11-23 19:30:00+00:00,2026,App State,326,Texas State,teamrankings,-28,,51,,,
401121973,2019,regular,13,2019-11-23 19:30:00+00:00,2026,App State,326,Texas State,numberfire,-28.5,,49,,,
401121973,2019,regular,13,2019-11-23 19:30:00+00:00,2026,App State,326,Texas State,consensus,-28,,50,,,
401121973,2019,regular,13,2019-11-23 19:30:00+00:00,2026,App State,326,Texas State,Caesars,-28.5,,49,,,
401121973,2019,regular,13,2019-11-23 19:30:00+00:00,2026,App State,326,Texas State,Bovada,-29,,50,,,
401119309,2019,regular,13,2019-11-23 17:00:00+00:00,2309,Kent State,2050,Ball State,teamrankings,3,,67.5,,,
401119309,2019,regular,13,2019-11-23 17:00:00+00:00,2309,Kent State,2050,Ball State,numberfire,3,,67.5,,,
401119309,2019,regular,13,2019-11-23 17:00:00+00:00,2309,Kent State,2050,Ball State,consensus,3,,67.5,,,
401119309,2019,regular,13,2019-11-23 17:00:00+00:00,2309,Kent State,2050,Ball State,Caesars,3,,67.5,,,
401119309,2019,regular,13,2019-11-23 17:00:00+00:00,2309,Kent State,2050,Ball State,Bovada,3.5,,67,,,
401121976,2019,regular,13,2019-11-23 19:00:00+00:00,2247,Georgia State,6,South Alabama,teamrankings,-9.5,,57,,,
401121976,2019,regular,13,2019-11-23 19:00:00+00:00,2247,Georgia State,6,South Alabama,numberfire,-9,,56.5,,,
401121976,2019,regular,13,2019-11-23 19:00:00+00:00,2247,Georgia State,6,South Alabama,consensus,-9,,57,,,
401121976,2019,regular,13,2019-11-23 19:00:00+00:00,2247,Georgia State,6,South Alabama,Caesars,-8.5,,57.5,,,
401121976,2019,regular,13,2019-11-23 19:00:00+00:00,2247,Georgia State,6,South Alabama,Bovada,-9,,57,,,
401114319,2019,regular,13,2019-11-23 21:00:00+00:00,166,New Mexico State,2638,UTEP,teamrankings,-8,,56,,,
401114319,2019,regular,13,2019-11-23 21:00:00+00:00,166,New Mexico State,2638,UTEP,numberfire,-7,,55,,,
401114319,2019,regular,13,2019-11-23 21:00:00+00:00,166,New Mexico State,2638,UTEP,consensus,-7,,55.5,,,
401114319,2019,regular,13,2019-11-23 21:00:00+00:00,166,New Mexico State,2638,UTEP,Caesars,-7,,56.5,,,
401114319,2019,regular,13,2019-11-23 21:00:00+00:00,166,New Mexico State,2638,UTEP,Bovada,-7,,55,,,
401121977,2019,regular,13,2019-11-23 22:00:00+00:00,309,Louisiana,2653,Troy,teamrankings,-13,,74.5,,,
401121977,2019,regular,13,2019-11-23 22:00:00+00:00,309,Louisiana,2653,Troy,numberfire,-11.5,,74,,,
401121977,2019,regular,13,2019-11-23 22:00:00+00:00,309,Louisiana,2653,Troy,consensus,-12.5,,74,,,
401121977,2019,regular,13,2019-11-23 22:00:00+00:00,309,Louisiana,2653,Troy,Caesars,-12,,74,,,
401121977,2019,regular,13,2019-11-23 22:00:00+00:00,309,Louisiana,2653,Troy,Bovada,-12.5,,74,,,
401114191,2019,regular,13,2019-11-24 03:00:00+00:00,38,Colorado,264,Washington,teamrankings,14,,53.5,,,
401114191,2019,regular,13,2019-11-24 03:00:00+00:00,38,Colorado,264,Washington,numberfire,14,,53,,,
401114191,2019,regular,13,2019-11-24 03:00:00+00:00,38,Colorado,264,Washington,consensus,14,,53,,,
401114191,2019,regular,13,2019-11-24 03:00:00+00:00,38,Colorado,264,Washington,Caesars,14,,53,,,
401114191,2019,regular,13,2019-11-24 03:00:00+00:00,38,Colorado,264,Washington,Bovada,14,,53,,,
401110858,2019,regular,13,2019-11-23 20:30:00+00:00,96,Kentucky,2630,UT Martin,consensus,-30.5,,43.5,,,
401110862,2019,regular,13,2019-11-23 20:30:00+00:00,238,Vanderbilt,2193,East Tennessee State,consensus,-20.5,,42.5,,,
401119310,2019,regular,14,2019-11-26 23:00:00+00:00,2006,Akron,195,Ohio,teamrankings,27.5,,52.5,,,
401119310,2019,regular,14,2019-11-26 23:00:00+00:00,2006,Akron,195,Ohio,numberfire,27.5,,53,,,
401119310,2019,regular,14,2019-11-26 23:00:00+00:00,2006,Akron,195,Ohio,consensus,27.5,,53,,,
401119310,2019,regular,14,2019-11-26 23:00:00+00:00,2006,Akron,195,Ohio,Caesars,27.5,,53.5,,,
401119310,2019,regular,14,2019-11-26 23:00:00+00:00,2006,Akron,195,Ohio,Bovada,28,,53,,,
401119311,2019,regular,14,2019-11-27 00:00:00+00:00,2459,Northern Illinois,2711,Western Michigan,teamrankings,10,,51,,,
401119311,2019,regular,14,2019-11-27 00:00:00+00:00,2459,Northern Illinois,2711,Western Michigan,numberfire,10,,50.5,,,
401119311,2019,regular,14,2019-11-27 00:00:00+00:00,2459,Northern Illinois,2711,Western Michigan,consensus,10,,51.5,,,
401119311,2019,regular,14,2019-11-27 00:00:00+00:00,2459,Northern Illinois,2711,Western Michigan,Caesars,10,,52,,,
401119311,2019,regular,14,2019-11-27 00:00:00+00:00,2459,Northern Illinois,2711,Western Michigan,Bovada,9,,51,,,
401119312,2019,regular,14,2019-11-29 17:00:00+00:00,2084,Buffalo,189,Bowling Green,teamrankings,-28,,53.5,,,
401119312,2019,regular,14,2019-11-29 17:00:00+00:00,2084,Buffalo,189,Bowling Green,numberfire,-28,,53.5,,,
401119312,2019,regular,14,2019-11-29 17:00:00+00:00,2084,Buffalo,189,Bowling Green,consensus,-28,,53.5,,,
401119312,2019,regular,14,2019-11-29 17:00:00+00:00,2084,Buffalo,189,Bowling Green,Caesars,-27.5,,53.5,,,
401119312,2019,regular,14,2019-11-29 17:00:00+00:00,2084,Buffalo,189,Bowling Green,Bovada,-28,,54,,,
401119313,2019,regular,14,2019-11-29 17:00:00+00:00,2199,Eastern Michigan,2309,Kent State,teamrankings,-4,,68.5,,,
401119313,2019,regular,14,2019-11-29 17:00:00+00:00,2199,Eastern Michigan,2309,Kent State,numberfire,-3.5,,68.5,,,
401119313,2019,regular,14,2019-11-29 17:00:00+00:00,2199,Eastern Michigan,2309,Kent State,consensus,-3.5,,68.5,,,
401119313,2019,regular,14,2019-11-29 17:00:00+00:00,2199,Eastern Michigan,2309,Kent State,Caesars,-3.5,,68,,,
401119313,2019,regular,14,2019-11-29 17:00:00+00:00,2199,Eastern Michigan,2309,Kent State,Bovada,-3.5,,69,,,
401119314,2019,regular,14,2019-11-29 17:00:00+00:00,2050,Ball State,193,Miami (OH),teamrankings,-3,,55.5,,,
401119314,2019,regular,14,2019-11-29 17:00:00+00:00,2050,Ball State,193,Miami (OH),numberfire,-3,,55.5,,,
401119314,2019,regular,14,2019-11-29 17:00:00+00:00,2050,Ball State,193,Miami (OH),consensus,-3,,55.5,,,
401119314,2019,regular,14,2019-11-29 17:00:00+00:00,2050,Ball State,193,Miami (OH),Caesars,-3,,55.5,,,
401119314,2019,regular,14,2019-11-29 17:00:00+00:00,2050,Ball State,193,Miami (OH),Bovada,-3,,55.5,,,
401119315,2019,regular,14,2019-11-29 17:00:00+00:00,2117,Central Michigan,2649,Toledo,teamrankings,-14.5,,64,,,
401119315,2019,regular,14,2019-11-29 17:00:00+00:00,2117,Central Michigan,2649,Toledo,numberfire,-14.5,,65,,,
401119315,2019,regular,14,2019-11-29 17:00:00+00:00,2117,Central Michigan,2649,Toledo,consensus,-14.5,,65,,,
401119315,2019,regular,14,2019-11-29 17:00:00+00:00,2117,Central Michigan,2649,Toledo,Caesars,-14.5,,63.5,,,
401119315,2019,regular,14,2019-11-29 17:00:00+00:00,2117,Central Michigan,2649,Toledo,Bovada,-14.5,,64,,,
401121979,2019,regular,14,2019-11-29 22:00:00+00:00,6,South Alabama,2032,Arkansas State,teamrankings,10.5,,53,,,
401121979,2019,regular,14,2019-11-29 22:00:00+00:00,6,South Alabama,2032,Arkansas State,numberfire,10.5,,53.5,,,
401121979,2019,regular,14,2019-11-29 22:00:00+00:00,6,South Alabama,2032,Arkansas State,consensus,10.5,,53,,,
401121979,2019,regular,14,2019-11-29 22:00:00+00:00,6,South Alabama,2032,Arkansas State,Caesars,10,,52.5,,,
401121979,2019,regular,14,2019-11-29 22:00:00+00:00,6,South Alabama,2032,Arkansas State,Bovada,10.5,,53,,,
401121980,2019,regular,14,2019-11-30 17:00:00+00:00,324,Coastal Carolina,326,Texas State,teamrankings,-7,,52,,,
401121980,2019,regular,14,2019-11-30 17:00:00+00:00,324,Coastal Carolina,326,Texas State,numberfire,-7,,52,,,
401121980,2019,regular,14,2019-11-30 17:00:00+00:00,324,Coastal Carolina,326,Texas State,consensus,-7,,52,,,
401121980,2019,regular,14,2019-11-30 17:00:00+00:00,324,Coastal Carolina,326,Texas State,Caesars,-7,,51,,,
401121980,2019,regular,14,2019-11-30 17:00:00+00:00,324,Coastal Carolina,326,Texas State,Bovada,-7,,52,,,
401114346,2019,regular,14,2019-11-30 19:00:00+00:00,2335,Liberty,166,New Mexico State,teamrankings,-14.5,,68,,,
401114346,2019,regular,14,2019-11-30 19:00:00+00:00,2335,Liberty,166,New Mexico State,numberfire,-14.5,,66.5,,,
401114346,2019,regular,14,2019-11-30 19:00:00+00:00,2335,Liberty,166,New Mexico State,consensus,-14.5,,68,,,
401114346,2019,regular,14,2019-11-30 19:00:00+00:00,2335,Liberty,166,New Mexico State,Caesars,-15.5,,68.5,,,
401114346,2019,regular,14,2019-11-30 19:00:00+00:00,2335,Liberty,166,New Mexico State,Bovada,-15.5,,67,,,
401114323,2019,regular,14,2019-11-30 20:30:00+00:00,2348,Louisiana Tech,2636,UTSA,teamrankings,-21,,57,,,
401114323,2019,regular,14,2019-11-30 20:30:00+00:00,2348,Louisiana Tech,2636,UTSA,numberfire,-21,,55.5,,,
401114323,2019,regular,14,2019-11-30 20:30:00+00:00,2348,Louisiana Tech,2636,UTSA,consensus,-21,,56.5,,,
401114323,2019,regular,14,2019-11-30 20:30:00+00:00,2348,Louisiana Tech,2636,UTSA,Caesars,-20.5,,56,,,
401114323,2019,regular,14,2019-11-30 20:30:00+00:00,2348,Louisiana Tech,2636,UTSA,Bovada,-20.5,,56,,,
401121982,2019,regular,14,2019-12-01 00:30:00+00:00,309,Louisiana,2433,UL Monroe,teamrankings,-19.5,,71,,,
401121982,2019,regular,14,2019-12-01 00:30:00+00:00,309,Louisiana,2433,UL Monroe,numberfire,-19.5,,71,,,
401121982,2019,regular,14,2019-12-01 00:30:00+00:00,309,Louisiana,2433,UL Monroe,consensus,-20,,71,,,
401121982,2019,regular,14,2019-12-01 00:30:00+00:00,309,Louisiana,2433,UL Monroe,Caesars,-20.5,,71,,,
401121982,2019,regular,14,2019-12-01 00:30:00+00:00,309,Louisiana,2433,UL Monroe,Bovada,-20,,71,,,
401132981,2019,regular,15,2019-12-07 21:00:00+00:00,99,LSU,61,Georgia,teamrankings,-7,,57,,,
401132981,2019,regular,15,2019-12-07 21:00:00+00:00,99,LSU,61,Georgia,numberfire,-7,,57,,,
401132981,2019,regular,15,2019-12-07 21:00:00+00:00,99,LSU,61,Georgia,consensus,-7,,57,,,
401132981,2019,regular,15,2019-12-07 21:00:00+00:00,99,LSU,61,Georgia,Caesars,-7,,57,,,
401132981,2019,regular,15,2019-12-07 21:00:00+00:00,99,LSU,61,Georgia,Bovada,-7.5,,57.5,,,
401132974,2019,regular,15,2019-12-07 17:00:00+00:00,201,Oklahoma,239,Baylor,teamrankings,-9,,65.5,,,
401132974,2019,regular,15,2019-12-07 17:00:00+00:00,201,Oklahoma,239,Baylor,numberfire,-9.5,,66,,,
401132974,2019,regular,15,2019-12-07 17:00:00+00:00,201,Oklahoma,239,Baylor,consensus,-9.5,,66.5,,,
401132974,2019,regular,15,2019-12-07 17:00:00+00:00,201,Oklahoma,239,Baylor,Caesars,-9.5,,66,,,
401132974,2019,regular,15,2019-12-07 17:00:00+00:00,201,Oklahoma,239,Baylor,Bovada,-9,,66.5,,,
401117853,2019,regular,1,2019-08-29 23:30:00+00:00,2116,UCF,50,Florida A&M,consensus,-44,,65.5,,,
401117855,2019,regular,1,2019-08-29 23:00:00+00:00,41,UConn,2681,Wagner,consensus,-23,,70.5,,,
401119254,2019,regular,1,2019-08-29 23:00:00+00:00,189,Bowling Green,2415,Morgan State,consensus,-24,,50.5,,,
401119255,2019,regular,1,2019-08-29 23:00:00+00:00,2084,Buffalo,2523,Robert Morris,consensus,-41.5,,63.5,,,
401114246,2019,regular,1,2019-08-29 23:30:00+00:00,98,Western Kentucky,2110,Central Arkansas,consensus,-10,,54.5,,,
401135910,2019,regular,1,2019-08-29 23:30:00+00:00,2429,Charlotte,2241,Gardner-Webb,consensus,-31,,54.5,,,
401114237,2019,regular,1,2019-08-30 00:00:00+00:00,5,UAB,2011,Alabama State,consensus,-39,,50.5,,,
401119253,2019,regular,1,2019-08-30 00:50:00+00:00,2117,Central Michigan,399,UAlbany,consensus,-14.5,,45,,,
401112229,2019,regular,1,2019-08-30 01:00:00+00:00,135,Minnesota,2571,South Dakota State,consensus,-14.5,,56,,,
401117493,2019,regular,1,2019-08-30 02:00:00+00:00,23,San José State,2458,Northern Colorado,consensus,-17.5,,59.5,,,
401114233,2019,regular,1,2019-08-31 19:00:00+00:00,264,Washington,331,Eastern Washington,consensus,-24.5,,64.5,,,
401114225,2019,regular,3,2019-09-14 20:15:00+00:00,254,Utah,304,Idaho State,consensus,-37.5,,63.5,,,
401117503,2019,regular,3,2019-09-15 02:15:00+00:00,68,Boise State,2502,Portland State,consensus,-32.5,,54,,,
401110795,2019,regular,3,2019-09-14 16:00:00+00:00,2633,Tennessee,236,Chattanooga,consensus,-30.5,,50,,,
401110791,2019,regular,3,2019-09-14 20:00:00+00:00,145,Ole Miss,2545,SE Louisiana,consensus,-30.5,,53,,,
401117505,2019,regular,3,2019-09-14 23:00:00+00:00,2440,Nevada,2692,Weber State,consensus,-7.5,,51.5,,,
401117868,2019,regular,3,2019-09-15 00:00:00+00:00,2655,Tulane,2623,Missouri State,consensus,-31.5,,55,,,
401112239,2019,regular,2,2019-09-07 19:30:00+00:00,38,Colorado,158,Nebraska,teamrankings,4,,64,,,
401112239,2019,regular,2,2019-09-07 19:30:00+00:00,38,Colorado,158,Nebraska,numberfire,4.5,,63.5,,,
401112239,2019,regular,2,2019-09-07 19:30:00+00:00,38,Colorado,158,Nebraska,consensus,4.5,,63.5,,,
401112239,2019,regular,2,2019-09-07 19:30:00+00:00,38,Colorado,158,Nebraska,Caesars,4.5,,64,,,
401121941,2019,regular,4,2019-09-21 23:00:00+00:00,2032,Arkansas State,79,Southern Illinois,consensus,-23,,62,,,
401112129,2019,regular,1,2019-09-01 00:00:00+00:00,2628,TCU,2029,Arkansas-Pine Bluff,consensus,-55,,64.5,,,
401114326,2019,regular,14,2019-11-30 20:00:00+00:00,2638,UTEP,242,Rice,teamrankings,7,,43,,,
401114326,2019,regular,14,2019-11-30 20:00:00+00:00,2638,UTEP,242,Rice,numberfire,6.5,,43.5,,,
401114326,2019,regular,14,2019-11-30 20:00:00+00:00,2638,UTEP,242,Rice,consensus,6.5,,43.5,,,
401114326,2019,regular,14,2019-11-30 20:00:00+00:00,2638,UTEP,242,Rice,Caesars,6.5,,43.5,,,
401114326,2019,regular,14,2019-11-30 20:00:00+00:00,2638,UTEP,242,Rice,Bovada,6.5,,43.5,,,
401117900,2019,regular,11,2019-11-09 00:00:00+00:00,202,Tulsa,2116,UCF,Bovada,17,,68.5,,,
401117900,2019,regular,11,2019-11-09 00:00:00+00:00,202,Tulsa,2116,UCF,teamrankings,17,,68.5,,,
401117900,2019,regular,11,2019-11-09 00:00:00+00:00,202,Tulsa,2116,UCF,numberfire,17,,68.5,,,
401117900,2019,regular,11,2019-11-09 00:00:00+00:00,202,Tulsa,2116,UCF,consensus,16.5,,68,,,
401117900,2019,regular,11,2019-11-09 00:00:00+00:00,202,Tulsa,2116,UCF,Caesars,16.5,,69,,,
401112142,2019,regular,11,2019-11-09 17:00:00+00:00,277,West Virginia,2641,Texas Tech,Bovada,2.5,,57.5,,,
401112142,2019,regular,11,2019-11-09 17:00:00+00:00,277,West Virginia,2641,Texas Tech,teamrankings,2.5,,56,,,
401112142,2019,regular,11,2019-11-09 17:00:00+00:00,277,West Virginia,2641,Texas Tech,numberfire,2.5,,57,,,
401112142,2019,regular,11,2019-11-09 17:00:00+00:00,277,West Virginia,2641,Texas Tech,consensus,2.5,,56,,,
401112142,2019,regular,11,2019-11-09 17:00:00+00:00,277,West Virginia,2641,Texas Tech,Caesars,2.5,,56.5,,,
401119296,2019,regular,11,2019-11-06 01:00:00+00:00,2711,Western Michigan,2050,Ball State,Bovada,-6.5,,65,,,
401119296,2019,regular,11,2019-11-06 01:00:00+00:00,2711,Western Michigan,2050,Ball State,teamrankings,-6.5,,64,,,
401119296,2019,regular,11,2019-11-06 01:00:00+00:00,2711,Western Michigan,2050,Ball State,numberfire,-6.5,,64,,,
401119296,2019,regular,11,2019-11-06 01:00:00+00:00,2711,Western Michigan,2050,Ball State,consensus,-6.5,,65,,,
401119296,2019,regular,11,2019-11-06 01:00:00+00:00,2711,Western Michigan,2050,Ball State,Caesars,-6.5,,65,,,
401112502,2019,regular,11,2019-11-09 17:00:00+00:00,103,Boston College,52,Florida State,Bovada,-1.5,,64,,,
401112502,2019,regular,11,2019-11-09 17:00:00+00:00,103,Boston College,52,Florida State,teamrankings,-1,,64.5,,,
401112502,2019,regular,11,2019-11-09 17:00:00+00:00,103,Boston College,52,Florida State,numberfire,-1,,64.5,,,
401112502,2019,regular,11,2019-11-09 17:00:00+00:00,103,Boston College,52,Florida State,consensus,-1,,64.5,,,
401112502,2019,regular,11,2019-11-09 17:00:00+00:00,103,Boston College,52,Florida State,Caesars,-1.5,,64,,,
401119298,2019,regular,11,2019-11-07 01:00:00+00:00,195,Ohio,193,Miami (OH),Bovada,-7.5,,57.5,,,
401119298,2019,regular,11,2019-11-07 01:00:00+00:00,195,Ohio,193,Miami (OH),teamrankings,-7,,57.5,,,
401119298,2019,regular,11,2019-11-07 01:00:00+00:00,195,Ohio,193,Miami (OH),numberfire,-7,,57,,,
401119298,2019,regular,11,2019-11-07 01:00:00+00:00,195,Ohio,193,Miami (OH),consensus,-7,,57.5,,,
401119298,2019,regular,11,2019-11-07 01:00:00+00:00,195,Ohio,193,Miami (OH),Caesars,-7,,57,,,
401114205,2019,regular,11,2019-11-09 03:30:00+00:00,204,Oregon State,264,Washington,Bovada,11,,64.5,,,
401114205,2019,regular,11,2019-11-09 03:30:00+00:00,204,Oregon State,264,Washington,teamrankings,10.5,,65,,,
401114205,2019,regular,11,2019-11-09 03:30:00+00:00,204,Oregon State,264,Washington,numberfire,10,,65,,,
401114205,2019,regular,11,2019-11-09 03:30:00+00:00,204,Oregon State,264,Washington,consensus,10.5,,64,,,
401114205,2019,regular,11,2019-11-09 03:30:00+00:00,204,Oregon State,264,Washington,Caesars,10.5,,64.5,,,
401112209,2019,regular,11,2019-11-09 17:00:00+00:00,194,Ohio State,120,Maryland,Bovada,-43.5,,66,,,
401112209,2019,regular,11,2019-11-09 17:00:00+00:00,194,Ohio State,120,Maryland,teamrankings,-42.5,,66,,,
401112209,2019,regular,11,2019-11-09 17:00:00+00:00,194,Ohio State,120,Maryland,numberfire,-42.5,,66,,,
401112209,2019,regular,11,2019-11-09 17:00:00+00:00,194,Ohio State,120,Maryland,consensus,-42.5,,66,,,
401112209,2019,regular,11,2019-11-09 17:00:00+00:00,194,Ohio State,120,Maryland,Caesars,-43,,66,,,
401117899,2019,regular,11,2019-11-08 01:00:00+00:00,58,South Florida,218,Temple,Bovada,0,,50,,,
401117899,2019,regular,11,2019-11-08 01:00:00+00:00,58,South Florida,218,Temple,teamrankings,1,,50,,,
401117899,2019,regular,11,2019-11-08 01:00:00+00:00,58,South Florida,218,Temple,numberfire,1,,50,,,
401117899,2019,regular,11,2019-11-08 01:00:00+00:00,58,South Florida,218,Temple,consensus,-1,,49.5,,,
401117899,2019,regular,11,2019-11-08 01:00:00+00:00,58,South Florida,218,Temple,Caesars,-1,,49.5,,,
401119297,2019,regular,11,2019-11-06 00:00:00+00:00,2649,Toledo,2309,Kent State,Bovada,-4.5,,63,,,
401119297,2019,regular,11,2019-11-06 00:00:00+00:00,2649,Toledo,2309,Kent State,teamrankings,-5.5,,62.5,,,
401119297,2019,regular,11,2019-11-06 00:00:00+00:00,2649,Toledo,2309,Kent State,numberfire,-5.5,,63,,,
401119297,2019,regular,11,2019-11-06 00:00:00+00:00,2649,Toledo,2309,Kent State,consensus,-4,,63.5,,,
401119297,2019,regular,11,2019-11-06 00:00:00+00:00,2649,Toledo,2309,Kent State,Caesars,-4,,63.5,,,
401112504,2019,regular,11,2019-11-09 17:30:00+00:00,258,Virginia,59,Georgia Tech,Bovada,-15.5,,46.5,,,
401112504,2019,regular,11,2019-11-09 17:30:00+00:00,258,Virginia,59,Georgia Tech,teamrankings,-16,,45.5,,,
401112504,2019,regular,11,2019-11-09 17:30:00+00:00,258,Virginia,59,Georgia Tech,numberfire,-16,,45.5,,,
401112504,2019,regular,11,2019-11-09 17:30:00+00:00,258,Virginia,59,Georgia Tech,consensus,-16,,45.5,,,
401112504,2019,regular,11,2019-11-09 17:30:00+00:00,258,Virginia,59,Georgia Tech,Caesars,-16,,46.5,,,
401112111,2019,regular,11,2019-11-09 20:30:00+00:00,251,Texas,2306,Kansas State,Bovada,-7,,58,,,
401112111,2019,regular,11,2019-11-09 20:30:00+00:00,251,Texas,2306,Kansas State,teamrankings,-7.5,,57.5,,,
401112111,2019,regular,11,2019-11-09 20:30:00+00:00,251,Texas,2306,Kansas State,numberfire,-7,,57,,,
401112111,2019,regular,11,2019-11-09 20:30:00+00:00,251,Texas,2306,Kansas State,consensus,-7,,57.5,,,
401112111,2019,regular,11,2019-11-09 20:30:00+00:00,251,Texas,2306,Kansas State,Caesars,-7,,57.5,,,
401117541,2019,regular,11,2019-11-10 03:15:00+00:00,68,Boise State,2751,Wyoming,Bovada,-16.5,,48,,,
401117541,2019,regular,11,2019-11-10 03:15:00+00:00,68,Boise State,2751,Wyoming,teamrankings,-16,,49,,,
401117541,2019,regular,11,2019-11-10 03:15:00+00:00,68,Boise State,2751,Wyoming,numberfire,-16,,48.5,,,
401117541,2019,regular,11,2019-11-10 03:15:00+00:00,68,Boise State,2751,Wyoming,consensus,-16.5,,48,,,
401117541,2019,regular,11,2019-11-10 03:15:00+00:00,68,Boise State,2751,Wyoming,Caesars,-16,,48,,,
401117902,2019,regular,11,2019-11-09 17:00:00+00:00,2567,SMU,151,East Carolina,Bovada,-23,,74,,,
401117902,2019,regular,11,2019-11-09 17:00:00+00:00,2567,SMU,151,East Carolina,teamrankings,-23,,74,,,
401117902,2019,regular,11,2019-11-09 17:00:00+00:00,2567,SMU,151,East Carolina,numberfire,-21.5,,74,,,
401117902,2019,regular,11,2019-11-09 17:00:00+00:00,2567,SMU,151,East Carolina,consensus,-22,,74,,,
401117902,2019,regular,11,2019-11-09 17:00:00+00:00,2567,SMU,151,East Carolina,Caesars,-22.5,,74,,,
401110843,2019,regular,11,2019-11-09 17:00:00+00:00,8,Arkansas,98,Western Kentucky,Bovada,0,,51,,,
401110843,2019,regular,11,2019-11-09 17:00:00+00:00,8,Arkansas,98,Western Kentucky,teamrankings,1,,51,,,
401110843,2019,regular,11,2019-11-09 17:00:00+00:00,8,Arkansas,98,Western Kentucky,numberfire,-1,,51,,,
401110843,2019,regular,11,2019-11-09 17:00:00+00:00,8,Arkansas,98,Western Kentucky,consensus,-1,,51,,,
401110843,2019,regular,11,2019-11-09 17:00:00+00:00,8,Arkansas,98,Western Kentucky,Caesars,-1,,51,,,
401110844,2019,regular,11,2019-11-09 17:00:00+00:00,57,Florida,238,Vanderbilt,Bovada,-27.5,,49.5,,,
401110844,2019,regular,11,2019-11-09 17:00:00+00:00,57,Florida,238,Vanderbilt,teamrankings,-26.5,,50,,,
401110844,2019,regular,11,2019-11-09 17:00:00+00:00,57,Florida,238,Vanderbilt,numberfire,-27,,49,,,
401110844,2019,regular,11,2019-11-09 17:00:00+00:00,57,Florida,238,Vanderbilt,consensus,-27,,49,,,
401110844,2019,regular,11,2019-11-09 17:00:00+00:00,57,Florida,238,Vanderbilt,Caesars,-27,,49,,,
401121967,2019,regular,11,2019-11-09 20:00:00+00:00,326,Texas State,6,South Alabama,Bovada,-7,,41,,,
401121967,2019,regular,11,2019-11-09 20:00:00+00:00,326,Texas State,6,South Alabama,teamrankings,-7,,41,,,
401121967,2019,regular,11,2019-11-09 20:00:00+00:00,326,Texas State,6,South Alabama,numberfire,-7,,41.5,,,
401121967,2019,regular,11,2019-11-09 20:00:00+00:00,326,Texas State,6,South Alabama,consensus,-7,,41.5,,,
401121967,2019,regular,11,2019-11-09 20:00:00+00:00,326,Texas State,6,South Alabama,Caesars,-7,,42.5,,,
401114353,2019,regular,11,2019-11-10 00:30:00+00:00,252,BYU,2335,Liberty,Bovada,-17.5,,62.5,,,
401114353,2019,regular,11,2019-11-10 00:30:00+00:00,252,BYU,2335,Liberty,teamrankings,-17,,61,,,
401114353,2019,regular,11,2019-11-10 00:30:00+00:00,252,BYU,2335,Liberty,numberfire,-17,,61,,,
401114353,2019,regular,11,2019-11-10 00:30:00+00:00,252,BYU,2335,Liberty,consensus,-17,,62.5,,,
401114353,2019,regular,11,2019-11-10 00:30:00+00:00,252,BYU,2335,Liberty,Caesars,-17.5,,62.5,,,
401112505,2019,regular,11,2019-11-09 20:30:00+00:00,2390,Miami,97,Louisville,Bovada,-7,,49.5,,,
401112505,2019,regular,11,2019-11-09 20:30:00+00:00,2390,Miami,97,Louisville,teamrankings,-6.5,,49,,,
401112505,2019,regular,11,2019-11-09 20:30:00+00:00,2390,Miami,97,Louisville,numberfire,-6.5,,49,,,
401112505,2019,regular,11,2019-11-09 20:30:00+00:00,2390,Miami,97,Louisville,consensus,-6.5,,49,,,
401112505,2019,regular,11,2019-11-09 20:30:00+00:00,2390,Miami,97,Louisville,Caesars,-6.5,,48.5,,,
401112503,2019,regular,11,2019-11-10 00:30:00+00:00,152,NC State,228,Clemson,Bovada,36,,55,,,
401112503,2019,regular,11,2019-11-10 00:30:00+00:00,152,NC State,228,Clemson,teamrankings,34,,54.5,,,
401112503,2019,regular,11,2019-11-10 00:30:00+00:00,152,NC State,228,Clemson,numberfire,34,,54,,,
401112503,2019,regular,11,2019-11-10 00:30:00+00:00,152,NC State,228,Clemson,consensus,35,,54.5,,,
401112503,2019,regular,11,2019-11-10 00:30:00+00:00,152,NC State,228,Clemson,Caesars,35,,55,,,
401114305,2019,regular,11,2019-11-09 23:00:00+00:00,2226,Florida Atlantic,2229,Florida International,Bovada,-12.5,,59,,,
401114305,2019,regular,11,2019-11-09 23:00:00+00:00,2226,Florida Atlantic,2229,Florida International,teamrankings,-11.5,,59.5,,,
401114305,2019,regular,11,2019-11-09 23:00:00+00:00,2226,Florida Atlantic,2229,Florida International,numberfire,-11.5,,59,,,
401114305,2019,regular,11,2019-11-09 23:00:00+00:00,2226,Florida Atlantic,2229,Florida International,consensus,-11.5,,59,,,
401114305,2019,regular,11,2019-11-09 23:00:00+00:00,2226,Florida Atlantic,2229,Florida International,Caesars,-11.5,,58.5,,,
401114160,2019,regular,11,2019-11-09 20:30:00+00:00,9,Arizona State,30,USC,Bovada,4.5,,54.5,,,
401114160,2019,regular,11,2019-11-09 20:30:00+00:00,9,Arizona State,30,USC,teamrankings,5,,54,,,
401114160,2019,regular,11,2019-11-09 20:30:00+00:00,9,Arizona State,30,USC,numberfire,3.5,,54,,,
401114160,2019,regular,11,2019-11-09 20:30:00+00:00,9,Arizona State,30,USC,consensus,4,,54.5,,,
401114160,2019,regular,11,2019-11-09 20:30:00+00:00,9,Arizona State,30,USC,Caesars,4,,54.5,,,
401112506,2019,regular,11,2019-11-09 20:30:00+00:00,259,Virginia Tech,154,Wake Forest,Bovada,3,,61,,,
401112506,2019,regular,11,2019-11-09 20:30:00+00:00,259,Virginia Tech,154,Wake Forest,teamrankings,3,,61,,,
401112506,2019,regular,11,2019-11-09 20:30:00+00:00,259,Virginia Tech,154,Wake Forest,numberfire,2.5,,60.5,,,
401112506,2019,regular,11,2019-11-09 20:30:00+00:00,259,Virginia Tech,154,Wake Forest,consensus,2.5,,60.5,,,
401112506,2019,regular,11,2019-11-09 20:30:00+00:00,259,Virginia Tech,154,Wake Forest,Caesars,2.5,,60.5,,,
401110845,2019,regular,11,2019-11-10 00:00:00+00:00,61,Georgia,142,Missouri,Bovada,-19.5,,48,,,
401110845,2019,regular,11,2019-11-10 00:00:00+00:00,61,Georgia,142,Missouri,teamrankings,-18.5,,48,,,
401110845,2019,regular,11,2019-11-10 00:00:00+00:00,61,Georgia,142,Missouri,numberfire,-18,,48,,,
401110845,2019,regular,11,2019-11-10 00:00:00+00:00,61,Georgia,142,Missouri,consensus,-18.5,,48,,,
401110845,2019,regular,11,2019-11-10 00:00:00+00:00,61,Georgia,142,Missouri,Caesars,-19.5,,48,,,
401121965,2019,regular,11,2019-11-09 20:30:00+00:00,2653,Troy,290,Georgia Southern,Bovada,2,,57,,,
401121965,2019,regular,11,2019-11-09 20:30:00+00:00,2653,Troy,290,Georgia Southern,teamrankings,2.5,,57,,,
401121965,2019,regular,11,2019-11-09 20:30:00+00:00,2653,Troy,290,Georgia Southern,numberfire,2.5,,57,,,
401121965,2019,regular,11,2019-11-09 20:30:00+00:00,2653,Troy,290,Georgia Southern,consensus,2.5,,56,,,
401121965,2019,regular,11,2019-11-09 20:30:00+00:00,2653,Troy,290,Georgia Southern,Caesars,2,,56,,,
401114306,2019,regular,11,2019-11-09 21:00:00+00:00,2348,Louisiana Tech,249,North Texas,Bovada,-6,,72.5,,,
401114306,2019,regular,11,2019-11-09 21:00:00+00:00,2348,Louisiana Tech,249,North Texas,teamrankings,-5.5,,71.5,,,
401114306,2019,regular,11,2019-11-09 21:00:00+00:00,2348,Louisiana Tech,249,North Texas,numberfire,-5.5,,72.5,,,
401114306,2019,regular,11,2019-11-09 21:00:00+00:00,2348,Louisiana Tech,249,North Texas,consensus,-5.5,,71.5,,,
401114306,2019,regular,11,2019-11-09 21:00:00+00:00,2348,Louisiana Tech,249,North Texas,Caesars,-5.5,,72,,,
401114308,2019,regular,11,2019-11-09 20:30:00+00:00,2572,Southern Miss,5,UAB,Bovada,-7.5,,49.5,,,
401114308,2019,regular,11,2019-11-09 20:30:00+00:00,2572,Southern Miss,5,UAB,teamrankings,-7,,49.5,,,
401114308,2019,regular,11,2019-11-09 20:30:00+00:00,2572,Southern Miss,5,UAB,numberfire,-7,,49,,,
401114308,2019,regular,11,2019-11-09 20:30:00+00:00,2572,Southern Miss,5,UAB,consensus,-7.5,,49.5,,,
401114308,2019,regular,11,2019-11-09 20:30:00+00:00,2572,Southern Miss,5,UAB,Caesars,-7,,49.5,,,
401110848,2019,regular,11,2019-11-10 00:00:00+00:00,2579,South Carolina,2026,App State,Bovada,-7,,51,,,
401110848,2019,regular,11,2019-11-10 00:00:00+00:00,2579,South Carolina,2026,App State,teamrankings,-6.5,,51,,,
401110848,2019,regular,11,2019-11-10 00:00:00+00:00,2579,South Carolina,2026,App State,numberfire,-6.5,,51,,,
401110848,2019,regular,11,2019-11-10 00:00:00+00:00,2579,South Carolina,2026,App State,consensus,-6.5,,51,,,
401110848,2019,regular,11,2019-11-10 00:00:00+00:00,2579,South Carolina,2026,App State,Caesars,-6.5,,51,,,
401114307,2019,regular,11,2019-11-09 19:00:00+00:00,295,Old Dominion,2636,UTSA,Bovada,-3,,42,,,
401114307,2019,regular,11,2019-11-09 19:00:00+00:00,295,Old Dominion,2636,UTSA,teamrankings,-3,,41.5,,,
401114307,2019,regular,11,2019-11-09 19:00:00+00:00,295,Old Dominion,2636,UTSA,numberfire,-3,,42,,,
401114307,2019,regular,11,2019-11-09 19:00:00+00:00,295,Old Dominion,2636,UTSA,consensus,-3,,42,,,
401114307,2019,regular,11,2019-11-09 19:00:00+00:00,295,Old Dominion,2636,UTSA,Caesars,-3,,43,,,
401117540,2019,regular,11,2019-11-10 00:00:00+00:00,278,Fresno State,328,Utah State,Bovada,-5,,59,,,
401117540,2019,regular,11,2019-11-10 00:00:00+00:00,278,Fresno State,328,Utah State,teamrankings,-5,,59,,,
401117540,2019,regular,11,2019-11-10 00:00:00+00:00,278,Fresno State,328,Utah State,numberfire,-5.5,,58.5,,,
401117540,2019,regular,11,2019-11-10 00:00:00+00:00,278,Fresno State,328,Utah State,consensus,-5.5,,59,,,
401117540,2019,regular,11,2019-11-10 00:00:00+00:00,278,Fresno State,328,Utah State,Caesars,-5.5,,59,,,
401117901,2019,regular,11,2019-11-09 20:30:00+00:00,2132,Cincinnati,41,UConn,Bovada,-34,,53,,,
401117901,2019,regular,11,2019-11-09 20:30:00+00:00,2132,Cincinnati,41,UConn,teamrankings,-33.5,,52.5,,,
401117901,2019,regular,11,2019-11-09 20:30:00+00:00,2132,Cincinnati,41,UConn,numberfire,-34.5,,52.5,,,
401117901,2019,regular,11,2019-11-09 20:30:00+00:00,2132,Cincinnati,41,UConn,consensus,-34,,53,,,
401117901,2019,regular,11,2019-11-09 20:30:00+00:00,2132,Cincinnati,41,UConn,Caesars,-34,,53,,,
401110842,2019,regular,11,2019-11-09 20:30:00+00:00,333,Alabama,99,LSU,Bovada,-5,,65,,,
401110842,2019,regular,11,2019-11-09 20:30:00+00:00,333,Alabama,99,LSU,teamrankings,-5,,65.5,,,
401110842,2019,regular,11,2019-11-09 20:30:00+00:00,333,Alabama,99,LSU,numberfire,-5.5,,65.5,,,
401110842,2019,regular,11,2019-11-09 20:30:00+00:00,333,Alabama,99,LSU,consensus,-6,,65.5,,,
401110842,2019,regular,11,2019-11-09 20:30:00+00:00,333,Alabama,99,LSU,Caesars,-5,,65.5,,,
401114304,2019,regular,11,2019-11-09 20:00:00+00:00,2638,UTEP,2429,Charlotte,Bovada,13,,55,,,
401114304,2019,regular,11,2019-11-09 20:00:00+00:00,2638,UTEP,2429,Charlotte,teamrankings,11.5,,55,,,
401114304,2019,regular,11,2019-11-09 20:00:00+00:00,2638,UTEP,2429,Charlotte,numberfire,13,,55,,,
401114304,2019,regular,11,2019-11-09 20:00:00+00:00,2638,UTEP,2429,Charlotte,consensus,12.5,,55,,,
401114304,2019,regular,11,2019-11-09 20:00:00+00:00,2638,UTEP,2429,Charlotte,Caesars,12.5,,55,,,
401117543,2019,regular,11,2019-11-10 04:00:00+00:00,62,Hawai'i,23,San José State,Bovada,-7.5,,79,,,
401117543,2019,regular,11,2019-11-10 04:00:00+00:00,62,Hawai'i,23,San José State,teamrankings,-7.5,,78.5,,,
401117543,2019,regular,11,2019-11-10 04:00:00+00:00,62,Hawai'i,23,San José State,numberfire,-7.5,,78,,,
401117543,2019,regular,11,2019-11-10 04:00:00+00:00,62,Hawai'i,23,San José State,consensus,-7.5,,78.5,,,
401117543,2019,regular,11,2019-11-10 04:00:00+00:00,62,Hawai'i,23,San José State,Caesars,-7.5,,78.5,,,
401114190,2019,regular,11,2019-11-09 20:00:00+00:00,38,Colorado,24,Stanford,Bovada,4,,57,,,
401114190,2019,regular,11,2019-11-09 20:00:00+00:00,38,Colorado,24,Stanford,teamrankings,4,,57.5,,,
401114190,2019,regular,11,2019-11-09 20:00:00+00:00,38,Colorado,24,Stanford,numberfire,4,,57,,,
401114190,2019,regular,11,2019-11-09 20:00:00+00:00,38,Colorado,24,Stanford,consensus,4,,56.5,,,
401114190,2019,regular,11,2019-11-09 20:00:00+00:00,38,Colorado,24,Stanford,Caesars,4,,56.5,,,
401112198,2019,regular,11,2019-11-09 21:00:00+00:00,275,Wisconsin,2294,Iowa,Bovada,-8,,37.5,,,
401112198,2019,regular,11,2019-11-09 21:00:00+00:00,275,Wisconsin,2294,Iowa,teamrankings,-7.5,,36.5,,,
401112198,2019,regular,11,2019-11-09 21:00:00+00:00,275,Wisconsin,2294,Iowa,numberfire,-7.5,,37.5,,,
401112198,2019,regular,11,2019-11-09 21:00:00+00:00,275,Wisconsin,2294,Iowa,consensus,-7.5,,37.5,,,
401112198,2019,regular,11,2019-11-09 21:00:00+00:00,275,Wisconsin,2294,Iowa,Caesars,-8,,37,,,
401121964,2019,regular,11,2019-11-08 00:30:00+00:00,324,Coastal Carolina,309,Louisiana,Bovada,14,,58,,,
401121964,2019,regular,11,2019-11-08 00:30:00+00:00,324,Coastal Carolina,309,Louisiana,teamrankings,14,,58.5,,,
401121964,2019,regular,11,2019-11-08 00:30:00+00:00,324,Coastal Carolina,309,Louisiana,numberfire,14,,58.5,,,
401121964,2019,regular,11,2019-11-08 00:30:00+00:00,324,Coastal Carolina,309,Louisiana,consensus,14,,58,,,
401121964,2019,regular,11,2019-11-08 00:30:00+00:00,324,Coastal Carolina,309,Louisiana,Caesars,14,,58,,,
401121966,2019,regular,11,2019-11-09 22:00:00+00:00,2433,UL Monroe,2247,Georgia State,Bovada,3,,77,,,
401121966,2019,regular,11,2019-11-09 22:00:00+00:00,2433,UL Monroe,2247,Georgia State,teamrankings,2.5,,77.5,,,
401121966,2019,regular,11,2019-11-09 22:00:00+00:00,2433,UL Monroe,2247,Georgia State,numberfire,2.5,,76,,,
401121966,2019,regular,11,2019-11-09 22:00:00+00:00,2433,UL Monroe,2247,Georgia State,consensus,2.5,,76,,,
401121966,2019,regular,11,2019-11-09 22:00:00+00:00,2433,UL Monroe,2247,Georgia State,Caesars,2.5,,75.5,,,
401114180,2019,regular,11,2019-11-10 00:00:00+00:00,25,California,265,Washington State,Bovada,8.5,,52.5,,,
401114180,2019,regular,11,2019-11-10 00:00:00+00:00,25,California,265,Washington State,teamrankings,8.5,,51.5,,,
401114180,2019,regular,11,2019-11-10 00:00:00+00:00,25,California,265,Washington State,numberfire,8.5,,52,,,
401114180,2019,regular,11,2019-11-10 00:00:00+00:00,25,California,265,Washington State,consensus,8.5,,52,,,
401114180,2019,regular,11,2019-11-10 00:00:00+00:00,25,California,265,Washington State,Caesars,8.5,,52,,,
401112235,2019,regular,11,2019-11-09 17:00:00+00:00,135,Minnesota,213,Penn State,Bovada,7,,49,,,
401112235,2019,regular,11,2019-11-09 17:00:00+00:00,135,Minnesota,213,Penn State,teamrankings,6.5,,49,,,
401112235,2019,regular,11,2019-11-09 17:00:00+00:00,135,Minnesota,213,Penn State,numberfire,6.5,,49,,,
401112235,2019,regular,11,2019-11-09 17:00:00+00:00,135,Minnesota,213,Penn State,consensus,6.5,,48.5,,,
401112235,2019,regular,11,2019-11-09 17:00:00+00:00,135,Minnesota,213,Penn State,Caesars,6.5,,48.5,,,
401110847,2019,regular,11,2019-11-09 21:00:00+00:00,145,Ole Miss,166,New Mexico State,Bovada,-28,,64.5,,,
401110847,2019,regular,11,2019-11-09 21:00:00+00:00,145,Ole Miss,166,New Mexico State,teamrankings,-28.5,,64.5,,,
401110847,2019,regular,11,2019-11-09 21:00:00+00:00,145,Ole Miss,166,New Mexico State,numberfire,-28.5,,64.5,,,
401110847,2019,regular,11,2019-11-09 21:00:00+00:00,145,Ole Miss,166,New Mexico State,consensus,-28.5,,64.5,,,
401110847,2019,regular,11,2019-11-09 21:00:00+00:00,145,Ole Miss,166,New Mexico State,Caesars,-28.5,,64.5,,,
401110846,2019,regular,11,2019-11-10 00:30:00+00:00,96,Kentucky,2633,Tennessee,Bovada,-1.5,,42.5,,,
401110846,2019,regular,11,2019-11-10 00:30:00+00:00,96,Kentucky,2633,Tennessee,teamrankings,-2,,42,,,
401110846,2019,regular,11,2019-11-10 00:30:00+00:00,96,Kentucky,2633,Tennessee,numberfire,-2,,42,,,
401110846,2019,regular,11,2019-11-10 00:30:00+00:00,96,Kentucky,2633,Tennessee,consensus,-1.5,,42,,,
401110846,2019,regular,11,2019-11-10 00:30:00+00:00,96,Kentucky,2633,Tennessee,Caesars,-1.5,,42.5,,,
401114332,2019,regular,11,2019-11-09 17:00:00+00:00,349,Army,113,Massachusetts,Bovada,-35,,61,,,
401114332,2019,regular,11,2019-11-09 17:00:00+00:00,349,Army,113,Massachusetts,teamrankings,-34.5,,60,,,
401114332,2019,regular,11,2019-11-09 17:00:00+00:00,349,Army,113,Massachusetts,numberfire,-34.5,,60,,,
401114332,2019,regular,11,2019-11-09 17:00:00+00:00,349,Army,113,Massachusetts,consensus,-34.5,,60,,,
401114332,2019,regular,11,2019-11-09 17:00:00+00:00,349,Army,113,Massachusetts,Caesars,-34,,60.5,,,
401112081,2019,regular,11,2019-11-09 17:00:00+00:00,2628,TCU,239,Baylor,Bovada,3,,48.5,,,
401112081,2019,regular,11,2019-11-09 17:00:00+00:00,2628,TCU,239,Baylor,teamrankings,1,,49,,,
401112081,2019,regular,11,2019-11-09 17:00:00+00:00,2628,TCU,239,Baylor,numberfire,2,,48,,,
401112081,2019,regular,11,2019-11-09 17:00:00+00:00,2628,TCU,239,Baylor,consensus,2,,48,,,
401112081,2019,regular,11,2019-11-09 17:00:00+00:00,2628,TCU,239,Baylor,Caesars,2,,48.5,,,
401112154,2019,regular,11,2019-11-09 20:30:00+00:00,127,Michigan State,356,Illinois,Bovada,-15,,47,,,
401112154,2019,regular,11,2019-11-09 20:30:00+00:00,127,Michigan State,356,Illinois,teamrankings,-15.5,,48,,,
401112154,2019,regular,11,2019-11-09 20:30:00+00:00,127,Michigan State,356,Illinois,numberfire,-14.5,,47.5,,,
401112154,2019,regular,11,2019-11-09 20:30:00+00:00,127,Michigan State,356,Illinois,consensus,-16,,47,,,
401112154,2019,regular,11,2019-11-09 20:30:00+00:00,127,Michigan State,356,Illinois,Caesars,-15.5,,47,,,
401112249,2019,regular,11,2019-11-09 17:00:00+00:00,77,Northwestern,2509,Purdue,Bovada,0,,38.5,,,
401112249,2019,regular,11,2019-11-09 17:00:00+00:00,77,Northwestern,2509,Purdue,teamrankings,-1,,39,,,
401112249,2019,regular,11,2019-11-09 17:00:00+00:00,77,Northwestern,2509,Purdue,numberfire,-1,,39,,,
401112249,2019,regular,11,2019-11-09 17:00:00+00:00,77,Northwestern,2509,Purdue,consensus,-1,,39,,,
401112249,2019,regular,11,2019-11-09 17:00:00+00:00,77,Northwestern,2509,Purdue,Caesars,0,,39,,,
401117542,2019,regular,11,2019-11-10 03:30:00+00:00,21,San Diego State,2440,Nevada,Bovada,-17,,40,,,
401117542,2019,regular,11,2019-11-10 03:30:00+00:00,21,San Diego State,2440,Nevada,teamrankings,-17,,39.5,,,
401117542,2019,regular,11,2019-11-10 03:30:00+00:00,21,San Diego State,2440,Nevada,numberfire,-17,,39,,,
401117542,2019,regular,11,2019-11-10 03:30:00+00:00,21,San Diego State,2440,Nevada,consensus,-17,,39.5,,,
401117542,2019,regular,11,2019-11-10 03:30:00+00:00,21,San Diego State,2440,Nevada,Caesars,-17.5,,39.5,,,
401112092,2019,regular,11,2019-11-10 01:00:00+00:00,201,Oklahoma,66,Iowa State,Bovada,-15.5,,71,,,
401112092,2019,regular,11,2019-11-10 01:00:00+00:00,201,Oklahoma,66,Iowa State,teamrankings,-14.5,,69,,,
401112092,2019,regular,11,2019-11-10 01:00:00+00:00,201,Oklahoma,66,Iowa State,numberfire,-14.5,,69,,,
401112092,2019,regular,11,2019-11-10 01:00:00+00:00,201,Oklahoma,66,Iowa State,consensus,-14.5,,70,,,
401112092,2019,regular,11,2019-11-10 01:00:00+00:00,201,Oklahoma,66,Iowa State,Caesars,-14.5,,71,,,
401111654,2019,regular,11,2019-11-10 00:30:00+00:00,150,Duke,87,Notre Dame,Bovada,7.5,,50,,,
401111654,2019,regular,11,2019-11-10 00:30:00+00:00,150,Duke,87,Notre Dame,teamrankings,7,,50.5,,,
401111654,2019,regular,11,2019-11-10 00:30:00+00:00,150,Duke,87,Notre Dame,numberfire,7.5,,50.5,,,
401111654,2019,regular,11,2019-11-10 00:30:00+00:00,150,Duke,87,Notre Dame,consensus,7,,49.5,,,
401111654,2019,regular,11,2019-11-10 00:30:00+00:00,150,Duke,87,Notre Dame,Caesars,7,,50,,,
401117546,2019,regular,12,2019-11-16 21:00:00+00:00,328,Utah State,2751,Wyoming,Bovada,-4,,51.5,,,
401117546,2019,regular,12,2019-11-16 21:00:00+00:00,328,Utah State,2751,Wyoming,teamrankings,-4,,51,,,
401117546,2019,regular,12,2019-11-16 21:00:00+00:00,328,Utah State,2751,Wyoming,numberfire,-4.5,,51.5,,,
401117546,2019,regular,12,2019-11-16 21:00:00+00:00,328,Utah State,2751,Wyoming,consensus,-4.5,,51.5,,,
401117546,2019,regular,12,2019-11-16 21:00:00+00:00,328,Utah State,2751,Wyoming,Caesars,-4.5,,51,,,
401112105,2019,regular,12,2019-11-16 17:00:00+00:00,197,Oklahoma State,2305,Kansas,Bovada,-17.5,,68.5,,,
401112105,2019,regular,12,2019-11-16 17:00:00+00:00,197,Oklahoma State,2305,Kansas,teamrankings,-17.5,,70,,,
401112105,2019,regular,12,2019-11-16 17:00:00+00:00,197,Oklahoma State,2305,Kansas,numberfire,-17.5,,69.5,,,
401112105,2019,regular,12,2019-11-16 17:00:00+00:00,197,Oklahoma State,2305,Kansas,consensus,-17.5,,69.5,,,
401112105,2019,regular,12,2019-11-16 17:00:00+00:00,197,Oklahoma State,2305,Kansas,Caesars,-17.5,,69.5,,,
401114311,2019,regular,12,2019-11-16 23:00:00+00:00,2636,UTSA,2572,Southern Miss,Bovada,17,,55.5,,,
401114311,2019,regular,12,2019-11-16 23:00:00+00:00,2636,UTSA,2572,Southern Miss,teamrankings,17,,55.5,,,
401114311,2019,regular,12,2019-11-16 23:00:00+00:00,2636,UTSA,2572,Southern Miss,numberfire,17,,55.5,,,
401114311,2019,regular,12,2019-11-16 23:00:00+00:00,2636,UTSA,2572,Southern Miss,consensus,17,,55.5,,,
401114311,2019,regular,12,2019-11-16 23:00:00+00:00,2636,UTSA,2572,Southern Miss,Caesars,17,,55.5,,,
401117544,2019,regular,12,2019-11-17 00:00:00+00:00,36,Colorado State,2005,Air Force,Bovada,10.5,,62.5,,,
401117544,2019,regular,12,2019-11-17 00:00:00+00:00,36,Colorado State,2005,Air Force,teamrankings,11,,63.5,,,
401117544,2019,regular,12,2019-11-17 00:00:00+00:00,36,Colorado State,2005,Air Force,numberfire,10.5,,63.5,,,
401117544,2019,regular,12,2019-11-17 00:00:00+00:00,36,Colorado State,2005,Air Force,consensus,10.5,,62,,,
401117544,2019,regular,12,2019-11-17 00:00:00+00:00,36,Colorado State,2005,Air Force,Caesars,10.5,,61,,,
401112255,2019,regular,12,2019-11-16 20:30:00+00:00,164,Rutgers,194,Ohio State,Bovada,54,,63.5,,,
401112255,2019,regular,12,2019-11-16 20:30:00+00:00,164,Rutgers,194,Ohio State,teamrankings,52,,63,,,
401112255,2019,regular,12,2019-11-16 20:30:00+00:00,164,Rutgers,194,Ohio State,numberfire,52,,63,,,
401112255,2019,regular,12,2019-11-16 20:30:00+00:00,164,Rutgers,194,Ohio State,consensus,52,,63,,,
401112255,2019,regular,12,2019-11-16 20:30:00+00:00,164,Rutgers,194,Ohio State,Caesars,52,,61,,,
401112508,2019,regular,12,2019-11-16 20:30:00+00:00,228,Clemson,154,Wake Forest,Bovada,-34.5,,59.5,,,
401112508,2019,regular,12,2019-11-16 20:30:00+00:00,228,Clemson,154,Wake Forest,teamrankings,-35,,59,,,
401112508,2019,regular,12,2019-11-16 20:30:00+00:00,228,Clemson,154,Wake Forest,numberfire,-34.5,,59,,,
401112508,2019,regular,12,2019-11-16 20:30:00+00:00,228,Clemson,154,Wake Forest,consensus,-34.5,,59.5,,,
401112508,2019,regular,12,2019-11-16 20:30:00+00:00,228,Clemson,154,Wake Forest,Caesars,-34.5,,58.5,,,
401112511,2019,regular,12,2019-11-16 20:30:00+00:00,59,Georgia Tech,259,Virginia Tech,Bovada,6,,51,,,
401112511,2019,regular,12,2019-11-16 20:30:00+00:00,59,Georgia Tech,259,Virginia Tech,teamrankings,6,,51.5,,,
401112511,2019,regular,12,2019-11-16 20:30:00+00:00,59,Georgia Tech,259,Virginia Tech,numberfire,6,,51.5,,,
401112511,2019,regular,12,2019-11-16 20:30:00+00:00,59,Georgia Tech,259,Virginia Tech,consensus,6,,51,,,
401112511,2019,regular,12,2019-11-16 20:30:00+00:00,59,Georgia Tech,259,Virginia Tech,Caesars,6,,51,,,
401121971,2019,regular,12,2019-11-16 22:00:00+00:00,6,South Alabama,309,Louisiana,Bovada,27.5,,52.5,,,
401121971,2019,regular,12,2019-11-16 22:00:00+00:00,6,South Alabama,309,Louisiana,teamrankings,27.5,,52.5,,,
401121971,2019,regular,12,2019-11-16 22:00:00+00:00,6,South Alabama,309,Louisiana,numberfire,27.5,,52.5,,,
401121971,2019,regular,12,2019-11-16 22:00:00+00:00,6,South Alabama,309,Louisiana,consensus,27.5,,53,,,
401121971,2019,regular,12,2019-11-16 22:00:00+00:00,6,South Alabama,309,Louisiana,Caesars,27.5,,52.5,,,
401112250,2019,regular,12,2019-11-16 17:00:00+00:00,77,Northwestern,113,Massachusetts,Bovada,-38,,56.5,,,
401112250,2019,regular,12,2019-11-16 17:00:00+00:00,77,Northwestern,113,Massachusetts,teamrankings,-39.5,,57.5,,,
401112250,2019,regular,12,2019-11-16 17:00:00+00:00,77,Northwestern,113,Massachusetts,numberfire,-38,,57.5,,,
401112250,2019,regular,12,2019-11-16 17:00:00+00:00,77,Northwestern,113,Massachusetts,consensus,-39.5,,57.5,,,
401112250,2019,regular,12,2019-11-16 17:00:00+00:00,77,Northwestern,113,Massachusetts,Caesars,-38.5,,57,,,
401117903,2019,regular,12,2019-11-17 00:00:00+00:00,58,South Florida,2132,Cincinnati,Bovada,13.5,,47,,,
401117903,2019,regular,12,2019-11-17 00:00:00+00:00,58,South Florida,2132,Cincinnati,teamrankings,13,,46.5,,,
401117903,2019,regular,12,2019-11-17 00:00:00+00:00,58,South Florida,2132,Cincinnati,numberfire,13,,46.5,,,
401117903,2019,regular,12,2019-11-17 00:00:00+00:00,58,South Florida,2132,Cincinnati,consensus,13,,47,,,
401117903,2019,regular,12,2019-11-17 00:00:00+00:00,58,South Florida,2132,Cincinnati,Caesars,12.5,,47,,,
401119301,2019,regular,12,2019-11-14 01:00:00+00:00,193,Miami (OH),189,Bowling Green,Bovada,-17,,48,,,
401119301,2019,regular,12,2019-11-14 01:00:00+00:00,193,Miami (OH),189,Bowling Green,teamrankings,-17,,48,,,
401119301,2019,regular,12,2019-11-14 01:00:00+00:00,193,Miami (OH),189,Bowling Green,numberfire,-17,,48,,,
401119301,2019,regular,12,2019-11-14 01:00:00+00:00,193,Miami (OH),189,Bowling Green,consensus,-17,,47.5,,,
401119301,2019,regular,12,2019-11-14 01:00:00+00:00,193,Miami (OH),189,Bowling Green,Caesars,-17,,48,,,
401112199,2019,regular,12,2019-11-16 21:00:00+00:00,2294,Iowa,135,Minnesota,Bovada,-3,,44.5,,,
401112199,2019,regular,12,2019-11-16 21:00:00+00:00,2294,Iowa,135,Minnesota,teamrankings,-3,,44.5,,,
401112199,2019,regular,12,2019-11-16 21:00:00+00:00,2294,Iowa,135,Minnesota,numberfire,-3,,44.5,,,
401112199,2019,regular,12,2019-11-16 21:00:00+00:00,2294,Iowa,135,Minnesota,consensus,-3,,44.5,,,
401112199,2019,regular,12,2019-11-16 21:00:00+00:00,2294,Iowa,135,Minnesota,Caesars,-3,,44.5,,,
401112509,2019,regular,12,2019-11-16 21:00:00+00:00,150,Duke,183,Syracuse,Bovada,-8.5,,49.5,,,
401112509,2019,regular,12,2019-11-16 21:00:00+00:00,150,Duke,183,Syracuse,teamrankings,-9,,49.5,,,
401112509,2019,regular,12,2019-11-16 21:00:00+00:00,150,Duke,183,Syracuse,numberfire,-9,,49.5,,,
401112509,2019,regular,12,2019-11-16 21:00:00+00:00,150,Duke,183,Syracuse,consensus,-9,,49,,,
401112509,2019,regular,12,2019-11-16 21:00:00+00:00,150,Duke,183,Syracuse,Caesars,-9,,49,,,
401112512,2019,regular,12,2019-11-17 00:30:00+00:00,152,NC State,97,Louisville,Bovada,4.5,,51.5,,,
401112512,2019,regular,12,2019-11-17 00:30:00+00:00,152,NC State,97,Louisville,teamrankings,4.5,,52,,,
401112512,2019,regular,12,2019-11-17 00:30:00+00:00,152,NC State,97,Louisville,numberfire,4,,51.5,,,
401112512,2019,regular,12,2019-11-17 00:30:00+00:00,152,NC State,97,Louisville,consensus,4.5,,51.5,,,
401112512,2019,regular,12,2019-11-17 00:30:00+00:00,152,NC State,97,Louisville,Caesars,4.5,,51.5,,,
401119300,2019,regular,12,2019-11-12 23:30:00+00:00,195,Ohio,2711,Western Michigan,Bovada,-1,,64,,,
401119300,2019,regular,12,2019-11-12 23:30:00+00:00,195,Ohio,2711,Western Michigan,teamrankings,-1.5,,63.5,,,
401119300,2019,regular,12,2019-11-12 23:30:00+00:00,195,Ohio,2711,Western Michigan,numberfire,1,,63.5,,,
401119300,2019,regular,12,2019-11-12 23:30:00+00:00,195,Ohio,2711,Western Michigan,consensus,-1.5,,63.5,,,
401119300,2019,regular,12,2019-11-12 23:30:00+00:00,195,Ohio,2711,Western Michigan,Caesars,-1.5,,64,,,
401112112,2019,regular,12,2019-11-16 20:30:00+00:00,2306,Kansas State,277,West Virginia,Bovada,-14.5,,46,,,
401112112,2019,regular,12,2019-11-16 20:30:00+00:00,2306,Kansas State,277,West Virginia,teamrankings,-14,,45.5,,,
401112112,2019,regular,12,2019-11-16 20:30:00+00:00,2306,Kansas State,277,West Virginia,numberfire,-14,,46,,,
401112112,2019,regular,12,2019-11-16 20:30:00+00:00,2306,Kansas State,277,West Virginia,consensus,-14,,46,,,
401112112,2019,regular,12,2019-11-16 20:30:00+00:00,2306,Kansas State,277,West Virginia,Caesars,-13.5,,46,,,
401119303,2019,regular,12,2019-11-15 00:00:00+00:00,2309,Kent State,2084,Buffalo,Bovada,6,,55,,,
401119303,2019,regular,12,2019-11-15 00:00:00+00:00,2309,Kent State,2084,Buffalo,teamrankings,6,,54.5,,,
401119303,2019,regular,12,2019-11-15 00:00:00+00:00,2309,Kent State,2084,Buffalo,numberfire,6,,54.5,,,
401119303,2019,regular,12,2019-11-15 00:00:00+00:00,2309,Kent State,2084,Buffalo,consensus,6,,55,,,
401119303,2019,regular,12,2019-11-15 00:00:00+00:00,2309,Kent State,2084,Buffalo,Caesars,6,,55,,,
401114231,2019,regular,12,2019-11-16 21:30:00+00:00,265,Washington State,24,Stanford,Bovada,-10.5,,65.5,,,
401114231,2019,regular,12,2019-11-16 21:30:00+00:00,265,Washington State,24,Stanford,teamrankings,-11.5,,66,,,
401114231,2019,regular,12,2019-11-16 21:30:00+00:00,265,Washington State,24,Stanford,numberfire,-10,,66,,,
401114231,2019,regular,12,2019-11-16 21:30:00+00:00,265,Washington State,24,Stanford,consensus,-10.5,,65.5,,,
401114231,2019,regular,12,2019-11-16 21:30:00+00:00,265,Washington State,24,Stanford,Caesars,-10.5,,65.5,,,
401112166,2019,regular,12,2019-11-16 17:00:00+00:00,213,Penn State,84,Indiana,Bovada,-15,,55.5,,,
401112166,2019,regular,12,2019-11-16 17:00:00+00:00,213,Penn State,84,Indiana,teamrankings,-15,,55,,,
401112166,2019,regular,12,2019-11-16 17:00:00+00:00,213,Penn State,84,Indiana,numberfire,-15,,55,,,
401112166,2019,regular,12,2019-11-16 17:00:00+00:00,213,Penn State,84,Indiana,consensus,-15,,55,,,
401112166,2019,regular,12,2019-11-16 17:00:00+00:00,213,Penn State,84,Indiana,Caesars,-15,,55,,,
401114310,2019,regular,12,2019-11-16 21:30:00+00:00,2393,Middle Tennessee,242,Rice,Bovada,-13.5,,45.5,,,
401114310,2019,regular,12,2019-11-16 21:30:00+00:00,2393,Middle Tennessee,242,Rice,teamrankings,-13,,46.5,,,
401114310,2019,regular,12,2019-11-16 21:30:00+00:00,2393,Middle Tennessee,242,Rice,numberfire,-13,,47.5,,,
401114310,2019,regular,12,2019-11-16 21:30:00+00:00,2393,Middle Tennessee,242,Rice,consensus,-13,,46.5,,,
401114310,2019,regular,12,2019-11-16 21:30:00+00:00,2393,Middle Tennessee,242,Rice,Caesars,-13.5,,46.5,,,
401110851,2019,regular,12,2019-11-16 17:00:00+00:00,344,Mississippi State,333,Alabama,Bovada,21,,61.5,,,
401110851,2019,regular,12,2019-11-16 17:00:00+00:00,344,Mississippi State,333,Alabama,teamrankings,19,,61,,,
401110851,2019,regular,12,2019-11-16 17:00:00+00:00,344,Mississippi State,333,Alabama,numberfire,20,,61.5,,,
401110851,2019,regular,12,2019-11-16 17:00:00+00:00,344,Mississippi State,333,Alabama,consensus,19,,61,,,
401110851,2019,regular,12,2019-11-16 17:00:00+00:00,344,Mississippi State,333,Alabama,Caesars,20,,62,,,
401110850,2019,regular,12,2019-11-17 00:00:00+00:00,145,Ole Miss,99,LSU,Bovada,22,,67,,,
401110850,2019,regular,12,2019-11-17 00:00:00+00:00,145,Ole Miss,99,LSU,teamrankings,21,,66,,,
401110850,2019,regular,12,2019-11-17 00:00:00+00:00,145,Ole Miss,99,LSU,numberfire,21,,66.5,,,
401110850,2019,regular,12,2019-11-17 00:00:00+00:00,145,Ole Miss,99,LSU,consensus,21,,66,,,
401110850,2019,regular,12,2019-11-17 00:00:00+00:00,145,Ole Miss,99,LSU,Caesars,22,,66.5,,,
401110849,2019,regular,12,2019-11-16 20:30:00+00:00,2,Auburn,61,Georgia,Bovada,3,,42.5,,,
401110849,2019,regular,12,2019-11-16 20:30:00+00:00,2,Auburn,61,Georgia,teamrankings,3,,42.5,,,
401110849,2019,regular,12,2019-11-16 20:30:00+00:00,2,Auburn,61,Georgia,numberfire,3,,43,,,
401110849,2019,regular,12,2019-11-16 20:30:00+00:00,2,Auburn,61,Georgia,consensus,3,,42.5,,,
401110849,2019,regular,12,2019-11-16 20:30:00+00:00,2,Auburn,61,Georgia,Caesars,3,,43.5,,,
401110854,2019,regular,12,2019-11-16 20:30:00+00:00,238,Vanderbilt,96,Kentucky,Bovada,8.5,,43,,,
401110854,2019,regular,12,2019-11-16 20:30:00+00:00,238,Vanderbilt,96,Kentucky,teamrankings,9,,43,,,
401110854,2019,regular,12,2019-11-16 20:30:00+00:00,238,Vanderbilt,96,Kentucky,numberfire,9.5,,43,,,
401110854,2019,regular,12,2019-11-16 20:30:00+00:00,238,Vanderbilt,96,Kentucky,consensus,9.5,,43,,,
401110854,2019,regular,12,2019-11-16 20:30:00+00:00,238,Vanderbilt,96,Kentucky,Caesars,9,,43.5,,,
401119299,2019,regular,12,2019-11-12 23:00:00+00:00,2006,Akron,2199,Eastern Michigan,Bovada,17.5,,45,,,
401119299,2019,regular,12,2019-11-12 23:00:00+00:00,2006,Akron,2199,Eastern Michigan,teamrankings,17,,45,,,
401119299,2019,regular,12,2019-11-12 23:00:00+00:00,2006,Akron,2199,Eastern Michigan,numberfire,17,,45,,,
401119299,2019,regular,12,2019-11-12 23:00:00+00:00,2006,Akron,2199,Eastern Michigan,consensus,17,,45,,,
401119299,2019,regular,12,2019-11-12 23:00:00+00:00,2006,Akron,2199,Eastern Michigan,Caesars,17,,45.5,,,
401112082,2019,regular,12,2019-11-17 00:30:00+00:00,239,Baylor,201,Oklahoma,Bovada,10,,69.5,,,
401112082,2019,regular,12,2019-11-17 00:30:00+00:00,239,Baylor,201,Oklahoma,teamrankings,10,,69.5,,,
401112082,2019,regular,12,2019-11-17 00:30:00+00:00,239,Baylor,201,Oklahoma,numberfire,10.5,,69.5,,,
401112082,2019,regular,12,2019-11-17 00:30:00+00:00,239,Baylor,201,Oklahoma,consensus,10.5,,69,,,
401112082,2019,regular,12,2019-11-17 00:30:00+00:00,239,Baylor,201,Oklahoma,Caesars,10.5,,69,,,
401112133,2019,regular,12,2019-11-16 17:00:00+00:00,2641,Texas Tech,2628,TCU,Bovada,3.5,,53.5,,,
401112133,2019,regular,12,2019-11-16 17:00:00+00:00,2641,Texas Tech,2628,TCU,teamrankings,3.5,,53,,,
401112133,2019,regular,12,2019-11-16 17:00:00+00:00,2641,Texas Tech,2628,TCU,numberfire,3.5,,53.5,,,
401112133,2019,regular,12,2019-11-16 17:00:00+00:00,2641,Texas Tech,2628,TCU,consensus,3.5,,53.5,,,
401112133,2019,regular,12,2019-11-16 17:00:00+00:00,2641,Texas Tech,2628,TCU,Caesars,3.5,,53.5,,,
401112219,2019,regular,12,2019-11-16 17:00:00+00:00,130,Michigan,127,Michigan State,Bovada,-14,,44,,,
401112219,2019,regular,12,2019-11-16 17:00:00+00:00,130,Michigan,127,Michigan State,teamrankings,-13.5,,43.5,,,
401112219,2019,regular,12,2019-11-16 17:00:00+00:00,130,Michigan,127,Michigan State,numberfire,-13.5,,44,,,
401112219,2019,regular,12,2019-11-16 17:00:00+00:00,130,Michigan,127,Michigan State,consensus,-13.5,,43,,,
401112219,2019,regular,12,2019-11-16 17:00:00+00:00,130,Michigan,127,Michigan State,Caesars,-13.5,,44,,,
401114309,2019,regular,12,2019-11-16 00:00:00+00:00,276,Marshall,2348,Louisiana Tech,Bovada,-6.5,,54.5,,,
401114309,2019,regular,12,2019-11-16 00:00:00+00:00,276,Marshall,2348,Louisiana Tech,teamrankings,-6.5,,54,,,
401114309,2019,regular,12,2019-11-16 00:00:00+00:00,276,Marshall,2348,Louisiana Tech,numberfire,-6.5,,54,,,
401114309,2019,regular,12,2019-11-16 00:00:00+00:00,276,Marshall,2348,Louisiana Tech,consensus,-6.5,,54,,,
401114309,2019,regular,12,2019-11-16 00:00:00+00:00,276,Marshall,2348,Louisiana Tech,Caesars,-6.5,,54,,,
401117905,2019,regular,12,2019-11-16 17:00:00+00:00,218,Temple,2655,Tulane,Bovada,7,,53,,,
401117905,2019,regular,12,2019-11-16 17:00:00+00:00,218,Temple,2655,Tulane,teamrankings,6.5,,52,,,
401117905,2019,regular,12,2019-11-16 17:00:00+00:00,218,Temple,2655,Tulane,numberfire,6.5,,53,,,
401117905,2019,regular,12,2019-11-16 17:00:00+00:00,218,Temple,2655,Tulane,consensus,6.5,,52.5,,,
401117905,2019,regular,12,2019-11-16 17:00:00+00:00,218,Temple,2655,Tulane,Caesars,6.5,,52.5,,,
401114216,2019,regular,12,2019-11-17 01:00:00+00:00,254,Utah,26,UCLA,Bovada,-21,,52,,,
401114216,2019,regular,12,2019-11-17 01:00:00+00:00,254,Utah,26,UCLA,teamrankings,-22,,52,,,
401114216,2019,regular,12,2019-11-17 01:00:00+00:00,254,Utah,26,UCLA,numberfire,-21.5,,52,,,
401114216,2019,regular,12,2019-11-17 01:00:00+00:00,254,Utah,26,UCLA,consensus,-21,,52,,,
401114216,2019,regular,12,2019-11-17 01:00:00+00:00,254,Utah,26,UCLA,Caesars,-21,,52.5,,,
401114312,2019,regular,12,2019-11-16 18:00:00+00:00,5,UAB,2638,UTEP,Bovada,-15,,42.5,,,
401114312,2019,regular,12,2019-11-16 18:00:00+00:00,5,UAB,2638,UTEP,teamrankings,-14.5,,43,,,
401114312,2019,regular,12,2019-11-16 18:00:00+00:00,5,UAB,2638,UTEP,numberfire,-15,,42.5,,,
401114312,2019,regular,12,2019-11-16 18:00:00+00:00,5,UAB,2638,UTEP,consensus,-14.5,,42.5,,,
401114312,2019,regular,12,2019-11-16 18:00:00+00:00,5,UAB,2638,UTEP,Caesars,-14.5,,42.5,,,
401112244,2019,regular,12,2019-11-16 17:00:00+00:00,158,Nebraska,275,Wisconsin,Bovada,15,,50.5,,,
401112244,2019,regular,12,2019-11-16 17:00:00+00:00,158,Nebraska,275,Wisconsin,teamrankings,14.5,,49.5,,,
401112244,2019,regular,12,2019-11-16 17:00:00+00:00,158,Nebraska,275,Wisconsin,numberfire,14,,50,,,
401112244,2019,regular,12,2019-11-16 17:00:00+00:00,158,Nebraska,275,Wisconsin,consensus,14,,50,,,
401112244,2019,regular,12,2019-11-16 17:00:00+00:00,158,Nebraska,275,Wisconsin,Caesars,14,,49.5,,,
401117547,2019,regular,12,2019-11-16 02:30:00+00:00,21,San Diego State,278,Fresno State,Bovada,-2.5,,44,,,
401117547,2019,regular,12,2019-11-16 02:30:00+00:00,21,San Diego State,278,Fresno State,teamrankings,-1,,43,,,
401117547,2019,regular,12,2019-11-16 02:30:00+00:00,21,San Diego State,278,Fresno State,numberfire,-1,,43.5,,,
401117547,2019,regular,12,2019-11-16 02:30:00+00:00,21,San Diego State,278,Fresno State,consensus,-2,,43.5,,,
401117547,2019,regular,12,2019-11-16 02:30:00+00:00,21,San Diego State,278,Fresno State,Caesars,-2,,43,,,
401112093,2019,regular,12,2019-11-16 20:30:00+00:00,66,Iowa State,251,Texas,Bovada,-6.5,,65,,,
401112093,2019,regular,12,2019-11-16 20:30:00+00:00,66,Iowa State,251,Texas,teamrankings,-7,,64.5,,,
401112093,2019,regular,12,2019-11-16 20:30:00+00:00,66,Iowa State,251,Texas,numberfire,-7,,64.5,,,
401112093,2019,regular,12,2019-11-16 20:30:00+00:00,66,Iowa State,251,Texas,consensus,-7,,65,,,
401112093,2019,regular,12,2019-11-16 20:30:00+00:00,66,Iowa State,251,Texas,Caesars,-7,,64.5,,,
401112507,2019,regular,12,2019-11-15 01:00:00+00:00,221,Pittsburgh,153,North Carolina,Bovada,-4,,48.5,,,
401112507,2019,regular,12,2019-11-15 01:00:00+00:00,221,Pittsburgh,153,North Carolina,teamrankings,-4,,49,,,
401112507,2019,regular,12,2019-11-15 01:00:00+00:00,221,Pittsburgh,153,North Carolina,numberfire,-4,,49.5,,,
401112507,2019,regular,12,2019-11-15 01:00:00+00:00,221,Pittsburgh,153,North Carolina,consensus,-4,,49,,,
401112507,2019,regular,12,2019-11-15 01:00:00+00:00,221,Pittsburgh,153,North Carolina,Caesars,-4.5,,49,,,
401114161,2019,regular,12,2019-11-17 00:30:00+00:00,204,Oregon State,9,Arizona State,Bovada,1.5,,56.5,,,
401114161,2019,regular,12,2019-11-17 00:30:00+00:00,204,Oregon State,9,Arizona State,teamrankings,1,,56,,,
401114161,2019,regular,12,2019-11-17 00:30:00+00:00,204,Oregon State,9,Arizona State,numberfire,1,,56.5,,,
401114161,2019,regular,12,2019-11-17 00:30:00+00:00,204,Oregon State,9,Arizona State,consensus,1,,56,,,
401114161,2019,regular,12,2019-11-17 00:30:00+00:00,204,Oregon State,9,Arizona State,Caesars,1.5,,56,,,
401121969,2019,regular,12,2019-11-16 20:00:00+00:00,2032,Arkansas State,324,Coastal Carolina,Bovada,-14,,60.5,,,
401121969,2019,regular,12,2019-11-16 20:00:00+00:00,2032,Arkansas State,324,Coastal Carolina,teamrankings,-14,,60.5,,,
401121969,2019,regular,12,2019-11-16 20:00:00+00:00,2032,Arkansas State,324,Coastal Carolina,numberfire,-14,,60,,,
401121969,2019,regular,12,2019-11-16 20:00:00+00:00,2032,Arkansas State,324,Coastal Carolina,consensus,-14,,60,,,
401121969,2019,regular,12,2019-11-16 20:00:00+00:00,2032,Arkansas State,324,Coastal Carolina,Caesars,-14,,60,,,
401117548,2019,regular,12,2019-11-16 21:00:00+00:00,2439,UNLV,62,Hawai'i,Bovada,6.5,,72,,,
401117548,2019,regular,12,2019-11-16 21:00:00+00:00,2439,UNLV,62,Hawai'i,teamrankings,6.5,,72.5,,,
401117548,2019,regular,12,2019-11-16 21:00:00+00:00,2439,UNLV,62,Hawai'i,numberfire,6.5,,72.5,,,
401117548,2019,regular,12,2019-11-16 21:00:00+00:00,2439,UNLV,62,Hawai'i,consensus,6.5,,72.5,,,
401117548,2019,regular,12,2019-11-16 21:00:00+00:00,2439,UNLV,62,Hawai'i,Caesars,6.5,,71.5,,,
401114172,2019,regular,12,2019-11-17 03:30:00+00:00,2483,Oregon,12,Arizona,Bovada,-28,,69,,,
401114172,2019,regular,12,2019-11-17 03:30:00+00:00,2483,Oregon,12,Arizona,teamrankings,-27,,68.5,,,
401114172,2019,regular,12,2019-11-17 03:30:00+00:00,2483,Oregon,12,Arizona,numberfire,-27,,68.5,,,
401114172,2019,regular,12,2019-11-17 03:30:00+00:00,2483,Oregon,12,Arizona,consensus,-27,,68.5,,,
401114172,2019,regular,12,2019-11-17 03:30:00+00:00,2483,Oregon,12,Arizona,Caesars,-28,,69.5,,,
401119304,2019,regular,12,2019-11-16 20:30:00+00:00,2050,Ball State,2117,Central Michigan,Bovada,-1.5,,60,,,
401119304,2019,regular,12,2019-11-16 20:30:00+00:00,2050,Ball State,2117,Central Michigan,teamrankings,-2,,59.5,,,
401119304,2019,regular,12,2019-11-16 20:30:00+00:00,2050,Ball State,2117,Central Michigan,numberfire,-1,,60,,,
401119304,2019,regular,12,2019-11-16 20:30:00+00:00,2050,Ball State,2117,Central Michigan,consensus,-1,,60,,,
401119304,2019,regular,12,2019-11-16 20:30:00+00:00,2050,Ball State,2117,Central Michigan,Caesars,-1,,60,,,
401117904,2019,regular,12,2019-11-16 20:30:00+00:00,248,Houston,235,Memphis,Bovada,10,,72,,,
401117904,2019,regular,12,2019-11-16 20:30:00+00:00,248,Houston,235,Memphis,teamrankings,9,,71.5,,,
401117904,2019,regular,12,2019-11-16 20:30:00+00:00,248,Houston,235,Memphis,numberfire,9.5,,71.5,,,
401117904,2019,regular,12,2019-11-16 20:30:00+00:00,248,Houston,235,Memphis,consensus,9.5,,71.5,,,
401117904,2019,regular,12,2019-11-16 20:30:00+00:00,248,Houston,235,Memphis,Caesars,9.5,,71,,,
401114338,2019,regular,12,2019-11-16 19:30:00+00:00,87,Notre Dame,2426,Navy,Bovada,-7,,56,,,
401114338,2019,regular,12,2019-11-16 19:30:00+00:00,87,Notre Dame,2426,Navy,teamrankings,-7.5,,55.5,,,
401114338,2019,regular,12,2019-11-16 19:30:00+00:00,87,Notre Dame,2426,Navy,numberfire,-7,,55.5,,,
401114338,2019,regular,12,2019-11-16 19:30:00+00:00,87,Notre Dame,2426,Navy,consensus,-7.5,,55.5,,,
401114338,2019,regular,12,2019-11-16 19:30:00+00:00,87,Notre Dame,2426,Navy,Caesars,-7,,55.5,,,
401121968,2019,regular,12,2019-11-17 00:30:00+00:00,2247,Georgia State,2026,App State,Bovada,15,,61.5,,,
401121968,2019,regular,12,2019-11-17 00:30:00+00:00,2247,Georgia State,2026,App State,teamrankings,15,,61,,,
401121968,2019,regular,12,2019-11-17 00:30:00+00:00,2247,Georgia State,2026,App State,numberfire,15.5,,61,,,
401121968,2019,regular,12,2019-11-17 00:30:00+00:00,2247,Georgia State,2026,App State,consensus,15,,61,,,
401121968,2019,regular,12,2019-11-17 00:30:00+00:00,2247,Georgia State,2026,App State,Caesars,15,,61,,,
401110852,2019,regular,12,2019-11-16 17:00:00+00:00,142,Missouri,57,Florida,Bovada,7,,51,,,
401110852,2019,regular,12,2019-11-16 17:00:00+00:00,142,Missouri,57,Florida,teamrankings,6.5,,51,,,
401110852,2019,regular,12,2019-11-16 17:00:00+00:00,142,Missouri,57,Florida,numberfire,6.5,,51,,,
401110852,2019,regular,12,2019-11-16 17:00:00+00:00,142,Missouri,57,Florida,consensus,6.5,,51,,,
401110852,2019,regular,12,2019-11-16 17:00:00+00:00,142,Missouri,57,Florida,Caesars,6.5,,51,,,
401121970,2019,regular,12,2019-11-16 20:00:00+00:00,290,Georgia Southern,2433,UL Monroe,Bovada,-6.5,,57,,,
401121970,2019,regular,12,2019-11-16 20:00:00+00:00,290,Georgia Southern,2433,UL Monroe,teamrankings,-6.5,,57.5,,,
401121970,2019,regular,12,2019-11-16 20:00:00+00:00,290,Georgia Southern,2433,UL Monroe,numberfire,-6.5,,57.5,,,
401121970,2019,regular,12,2019-11-16 20:00:00+00:00,290,Georgia Southern,2433,UL Monroe,consensus,-6.5,,57.5,,,
401121970,2019,regular,12,2019-11-16 20:00:00+00:00,290,Georgia Southern,2433,UL Monroe,Caesars,-6.5,,56.5,,,
401121972,2019,regular,12,2019-11-16 20:00:00+00:00,326,Texas State,2653,Troy,Bovada,7,,64.5,,,
401121972,2019,regular,12,2019-11-16 20:00:00+00:00,326,Texas State,2653,Troy,teamrankings,7,,65,,,
401121972,2019,regular,12,2019-11-16 20:00:00+00:00,326,Texas State,2653,Troy,numberfire,7,,64.5,,,
401121972,2019,regular,12,2019-11-16 20:00:00+00:00,326,Texas State,2653,Troy,consensus,7,,63.5,,,
401121972,2019,regular,12,2019-11-16 20:00:00+00:00,326,Texas State,2653,Troy,Caesars,7,,63.5,,,
401114181,2019,regular,12,2019-11-17 04:00:00+00:00,25,California,30,USC,Bovada,4.5,,48,,,
401114181,2019,regular,12,2019-11-17 04:00:00+00:00,25,California,30,USC,teamrankings,4.5,,47.5,,,
401114181,2019,regular,12,2019-11-17 04:00:00+00:00,25,California,30,USC,numberfire,4.5,,47.5,,,
401114181,2019,regular,12,2019-11-17 04:00:00+00:00,25,California,30,USC,consensus,4,,48,,,
401114181,2019,regular,12,2019-11-17 04:00:00+00:00,25,California,30,USC,Caesars,4,,48,,,
401119302,2019,regular,12,2019-11-14 01:00:00+00:00,2649,Toledo,2459,Northern Illinois,Bovada,-2.5,,55.5,,,
401119302,2019,regular,12,2019-11-14 01:00:00+00:00,2649,Toledo,2459,Northern Illinois,teamrankings,-2.5,,54.5,,,
401119302,2019,regular,12,2019-11-14 01:00:00+00:00,2649,Toledo,2459,Northern Illinois,numberfire,-2.5,,54.5,,,
401119302,2019,regular,12,2019-11-14 01:00:00+00:00,2649,Toledo,2459,Northern Illinois,consensus,-2,,55.5,,,
401119302,2019,regular,12,2019-11-14 01:00:00+00:00,2649,Toledo,2459,Northern Illinois,Caesars,-2,,54.5,,,
401110853,2019,regular,12,2019-11-17 00:30:00+00:00,245,Texas A&M,2579,South Carolina,Bovada,-10.5,,47,,,
401110853,2019,regular,12,2019-11-17 00:30:00+00:00,245,Texas A&M,2579,South Carolina,teamrankings,-10.5,,49,,,
401110853,2019,regular,12,2019-11-17 00:30:00+00:00,245,Texas A&M,2579,South Carolina,numberfire,-11,,48.5,,,
401110853,2019,regular,12,2019-11-17 00:30:00+00:00,245,Texas A&M,2579,South Carolina,consensus,-10.5,,47,,,
401110853,2019,regular,12,2019-11-17 00:30:00+00:00,245,Texas A&M,2579,South Carolina,Caesars,-10.5,,47.5,,,
401117545,2019,regular,12,2019-11-17 03:15:00+00:00,68,Boise State,167,New Mexico,Bovada,-26,,57.5,,,
401117545,2019,regular,12,2019-11-17 03:15:00+00:00,68,Boise State,167,New Mexico,teamrankings,-27.5,,59,,,
401117545,2019,regular,12,2019-11-17 03:15:00+00:00,68,Boise State,167,New Mexico,numberfire,-27.5,,58.5,,,
401117545,2019,regular,12,2019-11-17 03:15:00+00:00,68,Boise State,167,New Mexico,consensus,-26,,57.5,,,
401117545,2019,regular,12,2019-11-17 03:15:00+00:00,68,Boise State,167,New Mexico,Caesars,-26,,58.5,,,
401112083,2019,regular,13,2019-11-23 20:30:00+00:00,239,Baylor,251,Texas,Bovada,-4,,58.5,,,
401112083,2019,regular,13,2019-11-23 20:30:00+00:00,239,Baylor,251,Texas,teamrankings,-3.5,,58,,,
401112083,2019,regular,13,2019-11-23 20:30:00+00:00,239,Baylor,251,Texas,numberfire,-4,,58,,,
401112083,2019,regular,13,2019-11-23 20:30:00+00:00,239,Baylor,251,Texas,consensus,-4,,58,,,
401112083,2019,regular,13,2019-11-23 20:30:00+00:00,239,Baylor,251,Texas,Caesars,-4,,58.5,,,
401117911,2019,regular,13,2019-11-23 20:30:00+00:00,2426,Navy,2567,SMU,Bovada,-3.5,,69,,,
401117911,2019,regular,13,2019-11-23 20:30:00+00:00,2426,Navy,2567,SMU,teamrankings,-3.5,,68.5,,,
401117911,2019,regular,13,2019-11-23 20:30:00+00:00,2426,Navy,2567,SMU,numberfire,-3.5,,68.5,,,
401117911,2019,regular,13,2019-11-23 20:30:00+00:00,2426,Navy,2567,SMU,consensus,-3.5,,69,,,
401117911,2019,regular,13,2019-11-23 20:30:00+00:00,2426,Navy,2567,SMU,Caesars,-3.5,,69,,,
401117551,2019,regular,13,2019-11-24 03:30:00+00:00,278,Fresno State,2440,Nevada,Bovada,-13,,52,,,
401117551,2019,regular,13,2019-11-24 03:30:00+00:00,278,Fresno State,2440,Nevada,teamrankings,-13.5,,51.5,,,
401117551,2019,regular,13,2019-11-24 03:30:00+00:00,278,Fresno State,2440,Nevada,numberfire,-13.5,,51,,,
401117551,2019,regular,13,2019-11-24 03:30:00+00:00,278,Fresno State,2440,Nevada,consensus,-12.5,,51.5,,,
401117551,2019,regular,13,2019-11-24 03:30:00+00:00,278,Fresno State,2440,Nevada,Caesars,-13.5,,51.5,,,
401117908,2019,regular,13,2019-11-23 17:00:00+00:00,41,UConn,151,East Carolina,Bovada,16,,64.5,,,
401117908,2019,regular,13,2019-11-23 17:00:00+00:00,41,UConn,151,East Carolina,teamrankings,15.5,,64,,,
401117908,2019,regular,13,2019-11-23 17:00:00+00:00,41,UConn,151,East Carolina,numberfire,14.5,,64,,,
401117908,2019,regular,13,2019-11-23 17:00:00+00:00,41,UConn,151,East Carolina,consensus,15.5,,64,,,
401117908,2019,regular,13,2019-11-23 17:00:00+00:00,41,UConn,151,East Carolina,Caesars,16,,64,,,
401112167,2019,regular,13,2019-11-23 20:30:00+00:00,84,Indiana,130,Michigan,Bovada,10,,54.5,,,
401112167,2019,regular,13,2019-11-23 20:30:00+00:00,84,Indiana,130,Michigan,teamrankings,10,,52.5,,,
401112167,2019,regular,13,2019-11-23 20:30:00+00:00,84,Indiana,130,Michigan,numberfire,10,,53.5,,,
401112167,2019,regular,13,2019-11-23 20:30:00+00:00,84,Indiana,130,Michigan,consensus,9.5,,53.5,,,
401112167,2019,regular,13,2019-11-23 20:30:00+00:00,84,Indiana,130,Michigan,Caesars,10,,53.5,,,
401112515,2019,regular,13,2019-11-24 00:30:00+00:00,154,Wake Forest,150,Duke,Bovada,-7,,50.5,,,
401112515,2019,regular,13,2019-11-24 00:30:00+00:00,154,Wake Forest,150,Duke,teamrankings,-6.5,,50,,,
401112515,2019,regular,13,2019-11-24 00:30:00+00:00,154,Wake Forest,150,Duke,numberfire,-6.5,,49,,,
401112515,2019,regular,13,2019-11-24 00:30:00+00:00,154,Wake Forest,150,Duke,consensus,-6.5,,50,,,
401112515,2019,regular,13,2019-11-24 00:30:00+00:00,154,Wake Forest,150,Duke,Caesars,-6.5,,50.5,,,
401119305,2019,regular,13,2019-11-20 00:30:00+00:00,2459,Northern Illinois,2199,Eastern Michigan,Bovada,-3,,58,,,
401119305,2019,regular,13,2019-11-20 00:30:00+00:00,2459,Northern Illinois,2199,Eastern Michigan,teamrankings,-3.5,,56.5,,,
401119305,2019,regular,13,2019-11-20 00:30:00+00:00,2459,Northern Illinois,2199,Eastern Michigan,numberfire,-4,,57,,,
401119305,2019,regular,13,2019-11-20 00:30:00+00:00,2459,Northern Illinois,2199,Eastern Michigan,consensus,-3.5,,58,,,
401119305,2019,regular,13,2019-11-20 00:30:00+00:00,2459,Northern Illinois,2199,Eastern Michigan,Caesars,-3.5,,58,,,
401110857,2019,regular,13,2019-11-23 20:30:00+00:00,61,Georgia,245,Texas A&M,Bovada,-12,,43.5,,,
401110857,2019,regular,13,2019-11-23 20:30:00+00:00,61,Georgia,245,Texas A&M,teamrankings,-11.5,,43.5,,,
401110857,2019,regular,13,2019-11-23 20:30:00+00:00,61,Georgia,245,Texas A&M,numberfire,-12,,42.5,,,
401110857,2019,regular,13,2019-11-23 20:30:00+00:00,61,Georgia,245,Texas A&M,consensus,-12,,43.5,,,
401110857,2019,regular,13,2019-11-23 20:30:00+00:00,61,Georgia,245,Texas A&M,Caesars,-12.5,,43.5,,,
401112520,2019,regular,13,2019-11-23 17:00:00+00:00,258,Virginia,2335,Liberty,Bovada,-16,,58,,,
401112520,2019,regular,13,2019-11-23 17:00:00+00:00,258,Virginia,2335,Liberty,teamrankings,-16.5,,58,,,
401112520,2019,regular,13,2019-11-23 17:00:00+00:00,258,Virginia,2335,Liberty,numberfire,-16,,58,,,
401112520,2019,regular,13,2019-11-23 17:00:00+00:00,258,Virginia,2335,Liberty,consensus,-16.5,,58,,,
401112520,2019,regular,13,2019-11-23 17:00:00+00:00,258,Virginia,2335,Liberty,Caesars,-16.5,,58,,,
401117906,2019,regular,13,2019-11-23 17:00:00+00:00,2655,Tulane,2116,UCF,Bovada,7,,73.5,,,
401117906,2019,regular,13,2019-11-23 17:00:00+00:00,2655,Tulane,2116,UCF,teamrankings,7,,73.5,,,
401117906,2019,regular,13,2019-11-23 17:00:00+00:00,2655,Tulane,2116,UCF,numberfire,7,,73,,,
401117906,2019,regular,13,2019-11-23 17:00:00+00:00,2655,Tulane,2116,UCF,consensus,7,,72.5,,,
401117906,2019,regular,13,2019-11-23 17:00:00+00:00,2655,Tulane,2116,UCF,Caesars,7,,72.5,,,
401114358,2019,regular,13,2019-11-23 17:00:00+00:00,113,Massachusetts,252,BYU,Bovada,42.5,,69,,,
401114358,2019,regular,13,2019-11-23 17:00:00+00:00,113,Massachusetts,252,BYU,teamrankings,41.5,,69,,,
401114358,2019,regular,13,2019-11-23 17:00:00+00:00,113,Massachusetts,252,BYU,numberfire,42,,69,,,
401114358,2019,regular,13,2019-11-23 17:00:00+00:00,113,Massachusetts,252,BYU,consensus,41.5,,69,,,
401114358,2019,regular,13,2019-11-23 17:00:00+00:00,113,Massachusetts,252,BYU,Caesars,41.5,,69,,,
401112263,2019,regular,13,2019-11-23 21:00:00+00:00,275,Wisconsin,2509,Purdue,Bovada,-25,,49.5,,,
401112263,2019,regular,13,2019-11-23 21:00:00+00:00,275,Wisconsin,2509,Purdue,teamrankings,-24.5,,49,,,
401112263,2019,regular,13,2019-11-23 21:00:00+00:00,275,Wisconsin,2509,Purdue,numberfire,-24.5,,48.5,,,
401112263,2019,regular,13,2019-11-23 21:00:00+00:00,275,Wisconsin,2509,Purdue,consensus,-24.5,,48.5,,,
401112263,2019,regular,13,2019-11-23 21:00:00+00:00,275,Wisconsin,2509,Purdue,Caesars,-25,,49,,,
401112155,2019,regular,13,2019-11-23 17:00:00+00:00,2294,Iowa,356,Illinois,Bovada,-15,,48,,,
401112155,2019,regular,13,2019-11-23 17:00:00+00:00,2294,Iowa,356,Illinois,teamrankings,-15,,48.5,,,
401112155,2019,regular,13,2019-11-23 17:00:00+00:00,2294,Iowa,356,Illinois,numberfire,-15.5,,48.5,,,
401112155,2019,regular,13,2019-11-23 17:00:00+00:00,2294,Iowa,356,Illinois,consensus,-15.5,,48.5,,,
401112155,2019,regular,13,2019-11-23 17:00:00+00:00,2294,Iowa,356,Illinois,Caesars,-15.5,,48.5,,,
401112120,2019,regular,13,2019-11-24 01:00:00+00:00,201,Oklahoma,2628,TCU,Bovada,-19,,65.5,,,
401112120,2019,regular,13,2019-11-24 01:00:00+00:00,201,Oklahoma,2628,TCU,teamrankings,-18.5,,65,,,
401112120,2019,regular,13,2019-11-24 01:00:00+00:00,201,Oklahoma,2628,TCU,numberfire,-18.5,,65,,,
401112120,2019,regular,13,2019-11-24 01:00:00+00:00,201,Oklahoma,2628,TCU,consensus,-18,,65,,,
401112120,2019,regular,13,2019-11-24 01:00:00+00:00,201,Oklahoma,2628,TCU,Caesars,-18.5,,65.5,,,
401112113,2019,regular,13,2019-11-24 00:00:00+00:00,2641,Texas Tech,2306,Kansas State,Bovada,1,,57.5,,,
401112113,2019,regular,13,2019-11-24 00:00:00+00:00,2641,Texas Tech,2306,Kansas State,teamrankings,-1,,58,,,
401112113,2019,regular,13,2019-11-24 00:00:00+00:00,2641,Texas Tech,2306,Kansas State,numberfire,-1,,57,,,
401112113,2019,regular,13,2019-11-24 00:00:00+00:00,2641,Texas Tech,2306,Kansas State,consensus,-1,,57,,,
401112113,2019,regular,13,2019-11-24 00:00:00+00:00,2641,Texas Tech,2306,Kansas State,Caesars,-1,,58,,,
401114313,2019,regular,13,2019-11-23 20:30:00+00:00,2429,Charlotte,276,Marshall,Bovada,6.5,,56.5,,,
401114313,2019,regular,13,2019-11-23 20:30:00+00:00,2429,Charlotte,276,Marshall,teamrankings,6.5,,57,,,
401114313,2019,regular,13,2019-11-23 20:30:00+00:00,2429,Charlotte,276,Marshall,numberfire,7,,55.5,,,
401114313,2019,regular,13,2019-11-23 20:30:00+00:00,2429,Charlotte,276,Marshall,consensus,6.5,,56.5,,,
401114313,2019,regular,13,2019-11-23 20:30:00+00:00,2429,Charlotte,276,Marshall,Caesars,7,,56,,,
401119306,2019,regular,13,2019-11-20 00:30:00+00:00,189,Bowling Green,195,Ohio,Bovada,21.5,,56,,,
401119306,2019,regular,13,2019-11-20 00:30:00+00:00,189,Bowling Green,195,Ohio,teamrankings,21,,55.5,,,
401119306,2019,regular,13,2019-11-20 00:30:00+00:00,189,Bowling Green,195,Ohio,numberfire,21,,56,,,
401119306,2019,regular,13,2019-11-20 00:30:00+00:00,189,Bowling Green,195,Ohio,consensus,20.5,,55.5,,,
401119306,2019,regular,13,2019-11-20 00:30:00+00:00,189,Bowling Green,195,Ohio,Caesars,21,,56,,,
401112236,2019,regular,13,2019-11-23 17:00:00+00:00,77,Northwestern,135,Minnesota,Bovada,16.5,,41.5,,,
401112236,2019,regular,13,2019-11-23 17:00:00+00:00,77,Northwestern,135,Minnesota,teamrankings,15.5,,41,,,
401112236,2019,regular,13,2019-11-23 17:00:00+00:00,77,Northwestern,135,Minnesota,numberfire,16,,41,,,
401112236,2019,regular,13,2019-11-23 17:00:00+00:00,77,Northwestern,135,Minnesota,consensus,16,,40.5,,,
401112236,2019,regular,13,2019-11-23 17:00:00+00:00,77,Northwestern,135,Minnesota,Caesars,16.5,,42.5,,,
401119307,2019,regular,13,2019-11-21 00:30:00+00:00,193,Miami (OH),2006,Akron,Bovada,-29,,45.5,,,
401119307,2019,regular,13,2019-11-21 00:30:00+00:00,193,Miami (OH),2006,Akron,teamrankings,-30.5,,44.5,,,
401119307,2019,regular,13,2019-11-21 00:30:00+00:00,193,Miami (OH),2006,Akron,numberfire,-30,,45,,,
401119307,2019,regular,13,2019-11-21 00:30:00+00:00,193,Miami (OH),2006,Akron,consensus,-28,,45,,,
401119307,2019,regular,13,2019-11-21 00:30:00+00:00,193,Miami (OH),2006,Akron,Caesars,-28.5,,45,,,
401112210,2019,regular,13,2019-11-23 20:30:00+00:00,120,Maryland,158,Nebraska,Bovada,7,,63,,,
401112210,2019,regular,13,2019-11-23 20:30:00+00:00,120,Maryland,158,Nebraska,teamrankings,7,,63,,,
401112210,2019,regular,13,2019-11-23 20:30:00+00:00,120,Maryland,158,Nebraska,numberfire,6.5,,63.5,,,
401112210,2019,regular,13,2019-11-23 20:30:00+00:00,120,Maryland,158,Nebraska,consensus,6.5,,63.5,,,
401112210,2019,regular,13,2019-11-23 20:30:00+00:00,120,Maryland,158,Nebraska,Caesars,6.5,,63.5,,,
401112513,2019,regular,13,2019-11-22 01:00:00+00:00,59,Georgia Tech,152,NC State,Bovada,2.5,,46.5,,,
401112513,2019,regular,13,2019-11-22 01:00:00+00:00,59,Georgia Tech,152,NC State,teamrankings,2.5,,46.5,,,
401112513,2019,regular,13,2019-11-22 01:00:00+00:00,59,Georgia Tech,152,NC State,numberfire,2.5,,46.5,,,
401112513,2019,regular,13,2019-11-22 01:00:00+00:00,59,Georgia Tech,152,NC State,consensus,2.5,,46.5,,,
401112513,2019,regular,13,2019-11-22 01:00:00+00:00,59,Georgia Tech,152,NC State,Caesars,2.5,,46.5,,,
401112094,2019,regular,13,2019-11-23 17:00:00+00:00,66,Iowa State,2305,Kansas,Bovada,-26,,58.5,,,
401112094,2019,regular,13,2019-11-23 17:00:00+00:00,66,Iowa State,2305,Kansas,teamrankings,-26.5,,58,,,
401112094,2019,regular,13,2019-11-23 17:00:00+00:00,66,Iowa State,2305,Kansas,numberfire,-26.5,,58.5,,,
401112094,2019,regular,13,2019-11-23 17:00:00+00:00,66,Iowa State,2305,Kansas,consensus,-26.5,,58.5,,,
401112094,2019,regular,13,2019-11-23 17:00:00+00:00,66,Iowa State,2305,Kansas,Caesars,-26.5,,57.5,,,
401112514,2019,regular,13,2019-11-23 19:30:00+00:00,87,Notre Dame,103,Boston College,Bovada,-21,,65.5,,,
401112514,2019,regular,13,2019-11-23 19:30:00+00:00,87,Notre Dame,103,Boston College,teamrankings,-20.5,,66,,,
401112514,2019,regular,13,2019-11-23 19:30:00+00:00,87,Notre Dame,103,Boston College,numberfire,-20.5,,65,,,
401112514,2019,regular,13,2019-11-23 19:30:00+00:00,87,Notre Dame,103,Boston College,consensus,-20.5,,65.5,,,
401112514,2019,regular,13,2019-11-23 19:30:00+00:00,87,Notre Dame,103,Boston College,Caesars,-20.5,,65.5,,,
401112128,2019,regular,13,2019-11-23 17:00:00+00:00,277,West Virginia,197,Oklahoma State,Bovada,7,,56.5,,,
401112128,2019,regular,13,2019-11-23 17:00:00+00:00,277,West Virginia,197,Oklahoma State,teamrankings,7,,56,,,
401112128,2019,regular,13,2019-11-23 17:00:00+00:00,277,West Virginia,197,Oklahoma State,numberfire,6.5,,56,,,
401112128,2019,regular,13,2019-11-23 17:00:00+00:00,277,West Virginia,197,Oklahoma State,consensus,6.5,,56,,,
401112128,2019,regular,13,2019-11-23 17:00:00+00:00,277,West Virginia,197,Oklahoma State,Caesars,7,,56,,,
401117907,2019,regular,13,2019-11-24 00:00:00+00:00,2132,Cincinnati,218,Temple,Bovada,-9,,44.5,,,
401117907,2019,regular,13,2019-11-24 00:00:00+00:00,2132,Cincinnati,218,Temple,teamrankings,-9,,44.5,,,
401117907,2019,regular,13,2019-11-24 00:00:00+00:00,2132,Cincinnati,218,Temple,numberfire,-8.5,,44,,,
401117907,2019,regular,13,2019-11-24 00:00:00+00:00,2132,Cincinnati,218,Temple,consensus,-9,,44.5,,,
401117907,2019,regular,13,2019-11-24 00:00:00+00:00,2132,Cincinnati,218,Temple,Caesars,-9,,44,,,
401114317,2019,regular,13,2019-11-23 20:30:00+00:00,242,Rice,249,North Texas,Bovada,6.5,,55,,,
401114317,2019,regular,13,2019-11-23 20:30:00+00:00,242,Rice,249,North Texas,teamrankings,6.5,,55,,,
401114317,2019,regular,13,2019-11-23 20:30:00+00:00,242,Rice,249,North Texas,numberfire,6.5,,55,,,
401114317,2019,regular,13,2019-11-23 20:30:00+00:00,242,Rice,249,North Texas,consensus,6.5,,55,,,
401114317,2019,regular,13,2019-11-23 20:30:00+00:00,242,Rice,249,North Texas,Caesars,7,,54.5,,,
401117553,2019,regular,13,2019-11-23 21:00:00+00:00,2439,UNLV,23,San José State,Bovada,7,,65.5,,,
401117553,2019,regular,13,2019-11-23 21:00:00+00:00,2439,UNLV,23,San José State,teamrankings,7,,65.5,,,
401117553,2019,regular,13,2019-11-23 21:00:00+00:00,2439,UNLV,23,San José State,numberfire,7,,65.5,,,
401117553,2019,regular,13,2019-11-23 21:00:00+00:00,2439,UNLV,23,San José State,consensus,7,,65.5,,,
401117553,2019,regular,13,2019-11-23 21:00:00+00:00,2439,UNLV,23,San José State,Caesars,7,,65.5,,,
401121975,2019,regular,13,2019-11-23 22:00:00+00:00,2433,UL Monroe,324,Coastal Carolina,Bovada,-6,,63.5,,,
401121975,2019,regular,13,2019-11-23 22:00:00+00:00,2433,UL Monroe,324,Coastal Carolina,teamrankings,-6,,63.5,,,
401121975,2019,regular,13,2019-11-23 22:00:00+00:00,2433,UL Monroe,324,Coastal Carolina,numberfire,-6,,63.5,,,
401121975,2019,regular,13,2019-11-23 22:00:00+00:00,2433,UL Monroe,324,Coastal Carolina,consensus,-6,,63.5,,,
401121975,2019,regular,13,2019-11-23 22:00:00+00:00,2433,UL Monroe,324,Coastal Carolina,Caesars,-6,,63.5,,,
401114217,2019,regular,13,2019-11-23 20:30:00+00:00,30,USC,26,UCLA,Bovada,-13.5,,67,,,
401114217,2019,regular,13,2019-11-23 20:30:00+00:00,30,USC,26,UCLA,teamrankings,-12.5,,66,,,
401114217,2019,regular,13,2019-11-23 20:30:00+00:00,30,USC,26,UCLA,numberfire,-13.5,,66.5,,,
401114217,2019,regular,13,2019-11-23 20:30:00+00:00,30,USC,26,UCLA,consensus,-13.5,,66,,,
401114217,2019,regular,13,2019-11-23 20:30:00+00:00,30,USC,26,UCLA,Caesars,-14,,66,,,
401117550,2019,regular,13,2019-11-23 02:30:00+00:00,2751,Wyoming,36,Colorado State,Bovada,-5,,50.5,,,
401117550,2019,regular,13,2019-11-23 02:30:00+00:00,2751,Wyoming,36,Colorado State,teamrankings,-5.5,,50.5,,,
401117550,2019,regular,13,2019-11-23 02:30:00+00:00,2751,Wyoming,36,Colorado State,numberfire,-5.5,,51,,,
401117550,2019,regular,13,2019-11-23 02:30:00+00:00,2751,Wyoming,36,Colorado State,consensus,-4.5,,51,,,
401117550,2019,regular,13,2019-11-23 02:30:00+00:00,2751,Wyoming,36,Colorado State,Caesars,-4.5,,51,,,
401114316,2019,regular,13,2019-11-23 21:30:00+00:00,2393,Middle Tennessee,295,Old Dominion,Bovada,-13.5,,47,,,
401114316,2019,regular,13,2019-11-23 21:30:00+00:00,2393,Middle Tennessee,295,Old Dominion,teamrankings,-13.5,,47,,,
401114316,2019,regular,13,2019-11-23 21:30:00+00:00,2393,Middle Tennessee,295,Old Dominion,numberfire,-13.5,,47,,,
401114316,2019,regular,13,2019-11-23 21:30:00+00:00,2393,Middle Tennessee,295,Old Dominion,consensus,-13.5,,47,,,
401114316,2019,regular,13,2019-11-23 21:30:00+00:00,2393,Middle Tennessee,295,Old Dominion,Caesars,-13.5,,47.5,,,
401117910,2019,regular,13,2019-11-24 00:30:00+00:00,202,Tulsa,248,Houston,Bovada,-6.5,,58,,,
401117910,2019,regular,13,2019-11-24 00:30:00+00:00,202,Tulsa,248,Houston,teamrankings,-5,,57.5,,,
401117910,2019,regular,13,2019-11-24 00:30:00+00:00,202,Tulsa,248,Houston,numberfire,-5,,57.5,,,
401117910,2019,regular,13,2019-11-24 00:30:00+00:00,202,Tulsa,248,Houston,consensus,-6,,57.5,,,
401117910,2019,regular,13,2019-11-24 00:30:00+00:00,202,Tulsa,248,Houston,Caesars,-6,,57,,,
401117909,2019,regular,13,2019-11-23 21:00:00+00:00,58,South Florida,235,Memphis,Bovada,15.5,,60.5,,,
401117909,2019,regular,13,2019-11-23 21:00:00+00:00,58,South Florida,235,Memphis,teamrankings,15.5,,60,,,
401117909,2019,regular,13,2019-11-23 21:00:00+00:00,58,South Florida,235,Memphis,numberfire,14.5,,60.5,,,
401117909,2019,regular,13,2019-11-23 21:00:00+00:00,58,South Florida,235,Memphis,consensus,14.5,,60.5,,,
401117909,2019,regular,13,2019-11-23 21:00:00+00:00,58,South Florida,235,Memphis,Caesars,14.5,,60.5,,,
401112516,2019,regular,13,2019-11-23 21:00:00+00:00,97,Louisville,183,Syracuse,Bovada,-7.5,,64.5,,,
401112516,2019,regular,13,2019-11-23 21:00:00+00:00,97,Louisville,183,Syracuse,teamrankings,-9,,64,,,
401112516,2019,regular,13,2019-11-23 21:00:00+00:00,97,Louisville,183,Syracuse,numberfire,-7.5,,65,,,
401112516,2019,regular,13,2019-11-23 21:00:00+00:00,97,Louisville,183,Syracuse,consensus,-7.5,,64,,,
401112516,2019,regular,13,2019-11-23 21:00:00+00:00,97,Louisville,183,Syracuse,Caesars,-7.5,,64,,,
401114314,2019,regular,13,2019-11-23 23:00:00+00:00,2636,UTSA,2226,Florida Atlantic,Bovada,22,,57.5,,,
401114314,2019,regular,13,2019-11-23 23:00:00+00:00,2636,UTSA,2226,Florida Atlantic,teamrankings,21.5,,57,,,
401114314,2019,regular,13,2019-11-23 23:00:00+00:00,2636,UTSA,2226,Florida Atlantic,numberfire,21.5,,57.5,,,
401114314,2019,regular,13,2019-11-23 23:00:00+00:00,2636,UTSA,2226,Florida Atlantic,consensus,21.5,,57.5,,,
401114314,2019,regular,13,2019-11-23 23:00:00+00:00,2636,UTSA,2226,Florida Atlantic,Caesars,21,,59,,,
401117549,2019,regular,13,2019-11-24 03:30:00+00:00,328,Utah State,68,Boise State,Bovada,4.5,,54.5,,,
401117549,2019,regular,13,2019-11-24 03:30:00+00:00,328,Utah State,68,Boise State,teamrankings,9.5,,53,,,
401117549,2019,regular,13,2019-11-24 03:30:00+00:00,328,Utah State,68,Boise State,numberfire,9.5,,52.5,,,
401117549,2019,regular,13,2019-11-24 03:30:00+00:00,328,Utah State,68,Boise State,consensus,4,,54,,,
401117549,2019,regular,13,2019-11-24 03:30:00+00:00,328,Utah State,68,Boise State,Caesars,4,,54,,,
401114318,2019,regular,13,2019-11-23 20:30:00+00:00,2572,Southern Miss,98,Western Kentucky,Bovada,-3.5,,51,,,
401114318,2019,regular,13,2019-11-23 20:30:00+00:00,2572,Southern Miss,98,Western Kentucky,teamrankings,-3,,51,,,
401114318,2019,regular,13,2019-11-23 20:30:00+00:00,2572,Southern Miss,98,Western Kentucky,numberfire,-3,,51,,,
401114318,2019,regular,13,2019-11-23 20:30:00+00:00,2572,Southern Miss,98,Western Kentucky,consensus,-3.5,,51,,,
401114318,2019,regular,13,2019-11-23 20:30:00+00:00,2572,Southern Miss,98,Western Kentucky,Caesars,-3.5,,51,,,
401117552,2019,regular,13,2019-11-24 04:00:00+00:00,62,Hawai'i,21,San Diego State,Bovada,-1,,46.5,,,
401117552,2019,regular,13,2019-11-24 04:00:00+00:00,62,Hawai'i,21,San Diego State,teamrankings,-1,,47,,,
401117552,2019,regular,13,2019-11-24 04:00:00+00:00,62,Hawai'i,21,San Diego State,numberfire,-1.5,,47,,,
401117552,2019,regular,13,2019-11-24 04:00:00+00:00,62,Hawai'i,21,San Diego State,consensus,-1,,46.5,,,
401117552,2019,regular,13,2019-11-24 04:00:00+00:00,62,Hawai'i,21,San Diego State,Caesars,0,,46.5,,,
401114315,2019,regular,13,2019-11-23 20:30:00+00:00,5,UAB,2348,Louisiana Tech,Bovada,-6.5,,44.5,,,
401114315,2019,regular,13,2019-11-23 20:30:00+00:00,5,UAB,2348,Louisiana Tech,teamrankings,-6.5,,44,,,
401114315,2019,regular,13,2019-11-23 20:30:00+00:00,5,UAB,2348,Louisiana Tech,numberfire,-6.5,,44,,,
401114315,2019,regular,13,2019-11-23 20:30:00+00:00,5,UAB,2348,Louisiana Tech,consensus,-6.5,,44,,,
401114315,2019,regular,13,2019-11-23 20:30:00+00:00,5,UAB,2348,Louisiana Tech,Caesars,-6.5,,44,,,
401114182,2019,regular,13,2019-11-23 21:00:00+00:00,24,Stanford,25,California,Bovada,0,,41,,,
401114182,2019,regular,13,2019-11-23 21:00:00+00:00,24,Stanford,25,California,teamrankings,1,,41.5,,,
401114182,2019,regular,13,2019-11-23 21:00:00+00:00,24,Stanford,25,California,numberfire,-1,,42,,,
401114182,2019,regular,13,2019-11-23 21:00:00+00:00,24,Stanford,25,California,consensus,-1,,41,,,
401114182,2019,regular,13,2019-11-23 21:00:00+00:00,24,Stanford,25,California,Caesars,-1,,42,,,
401121974,2019,regular,13,2019-11-23 20:00:00+00:00,2032,Arkansas State,290,Georgia Southern,Bovada,-1,,52,,,
401121974,2019,regular,13,2019-11-23 20:00:00+00:00,2032,Arkansas State,290,Georgia Southern,teamrankings,-1,,52.5,,,
401121974,2019,regular,13,2019-11-23 20:00:00+00:00,2032,Arkansas State,290,Georgia Southern,numberfire,-1,,52.5,,,
401121974,2019,regular,13,2019-11-23 20:00:00+00:00,2032,Arkansas State,290,Georgia Southern,consensus,-1.5,,52.5,,,
401121974,2019,regular,13,2019-11-23 20:00:00+00:00,2032,Arkansas State,290,Georgia Southern,Caesars,-1.5,,51.5,,,
401112519,2019,regular,13,2019-11-23 20:30:00+00:00,259,Virginia Tech,221,Pittsburgh,Bovada,-4,,43.5,,,
401112519,2019,regular,13,2019-11-23 20:30:00+00:00,259,Virginia Tech,221,Pittsburgh,teamrankings,-3.5,,44,,,
401112519,2019,regular,13,2019-11-23 20:30:00+00:00,259,Virginia Tech,221,Pittsburgh,numberfire,-3.5,,42.5,,,
401112519,2019,regular,13,2019-11-23 20:30:00+00:00,259,Virginia Tech,221,Pittsburgh,consensus,-3.5,,43.5,,,
401112519,2019,regular,13,2019-11-23 20:30:00+00:00,259,Virginia Tech,221,Pittsburgh,Caesars,-4,,43,,,
401114162,2019,regular,13,2019-11-24 00:30:00+00:00,9,Arizona State,2483,Oregon,Bovada,14,,55,,,
401114162,2019,regular,13,2019-11-24 00:30:00+00:00,9,Arizona State,2483,Oregon,teamrankings,13,,54,,,
401114162,2019,regular,13,2019-11-24 00:30:00+00:00,9,Arizona State,2483,Oregon,numberfire,13,,54,,,
401114162,2019,regular,13,2019-11-24 00:30:00+00:00,9,Arizona State,2483,Oregon,consensus,13.5,,54.5,,,
401114162,2019,regular,13,2019-11-24 00:30:00+00:00,9,Arizona State,2483,Oregon,Caesars,13.5,,55,,,
401119308,2019,regular,13,2019-11-21 00:30:00+00:00,2084,Buffalo,2649,Toledo,Bovada,-10,,54.5,,,
401119308,2019,regular,13,2019-11-21 00:30:00+00:00,2084,Buffalo,2649,Toledo,teamrankings,-9.5,,55,,,
401119308,2019,regular,13,2019-11-21 00:30:00+00:00,2084,Buffalo,2649,Toledo,numberfire,-9.5,,54,,,
401119308,2019,regular,13,2019-11-21 00:30:00+00:00,2084,Buffalo,2649,Toledo,consensus,-10,,54,,,
401119308,2019,regular,13,2019-11-21 00:30:00+00:00,2084,Buffalo,2649,Toledo,Caesars,-10.5,,53.5,,,
401112256,2019,regular,13,2019-11-23 17:00:00+00:00,194,Ohio State,213,Penn State,Bovada,-20,,59,,,
401112256,2019,regular,13,2019-11-23 17:00:00+00:00,194,Ohio State,213,Penn State,teamrankings,-20,,58,,,
401112256,2019,regular,13,2019-11-23 17:00:00+00:00,194,Ohio State,213,Penn State,numberfire,-20,,58,,,
401112256,2019,regular,13,2019-11-23 17:00:00+00:00,194,Ohio State,213,Penn State,consensus,-20,,58,,,
401112256,2019,regular,13,2019-11-23 17:00:00+00:00,194,Ohio State,213,Penn State,Caesars,-20.5,,58.5,,,
401112220,2019,regular,13,2019-11-23 17:00:00+00:00,164,Rutgers,127,Michigan State,Bovada,22.5,,43.5,,,
401112220,2019,regular,13,2019-11-23 17:00:00+00:00,164,Rutgers,127,Michigan State,teamrankings,22,,43,,,
401112220,2019,regular,13,2019-11-23 17:00:00+00:00,164,Rutgers,127,Michigan State,numberfire,21.5,,43.5,,,
401112220,2019,regular,13,2019-11-23 17:00:00+00:00,164,Rutgers,127,Michigan State,consensus,21.5,,43.5,,,
401110861,2019,regular,13,2019-11-24 00:30:00+00:00,142,Missouri,2633,Tennessee,Bovada,-3,,47,,,
401110861,2019,regular,13,2019-11-24 00:30:00+00:00,142,Missouri,2633,Tennessee,teamrankings,-3,,47,,,
401110861,2019,regular,13,2019-11-24 00:30:00+00:00,142,Missouri,2633,Tennessee,numberfire,-3,,47,,,
401110861,2019,regular,13,2019-11-24 00:30:00+00:00,142,Missouri,2633,Tennessee,consensus,-2.5,,47.5,,,
401110861,2019,regular,13,2019-11-24 00:30:00+00:00,142,Missouri,2633,Tennessee,Caesars,-2.5,,46.5,,,
401114206,2019,regular,13,2019-11-24 02:00:00+00:00,265,Washington State,204,Oregon State,Bovada,-10.5,,77.5,,,
401114206,2019,regular,13,2019-11-24 02:00:00+00:00,265,Washington State,204,Oregon State,teamrankings,-10.5,,77.5,,,
401114206,2019,regular,13,2019-11-24 02:00:00+00:00,265,Washington State,204,Oregon State,numberfire,-10.5,,77.5,,,
401114206,2019,regular,13,2019-11-24 02:00:00+00:00,265,Washington State,204,Oregon State,consensus,-10.5,,77.5,,,
401114206,2019,regular,13,2019-11-24 02:00:00+00:00,265,Washington State,204,Oregon State,Caesars,-11,,78,,,
401114173,2019,regular,13,2019-11-24 03:00:00+00:00,12,Arizona,254,Utah,Bovada,24.5,,55.5,,,
401114173,2019,regular,13,2019-11-24 03:00:00+00:00,12,Arizona,254,Utah,teamrankings,23.5,,57,,,
401114173,2019,regular,13,2019-11-24 03:00:00+00:00,12,Arizona,254,Utah,numberfire,23.5,,57,,,
401114173,2019,regular,13,2019-11-24 03:00:00+00:00,12,Arizona,254,Utah,consensus,23.5,,57.5,,,
401114173,2019,regular,13,2019-11-24 03:00:00+00:00,12,Arizona,254,Utah,Caesars,24,,57.5,,,
401110859,2019,regular,13,2019-11-24 00:00:00+00:00,99,LSU,8,Arkansas,Bovada,-41.5,,68.5,,,
401110859,2019,regular,13,2019-11-24 00:00:00+00:00,99,LSU,8,Arkansas,teamrankings,-42,,69.5,,,
401110859,2019,regular,13,2019-11-24 00:00:00+00:00,99,LSU,8,Arkansas,numberfire,-42,,69,,,
401110859,2019,regular,13,2019-11-24 00:00:00+00:00,99,LSU,8,Arkansas,consensus,-41.5,,69,,,
401110859,2019,regular,13,2019-11-24 00:00:00+00:00,99,LSU,8,Arkansas,Caesars,-41,,69,,,
401112517,2019,regular,13,2019-11-24 00:00:00+00:00,2229,Florida International,2390,Miami,Bovada,21.5,,51,,,
401112517,2019,regular,13,2019-11-24 00:00:00+00:00,2229,Florida International,2390,Miami,teamrankings,21,,50.5,,,
401112517,2019,regular,13,2019-11-24 00:00:00+00:00,2229,Florida International,2390,Miami,numberfire,20.5,,50.5,,,
401112517,2019,regular,13,2019-11-24 00:00:00+00:00,2229,Florida International,2390,Miami,consensus,21,,50.5,,,
401112517,2019,regular,13,2019-11-24 00:00:00+00:00,2229,Florida International,2390,Miami,Caesars,21,,50.5,,,
401110863,2019,regular,14,2019-11-29 00:30:00+00:00,344,Mississippi State,145,Ole Miss,Bovada,2,,59.5,,,
401110863,2019,regular,14,2019-11-29 00:30:00+00:00,344,Mississippi State,145,Ole Miss,teamrankings,-1,,59,,,
401110863,2019,regular,14,2019-11-29 00:30:00+00:00,344,Mississippi State,145,Ole Miss,numberfire,-1,,58.5,,,
401110863,2019,regular,14,2019-11-29 00:30:00+00:00,344,Mississippi State,145,Ole Miss,consensus,1.5,,59,,,
401110863,2019,regular,14,2019-11-29 00:30:00+00:00,344,Mississippi State,145,Ole Miss,Caesars,1,,59,,,
401110867,2019,regular,14,2019-11-30 17:00:00+00:00,59,Georgia Tech,61,Georgia,Bovada,29,,46.5,,,
401110867,2019,regular,14,2019-11-30 17:00:00+00:00,59,Georgia Tech,61,Georgia,teamrankings,28.5,,47,,,
401110867,2019,regular,14,2019-11-30 17:00:00+00:00,59,Georgia Tech,61,Georgia,numberfire,28.5,,46.5,,,
401110867,2019,regular,14,2019-11-30 17:00:00+00:00,59,Georgia Tech,61,Georgia,consensus,28.5,,46,,,
401110867,2019,regular,14,2019-11-30 17:00:00+00:00,59,Georgia Tech,61,Georgia,Caesars,28.5,,47,,,
401117556,2019,regular,14,2019-11-30 19:00:00+00:00,2005,Air Force,2751,Wyoming,Bovada,-13,,41,,,
401117556,2019,regular,14,2019-11-30 19:00:00+00:00,2005,Air Force,2751,Wyoming,teamrankings,-13.5,,41.5,,,
401117556,2019,regular,14,2019-11-30 19:00:00+00:00,2005,Air Force,2751,Wyoming,numberfire,-13,,41.5,,,
401117556,2019,regular,14,2019-11-30 19:00:00+00:00,2005,Air Force,2751,Wyoming,consensus,-13,,41.5,,,
401117556,2019,regular,14,2019-11-30 19:00:00+00:00,2005,Air Force,2751,Wyoming,Caesars,-13,,41,,,
401112200,2019,regular,14,2019-11-29 19:30:00+00:00,158,Nebraska,2294,Iowa,Bovada,4.5,,45,,,
401112200,2019,regular,14,2019-11-29 19:30:00+00:00,158,Nebraska,2294,Iowa,teamrankings,4,,46,,,
401112200,2019,regular,14,2019-11-29 19:30:00+00:00,158,Nebraska,2294,Iowa,numberfire,3.5,,45,,,
401112200,2019,regular,14,2019-11-29 19:30:00+00:00,158,Nebraska,2294,Iowa,consensus,4,,46,,,
401112200,2019,regular,14,2019-11-29 19:30:00+00:00,158,Nebraska,2294,Iowa,Caesars,3.5,,46,,,
401114322,2019,regular,14,2019-11-30 20:30:00+00:00,2226,Florida Atlantic,2572,Southern Miss,Bovada,-9,,58,,,
401114322,2019,regular,14,2019-11-30 20:30:00+00:00,2226,Florida Atlantic,2572,Southern Miss,teamrankings,-8,,57.5,,,
401114322,2019,regular,14,2019-11-30 20:30:00+00:00,2226,Florida Atlantic,2572,Southern Miss,numberfire,-8.5,,57.5,,,
401114322,2019,regular,14,2019-11-30 20:30:00+00:00,2226,Florida Atlantic,2572,Southern Miss,consensus,-9.5,,58,,,
401114322,2019,regular,14,2019-11-30 20:30:00+00:00,2226,Florida Atlantic,2572,Southern Miss,Caesars,-9,,57.5,,,
401117912,2019,regular,14,2019-11-30 01:00:00+00:00,2116,UCF,58,South Florida,Bovada,-24,,62,,,
401117912,2019,regular,14,2019-11-30 01:00:00+00:00,2116,UCF,58,South Florida,teamrankings,-24,,61.5,,,
401117912,2019,regular,14,2019-11-30 01:00:00+00:00,2116,UCF,58,South Florida,numberfire,-24,,61.5,,,
401117912,2019,regular,14,2019-11-30 01:00:00+00:00,2116,UCF,58,South Florida,consensus,-24,,61.5,,,
401117912,2019,regular,14,2019-11-30 01:00:00+00:00,2116,UCF,58,South Florida,Caesars,-23.5,,61.5,,,
401114321,2019,regular,14,2019-11-30 17:00:00+00:00,276,Marshall,2229,Florida International,Bovada,-10,,50.5,,,
401114321,2019,regular,14,2019-11-30 17:00:00+00:00,276,Marshall,2229,Florida International,teamrankings,-10,,50,,,
401114321,2019,regular,14,2019-11-30 17:00:00+00:00,276,Marshall,2229,Florida International,numberfire,-10,,50.5,,,
401114321,2019,regular,14,2019-11-30 17:00:00+00:00,276,Marshall,2229,Florida International,consensus,-10,,50,,,
401114321,2019,regular,14,2019-11-30 17:00:00+00:00,276,Marshall,2229,Florida International,Caesars,-9.5,,50,,,
401114324,2019,regular,14,2019-11-30 19:00:00+00:00,98,Western Kentucky,2393,Middle Tennessee,Bovada,-10,,45.5,,,
401114324,2019,regular,14,2019-11-30 19:00:00+00:00,98,Western Kentucky,2393,Middle Tennessee,teamrankings,-10.5,,46,,,
401114324,2019,regular,14,2019-11-30 19:00:00+00:00,98,Western Kentucky,2393,Middle Tennessee,numberfire,-10,,45.5,,,
401114324,2019,regular,14,2019-11-30 19:00:00+00:00,98,Western Kentucky,2393,Middle Tennessee,consensus,-10,,46.5,,,
401114324,2019,regular,14,2019-11-30 19:00:00+00:00,98,Western Kentucky,2393,Middle Tennessee,Caesars,-10.5,,46,,,
401110870,2019,regular,14,2019-11-30 17:00:00+00:00,2579,South Carolina,228,Clemson,Bovada,28.5,,51,,,
401110870,2019,regular,14,2019-11-30 17:00:00+00:00,2579,South Carolina,228,Clemson,teamrankings,27.5,,50,,,
401110870,2019,regular,14,2019-11-30 17:00:00+00:00,2579,South Carolina,228,Clemson,numberfire,27.5,,50.5,,,
401110870,2019,regular,14,2019-11-30 17:00:00+00:00,2579,South Carolina,228,Clemson,consensus,27.5,,50.5,,,
401110870,2019,regular,14,2019-11-30 17:00:00+00:00,2579,South Carolina,228,Clemson,Caesars,27.5,,50,,,
401117557,2019,regular,14,2019-12-01 03:30:00+00:00,23,San José State,278,Fresno State,Bovada,-3,,59,,,
401117557,2019,regular,14,2019-12-01 03:30:00+00:00,23,San José State,278,Fresno State,teamrankings,1,,60.5,,,
401117557,2019,regular,14,2019-12-01 03:30:00+00:00,23,San José State,278,Fresno State,numberfire,-1,,60,,,
401117557,2019,regular,14,2019-12-01 03:30:00+00:00,23,San José State,278,Fresno State,consensus,-2.5,,60.5,,,
401117557,2019,regular,14,2019-12-01 03:30:00+00:00,23,San José State,278,Fresno State,Caesars,-2,,59,,,
401117555,2019,regular,14,2019-11-30 21:00:00+00:00,167,New Mexico,328,Utah State,Bovada,12.5,,63.5,,,
401117555,2019,regular,14,2019-11-30 21:00:00+00:00,167,New Mexico,328,Utah State,teamrankings,12,,63,,,
401117555,2019,regular,14,2019-11-30 21:00:00+00:00,167,New Mexico,328,Utah State,numberfire,11.5,,63.5,,,
401117555,2019,regular,14,2019-11-30 21:00:00+00:00,167,New Mexico,328,Utah State,consensus,11,,63,,,
401117555,2019,regular,14,2019-11-30 21:00:00+00:00,167,New Mexico,328,Utah State,Caesars,11.5,,63,,,
401112134,2019,regular,14,2019-11-29 21:15:00+00:00,2628,TCU,277,West Virginia,Bovada,-13.5,,43.5,,,
401112134,2019,regular,14,2019-11-29 21:15:00+00:00,2628,TCU,277,West Virginia,teamrankings,-14,,44,,,
401112134,2019,regular,14,2019-11-29 21:15:00+00:00,2628,TCU,277,West Virginia,numberfire,-13.5,,42.5,,,
401112134,2019,regular,14,2019-11-29 21:15:00+00:00,2628,TCU,277,West Virginia,consensus,-13.5,,43,,,
401112134,2019,regular,14,2019-11-29 21:15:00+00:00,2628,TCU,277,West Virginia,Caesars,-13.5,,43,,,
401117913,2019,regular,14,2019-11-29 20:30:00+00:00,235,Memphis,2132,Cincinnati,Bovada,-14,,59.5,,,
401117913,2019,regular,14,2019-11-29 20:30:00+00:00,235,Memphis,2132,Cincinnati,teamrankings,-14,,59.5,,,
401117913,2019,regular,14,2019-11-29 20:30:00+00:00,235,Memphis,2132,Cincinnati,numberfire,-13,,58.5,,,
401117913,2019,regular,14,2019-11-29 20:30:00+00:00,235,Memphis,2132,Cincinnati,consensus,-13.5,,59.5,,,
401117913,2019,regular,14,2019-11-29 20:30:00+00:00,235,Memphis,2132,Cincinnati,Caesars,-13,,59,,,
401114183,2019,regular,14,2019-12-01 03:30:00+00:00,26,UCLA,25,California,Bovada,-1,,51,,,
401114183,2019,regular,14,2019-12-01 03:30:00+00:00,26,UCLA,25,California,teamrankings,1,,50.5,,,
401114183,2019,regular,14,2019-12-01 03:30:00+00:00,26,UCLA,25,California,numberfire,1,,50.5,,,
401114183,2019,regular,14,2019-12-01 03:30:00+00:00,26,UCLA,25,California,consensus,-1,,51,,,
401114183,2019,regular,14,2019-12-01 03:30:00+00:00,26,UCLA,25,California,Caesars,-1.5,,51.5,,,
401117916,2019,regular,14,2019-12-01 00:00:00+00:00,248,Houston,2426,Navy,Bovada,10,,56,,,
401117916,2019,regular,14,2019-12-01 00:00:00+00:00,248,Houston,2426,Navy,teamrankings,9,,56.5,,,
401117916,2019,regular,14,2019-12-01 00:00:00+00:00,248,Houston,2426,Navy,numberfire,8.5,,56.5,,,
401117916,2019,regular,14,2019-12-01 00:00:00+00:00,248,Houston,2426,Navy,consensus,9.5,,56.5,,,
401117916,2019,regular,14,2019-12-01 00:00:00+00:00,248,Houston,2426,Navy,Caesars,9.5,,56,,,
401112138,2019,regular,14,2019-11-29 17:00:00+00:00,251,Texas,2641,Texas Tech,Bovada,-7.5,,65,,,
401112138,2019,regular,14,2019-11-29 17:00:00+00:00,251,Texas,2641,Texas Tech,teamrankings,-9.5,,65.5,,,
401112138,2019,regular,14,2019-11-29 17:00:00+00:00,251,Texas,2641,Texas Tech,numberfire,-8,,65,,,
401112138,2019,regular,14,2019-11-29 17:00:00+00:00,251,Texas,2641,Texas Tech,consensus,-8,,65.5,,,
401112138,2019,regular,14,2019-11-29 17:00:00+00:00,251,Texas,2641,Texas Tech,Caesars,-8,,66,,,
401114163,2019,regular,14,2019-12-01 03:00:00+00:00,9,Arizona State,12,Arizona,Bovada,-13,,60.5,,,
401114163,2019,regular,14,2019-12-01 03:00:00+00:00,9,Arizona State,12,Arizona,teamrankings,-13.5,,60.5,,,
401114163,2019,regular,14,2019-12-01 03:00:00+00:00,9,Arizona State,12,Arizona,numberfire,-13.5,,61,,,
401114163,2019,regular,14,2019-12-01 03:00:00+00:00,9,Arizona State,12,Arizona,consensus,-13.5,,60.5,,,
401114163,2019,regular,14,2019-12-01 03:00:00+00:00,9,Arizona State,12,Arizona,Caesars,-13.5,,60.5,,,
401121978,2019,regular,14,2019-11-29 23:00:00+00:00,2653,Troy,2026,App State,Bovada,11.5,,64,,,
401121978,2019,regular,14,2019-11-29 23:00:00+00:00,2653,Troy,2026,App State,teamrankings,11,,64,,,
401121978,2019,regular,14,2019-11-29 23:00:00+00:00,2653,Troy,2026,App State,numberfire,11,,64,,,
401121978,2019,regular,14,2019-11-29 23:00:00+00:00,2653,Troy,2026,App State,consensus,11,,64,,,
401121978,2019,regular,14,2019-11-29 23:00:00+00:00,2653,Troy,2026,App State,Caesars,11,,64,,,
401117914,2019,regular,14,2019-11-30 20:30:00+00:00,218,Temple,41,UConn,Bovada,-27,,48,,,
401117914,2019,regular,14,2019-11-30 20:30:00+00:00,218,Temple,41,UConn,teamrankings,-26,,48,,,
401117914,2019,regular,14,2019-11-30 20:30:00+00:00,218,Temple,41,UConn,numberfire,-27,,47.5,,,
401117914,2019,regular,14,2019-11-30 20:30:00+00:00,218,Temple,41,UConn,consensus,-27,,48,,,
401117914,2019,regular,14,2019-11-30 20:30:00+00:00,218,Temple,41,UConn,Caesars,-27,,48.5,,,
401112522,2019,regular,14,2019-11-30 20:30:00+00:00,221,Pittsburgh,103,Boston College,Bovada,-8,,52,,,
401112522,2019,regular,14,2019-11-30 20:30:00+00:00,221,Pittsburgh,103,Boston College,teamrankings,-9,,52,,,
401112522,2019,regular,14,2019-11-30 20:30:00+00:00,221,Pittsburgh,103,Boston College,numberfire,-8.5,,51.5,,,
401112522,2019,regular,14,2019-11-30 20:30:00+00:00,221,Pittsburgh,103,Boston College,consensus,-8.5,,51.5,,,
401112522,2019,regular,14,2019-11-30 20:30:00+00:00,221,Pittsburgh,103,Boston College,Caesars,-8.5,,51.5,,,
401112095,2019,regular,14,2019-12-01 00:00:00+00:00,2306,Kansas State,66,Iowa State,Bovada,4.5,,45.5,,,
401112095,2019,regular,14,2019-12-01 00:00:00+00:00,2306,Kansas State,66,Iowa State,teamrankings,5.5,,45,,,
401112095,2019,regular,14,2019-12-01 00:00:00+00:00,2306,Kansas State,66,Iowa State,numberfire,5,,44.5,,,
401112095,2019,regular,14,2019-12-01 00:00:00+00:00,2306,Kansas State,66,Iowa State,consensus,5,,45,,,
401112095,2019,regular,14,2019-12-01 00:00:00+00:00,2306,Kansas State,66,Iowa State,Caesars,5,,45,,,
401114232,2019,regular,14,2019-11-29 21:00:00+00:00,264,Washington,265,Washington State,Bovada,-7.5,,65.5,,,
401114232,2019,regular,14,2019-11-29 21:00:00+00:00,264,Washington,265,Washington State,teamrankings,-7.5,,65,,,
401114232,2019,regular,14,2019-11-29 21:00:00+00:00,264,Washington,265,Washington State,numberfire,-7,,65,,,
401114232,2019,regular,14,2019-11-29 21:00:00+00:00,264,Washington,265,Washington State,consensus,-7,,65,,,
401114232,2019,regular,14,2019-11-29 21:00:00+00:00,264,Washington,265,Washington State,Caesars,-7,,65.5,,,
401110864,2019,regular,14,2019-11-29 19:30:00+00:00,8,Arkansas,142,Missouri,Bovada,16.5,,53,,,
401110864,2019,regular,14,2019-11-29 19:30:00+00:00,8,Arkansas,142,Missouri,teamrankings,15,,53,,,
401110864,2019,regular,14,2019-11-29 19:30:00+00:00,8,Arkansas,142,Missouri,numberfire,14.5,,53,,,
401110864,2019,regular,14,2019-11-29 19:30:00+00:00,8,Arkansas,142,Missouri,consensus,15,,53,,,
401110864,2019,regular,14,2019-11-29 19:30:00+00:00,8,Arkansas,142,Missouri,Caesars,15,,53,,,
401114325,2019,regular,14,2019-11-30 21:00:00+00:00,249,North Texas,5,UAB,Bovada,4,,49.5,,,
401114325,2019,regular,14,2019-11-30 21:00:00+00:00,249,North Texas,5,UAB,teamrankings,3.5,,50,,,
401114325,2019,regular,14,2019-11-30 21:00:00+00:00,249,North Texas,5,UAB,numberfire,3.5,,49.5,,,
401114325,2019,regular,14,2019-11-30 21:00:00+00:00,249,North Texas,5,UAB,consensus,3.5,,49.5,,,
401114325,2019,regular,14,2019-11-30 21:00:00+00:00,249,North Texas,5,UAB,Caesars,3.5,,49.5,,,
401114192,2019,regular,14,2019-12-01 00:30:00+00:00,254,Utah,38,Colorado,Bovada,-28,,49,,,
401114192,2019,regular,14,2019-12-01 00:30:00+00:00,254,Utah,38,Colorado,teamrankings,-28,,49.5,,,
401114192,2019,regular,14,2019-12-01 00:30:00+00:00,254,Utah,38,Colorado,numberfire,-28,,49,,,
401114192,2019,regular,14,2019-12-01 00:30:00+00:00,254,Utah,38,Colorado,consensus,-27.5,,49.5,,,
401114192,2019,regular,14,2019-12-01 00:30:00+00:00,254,Utah,38,Colorado,Caesars,-28,,50,,,
401117554,2019,regular,14,2019-11-29 20:30:00+00:00,36,Colorado State,68,Boise State,Bovada,14,,57.5,,,
401117554,2019,regular,14,2019-11-29 20:30:00+00:00,36,Colorado State,68,Boise State,teamrankings,13.5,,56.5,,,
401117554,2019,regular,14,2019-11-29 20:30:00+00:00,36,Colorado State,68,Boise State,numberfire,14,,58,,,
401117554,2019,regular,14,2019-11-29 20:30:00+00:00,36,Colorado State,68,Boise State,consensus,13.5,,57.5,,,
401117554,2019,regular,14,2019-11-29 20:30:00+00:00,36,Colorado State,68,Boise State,Caesars,13,,57.5,,,
401114320,2019,regular,14,2019-11-30 19:00:00+00:00,295,Old Dominion,2429,Charlotte,Bovada,10,,51,,,
401114320,2019,regular,14,2019-11-30 19:00:00+00:00,295,Old Dominion,2429,Charlotte,teamrankings,10.5,,51,,,
401114320,2019,regular,14,2019-11-30 19:00:00+00:00,295,Old Dominion,2429,Charlotte,numberfire,10.5,,51,,,
401114320,2019,regular,14,2019-11-30 19:00:00+00:00,295,Old Dominion,2429,Charlotte,consensus,10.5,,51,,,
401114320,2019,regular,14,2019-11-30 19:00:00+00:00,295,Old Dominion,2429,Charlotte,Caesars,10.5,,50.5,,,
401110866,2019,regular,14,2019-12-01 00:30:00+00:00,57,Florida,52,Florida State,Bovada,-17.5,,55,,,
401110866,2019,regular,14,2019-12-01 00:30:00+00:00,57,Florida,52,Florida State,teamrankings,-16.5,,55,,,
401110866,2019,regular,14,2019-12-01 00:30:00+00:00,57,Florida,52,Florida State,numberfire,-17,,55.5,,,
401110866,2019,regular,14,2019-12-01 00:30:00+00:00,57,Florida,52,Florida State,consensus,-17,,55.5,,,
401110866,2019,regular,14,2019-12-01 00:30:00+00:00,57,Florida,52,Florida State,Caesars,-17,,55,,,
401117558,2019,regular,14,2019-11-30 20:00:00+00:00,2440,Nevada,2439,UNLV,Bovada,-7,,51.5,,,
401117558,2019,regular,14,2019-11-30 20:00:00+00:00,2440,Nevada,2439,UNLV,teamrankings,-6.5,,52,,,
401117558,2019,regular,14,2019-11-30 20:00:00+00:00,2440,Nevada,2439,UNLV,numberfire,-6.5,,51,,,
401117558,2019,regular,14,2019-11-30 20:00:00+00:00,2440,Nevada,2439,UNLV,consensus,-7,,51.5,,,
401117558,2019,regular,14,2019-11-30 20:00:00+00:00,2440,Nevada,2439,UNLV,Caesars,-7,,52,,,
401117218,2019,regular,14,2019-12-01 02:00:00+00:00,21,San Diego State,252,BYU,Bovada,5,,39,,,
401117218,2019,regular,14,2019-12-01 02:00:00+00:00,21,San Diego State,252,BYU,teamrankings,5.5,,39,,,
401117218,2019,regular,14,2019-12-01 02:00:00+00:00,21,San Diego State,252,BYU,numberfire,6,,39,,,
401117218,2019,regular,14,2019-12-01 02:00:00+00:00,21,San Diego State,252,BYU,consensus,4.5,,39,,,
401117218,2019,regular,14,2019-12-01 02:00:00+00:00,21,San Diego State,252,BYU,Caesars,5,,38.5,,,
401114334,2019,regular,14,2019-12-01 04:59:00+00:00,62,Hawai'i,349,Army,Bovada,-2,,55,,,
401114334,2019,regular,14,2019-12-01 04:59:00+00:00,62,Hawai'i,349,Army,teamrankings,-2.5,,55,,,
401114334,2019,regular,14,2019-12-01 04:59:00+00:00,62,Hawai'i,349,Army,numberfire,-2.5,,54.5,,,
401114334,2019,regular,14,2019-12-01 04:59:00+00:00,62,Hawai'i,349,Army,consensus,-2,,55,,,
401114334,2019,regular,14,2019-12-01 04:59:00+00:00,62,Hawai'i,349,Army,Caesars,-1.5,,54.5,,,
401110865,2019,regular,14,2019-11-30 20:30:00+00:00,2,Auburn,333,Alabama,Bovada,4,,50,,,
401110865,2019,regular,14,2019-11-30 20:30:00+00:00,2,Auburn,333,Alabama,teamrankings,3.5,,51,,,
401110865,2019,regular,14,2019-11-30 20:30:00+00:00,2,Auburn,333,Alabama,numberfire,3.5,,51,,,
401110865,2019,regular,14,2019-11-30 20:30:00+00:00,2,Auburn,333,Alabama,consensus,3.5,,51,,,
401110865,2019,regular,14,2019-11-30 20:30:00+00:00,2,Auburn,333,Alabama,Caesars,3.5,,50,,,
401112525,2019,regular,14,2019-11-30 17:30:00+00:00,183,Syracuse,154,Wake Forest,Bovada,6.5,,68,,,
401112525,2019,regular,14,2019-11-30 17:30:00+00:00,183,Syracuse,154,Wake Forest,teamrankings,6.5,,68,,,
401112525,2019,regular,14,2019-11-30 17:30:00+00:00,183,Syracuse,154,Wake Forest,numberfire,6.5,,68,,,
401112525,2019,regular,14,2019-11-30 17:30:00+00:00,183,Syracuse,154,Wake Forest,consensus,6.5,,68,,,
401112525,2019,regular,14,2019-11-30 17:30:00+00:00,183,Syracuse,154,Wake Forest,Caesars,6,,67.5,,,
401110868,2019,regular,14,2019-11-30 17:00:00+00:00,96,Kentucky,97,Louisville,Bovada,-3.5,,51,,,
401110868,2019,regular,14,2019-11-30 17:00:00+00:00,96,Kentucky,97,Louisville,teamrankings,-3.5,,51,,,
401110868,2019,regular,14,2019-11-30 17:00:00+00:00,96,Kentucky,97,Louisville,numberfire,-3.5,,50.5,,,
401110868,2019,regular,14,2019-11-30 17:00:00+00:00,96,Kentucky,97,Louisville,consensus,-3.5,,51.5,,,
401110868,2019,regular,14,2019-11-30 17:00:00+00:00,96,Kentucky,97,Louisville,Caesars,-3.5,,52,,,
401112168,2019,regular,14,2019-11-30 17:00:00+00:00,2509,Purdue,84,Indiana,Bovada,7,,56.5,,,
401112168,2019,regular,14,2019-11-30 17:00:00+00:00,2509,Purdue,84,Indiana,teamrankings,7,,56.5,,,
401112168,2019,regular,14,2019-11-30 17:00:00+00:00,2509,Purdue,84,Indiana,numberfire,7,,56,,,
401112168,2019,regular,14,2019-11-30 17:00:00+00:00,2509,Purdue,84,Indiana,consensus,7,,56.5,,,
401112168,2019,regular,14,2019-11-30 17:00:00+00:00,2509,Purdue,84,Indiana,Caesars,7,,56.5,,,
401112228,2019,regular,14,2019-11-30 17:00:00+00:00,130,Michigan,194,Ohio State,Bovada,9.5,,54,,,
401112228,2019,regular,14,2019-11-30 17:00:00+00:00,130,Michigan,194,Ohio State,teamrankings,9,,53,,,
401112228,2019,regular,14,2019-11-30 17:00:00+00:00,130,Michigan,194,Ohio State,numberfire,9,,53,,,
401112228,2019,regular,14,2019-11-30 17:00:00+00:00,130,Michigan,194,Ohio State,consensus,9,,53,,,
401112228,2019,regular,14,2019-11-30 17:00:00+00:00,130,Michigan,194,Ohio State,Caesars,9,,53,,,
401117915,2019,regular,14,2019-11-30 17:00:00+00:00,151,East Carolina,202,Tulsa,Bovada,6.5,,64.5,,,
401117915,2019,regular,14,2019-11-30 17:00:00+00:00,151,East Carolina,202,Tulsa,teamrankings,7,,64,,,
401117915,2019,regular,14,2019-11-30 17:00:00+00:00,151,East Carolina,202,Tulsa,numberfire,7,,63,,,
401117915,2019,regular,14,2019-11-30 17:00:00+00:00,151,East Carolina,202,Tulsa,consensus,7,,64,,,
401117915,2019,regular,14,2019-11-30 17:00:00+00:00,151,East Carolina,202,Tulsa,Caesars,7,,64,,,
401112521,2019,regular,14,2019-11-29 17:00:00+00:00,258,Virginia,259,Virginia Tech,Bovada,3,,48,,,
401112521,2019,regular,14,2019-11-29 17:00:00+00:00,258,Virginia,259,Virginia Tech,teamrankings,1.5,,48,,,
401112521,2019,regular,14,2019-11-29 17:00:00+00:00,258,Virginia,259,Virginia Tech,numberfire,1.5,,48,,,
401112521,2019,regular,14,2019-11-29 17:00:00+00:00,258,Virginia,259,Virginia Tech,consensus,1.5,,48.5,,,
401112521,2019,regular,14,2019-11-29 17:00:00+00:00,258,Virginia,259,Virginia Tech,Caesars,1.5,,48.5,,,
401112261,2019,regular,14,2019-11-30 20:30:00+00:00,213,Penn State,164,Rutgers,Bovada,-39.5,,51,,,
401112261,2019,regular,14,2019-11-30 20:30:00+00:00,213,Penn State,164,Rutgers,teamrankings,-38.5,,50.5,,,
401112261,2019,regular,14,2019-11-30 20:30:00+00:00,213,Penn State,164,Rutgers,numberfire,-39,,51,,,
401112261,2019,regular,14,2019-11-30 20:30:00+00:00,213,Penn State,164,Rutgers,consensus,-39,,51,,,
401112523,2019,regular,14,2019-11-30 20:30:00+00:00,150,Duke,2390,Miami,Bovada,9,,44.5,,,
401112523,2019,regular,14,2019-11-30 20:30:00+00:00,150,Duke,2390,Miami,teamrankings,9.5,,44,,,
401112523,2019,regular,14,2019-11-30 20:30:00+00:00,150,Duke,2390,Miami,numberfire,9,,44.5,,,
401112523,2019,regular,14,2019-11-30 20:30:00+00:00,150,Duke,2390,Miami,consensus,9.5,,44,,,
401112523,2019,regular,14,2019-11-30 20:30:00+00:00,150,Duke,2390,Miami,Caesars,8.5,,44.5,,,
401112084,2019,regular,14,2019-11-30 20:30:00+00:00,2305,Kansas,239,Baylor,Bovada,14.5,,48,,,
401112084,2019,regular,14,2019-11-30 20:30:00+00:00,2305,Kansas,239,Baylor,teamrankings,14,,48,,,
401112084,2019,regular,14,2019-11-30 20:30:00+00:00,2305,Kansas,239,Baylor,numberfire,14,,48.5,,,
401112084,2019,regular,14,2019-11-30 20:30:00+00:00,2305,Kansas,239,Baylor,consensus,14,,48,,,
401112084,2019,regular,14,2019-11-30 20:30:00+00:00,2305,Kansas,239,Baylor,Caesars,14,,48.5,,,
401112237,2019,regular,14,2019-11-30 20:30:00+00:00,135,Minnesota,275,Wisconsin,Bovada,3,,44.5,,,
401112237,2019,regular,14,2019-11-30 20:30:00+00:00,135,Minnesota,275,Wisconsin,teamrankings,3,,45,,,
401112237,2019,regular,14,2019-11-30 20:30:00+00:00,135,Minnesota,275,Wisconsin,numberfire,3.5,,44.5,,,
401112237,2019,regular,14,2019-11-30 20:30:00+00:00,135,Minnesota,275,Wisconsin,consensus,3,,44.5,,,
401112237,2019,regular,14,2019-11-30 20:30:00+00:00,135,Minnesota,275,Wisconsin,Caesars,3,,44,,,
401114212,2019,regular,14,2019-11-30 21:00:00+00:00,24,Stanford,87,Notre Dame,Bovada,17.5,,45.5,,,
401114212,2019,regular,14,2019-11-30 21:00:00+00:00,24,Stanford,87,Notre Dame,teamrankings,17.5,,45.5,,,
401114212,2019,regular,14,2019-11-30 21:00:00+00:00,24,Stanford,87,Notre Dame,numberfire,17,,45,,,
401114212,2019,regular,14,2019-11-30 21:00:00+00:00,24,Stanford,87,Notre Dame,consensus,17,,45.5,,,
401114212,2019,regular,14,2019-11-30 21:00:00+00:00,24,Stanford,87,Notre Dame,Caesars,17.5,,45.5,,,
401114199,2019,regular,14,2019-11-30 21:00:00+00:00,2483,Oregon,204,Oregon State,Bovada,-20,,65,,,
401114199,2019,regular,14,2019-11-30 21:00:00+00:00,2483,Oregon,204,Oregon State,teamrankings,-20.5,,65.5,,,
401114199,2019,regular,14,2019-11-30 21:00:00+00:00,2483,Oregon,204,Oregon State,numberfire,-20,,65,,,
401114199,2019,regular,14,2019-11-30 21:00:00+00:00,2483,Oregon,204,Oregon State,consensus,-20.5,,65.5,,,
401114199,2019,regular,14,2019-11-30 21:00:00+00:00,2483,Oregon,204,Oregon State,Caesars,-20,,64.5,,,
401110871,2019,regular,14,2019-11-30 21:00:00+00:00,2633,Tennessee,238,Vanderbilt,Bovada,-24,,48,,,
401110871,2019,regular,14,2019-11-30 21:00:00+00:00,2633,Tennessee,238,Vanderbilt,teamrankings,-23,,48,,,
401110871,2019,regular,14,2019-11-30 21:00:00+00:00,2633,Tennessee,238,Vanderbilt,numberfire,-23.5,,48,,,
401110871,2019,regular,14,2019-11-30 21:00:00+00:00,2633,Tennessee,238,Vanderbilt,consensus,-23,,48,,,
401110871,2019,regular,14,2019-11-30 21:00:00+00:00,2633,Tennessee,238,Vanderbilt,Caesars,-23,,48,,,
401110869,2019,regular,14,2019-12-01 00:00:00+00:00,99,LSU,245,Texas A&M,Bovada,-18,,65,,,
401110869,2019,regular,14,2019-12-01 00:00:00+00:00,99,LSU,245,Texas A&M,teamrankings,-17,,63,,,
401110869,2019,regular,14,2019-12-01 00:00:00+00:00,99,LSU,245,Texas A&M,numberfire,-17,,63.5,,,
401110869,2019,regular,14,2019-12-01 00:00:00+00:00,99,LSU,245,Texas A&M,consensus,-17.5,,63.5,,,
401110869,2019,regular,14,2019-12-01 00:00:00+00:00,99,LSU,245,Texas A&M,Caesars,-17.5,,64,,,
401112524,2019,regular,14,2019-12-01 00:00:00+00:00,152,NC State,153,North Carolina,Bovada,11.5,,57.5,,,
401112524,2019,regular,14,2019-12-01 00:00:00+00:00,152,NC State,153,North Carolina,teamrankings,11,,57,,,
401112524,2019,regular,14,2019-12-01 00:00:00+00:00,152,NC State,153,North Carolina,numberfire,11,,57.5,,,
401112524,2019,regular,14,2019-12-01 00:00:00+00:00,152,NC State,153,North Carolina,consensus,11,,57.5,,,
401112524,2019,regular,14,2019-12-01 00:00:00+00:00,152,NC State,153,North Carolina,Caesars,11,,57.5,,,
401121981,2019,regular,14,2019-11-30 23:00:00+00:00,290,Georgia Southern,2247,Georgia State,Bovada,-6.5,,56,,,
401121981,2019,regular,14,2019-11-30 23:00:00+00:00,290,Georgia Southern,2247,Georgia State,teamrankings,-6.5,,55.5,,,
401121981,2019,regular,14,2019-11-30 23:00:00+00:00,290,Georgia Southern,2247,Georgia State,numberfire,-6.5,,56.5,,,
401121981,2019,regular,14,2019-11-30 23:00:00+00:00,290,Georgia Southern,2247,Georgia State,consensus,-6.5,,56.5,,,
401121981,2019,regular,14,2019-11-30 23:00:00+00:00,290,Georgia Southern,2247,Georgia State,Caesars,-6.5,,55.5,,,
401112156,2019,regular,14,2019-11-30 17:00:00+00:00,356,Illinois,77,Northwestern,Bovada,-6.5,,39,,,
401112156,2019,regular,14,2019-11-30 17:00:00+00:00,356,Illinois,77,Northwestern,teamrankings,-6.5,,38,,,
401112156,2019,regular,14,2019-11-30 17:00:00+00:00,356,Illinois,77,Northwestern,numberfire,-6,,40,,,
401112156,2019,regular,14,2019-11-30 17:00:00+00:00,356,Illinois,77,Northwestern,consensus,-6,,39.5,,,
401112156,2019,regular,14,2019-11-30 17:00:00+00:00,356,Illinois,77,Northwestern,Caesars,-6,,38.5,,,
401117917,2019,regular,14,2019-11-30 21:00:00+00:00,2567,SMU,2655,Tulane,Bovada,-3.5,,72,,,
401117917,2019,regular,14,2019-11-30 21:00:00+00:00,2567,SMU,2655,Tulane,teamrankings,-3,,71,,,
401117917,2019,regular,14,2019-11-30 21:00:00+00:00,2567,SMU,2655,Tulane,numberfire,-3,,72,,,
401117917,2019,regular,14,2019-11-30 21:00:00+00:00,2567,SMU,2655,Tulane,consensus,-3,,72,,,
401117917,2019,regular,14,2019-11-30 21:00:00+00:00,2567,SMU,2655,Tulane,Caesars,-3,,72,,,
401112221,2019,regular,14,2019-11-30 20:30:00+00:00,127,Michigan State,120,Maryland,Bovada,-22,,47,,,
401112221,2019,regular,14,2019-11-30 20:30:00+00:00,127,Michigan State,120,Maryland,teamrankings,-21.5,,47.5,,,
401112221,2019,regular,14,2019-11-30 20:30:00+00:00,127,Michigan State,120,Maryland,numberfire,-22.5,,47,,,
401112221,2019,regular,14,2019-11-30 20:30:00+00:00,127,Michigan State,120,Maryland,consensus,-21.5,,47.5,,,
401112221,2019,regular,14,2019-11-30 20:30:00+00:00,127,Michigan State,120,Maryland,Caesars,-21.5,,47.5,,,
401112121,2019,regular,14,2019-12-01 01:00:00+00:00,197,Oklahoma State,201,Oklahoma,Bovada,14,,69,,,
401112121,2019,regular,14,2019-12-01 01:00:00+00:00,197,Oklahoma State,201,Oklahoma,teamrankings,13.5,,68.5,,,
401112121,2019,regular,14,2019-12-01 01:00:00+00:00,197,Oklahoma State,201,Oklahoma,numberfire,13.5,,68,,,
401112121,2019,regular,14,2019-12-01 01:00:00+00:00,197,Oklahoma State,201,Oklahoma,consensus,14,,68,,,
401112121,2019,regular,14,2019-12-01 01:00:00+00:00,197,Oklahoma State,201,Oklahoma,Caesars,14,,68,,,
401132979,2019,regular,15,2019-12-07 21:00:00+00:00,68,Boise State,62,Hawai'i,Bovada,-14.5,,65.5,,,
401132979,2019,regular,15,2019-12-07 21:00:00+00:00,68,Boise State,62,Hawai'i,teamrankings,-14,,65,,,
401132979,2019,regular,15,2019-12-07 21:00:00+00:00,68,Boise State,62,Hawai'i,numberfire,-14,,65,,,
401132979,2019,regular,15,2019-12-07 21:00:00+00:00,68,Boise State,62,Hawai'i,consensus,-14,,64.5,,,
401132979,2019,regular,15,2019-12-07 21:00:00+00:00,68,Boise State,62,Hawai'i,Caesars,-14.5,,65,,,
401132976,2019,regular,15,2019-12-07 20:30:00+00:00,235,Memphis,2132,Cincinnati,Bovada,-8.5,,59,,,
401132976,2019,regular,15,2019-12-07 20:30:00+00:00,235,Memphis,2132,Cincinnati,teamrankings,-9,,58.5,,,
401132976,2019,regular,15,2019-12-07 20:30:00+00:00,235,Memphis,2132,Cincinnati,numberfire,-9,,59,,,
401132976,2019,regular,15,2019-12-07 20:30:00+00:00,235,Memphis,2132,Cincinnati,consensus,-9,,59,,,
401132976,2019,regular,15,2019-12-07 20:30:00+00:00,235,Memphis,2132,Cincinnati,Caesars,-9,,58.5,,,
401132975,2019,regular,15,2019-12-08 00:30:00+00:00,228,Clemson,258,Virginia,Bovada,-29,,57.5,,,
401132975,2019,regular,15,2019-12-08 00:30:00+00:00,228,Clemson,258,Virginia,teamrankings,-29,,56.5,,,
401132975,2019,regular,15,2019-12-08 00:30:00+00:00,228,Clemson,258,Virginia,numberfire,-28.5,,56.5,,,
401132975,2019,regular,15,2019-12-08 00:30:00+00:00,228,Clemson,258,Virginia,consensus,-29,,57,,,
401132975,2019,regular,15,2019-12-08 00:30:00+00:00,228,Clemson,258,Virginia,Caesars,-29.5,,57.5,,,
401132973,2019,regular,15,2019-12-07 01:00:00+00:00,2483,Oregon,254,Utah,Bovada,6.5,,46,,,
401132973,2019,regular,15,2019-12-07 01:00:00+00:00,2483,Oregon,254,Utah,consensus,6.5,,45.5,,,
401132973,2019,regular,15,2019-12-07 01:00:00+00:00,2483,Oregon,254,Utah,teamrankings,7,,46,,,
401132973,2019,regular,15,2019-12-07 01:00:00+00:00,2483,Oregon,254,Utah,numberfire,6.5,,46,,,
401132973,2019,regular,15,2019-12-07 01:00:00+00:00,2483,Oregon,254,Utah,Caesars,6.5,,45.5,,,
401132980,2019,regular,15,2019-12-07 18:30:00+00:00,2226,Florida Atlantic,5,UAB,Bovada,-8,,49.5,,,
401132980,2019,regular,15,2019-12-07 18:30:00+00:00,2226,Florida Atlantic,5,UAB,teamrankings,-9,,49,,,
401132980,2019,regular,15,2019-12-07 18:30:00+00:00,2226,Florida Atlantic,5,UAB,numberfire,-8,,49,,,
401132980,2019,regular,15,2019-12-07 18:30:00+00:00,2226,Florida Atlantic,5,UAB,consensus,-8,,49.5,,,
401132980,2019,regular,15,2019-12-07 18:30:00+00:00,2226,Florida Atlantic,5,UAB,Caesars,-8,,49.5,,,
401132982,2019,regular,15,2019-12-07 17:00:00+00:00,2117,Central Michigan,193,Miami (OH),Bovada,-6.5,,57,,,
401132982,2019,regular,15,2019-12-07 17:00:00+00:00,2117,Central Michigan,193,Miami (OH),teamrankings,-5.5,,56.5,,,
401132982,2019,regular,15,2019-12-07 17:00:00+00:00,2117,Central Michigan,193,Miami (OH),numberfire,-6.5,,56.5,,,
401132982,2019,regular,15,2019-12-07 17:00:00+00:00,2117,Central Michigan,193,Miami (OH),consensus,-6.5,,56.5,,,
401132982,2019,regular,15,2019-12-07 17:00:00+00:00,2117,Central Michigan,193,Miami (OH),Caesars,-6,,56,,,
401132984,2019,regular,15,2019-12-07 17:00:00+00:00,2026,App State,309,Louisiana,Bovada,-6,,57.5,,,
401132984,2019,regular,15,2019-12-07 17:00:00+00:00,2026,App State,309,Louisiana,teamrankings,-5,,57,,,
401132984,2019,regular,15,2019-12-07 17:00:00+00:00,2026,App State,309,Louisiana,numberfire,-6,,58,,,
401132984,2019,regular,15,2019-12-07 17:00:00+00:00,2026,App State,309,Louisiana,consensus,-5,,58,,,
401132984,2019,regular,15,2019-12-07 17:00:00+00:00,2026,App State,309,Louisiana,Caesars,-5.5,,57,,,
401114335,2019,regular,15,2019-12-14 20:00:00+00:00,2426,Navy,349,Army,Bovada,-12,,42,,,
401114335,2019,regular,15,2019-12-14 20:00:00+00:00,2426,Navy,349,Army,teamrankings,-11.5,,41.5,,,
401114335,2019,regular,15,2019-12-14 20:00:00+00:00,2426,Navy,349,Army,numberfire,-11.5,,41,,,
401114335,2019,regular,15,2019-12-14 20:00:00+00:00,2426,Navy,349,Army,consensus,-11.5,,41.5,,,
401114335,2019,regular,15,2019-12-14 20:00:00+00:00,2426,Navy,349,Army,Caesars,-11.5,,41,,,
401132983,2019,regular,15,2019-12-08 01:00:00+00:00,275,Wisconsin,194,Ohio State,Bovada,17,,58,,,
401132983,2019,regular,15,2019-12-08 01:00:00+00:00,275,Wisconsin,194,Ohio State,teamrankings,16.5,,58,,,
401132983,2019,regular,15,2019-12-08 01:00:00+00:00,275,Wisconsin,194,Ohio State,numberfire,15.5,,57.5,,,
401132983,2019,regular,15,2019-12-08 01:00:00+00:00,275,Wisconsin,194,Ohio State,consensus,16.5,,57.5,,,
401132983,2019,regular,15,2019-12-08 01:00:00+00:00,275,Wisconsin,194,Ohio State,Caesars,16.5,,57.5,,,
401114256,2019,regular,3,2019-09-14 23:00:00+00:00,2229,Florida International,160,New Hampshire,consensus,-13.5,,43.5,,,
401117517,2019,regular,6,2019-10-06 02:30:00+00:00,2439,UNLV,68,Boise State,teamrankings,24,,57,,,
401117517,2019,regular,6,2019-10-06 02:30:00+00:00,2439,UNLV,68,Boise State,numberfire,23.5,,57.5,,,
401117517,2019,regular,6,2019-10-06 02:30:00+00:00,2439,UNLV,68,Boise State,consensus,24,,57.5,,,
401117517,2019,regular,6,2019-10-06 02:30:00+00:00,2439,UNLV,68,Boise State,Caesars,24.5,,58,,,
401114347,2019,regular,2,2019-09-07 23:30:00+00:00,309,Louisiana,2335,Liberty,teamrankings,-14,,65.5,,,
401114347,2019,regular,2,2019-09-07 23:30:00+00:00,309,Louisiana,2335,Liberty,numberfire,-14,,65.5,,,
401114347,2019,regular,2,2019-09-07 23:30:00+00:00,309,Louisiana,2335,Liberty,consensus,-14,,65.5,,,
401114347,2019,regular,2,2019-09-07 23:30:00+00:00,309,Louisiana,2335,Liberty,Caesars,-14.5,,65.5,,,
401117861,2019,regular,2,2019-09-08 00:00:00+00:00,248,Houston,2504,Prairie View A&M,consensus,-35,,77.5,,,
401114257,2019,regular,3,2019-09-14 18:00:00+00:00,2050,Ball State,2226,Florida Atlantic,teamrankings,2.5,,64.5,,,
401114257,2019,regular,3,2019-09-14 18:00:00+00:00,2050,Ball State,2226,Florida Atlantic,numberfire,2.5,,64,,,
401114257,2019,regular,3,2019-09-14 18:00:00+00:00,2050,Ball State,2226,Florida Atlantic,consensus,2.5,,64,,,
401114257,2019,regular,3,2019-09-14 18:00:00+00:00,2050,Ball State,2226,Florida Atlantic,Caesars,2.5,,63.5,,,
401121939,2019,regular,3,2019-09-14 18:00:00+00:00,324,Coastal Carolina,2450,Norfolk State,consensus,-25.5,,48.5,,,
401119270,2019,regular,5,2019-09-28 16:00:00+00:00,193,Miami (OH),2084,Buffalo,teamrankings,2.5,,47.5,,,
401119270,2019,regular,5,2019-09-28 16:00:00+00:00,193,Miami (OH),2084,Buffalo,numberfire,2.5,,47.5,,,
401119270,2019,regular,5,2019-09-28 16:00:00+00:00,193,Miami (OH),2084,Buffalo,consensus,2.5,,47,,,
401119270,2019,regular,5,2019-09-28 16:00:00+00:00,193,Miami (OH),2084,Buffalo,Caesars,2.5,,48.5,,,
401119271,2019,regular,5,2019-09-28 16:00:00+00:00,2711,Western Michigan,2117,Central Michigan,teamrankings,-15,,62,,,
401119271,2019,regular,5,2019-09-28 16:00:00+00:00,2711,Western Michigan,2117,Central Michigan,numberfire,-16.5,,61,,,
401119271,2019,regular,5,2019-09-28 16:00:00+00:00,2711,Western Michigan,2117,Central Michigan,consensus,-16.5,,60.5,,,
401119271,2019,regular,5,2019-09-28 16:00:00+00:00,2711,Western Michigan,2117,Central Michigan,Caesars,-16.5,,61.5,,,
401114355,2019,regular,4,2019-09-21 17:00:00+00:00,113,Massachusetts,324,Coastal Carolina,teamrankings,17,,61.5,,,
401114355,2019,regular,4,2019-09-21 17:00:00+00:00,113,Massachusetts,324,Coastal Carolina,numberfire,17,,62.5,,,
401114355,2019,regular,4,2019-09-21 17:00:00+00:00,113,Massachusetts,324,Coastal Carolina,consensus,17,,62.5,,,
401114355,2019,regular,4,2019-09-21 17:00:00+00:00,113,Massachusetts,324,Coastal Carolina,Caesars,17,,62.5,,,
401119268,2019,regular,4,2019-09-21 18:00:00+00:00,195,Ohio,309,Louisiana,teamrankings,-3,,68.5,,,
401119268,2019,regular,4,2019-09-21 18:00:00+00:00,195,Ohio,309,Louisiana,numberfire,-3,,68,,,
401119268,2019,regular,4,2019-09-21 18:00:00+00:00,195,Ohio,309,Louisiana,consensus,-3,,67.5,,,
401119268,2019,regular,4,2019-09-21 18:00:00+00:00,195,Ohio,309,Louisiana,Caesars,-3,,68.5,,,
401117870,2019,regular,4,2019-09-21 19:30:00+00:00,2084,Buffalo,218,Temple,teamrankings,14,,51,,,
401117870,2019,regular,4,2019-09-21 19:30:00+00:00,2084,Buffalo,218,Temple,numberfire,14,,50.5,,,
401117870,2019,regular,4,2019-09-21 19:30:00+00:00,2084,Buffalo,218,Temple,consensus,14,,50.5,,,
401117870,2019,regular,4,2019-09-21 19:30:00+00:00,2084,Buffalo,218,Temple,Caesars,13.5,,51,,,
401119266,2019,regular,4,2019-09-21 19:30:00+00:00,2309,Kent State,189,Bowling Green,teamrankings,-12,,61.5,,,
401119266,2019,regular,4,2019-09-21 19:30:00+00:00,2309,Kent State,189,Bowling Green,numberfire,-11.5,,62,,,
401119266,2019,regular,4,2019-09-21 19:30:00+00:00,2309,Kent State,189,Bowling Green,consensus,-12,,62,,,
401119266,2019,regular,4,2019-09-21 19:30:00+00:00,2309,Kent State,189,Bowling Green,Caesars,-11,,62.5,,,
401119267,2019,regular,4,2019-09-21 19:00:00+00:00,2199,Eastern Michigan,2115,Central Connecticut,consensus,-32.5,,63,,,
401114349,2019,regular,4,2019-09-21 22:00:00+00:00,2335,Liberty,2261,Hampton,consensus,-25.5,,58,,,
401119278,2019,regular,7,2019-10-12 16:00:00+00:00,2711,Western Michigan,193,Miami (OH),teamrankings,-12,,57.5,,,
401119278,2019,regular,7,2019-10-12 16:00:00+00:00,2711,Western Michigan,193,Miami (OH),numberfire,-12.5,,57,,,
401119278,2019,regular,7,2019-10-12 16:00:00+00:00,2711,Western Michigan,193,Miami (OH),consensus,-12.5,,57,,,
401119278,2019,regular,7,2019-10-12 16:00:00+00:00,2711,Western Michigan,193,Miami (OH),Caesars,-12,,57.5,,,
401119276,2019,regular,7,2019-10-12 18:00:00+00:00,2199,Eastern Michigan,2050,Ball State,teamrankings,-2,,57,,,
401119276,2019,regular,7,2019-10-12 18:00:00+00:00,2199,Eastern Michigan,2050,Ball State,numberfire,-1.5,,57,,,
401119276,2019,regular,7,2019-10-12 18:00:00+00:00,2199,Eastern Michigan,2050,Ball State,consensus,-2,,57,,,
401119276,2019,regular,7,2019-10-12 18:00:00+00:00,2199,Eastern Michigan,2050,Ball State,Caesars,-2,,56.5,,,
401114343,2019,regular,7,2019-10-12 19:00:00+00:00,2117,Central Michigan,166,New Mexico State,teamrankings,-10,,56.5,,,
401114343,2019,regular,7,2019-10-12 19:00:00+00:00,2117,Central Michigan,166,New Mexico State,numberfire,-10.5,,56.5,,,
401114343,2019,regular,7,2019-10-12 19:00:00+00:00,2117,Central Michigan,166,New Mexico State,consensus,-10.5,,57,,,
401114343,2019,regular,7,2019-10-12 19:00:00+00:00,2117,Central Michigan,166,New Mexico State,Caesars,-11,,57,,,
401112259,2019,regular,3,2019-09-14 16:00:00+00:00,213,Penn State,221,Pittsburgh,teamrankings,-17,,53.5,,,
401112259,2019,regular,3,2019-09-14 16:00:00+00:00,213,Penn State,221,Pittsburgh,numberfire,-17,,53,,,
401112259,2019,regular,3,2019-09-14 16:00:00+00:00,213,Penn State,221,Pittsburgh,consensus,-17,,53,,,
401112259,2019,regular,3,2019-09-14 16:00:00+00:00,213,Penn State,221,Pittsburgh,Caesars,-17,,53,,,
401119283,2019,regular,8,2019-10-19 16:00:00+00:00,195,Ohio,2309,Kent State,teamrankings,-9,,64.5,,,
401119283,2019,regular,8,2019-10-19 16:00:00+00:00,195,Ohio,2309,Kent State,numberfire,-9,,63.5,,,
401119283,2019,regular,8,2019-10-19 16:00:00+00:00,195,Ohio,2309,Kent State,consensus,-8,,63,,,
401119283,2019,regular,8,2019-10-19 16:00:00+00:00,195,Ohio,2309,Kent State,Caesars,-8.5,,63.5,,,
401112434,2019,regular,1,2019-08-31 22:00:00+00:00,2335,Liberty,183,Syracuse,teamrankings,19.5,,69,,,
401112434,2019,regular,1,2019-08-31 22:00:00+00:00,2335,Liberty,183,Syracuse,numberfire,18.5,,68,,,
401112434,2019,regular,1,2019-08-31 22:00:00+00:00,2335,Liberty,183,Syracuse,consensus,19.5,,69.5,,,
401112434,2019,regular,1,2019-08-31 22:00:00+00:00,2335,Liberty,183,Syracuse,Caesars,19.5,,69.5,,,
401112245,2019,regular,1,2019-08-31 20:00:00+00:00,24,Stanford,77,Northwestern,teamrankings,-6.5,,46.5,,,
401112245,2019,regular,1,2019-08-31 20:00:00+00:00,24,Stanford,77,Northwestern,numberfire,-6.5,,47.5,,,
401112245,2019,regular,1,2019-08-31 20:00:00+00:00,24,Stanford,77,Northwestern,consensus,-6.5,,46.5,,,
401112245,2019,regular,1,2019-08-31 20:00:00+00:00,24,Stanford,77,Northwestern,Caesars,-6.5,,46.5,,,
401119259,2019,regular,1,2019-08-31 18:00:00+00:00,195,Ohio,227,Rhode Island,consensus,-25,,66.5,,,
401117859,2019,regular,1,2019-08-31 19:00:00+00:00,218,Temple,2083,Bucknell,consensus,-42,,53.5,,,
401117494,2019,regular,1,2019-08-31 19:30:00+00:00,2005,Air Force,2142,Colgate,consensus,-23.5,,43.5,,,
401119256,2019,regular,1,2019-08-31 19:30:00+00:00,324,Coastal Carolina,2199,Eastern Michigan,teamrankings,5,,55,,,
401119256,2019,regular,1,2019-08-31 19:30:00+00:00,324,Coastal Carolina,2199,Eastern Michigan,numberfire,6,,53.5,,,
401119256,2019,regular,1,2019-08-31 19:30:00+00:00,324,Coastal Carolina,2199,Eastern Michigan,consensus,5,,55.5,,,
401119256,2019,regular,1,2019-08-31 19:30:00+00:00,324,Coastal Carolina,2199,Eastern Michigan,Caesars,5,,56,,,
401121934,2019,regular,1,2019-08-31 19:30:00+00:00,2026,App State,2193,East Tennessee State,consensus,-33,,51.5,,,
401114174,2019,regular,1,2019-08-31 22:30:00+00:00,25,California,302,UC Davis,consensus,-15.5,,48,,,
401112106,2019,regular,1,2019-08-31 23:00:00+00:00,2306,Kansas State,2447,Nicholls,consensus,-20.5,,47.5,,,
401119257,2019,regular,1,2019-08-31 23:00:00+00:00,2459,Northern Illinois,2287,Illinois State,consensus,-6.5,,42.5,,,
401119258,2019,regular,1,2019-08-31 23:00:00+00:00,2711,Western Michigan,2405,Monmouth,consensus,-24.5,,73.5,,,
401114244,2019,regular,1,2019-09-01 00:00:00+00:00,2638,UTEP,2277,Houston Christian,consensus,-17.5,,61.5,,,
401117496,2019,regular,1,2019-09-01 01:00:00+00:00,21,San Diego State,2692,Weber State,consensus,-14,,36.5,,,
401117497,2019,regular,1,2019-09-01 02:00:00+00:00,2439,UNLV,253,Southern Utah,consensus,-24.5,,70.5,,,
401114218,2019,regular,1,2019-09-01 02:30:00+00:00,30,USC,278,Fresno State,teamrankings,-14.5,,50,,,
401114218,2019,regular,1,2019-09-01 02:30:00+00:00,30,USC,278,Fresno State,numberfire,-13.5,,52.5,,,
401114218,2019,regular,1,2019-09-01 02:30:00+00:00,30,USC,278,Fresno State,consensus,-14,,50,,,
401114218,2019,regular,1,2019-09-01 02:30:00+00:00,30,USC,278,Fresno State,Caesars,-14.5,,50,,,
401119260,2019,regular,2,2019-09-07 18:00:00+00:00,2050,Ball State,2230,Fordham,consensus,-29.5,,51,,,
401119262,2019,regular,2,2019-09-07 18:30:00+00:00,193,Miami (OH),2635,Tennessee Tech,consensus,-37.5,,60,,,
401114247,2019,regular,2,2019-09-07 19:30:00+00:00,2026,App State,2429,Charlotte,teamrankings,-23,,54,,,
401114247,2019,regular,2,2019-09-07 19:30:00+00:00,2026,App State,2429,Charlotte,numberfire,-23.5,,54.5,,,
401114247,2019,regular,2,2019-09-07 19:30:00+00:00,2026,App State,2429,Charlotte,consensus,-23.5,,54.5,,,
401114247,2019,regular,2,2019-09-07 19:30:00+00:00,2026,App State,2429,Charlotte,Caesars,-23.5,,54,,,
401114354,2019,regular,2,2019-09-07 19:30:00+00:00,113,Massachusetts,79,Southern Illinois,consensus,-6.5,,79.5,,,
401114252,2019,regular,2,2019-09-07 23:00:00+00:00,2393,Middle Tennessee,2634,Tennessee State,consensus,-25.5,,56.5,,,
401121937,2019,regular,2,2019-09-07 23:00:00+00:00,2247,Georgia State,231,Furman,consensus,-6,,61.5,,,
401121938,2019,regular,2,2019-09-07 23:00:00+00:00,6,South Alabama,2296,Jackson State,consensus,-25,,47,,,
401119263,2019,regular,3,2019-09-14 19:00:00+00:00,2117,Central Michigan,2006,Akron,teamrankings,-2.5,,45.5,,,
401119263,2019,regular,3,2019-09-14 19:00:00+00:00,2117,Central Michigan,2006,Akron,numberfire,-2.5,,45.5,,,
401119263,2019,regular,3,2019-09-14 19:00:00+00:00,2117,Central Michigan,2006,Akron,consensus,-2.5,,45.5,,,
401119263,2019,regular,3,2019-09-14 19:00:00+00:00,2117,Central Michigan,2006,Akron,Caesars,-2.5,,45.5,,,
401114201,2019,regular,3,2019-09-14 20:15:00+00:00,204,Oregon State,13,Cal Poly,consensus,-16.5,,75.5,,,
401114258,2019,regular,3,2019-09-14 21:00:00+00:00,189,Bowling Green,2348,Louisiana Tech,teamrankings,12.5,,59,,,
401114258,2019,regular,3,2019-09-14 21:00:00+00:00,189,Bowling Green,2348,Louisiana Tech,numberfire,12.5,,59,,,
401114258,2019,regular,3,2019-09-14 21:00:00+00:00,189,Bowling Green,2348,Louisiana Tech,consensus,13,,59,,,
401114258,2019,regular,3,2019-09-14 21:00:00+00:00,189,Bowling Green,2348,Louisiana Tech,Caesars,13,,59,,,
401114348,2019,regular,3,2019-09-14 22:00:00+00:00,2335,Liberty,2084,Buffalo,teamrankings,6,,55,,,
401114348,2019,regular,3,2019-09-14 22:00:00+00:00,2335,Liberty,2084,Buffalo,numberfire,6,,55,,,
401114348,2019,regular,3,2019-09-14 22:00:00+00:00,2335,Liberty,2084,Buffalo,consensus,5.5,,55,,,
401114348,2019,regular,3,2019-09-14 22:00:00+00:00,2335,Liberty,2084,Buffalo,Caesars,6,,54.5,,,
401119264,2019,regular,3,2019-09-14 23:00:00+00:00,2711,Western Michigan,2247,Georgia State,teamrankings,-9,,69.5,,,
401119264,2019,regular,3,2019-09-14 23:00:00+00:00,2711,Western Michigan,2247,Georgia State,numberfire,-9,,69.5,,,
401119264,2019,regular,3,2019-09-14 23:00:00+00:00,2711,Western Michigan,2247,Georgia State,consensus,-9,,69.5,,,
401119264,2019,regular,3,2019-09-14 23:00:00+00:00,2711,Western Michigan,2247,Georgia State,Caesars,-9,,69,,,
401121940,2019,regular,3,2019-09-14 23:30:00+00:00,309,Louisiana,2640,Texas Southern,consensus,-47,,75,,,
401114356,2019,regular,5,2019-09-28 19:30:00+00:00,113,Massachusetts,2006,Akron,teamrankings,7.5,,60.5,,,
401114356,2019,regular,5,2019-09-28 19:30:00+00:00,113,Massachusetts,2006,Akron,numberfire,9,,60.5,,,
401114356,2019,regular,5,2019-09-28 19:30:00+00:00,113,Massachusetts,2006,Akron,consensus,9.5,,60.5,,,
401114356,2019,regular,5,2019-09-28 19:30:00+00:00,113,Massachusetts,2006,Akron,Caesars,8.5,,60.5,,,
401121943,2019,regular,5,2019-09-28 19:30:00+00:00,2026,App State,324,Coastal Carolina,teamrankings,-14.5,,58,,,
401121943,2019,regular,5,2019-09-28 19:30:00+00:00,2026,App State,324,Coastal Carolina,numberfire,-16,,58,,,
401121943,2019,regular,5,2019-09-28 19:30:00+00:00,2026,App State,324,Coastal Carolina,consensus,-16,,59,,,
401121943,2019,regular,5,2019-09-28 19:30:00+00:00,2026,App State,324,Coastal Carolina,Caesars,-15.5,,57.5,,,
401114350,2019,regular,5,2019-09-28 22:00:00+00:00,2335,Liberty,167,New Mexico,teamrankings,-7.5,,72,,,
401114350,2019,regular,5,2019-09-28 22:00:00+00:00,2335,Liberty,167,New Mexico,numberfire,-7.5,,72,,,
401114350,2019,regular,5,2019-09-28 22:00:00+00:00,2335,Liberty,167,New Mexico,consensus,-7.5,,72,,,
401114350,2019,regular,5,2019-09-28 22:00:00+00:00,2335,Liberty,167,New Mexico,Caesars,-7,,71.5,,,
401121947,2019,regular,5,2019-09-28 23:00:00+00:00,326,Texas State,2447,Nicholls,consensus,-2.5,,55,,,
401114341,2019,regular,5,2019-09-29 00:00:00+00:00,166,New Mexico State,278,Fresno State,teamrankings,20,,63.5,,,
401114341,2019,regular,5,2019-09-29 00:00:00+00:00,166,New Mexico State,278,Fresno State,numberfire,20.5,,62.5,,,
401114341,2019,regular,5,2019-09-29 00:00:00+00:00,166,New Mexico State,278,Fresno State,consensus,21,,63,,,
401114341,2019,regular,5,2019-09-29 00:00:00+00:00,166,New Mexico State,278,Fresno State,Caesars,21,,63,,,
401114166,2019,regular,5,2019-09-29 02:30:00+00:00,12,Arizona,26,UCLA,teamrankings,-6.5,,72.5,,,
401114166,2019,regular,5,2019-09-29 02:30:00+00:00,12,Arizona,26,UCLA,numberfire,-6.5,,72,,,
401114166,2019,regular,5,2019-09-29 02:30:00+00:00,12,Arizona,26,UCLA,consensus,-3.5,,68.5,,,
401114166,2019,regular,5,2019-09-29 02:30:00+00:00,12,Arizona,26,UCLA,Caesars,-3.5,,69,,,
401119273,2019,regular,6,2019-10-05 19:00:00+00:00,2117,Central Michigan,2199,Eastern Michigan,teamrankings,4,,54,,,
401119273,2019,regular,6,2019-10-05 19:00:00+00:00,2117,Central Michigan,2199,Eastern Michigan,numberfire,4,,54,,,
401119273,2019,regular,6,2019-10-05 19:00:00+00:00,2117,Central Michigan,2199,Eastern Michigan,consensus,4,,54,,,
401119273,2019,regular,6,2019-10-05 19:00:00+00:00,2117,Central Michigan,2199,Eastern Michigan,Caesars,4,,53.5,,,
401119272,2019,regular,6,2019-10-05 19:30:00+00:00,2459,Northern Illinois,2050,Ball State,teamrankings,-4,,55,,,
401119272,2019,regular,6,2019-10-05 19:30:00+00:00,2459,Northern Illinois,2050,Ball State,numberfire,-3.5,,54.5,,,
401119272,2019,regular,6,2019-10-05 19:30:00+00:00,2459,Northern Illinois,2050,Ball State,consensus,-3.5,,54.5,,,
401119272,2019,regular,6,2019-10-05 19:30:00+00:00,2459,Northern Illinois,2050,Ball State,Caesars,-3.5,,54.5,,,
401119274,2019,regular,6,2019-10-05 19:30:00+00:00,2084,Buffalo,195,Ohio,teamrankings,3,,53,,,
401119274,2019,regular,6,2019-10-05 19:30:00+00:00,2084,Buffalo,195,Ohio,numberfire,3,,51.5,,,
401119274,2019,regular,6,2019-10-05 19:30:00+00:00,2084,Buffalo,195,Ohio,consensus,3.5,,51.5,,,
401119274,2019,regular,6,2019-10-05 19:30:00+00:00,2084,Buffalo,195,Ohio,Caesars,3,,51.5,,,
401119275,2019,regular,6,2019-10-05 19:30:00+00:00,2649,Toledo,2711,Western Michigan,teamrankings,-1.5,,74,,,
401119275,2019,regular,6,2019-10-05 19:30:00+00:00,2649,Toledo,2711,Western Michigan,numberfire,-1.5,,73.5,,,
401119275,2019,regular,6,2019-10-05 19:30:00+00:00,2649,Toledo,2711,Western Michigan,consensus,-1.5,,73.5,,,
401119275,2019,regular,6,2019-10-05 19:30:00+00:00,2649,Toledo,2711,Western Michigan,Caesars,-1.5,,73.5,,,
401121949,2019,regular,6,2019-10-05 19:30:00+00:00,2247,Georgia State,2032,Arkansas State,teamrankings,6.5,,69,,,
401121949,2019,regular,6,2019-10-05 19:30:00+00:00,2247,Georgia State,2032,Arkansas State,numberfire,6.5,,69.5,,,
401121949,2019,regular,6,2019-10-05 19:30:00+00:00,2247,Georgia State,2032,Arkansas State,consensus,6.5,,69.5,,,
401121949,2019,regular,6,2019-10-05 19:30:00+00:00,2247,Georgia State,2032,Arkansas State,Caesars,6.5,,69.5,,,
401114342,2019,regular,6,2019-10-06 00:00:00+00:00,166,New Mexico State,2335,Liberty,teamrankings,4.5,,62.5,,,
401114342,2019,regular,6,2019-10-06 00:00:00+00:00,166,New Mexico State,2335,Liberty,numberfire,4.5,,62.5,,,
401114342,2019,regular,6,2019-10-06 00:00:00+00:00,166,New Mexico State,2335,Liberty,consensus,4,,63,,,
401114342,2019,regular,6,2019-10-06 00:00:00+00:00,166,New Mexico State,2335,Liberty,Caesars,4,,63,,,
401119280,2019,regular,7,2019-10-12 16:00:00+00:00,189,Bowling Green,2649,Toledo,teamrankings,26.5,,65,,,
401119280,2019,regular,7,2019-10-12 16:00:00+00:00,189,Bowling Green,2649,Toledo,numberfire,27,,65,,,
401119280,2019,regular,7,2019-10-12 16:00:00+00:00,189,Bowling Green,2649,Toledo,consensus,27,,65,,,
401119280,2019,regular,7,2019-10-12 16:00:00+00:00,189,Bowling Green,2649,Toledo,Caesars,27,,65,,,
401119277,2019,regular,7,2019-10-12 19:30:00+00:00,2006,Akron,2309,Kent State,teamrankings,14.5,,57.5,,,
401119277,2019,regular,7,2019-10-12 19:30:00+00:00,2006,Akron,2309,Kent State,numberfire,14.5,,57.5,,,
401119277,2019,regular,7,2019-10-12 19:30:00+00:00,2006,Akron,2309,Kent State,consensus,14,,57.5,,,
401119277,2019,regular,7,2019-10-12 19:30:00+00:00,2006,Akron,2309,Kent State,Caesars,14,,57,,,
401119279,2019,regular,7,2019-10-12 19:30:00+00:00,195,Ohio,2459,Northern Illinois,teamrankings,-4.5,,51,,,
401119279,2019,regular,7,2019-10-12 19:30:00+00:00,195,Ohio,2459,Northern Illinois,numberfire,-5,,51.5,,,
401119279,2019,regular,7,2019-10-12 19:30:00+00:00,195,Ohio,2459,Northern Illinois,consensus,-5,,51.5,,,
401119279,2019,regular,7,2019-10-12 19:30:00+00:00,195,Ohio,2459,Northern Illinois,Caesars,-4.5,,51,,,
401121952,2019,regular,7,2019-10-12 21:00:00+00:00,324,Coastal Carolina,2247,Georgia State,teamrankings,-3.5,,64.5,,,
401121952,2019,regular,7,2019-10-12 21:00:00+00:00,324,Coastal Carolina,2247,Georgia State,numberfire,-3.5,,64.5,,,
401121952,2019,regular,7,2019-10-12 21:00:00+00:00,324,Coastal Carolina,2247,Georgia State,consensus,-3.5,,64.5,,,
401121952,2019,regular,7,2019-10-12 21:00:00+00:00,324,Coastal Carolina,2247,Georgia State,Caesars,-3.5,,64.5,,,
401117882,2019,regular,7,2019-10-12 23:30:00+00:00,202,Tulsa,2426,Navy,teamrankings,-1,,52,,,
401117882,2019,regular,7,2019-10-12 23:30:00+00:00,202,Tulsa,2426,Navy,numberfire,-1,,52.5,,,
401117882,2019,regular,7,2019-10-12 23:30:00+00:00,202,Tulsa,2426,Navy,consensus,-1,,52.5,,,
401117882,2019,regular,7,2019-10-12 23:30:00+00:00,202,Tulsa,2426,Navy,Caesars,-1,,53,,,
401114196,2019,regular,8,2019-10-19 19:30:00+00:00,264,Washington,2483,Oregon,teamrankings,3,,48,,,
401114196,2019,regular,8,2019-10-19 19:30:00+00:00,264,Washington,2483,Oregon,numberfire,3,,48.5,,,
401114196,2019,regular,8,2019-10-19 19:30:00+00:00,264,Washington,2483,Oregon,consensus,3,,48.5,,,
401114196,2019,regular,8,2019-10-19 19:30:00+00:00,264,Washington,2483,Oregon,Caesars,3,,48.5,,,
401119282,2019,regular,8,2019-10-19 18:00:00+00:00,189,Bowling Green,2117,Central Michigan,teamrankings,11.5,,54,,,
401119282,2019,regular,8,2019-10-19 18:00:00+00:00,189,Bowling Green,2117,Central Michigan,numberfire,11.5,,54.5,,,
401119282,2019,regular,8,2019-10-19 18:00:00+00:00,189,Bowling Green,2117,Central Michigan,consensus,11,,54.5,,,
401119282,2019,regular,8,2019-10-19 18:00:00+00:00,189,Bowling Green,2117,Central Michigan,Caesars,12,,54.5,,,
401119285,2019,regular,8,2019-10-19 18:00:00+00:00,2050,Ball State,2649,Toledo,teamrankings,-3.5,,58.5,,,
401119285,2019,regular,8,2019-10-19 18:00:00+00:00,2050,Ball State,2649,Toledo,numberfire,-3,,57.5,,,
401119285,2019,regular,8,2019-10-19 18:00:00+00:00,2050,Ball State,2649,Toledo,consensus,-3,,58,,,
401119285,2019,regular,8,2019-10-19 18:00:00+00:00,2050,Ball State,2649,Toledo,Caesars,-3,,58.5,,,
401119284,2019,regular,8,2019-10-19 18:30:00+00:00,193,Miami (OH),2459,Northern Illinois,teamrankings,1.5,,48,,,
401119284,2019,regular,8,2019-10-19 18:30:00+00:00,193,Miami (OH),2459,Northern Illinois,numberfire,2,,48,,,
401119284,2019,regular,8,2019-10-19 18:30:00+00:00,193,Miami (OH),2459,Northern Illinois,consensus,2.5,,48.5,,,
401119284,2019,regular,8,2019-10-19 18:30:00+00:00,193,Miami (OH),2459,Northern Illinois,Caesars,2.5,,48.5,,,
401121956,2019,regular,8,2019-10-19 19:00:00+00:00,290,Georgia Southern,324,Coastal Carolina,teamrankings,-7,,43,,,
401121956,2019,regular,8,2019-10-19 19:00:00+00:00,290,Georgia Southern,324,Coastal Carolina,numberfire,-7,,41.5,,,
401121956,2019,regular,8,2019-10-19 19:00:00+00:00,290,Georgia Southern,324,Coastal Carolina,consensus,-7,,42.5,,,
401121956,2019,regular,8,2019-10-19 19:00:00+00:00,290,Georgia Southern,324,Coastal Carolina,Caesars,-7,,43,,,
401114289,2019,regular,8,2019-10-19 19:30:00+00:00,2348,Louisiana Tech,2572,Southern Miss,teamrankings,3,,58.5,,,
401114289,2019,regular,8,2019-10-19 19:30:00+00:00,2348,Louisiana Tech,2572,Southern Miss,numberfire,2.5,,58.5,,,
401114289,2019,regular,8,2019-10-19 19:30:00+00:00,2348,Louisiana Tech,2572,Southern Miss,consensus,2.5,,58.5,,,
401114289,2019,regular,8,2019-10-19 19:30:00+00:00,2348,Louisiana Tech,2572,Southern Miss,Caesars,3,,58.5,,,
401119281,2019,regular,8,2019-10-19 19:30:00+00:00,2006,Akron,2084,Buffalo,teamrankings,17.5,,48,,,
401119281,2019,regular,8,2019-10-19 19:30:00+00:00,2006,Akron,2084,Buffalo,numberfire,17.5,,47.5,,,
401119281,2019,regular,8,2019-10-19 19:30:00+00:00,2006,Akron,2084,Buffalo,consensus,17.5,,47.5,,,
401119281,2019,regular,8,2019-10-19 19:30:00+00:00,2006,Akron,2084,Buffalo,Caesars,17.5,,47.5,,,
401114287,2019,regular,8,2019-10-19 23:00:00+00:00,2229,Florida International,2638,UTEP,teamrankings,-25,,51,,,
401114287,2019,regular,8,2019-10-19 23:00:00+00:00,2229,Florida International,2638,UTEP,numberfire,-24.5,,50,,,
401114287,2019,regular,8,2019-10-19 23:00:00+00:00,2229,Florida International,2638,UTEP,consensus,-24.5,,51.5,,,
401114287,2019,regular,8,2019-10-19 23:00:00+00:00,2229,Florida International,2638,UTEP,Caesars,-24.5,,51,,,
401114329,2019,regular,8,2019-10-19 23:00:00+00:00,2247,Georgia State,349,Army,teamrankings,4,,54.5,,,
401114329,2019,regular,8,2019-10-19 23:00:00+00:00,2247,Georgia State,349,Army,numberfire,4,,54,,,
401114329,2019,regular,8,2019-10-19 23:00:00+00:00,2247,Georgia State,349,Army,consensus,4,,54,,,
401114329,2019,regular,8,2019-10-19 23:00:00+00:00,2247,Georgia State,349,Army,Caesars,3.5,,54.5,,,
401119286,2019,regular,8,2019-10-19 23:00:00+00:00,2199,Eastern Michigan,2711,Western Michigan,teamrankings,9,,61,,,
401119286,2019,regular,8,2019-10-19 23:00:00+00:00,2199,Eastern Michigan,2711,Western Michigan,numberfire,9.5,,61,,,
401119286,2019,regular,8,2019-10-19 23:00:00+00:00,2199,Eastern Michigan,2711,Western Michigan,consensus,9.5,,61,,,
401119286,2019,regular,8,2019-10-19 23:00:00+00:00,2199,Eastern Michigan,2711,Western Michigan,Caesars,9.5,,61,,,
401121957,2019,regular,9,2019-10-26 16:00:00+00:00,6,South Alabama,2026,App State,teamrankings,27.5,,51,,,
401121957,2019,regular,9,2019-10-26 16:00:00+00:00,6,South Alabama,2026,App State,numberfire,27.5,,50.5,,,
401121957,2019,regular,9,2019-10-26 16:00:00+00:00,6,South Alabama,2026,App State,consensus,27.5,,50.5,,,
401121957,2019,regular,9,2019-10-26 16:00:00+00:00,6,South Alabama,2026,App State,Caesars,27.5,,50.5,,,
401119288,2019,regular,9,2019-10-26 16:00:00+00:00,2711,Western Michigan,189,Bowling Green,teamrankings,-26.5,,65.5,,,
401119288,2019,regular,9,2019-10-26 16:00:00+00:00,2711,Western Michigan,189,Bowling Green,numberfire,-27,,65.5,,,
401119288,2019,regular,9,2019-10-26 16:00:00+00:00,2711,Western Michigan,189,Bowling Green,consensus,-27,,65.5,,,
401119288,2019,regular,9,2019-10-26 16:00:00+00:00,2711,Western Michigan,189,Bowling Green,Caesars,-27,,65.5,,,
401119292,2019,regular,9,2019-10-26 18:00:00+00:00,2050,Ball State,195,Ohio,teamrankings,-1.5,,60,,,
401119292,2019,regular,9,2019-10-26 18:00:00+00:00,2050,Ball State,195,Ohio,numberfire,-2.5,,59.5,,,
401119292,2019,regular,9,2019-10-26 18:00:00+00:00,2050,Ball State,195,Ohio,consensus,-2.5,,59.5,,,
401119292,2019,regular,9,2019-10-26 18:00:00+00:00,2050,Ball State,195,Ohio,Caesars,-2.5,,59,,,
401114357,2019,regular,9,2019-10-26 19:30:00+00:00,113,Massachusetts,41,UConn,teamrankings,9.5,,62,,,
401114357,2019,regular,9,2019-10-26 19:30:00+00:00,113,Massachusetts,41,UConn,numberfire,9.5,,62,,,
401114357,2019,regular,9,2019-10-26 19:30:00+00:00,113,Massachusetts,41,UConn,consensus,9.5,,62,,,
401114357,2019,regular,9,2019-10-26 19:30:00+00:00,113,Massachusetts,41,UConn,Caesars,9.5,,62,,,
401119287,2019,regular,9,2019-10-26 19:30:00+00:00,2459,Northern Illinois,2006,Akron,teamrankings,-22,,42.5,,,
401119287,2019,regular,9,2019-10-26 19:30:00+00:00,2459,Northern Illinois,2006,Akron,numberfire,-22.5,,41.5,,,
401119287,2019,regular,9,2019-10-26 19:30:00+00:00,2459,Northern Illinois,2006,Akron,consensus,-22,,42,,,
401119287,2019,regular,9,2019-10-26 19:30:00+00:00,2459,Northern Illinois,2006,Akron,Caesars,-23,,43,,,
401119289,2019,regular,9,2019-10-26 19:30:00+00:00,2084,Buffalo,2117,Central Michigan,teamrankings,-1.5,,46.5,,,
401119289,2019,regular,9,2019-10-26 19:30:00+00:00,2084,Buffalo,2117,Central Michigan,numberfire,-2.5,,45.5,,,
401119289,2019,regular,9,2019-10-26 19:30:00+00:00,2084,Buffalo,2117,Central Michigan,consensus,-2.5,,45.5,,,
401119289,2019,regular,9,2019-10-26 19:30:00+00:00,2084,Buffalo,2117,Central Michigan,Caesars,-2.5,,46,,,
401119290,2019,regular,9,2019-10-26 19:30:00+00:00,2649,Toledo,2199,Eastern Michigan,teamrankings,-2.5,,52,,,
401119290,2019,regular,9,2019-10-26 19:30:00+00:00,2649,Toledo,2199,Eastern Michigan,numberfire,-2.5,,52.5,,,
401119290,2019,regular,9,2019-10-26 19:30:00+00:00,2649,Toledo,2199,Eastern Michigan,consensus,-2.5,,52,,,
401119290,2019,regular,9,2019-10-26 19:30:00+00:00,2649,Toledo,2199,Eastern Michigan,Caesars,-2.5,,54,,,
401119291,2019,regular,9,2019-10-26 19:30:00+00:00,2309,Kent State,193,Miami (OH),teamrankings,-2.5,,54.5,,,
401119291,2019,regular,9,2019-10-26 19:30:00+00:00,2309,Kent State,193,Miami (OH),numberfire,-2.5,,55,,,
401119291,2019,regular,9,2019-10-26 19:30:00+00:00,2309,Kent State,193,Miami (OH),consensus,-2.5,,54,,,
401119291,2019,regular,9,2019-10-26 19:30:00+00:00,2309,Kent State,193,Miami (OH),Caesars,-2.5,,54.5,,,
401114345,2019,regular,12,2019-11-16 21:00:00+00:00,166,New Mexico State,2916,Incarnate Word,consensus,-7.5,,60,,,
401110809,2019,regular,5,2019-09-28 20:00:00+00:00,57,Florida,119,Towson,consensus,-37,,62.5,,,
401112471,2019,regular,5,2019-09-28 16:00:00+00:00,183,Syracuse,107,Holy Cross,consensus,-40,,55,,,
401112470,2019,regular,5,2019-09-28 16:30:00+00:00,221,Pittsburgh,48,Delaware,consensus,-28.5,,50.5,,,
401112449,2019,regular,3,2019-09-14 23:30:00+00:00,183,Syracuse,228,Clemson,teamrankings,28,,63,,,
401112449,2019,regular,3,2019-09-14 23:30:00+00:00,183,Syracuse,228,Clemson,numberfire,28,,64,,,
401112449,2019,regular,3,2019-09-14 23:30:00+00:00,183,Syracuse,228,Clemson,consensus,28,,64,,,
401112449,2019,regular,3,2019-09-14 23:30:00+00:00,183,Syracuse,228,Clemson,Caesars,28,,64,,,
401117534,2019,regular,9,2019-10-27 02:30:00+00:00,2439,UNLV,21,San Diego State,teamrankings,12,,45,,,
401117534,2019,regular,9,2019-10-27 02:30:00+00:00,2439,UNLV,21,San Diego State,numberfire,11.5,,45,,,
401117534,2019,regular,9,2019-10-27 02:30:00+00:00,2439,UNLV,21,San Diego State,consensus,11.5,,44.5,,,
401117534,2019,regular,9,2019-10-27 02:30:00+00:00,2439,UNLV,21,San Diego State,Caesars,11,,45,,,
401117527,2019,regular,8,2019-10-20 02:15:00+00:00,328,Utah State,2440,Nevada,teamrankings,-21,,59,,,
401117527,2019,regular,8,2019-10-20 02:15:00+00:00,328,Utah State,2440,Nevada,numberfire,-21,,58.5,,,
401117527,2019,regular,8,2019-10-20 02:15:00+00:00,328,Utah State,2440,Nevada,consensus,-21.5,,58.5,,,
401117527,2019,regular,8,2019-10-20 02:15:00+00:00,328,Utah State,2440,Nevada,Caesars,-22.5,,59,,,
401112459,2019,regular,4,2019-09-21 19:30:00+00:00,153,North Carolina,2026,App State,teamrankings,-1.5,,58,,,
401112459,2019,regular,4,2019-09-21 19:30:00+00:00,153,North Carolina,2026,App State,numberfire,-2.5,,58,,,
401112459,2019,regular,4,2019-09-21 19:30:00+00:00,153,North Carolina,2026,App State,consensus,-2.5,,58,,,
401112459,2019,regular,4,2019-09-21 19:30:00+00:00,153,North Carolina,2026,App State,Caesars,-2.5,,58,,,
401112464,2019,regular,4,2019-09-21 16:00:00+00:00,154,Wake Forest,2210,Elon,consensus,-29.5,,58.5,,,
401114263,2019,regular,4,2019-09-21 22:00:00+00:00,2226,Florida Atlantic,2681,Wagner,consensus,-37.5,,55.5,,,
401116697,2019,regular,4,2019-09-21 22:00:00+00:00,151,East Carolina,2729,William & Mary,consensus,-14,,50,,,
401117510,2019,regular,4,2019-09-22 02:00:00+00:00,278,Fresno State,16,Sacramento State,consensus,-24.5,,54.5,,,
401117511,2019,regular,4,2019-09-22 03:59:00+00:00,62,Hawai'i,2110,Central Arkansas,consensus,-16.5,,66.5,,,
401112085,2019,regular,1,2019-08-31 16:00:00+00:00,66,Iowa State,2460,Northern Iowa,consensus,-23.5,,41.5,,,
401112096,2019,regular,1,2019-08-31 16:00:00+00:00,2305,Kansas,282,Indiana State,consensus,-7.5,,53.5,,,
401112201,2019,regular,1,2019-08-31 16:00:00+00:00,120,Maryland,47,Howard,consensus,-29,,65.5,,,
401112143,2019,regular,1,2019-08-31 18:00:00+00:00,277,West Virginia,256,James Madison,consensus,-7,,52.5,,,
401117857,2019,regular,1,2019-08-31 19:30:00+00:00,2426,Navy,107,Holy Cross,consensus,-21.5,,53.5,,,
401110721,2019,regular,1,2019-08-31 20:00:00+00:00,8,Arkansas,2502,Portland State,consensus,-29.5,,60.5,,,
401112139,2019,regular,1,2019-08-31 20:00:00+00:00,2641,Texas Tech,147,Montana State,consensus,-28,,60,,,
401114245,2019,regular,1,2019-08-31 22:00:00+00:00,2636,UTSA,2916,Incarnate Word,consensus,-9.5,,58.5,,,
401121935,2019,regular,1,2019-08-31 22:00:00+00:00,2653,Troy,2097,Campbell,consensus,-35.5,,49,,,
401114240,2019,regular,1,2019-08-31 22:30:00+00:00,276,Marshall,2678,VMI,consensus,-44,,63.5,,,
401112073,2019,regular,1,2019-08-31 23:00:00+00:00,239,Baylor,2617,Stephen F. Austin,consensus,-43.5,,57.5,,,
401114243,2019,regular,1,2019-08-31 23:00:00+00:00,2572,Southern Miss,2016,Alcorn State,consensus,-27,,55,,,
401114241,2019,regular,1,2019-08-31 23:30:00+00:00,249,North Texas,2000,Abilene Christian,consensus,-23,,58.5,,,
401128468,2019,regular,1,2019-09-01 00:00:00+00:00,2433,UL Monroe,2755,Grambling,consensus,-28,,58.5,,,
401114154,2019,regular,2,2019-09-07 02:00:00+00:00,9,Arizona State,16,Sacramento State,consensus,-35,,63.5,,,
401112115,2019,regular,2,2019-09-07 23:00:00+00:00,201,Oklahoma,233,South Dakota,consensus,-46.5,,76.5,,,
401117862,2019,regular,2,2019-09-07 16:00:00+00:00,235,Memphis,2582,Southern,consensus,-41,,68.5,,,
401112438,2019,regular,2,2019-09-07 19:30:00+00:00,103,Boston College,257,Richmond,consensus,-33.5,,56,,,
401114250,2019,regular,2,2019-09-07 19:30:00+00:00,2348,Louisiana Tech,2755,Grambling,consensus,-30.5,,52,,,
401117498,2019,regular,2,2019-09-07 20:00:00+00:00,36,Colorado State,2710,Western Illinois,consensus,-12,,57.5,,,
401121936,2019,regular,2,2019-09-07 22:00:00+00:00,290,Georgia Southern,311,Maine,consensus,-8.5,,46.5,,,
401117499,2019,regular,2,2019-09-07 23:30:00+00:00,328,Utah State,2619,Stony Brook,consensus,-31.5,,58,,,
401112482,2019,regular,7,2019-10-12 20:00:00+00:00,259,Virginia Tech,227,Rhode Island,consensus,-28,,65.5,,,
401112496,2019,regular,10,2019-11-02 20:00:00+00:00,228,Clemson,2747,Wofford,consensus,-48.5,,58.5,,,
401112510,2019,regular,12,2019-11-16 17:00:00+00:00,52,Florida State,2011,Alabama State,consensus,-41,,53,,,
401112444,2019,regular,2,2019-09-07 16:30:00+00:00,152,NC State,2717,Western Carolina,consensus,-41,,65.5,,,
401110799,2019,regular,4,2019-09-21 16:00:00+00:00,57,Florida,2633,Tennessee,teamrankings,-12.5,,49.5,,,
401110799,2019,regular,4,2019-09-21 16:00:00+00:00,57,Florida,2633,Tennessee,numberfire,-13,,48.5,,,
401110799,2019,regular,4,2019-09-21 16:00:00+00:00,57,Florida,2633,Tennessee,consensus,-13.5,,49,,,
401110799,2019,regular,4,2019-09-21 16:00:00+00:00,57,Florida,2633,Tennessee,Caesars,-12.5,,49,,,
401112144,2019,regular,3,2019-09-14 16:00:00+00:00,277,West Virginia,152,NC State,teamrankings,7,,46.5,,,
401112144,2019,regular,3,2019-09-14 16:00:00+00:00,277,West Virginia,152,NC State,numberfire,7,,46,,,
401112144,2019,regular,3,2019-09-14 16:00:00+00:00,277,West Virginia,152,NC State,consensus,7,,46,,,
401112144,2019,regular,3,2019-09-14 16:00:00+00:00,277,West Virginia,152,NC State,Caesars,7,,45.5,,,
401112246,2019,regular,3,2019-09-14 19:30:00+00:00,77,Northwestern,2439,UNLV,teamrankings,-18.5,,52,,,
401112246,2019,regular,3,2019-09-14 19:30:00+00:00,77,Northwestern,2439,UNLV,numberfire,-18.5,,51.5,,,
401112246,2019,regular,3,2019-09-14 19:30:00+00:00,77,Northwestern,2439,UNLV,consensus,-18.5,,52,,,
401112246,2019,regular,3,2019-09-14 19:30:00+00:00,77,Northwestern,2439,UNLV,Caesars,-19.5,,52,,,
401114255,2019,regular,3,2019-09-14 22:00:00+00:00,2429,Charlotte,113,Massachusetts,teamrankings,-20.5,,66.5,,,
401114255,2019,regular,3,2019-09-14 22:00:00+00:00,2429,Charlotte,113,Massachusetts,numberfire,-21,,66.5,,,
401114255,2019,regular,3,2019-09-14 22:00:00+00:00,2429,Charlotte,113,Massachusetts,consensus,-21,,66.5,,,
401114255,2019,regular,3,2019-09-14 22:00:00+00:00,2429,Charlotte,113,Massachusetts,Caesars,-21,,66.5,,,
401117514,2019,regular,5,2019-09-29 00:00:00+00:00,2751,Wyoming,2439,UNLV,teamrankings,-8,,44.5,,,
401117514,2019,regular,5,2019-09-29 00:00:00+00:00,2751,Wyoming,2439,UNLV,numberfire,-9,,44.5,,,
401117514,2019,regular,5,2019-09-29 00:00:00+00:00,2751,Wyoming,2439,UNLV,consensus,-8,,45,,,
401117514,2019,regular,5,2019-09-29 00:00:00+00:00,2751,Wyoming,2439,UNLV,Caesars,-8.5,,45,,,
401117521,2019,regular,7,2019-10-13 02:15:00+00:00,68,Boise State,62,Hawai'i,teamrankings,-11.5,,60.5,,,
401117521,2019,regular,7,2019-10-13 02:15:00+00:00,68,Boise State,62,Hawai'i,numberfire,-12,,60,,,
401117521,2019,regular,7,2019-10-13 02:15:00+00:00,68,Boise State,62,Hawai'i,consensus,-12.5,,60,,,
401117521,2019,regular,7,2019-10-13 02:15:00+00:00,68,Boise State,62,Hawai'i,Caesars,-12.5,,60,,,
401112234,2019,regular,8,2019-10-19 19:30:00+00:00,164,Rutgers,135,Minnesota,teamrankings,28.5,,46,,,
401112234,2019,regular,8,2019-10-19 19:30:00+00:00,164,Rutgers,135,Minnesota,numberfire,28.5,,46.5,,,
401112234,2019,regular,8,2019-10-19 19:30:00+00:00,164,Rutgers,135,Minnesota,consensus,29,,47,,,
401110784,2019,regular,2,2019-09-07 19:30:00+00:00,228,Clemson,245,Texas A&M,teamrankings,-16.5,,62.5,,,
401110784,2019,regular,2,2019-09-07 19:30:00+00:00,228,Clemson,245,Texas A&M,numberfire,-16.5,,63,,,
401110784,2019,regular,2,2019-09-07 19:30:00+00:00,228,Clemson,245,Texas A&M,consensus,-16,,62,,,
401110784,2019,regular,2,2019-09-07 19:30:00+00:00,228,Clemson,245,Texas A&M,Caesars,-16,,61.5,,,
401110782,2019,regular,2,2019-09-07 16:00:00+00:00,2579,South Carolina,2127,Charleston Southern,consensus,-36.5,,42.5,,,
401110777,2019,regular,2,2019-09-07 23:30:00+00:00,96,Kentucky,2199,Eastern Michigan,teamrankings,-15.5,,51.5,,,
401110777,2019,regular,2,2019-09-07 23:30:00+00:00,96,Kentucky,2199,Eastern Michigan,numberfire,-16,,52,,,
401110777,2019,regular,2,2019-09-07 23:30:00+00:00,96,Kentucky,2199,Eastern Michigan,consensus,-15.5,,52.5,,,
401110777,2019,regular,2,2019-09-07 23:30:00+00:00,96,Kentucky,2199,Eastern Michigan,Caesars,-15.5,,52,,,
401117867,2019,regular,3,2019-09-14 23:00:00+00:00,2567,SMU,326,Texas State,teamrankings,-17.5,,62,,,
401117867,2019,regular,3,2019-09-14 23:00:00+00:00,2567,SMU,326,Texas State,numberfire,-17.5,,62.5,,,
401117867,2019,regular,3,2019-09-14 23:00:00+00:00,2567,SMU,326,Texas State,consensus,-17.5,,62.5,,,
401117867,2019,regular,3,2019-09-14 23:00:00+00:00,2567,SMU,326,Texas State,Caesars,-17.5,,63.5,,,
401117506,2019,regular,4,2019-09-21 01:00:00+00:00,68,Boise State,2005,Air Force,teamrankings,-7.5,,53,,,
401117506,2019,regular,4,2019-09-21 01:00:00+00:00,68,Boise State,2005,Air Force,numberfire,-7,,55,,,
401117506,2019,regular,4,2019-09-21 01:00:00+00:00,68,Boise State,2005,Air Force,consensus,-7.5,,53.5,,,
401117506,2019,regular,4,2019-09-21 01:00:00+00:00,68,Boise State,2005,Air Force,Caesars,-7.5,,53.5,,,
401112463,2019,regular,4,2019-09-21 23:00:00+00:00,258,Virginia,295,Old Dominion,teamrankings,-27,,47.5,,,
401112463,2019,regular,4,2019-09-21 23:00:00+00:00,258,Virginia,295,Old Dominion,numberfire,-26,,47,,,
401112463,2019,regular,4,2019-09-21 23:00:00+00:00,258,Virginia,295,Old Dominion,consensus,-27,,47.5,,,
401112463,2019,regular,4,2019-09-21 23:00:00+00:00,258,Virginia,295,Old Dominion,Caesars,-27,,47.5,,,
401112140,2019,regular,2,2019-09-08 00:00:00+00:00,2641,Texas Tech,2638,UTEP,teamrankings,-34.5,,64,,,
401112140,2019,regular,2,2019-09-08 00:00:00+00:00,2641,Texas Tech,2638,UTEP,numberfire,-35,,64,,,
401112140,2019,regular,2,2019-09-08 00:00:00+00:00,2641,Texas Tech,2638,UTEP,consensus,-35,,64,,,
401112140,2019,regular,2,2019-09-08 00:00:00+00:00,2641,Texas Tech,2638,UTEP,Caesars,-34.5,,64,,,
401112147,2019,regular,3,2019-09-14 16:00:00+00:00,356,Illinois,2199,Eastern Michigan,teamrankings,-7,,57.5,,,
401112147,2019,regular,3,2019-09-14 16:00:00+00:00,356,Illinois,2199,Eastern Michigan,numberfire,-7.5,,57,,,
401112147,2019,regular,3,2019-09-14 16:00:00+00:00,356,Illinois,2199,Eastern Michigan,consensus,-7.5,,57,,,
401112147,2019,regular,3,2019-09-14 16:00:00+00:00,356,Illinois,2199,Eastern Michigan,Caesars,-7,,57,,,
401117516,2019,regular,6,2019-10-05 19:30:00+00:00,2426,Navy,2005,Air Force,teamrankings,3,,46.5,,,
401117516,2019,regular,6,2019-10-05 19:30:00+00:00,2426,Navy,2005,Air Force,numberfire,3,,46,,,
401117516,2019,regular,6,2019-10-05 19:30:00+00:00,2426,Navy,2005,Air Force,consensus,3,,46.5,,,
401117516,2019,regular,6,2019-10-05 19:30:00+00:00,2426,Navy,2005,Air Force,Caesars,3,,47,,,
401112480,2019,regular,7,2019-10-12 16:30:00+00:00,150,Duke,59,Georgia Tech,teamrankings,-17.5,,47.5,,,
401112480,2019,regular,7,2019-10-12 16:30:00+00:00,150,Duke,59,Georgia Tech,numberfire,-18,,47.5,,,
401112480,2019,regular,7,2019-10-12 16:30:00+00:00,150,Duke,59,Georgia Tech,consensus,-18,,47.5,,,
401112480,2019,regular,7,2019-10-12 16:30:00+00:00,150,Duke,59,Georgia Tech,Caesars,-17.5,,47.5,,,
401114285,2019,regular,7,2019-10-12 23:00:00+00:00,98,Western Kentucky,349,Army,teamrankings,5,,43.5,,,
401114285,2019,regular,7,2019-10-12 23:00:00+00:00,98,Western Kentucky,349,Army,numberfire,5,,44,,,
401114285,2019,regular,7,2019-10-12 23:00:00+00:00,98,Western Kentucky,349,Army,consensus,5.5,,43.5,,,
401114285,2019,regular,7,2019-10-12 23:00:00+00:00,98,Western Kentucky,349,Army,Caesars,5,,44,,,
401112196,2019,regular,8,2019-10-19 16:00:00+00:00,2294,Iowa,2509,Purdue,teamrankings,-17.5,,47.5,,,
401112196,2019,regular,8,2019-10-19 16:00:00+00:00,2294,Iowa,2509,Purdue,numberfire,-17.5,,47.5,,,
401112196,2019,regular,8,2019-10-19 16:00:00+00:00,2294,Iowa,2509,Purdue,consensus,-18,,47.5,,,
401112196,2019,regular,8,2019-10-19 16:00:00+00:00,2294,Iowa,2509,Purdue,Caesars,-18,,47,,,
401117508,2019,regular,4,2019-09-22 02:30:00+00:00,21,San Diego State,328,Utah State,teamrankings,4,,53,,,
401117508,2019,regular,4,2019-09-22 02:30:00+00:00,21,San Diego State,328,Utah State,numberfire,4,,53,,,
401117508,2019,regular,4,2019-09-22 02:30:00+00:00,21,San Diego State,328,Utah State,consensus,4,,53,,,
401117508,2019,regular,4,2019-09-22 02:30:00+00:00,21,San Diego State,328,Utah State,Caesars,4,,53,,,
401114219,2019,regular,3,2019-09-14 19:30:00+00:00,252,BYU,30,USC,teamrankings,4.5,,57.5,,,
401114219,2019,regular,3,2019-09-14 19:30:00+00:00,252,BYU,30,USC,numberfire,4.5,,57.5,,,
401114219,2019,regular,3,2019-09-14 19:30:00+00:00,252,BYU,30,USC,consensus,4.5,,57.5,,,
401114219,2019,regular,3,2019-09-14 19:30:00+00:00,252,BYU,30,USC,Caesars,4.5,,57.5,,,
401112451,2019,regular,3,2019-09-14 23:30:00+00:00,258,Virginia,52,Florida State,teamrankings,-7,,54.5,,,
401112451,2019,regular,3,2019-09-14 23:30:00+00:00,258,Virginia,52,Florida State,numberfire,-7,,55,,,
401112451,2019,regular,3,2019-09-14 23:30:00+00:00,258,Virginia,52,Florida State,consensus,-7,,54,,,
401112451,2019,regular,3,2019-09-14 23:30:00+00:00,258,Virginia,52,Florida State,Caesars,-7,,54.5,,,
401114260,2019,regular,3,2019-09-14 22:00:00+00:00,2653,Troy,2572,Southern Miss,teamrankings,-3,,49,,,
401114260,2019,regular,3,2019-09-14 22:00:00+00:00,2653,Troy,2572,Southern Miss,numberfire,-3,,49,,,
401114260,2019,regular,3,2019-09-14 22:00:00+00:00,2653,Troy,2572,Southern Miss,consensus,-3,,49,,,
401114260,2019,regular,3,2019-09-14 22:00:00+00:00,2653,Troy,2572,Southern Miss,Caesars,-3,,48.5,,,
401114283,2019,regular,7,2019-10-12 18:30:00+00:00,276,Marshall,295,Old Dominion,teamrankings,-16.5,,46.5,,,
401114283,2019,regular,7,2019-10-12 18:30:00+00:00,276,Marshall,295,Old Dominion,numberfire,-16.5,,47,,,
401114283,2019,regular,7,2019-10-12 18:30:00+00:00,276,Marshall,295,Old Dominion,consensus,-16,,46,,,
401114283,2019,regular,7,2019-10-12 18:30:00+00:00,276,Marshall,295,Old Dominion,Caesars,-16.5,,46,,,
401117891,2019,regular,9,2019-10-26 23:00:00+00:00,218,Temple,2116,UCF,teamrankings,11,,61.5,,,
401117891,2019,regular,9,2019-10-26 23:00:00+00:00,218,Temple,2116,UCF,numberfire,11.5,,61.5,,,
401117891,2019,regular,9,2019-10-26 23:00:00+00:00,218,Temple,2116,UCF,consensus,11.5,,61.5,,,
401117891,2019,regular,9,2019-10-26 23:00:00+00:00,218,Temple,2116,UCF,Caesars,11,,62,,,
401110793,2019,regular,3,2019-09-14 23:30:00+00:00,142,Missouri,2546,Southeast Missouri State,consensus,-34,,68.5,,,
401114269,2019,regular,5,2019-09-28 21:00:00+00:00,276,Marshall,2132,Cincinnati,teamrankings,4,,47.5,,,
401114269,2019,regular,5,2019-09-28 21:00:00+00:00,276,Marshall,2132,Cincinnati,numberfire,4,,47,,,
401114269,2019,regular,5,2019-09-28 21:00:00+00:00,276,Marshall,2132,Cincinnati,consensus,4,,47,,,
401114269,2019,regular,5,2019-09-28 21:00:00+00:00,276,Marshall,2132,Cincinnati,Caesars,4,,47,,,
401112077,2019,regular,6,2019-10-05 19:30:00+00:00,2306,Kansas State,239,Baylor,teamrankings,1,,48.5,,,
401112077,2019,regular,6,2019-10-05 19:30:00+00:00,2306,Kansas State,239,Baylor,numberfire,-1.5,,48.5,,,
401112077,2019,regular,6,2019-10-05 19:30:00+00:00,2306,Kansas State,239,Baylor,consensus,,,48.5,,,
401112077,2019,regular,6,2019-10-05 19:30:00+00:00,2306,Kansas State,239,Baylor,Caesars,,,48.5,,,
401117880,2019,regular,7,2019-10-12 19:45:00+00:00,2655,Tulane,41,UConn,teamrankings,-33.5,,57,,,
401117880,2019,regular,7,2019-10-12 19:45:00+00:00,2655,Tulane,41,UConn,numberfire,-33.5,,57.5,,,
401117880,2019,regular,7,2019-10-12 19:45:00+00:00,2655,Tulane,41,UConn,consensus,-34,,57.5,,,
401117880,2019,regular,7,2019-10-12 19:45:00+00:00,2655,Tulane,41,UConn,Caesars,-33.5,,57.5,,,
401117528,2019,regular,8,2019-10-19 02:00:00+00:00,278,Fresno State,2439,UNLV,teamrankings,-14.5,,52,,,
401117528,2019,regular,8,2019-10-19 02:00:00+00:00,278,Fresno State,2439,UNLV,numberfire,-14.5,,52.5,,,
401117528,2019,regular,8,2019-10-19 02:00:00+00:00,278,Fresno State,2439,UNLV,consensus,-15.5,,52,,,
401117528,2019,regular,8,2019-10-19 02:00:00+00:00,278,Fresno State,2439,UNLV,Caesars,-15.5,,52.5,,,
401114179,2019,regular,9,2019-10-27 02:00:00+00:00,254,Utah,25,California,teamrankings,-21,,36.5,,,
401114179,2019,regular,9,2019-10-27 02:00:00+00:00,254,Utah,25,California,numberfire,-21,,36.5,,,
401114179,2019,regular,9,2019-10-27 02:00:00+00:00,254,Utah,25,California,consensus,-21,,36.5,,,
401114179,2019,regular,9,2019-10-27 02:00:00+00:00,254,Utah,25,California,Caesars,-21,,36,,,
401114297,2019,regular,9,2019-10-26 18:30:00+00:00,276,Marshall,98,Western Kentucky,teamrankings,-4,,44.5,,,
401114297,2019,regular,9,2019-10-26 18:30:00+00:00,276,Marshall,98,Western Kentucky,numberfire,-4,,44.5,,,
401114297,2019,regular,9,2019-10-26 18:30:00+00:00,276,Marshall,98,Western Kentucky,consensus,-4,,44.5,,,
401114297,2019,regular,9,2019-10-26 18:30:00+00:00,276,Marshall,98,Western Kentucky,Caesars,-4,,44,,,
401112445,2019,regular,2,2019-09-07 15:00:00+00:00,221,Pittsburgh,195,Ohio,teamrankings,-4,,54,,,
401112445,2019,regular,2,2019-09-07 15:00:00+00:00,221,Pittsburgh,195,Ohio,numberfire,-4,,54.5,,,
401112445,2019,regular,2,2019-09-07 15:00:00+00:00,221,Pittsburgh,195,Ohio,consensus,-4,,54.5,,,
401112445,2019,regular,2,2019-09-07 15:00:00+00:00,221,Pittsburgh,195,Ohio,Caesars,-4,,55,,,
401112146,2019,regular,2,2019-09-07 19:30:00+00:00,41,UConn,356,Illinois,teamrankings,21,,59,,,
401112146,2019,regular,2,2019-09-07 19:30:00+00:00,41,UConn,356,Illinois,numberfire,21,,59,,,
401112146,2019,regular,2,2019-09-07 19:30:00+00:00,41,UConn,356,Illinois,consensus,21,,59.5,,,
401112146,2019,regular,2,2019-09-07 19:30:00+00:00,41,UConn,356,Illinois,Caesars,21,,59,,,
401112124,2019,regular,3,2019-09-14 19:30:00+00:00,202,Tulsa,197,Oklahoma State,teamrankings,14,,64,,,
401112124,2019,regular,3,2019-09-14 19:30:00+00:00,202,Tulsa,197,Oklahoma State,numberfire,14,,64,,,
401112124,2019,regular,3,2019-09-14 19:30:00+00:00,202,Tulsa,197,Oklahoma State,consensus,14,,64,,,
401112124,2019,regular,3,2019-09-14 19:30:00+00:00,202,Tulsa,197,Oklahoma State,Caesars,14,,64.5,,,
401112487,2019,regular,8,2019-10-19 23:30:00+00:00,154,Wake Forest,52,Florida State,teamrankings,3,,69,,,
401112487,2019,regular,8,2019-10-19 23:30:00+00:00,154,Wake Forest,52,Florida State,numberfire,1.5,,69,,,
401112487,2019,regular,8,2019-10-19 23:30:00+00:00,154,Wake Forest,52,Florida State,consensus,3,,68.5,,,
401112487,2019,regular,8,2019-10-19 23:30:00+00:00,154,Wake Forest,52,Florida State,Caesars,2.5,,69,,,
401114170,2019,regular,9,2019-10-26 19:30:00+00:00,24,Stanford,12,Arizona,teamrankings,-3,,54,,,
401114170,2019,regular,9,2019-10-26 19:30:00+00:00,24,Stanford,12,Arizona,numberfire,-2,,52,,,
401114170,2019,regular,9,2019-10-26 19:30:00+00:00,24,Stanford,12,Arizona,consensus,-3,,54,,,
401114170,2019,regular,9,2019-10-26 19:30:00+00:00,24,Stanford,12,Arizona,Caesars,-3,,53.5,,,
401112447,2019,regular,2,2019-09-07 00:00:00+00:00,242,Rice,154,Wake Forest,teamrankings,20,,59.5,,,
401112447,2019,regular,2,2019-09-07 00:00:00+00:00,242,Rice,154,Wake Forest,numberfire,20,,59,,,
401112447,2019,regular,2,2019-09-07 00:00:00+00:00,242,Rice,154,Wake Forest,consensus,20,,59,,,
401112447,2019,regular,2,2019-09-07 00:00:00+00:00,242,Rice,154,Wake Forest,Caesars,20,,59,,,
401110775,2019,regular,2,2019-09-07 23:30:00+00:00,57,Florida,2630,UT Martin,consensus,-44.5,,59.5,,,
401110787,2019,regular,3,2019-09-14 23:00:00+00:00,2,Auburn,2309,Kent State,teamrankings,-36,,54.5,,,
401110787,2019,regular,3,2019-09-14 23:00:00+00:00,2,Auburn,2309,Kent State,numberfire,-35.5,,54,,,
401110787,2019,regular,3,2019-09-14 23:00:00+00:00,2,Auburn,2309,Kent State,consensus,-35.5,,54,,,
401110787,2019,regular,3,2019-09-14 23:00:00+00:00,2,Auburn,2309,Kent State,Caesars,-36.5,,54,,,
401114261,2019,regular,3,2019-09-14 19:30:00+00:00,2636,UTSA,349,Army,teamrankings,14.5,,44,,,
401114261,2019,regular,3,2019-09-14 19:30:00+00:00,2636,UTSA,349,Army,numberfire,17,,44.5,,,
401114261,2019,regular,3,2019-09-14 19:30:00+00:00,2636,UTSA,349,Army,consensus,17,,44.5,,,
401114261,2019,regular,3,2019-09-14 19:30:00+00:00,2636,UTSA,349,Army,Caesars,15.5,,43,,,
401121948,2019,regular,6,2019-10-03 23:30:00+00:00,6,South Alabama,290,Georgia Southern,teamrankings,10,,45,,,
401121948,2019,regular,6,2019-10-03 23:30:00+00:00,6,South Alabama,290,Georgia Southern,numberfire,10,,45,,,
401121948,2019,regular,6,2019-10-03 23:30:00+00:00,6,South Alabama,290,Georgia Southern,consensus,9.5,,45,,,
401121948,2019,regular,6,2019-10-03 23:30:00+00:00,6,South Alabama,290,Georgia Southern,Caesars,10,,45,,,
401112194,2019,regular,6,2019-10-05 16:00:00+00:00,130,Michigan,2294,Iowa,teamrankings,-4,,48,,,
401112194,2019,regular,6,2019-10-05 16:00:00+00:00,130,Michigan,2294,Iowa,numberfire,-4,,48.5,,,
401112194,2019,regular,6,2019-10-05 16:00:00+00:00,130,Michigan,2294,Iowa,consensus,-4,,48.5,,,
401112194,2019,regular,6,2019-10-05 16:00:00+00:00,130,Michigan,2294,Iowa,Caesars,-4.5,,49,,,
401114291,2019,regular,8,2019-10-19 20:00:00+00:00,5,UAB,295,Old Dominion,teamrankings,-16.5,,42.5,,,
401114291,2019,regular,8,2019-10-19 20:00:00+00:00,5,UAB,295,Old Dominion,numberfire,-16.5,,42,,,
401114291,2019,regular,8,2019-10-19 20:00:00+00:00,5,UAB,295,Old Dominion,consensus,-16.5,,42,,,
401114291,2019,regular,8,2019-10-19 20:00:00+00:00,5,UAB,295,Old Dominion,Caesars,-16.5,,42,,,
401114229,2019,regular,2,2019-09-07 21:00:00+00:00,265,Washington State,2458,Northern Colorado,consensus,-42,,63,,,
401117213,2019,regular,5,2019-09-28 16:00:00+00:00,2649,Toledo,252,BYU,teamrankings,1.5,,63.5,,,
401117213,2019,regular,5,2019-09-28 16:00:00+00:00,2649,Toledo,252,BYU,numberfire,2.5,,62.5,,,
401117213,2019,regular,5,2019-09-28 16:00:00+00:00,2649,Toledo,252,BYU,consensus,2.5,,63,,,
401117213,2019,regular,5,2019-09-28 16:00:00+00:00,2649,Toledo,252,BYU,Caesars,2,,63.5,,,
401114271,2019,regular,5,2019-09-28 22:00:00+00:00,295,Old Dominion,151,East Carolina,teamrankings,-3,,46.5,,,
401114271,2019,regular,5,2019-09-28 22:00:00+00:00,295,Old Dominion,151,East Carolina,numberfire,-3,,46.5,,,
401114271,2019,regular,5,2019-09-28 22:00:00+00:00,295,Old Dominion,151,East Carolina,consensus,-3,,47,,,
401114271,2019,regular,5,2019-09-28 22:00:00+00:00,295,Old Dominion,151,East Carolina,Caesars,-3,,47,,,
401110815,2019,regular,6,2019-10-05 20:00:00+00:00,142,Missouri,2653,Troy,teamrankings,-25.5,,65,,,
401110815,2019,regular,6,2019-10-05 20:00:00+00:00,142,Missouri,2653,Troy,numberfire,-25,,65.5,,,
401110815,2019,regular,6,2019-10-05 20:00:00+00:00,142,Missouri,2653,Troy,consensus,-24.5,,65.5,,,
401110815,2019,regular,6,2019-10-05 20:00:00+00:00,142,Missouri,2653,Troy,Caesars,-24.5,,65,,,
401114274,2019,regular,6,2019-10-05 23:00:00+00:00,2229,Florida International,113,Massachusetts,teamrankings,-28,,70.5,,,
401114274,2019,regular,6,2019-10-05 23:00:00+00:00,2229,Florida International,113,Massachusetts,numberfire,-27.5,,69.5,,,
401114274,2019,regular,6,2019-10-05 23:00:00+00:00,2229,Florida International,113,Massachusetts,consensus,-28,,69.5,,,
401114274,2019,regular,6,2019-10-05 23:00:00+00:00,2229,Florida International,113,Massachusetts,Caesars,-27.5,,70,,,
401112479,2019,regular,7,2019-10-12 19:30:00+00:00,228,Clemson,52,Florida State,teamrankings,-25.5,,60.5,,,
401112479,2019,regular,7,2019-10-12 19:30:00+00:00,228,Clemson,52,Florida State,numberfire,-26,,60.5,,,
401112479,2019,regular,7,2019-10-12 19:30:00+00:00,228,Clemson,52,Florida State,consensus,-26.5,,61,,,
401112479,2019,regular,7,2019-10-12 19:30:00+00:00,228,Clemson,52,Florida State,Caesars,-26.5,,61,,,
401112218,2019,regular,9,2019-10-26 19:30:00+00:00,127,Michigan State,213,Penn State,teamrankings,5.5,,41,,,
401112218,2019,regular,9,2019-10-26 19:30:00+00:00,127,Michigan State,213,Penn State,numberfire,4.5,,42,,,
401112218,2019,regular,9,2019-10-26 19:30:00+00:00,127,Michigan State,213,Penn State,consensus,5.5,,42,,,
401112218,2019,regular,9,2019-10-26 19:30:00+00:00,127,Michigan State,213,Penn State,Caesars,5.5,,42,,,
401112227,2019,regular,9,2019-10-26 23:30:00+00:00,130,Michigan,87,Notre Dame,teamrankings,1.5,,46.5,,,
401112227,2019,regular,9,2019-10-26 23:30:00+00:00,130,Michigan,87,Notre Dame,numberfire,1,,47,,,
401112227,2019,regular,9,2019-10-26 23:30:00+00:00,130,Michigan,87,Notre Dame,consensus,-1,,46.5,,,
401112227,2019,regular,9,2019-10-26 23:30:00+00:00,130,Michigan,87,Notre Dame,Caesars,-1,,46.5,,,
401114155,2019,regular,4,2019-09-22 02:00:00+00:00,9,Arizona State,38,Colorado,teamrankings,-7.5,,49,,,
401114155,2019,regular,4,2019-09-22 02:00:00+00:00,9,Arizona State,38,Colorado,numberfire,-7.5,,48.5,,,
401114155,2019,regular,4,2019-09-22 02:00:00+00:00,9,Arizona State,38,Colorado,consensus,-8,,48.5,,,
401114155,2019,regular,4,2019-09-22 02:00:00+00:00,9,Arizona State,38,Colorado,Caesars,-7.5,,48.5,,,
401110822,2019,regular,7,2019-10-12 19:30:00+00:00,245,Texas A&M,333,Alabama,teamrankings,17,,61,,,
401110822,2019,regular,7,2019-10-12 19:30:00+00:00,245,Texas A&M,333,Alabama,numberfire,17,,61.5,,,
401110822,2019,regular,7,2019-10-12 19:30:00+00:00,245,Texas A&M,333,Alabama,consensus,17,,61.5,,,
401110822,2019,regular,7,2019-10-12 19:30:00+00:00,245,Texas A&M,333,Alabama,Caesars,17,,62,,,
401119269,2019,regular,4,2019-09-21 19:00:00+00:00,2006,Akron,2653,Troy,teamrankings,18.5,,57,,,
401119269,2019,regular,4,2019-09-21 19:00:00+00:00,2006,Akron,2653,Troy,numberfire,19,,57.5,,,
401119269,2019,regular,4,2019-09-21 19:00:00+00:00,2006,Akron,2653,Troy,consensus,19,,57.5,,,
401119269,2019,regular,4,2019-09-21 19:00:00+00:00,2006,Akron,2653,Troy,Caesars,19.5,,57.5,,,
401112162,2019,regular,7,2019-10-12 16:00:00+00:00,84,Indiana,164,Rutgers,teamrankings,-27.5,,50,,,
401112162,2019,regular,7,2019-10-12 16:00:00+00:00,84,Indiana,164,Rutgers,consensus,-27.5,,50,,,
401110818,2019,regular,7,2019-10-12 23:30:00+00:00,96,Kentucky,8,Arkansas,teamrankings,-5,,53,,,
401110818,2019,regular,7,2019-10-12 23:30:00+00:00,96,Kentucky,8,Arkansas,numberfire,-5,,53.5,,,
401110818,2019,regular,7,2019-10-12 23:30:00+00:00,96,Kentucky,8,Arkansas,consensus,-4,,52,,,
401110818,2019,regular,7,2019-10-12 23:30:00+00:00,96,Kentucky,8,Arkansas,Caesars,-4,,52.5,,,
401117883,2019,regular,8,2019-10-19 19:30:00+00:00,2426,Navy,58,South Florida,teamrankings,-15.5,,52,,,
401117883,2019,regular,8,2019-10-19 19:30:00+00:00,2426,Navy,58,South Florida,numberfire,-15.5,,51.5,,,
401117883,2019,regular,8,2019-10-19 19:30:00+00:00,2426,Navy,58,South Florida,consensus,-15.5,,51.5,,,
401117883,2019,regular,8,2019-10-19 19:30:00+00:00,2426,Navy,58,South Florida,Caesars,-15.5,,51.5,,,
401117533,2019,regular,9,2019-10-26 18:00:00+00:00,2751,Wyoming,2440,Nevada,teamrankings,-12,,44.5,,,
401117533,2019,regular,9,2019-10-26 18:00:00+00:00,2751,Wyoming,2440,Nevada,numberfire,-13.5,,44,,,
401117533,2019,regular,9,2019-10-26 18:00:00+00:00,2751,Wyoming,2440,Nevada,consensus,-13.5,,44,,,
401117533,2019,regular,9,2019-10-26 18:00:00+00:00,2751,Wyoming,2440,Nevada,Caesars,-13.5,,45,,,
401114276,2019,regular,6,2019-10-05 22:00:00+00:00,295,Old Dominion,98,Western Kentucky,teamrankings,2.5,,42,,,
401114276,2019,regular,6,2019-10-05 22:00:00+00:00,295,Old Dominion,98,Western Kentucky,numberfire,2.5,,42.5,,,
401114276,2019,regular,6,2019-10-05 22:00:00+00:00,295,Old Dominion,98,Western Kentucky,consensus,3,,42.5,,,
401114276,2019,regular,6,2019-10-05 22:00:00+00:00,295,Old Dominion,98,Western Kentucky,Caesars,2.5,,43.5,,,
401110814,2019,regular,6,2019-10-05 23:30:00+00:00,145,Ole Miss,238,Vanderbilt,teamrankings,-6.5,,63.5,,,
401110814,2019,regular,6,2019-10-05 23:30:00+00:00,145,Ole Miss,238,Vanderbilt,numberfire,-7,,64,,,
401110814,2019,regular,6,2019-10-05 23:30:00+00:00,145,Ole Miss,238,Vanderbilt,consensus,-7,,64.5,,,
401110814,2019,regular,6,2019-10-05 23:30:00+00:00,145,Ole Miss,238,Vanderbilt,Caesars,-7,,64,,,
401117215,2019,regular,8,2019-10-20 02:15:00+00:00,252,BYU,68,Boise State,teamrankings,7,,45,,,
401117215,2019,regular,8,2019-10-20 02:15:00+00:00,252,BYU,68,Boise State,numberfire,7,,45,,,
401117215,2019,regular,8,2019-10-20 02:15:00+00:00,252,BYU,68,Boise State,consensus,7,,44.5,,,
401117215,2019,regular,8,2019-10-20 02:15:00+00:00,252,BYU,68,Boise State,Caesars,7,,45,,,
401114159,2019,regular,9,2019-10-26 23:30:00+00:00,26,UCLA,9,Arizona State,teamrankings,3,,56,,,
401114159,2019,regular,9,2019-10-26 23:30:00+00:00,26,UCLA,9,Arizona State,numberfire,3,,56.5,,,
401114159,2019,regular,9,2019-10-26 23:30:00+00:00,26,UCLA,9,Arizona State,consensus,3,,56.5,,,
401114159,2019,regular,9,2019-10-26 23:30:00+00:00,26,UCLA,9,Arizona State,Caesars,3,,55.5,,,
401117512,2019,regular,5,2019-09-28 00:00:00+00:00,2005,Air Force,23,San José State,teamrankings,-19.5,,58.5,,,
401117512,2019,regular,5,2019-09-28 00:00:00+00:00,2005,Air Force,23,San José State,numberfire,-19.5,,58,,,
401117512,2019,regular,5,2019-09-28 00:00:00+00:00,2005,Air Force,23,San José State,consensus,-19.5,,58,,,
401117512,2019,regular,5,2019-09-28 00:00:00+00:00,2005,Air Force,23,San José State,Caesars,-19.5,,58,,,
401114186,2019,regular,7,2019-10-12 02:00:00+00:00,2483,Oregon,38,Colorado,teamrankings,-22.5,,61.5,,,
401114186,2019,regular,7,2019-10-12 02:00:00+00:00,2483,Oregon,38,Colorado,numberfire,-22.5,,61,,,
401114186,2019,regular,7,2019-10-12 02:00:00+00:00,2483,Oregon,38,Colorado,consensus,-23,,62,,,
401114186,2019,regular,7,2019-10-12 02:00:00+00:00,2483,Oregon,38,Colorado,Caesars,-23,,62.5,,,
401110804,2019,regular,4,2019-09-21 19:30:00+00:00,245,Texas A&M,2,Auburn,teamrankings,-4,,48.5,,,
401110804,2019,regular,4,2019-09-21 19:30:00+00:00,245,Texas A&M,2,Auburn,numberfire,-4,,47.5,,,
401110804,2019,regular,4,2019-09-21 19:30:00+00:00,245,Texas A&M,2,Auburn,consensus,-4,,48,,,
401110804,2019,regular,4,2019-09-21 19:30:00+00:00,245,Texas A&M,2,Auburn,Caesars,-4,,48,,,
401110803,2019,regular,4,2019-09-21 20:00:00+00:00,142,Missouri,2579,South Carolina,teamrankings,-9.5,,61,,,
401110803,2019,regular,4,2019-09-21 20:00:00+00:00,142,Missouri,2579,South Carolina,numberfire,-9.5,,61,,,
401110803,2019,regular,4,2019-09-21 20:00:00+00:00,142,Missouri,2579,South Carolina,consensus,-9.5,,61,,,
401110803,2019,regular,4,2019-09-21 20:00:00+00:00,142,Missouri,2579,South Carolina,Caesars,-9.5,,60.5,,,
401117865,2019,regular,3,2019-09-14 19:30:00+00:00,6,South Alabama,235,Memphis,teamrankings,20.5,,55,,,
401117865,2019,regular,3,2019-09-14 19:30:00+00:00,6,South Alabama,235,Memphis,numberfire,20.5,,55.5,,,
401117865,2019,regular,3,2019-09-14 19:30:00+00:00,6,South Alabama,235,Memphis,consensus,20.5,,55,,,
401117865,2019,regular,3,2019-09-14 19:30:00+00:00,6,South Alabama,235,Memphis,Caesars,20.5,,55.5,,,
401114266,2019,regular,4,2019-09-22 00:00:00+00:00,2638,UTEP,2440,Nevada,teamrankings,14,,51.5,,,
401114266,2019,regular,4,2019-09-22 00:00:00+00:00,2638,UTEP,2440,Nevada,numberfire,14,,51.5,,,
401114266,2019,regular,4,2019-09-22 00:00:00+00:00,2638,UTEP,2440,Nevada,consensus,13.5,,51.5,,,
401114266,2019,regular,4,2019-09-22 00:00:00+00:00,2638,UTEP,2440,Nevada,Caesars,13.5,,50.5,,,
401114248,2019,regular,2,2019-09-07 23:00:00+00:00,2229,Florida International,98,Western Kentucky,teamrankings,-9,,57,,,
401114248,2019,regular,2,2019-09-07 23:00:00+00:00,2229,Florida International,98,Western Kentucky,numberfire,-7.5,,57.5,,,
401114248,2019,regular,2,2019-09-07 23:00:00+00:00,2229,Florida International,98,Western Kentucky,consensus,-7.5,,57,,,
401114248,2019,regular,2,2019-09-07 23:00:00+00:00,2229,Florida International,98,Western Kentucky,Caesars,-8,,57.5,,,
401110796,2019,regular,3,2019-09-14 23:00:00+00:00,245,Texas A&M,2320,Lamar,consensus,-45,,63,,,
401114222,2019,regular,7,2019-10-12 23:30:00+00:00,87,Notre Dame,30,USC,teamrankings,-10.5,,60,,,
401114222,2019,regular,7,2019-10-12 23:30:00+00:00,87,Notre Dame,30,USC,numberfire,-10.5,,59,,,
401114222,2019,regular,7,2019-10-12 23:30:00+00:00,87,Notre Dame,30,USC,consensus,-10.5,,59.5,,,
401114222,2019,regular,7,2019-10-12 23:30:00+00:00,87,Notre Dame,30,USC,Caesars,-10.5,,58.5,,,
401110825,2019,regular,8,2019-10-19 16:00:00+00:00,8,Arkansas,2,Auburn,teamrankings,20.5,,56,,,
401110825,2019,regular,8,2019-10-19 16:00:00+00:00,8,Arkansas,2,Auburn,numberfire,19.5,,55.5,,,
401110825,2019,regular,8,2019-10-19 16:00:00+00:00,8,Arkansas,2,Auburn,consensus,19.5,,55.5,,,
401110825,2019,regular,8,2019-10-19 16:00:00+00:00,8,Arkansas,2,Auburn,Caesars,19.5,,55.5,,,
401110781,2019,regular,2,2019-09-07 16:00:00+00:00,142,Missouri,277,West Virginia,teamrankings,-13.5,,62.5,,,
401110781,2019,regular,2,2019-09-07 16:00:00+00:00,142,Missouri,277,West Virginia,numberfire,-13.5,,62,,,
401110781,2019,regular,2,2019-09-07 16:00:00+00:00,142,Missouri,277,West Virginia,consensus,-13.5,,63,,,
401110781,2019,regular,2,2019-09-07 16:00:00+00:00,142,Missouri,277,West Virginia,Caesars,-13.5,,63,,,
401117502,2019,regular,2,2019-09-08 02:00:00+00:00,2439,UNLV,2032,Arkansas State,teamrankings,1,,63.5,,,
401117502,2019,regular,2,2019-09-08 02:00:00+00:00,2439,UNLV,2032,Arkansas State,numberfire,-1,,64,,,
401117502,2019,regular,2,2019-09-08 02:00:00+00:00,2439,UNLV,2032,Arkansas State,consensus,-1,,64.5,,,
401117502,2019,regular,2,2019-09-08 02:00:00+00:00,2439,UNLV,2032,Arkansas State,Caesars,1,,64.5,,,
401114165,2019,regular,2,2019-09-08 02:45:00+00:00,12,Arizona,2464,Northern Arizona,consensus,-28,,63.5,,,
401112465,2019,regular,5,2019-09-27 23:00:00+00:00,259,Virginia Tech,150,Duke,teamrankings,-2.5,,51.5,,,
401112465,2019,regular,5,2019-09-27 23:00:00+00:00,259,Virginia Tech,150,Duke,numberfire,-2.5,,51.5,,,
401112465,2019,regular,5,2019-09-27 23:00:00+00:00,259,Virginia Tech,150,Duke,consensus,-2.5,,51.5,,,
401112465,2019,regular,5,2019-09-27 23:00:00+00:00,259,Virginia Tech,150,Duke,Caesars,-2.5,,51.5,,,
401114221,2019,regular,5,2019-09-28 19:30:00+00:00,264,Washington,30,USC,teamrankings,-12.5,,60.5,,,
401114221,2019,regular,5,2019-09-28 19:30:00+00:00,264,Washington,30,USC,numberfire,-11,,60.5,,,
401114221,2019,regular,5,2019-09-28 19:30:00+00:00,264,Washington,30,USC,consensus,-11,,60.5,,,
401114221,2019,regular,5,2019-09-28 19:30:00+00:00,264,Washington,30,USC,Caesars,-12,,60,,,
401114275,2019,regular,6,2019-10-05 19:30:00+00:00,2393,Middle Tennessee,276,Marshall,teamrankings,5,,53.5,,,
401114275,2019,regular,6,2019-10-05 19:30:00+00:00,2393,Middle Tennessee,276,Marshall,numberfire,4,,53.5,,,
401114275,2019,regular,6,2019-10-05 19:30:00+00:00,2393,Middle Tennessee,276,Marshall,consensus,4.5,,54.5,,,
401114275,2019,regular,6,2019-10-05 19:30:00+00:00,2393,Middle Tennessee,276,Marshall,Caesars,4,,54.5,,,
401112242,2019,regular,6,2019-10-05 20:00:00+00:00,158,Nebraska,77,Northwestern,teamrankings,-7.5,,48.5,,,
401112242,2019,regular,6,2019-10-05 20:00:00+00:00,158,Nebraska,77,Northwestern,numberfire,-7.5,,48,,,
401112242,2019,regular,6,2019-10-05 20:00:00+00:00,158,Nebraska,77,Northwestern,consensus,-7.5,,48.5,,,
401112242,2019,regular,6,2019-10-05 20:00:00+00:00,158,Nebraska,77,Northwestern,Caesars,-7.5,,48.5,,,
401114278,2019,regular,6,2019-10-06 00:00:00+00:00,2638,UTEP,2636,UTSA,teamrankings,-1.5,,45,,,
401114278,2019,regular,6,2019-10-06 00:00:00+00:00,2638,UTEP,2636,UTSA,numberfire,-2,,45,,,
401114278,2019,regular,6,2019-10-06 00:00:00+00:00,2638,UTEP,2636,UTSA,consensus,-1.5,,46.5,,,
401114278,2019,regular,6,2019-10-06 00:00:00+00:00,2638,UTEP,2636,UTSA,Caesars,-1.5,,47,,,
401112118,2019,regular,7,2019-10-12 16:00:00+00:00,251,Texas,201,Oklahoma,teamrankings,11.5,,77.5,,,
401112118,2019,regular,7,2019-10-12 16:00:00+00:00,251,Texas,201,Oklahoma,numberfire,10.5,,77.5,,,
401112118,2019,regular,7,2019-10-12 16:00:00+00:00,251,Texas,201,Oklahoma,consensus,11,,77.5,,,
401112118,2019,regular,7,2019-10-12 16:00:00+00:00,251,Texas,201,Oklahoma,Caesars,11,,78.5,,,
401117886,2019,regular,8,2019-10-19 16:00:00+00:00,41,UConn,248,Houston,teamrankings,21,,56,,,
401117886,2019,regular,8,2019-10-19 16:00:00+00:00,41,UConn,248,Houston,numberfire,21.5,,56,,,
401117886,2019,regular,8,2019-10-19 16:00:00+00:00,41,UConn,248,Houston,consensus,22,,56.5,,,
401117886,2019,regular,8,2019-10-19 16:00:00+00:00,41,UConn,248,Houston,Caesars,22,,56.5,,,
401112197,2019,regular,9,2019-10-26 16:00:00+00:00,77,Northwestern,2294,Iowa,teamrankings,7.5,,35.5,,,
401112197,2019,regular,9,2019-10-26 16:00:00+00:00,77,Northwestern,2294,Iowa,numberfire,8.5,,36.5,,,
401112197,2019,regular,9,2019-10-26 16:00:00+00:00,77,Northwestern,2294,Iowa,consensus,8,,36.5,,,
401112197,2019,regular,9,2019-10-26 16:00:00+00:00,77,Northwestern,2294,Iowa,Caesars,8,,35.5,,,
401114293,2019,regular,9,2019-10-26 19:30:00+00:00,2429,Charlotte,249,North Texas,teamrankings,4,,64,,,
401114293,2019,regular,9,2019-10-26 19:30:00+00:00,2429,Charlotte,249,North Texas,numberfire,4,,64,,,
401114293,2019,regular,9,2019-10-26 19:30:00+00:00,2429,Charlotte,249,North Texas,consensus,4,,64.5,,,
401114293,2019,regular,9,2019-10-26 19:30:00+00:00,2429,Charlotte,249,North Texas,Caesars,4,,64,,,
401114270,2019,regular,5,2019-09-29 00:00:00+00:00,249,North Texas,248,Houston,teamrankings,-7.5,,59,,,
401114270,2019,regular,5,2019-09-29 00:00:00+00:00,249,North Texas,248,Houston,numberfire,-7.5,,58.5,,,
401114270,2019,regular,5,2019-09-29 00:00:00+00:00,249,North Texas,248,Houston,consensus,-8,,59.5,,,
401114270,2019,regular,5,2019-09-29 00:00:00+00:00,249,North Texas,248,Houston,Caesars,-8,,59.5,,,
401114204,2019,regular,7,2019-10-13 00:00:00+00:00,204,Oregon State,254,Utah,teamrankings,14.5,,60,,,
401114204,2019,regular,7,2019-10-13 00:00:00+00:00,204,Oregon State,254,Utah,numberfire,14.5,,59,,,
401114204,2019,regular,7,2019-10-13 00:00:00+00:00,204,Oregon State,254,Utah,consensus,14.5,,59.5,,,
401114204,2019,regular,7,2019-10-13 00:00:00+00:00,204,Oregon State,254,Utah,Caesars,14.5,,59.5,,,
401121954,2019,regular,8,2019-10-17 23:30:00+00:00,2032,Arkansas State,309,Louisiana,teamrankings,6,,69,,,
401121954,2019,regular,8,2019-10-17 23:30:00+00:00,2032,Arkansas State,309,Louisiana,numberfire,6,,69,,,
401121954,2019,regular,8,2019-10-17 23:30:00+00:00,2032,Arkansas State,309,Louisiana,consensus,6,,69,,,
401121954,2019,regular,8,2019-10-17 23:30:00+00:00,2032,Arkansas State,309,Louisiana,Caesars,5,,69.5,,,
401112109,2019,regular,8,2019-10-19 18:30:00+00:00,2306,Kansas State,2628,TCU,teamrankings,4.5,,43.5,,,
401112109,2019,regular,8,2019-10-19 18:30:00+00:00,2306,Kansas State,2628,TCU,numberfire,3.5,,44,,,
401112109,2019,regular,8,2019-10-19 18:30:00+00:00,2306,Kansas State,2628,TCU,consensus,4,,44,,,
401112109,2019,regular,8,2019-10-19 18:30:00+00:00,2306,Kansas State,2628,TCU,Caesars,4,,44,,,
401117532,2019,regular,9,2019-10-26 20:00:00+00:00,167,New Mexico,62,Hawai'i,teamrankings,10,,70.5,,,
401117532,2019,regular,9,2019-10-26 20:00:00+00:00,167,New Mexico,62,Hawai'i,numberfire,10,,71,,,
401117532,2019,regular,9,2019-10-26 20:00:00+00:00,167,New Mexico,62,Hawai'i,consensus,10,,71,,,
401117532,2019,regular,9,2019-10-26 20:00:00+00:00,167,New Mexico,62,Hawai'i,Caesars,10,,70.5,,,
401112099,2019,regular,4,2019-09-21 20:30:00+00:00,2305,Kansas,277,West Virginia,teamrankings,4.5,,49,,,
401112099,2019,regular,4,2019-09-21 20:30:00+00:00,2305,Kansas,277,West Virginia,numberfire,5.5,,49,,,
401112099,2019,regular,4,2019-09-21 20:30:00+00:00,2305,Kansas,277,West Virginia,consensus,4.5,,49,,,
401112099,2019,regular,4,2019-09-21 20:30:00+00:00,2305,Kansas,277,West Virginia,Caesars,4.5,,49.5,,,
401114200,2019,regular,2,2019-09-08 03:59:00+00:00,62,Hawai'i,204,Oregon State,teamrankings,-6.5,,77,,,
401114200,2019,regular,2,2019-09-08 03:59:00+00:00,62,Hawai'i,204,Oregon State,numberfire,-6.5,,77.5,,,
401114200,2019,regular,2,2019-09-08 03:59:00+00:00,62,Hawai'i,204,Oregon State,consensus,-7,,78,,,
401114200,2019,regular,2,2019-09-08 03:59:00+00:00,62,Hawai'i,204,Oregon State,Caesars,-7,,78,,,
401112453,2019,regular,3,2019-09-14 20:00:00+00:00,98,Western Kentucky,97,Louisville,teamrankings,10.5,,49,,,
401112453,2019,regular,3,2019-09-14 20:00:00+00:00,98,Western Kentucky,97,Louisville,numberfire,10.5,,49,,,
401112453,2019,regular,3,2019-09-14 20:00:00+00:00,98,Western Kentucky,97,Louisville,consensus,10.5,,48.5,,,
401112453,2019,regular,3,2019-09-14 20:00:00+00:00,98,Western Kentucky,97,Louisville,Caesars,10.5,,48.5,,,
401112101,2019,regular,6,2019-10-05 16:00:00+00:00,2305,Kansas,201,Oklahoma,teamrankings,32,,67,,,
401112101,2019,regular,6,2019-10-05 16:00:00+00:00,2305,Kansas,201,Oklahoma,numberfire,32.5,,67,,,
401112101,2019,regular,6,2019-10-05 16:00:00+00:00,2305,Kansas,201,Oklahoma,consensus,32.5,,67.5,,,
401112101,2019,regular,6,2019-10-05 16:00:00+00:00,2305,Kansas,201,Oklahoma,Caesars,32,,67.5,,,
401110828,2019,regular,8,2019-10-19 19:30:00+00:00,344,Mississippi State,99,LSU,teamrankings,17.5,,62,,,
401110828,2019,regular,8,2019-10-19 19:30:00+00:00,344,Mississippi State,99,LSU,numberfire,19.5,,62,,,
401110828,2019,regular,8,2019-10-19 19:30:00+00:00,344,Mississippi State,99,LSU,consensus,19,,62.5,,,
401110828,2019,regular,8,2019-10-19 19:30:00+00:00,344,Mississippi State,99,LSU,Caesars,19,,62,,,
401112485,2019,regular,8,2019-10-19 16:00:00+00:00,97,Louisville,228,Clemson,teamrankings,24,,62,,,
401112485,2019,regular,8,2019-10-19 16:00:00+00:00,97,Louisville,228,Clemson,numberfire,24.5,,62,,,
401112485,2019,regular,8,2019-10-19 16:00:00+00:00,97,Louisville,228,Clemson,consensus,24.5,,62.5,,,
401112485,2019,regular,8,2019-10-19 16:00:00+00:00,97,Louisville,228,Clemson,Caesars,24.5,,62.5,,,
401114344,2019,regular,9,2019-10-26 19:00:00+00:00,290,Georgia Southern,166,New Mexico State,teamrankings,-13.5,,53.5,,,
401114344,2019,regular,9,2019-10-26 19:00:00+00:00,290,Georgia Southern,166,New Mexico State,numberfire,-13.5,,53.5,,,
401114344,2019,regular,9,2019-10-26 19:00:00+00:00,290,Georgia Southern,166,New Mexico State,consensus,-13.5,,53.5,,,
401114344,2019,regular,9,2019-10-26 19:00:00+00:00,290,Georgia Southern,166,New Mexico State,Caesars,-13.5,,53,,,
401112125,2019,regular,4,2019-09-21 23:30:00+00:00,251,Texas,197,Oklahoma State,teamrankings,-7,,71.5,,,
401112125,2019,regular,4,2019-09-21 23:30:00+00:00,251,Texas,197,Oklahoma State,numberfire,-7,,72,,,
401112125,2019,regular,4,2019-09-21 23:30:00+00:00,251,Texas,197,Oklahoma State,consensus,-7,,72.5,,,
401112125,2019,regular,4,2019-09-21 23:30:00+00:00,251,Texas,197,Oklahoma State,Caesars,-7,,72.5,,,
401114235,2019,regular,4,2019-09-21 19:30:00+00:00,252,BYU,264,Washington,teamrankings,6.5,,51,,,
401114235,2019,regular,4,2019-09-21 19:30:00+00:00,252,BYU,264,Washington,numberfire,6.5,,51,,,
401114235,2019,regular,4,2019-09-21 19:30:00+00:00,252,BYU,264,Washington,consensus,6.5,,51,,,
401114235,2019,regular,4,2019-09-21 19:30:00+00:00,252,BYU,264,Washington,Caesars,6.5,,51,,,
401114228,2019,regular,1,2019-09-01 02:00:00+00:00,265,Washington State,166,New Mexico State,teamrankings,-33,,65.5,,,
401114228,2019,regular,1,2019-09-01 02:00:00+00:00,265,Washington State,166,New Mexico State,numberfire,-32,,64.5,,,
401114228,2019,regular,1,2019-09-01 02:00:00+00:00,265,Washington State,166,New Mexico State,consensus,-33,,65.5,,,
401114228,2019,regular,1,2019-09-01 02:00:00+00:00,265,Washington State,166,New Mexico State,Caesars,-33.5,,66,,,
401110778,2019,regular,2,2019-09-07 23:30:00+00:00,251,Texas,99,LSU,teamrankings,6.5,,57.5,,,
401110778,2019,regular,2,2019-09-07 23:30:00+00:00,251,Texas,99,LSU,numberfire,7,,57.5,,,
401110778,2019,regular,2,2019-09-07 23:30:00+00:00,251,Texas,99,LSU,consensus,6.5,,57.5,,,
401110778,2019,regular,2,2019-09-07 23:30:00+00:00,251,Texas,99,LSU,Caesars,6,,57,,,
401114207,2019,regular,2,2019-09-08 02:30:00+00:00,30,USC,24,Stanford,teamrankings,-3,,43,,,
401114207,2019,regular,2,2019-09-08 02:30:00+00:00,30,USC,24,Stanford,numberfire,-3,,43,,,
401114207,2019,regular,2,2019-09-08 02:30:00+00:00,30,USC,24,Stanford,consensus,-3,,43.5,,,
401114207,2019,regular,2,2019-09-08 02:30:00+00:00,30,USC,24,Stanford,Caesars,-3.5,,43.5,,,
401110785,2019,regular,2,2019-09-07 16:00:00+00:00,2509,Purdue,238,Vanderbilt,teamrankings,-7,,56,,,
401110785,2019,regular,2,2019-09-07 16:00:00+00:00,2509,Purdue,238,Vanderbilt,numberfire,-7,,55.5,,,
401110785,2019,regular,2,2019-09-07 16:00:00+00:00,2509,Purdue,238,Vanderbilt,consensus,-7,,55.5,,,
401110785,2019,regular,2,2019-09-07 16:00:00+00:00,2509,Purdue,238,Vanderbilt,Caesars,-7.5,,55.5,,,
401112159,2019,regular,3,2019-09-14 16:00:00+00:00,84,Indiana,194,Ohio State,teamrankings,17,,60.5,,,
401112159,2019,regular,3,2019-09-14 16:00:00+00:00,84,Indiana,194,Ohio State,numberfire,18,,59.5,,,
401112159,2019,regular,3,2019-09-14 16:00:00+00:00,84,Indiana,194,Ohio State,consensus,17.5,,60,,,
401112159,2019,regular,3,2019-09-14 16:00:00+00:00,84,Indiana,194,Ohio State,Caesars,17.5,,61,,,
401114210,2019,regular,8,2019-10-18 01:00:00+00:00,24,Stanford,26,UCLA,teamrankings,-5.5,,48.5,,,
401114210,2019,regular,8,2019-10-18 01:00:00+00:00,24,Stanford,26,UCLA,numberfire,-3.5,,49,,,
401114210,2019,regular,8,2019-10-18 01:00:00+00:00,24,Stanford,26,UCLA,consensus,-4.5,,49,,,
401114210,2019,regular,8,2019-10-18 01:00:00+00:00,24,Stanford,26,UCLA,Caesars,-4,,48.5,,,
401110783,2019,regular,2,2019-09-07 23:00:00+00:00,2633,Tennessee,252,BYU,teamrankings,-3,,51.5,,,
401110783,2019,regular,2,2019-09-07 23:00:00+00:00,2633,Tennessee,252,BYU,numberfire,-3,,52,,,
401110783,2019,regular,2,2019-09-07 23:00:00+00:00,2633,Tennessee,252,BYU,consensus,-3.5,,52,,,
401110783,2019,regular,2,2019-09-07 23:00:00+00:00,2633,Tennessee,252,BYU,Caesars,-3.5,,52,,,
401117871,2019,regular,5,2019-09-27 00:00:00+00:00,235,Memphis,2426,Navy,teamrankings,-11,,53.5,,,
401117871,2019,regular,5,2019-09-27 00:00:00+00:00,235,Memphis,2426,Navy,numberfire,-11,,54.5,,,
401117871,2019,regular,5,2019-09-27 00:00:00+00:00,235,Memphis,2426,Navy,consensus,-10.5,,54,,,
401117871,2019,regular,5,2019-09-27 00:00:00+00:00,235,Memphis,2426,Navy,Caesars,-10.5,,54,,,
401112473,2019,regular,6,2019-10-05 16:30:00+00:00,97,Louisville,103,Boston College,teamrankings,-3.5,,61,,,
401112473,2019,regular,6,2019-10-05 16:30:00+00:00,97,Louisville,103,Boston College,numberfire,-4,,60,,,
401112473,2019,regular,6,2019-10-05 16:30:00+00:00,97,Louisville,103,Boston College,consensus,-4,,61,,,
401112473,2019,regular,6,2019-10-05 16:30:00+00:00,97,Louisville,103,Boston College,Caesars,-4,,61,,,
401114203,2019,regular,6,2019-10-06 01:00:00+00:00,26,UCLA,204,Oregon State,teamrankings,-4.5,,63.5,,,
401114203,2019,regular,6,2019-10-06 01:00:00+00:00,26,UCLA,204,Oregon State,numberfire,-4.5,,64.5,,,
401114203,2019,regular,6,2019-10-06 01:00:00+00:00,26,UCLA,204,Oregon State,consensus,-4.5,,64,,,
401114203,2019,regular,6,2019-10-06 01:00:00+00:00,26,UCLA,204,Oregon State,Caesars,-4.5,,64,,,
401117214,2019,regular,7,2019-10-12 19:30:00+00:00,58,South Florida,252,BYU,teamrankings,4.5,,50,,,
401117214,2019,regular,7,2019-10-12 19:30:00+00:00,58,South Florida,252,BYU,numberfire,4.5,,50,,,
401117214,2019,regular,7,2019-10-12 19:30:00+00:00,58,South Florida,252,BYU,consensus,4.5,,49.5,,,
401117214,2019,regular,7,2019-10-12 19:30:00+00:00,58,South Florida,252,BYU,Caesars,4,,49.5,,,
401112110,2019,regular,9,2019-10-26 16:00:00+00:00,2306,Kansas State,201,Oklahoma,teamrankings,23.5,,59,,,
401112110,2019,regular,9,2019-10-26 16:00:00+00:00,2306,Kansas State,201,Oklahoma,numberfire,23.5,,59.5,,,
401112110,2019,regular,9,2019-10-26 16:00:00+00:00,2306,Kansas State,201,Oklahoma,consensus,23.5,,59,,,
401112110,2019,regular,9,2019-10-26 16:00:00+00:00,2306,Kansas State,201,Oklahoma,Caesars,23.5,,59.5,,,
401112116,2019,regular,3,2019-09-15 00:00:00+00:00,26,UCLA,201,Oklahoma,teamrankings,22.5,,72,,,
401112116,2019,regular,3,2019-09-15 00:00:00+00:00,26,UCLA,201,Oklahoma,numberfire,23.5,,72,,,
401112116,2019,regular,3,2019-09-15 00:00:00+00:00,26,UCLA,201,Oklahoma,consensus,23.5,,71.5,,,
401112116,2019,regular,3,2019-09-15 00:00:00+00:00,26,UCLA,201,Oklahoma,Caesars,23.5,,71.5,,,
401112137,2019,regular,6,2019-10-05 19:30:00+00:00,277,West Virginia,251,Texas,teamrankings,10.5,,62,,,
401112137,2019,regular,6,2019-10-05 19:30:00+00:00,277,West Virginia,251,Texas,numberfire,10.5,,62,,,
401112137,2019,regular,6,2019-10-05 19:30:00+00:00,277,West Virginia,251,Texas,consensus,10.5,,62,,,
401112137,2019,regular,6,2019-10-05 19:30:00+00:00,277,West Virginia,251,Texas,Caesars,10.5,,62,,,
401110730,2019,regular,1,2019-08-31 19:30:00+00:00,2633,Tennessee,2247,Georgia State,teamrankings,-24.5,,58,,,
401110730,2019,regular,1,2019-08-31 19:30:00+00:00,2633,Tennessee,2247,Georgia State,numberfire,-26,,57.5,,,
401110730,2019,regular,1,2019-08-31 19:30:00+00:00,2633,Tennessee,2247,Georgia State,consensus,-24.5,,58.5,,,
401110730,2019,regular,1,2019-08-31 19:30:00+00:00,2633,Tennessee,2247,Georgia State,Caesars,-24.5,,58.5,,,
401112435,2019,regular,1,2019-08-31 20:00:00+00:00,103,Boston College,259,Virginia Tech,teamrankings,4.5,,56.5,,,
401112435,2019,regular,1,2019-08-31 20:00:00+00:00,103,Boston College,259,Virginia Tech,numberfire,4.5,,58,,,
401112435,2019,regular,1,2019-08-31 20:00:00+00:00,103,Boston College,259,Virginia Tech,consensus,4.5,,57.5,,,
401112435,2019,regular,1,2019-08-31 20:00:00+00:00,103,Boston College,259,Virginia Tech,Caesars,4.5,,57,,,
401112136,2019,regular,3,2019-09-15 00:00:00+00:00,242,Rice,251,Texas,teamrankings,32,,57.5,,,
401112136,2019,regular,3,2019-09-15 00:00:00+00:00,242,Rice,251,Texas,numberfire,31.5,,56.5,,,
401112136,2019,regular,3,2019-09-15 00:00:00+00:00,242,Rice,251,Texas,consensus,32.5,,56,,,
401112136,2019,regular,3,2019-09-15 00:00:00+00:00,242,Rice,251,Texas,Caesars,32,,58.5,,,
401117864,2019,regular,3,2019-09-14 19:30:00+00:00,2426,Navy,151,East Carolina,teamrankings,-7.5,,53,,,
401117864,2019,regular,3,2019-09-14 19:30:00+00:00,2426,Navy,151,East Carolina,numberfire,-7.5,,54,,,
401117864,2019,regular,3,2019-09-14 19:30:00+00:00,2426,Navy,151,East Carolina,consensus,-7.5,,53.5,,,
401117864,2019,regular,3,2019-09-14 19:30:00+00:00,2426,Navy,151,East Carolina,Caesars,-7,,53.5,,,
401112248,2019,regular,8,2019-10-19 00:30:00+00:00,77,Northwestern,194,Ohio State,teamrankings,26.5,,50,,,
401112248,2019,regular,8,2019-10-19 00:30:00+00:00,77,Northwestern,194,Ohio State,numberfire,27,,50,,,
401112248,2019,regular,8,2019-10-19 00:30:00+00:00,77,Northwestern,194,Ohio State,consensus,27,,50,,,
401112248,2019,regular,8,2019-10-19 00:30:00+00:00,77,Northwestern,194,Ohio State,Caesars,27,,49.5,,,
401112483,2019,regular,8,2019-10-18 23:00:00+00:00,183,Syracuse,221,Pittsburgh,teamrankings,3.5,,52.5,,,
401112483,2019,regular,8,2019-10-18 23:00:00+00:00,183,Syracuse,221,Pittsburgh,numberfire,4,,52.5,,,
401112483,2019,regular,8,2019-10-18 23:00:00+00:00,183,Syracuse,221,Pittsburgh,consensus,3.5,,53.5,,,
401112483,2019,regular,8,2019-10-18 23:00:00+00:00,183,Syracuse,221,Pittsburgh,Caesars,3.5,,53,,,
401112151,2019,regular,8,2019-10-19 16:00:00+00:00,356,Illinois,275,Wisconsin,teamrankings,28.5,,52,,,
401112151,2019,regular,8,2019-10-19 16:00:00+00:00,356,Illinois,275,Wisconsin,numberfire,29.5,,52,,,
401112151,2019,regular,8,2019-10-19 16:00:00+00:00,356,Illinois,275,Wisconsin,consensus,30,,52,,,
401112151,2019,regular,8,2019-10-19 16:00:00+00:00,356,Illinois,275,Wisconsin,Caesars,30.5,,51.5,,,
401112490,2019,regular,9,2019-10-26 23:30:00+00:00,228,Clemson,103,Boston College,teamrankings,-35,,59,,,
401112490,2019,regular,9,2019-10-26 23:30:00+00:00,228,Clemson,103,Boston College,numberfire,-35,,59,,,
401112490,2019,regular,9,2019-10-26 23:30:00+00:00,228,Clemson,103,Boston College,consensus,-35,,59,,,
401112490,2019,regular,9,2019-10-26 23:30:00+00:00,228,Clemson,103,Boston College,Caesars,-35,,59.5,,,
401117501,2019,regular,2,2019-09-08 01:00:00+00:00,23,San José State,202,Tulsa,teamrankings,6.5,,53.5,,,
401117501,2019,regular,2,2019-09-08 01:00:00+00:00,23,San José State,202,Tulsa,numberfire,6.5,,53,,,
401117501,2019,regular,2,2019-09-08 01:00:00+00:00,23,San José State,202,Tulsa,consensus,6.5,,53.5,,,
401117501,2019,regular,2,2019-09-08 01:00:00+00:00,23,San José State,202,Tulsa,Caesars,6,,53.5,,,
401112454,2019,regular,3,2019-09-14 20:00:00+00:00,2390,Miami,2065,Bethune-Cookman,consensus,-41.5,,56,,,
401110806,2019,regular,5,2019-09-28 19:30:00+00:00,333,Alabama,145,Ole Miss,teamrankings,-37.5,,62.5,,,
401110806,2019,regular,5,2019-09-28 19:30:00+00:00,333,Alabama,145,Ole Miss,numberfire,-37.5,,62,,,
401110806,2019,regular,5,2019-09-28 19:30:00+00:00,333,Alabama,145,Ole Miss,consensus,-38,,63,,,
401110806,2019,regular,5,2019-09-28 19:30:00+00:00,333,Alabama,145,Ole Miss,Caesars,-37.5,,64,,,
401117872,2019,regular,5,2019-09-28 23:00:00+00:00,2116,UCF,41,UConn,teamrankings,-42,,65,,,
401117872,2019,regular,5,2019-09-28 23:00:00+00:00,2116,UCF,41,UConn,numberfire,-42,,65,,,
401117872,2019,regular,5,2019-09-28 23:00:00+00:00,2116,UCF,41,UConn,consensus,-42,,65,,,
401117872,2019,regular,5,2019-09-28 23:00:00+00:00,2116,UCF,41,UConn,Caesars,-42,,65,,,
401110807,2019,regular,5,2019-09-28 16:00:00+00:00,8,Arkansas,245,Texas A&M,teamrankings,23,,59.5,,,
401110807,2019,regular,5,2019-09-28 16:00:00+00:00,8,Arkansas,245,Texas A&M,numberfire,23.5,,60,,,
401110807,2019,regular,5,2019-09-28 16:00:00+00:00,8,Arkansas,245,Texas A&M,consensus,23,,60,,,
401110807,2019,regular,5,2019-09-28 16:00:00+00:00,8,Arkansas,245,Texas A&M,Caesars,23,,60,,,
401114167,2019,regular,6,2019-10-05 20:30:00+00:00,38,Colorado,12,Arizona,teamrankings,-2.5,,63.5,,,
401114167,2019,regular,6,2019-10-05 20:30:00+00:00,38,Colorado,12,Arizona,numberfire,-2.5,,63.5,,,
401114167,2019,regular,6,2019-10-05 20:30:00+00:00,38,Colorado,12,Arizona,consensus,-2.5,,63,,,
401114167,2019,regular,6,2019-10-05 20:30:00+00:00,38,Colorado,12,Arizona,Caesars,-2,,63,,,
401110817,2019,regular,7,2019-10-12 16:00:00+00:00,61,Georgia,2579,South Carolina,teamrankings,-20.5,,52,,,
401110817,2019,regular,7,2019-10-12 16:00:00+00:00,61,Georgia,2579,South Carolina,numberfire,-21,,52,,,
401110817,2019,regular,7,2019-10-12 16:00:00+00:00,61,Georgia,2579,South Carolina,consensus,-21,,52,,,
401110817,2019,regular,7,2019-10-12 16:00:00+00:00,61,Georgia,2579,South Carolina,Caesars,-20.5,,52,,,
401121953,2019,regular,8,2019-10-17 00:00:00+00:00,2653,Troy,6,South Alabama,teamrankings,-17.5,,55.5,,,
401121953,2019,regular,8,2019-10-17 00:00:00+00:00,2653,Troy,6,South Alabama,numberfire,-17,,55.5,,,
401121953,2019,regular,8,2019-10-17 00:00:00+00:00,2653,Troy,6,South Alabama,consensus,-17.5,,55,,,
401121953,2019,regular,8,2019-10-17 00:00:00+00:00,2653,Troy,6,South Alabama,Caesars,-17.5,,55,,,
401112489,2019,regular,8,2019-10-19 19:30:00+00:00,259,Virginia Tech,153,North Carolina,teamrankings,4.5,,57.5,,,
401112489,2019,regular,8,2019-10-19 19:30:00+00:00,259,Virginia Tech,153,North Carolina,numberfire,4,,57,,,
401112489,2019,regular,8,2019-10-19 19:30:00+00:00,259,Virginia Tech,153,North Carolina,consensus,4.5,,57,,,
401112489,2019,regular,8,2019-10-19 19:30:00+00:00,259,Virginia Tech,153,North Carolina,Caesars,4.5,,57,,,
401121959,2019,regular,9,2019-10-26 23:00:00+00:00,2247,Georgia State,2653,Troy,teamrankings,1,,67,,,
401121959,2019,regular,9,2019-10-26 23:00:00+00:00,2247,Georgia State,2653,Troy,numberfire,-1,,67.5,,,
401121959,2019,regular,9,2019-10-26 23:00:00+00:00,2247,Georgia State,2653,Troy,consensus,-1,,67.5,,,
401121959,2019,regular,9,2019-10-26 23:00:00+00:00,2247,Georgia State,2653,Troy,Caesars,,,67,,,
401112087,2019,regular,4,2019-09-21 16:00:00+00:00,66,Iowa State,2433,UL Monroe,teamrankings,-17,,51.5,,,
401112087,2019,regular,4,2019-09-21 16:00:00+00:00,66,Iowa State,2433,UL Monroe,numberfire,-17.5,,51.5,,,
401112087,2019,regular,4,2019-09-21 16:00:00+00:00,66,Iowa State,2433,UL Monroe,consensus,-17.5,,51.5,,,
401112087,2019,regular,4,2019-09-21 16:00:00+00:00,66,Iowa State,2433,UL Monroe,Caesars,-17.5,,51.5,,,
401110722,2019,regular,1,2019-08-31 23:30:00+00:00,2,Auburn,2483,Oregon,teamrankings,-4,,55,,,
401110722,2019,regular,1,2019-08-31 23:30:00+00:00,2,Auburn,2483,Oregon,numberfire,-3.5,,55.5,,,
401110722,2019,regular,1,2019-08-31 23:30:00+00:00,2,Auburn,2483,Oregon,consensus,-3.5,,55.5,,,
401110722,2019,regular,1,2019-08-31 23:30:00+00:00,2,Auburn,2483,Oregon,Caesars,-3.5,,55,,,
401112192,2019,regular,2,2019-09-07 16:00:00+00:00,2294,Iowa,164,Rutgers,teamrankings,-18,,48,,,
401112192,2019,regular,2,2019-09-07 16:00:00+00:00,2294,Iowa,164,Rutgers,consensus,-17.5,,48,,,
401112107,2019,regular,2,2019-09-07 16:00:00+00:00,2306,Kansas State,189,Bowling Green,teamrankings,-25,,57.5,,,
401112107,2019,regular,2,2019-09-07 16:00:00+00:00,2306,Kansas State,189,Bowling Green,numberfire,-24.5,,57.5,,,
401112107,2019,regular,2,2019-09-07 16:00:00+00:00,2306,Kansas State,189,Bowling Green,consensus,-25,,57.5,,,
401112107,2019,regular,2,2019-09-07 16:00:00+00:00,2306,Kansas State,189,Bowling Green,Caesars,-25,,58,,,
401117877,2019,regular,6,2019-10-05 19:45:00+00:00,2433,UL Monroe,235,Memphis,teamrankings,16,,63.5,,,
401117877,2019,regular,6,2019-10-05 19:45:00+00:00,2433,UL Monroe,235,Memphis,numberfire,14.5,,63.5,,,
401117877,2019,regular,6,2019-10-05 19:45:00+00:00,2433,UL Monroe,235,Memphis,consensus,15.5,,63.5,,,
401117877,2019,regular,6,2019-10-05 19:45:00+00:00,2433,UL Monroe,235,Memphis,Caesars,15.5,,64.5,,,
401112478,2019,regular,7,2019-10-12 00:00:00+00:00,2390,Miami,258,Virginia,teamrankings,-2.5,,44.5,,,
401112478,2019,regular,7,2019-10-12 00:00:00+00:00,2390,Miami,258,Virginia,numberfire,-2.5,,44.5,,,
401112478,2019,regular,7,2019-10-12 00:00:00+00:00,2390,Miami,258,Virginia,consensus,-2.5,,44,,,
401112478,2019,regular,7,2019-10-12 00:00:00+00:00,2390,Miami,258,Virginia,Caesars,-2.5,,44,,,
401117522,2019,regular,7,2019-10-12 00:00:00+00:00,167,New Mexico,36,Colorado State,teamrankings,4,,66.5,,,
401117522,2019,regular,7,2019-10-12 00:00:00+00:00,167,New Mexico,36,Colorado State,numberfire,4,,66,,,
401117522,2019,regular,7,2019-10-12 00:00:00+00:00,167,New Mexico,36,Colorado State,consensus,5,,65.5,,,
401117522,2019,regular,7,2019-10-12 00:00:00+00:00,167,New Mexico,36,Colorado State,Caesars,5,,65.5,,,
401114280,2019,regular,7,2019-10-12 20:00:00+00:00,2226,Florida Atlantic,2393,Middle Tennessee,teamrankings,-12,,63.5,,,
401114280,2019,regular,7,2019-10-12 20:00:00+00:00,2226,Florida Atlantic,2393,Middle Tennessee,numberfire,-12,,63,,,
401114280,2019,regular,7,2019-10-12 20:00:00+00:00,2226,Florida Atlantic,2393,Middle Tennessee,consensus,-13,,63.5,,,
401114280,2019,regular,7,2019-10-12 20:00:00+00:00,2226,Florida Atlantic,2393,Middle Tennessee,Caesars,-13,,63,,,
401112493,2019,regular,9,2019-10-26 19:30:00+00:00,97,Louisville,258,Virginia,teamrankings,4.5,,51,,,
401112493,2019,regular,9,2019-10-26 19:30:00+00:00,97,Louisville,258,Virginia,numberfire,3.5,,51.5,,,
401112493,2019,regular,9,2019-10-26 19:30:00+00:00,97,Louisville,258,Virginia,consensus,3.5,,51.5,,,
401112493,2019,regular,9,2019-10-26 19:30:00+00:00,97,Louisville,258,Virginia,Caesars,3.5,,51.5,,,
401112205,2019,regular,6,2019-10-05 16:00:00+00:00,164,Rutgers,120,Maryland,teamrankings,14,,55.5,,,
401112205,2019,regular,6,2019-10-05 16:00:00+00:00,164,Rutgers,120,Maryland,consensus,14,,55.5,,,
401112102,2019,regular,8,2019-10-19 23:00:00+00:00,251,Texas,2305,Kansas,teamrankings,-20,,63.5,,,
401112102,2019,regular,8,2019-10-19 23:00:00+00:00,251,Texas,2305,Kansas,numberfire,-21,,63,,,
401112102,2019,regular,8,2019-10-19 23:00:00+00:00,251,Texas,2305,Kansas,consensus,-21,,63,,,
401112102,2019,regular,8,2019-10-19 23:00:00+00:00,251,Texas,2305,Kansas,Caesars,-21,,63,,,
401114339,2019,regular,3,2019-09-15 00:00:00+00:00,166,New Mexico State,21,San Diego State,teamrankings,16.5,,51.5,,,
401114339,2019,regular,3,2019-09-15 00:00:00+00:00,166,New Mexico State,21,San Diego State,numberfire,17,,51.5,,,
401114339,2019,regular,3,2019-09-15 00:00:00+00:00,166,New Mexico State,21,San Diego State,consensus,16.5,,51,,,
401114339,2019,regular,3,2019-09-15 00:00:00+00:00,166,New Mexico State,21,San Diego State,Caesars,16,,51,,,
401117518,2019,regular,6,2019-10-06 02:00:00+00:00,36,Colorado State,21,San Diego State,teamrankings,7.5,,49,,,
401117518,2019,regular,6,2019-10-06 02:00:00+00:00,36,Colorado State,21,San Diego State,numberfire,7.5,,49,,,
401117518,2019,regular,6,2019-10-06 02:00:00+00:00,36,Colorado State,21,San Diego State,consensus,6.5,,48,,,
401117518,2019,regular,6,2019-10-06 02:00:00+00:00,36,Colorado State,21,San Diego State,Caesars,6.5,,48,,,
401112089,2019,regular,7,2019-10-12 20:00:00+00:00,277,West Virginia,66,Iowa State,teamrankings,9,,55,,,
401112089,2019,regular,7,2019-10-12 20:00:00+00:00,277,West Virginia,66,Iowa State,numberfire,9.5,,55,,,
401112089,2019,regular,7,2019-10-12 20:00:00+00:00,277,West Virginia,66,Iowa State,consensus,9.5,,55,,,
401112089,2019,regular,7,2019-10-12 20:00:00+00:00,277,West Virginia,66,Iowa State,Caesars,9.5,,55,,,
401117529,2019,regular,8,2019-10-19 23:00:00+00:00,23,San José State,21,San Diego State,teamrankings,7.5,,45.5,,,
401117529,2019,regular,8,2019-10-19 23:00:00+00:00,23,San José State,21,San Diego State,numberfire,7.5,,45.5,,,
401117529,2019,regular,8,2019-10-19 23:00:00+00:00,23,San José State,21,San Diego State,consensus,7.5,,45.5,,,
401117529,2019,regular,8,2019-10-19 23:00:00+00:00,23,San José State,21,San Diego State,Caesars,7,,46,,,
401114272,2019,regular,5,2019-09-28 23:00:00+00:00,2572,Southern Miss,2638,UTEP,teamrankings,-25.5,,48.5,,,
401114272,2019,regular,5,2019-09-28 23:00:00+00:00,2572,Southern Miss,2638,UTEP,numberfire,-26,,48.5,,,
401114272,2019,regular,5,2019-09-28 23:00:00+00:00,2572,Southern Miss,2638,UTEP,consensus,-26.5,,49,,,
401114272,2019,regular,5,2019-09-28 23:00:00+00:00,2572,Southern Miss,2638,UTEP,Caesars,-26,,49,,,
401112206,2019,regular,7,2019-10-12 16:00:00+00:00,2509,Purdue,120,Maryland,teamrankings,4,,52,,,
401112206,2019,regular,7,2019-10-12 16:00:00+00:00,2509,Purdue,120,Maryland,numberfire,4,,52.5,,,
401112206,2019,regular,7,2019-10-12 16:00:00+00:00,2509,Purdue,120,Maryland,consensus,4,,53,,,
401112206,2019,regular,7,2019-10-12 16:00:00+00:00,2509,Purdue,120,Maryland,Caesars,4.5,,52.5,,,
401117885,2019,regular,8,2019-10-19 19:30:00+00:00,2132,Cincinnati,202,Tulsa,teamrankings,-16,,47,,,
401117885,2019,regular,8,2019-10-19 19:30:00+00:00,2132,Cincinnati,202,Tulsa,numberfire,-16,,47,,,
401117885,2019,regular,8,2019-10-19 19:30:00+00:00,2132,Cincinnati,202,Tulsa,consensus,-16,,47,,,
401117885,2019,regular,8,2019-10-19 19:30:00+00:00,2132,Cincinnati,202,Tulsa,Caesars,-16,,47,,,
401110811,2019,regular,5,2019-09-28 16:00:00+00:00,238,Vanderbilt,2459,Northern Illinois,teamrankings,-7.5,,51.5,,,
401110811,2019,regular,5,2019-09-28 16:00:00+00:00,238,Vanderbilt,2459,Northern Illinois,numberfire,-7,,51.5,,,
401110811,2019,regular,5,2019-09-28 16:00:00+00:00,238,Vanderbilt,2459,Northern Illinois,consensus,-7,,51.5,,,
401110811,2019,regular,5,2019-09-28 16:00:00+00:00,238,Vanderbilt,2459,Northern Illinois,Caesars,-7.5,,52,,,
401112100,2019,regular,5,2019-09-28 16:00:00+00:00,2628,TCU,2305,Kansas,teamrankings,-14.5,,48,,,
401112100,2019,regular,5,2019-09-28 16:00:00+00:00,2628,TCU,2305,Kansas,numberfire,-14.5,,48,,,
401112100,2019,regular,5,2019-09-28 16:00:00+00:00,2628,TCU,2305,Kansas,consensus,-15,,48,,,
401112100,2019,regular,5,2019-09-28 16:00:00+00:00,2628,TCU,2305,Kansas,Caesars,-14,,48,,,
401117873,2019,regular,5,2019-09-28 20:00:00+00:00,58,South Florida,2567,SMU,teamrankings,7,,62,,,
401117873,2019,regular,5,2019-09-28 20:00:00+00:00,58,South Florida,2567,SMU,numberfire,7.5,,62,,,
401117873,2019,regular,5,2019-09-28 20:00:00+00:00,58,South Florida,2567,SMU,consensus,7.5,,62,,,
401117873,2019,regular,5,2019-09-28 20:00:00+00:00,58,South Florida,2567,SMU,Caesars,7.5,,62,,,
401121945,2019,regular,5,2019-09-28 22:00:00+00:00,290,Georgia Southern,309,Louisiana,teamrankings,3,,56,,,
401121945,2019,regular,5,2019-09-28 22:00:00+00:00,290,Georgia Southern,309,Louisiana,numberfire,3,,55,,,
401121945,2019,regular,5,2019-09-28 22:00:00+00:00,290,Georgia Southern,309,Louisiana,consensus,3.5,,55.5,,,
401121945,2019,regular,5,2019-09-28 22:00:00+00:00,290,Georgia Southern,309,Louisiana,Caesars,3,,55.5,,,
401112260,2019,regular,6,2019-10-05 16:00:00+00:00,213,Penn State,2509,Purdue,teamrankings,-28.5,,55.5,,,
401112260,2019,regular,6,2019-10-05 16:00:00+00:00,213,Penn State,2509,Purdue,numberfire,-28.5,,55.5,,,
401112260,2019,regular,6,2019-10-05 16:00:00+00:00,213,Penn State,2509,Purdue,consensus,-28.5,,55.5,,,
401112260,2019,regular,6,2019-10-05 16:00:00+00:00,213,Penn State,2509,Purdue,Caesars,-29,,55.5,,,
401114157,2019,regular,7,2019-10-12 19:30:00+00:00,9,Arizona State,265,Washington State,teamrankings,2.5,,60,,,
401114157,2019,regular,7,2019-10-12 19:30:00+00:00,9,Arizona State,265,Washington State,numberfire,2,,60.5,,,
401114157,2019,regular,7,2019-10-12 19:30:00+00:00,9,Arizona State,265,Washington State,consensus,2.5,,61,,,
401114157,2019,regular,7,2019-10-12 19:30:00+00:00,9,Arizona State,265,Washington State,Caesars,2.5,,61.5,,,
401117884,2019,regular,8,2019-10-19 23:00:00+00:00,2116,UCF,151,East Carolina,teamrankings,-34.5,,65.5,,,
401117884,2019,regular,8,2019-10-19 23:00:00+00:00,2116,UCF,151,East Carolina,numberfire,-34.5,,64.5,,,
401117884,2019,regular,8,2019-10-19 23:00:00+00:00,2116,UCF,151,East Carolina,consensus,-34.5,,64.5,,,
401117884,2019,regular,8,2019-10-19 23:00:00+00:00,2116,UCF,151,East Carolina,Caesars,-34.5,,65,,,
401117889,2019,regular,9,2019-10-24 23:30:00+00:00,248,Houston,2567,SMU,teamrankings,12,,65.5,,,
401117889,2019,regular,9,2019-10-24 23:30:00+00:00,248,Houston,2567,SMU,numberfire,12.5,,65,,,
401117889,2019,regular,9,2019-10-24 23:30:00+00:00,248,Houston,2567,SMU,consensus,12.5,,65,,,
401117889,2019,regular,9,2019-10-24 23:30:00+00:00,248,Houston,2567,SMU,Caesars,12.5,,65.5,,,
401112266,2019,regular,9,2019-10-26 16:00:00+00:00,164,Rutgers,2335,Liberty,teamrankings,7.5,,44,,,
401112266,2019,regular,9,2019-10-26 16:00:00+00:00,164,Rutgers,2335,Liberty,numberfire,7.5,,46.5,,,
401112266,2019,regular,9,2019-10-26 16:00:00+00:00,164,Rutgers,2335,Liberty,consensus,7.5,,44,,,
401114295,2019,regular,9,2019-10-26 19:30:00+00:00,295,Old Dominion,2226,Florida Atlantic,teamrankings,13.5,,50.5,,,
401114295,2019,regular,9,2019-10-26 19:30:00+00:00,295,Old Dominion,2226,Florida Atlantic,numberfire,14,,50,,,
401114295,2019,regular,9,2019-10-26 19:30:00+00:00,295,Old Dominion,2226,Florida Atlantic,consensus,14,,51,,,
401114295,2019,regular,9,2019-10-26 19:30:00+00:00,295,Old Dominion,2226,Florida Atlantic,Caesars,14,,51,,,
401112450,2019,regular,3,2019-09-14 23:00:00+00:00,2393,Middle Tennessee,150,Duke,teamrankings,6.5,,51,,,
401112450,2019,regular,3,2019-09-14 23:00:00+00:00,2393,Middle Tennessee,150,Duke,numberfire,6.5,,50.5,,,
401112450,2019,regular,3,2019-09-14 23:00:00+00:00,2393,Middle Tennessee,150,Duke,consensus,6.5,,50.5,,,
401112450,2019,regular,3,2019-09-14 23:00:00+00:00,2393,Middle Tennessee,150,Duke,Caesars,6.5,,51,,,
401114268,2019,regular,5,2019-09-28 23:00:00+00:00,242,Rice,2348,Louisiana Tech,teamrankings,9,,48.5,,,
401114268,2019,regular,5,2019-09-28 23:00:00+00:00,242,Rice,2348,Louisiana Tech,numberfire,8.5,,49,,,
401114268,2019,regular,5,2019-09-28 23:00:00+00:00,242,Rice,2348,Louisiana Tech,consensus,9,,49,,,
401114268,2019,regular,5,2019-09-28 23:00:00+00:00,242,Rice,2348,Louisiana Tech,Caesars,9,,49,,,
401114209,2019,regular,6,2019-10-06 02:30:00+00:00,24,Stanford,264,Washington,teamrankings,13.5,,52,,,
401114209,2019,regular,6,2019-10-06 02:30:00+00:00,24,Stanford,264,Washington,numberfire,14,,51.5,,,
401114209,2019,regular,6,2019-10-06 02:30:00+00:00,24,Stanford,264,Washington,consensus,12.5,,51.5,,,
401114209,2019,regular,6,2019-10-06 02:30:00+00:00,24,Stanford,264,Washington,Caesars,13,,51.5,,,
401110831,2019,regular,9,2019-10-26 23:00:00+00:00,333,Alabama,8,Arkansas,teamrankings,-32,,56,,,
401110831,2019,regular,9,2019-10-26 23:00:00+00:00,333,Alabama,8,Arkansas,numberfire,-32,,55.5,,,
401110831,2019,regular,9,2019-10-26 23:00:00+00:00,333,Alabama,8,Arkansas,consensus,-32,,55.5,,,
401110831,2019,regular,9,2019-10-26 23:00:00+00:00,333,Alabama,8,Arkansas,Caesars,-32,,56.5,,,
401117495,2019,regular,1,2019-08-31 22:00:00+00:00,167,New Mexico,2534,Sam Houston,consensus,-6.5,,62.5,,,
401114224,2019,regular,2,2019-09-07 17:00:00+00:00,254,Utah,2459,Northern Illinois,teamrankings,-23,,45,,,
401114224,2019,regular,2,2019-09-07 17:00:00+00:00,254,Utah,2459,Northern Illinois,numberfire,-23,,44.5,,,
401114224,2019,regular,2,2019-09-07 17:00:00+00:00,254,Utah,2459,Northern Illinois,consensus,-22.5,,45,,,
401114224,2019,regular,2,2019-09-07 17:00:00+00:00,254,Utah,2459,Northern Illinois,Caesars,-23.5,,45,,,
401114175,2019,regular,2,2019-09-08 02:30:00+00:00,264,Washington,25,California,teamrankings,-13.5,,42.5,,,
401114175,2019,regular,2,2019-09-08 02:30:00+00:00,264,Washington,25,California,numberfire,-14,,43,,,
401114175,2019,regular,2,2019-09-08 02:30:00+00:00,264,Washington,25,California,consensus,-13.5,,43.5,,,
401114175,2019,regular,2,2019-09-08 02:30:00+00:00,264,Washington,25,California,Caesars,-13.5,,43.5,,,
401114282,2019,regular,7,2019-10-12 23:00:00+00:00,2572,Southern Miss,249,North Texas,teamrankings,-3,,58.5,,,
401114282,2019,regular,7,2019-10-12 23:00:00+00:00,2572,Southern Miss,249,North Texas,numberfire,-3,,59,,,
401114282,2019,regular,7,2019-10-12 23:00:00+00:00,2572,Southern Miss,249,North Texas,consensus,-3,,59.5,,,
401114282,2019,regular,7,2019-10-12 23:00:00+00:00,2572,Southern Miss,249,North Texas,Caesars,-3,,59.5,,,
401114215,2019,regular,4,2019-09-22 02:30:00+00:00,265,Washington State,26,UCLA,teamrankings,-17,,59.5,,,
401114215,2019,regular,4,2019-09-22 02:30:00+00:00,265,Washington State,26,UCLA,numberfire,-18.5,,59,,,
401114215,2019,regular,4,2019-09-22 02:30:00+00:00,265,Washington State,26,UCLA,consensus,-18.5,,60,,,
401114215,2019,regular,4,2019-09-22 02:30:00+00:00,265,Washington State,26,UCLA,Caesars,-18.5,,60,,,
401114193,2019,regular,2,2019-09-07 23:30:00+00:00,2483,Oregon,2440,Nevada,teamrankings,-24,,61.5,,,
401114193,2019,regular,2,2019-09-07 23:30:00+00:00,2483,Oregon,2440,Nevada,numberfire,-24,,61.5,,,
401114193,2019,regular,2,2019-09-07 23:30:00+00:00,2483,Oregon,2440,Nevada,consensus,-25,,62,,,
401114193,2019,regular,2,2019-09-07 23:30:00+00:00,2483,Oregon,2440,Nevada,Caesars,-24,,63,,,
401112141,2019,regular,3,2019-09-15 02:30:00+00:00,12,Arizona,2641,Texas Tech,teamrankings,1,,75,,,
401112141,2019,regular,3,2019-09-15 02:30:00+00:00,12,Arizona,2641,Texas Tech,numberfire,1,,74.5,,,
401112141,2019,regular,3,2019-09-15 02:30:00+00:00,12,Arizona,2641,Texas Tech,consensus,2,,74.5,,,
401112141,2019,regular,3,2019-09-15 02:30:00+00:00,12,Arizona,2641,Texas Tech,Caesars,2,,74.5,,,
401114267,2019,regular,5,2019-09-28 19:30:00+00:00,2429,Charlotte,2226,Florida Atlantic,teamrankings,2.5,,63.5,,,
401114267,2019,regular,5,2019-09-28 19:30:00+00:00,2429,Charlotte,2226,Florida Atlantic,numberfire,1,,65,,,
401114267,2019,regular,5,2019-09-28 19:30:00+00:00,2429,Charlotte,2226,Florida Atlantic,consensus,1,,63,,,
401114267,2019,regular,5,2019-09-28 19:30:00+00:00,2429,Charlotte,2226,Florida Atlantic,Caesars,,,64,,,
401117881,2019,regular,7,2019-10-12 16:00:00+00:00,218,Temple,235,Memphis,teamrankings,3.5,,50,,,
401117881,2019,regular,7,2019-10-12 16:00:00+00:00,218,Temple,235,Memphis,numberfire,4,,51,,,
401117881,2019,regular,7,2019-10-12 16:00:00+00:00,218,Temple,235,Memphis,consensus,4,,50.5,,,
401117881,2019,regular,7,2019-10-12 16:00:00+00:00,218,Temple,235,Memphis,Caesars,4,,51.5,,,
401114286,2019,regular,8,2019-10-19 20:00:00+00:00,98,Western Kentucky,2429,Charlotte,teamrankings,-9.5,,48,,,
401114286,2019,regular,8,2019-10-19 20:00:00+00:00,98,Western Kentucky,2429,Charlotte,numberfire,-9.5,,48,,,
401114286,2019,regular,8,2019-10-19 20:00:00+00:00,98,Western Kentucky,2429,Charlotte,consensus,-10,,48,,,
401114286,2019,regular,8,2019-10-19 20:00:00+00:00,98,Western Kentucky,2429,Charlotte,Caesars,-9,,47.5,,,
401112446,2019,regular,2,2019-09-07 16:00:00+00:00,259,Virginia Tech,295,Old Dominion,teamrankings,-30,,57.5,,,
401112446,2019,regular,2,2019-09-07 16:00:00+00:00,259,Virginia Tech,295,Old Dominion,numberfire,-28.5,,57,,,
401112446,2019,regular,2,2019-09-07 16:00:00+00:00,259,Virginia Tech,295,Old Dominion,consensus,-28.5,,58,,,
401112446,2019,regular,2,2019-09-07 16:00:00+00:00,259,Virginia Tech,295,Old Dominion,Caesars,-29,,58,,,
401110808,2019,regular,5,2019-09-28 23:00:00+00:00,2,Auburn,344,Mississippi State,teamrankings,-7.5,,47,,,
401110808,2019,regular,5,2019-09-28 23:00:00+00:00,2,Auburn,344,Mississippi State,numberfire,-7.5,,46.5,,,
401110808,2019,regular,5,2019-09-28 23:00:00+00:00,2,Auburn,344,Mississippi State,consensus,-7.5,,47,,,
401110808,2019,regular,5,2019-09-28 23:00:00+00:00,2,Auburn,344,Mississippi State,Caesars,-7.5,,46.5,,,
401110810,2019,regular,5,2019-09-28 23:30:00+00:00,2579,South Carolina,96,Kentucky,teamrankings,-3.5,,54,,,
401110810,2019,regular,5,2019-09-28 23:30:00+00:00,2579,South Carolina,96,Kentucky,numberfire,-3.5,,55,,,
401110810,2019,regular,5,2019-09-28 23:30:00+00:00,2579,South Carolina,96,Kentucky,consensus,-3.5,,55,,,
401110810,2019,regular,5,2019-09-28 23:30:00+00:00,2579,South Carolina,96,Kentucky,Caesars,-3,,55.5,,,
401117874,2019,regular,6,2019-10-04 00:00:00+00:00,151,East Carolina,218,Temple,teamrankings,12.5,,46,,,
401117874,2019,regular,6,2019-10-04 00:00:00+00:00,151,East Carolina,218,Temple,numberfire,11.5,,47,,,
401117874,2019,regular,6,2019-10-04 00:00:00+00:00,151,East Carolina,218,Temple,consensus,12,,46.5,,,
401117874,2019,regular,6,2019-10-04 00:00:00+00:00,151,East Carolina,218,Temple,Caesars,11,,46.5,,,
401114158,2019,regular,8,2019-10-19 22:00:00+00:00,254,Utah,9,Arizona State,teamrankings,-16,,46,,,
401114158,2019,regular,8,2019-10-19 22:00:00+00:00,254,Utah,9,Arizona State,numberfire,-15,,46,,,
401114158,2019,regular,8,2019-10-19 22:00:00+00:00,254,Utah,9,Arizona State,consensus,-15,,46.5,,,
401114158,2019,regular,8,2019-10-19 22:00:00+00:00,254,Utah,9,Arizona State,Caesars,-15,,46,,,
401112152,2019,regular,9,2019-10-26 16:00:00+00:00,2509,Purdue,356,Illinois,teamrankings,-9,,54.5,,,
401112152,2019,regular,9,2019-10-26 16:00:00+00:00,2509,Purdue,356,Illinois,numberfire,-9.5,,54,,,
401112152,2019,regular,9,2019-10-26 16:00:00+00:00,2509,Purdue,356,Illinois,consensus,-9.5,,54.5,,,
401112152,2019,regular,9,2019-10-26 16:00:00+00:00,2509,Purdue,356,Illinois,Caesars,-9.5,,54.5,,,
401112265,2019,regular,4,2019-09-21 16:00:00+00:00,164,Rutgers,103,Boston College,teamrankings,7.5,,57.5,,,
401112265,2019,regular,4,2019-09-21 16:00:00+00:00,164,Rutgers,103,Boston College,numberfire,7.5,,57.5,,,
401112265,2019,regular,4,2019-09-21 16:00:00+00:00,164,Rutgers,103,Boston College,consensus,7.5,,57.5,,,
401112240,2019,regular,3,2019-09-15 00:00:00+00:00,158,Nebraska,2459,Northern Illinois,teamrankings,-13.5,,53,,,
401112240,2019,regular,3,2019-09-15 00:00:00+00:00,158,Nebraska,2459,Northern Illinois,numberfire,-13.5,,54,,,
401112240,2019,regular,3,2019-09-15 00:00:00+00:00,158,Nebraska,2459,Northern Illinois,consensus,-14,,53.5,,,
401112240,2019,regular,3,2019-09-15 00:00:00+00:00,158,Nebraska,2459,Northern Illinois,Caesars,-14,,53.5,,,
401112466,2019,regular,5,2019-09-28 19:30:00+00:00,103,Boston College,154,Wake Forest,teamrankings,4.5,,69,,,
401112466,2019,regular,5,2019-09-28 19:30:00+00:00,103,Boston College,154,Wake Forest,numberfire,5,,69.5,,,
401112466,2019,regular,5,2019-09-28 19:30:00+00:00,103,Boston College,154,Wake Forest,consensus,4.5,,69.5,,,
401112466,2019,regular,5,2019-09-28 19:30:00+00:00,103,Boston College,154,Wake Forest,Caesars,5,,69.5,,,
401114328,2019,regular,6,2019-10-05 16:00:00+00:00,349,Army,2655,Tulane,teamrankings,2.5,,42.5,,,
401114328,2019,regular,6,2019-10-05 16:00:00+00:00,349,Army,2655,Tulane,numberfire,2,,43,,,
401114328,2019,regular,6,2019-10-05 16:00:00+00:00,349,Army,2655,Tulane,consensus,2,,43,,,
401114328,2019,regular,6,2019-10-05 16:00:00+00:00,349,Army,2655,Tulane,Caesars,2,,43.5,,,
401112217,2019,regular,7,2019-10-12 19:30:00+00:00,275,Wisconsin,127,Michigan State,teamrankings,-8,,39,,,
401112217,2019,regular,7,2019-10-12 19:30:00+00:00,275,Wisconsin,127,Michigan State,numberfire,-9.5,,40.5,,,
401112217,2019,regular,7,2019-10-12 19:30:00+00:00,275,Wisconsin,127,Michigan State,consensus,-8,,40.5,,,
401112217,2019,regular,7,2019-10-12 19:30:00+00:00,275,Wisconsin,127,Michigan State,Caesars,-8.5,,40.5,,,
401112207,2019,regular,9,2019-10-26 19:30:00+00:00,135,Minnesota,120,Maryland,teamrankings,-14,,59,,,
401112207,2019,regular,9,2019-10-26 19:30:00+00:00,135,Minnesota,120,Maryland,numberfire,-14.5,,59,,,
401112207,2019,regular,9,2019-10-26 19:30:00+00:00,135,Minnesota,120,Maryland,consensus,-14.5,,59.5,,,
401112207,2019,regular,9,2019-10-26 19:30:00+00:00,135,Minnesota,120,Maryland,Caesars,-14.5,,59,,,
401114226,2019,regular,5,2019-09-29 02:00:00+00:00,254,Utah,265,Washington State,teamrankings,-5,,56.5,,,
401114226,2019,regular,5,2019-09-29 02:00:00+00:00,254,Utah,265,Washington State,numberfire,-5.5,,56.5,,,
401114226,2019,regular,5,2019-09-29 02:00:00+00:00,254,Utah,265,Washington State,consensus,-5.5,,57,,,
401114226,2019,regular,5,2019-09-29 02:00:00+00:00,254,Utah,265,Washington State,Caesars,-5.5,,57,,,
401112254,2019,regular,9,2019-10-26 16:00:00+00:00,194,Ohio State,275,Wisconsin,teamrankings,-14.5,,47,,,
401112254,2019,regular,9,2019-10-26 16:00:00+00:00,194,Ohio State,275,Wisconsin,numberfire,-14.5,,47.5,,,
401112254,2019,regular,9,2019-10-26 16:00:00+00:00,194,Ohio State,275,Wisconsin,consensus,-14.5,,48,,,
401112254,2019,regular,9,2019-10-26 16:00:00+00:00,194,Ohio State,275,Wisconsin,Caesars,-15,,48,,,
401114197,2019,regular,9,2019-10-27 02:30:00+00:00,2483,Oregon,265,Washington State,teamrankings,-14,,68.5,,,
401114197,2019,regular,9,2019-10-27 02:30:00+00:00,2483,Oregon,265,Washington State,numberfire,-14,,68,,,
401114197,2019,regular,9,2019-10-27 02:30:00+00:00,2483,Oregon,265,Washington State,consensus,-14.5,,67.5,,,
401114197,2019,regular,9,2019-10-27 02:30:00+00:00,2483,Oregon,265,Washington State,Caesars,-14,,68,,,
401112494,2019,regular,9,2019-10-26 16:00:00+00:00,221,Pittsburgh,2390,Miami,teamrankings,-4.5,,43,,,
401112494,2019,regular,9,2019-10-26 16:00:00+00:00,221,Pittsburgh,2390,Miami,numberfire,-4.5,,42,,,
401112494,2019,regular,9,2019-10-26 16:00:00+00:00,221,Pittsburgh,2390,Miami,consensus,-4.5,,43,,,
401112494,2019,regular,9,2019-10-26 16:00:00+00:00,221,Pittsburgh,2390,Miami,Caesars,-4.5,,43,,,
401117892,2019,regular,9,2019-10-26 19:45:00+00:00,151,East Carolina,58,South Florida,teamrankings,1,,51,,,
401117892,2019,regular,9,2019-10-26 19:45:00+00:00,151,East Carolina,58,South Florida,numberfire,1,,51,,,
401117892,2019,regular,9,2019-10-26 19:45:00+00:00,151,East Carolina,58,South Florida,consensus,1,,51,,,
401117892,2019,regular,9,2019-10-26 19:45:00+00:00,151,East Carolina,58,South Florida,Caesars,1,,50.5,,,
401110834,2019,regular,9,2019-10-26 20:00:00+00:00,2633,Tennessee,2579,South Carolina,teamrankings,4,,45.5,,,
401110834,2019,regular,9,2019-10-26 20:00:00+00:00,2633,Tennessee,2579,South Carolina,numberfire,4,,46,,,
401110834,2019,regular,9,2019-10-26 20:00:00+00:00,2633,Tennessee,2579,South Carolina,consensus,4,,46,,,
401110834,2019,regular,9,2019-10-26 20:00:00+00:00,2633,Tennessee,2579,South Carolina,Caesars,4.5,,46,,,
401112230,2019,regular,2,2019-09-08 02:30:00+00:00,278,Fresno State,135,Minnesota,teamrankings,3,,46,,,
401112230,2019,regular,2,2019-09-08 02:30:00+00:00,278,Fresno State,135,Minnesota,numberfire,3,,46,,,
401112230,2019,regular,2,2019-09-08 02:30:00+00:00,278,Fresno State,135,Minnesota,consensus,3,,46,,,
401112230,2019,regular,2,2019-09-08 02:30:00+00:00,278,Fresno State,135,Minnesota,Caesars,2.5,,46.5,,,
401117887,2019,regular,8,2019-10-19 19:30:00+00:00,2567,SMU,218,Temple,teamrankings,-9,,60.5,,,
401117887,2019,regular,8,2019-10-19 19:30:00+00:00,2567,SMU,218,Temple,numberfire,-9,,60,,,
401117887,2019,regular,8,2019-10-19 19:30:00+00:00,2567,SMU,218,Temple,consensus,-9.5,,60,,,
401117887,2019,regular,8,2019-10-19 19:30:00+00:00,2567,SMU,218,Temple,Caesars,-9.5,,60,,,
401183793,2019,regular,13,2019-11-23 19:00:00+00:00,167,New Mexico,2005,Air Force,teamrankings,24,,56.5,,,
401183793,2019,regular,13,2019-11-23 19:00:00+00:00,167,New Mexico,2005,Air Force,numberfire,24,,57,,,
401183793,2019,regular,13,2019-11-23 19:00:00+00:00,167,New Mexico,2005,Air Force,consensus,24,,57,,,
401183793,2019,regular,13,2019-11-23 19:00:00+00:00,167,New Mexico,2005,Air Force,Caesars,24.5,,56,,,
401117507,2019,regular,4,2019-09-22 02:15:00+00:00,36,Colorado State,2649,Toledo,teamrankings,6,,67.5,,,
401117507,2019,regular,4,2019-09-22 02:15:00+00:00,36,Colorado State,2649,Toledo,numberfire,7,,67.5,,,
401117507,2019,regular,4,2019-09-22 02:15:00+00:00,36,Colorado State,2649,Toledo,consensus,6.5,,67,,,
401117507,2019,regular,4,2019-09-22 02:15:00+00:00,36,Colorado State,2649,Toledo,Caesars,6.5,,67,,,
401112214,2019,regular,3,2019-09-14 20:00:00+00:00,127,Michigan State,9,Arizona State,teamrankings,-15.5,,42,,,
401112214,2019,regular,3,2019-09-14 20:00:00+00:00,127,Michigan State,9,Arizona State,numberfire,-15.5,,42,,,
401112214,2019,regular,3,2019-09-14 20:00:00+00:00,127,Michigan State,9,Arizona State,consensus,-15.5,,42,,,
401112214,2019,regular,3,2019-09-14 20:00:00+00:00,127,Michigan State,9,Arizona State,Caesars,-15.5,,42,,,
401121950,2019,regular,7,2019-10-10 00:00:00+00:00,309,Louisiana,2026,App State,teamrankings,-2.5,,69.5,,,
401121950,2019,regular,7,2019-10-10 00:00:00+00:00,309,Louisiana,2026,App State,numberfire,-2.5,,70,,,
401121950,2019,regular,7,2019-10-10 00:00:00+00:00,309,Louisiana,2026,App State,consensus,-2.5,,70,,,
401121950,2019,regular,7,2019-10-10 00:00:00+00:00,309,Louisiana,2026,App State,Caesars,-3,,70,,,
401114281,2019,regular,7,2019-10-12 23:00:00+00:00,2348,Louisiana Tech,113,Massachusetts,teamrankings,-31.5,,64.5,,,
401114281,2019,regular,7,2019-10-12 23:00:00+00:00,2348,Louisiana Tech,113,Massachusetts,numberfire,-31.5,,64,,,
401114281,2019,regular,7,2019-10-12 23:00:00+00:00,2348,Louisiana Tech,113,Massachusetts,consensus,-31.5,,63.5,,,
401114281,2019,regular,7,2019-10-12 23:00:00+00:00,2348,Louisiana Tech,113,Massachusetts,Caesars,-31.5,,64,,,
401112233,2019,regular,7,2019-10-12 23:30:00+00:00,135,Minnesota,158,Nebraska,teamrankings,-7,,47,,,
401112233,2019,regular,7,2019-10-12 23:30:00+00:00,135,Minnesota,158,Nebraska,numberfire,-7,,46,,,
401112233,2019,regular,7,2019-10-12 23:30:00+00:00,135,Minnesota,158,Nebraska,consensus,-7.5,,47.5,,,
401112233,2019,regular,7,2019-10-12 23:30:00+00:00,135,Minnesota,158,Nebraska,Caesars,-7.5,,47,,,
401112150,2019,regular,7,2019-10-12 16:00:00+00:00,356,Illinois,130,Michigan,teamrankings,24.5,,49,,,
401112150,2019,regular,7,2019-10-12 16:00:00+00:00,356,Illinois,130,Michigan,numberfire,24,,49,,,
401112150,2019,regular,7,2019-10-12 16:00:00+00:00,356,Illinois,130,Michigan,consensus,24,,49,,,
401112150,2019,regular,7,2019-10-12 16:00:00+00:00,356,Illinois,130,Michigan,Caesars,24.5,,49.5,,,
401110821,2019,regular,7,2019-10-12 16:00:00+00:00,2633,Tennessee,344,Mississippi State,teamrankings,5,,52.5,,,
401110821,2019,regular,7,2019-10-12 16:00:00+00:00,2633,Tennessee,344,Mississippi State,numberfire,5.5,,53,,,
401110821,2019,regular,7,2019-10-12 16:00:00+00:00,2633,Tennessee,344,Mississippi State,consensus,5,,53,,,
401110821,2019,regular,7,2019-10-12 16:00:00+00:00,2633,Tennessee,344,Mississippi State,Caesars,5,,53,,,
401112492,2019,regular,9,2019-10-26 19:30:00+00:00,52,Florida State,183,Syracuse,teamrankings,-12,,60,,,
401112492,2019,regular,9,2019-10-26 19:30:00+00:00,52,Florida State,183,Syracuse,numberfire,-11,,59,,,
401112492,2019,regular,9,2019-10-26 19:30:00+00:00,52,Florida State,183,Syracuse,consensus,-11,,60,,,
401112492,2019,regular,9,2019-10-26 19:30:00+00:00,52,Florida State,183,Syracuse,Caesars,-10.5,,59.5,,,
401114294,2019,regular,9,2019-10-26 19:30:00+00:00,2393,Middle Tennessee,2229,Florida International,teamrankings,1,,58.5,,,
401114294,2019,regular,9,2019-10-26 19:30:00+00:00,2393,Middle Tennessee,2229,Florida International,numberfire,1.5,,57,,,
401114294,2019,regular,9,2019-10-26 19:30:00+00:00,2393,Middle Tennessee,2229,Florida International,consensus,1,,57,,,
401114294,2019,regular,9,2019-10-26 19:30:00+00:00,2393,Middle Tennessee,2229,Florida International,Caesars,1,,57.5,,,
401110728,2019,regular,1,2019-08-31 23:30:00+00:00,2751,Wyoming,142,Missouri,teamrankings,16.5,,53.5,,,
401110728,2019,regular,1,2019-08-31 23:30:00+00:00,2751,Wyoming,142,Missouri,numberfire,17.5,,55.5,,,
401110728,2019,regular,1,2019-08-31 23:30:00+00:00,2751,Wyoming,142,Missouri,consensus,17,,53.5,,,
401110728,2019,regular,1,2019-08-31 23:30:00+00:00,2751,Wyoming,142,Missouri,Caesars,16.5,,54,,,
401114156,2019,regular,5,2019-09-28 02:30:00+00:00,25,California,9,Arizona State,teamrankings,-4,,42.5,,,
401114156,2019,regular,5,2019-09-28 02:30:00+00:00,25,California,9,Arizona State,numberfire,-4,,43,,,
401114156,2019,regular,5,2019-09-28 02:30:00+00:00,25,California,9,Arizona State,consensus,-4,,43,,,
401114156,2019,regular,5,2019-09-28 02:30:00+00:00,25,California,9,Arizona State,Caesars,-4,,43,,,
401112076,2019,regular,5,2019-09-28 19:30:00+00:00,239,Baylor,66,Iowa State,teamrankings,2.5,,55.5,,,
401112076,2019,regular,5,2019-09-28 19:30:00+00:00,239,Baylor,66,Iowa State,numberfire,2.5,,55.5,,,
401112076,2019,regular,5,2019-09-28 19:30:00+00:00,239,Baylor,66,Iowa State,consensus,2.5,,55.5,,,
401112076,2019,regular,5,2019-09-28 19:30:00+00:00,239,Baylor,66,Iowa State,Caesars,2.5,,55,,,
401110720,2019,regular,1,2019-08-31 19:30:00+00:00,333,Alabama,150,Duke,teamrankings,-33.5,,57.5,,,
401110720,2019,regular,1,2019-08-31 19:30:00+00:00,333,Alabama,150,Duke,numberfire,-32.5,,56.5,,,
401110720,2019,regular,1,2019-08-31 19:30:00+00:00,333,Alabama,150,Duke,consensus,-34.5,,57,,,
401110720,2019,regular,1,2019-08-31 19:30:00+00:00,333,Alabama,150,Duke,Caesars,-34.5,,57,,,
401117858,2019,regular,1,2019-08-31 23:00:00+00:00,2032,Arkansas State,2567,SMU,teamrankings,-1.5,,58.5,,,
401117858,2019,regular,1,2019-08-31 23:00:00+00:00,2032,Arkansas State,2567,SMU,numberfire,-2.5,,56.5,,,
401117858,2019,regular,1,2019-08-31 23:00:00+00:00,2032,Arkansas State,2567,SMU,consensus,-1.5,,57.5,,,
401117858,2019,regular,1,2019-08-31 23:00:00+00:00,2032,Arkansas State,2567,SMU,Caesars,-1.5,,57.5,,,
401112114,2019,regular,1,2019-09-01 23:30:00+00:00,201,Oklahoma,248,Houston,teamrankings,-21.5,,80,,,
401112114,2019,regular,1,2019-09-01 23:30:00+00:00,201,Oklahoma,248,Houston,numberfire,-22.5,,79.5,,,
401112114,2019,regular,1,2019-09-01 23:30:00+00:00,201,Oklahoma,248,Houston,consensus,-21.5,,79.5,,,
401112114,2019,regular,1,2019-09-01 23:30:00+00:00,201,Oklahoma,248,Houston,Caesars,-22,,79.5,,,
401112441,2019,regular,2,2019-09-07 18:00:00+00:00,59,Georgia Tech,58,South Florida,teamrankings,-5,,59,,,
401112441,2019,regular,2,2019-09-07 18:00:00+00:00,59,Georgia Tech,58,South Florida,numberfire,-4.5,,58.5,,,
401112441,2019,regular,2,2019-09-07 18:00:00+00:00,59,Georgia Tech,58,South Florida,consensus,-5,,58.5,,,
401112441,2019,regular,2,2019-09-07 18:00:00+00:00,59,Georgia Tech,58,South Florida,Caesars,-4.5,,58.5,,,
401114208,2019,regular,3,2019-09-14 19:30:00+00:00,2116,UCF,24,Stanford,teamrankings,-9.5,,58,,,
401114208,2019,regular,3,2019-09-14 19:30:00+00:00,2116,UCF,24,Stanford,numberfire,-10,,57.5,,,
401114208,2019,regular,3,2019-09-14 19:30:00+00:00,2116,UCF,24,Stanford,consensus,-10,,58.5,,,
401114208,2019,regular,3,2019-09-14 19:30:00+00:00,2116,UCF,24,Stanford,Caesars,-10,,57.5,,,
401110816,2019,regular,6,2019-10-05 23:00:00+00:00,2633,Tennessee,61,Georgia,teamrankings,24,,51,,,
401110816,2019,regular,6,2019-10-05 23:00:00+00:00,2633,Tennessee,61,Georgia,numberfire,24.5,,51,,,
401110816,2019,regular,6,2019-10-05 23:00:00+00:00,2633,Tennessee,61,Georgia,consensus,24.5,,50.5,,,
401110816,2019,regular,6,2019-10-05 23:00:00+00:00,2633,Tennessee,61,Georgia,Caesars,24.5,,51.5,,,
401110812,2019,regular,6,2019-10-05 19:30:00+00:00,57,Florida,2,Auburn,teamrankings,2.5,,48.5,,,
401110812,2019,regular,6,2019-10-05 19:30:00+00:00,57,Florida,2,Auburn,numberfire,3,,48,,,
401110812,2019,regular,6,2019-10-05 19:30:00+00:00,57,Florida,2,Auburn,consensus,2.5,,48.5,,,
401110812,2019,regular,6,2019-10-05 19:30:00+00:00,57,Florida,2,Auburn,Caesars,2.5,,48,,,
401112269,2019,regular,6,2019-10-05 16:00:00+00:00,275,Wisconsin,2309,Kent State,teamrankings,-35,,58.5,,,
401112269,2019,regular,6,2019-10-05 16:00:00+00:00,275,Wisconsin,2309,Kent State,numberfire,-35,,58.5,,,
401112269,2019,regular,6,2019-10-05 16:00:00+00:00,275,Wisconsin,2309,Kent State,consensus,-35,,58,,,
401112269,2019,regular,6,2019-10-05 16:00:00+00:00,275,Wisconsin,2309,Kent State,Caesars,-34.5,,58,,,
401114277,2019,regular,6,2019-10-05 23:00:00+00:00,5,UAB,242,Rice,teamrankings,-10,,43.5,,,
401114277,2019,regular,6,2019-10-05 23:00:00+00:00,5,UAB,242,Rice,numberfire,-10,,43.5,,,
401114277,2019,regular,6,2019-10-05 23:00:00+00:00,5,UAB,242,Rice,consensus,-10,,43.5,,,
401114277,2019,regular,6,2019-10-05 23:00:00+00:00,5,UAB,242,Rice,Caesars,-9.5,,43,,,
401117879,2019,regular,7,2019-10-12 19:30:00+00:00,248,Houston,2132,Cincinnati,teamrankings,10,,50.5,,,
401117879,2019,regular,7,2019-10-12 19:30:00+00:00,248,Houston,2132,Cincinnati,numberfire,9,,49.5,,,
401117879,2019,regular,7,2019-10-12 19:30:00+00:00,248,Houston,2132,Cincinnati,consensus,9.5,,51,,,
401117879,2019,regular,7,2019-10-12 19:30:00+00:00,248,Houston,2132,Cincinnati,Caesars,9,,51,,,
401112131,2019,regular,4,2019-09-21 19:30:00+00:00,2628,TCU,2567,SMU,teamrankings,-7.5,,54.5,,,
401112131,2019,regular,4,2019-09-21 19:30:00+00:00,2628,TCU,2567,SMU,numberfire,-7.5,,54.5,,,
401112131,2019,regular,4,2019-09-21 19:30:00+00:00,2628,TCU,2567,SMU,consensus,-7.5,,54.5,,,
401112131,2019,regular,4,2019-09-21 19:30:00+00:00,2628,TCU,2567,SMU,Caesars,-8,,54.5,,,
401110725,2019,regular,1,2019-08-31 23:30:00+00:00,99,LSU,290,Georgia Southern,teamrankings,-27,,51,,,
401110725,2019,regular,1,2019-08-31 23:30:00+00:00,99,LSU,290,Georgia Southern,numberfire,-27.5,,52.5,,,
401110725,2019,regular,1,2019-08-31 23:30:00+00:00,99,LSU,290,Georgia Southern,consensus,-27,,51.5,,,
401110725,2019,regular,1,2019-08-31 23:30:00+00:00,99,LSU,290,Georgia Southern,Caesars,-27,,51.5,,,
401117863,2019,regular,3,2019-09-14 16:00:00+00:00,2132,Cincinnati,193,Miami (OH),teamrankings,-17,,49.5,,,
401117863,2019,regular,3,2019-09-14 16:00:00+00:00,2132,Cincinnati,193,Miami (OH),numberfire,-17,,49.5,,,
401117863,2019,regular,3,2019-09-14 16:00:00+00:00,2132,Cincinnati,193,Miami (OH),consensus,-17,,49.5,,,
401117863,2019,regular,3,2019-09-14 16:00:00+00:00,2132,Cincinnati,193,Miami (OH),Caesars,-17.5,,49.5,,,
401112215,2019,regular,4,2019-09-21 16:00:00+00:00,77,Northwestern,127,Michigan State,teamrankings,7.5,,35,,,
401112215,2019,regular,4,2019-09-21 16:00:00+00:00,77,Northwestern,127,Michigan State,numberfire,7.5,,34.5,,,
401112215,2019,regular,4,2019-09-21 16:00:00+00:00,77,Northwestern,127,Michigan State,consensus,7.5,,35,,,
401112215,2019,regular,4,2019-09-21 16:00:00+00:00,77,Northwestern,127,Michigan State,Caesars,7.5,,35.5,,,
401112202,2019,regular,2,2019-09-07 16:00:00+00:00,120,Maryland,183,Syracuse,teamrankings,-1,,59,,,
401112202,2019,regular,2,2019-09-07 16:00:00+00:00,120,Maryland,183,Syracuse,numberfire,-1.5,,59,,,
401112202,2019,regular,2,2019-09-07 16:00:00+00:00,120,Maryland,183,Syracuse,consensus,-1,,59,,,
401112202,2019,regular,2,2019-09-07 16:00:00+00:00,120,Maryland,183,Syracuse,Caesars,-1.5,,59,,,
401112448,2019,regular,3,2019-09-13 22:00:00+00:00,154,Wake Forest,153,North Carolina,teamrankings,-3,,65,,,
401112448,2019,regular,3,2019-09-13 22:00:00+00:00,154,Wake Forest,153,North Carolina,numberfire,-3,,65,,,
401112448,2019,regular,3,2019-09-13 22:00:00+00:00,154,Wake Forest,153,North Carolina,consensus,-3,,65,,,
401112448,2019,regular,3,2019-09-13 22:00:00+00:00,154,Wake Forest,153,North Carolina,Caesars,-3,,65,,,
401110794,2019,regular,3,2019-09-14 19:30:00+00:00,2579,South Carolina,333,Alabama,teamrankings,25.5,,59.5,,,
401110794,2019,regular,3,2019-09-14 19:30:00+00:00,2579,South Carolina,333,Alabama,numberfire,26,,60,,,
401110794,2019,regular,3,2019-09-14 19:30:00+00:00,2579,South Carolina,333,Alabama,consensus,26.5,,59.5,,,
401110794,2019,regular,3,2019-09-14 19:30:00+00:00,2579,South Carolina,333,Alabama,Caesars,26.5,,59,,,
401112204,2019,regular,5,2019-09-28 00:00:00+00:00,120,Maryland,213,Penn State,teamrankings,6.5,,62,,,
401112204,2019,regular,5,2019-09-28 00:00:00+00:00,120,Maryland,213,Penn State,numberfire,6.5,,61.5,,,
401112204,2019,regular,5,2019-09-28 00:00:00+00:00,120,Maryland,213,Penn State,consensus,6.5,,61,,,
401112204,2019,regular,5,2019-09-28 00:00:00+00:00,120,Maryland,213,Penn State,Caesars,6.5,,61,,,
401117515,2019,regular,5,2019-09-29 02:30:00+00:00,2440,Nevada,62,Hawai'i,teamrankings,-2,,64,,,
401117515,2019,regular,5,2019-09-29 02:30:00+00:00,2440,Nevada,62,Hawai'i,numberfire,-2.5,,64,,,
401117515,2019,regular,5,2019-09-29 02:30:00+00:00,2440,Nevada,62,Hawai'i,consensus,-2,,63.5,,,
401117515,2019,regular,5,2019-09-29 02:30:00+00:00,2440,Nevada,62,Hawai'i,Caesars,-2,,63,,,
401112216,2019,regular,6,2019-10-05 23:30:00+00:00,194,Ohio State,127,Michigan State,teamrankings,-19,,51,,,
401112216,2019,regular,6,2019-10-05 23:30:00+00:00,194,Ohio State,127,Michigan State,numberfire,-19.5,,51,,,
401112216,2019,regular,6,2019-10-05 23:30:00+00:00,194,Ohio State,127,Michigan State,consensus,-20,,50.5,,,
401112216,2019,regular,6,2019-10-05 23:30:00+00:00,194,Ohio State,127,Michigan State,Caesars,-20,,51,,,
401112476,2019,regular,6,2019-10-05 19:30:00+00:00,2390,Miami,259,Virginia Tech,teamrankings,-14,,46,,,
401112476,2019,regular,6,2019-10-05 19:30:00+00:00,2390,Miami,259,Virginia Tech,numberfire,-14,,45.5,,,
401112476,2019,regular,6,2019-10-05 19:30:00+00:00,2390,Miami,259,Virginia Tech,consensus,-14,,46,,,
401112476,2019,regular,6,2019-10-05 19:30:00+00:00,2390,Miami,259,Virginia Tech,Caesars,-14,,46.5,,,
401121951,2019,regular,7,2019-10-11 01:15:00+00:00,326,Texas State,2433,UL Monroe,teamrankings,3.5,,60.5,,,
401121951,2019,regular,7,2019-10-11 01:15:00+00:00,326,Texas State,2433,UL Monroe,numberfire,3.5,,61,,,
401121951,2019,regular,7,2019-10-11 01:15:00+00:00,326,Texas State,2433,UL Monroe,consensus,3.5,,61,,,
401121951,2019,regular,7,2019-10-11 01:15:00+00:00,326,Texas State,2433,UL Monroe,Caesars,3.5,,60.5,,,
401114284,2019,regular,7,2019-10-12 22:00:00+00:00,2636,UTSA,5,UAB,teamrankings,12.5,,47,,,
401114284,2019,regular,7,2019-10-12 22:00:00+00:00,2636,UTSA,5,UAB,numberfire,12.5,,47,,,
401114284,2019,regular,7,2019-10-12 22:00:00+00:00,2636,UTSA,5,UAB,consensus,12.5,,46.5,,,
401114284,2019,regular,7,2019-10-12 22:00:00+00:00,2636,UTSA,5,UAB,Caesars,12.5,,47,,,
401114168,2019,regular,7,2019-10-13 03:00:00+00:00,12,Arizona,264,Washington,teamrankings,6,,60,,,
401114168,2019,regular,7,2019-10-13 03:00:00+00:00,12,Arizona,264,Washington,numberfire,6,,60.5,,,
401114168,2019,regular,7,2019-10-13 03:00:00+00:00,12,Arizona,264,Washington,consensus,6,,62.5,,,
401114168,2019,regular,7,2019-10-13 03:00:00+00:00,12,Arizona,264,Washington,Caesars,5.5,,62,,,
401114187,2019,regular,8,2019-10-19 23:00:00+00:00,265,Washington State,38,Colorado,teamrankings,-13.5,,69,,,
401114187,2019,regular,8,2019-10-19 23:00:00+00:00,265,Washington State,38,Colorado,numberfire,-13.5,,68.5,,,
401114187,2019,regular,8,2019-10-19 23:00:00+00:00,265,Washington State,38,Colorado,consensus,-13.5,,68.5,,,
401114187,2019,regular,8,2019-10-19 23:00:00+00:00,265,Washington State,38,Colorado,Caesars,-13.5,,68,,,
401112164,2019,regular,9,2019-10-26 19:30:00+00:00,158,Nebraska,84,Indiana,teamrankings,-2.5,,55,,,
401112164,2019,regular,9,2019-10-26 19:30:00+00:00,158,Nebraska,84,Indiana,numberfire,-2.5,,55,,,
401112164,2019,regular,9,2019-10-26 19:30:00+00:00,158,Nebraska,84,Indiana,consensus,-2.5,,55,,,
401112164,2019,regular,9,2019-10-26 19:30:00+00:00,158,Nebraska,84,Indiana,Caesars,-2.5,,55,,,
401114296,2019,regular,9,2019-10-27 00:00:00+00:00,2638,UTEP,2348,Louisiana Tech,teamrankings,18.5,,50,,,
401114296,2019,regular,9,2019-10-27 00:00:00+00:00,2638,UTEP,2348,Louisiana Tech,numberfire,18.5,,50,,,
401114296,2019,regular,9,2019-10-27 00:00:00+00:00,2638,UTEP,2348,Louisiana Tech,consensus,18.5,,50,,,
401114296,2019,regular,9,2019-10-27 00:00:00+00:00,2638,UTEP,2348,Louisiana Tech,Caesars,18,,50,,,
401112252,2019,regular,2,2019-09-07 16:00:00+00:00,194,Ohio State,2132,Cincinnati,teamrankings,-14.5,,52,,,
401112252,2019,regular,2,2019-09-07 16:00:00+00:00,194,Ohio State,2132,Cincinnati,numberfire,-14.5,,52,,,
401112252,2019,regular,2,2019-09-07 16:00:00+00:00,194,Ohio State,2132,Cincinnati,consensus,-15,,52.5,,,
401112252,2019,regular,2,2019-09-07 16:00:00+00:00,194,Ohio State,2132,Cincinnati,Caesars,-15,,52.5,,,
401112074,2019,regular,2,2019-09-07 20:00:00+00:00,239,Baylor,2636,UTSA,teamrankings,-25,,58.5,,,
401112074,2019,regular,2,2019-09-07 20:00:00+00:00,239,Baylor,2636,UTSA,numberfire,-24.5,,58.5,,,
401112074,2019,regular,2,2019-09-07 20:00:00+00:00,239,Baylor,2636,UTSA,consensus,-25,,58.5,,,
401112074,2019,regular,2,2019-09-07 20:00:00+00:00,239,Baylor,2636,UTSA,Caesars,-25.5,,58.5,,,
401112203,2019,regular,3,2019-09-14 16:00:00+00:00,218,Temple,120,Maryland,teamrankings,5,,66,,,
401112203,2019,regular,3,2019-09-14 16:00:00+00:00,218,Temple,120,Maryland,numberfire,5,,66,,,
401112203,2019,regular,3,2019-09-14 16:00:00+00:00,218,Temple,120,Maryland,consensus,5,,66.5,,,
401112203,2019,regular,3,2019-09-14 16:00:00+00:00,218,Temple,120,Maryland,Caesars,5,,66.5,,,
401114177,2019,regular,6,2019-10-06 00:00:00+00:00,2483,Oregon,25,California,teamrankings,-21.5,,46.5,,,
401114177,2019,regular,6,2019-10-06 00:00:00+00:00,2483,Oregon,25,California,numberfire,-21.5,,46.5,,,
401114177,2019,regular,6,2019-10-06 00:00:00+00:00,2483,Oregon,25,California,consensus,-21.5,,46.5,,,
401114177,2019,regular,6,2019-10-06 00:00:00+00:00,2483,Oregon,25,California,Caesars,-21.5,,47,,,
401112126,2019,regular,6,2019-10-05 16:00:00+00:00,2641,Texas Tech,197,Oklahoma State,teamrankings,9,,62.5,,,
401112126,2019,regular,6,2019-10-05 16:00:00+00:00,2641,Texas Tech,197,Oklahoma State,numberfire,9.5,,63,,,
401112126,2019,regular,6,2019-10-05 16:00:00+00:00,2641,Texas Tech,197,Oklahoma State,consensus,9.5,,63,,,
401112126,2019,regular,6,2019-10-05 16:00:00+00:00,2641,Texas Tech,197,Oklahoma State,Caesars,9.5,,63,,,
401110819,2019,regular,7,2019-10-13 00:00:00+00:00,99,LSU,57,Florida,teamrankings,-14,,55.5,,,
401110819,2019,regular,7,2019-10-13 00:00:00+00:00,99,LSU,57,Florida,numberfire,-14,,55,,,
401110819,2019,regular,7,2019-10-13 00:00:00+00:00,99,LSU,57,Florida,consensus,-14,,55,,,
401110819,2019,regular,7,2019-10-13 00:00:00+00:00,99,LSU,57,Florida,Caesars,-14,,54.5,,,
401110826,2019,regular,8,2019-10-19 22:00:00+00:00,61,Georgia,96,Kentucky,teamrankings,-23.5,,45.5,,,
401110826,2019,regular,8,2019-10-19 22:00:00+00:00,61,Georgia,96,Kentucky,numberfire,-24,,45.5,,,
401110826,2019,regular,8,2019-10-19 22:00:00+00:00,61,Georgia,96,Kentucky,consensus,-24,,45.5,,,
401110826,2019,regular,8,2019-10-19 22:00:00+00:00,61,Georgia,96,Kentucky,Caesars,-24,,45.5,,,
401110805,2019,regular,4,2019-09-21 16:00:00+00:00,238,Vanderbilt,99,LSU,teamrankings,24,,62.5,,,
401110805,2019,regular,4,2019-09-21 16:00:00+00:00,238,Vanderbilt,99,LSU,numberfire,24,,62,,,
401110805,2019,regular,4,2019-09-21 16:00:00+00:00,238,Vanderbilt,99,LSU,consensus,24,,62,,,
401110805,2019,regular,4,2019-09-21 16:00:00+00:00,238,Vanderbilt,99,LSU,Caesars,24.5,,61.5,,,
401112108,2019,regular,5,2019-09-28 23:00:00+00:00,197,Oklahoma State,2306,Kansas State,teamrankings,-4,,60,,,
401112108,2019,regular,5,2019-09-28 23:00:00+00:00,197,Oklahoma State,2306,Kansas State,numberfire,-4.5,,60,,,
401112108,2019,regular,5,2019-09-28 23:00:00+00:00,197,Oklahoma State,2306,Kansas State,consensus,-4,,60,,,
401112108,2019,regular,5,2019-09-28 23:00:00+00:00,197,Oklahoma State,2306,Kansas State,Caesars,-4,,60.5,,,
401117519,2019,regular,6,2019-10-05 02:00:00+00:00,23,San José State,167,New Mexico,teamrankings,-6.5,,70,,,
401117519,2019,regular,6,2019-10-05 02:00:00+00:00,23,San José State,167,New Mexico,numberfire,-6.5,,69,,,
401117519,2019,regular,6,2019-10-05 02:00:00+00:00,23,San José State,167,New Mexico,consensus,-7,,70,,,
401117519,2019,regular,6,2019-10-05 02:00:00+00:00,23,San José State,167,New Mexico,Caesars,-7,,70,,,
401117520,2019,regular,7,2019-10-12 23:00:00+00:00,2005,Air Force,278,Fresno State,teamrankings,-2.5,,50.5,,,
401117520,2019,regular,7,2019-10-12 23:00:00+00:00,2005,Air Force,278,Fresno State,numberfire,-3,,50.5,,,
401117520,2019,regular,7,2019-10-12 23:00:00+00:00,2005,Air Force,278,Fresno State,consensus,-3,,50.5,,,
401117520,2019,regular,7,2019-10-12 23:00:00+00:00,2005,Air Force,278,Fresno State,Caesars,-3,,50.5,,,
401110824,2019,regular,8,2019-10-20 01:00:00+00:00,333,Alabama,2633,Tennessee,teamrankings,-35,,62,,,
401110824,2019,regular,8,2019-10-20 01:00:00+00:00,333,Alabama,2633,Tennessee,numberfire,-35,,62,,,
401110824,2019,regular,8,2019-10-20 01:00:00+00:00,333,Alabama,2633,Tennessee,consensus,-35,,62,,,
401110824,2019,regular,8,2019-10-20 01:00:00+00:00,333,Alabama,2633,Tennessee,Caesars,-35,,62,,,
401112090,2019,regular,8,2019-10-19 16:00:00+00:00,2641,Texas Tech,66,Iowa State,teamrankings,10,,58,,,
401112090,2019,regular,8,2019-10-19 16:00:00+00:00,2641,Texas Tech,66,Iowa State,numberfire,7.5,,58,,,
401112090,2019,regular,8,2019-10-19 16:00:00+00:00,2641,Texas Tech,66,Iowa State,consensus,8.5,,57,,,
401112090,2019,regular,8,2019-10-19 16:00:00+00:00,2641,Texas Tech,66,Iowa State,Caesars,8,,57,,,
401114195,2019,regular,4,2019-09-21 23:00:00+00:00,24,Stanford,2483,Oregon,teamrankings,13,,55.5,,,
401114195,2019,regular,4,2019-09-21 23:00:00+00:00,24,Stanford,2483,Oregon,numberfire,12,,55.5,,,
401114195,2019,regular,4,2019-09-21 23:00:00+00:00,24,Stanford,2483,Oregon,consensus,12.5,,55.5,,,
401114195,2019,regular,4,2019-09-21 23:00:00+00:00,24,Stanford,2483,Oregon,Caesars,13,,55.5,,,
401110779,2019,regular,2,2019-09-07 23:30:00+00:00,145,Ole Miss,8,Arkansas,teamrankings,-5,,50.5,,,
401110779,2019,regular,2,2019-09-07 23:30:00+00:00,145,Ole Miss,8,Arkansas,numberfire,-5.5,,50.5,,,
401110779,2019,regular,2,2019-09-07 23:30:00+00:00,145,Ole Miss,8,Arkansas,consensus,-5.5,,50.5,,,
401110779,2019,regular,2,2019-09-07 23:30:00+00:00,145,Ole Miss,8,Arkansas,Caesars,-5,,50,,,
401112232,2019,regular,5,2019-09-28 19:30:00+00:00,2509,Purdue,135,Minnesota,teamrankings,-2,,57,,,
401112232,2019,regular,5,2019-09-28 19:30:00+00:00,2509,Purdue,135,Minnesota,numberfire,1,,56,,,
401112232,2019,regular,5,2019-09-28 19:30:00+00:00,2509,Purdue,135,Minnesota,consensus,-1,,56,,,
401112232,2019,regular,5,2019-09-28 19:30:00+00:00,2509,Purdue,135,Minnesota,Caesars,-1,,56,,,
401117524,2019,regular,7,2019-10-12 20:00:00+00:00,2440,Nevada,23,San José State,teamrankings,-3,,60.5,,,
401117524,2019,regular,7,2019-10-12 20:00:00+00:00,2440,Nevada,23,San José State,numberfire,-3,,59.5,,,
401117524,2019,regular,7,2019-10-12 20:00:00+00:00,2440,Nevada,23,San José State,consensus,-3,,61,,,
401117524,2019,regular,7,2019-10-12 20:00:00+00:00,2440,Nevada,23,San José State,Caesars,-3,,61,,,
401112160,2019,regular,4,2019-09-21 16:00:00+00:00,84,Indiana,41,UConn,teamrankings,-27.5,,57,,,
401112160,2019,regular,4,2019-09-21 16:00:00+00:00,84,Indiana,41,UConn,numberfire,-27,,57,,,
401112160,2019,regular,4,2019-09-21 16:00:00+00:00,84,Indiana,41,UConn,consensus,-27,,56.5,,,
401112160,2019,regular,4,2019-09-21 16:00:00+00:00,84,Indiana,41,UConn,Caesars,-27.5,,57.5,,,
401112135,2019,regular,1,2019-09-01 00:00:00+00:00,251,Texas,2348,Louisiana Tech,teamrankings,-19,,55.5,,,
401112135,2019,regular,1,2019-09-01 00:00:00+00:00,251,Texas,2348,Louisiana Tech,numberfire,-20.5,,55.5,,,
401112135,2019,regular,1,2019-09-01 00:00:00+00:00,251,Texas,2348,Louisiana Tech,consensus,-19,,55,,,
401112135,2019,regular,1,2019-09-01 00:00:00+00:00,251,Texas,2348,Louisiana Tech,Caesars,-19,,55.5,,,
401112149,2019,regular,6,2019-10-05 19:30:00+00:00,135,Minnesota,356,Illinois,teamrankings,-14,,58,,,
401112149,2019,regular,6,2019-10-05 19:30:00+00:00,135,Minnesota,356,Illinois,numberfire,-14,,57.5,,,
401112149,2019,regular,6,2019-10-05 19:30:00+00:00,135,Minnesota,356,Illinois,consensus,-14,,57.5,,,
401112149,2019,regular,6,2019-10-05 19:30:00+00:00,135,Minnesota,356,Illinois,Caesars,-14,,58,,,
401110829,2019,regular,8,2019-10-19 16:00:00+00:00,2579,South Carolina,57,Florida,teamrankings,3.5,,44.5,,,
401110829,2019,regular,8,2019-10-19 16:00:00+00:00,2579,South Carolina,57,Florida,numberfire,3.5,,44,,,
401110829,2019,regular,8,2019-10-19 16:00:00+00:00,2579,South Carolina,57,Florida,consensus,3.5,,45,,,
401110829,2019,regular,8,2019-10-19 16:00:00+00:00,2579,South Carolina,57,Florida,Caesars,3.5,,44.5,,,
401117890,2019,regular,9,2019-10-26 19:30:00+00:00,2426,Navy,2655,Tulane,teamrankings,-4.5,,59,,,
401117890,2019,regular,9,2019-10-26 19:30:00+00:00,2426,Navy,2655,Tulane,numberfire,-4.5,,58,,,
401117890,2019,regular,9,2019-10-26 19:30:00+00:00,2426,Navy,2655,Tulane,consensus,-4.5,,58,,,
401117890,2019,regular,9,2019-10-26 19:30:00+00:00,2426,Navy,2655,Tulane,Caesars,-4,,58,,,
401117531,2019,regular,9,2019-10-26 23:30:00+00:00,278,Fresno State,36,Colorado State,teamrankings,-13.5,,57,,,
401117531,2019,regular,9,2019-10-26 23:30:00+00:00,278,Fresno State,36,Colorado State,numberfire,-13.5,,56.5,,,
401117531,2019,regular,9,2019-10-26 23:30:00+00:00,278,Fresno State,36,Colorado State,consensus,-13.5,,56.5,,,
401117531,2019,regular,9,2019-10-26 23:30:00+00:00,278,Fresno State,36,Colorado State,Caesars,-14,,56.5,,,
401112253,2019,regular,4,2019-09-21 19:30:00+00:00,194,Ohio State,193,Miami (OH),teamrankings,-38.5,,56.5,,,
401112253,2019,regular,4,2019-09-21 19:30:00+00:00,194,Ohio State,193,Miami (OH),numberfire,-38.5,,57,,,
401112253,2019,regular,4,2019-09-21 19:30:00+00:00,194,Ohio State,193,Miami (OH),consensus,-38.5,,57,,,
401112253,2019,regular,4,2019-09-21 19:30:00+00:00,194,Ohio State,193,Miami (OH),Caesars,-39,,57,,,
401112148,2019,regular,4,2019-09-22 00:00:00+00:00,356,Illinois,158,Nebraska,teamrankings,13,,62.5,,,
401112148,2019,regular,4,2019-09-22 00:00:00+00:00,356,Illinois,158,Nebraska,numberfire,13,,62,,,
401112148,2019,regular,4,2019-09-22 00:00:00+00:00,356,Illinois,158,Nebraska,consensus,13,,62.5,,,
401112148,2019,regular,4,2019-09-22 00:00:00+00:00,356,Illinois,158,Nebraska,Caesars,13.5,,61.5,,,
401114234,2019,regular,3,2019-09-14 23:30:00+00:00,264,Washington,62,Hawai'i,teamrankings,-21.5,,60,,,
401114234,2019,regular,3,2019-09-14 23:30:00+00:00,264,Washington,62,Hawai'i,numberfire,-21.5,,59,,,
401114234,2019,regular,3,2019-09-14 23:30:00+00:00,264,Washington,62,Hawai'i,consensus,-21.5,,59,,,
401114234,2019,regular,3,2019-09-14 23:30:00+00:00,264,Washington,62,Hawai'i,Caesars,-22,,61,,,
401110786,2019,regular,3,2019-09-14 20:00:00+00:00,8,Arkansas,36,Colorado State,teamrankings,-9,,63.5,,,
401110786,2019,regular,3,2019-09-14 20:00:00+00:00,8,Arkansas,36,Colorado State,numberfire,-10,,64,,,
401110786,2019,regular,3,2019-09-14 20:00:00+00:00,8,Arkansas,36,Colorado State,consensus,-10,,64,,,
401110786,2019,regular,3,2019-09-14 20:00:00+00:00,8,Arkansas,36,Colorado State,Caesars,-9.5,,64,,,
401114176,2019,regular,3,2019-09-14 20:15:00+00:00,25,California,249,North Texas,teamrankings,-14.5,,50.5,,,
401114176,2019,regular,3,2019-09-14 20:15:00+00:00,25,California,249,North Texas,numberfire,-14,,50.5,,,
401114176,2019,regular,3,2019-09-14 20:15:00+00:00,25,California,249,North Texas,consensus,-14,,50,,,
401114176,2019,regular,3,2019-09-14 20:15:00+00:00,25,California,249,North Texas,Caesars,-14.5,,50,,,
401121944,2019,regular,5,2019-09-28 22:00:00+00:00,2653,Troy,2032,Arkansas State,teamrankings,-7,,59.5,,,
401121944,2019,regular,5,2019-09-28 22:00:00+00:00,2653,Troy,2032,Arkansas State,numberfire,-7,,59,,,
401121944,2019,regular,5,2019-09-28 22:00:00+00:00,2653,Troy,2032,Arkansas State,consensus,-7,,59,,,
401121944,2019,regular,5,2019-09-28 22:00:00+00:00,2653,Troy,2032,Arkansas State,Caesars,-7,,59.5,,,
401110823,2019,regular,7,2019-10-12 20:00:00+00:00,238,Vanderbilt,2439,UNLV,teamrankings,-16.5,,57.5,,,
401110823,2019,regular,7,2019-10-12 20:00:00+00:00,238,Vanderbilt,2439,UNLV,numberfire,-15.5,,57.5,,,
401110823,2019,regular,7,2019-10-12 20:00:00+00:00,238,Vanderbilt,2439,UNLV,consensus,-15.5,,57.5,,,
401110823,2019,regular,7,2019-10-12 20:00:00+00:00,238,Vanderbilt,2439,UNLV,Caesars,-15.5,,57.5,,,
401112488,2019,regular,8,2019-10-19 16:00:00+00:00,2390,Miami,59,Georgia Tech,teamrankings,-18,,46,,,
401112488,2019,regular,8,2019-10-19 16:00:00+00:00,2390,Miami,59,Georgia Tech,numberfire,-18.5,,46,,,
401112488,2019,regular,8,2019-10-19 16:00:00+00:00,2390,Miami,59,Georgia Tech,consensus,-18.5,,46,,,
401112488,2019,regular,8,2019-10-19 16:00:00+00:00,2390,Miami,59,Georgia Tech,Caesars,-18.5,,46,,,
401112091,2019,regular,9,2019-10-26 19:30:00+00:00,66,Iowa State,197,Oklahoma State,teamrankings,-11.5,,64.5,,,
401112091,2019,regular,9,2019-10-26 19:30:00+00:00,66,Iowa State,197,Oklahoma State,numberfire,-10.5,,64.5,,,
401112091,2019,regular,9,2019-10-26 19:30:00+00:00,66,Iowa State,197,Oklahoma State,consensus,-11,,65,,,
401112091,2019,regular,9,2019-10-26 19:30:00+00:00,66,Iowa State,197,Oklahoma State,Caesars,-11,,64.5,,,
401112442,2019,regular,2,2019-09-07 23:00:00+00:00,97,Louisville,2198,Eastern Kentucky,consensus,-21,,60,,,
401119265,2019,regular,3,2019-09-14 23:00:00+00:00,2649,Toledo,93,Murray State,consensus,-36.5,,70,,,
401112472,2019,regular,5,2019-09-28 19:30:00+00:00,87,Notre Dame,258,Virginia,teamrankings,-10.5,,46.5,,,
401112472,2019,regular,5,2019-09-28 19:30:00+00:00,87,Notre Dame,258,Virginia,numberfire,-10.5,,46.5,,,
401112472,2019,regular,5,2019-09-28 19:30:00+00:00,87,Notre Dame,258,Virginia,consensus,-10.5,,46.5,,,
401112472,2019,regular,5,2019-09-28 19:30:00+00:00,87,Notre Dame,258,Virginia,Caesars,-10.5,,46.5,,,
401117523,2019,regular,7,2019-10-13 02:30:00+00:00,21,San Diego State,2751,Wyoming,teamrankings,-3.5,,38.5,,,
401117523,2019,regular,7,2019-10-13 02:30:00+00:00,21,San Diego State,2751,Wyoming,numberfire,-3.5,,38.5,,,
401117523,2019,regular,7,2019-10-13 02:30:00+00:00,21,San Diego State,2751,Wyoming,consensus,-3.5,,38,,,
401117523,2019,regular,7,2019-10-13 02:30:00+00:00,21,San Diego State,2751,Wyoming,Caesars,-3.5,,38,,,
401112226,2019,regular,8,2019-10-19 23:30:00+00:00,213,Penn State,130,Michigan,teamrankings,-7.5,,47,,,
401112226,2019,regular,8,2019-10-19 23:30:00+00:00,213,Penn State,130,Michigan,numberfire,-7.5,,47,,,
401112226,2019,regular,8,2019-10-19 23:30:00+00:00,213,Penn State,130,Michigan,consensus,-7.5,,47.5,,,
401112226,2019,regular,8,2019-10-19 23:30:00+00:00,213,Penn State,130,Michigan,Caesars,-7.5,,47.5,,,
401112436,2019,regular,1,2019-09-03 00:00:00+00:00,97,Louisville,87,Notre Dame,teamrankings,19,,55,,,
401112436,2019,regular,1,2019-09-03 00:00:00+00:00,97,Louisville,87,Notre Dame,numberfire,19,,55,,,
401112436,2019,regular,1,2019-09-03 00:00:00+00:00,97,Louisville,87,Notre Dame,consensus,19.5,,54.5,,,
401112436,2019,regular,1,2019-09-03 00:00:00+00:00,97,Louisville,87,Notre Dame,Caesars,19.5,,54.5,,,
401112247,2019,regular,5,2019-09-28 16:00:00+00:00,275,Wisconsin,77,Northwestern,teamrankings,-23,,46,,,
401112247,2019,regular,5,2019-09-28 16:00:00+00:00,275,Wisconsin,77,Northwestern,numberfire,-23.5,,46,,,
401112247,2019,regular,5,2019-09-28 16:00:00+00:00,275,Wisconsin,77,Northwestern,consensus,-23.5,,46,,,
401112247,2019,regular,5,2019-09-28 16:00:00+00:00,275,Wisconsin,77,Northwestern,Caesars,-23.5,,45.5,,,
401114337,2019,regular,6,2019-10-05 19:30:00+00:00,87,Notre Dame,189,Bowling Green,teamrankings,-45.5,,64.5,,,
401114337,2019,regular,6,2019-10-05 19:30:00+00:00,87,Notre Dame,189,Bowling Green,numberfire,-45.5,,64.5,,,
401114337,2019,regular,6,2019-10-05 19:30:00+00:00,87,Notre Dame,189,Bowling Green,consensus,-45.5,,63.5,,,
401114337,2019,regular,6,2019-10-05 19:30:00+00:00,87,Notre Dame,189,Bowling Green,Caesars,-45,,64.5,,,
401117525,2019,regular,8,2019-10-20 03:00:00+00:00,62,Hawai'i,2005,Air Force,teamrankings,4.5,,66.5,,,
401117525,2019,regular,8,2019-10-20 03:00:00+00:00,62,Hawai'i,2005,Air Force,numberfire,3.5,,66.5,,,
401117525,2019,regular,8,2019-10-20 03:00:00+00:00,62,Hawai'i,2005,Air Force,consensus,4,,66,,,
401117525,2019,regular,8,2019-10-20 03:00:00+00:00,62,Hawai'i,2005,Air Force,Caesars,4,,66,,,
401112455,2019,regular,3,2019-09-14 16:00:00+00:00,259,Virginia Tech,231,Furman,consensus,-24,,64.5,,,
401112477,2019,regular,7,2019-10-11 00:00:00+00:00,152,NC State,183,Syracuse,teamrankings,-4.5,,56,,,
401112477,2019,regular,7,2019-10-11 00:00:00+00:00,152,NC State,183,Syracuse,numberfire,-4,,56.5,,,
401112477,2019,regular,7,2019-10-11 00:00:00+00:00,152,NC State,183,Syracuse,consensus,-4,,56,,,
401112477,2019,regular,7,2019-10-11 00:00:00+00:00,152,NC State,183,Syracuse,Caesars,-4.5,,55.5,,,
401112119,2019,regular,8,2019-10-19 16:00:00+00:00,201,Oklahoma,277,West Virginia,teamrankings,-33,,63.5,,,
401112119,2019,regular,8,2019-10-19 16:00:00+00:00,201,Oklahoma,277,West Virginia,numberfire,-32,,63.5,,,
401112119,2019,regular,8,2019-10-19 16:00:00+00:00,201,Oklahoma,277,West Virginia,consensus,-32,,63.5,,,
401112119,2019,regular,8,2019-10-19 16:00:00+00:00,201,Oklahoma,277,West Virginia,Caesars,-33,,64,,,
401117526,2019,regular,8,2019-10-19 19:00:00+00:00,2751,Wyoming,167,New Mexico,teamrankings,-17.5,,49,,,
401117526,2019,regular,8,2019-10-19 19:00:00+00:00,2751,Wyoming,167,New Mexico,numberfire,-17,,50.5,,,
401117526,2019,regular,8,2019-10-19 19:00:00+00:00,2751,Wyoming,167,New Mexico,consensus,-17.5,,48.5,,,
401117526,2019,regular,8,2019-10-19 19:00:00+00:00,2751,Wyoming,167,New Mexico,Caesars,-17,,50.5,,,
401114292,2019,regular,8,2019-10-19 22:00:00+00:00,2636,UTSA,242,Rice,teamrankings,5,,43,,,
401114292,2019,regular,8,2019-10-19 22:00:00+00:00,2636,UTSA,242,Rice,numberfire,5,,43,,,
401114292,2019,regular,8,2019-10-19 22:00:00+00:00,2636,UTSA,242,Rice,consensus,5.5,,42.5,,,
401114292,2019,regular,8,2019-10-19 22:00:00+00:00,2636,UTSA,242,Rice,Caesars,5.5,,43,,,
401117893,2019,regular,9,2019-10-26 23:00:00+00:00,202,Tulsa,235,Memphis,teamrankings,10,,59.5,,,
401117893,2019,regular,9,2019-10-26 23:00:00+00:00,202,Tulsa,235,Memphis,numberfire,10,,59,,,
401117893,2019,regular,9,2019-10-26 23:00:00+00:00,202,Tulsa,235,Memphis,consensus,10,,59,,,
401117893,2019,regular,9,2019-10-26 23:00:00+00:00,202,Tulsa,235,Memphis,Caesars,10,,59.5,,,
401112097,2019,regular,2,2019-09-07 23:00:00+00:00,2305,Kansas,324,Coastal Carolina,teamrankings,-7,,54.5,,,
401112097,2019,regular,2,2019-09-07 23:00:00+00:00,2305,Kansas,324,Coastal Carolina,numberfire,-7,,54,,,
401112097,2019,regular,2,2019-09-07 23:00:00+00:00,2305,Kansas,324,Coastal Carolina,consensus,-7,,53.5,,,
401112097,2019,regular,2,2019-09-07 23:00:00+00:00,2305,Kansas,324,Coastal Carolina,Caesars,-7,,54,,,
401114259,2019,regular,3,2019-09-14 22:30:00+00:00,276,Marshall,195,Ohio,teamrankings,-4,,47.5,,,
401114259,2019,regular,3,2019-09-14 22:30:00+00:00,276,Marshall,195,Ohio,numberfire,-4.5,,48,,,
401114259,2019,regular,3,2019-09-14 22:30:00+00:00,276,Marshall,195,Ohio,consensus,-4.5,,48,,,
401114259,2019,regular,3,2019-09-14 22:30:00+00:00,276,Marshall,195,Ohio,Caesars,-3.5,,48,,,
401112467,2019,regular,5,2019-09-28 19:30:00+00:00,153,North Carolina,228,Clemson,teamrankings,27.5,,61,,,
401112467,2019,regular,5,2019-09-28 19:30:00+00:00,153,North Carolina,228,Clemson,numberfire,27.5,,60,,,
401112467,2019,regular,5,2019-09-28 19:30:00+00:00,153,North Carolina,228,Clemson,consensus,27.5,,60.5,,,
401112467,2019,regular,5,2019-09-28 19:30:00+00:00,153,North Carolina,228,Clemson,Caesars,27.5,,61,,,
401112103,2019,regular,9,2019-10-26 23:00:00+00:00,2305,Kansas,2641,Texas Tech,teamrankings,6,,65.5,,,
401112103,2019,regular,9,2019-10-26 23:00:00+00:00,2305,Kansas,2641,Texas Tech,numberfire,6,,65.5,,,
401112103,2019,regular,9,2019-10-26 23:00:00+00:00,2305,Kansas,2641,Texas Tech,consensus,6.5,,65.5,,,
401112103,2019,regular,9,2019-10-26 23:00:00+00:00,2305,Kansas,2641,Texas Tech,Caesars,5.5,,65.5,,,
401117509,2019,regular,4,2019-09-21 19:30:00+00:00,202,Tulsa,2751,Wyoming,teamrankings,-5.5,,46,,,
401117509,2019,regular,4,2019-09-21 19:30:00+00:00,202,Tulsa,2751,Wyoming,numberfire,-5,,45.5,,,
401117509,2019,regular,4,2019-09-21 19:30:00+00:00,202,Tulsa,2751,Wyoming,consensus,-5,,46,,,
401117509,2019,regular,4,2019-09-21 19:30:00+00:00,202,Tulsa,2751,Wyoming,Caesars,-4.5,,46,,,
401114220,2019,regular,4,2019-09-21 01:00:00+00:00,30,USC,254,Utah,teamrankings,3.5,,53.5,,,
401114220,2019,regular,4,2019-09-21 01:00:00+00:00,30,USC,254,Utah,numberfire,3.5,,53.5,,,
401114220,2019,regular,4,2019-09-21 01:00:00+00:00,30,USC,254,Utah,consensus,3.5,,53.5,,,
401114220,2019,regular,4,2019-09-21 01:00:00+00:00,30,USC,254,Utah,Caesars,3.5,,53.5,,,
401114336,2019,regular,3,2019-09-14 18:30:00+00:00,87,Notre Dame,167,New Mexico,teamrankings,-34.5,,64,,,
401114336,2019,regular,3,2019-09-14 18:30:00+00:00,87,Notre Dame,167,New Mexico,numberfire,-34.5,,63,,,
401114336,2019,regular,3,2019-09-14 18:30:00+00:00,87,Notre Dame,167,New Mexico,consensus,-35,,64,,,
401114336,2019,regular,3,2019-09-14 18:30:00+00:00,87,Notre Dame,167,New Mexico,Caesars,-35,,64,,,
401110827,2019,regular,8,2019-10-19 23:30:00+00:00,145,Ole Miss,245,Texas A&M,teamrankings,6,,54.5,,,
401110827,2019,regular,8,2019-10-19 23:30:00+00:00,145,Ole Miss,245,Texas A&M,numberfire,5.5,,55,,,
401110827,2019,regular,8,2019-10-19 23:30:00+00:00,145,Ole Miss,245,Texas A&M,consensus,6,,55.5,,,
401110827,2019,regular,8,2019-10-19 23:30:00+00:00,145,Ole Miss,245,Texas A&M,Caesars,6,,55.5,,,
401114188,2019,regular,9,2019-10-26 01:00:00+00:00,38,Colorado,30,USC,teamrankings,10.5,,65,,,
401114188,2019,regular,9,2019-10-26 01:00:00+00:00,38,Colorado,30,USC,numberfire,10.5,,64,,,
401114188,2019,regular,9,2019-10-26 01:00:00+00:00,38,Colorado,30,USC,consensus,10.5,,64.5,,,
401114188,2019,regular,9,2019-10-26 01:00:00+00:00,38,Colorado,30,USC,Caesars,10.5,,63.5,,,
401114330,2019,regular,9,2019-10-26 16:00:00+00:00,349,Army,23,San José State,teamrankings,-10,,55,,,
401114330,2019,regular,9,2019-10-26 16:00:00+00:00,349,Army,23,San José State,numberfire,-9.5,,54.5,,,
401114330,2019,regular,9,2019-10-26 16:00:00+00:00,349,Army,23,San José State,consensus,-9.5,,54.5,,,
401114330,2019,regular,9,2019-10-26 16:00:00+00:00,349,Army,23,San José State,Caesars,-9.5,,54,,,
401112075,2019,regular,4,2019-09-21 23:00:00+00:00,242,Rice,239,Baylor,teamrankings,27,,57.5,,,
401112075,2019,regular,4,2019-09-21 23:00:00+00:00,242,Rice,239,Baylor,numberfire,27,,58,,,
401112075,2019,regular,4,2019-09-21 23:00:00+00:00,242,Rice,239,Baylor,consensus,27,,58,,,
401112075,2019,regular,4,2019-09-21 23:00:00+00:00,242,Rice,239,Baylor,Caesars,27,,58.5,,,
401110780,2019,regular,2,2019-09-07 19:30:00+00:00,344,Mississippi State,2572,Southern Miss,teamrankings,-16.5,,51,,,
401110780,2019,regular,2,2019-09-07 19:30:00+00:00,344,Mississippi State,2572,Southern Miss,numberfire,-15.5,,51,,,
401110780,2019,regular,2,2019-09-07 19:30:00+00:00,344,Mississippi State,2572,Southern Miss,consensus,-16.5,,50,,,
401110780,2019,regular,2,2019-09-07 19:30:00+00:00,344,Mississippi State,2572,Southern Miss,Caesars,-16,,50,,,
401112474,2019,regular,6,2019-10-06 00:00:00+00:00,150,Duke,221,Pittsburgh,teamrankings,-3.5,,48.5,,,
401112474,2019,regular,6,2019-10-06 00:00:00+00:00,150,Duke,221,Pittsburgh,numberfire,-3.5,,47.5,,,
401112474,2019,regular,6,2019-10-06 00:00:00+00:00,150,Duke,221,Pittsburgh,consensus,-3.5,,47.5,,,
401112474,2019,regular,6,2019-10-06 00:00:00+00:00,150,Duke,221,Pittsburgh,Caesars,-3.5,,47,,,
401112078,2019,regular,7,2019-10-12 20:00:00+00:00,239,Baylor,2641,Texas Tech,teamrankings,-10.5,,58.5,,,
401112078,2019,regular,7,2019-10-12 20:00:00+00:00,239,Baylor,2641,Texas Tech,numberfire,-10.5,,59,,,
401112078,2019,regular,7,2019-10-12 20:00:00+00:00,239,Baylor,2641,Texas Tech,consensus,-10.5,,59,,,
401112078,2019,regular,7,2019-10-12 20:00:00+00:00,239,Baylor,2641,Texas Tech,Caesars,-10.5,,59,,,
401121955,2019,regular,8,2019-10-19 19:30:00+00:00,2026,App State,2433,UL Monroe,teamrankings,-16.5,,65.5,,,
401121955,2019,regular,8,2019-10-19 19:30:00+00:00,2026,App State,2433,UL Monroe,numberfire,-15.5,,65.5,,,
401121955,2019,regular,8,2019-10-19 19:30:00+00:00,2026,App State,2433,UL Monroe,consensus,-15.5,,66,,,
401121955,2019,regular,8,2019-10-19 19:30:00+00:00,2026,App State,2433,UL Monroe,Caesars,-15.5,,65.5,,,
401112132,2019,regular,9,2019-10-26 19:30:00+00:00,2628,TCU,251,Texas,teamrankings,-1.5,,57,,,
401112132,2019,regular,9,2019-10-26 19:30:00+00:00,2628,TCU,251,Texas,numberfire,-1,,57,,,
401112132,2019,regular,9,2019-10-26 19:30:00+00:00,2628,TCU,251,Texas,consensus,-1,,57,,,
401112132,2019,regular,9,2019-10-26 19:30:00+00:00,2628,TCU,251,Texas,Caesars,-1.5,,57,,,
401114242,2019,regular,1,2019-08-31 23:00:00+00:00,295,Old Dominion,2450,Norfolk State,consensus,-25.5,,55.5,,,
401112433,2019,regular,1,2019-08-31 23:30:00+00:00,221,Pittsburgh,258,Virginia,teamrankings,2.5,,46.5,,,
401112433,2019,regular,1,2019-08-31 23:30:00+00:00,221,Pittsburgh,258,Virginia,numberfire,2.5,,46.5,,,
401112433,2019,regular,1,2019-08-31 23:30:00+00:00,221,Pittsburgh,258,Virginia,consensus,2.5,,46,,,
401112433,2019,regular,1,2019-08-31 23:30:00+00:00,221,Pittsburgh,258,Virginia,Caesars,2.5,,46.5,,,
401112258,2019,regular,2,2019-09-07 23:30:00+00:00,213,Penn State,2084,Buffalo,teamrankings,-31.5,,57,,,
401112258,2019,regular,2,2019-09-07 23:30:00+00:00,213,Penn State,2084,Buffalo,numberfire,-31.5,,56.5,,,
401112258,2019,regular,2,2019-09-07 23:30:00+00:00,213,Penn State,2084,Buffalo,consensus,-31,,57,,,
401112258,2019,regular,2,2019-09-07 23:30:00+00:00,213,Penn State,2084,Buffalo,Caesars,-32,,57,,,
401112213,2019,regular,2,2019-09-07 23:30:00+00:00,127,Michigan State,2711,Western Michigan,teamrankings,-14.5,,46.5,,,
401112213,2019,regular,2,2019-09-07 23:30:00+00:00,127,Michigan State,2711,Western Michigan,numberfire,-15,,46.5,,,
401112213,2019,regular,2,2019-09-07 23:30:00+00:00,127,Michigan State,2711,Western Michigan,consensus,-14.5,,46.5,,,
401112213,2019,regular,2,2019-09-07 23:30:00+00:00,127,Michigan State,2711,Western Michigan,Caesars,-14.5,,46,,,
401110788,2019,regular,3,2019-09-14 16:00:00+00:00,61,Georgia,2032,Arkansas State,teamrankings,-32.5,,58.5,,,
401110788,2019,regular,3,2019-09-14 16:00:00+00:00,61,Georgia,2032,Arkansas State,numberfire,-32.5,,58.5,,,
401110788,2019,regular,3,2019-09-14 16:00:00+00:00,61,Georgia,2032,Arkansas State,consensus,-33,,58.5,,,
401110788,2019,regular,3,2019-09-14 16:00:00+00:00,61,Georgia,2032,Arkansas State,Caesars,-33,,59.5,,,
401110789,2019,regular,3,2019-09-14 23:00:00+00:00,96,Kentucky,57,Florida,teamrankings,10,,46.5,,,
401110789,2019,regular,3,2019-09-14 23:00:00+00:00,96,Kentucky,57,Florida,numberfire,10,,46,,,
401110789,2019,regular,3,2019-09-14 23:00:00+00:00,96,Kentucky,57,Florida,consensus,9.5,,46,,,
401110789,2019,regular,3,2019-09-14 23:00:00+00:00,96,Kentucky,57,Florida,Caesars,9.5,,45,,,
401114185,2019,regular,3,2019-09-14 17:00:00+00:00,38,Colorado,2005,Air Force,teamrankings,-3,,58,,,
401114185,2019,regular,3,2019-09-14 17:00:00+00:00,38,Colorado,2005,Air Force,numberfire,-3,,58.5,,,
401114185,2019,regular,3,2019-09-14 17:00:00+00:00,38,Colorado,2005,Air Force,consensus,-3,,58.5,,,
401114185,2019,regular,3,2019-09-14 17:00:00+00:00,38,Colorado,2005,Air Force,Caesars,-3,,58.5,,,
401112486,2019,regular,8,2019-10-19 19:30:00+00:00,258,Virginia,150,Duke,teamrankings,-3.5,,45,,,
401112486,2019,regular,8,2019-10-19 19:30:00+00:00,258,Virginia,150,Duke,numberfire,-3.5,,45,,,
401112486,2019,regular,8,2019-10-19 19:30:00+00:00,258,Virginia,150,Duke,consensus,-3.5,,45,,,
401112486,2019,regular,8,2019-10-19 19:30:00+00:00,258,Virginia,150,Duke,Caesars,-3.5,,45.5,,,
401114290,2019,regular,8,2019-10-19 20:00:00+00:00,249,North Texas,2393,Middle Tennessee,teamrankings,-7,,59.5,,,
401114290,2019,regular,8,2019-10-19 20:00:00+00:00,249,North Texas,2393,Middle Tennessee,numberfire,-7,,59.5,,,
401114290,2019,regular,8,2019-10-19 20:00:00+00:00,249,North Texas,2393,Middle Tennessee,consensus,-7.5,,59.5,,,
401114290,2019,regular,8,2019-10-19 20:00:00+00:00,249,North Texas,2393,Middle Tennessee,Caesars,-7.5,,59.5,,,
401112222,2019,regular,1,2019-08-31 23:30:00+00:00,130,Michigan,2393,Middle Tennessee,teamrankings,-36,,56.5,,,
401112222,2019,regular,1,2019-08-31 23:30:00+00:00,130,Michigan,2393,Middle Tennessee,numberfire,-34.5,,54,,,
401112222,2019,regular,1,2019-08-31 23:30:00+00:00,130,Michigan,2393,Middle Tennessee,consensus,-36,,56,,,
401112222,2019,regular,1,2019-08-31 23:30:00+00:00,130,Michigan,2393,Middle Tennessee,Caesars,-36,,57,,,
401112443,2019,regular,2,2019-09-08 00:00:00+00:00,153,North Carolina,2390,Miami,teamrankings,5,,46,,,
401112443,2019,regular,2,2019-09-08 00:00:00+00:00,153,North Carolina,2390,Miami,numberfire,6,,45.5,,,
401112443,2019,regular,2,2019-09-08 00:00:00+00:00,153,North Carolina,2390,Miami,consensus,5,,46.5,,,
401112443,2019,regular,2,2019-09-08 00:00:00+00:00,153,North Carolina,2390,Miami,Caesars,4.5,,45.5,,,
401114230,2019,regular,3,2019-09-14 01:15:00+00:00,248,Houston,265,Washington State,teamrankings,9,,73.5,,,
401114230,2019,regular,3,2019-09-14 01:15:00+00:00,248,Houston,265,Washington State,numberfire,9,,74,,,
401114230,2019,regular,3,2019-09-14 01:15:00+00:00,248,Houston,265,Washington State,consensus,9,,73.5,,,
401114230,2019,regular,3,2019-09-14 01:15:00+00:00,248,Houston,265,Washington State,Caesars,9,,74,,,
401112231,2019,regular,3,2019-09-14 19:30:00+00:00,135,Minnesota,290,Georgia Southern,teamrankings,-17,,45,,,
401112231,2019,regular,3,2019-09-14 19:30:00+00:00,135,Minnesota,290,Georgia Southern,numberfire,-16.5,,45.5,,,
401112231,2019,regular,3,2019-09-14 19:30:00+00:00,135,Minnesota,290,Georgia Southern,consensus,-16.5,,45,,,
401112231,2019,regular,3,2019-09-14 19:30:00+00:00,135,Minnesota,290,Georgia Southern,Caesars,-16.5,,45,,,
401114202,2019,regular,5,2019-09-28 23:00:00+00:00,204,Oregon State,24,Stanford,teamrankings,3.5,,56,,,
401114202,2019,regular,5,2019-09-28 23:00:00+00:00,204,Oregon State,24,Stanford,numberfire,3,,56,,,
401114202,2019,regular,5,2019-09-28 23:00:00+00:00,204,Oregon State,24,Stanford,consensus,3.5,,55.5,,,
401114202,2019,regular,5,2019-09-28 23:00:00+00:00,204,Oregon State,24,Stanford,Caesars,3.5,,56,,,
401114279,2019,regular,7,2019-10-12 23:00:00+00:00,2229,Florida International,2429,Charlotte,teamrankings,-5.5,,57.5,,,
401114279,2019,regular,7,2019-10-12 23:00:00+00:00,2229,Florida International,2429,Charlotte,numberfire,-6,,58.5,,,
401114279,2019,regular,7,2019-10-12 23:00:00+00:00,2229,Florida International,2429,Charlotte,consensus,-6,,57.5,,,
401114279,2019,regular,7,2019-10-12 23:00:00+00:00,2229,Florida International,2429,Charlotte,Caesars,-6,,58,,,
401117888,2019,regular,8,2019-10-19 23:00:00+00:00,235,Memphis,2655,Tulane,teamrankings,-2.5,,61,,,
401117888,2019,regular,8,2019-10-19 23:00:00+00:00,235,Memphis,2655,Tulane,numberfire,-2.5,,60.5,,,
401117888,2019,regular,8,2019-10-19 23:00:00+00:00,235,Memphis,2655,Tulane,consensus,-2,,61,,,
401117888,2019,regular,8,2019-10-19 23:00:00+00:00,235,Memphis,2655,Tulane,Caesars,-2,,60.5,,,
401110833,2019,regular,9,2019-10-26 19:30:00+00:00,99,LSU,2,Auburn,teamrankings,-11.5,,59.5,,,
401110833,2019,regular,9,2019-10-26 19:30:00+00:00,99,LSU,2,Auburn,numberfire,-10.5,,57.5,,,
401110833,2019,regular,9,2019-10-26 19:30:00+00:00,99,LSU,2,Auburn,consensus,-11.5,,58.5,,,
401110833,2019,regular,9,2019-10-26 19:30:00+00:00,99,LSU,2,Auburn,Caesars,-12,,58.5,,,
401110729,2019,regular,1,2019-08-31 19:30:00+00:00,153,North Carolina,2579,South Carolina,teamrankings,11,,61,,,
401110729,2019,regular,1,2019-08-31 19:30:00+00:00,153,North Carolina,2579,South Carolina,numberfire,11,,63,,,
401110729,2019,regular,1,2019-08-31 19:30:00+00:00,153,North Carolina,2579,South Carolina,consensus,12,,62.5,,,
401110729,2019,regular,1,2019-08-31 19:30:00+00:00,153,North Carolina,2579,South Carolina,Caesars,12,,62,,,
401112158,2019,regular,2,2019-09-07 19:30:00+00:00,84,Indiana,2197,Eastern Illinois,consensus,-35.5,,61.5,,,
401112098,2019,regular,3,2019-09-13 23:30:00+00:00,103,Boston College,2305,Kansas,teamrankings,-18.5,,51,,,
401112098,2019,regular,3,2019-09-13 23:30:00+00:00,103,Boston College,2305,Kansas,numberfire,-20,,51,,,
401112098,2019,regular,3,2019-09-13 23:30:00+00:00,103,Boston College,2305,Kansas,consensus,-20.5,,51,,,
401112098,2019,regular,3,2019-09-13 23:30:00+00:00,103,Boston College,2305,Kansas,Caesars,-20,,51,,,
401112086,2019,regular,3,2019-09-14 20:00:00+00:00,66,Iowa State,2294,Iowa,teamrankings,1.5,,42.5,,,
401112086,2019,regular,3,2019-09-14 20:00:00+00:00,66,Iowa State,2294,Iowa,numberfire,1.5,,42.5,,,
401112086,2019,regular,3,2019-09-14 20:00:00+00:00,66,Iowa State,2294,Iowa,consensus,1.5,,42.5,,,
401112086,2019,regular,3,2019-09-14 20:00:00+00:00,66,Iowa State,2294,Iowa,Caesars,1.5,,43,,,
401114273,2019,regular,5,2019-09-28 23:00:00+00:00,98,Western Kentucky,5,UAB,teamrankings,3.5,,47.5,,,
401114273,2019,regular,5,2019-09-28 23:00:00+00:00,98,Western Kentucky,5,UAB,numberfire,3.5,,47,,,
401114273,2019,regular,5,2019-09-28 23:00:00+00:00,98,Western Kentucky,5,UAB,consensus,3.5,,47.5,,,
401114273,2019,regular,5,2019-09-28 23:00:00+00:00,98,Western Kentucky,5,UAB,Caesars,3.5,,47.5,,,
401117513,2019,regular,5,2019-09-28 23:30:00+00:00,328,Utah State,36,Colorado State,teamrankings,-24,,69,,,
401117513,2019,regular,5,2019-09-28 23:30:00+00:00,328,Utah State,36,Colorado State,numberfire,-23.5,,68.5,,,
401117513,2019,regular,5,2019-09-28 23:30:00+00:00,328,Utah State,36,Colorado State,consensus,-23,,69,,,
401117513,2019,regular,5,2019-09-28 23:30:00+00:00,328,Utah State,36,Colorado State,Caesars,-23.5,,68.5,,,
401110802,2019,regular,4,2019-09-21 20:00:00+00:00,344,Mississippi State,96,Kentucky,teamrankings,-5.5,,48,,,
401110802,2019,regular,4,2019-09-21 20:00:00+00:00,344,Mississippi State,96,Kentucky,numberfire,-5.5,,48,,,
401110802,2019,regular,4,2019-09-21 20:00:00+00:00,344,Mississippi State,96,Kentucky,consensus,-6,,48,,,
401110802,2019,regular,4,2019-09-21 20:00:00+00:00,344,Mississippi State,96,Kentucky,Caesars,-5.5,,48,,,
401110813,2019,regular,6,2019-10-05 16:00:00+00:00,99,LSU,328,Utah State,teamrankings,-27,,72.5,,,
401110813,2019,regular,6,2019-10-05 16:00:00+00:00,99,LSU,328,Utah State,numberfire,-27.5,,73.5,,,
401110813,2019,regular,6,2019-10-05 16:00:00+00:00,99,LSU,328,Utah State,consensus,-27.5,,73.5,,,
401110813,2019,regular,6,2019-10-05 16:00:00+00:00,99,LSU,328,Utah State,Caesars,-27,,74,,,
401117876,2019,regular,6,2019-10-05 16:00:00+00:00,41,UConn,58,South Florida,teamrankings,10.5,,48.5,,,
401117876,2019,regular,6,2019-10-05 16:00:00+00:00,41,UConn,58,South Florida,numberfire,10.5,,48,,,
401117876,2019,regular,6,2019-10-05 16:00:00+00:00,41,UConn,58,South Florida,consensus,11,,48.5,,,
401117876,2019,regular,6,2019-10-05 16:00:00+00:00,41,UConn,58,South Florida,Caesars,11,,48,,,
401112079,2019,regular,8,2019-10-19 20:00:00+00:00,197,Oklahoma State,239,Baylor,teamrankings,-5.5,,68.5,,,
401112079,2019,regular,8,2019-10-19 20:00:00+00:00,197,Oklahoma State,239,Baylor,numberfire,-6,,68.5,,,
401112079,2019,regular,8,2019-10-19 20:00:00+00:00,197,Oklahoma State,239,Baylor,consensus,-6,,68.5,,,
401112079,2019,regular,8,2019-10-19 20:00:00+00:00,197,Oklahoma State,239,Baylor,Caesars,-6,,68.5,,,
401110830,2019,regular,8,2019-10-19 20:00:00+00:00,238,Vanderbilt,142,Missouri,teamrankings,21,,56.5,,,
401110830,2019,regular,8,2019-10-19 20:00:00+00:00,238,Vanderbilt,142,Missouri,numberfire,21,,56.5,,,
401110830,2019,regular,8,2019-10-19 20:00:00+00:00,238,Vanderbilt,142,Missouri,consensus,21,,56.5,,,
401110830,2019,regular,8,2019-10-19 20:00:00+00:00,238,Vanderbilt,142,Missouri,Caesars,21,,55.5,,,
401112163,2019,regular,8,2019-10-19 19:30:00+00:00,120,Maryland,84,Indiana,teamrankings,6.5,,59.5,,,
401112163,2019,regular,8,2019-10-19 19:30:00+00:00,120,Maryland,84,Indiana,numberfire,6.5,,59,,,
401112163,2019,regular,8,2019-10-19 19:30:00+00:00,120,Maryland,84,Indiana,consensus,6.5,,59.5,,,
401112163,2019,regular,8,2019-10-19 19:30:00+00:00,120,Maryland,84,Indiana,Caesars,6.5,,59.5,,,
401112460,2019,regular,4,2019-09-21 23:00:00+00:00,152,NC State,2050,Ball State,teamrankings,-19.5,,59,,,
401112460,2019,regular,4,2019-09-21 23:00:00+00:00,152,NC State,2050,Ball State,numberfire,-19.5,,58.5,,,
401112460,2019,regular,4,2019-09-21 23:00:00+00:00,152,NC State,2050,Ball State,consensus,-19,,58.5,,,
401112460,2019,regular,4,2019-09-21 23:00:00+00:00,152,NC State,2050,Ball State,Caesars,-19.5,,60.5,,,
401110798,2019,regular,4,2019-09-21 23:30:00+00:00,8,Arkansas,23,San José State,teamrankings,-20,,61,,,
401110798,2019,regular,4,2019-09-21 23:30:00+00:00,8,Arkansas,23,San José State,numberfire,-20.5,,61.5,,,
401110798,2019,regular,4,2019-09-21 23:30:00+00:00,8,Arkansas,23,San José State,consensus,-20,,61.5,,,
401110798,2019,regular,4,2019-09-21 23:30:00+00:00,8,Arkansas,23,San José State,Caesars,-19.5,,62,,,
401114214,2019,regular,2,2019-09-07 20:15:00+00:00,26,UCLA,21,San Diego State,teamrankings,-7.5,,44.5,,,
401114214,2019,regular,2,2019-09-07 20:15:00+00:00,26,UCLA,21,San Diego State,numberfire,-7.5,,44.5,,,
401114214,2019,regular,2,2019-09-07 20:15:00+00:00,26,UCLA,21,San Diego State,consensus,-7.5,,45,,,
401114214,2019,regular,2,2019-09-07 20:15:00+00:00,26,UCLA,21,San Diego State,Caesars,-7.5,,44.5,,,
401112117,2019,regular,5,2019-09-28 16:00:00+00:00,201,Oklahoma,2641,Texas Tech,teamrankings,-27,,68.5,,,
401112117,2019,regular,5,2019-09-28 16:00:00+00:00,201,Oklahoma,2641,Texas Tech,numberfire,-27,,69,,,
401112117,2019,regular,5,2019-09-28 16:00:00+00:00,201,Oklahoma,2641,Texas Tech,consensus,-27,,68.5,,,
401112117,2019,regular,5,2019-09-28 16:00:00+00:00,201,Oklahoma,2641,Texas Tech,Caesars,-27,,68,,,
401112475,2019,regular,6,2019-10-05 20:00:00+00:00,59,Georgia Tech,153,North Carolina,teamrankings,9.5,,47,,,
401112475,2019,regular,6,2019-10-05 20:00:00+00:00,59,Georgia Tech,153,North Carolina,numberfire,10,,47,,,
401112475,2019,regular,6,2019-10-05 20:00:00+00:00,59,Georgia Tech,153,North Carolina,consensus,10,,47,,,
401112475,2019,regular,6,2019-10-05 20:00:00+00:00,59,Georgia Tech,153,North Carolina,Caesars,10,,47,,,
401112195,2019,regular,7,2019-10-12 23:30:00+00:00,2294,Iowa,213,Penn State,teamrankings,3.5,,43.5,,,
401112195,2019,regular,7,2019-10-12 23:30:00+00:00,2294,Iowa,213,Penn State,numberfire,3.5,,44,,,
401112195,2019,regular,7,2019-10-12 23:30:00+00:00,2294,Iowa,213,Penn State,consensus,3.5,,43.5,,,
401112195,2019,regular,7,2019-10-12 23:30:00+00:00,2294,Iowa,213,Penn State,Caesars,4,,44,,,
401114169,2019,regular,8,2019-10-20 01:30:00+00:00,30,USC,12,Arizona,teamrankings,-10,,68,,,
401114169,2019,regular,8,2019-10-20 01:30:00+00:00,30,USC,12,Arizona,numberfire,-10,,68,,,
401114169,2019,regular,8,2019-10-20 01:30:00+00:00,30,USC,12,Arizona,consensus,-10,,69,,,
401114169,2019,regular,8,2019-10-20 01:30:00+00:00,30,USC,12,Arizona,Caesars,-10.5,,69,,,
401112491,2019,regular,9,2019-10-26 20:00:00+00:00,153,North Carolina,150,Duke,teamrankings,-2.5,,52.5,,,
401112491,2019,regular,9,2019-10-26 20:00:00+00:00,153,North Carolina,150,Duke,numberfire,-3,,53,,,
401112491,2019,regular,9,2019-10-26 20:00:00+00:00,153,North Carolina,150,Duke,consensus,-3,,53.5,,,
401112491,2019,regular,9,2019-10-26 20:00:00+00:00,153,North Carolina,150,Duke,Caesars,-3,,53.5,,,
401112461,2019,regular,4,2019-09-21 19:30:00+00:00,221,Pittsburgh,2116,UCF,teamrankings,9,,60.5,,,
401112461,2019,regular,4,2019-09-21 19:30:00+00:00,221,Pittsburgh,2116,UCF,numberfire,10.5,,61,,,
401112461,2019,regular,4,2019-09-21 19:30:00+00:00,221,Pittsburgh,2116,UCF,consensus,10,,61,,,
401112461,2019,regular,4,2019-09-21 19:30:00+00:00,221,Pittsburgh,2116,UCF,Caesars,10,,61,,,
401110792,2019,regular,3,2019-09-14 16:00:00+00:00,344,Mississippi State,2306,Kansas State,teamrankings,-7,,51,,,
401110792,2019,regular,3,2019-09-14 16:00:00+00:00,344,Mississippi State,2306,Kansas State,numberfire,-7,,50.5,,,
401110792,2019,regular,3,2019-09-14 16:00:00+00:00,344,Mississippi State,2306,Kansas State,consensus,-7,,50.5,,,
401110792,2019,regular,3,2019-09-14 16:00:00+00:00,344,Mississippi State,2306,Kansas State,Caesars,-7,,51,,,
401112225,2019,regular,5,2019-09-28 16:00:00+00:00,130,Michigan,164,Rutgers,teamrankings,-27.5,,50,,,
401112225,2019,regular,5,2019-09-28 16:00:00+00:00,130,Michigan,164,Rutgers,numberfire,-27.5,,47.5,,,
401112225,2019,regular,5,2019-09-28 16:00:00+00:00,130,Michigan,164,Rutgers,consensus,-27.5,,48.5,,,
401112088,2019,regular,6,2019-10-05 18:00:00+00:00,66,Iowa State,2628,TCU,teamrankings,-3,,45,,,
401112088,2019,regular,6,2019-10-05 18:00:00+00:00,66,Iowa State,2628,TCU,numberfire,-3,,45.5,,,
401112088,2019,regular,6,2019-10-05 18:00:00+00:00,66,Iowa State,2628,TCU,consensus,-3,,45,,,
401112088,2019,regular,6,2019-10-05 18:00:00+00:00,66,Iowa State,2628,TCU,Caesars,-3,,45,,,
401112481,2019,regular,7,2019-10-12 23:30:00+00:00,154,Wake Forest,97,Louisville,teamrankings,-7,,65,,,
401112481,2019,regular,7,2019-10-12 23:30:00+00:00,154,Wake Forest,97,Louisville,numberfire,-7,,65,,,
401112481,2019,regular,7,2019-10-12 23:30:00+00:00,154,Wake Forest,97,Louisville,consensus,-7,,65,,,
401112481,2019,regular,7,2019-10-12 23:30:00+00:00,154,Wake Forest,97,Louisville,Caesars,-7,,65.5,,,
401110832,2019,regular,9,2019-10-26 23:30:00+00:00,96,Kentucky,142,Missouri,teamrankings,10,,43.5,,,
401110832,2019,regular,9,2019-10-26 23:30:00+00:00,96,Kentucky,142,Missouri,numberfire,9.5,,42.5,,,
401110832,2019,regular,9,2019-10-26 23:30:00+00:00,96,Kentucky,142,Missouri,consensus,9.5,,43.5,,,
401110832,2019,regular,9,2019-10-26 23:30:00+00:00,96,Kentucky,142,Missouri,Caesars,9.5,,44,,,
401117530,2019,regular,9,2019-10-27 02:15:00+00:00,2005,Air Force,328,Utah State,teamrankings,-4,,58.5,,,
401117530,2019,regular,9,2019-10-27 02:15:00+00:00,2005,Air Force,328,Utah State,numberfire,-3.5,,58.5,,,
401117530,2019,regular,9,2019-10-27 02:15:00+00:00,2005,Air Force,328,Utah State,consensus,-3.5,,60,,,
401117530,2019,regular,9,2019-10-27 02:15:00+00:00,2005,Air Force,328,Utah State,Caesars,-3.5,,60.5,,,
401110773,2019,regular,2,2019-09-07 20:00:00+00:00,333,Alabama,166,New Mexico State,teamrankings,-54.5,,65,,,
401110773,2019,regular,2,2019-09-07 20:00:00+00:00,333,Alabama,166,New Mexico State,numberfire,-54.5,,65,,,
401110773,2019,regular,2,2019-09-07 20:00:00+00:00,333,Alabama,166,New Mexico State,consensus,-55.5,,64.5,,,
401110773,2019,regular,2,2019-09-07 20:00:00+00:00,333,Alabama,166,New Mexico State,Caesars,-55,,65,,,
401112469,2019,regular,5,2019-09-28 19:30:00+00:00,218,Temple,59,Georgia Tech,teamrankings,-9.5,,47.5,,,
401112469,2019,regular,5,2019-09-28 19:30:00+00:00,218,Temple,59,Georgia Tech,numberfire,-9.5,,48,,,
401112469,2019,regular,5,2019-09-28 19:30:00+00:00,218,Temple,59,Georgia Tech,consensus,-9.5,,47.5,,,
401112469,2019,regular,5,2019-09-28 19:30:00+00:00,218,Temple,59,Georgia Tech,Caesars,-9,,47.5,,,
401110820,2019,regular,7,2019-10-12 23:00:00+00:00,142,Missouri,145,Ole Miss,teamrankings,-12,,55.5,,,
401110820,2019,regular,7,2019-10-12 23:00:00+00:00,142,Missouri,145,Ole Miss,numberfire,-12.5,,56,,,
401110820,2019,regular,7,2019-10-12 23:00:00+00:00,142,Missouri,145,Ole Miss,consensus,-12.5,,56.5,,,
401110820,2019,regular,7,2019-10-12 23:00:00+00:00,142,Missouri,145,Ole Miss,Caesars,-12.5,,56,,,
401112268,2019,regular,2,2019-09-07 19:30:00+00:00,275,Wisconsin,2117,Central Michigan,teamrankings,-34,,54.5,,,
401112268,2019,regular,2,2019-09-07 19:30:00+00:00,275,Wisconsin,2117,Central Michigan,numberfire,-35,,54,,,
401112268,2019,regular,2,2019-09-07 19:30:00+00:00,275,Wisconsin,2117,Central Michigan,consensus,-35,,54,,,
401112268,2019,regular,2,2019-09-07 19:30:00+00:00,275,Wisconsin,2117,Central Michigan,Caesars,-35,,54,,,
401114253,2019,regular,2,2019-09-07 23:00:00+00:00,2567,SMU,249,North Texas,teamrankings,-3.5,,72.5,,,
401114253,2019,regular,2,2019-09-07 23:00:00+00:00,2567,SMU,249,North Texas,numberfire,-4,,72.5,,,
401114253,2019,regular,2,2019-09-07 23:00:00+00:00,2567,SMU,249,North Texas,consensus,-3.5,,73,,,
401114253,2019,regular,2,2019-09-07 23:00:00+00:00,2567,SMU,249,North Texas,Caesars,-3.5,,73,,,
401114288,2019,regular,8,2019-10-18 22:30:00+00:00,2226,Florida Atlantic,276,Marshall,teamrankings,-3.5,,58.5,,,
401114288,2019,regular,8,2019-10-18 22:30:00+00:00,2226,Florida Atlantic,276,Marshall,numberfire,-4,,58.5,,,
401114288,2019,regular,8,2019-10-18 22:30:00+00:00,2226,Florida Atlantic,276,Marshall,consensus,-4,,58.5,,,
401114288,2019,regular,8,2019-10-18 22:30:00+00:00,2226,Florida Atlantic,276,Marshall,Caesars,-4,,58,,,
401114298,2019,regular,9,2019-10-26 17:00:00+00:00,242,Rice,2572,Southern Miss,teamrankings,10,,51.5,,,
401114298,2019,regular,9,2019-10-26 17:00:00+00:00,242,Rice,2572,Southern Miss,numberfire,10,,51.5,,,
401114298,2019,regular,9,2019-10-26 17:00:00+00:00,242,Rice,2572,Southern Miss,consensus,10,,51.5,,,
401114298,2019,regular,9,2019-10-26 17:00:00+00:00,242,Rice,2572,Southern Miss,Caesars,10,,51,,,
401110774,2019,regular,2,2019-09-07 23:30:00+00:00,2,Auburn,2655,Tulane,teamrankings,-15,,51.5,,,
401110774,2019,regular,2,2019-09-07 23:30:00+00:00,2,Auburn,2655,Tulane,numberfire,-16.5,,51.5,,,
401110774,2019,regular,2,2019-09-07 23:30:00+00:00,2,Auburn,2655,Tulane,consensus,-16.5,,51.5,,,
401110774,2019,regular,2,2019-09-07 23:30:00+00:00,2,Auburn,2655,Tulane,Caesars,-16.5,,51,,,
401117875,2019,regular,6,2019-10-05 00:00:00+00:00,2132,Cincinnati,2116,UCF,teamrankings,3.5,,64,,,
401117875,2019,regular,6,2019-10-05 00:00:00+00:00,2132,Cincinnati,2116,UCF,numberfire,3.5,,63.5,,,
401117875,2019,regular,6,2019-10-05 00:00:00+00:00,2132,Cincinnati,2116,UCF,consensus,3.5,,63.5,,,
401117875,2019,regular,6,2019-10-05 00:00:00+00:00,2132,Cincinnati,2116,UCF,Caesars,3.5,,63,,,
401112484,2019,regular,8,2019-10-19 16:00:00+00:00,103,Boston College,152,NC State,teamrankings,4.5,,54,,,
401112484,2019,regular,8,2019-10-19 16:00:00+00:00,103,Boston College,152,NC State,numberfire,4,,54,,,
401112484,2019,regular,8,2019-10-19 16:00:00+00:00,103,Boston College,152,NC State,consensus,4,,54.5,,,
401112484,2019,regular,8,2019-10-19 16:00:00+00:00,103,Boston College,152,NC State,Caesars,4,,54.5,,,
401110801,2019,regular,4,2019-09-21 16:00:00+00:00,145,Ole Miss,25,California,teamrankings,-3,,43,,,
401110801,2019,regular,4,2019-09-21 16:00:00+00:00,145,Ole Miss,25,California,numberfire,-3,,42.5,,,
401110801,2019,regular,4,2019-09-21 16:00:00+00:00,145,Ole Miss,25,California,consensus,-3,,42.5,,,
401110801,2019,regular,4,2019-09-21 16:00:00+00:00,145,Ole Miss,25,California,Caesars,-3,,43.5,,,
401114178,2019,regular,8,2019-10-19 18:30:00+00:00,25,California,204,Oregon State,teamrankings,-10,,51,,,
401114178,2019,regular,8,2019-10-19 18:30:00+00:00,25,California,204,Oregon State,numberfire,-10.5,,51,,,
401114178,2019,regular,8,2019-10-19 18:30:00+00:00,25,California,204,Oregon State,consensus,-10.5,,51.5,,,
401114178,2019,regular,8,2019-10-19 18:30:00+00:00,25,California,204,Oregon State,Caesars,-10.5,,52,,,
401114265,2019,regular,4,2019-09-21 19:30:00+00:00,5,UAB,6,South Alabama,teamrankings,-12.5,,47.5,,,
401114265,2019,regular,4,2019-09-21 19:30:00+00:00,5,UAB,6,South Alabama,numberfire,-11,,48,,,
401114265,2019,regular,4,2019-09-21 19:30:00+00:00,5,UAB,6,South Alabama,consensus,-12,,48.5,,,
401114265,2019,regular,4,2019-09-21 19:30:00+00:00,5,UAB,6,South Alabama,Caesars,-12,,48,,,
401117860,2019,regular,2,2019-09-07 22:00:00+00:00,151,East Carolina,2241,Gardner-Webb,consensus,-31,,58.5,,,
401112458,2019,regular,4,2019-09-21 20:00:00+00:00,2390,Miami,2117,Central Michigan,teamrankings,-30.5,,48,,,
401112458,2019,regular,4,2019-09-21 20:00:00+00:00,2390,Miami,2117,Central Michigan,numberfire,-30.5,,48.5,,,
401112458,2019,regular,4,2019-09-21 20:00:00+00:00,2390,Miami,2117,Central Michigan,consensus,-30.5,,48.5,,,
401112458,2019,regular,4,2019-09-21 20:00:00+00:00,2390,Miami,2117,Central Michigan,Caesars,-30.5,,48,,,
401117878,2019,regular,6,2019-10-05 23:30:00+00:00,2567,SMU,202,Tulsa,teamrankings,-12,,63.5,,,
401117878,2019,regular,6,2019-10-05 23:30:00+00:00,2567,SMU,202,Tulsa,numberfire,-12,,63.5,,,
401117878,2019,regular,6,2019-10-05 23:30:00+00:00,2567,SMU,202,Tulsa,consensus,-12,,64,,,
401117878,2019,regular,6,2019-10-05 23:30:00+00:00,2567,SMU,202,Tulsa,Caesars,-12,,63.5,,,
401121946,2019,regular,5,2019-09-28 23:00:00+00:00,2433,UL Monroe,6,South Alabama,teamrankings,-14.5,,59.5,,,
401121946,2019,regular,5,2019-09-28 23:00:00+00:00,2433,UL Monroe,6,South Alabama,numberfire,-14.5,,59,,,
401121946,2019,regular,5,2019-09-28 23:00:00+00:00,2433,UL Monroe,6,South Alabama,consensus,-14.5,,58.5,,,
401121946,2019,regular,5,2019-09-28 23:00:00+00:00,2433,UL Monroe,6,South Alabama,Caesars,-14.5,,58.5,,,
401112123,2019,regular,2,2019-09-07 23:00:00+00:00,197,Oklahoma State,2377,McNeese,consensus,-42,,64.5,,,
401112439,2019,regular,2,2019-09-07 22:00:00+00:00,150,Duke,2448,North Carolina A&T,consensus,-27.5,,52,,,
401112130,2019,regular,3,2019-09-14 23:30:00+00:00,2509,Purdue,2628,TCU,teamrankings,3.5,,52,,,
401112130,2019,regular,3,2019-09-14 23:30:00+00:00,2509,Purdue,2628,TCU,numberfire,3,,53.5,,,
401112130,2019,regular,3,2019-09-14 23:30:00+00:00,2509,Purdue,2628,TCU,consensus,3,,53,,,
401112130,2019,regular,3,2019-09-14 23:30:00+00:00,2509,Purdue,2628,TCU,Caesars,3.5,,53,,,
401114194,2019,regular,3,2019-09-15 02:45:00+00:00,2483,Oregon,149,Montana,consensus,-38.5,,65.5,,,
401112452,2019,regular,3,2019-09-14 16:30:00+00:00,59,Georgia Tech,2643,The Citadel,consensus,-25.5,,58.5,,,
401112223,2019,regular,2,2019-09-07 16:00:00+00:00,130,Michigan,349,Army,teamrankings,-21.5,,48,,,
401112223,2019,regular,2,2019-09-07 16:00:00+00:00,130,Michigan,349,Army,numberfire,-21,,47,,,
401112223,2019,regular,2,2019-09-07 16:00:00+00:00,130,Michigan,349,Army,consensus,-22,,47.5,,,
401112223,2019,regular,2,2019-09-07 16:00:00+00:00,130,Michigan,349,Army,Caesars,-22.5,,47.5,,,
401114327,2019,regular,4,2019-09-21 16:00:00+00:00,349,Army,2415,Morgan State,consensus,-45.5,,55.5,,,
401121958,2019,regular,9,2019-10-26 23:00:00+00:00,2032,Arkansas State,326,Texas State,teamrankings,-11.5,,60.5,,,
401121958,2019,regular,9,2019-10-26 23:00:00+00:00,2032,Arkansas State,326,Texas State,numberfire,-10.5,,60.5,,,
401121958,2019,regular,9,2019-10-26 23:00:00+00:00,2032,Arkansas State,326,Texas State,consensus,-10.5,,60.5,,,
401121958,2019,regular,9,2019-10-26 23:00:00+00:00,2032,Arkansas State,326,Texas State,Caesars,-11,,59.5,,,
401114262,2019,regular,4,2019-09-21 00:00:00+00:00,2348,Louisiana Tech,2229,Florida International,teamrankings,-7,,51.5,,,
401114262,2019,regular,4,2019-09-21 00:00:00+00:00,2348,Louisiana Tech,2229,Florida International,numberfire,-7,,51.5,,,
401114262,2019,regular,4,2019-09-21 00:00:00+00:00,2348,Louisiana Tech,2229,Florida International,consensus,-7,,51.5,,,
401114262,2019,regular,4,2019-09-21 00:00:00+00:00,2348,Louisiana Tech,2229,Florida International,Caesars,-7,,51.5,,,
401117500,2019,regular,2,2019-09-07 23:00:00+00:00,326,Texas State,2751,Wyoming,teamrankings,7.5,,48,,,
401117500,2019,regular,2,2019-09-07 23:00:00+00:00,326,Texas State,2751,Wyoming,numberfire,7.5,,48,,,
401117500,2019,regular,2,2019-09-07 23:00:00+00:00,326,Texas State,2751,Wyoming,consensus,7.5,,47.5,,,
401117500,2019,regular,2,2019-09-07 23:00:00+00:00,326,Texas State,2751,Wyoming,Caesars,7.5,,47,,,
401110790,2019,regular,3,2019-09-14 23:30:00+00:00,99,LSU,2466,Northwestern State,consensus,-51.5,,68,,,
401117866,2019,regular,3,2019-09-14 22:00:00+00:00,58,South Florida,2569,South Carolina State,consensus,-25,,49.5,,,
401112193,2019,regular,5,2019-09-28 16:00:00+00:00,2294,Iowa,2393,Middle Tennessee,teamrankings,-23.5,,51,,,
401112193,2019,regular,5,2019-09-28 16:00:00+00:00,2294,Iowa,2393,Middle Tennessee,numberfire,-23.5,,50.5,,,
401112193,2019,regular,5,2019-09-28 16:00:00+00:00,2294,Iowa,2393,Middle Tennessee,consensus,-23.5,,51,,,
401112193,2019,regular,5,2019-09-28 16:00:00+00:00,2294,Iowa,2393,Middle Tennessee,Caesars,-23.5,,50.5,,,
401112161,2019,regular,5,2019-09-28 19:30:00+00:00,127,Michigan State,84,Indiana,teamrankings,-14,,43.5,,,
401112161,2019,regular,5,2019-09-28 19:30:00+00:00,127,Michigan State,84,Indiana,numberfire,-14,,43.5,,,
401112161,2019,regular,5,2019-09-28 19:30:00+00:00,127,Michigan State,84,Indiana,consensus,-14,,43,,,
401112161,2019,regular,5,2019-09-28 19:30:00+00:00,127,Michigan State,84,Indiana,Caesars,-14,,44.5,,,
401112468,2019,regular,5,2019-09-28 23:30:00+00:00,52,Florida State,152,NC State,teamrankings,-7,,62,,,
401112468,2019,regular,5,2019-09-28 23:30:00+00:00,52,Florida State,152,NC State,numberfire,-7,,62.5,,,
401112468,2019,regular,5,2019-09-28 23:30:00+00:00,52,Florida State,152,NC State,consensus,-7,,62.5,,,
401112468,2019,regular,5,2019-09-28 23:30:00+00:00,52,Florida State,152,NC State,Caesars,-7,,62.5,,,
401110835,2019,regular,9,2019-10-26 16:00:00+00:00,245,Texas A&M,344,Mississippi State,teamrankings,-10.5,,50,,,
401110835,2019,regular,9,2019-10-26 16:00:00+00:00,245,Texas A&M,344,Mississippi State,numberfire,-10.5,,50,,,
401110835,2019,regular,9,2019-10-26 16:00:00+00:00,245,Texas A&M,344,Mississippi State,consensus,-11,,50,,,
401110835,2019,regular,9,2019-10-26 16:00:00+00:00,245,Texas A&M,344,Mississippi State,Caesars,-11,,50.5,,,
401114251,2019,regular,2,2019-09-07 01:00:00+00:00,68,Boise State,276,Marshall,teamrankings,-14,,58,,,
401114251,2019,regular,2,2019-09-07 01:00:00+00:00,68,Boise State,276,Marshall,numberfire,-14,,58,,,
401114251,2019,regular,2,2019-09-07 01:00:00+00:00,68,Boise State,276,Marshall,consensus,-13.5,,58,,,
401114251,2019,regular,2,2019-09-07 01:00:00+00:00,68,Boise State,276,Marshall,Caesars,-14,,58,,,
401112456,2019,regular,4,2019-09-21 23:30:00+00:00,228,Clemson,2429,Charlotte,teamrankings,-41.5,,62,,,
401112456,2019,regular,4,2019-09-21 23:30:00+00:00,228,Clemson,2429,Charlotte,numberfire,-41.5,,61.5,,,
401112456,2019,regular,4,2019-09-21 23:30:00+00:00,228,Clemson,2429,Charlotte,consensus,-41.5,,61.5,,,
401112456,2019,regular,4,2019-09-21 23:30:00+00:00,228,Clemson,2429,Charlotte,Caesars,-41.5,,61.5,,,
401112437,2019,regular,2,2019-09-07 00:00:00+00:00,258,Virginia,2729,William & Mary,consensus,-32.5,,52.5,,,
401110776,2019,regular,2,2019-09-07 20:00:00+00:00,61,Georgia,93,Murray State,consensus,-49.5,,61.5,,,
401114264,2019,regular,4,2019-09-21 23:30:00+00:00,249,North Texas,2636,UTSA,teamrankings,-17.5,,57,,,
401114264,2019,regular,4,2019-09-21 23:30:00+00:00,249,North Texas,2636,UTSA,numberfire,-17.5,,56.5,,,
401114264,2019,regular,4,2019-09-21 23:30:00+00:00,249,North Texas,2636,UTSA,consensus,-17.5,,57,,,
401114264,2019,regular,4,2019-09-21 23:30:00+00:00,249,North Texas,2636,UTSA,Caesars,-17,,56.5,,,
401110723,2019,regular,1,2019-08-24 23:00:00+00:00,57,Florida,2390,Miami,teamrankings,-7,,46,,,
401110723,2019,regular,1,2019-08-24 23:00:00+00:00,57,Florida,2390,Miami,numberfire,-7,,46.5,,,
401110723,2019,regular,1,2019-08-24 23:00:00+00:00,57,Florida,2390,Miami,consensus,-7,,46.5,,,
401110723,2019,regular,1,2019-08-24 23:00:00+00:00,57,Florida,2390,Miami,Caesars,-7,,46.5,,,
401112241,2019,regular,5,2019-09-28 23:30:00+00:00,158,Nebraska,194,Ohio State,teamrankings,17,,66,,,
401112241,2019,regular,5,2019-09-28 23:30:00+00:00,158,Nebraska,194,Ohio State,numberfire,17,,66,,,
401112241,2019,regular,5,2019-09-28 23:30:00+00:00,158,Nebraska,194,Ohio State,consensus,17,,65.5,,,
401112241,2019,regular,5,2019-09-28 23:30:00+00:00,158,Nebraska,194,Ohio State,Caesars,17,,65.5,,,
401110800,2019,regular,4,2019-09-22 00:00:00+00:00,61,Georgia,87,Notre Dame,teamrankings,-15.5,,58.5,,,
401110800,2019,regular,4,2019-09-22 00:00:00+00:00,61,Georgia,87,Notre Dame,numberfire,-15.5,,59,,,
401110800,2019,regular,4,2019-09-22 00:00:00+00:00,61,Georgia,87,Notre Dame,consensus,-16,,58.5,,,
401110800,2019,regular,4,2019-09-22 00:00:00+00:00,61,Georgia,87,Notre Dame,Caesars,-16,,59.5,,,
401112440,2019,regular,2,2019-09-07 21:00:00+00:00,52,Florida State,2433,UL Monroe,teamrankings,-22.5,,65.5,,,
401112440,2019,regular,2,2019-09-07 21:00:00+00:00,52,Florida State,2433,UL Monroe,numberfire,-23,,65.5,,,
401112440,2019,regular,2,2019-09-07 21:00:00+00:00,52,Florida State,2433,UL Monroe,consensus,-22.5,,65.5,,,
401112440,2019,regular,2,2019-09-07 21:00:00+00:00,52,Florida State,2433,UL Monroe,Caesars,-23.5,,66,,,
401114340,2019,regular,4,2019-09-21 20:30:00+00:00,167,New Mexico,166,New Mexico State,teamrankings,-4,,69,,,
401114340,2019,regular,4,2019-09-21 20:30:00+00:00,167,New Mexico,166,New Mexico State,numberfire,-4,,69,,,
401114340,2019,regular,4,2019-09-21 20:30:00+00:00,167,New Mexico,166,New Mexico State,consensus,-4,,68.5,,,
401114340,2019,regular,4,2019-09-21 20:30:00+00:00,167,New Mexico,166,New Mexico State,Caesars,-4,,69.5,,,
401112462,2019,regular,4,2019-09-21 16:00:00+00:00,183,Syracuse,2711,Western Michigan,teamrankings,-3.5,,67.5,,,
401112462,2019,regular,4,2019-09-21 16:00:00+00:00,183,Syracuse,2711,Western Michigan,numberfire,-4,,66,,,
401112462,2019,regular,4,2019-09-21 16:00:00+00:00,183,Syracuse,2711,Western Michigan,consensus,-3.5,,67,,,
401112462,2019,regular,4,2019-09-21 16:00:00+00:00,183,Syracuse,2711,Western Michigan,Caesars,-3.5,,66,,,
401112457,2019,regular,4,2019-09-21 19:30:00+00:00,52,Florida State,97,Louisville,teamrankings,-6.5,,61,,,
401112457,2019,regular,4,2019-09-21 19:30:00+00:00,52,Florida State,97,Louisville,numberfire,-6.5,,61,,,
401112457,2019,regular,4,2019-09-21 19:30:00+00:00,52,Florida State,97,Louisville,consensus,-6.5,,61,,,
401112457,2019,regular,4,2019-09-21 19:30:00+00:00,52,Florida State,97,Louisville,Caesars,-6.5,,61,,,
401112224,2019,regular,4,2019-09-21 16:00:00+00:00,275,Wisconsin,130,Michigan,teamrankings,-3,,46,,,
401112224,2019,regular,4,2019-09-21 16:00:00+00:00,275,Wisconsin,130,Michigan,numberfire,-3.5,,44.5,,,
401112224,2019,regular,4,2019-09-21 16:00:00+00:00,275,Wisconsin,130,Michigan,consensus,-3,,45,,,
401112224,2019,regular,4,2019-09-21 16:00:00+00:00,275,Wisconsin,130,Michigan,Caesars,-3.5,,45,,,
401114249,2019,regular,2,2019-09-07 23:00:00+00:00,2226,Florida Atlantic,2116,UCF,teamrankings,13.5,,69,,,
401114249,2019,regular,2,2019-09-07 23:00:00+00:00,2226,Florida Atlantic,2116,UCF,numberfire,13.5,,68,,,
401114249,2019,regular,2,2019-09-07 23:00:00+00:00,2226,Florida Atlantic,2116,UCF,consensus,14,,69,,,
401114249,2019,regular,2,2019-09-07 23:00:00+00:00,2226,Florida Atlantic,2116,UCF,Caesars,13.5,,69,,,
401112191,2019,regular,1,2019-08-31 23:30:00+00:00,2294,Iowa,193,Miami (OH),teamrankings,-25,,47.5,,,
401112191,2019,regular,1,2019-08-31 23:30:00+00:00,2294,Iowa,193,Miami (OH),numberfire,-22,,47,,,
401112191,2019,regular,1,2019-08-31 23:30:00+00:00,2294,Iowa,193,Miami (OH),consensus,-25,,47.5,,,
401112191,2019,regular,1,2019-08-31 23:30:00+00:00,2294,Iowa,193,Miami (OH),Caesars,-25,,47.5,,,
401110797,2019,regular,4,2019-09-21 16:00:00+00:00,333,Alabama,2572,Southern Miss,teamrankings,-36.5,,63,,,
401110797,2019,regular,4,2019-09-21 16:00:00+00:00,333,Alabama,2572,Southern Miss,numberfire,-37,,63,,,
401110797,2019,regular,4,2019-09-21 16:00:00+00:00,333,Alabama,2572,Southern Miss,consensus,-38,,63.5,,,
401110797,2019,regular,4,2019-09-21 16:00:00+00:00,333,Alabama,2572,Southern Miss,Caesars,-37.5,,64.5,,,
401117869,2019,regular,4,2019-09-20 00:00:00+00:00,2655,Tulane,248,Houston,teamrankings,-4,,57,,,
401117869,2019,regular,4,2019-09-20 00:00:00+00:00,2655,Tulane,248,Houston,numberfire,-4.5,,57.5,,,
401117869,2019,regular,4,2019-09-20 00:00:00+00:00,2655,Tulane,248,Houston,consensus,-4,,57.5,,,
401117869,2019,regular,4,2019-09-20 00:00:00+00:00,2655,Tulane,248,Houston,Caesars,-4,,58.5,,,
401121942,2019,regular,4,2019-09-21 23:00:00+00:00,326,Texas State,2247,Georgia State,teamrankings,-3,,62.5,,,
401121942,2019,regular,4,2019-09-21 23:00:00+00:00,326,Texas State,2247,Georgia State,numberfire,-3,,62.5,,,
401121942,2019,regular,4,2019-09-21 23:00:00+00:00,326,Texas State,2247,Georgia State,consensus,-3,,62.5,,,
401121942,2019,regular,4,2019-09-21 23:00:00+00:00,326,Texas State,2247,Georgia State,Caesars,-3,,62,,,
401114236,2019,regular,1,2019-08-30 00:00:00+00:00,2655,Tulane,2229,Florida International,teamrankings,-3,,60,,,
401114236,2019,regular,1,2019-08-30 00:00:00+00:00,2655,Tulane,2229,Florida International,numberfire,-3,,58.5,,,
401114236,2019,regular,1,2019-08-30 00:00:00+00:00,2655,Tulane,2229,Florida International,consensus,-3,,58.5,,,
401114236,2019,regular,1,2019-08-30 00:00:00+00:00,2655,Tulane,2229,Florida International,Caesars,-3,,59,,,
401110724,2019,regular,1,2019-08-31 16:00:00+00:00,96,Kentucky,2649,Toledo,teamrankings,-9.5,,60.5,,,
401110724,2019,regular,1,2019-08-31 16:00:00+00:00,96,Kentucky,2649,Toledo,numberfire,-12,,62,,,
401110724,2019,regular,1,2019-08-31 16:00:00+00:00,96,Kentucky,2649,Toledo,consensus,-10,,60.5,,,
401110724,2019,regular,1,2019-08-31 16:00:00+00:00,96,Kentucky,2649,Toledo,Caesars,-10,,59.5,,,
401112430,2019,regular,1,2019-08-31 00:00:00+00:00,154,Wake Forest,328,Utah State,teamrankings,-5,,61,,,
401112430,2019,regular,1,2019-08-31 00:00:00+00:00,154,Wake Forest,328,Utah State,numberfire,-4,,60,,,
401112430,2019,regular,1,2019-08-31 00:00:00+00:00,154,Wake Forest,328,Utah State,consensus,-4.5,,61.5,,,
401112262,2019,regular,1,2019-08-31 01:30:00+00:00,2440,Nevada,2509,Purdue,teamrankings,11,,58.5,,,
401112262,2019,regular,1,2019-08-31 01:30:00+00:00,2440,Nevada,2509,Purdue,numberfire,11,,58.5,,,
401112262,2019,regular,1,2019-08-31 01:30:00+00:00,2440,Nevada,2509,Purdue,consensus,11,,58.5,,,
401112262,2019,regular,1,2019-08-31 01:30:00+00:00,2440,Nevada,2509,Purdue,Caesars,11,,58.5,,,
401114184,2019,regular,1,2019-08-31 02:00:00+00:00,38,Colorado,36,Colorado State,teamrankings,-12,,55,,,
401114184,2019,regular,1,2019-08-31 02:00:00+00:00,38,Colorado,36,Colorado State,numberfire,-13.5,,55.5,,,
401114184,2019,regular,1,2019-08-31 02:00:00+00:00,38,Colorado,36,Colorado State,consensus,-13,,55.5,,,
401114184,2019,regular,1,2019-08-31 02:00:00+00:00,38,Colorado,36,Colorado State,Caesars,-12,,55.5,,,
401112122,2019,regular,1,2019-08-31 02:30:00+00:00,204,Oregon State,197,Oklahoma State,teamrankings,13.5,,73.5,,,
401112122,2019,regular,1,2019-08-31 02:30:00+00:00,204,Oregon State,197,Oklahoma State,numberfire,14,,72,,,
401112122,2019,regular,1,2019-08-31 02:30:00+00:00,204,Oregon State,197,Oklahoma State,consensus,13.5,,73,,,
401112122,2019,regular,1,2019-08-31 02:30:00+00:00,204,Oregon State,197,Oklahoma State,Caesars,13,,73,,,
401112251,2019,regular,1,2019-08-31 16:00:00+00:00,194,Ohio State,2226,Florida Atlantic,teamrankings,-27,,66,,,
401112251,2019,regular,1,2019-08-31 16:00:00+00:00,194,Ohio State,2226,Florida Atlantic,numberfire,-27.5,,64,,,
401112251,2019,regular,1,2019-08-31 16:00:00+00:00,194,Ohio State,2226,Florida Atlantic,consensus,-28,,66,,,
401112251,2019,regular,1,2019-08-31 16:00:00+00:00,194,Ohio State,2226,Florida Atlantic,Caesars,-28,,66,,,
401112238,2019,regular,1,2019-08-31 16:00:00+00:00,158,Nebraska,6,South Alabama,teamrankings,-35,,65,,,
401112238,2019,regular,1,2019-08-31 16:00:00+00:00,158,Nebraska,6,South Alabama,numberfire,-36,,66,,,
401112238,2019,regular,1,2019-08-31 16:00:00+00:00,158,Nebraska,6,South Alabama,consensus,-35.5,,65.5,,,
401112238,2019,regular,1,2019-08-31 16:00:00+00:00,158,Nebraska,6,South Alabama,Caesars,-35.5,,65.5,,,
401110726,2019,regular,1,2019-08-31 16:00:00+00:00,235,Memphis,145,Ole Miss,teamrankings,-3,,63.5,,,
401110726,2019,regular,1,2019-08-31 16:00:00+00:00,235,Memphis,145,Ole Miss,numberfire,-5,,66.5,,,
401110726,2019,regular,1,2019-08-31 16:00:00+00:00,235,Memphis,145,Ole Miss,consensus,-3.5,,65,,,
401110726,2019,regular,1,2019-08-31 16:00:00+00:00,235,Memphis,145,Ole Miss,Caesars,-3,,65,,,
401110727,2019,regular,1,2019-08-31 16:00:00+00:00,309,Louisiana,344,Mississippi State,teamrankings,19,,61.5,,,
401110727,2019,regular,1,2019-08-31 16:00:00+00:00,309,Louisiana,344,Mississippi State,numberfire,20,,60,,,
401110727,2019,regular,1,2019-08-31 16:00:00+00:00,309,Louisiana,344,Mississippi State,consensus,18.5,,60.5,,,
401110727,2019,regular,1,2019-08-31 16:00:00+00:00,309,Louisiana,344,Mississippi State,Caesars,18.5,,60,,,
401112145,2019,regular,1,2019-08-31 16:00:00+00:00,356,Illinois,2006,Akron,teamrankings,-18,,60.5,,,
401112145,2019,regular,1,2019-08-31 16:00:00+00:00,356,Illinois,2006,Akron,numberfire,-18,,61,,,
401112145,2019,regular,1,2019-08-31 16:00:00+00:00,356,Illinois,2006,Akron,consensus,-18,,60,,,
401112145,2019,regular,1,2019-08-31 16:00:00+00:00,356,Illinois,2006,Akron,Caesars,-18,,60,,,
401112157,2019,regular,1,2019-08-31 16:00:00+00:00,2050,Ball State,84,Indiana,teamrankings,18,,61,,,
401112157,2019,regular,1,2019-08-31 16:00:00+00:00,2050,Ball State,84,Indiana,numberfire,17.5,,60,,,
401112157,2019,regular,1,2019-08-31 16:00:00+00:00,2050,Ball State,84,Indiana,consensus,18,,61.5,,,
401112157,2019,regular,1,2019-08-31 16:00:00+00:00,2050,Ball State,84,Indiana,Caesars,18,,61.5,,,
401112431,2019,regular,1,2019-08-31 16:00:00+00:00,52,Florida State,68,Boise State,teamrankings,-6.5,,55,,,
401112431,2019,regular,1,2019-08-31 16:00:00+00:00,52,Florida State,68,Boise State,numberfire,-5,,51.5,,,
401112431,2019,regular,1,2019-08-31 16:00:00+00:00,52,Florida State,68,Boise State,consensus,-6.5,,54.5,,,
401112431,2019,regular,1,2019-08-31 16:00:00+00:00,52,Florida State,68,Boise State,Caesars,-6.5,,54.5,,,
401112432,2019,regular,1,2019-08-31 16:00:00+00:00,152,NC State,151,East Carolina,teamrankings,-17.5,,52,,,
401112432,2019,regular,1,2019-08-31 16:00:00+00:00,152,NC State,151,East Carolina,numberfire,-17,,53.5,,,
401112432,2019,regular,1,2019-08-31 16:00:00+00:00,152,NC State,151,East Carolina,consensus,-17.5,,51.5,,,
401112432,2019,regular,1,2019-08-31 16:00:00+00:00,152,NC State,151,East Carolina,Caesars,-17.5,,51.5,,,
401114164,2019,regular,1,2019-08-25 02:30:00+00:00,62,Hawai'i,12,Arizona,teamrankings,10,,71,,,
401114164,2019,regular,1,2019-08-25 02:30:00+00:00,62,Hawai'i,12,Arizona,numberfire,10.5,,71,,,
401114164,2019,regular,1,2019-08-25 02:30:00+00:00,62,Hawai'i,12,Arizona,consensus,10.5,,71,,,
401114164,2019,regular,1,2019-08-25 02:30:00+00:00,62,Hawai'i,12,Arizona,Caesars,10.5,,71,,,
401111653,2019,regular,1,2019-08-30 00:00:00+00:00,228,Clemson,59,Georgia Tech,teamrankings,-37,,60.5,,,
401111653,2019,regular,1,2019-08-30 00:00:00+00:00,228,Clemson,59,Georgia Tech,numberfire,-37,,60.5,,,
401111653,2019,regular,1,2019-08-30 00:00:00+00:00,228,Clemson,59,Georgia Tech,consensus,-36.5,,60.5,,,
401111653,2019,regular,1,2019-08-30 00:00:00+00:00,228,Clemson,59,Georgia Tech,Caesars,-36,,60.5,,,
401110731,2019,regular,1,2019-08-30 00:30:00+00:00,245,Texas A&M,326,Texas State,teamrankings,-33.5,,56.5,,,
401110731,2019,regular,1,2019-08-30 00:30:00+00:00,245,Texas A&M,326,Texas State,numberfire,-33,,57,,,
401110731,2019,regular,1,2019-08-30 00:30:00+00:00,245,Texas A&M,326,Texas State,consensus,-33,,57.5,,,
401110731,2019,regular,1,2019-08-30 00:30:00+00:00,245,Texas A&M,326,Texas State,Caesars,-33.5,,57.5,,,
401114223,2019,regular,1,2019-08-30 02:15:00+00:00,252,BYU,254,Utah,teamrankings,6.5,,49,,,
401114223,2019,regular,1,2019-08-30 02:15:00+00:00,252,BYU,254,Utah,numberfire,6.5,,48,,,
401114223,2019,regular,1,2019-08-30 02:15:00+00:00,252,BYU,254,Utah,consensus,5.5,,48.5,,,
401114223,2019,regular,1,2019-08-30 02:15:00+00:00,252,BYU,254,Utah,Caesars,6,,48.5,,,
401117854,2019,regular,1,2019-08-29 23:00:00+00:00,2132,Cincinnati,26,UCLA,teamrankings,-2.5,,55.5,,,
401117854,2019,regular,1,2019-08-29 23:00:00+00:00,2132,Cincinnati,26,UCLA,numberfire,-3,,57.5,,,
401117854,2019,regular,1,2019-08-29 23:00:00+00:00,2132,Cincinnati,26,UCLA,consensus,-2.5,,55.5,,,
401117854,2019,regular,1,2019-08-29 23:00:00+00:00,2132,Cincinnati,26,UCLA,Caesars,-2,,55.5,,,
401114153,2019,regular,1,2019-08-30 02:00:00+00:00,9,Arizona State,2309,Kent State,teamrankings,-24.5,,61.5,,,
401114153,2019,regular,1,2019-08-30 02:00:00+00:00,9,Arizona State,2309,Kent State,numberfire,-24.5,,60.5,,,
401114153,2019,regular,1,2019-08-30 02:00:00+00:00,9,Arizona State,2309,Kent State,consensus,-24.5,,61.5,,,
401114153,2019,regular,1,2019-08-30 02:00:00+00:00,9,Arizona State,2309,Kent State,Caesars,-24.5,,62,,,
401112212,2019,regular,1,2019-08-30 23:00:00+00:00,127,Michigan State,202,Tulsa,teamrankings,-22,,47.5,,,
401112212,2019,regular,1,2019-08-30 23:00:00+00:00,127,Michigan State,202,Tulsa,numberfire,-23.5,,48,,,
401112212,2019,regular,1,2019-08-30 23:00:00+00:00,127,Michigan State,202,Tulsa,consensus,-23.5,,47.5,,,
401112212,2019,regular,1,2019-08-30 23:00:00+00:00,127,Michigan State,202,Tulsa,Caesars,-23.5,,47.5,,,
401117856,2019,regular,1,2019-08-30 23:55:00+00:00,58,South Florida,275,Wisconsin,teamrankings,10,,58,,,
401117856,2019,regular,1,2019-08-30 23:55:00+00:00,58,South Florida,275,Wisconsin,numberfire,11,,58.5,,,
401117856,2019,regular,1,2019-08-30 23:55:00+00:00,58,South Florida,275,Wisconsin,consensus,10.5,,58,,,
401117856,2019,regular,1,2019-08-30 23:55:00+00:00,58,South Florida,275,Wisconsin,Caesars,10.5,,58,,,
401114238,2019,regular,1,2019-08-30 22:00:00+00:00,349,Army,242,Rice,teamrankings,-23.5,,46.5,,,
401114238,2019,regular,1,2019-08-30 22:00:00+00:00,349,Army,242,Rice,numberfire,-21.5,,48,,,
401114238,2019,regular,1,2019-08-30 22:00:00+00:00,349,Army,242,Rice,consensus,-23.5,,46,,,
401114238,2019,regular,1,2019-08-30 22:00:00+00:00,349,Army,242,Rice,Caesars,-23.5,,46,,,
401112264,2019,regular,1,2019-08-30 23:15:00+00:00,164,Rutgers,113,Massachusetts,teamrankings,-17,,54,,,
401112264,2019,regular,1,2019-08-30 23:15:00+00:00,164,Rutgers,113,Massachusetts,numberfire,-16,,54.5,,,
401112264,2019,regular,1,2019-08-30 23:15:00+00:00,164,Rutgers,113,Massachusetts,consensus,-17,,54,,,
401110860,2019,regular,13,2019-11-24 00:30:00+00:00,344,Mississippi State,2000,Abilene Christian,consensus,-37,,57,,,
401110855,2019,regular,13,2019-11-23 17:00:00+00:00,333,Alabama,2717,Western Carolina,consensus,-58.5,,61.5,,,
401110856,2019,regular,13,2019-11-23 17:00:00+00:00,2,Auburn,2535,Samford,consensus,-45.5,,64,,,
