game_id,season,season_type,week,start_date,home_team_id,home_team,away_team_id,away_team,provider,spread,spread_open,over_under,over_under_open,home_moneyline,away_moneyline
401237129,2020,regular,11,2020-11-15 00:00:00+00:00,57,Florida,8,Arkansas,teamrankings,-17,,61.5,,,
401237129,2020,regular,11,2020-11-15 00:00:00+00:00,57,Florida,8,Arkansas,numberfire,-16.5,,61.5,,,
401237129,2020,regular,11,2020-11-15 00:00:00+00:00,57,Florida,8,Arkansas,consensus,-17,,62,,,
401237129,2020,regular,11,2020-11-15 00:00:00+00:00,57,Florida,8,Arkansas,Caesars,-17,,61.5,,,
401237129,2020,regular,11,2020-11-15 00:00:00+00:00,57,Florida,8,Arkansas,Bovada,-17,,62,,,
401249018,2020,regular,12,2020-11-21 02:30:00+00:00,2005,Air Force,167,New Mexico,numberfire,-9.5,,56.5,,,
401249018,2020,regular,12,2020-11-21 02:30:00+00:00,2005,Air Force,167,New Mexico,consensus,-8,,55.5,,,
401249018,2020,regular,12,2020-11-21 02:30:00+00:00,2005,Air Force,167,New Mexico,Caesars,-8,,55.5,,,
401249018,2020,regular,12,2020-11-21 02:30:00+00:00,2005,Air Force,167,New Mexico,teamrankings,-8.5,,56.5,,,
401249018,2020,regular,12,2020-11-21 02:30:00+00:00,2005,Air Force,167,New Mexico,Bovada,-8,,55,,,
401237135,2020,regular,12,2020-11-21 21:00:00+00:00,333,Alabama,96,Kentucky,teamrankings,-31.5,,57.5,,,
401237135,2020,regular,12,2020-11-21 21:00:00+00:00,333,Alabama,96,Kentucky,numberfire,-31.5,,57.5,,,
401237135,2020,regular,12,2020-11-21 21:00:00+00:00,333,Alabama,96,Kentucky,consensus,-31.5,,57.5,,,
401237135,2020,regular,12,2020-11-21 21:00:00+00:00,333,Alabama,96,Kentucky,Caesars,-32,,58,,,
401237135,2020,regular,12,2020-11-21 21:00:00+00:00,333,Alabama,96,Kentucky,Bovada,-31.5,,57.5,,,
401247326,2020,regular,12,2020-11-21 17:00:00+00:00,194,Ohio State,84,Indiana,teamrankings,-21.5,,66.5,,,
401247326,2020,regular,12,2020-11-21 17:00:00+00:00,194,Ohio State,84,Indiana,numberfire,-21.5,,67.5,,,
401247326,2020,regular,12,2020-11-21 17:00:00+00:00,194,Ohio State,84,Indiana,consensus,-21,,67.5,,,
401247326,2020,regular,12,2020-11-21 17:00:00+00:00,194,Ohio State,84,Indiana,Caesars,-21,,67.5,,,
401247326,2020,regular,12,2020-11-21 17:00:00+00:00,194,Ohio State,84,Indiana,Bovada,-21,,67,,,
401237136,2020,regular,12,2020-11-21 17:00:00+00:00,8,Arkansas,99,LSU,teamrankings,1.5,,64.5,,,
401237136,2020,regular,12,2020-11-21 17:00:00+00:00,8,Arkansas,99,LSU,numberfire,1.5,,65.5,,,
401237136,2020,regular,12,2020-11-21 17:00:00+00:00,8,Arkansas,99,LSU,consensus,1.5,,65,,,
401237136,2020,regular,12,2020-11-21 17:00:00+00:00,8,Arkansas,99,LSU,Caesars,1,,65,,,
401237136,2020,regular,12,2020-11-21 17:00:00+00:00,8,Arkansas,99,LSU,Bovada,1.5,,65,,,
401247314,2020,regular,11,2020-11-14 18:00:00+00:00,164,Rutgers,356,Illinois,teamrankings,-5.5,,51.5,,,
401247314,2020,regular,11,2020-11-14 18:00:00+00:00,164,Rutgers,356,Illinois,numberfire,-4.5,,51.5,,,
401247314,2020,regular,11,2020-11-14 18:00:00+00:00,164,Rutgers,356,Illinois,consensus,-5.5,,51.5,,,
401247314,2020,regular,11,2020-11-14 18:00:00+00:00,164,Rutgers,356,Illinois,Bovada,-5.5,,51.5,,,
401249410,2020,regular,12,2020-11-22 03:30:00+00:00,254,Utah,30,USC,teamrankings,2.5,,57.5,,,
401249410,2020,regular,12,2020-11-22 03:30:00+00:00,254,Utah,30,USC,numberfire,2.5,,57.5,,,
401249410,2020,regular,12,2020-11-22 03:30:00+00:00,254,Utah,30,USC,consensus,-1,,59,,,
401249410,2020,regular,12,2020-11-22 03:30:00+00:00,254,Utah,30,USC,Caesars,1,,59,,,
401249410,2020,regular,12,2020-11-22 03:30:00+00:00,254,Utah,30,USC,Bovada,1,,59,,,
401249415,2020,regular,12,2020-11-21 20:30:00+00:00,2483,Oregon,26,UCLA,teamrankings,-18.5,,61.5,,,
401249415,2020,regular,12,2020-11-21 20:30:00+00:00,2483,Oregon,26,UCLA,numberfire,-17.5,,61.5,,,
401249415,2020,regular,12,2020-11-21 20:30:00+00:00,2483,Oregon,26,UCLA,consensus,-17.5,,61.5,,,
401249415,2020,regular,12,2020-11-21 20:30:00+00:00,2483,Oregon,26,UCLA,Caesars,-17.5,,61.5,,,
401249415,2020,regular,12,2020-11-21 20:30:00+00:00,2483,Oregon,26,UCLA,Bovada,-18.5,,62,,,
401249872,2020,regular,12,2020-11-19 00:00:00+00:00,2117,Central Michigan,2711,Western Michigan,teamrankings,1,,59.5,,,
401249872,2020,regular,12,2020-11-19 00:00:00+00:00,2117,Central Michigan,2711,Western Michigan,numberfire,0.5,,59.5,,,
401249872,2020,regular,12,2020-11-19 00:00:00+00:00,2117,Central Michigan,2711,Western Michigan,consensus,1,,59.5,,,
401249872,2020,regular,12,2020-11-19 00:00:00+00:00,2117,Central Michigan,2711,Western Michigan,Caesars,0,,59.5,,,
401249872,2020,regular,12,2020-11-19 00:00:00+00:00,2117,Central Michigan,2711,Western Michigan,Bovada,1,,60,,,
401249871,2020,regular,12,2020-11-19 00:00:00+00:00,2199,Eastern Michigan,2649,Toledo,teamrankings,6.5,,62.5,,,
401249871,2020,regular,12,2020-11-19 00:00:00+00:00,2199,Eastern Michigan,2649,Toledo,numberfire,6.5,,61.5,,,
401249871,2020,regular,12,2020-11-19 00:00:00+00:00,2199,Eastern Michigan,2649,Toledo,consensus,6.5,,62,,,
401249871,2020,regular,12,2020-11-19 00:00:00+00:00,2199,Eastern Michigan,2649,Toledo,Caesars,6.5,,62,,,
401249871,2020,regular,12,2020-11-19 00:00:00+00:00,2199,Eastern Michigan,2649,Toledo,Bovada,7,,62.5,,,
401261674,2020,regular,12,2020-11-21 01:00:00+00:00,2226,Florida Atlantic,113,Massachusetts,teamrankings,-33.5,,50.5,,,
401261674,2020,regular,12,2020-11-21 01:00:00+00:00,2226,Florida Atlantic,113,Massachusetts,numberfire,-33.5,,50.5,,,
401261674,2020,regular,12,2020-11-21 01:00:00+00:00,2226,Florida Atlantic,113,Massachusetts,consensus,-34,,50.5,,,
401261674,2020,regular,12,2020-11-21 01:00:00+00:00,2226,Florida Atlantic,113,Massachusetts,Caesars,-34,,50.5,,,
401261674,2020,regular,12,2020-11-21 01:00:00+00:00,2226,Florida Atlantic,113,Massachusetts,Bovada,-34,,51,,,
401236027,2020,regular,12,2020-11-22 00:30:00+00:00,201,Oklahoma,197,Oklahoma State,teamrankings,-5.5,,59.5,,,
401236027,2020,regular,12,2020-11-22 00:30:00+00:00,201,Oklahoma,197,Oklahoma State,numberfire,-7.5,,59.5,,,
401236027,2020,regular,12,2020-11-22 00:30:00+00:00,201,Oklahoma,197,Oklahoma State,consensus,-6.5,,60.5,,,
401236027,2020,regular,12,2020-11-22 00:30:00+00:00,201,Oklahoma,197,Oklahoma State,Caesars,-7,,60.5,,,
401236027,2020,regular,12,2020-11-22 00:30:00+00:00,201,Oklahoma,197,Oklahoma State,Bovada,-6.5,,61,,,
401249413,2020,regular,12,2020-11-22 01:00:00+00:00,264,Washington,12,Arizona,teamrankings,-11.5,,53.5,,,
401249413,2020,regular,12,2020-11-22 01:00:00+00:00,264,Washington,12,Arizona,numberfire,-11.5,,53.5,,,
401249413,2020,regular,12,2020-11-22 01:00:00+00:00,264,Washington,12,Arizona,consensus,-12,,53.5,,,
401249413,2020,regular,12,2020-11-22 01:00:00+00:00,264,Washington,12,Arizona,Caesars,-11.5,,54,,,
401249413,2020,regular,12,2020-11-22 01:00:00+00:00,264,Washington,12,Arizona,Bovada,-12,,53.5,,,
401212487,2020,regular,7,2020-10-16 22:00:00+00:00,2655,Tulane,2567,SMU,teamrankings,6.5,,65,,,
401212487,2020,regular,7,2020-10-16 22:00:00+00:00,2655,Tulane,2567,SMU,numberfire,6.5,,65.5,,,
401212487,2020,regular,7,2020-10-16 22:00:00+00:00,2655,Tulane,2567,SMU,consensus,6.5,,65,,,
401212487,2020,regular,7,2020-10-16 22:00:00+00:00,2655,Tulane,2567,SMU,SugarHouse,6.5,,64.5,,,
401212487,2020,regular,7,2020-10-16 22:00:00+00:00,2655,Tulane,2567,SMU,Caesars,6.5,,65,,,
401212487,2020,regular,7,2020-10-16 22:00:00+00:00,2655,Tulane,2567,SMU,Bovada,6.5,,66,,,
401212541,2020,regular,3,2020-09-19 16:00:00+00:00,2132,Cincinnati,2046,Austin Peay,consensus,-39.5,,54,,,
401212544,2020,regular,10,2020-11-07 20:30:00+00:00,2132,Cincinnati,248,Houston,teamrankings,-12.5,,51.5,,,
401212544,2020,regular,10,2020-11-07 20:30:00+00:00,2132,Cincinnati,248,Houston,numberfire,-11.5,,51.5,,,
401212544,2020,regular,10,2020-11-07 20:30:00+00:00,2132,Cincinnati,248,Houston,consensus,-12.5,,51.5,,,
401212544,2020,regular,10,2020-11-07 20:30:00+00:00,2132,Cincinnati,248,Houston,Caesars,-12.5,,51.5,,,
401212544,2020,regular,10,2020-11-07 20:30:00+00:00,2132,Cincinnati,248,Houston,Bovada,-13.5,,57,,,
401234565,2020,regular,2,2020-09-12 16:00:00+00:00,153,North Carolina,183,Syracuse,teamrankings,-24,,67,,,
401234565,2020,regular,2,2020-09-12 16:00:00+00:00,153,North Carolina,183,Syracuse,numberfire,-24.5,,66.5,,,
401234565,2020,regular,2,2020-09-12 16:00:00+00:00,153,North Carolina,183,Syracuse,consensus,-24,,66.5,,,
401234565,2020,regular,2,2020-09-12 16:00:00+00:00,153,North Carolina,183,Syracuse,Caesars,-23.5,,66.5,,,
401234565,2020,regular,2,2020-09-12 16:00:00+00:00,153,North Carolina,183,Syracuse,Bovada,-24.5,,67,,,
401234567,2020,regular,3,2020-09-19 16:00:00+00:00,150,Duke,103,Boston College,teamrankings,-3.5,,49.5,,,
401234567,2020,regular,3,2020-09-19 16:00:00+00:00,150,Duke,103,Boston College,numberfire,-3.5,,50.5,,,
401234567,2020,regular,3,2020-09-19 16:00:00+00:00,150,Duke,103,Boston College,consensus,-3.5,,50.5,,,
401234567,2020,regular,3,2020-09-19 16:00:00+00:00,150,Duke,103,Boston College,Caesars,-4,,50.5,,,
401234567,2020,regular,3,2020-09-19 16:00:00+00:00,150,Duke,103,Boston College,Bovada,-3.5,,50.5,,,
401234571,2020,regular,3,2020-09-19 16:00:00+00:00,221,Pittsburgh,183,Syracuse,teamrankings,-21.5,,46.5,,,
401234571,2020,regular,3,2020-09-19 16:00:00+00:00,221,Pittsburgh,183,Syracuse,numberfire,-20.5,,47.5,,,
401234571,2020,regular,3,2020-09-19 16:00:00+00:00,221,Pittsburgh,183,Syracuse,consensus,-21,,47,,,
401234571,2020,regular,3,2020-09-19 16:00:00+00:00,221,Pittsburgh,183,Syracuse,Caesars,-21,,47.5,,,
401234571,2020,regular,3,2020-09-19 16:00:00+00:00,221,Pittsburgh,183,Syracuse,Bovada,-21.5,,47,,,
401234576,2020,regular,1,2020-09-08 00:00:00+00:00,2426,Navy,252,BYU,teamrankings,1,,48.5,,,
401234576,2020,regular,1,2020-09-08 00:00:00+00:00,2426,Navy,252,BYU,numberfire,1.5,,48.5,,,
401234576,2020,regular,1,2020-09-08 00:00:00+00:00,2426,Navy,252,BYU,consensus,1,,48.5,,,
401234576,2020,regular,1,2020-09-08 00:00:00+00:00,2426,Navy,252,BYU,Caesars,1.5,,48,,,
401234576,2020,regular,1,2020-09-08 00:00:00+00:00,2426,Navy,252,BYU,Bovada,1,,48,,,
401234594,2020,regular,4,2020-09-26 16:00:00+00:00,183,Syracuse,59,Georgia Tech,teamrankings,7.5,,52.5,,,
401234594,2020,regular,4,2020-09-26 16:00:00+00:00,183,Syracuse,59,Georgia Tech,numberfire,7.5,,51.5,,,
401234594,2020,regular,4,2020-09-26 16:00:00+00:00,183,Syracuse,59,Georgia Tech,consensus,7.5,,52,,,
401234594,2020,regular,4,2020-09-26 16:00:00+00:00,183,Syracuse,59,Georgia Tech,Caesars,7.5,,52,,,
401234594,2020,regular,4,2020-09-26 16:00:00+00:00,183,Syracuse,59,Georgia Tech,Bovada,7.5,,52,,,
401234595,2020,regular,4,2020-09-26 16:00:00+00:00,221,Pittsburgh,97,Louisville,teamrankings,-3,,53,,,
401234595,2020,regular,4,2020-09-26 16:00:00+00:00,221,Pittsburgh,97,Louisville,numberfire,-2.5,,53.5,,,
401234595,2020,regular,4,2020-09-26 16:00:00+00:00,221,Pittsburgh,97,Louisville,consensus,-2.5,,53.5,,,
401234595,2020,regular,4,2020-09-26 16:00:00+00:00,221,Pittsburgh,97,Louisville,Caesars,-2.5,,54,,,
401234595,2020,regular,4,2020-09-26 16:00:00+00:00,221,Pittsburgh,97,Louisville,Bovada,-3,,54,,,
401234600,2020,regular,5,2020-10-03 16:00:00+00:00,221,Pittsburgh,152,NC State,teamrankings,-14,,45.5,,,
401234600,2020,regular,5,2020-10-03 16:00:00+00:00,221,Pittsburgh,152,NC State,numberfire,-13.5,,46.5,,,
401234600,2020,regular,5,2020-10-03 16:00:00+00:00,221,Pittsburgh,152,NC State,consensus,-14,,46,,,
401234600,2020,regular,5,2020-10-03 16:00:00+00:00,221,Pittsburgh,152,NC State,Caesars,-14,,46,,,
401234600,2020,regular,5,2020-10-03 16:00:00+00:00,221,Pittsburgh,152,NC State,Bovada,-14,,46,,,
401234615,2020,regular,7,2020-10-17 16:00:00+00:00,183,Syracuse,2335,Liberty,teamrankings,3,,55,,,
401234615,2020,regular,7,2020-10-17 16:00:00+00:00,183,Syracuse,2335,Liberty,numberfire,2.5,,53.5,,,
401234615,2020,regular,7,2020-10-17 16:00:00+00:00,183,Syracuse,2335,Liberty,consensus,3,,54.5,,,
401234615,2020,regular,7,2020-10-17 16:00:00+00:00,183,Syracuse,2335,Liberty,SugarHouse,3,,54,,,
401234615,2020,regular,7,2020-10-17 16:00:00+00:00,183,Syracuse,2335,Liberty,Caesars,2.5,,54,,,
401234615,2020,regular,7,2020-10-17 16:00:00+00:00,183,Syracuse,2335,Liberty,Bovada,3,,54,,,
401234617,2020,regular,8,2020-10-24 20:00:00+00:00,103,Boston College,59,Georgia Tech,teamrankings,-3.5,,57.5,,,
401234617,2020,regular,8,2020-10-24 20:00:00+00:00,103,Boston College,59,Georgia Tech,numberfire,-3.5,,57.5,,,
401234617,2020,regular,8,2020-10-24 20:00:00+00:00,103,Boston College,59,Georgia Tech,consensus,-3.5,,57.5,,,
401234617,2020,regular,8,2020-10-24 20:00:00+00:00,103,Boston College,59,Georgia Tech,SugarHouse,-3.5,,56.5,,,
401234617,2020,regular,8,2020-10-24 20:00:00+00:00,103,Boston College,59,Georgia Tech,Caesars,-3.5,,56.5,,,
401234617,2020,regular,8,2020-10-24 20:00:00+00:00,103,Boston College,59,Georgia Tech,Bovada,-3.5,,57,,,
401234625,2020,regular,9,2020-10-31 23:00:00+00:00,150,Duke,2429,Charlotte,teamrankings,-11.5,,55,,,
401234625,2020,regular,9,2020-10-31 23:00:00+00:00,150,Duke,2429,Charlotte,numberfire,-10.5,,54.5,,,
401234625,2020,regular,9,2020-10-31 23:00:00+00:00,150,Duke,2429,Charlotte,consensus,-10.5,,55,,,
401234625,2020,regular,9,2020-10-31 23:00:00+00:00,150,Duke,2429,Charlotte,SugarHouse,-11.5,,55,,,
401234625,2020,regular,9,2020-10-31 23:00:00+00:00,150,Duke,2429,Charlotte,Caesars,-11,,55,,,
401234625,2020,regular,9,2020-10-31 23:00:00+00:00,150,Duke,2429,Charlotte,Bovada,-10.5,,,,,
401234629,2020,regular,9,2020-10-31 16:00:00+00:00,183,Syracuse,154,Wake Forest,teamrankings,14,,59.5,,,
401234629,2020,regular,9,2020-10-31 16:00:00+00:00,183,Syracuse,154,Wake Forest,numberfire,13.5,,60.5,,,
401234629,2020,regular,9,2020-10-31 16:00:00+00:00,183,Syracuse,154,Wake Forest,consensus,14,,59.5,,,
401234629,2020,regular,9,2020-10-31 16:00:00+00:00,183,Syracuse,154,Wake Forest,SugarHouse,14,,58.5,,,
401234629,2020,regular,9,2020-10-31 16:00:00+00:00,183,Syracuse,154,Wake Forest,Caesars,14,,59.5,,,
401234629,2020,regular,9,2020-10-31 16:00:00+00:00,183,Syracuse,154,Wake Forest,Bovada,11,,,,,
401234637,2020,regular,11,2020-11-14 20:30:00+00:00,103,Boston College,87,Notre Dame,teamrankings,13,,51.5,,,
401234637,2020,regular,11,2020-11-14 20:30:00+00:00,103,Boston College,87,Notre Dame,numberfire,12.5,,51.5,,,
401234637,2020,regular,11,2020-11-14 20:30:00+00:00,103,Boston College,87,Notre Dame,consensus,13,,51.5,,,
401234637,2020,regular,11,2020-11-14 20:30:00+00:00,103,Boston College,87,Notre Dame,Caesars,13,,52,,,
401234637,2020,regular,11,2020-11-14 20:30:00+00:00,103,Boston College,87,Notre Dame,Bovada,13,,52,,,
401234649,2020,regular,13,2020-11-28 21:00:00+00:00,103,Boston College,97,Louisville,teamrankings,-1,,57,,,
401234649,2020,regular,13,2020-11-28 21:00:00+00:00,103,Boston College,97,Louisville,numberfire,-1.5,,55.5,,,
401234649,2020,regular,13,2020-11-28 21:00:00+00:00,103,Boston College,97,Louisville,consensus,-1,,56.5,,,
401234649,2020,regular,13,2020-11-28 21:00:00+00:00,103,Boston College,97,Louisville,Caesars,-1,,56,,,
401234649,2020,regular,13,2020-11-28 21:00:00+00:00,103,Boston College,97,Louisville,Bovada,-1,,56.5,,,
401234655,2020,regular,13,2020-11-28 17:00:00+00:00,183,Syracuse,152,NC State,teamrankings,17.5,,50.5,,,
401234655,2020,regular,13,2020-11-28 17:00:00+00:00,183,Syracuse,152,NC State,numberfire,17.5,,50.5,,,
401234655,2020,regular,13,2020-11-28 17:00:00+00:00,183,Syracuse,152,NC State,consensus,17,,50.5,,,
401234655,2020,regular,13,2020-11-28 17:00:00+00:00,183,Syracuse,152,NC State,Caesars,17,,50,,,
401234655,2020,regular,13,2020-11-28 17:00:00+00:00,183,Syracuse,152,NC State,Bovada,17,,50,,,
401236030,2020,regular,13,2020-11-29 01:00:00+00:00,2305,Kansas,2628,TCU,teamrankings,23.5,,51.5,,,
401236030,2020,regular,13,2020-11-29 01:00:00+00:00,2305,Kansas,2628,TCU,numberfire,23.5,,51.5,,,
401236030,2020,regular,13,2020-11-29 01:00:00+00:00,2305,Kansas,2628,TCU,consensus,23,,51,,,
401236030,2020,regular,13,2020-11-29 01:00:00+00:00,2305,Kansas,2628,TCU,Caesars,23,,51.5,,,
401236030,2020,regular,13,2020-11-29 01:00:00+00:00,2305,Kansas,2628,TCU,Bovada,23,,51.5,,,
401236221,2020,regular,2,2020-09-12 16:00:00+00:00,66,Iowa State,309,Louisiana,teamrankings,-13,,56.5,,,
401236221,2020,regular,2,2020-09-12 16:00:00+00:00,66,Iowa State,309,Louisiana,numberfire,-12.5,,55.5,,,
401236221,2020,regular,2,2020-09-12 16:00:00+00:00,66,Iowa State,309,Louisiana,consensus,-13.5,,56,,,
401236221,2020,regular,2,2020-09-12 16:00:00+00:00,66,Iowa State,309,Louisiana,Caesars,-13,,56.5,,,
401236221,2020,regular,2,2020-09-12 16:00:00+00:00,66,Iowa State,309,Louisiana,Bovada,-11,,56.5,,,
401236253,2020,regular,4,2020-09-26 16:00:00+00:00,2026,App State,2097,Campbell,consensus,-33.5,,54,,,
401236658,2020,regular,2,2020-09-13 02:00:00+00:00,2305,Kansas,324,Coastal Carolina,teamrankings,-5.5,,56.5,,,
401236658,2020,regular,2,2020-09-13 02:00:00+00:00,2305,Kansas,324,Coastal Carolina,numberfire,-5.5,,55.5,,,
401236658,2020,regular,2,2020-09-13 02:00:00+00:00,2305,Kansas,324,Coastal Carolina,consensus,-6,,55.5,,,
401236658,2020,regular,2,2020-09-13 02:00:00+00:00,2305,Kansas,324,Coastal Carolina,Caesars,-6,,56,,,
401236658,2020,regular,2,2020-09-13 02:00:00+00:00,2305,Kansas,324,Coastal Carolina,Bovada,-6.5,,55,,,
401240039,2020,regular,2,2020-09-12 23:00:00+00:00,58,South Florida,2643,The Citadel,consensus,-17.5,,51.5,,,
401240039,2020,regular,2,2020-09-12 23:00:00+00:00,58,South Florida,2643,The Citadel,Bovada,-17.5,,52.5,,,
401240233,2020,regular,2,2020-09-12 20:00:00+00:00,221,Pittsburgh,2046,Austin Peay,consensus,-30.5,,48.5,,,
401240233,2020,regular,2,2020-09-12 20:00:00+00:00,221,Pittsburgh,2046,Austin Peay,Bovada,-31,,49,,,
401240996,2020,regular,4,2020-09-26 19:30:00+00:00,2132,Cincinnati,349,Army,teamrankings,-12.5,,44,,,
401240996,2020,regular,4,2020-09-26 19:30:00+00:00,2132,Cincinnati,349,Army,numberfire,-11.5,,44.5,,,
401240996,2020,regular,4,2020-09-26 19:30:00+00:00,2132,Cincinnati,349,Army,consensus,-12.5,,44.5,,,
401240996,2020,regular,4,2020-09-26 19:30:00+00:00,2132,Cincinnati,349,Army,Caesars,-12.5,,44.5,,,
401240996,2020,regular,4,2020-09-26 19:30:00+00:00,2132,Cincinnati,349,Army,Bovada,-12,,44.5,,,
401241303,2020,regular,4,2020-09-26 22:00:00+00:00,103,Boston College,326,Texas State,teamrankings,-21.5,,58,,,
401241303,2020,regular,4,2020-09-26 22:00:00+00:00,103,Boston College,326,Texas State,numberfire,-21.5,,57.5,,,
401241303,2020,regular,4,2020-09-26 22:00:00+00:00,103,Boston College,326,Texas State,consensus,-21.5,,57.5,,,
401241303,2020,regular,4,2020-09-26 22:00:00+00:00,103,Boston College,326,Texas State,Caesars,-21.5,,57,,,
401241303,2020,regular,4,2020-09-26 22:00:00+00:00,103,Boston College,326,Texas State,Bovada,-21.5,,57,,,
401247297,2020,regular,8,2020-10-24 00:00:00+00:00,275,Wisconsin,356,Illinois,teamrankings,-20.5,,51.5,,,
401247297,2020,regular,8,2020-10-24 00:00:00+00:00,275,Wisconsin,356,Illinois,numberfire,-20.5,,51.5,,,
401247297,2020,regular,8,2020-10-24 00:00:00+00:00,275,Wisconsin,356,Illinois,consensus,-20.5,,51.5,,,
401247297,2020,regular,8,2020-10-24 00:00:00+00:00,275,Wisconsin,356,Illinois,Caesars,-20.5,,52,,,
401247297,2020,regular,8,2020-10-24 00:00:00+00:00,275,Wisconsin,356,Illinois,Bovada,-20,,51.5,,,
401247321,2020,regular,12,2020-11-21 17:00:00+00:00,158,Nebraska,356,Illinois,teamrankings,-16.5,,60.5,,,
401247321,2020,regular,12,2020-11-21 17:00:00+00:00,158,Nebraska,356,Illinois,numberfire,-16.5,,60.5,,,
401247321,2020,regular,12,2020-11-21 17:00:00+00:00,158,Nebraska,356,Illinois,consensus,-16.5,,61.5,,,
401247321,2020,regular,12,2020-11-21 17:00:00+00:00,158,Nebraska,356,Illinois,Caesars,-16.5,,61,,,
401247321,2020,regular,12,2020-11-21 17:00:00+00:00,158,Nebraska,356,Illinois,Bovada,-17,,61,,,
401247323,2020,regular,12,2020-11-21 20:30:00+00:00,77,Northwestern,275,Wisconsin,teamrankings,7.5,,42.5,,,
401247323,2020,regular,12,2020-11-21 20:30:00+00:00,77,Northwestern,275,Wisconsin,numberfire,8.5,,44.5,,,
401247323,2020,regular,12,2020-11-21 20:30:00+00:00,77,Northwestern,275,Wisconsin,consensus,7.5,,44.5,,,
401247323,2020,regular,12,2020-11-21 20:30:00+00:00,77,Northwestern,275,Wisconsin,Caesars,7.5,,43.5,,,
401247323,2020,regular,12,2020-11-21 20:30:00+00:00,77,Northwestern,275,Wisconsin,Bovada,7.5,,43,,,
401247333,2020,regular,13,2020-11-28 17:00:00+00:00,130,Michigan,213,Penn State,teamrankings,0,,56,,,
401247333,2020,regular,13,2020-11-28 17:00:00+00:00,130,Michigan,213,Penn State,numberfire,-0.5,,56.5,,,
401247333,2020,regular,13,2020-11-28 17:00:00+00:00,130,Michigan,213,Penn State,consensus,-1,,56.5,,,
401247333,2020,regular,13,2020-11-28 17:00:00+00:00,130,Michigan,213,Penn State,Caesars,0,,56.5,,,
401247333,2020,regular,13,2020-11-28 17:00:00+00:00,130,Michigan,213,Penn State,Bovada,-1,,56,,,
401247345,2020,regular,15,2020-12-12 17:00:00+00:00,158,Nebraska,135,Minnesota,teamrankings,-8.5,,61.5,,,
401247345,2020,regular,15,2020-12-12 17:00:00+00:00,158,Nebraska,135,Minnesota,numberfire,-8.5,,61.5,,,
401247345,2020,regular,15,2020-12-12 17:00:00+00:00,158,Nebraska,135,Minnesota,consensus,-9.5,,61.5,,,
401247345,2020,regular,15,2020-12-12 17:00:00+00:00,158,Nebraska,135,Minnesota,William Hill (New Jersey),-9.5,,61.5,,,
401247345,2020,regular,15,2020-12-12 17:00:00+00:00,158,Nebraska,135,Minnesota,Bovada,-10.5,,59.5,,,
401248997,2020,regular,8,2020-10-24 23:00:00+00:00,68,Boise State,328,Utah State,teamrankings,-17,,51,,,
401248997,2020,regular,8,2020-10-24 23:00:00+00:00,68,Boise State,328,Utah State,numberfire,-17.5,,51.5,,,
401248997,2020,regular,8,2020-10-24 23:00:00+00:00,68,Boise State,328,Utah State,consensus,-17,,51.5,,,
401248997,2020,regular,8,2020-10-24 23:00:00+00:00,68,Boise State,328,Utah State,Caesars,-17,,51.5,,,
401248997,2020,regular,8,2020-10-24 23:00:00+00:00,68,Boise State,328,Utah State,Bovada,-17,,51.5,,,
401249003,2020,regular,9,2020-10-31 23:00:00+00:00,167,New Mexico,23,San José State,teamrankings,-13.5,,56.5,,,
401249003,2020,regular,9,2020-10-31 23:00:00+00:00,167,New Mexico,23,San José State,numberfire,-13.5,,57.5,,,
401249003,2020,regular,9,2020-10-31 23:00:00+00:00,167,New Mexico,23,San José State,consensus,-13.5,,55.5,,,
401249003,2020,regular,9,2020-10-31 23:00:00+00:00,167,New Mexico,23,San José State,SugarHouse,-13.5,,56,,,
401249003,2020,regular,9,2020-10-31 23:00:00+00:00,167,New Mexico,23,San José State,Caesars,-13.5,,55.5,,,
401249003,2020,regular,9,2020-10-31 23:00:00+00:00,167,New Mexico,23,San José State,Bovada,9.5,,,,,
401249007,2020,regular,10,2020-11-08 04:00:00+00:00,62,Hawai'i,167,New Mexico,teamrankings,-15,,61.5,,,
401249007,2020,regular,10,2020-11-08 04:00:00+00:00,62,Hawai'i,167,New Mexico,numberfire,-14.5,,65.5,,,
401249007,2020,regular,10,2020-11-08 04:00:00+00:00,62,Hawai'i,167,New Mexico,consensus,-14,,65.5,,,
401249007,2020,regular,10,2020-11-08 04:00:00+00:00,62,Hawai'i,167,New Mexico,Caesars,-14,,65.5,,,
401249007,2020,regular,10,2020-11-08 04:00:00+00:00,62,Hawai'i,167,New Mexico,Bovada,-15.5,,61.5,,,
401249010,2020,regular,10,2020-11-06 02:00:00+00:00,36,Colorado State,2751,Wyoming,teamrankings,3.5,,53.5,,,
401249010,2020,regular,10,2020-11-06 02:00:00+00:00,36,Colorado State,2751,Wyoming,numberfire,2.5,,54.5,,,
401249010,2020,regular,10,2020-11-06 02:00:00+00:00,36,Colorado State,2751,Wyoming,consensus,3.5,,53,,,
401249010,2020,regular,10,2020-11-06 02:00:00+00:00,36,Colorado State,2751,Wyoming,Caesars,3,,54,,,
401249010,2020,regular,10,2020-11-06 02:00:00+00:00,36,Colorado State,2751,Wyoming,Bovada,4,,52.5,,,
401249013,2020,regular,11,2020-11-14 19:30:00+00:00,328,Utah State,278,Fresno State,teamrankings,10.5,,51.5,,,
401249013,2020,regular,11,2020-11-14 19:30:00+00:00,328,Utah State,278,Fresno State,numberfire,10.5,,51.5,,,
401249013,2020,regular,11,2020-11-14 19:30:00+00:00,328,Utah State,278,Fresno State,consensus,11,,51.5,,,
401249013,2020,regular,11,2020-11-14 19:30:00+00:00,328,Utah State,278,Fresno State,Caesars,11,,51.5,,,
401249013,2020,regular,11,2020-11-14 19:30:00+00:00,328,Utah State,278,Fresno State,Bovada,11,,51.5,,,
401249014,2020,regular,11,2020-11-14 21:00:00+00:00,21,San Diego State,62,Hawai'i,teamrankings,-9.5,,51,,,
401249014,2020,regular,11,2020-11-14 21:00:00+00:00,21,San Diego State,62,Hawai'i,numberfire,-9.5,,50.5,,,
401249014,2020,regular,11,2020-11-14 21:00:00+00:00,21,San Diego State,62,Hawai'i,consensus,-10,,51,,,
401249014,2020,regular,11,2020-11-14 21:00:00+00:00,21,San Diego State,62,Hawai'i,Caesars,-10,,51,,,
401249014,2020,regular,11,2020-11-14 21:00:00+00:00,21,San Diego State,62,Hawai'i,Bovada,-10,,51,,,
401249016,2020,regular,11,2020-11-15 03:30:00+00:00,23,San José State,2439,UNLV,teamrankings,-16,,58,,,
401249016,2020,regular,11,2020-11-15 03:30:00+00:00,23,San José State,2439,UNLV,numberfire,-16.5,,58.5,,,
401249016,2020,regular,11,2020-11-15 03:30:00+00:00,23,San José State,2439,UNLV,consensus,-17,,61.5,,,
401249016,2020,regular,11,2020-11-15 03:30:00+00:00,23,San José State,2439,UNLV,Caesars,-17,,61,,,
401249016,2020,regular,11,2020-11-15 03:30:00+00:00,23,San José State,2439,UNLV,Bovada,-17,,62,,,
401249031,2020,regular,14,2020-12-06 00:00:00+00:00,21,San Diego State,36,Colorado State,teamrankings,-7.5,,45,,,
401249031,2020,regular,14,2020-12-06 00:00:00+00:00,21,San Diego State,36,Colorado State,numberfire,-7.5,,45.5,,,
401249031,2020,regular,14,2020-12-06 00:00:00+00:00,21,San Diego State,36,Colorado State,consensus,-7.5,,46.5,,,
401249031,2020,regular,14,2020-12-06 00:00:00+00:00,21,San Diego State,36,Colorado State,Caesars,-7.5,,46,,,
401249031,2020,regular,14,2020-12-06 00:00:00+00:00,21,San Diego State,36,Colorado State,Bovada,-7.5,,45.5,,,
401249033,2020,regular,14,2020-12-05 23:00:00+00:00,23,San José State,62,Hawai'i,teamrankings,2.5,,59,,,
401249033,2020,regular,14,2020-12-05 23:00:00+00:00,23,San José State,62,Hawai'i,numberfire,2.5,,59.5,,,
401249033,2020,regular,14,2020-12-05 23:00:00+00:00,23,San José State,62,Hawai'i,consensus,2.5,,59.5,,,
401249033,2020,regular,14,2020-12-05 23:00:00+00:00,23,San José State,62,Hawai'i,Caesars,3,,60,,,
401249033,2020,regular,14,2020-12-05 23:00:00+00:00,23,San José State,62,Hawai'i,Bovada,-6,,59.5,,,
401249038,2020,regular,15,2020-12-13 04:00:00+00:00,62,Hawai'i,2439,UNLV,teamrankings,-19.5,,60,,,
401249038,2020,regular,15,2020-12-13 04:00:00+00:00,62,Hawai'i,2439,UNLV,numberfire,-19.5,,60.5,,,
401249038,2020,regular,15,2020-12-13 04:00:00+00:00,62,Hawai'i,2439,UNLV,consensus,-18.5,,60,,,
401249038,2020,regular,15,2020-12-13 04:00:00+00:00,62,Hawai'i,2439,UNLV,William Hill (New Jersey),-19,,60,,,
401249038,2020,regular,15,2020-12-13 04:00:00+00:00,62,Hawai'i,2439,UNLV,Bovada,-19.5,,60,,,
401249400,2020,regular,10,2020-11-07 17:00:00+00:00,30,USC,9,Arizona State,teamrankings,-11.5,,56.5,,,
401249400,2020,regular,10,2020-11-07 17:00:00+00:00,30,USC,9,Arizona State,numberfire,-11.5,,57.5,,,
401249400,2020,regular,10,2020-11-07 17:00:00+00:00,30,USC,9,Arizona State,consensus,-11.5,,57.5,,,
401249400,2020,regular,10,2020-11-07 17:00:00+00:00,30,USC,9,Arizona State,Caesars,-11.5,,57.5,,,
401249400,2020,regular,10,2020-11-07 17:00:00+00:00,30,USC,9,Arizona State,Bovada,-11,,58,,,
401249405,2020,regular,11,2020-11-15 00:00:00+00:00,265,Washington State,2483,Oregon,teamrankings,10.5,,56.5,,,
401249405,2020,regular,11,2020-11-15 00:00:00+00:00,265,Washington State,2483,Oregon,numberfire,9.5,,57.5,,,
401249405,2020,regular,11,2020-11-15 00:00:00+00:00,265,Washington State,2483,Oregon,consensus,10.5,,57.5,,,
401249405,2020,regular,11,2020-11-15 00:00:00+00:00,265,Washington State,2483,Oregon,Caesars,10.5,,58,,,
401249405,2020,regular,11,2020-11-15 00:00:00+00:00,265,Washington State,2483,Oregon,Bovada,11,,58,,,
401249411,2020,regular,12,2020-11-21 20:30:00+00:00,204,Oregon State,25,California,teamrankings,1.5,,45.5,,,
401249411,2020,regular,12,2020-11-21 20:30:00+00:00,204,Oregon State,25,California,numberfire,0.5,,45.5,,,
401249411,2020,regular,12,2020-11-21 20:30:00+00:00,204,Oregon State,25,California,consensus,1,,46.5,,,
401249411,2020,regular,12,2020-11-21 20:30:00+00:00,204,Oregon State,25,California,Caesars,1,,47,,,
401249411,2020,regular,12,2020-11-21 20:30:00+00:00,204,Oregon State,25,California,Bovada,1,,46.5,,,
401249421,2020,regular,13,2020-11-29 01:00:00+00:00,26,UCLA,12,Arizona,teamrankings,-10,,70,,,
401249421,2020,regular,13,2020-11-29 01:00:00+00:00,26,UCLA,12,Arizona,numberfire,-10.5,,70.5,,,
401249421,2020,regular,13,2020-11-29 01:00:00+00:00,26,UCLA,12,Arizona,consensus,-7.5,,70.5,,,
401249421,2020,regular,13,2020-11-29 01:00:00+00:00,26,UCLA,12,Arizona,Caesars,-8.5,,71,,,
401249421,2020,regular,13,2020-11-29 01:00:00+00:00,26,UCLA,12,Arizona,Bovada,-10,,70,,,
401249425,2020,regular,14,2020-12-06 03:30:00+00:00,9,Arizona State,26,UCLA,teamrankings,-3,,56,,,
401249425,2020,regular,14,2020-12-06 03:30:00+00:00,9,Arizona State,26,UCLA,numberfire,-2.5,,56.5,,,
401249425,2020,regular,14,2020-12-06 03:30:00+00:00,9,Arizona State,26,UCLA,consensus,-2.5,,57.5,,,
401249425,2020,regular,14,2020-12-06 03:30:00+00:00,9,Arizona State,26,UCLA,Caesars,-2.5,,58,,,
401249425,2020,regular,14,2020-12-06 03:30:00+00:00,9,Arizona State,26,UCLA,Bovada,-3,,57.5,,,
401249426,2020,regular,14,2020-12-06 00:00:00+00:00,12,Arizona,38,Colorado,teamrankings,9.5,,57,,,
401249426,2020,regular,14,2020-12-06 00:00:00+00:00,12,Arizona,38,Colorado,numberfire,7.5,,57.5,,,
401249426,2020,regular,14,2020-12-06 00:00:00+00:00,12,Arizona,38,Colorado,consensus,9.5,,57.5,,,
401249426,2020,regular,14,2020-12-06 00:00:00+00:00,12,Arizona,38,Colorado,Caesars,9,,56.5,,,
401249426,2020,regular,14,2020-12-06 00:00:00+00:00,12,Arizona,38,Colorado,Bovada,9.5,,56,,,
401249428,2020,regular,15,2020-12-12 17:00:00+00:00,38,Colorado,254,Utah,teamrankings,2.5,,49,,,
401249428,2020,regular,15,2020-12-12 17:00:00+00:00,38,Colorado,254,Utah,numberfire,2.5,,49.5,,,
401249428,2020,regular,15,2020-12-12 17:00:00+00:00,38,Colorado,254,Utah,consensus,2.5,,49,,,
401249428,2020,regular,15,2020-12-12 17:00:00+00:00,38,Colorado,254,Utah,William Hill (New Jersey),2.5,,48.5,,,
401249428,2020,regular,15,2020-12-12 17:00:00+00:00,38,Colorado,254,Utah,Bovada,3,,49.5,,,
401249429,2020,regular,15,2020-12-12 00:00:00+00:00,12,Arizona,9,Arizona State,teamrankings,9,,57,,,
401249429,2020,regular,15,2020-12-12 00:00:00+00:00,12,Arizona,9,Arizona State,numberfire,8.5,,56.5,,,
401249429,2020,regular,15,2020-12-12 00:00:00+00:00,12,Arizona,9,Arizona State,consensus,9,,56.5,,,
401249429,2020,regular,15,2020-12-12 00:00:00+00:00,12,Arizona,9,Arizona State,William Hill (New Jersey),11,,55.5,,,
401249429,2020,regular,15,2020-12-12 00:00:00+00:00,12,Arizona,9,Arizona State,Bovada,8,,58,,,
401249867,2020,regular,12,2020-11-18 01:00:00+00:00,2309,Kent State,2006,Akron,teamrankings,-26.5,,59,,,
401249867,2020,regular,12,2020-11-18 01:00:00+00:00,2309,Kent State,2006,Akron,numberfire,-25.5,,59.5,,,
401249867,2020,regular,12,2020-11-18 01:00:00+00:00,2309,Kent State,2006,Akron,consensus,-26,,60,,,
401249867,2020,regular,12,2020-11-18 01:00:00+00:00,2309,Kent State,2006,Akron,Caesars,-26.5,,60,,,
401249867,2020,regular,12,2020-11-18 01:00:00+00:00,2309,Kent State,2006,Akron,Bovada,-26,,60,,,
401249873,2020,regular,13,2020-11-28 17:00:00+00:00,2649,Toledo,2050,Ball State,teamrankings,-9.5,,67,,,
401249873,2020,regular,13,2020-11-28 17:00:00+00:00,2649,Toledo,2050,Ball State,numberfire,-9.5,,66.5,,,
401249873,2020,regular,13,2020-11-28 17:00:00+00:00,2649,Toledo,2050,Ball State,consensus,-10,,67.5,,,
401249873,2020,regular,13,2020-11-28 17:00:00+00:00,2649,Toledo,2050,Ball State,Caesars,-10,,67,,,
401249873,2020,regular,13,2020-11-28 17:00:00+00:00,2649,Toledo,2050,Ball State,Bovada,-10,,67.5,,,
401249875,2020,regular,13,2020-11-28 17:00:00+00:00,2711,Western Michigan,2459,Northern Illinois,teamrankings,-18.5,,64.5,,,
401249875,2020,regular,13,2020-11-28 17:00:00+00:00,2711,Western Michigan,2459,Northern Illinois,numberfire,-18.5,,64.5,,,
401249875,2020,regular,13,2020-11-28 17:00:00+00:00,2711,Western Michigan,2459,Northern Illinois,consensus,-18.5,,64.5,,,
401249875,2020,regular,13,2020-11-28 17:00:00+00:00,2711,Western Michigan,2459,Northern Illinois,Caesars,-19.5,,64.5,,,
401249875,2020,regular,13,2020-11-28 17:00:00+00:00,2711,Western Michigan,2459,Northern Illinois,Bovada,-19,,64.5,,,
401249878,2020,regular,14,2020-12-05 19:00:00+00:00,2117,Central Michigan,2050,Ball State,teamrankings,2.5,,62.5,,,
401249878,2020,regular,14,2020-12-05 19:00:00+00:00,2117,Central Michigan,2050,Ball State,numberfire,2.5,,63.5,,,
401249878,2020,regular,14,2020-12-05 19:00:00+00:00,2117,Central Michigan,2050,Ball State,consensus,2.5,,63,,,
401249878,2020,regular,14,2020-12-05 19:00:00+00:00,2117,Central Michigan,2050,Ball State,Caesars,2.5,,63,,,
401249878,2020,regular,14,2020-12-05 19:00:00+00:00,2117,Central Michigan,2050,Ball State,Bovada,3,,63,,,
401249879,2020,regular,14,2020-12-05 19:00:00+00:00,2711,Western Michigan,2199,Eastern Michigan,teamrankings,-13.5,,67.5,,,
401249879,2020,regular,14,2020-12-05 19:00:00+00:00,2711,Western Michigan,2199,Eastern Michigan,numberfire,-13.5,,67.5,,,
401249879,2020,regular,14,2020-12-05 19:00:00+00:00,2711,Western Michigan,2199,Eastern Michigan,consensus,-13.5,,67.5,,,
401249879,2020,regular,14,2020-12-05 19:00:00+00:00,2711,Western Michigan,2199,Eastern Michigan,Caesars,-13.5,,67,,,
401249879,2020,regular,14,2020-12-05 19:00:00+00:00,2711,Western Michigan,2199,Eastern Michigan,Bovada,-13.5,,67.5,,,
401249880,2020,regular,14,2020-12-05 17:00:00+00:00,2459,Northern Illinois,2649,Toledo,teamrankings,9,,53.5,,,
401249880,2020,regular,14,2020-12-05 17:00:00+00:00,2459,Northern Illinois,2649,Toledo,numberfire,9.5,,53.5,,,
401249880,2020,regular,14,2020-12-05 17:00:00+00:00,2459,Northern Illinois,2649,Toledo,consensus,9.5,,53.5,,,
401249880,2020,regular,14,2020-12-05 17:00:00+00:00,2459,Northern Illinois,2649,Toledo,Caesars,10,,54,,,
401249880,2020,regular,14,2020-12-05 17:00:00+00:00,2459,Northern Illinois,2649,Toledo,Bovada,10,,53.5,,,
401249881,2020,regular,14,2020-12-05 19:00:00+00:00,2006,Akron,189,Bowling Green,teamrankings,-2.5,,54.5,,,
401249881,2020,regular,14,2020-12-05 19:00:00+00:00,2006,Akron,189,Bowling Green,numberfire,-2.5,,54.5,,,
401249881,2020,regular,14,2020-12-05 19:00:00+00:00,2006,Akron,189,Bowling Green,consensus,-2.5,,55.5,,,
401249881,2020,regular,14,2020-12-05 19:00:00+00:00,2006,Akron,189,Bowling Green,Caesars,-2.5,,55,,,
401249881,2020,regular,14,2020-12-05 19:00:00+00:00,2006,Akron,189,Bowling Green,Bovada,-3,,55,,,
401249892,2020,regular,13,2020-11-28 18:00:00+00:00,2006,Akron,193,Miami (OH),teamrankings,14,,55,,,
401249892,2020,regular,13,2020-11-28 18:00:00+00:00,2006,Akron,193,Miami (OH),numberfire,14.5,,55.5,,,
401249892,2020,regular,13,2020-11-28 18:00:00+00:00,2006,Akron,193,Miami (OH),consensus,14,,55.5,,,
401249892,2020,regular,13,2020-11-28 18:00:00+00:00,2006,Akron,193,Miami (OH),Caesars,14,,55,,,
401249892,2020,regular,13,2020-11-28 18:00:00+00:00,2006,Akron,193,Miami (OH),Bovada,14,,55.5,,,
401261454,2020,regular,11,2020-11-15 17:00:00+00:00,26,UCLA,25,California,teamrankings,3,,57.5,,,
401261454,2020,regular,11,2020-11-15 17:00:00+00:00,26,UCLA,25,California,numberfire,3.5,,56.5,,,
401261454,2020,regular,11,2020-11-15 17:00:00+00:00,26,UCLA,25,California,consensus,3.5,,57.5,,,
401261454,2020,regular,11,2020-11-15 17:00:00+00:00,26,UCLA,25,California,Caesars,3.5,,58,,,
401261454,2020,regular,11,2020-11-15 17:00:00+00:00,26,UCLA,25,California,Bovada,3.5,,57.5,,,
401269376,2020,regular,16,2020-12-20 00:00:00+00:00,26,UCLA,24,Stanford,teamrankings,-6.5,,59.5,,,
401269376,2020,regular,16,2020-12-20 00:00:00+00:00,26,UCLA,24,Stanford,numberfire,-6.5,,59.5,,,
401269376,2020,regular,16,2020-12-20 00:00:00+00:00,26,UCLA,24,Stanford,consensus,-6.5,,61,,,
401269376,2020,regular,16,2020-12-20 00:00:00+00:00,26,UCLA,24,Stanford,William Hill (New Jersey),-7,,61,,,
401269376,2020,regular,16,2020-12-20 00:00:00+00:00,26,UCLA,24,Stanford,Bovada,-7,,59,,,
401269378,2020,regular,16,2020-12-20 03:30:00+00:00,204,Oregon State,9,Arizona State,teamrankings,8,,53.5,,,
401269378,2020,regular,16,2020-12-20 03:30:00+00:00,204,Oregon State,9,Arizona State,numberfire,7.5,,53.5,,,
401269378,2020,regular,16,2020-12-20 03:30:00+00:00,204,Oregon State,9,Arizona State,consensus,7.5,,54.5,,,
401269378,2020,regular,16,2020-12-20 03:30:00+00:00,204,Oregon State,9,Arizona State,William Hill (New Jersey),7.5,,54.5,,,
401269378,2020,regular,16,2020-12-20 03:30:00+00:00,204,Oregon State,9,Arizona State,Bovada,7.5,,55,,,
401269381,2020,regular,16,2020-12-19 22:30:00+00:00,213,Penn State,356,Illinois,teamrankings,-16,,53.5,,,
401269381,2020,regular,16,2020-12-19 22:30:00+00:00,213,Penn State,356,Illinois,numberfire,-16.5,,53.5,,,
401269381,2020,regular,16,2020-12-19 22:30:00+00:00,213,Penn State,356,Illinois,consensus,-16,,52.5,,,
401269381,2020,regular,16,2020-12-19 22:30:00+00:00,213,Penn State,356,Illinois,William Hill (New Jersey),-16,,54.5,,,
401269381,2020,regular,16,2020-12-19 22:30:00+00:00,213,Penn State,356,Illinois,Bovada,-15,,52,,,
401207136,2020,regular,5,2020-10-03 20:00:00+00:00,2226,Florida Atlantic,2429,Charlotte,teamrankings,-5,,63,,,
401207136,2020,regular,5,2020-10-03 20:00:00+00:00,2226,Florida Atlantic,2429,Charlotte,numberfire,-5.5,,62.5,,,
401207136,2020,regular,5,2020-10-03 20:00:00+00:00,2226,Florida Atlantic,2429,Charlotte,consensus,-5,,62.5,,,
401207136,2020,regular,5,2020-10-03 20:00:00+00:00,2226,Florida Atlantic,2429,Charlotte,Caesars,-5,,62,,,
401207136,2020,regular,5,2020-10-03 20:00:00+00:00,2226,Florida Atlantic,2429,Charlotte,Bovada,-5,,62.5,,,
401209818,2020,regular,12,2020-11-21 20:00:00+00:00,252,BYU,2453,North Alabama,consensus,-50,,63,,,
401234570,2020,regular,3,2020-09-20 00:00:00+00:00,152,NC State,154,Wake Forest,teamrankings,2,,54,,,
401234570,2020,regular,3,2020-09-20 00:00:00+00:00,152,NC State,154,Wake Forest,numberfire,1.5,,52.5,,,
401234570,2020,regular,3,2020-09-20 00:00:00+00:00,152,NC State,154,Wake Forest,consensus,2,,53.5,,,
401234570,2020,regular,3,2020-09-20 00:00:00+00:00,152,NC State,154,Wake Forest,Caesars,2,,53,,,
401234570,2020,regular,3,2020-09-20 00:00:00+00:00,152,NC State,154,Wake Forest,Bovada,2,,53,,,
401237353,2020,regular,1,2020-09-05 17:00:00+00:00,276,Marshall,2198,Eastern Kentucky,consensus,-25.5,,55,,,
401237353,2020,regular,1,2020-09-05 17:00:00+00:00,276,Marshall,2198,Eastern Kentucky,Bovada,-26,,55,,,
401247299,2020,regular,8,2020-10-24 16:00:00+00:00,127,Michigan State,164,Rutgers,teamrankings,-9.5,,44.5,,,
401247299,2020,regular,8,2020-10-24 16:00:00+00:00,127,Michigan State,164,Rutgers,numberfire,-9.5,,45.5,,,
401247299,2020,regular,8,2020-10-24 16:00:00+00:00,127,Michigan State,164,Rutgers,consensus,-9.5,,44.5,,,
401247299,2020,regular,8,2020-10-24 16:00:00+00:00,127,Michigan State,164,Rutgers,Bovada,-9.5,,45,,,
401247329,2020,regular,13,2020-11-28 17:00:00+00:00,84,Indiana,120,Maryland,teamrankings,-11.5,,65,,,
401247329,2020,regular,13,2020-11-28 17:00:00+00:00,84,Indiana,120,Maryland,numberfire,-11.5,,62.5,,,
401247329,2020,regular,13,2020-11-28 17:00:00+00:00,84,Indiana,120,Maryland,consensus,-11.5,,62.5,,,
401247329,2020,regular,13,2020-11-28 17:00:00+00:00,84,Indiana,120,Maryland,Caesars,-11.5,,66,,,
401247329,2020,regular,13,2020-11-28 17:00:00+00:00,84,Indiana,120,Maryland,Bovada,-11,,65,,,
401249034,2020,regular,14,2020-12-06 03:30:00+00:00,167,New Mexico,2751,Wyoming,teamrankings,18,,52,,,
401249034,2020,regular,14,2020-12-06 03:30:00+00:00,167,New Mexico,2751,Wyoming,numberfire,18.5,,51.5,,,
401249034,2020,regular,14,2020-12-06 03:30:00+00:00,167,New Mexico,2751,Wyoming,consensus,15.5,,51,,,
401249034,2020,regular,14,2020-12-06 03:30:00+00:00,167,New Mexico,2751,Wyoming,Caesars,16,,51,,,
401249034,2020,regular,14,2020-12-06 03:30:00+00:00,167,New Mexico,2751,Wyoming,Bovada,15,,51,,,
401249036,2020,regular,15,2020-12-13 03:30:00+00:00,167,New Mexico,278,Fresno State,teamrankings,15,,56.5,,,
401249036,2020,regular,15,2020-12-13 03:30:00+00:00,167,New Mexico,278,Fresno State,numberfire,14.5,,56.5,,,
401249036,2020,regular,15,2020-12-13 03:30:00+00:00,167,New Mexico,278,Fresno State,consensus,14.5,,55.5,,,
401249036,2020,regular,15,2020-12-13 03:30:00+00:00,167,New Mexico,278,Fresno State,William Hill (New Jersey),14.5,,55.5,,,
401249036,2020,regular,15,2020-12-13 03:30:00+00:00,167,New Mexico,278,Fresno State,Bovada,14.5,,57,,,
401207134,2020,regular,4,2020-09-26 00:00:00+00:00,2636,UTSA,2393,Middle Tennessee,teamrankings,-6,,59,,,
401207134,2020,regular,4,2020-09-26 00:00:00+00:00,2636,UTSA,2393,Middle Tennessee,numberfire,-6.5,,58.5,,,
401207134,2020,regular,4,2020-09-26 00:00:00+00:00,2636,UTSA,2393,Middle Tennessee,consensus,-6,,58.5,,,
401207134,2020,regular,4,2020-09-26 00:00:00+00:00,2636,UTSA,2393,Middle Tennessee,Caesars,-6,,59.5,,,
401235996,2020,regular,4,2020-09-26 16:00:00+00:00,201,Oklahoma,2306,Kansas State,teamrankings,-28,,61.5,,,
401235996,2020,regular,4,2020-09-26 16:00:00+00:00,201,Oklahoma,2306,Kansas State,numberfire,-27.5,,61.5,,,
401235996,2020,regular,4,2020-09-26 16:00:00+00:00,201,Oklahoma,2306,Kansas State,consensus,-27.5,,61.5,,,
401235996,2020,regular,4,2020-09-26 16:00:00+00:00,201,Oklahoma,2306,Kansas State,Caesars,-27.5,,61.5,,,
401235996,2020,regular,4,2020-09-26 16:00:00+00:00,201,Oklahoma,2306,Kansas State,Bovada,-28,,62.5,,,
401236952,2020,regular,4,2020-09-26 16:00:00+00:00,145,Ole Miss,57,Florida,teamrankings,13.5,,59.5,,,
401236952,2020,regular,4,2020-09-26 16:00:00+00:00,145,Ole Miss,57,Florida,numberfire,14.5,,60.5,,,
401236952,2020,regular,4,2020-09-26 16:00:00+00:00,145,Ole Miss,57,Florida,consensus,14,,59.5,,,
401236952,2020,regular,4,2020-09-26 16:00:00+00:00,145,Ole Miss,57,Florida,Caesars,14,,60,,,
401236952,2020,regular,4,2020-09-26 16:00:00+00:00,145,Ole Miss,57,Florida,Bovada,14,,59.5,,,
401240282,2020,regular,5,2020-10-02 23:00:00+00:00,154,Wake Forest,2097,Campbell,consensus,-34.5,,68.5,,,
401212523,2020,regular,6,2020-10-08 23:30:00+00:00,248,Houston,2655,Tulane,teamrankings,-6,,58,,,
401212523,2020,regular,6,2020-10-08 23:30:00+00:00,248,Houston,2655,Tulane,numberfire,-6.5,,58.5,,,
401212523,2020,regular,6,2020-10-08 23:30:00+00:00,248,Houston,2655,Tulane,consensus,-6.5,,58,,,
401212523,2020,regular,6,2020-10-08 23:30:00+00:00,248,Houston,2655,Tulane,SugarHouse,-6.5,,58,,,
401212523,2020,regular,6,2020-10-08 23:30:00+00:00,248,Houston,2655,Tulane,Caesars,-6.5,,58.5,,,
401212523,2020,regular,6,2020-10-08 23:30:00+00:00,248,Houston,2655,Tulane,Bovada,-6.5,,58.5,,,
401234601,2020,regular,6,2020-10-09 23:00:00+00:00,59,Georgia Tech,97,Louisville,teamrankings,4,,62,,,
401234601,2020,regular,6,2020-10-09 23:00:00+00:00,59,Georgia Tech,97,Louisville,numberfire,4.5,,63.5,,,
401234601,2020,regular,6,2020-10-09 23:00:00+00:00,59,Georgia Tech,97,Louisville,consensus,4.5,,63,,,
401234601,2020,regular,6,2020-10-09 23:00:00+00:00,59,Georgia Tech,97,Louisville,SugarHouse,5,,63,,,
401234601,2020,regular,6,2020-10-09 23:00:00+00:00,59,Georgia Tech,97,Louisville,Caesars,4.5,,63,,,
401234601,2020,regular,6,2020-10-09 23:00:00+00:00,59,Georgia Tech,97,Louisville,Bovada,5,,63,,,
401234604,2020,regular,6,2020-10-10 23:30:00+00:00,228,Clemson,2390,Miami,teamrankings,-14,,59.5,,,
401234604,2020,regular,6,2020-10-10 23:30:00+00:00,228,Clemson,2390,Miami,numberfire,-14.5,,61.5,,,
401234604,2020,regular,6,2020-10-10 23:30:00+00:00,228,Clemson,2390,Miami,consensus,-14.5,,60.5,,,
401234604,2020,regular,6,2020-10-10 23:30:00+00:00,228,Clemson,2390,Miami,SugarHouse,-14.5,,58.5,,,
401234604,2020,regular,6,2020-10-10 23:30:00+00:00,228,Clemson,2390,Miami,Caesars,-14,,60,,,
401234604,2020,regular,6,2020-10-10 23:30:00+00:00,228,Clemson,2390,Miami,Bovada,-14,,60.5,,,
401215308,2020,regular,6,2020-10-10 19:30:00+00:00,2653,Troy,326,Texas State,teamrankings,-7,,59.5,,,
401215308,2020,regular,6,2020-10-10 19:30:00+00:00,2653,Troy,326,Texas State,numberfire,-7.5,,59.5,,,
401215308,2020,regular,6,2020-10-10 19:30:00+00:00,2653,Troy,326,Texas State,consensus,-7,,59.5,,,
401215308,2020,regular,6,2020-10-10 19:30:00+00:00,2653,Troy,326,Texas State,Caesars,-7,,59.5,,,
401215308,2020,regular,6,2020-10-10 19:30:00+00:00,2653,Troy,326,Texas State,Bovada,-7,,59,,,
401212515,2020,regular,6,2020-10-10 22:00:00+00:00,2426,Navy,218,Temple,numberfire,3.5,,50.5,,,
401212515,2020,regular,6,2020-10-10 22:00:00+00:00,2426,Navy,218,Temple,consensus,4,,51,,,
401212515,2020,regular,6,2020-10-10 22:00:00+00:00,2426,Navy,218,Temple,Caesars,4,,51,,,
401212515,2020,regular,6,2020-10-10 22:00:00+00:00,2426,Navy,218,Temple,Bovada,4,,51,,,
401237093,2020,regular,5,2020-10-03 19:30:00+00:00,333,Alabama,245,Texas A&M,teamrankings,-18,,54,,,
401237093,2020,regular,5,2020-10-03 19:30:00+00:00,333,Alabama,245,Texas A&M,numberfire,-17.5,,53.5,,,
401237093,2020,regular,5,2020-10-03 19:30:00+00:00,333,Alabama,245,Texas A&M,consensus,-18,,53.5,,,
401237093,2020,regular,5,2020-10-03 19:30:00+00:00,333,Alabama,245,Texas A&M,Caesars,-18,,53.5,,,
401237093,2020,regular,5,2020-10-03 19:30:00+00:00,333,Alabama,245,Texas A&M,Bovada,-18.5,,54,,,
401212531,2020,regular,5,2020-10-03 23:30:00+00:00,2116,UCF,202,Tulsa,teamrankings,-19.5,,70,,,
401212531,2020,regular,5,2020-10-03 23:30:00+00:00,2116,UCF,202,Tulsa,numberfire,-20.5,,70.5,,,
401212531,2020,regular,5,2020-10-03 23:30:00+00:00,2116,UCF,202,Tulsa,consensus,-20.5,,70,,,
401212531,2020,regular,5,2020-10-03 23:30:00+00:00,2116,UCF,202,Tulsa,Bovada,-21,,70,,,
401212486,2020,regular,5,2020-10-03 19:30:00+00:00,2567,SMU,235,Memphis,teamrankings,-1.5,,75,,,
401212486,2020,regular,5,2020-10-03 19:30:00+00:00,2567,SMU,235,Memphis,numberfire,-2.5,,75.5,,,
401212486,2020,regular,5,2020-10-03 19:30:00+00:00,2567,SMU,235,Memphis,consensus,-2,,74.5,,,
401212486,2020,regular,5,2020-10-03 19:30:00+00:00,2567,SMU,235,Memphis,Caesars,-2,,74.5,,,
401212486,2020,regular,5,2020-10-03 19:30:00+00:00,2567,SMU,235,Memphis,Bovada,-2.5,,75,,,
401207141,2020,regular,5,2020-10-03 16:30:00+00:00,5,UAB,2636,UTSA,teamrankings,-21.5,,55.5,,,
401207141,2020,regular,5,2020-10-03 16:30:00+00:00,5,UAB,2636,UTSA,numberfire,-22.5,,55.5,,,
401207141,2020,regular,5,2020-10-03 16:30:00+00:00,5,UAB,2636,UTSA,consensus,-21.5,,55,,,
401207141,2020,regular,5,2020-10-03 16:30:00+00:00,5,UAB,2636,UTSA,Caesars,-21,,55.5,,,
401207139,2020,regular,5,2020-10-03 23:30:00+00:00,249,North Texas,2572,Southern Miss,teamrankings,-1,,74,,,
401207139,2020,regular,5,2020-10-03 23:30:00+00:00,249,North Texas,2572,Southern Miss,numberfire,-2.5,,73.5,,,
401207139,2020,regular,5,2020-10-03 23:30:00+00:00,249,North Texas,2572,Southern Miss,consensus,-1.5,,74,,,
401207139,2020,regular,5,2020-10-03 23:30:00+00:00,249,North Texas,2572,Southern Miss,Caesars,-2,,74,,,
401207139,2020,regular,5,2020-10-03 23:30:00+00:00,249,North Texas,2572,Southern Miss,Bovada,-1.5,,74.5,,,
401237096,2020,regular,5,2020-10-03 16:00:00+00:00,57,Florida,2579,South Carolina,teamrankings,-14.5,,57,,,
401237096,2020,regular,5,2020-10-03 16:00:00+00:00,57,Florida,2579,South Carolina,numberfire,-14.5,,55.5,,,
401237096,2020,regular,5,2020-10-03 16:00:00+00:00,57,Florida,2579,South Carolina,consensus,-14.5,,56.5,,,
401237096,2020,regular,5,2020-10-03 16:00:00+00:00,57,Florida,2579,South Carolina,Caesars,-14.5,,57,,,
401237096,2020,regular,5,2020-10-03 16:00:00+00:00,57,Florida,2579,South Carolina,Bovada,-15,,57.5,,,
401237095,2020,regular,5,2020-10-03 23:30:00+00:00,61,Georgia,2,Auburn,teamrankings,-8,,44.5,,,
401237095,2020,regular,5,2020-10-03 23:30:00+00:00,61,Georgia,2,Auburn,numberfire,-7.5,,43.5,,,
401237095,2020,regular,5,2020-10-03 23:30:00+00:00,61,Georgia,2,Auburn,consensus,-7.5,,44.5,,,
401237095,2020,regular,5,2020-10-03 23:30:00+00:00,61,Georgia,2,Auburn,Caesars,-7.5,,45,,,
401237095,2020,regular,5,2020-10-03 23:30:00+00:00,61,Georgia,2,Auburn,Bovada,-7,,44.5,,,
401237094,2020,regular,5,2020-10-03 23:30:00+00:00,344,Mississippi State,8,Arkansas,teamrankings,-16.5,,68,,,
401237094,2020,regular,5,2020-10-03 23:30:00+00:00,344,Mississippi State,8,Arkansas,numberfire,-16.5,,68.5,,,
401237094,2020,regular,5,2020-10-03 23:30:00+00:00,344,Mississippi State,8,Arkansas,consensus,-16.5,,68.5,,,
401237094,2020,regular,5,2020-10-03 23:30:00+00:00,344,Mississippi State,8,Arkansas,Caesars,-17,,69,,,
401237094,2020,regular,5,2020-10-03 23:30:00+00:00,344,Mississippi State,8,Arkansas,Bovada,-17,,68.5,,,
401237098,2020,regular,5,2020-10-03 23:30:00+00:00,238,Vanderbilt,99,LSU,teamrankings,21,,49.5,,,
401237098,2020,regular,5,2020-10-03 23:30:00+00:00,238,Vanderbilt,99,LSU,numberfire,21.5,,49.5,,,
401237098,2020,regular,5,2020-10-03 23:30:00+00:00,238,Vanderbilt,99,LSU,consensus,21,,50,,,
401237098,2020,regular,5,2020-10-03 23:30:00+00:00,238,Vanderbilt,99,LSU,Caesars,21,,49.5,,,
401237098,2020,regular,5,2020-10-03 23:30:00+00:00,238,Vanderbilt,99,LSU,Bovada,21.5,,50,,,
401237099,2020,regular,5,2020-10-03 16:00:00+00:00,2633,Tennessee,142,Missouri,teamrankings,-10,,48.5,,,
401237099,2020,regular,5,2020-10-03 16:00:00+00:00,2633,Tennessee,142,Missouri,numberfire,-10.5,,48.5,,,
401237099,2020,regular,5,2020-10-03 16:00:00+00:00,2633,Tennessee,142,Missouri,consensus,-10,,49,,,
401237099,2020,regular,5,2020-10-03 16:00:00+00:00,2633,Tennessee,142,Missouri,Caesars,-10,,49,,,
401237099,2020,regular,5,2020-10-03 16:00:00+00:00,2633,Tennessee,142,Missouri,Bovada,-10,,49,,,
401212547,2020,regular,5,2020-10-03 16:00:00+00:00,2247,Georgia State,151,East Carolina,teamrankings,1.5,,70.5,,,
401212547,2020,regular,5,2020-10-03 16:00:00+00:00,2247,Georgia State,151,East Carolina,numberfire,-0.5,,69.5,,,
401212547,2020,regular,5,2020-10-03 16:00:00+00:00,2247,Georgia State,151,East Carolina,consensus,1.5,,70,,,
401212547,2020,regular,5,2020-10-03 16:00:00+00:00,2247,Georgia State,151,East Carolina,Caesars,1.5,,70,,,
401212547,2020,regular,5,2020-10-03 16:00:00+00:00,2247,Georgia State,151,East Carolina,Bovada,2,,70,,,
401215304,2020,regular,5,2020-10-03 16:00:00+00:00,324,Coastal Carolina,2032,Arkansas State,teamrankings,3.5,,64.5,,,
401215304,2020,regular,5,2020-10-03 16:00:00+00:00,324,Coastal Carolina,2032,Arkansas State,numberfire,3.5,,64.5,,,
401215304,2020,regular,5,2020-10-03 16:00:00+00:00,324,Coastal Carolina,2032,Arkansas State,consensus,3.5,,64.5,,,
401215304,2020,regular,5,2020-10-03 16:00:00+00:00,324,Coastal Carolina,2032,Arkansas State,Caesars,3.5,,64.5,,,
401215304,2020,regular,5,2020-10-03 16:00:00+00:00,324,Coastal Carolina,2032,Arkansas State,Bovada,3.5,,64.5,,,
401235998,2020,regular,5,2020-10-03 16:00:00+00:00,277,West Virginia,239,Baylor,teamrankings,1.5,,54.5,,,
401235998,2020,regular,5,2020-10-03 16:00:00+00:00,277,West Virginia,239,Baylor,numberfire,1.5,,53.5,,,
401235998,2020,regular,5,2020-10-03 16:00:00+00:00,277,West Virginia,239,Baylor,consensus,1.5,,54,,,
401235998,2020,regular,5,2020-10-03 16:00:00+00:00,277,West Virginia,239,Baylor,Caesars,1,,54,,,
401235998,2020,regular,5,2020-10-03 16:00:00+00:00,277,West Virginia,239,Baylor,Bovada,1.5,,54,,,
401215305,2020,regular,5,2020-10-03 23:00:00+00:00,2433,UL Monroe,290,Georgia Southern,teamrankings,19.5,,51,,,
401215305,2020,regular,5,2020-10-03 23:00:00+00:00,2433,UL Monroe,290,Georgia Southern,numberfire,19.5,,48.5,,,
401215305,2020,regular,5,2020-10-03 23:00:00+00:00,2433,UL Monroe,290,Georgia Southern,consensus,19.5,,50.5,,,
401215305,2020,regular,5,2020-10-03 23:00:00+00:00,2433,UL Monroe,290,Georgia Southern,Caesars,19.5,,50.5,,,
401215305,2020,regular,5,2020-10-03 23:00:00+00:00,2433,UL Monroe,290,Georgia Southern,Bovada,19.5,,50.5,,,
401234638,2020,regular,4,2020-09-26 20:00:00+00:00,258,Virginia,150,Duke,numberfire,-3.5,,44.5,,,
401234638,2020,regular,4,2020-09-26 20:00:00+00:00,258,Virginia,150,Duke,consensus,-4,,45.5,,,
401234638,2020,regular,4,2020-09-26 20:00:00+00:00,258,Virginia,150,Duke,Caesars,-4,,45.5,,,
401234638,2020,regular,4,2020-09-26 20:00:00+00:00,258,Virginia,150,Duke,Bovada,-4,,45.5,,,
401207132,2020,regular,4,2020-09-24 23:30:00+00:00,6,South Alabama,5,UAB,teamrankings,7.5,,48,,,
401207132,2020,regular,4,2020-09-24 23:30:00+00:00,6,South Alabama,5,UAB,numberfire,7.5,,47.5,,,
401207132,2020,regular,4,2020-09-24 23:30:00+00:00,6,South Alabama,5,UAB,consensus,7.5,,47.5,,,
401207132,2020,regular,4,2020-09-24 23:30:00+00:00,6,South Alabama,5,UAB,Caesars,7.5,,47.5,,,
401207132,2020,regular,4,2020-09-24 23:30:00+00:00,6,South Alabama,5,UAB,Bovada,8,,47.5,,,
401237033,2020,regular,4,2020-09-26 20:00:00+00:00,8,Arkansas,61,Georgia,teamrankings,28,,53,,,
401237033,2020,regular,4,2020-09-26 20:00:00+00:00,8,Arkansas,61,Georgia,numberfire,27.5,,52.5,,,
401237033,2020,regular,4,2020-09-26 20:00:00+00:00,8,Arkansas,61,Georgia,consensus,28,,53,,,
401237033,2020,regular,4,2020-09-26 20:00:00+00:00,8,Arkansas,61,Georgia,Caesars,28,,53,,,
401237033,2020,regular,4,2020-09-26 20:00:00+00:00,8,Arkansas,61,Georgia,Bovada,28,,53,,,
401237035,2020,regular,4,2020-09-26 19:30:00+00:00,99,LSU,344,Mississippi State,teamrankings,-14.5,,57,,,
401237035,2020,regular,4,2020-09-26 19:30:00+00:00,99,LSU,344,Mississippi State,numberfire,-14.5,,56.5,,,
401237035,2020,regular,4,2020-09-26 19:30:00+00:00,99,LSU,344,Mississippi State,consensus,-14.5,,57,,,
401237035,2020,regular,4,2020-09-26 19:30:00+00:00,99,LSU,344,Mississippi State,Caesars,-14.5,,57,,,
401237035,2020,regular,4,2020-09-26 19:30:00+00:00,99,LSU,344,Mississippi State,Bovada,-14.5,,57.5,,,
401237034,2020,regular,4,2020-09-26 16:00:00+00:00,2,Auburn,96,Kentucky,teamrankings,-6,,46.5,,,
401237034,2020,regular,4,2020-09-26 16:00:00+00:00,2,Auburn,96,Kentucky,numberfire,-5.5,,47.5,,,
401237034,2020,regular,4,2020-09-26 16:00:00+00:00,2,Auburn,96,Kentucky,consensus,-6.5,,46.5,,,
401237034,2020,regular,4,2020-09-26 16:00:00+00:00,2,Auburn,96,Kentucky,Caesars,-6.5,,,,,
401237034,2020,regular,4,2020-09-26 16:00:00+00:00,2,Auburn,96,Kentucky,Bovada,-6,,47,,,
401235997,2020,regular,4,2020-09-26 19:30:00+00:00,197,Oklahoma State,277,West Virginia,teamrankings,-5.5,,49,,,
401235997,2020,regular,4,2020-09-26 19:30:00+00:00,197,Oklahoma State,277,West Virginia,numberfire,-6.5,,49.5,,,
401235997,2020,regular,4,2020-09-26 19:30:00+00:00,197,Oklahoma State,277,West Virginia,consensus,-6.5,,50,,,
401235997,2020,regular,4,2020-09-26 19:30:00+00:00,197,Oklahoma State,277,West Virginia,Caesars,-6,,50,,,
401235997,2020,regular,4,2020-09-26 19:30:00+00:00,197,Oklahoma State,277,West Virginia,Bovada,-6,,49.5,,,
401215303,2020,regular,4,2020-09-26 16:00:00+00:00,309,Louisiana,290,Georgia Southern,teamrankings,-12,,49,,,
401215303,2020,regular,4,2020-09-26 16:00:00+00:00,309,Louisiana,290,Georgia Southern,numberfire,-11.5,,48.5,,,
401215303,2020,regular,4,2020-09-26 16:00:00+00:00,309,Louisiana,290,Georgia Southern,consensus,-11.5,,49,,,
401215303,2020,regular,4,2020-09-26 16:00:00+00:00,309,Louisiana,290,Georgia Southern,Caesars,-11.5,,49,,,
401234566,2020,regular,4,2020-09-27 00:00:00+00:00,259,Virginia Tech,152,NC State,numberfire,-6.5,,57.5,,,
401234566,2020,regular,4,2020-09-27 00:00:00+00:00,259,Virginia Tech,152,NC State,consensus,-6,,56.5,,,
401234566,2020,regular,4,2020-09-27 00:00:00+00:00,259,Virginia Tech,152,NC State,Caesars,-5.5,,56.5,,,
401234566,2020,regular,4,2020-09-27 00:00:00+00:00,259,Virginia Tech,152,NC State,Bovada,-6,,56.5,,,
401235994,2020,regular,4,2020-09-26 17:30:00+00:00,2628,TCU,66,Iowa State,teamrankings,4.5,,43.5,,,
401235994,2020,regular,4,2020-09-26 17:30:00+00:00,2628,TCU,66,Iowa State,numberfire,3.5,,42.5,,,
401235994,2020,regular,4,2020-09-26 17:30:00+00:00,2628,TCU,66,Iowa State,consensus,3.5,,43.5,,,
401235994,2020,regular,4,2020-09-26 17:30:00+00:00,2628,TCU,66,Iowa State,Caesars,4,,43.5,,,
401235994,2020,regular,4,2020-09-26 17:30:00+00:00,2628,TCU,66,Iowa State,Bovada,4.5,,43.5,,,
401240194,2020,regular,4,2020-09-26 19:30:00+00:00,2433,UL Monroe,2638,UTEP,teamrankings,-9.5,,49,,,
401240194,2020,regular,4,2020-09-26 19:30:00+00:00,2433,UL Monroe,2638,UTEP,numberfire,-9.5,,48.5,,,
401240194,2020,regular,4,2020-09-26 19:30:00+00:00,2433,UL Monroe,2638,UTEP,consensus,-9.5,,50,,,
401240194,2020,regular,4,2020-09-26 19:30:00+00:00,2433,UL Monroe,2638,UTEP,Caesars,-9.5,,50,,,
401240194,2020,regular,4,2020-09-26 19:30:00+00:00,2433,UL Monroe,2638,UTEP,Bovada,-10,,49.5,,,
401235993,2020,regular,4,2020-09-26 23:30:00+00:00,239,Baylor,2305,Kansas,teamrankings,-17,,60.5,,,
401235993,2020,regular,4,2020-09-26 23:30:00+00:00,239,Baylor,2305,Kansas,numberfire,-16.5,,60.5,,,
401235993,2020,regular,4,2020-09-26 23:30:00+00:00,239,Baylor,2305,Kansas,consensus,-17,,61,,,
401235993,2020,regular,4,2020-09-26 23:30:00+00:00,239,Baylor,2305,Kansas,Caesars,-17,,61,,,
401235993,2020,regular,4,2020-09-26 23:30:00+00:00,239,Baylor,2305,Kansas,Bovada,-17.5,,61,,,
401236000,2020,regular,5,2020-10-03 19:30:00+00:00,2305,Kansas,197,Oklahoma State,teamrankings,21.5,,53,,,
401236000,2020,regular,5,2020-10-03 19:30:00+00:00,2305,Kansas,197,Oklahoma State,numberfire,22.5,,53.5,,,
401236000,2020,regular,5,2020-10-03 19:30:00+00:00,2305,Kansas,197,Oklahoma State,consensus,21.5,,53,,,
401236000,2020,regular,5,2020-10-03 19:30:00+00:00,2305,Kansas,197,Oklahoma State,Caesars,21.5,,53,,,
401236000,2020,regular,5,2020-10-03 19:30:00+00:00,2305,Kansas,197,Oklahoma State,Bovada,21.5,,53,,,
401234598,2020,regular,5,2020-10-04 00:00:00+00:00,228,Clemson,258,Virginia,teamrankings,-28,,55,,,
401234598,2020,regular,5,2020-10-04 00:00:00+00:00,228,Clemson,258,Virginia,numberfire,-28.5,,55.5,,,
401234598,2020,regular,5,2020-10-04 00:00:00+00:00,228,Clemson,258,Virginia,consensus,-28,,55,,,
401234598,2020,regular,5,2020-10-04 00:00:00+00:00,228,Clemson,258,Virginia,Caesars,-28,,55.5,,,
401234598,2020,regular,5,2020-10-04 00:00:00+00:00,228,Clemson,258,Virginia,Bovada,-28.5,,56,,,
401236002,2020,regular,5,2020-10-03 16:00:00+00:00,251,Texas,2628,TCU,teamrankings,-10.5,,61.5,,,
401236002,2020,regular,5,2020-10-03 16:00:00+00:00,251,Texas,2628,TCU,numberfire,-10.5,,61.5,,,
401236002,2020,regular,5,2020-10-03 16:00:00+00:00,251,Texas,2628,TCU,consensus,-10.5,,61.5,,,
401236002,2020,regular,5,2020-10-03 16:00:00+00:00,251,Texas,2628,TCU,Caesars,-10.5,,61,,,
401236002,2020,regular,5,2020-10-03 16:00:00+00:00,251,Texas,2628,TCU,Bovada,-10.5,,62,,,
401235999,2020,regular,5,2020-10-03 23:30:00+00:00,66,Iowa State,201,Oklahoma,teamrankings,8,,61.5,,,
401235999,2020,regular,5,2020-10-03 23:30:00+00:00,66,Iowa State,201,Oklahoma,numberfire,7.5,,61.5,,,
401235999,2020,regular,5,2020-10-03 23:30:00+00:00,66,Iowa State,201,Oklahoma,consensus,7.5,,62.5,,,
401235999,2020,regular,5,2020-10-03 23:30:00+00:00,66,Iowa State,201,Oklahoma,Caesars,8,,62.5,,,
401235999,2020,regular,5,2020-10-03 23:30:00+00:00,66,Iowa State,201,Oklahoma,Bovada,8,,63,,,
401236029,2020,regular,13,2020-11-27 17:00:00+00:00,251,Texas,66,Iowa State,teamrankings,2,,58,,,
401236029,2020,regular,13,2020-11-27 17:00:00+00:00,251,Texas,66,Iowa State,numberfire,1.5,,57.5,,,
401236029,2020,regular,13,2020-11-27 17:00:00+00:00,251,Texas,66,Iowa State,consensus,1.5,,57.5,,,
401236029,2020,regular,13,2020-11-27 17:00:00+00:00,251,Texas,66,Iowa State,Caesars,1.5,,58,,,
401236029,2020,regular,13,2020-11-27 17:00:00+00:00,251,Texas,66,Iowa State,Bovada,2,,59,,,
401237142,2020,regular,13,2020-11-28 20:30:00+00:00,333,Alabama,2,Auburn,teamrankings,-24.5,,65,,,
401237142,2020,regular,13,2020-11-28 20:30:00+00:00,333,Alabama,2,Auburn,numberfire,-24.5,,62.5,,,
401237142,2020,regular,13,2020-11-28 20:30:00+00:00,333,Alabama,2,Auburn,consensus,-24.5,,64.5,,,
401237142,2020,regular,13,2020-11-28 20:30:00+00:00,333,Alabama,2,Auburn,Caesars,-24.5,,66,,,
401237142,2020,regular,13,2020-11-28 20:30:00+00:00,333,Alabama,2,Auburn,Bovada,-24.5,,65,,,
401237146,2020,regular,13,2020-11-29 00:00:00+00:00,245,Texas A&M,99,LSU,teamrankings,-16,,60.5,,,
401237146,2020,regular,13,2020-11-29 00:00:00+00:00,245,Texas A&M,99,LSU,numberfire,-15.5,,60.5,,,
401237146,2020,regular,13,2020-11-29 00:00:00+00:00,245,Texas A&M,99,LSU,consensus,-15.5,,60.5,,,
401237146,2020,regular,13,2020-11-29 00:00:00+00:00,245,Texas A&M,99,LSU,Caesars,-15.5,,60.5,,,
401237146,2020,regular,13,2020-11-29 00:00:00+00:00,245,Texas A&M,99,LSU,Bovada,-15.5,,61,,,
401237144,2020,regular,13,2020-11-28 17:00:00+00:00,57,Florida,96,Kentucky,teamrankings,-23.5,,60.5,,,
401237144,2020,regular,13,2020-11-28 17:00:00+00:00,57,Florida,96,Kentucky,numberfire,-23.5,,60.5,,,
401237144,2020,regular,13,2020-11-28 17:00:00+00:00,57,Florida,96,Kentucky,consensus,-24,,60.5,,,
401237144,2020,regular,13,2020-11-28 17:00:00+00:00,57,Florida,96,Kentucky,Caesars,-24,,60,,,
401237144,2020,regular,13,2020-11-28 17:00:00+00:00,57,Florida,96,Kentucky,Bovada,-24,,61,,,
401237145,2020,regular,13,2020-11-29 00:30:00+00:00,2579,South Carolina,61,Georgia,teamrankings,22,,49.5,,,
401237145,2020,regular,13,2020-11-29 00:30:00+00:00,2579,South Carolina,61,Georgia,numberfire,22.5,,49.5,,,
401237145,2020,regular,13,2020-11-29 00:30:00+00:00,2579,South Carolina,61,Georgia,consensus,22,,50.5,,,
401237145,2020,regular,13,2020-11-29 00:30:00+00:00,2579,South Carolina,61,Georgia,Caesars,22,,50,,,
401237145,2020,regular,13,2020-11-29 00:30:00+00:00,2579,South Carolina,61,Georgia,Bovada,22,,51,,,
401236032,2020,regular,13,2020-11-28 17:00:00+00:00,197,Oklahoma State,2641,Texas Tech,teamrankings,-12,,57,,,
401236032,2020,regular,13,2020-11-28 17:00:00+00:00,197,Oklahoma State,2641,Texas Tech,numberfire,-11.5,,56.5,,,
401236032,2020,regular,13,2020-11-28 17:00:00+00:00,197,Oklahoma State,2641,Texas Tech,consensus,-11.5,,57,,,
401236032,2020,regular,13,2020-11-28 17:00:00+00:00,197,Oklahoma State,2641,Texas Tech,Caesars,-12.5,,57.5,,,
401236032,2020,regular,13,2020-11-28 17:00:00+00:00,197,Oklahoma State,2641,Texas Tech,Bovada,-12,,57,,,
401212513,2020,regular,13,2020-11-28 17:00:00+00:00,151,East Carolina,2567,SMU,teamrankings,12,,72,,,
401212513,2020,regular,13,2020-11-28 17:00:00+00:00,151,East Carolina,2567,SMU,numberfire,11.5,,70.5,,,
401212513,2020,regular,13,2020-11-28 17:00:00+00:00,151,East Carolina,2567,SMU,consensus,11.5,,72,,,
401212513,2020,regular,13,2020-11-28 17:00:00+00:00,151,East Carolina,2567,SMU,Caesars,12,,72,,,
401212513,2020,regular,13,2020-11-28 17:00:00+00:00,151,East Carolina,2567,SMU,Bovada,12,,72,,,
401215339,2020,regular,13,2020-11-28 17:00:00+00:00,2247,Georgia State,290,Georgia Southern,teamrankings,-2.5,,51.5,,,
401215339,2020,regular,13,2020-11-28 17:00:00+00:00,2247,Georgia State,290,Georgia Southern,numberfire,-2.5,,51.5,,,
401215339,2020,regular,13,2020-11-28 17:00:00+00:00,2247,Georgia State,290,Georgia Southern,consensus,-2.5,,51,,,
401215339,2020,regular,13,2020-11-28 17:00:00+00:00,2247,Georgia State,290,Georgia Southern,Caesars,-2.5,,51,,,
401215339,2020,regular,13,2020-11-28 17:00:00+00:00,2247,Georgia State,290,Georgia Southern,Bovada,-3,,51,,,
401212476,2020,regular,5,2020-10-03 19:30:00+00:00,2132,Cincinnati,58,South Florida,teamrankings,-22,,44.5,,,
401212476,2020,regular,5,2020-10-03 19:30:00+00:00,2132,Cincinnati,58,South Florida,numberfire,-22.5,,45.5,,,
401212476,2020,regular,5,2020-10-03 19:30:00+00:00,2132,Cincinnati,58,South Florida,consensus,-22.5,,45.5,,,
401212476,2020,regular,5,2020-10-03 19:30:00+00:00,2132,Cincinnati,58,South Florida,Caesars,-22,,45.5,,,
401212476,2020,regular,5,2020-10-03 19:30:00+00:00,2132,Cincinnati,58,South Florida,Bovada,-22,,45.5,,,
401234597,2020,regular,5,2020-10-03 19:30:00+00:00,103,Boston College,153,North Carolina,teamrankings,14.5,,52.5,,,
401234597,2020,regular,5,2020-10-03 19:30:00+00:00,103,Boston College,153,North Carolina,numberfire,15.5,,51.5,,,
401234597,2020,regular,5,2020-10-03 19:30:00+00:00,103,Boston College,153,North Carolina,consensus,14.5,,52.5,,,
401234597,2020,regular,5,2020-10-03 19:30:00+00:00,103,Boston College,153,North Carolina,Caesars,14.5,,52.5,,,
401234597,2020,regular,5,2020-10-03 19:30:00+00:00,103,Boston College,153,North Carolina,Bovada,14.5,,52.5,,,
401246275,2020,regular,5,2020-10-03 01:00:00+00:00,252,BYU,2348,Louisiana Tech,teamrankings,-24,,61.5,,,
401246275,2020,regular,5,2020-10-03 01:00:00+00:00,252,BYU,2348,Louisiana Tech,numberfire,-24.5,,60.5,,,
401246275,2020,regular,5,2020-10-03 01:00:00+00:00,252,BYU,2348,Louisiana Tech,consensus,-24,,61,,,
401246275,2020,regular,5,2020-10-03 01:00:00+00:00,252,BYU,2348,Louisiana Tech,Caesars,-24,,61,,,
401246275,2020,regular,5,2020-10-03 01:00:00+00:00,252,BYU,2348,Louisiana Tech,Bovada,-24,,62,,,
401215338,2020,regular,13,2020-11-28 20:00:00+00:00,326,Texas State,324,Coastal Carolina,teamrankings,16.5,,59,,,
401215338,2020,regular,13,2020-11-28 20:00:00+00:00,326,Texas State,324,Coastal Carolina,numberfire,16.5,,58.5,,,
401215338,2020,regular,13,2020-11-28 20:00:00+00:00,326,Texas State,324,Coastal Carolina,consensus,16.5,,58.5,,,
401215338,2020,regular,13,2020-11-28 20:00:00+00:00,326,Texas State,324,Coastal Carolina,Caesars,17.5,,58,,,
401215338,2020,regular,13,2020-11-28 20:00:00+00:00,326,Texas State,324,Coastal Carolina,Bovada,17.5,,58.5,,,
401215337,2020,regular,13,2020-11-28 20:00:00+00:00,2032,Arkansas State,6,South Alabama,teamrankings,-7,,63.5,,,
401215337,2020,regular,13,2020-11-28 20:00:00+00:00,2032,Arkansas State,6,South Alabama,numberfire,-7.5,,62.5,,,
401215337,2020,regular,13,2020-11-28 20:00:00+00:00,2032,Arkansas State,6,South Alabama,consensus,-7.5,,63.5,,,
401215337,2020,regular,13,2020-11-28 20:00:00+00:00,2032,Arkansas State,6,South Alabama,Caesars,-7.5,,63,,,
401215337,2020,regular,13,2020-11-28 20:00:00+00:00,2032,Arkansas State,6,South Alabama,Bovada,-7.5,,64,,,
401207143,2020,regular,6,2020-10-10 20:00:00+00:00,2229,Florida International,2393,Middle Tennessee,teamrankings,-6.5,,56.5,,,
401207143,2020,regular,6,2020-10-10 20:00:00+00:00,2229,Florida International,2393,Middle Tennessee,numberfire,-3.5,,56.5,,,
401207143,2020,regular,6,2020-10-10 20:00:00+00:00,2229,Florida International,2393,Middle Tennessee,consensus,-6.5,,57,,,
401207143,2020,regular,6,2020-10-10 20:00:00+00:00,2229,Florida International,2393,Middle Tennessee,SugarHouse,-6.5,,57.5,,,
401207143,2020,regular,6,2020-10-10 20:00:00+00:00,2229,Florida International,2393,Middle Tennessee,Caesars,-6.5,,56.5,,,
401207143,2020,regular,6,2020-10-10 20:00:00+00:00,2229,Florida International,2393,Middle Tennessee,Bovada,-7,,57,,,
401234607,2020,regular,6,2020-10-10 16:00:00+00:00,153,North Carolina,259,Virginia Tech,teamrankings,-3.5,,59,,,
401234607,2020,regular,6,2020-10-10 16:00:00+00:00,153,North Carolina,259,Virginia Tech,numberfire,-4.5,,59.5,,,
401234607,2020,regular,6,2020-10-10 16:00:00+00:00,153,North Carolina,259,Virginia Tech,consensus,-3.5,,58.5,,,
401234607,2020,regular,6,2020-10-10 16:00:00+00:00,153,North Carolina,259,Virginia Tech,SugarHouse,-2.5,,57.5,,,
401234607,2020,regular,6,2020-10-10 16:00:00+00:00,153,North Carolina,259,Virginia Tech,Caesars,-3,,58.5,,,
401234607,2020,regular,6,2020-10-10 16:00:00+00:00,153,North Carolina,259,Virginia Tech,Bovada,-3.5,,59,,,
401236003,2020,regular,6,2020-10-10 19:30:00+00:00,66,Iowa State,2641,Texas Tech,teamrankings,-9.5,,63,,,
401236003,2020,regular,6,2020-10-10 19:30:00+00:00,66,Iowa State,2641,Texas Tech,numberfire,-12.5,,63.5,,,
401236003,2020,regular,6,2020-10-10 19:30:00+00:00,66,Iowa State,2641,Texas Tech,consensus,-10,,63.5,,,
401236003,2020,regular,6,2020-10-10 19:30:00+00:00,66,Iowa State,2641,Texas Tech,Caesars,-10,,62.5,,,
401236003,2020,regular,6,2020-10-10 19:30:00+00:00,66,Iowa State,2641,Texas Tech,Bovada,-10.5,,63,,,
401212477,2020,regular,6,2020-10-10 23:00:00+00:00,58,South Florida,151,East Carolina,teamrankings,-5.5,,58.5,,,
401212477,2020,regular,6,2020-10-10 23:00:00+00:00,58,South Florida,151,East Carolina,numberfire,-4.5,,54.5,,,
401212477,2020,regular,6,2020-10-10 23:00:00+00:00,58,South Florida,151,East Carolina,consensus,-5.5,,58,,,
401212477,2020,regular,6,2020-10-10 23:00:00+00:00,58,South Florida,151,East Carolina,Caesars,-5.5,,58,,,
401212477,2020,regular,6,2020-10-10 23:00:00+00:00,58,South Florida,151,East Carolina,Bovada,-6,,58.5,,,
401237104,2020,regular,6,2020-10-10 23:30:00+00:00,96,Kentucky,344,Mississippi State,teamrankings,-3.5,,57.5,,,
401237104,2020,regular,6,2020-10-10 23:30:00+00:00,96,Kentucky,344,Mississippi State,numberfire,-1.5,,58.5,,,
401237104,2020,regular,6,2020-10-10 23:30:00+00:00,96,Kentucky,344,Mississippi State,consensus,-3.5,,57.5,,,
401237104,2020,regular,6,2020-10-10 23:30:00+00:00,96,Kentucky,344,Mississippi State,SugarHouse,-3.5,,57.5,,,
401237104,2020,regular,6,2020-10-10 23:30:00+00:00,96,Kentucky,344,Mississippi State,Caesars,-3.5,,57.5,,,
401237104,2020,regular,6,2020-10-10 23:30:00+00:00,96,Kentucky,344,Mississippi State,Bovada,-3,,58,,,
401207142,2020,regular,6,2020-10-11 00:00:00+00:00,249,North Texas,2429,Charlotte,teamrankings,3,,66,,,
401207142,2020,regular,6,2020-10-11 00:00:00+00:00,249,North Texas,2429,Charlotte,numberfire,2.5,,68.5,,,
401207142,2020,regular,6,2020-10-11 00:00:00+00:00,249,North Texas,2429,Charlotte,consensus,3,,66,,,
401207142,2020,regular,6,2020-10-11 00:00:00+00:00,249,North Texas,2429,Charlotte,Caesars,3,,66.5,,,
401207142,2020,regular,6,2020-10-11 00:00:00+00:00,249,North Texas,2429,Charlotte,Bovada,3,,66,,,
401234605,2020,regular,6,2020-10-10 16:30:00+00:00,183,Syracuse,150,Duke,teamrankings,2.5,,53.5,,,
401234605,2020,regular,6,2020-10-10 16:30:00+00:00,183,Syracuse,150,Duke,numberfire,2.5,,51.5,,,
401234605,2020,regular,6,2020-10-10 16:30:00+00:00,183,Syracuse,150,Duke,consensus,2.5,,52.5,,,
401234605,2020,regular,6,2020-10-10 16:30:00+00:00,183,Syracuse,150,Duke,SugarHouse,2,,52.5,,,
401234605,2020,regular,6,2020-10-10 16:30:00+00:00,183,Syracuse,150,Duke,Caesars,2.5,,52.5,,,
401234605,2020,regular,6,2020-10-10 16:30:00+00:00,183,Syracuse,150,Duke,Bovada,2.5,,52.5,,,
401240997,2020,regular,6,2020-10-10 19:30:00+00:00,252,BYU,2636,UTSA,teamrankings,-34,,63.5,,,
401240997,2020,regular,6,2020-10-10 19:30:00+00:00,252,BYU,2636,UTSA,numberfire,-34.5,,63.5,,,
401240997,2020,regular,6,2020-10-10 19:30:00+00:00,252,BYU,2636,UTSA,consensus,-34,,63,,,
401240997,2020,regular,6,2020-10-10 19:30:00+00:00,252,BYU,2636,UTSA,Caesars,-34,,63.5,,,
401236004,2020,regular,6,2020-10-10 20:00:00+00:00,2628,TCU,2306,Kansas State,teamrankings,-11.5,,49.5,,,
401236004,2020,regular,6,2020-10-10 20:00:00+00:00,2628,TCU,2306,Kansas State,numberfire,-9.5,,50.5,,,
401236004,2020,regular,6,2020-10-10 20:00:00+00:00,2628,TCU,2306,Kansas State,consensus,-11,,49.5,,,
401236004,2020,regular,6,2020-10-10 20:00:00+00:00,2628,TCU,2306,Kansas State,SugarHouse,-10.5,,49.5,,,
401236004,2020,regular,6,2020-10-10 20:00:00+00:00,2628,TCU,2306,Kansas State,Caesars,-11,,49.5,,,
401236004,2020,regular,6,2020-10-10 20:00:00+00:00,2628,TCU,2306,Kansas State,Bovada,-10.5,,49.5,,,
401237102,2020,regular,6,2020-10-10 16:00:00+00:00,245,Texas A&M,57,Florida,teamrankings,5.5,,59,,,
401237102,2020,regular,6,2020-10-10 16:00:00+00:00,245,Texas A&M,57,Florida,numberfire,6.5,,57.5,,,
401237102,2020,regular,6,2020-10-10 16:00:00+00:00,245,Texas A&M,57,Florida,consensus,6,,59.5,,,
401237102,2020,regular,6,2020-10-10 16:00:00+00:00,245,Texas A&M,57,Florida,Caesars,6,,59,,,
401237102,2020,regular,6,2020-10-10 16:00:00+00:00,245,Texas A&M,57,Florida,Bovada,6,,61,,,
401234606,2020,regular,6,2020-10-10 23:30:00+00:00,87,Notre Dame,52,Florida State,teamrankings,-20.5,,52.5,,,
401234606,2020,regular,6,2020-10-10 23:30:00+00:00,87,Notre Dame,52,Florida State,numberfire,-20.5,,51.5,,,
401234606,2020,regular,6,2020-10-10 23:30:00+00:00,87,Notre Dame,52,Florida State,consensus,-20.5,,53.5,,,
401234606,2020,regular,6,2020-10-10 23:30:00+00:00,87,Notre Dame,52,Florida State,SugarHouse,-20.5,,53.5,,,
401234606,2020,regular,6,2020-10-10 23:30:00+00:00,87,Notre Dame,52,Florida State,Caesars,-20.5,,53.5,,,
401234606,2020,regular,6,2020-10-10 23:30:00+00:00,87,Notre Dame,52,Florida State,Bovada,-21,,54,,,
401237101,2020,regular,6,2020-10-10 20:00:00+00:00,2,Auburn,8,Arkansas,teamrankings,-13,,46,,,
401237101,2020,regular,6,2020-10-10 20:00:00+00:00,2,Auburn,8,Arkansas,numberfire,-13.5,,46.5,,,
401237101,2020,regular,6,2020-10-10 20:00:00+00:00,2,Auburn,8,Arkansas,consensus,-13.5,,46,,,
401237101,2020,regular,6,2020-10-10 20:00:00+00:00,2,Auburn,8,Arkansas,SugarHouse,-14,,46.5,,,
401237101,2020,regular,6,2020-10-10 20:00:00+00:00,2,Auburn,8,Arkansas,Caesars,-13.5,,45.5,,,
401237101,2020,regular,6,2020-10-10 20:00:00+00:00,2,Auburn,8,Arkansas,Bovada,-13.5,,46,,,
401234608,2020,regular,6,2020-10-10 16:00:00+00:00,258,Virginia,152,NC State,teamrankings,-7,,59,,,
401234608,2020,regular,6,2020-10-10 16:00:00+00:00,258,Virginia,152,NC State,numberfire,-9.5,,63.5,,,
401234608,2020,regular,6,2020-10-10 16:00:00+00:00,258,Virginia,152,NC State,consensus,-7,,58.5,,,
401234608,2020,regular,6,2020-10-10 16:00:00+00:00,258,Virginia,152,NC State,SugarHouse,-7,,58.5,,,
401234608,2020,regular,6,2020-10-10 16:00:00+00:00,258,Virginia,152,NC State,Caesars,-7,,58.5,,,
401234608,2020,regular,6,2020-10-10 16:00:00+00:00,258,Virginia,152,NC State,Bovada,-7,,59,,,
401207145,2020,regular,6,2020-10-10 23:30:00+00:00,2348,Louisiana Tech,2638,UTEP,teamrankings,-14.5,,56,,,
401207145,2020,regular,6,2020-10-10 23:30:00+00:00,2348,Louisiana Tech,2638,UTEP,numberfire,-14.5,,51.5,,,
401207145,2020,regular,6,2020-10-10 23:30:00+00:00,2348,Louisiana Tech,2638,UTEP,consensus,-14.5,,55.5,,,
401207145,2020,regular,6,2020-10-10 23:30:00+00:00,2348,Louisiana Tech,2638,UTEP,SugarHouse,-14.5,,55.5,,,
401207145,2020,regular,6,2020-10-10 23:30:00+00:00,2348,Louisiana Tech,2638,UTEP,Caesars,-14,,55.5,,,
401207145,2020,regular,6,2020-10-10 23:30:00+00:00,2348,Louisiana Tech,2638,UTEP,Bovada,-14.5,,55.5,,,
401207146,2020,regular,6,2020-10-10 23:30:00+00:00,98,Western Kentucky,276,Marshall,teamrankings,6.5,,43,,,
401207146,2020,regular,6,2020-10-10 23:30:00+00:00,98,Western Kentucky,276,Marshall,numberfire,6.5,,44.5,,,
401207146,2020,regular,6,2020-10-10 23:30:00+00:00,98,Western Kentucky,276,Marshall,consensus,6.5,,43,,,
401207146,2020,regular,6,2020-10-10 23:30:00+00:00,98,Western Kentucky,276,Marshall,SugarHouse,6.5,,43,,,
401207146,2020,regular,6,2020-10-10 23:30:00+00:00,98,Western Kentucky,276,Marshall,Caesars,7,,43,,,
401207146,2020,regular,6,2020-10-10 23:30:00+00:00,98,Western Kentucky,276,Marshall,Bovada,7,,43,,,
401207153,2020,regular,7,2020-10-17 17:30:00+00:00,5,UAB,98,Western Kentucky,teamrankings,-10.5,,44,,,
401207153,2020,regular,7,2020-10-17 17:30:00+00:00,5,UAB,98,Western Kentucky,numberfire,-11.5,,43.5,,,
401207153,2020,regular,7,2020-10-17 17:30:00+00:00,5,UAB,98,Western Kentucky,consensus,-11.5,,44,,,
401207153,2020,regular,7,2020-10-17 17:30:00+00:00,5,UAB,98,Western Kentucky,SugarHouse,-11.5,,43.5,,,
401207153,2020,regular,7,2020-10-17 17:30:00+00:00,5,UAB,98,Western Kentucky,Caesars,-11.5,,44,,,
401207153,2020,regular,7,2020-10-17 17:30:00+00:00,5,UAB,98,Western Kentucky,Bovada,-11,,44,,,
401207157,2020,regular,8,2020-10-25 00:00:00+00:00,2636,UTSA,2348,Louisiana Tech,teamrankings,2.5,,52.5,,,
401207157,2020,regular,8,2020-10-25 00:00:00+00:00,2636,UTSA,2348,Louisiana Tech,numberfire,2.5,,53.5,,,
401207157,2020,regular,8,2020-10-25 00:00:00+00:00,2636,UTSA,2348,Louisiana Tech,consensus,2.5,,54,,,
401207157,2020,regular,8,2020-10-25 00:00:00+00:00,2636,UTSA,2348,Louisiana Tech,SugarHouse,2.5,,53.5,,,
401207157,2020,regular,8,2020-10-25 00:00:00+00:00,2636,UTSA,2348,Louisiana Tech,Caesars,2,,54,,,
401215321,2020,regular,9,2020-10-29 23:30:00+00:00,290,Georgia Southern,6,South Alabama,teamrankings,-3,,51.5,,,
401215321,2020,regular,9,2020-10-29 23:30:00+00:00,290,Georgia Southern,6,South Alabama,numberfire,-3.5,,52.5,,,
401215321,2020,regular,9,2020-10-29 23:30:00+00:00,290,Georgia Southern,6,South Alabama,consensus,-3.5,,52,,,
401215321,2020,regular,9,2020-10-29 23:30:00+00:00,290,Georgia Southern,6,South Alabama,Caesars,-3.5,,52,,,
401215321,2020,regular,9,2020-10-29 23:30:00+00:00,290,Georgia Southern,6,South Alabama,Bovada,-7,,,,,
401215318,2020,regular,9,2020-10-31 16:00:00+00:00,2247,Georgia State,324,Coastal Carolina,teamrankings,4,,60.5,,,
401215318,2020,regular,9,2020-10-31 16:00:00+00:00,2247,Georgia State,324,Coastal Carolina,numberfire,3.5,,61.5,,,
401215318,2020,regular,9,2020-10-31 16:00:00+00:00,2247,Georgia State,324,Coastal Carolina,consensus,3.5,,60.5,,,
401215318,2020,regular,9,2020-10-31 16:00:00+00:00,2247,Georgia State,324,Coastal Carolina,SugarHouse,3.5,,60.5,,,
401215318,2020,regular,9,2020-10-31 16:00:00+00:00,2247,Georgia State,324,Coastal Carolina,Caesars,3.5,,60,,,
401215318,2020,regular,9,2020-10-31 16:00:00+00:00,2247,Georgia State,324,Coastal Carolina,Bovada,3.5,,,,,
401234632,2020,regular,10,2020-11-08 00:30:00+00:00,87,Notre Dame,228,Clemson,teamrankings,5,,50,,,
401234632,2020,regular,10,2020-11-08 00:30:00+00:00,87,Notre Dame,228,Clemson,numberfire,5.5,,50.5,,,
401234632,2020,regular,10,2020-11-08 00:30:00+00:00,87,Notre Dame,228,Clemson,consensus,5,,50.5,,,
401234632,2020,regular,10,2020-11-08 00:30:00+00:00,87,Notre Dame,228,Clemson,Caesars,5,,50.5,,,
401234632,2020,regular,10,2020-11-08 00:30:00+00:00,87,Notre Dame,228,Clemson,Bovada,6,,52,,,
401251931,2020,regular,10,2020-11-07 19:30:00+00:00,276,Marshall,113,Massachusetts,teamrankings,-44.5,,56,,,
401251931,2020,regular,10,2020-11-07 19:30:00+00:00,276,Marshall,113,Massachusetts,numberfire,-44.5,,55.5,,,
401251931,2020,regular,10,2020-11-07 19:30:00+00:00,276,Marshall,113,Massachusetts,consensus,-44.5,,55.5,,,
401251931,2020,regular,10,2020-11-07 19:30:00+00:00,276,Marshall,113,Massachusetts,Caesars,-44.5,,55.5,,,
401251931,2020,regular,10,2020-11-07 19:30:00+00:00,276,Marshall,113,Massachusetts,Bovada,-44.5,,55,,,
401212491,2020,regular,11,2020-11-15 00:00:00+00:00,202,Tulsa,2567,SMU,teamrankings,1,,63.5,,,
401212491,2020,regular,11,2020-11-15 00:00:00+00:00,202,Tulsa,2567,SMU,numberfire,-0.5,,64.5,,,
401212491,2020,regular,11,2020-11-15 00:00:00+00:00,202,Tulsa,2567,SMU,consensus,2,,64.5,,,
401212491,2020,regular,11,2020-11-15 00:00:00+00:00,202,Tulsa,2567,SMU,Caesars,1,,65,,,
401212491,2020,regular,11,2020-11-15 00:00:00+00:00,202,Tulsa,2567,SMU,Bovada,2,,64,,,
401234647,2020,regular,12,2020-11-22 00:30:00+00:00,152,NC State,2335,Liberty,teamrankings,-4.5,,66.5,,,
401234647,2020,regular,12,2020-11-22 00:30:00+00:00,152,NC State,2335,Liberty,numberfire,-4.5,,66.5,,,
401234647,2020,regular,12,2020-11-22 00:30:00+00:00,152,NC State,2335,Liberty,consensus,-4,,66.5,,,
401234647,2020,regular,12,2020-11-22 00:30:00+00:00,152,NC State,2335,Liberty,Caesars,-4,,67,,,
401234647,2020,regular,12,2020-11-22 00:30:00+00:00,152,NC State,2335,Liberty,Bovada,-4,,66.5,,,
401237137,2020,regular,12,2020-11-22 00:00:00+00:00,2,Auburn,2633,Tennessee,teamrankings,-10.5,,51.5,,,
401237137,2020,regular,12,2020-11-22 00:00:00+00:00,2,Auburn,2633,Tennessee,numberfire,-10.5,,50.5,,,
401237137,2020,regular,12,2020-11-22 00:00:00+00:00,2,Auburn,2633,Tennessee,consensus,-10.5,,50.5,,,
401237137,2020,regular,12,2020-11-22 00:00:00+00:00,2,Auburn,2633,Tennessee,Caesars,-10.5,,51,,,
401237137,2020,regular,12,2020-11-22 00:00:00+00:00,2,Auburn,2633,Tennessee,Bovada,-10.5,,51,,,
401215334,2020,regular,12,2020-11-21 17:00:00+00:00,326,Texas State,2032,Arkansas State,teamrankings,4.5,,69.5,,,
401215334,2020,regular,12,2020-11-21 17:00:00+00:00,326,Texas State,2032,Arkansas State,numberfire,4.5,,68.5,,,
401215334,2020,regular,12,2020-11-21 17:00:00+00:00,326,Texas State,2032,Arkansas State,consensus,4.5,,69,,,
401215334,2020,regular,12,2020-11-21 17:00:00+00:00,326,Texas State,2032,Arkansas State,Caesars,4.5,,69,,,
401215334,2020,regular,12,2020-11-21 17:00:00+00:00,326,Texas State,2032,Arkansas State,Bovada,4.5,,69,,,
401235975,2020,regular,12,2020-11-21 17:00:00+00:00,349,Army,290,Georgia Southern,teamrankings,-3.5,,38.5,,,
401235975,2020,regular,12,2020-11-21 17:00:00+00:00,349,Army,290,Georgia Southern,numberfire,-3.5,,38.5,,,
401235975,2020,regular,12,2020-11-21 17:00:00+00:00,349,Army,290,Georgia Southern,consensus,-3.5,,38.5,,,
401235975,2020,regular,12,2020-11-21 17:00:00+00:00,349,Army,290,Georgia Southern,Caesars,-3,,39,,,
401235975,2020,regular,12,2020-11-21 17:00:00+00:00,349,Army,290,Georgia Southern,Bovada,-3.5,,38.5,,,
401247374,2020,regular,12,2020-11-21 17:00:00+00:00,235,Memphis,2617,Stephen F. Austin,consensus,-31,,61,,,
401207181,2020,regular,12,2020-11-21 19:00:00+00:00,98,Western Kentucky,2229,Florida International,teamrankings,-6.5,,41.5,,,
401207181,2020,regular,12,2020-11-21 19:00:00+00:00,98,Western Kentucky,2229,Florida International,numberfire,-7.5,,41.5,,,
401207181,2020,regular,12,2020-11-21 19:00:00+00:00,98,Western Kentucky,2229,Florida International,consensus,-7,,42,,,
401207181,2020,regular,12,2020-11-21 19:00:00+00:00,98,Western Kentucky,2229,Florida International,Caesars,-7,,42.5,,,
401207181,2020,regular,12,2020-11-21 19:00:00+00:00,98,Western Kentucky,2229,Florida International,Bovada,-7,,42,,,
401215313,2020,regular,7,2020-10-17 16:00:00+00:00,6,South Alabama,326,Texas State,teamrankings,-4.5,,58,,,
401215313,2020,regular,7,2020-10-17 16:00:00+00:00,6,South Alabama,326,Texas State,numberfire,-4.5,,56.5,,,
401215313,2020,regular,7,2020-10-17 16:00:00+00:00,6,South Alabama,326,Texas State,consensus,-5,,57.5,,,
401215313,2020,regular,7,2020-10-17 16:00:00+00:00,6,South Alabama,326,Texas State,Caesars,-5,,57.5,,,
401215313,2020,regular,7,2020-10-17 16:00:00+00:00,6,South Alabama,326,Texas State,Bovada,-4.5,,57.5,,,
401240115,2020,regular,7,2020-10-17 17:30:00+00:00,2636,UTSA,349,Army,teamrankings,8.5,,47,,,
401240115,2020,regular,7,2020-10-17 17:30:00+00:00,2636,UTSA,349,Army,numberfire,8.5,,48.5,,,
401240115,2020,regular,7,2020-10-17 17:30:00+00:00,2636,UTSA,349,Army,consensus,8.5,,46.5,,,
401240115,2020,regular,7,2020-10-17 17:30:00+00:00,2636,UTSA,349,Army,Caesars,9,,47,,,
401247335,2020,regular,14,2020-12-05 17:00:00+00:00,2509,Purdue,158,Nebraska,teamrankings,-1.5,,64.5,,,
401247335,2020,regular,14,2020-12-05 17:00:00+00:00,2509,Purdue,158,Nebraska,numberfire,0.5,,64.5,,,
401247335,2020,regular,14,2020-12-05 17:00:00+00:00,2509,Purdue,158,Nebraska,consensus,-1,,64,,,
401247335,2020,regular,14,2020-12-05 17:00:00+00:00,2509,Purdue,158,Nebraska,Caesars,-1,,64,,,
401247335,2020,regular,14,2020-12-05 17:00:00+00:00,2509,Purdue,158,Nebraska,Bovada,-1,,64,,,
401247336,2020,regular,14,2020-12-05 17:00:00+00:00,164,Rutgers,213,Penn State,teamrankings,13,,51.5,,,
401247336,2020,regular,14,2020-12-05 17:00:00+00:00,164,Rutgers,213,Penn State,numberfire,12.5,,51.5,,,
401247336,2020,regular,14,2020-12-05 17:00:00+00:00,164,Rutgers,213,Penn State,consensus,13,,51,,,
401247336,2020,regular,14,2020-12-05 17:00:00+00:00,164,Rutgers,213,Penn State,Bovada,13,,51,,,
401215310,2020,regular,7,2020-10-15 23:30:00+00:00,2032,Arkansas State,2247,Georgia State,teamrankings,-3.5,,72.5,,,
401215310,2020,regular,7,2020-10-15 23:30:00+00:00,2032,Arkansas State,2247,Georgia State,numberfire,-3.5,,72.5,,,
401215310,2020,regular,7,2020-10-15 23:30:00+00:00,2032,Arkansas State,2247,Georgia State,consensus,-3.5,,72.5,,,
401215310,2020,regular,7,2020-10-15 23:30:00+00:00,2032,Arkansas State,2247,Georgia State,SugarHouse,-3.5,,72.5,,,
401215310,2020,regular,7,2020-10-15 23:30:00+00:00,2032,Arkansas State,2247,Georgia State,Caesars,-3.5,,72.5,,,
401215310,2020,regular,7,2020-10-15 23:30:00+00:00,2032,Arkansas State,2247,Georgia State,Bovada,-3.5,,72.5,,,
401212551,2020,regular,7,2020-10-17 01:30:00+00:00,248,Houston,252,BYU,teamrankings,3,,62,,,
401212551,2020,regular,7,2020-10-17 01:30:00+00:00,248,Houston,252,BYU,numberfire,3.5,,62.5,,,
401212551,2020,regular,7,2020-10-17 01:30:00+00:00,248,Houston,252,BYU,consensus,3,,62.5,,,
401212551,2020,regular,7,2020-10-17 01:30:00+00:00,248,Houston,252,BYU,SugarHouse,3.5,,62.5,,,
401212551,2020,regular,7,2020-10-17 01:30:00+00:00,248,Houston,252,BYU,Caesars,3,,62,,,
401234610,2020,regular,7,2020-10-17 16:00:00+00:00,59,Georgia Tech,228,Clemson,teamrankings,26.5,,64,,,
401234610,2020,regular,7,2020-10-17 16:00:00+00:00,59,Georgia Tech,228,Clemson,numberfire,26.5,,64.5,,,
401234610,2020,regular,7,2020-10-17 16:00:00+00:00,59,Georgia Tech,228,Clemson,consensus,26.5,,64.5,,,
401234610,2020,regular,7,2020-10-17 16:00:00+00:00,59,Georgia Tech,228,Clemson,Caesars,27,,64.5,,,
401234610,2020,regular,7,2020-10-17 16:00:00+00:00,59,Georgia Tech,228,Clemson,Bovada,27,,65.5,,,
401234613,2020,regular,7,2020-10-17 18:30:00+00:00,87,Notre Dame,97,Louisville,teamrankings,-15.5,,62,,,
401234613,2020,regular,7,2020-10-17 18:30:00+00:00,87,Notre Dame,97,Louisville,numberfire,-16.5,,62.5,,,
401234613,2020,regular,7,2020-10-17 18:30:00+00:00,87,Notre Dame,97,Louisville,consensus,-15.5,,62,,,
401234613,2020,regular,7,2020-10-17 18:30:00+00:00,87,Notre Dame,97,Louisville,Caesars,-16,,62,,,
401234613,2020,regular,7,2020-10-17 18:30:00+00:00,87,Notre Dame,97,Louisville,Bovada,-16,,62.5,,,
401234612,2020,regular,7,2020-10-17 23:30:00+00:00,52,Florida State,153,North Carolina,teamrankings,13.5,,65,,,
401234612,2020,regular,7,2020-10-17 23:30:00+00:00,52,Florida State,153,North Carolina,numberfire,13.5,,65.5,,,
401234612,2020,regular,7,2020-10-17 23:30:00+00:00,52,Florida State,153,North Carolina,consensus,13.5,,64.5,,,
401234612,2020,regular,7,2020-10-17 23:30:00+00:00,52,Florida State,153,North Carolina,Caesars,13.5,,64.5,,,
401234612,2020,regular,7,2020-10-17 23:30:00+00:00,52,Florida State,153,North Carolina,Bovada,14,,65,,,
401237112,2020,regular,7,2020-10-17 20:00:00+00:00,344,Mississippi State,245,Texas A&M,teamrankings,3.5,,56,,,
401237112,2020,regular,7,2020-10-17 20:00:00+00:00,344,Mississippi State,245,Texas A&M,numberfire,4.5,,55.5,,,
401237112,2020,regular,7,2020-10-17 20:00:00+00:00,344,Mississippi State,245,Texas A&M,consensus,4.5,,55.5,,,
401237112,2020,regular,7,2020-10-17 20:00:00+00:00,344,Mississippi State,245,Texas A&M,SugarHouse,4,,56,,,
401237112,2020,regular,7,2020-10-17 20:00:00+00:00,344,Mississippi State,245,Texas A&M,Caesars,4.5,,55.5,,,
401237112,2020,regular,7,2020-10-17 20:00:00+00:00,344,Mississippi State,245,Texas A&M,Bovada,4.5,,56,,,
401234614,2020,regular,7,2020-10-17 16:00:00+00:00,2390,Miami,221,Pittsburgh,teamrankings,-11.5,,48,,,
401234614,2020,regular,7,2020-10-17 16:00:00+00:00,2390,Miami,221,Pittsburgh,numberfire,-13.5,,46.5,,,
401234614,2020,regular,7,2020-10-17 16:00:00+00:00,2390,Miami,221,Pittsburgh,consensus,-11.5,,47,,,
401234614,2020,regular,7,2020-10-17 16:00:00+00:00,2390,Miami,221,Pittsburgh,SugarHouse,-13,,47,,,
401234614,2020,regular,7,2020-10-17 16:00:00+00:00,2390,Miami,221,Pittsburgh,Caesars,-11.5,,47,,,
401234614,2020,regular,7,2020-10-17 16:00:00+00:00,2390,Miami,221,Pittsburgh,Bovada,-12.5,,47.5,,,
401237109,2020,regular,7,2020-10-17 16:00:00+00:00,2579,South Carolina,2,Auburn,teamrankings,3,,53.5,,,
401237109,2020,regular,7,2020-10-17 16:00:00+00:00,2579,South Carolina,2,Auburn,numberfire,2.5,,53.5,,,
401237109,2020,regular,7,2020-10-17 16:00:00+00:00,2579,South Carolina,2,Auburn,consensus,2.5,,53.5,,,
401237109,2020,regular,7,2020-10-17 16:00:00+00:00,2579,South Carolina,2,Auburn,Caesars,2.5,,53.5,,,
401237109,2020,regular,7,2020-10-17 16:00:00+00:00,2579,South Carolina,2,Auburn,Bovada,2.5,,54,,,
401237111,2020,regular,7,2020-10-17 16:00:00+00:00,2633,Tennessee,96,Kentucky,teamrankings,-6,,46.5,,,
401237111,2020,regular,7,2020-10-17 16:00:00+00:00,2633,Tennessee,96,Kentucky,numberfire,-6.5,,44.5,,,
401237111,2020,regular,7,2020-10-17 16:00:00+00:00,2633,Tennessee,96,Kentucky,consensus,-6.5,,45.5,,,
401237111,2020,regular,7,2020-10-17 16:00:00+00:00,2633,Tennessee,96,Kentucky,SugarHouse,-6.5,,44.5,,,
401237111,2020,regular,7,2020-10-17 16:00:00+00:00,2633,Tennessee,96,Kentucky,Caesars,-6.5,,46.5,,,
401237111,2020,regular,7,2020-10-17 16:00:00+00:00,2633,Tennessee,96,Kentucky,Bovada,-6,,45.5,,,
401234609,2020,regular,7,2020-10-18 00:00:00+00:00,259,Virginia Tech,103,Boston College,teamrankings,-13,,61.5,,,
401234609,2020,regular,7,2020-10-18 00:00:00+00:00,259,Virginia Tech,103,Boston College,numberfire,-12.5,,61.5,,,
401234609,2020,regular,7,2020-10-18 00:00:00+00:00,259,Virginia Tech,103,Boston College,consensus,-13,,61.5,,,
401234609,2020,regular,7,2020-10-18 00:00:00+00:00,259,Virginia Tech,103,Boston College,SugarHouse,-13,,62.5,,,
401234609,2020,regular,7,2020-10-18 00:00:00+00:00,259,Virginia Tech,103,Boston College,Caesars,-13.5,,62,,,
401234609,2020,regular,7,2020-10-18 00:00:00+00:00,259,Virginia Tech,103,Boston College,Bovada,-13,,62,,,
401212478,2020,regular,7,2020-10-17 16:00:00+00:00,218,Temple,58,South Florida,teamrankings,-13.5,,52.5,,,
401212478,2020,regular,7,2020-10-17 16:00:00+00:00,218,Temple,58,South Florida,numberfire,-14.5,,53.5,,,
401212478,2020,regular,7,2020-10-17 16:00:00+00:00,218,Temple,58,South Florida,consensus,-14,,52.5,,,
401212478,2020,regular,7,2020-10-17 16:00:00+00:00,218,Temple,58,South Florida,SugarHouse,-13,,53,,,
401212478,2020,regular,7,2020-10-17 16:00:00+00:00,218,Temple,58,South Florida,Caesars,-14,,52.5,,,
401212478,2020,regular,7,2020-10-17 16:00:00+00:00,218,Temple,58,South Florida,Bovada,-14,,53,,,
401212548,2020,regular,7,2020-10-17 16:00:00+00:00,151,East Carolina,2426,Navy,teamrankings,3,,55.5,,,
401212548,2020,regular,7,2020-10-17 16:00:00+00:00,151,East Carolina,2426,Navy,numberfire,3.5,,55.5,,,
401212548,2020,regular,7,2020-10-17 16:00:00+00:00,151,East Carolina,2426,Navy,consensus,3.5,,55.5,,,
401212548,2020,regular,7,2020-10-17 16:00:00+00:00,151,East Carolina,2426,Navy,Caesars,3.5,,55,,,
401212548,2020,regular,7,2020-10-17 16:00:00+00:00,151,East Carolina,2426,Navy,Bovada,3.5,,56,,,
401234611,2020,regular,7,2020-10-17 19:30:00+00:00,152,NC State,150,Duke,teamrankings,-3.5,,59.5,,,
401234611,2020,regular,7,2020-10-17 19:30:00+00:00,152,NC State,150,Duke,numberfire,-4.5,,59.5,,,
401234611,2020,regular,7,2020-10-17 19:30:00+00:00,152,NC State,150,Duke,consensus,-3.5,,59.5,,,
401234611,2020,regular,7,2020-10-17 19:30:00+00:00,152,NC State,150,Duke,Caesars,-3.5,,59.5,,,
401234611,2020,regular,7,2020-10-17 19:30:00+00:00,152,NC State,150,Duke,Bovada,-3.5,,60,,,
401237108,2020,regular,7,2020-10-17 19:30:00+00:00,8,Arkansas,145,Ole Miss,teamrankings,-1,,77.5,,,
401237108,2020,regular,7,2020-10-17 19:30:00+00:00,8,Arkansas,145,Ole Miss,numberfire,0.5,,78.5,,,
401237108,2020,regular,7,2020-10-17 19:30:00+00:00,8,Arkansas,145,Ole Miss,consensus,-1,,77.5,,,
401237108,2020,regular,7,2020-10-17 19:30:00+00:00,8,Arkansas,145,Ole Miss,Caesars,1,,77,,,
401237108,2020,regular,7,2020-10-17 19:30:00+00:00,8,Arkansas,145,Ole Miss,Bovada,-1,,77.5,,,
401234616,2020,regular,7,2020-10-17 20:00:00+00:00,154,Wake Forest,258,Virginia,teamrankings,-2.5,,57.5,,,
401234616,2020,regular,7,2020-10-17 20:00:00+00:00,154,Wake Forest,258,Virginia,numberfire,-2.5,,57.5,,,
401234616,2020,regular,7,2020-10-17 20:00:00+00:00,154,Wake Forest,258,Virginia,consensus,-2.5,,57,,,
401234616,2020,regular,7,2020-10-17 20:00:00+00:00,154,Wake Forest,258,Virginia,SugarHouse,-1.5,,55.5,,,
401234616,2020,regular,7,2020-10-17 20:00:00+00:00,154,Wake Forest,258,Virginia,Caesars,-2,,56.5,,,
401234616,2020,regular,7,2020-10-17 20:00:00+00:00,154,Wake Forest,258,Virginia,Bovada,-2.5,,57,,,
401207150,2020,regular,7,2020-10-17 21:00:00+00:00,2393,Middle Tennessee,249,North Texas,teamrankings,-3.5,,70.5,,,
401207150,2020,regular,7,2020-10-17 21:00:00+00:00,2393,Middle Tennessee,249,North Texas,numberfire,-3.5,,71.5,,,
401207150,2020,regular,7,2020-10-17 21:00:00+00:00,2393,Middle Tennessee,249,North Texas,consensus,-3.5,,72,,,
401207150,2020,regular,7,2020-10-17 21:00:00+00:00,2393,Middle Tennessee,249,North Texas,Caesars,-3.5,,72,,,
401207150,2020,regular,7,2020-10-17 21:00:00+00:00,2393,Middle Tennessee,249,North Texas,Bovada,-3.5,,71.5,,,
401240642,2020,regular,8,2020-10-22 23:30:00+00:00,2026,App State,2032,Arkansas State,teamrankings,-14,,69.5,,,
401240642,2020,regular,8,2020-10-22 23:30:00+00:00,2026,App State,2032,Arkansas State,numberfire,-13.5,,70.5,,,
401240642,2020,regular,8,2020-10-22 23:30:00+00:00,2026,App State,2032,Arkansas State,consensus,-13.5,,69.5,,,
401240642,2020,regular,8,2020-10-22 23:30:00+00:00,2026,App State,2032,Arkansas State,SugarHouse,-13.5,,69.5,,,
401240642,2020,regular,8,2020-10-22 23:30:00+00:00,2026,App State,2032,Arkansas State,Caesars,-13.5,,69.5,,,
401240642,2020,regular,8,2020-10-22 23:30:00+00:00,2026,App State,2032,Arkansas State,Bovada,-13.5,,69.5,,,
401236008,2020,regular,8,2020-10-24 19:30:00+00:00,251,Texas,239,Baylor,teamrankings,-11,,61.5,,,
401236008,2020,regular,8,2020-10-24 19:30:00+00:00,251,Texas,239,Baylor,numberfire,-10.5,,61.5,,,
401236008,2020,regular,8,2020-10-24 19:30:00+00:00,251,Texas,239,Baylor,consensus,-11,,61.5,,,
401236008,2020,regular,8,2020-10-24 19:30:00+00:00,251,Texas,239,Baylor,SugarHouse,-10.5,,60.5,,,
401236008,2020,regular,8,2020-10-24 19:30:00+00:00,251,Texas,239,Baylor,Caesars,-11,,61.5,,,
401236008,2020,regular,8,2020-10-24 19:30:00+00:00,251,Texas,239,Baylor,Bovada,-11,,61.5,,,
401207158,2020,regular,8,2020-10-24 19:30:00+00:00,242,Rice,2393,Middle Tennessee,teamrankings,-4.5,,48,,,
401207158,2020,regular,8,2020-10-24 19:30:00+00:00,242,Rice,2393,Middle Tennessee,numberfire,-3.5,,48.5,,,
401207158,2020,regular,8,2020-10-24 19:30:00+00:00,242,Rice,2393,Middle Tennessee,consensus,-3.5,,48,,,
401207158,2020,regular,8,2020-10-24 19:30:00+00:00,242,Rice,2393,Middle Tennessee,SugarHouse,-3.5,,49,,,
401207158,2020,regular,8,2020-10-24 19:30:00+00:00,242,Rice,2393,Middle Tennessee,Caesars,-4,,49,,,
401207158,2020,regular,8,2020-10-24 19:30:00+00:00,242,Rice,2393,Middle Tennessee,Bovada,-4,,48,,,
401212540,2020,regular,12,2020-11-21 20:30:00+00:00,2116,UCF,2132,Cincinnati,teamrankings,3.5,,66.5,,,
401212540,2020,regular,12,2020-11-21 20:30:00+00:00,2116,UCF,2132,Cincinnati,numberfire,4.5,,65.5,,,
401212540,2020,regular,12,2020-11-21 20:30:00+00:00,2116,UCF,2132,Cincinnati,consensus,4.5,,65.5,,,
401212540,2020,regular,12,2020-11-21 20:30:00+00:00,2116,UCF,2132,Cincinnati,Caesars,4.5,,65.5,,,
401212540,2020,regular,12,2020-11-21 20:30:00+00:00,2116,UCF,2132,Cincinnati,Bovada,4.5,,66,,,
401215333,2020,regular,12,2020-11-21 17:00:00+00:00,324,Coastal Carolina,2026,App State,teamrankings,-3.5,,47.5,,,
401215333,2020,regular,12,2020-11-21 17:00:00+00:00,324,Coastal Carolina,2026,App State,numberfire,-3.5,,48.5,,,
401215333,2020,regular,12,2020-11-21 17:00:00+00:00,324,Coastal Carolina,2026,App State,consensus,-3,,48.5,,,
401215333,2020,regular,12,2020-11-21 17:00:00+00:00,324,Coastal Carolina,2026,App State,Caesars,-3,,48.5,,,
401215333,2020,regular,12,2020-11-21 17:00:00+00:00,324,Coastal Carolina,2026,App State,Bovada,-3,,48.5,,,
401212483,2020,regular,13,2020-11-27 20:30:00+00:00,58,South Florida,2116,UCF,teamrankings,25,,70.5,,,
401212483,2020,regular,13,2020-11-27 20:30:00+00:00,58,South Florida,2116,UCF,numberfire,25.5,,69.5,,,
401212483,2020,regular,13,2020-11-27 20:30:00+00:00,58,South Florida,2116,UCF,consensus,25,,70.5,,,
401212483,2020,regular,13,2020-11-27 20:30:00+00:00,58,South Florida,2116,UCF,Caesars,25.5,,70.5,,,
401212483,2020,regular,13,2020-11-27 20:30:00+00:00,58,South Florida,2116,UCF,Bovada,26,,70.5,,,
401236025,2020,regular,12,2020-11-21 21:00:00+00:00,66,Iowa State,2306,Kansas State,teamrankings,-13.5,,47.5,,,
401236025,2020,regular,12,2020-11-21 21:00:00+00:00,66,Iowa State,2306,Kansas State,numberfire,-13.5,,47.5,,,
401236025,2020,regular,12,2020-11-21 21:00:00+00:00,66,Iowa State,2306,Kansas State,consensus,-13.5,,48,,,
401236025,2020,regular,12,2020-11-21 21:00:00+00:00,66,Iowa State,2306,Kansas State,Caesars,-13.5,,48,,,
401236025,2020,regular,12,2020-11-21 21:00:00+00:00,66,Iowa State,2306,Kansas State,Bovada,-13.5,,48,,,
401207102,2020,regular,8,2020-10-24 20:00:00+00:00,98,Western Kentucky,236,Chattanooga,consensus,-14,,53.5,,,
401207102,2020,regular,8,2020-10-24 20:00:00+00:00,98,Western Kentucky,236,Chattanooga,SugarHouse,-14,,53,,,
401240641,2020,regular,12,2020-11-21 20:30:00+00:00,2653,Troy,2393,Middle Tennessee,teamrankings,-11.5,,60.5,,,
401240641,2020,regular,12,2020-11-21 20:30:00+00:00,2653,Troy,2393,Middle Tennessee,numberfire,-10.5,,60.5,,,
401240641,2020,regular,12,2020-11-21 20:30:00+00:00,2653,Troy,2393,Middle Tennessee,consensus,-11,,60.5,,,
401240641,2020,regular,12,2020-11-21 20:30:00+00:00,2653,Troy,2393,Middle Tennessee,Caesars,-11.5,,60.5,,,
401240641,2020,regular,12,2020-11-21 20:30:00+00:00,2653,Troy,2393,Middle Tennessee,Bovada,-11,,60,,,
401234650,2020,regular,13,2020-11-27 20:30:00+00:00,153,North Carolina,87,Notre Dame,teamrankings,4.5,,69.5,,,
401234650,2020,regular,13,2020-11-27 20:30:00+00:00,153,North Carolina,87,Notre Dame,numberfire,5.5,,68.5,,,
401234650,2020,regular,13,2020-11-27 20:30:00+00:00,153,North Carolina,87,Notre Dame,consensus,4.5,,69.5,,,
401234650,2020,regular,13,2020-11-27 20:30:00+00:00,153,North Carolina,87,Notre Dame,Caesars,5,,71,,,
401234650,2020,regular,13,2020-11-27 20:30:00+00:00,153,North Carolina,87,Notre Dame,Bovada,4.5,,70,,,
401212519,2020,regular,12,2020-11-21 17:00:00+00:00,218,Temple,151,East Carolina,teamrankings,6.5,,54.5,,,
401212519,2020,regular,12,2020-11-21 17:00:00+00:00,218,Temple,151,East Carolina,numberfire,6.5,,53.5,,,
401212519,2020,regular,12,2020-11-21 17:00:00+00:00,218,Temple,151,East Carolina,consensus,7,,53,,,
401212519,2020,regular,12,2020-11-21 17:00:00+00:00,218,Temple,151,East Carolina,Caesars,7,,53,,,
401212519,2020,regular,12,2020-11-21 17:00:00+00:00,218,Temple,151,East Carolina,Bovada,7,,53,,,
401238035,2020,regular,1,2020-09-04 00:00:00+00:00,5,UAB,2110,Central Arkansas,consensus,-21,,49.5,,,
401238035,2020,regular,1,2020-09-04 00:00:00+00:00,5,UAB,2110,Central Arkansas,Bovada,-21,,50,,,
401236054,2020,regular,2,2020-09-12 23:00:00+00:00,201,Oklahoma,2623,Missouri State,consensus,-50.5,,72,,,
401236054,2020,regular,2,2020-09-12 23:00:00+00:00,201,Oklahoma,2623,Missouri State,Bovada,-48,,72,,,
401249001,2020,regular,9,2020-10-31 01:45:00+00:00,2751,Wyoming,62,Hawai'i,teamrankings,2.5,,60,,,
401249001,2020,regular,9,2020-10-31 01:45:00+00:00,2751,Wyoming,62,Hawai'i,numberfire,1.5,,60.5,,,
401249001,2020,regular,9,2020-10-31 01:45:00+00:00,2751,Wyoming,62,Hawai'i,consensus,3,,60,,,
401249001,2020,regular,9,2020-10-31 01:45:00+00:00,2751,Wyoming,62,Hawai'i,Caesars,3,,60,,,
401249001,2020,regular,9,2020-10-31 01:45:00+00:00,2751,Wyoming,62,Hawai'i,Bovada,2,,,,,
401248999,2020,regular,9,2020-10-31 22:00:00+00:00,2005,Air Force,68,Boise State,teamrankings,12.5,,49,,,
401248999,2020,regular,9,2020-10-31 22:00:00+00:00,2005,Air Force,68,Boise State,numberfire,13.5,,48.5,,,
401248999,2020,regular,9,2020-10-31 22:00:00+00:00,2005,Air Force,68,Boise State,consensus,13.5,,49,,,
401248999,2020,regular,9,2020-10-31 22:00:00+00:00,2005,Air Force,68,Boise State,SugarHouse,14.5,,49,,,
401248999,2020,regular,9,2020-10-31 22:00:00+00:00,2005,Air Force,68,Boise State,Caesars,13.5,,49,,,
401248999,2020,regular,9,2020-10-31 22:00:00+00:00,2005,Air Force,68,Boise State,Bovada,10.5,,,,,
401249004,2020,regular,9,2020-11-01 01:30:00+00:00,328,Utah State,21,San Diego State,teamrankings,9,,42.5,,,
401249004,2020,regular,9,2020-11-01 01:30:00+00:00,328,Utah State,21,San Diego State,numberfire,8.5,,41.5,,,
401249004,2020,regular,9,2020-11-01 01:30:00+00:00,328,Utah State,21,San Diego State,consensus,9,,40.5,,,
401249004,2020,regular,9,2020-11-01 01:30:00+00:00,328,Utah State,21,San Diego State,SugarHouse,8,,43.5,,,
401249004,2020,regular,9,2020-11-01 01:30:00+00:00,328,Utah State,21,San Diego State,Caesars,9,,41,,,
401249004,2020,regular,9,2020-11-01 01:30:00+00:00,328,Utah State,21,San Diego State,Bovada,7.5,,,,,
401249002,2020,regular,9,2020-11-01 02:30:00+00:00,2439,UNLV,2440,Nevada,teamrankings,13.5,,60,,,
401249002,2020,regular,9,2020-11-01 02:30:00+00:00,2439,UNLV,2440,Nevada,numberfire,13.5,,59.5,,,
401249002,2020,regular,9,2020-11-01 02:30:00+00:00,2439,UNLV,2440,Nevada,consensus,13.5,,59.5,,,
401249002,2020,regular,9,2020-11-01 02:30:00+00:00,2439,UNLV,2440,Nevada,SugarHouse,13.5,,59,,,
401249002,2020,regular,9,2020-11-01 02:30:00+00:00,2439,UNLV,2440,Nevada,Caesars,13.5,,59.5,,,
401249002,2020,regular,9,2020-11-01 02:30:00+00:00,2439,UNLV,2440,Nevada,Bovada,10.5,,,,,
401249404,2020,regular,11,2020-11-15 04:00:00+00:00,264,Washington,204,Oregon State,teamrankings,-14,,51.5,,,
401249404,2020,regular,11,2020-11-15 04:00:00+00:00,264,Washington,204,Oregon State,numberfire,-13.5,,50.5,,,
401249404,2020,regular,11,2020-11-15 04:00:00+00:00,264,Washington,204,Oregon State,consensus,-13.5,,51,,,
401249404,2020,regular,11,2020-11-15 04:00:00+00:00,264,Washington,204,Oregon State,Caesars,-13.5,,51.5,,,
401249404,2020,regular,11,2020-11-15 04:00:00+00:00,264,Washington,204,Oregon State,Bovada,-13.5,,51,,,
401237119,2020,regular,9,2020-10-31 23:00:00+00:00,333,Alabama,344,Mississippi State,teamrankings,-28.5,,63.5,,,
401237119,2020,regular,9,2020-10-31 23:00:00+00:00,333,Alabama,344,Mississippi State,numberfire,-29.5,,63.5,,,
401237119,2020,regular,9,2020-10-31 23:00:00+00:00,333,Alabama,344,Mississippi State,consensus,-29.5,,63.5,,,
401237119,2020,regular,9,2020-10-31 23:00:00+00:00,333,Alabama,344,Mississippi State,SugarHouse,-29.5,,63.5,,,
401237119,2020,regular,9,2020-10-31 23:00:00+00:00,333,Alabama,344,Mississippi State,Caesars,-30,,63.5,,,
401237119,2020,regular,9,2020-10-31 23:00:00+00:00,333,Alabama,344,Mississippi State,Bovada,-32,,,,,
401236017,2020,regular,9,2020-10-31 20:00:00+00:00,197,Oklahoma State,251,Texas,teamrankings,-3.5,,57.5,,,
401236017,2020,regular,9,2020-10-31 20:00:00+00:00,197,Oklahoma State,251,Texas,numberfire,-3.5,,57.5,,,
401236017,2020,regular,9,2020-10-31 20:00:00+00:00,197,Oklahoma State,251,Texas,consensus,-3.5,,58.5,,,
401236017,2020,regular,9,2020-10-31 20:00:00+00:00,197,Oklahoma State,251,Texas,SugarHouse,-3.5,,58.5,,,
401236017,2020,regular,9,2020-10-31 20:00:00+00:00,197,Oklahoma State,251,Texas,Caesars,-3.5,,58.5,,,
401236017,2020,regular,9,2020-10-31 20:00:00+00:00,197,Oklahoma State,251,Texas,Bovada,-3.5,,,,,
401237116,2020,regular,9,2020-10-31 23:30:00+00:00,57,Florida,142,Missouri,teamrankings,-13.5,,64,,,
401237116,2020,regular,9,2020-10-31 23:30:00+00:00,57,Florida,142,Missouri,numberfire,-13.5,,64.5,,,
401237116,2020,regular,9,2020-10-31 23:30:00+00:00,57,Florida,142,Missouri,consensus,-13.5,,63.5,,,
401237116,2020,regular,9,2020-10-31 23:30:00+00:00,57,Florida,142,Missouri,Caesars,-13.5,,63.5,,,
401237116,2020,regular,9,2020-10-31 23:30:00+00:00,57,Florida,142,Missouri,Bovada,-13,,,,,
401234628,2020,regular,9,2020-11-01 00:00:00+00:00,258,Virginia,153,North Carolina,teamrankings,7.5,,61,,,
401234628,2020,regular,9,2020-11-01 00:00:00+00:00,258,Virginia,153,North Carolina,numberfire,7.5,,61.5,,,
401234628,2020,regular,9,2020-11-01 00:00:00+00:00,258,Virginia,153,North Carolina,consensus,7.5,,61,,,
401234628,2020,regular,9,2020-11-01 00:00:00+00:00,258,Virginia,153,North Carolina,Caesars,7.5,,61,,,
401234628,2020,regular,9,2020-11-01 00:00:00+00:00,258,Virginia,153,North Carolina,Bovada,7,,,,,
401212489,2020,regular,9,2020-10-31 23:30:00+00:00,2567,SMU,2426,Navy,teamrankings,-13,,58.5,,,
401212489,2020,regular,9,2020-10-31 23:30:00+00:00,2567,SMU,2426,Navy,numberfire,-13.5,,58.5,,,
401212489,2020,regular,9,2020-10-31 23:30:00+00:00,2567,SMU,2426,Navy,consensus,-13,,58.5,,,
401212489,2020,regular,9,2020-10-31 23:30:00+00:00,2567,SMU,2426,Navy,SugarHouse,-14,,58.5,,,
401212489,2020,regular,9,2020-10-31 23:30:00+00:00,2567,SMU,2426,Navy,Caesars,-13,,59,,,
401212489,2020,regular,9,2020-10-31 23:30:00+00:00,2567,SMU,2426,Navy,Bovada,-14,,,,,
401236014,2020,regular,9,2020-10-31 16:00:00+00:00,2305,Kansas,66,Iowa State,teamrankings,28,,49.5,,,
401236014,2020,regular,9,2020-10-31 16:00:00+00:00,2305,Kansas,66,Iowa State,numberfire,27.5,,48.5,,,
401236014,2020,regular,9,2020-10-31 16:00:00+00:00,2305,Kansas,66,Iowa State,consensus,27.5,,49.5,,,
401236014,2020,regular,9,2020-10-31 16:00:00+00:00,2305,Kansas,66,Iowa State,SugarHouse,27.5,,50.5,,,
401236014,2020,regular,9,2020-10-31 16:00:00+00:00,2305,Kansas,66,Iowa State,Caesars,27,,49.5,,,
401236014,2020,regular,9,2020-10-31 16:00:00+00:00,2305,Kansas,66,Iowa State,Bovada,28.5,,,,,
401237123,2020,regular,9,2020-10-31 20:00:00+00:00,238,Vanderbilt,145,Ole Miss,teamrankings,17,,63.5,,,
401237123,2020,regular,9,2020-10-31 20:00:00+00:00,238,Vanderbilt,145,Ole Miss,numberfire,16.5,,63.5,,,
401237123,2020,regular,9,2020-10-31 20:00:00+00:00,238,Vanderbilt,145,Ole Miss,consensus,17,,63.5,,,
401237123,2020,regular,9,2020-10-31 20:00:00+00:00,238,Vanderbilt,145,Ole Miss,Caesars,17,,63,,,
401237123,2020,regular,9,2020-10-31 20:00:00+00:00,238,Vanderbilt,145,Ole Miss,Bovada,18,,,,,
401234624,2020,regular,9,2020-10-31 16:00:00+00:00,228,Clemson,103,Boston College,teamrankings,-26,,56,,,
401234624,2020,regular,9,2020-10-31 16:00:00+00:00,228,Clemson,103,Boston College,numberfire,-26.5,,55.5,,,
401234624,2020,regular,9,2020-10-31 16:00:00+00:00,228,Clemson,103,Boston College,consensus,-26.5,,56,,,
401234624,2020,regular,9,2020-10-31 16:00:00+00:00,228,Clemson,103,Boston College,SugarHouse,-26.5,,58.5,,,
401234624,2020,regular,9,2020-10-31 16:00:00+00:00,228,Clemson,103,Boston College,Caesars,-26,,56,,,
401234624,2020,regular,9,2020-10-31 16:00:00+00:00,228,Clemson,103,Boston College,Bovada,-31.5,,,,,
401234626,2020,regular,9,2020-10-31 19:30:00+00:00,59,Georgia Tech,87,Notre Dame,teamrankings,20.5,,58,,,
401234626,2020,regular,9,2020-10-31 19:30:00+00:00,59,Georgia Tech,87,Notre Dame,numberfire,20.5,,58.5,,,
401234626,2020,regular,9,2020-10-31 19:30:00+00:00,59,Georgia Tech,87,Notre Dame,consensus,20.5,,58.5,,,
401234626,2020,regular,9,2020-10-31 19:30:00+00:00,59,Georgia Tech,87,Notre Dame,SugarHouse,20.5,,58.5,,,
401234626,2020,regular,9,2020-10-31 19:30:00+00:00,59,Georgia Tech,87,Notre Dame,Caesars,20,,58.5,,,
401234626,2020,regular,9,2020-10-31 19:30:00+00:00,59,Georgia Tech,87,Notre Dame,Bovada,19.5,,,,,
401237120,2020,regular,9,2020-10-31 23:30:00+00:00,245,Texas A&M,8,Arkansas,teamrankings,-14,,53.5,,,
401237120,2020,regular,9,2020-10-31 23:30:00+00:00,245,Texas A&M,8,Arkansas,numberfire,-14.5,,54.5,,,
401237120,2020,regular,9,2020-10-31 23:30:00+00:00,245,Texas A&M,8,Arkansas,consensus,-14.5,,54.5,,,
401237120,2020,regular,9,2020-10-31 23:30:00+00:00,245,Texas A&M,8,Arkansas,Caesars,-14.5,,54,,,
401237120,2020,regular,9,2020-10-31 23:30:00+00:00,245,Texas A&M,8,Arkansas,Bovada,-10.5,,,,,
401236015,2020,regular,9,2020-10-31 16:00:00+00:00,277,West Virginia,2306,Kansas State,teamrankings,-5,,46,,,
401236015,2020,regular,9,2020-10-31 16:00:00+00:00,277,West Virginia,2306,Kansas State,numberfire,-4.5,,46.5,,,
401236015,2020,regular,9,2020-10-31 16:00:00+00:00,277,West Virginia,2306,Kansas State,consensus,-5,,46,,,
401236015,2020,regular,9,2020-10-31 16:00:00+00:00,277,West Virginia,2306,Kansas State,SugarHouse,-5,,46,,,
401236015,2020,regular,9,2020-10-31 16:00:00+00:00,277,West Virginia,2306,Kansas State,Caesars,-5.5,,46,,,
401236015,2020,regular,9,2020-10-31 16:00:00+00:00,277,West Virginia,2306,Kansas State,Bovada,-3,,,,,
401236016,2020,regular,9,2020-11-01 00:00:00+00:00,2641,Texas Tech,201,Oklahoma,teamrankings,16,,66.5,,,
401236016,2020,regular,9,2020-11-01 00:00:00+00:00,2641,Texas Tech,201,Oklahoma,numberfire,15.5,,65.5,,,
401236016,2020,regular,9,2020-11-01 00:00:00+00:00,2641,Texas Tech,201,Oklahoma,consensus,16,,66.5,,,
401236016,2020,regular,9,2020-11-01 00:00:00+00:00,2641,Texas Tech,201,Oklahoma,Caesars,16,,66.5,,,
401236016,2020,regular,9,2020-11-01 00:00:00+00:00,2641,Texas Tech,201,Oklahoma,Bovada,14.5,,,,,
401212517,2020,regular,9,2020-10-31 16:00:00+00:00,2655,Tulane,218,Temple,teamrankings,-7,,56,,,
401212517,2020,regular,9,2020-10-31 16:00:00+00:00,2655,Tulane,218,Temple,numberfire,-6.5,,57.5,,,
401212517,2020,regular,9,2020-10-31 16:00:00+00:00,2655,Tulane,218,Temple,consensus,-7,,58.5,,,
401212517,2020,regular,9,2020-10-31 16:00:00+00:00,2655,Tulane,218,Temple,SugarHouse,-6.5,,58.5,,,
401212517,2020,regular,9,2020-10-31 16:00:00+00:00,2655,Tulane,218,Temple,Caesars,-7,,56.5,,,
401212517,2020,regular,9,2020-10-31 16:00:00+00:00,2655,Tulane,218,Temple,Bovada,-3,,,,,
401212538,2020,regular,9,2020-10-31 18:00:00+00:00,248,Houston,2116,UCF,teamrankings,3,,81,,,
401212538,2020,regular,9,2020-10-31 18:00:00+00:00,248,Houston,2116,UCF,numberfire,3.5,,82.5,,,
401212538,2020,regular,9,2020-10-31 18:00:00+00:00,248,Houston,2116,UCF,consensus,3,,81.5,,,
401212538,2020,regular,9,2020-10-31 18:00:00+00:00,248,Houston,2116,UCF,SugarHouse,3.5,,81.5,,,
401212538,2020,regular,9,2020-10-31 18:00:00+00:00,248,Houston,2116,UCF,Caesars,3,,81.5,,,
401212538,2020,regular,9,2020-10-31 18:00:00+00:00,248,Houston,2116,UCF,Bovada,3,,,,,
401215320,2020,regular,9,2020-10-31 19:00:00+00:00,2032,Arkansas State,2653,Troy,teamrankings,-3.5,,70,,,
401215320,2020,regular,9,2020-10-31 19:00:00+00:00,2032,Arkansas State,2653,Troy,numberfire,-3.5,,69.5,,,
401215320,2020,regular,9,2020-10-31 19:00:00+00:00,2032,Arkansas State,2653,Troy,consensus,-3.5,,69.5,,,
401215320,2020,regular,9,2020-10-31 19:00:00+00:00,2032,Arkansas State,2653,Troy,SugarHouse,-3.5,,69.5,,,
401215320,2020,regular,9,2020-10-31 19:00:00+00:00,2032,Arkansas State,2653,Troy,Caesars,-3.5,,69.5,,,
401215320,2020,regular,9,2020-10-31 19:00:00+00:00,2032,Arkansas State,2653,Troy,Bovada,-3.5,,,,,
401236013,2020,regular,9,2020-10-31 19:30:00+00:00,239,Baylor,2628,TCU,teamrankings,2.5,,47.5,,,
401236013,2020,regular,9,2020-10-31 19:30:00+00:00,239,Baylor,2628,TCU,numberfire,2.5,,47.5,,,
401236013,2020,regular,9,2020-10-31 19:30:00+00:00,239,Baylor,2628,TCU,consensus,2.5,,47.5,,,
401236013,2020,regular,9,2020-10-31 19:30:00+00:00,239,Baylor,2628,TCU,SugarHouse,2.5,,47.5,,,
401236013,2020,regular,9,2020-10-31 19:30:00+00:00,239,Baylor,2628,TCU,Caesars,2.5,,47,,,
401236013,2020,regular,9,2020-10-31 19:30:00+00:00,239,Baylor,2628,TCU,Bovada,3,,,,,
401237121,2020,regular,9,2020-10-31 19:30:00+00:00,2,Auburn,99,LSU,teamrankings,0,,63.5,,,
401237121,2020,regular,9,2020-10-31 19:30:00+00:00,2,Auburn,99,LSU,numberfire,-0.5,,63.5,,,
401237121,2020,regular,9,2020-10-31 19:30:00+00:00,2,Auburn,99,LSU,consensus,-1,,63.5,,,
401237121,2020,regular,9,2020-10-31 19:30:00+00:00,2,Auburn,99,LSU,SugarHouse,-1,,63.5,,,
401237121,2020,regular,9,2020-10-31 19:30:00+00:00,2,Auburn,99,LSU,Bovada,2,,,,,
401215325,2020,regular,10,2020-11-08 01:00:00+00:00,324,Coastal Carolina,6,South Alabama,teamrankings,-17,,56.5,,,
401215325,2020,regular,10,2020-11-08 01:00:00+00:00,324,Coastal Carolina,6,South Alabama,numberfire,-15.5,,57.5,,,
401215325,2020,regular,10,2020-11-08 01:00:00+00:00,324,Coastal Carolina,6,South Alabama,consensus,-17,,57.5,,,
401215325,2020,regular,10,2020-11-08 01:00:00+00:00,324,Coastal Carolina,6,South Alabama,Caesars,-17,,57,,,
401215325,2020,regular,10,2020-11-08 01:00:00+00:00,324,Coastal Carolina,6,South Alabama,Bovada,-17,,54,,,
401212480,2020,regular,10,2020-11-07 17:00:00+00:00,235,Memphis,58,South Florida,teamrankings,-17.5,,67,,,
401212480,2020,regular,10,2020-11-07 17:00:00+00:00,235,Memphis,58,South Florida,numberfire,-18.5,,67.5,,,
401212480,2020,regular,10,2020-11-07 17:00:00+00:00,235,Memphis,58,South Florida,consensus,-17.5,,67.5,,,
401212480,2020,regular,10,2020-11-07 17:00:00+00:00,235,Memphis,58,South Florida,Caesars,-17.5,,67.5,,,
401212480,2020,regular,10,2020-11-07 17:00:00+00:00,235,Memphis,58,South Florida,Bovada,-18,,65,,,
401212525,2020,regular,10,2020-11-07 17:00:00+00:00,151,East Carolina,2655,Tulane,teamrankings,3.5,,63.5,,,
401212525,2020,regular,10,2020-11-07 17:00:00+00:00,151,East Carolina,2655,Tulane,numberfire,3.5,,63.5,,,
401212525,2020,regular,10,2020-11-07 17:00:00+00:00,151,East Carolina,2655,Tulane,consensus,3.5,,63.5,,,
401212525,2020,regular,10,2020-11-07 17:00:00+00:00,151,East Carolina,2655,Tulane,Caesars,3.5,,63.5,,,
401212525,2020,regular,10,2020-11-07 17:00:00+00:00,151,East Carolina,2655,Tulane,Bovada,5,,60.5,,,
401215327,2020,regular,10,2020-11-07 17:00:00+00:00,2247,Georgia State,2433,UL Monroe,teamrankings,-18.5,,60,,,
401215327,2020,regular,10,2020-11-07 17:00:00+00:00,2247,Georgia State,2433,UL Monroe,numberfire,-18.5,,59.5,,,
401215327,2020,regular,10,2020-11-07 17:00:00+00:00,2247,Georgia State,2433,UL Monroe,consensus,-18.5,,59,,,
401215327,2020,regular,10,2020-11-07 17:00:00+00:00,2247,Georgia State,2433,UL Monroe,Caesars,-19,,59,,,
401215327,2020,regular,10,2020-11-07 17:00:00+00:00,2247,Georgia State,2433,UL Monroe,Bovada,-18,,58.5,,,
401215324,2020,regular,10,2020-11-07 20:00:00+00:00,326,Texas State,2026,App State,teamrankings,21.5,,58,,,
401215324,2020,regular,10,2020-11-07 20:00:00+00:00,326,Texas State,2026,App State,numberfire,21.5,,58.5,,,
401215324,2020,regular,10,2020-11-07 20:00:00+00:00,326,Texas State,2026,App State,consensus,21.5,,58.5,,,
401215324,2020,regular,10,2020-11-07 20:00:00+00:00,326,Texas State,2026,App State,Caesars,21.5,,58.5,,,
401215324,2020,regular,10,2020-11-07 20:00:00+00:00,326,Texas State,2026,App State,Bovada,17.5,,57.5,,,
401237117,2020,regular,9,2020-10-31 16:00:00+00:00,96,Kentucky,61,Georgia,teamrankings,17,,42,,,
401237117,2020,regular,9,2020-10-31 16:00:00+00:00,96,Kentucky,61,Georgia,numberfire,16.5,,42.5,,,
401237117,2020,regular,9,2020-10-31 16:00:00+00:00,96,Kentucky,61,Georgia,consensus,17,,42,,,
401237117,2020,regular,9,2020-10-31 16:00:00+00:00,96,Kentucky,61,Georgia,SugarHouse,17.5,,43,,,
401237117,2020,regular,9,2020-10-31 16:00:00+00:00,96,Kentucky,61,Georgia,Caesars,17,,42,,,
401237117,2020,regular,9,2020-10-31 16:00:00+00:00,96,Kentucky,61,Georgia,Bovada,14.5,,,,,
401239887,2020,regular,9,2020-11-01 02:15:00+00:00,252,BYU,98,Western Kentucky,teamrankings,-30.5,,52,,,
401239887,2020,regular,9,2020-11-01 02:15:00+00:00,252,BYU,98,Western Kentucky,numberfire,-30.5,,52.5,,,
401239887,2020,regular,9,2020-11-01 02:15:00+00:00,252,BYU,98,Western Kentucky,consensus,-31,,52.5,,,
401239887,2020,regular,9,2020-11-01 02:15:00+00:00,252,BYU,98,Western Kentucky,SugarHouse,-30.5,,52.5,,,
401239887,2020,regular,9,2020-11-01 02:15:00+00:00,252,BYU,98,Western Kentucky,Caesars,-31,,52,,,
401239887,2020,regular,9,2020-11-01 02:15:00+00:00,252,BYU,98,Western Kentucky,Bovada,-28.5,,,,,
401247305,2020,regular,9,2020-10-31 16:00:00+00:00,130,Michigan,127,Michigan State,teamrankings,-22,,51.5,,,
401247305,2020,regular,9,2020-10-31 16:00:00+00:00,130,Michigan,127,Michigan State,numberfire,-21.5,,51.5,,,
401247305,2020,regular,9,2020-10-31 16:00:00+00:00,130,Michigan,127,Michigan State,consensus,-21.5,,51.5,,,
401247305,2020,regular,9,2020-10-31 16:00:00+00:00,130,Michigan,127,Michigan State,SugarHouse,-21.5,,51.5,,,
401247305,2020,regular,9,2020-10-31 16:00:00+00:00,130,Michigan,127,Michigan State,Caesars,-21.5,,51.5,,,
401247305,2020,regular,9,2020-10-31 16:00:00+00:00,130,Michigan,127,Michigan State,Bovada,-25,,,,,
401234627,2020,regular,9,2020-10-31 20:00:00+00:00,97,Louisville,259,Virginia Tech,teamrankings,4,,67.5,,,
401234627,2020,regular,9,2020-10-31 20:00:00+00:00,97,Louisville,259,Virginia Tech,numberfire,3.5,,67.5,,,
401234627,2020,regular,9,2020-10-31 20:00:00+00:00,97,Louisville,259,Virginia Tech,consensus,5,,67.5,,,
401234627,2020,regular,9,2020-10-31 20:00:00+00:00,97,Louisville,259,Virginia Tech,Caesars,5,,67.5,,,
401234627,2020,regular,9,2020-10-31 20:00:00+00:00,97,Louisville,259,Virginia Tech,Bovada,3,,,,,
401249860,2020,regular,10,2020-11-05 00:00:00+00:00,2117,Central Michigan,195,Ohio,teamrankings,3,,54.5,,,
401249860,2020,regular,10,2020-11-05 00:00:00+00:00,2117,Central Michigan,195,Ohio,numberfire,2.5,,53.5,,,
401249860,2020,regular,10,2020-11-05 00:00:00+00:00,2117,Central Michigan,195,Ohio,consensus,2.5,,54,,,
401249860,2020,regular,10,2020-11-05 00:00:00+00:00,2117,Central Michigan,195,Ohio,Caesars,3,,54,,,
401249860,2020,regular,10,2020-11-05 00:00:00+00:00,2117,Central Michigan,195,Ohio,Bovada,1,,59,,,
401253924,2020,regular,10,2020-11-07 17:00:00+00:00,309,Louisiana,2032,Arkansas State,numberfire,-13.5,,69.5,,,
401253924,2020,regular,10,2020-11-07 17:00:00+00:00,309,Louisiana,2032,Arkansas State,consensus,-14.5,,68.5,,,
401253924,2020,regular,10,2020-11-07 17:00:00+00:00,309,Louisiana,2032,Arkansas State,Caesars,-14.5,,68,,,
401253924,2020,regular,10,2020-11-07 17:00:00+00:00,309,Louisiana,2032,Arkansas State,Bovada,-14,,66,,,
401249861,2020,regular,11,2020-11-11 00:00:00+00:00,195,Ohio,2006,Akron,teamrankings,-27,,58,,,
401249861,2020,regular,11,2020-11-11 00:00:00+00:00,195,Ohio,2006,Akron,numberfire,-26.5,,58.5,,,
401249861,2020,regular,11,2020-11-11 00:00:00+00:00,195,Ohio,2006,Akron,consensus,-27.5,,59,,,
401249861,2020,regular,11,2020-11-11 00:00:00+00:00,195,Ohio,2006,Akron,Caesars,-27.5,,59,,,
401249861,2020,regular,11,2020-11-11 00:00:00+00:00,195,Ohio,2006,Akron,Bovada,-27,,59,,,
401249402,2020,regular,10,2020-11-08 00:00:00+00:00,38,Colorado,26,UCLA,teamrankings,6.5,,55.5,,,
401249402,2020,regular,10,2020-11-08 00:00:00+00:00,38,Colorado,26,UCLA,numberfire,6.5,,56.5,,,
401249402,2020,regular,10,2020-11-08 00:00:00+00:00,38,Colorado,26,UCLA,consensus,6.5,,56.5,,,
401249402,2020,regular,10,2020-11-08 00:00:00+00:00,38,Colorado,26,UCLA,Caesars,6.5,,57,,,
401249402,2020,regular,10,2020-11-08 00:00:00+00:00,38,Colorado,26,UCLA,Bovada,6.5,,56.5,,,
401249005,2020,regular,10,2020-11-07 02:45:00+00:00,68,Boise State,252,BYU,teamrankings,4,,62.5,,,
401249005,2020,regular,10,2020-11-07 02:45:00+00:00,68,Boise State,252,BYU,numberfire,4.5,,63.5,,,
401249005,2020,regular,10,2020-11-07 02:45:00+00:00,68,Boise State,252,BYU,consensus,4.5,,62.5,,,
401249005,2020,regular,10,2020-11-07 02:45:00+00:00,68,Boise State,252,BYU,Caesars,5,,62.5,,,
401249005,2020,regular,10,2020-11-07 02:45:00+00:00,68,Boise State,252,BYU,Bovada,3,,59,,,
401249006,2020,regular,10,2020-11-07 20:30:00+00:00,2439,UNLV,278,Fresno State,teamrankings,11,,57.5,,,
401249006,2020,regular,10,2020-11-07 20:30:00+00:00,2439,UNLV,278,Fresno State,numberfire,11.5,,57.5,,,
401249006,2020,regular,10,2020-11-07 20:30:00+00:00,2439,UNLV,278,Fresno State,consensus,11.5,,57.5,,,
401249006,2020,regular,10,2020-11-07 20:30:00+00:00,2439,UNLV,278,Fresno State,Caesars,11.5,,58,,,
401249006,2020,regular,10,2020-11-07 20:30:00+00:00,2439,UNLV,278,Fresno State,Bovada,11,,58,,,
401249012,2020,regular,11,2020-11-13 01:00:00+00:00,68,Boise State,36,Colorado State,teamrankings,-14.5,,62,,,
401249012,2020,regular,11,2020-11-13 01:00:00+00:00,68,Boise State,36,Colorado State,numberfire,-13.5,,61.5,,,
401249012,2020,regular,11,2020-11-13 01:00:00+00:00,68,Boise State,36,Colorado State,consensus,-14,,62.5,,,
401249012,2020,regular,11,2020-11-13 01:00:00+00:00,68,Boise State,36,Colorado State,Caesars,-14,,63,,,
401249012,2020,regular,11,2020-11-13 01:00:00+00:00,68,Boise State,36,Colorado State,Bovada,-14,,62.5,,,
401237125,2020,regular,10,2020-11-07 20:30:00+00:00,61,Georgia,57,Florida,teamrankings,-2.5,,54.5,,,
401237125,2020,regular,10,2020-11-07 20:30:00+00:00,61,Georgia,57,Florida,numberfire,-2.5,,54.5,,,
401237125,2020,regular,10,2020-11-07 20:30:00+00:00,61,Georgia,57,Florida,consensus,-3,,54.5,,,
401237125,2020,regular,10,2020-11-07 20:30:00+00:00,61,Georgia,57,Florida,Caesars,-3,,54.5,,,
401237125,2020,regular,10,2020-11-07 20:30:00+00:00,61,Georgia,57,Florida,Bovada,-3.5,,54,,,
401236018,2020,regular,10,2020-11-08 00:00:00+00:00,66,Iowa State,239,Baylor,teamrankings,-14,,46.5,,,
401236018,2020,regular,10,2020-11-08 00:00:00+00:00,66,Iowa State,239,Baylor,numberfire,-13.5,,46.5,,,
401236018,2020,regular,10,2020-11-08 00:00:00+00:00,66,Iowa State,239,Baylor,consensus,-14,,47,,,
401236018,2020,regular,10,2020-11-08 00:00:00+00:00,66,Iowa State,239,Baylor,Caesars,-14,,47,,,
401236018,2020,regular,10,2020-11-08 00:00:00+00:00,66,Iowa State,239,Baylor,Bovada,-14,,48,,,
401212490,2020,regular,10,2020-11-07 17:00:00+00:00,218,Temple,2567,SMU,teamrankings,17,,63.5,,,
401212490,2020,regular,10,2020-11-07 17:00:00+00:00,218,Temple,2567,SMU,numberfire,16.5,,64.5,,,
401212490,2020,regular,10,2020-11-07 17:00:00+00:00,218,Temple,2567,SMU,consensus,17.5,,63.5,,,
401212490,2020,regular,10,2020-11-07 17:00:00+00:00,218,Temple,2567,SMU,Caesars,17.5,,64,,,
401236022,2020,regular,10,2020-11-07 17:00:00+00:00,251,Texas,277,West Virginia,teamrankings,-6,,55.5,,,
401236022,2020,regular,10,2020-11-07 17:00:00+00:00,251,Texas,277,West Virginia,numberfire,-6.5,,55.5,,,
401236022,2020,regular,10,2020-11-07 17:00:00+00:00,251,Texas,277,West Virginia,consensus,-6.5,,55,,,
401236022,2020,regular,10,2020-11-07 17:00:00+00:00,251,Texas,277,West Virginia,Caesars,-6.5,,55,,,
401236022,2020,regular,10,2020-11-07 17:00:00+00:00,251,Texas,277,West Virginia,Bovada,-6.5,,55,,,
401247313,2020,regular,10,2020-11-07 17:00:00+00:00,2294,Iowa,127,Michigan State,teamrankings,-5.5,,46,,,
401247313,2020,regular,10,2020-11-07 17:00:00+00:00,2294,Iowa,127,Michigan State,numberfire,-4.5,,45.5,,,
401247313,2020,regular,10,2020-11-07 17:00:00+00:00,2294,Iowa,127,Michigan State,consensus,-5.5,,46,,,
401247313,2020,regular,10,2020-11-07 17:00:00+00:00,2294,Iowa,127,Michigan State,Caesars,-5.5,,46,,,
401247313,2020,regular,10,2020-11-07 17:00:00+00:00,2294,Iowa,127,Michigan State,Bovada,-6.5,,47,,,
401234633,2020,regular,10,2020-11-07 17:00:00+00:00,150,Duke,153,North Carolina,teamrankings,11.5,,63,,,
401234633,2020,regular,10,2020-11-07 17:00:00+00:00,150,Duke,153,North Carolina,numberfire,11.5,,63.5,,,
401234633,2020,regular,10,2020-11-07 17:00:00+00:00,150,Duke,153,North Carolina,consensus,11.5,,63.5,,,
401234633,2020,regular,10,2020-11-07 17:00:00+00:00,150,Duke,153,North Carolina,Caesars,11.5,,63.5,,,
401234633,2020,regular,10,2020-11-07 17:00:00+00:00,150,Duke,153,North Carolina,Bovada,10.5,,62.5,,,
401247310,2020,regular,10,2020-11-08 00:30:00+00:00,194,Ohio State,164,Rutgers,teamrankings,-37.5,,62,,,
401247310,2020,regular,10,2020-11-08 00:30:00+00:00,194,Ohio State,164,Rutgers,numberfire,-37.5,,62.5,,,
401247310,2020,regular,10,2020-11-08 00:30:00+00:00,194,Ohio State,164,Rutgers,consensus,-37.5,,62.5,,,
401247310,2020,regular,10,2020-11-08 00:30:00+00:00,194,Ohio State,164,Rutgers,Bovada,-38,,64.5,,,
401237127,2020,regular,10,2020-11-08 00:00:00+00:00,2579,South Carolina,245,Texas A&M,teamrankings,9.5,,58.5,,,
401237127,2020,regular,10,2020-11-08 00:00:00+00:00,2579,South Carolina,245,Texas A&M,numberfire,9.5,,58.5,,,
401237127,2020,regular,10,2020-11-08 00:00:00+00:00,2579,South Carolina,245,Texas A&M,consensus,9.5,,58,,,
401237127,2020,regular,10,2020-11-08 00:00:00+00:00,2579,South Carolina,245,Texas A&M,Caesars,9.5,,58,,,
401237127,2020,regular,10,2020-11-08 00:00:00+00:00,2579,South Carolina,245,Texas A&M,Bovada,10,,57.5,,,
401247309,2020,regular,10,2020-11-07 17:00:00+00:00,84,Indiana,130,Michigan,teamrankings,4.5,,54.5,,,
401247309,2020,regular,10,2020-11-07 17:00:00+00:00,84,Indiana,130,Michigan,numberfire,4.5,,55.5,,,
401247309,2020,regular,10,2020-11-07 17:00:00+00:00,84,Indiana,130,Michigan,consensus,4,,55,,,
401247309,2020,regular,10,2020-11-07 17:00:00+00:00,84,Indiana,130,Michigan,Caesars,4.5,,55,,,
401247309,2020,regular,10,2020-11-07 17:00:00+00:00,84,Indiana,130,Michigan,Bovada,3,,51.5,,,
401236020,2020,regular,10,2020-11-07 21:00:00+00:00,2306,Kansas State,197,Oklahoma State,teamrankings,14,,48.5,,,
401236020,2020,regular,10,2020-11-07 21:00:00+00:00,2306,Kansas State,197,Oklahoma State,numberfire,13.5,,48.5,,,
401236020,2020,regular,10,2020-11-07 21:00:00+00:00,2306,Kansas State,197,Oklahoma State,consensus,14,,48.5,,,
401236020,2020,regular,10,2020-11-07 21:00:00+00:00,2306,Kansas State,197,Oklahoma State,Caesars,14,,48.5,,,
401236020,2020,regular,10,2020-11-07 21:00:00+00:00,2306,Kansas State,197,Oklahoma State,Bovada,12.5,,46.5,,,
401236019,2020,regular,10,2020-11-07 20:30:00+00:00,201,Oklahoma,2305,Kansas,teamrankings,-38.5,,62,,,
401236019,2020,regular,10,2020-11-07 20:30:00+00:00,201,Oklahoma,2305,Kansas,numberfire,-38.5,,63.5,,,
401236019,2020,regular,10,2020-11-07 20:30:00+00:00,201,Oklahoma,2305,Kansas,consensus,-38.5,,63,,,
401236019,2020,regular,10,2020-11-07 20:30:00+00:00,201,Oklahoma,2305,Kansas,Caesars,-38.5,,63,,,
401236019,2020,regular,10,2020-11-07 20:30:00+00:00,201,Oklahoma,2305,Kansas,Bovada,-38,,65.5,,,
401247317,2020,regular,11,2020-11-14 00:00:00+00:00,135,Minnesota,2294,Iowa,teamrankings,3,,58,,,
401247317,2020,regular,11,2020-11-14 00:00:00+00:00,135,Minnesota,2294,Iowa,numberfire,3.5,,58.5,,,
401247317,2020,regular,11,2020-11-14 00:00:00+00:00,135,Minnesota,2294,Iowa,consensus,3,,58,,,
401247317,2020,regular,11,2020-11-14 00:00:00+00:00,135,Minnesota,2294,Iowa,Caesars,3,,58,,,
401247317,2020,regular,11,2020-11-14 00:00:00+00:00,135,Minnesota,2294,Iowa,Bovada,3,,58,,,
401240035,2020,regular,10,2020-11-07 20:00:00+00:00,2572,Southern Miss,2453,North Alabama,consensus,-17.5,,51.5,,,
401207200,2020,regular,11,2020-11-14 17:00:00+00:00,2655,Tulane,349,Army,teamrankings,-3,,46.5,,,
401207200,2020,regular,11,2020-11-14 17:00:00+00:00,2655,Tulane,349,Army,numberfire,-3.5,,46.5,,,
401207200,2020,regular,11,2020-11-14 17:00:00+00:00,2655,Tulane,349,Army,consensus,-3,,46.5,,,
401207200,2020,regular,11,2020-11-14 17:00:00+00:00,2655,Tulane,349,Army,Caesars,-3,,46,,,
401207200,2020,regular,11,2020-11-14 17:00:00+00:00,2655,Tulane,349,Army,Bovada,-3,,46.5,,,
401212545,2020,regular,11,2020-11-14 00:30:00+00:00,2132,Cincinnati,151,East Carolina,teamrankings,-27.5,,56.5,,,
401212545,2020,regular,11,2020-11-14 00:30:00+00:00,2132,Cincinnati,151,East Carolina,numberfire,-27.5,,56.5,,,
401212545,2020,regular,11,2020-11-14 00:30:00+00:00,2132,Cincinnati,151,East Carolina,consensus,-27.5,,56.5,,,
401212545,2020,regular,11,2020-11-14 00:30:00+00:00,2132,Cincinnati,151,East Carolina,Caesars,-27.5,,57.5,,,
401212545,2020,regular,11,2020-11-14 00:30:00+00:00,2132,Cincinnati,151,East Carolina,Bovada,-27.5,,57,,,
401234631,2020,regular,10,2020-11-07 19:00:00+00:00,183,Syracuse,103,Boston College,teamrankings,15,,53.5,,,
401234631,2020,regular,10,2020-11-07 19:00:00+00:00,183,Syracuse,103,Boston College,numberfire,14.5,,54.5,,,
401234631,2020,regular,10,2020-11-07 19:00:00+00:00,183,Syracuse,103,Boston College,consensus,14.5,,54,,,
401234631,2020,regular,10,2020-11-07 19:00:00+00:00,183,Syracuse,103,Boston College,Caesars,14,,54,,,
401234631,2020,regular,10,2020-11-07 19:00:00+00:00,183,Syracuse,103,Boston College,Bovada,14,,53.5,,,
401207174,2020,regular,11,2020-11-14 00:00:00+00:00,2229,Florida International,2226,Florida Atlantic,teamrankings,9.5,,42,,,
401207174,2020,regular,11,2020-11-14 00:00:00+00:00,2229,Florida International,2226,Florida Atlantic,numberfire,9.5,,41.5,,,
401207174,2020,regular,11,2020-11-14 00:00:00+00:00,2229,Florida International,2226,Florida Atlantic,consensus,9.5,,41.5,,,
401207174,2020,regular,11,2020-11-14 00:00:00+00:00,2229,Florida International,2226,Florida Atlantic,Caesars,9.5,,42,,,
401207174,2020,regular,11,2020-11-14 00:00:00+00:00,2229,Florida International,2226,Florida Atlantic,Bovada,9.5,,42,,,
401234642,2020,regular,11,2020-11-14 17:00:00+00:00,153,North Carolina,154,Wake Forest,teamrankings,-13,,70.5,,,
401234642,2020,regular,11,2020-11-14 17:00:00+00:00,153,North Carolina,154,Wake Forest,numberfire,-12.5,,70.5,,,
401234642,2020,regular,11,2020-11-14 17:00:00+00:00,153,North Carolina,154,Wake Forest,consensus,-12.5,,70.5,,,
401234642,2020,regular,11,2020-11-14 17:00:00+00:00,153,North Carolina,154,Wake Forest,Caesars,-13,,71.5,,,
401234642,2020,regular,11,2020-11-14 17:00:00+00:00,153,North Carolina,154,Wake Forest,Bovada,-13,,70.5,,,
401236024,2020,regular,11,2020-11-14 17:00:00+00:00,277,West Virginia,2628,TCU,teamrankings,-3,,44,,,
401236024,2020,regular,11,2020-11-14 17:00:00+00:00,277,West Virginia,2628,TCU,numberfire,-2.5,,44.5,,,
401236024,2020,regular,11,2020-11-14 17:00:00+00:00,277,West Virginia,2628,TCU,consensus,-3,,44.5,,,
401236024,2020,regular,11,2020-11-14 17:00:00+00:00,277,West Virginia,2628,TCU,Caesars,-3,,44.5,,,
401236024,2020,regular,11,2020-11-14 17:00:00+00:00,277,West Virginia,2628,TCU,Bovada,-3,,44.5,,,
401249008,2020,regular,10,2020-11-07 02:00:00+00:00,21,San Diego State,23,San José State,teamrankings,-10,,49.5,,,
401249008,2020,regular,10,2020-11-07 02:00:00+00:00,21,San Diego State,23,San José State,numberfire,-10.5,,50.5,,,
401249008,2020,regular,10,2020-11-07 02:00:00+00:00,21,San Diego State,23,San José State,consensus,-10.5,,50.5,,,
401249008,2020,regular,10,2020-11-07 02:00:00+00:00,21,San Diego State,23,San José State,Caesars,-10.5,,50,,,
401249008,2020,regular,10,2020-11-07 02:00:00+00:00,21,San Diego State,23,San José State,Bovada,-9,,48,,,
401249397,2020,regular,10,2020-11-08 03:30:00+00:00,204,Oregon State,265,Washington State,teamrankings,-3,,63.5,,,
401249397,2020,regular,10,2020-11-08 03:30:00+00:00,204,Oregon State,265,Washington State,numberfire,-3.5,,62.5,,,
401249397,2020,regular,10,2020-11-08 03:30:00+00:00,204,Oregon State,265,Washington State,consensus,-3,,63.5,,,
401249397,2020,regular,10,2020-11-08 03:30:00+00:00,204,Oregon State,265,Washington State,Caesars,-3.5,,63.5,,,
401249397,2020,regular,10,2020-11-08 03:30:00+00:00,204,Oregon State,265,Washington State,Bovada,-2.5,,64.5,,,
401247308,2020,regular,10,2020-11-07 20:30:00+00:00,356,Illinois,135,Minnesota,teamrankings,7.5,,64.5,,,
401247308,2020,regular,10,2020-11-07 20:30:00+00:00,356,Illinois,135,Minnesota,numberfire,7.5,,65.5,,,
401247308,2020,regular,10,2020-11-07 20:30:00+00:00,356,Illinois,135,Minnesota,consensus,7.5,,65,,,
401247308,2020,regular,10,2020-11-07 20:30:00+00:00,356,Illinois,135,Minnesota,Caesars,7.5,,65,,,
401247308,2020,regular,10,2020-11-07 20:30:00+00:00,356,Illinois,135,Minnesota,Bovada,7,,61.5,,,
401237124,2020,regular,10,2020-11-08 00:30:00+00:00,8,Arkansas,2633,Tennessee,teamrankings,2.5,,54,,,
401237124,2020,regular,10,2020-11-08 00:30:00+00:00,8,Arkansas,2633,Tennessee,numberfire,2.5,,54.5,,,
401237124,2020,regular,10,2020-11-08 00:30:00+00:00,8,Arkansas,2633,Tennessee,consensus,2,,55,,,
401237124,2020,regular,10,2020-11-08 00:30:00+00:00,8,Arkansas,2633,Tennessee,Caesars,2,,55,,,
401237124,2020,regular,10,2020-11-08 00:30:00+00:00,8,Arkansas,2633,Tennessee,Bovada,1.5,,52.5,,,
401249890,2020,regular,11,2020-11-11 01:00:00+00:00,2084,Buffalo,193,Miami (OH),teamrankings,-7.5,,55,,,
401249890,2020,regular,11,2020-11-11 01:00:00+00:00,2084,Buffalo,193,Miami (OH),numberfire,-8.5,,55.5,,,
401249890,2020,regular,11,2020-11-11 01:00:00+00:00,2084,Buffalo,193,Miami (OH),consensus,-7.5,,56.5,,,
401249890,2020,regular,11,2020-11-11 01:00:00+00:00,2084,Buffalo,193,Miami (OH),Caesars,-7.5,,56,,,
401249890,2020,regular,11,2020-11-11 01:00:00+00:00,2084,Buffalo,193,Miami (OH),Bovada,-7.5,,57,,,
401249866,2020,regular,11,2020-11-12 01:00:00+00:00,2711,Western Michigan,2649,Toledo,teamrankings,-1.5,,58.5,,,
401249866,2020,regular,11,2020-11-12 01:00:00+00:00,2711,Western Michigan,2649,Toledo,numberfire,-1.5,,58.5,,,
401249866,2020,regular,11,2020-11-12 01:00:00+00:00,2711,Western Michigan,2649,Toledo,consensus,-1.5,,58.5,,,
401249866,2020,regular,11,2020-11-12 01:00:00+00:00,2711,Western Michigan,2649,Toledo,Caesars,-1.5,,59,,,
401249866,2020,regular,11,2020-11-12 01:00:00+00:00,2711,Western Michigan,2649,Toledo,Bovada,-1.5,,59.5,,,
401249862,2020,regular,11,2020-11-11 00:30:00+00:00,189,Bowling Green,2309,Kent State,teamrankings,20.5,,55,,,
401249862,2020,regular,11,2020-11-11 00:30:00+00:00,189,Bowling Green,2309,Kent State,numberfire,20.5,,55.5,,,
401249862,2020,regular,11,2020-11-11 00:30:00+00:00,189,Bowling Green,2309,Kent State,consensus,20.5,,55,,,
401249862,2020,regular,11,2020-11-11 00:30:00+00:00,189,Bowling Green,2309,Kent State,Caesars,21,,55,,,
401249862,2020,regular,11,2020-11-11 00:30:00+00:00,189,Bowling Green,2309,Kent State,Bovada,21,,55,,,
401249865,2020,regular,11,2020-11-12 00:00:00+00:00,2050,Ball State,2199,Eastern Michigan,teamrankings,-8,,61,,,
401249865,2020,regular,11,2020-11-12 00:00:00+00:00,2050,Ball State,2199,Eastern Michigan,numberfire,-8.5,,61.5,,,
401249865,2020,regular,11,2020-11-12 00:00:00+00:00,2050,Ball State,2199,Eastern Michigan,consensus,-8.5,,61.5,,,
401249865,2020,regular,11,2020-11-12 00:00:00+00:00,2050,Ball State,2199,Eastern Michigan,Caesars,-8.5,,61.5,,,
401249865,2020,regular,11,2020-11-12 00:00:00+00:00,2050,Ball State,2199,Eastern Michigan,Bovada,-8,,62,,,
401247316,2020,regular,11,2020-11-14 17:00:00+00:00,127,Michigan State,84,Indiana,teamrankings,7.5,,52.5,,,
401247316,2020,regular,11,2020-11-14 17:00:00+00:00,127,Michigan State,84,Indiana,numberfire,7.5,,52.5,,,
401247316,2020,regular,11,2020-11-14 17:00:00+00:00,127,Michigan State,84,Indiana,consensus,7.5,,52.5,,,
401247316,2020,regular,11,2020-11-14 17:00:00+00:00,127,Michigan State,84,Indiana,Caesars,7.5,,52.5,,,
401247316,2020,regular,11,2020-11-14 17:00:00+00:00,127,Michigan State,84,Indiana,Bovada,7.5,,53,,,
401247346,2020,regular,15,2020-12-12 17:00:00+00:00,213,Penn State,127,Michigan State,teamrankings,-14.5,,45.5,,,
401247346,2020,regular,15,2020-12-12 17:00:00+00:00,213,Penn State,127,Michigan State,numberfire,-14.5,,45.5,,,
401247346,2020,regular,15,2020-12-12 17:00:00+00:00,213,Penn State,127,Michigan State,consensus,-14.5,,46,,,
401247346,2020,regular,15,2020-12-12 17:00:00+00:00,213,Penn State,127,Michigan State,William Hill (New Jersey),-14.5,,46,,,
401247346,2020,regular,15,2020-12-12 17:00:00+00:00,213,Penn State,127,Michigan State,Bovada,-14.5,,46.5,,,
401249883,2020,regular,15,2020-12-12 20:00:00+00:00,2649,Toledo,2117,Central Michigan,teamrankings,-10,,54.5,,,
401249883,2020,regular,15,2020-12-12 20:00:00+00:00,2649,Toledo,2117,Central Michigan,numberfire,-10.5,,54.5,,,
401249883,2020,regular,15,2020-12-12 20:00:00+00:00,2649,Toledo,2117,Central Michigan,consensus,-11,,54.5,,,
401249883,2020,regular,15,2020-12-12 20:00:00+00:00,2649,Toledo,2117,Central Michigan,William Hill (New Jersey),-11,,54,,,
401249883,2020,regular,15,2020-12-12 20:00:00+00:00,2649,Toledo,2117,Central Michigan,Bovada,-10,,54.5,,,
401249886,2020,regular,15,2020-12-12 19:30:00+00:00,2084,Buffalo,2006,Akron,teamrankings,-33.5,,58.5,,,
401249886,2020,regular,15,2020-12-12 19:30:00+00:00,2084,Buffalo,2006,Akron,numberfire,-32.5,,58.5,,,
401249886,2020,regular,15,2020-12-12 19:30:00+00:00,2084,Buffalo,2006,Akron,consensus,-33,,58.5,,,
401249886,2020,regular,15,2020-12-12 19:30:00+00:00,2084,Buffalo,2006,Akron,William Hill (New Jersey),-33,,58.5,,,
401249886,2020,regular,15,2020-12-12 19:30:00+00:00,2084,Buffalo,2006,Akron,Bovada,-33.5,,59,,,
401215309,2020,regular,15,2020-12-12 23:00:00+00:00,290,Georgia Southern,2026,App State,teamrankings,9,,45,,,
401215309,2020,regular,15,2020-12-12 23:00:00+00:00,290,Georgia Southern,2026,App State,numberfire,9.5,,45.5,,,
401215309,2020,regular,15,2020-12-12 23:00:00+00:00,290,Georgia Southern,2026,App State,consensus,9.5,,45,,,
401215309,2020,regular,15,2020-12-12 23:00:00+00:00,290,Georgia Southern,2026,App State,William Hill (New Jersey),9.5,,45,,,
401215309,2020,regular,15,2020-12-12 23:00:00+00:00,290,Georgia Southern,2026,App State,Bovada,9,,45,,,
401249035,2020,regular,15,2020-12-12 23:00:00+00:00,2751,Wyoming,68,Boise State,teamrankings,9,,47,,,
401249035,2020,regular,15,2020-12-12 23:00:00+00:00,2751,Wyoming,68,Boise State,numberfire,9.5,,46.5,,,
401249035,2020,regular,15,2020-12-12 23:00:00+00:00,2751,Wyoming,68,Boise State,consensus,9.5,,46.5,,,
401249035,2020,regular,15,2020-12-12 23:00:00+00:00,2751,Wyoming,68,Boise State,William Hill (New Jersey),9.5,,46.5,,,
401249035,2020,regular,15,2020-12-12 23:00:00+00:00,2751,Wyoming,68,Boise State,Bovada,9.5,,47.5,,,
401249884,2020,regular,15,2020-12-12 17:00:00+00:00,2199,Eastern Michigan,2459,Northern Illinois,teamrankings,-6,,55.5,,,
401249884,2020,regular,15,2020-12-12 17:00:00+00:00,2199,Eastern Michigan,2459,Northern Illinois,numberfire,-5.5,,55.5,,,
401249884,2020,regular,15,2020-12-12 17:00:00+00:00,2199,Eastern Michigan,2459,Northern Illinois,consensus,-6.5,,55.5,,,
401249884,2020,regular,15,2020-12-12 17:00:00+00:00,2199,Eastern Michigan,2459,Northern Illinois,William Hill (New Jersey),-6.5,,55.5,,,
401249884,2020,regular,15,2020-12-12 17:00:00+00:00,2199,Eastern Michigan,2459,Northern Illinois,Bovada,-6.5,,55.5,,,
401249885,2020,regular,15,2020-12-12 17:00:00+00:00,2050,Ball State,2711,Western Michigan,teamrankings,2,,66.5,,,
401249885,2020,regular,15,2020-12-12 17:00:00+00:00,2050,Ball State,2711,Western Michigan,numberfire,2.5,,66.5,,,
401249885,2020,regular,15,2020-12-12 17:00:00+00:00,2050,Ball State,2711,Western Michigan,consensus,2,,65.5,,,
401249885,2020,regular,15,2020-12-12 17:00:00+00:00,2050,Ball State,2711,Western Michigan,William Hill (New Jersey),2,,66,,,
401249885,2020,regular,15,2020-12-12 17:00:00+00:00,2050,Ball State,2711,Western Michigan,Bovada,2,,66,,,
401237132,2020,regular,11,2020-11-14 17:00:00+00:00,96,Kentucky,238,Vanderbilt,teamrankings,-17.5,,41.5,,,
401237132,2020,regular,11,2020-11-14 17:00:00+00:00,96,Kentucky,238,Vanderbilt,numberfire,-17.5,,41.5,,,
401237132,2020,regular,11,2020-11-14 17:00:00+00:00,96,Kentucky,238,Vanderbilt,consensus,-17.5,,41.5,,,
401237132,2020,regular,11,2020-11-14 17:00:00+00:00,96,Kentucky,238,Vanderbilt,Caesars,-17,,41.5,,,
401237132,2020,regular,11,2020-11-14 17:00:00+00:00,96,Kentucky,238,Vanderbilt,Bovada,-17.5,,41.5,,,
401260157,2020,regular,15,2020-12-13 00:30:00+00:00,344,Mississippi State,2,Auburn,numberfire,5.5,,50.5,,,
401260157,2020,regular,15,2020-12-13 00:30:00+00:00,344,Mississippi State,2,Auburn,consensus,5.5,,50.5,,,
401260157,2020,regular,15,2020-12-13 00:30:00+00:00,344,Mississippi State,2,Auburn,William Hill (New Jersey),5.5,,50.5,,,
401260157,2020,regular,15,2020-12-13 00:30:00+00:00,344,Mississippi State,2,Auburn,Bovada,5.5,,51,,,
401260158,2020,regular,16,2020-12-19 17:00:00+00:00,2633,Tennessee,245,Texas A&M,teamrankings,13.5,,50,,,
401260158,2020,regular,16,2020-12-19 17:00:00+00:00,2633,Tennessee,245,Texas A&M,numberfire,13.5,,49.5,,,
401260158,2020,regular,16,2020-12-19 17:00:00+00:00,2633,Tennessee,245,Texas A&M,consensus,13.5,,49.5,,,
401260158,2020,regular,16,2020-12-19 17:00:00+00:00,2633,Tennessee,245,Texas A&M,William Hill (New Jersey),13.5,,49.5,,,
401260158,2020,regular,16,2020-12-19 17:00:00+00:00,2633,Tennessee,245,Texas A&M,Bovada,14,,51.5,,,
401207179,2020,regular,11,2020-11-14 20:00:00+00:00,2636,UTSA,2638,UTEP,teamrankings,-5.5,,45,,,
401207179,2020,regular,11,2020-11-14 20:00:00+00:00,2636,UTSA,2638,UTEP,numberfire,-5.5,,45.5,,,
401207179,2020,regular,11,2020-11-14 20:00:00+00:00,2636,UTSA,2638,UTEP,consensus,-6,,45.5,,,
401207179,2020,regular,11,2020-11-14 20:00:00+00:00,2636,UTSA,2638,UTEP,Caesars,-6,,45,,,
401207179,2020,regular,11,2020-11-14 20:00:00+00:00,2636,UTSA,2638,UTEP,Bovada,-6,,45.5,,,
401247319,2020,regular,11,2020-11-15 00:30:00+00:00,130,Michigan,275,Wisconsin,teamrankings,7,,52,,,
401247319,2020,regular,11,2020-11-15 00:30:00+00:00,130,Michigan,275,Wisconsin,numberfire,6.5,,51.5,,,
401247319,2020,regular,11,2020-11-15 00:30:00+00:00,130,Michigan,275,Wisconsin,consensus,7,,51.5,,,
401247319,2020,regular,11,2020-11-15 00:30:00+00:00,130,Michigan,275,Wisconsin,Caesars,7,,51.5,,,
401247319,2020,regular,11,2020-11-15 00:30:00+00:00,130,Michigan,275,Wisconsin,Bovada,7,,51.5,,,
401247315,2020,regular,11,2020-11-14 22:00:00+00:00,2509,Purdue,77,Northwestern,teamrankings,3.5,,48.5,,,
401247315,2020,regular,11,2020-11-14 22:00:00+00:00,2509,Purdue,77,Northwestern,numberfire,3.5,,48.5,,,
401247315,2020,regular,11,2020-11-14 22:00:00+00:00,2509,Purdue,77,Northwestern,consensus,3.5,,48,,,
401247315,2020,regular,11,2020-11-14 22:00:00+00:00,2509,Purdue,77,Northwestern,Caesars,3.5,,48,,,
401247315,2020,regular,11,2020-11-14 22:00:00+00:00,2509,Purdue,77,Northwestern,Bovada,3.5,,48,,,
401215332,2020,regular,11,2020-11-14 19:00:00+00:00,309,Louisiana,6,South Alabama,teamrankings,-14,,53,,,
401215332,2020,regular,11,2020-11-14 19:00:00+00:00,309,Louisiana,6,South Alabama,numberfire,-14.5,,53.5,,,
401215332,2020,regular,11,2020-11-14 19:00:00+00:00,309,Louisiana,6,South Alabama,consensus,-14,,53.5,,,
401215332,2020,regular,11,2020-11-14 19:00:00+00:00,309,Louisiana,6,South Alabama,Caesars,-14,,53.5,,,
401215332,2020,regular,11,2020-11-14 19:00:00+00:00,309,Louisiana,6,South Alabama,Bovada,-14,,53,,,
401215328,2020,regular,11,2020-11-14 19:30:00+00:00,2026,App State,2247,Georgia State,teamrankings,-18,,63,,,
401215328,2020,regular,11,2020-11-14 19:30:00+00:00,2026,App State,2247,Georgia State,numberfire,-17.5,,63.5,,,
401215328,2020,regular,11,2020-11-14 19:30:00+00:00,2026,App State,2247,Georgia State,consensus,-17.5,,63,,,
401215328,2020,regular,11,2020-11-14 19:30:00+00:00,2026,App State,2247,Georgia State,Caesars,-18,,63,,,
401215328,2020,regular,11,2020-11-14 19:30:00+00:00,2026,App State,2247,Georgia State,Bovada,-18,,63,,,
401212481,2020,regular,11,2020-11-14 20:30:00+00:00,248,Houston,58,South Florida,teamrankings,-15,,58.5,,,
401212481,2020,regular,11,2020-11-14 20:30:00+00:00,248,Houston,58,South Florida,numberfire,-14.5,,58.5,,,
401212481,2020,regular,11,2020-11-14 20:30:00+00:00,248,Houston,58,South Florida,consensus,-14.5,,58.5,,,
401212481,2020,regular,11,2020-11-14 20:30:00+00:00,248,Houston,58,South Florida,Caesars,-14.5,,58.5,,,
401212481,2020,regular,11,2020-11-14 20:30:00+00:00,248,Houston,58,South Florida,Bovada,-14.5,,58.5,,,
401257934,2020,regular,11,2020-11-14 20:30:00+00:00,258,Virginia,97,Louisville,numberfire,-5.5,,64.5,,,
401257934,2020,regular,11,2020-11-14 20:30:00+00:00,258,Virginia,97,Louisville,consensus,-6,,63.5,,,
401257934,2020,regular,11,2020-11-14 20:30:00+00:00,258,Virginia,97,Louisville,Caesars,-5.5,,63.5,,,
401257934,2020,regular,11,2020-11-14 20:30:00+00:00,258,Virginia,97,Louisville,Bovada,-6,,63.5,,,
401212518,2020,regular,11,2020-11-15 00:30:00+00:00,2116,UCF,218,Temple,teamrankings,-29,,73.5,,,
401212518,2020,regular,11,2020-11-15 00:30:00+00:00,2116,UCF,218,Temple,numberfire,-26.5,,76.5,,,
401212518,2020,regular,11,2020-11-15 00:30:00+00:00,2116,UCF,218,Temple,consensus,-28.5,,72.5,,,
401212518,2020,regular,11,2020-11-15 00:30:00+00:00,2116,UCF,218,Temple,Caesars,-29,,72.5,,,
401212518,2020,regular,11,2020-11-15 00:30:00+00:00,2116,UCF,218,Temple,Bovada,-29,,72.5,,,
401234639,2020,regular,11,2020-11-15 00:30:00+00:00,152,NC State,52,Florida State,teamrankings,-11.5,,61,,,
401234639,2020,regular,11,2020-11-15 00:30:00+00:00,152,NC State,52,Florida State,numberfire,-10.5,,61.5,,,
401234639,2020,regular,11,2020-11-15 00:30:00+00:00,152,NC State,52,Florida State,consensus,-11.5,,61.5,,,
401234639,2020,regular,11,2020-11-15 00:30:00+00:00,152,NC State,52,Florida State,Caesars,-11.5,,60.5,,,
401234639,2020,regular,11,2020-11-15 00:30:00+00:00,152,NC State,52,Florida State,Bovada,-12,,61,,,
401237133,2020,regular,11,2020-11-15 00:30:00+00:00,145,Ole Miss,2579,South Carolina,teamrankings,-13,,70.5,,,
401237133,2020,regular,11,2020-11-15 00:30:00+00:00,145,Ole Miss,2579,South Carolina,numberfire,-12.5,,70.5,,,
401237133,2020,regular,11,2020-11-15 00:30:00+00:00,145,Ole Miss,2579,South Carolina,consensus,-12.5,,72.5,,,
401237133,2020,regular,11,2020-11-15 00:30:00+00:00,145,Ole Miss,2579,South Carolina,Caesars,-13,,72,,,
401237133,2020,regular,11,2020-11-15 00:30:00+00:00,145,Ole Miss,2579,South Carolina,Bovada,-12.5,,73,,,
401249868,2020,regular,12,2020-11-18 00:00:00+00:00,189,Bowling Green,2084,Buffalo,teamrankings,31.5,,57.5,,,
401249868,2020,regular,12,2020-11-18 00:00:00+00:00,189,Bowling Green,2084,Buffalo,numberfire,31.5,,58.5,,,
401249868,2020,regular,12,2020-11-18 00:00:00+00:00,189,Bowling Green,2084,Buffalo,consensus,31.5,,58.5,,,
401249868,2020,regular,12,2020-11-18 00:00:00+00:00,189,Bowling Green,2084,Buffalo,Caesars,31.5,,58.5,,,
401249868,2020,regular,12,2020-11-18 00:00:00+00:00,189,Bowling Green,2084,Buffalo,Bovada,32,,58.5,,,
401236023,2020,regular,11,2020-11-14 21:00:00+00:00,2641,Texas Tech,239,Baylor,teamrankings,-1,,54.5,,,
401236023,2020,regular,11,2020-11-14 21:00:00+00:00,2641,Texas Tech,239,Baylor,numberfire,-0.5,,54.5,,,
401236023,2020,regular,11,2020-11-14 21:00:00+00:00,2641,Texas Tech,239,Baylor,consensus,-1,,54.5,,,
401236023,2020,regular,11,2020-11-14 21:00:00+00:00,2641,Texas Tech,239,Baylor,Caesars,1,,54.5,,,
401236023,2020,regular,11,2020-11-14 21:00:00+00:00,2641,Texas Tech,239,Baylor,Bovada,-1,,54.5,,,
401247337,2020,regular,14,2020-12-05 20:30:00+00:00,356,Illinois,2294,Iowa,teamrankings,13.5,,53,,,
401247337,2020,regular,14,2020-12-05 20:30:00+00:00,356,Illinois,2294,Iowa,numberfire,14.5,,52.5,,,
401247337,2020,regular,14,2020-12-05 20:30:00+00:00,356,Illinois,2294,Iowa,consensus,13.5,,52.5,,,
401247337,2020,regular,14,2020-12-05 20:30:00+00:00,356,Illinois,2294,Iowa,Caesars,14,,52.5,,,
401247337,2020,regular,14,2020-12-05 20:30:00+00:00,356,Illinois,2294,Iowa,Bovada,14,,52.5,,,
401249424,2020,regular,14,2020-12-05 21:00:00+00:00,264,Washington,24,Stanford,teamrankings,-12,,49.5,,,
401249424,2020,regular,14,2020-12-05 21:00:00+00:00,264,Washington,24,Stanford,numberfire,-12.5,,49.5,,,
401249424,2020,regular,14,2020-12-05 21:00:00+00:00,264,Washington,24,Stanford,consensus,-12,,49.5,,,
401249424,2020,regular,14,2020-12-05 21:00:00+00:00,264,Washington,24,Stanford,Caesars,-12,,49.5,,,
401249424,2020,regular,14,2020-12-05 21:00:00+00:00,264,Washington,24,Stanford,Bovada,-12,,50,,,
401248781,2020,regular,14,2020-12-05 17:00:00+00:00,153,North Carolina,2717,Western Carolina,consensus,-48.5,,69.5,,,
401248781,2020,regular,14,2020-12-05 17:00:00+00:00,153,North Carolina,2717,Western Carolina,Bovada,-50,,69,,,
401249870,2020,regular,12,2020-11-19 00:00:00+00:00,2050,Ball State,2459,Northern Illinois,Bovada,-14.5,,60,,,
401249870,2020,regular,12,2020-11-19 00:00:00+00:00,2050,Ball State,2459,Northern Illinois,teamrankings,-14.5,,59.5,,,
401249870,2020,regular,12,2020-11-19 00:00:00+00:00,2050,Ball State,2459,Northern Illinois,numberfire,-14.5,,60.5,,,
401249870,2020,regular,12,2020-11-19 00:00:00+00:00,2050,Ball State,2459,Northern Illinois,consensus,-14.5,,59.5,,,
401249870,2020,regular,12,2020-11-19 00:00:00+00:00,2050,Ball State,2459,Northern Illinois,Caesars,-14.5,,60,,,
401249856,2020,regular,10,2020-11-04 23:00:00+00:00,2309,Kent State,2199,Eastern Michigan,Bovada,-6,,62,,,
401249856,2020,regular,10,2020-11-04 23:00:00+00:00,2309,Kent State,2199,Eastern Michigan,teamrankings,-4.5,,65.5,,,
401249856,2020,regular,10,2020-11-04 23:00:00+00:00,2309,Kent State,2199,Eastern Michigan,numberfire,-5.5,,65.5,,,
401249856,2020,regular,10,2020-11-04 23:00:00+00:00,2309,Kent State,2199,Eastern Michigan,consensus,-4.5,,65.5,,,
401249856,2020,regular,10,2020-11-04 23:00:00+00:00,2309,Kent State,2199,Eastern Michigan,Caesars,-4.5,,65.5,,,
401249857,2020,regular,10,2020-11-04 23:00:00+00:00,2006,Akron,2711,Western Michigan,Bovada,18,,54,,,
401249857,2020,regular,10,2020-11-04 23:00:00+00:00,2006,Akron,2711,Western Michigan,teamrankings,20,,52,,,
401249857,2020,regular,10,2020-11-04 23:00:00+00:00,2006,Akron,2711,Western Michigan,numberfire,20.5,,51.5,,,
401249857,2020,regular,10,2020-11-04 23:00:00+00:00,2006,Akron,2711,Western Michigan,consensus,20.5,,52,,,
401249857,2020,regular,10,2020-11-04 23:00:00+00:00,2006,Akron,2711,Western Michigan,Caesars,20.5,,52,,,
401249889,2020,regular,10,2020-11-05 00:00:00+00:00,193,Miami (OH),2050,Ball State,Bovada,-2,,55.5,,,
401249889,2020,regular,10,2020-11-05 00:00:00+00:00,193,Miami (OH),2050,Ball State,teamrankings,1,,56.5,,,
401249889,2020,regular,10,2020-11-05 00:00:00+00:00,193,Miami (OH),2050,Ball State,numberfire,0.5,,55.5,,,
401249889,2020,regular,10,2020-11-05 00:00:00+00:00,193,Miami (OH),2050,Ball State,consensus,1,,56.5,,,
401249889,2020,regular,10,2020-11-05 00:00:00+00:00,193,Miami (OH),2050,Ball State,Caesars,1,,56,,,
401237139,2020,regular,12,2020-11-22 00:30:00+00:00,61,Georgia,344,Mississippi State,Bovada,-26,,44,,,
401237139,2020,regular,12,2020-11-22 00:30:00+00:00,61,Georgia,344,Mississippi State,teamrankings,-25.5,,44.5,,,
401237139,2020,regular,12,2020-11-22 00:30:00+00:00,61,Georgia,344,Mississippi State,numberfire,-25.5,,44.5,,,
401237139,2020,regular,12,2020-11-22 00:30:00+00:00,61,Georgia,344,Mississippi State,consensus,-26.5,,44,,,
401237139,2020,regular,12,2020-11-22 00:30:00+00:00,61,Georgia,344,Mississippi State,Caesars,-26.5,,44,,,
401249859,2020,regular,10,2020-11-05 00:00:00+00:00,2459,Northern Illinois,2084,Buffalo,Bovada,11,,52,,,
401249859,2020,regular,10,2020-11-05 00:00:00+00:00,2459,Northern Illinois,2084,Buffalo,teamrankings,14,,53,,,
401249859,2020,regular,10,2020-11-05 00:00:00+00:00,2459,Northern Illinois,2084,Buffalo,numberfire,14.5,,53.5,,,
401249859,2020,regular,10,2020-11-05 00:00:00+00:00,2459,Northern Illinois,2084,Buffalo,consensus,14.5,,53.5,,,
401249859,2020,regular,10,2020-11-05 00:00:00+00:00,2459,Northern Illinois,2084,Buffalo,Caesars,14.5,,53,,,
401249858,2020,regular,10,2020-11-05 01:00:00+00:00,2649,Toledo,189,Bowling Green,Bovada,-22,,62,,,
401249858,2020,regular,10,2020-11-05 01:00:00+00:00,2649,Toledo,189,Bowling Green,teamrankings,-24,,63,,,
401249858,2020,regular,10,2020-11-05 01:00:00+00:00,2649,Toledo,189,Bowling Green,numberfire,-23.5,,62.5,,,
401249858,2020,regular,10,2020-11-05 01:00:00+00:00,2649,Toledo,189,Bowling Green,consensus,-24,,63.5,,,
401249858,2020,regular,10,2020-11-05 01:00:00+00:00,2649,Toledo,189,Bowling Green,Caesars,-24,,63.5,,,
401249009,2020,regular,10,2020-11-06 00:00:00+00:00,2440,Nevada,328,Utah State,Bovada,-16,,56,,,
401249009,2020,regular,10,2020-11-06 00:00:00+00:00,2440,Nevada,328,Utah State,teamrankings,-17,,57.5,,,
401249009,2020,regular,10,2020-11-06 00:00:00+00:00,2440,Nevada,328,Utah State,numberfire,-17.5,,57.5,,,
401249009,2020,regular,10,2020-11-06 00:00:00+00:00,2440,Nevada,328,Utah State,consensus,-17,,58.5,,,
401249009,2020,regular,10,2020-11-06 00:00:00+00:00,2440,Nevada,328,Utah State,Caesars,-17,,58,,,
401234630,2020,regular,10,2020-11-07 00:30:00+00:00,152,NC State,2390,Miami,Bovada,10,,58.5,,,
401234630,2020,regular,10,2020-11-07 00:30:00+00:00,152,NC State,2390,Miami,teamrankings,10,,57.5,,,
401234630,2020,regular,10,2020-11-07 00:30:00+00:00,152,NC State,2390,Miami,numberfire,9.5,,58.5,,,
401234630,2020,regular,10,2020-11-07 00:30:00+00:00,152,NC State,2390,Miami,consensus,10.5,,58.5,,,
401234630,2020,regular,10,2020-11-07 00:30:00+00:00,152,NC State,2390,Miami,Caesars,10.5,,58.5,,,
401207113,2020,regular,2,2020-09-12 19:30:00+00:00,326,Texas State,2636,UTSA,Bovada,-6,,56.5,,,
401207113,2020,regular,2,2020-09-12 19:30:00+00:00,326,Texas State,2636,UTSA,teamrankings,-6.5,,56.5,,,
401207113,2020,regular,2,2020-09-12 19:30:00+00:00,326,Texas State,2636,UTSA,numberfire,-6.5,,56.5,,,
401207113,2020,regular,2,2020-09-12 19:30:00+00:00,326,Texas State,2636,UTSA,consensus,-6,,56.5,,,
401207113,2020,regular,2,2020-09-12 19:30:00+00:00,326,Texas State,2636,UTSA,Caesars,-6,,56.5,,,
401234559,2020,regular,2,2020-09-11 00:00:00+00:00,2390,Miami,5,UAB,Bovada,-16,,55,,,
401234559,2020,regular,2,2020-09-11 00:00:00+00:00,2390,Miami,5,UAB,teamrankings,-15.5,,55,,,
401234559,2020,regular,2,2020-09-11 00:00:00+00:00,2390,Miami,5,UAB,numberfire,-16.5,,55.5,,,
401234559,2020,regular,2,2020-09-11 00:00:00+00:00,2390,Miami,5,UAB,consensus,-15.5,,55,,,
401234559,2020,regular,2,2020-09-11 00:00:00+00:00,2390,Miami,5,UAB,Caesars,-15.5,,55,,,
401236081,2020,regular,2,2020-09-12 16:00:00+00:00,2026,App State,2429,Charlotte,Bovada,-17,,60,,,
401236081,2020,regular,2,2020-09-12 16:00:00+00:00,2026,App State,2429,Charlotte,teamrankings,-17,,59,,,
401236081,2020,regular,2,2020-09-12 16:00:00+00:00,2026,App State,2429,Charlotte,numberfire,-16.5,,59.5,,,
401236081,2020,regular,2,2020-09-12 16:00:00+00:00,2026,App State,2429,Charlotte,consensus,-16.5,,59.5,,,
401236081,2020,regular,2,2020-09-12 16:00:00+00:00,2026,App State,2429,Charlotte,Caesars,-16.5,,60,,,
401236038,2020,regular,2,2020-09-12 16:00:00+00:00,277,West Virginia,2198,Eastern Kentucky,Bovada,-41,,59.5,,,
401236038,2020,regular,2,2020-09-12 16:00:00+00:00,277,West Virginia,2198,Eastern Kentucky,consensus,-41,,58.5,,,
401235700,2020,regular,1,2020-09-05 17:30:00+00:00,349,Army,2393,Middle Tennessee,Bovada,-4,,54,,,
401235700,2020,regular,1,2020-09-05 17:30:00+00:00,349,Army,2393,Middle Tennessee,teamrankings,-3.5,,53,,,
401235700,2020,regular,1,2020-09-05 17:30:00+00:00,349,Army,2393,Middle Tennessee,numberfire,-3.5,,53.5,,,
401235700,2020,regular,1,2020-09-05 17:30:00+00:00,349,Army,2393,Middle Tennessee,consensus,-3.5,,54,,,
401235700,2020,regular,1,2020-09-05 17:30:00+00:00,349,Army,2393,Middle Tennessee,Caesars,-3.5,,54.5,,,
401207124,2020,regular,3,2020-09-19 16:00:00+00:00,98,Western Kentucky,2335,Liberty,Bovada,-14.5,,52,,,
401207124,2020,regular,3,2020-09-19 16:00:00+00:00,98,Western Kentucky,2335,Liberty,teamrankings,-15.5,,52,,,
401207124,2020,regular,3,2020-09-19 16:00:00+00:00,98,Western Kentucky,2335,Liberty,numberfire,-14.5,,51.5,,,
401207124,2020,regular,3,2020-09-19 16:00:00+00:00,98,Western Kentucky,2335,Liberty,consensus,-14.5,,51.5,,,
401207124,2020,regular,3,2020-09-19 16:00:00+00:00,98,Western Kentucky,2335,Liberty,Caesars,-15,,51.5,,,
401234563,2020,regular,2,2020-09-12 20:00:00+00:00,52,Florida State,59,Georgia Tech,Bovada,-13.5,,49,,,
401234563,2020,regular,2,2020-09-12 20:00:00+00:00,52,Florida State,59,Georgia Tech,teamrankings,-13,,49,,,
401234563,2020,regular,2,2020-09-12 20:00:00+00:00,52,Florida State,59,Georgia Tech,numberfire,-13.5,,49.5,,,
401234563,2020,regular,2,2020-09-12 20:00:00+00:00,52,Florida State,59,Georgia Tech,consensus,-12.5,,50.5,,,
401207101,2020,regular,1,2020-09-04 01:00:00+00:00,2572,Southern Miss,6,South Alabama,Bovada,-12,,54.5,,,
401207101,2020,regular,1,2020-09-04 01:00:00+00:00,2572,Southern Miss,6,South Alabama,teamrankings,-12.5,,55,,,
401207101,2020,regular,1,2020-09-04 01:00:00+00:00,2572,Southern Miss,6,South Alabama,numberfire,-12.5,,55.5,,,
401207101,2020,regular,1,2020-09-04 01:00:00+00:00,2572,Southern Miss,6,South Alabama,consensus,-12.5,,54.5,,,
401207101,2020,regular,1,2020-09-04 01:00:00+00:00,2572,Southern Miss,6,South Alabama,Caesars,-12.5,,55,,,
401212484,2020,regular,1,2020-09-05 20:30:00+00:00,326,Texas State,2567,SMU,Bovada,25.5,,70,,,
401212484,2020,regular,1,2020-09-05 20:30:00+00:00,326,Texas State,2567,SMU,teamrankings,24.5,,70,,,
401212484,2020,regular,1,2020-09-05 20:30:00+00:00,326,Texas State,2567,SMU,numberfire,24.5,,69.5,,,
401212484,2020,regular,1,2020-09-05 20:30:00+00:00,326,Texas State,2567,SMU,consensus,24.5,,70.5,,,
401212484,2020,regular,1,2020-09-05 20:30:00+00:00,326,Texas State,2567,SMU,Caesars,25,,70,,,
401236053,2020,regular,2,2020-09-12 16:00:00+00:00,2306,Kansas State,2032,Arkansas State,Bovada,-15.5,,56,,,
401236053,2020,regular,2,2020-09-12 16:00:00+00:00,2306,Kansas State,2032,Arkansas State,teamrankings,-15,,56.5,,,
401236053,2020,regular,2,2020-09-12 16:00:00+00:00,2306,Kansas State,2032,Arkansas State,numberfire,-15.5,,53.5,,,
401236053,2020,regular,2,2020-09-12 16:00:00+00:00,2306,Kansas State,2032,Arkansas State,consensus,-14.5,,54.5,,,
401236053,2020,regular,2,2020-09-12 16:00:00+00:00,2306,Kansas State,2032,Arkansas State,Caesars,-14.5,,55.5,,,
401234568,2020,regular,3,2020-09-19 19:30:00+00:00,59,Georgia Tech,2116,UCF,Bovada,9.5,,63.5,,,
401234568,2020,regular,3,2020-09-19 19:30:00+00:00,59,Georgia Tech,2116,UCF,teamrankings,9.5,,63.5,,,
401234568,2020,regular,3,2020-09-19 19:30:00+00:00,59,Georgia Tech,2116,UCF,numberfire,8.5,,62.5,,,
401234568,2020,regular,3,2020-09-19 19:30:00+00:00,59,Georgia Tech,2116,UCF,consensus,9.5,,63,,,
401234568,2020,regular,3,2020-09-19 19:30:00+00:00,59,Georgia Tech,2116,UCF,Caesars,9.5,,63.5,,,
401239973,2020,regular,2,2020-09-12 23:30:00+00:00,6,South Alabama,2655,Tulane,Bovada,10.5,,51.5,,,
401239973,2020,regular,2,2020-09-12 23:30:00+00:00,6,South Alabama,2655,Tulane,teamrankings,11.5,,51.5,,,
401239973,2020,regular,2,2020-09-12 23:30:00+00:00,6,South Alabama,2655,Tulane,numberfire,11.5,,51.5,,,
401239973,2020,regular,2,2020-09-12 23:30:00+00:00,6,South Alabama,2655,Tulane,consensus,11.5,,51.5,,,
401239973,2020,regular,2,2020-09-12 23:30:00+00:00,6,South Alabama,2655,Tulane,Caesars,11,,51.5,,,
401236039,2020,regular,2,2020-09-13 00:00:00+00:00,2641,Texas Tech,2277,Houston Christian,Bovada,-40,,80,,,
401236039,2020,regular,2,2020-09-13 00:00:00+00:00,2641,Texas Tech,2277,Houston Christian,consensus,-40,,81,,,
401207098,2020,regular,1,2020-09-05 23:30:00+00:00,249,North Texas,2277,Houston Christian,Bovada,-23,,74,,,
401207098,2020,regular,1,2020-09-05 23:30:00+00:00,249,North Texas,2277,Houston Christian,consensus,-23,,74.5,,,
401215298,2020,regular,2,2020-09-12 20:14:00+00:00,290,Georgia Southern,2097,Campbell,Bovada,-31,,58.5,,,
401215298,2020,regular,2,2020-09-12 20:14:00+00:00,290,Georgia Southern,2097,Campbell,consensus,-27.5,,58.5,,,
401236939,2020,regular,3,2020-09-19 19:30:00+00:00,276,Marshall,2026,App State,Bovada,6,,61,,,
401236939,2020,regular,3,2020-09-19 19:30:00+00:00,276,Marshall,2026,App State,teamrankings,6,,60.5,,,
401236939,2020,regular,3,2020-09-19 19:30:00+00:00,276,Marshall,2026,App State,numberfire,4.5,,60.5,,,
401236939,2020,regular,3,2020-09-19 19:30:00+00:00,276,Marshall,2026,App State,consensus,6,,60.5,,,
401236939,2020,regular,3,2020-09-19 19:30:00+00:00,276,Marshall,2026,App State,Caesars,6,,59.5,,,
401239884,2020,regular,1,2020-09-06 01:00:00+00:00,2638,UTEP,2617,Stephen F. Austin,Bovada,-4,,54,,,
401239884,2020,regular,1,2020-09-06 01:00:00+00:00,2638,UTEP,2617,Stephen F. Austin,consensus,-4,,54,,,
401234562,2020,regular,2,2020-09-12 23:30:00+00:00,154,Wake Forest,228,Clemson,Bovada,36,,59,,,
401234562,2020,regular,2,2020-09-12 23:30:00+00:00,154,Wake Forest,228,Clemson,teamrankings,34.5,,58.5,,,
401234562,2020,regular,2,2020-09-12 23:30:00+00:00,154,Wake Forest,228,Clemson,numberfire,34.5,,58.5,,,
401234562,2020,regular,2,2020-09-12 23:30:00+00:00,154,Wake Forest,228,Clemson,consensus,34.5,,58.5,,,
401234562,2020,regular,2,2020-09-12 23:30:00+00:00,154,Wake Forest,228,Clemson,Caesars,34,,59,,,
401212553,2020,regular,1,2020-09-06 00:00:00+00:00,235,Memphis,2032,Arkansas State,Bovada,-18.5,,71.5,,,
401212553,2020,regular,1,2020-09-06 00:00:00+00:00,235,Memphis,2032,Arkansas State,teamrankings,-18.5,,71.5,,,
401212553,2020,regular,1,2020-09-06 00:00:00+00:00,235,Memphis,2032,Arkansas State,numberfire,-18.5,,72.5,,,
401212553,2020,regular,1,2020-09-06 00:00:00+00:00,235,Memphis,2032,Arkansas State,consensus,-18.5,,72,,,
401212553,2020,regular,1,2020-09-06 00:00:00+00:00,235,Memphis,2032,Arkansas State,Caesars,-18.5,,72.5,,,
401236222,2020,regular,2,2020-09-13 00:00:00+00:00,251,Texas,2638,UTEP,Bovada,-44,,56,,,
401236222,2020,regular,2,2020-09-13 00:00:00+00:00,251,Texas,2638,UTEP,teamrankings,-45,,55,,,
401236222,2020,regular,2,2020-09-13 00:00:00+00:00,251,Texas,2638,UTEP,numberfire,-44.5,,55.5,,,
401236222,2020,regular,2,2020-09-13 00:00:00+00:00,251,Texas,2638,UTEP,consensus,-45,,55,,,
401236222,2020,regular,2,2020-09-13 00:00:00+00:00,251,Texas,2638,UTEP,Caesars,-44,,56,,,
401236041,2020,regular,3,2020-09-19 16:00:00+00:00,197,Oklahoma State,202,Tulsa,Bovada,-24.5,,67,,,
401236041,2020,regular,3,2020-09-19 16:00:00+00:00,197,Oklahoma State,202,Tulsa,teamrankings,-23.5,,67,,,
401236041,2020,regular,3,2020-09-19 16:00:00+00:00,197,Oklahoma State,202,Tulsa,numberfire,-24.5,,68.5,,,
401236041,2020,regular,3,2020-09-19 16:00:00+00:00,197,Oklahoma State,202,Tulsa,consensus,-24,,66.5,,,
401236041,2020,regular,3,2020-09-19 16:00:00+00:00,197,Oklahoma State,202,Tulsa,Caesars,-24,,66.5,,,
401234564,2020,regular,2,2020-09-13 00:00:00+00:00,97,Louisville,98,Western Kentucky,Bovada,-13.5,,55.5,,,
401234564,2020,regular,2,2020-09-13 00:00:00+00:00,97,Louisville,98,Western Kentucky,teamrankings,-13,,55,,,
401234564,2020,regular,2,2020-09-13 00:00:00+00:00,97,Louisville,98,Western Kentucky,numberfire,-13.5,,54.5,,,
401234564,2020,regular,2,2020-09-13 00:00:00+00:00,97,Louisville,98,Western Kentucky,consensus,-13,,55,,,
401234564,2020,regular,2,2020-09-13 00:00:00+00:00,97,Louisville,98,Western Kentucky,Caesars,-13,,55,,,
401240113,2020,regular,2,2020-09-12 17:30:00+00:00,349,Army,2433,UL Monroe,Bovada,-25,,53.5,,,
401240113,2020,regular,2,2020-09-12 17:30:00+00:00,349,Army,2433,UL Monroe,teamrankings,-24,,53.5,,,
401240113,2020,regular,2,2020-09-12 17:30:00+00:00,349,Army,2433,UL Monroe,numberfire,-23.5,,53.5,,,
401240113,2020,regular,2,2020-09-12 17:30:00+00:00,349,Army,2433,UL Monroe,consensus,-24.5,,53.5,,,
401240113,2020,regular,2,2020-09-12 17:30:00+00:00,349,Army,2433,UL Monroe,Caesars,-24,,53.5,,,
401234574,2020,regular,2,2020-09-12 18:30:00+00:00,87,Notre Dame,150,Duke,Bovada,-22.5,,51.5,,,
401234574,2020,regular,2,2020-09-12 18:30:00+00:00,87,Notre Dame,150,Duke,teamrankings,-21,,50.5,,,
401234574,2020,regular,2,2020-09-12 18:30:00+00:00,87,Notre Dame,150,Duke,numberfire,-21.5,,51.5,,,
401234574,2020,regular,2,2020-09-12 18:30:00+00:00,87,Notre Dame,150,Duke,consensus,-21.5,,51,,,
401234574,2020,regular,2,2020-09-12 18:30:00+00:00,87,Notre Dame,150,Duke,Caesars,-21.5,,51,,,
401241282,2020,regular,3,2020-09-19 18:30:00+00:00,87,Notre Dame,58,South Florida,Bovada,-23.5,,49,,,
401241282,2020,regular,3,2020-09-19 18:30:00+00:00,87,Notre Dame,58,South Florida,teamrankings,-23.5,,49.5,,,
401241282,2020,regular,3,2020-09-19 18:30:00+00:00,87,Notre Dame,58,South Florida,numberfire,-22.5,,48.5,,,
401241282,2020,regular,3,2020-09-19 18:30:00+00:00,87,Notre Dame,58,South Florida,consensus,-22.5,,49,,,
401241282,2020,regular,3,2020-09-19 18:30:00+00:00,87,Notre Dame,58,South Florida,Caesars,-23,,49,,,
401207106,2020,regular,3,2020-09-19 23:30:00+00:00,2572,Southern Miss,2348,Louisiana Tech,Bovada,-7,,59,,,
401207106,2020,regular,3,2020-09-19 23:30:00+00:00,2572,Southern Miss,2348,Louisiana Tech,teamrankings,-7,,59,,,
401207106,2020,regular,3,2020-09-19 23:30:00+00:00,2572,Southern Miss,2348,Louisiana Tech,numberfire,-6.5,,58.5,,,
401207106,2020,regular,3,2020-09-19 23:30:00+00:00,2572,Southern Miss,2348,Louisiana Tech,consensus,-7,,58.5,,,
401207106,2020,regular,3,2020-09-19 23:30:00+00:00,2572,Southern Miss,2348,Louisiana Tech,Caesars,-7,,59.5,,,
401234634,2020,regular,10,2020-11-07 21:00:00+00:00,52,Florida State,221,Pittsburgh,Bovada,-2.5,,51,,,
401234634,2020,regular,10,2020-11-07 21:00:00+00:00,52,Florida State,221,Pittsburgh,teamrankings,2,,52.5,,,
401234634,2020,regular,10,2020-11-07 21:00:00+00:00,52,Florida State,221,Pittsburgh,numberfire,1.5,,53.5,,,
401234634,2020,regular,10,2020-11-07 21:00:00+00:00,52,Florida State,221,Pittsburgh,consensus,1.5,,52.5,,,
401234634,2020,regular,10,2020-11-07 21:00:00+00:00,52,Florida State,221,Pittsburgh,Caesars,1.5,,52.5,,,
401237126,2020,regular,10,2020-11-07 20:30:00+00:00,344,Mississippi State,238,Vanderbilt,Bovada,-19.5,,48,,,
401237126,2020,regular,10,2020-11-07 20:30:00+00:00,344,Mississippi State,238,Vanderbilt,teamrankings,-18.5,,45,,,
401237126,2020,regular,10,2020-11-07 20:30:00+00:00,344,Mississippi State,238,Vanderbilt,numberfire,-17.5,,45.5,,,
401237126,2020,regular,10,2020-11-07 20:30:00+00:00,344,Mississippi State,238,Vanderbilt,consensus,-18,,45,,,
401237126,2020,regular,10,2020-11-07 20:30:00+00:00,344,Mississippi State,238,Vanderbilt,Caesars,-18,,45,,,
401236021,2020,regular,10,2020-11-07 20:30:00+00:00,2628,TCU,2641,Texas Tech,Bovada,-9.5,,61.5,,,
401236021,2020,regular,10,2020-11-07 20:30:00+00:00,2628,TCU,2641,Texas Tech,teamrankings,-9.5,,60,,,
401236021,2020,regular,10,2020-11-07 20:30:00+00:00,2628,TCU,2641,Texas Tech,numberfire,-9.5,,59.5,,,
401236021,2020,regular,10,2020-11-07 20:30:00+00:00,2628,TCU,2641,Texas Tech,consensus,-9.5,,60,,,
401236021,2020,regular,10,2020-11-07 20:30:00+00:00,2628,TCU,2641,Texas Tech,Caesars,-9.5,,60,,,
401207169,2020,regular,10,2020-11-07 23:00:00+00:00,2226,Florida Atlantic,98,Western Kentucky,Bovada,-7,,41,,,
401207169,2020,regular,10,2020-11-07 23:00:00+00:00,2226,Florida Atlantic,98,Western Kentucky,teamrankings,-6.5,,38.5,,,
401207169,2020,regular,10,2020-11-07 23:00:00+00:00,2226,Florida Atlantic,98,Western Kentucky,numberfire,-6.5,,37.5,,,
401207169,2020,regular,10,2020-11-07 23:00:00+00:00,2226,Florida Atlantic,98,Western Kentucky,consensus,-7,,38,,,
401207169,2020,regular,10,2020-11-07 23:00:00+00:00,2226,Florida Atlantic,98,Western Kentucky,Caesars,-7,,38,,,
401249399,2020,regular,10,2020-11-08 00:30:00+00:00,2483,Oregon,24,Stanford,Bovada,-10.5,,52.5,,,
401249399,2020,regular,10,2020-11-08 00:30:00+00:00,2483,Oregon,24,Stanford,teamrankings,-12,,49,,,
401249399,2020,regular,10,2020-11-08 00:30:00+00:00,2483,Oregon,24,Stanford,numberfire,-10.5,,51.5,,,
401249399,2020,regular,10,2020-11-08 00:30:00+00:00,2483,Oregon,24,Stanford,consensus,-11.5,,49,,,
401249399,2020,regular,10,2020-11-08 00:30:00+00:00,2483,Oregon,24,Stanford,Caesars,-12,,50,,,
401212522,2020,regular,3,2020-09-19 16:00:00+00:00,2655,Tulane,2426,Navy,Bovada,-5,,44.5,,,
401212522,2020,regular,3,2020-09-19 16:00:00+00:00,2655,Tulane,2426,Navy,teamrankings,-5.5,,44.5,,,
401212522,2020,regular,3,2020-09-19 16:00:00+00:00,2655,Tulane,2426,Navy,numberfire,-5.5,,46.5,,,
401212522,2020,regular,3,2020-09-19 16:00:00+00:00,2655,Tulane,2426,Navy,consensus,-5.5,,45,,,
401212522,2020,regular,3,2020-09-19 16:00:00+00:00,2655,Tulane,2426,Navy,Caesars,-5.5,,45,,,
401240640,2020,regular,3,2020-09-19 19:30:00+00:00,2393,Middle Tennessee,2653,Troy,Bovada,2.5,,65.5,,,
401240640,2020,regular,3,2020-09-19 19:30:00+00:00,2393,Middle Tennessee,2653,Troy,teamrankings,6.5,,70.5,,,
401240640,2020,regular,3,2020-09-19 19:30:00+00:00,2393,Middle Tennessee,2653,Troy,numberfire,2.5,,65.5,,,
401240640,2020,regular,3,2020-09-19 19:30:00+00:00,2393,Middle Tennessee,2653,Troy,consensus,2,,66,,,
401240640,2020,regular,3,2020-09-19 19:30:00+00:00,2393,Middle Tennessee,2653,Troy,Caesars,2.5,,66,,,
401207120,2020,regular,3,2020-09-19 22:00:00+00:00,249,North Texas,2567,SMU,Bovada,15,,72.5,,,
401207120,2020,regular,3,2020-09-19 22:00:00+00:00,249,North Texas,2567,SMU,teamrankings,15,,71.5,,,
401207120,2020,regular,3,2020-09-19 22:00:00+00:00,249,North Texas,2567,SMU,numberfire,14.5,,72.5,,,
401207120,2020,regular,3,2020-09-19 22:00:00+00:00,249,North Texas,2567,SMU,consensus,14.5,,71.5,,,
401207120,2020,regular,3,2020-09-19 22:00:00+00:00,249,North Texas,2567,SMU,Caesars,14.5,,71.5,,,
401215302,2020,regular,3,2020-09-19 23:30:00+00:00,2433,UL Monroe,326,Texas State,Bovada,3.5,,58,,,
401215302,2020,regular,3,2020-09-19 23:30:00+00:00,2433,UL Monroe,326,Texas State,teamrankings,3,,58,,,
401215302,2020,regular,3,2020-09-19 23:30:00+00:00,2433,UL Monroe,326,Texas State,numberfire,3.5,,58.5,,,
401215302,2020,regular,3,2020-09-19 23:30:00+00:00,2433,UL Monroe,326,Texas State,consensus,3,,58,,,
401215302,2020,regular,3,2020-09-19 23:30:00+00:00,2433,UL Monroe,326,Texas State,Caesars,3,,58.5,,,
401234569,2020,regular,3,2020-09-19 23:30:00+00:00,97,Louisville,2390,Miami,Bovada,2.5,,65.5,,,
401234569,2020,regular,3,2020-09-19 23:30:00+00:00,97,Louisville,2390,Miami,teamrankings,2.5,,65.5,,,
401234569,2020,regular,3,2020-09-19 23:30:00+00:00,97,Louisville,2390,Miami,numberfire,1.5,,65.5,,,
401234569,2020,regular,3,2020-09-19 23:30:00+00:00,97,Louisville,2390,Miami,consensus,2.5,,65.5,,,
401234569,2020,regular,3,2020-09-19 23:30:00+00:00,97,Louisville,2390,Miami,Caesars,1.5,,65.5,,,
401234636,2020,regular,10,2020-11-07 17:00:00+00:00,259,Virginia Tech,2335,Liberty,Bovada,-14.5,,67.5,,,
401234636,2020,regular,10,2020-11-07 17:00:00+00:00,259,Virginia Tech,2335,Liberty,teamrankings,-16.5,,67.5,,,
401234636,2020,regular,10,2020-11-07 17:00:00+00:00,259,Virginia Tech,2335,Liberty,numberfire,-17.5,,66.5,,,
401234636,2020,regular,10,2020-11-07 17:00:00+00:00,259,Virginia Tech,2335,Liberty,consensus,-17,,67.5,,,
401234636,2020,regular,10,2020-11-07 17:00:00+00:00,259,Virginia Tech,2335,Liberty,Caesars,-17,,68,,,
401247307,2020,regular,10,2020-11-07 17:00:00+00:00,77,Northwestern,158,Nebraska,Bovada,-3.5,,55,,,
401247307,2020,regular,10,2020-11-07 17:00:00+00:00,77,Northwestern,158,Nebraska,teamrankings,-4,,53,,,
401247307,2020,regular,10,2020-11-07 17:00:00+00:00,77,Northwestern,158,Nebraska,numberfire,-4.5,,54.5,,,
401247307,2020,regular,10,2020-11-07 17:00:00+00:00,77,Northwestern,158,Nebraska,consensus,-4,,54,,,
401247307,2020,regular,10,2020-11-07 17:00:00+00:00,77,Northwestern,158,Nebraska,Caesars,-4,,54,,,
401215326,2020,regular,10,2020-11-07 18:00:00+00:00,290,Georgia Southern,2653,Troy,Bovada,3,,52,,,
401215326,2020,regular,10,2020-11-07 18:00:00+00:00,290,Georgia Southern,2653,Troy,teamrankings,2.5,,51.5,,,
401215326,2020,regular,10,2020-11-07 18:00:00+00:00,290,Georgia Southern,2653,Troy,numberfire,3.5,,52.5,,,
401215326,2020,regular,10,2020-11-07 18:00:00+00:00,290,Georgia Southern,2653,Troy,consensus,3,,52,,,
401215326,2020,regular,10,2020-11-07 18:00:00+00:00,290,Georgia Southern,2653,Troy,Caesars,3,,52,,,
401247312,2020,regular,10,2020-11-07 20:30:00+00:00,213,Penn State,120,Maryland,Bovada,-25,,62,,,
401247312,2020,regular,10,2020-11-07 20:30:00+00:00,213,Penn State,120,Maryland,teamrankings,-27,,62.5,,,
401247312,2020,regular,10,2020-11-07 20:30:00+00:00,213,Penn State,120,Maryland,numberfire,-27.5,,63.5,,,
401247312,2020,regular,10,2020-11-07 20:30:00+00:00,213,Penn State,120,Maryland,consensus,-27.5,,63,,,
401247312,2020,regular,10,2020-11-07 20:30:00+00:00,213,Penn State,120,Maryland,Caesars,-27.5,,63.5,,,
401236223,2020,regular,4,2020-09-27 02:15:00+00:00,252,BYU,2653,Troy,Bovada,-14.5,,59,,,
401236223,2020,regular,4,2020-09-27 02:15:00+00:00,252,BYU,2653,Troy,teamrankings,-14.5,,58.5,,,
401236223,2020,regular,4,2020-09-27 02:15:00+00:00,252,BYU,2653,Troy,numberfire,-14.5,,58.5,,,
401236223,2020,regular,4,2020-09-27 02:15:00+00:00,252,BYU,2653,Troy,consensus,-14.5,,58.5,,,
401236223,2020,regular,4,2020-09-27 02:15:00+00:00,252,BYU,2653,Troy,Caesars,-14.5,,58.5,,,
401234734,2020,regular,4,2020-09-26 23:00:00+00:00,2572,Southern Miss,2655,Tulane,Bovada,3.5,,54.5,,,
401234734,2020,regular,4,2020-09-26 23:00:00+00:00,2572,Southern Miss,2655,Tulane,teamrankings,3.5,,54.5,,,
401234734,2020,regular,4,2020-09-26 23:00:00+00:00,2572,Southern Miss,2655,Tulane,numberfire,3.5,,54.5,,,
401234734,2020,regular,4,2020-09-26 23:00:00+00:00,2572,Southern Miss,2655,Tulane,consensus,3.5,,54.5,,,
401234734,2020,regular,4,2020-09-26 23:00:00+00:00,2572,Southern Miss,2655,Tulane,Caesars,3.5,,54.5,,,
401236951,2020,regular,4,2020-09-26 23:00:00+00:00,142,Missouri,333,Alabama,Bovada,29,,56,,,
401236951,2020,regular,4,2020-09-26 23:00:00+00:00,142,Missouri,333,Alabama,teamrankings,28.5,,54.5,,,
401236951,2020,regular,4,2020-09-26 23:00:00+00:00,142,Missouri,333,Alabama,numberfire,29.5,,55.5,,,
401236951,2020,regular,4,2020-09-26 23:00:00+00:00,142,Missouri,333,Alabama,consensus,28.5,,55.5,,,
401236951,2020,regular,4,2020-09-26 23:00:00+00:00,142,Missouri,333,Alabama,Caesars,29,,55,,,
401235995,2020,regular,4,2020-09-26 19:30:00+00:00,2641,Texas Tech,251,Texas,Bovada,18,,71,,,
401235995,2020,regular,4,2020-09-26 19:30:00+00:00,2641,Texas Tech,251,Texas,teamrankings,17,,71,,,
401235995,2020,regular,4,2020-09-26 19:30:00+00:00,2641,Texas Tech,251,Texas,numberfire,17.5,,71.5,,,
401235995,2020,regular,4,2020-09-26 19:30:00+00:00,2641,Texas Tech,251,Texas,consensus,17.5,,71,,,
401235995,2020,regular,4,2020-09-26 19:30:00+00:00,2641,Texas Tech,251,Texas,Caesars,17.5,,71.5,,,
401212536,2020,regular,4,2020-09-26 16:00:00+00:00,151,East Carolina,2116,UCF,Bovada,28.5,,77.5,,,
401212536,2020,regular,4,2020-09-26 16:00:00+00:00,151,East Carolina,2116,UCF,teamrankings,28,,78,,,
401212536,2020,regular,4,2020-09-26 16:00:00+00:00,151,East Carolina,2116,UCF,numberfire,28.5,,77.5,,,
401212536,2020,regular,4,2020-09-26 16:00:00+00:00,151,East Carolina,2116,UCF,consensus,28,,77.5,,,
401212536,2020,regular,4,2020-09-26 16:00:00+00:00,151,East Carolina,2116,UCF,Caesars,28,,77.5,,,
401237036,2020,regular,4,2020-09-26 23:30:00+00:00,2579,South Carolina,2633,Tennessee,Bovada,5,,45.5,,,
401237036,2020,regular,4,2020-09-26 23:30:00+00:00,2579,South Carolina,2633,Tennessee,teamrankings,4,,45,,,
401237036,2020,regular,4,2020-09-26 23:30:00+00:00,2579,South Carolina,2633,Tennessee,numberfire,3.5,,45.5,,,
401237036,2020,regular,4,2020-09-26 23:30:00+00:00,2579,South Carolina,2633,Tennessee,consensus,4,,45,,,
401237036,2020,regular,4,2020-09-26 23:30:00+00:00,2579,South Carolina,2633,Tennessee,Caesars,4.5,,45,,,
401237037,2020,regular,4,2020-09-26 23:30:00+00:00,245,Texas A&M,238,Vanderbilt,Bovada,-31,,46.5,,,
401237037,2020,regular,4,2020-09-26 23:30:00+00:00,245,Texas A&M,238,Vanderbilt,teamrankings,-31.5,,46,,,
401237037,2020,regular,4,2020-09-26 23:30:00+00:00,245,Texas A&M,238,Vanderbilt,numberfire,-31.5,,46.5,,,
401237037,2020,regular,4,2020-09-26 23:30:00+00:00,245,Texas A&M,238,Vanderbilt,consensus,-31.5,,46,,,
401237037,2020,regular,4,2020-09-26 23:30:00+00:00,245,Texas A&M,238,Vanderbilt,Caesars,-31.5,,46,,,
401234593,2020,regular,4,2020-09-26 23:30:00+00:00,2390,Miami,52,Florida State,Bovada,-12.5,,54,,,
401234593,2020,regular,4,2020-09-26 23:30:00+00:00,2390,Miami,52,Florida State,teamrankings,-12.5,,53.5,,,
401234593,2020,regular,4,2020-09-26 23:30:00+00:00,2390,Miami,52,Florida State,numberfire,-11.5,,53.5,,,
401234593,2020,regular,4,2020-09-26 23:30:00+00:00,2390,Miami,52,Florida State,consensus,-12,,53.5,,,
401234593,2020,regular,4,2020-09-26 23:30:00+00:00,2390,Miami,52,Florida State,Caesars,-11.5,,53.5,,,
401207138,2020,regular,5,2020-10-03 21:00:00+00:00,2393,Middle Tennessee,98,Western Kentucky,Bovada,7,,52.5,,,
401207138,2020,regular,5,2020-10-03 21:00:00+00:00,2393,Middle Tennessee,98,Western Kentucky,teamrankings,7,,52,,,
401207138,2020,regular,5,2020-10-03 21:00:00+00:00,2393,Middle Tennessee,98,Western Kentucky,numberfire,7.5,,52.5,,,
401207138,2020,regular,5,2020-10-03 21:00:00+00:00,2393,Middle Tennessee,98,Western Kentucky,consensus,7,,52.5,,,
401207138,2020,regular,5,2020-10-03 21:00:00+00:00,2393,Middle Tennessee,98,Western Kentucky,Caesars,7,,52,,,
401207126,2020,regular,4,2020-09-26 17:00:00+00:00,2335,Liberty,2229,Florida International,Bovada,-10,,60.5,,,
401207126,2020,regular,4,2020-09-26 17:00:00+00:00,2335,Liberty,2229,Florida International,teamrankings,-10,,61,,,
401207126,2020,regular,4,2020-09-26 17:00:00+00:00,2335,Liberty,2229,Florida International,numberfire,-9.5,,60.5,,,
401207126,2020,regular,4,2020-09-26 17:00:00+00:00,2335,Liberty,2229,Florida International,consensus,-9.5,,60.5,,,
401207126,2020,regular,4,2020-09-26 17:00:00+00:00,2335,Liberty,2229,Florida International,Caesars,-9.5,,60.5,,,
401236001,2020,regular,5,2020-10-03 19:30:00+00:00,2306,Kansas State,2641,Texas Tech,Bovada,-1,,63,,,
401236001,2020,regular,5,2020-10-03 19:30:00+00:00,2306,Kansas State,2641,Texas Tech,teamrankings,1.5,,61.5,,,
401236001,2020,regular,5,2020-10-03 19:30:00+00:00,2306,Kansas State,2641,Texas Tech,numberfire,0.5,,61.5,,,
401236001,2020,regular,5,2020-10-03 19:30:00+00:00,2306,Kansas State,2641,Texas Tech,consensus,-1,,62.5,,,
401236001,2020,regular,5,2020-10-03 19:30:00+00:00,2306,Kansas State,2641,Texas Tech,Caesars,-1,,63,,,
401234599,2020,regular,5,2020-10-03 20:00:00+00:00,150,Duke,259,Virginia Tech,Bovada,14,,54,,,
401234599,2020,regular,5,2020-10-03 20:00:00+00:00,150,Duke,259,Virginia Tech,teamrankings,11.5,,54.5,,,
401234599,2020,regular,5,2020-10-03 20:00:00+00:00,150,Duke,259,Virginia Tech,numberfire,10.5,,53.5,,,
401234599,2020,regular,5,2020-10-03 20:00:00+00:00,150,Duke,259,Virginia Tech,consensus,11,,54,,,
401234599,2020,regular,5,2020-10-03 20:00:00+00:00,150,Duke,259,Virginia Tech,Caesars,11,,54,,,
401212557,2020,regular,5,2020-10-03 22:00:00+00:00,2005,Air Force,2426,Navy,Bovada,6.5,,46.5,,,
401212557,2020,regular,5,2020-10-03 22:00:00+00:00,2005,Air Force,2426,Navy,teamrankings,6.5,,46.5,,,
401212557,2020,regular,5,2020-10-03 22:00:00+00:00,2005,Air Force,2426,Navy,numberfire,6.5,,46.5,,,
401212557,2020,regular,5,2020-10-03 22:00:00+00:00,2005,Air Force,2426,Navy,consensus,6.5,,47,,,
401212557,2020,regular,5,2020-10-03 22:00:00+00:00,2005,Air Force,2426,Navy,Caesars,6.5,,47,,,
401237097,2020,regular,5,2020-10-03 20:00:00+00:00,96,Kentucky,145,Ole Miss,Bovada,-7,,63,,,
401237097,2020,regular,5,2020-10-03 20:00:00+00:00,96,Kentucky,145,Ole Miss,teamrankings,-6.5,,63,,,
401237097,2020,regular,5,2020-10-03 20:00:00+00:00,96,Kentucky,145,Ole Miss,numberfire,-6.5,,63.5,,,
401237097,2020,regular,5,2020-10-03 20:00:00+00:00,96,Kentucky,145,Ole Miss,consensus,-7,,63,,,
401237097,2020,regular,5,2020-10-03 20:00:00+00:00,96,Kentucky,145,Ole Miss,Caesars,-7,,63,,,
401207185,2020,regular,12,2020-11-21 20:00:00+00:00,2572,Southern Miss,2636,UTSA,Bovada,9,,53,,,
401207185,2020,regular,12,2020-11-21 20:00:00+00:00,2572,Southern Miss,2636,UTSA,teamrankings,9.5,,52.5,,,
401207185,2020,regular,12,2020-11-21 20:00:00+00:00,2572,Southern Miss,2636,UTSA,numberfire,9.5,,52.5,,,
401207185,2020,regular,12,2020-11-21 20:00:00+00:00,2572,Southern Miss,2636,UTSA,consensus,9,,51.5,,,
401207185,2020,regular,12,2020-11-21 20:00:00+00:00,2572,Southern Miss,2636,UTSA,Caesars,9,,52.5,,,
401212526,2020,regular,12,2020-11-20 00:30:00+00:00,202,Tulsa,2655,Tulane,Bovada,-5,,56.5,,,
401212526,2020,regular,12,2020-11-20 00:30:00+00:00,202,Tulsa,2655,Tulane,teamrankings,-5.5,,55.5,,,
401212526,2020,regular,12,2020-11-20 00:30:00+00:00,202,Tulsa,2655,Tulane,numberfire,-5.5,,55.5,,,
401212526,2020,regular,12,2020-11-20 00:30:00+00:00,202,Tulsa,2655,Tulane,consensus,-5,,56,,,
401212526,2020,regular,12,2020-11-20 00:30:00+00:00,202,Tulsa,2655,Tulane,Caesars,-5,,56,,,
401237138,2020,regular,12,2020-11-21 17:00:00+00:00,238,Vanderbilt,57,Florida,Bovada,31,,68.5,,,
401237138,2020,regular,12,2020-11-21 17:00:00+00:00,238,Vanderbilt,57,Florida,teamrankings,31.5,,68.5,,,
401237138,2020,regular,12,2020-11-21 17:00:00+00:00,238,Vanderbilt,57,Florida,numberfire,31.5,,68.5,,,
401237138,2020,regular,12,2020-11-21 17:00:00+00:00,238,Vanderbilt,57,Florida,consensus,31.5,,68.5,,,
401237138,2020,regular,12,2020-11-21 17:00:00+00:00,238,Vanderbilt,57,Florida,Caesars,32.5,,68.5,,,
401247327,2020,regular,12,2020-11-21 20:30:00+00:00,213,Penn State,2294,Iowa,Bovada,1,,45.5,,,
401247327,2020,regular,12,2020-11-21 20:30:00+00:00,213,Penn State,2294,Iowa,teamrankings,1.5,,45.5,,,
401247327,2020,regular,12,2020-11-21 20:30:00+00:00,213,Penn State,2294,Iowa,numberfire,0.5,,45.5,,,
401247327,2020,regular,12,2020-11-21 20:30:00+00:00,213,Penn State,2294,Iowa,consensus,-1,,45.5,,,
401247327,2020,regular,12,2020-11-21 20:30:00+00:00,213,Penn State,2294,Iowa,Caesars,0,,45.5,,,
401247324,2020,regular,12,2020-11-22 00:30:00+00:00,164,Rutgers,130,Michigan,Bovada,12,,52.5,,,
401247324,2020,regular,12,2020-11-22 00:30:00+00:00,164,Rutgers,130,Michigan,teamrankings,13.5,,52.5,,,
401247324,2020,regular,12,2020-11-22 00:30:00+00:00,164,Rutgers,130,Michigan,numberfire,12.5,,52.5,,,
401247324,2020,regular,12,2020-11-22 00:30:00+00:00,164,Rutgers,130,Michigan,consensus,12,,52,,,
401234643,2020,regular,12,2020-11-21 00:00:00+00:00,97,Louisville,183,Syracuse,Bovada,-19.5,,55.5,,,
401234643,2020,regular,12,2020-11-21 00:00:00+00:00,97,Louisville,183,Syracuse,teamrankings,-20.5,,55.5,,,
401234643,2020,regular,12,2020-11-21 00:00:00+00:00,97,Louisville,183,Syracuse,numberfire,-19.5,,54.5,,,
401234643,2020,regular,12,2020-11-21 00:00:00+00:00,97,Louisville,183,Syracuse,consensus,-19.5,,55.5,,,
401234643,2020,regular,12,2020-11-21 00:00:00+00:00,97,Louisville,183,Syracuse,Caesars,-19.5,,55.5,,,
401215335,2020,regular,12,2020-11-21 20:30:00+00:00,6,South Alabama,2247,Georgia State,Bovada,4,,59,,,
401215335,2020,regular,12,2020-11-21 20:30:00+00:00,6,South Alabama,2247,Georgia State,consensus,3.5,,58.5,,,
401215335,2020,regular,12,2020-11-21 20:30:00+00:00,6,South Alabama,2247,Georgia State,Caesars,4,,58.5,,,
401215335,2020,regular,12,2020-11-21 20:30:00+00:00,6,South Alabama,2247,Georgia State,teamrankings,3.5,,59.5,,,
401215335,2020,regular,12,2020-11-21 20:30:00+00:00,6,South Alabama,2247,Georgia State,numberfire,3.5,,58.5,,,
401207184,2020,regular,12,2020-11-21 19:00:00+00:00,249,North Texas,242,Rice,Bovada,-2.5,,65,,,
401207184,2020,regular,12,2020-11-21 19:00:00+00:00,249,North Texas,242,Rice,teamrankings,-2.5,,65.5,,,
401207184,2020,regular,12,2020-11-21 19:00:00+00:00,249,North Texas,242,Rice,numberfire,-2.5,,65.5,,,
401207184,2020,regular,12,2020-11-21 19:00:00+00:00,249,North Texas,242,Rice,consensus,-2.5,,65.5,,,
401237141,2020,regular,12,2020-11-22 00:30:00+00:00,2579,South Carolina,142,Missouri,Bovada,5,,57.5,,,
401237141,2020,regular,12,2020-11-22 00:30:00+00:00,2579,South Carolina,142,Missouri,teamrankings,4.5,,57.5,,,
401237141,2020,regular,12,2020-11-22 00:30:00+00:00,2579,South Carolina,142,Missouri,numberfire,4.5,,57.5,,,
401237141,2020,regular,12,2020-11-22 00:30:00+00:00,2579,South Carolina,142,Missouri,consensus,4.5,,57.5,,,
401237141,2020,regular,12,2020-11-22 00:30:00+00:00,2579,South Carolina,142,Missouri,Caesars,5.5,,57,,,
401249019,2020,regular,12,2020-11-21 20:30:00+00:00,2440,Nevada,21,San Diego State,Bovada,1.5,,46.5,,,
401249019,2020,regular,12,2020-11-21 20:30:00+00:00,2440,Nevada,21,San Diego State,teamrankings,1.5,,46.5,,,
401249019,2020,regular,12,2020-11-21 20:30:00+00:00,2440,Nevada,21,San Diego State,numberfire,1.5,,45.5,,,
401249019,2020,regular,12,2020-11-21 20:30:00+00:00,2440,Nevada,21,San Diego State,consensus,1.5,,46.5,,,
401249019,2020,regular,12,2020-11-21 20:30:00+00:00,2440,Nevada,21,San Diego State,Caesars,1.5,,46.5,,,
401236005,2020,regular,6,2020-10-10 16:00:00+00:00,201,Oklahoma,251,Texas,Bovada,-3,,75,,,
401236005,2020,regular,6,2020-10-10 16:00:00+00:00,201,Oklahoma,251,Texas,teamrankings,-3,,74.5,,,
401236005,2020,regular,6,2020-10-10 16:00:00+00:00,201,Oklahoma,251,Texas,numberfire,-2.5,,72.5,,,
401236005,2020,regular,6,2020-10-10 16:00:00+00:00,201,Oklahoma,251,Texas,consensus,-3,,74.5,,,
401236005,2020,regular,6,2020-10-10 16:00:00+00:00,201,Oklahoma,251,Texas,SugarHouse,-3,,74.5,,,
401236005,2020,regular,6,2020-10-10 16:00:00+00:00,201,Oklahoma,251,Texas,Caesars,-3,,74,,,
401234603,2020,regular,6,2020-10-10 20:00:00+00:00,103,Boston College,221,Pittsburgh,Bovada,6,,42.5,,,
401234603,2020,regular,6,2020-10-10 20:00:00+00:00,103,Boston College,221,Pittsburgh,teamrankings,6.5,,42.5,,,
401234603,2020,regular,6,2020-10-10 20:00:00+00:00,103,Boston College,221,Pittsburgh,numberfire,6.5,,43.5,,,
401234603,2020,regular,6,2020-10-10 20:00:00+00:00,103,Boston College,221,Pittsburgh,consensus,6.5,,42.5,,,
401234603,2020,regular,6,2020-10-10 20:00:00+00:00,103,Boston College,221,Pittsburgh,SugarHouse,6.5,,43,,,
401234603,2020,regular,6,2020-10-10 20:00:00+00:00,103,Boston College,221,Pittsburgh,Caesars,6,,42.5,,,
401237103,2020,regular,6,2020-10-10 19:30:00+00:00,61,Georgia,2633,Tennessee,Bovada,-12,,43,,,
401237103,2020,regular,6,2020-10-10 19:30:00+00:00,61,Georgia,2633,Tennessee,teamrankings,-12.5,,44.5,,,
401237103,2020,regular,6,2020-10-10 19:30:00+00:00,61,Georgia,2633,Tennessee,numberfire,-12.5,,43.5,,,
401237103,2020,regular,6,2020-10-10 19:30:00+00:00,61,Georgia,2633,Tennessee,consensus,-12,,43,,,
401237103,2020,regular,6,2020-10-10 19:30:00+00:00,61,Georgia,2633,Tennessee,Caesars,-12,,43,,,
401237105,2020,regular,6,2020-10-10 16:00:00+00:00,99,LSU,142,Missouri,Bovada,-20.5,,50.5,,,
401237105,2020,regular,6,2020-10-10 16:00:00+00:00,99,LSU,142,Missouri,teamrankings,-14,,53,,,
401237105,2020,regular,6,2020-10-10 16:00:00+00:00,99,LSU,142,Missouri,numberfire,-20.5,,52.5,,,
401237105,2020,regular,6,2020-10-10 16:00:00+00:00,99,LSU,142,Missouri,consensus,14,,53,,,
401237105,2020,regular,6,2020-10-10 16:00:00+00:00,99,LSU,142,Missouri,Caesars,-14,,53,,,
401207215,2020,regular,6,2020-10-10 16:00:00+00:00,2335,Liberty,2433,UL Monroe,Bovada,-17.5,,63.5,,,
401207215,2020,regular,6,2020-10-10 16:00:00+00:00,2335,Liberty,2433,UL Monroe,teamrankings,-17,,63.5,,,
401207215,2020,regular,6,2020-10-10 16:00:00+00:00,2335,Liberty,2433,UL Monroe,numberfire,-19.5,,60.5,,,
401207215,2020,regular,6,2020-10-10 16:00:00+00:00,2335,Liberty,2433,UL Monroe,consensus,-17,,63.5,,,
401207215,2020,regular,6,2020-10-10 16:00:00+00:00,2335,Liberty,2433,UL Monroe,Caesars,-17,,63.5,,,
401237106,2020,regular,6,2020-10-10 16:00:00+00:00,238,Vanderbilt,2579,South Carolina,Bovada,14,,40.5,,,
401237106,2020,regular,6,2020-10-10 16:00:00+00:00,238,Vanderbilt,2579,South Carolina,teamrankings,14.5,,41.5,,,
401237106,2020,regular,6,2020-10-10 16:00:00+00:00,238,Vanderbilt,2579,South Carolina,numberfire,12.5,,41.5,,,
401237106,2020,regular,6,2020-10-10 16:00:00+00:00,238,Vanderbilt,2579,South Carolina,consensus,14,,40.5,,,
401237106,2020,regular,6,2020-10-10 16:00:00+00:00,238,Vanderbilt,2579,South Carolina,Caesars,14,,40.5,,,
401249864,2020,regular,11,2020-11-12 01:00:00+00:00,2459,Northern Illinois,2117,Central Michigan,Bovada,6.5,,58,,,
401249864,2020,regular,11,2020-11-12 01:00:00+00:00,2459,Northern Illinois,2117,Central Michigan,teamrankings,6,,57.5,,,
401249864,2020,regular,11,2020-11-12 01:00:00+00:00,2459,Northern Illinois,2117,Central Michigan,numberfire,6.5,,57.5,,,
401249864,2020,regular,11,2020-11-12 01:00:00+00:00,2459,Northern Illinois,2117,Central Michigan,consensus,6,,57.5,,,
401249864,2020,regular,11,2020-11-12 01:00:00+00:00,2459,Northern Illinois,2117,Central Michigan,Caesars,6,,57.5,,,
401237100,2020,regular,6,2020-10-10 23:30:00+00:00,145,Ole Miss,333,Alabama,Bovada,24,,74,,,
401237100,2020,regular,6,2020-10-10 23:30:00+00:00,145,Ole Miss,333,Alabama,teamrankings,24,,74,,,
401237100,2020,regular,6,2020-10-10 23:30:00+00:00,145,Ole Miss,333,Alabama,numberfire,24.5,,73.5,,,
401237100,2020,regular,6,2020-10-10 23:30:00+00:00,145,Ole Miss,333,Alabama,consensus,24,,74,,,
401237100,2020,regular,6,2020-10-10 23:30:00+00:00,145,Ole Miss,333,Alabama,SugarHouse,24,,72.5,,,
401237100,2020,regular,6,2020-10-10 23:30:00+00:00,145,Ole Miss,333,Alabama,Caesars,23.5,,74,,,
401247320,2020,regular,11,2020-11-14 17:00:00+00:00,158,Nebraska,213,Penn State,Bovada,3,,57.5,,,
401247320,2020,regular,11,2020-11-14 17:00:00+00:00,158,Nebraska,213,Penn State,teamrankings,2,,57.5,,,
401247320,2020,regular,11,2020-11-14 17:00:00+00:00,158,Nebraska,213,Penn State,numberfire,2.5,,57.5,,,
401247320,2020,regular,11,2020-11-14 17:00:00+00:00,158,Nebraska,213,Penn State,consensus,2.5,,57.5,,,
401247320,2020,regular,11,2020-11-14 17:00:00+00:00,158,Nebraska,213,Penn State,Caesars,2.5,,57.5,,,
401207176,2020,regular,11,2020-11-14 17:00:00+00:00,276,Marshall,2393,Middle Tennessee,Bovada,-24,,55.5,,,
401207176,2020,regular,11,2020-11-14 17:00:00+00:00,276,Marshall,2393,Middle Tennessee,teamrankings,-23.5,,55.5,,,
401207176,2020,regular,11,2020-11-14 17:00:00+00:00,276,Marshall,2393,Middle Tennessee,numberfire,-23.5,,55.5,,,
401207176,2020,regular,11,2020-11-14 17:00:00+00:00,276,Marshall,2393,Middle Tennessee,consensus,-23.5,,55.5,,,
401207176,2020,regular,11,2020-11-14 17:00:00+00:00,276,Marshall,2393,Middle Tennessee,Caesars,-24,,55.5,,,
401249403,2020,regular,11,2020-11-14 20:30:00+00:00,12,Arizona,30,USC,Bovada,15.5,,67.5,,,
401249403,2020,regular,11,2020-11-14 20:30:00+00:00,12,Arizona,30,USC,teamrankings,15,,67,,,
401249403,2020,regular,11,2020-11-14 20:30:00+00:00,12,Arizona,30,USC,numberfire,14.5,,67.5,,,
401249403,2020,regular,11,2020-11-14 20:30:00+00:00,12,Arizona,30,USC,consensus,15,,67.5,,,
401249403,2020,regular,11,2020-11-14 20:30:00+00:00,12,Arizona,30,USC,Caesars,15,,68,,,
401249406,2020,regular,11,2020-11-14 20:30:00+00:00,24,Stanford,38,Colorado,Bovada,-9.5,,55,,,
401249406,2020,regular,11,2020-11-14 20:30:00+00:00,24,Stanford,38,Colorado,teamrankings,-9.5,,55.5,,,
401249406,2020,regular,11,2020-11-14 20:30:00+00:00,24,Stanford,38,Colorado,numberfire,-9.5,,54.5,,,
401249406,2020,regular,11,2020-11-14 20:30:00+00:00,24,Stanford,38,Colorado,consensus,-9.5,,55.5,,,
401249406,2020,regular,11,2020-11-14 20:30:00+00:00,24,Stanford,38,Colorado,Caesars,-9.5,,55,,,
401234641,2020,regular,11,2020-11-14 17:00:00+00:00,259,Virginia Tech,2390,Miami,Bovada,-2,,67.5,,,
401234641,2020,regular,11,2020-11-14 17:00:00+00:00,259,Virginia Tech,2390,Miami,teamrankings,-2,,67.5,,,
401234641,2020,regular,11,2020-11-14 17:00:00+00:00,259,Virginia Tech,2390,Miami,numberfire,-2.5,,68.5,,,
401234641,2020,regular,11,2020-11-14 17:00:00+00:00,259,Virginia Tech,2390,Miami,consensus,-2,,68,,,
401234641,2020,regular,11,2020-11-14 17:00:00+00:00,259,Virginia Tech,2390,Miami,Caesars,-2,,68,,,
401250215,2020,regular,7,2020-10-17 20:00:00+00:00,290,Georgia Southern,113,Massachusetts,Bovada,-30.5,,62,,,
401250215,2020,regular,7,2020-10-17 20:00:00+00:00,290,Georgia Southern,113,Massachusetts,teamrankings,-31,,62,,,
401250215,2020,regular,7,2020-10-17 20:00:00+00:00,290,Georgia Southern,113,Massachusetts,numberfire,-30.5,,61.5,,,
401250215,2020,regular,7,2020-10-17 20:00:00+00:00,290,Georgia Southern,113,Massachusetts,consensus,-31,,61.5,,,
401250215,2020,regular,7,2020-10-17 20:00:00+00:00,290,Georgia Southern,113,Massachusetts,Caesars,-30,,62,,,
401239872,2020,regular,7,2020-10-17 19:30:00+00:00,2653,Troy,2198,Eastern Kentucky,Bovada,-28.5,,,,,
401239872,2020,regular,7,2020-10-17 19:30:00+00:00,2653,Troy,2198,Eastern Kentucky,consensus,-30,,60,,,
401207178,2020,regular,11,2020-11-14 20:30:00+00:00,98,Western Kentucky,2572,Southern Miss,Bovada,-7.5,,45,,,
401207178,2020,regular,11,2020-11-14 20:30:00+00:00,98,Western Kentucky,2572,Southern Miss,teamrankings,-8,,45,,,
401207178,2020,regular,11,2020-11-14 20:30:00+00:00,98,Western Kentucky,2572,Southern Miss,numberfire,-7.5,,44.5,,,
401207178,2020,regular,11,2020-11-14 20:30:00+00:00,98,Western Kentucky,2572,Southern Miss,consensus,-7.5,,45,,,
401207178,2020,regular,11,2020-11-14 20:30:00+00:00,98,Western Kentucky,2572,Southern Miss,Caesars,-8,,45,,,
401234648,2020,regular,12,2020-11-21 21:00:00+00:00,221,Pittsburgh,259,Virginia Tech,Bovada,6.5,,52.5,,,
401234648,2020,regular,12,2020-11-21 21:00:00+00:00,221,Pittsburgh,259,Virginia Tech,teamrankings,6.5,,53.5,,,
401234648,2020,regular,12,2020-11-21 21:00:00+00:00,221,Pittsburgh,259,Virginia Tech,numberfire,6.5,,52.5,,,
401234648,2020,regular,12,2020-11-21 21:00:00+00:00,221,Pittsburgh,259,Virginia Tech,consensus,6.5,,53,,,
401234648,2020,regular,12,2020-11-21 21:00:00+00:00,221,Pittsburgh,259,Virginia Tech,Caesars,6,,53,,,
401215331,2020,regular,11,2020-11-14 20:30:00+00:00,290,Georgia Southern,326,Texas State,Bovada,-12,,50,,,
401215331,2020,regular,11,2020-11-14 20:30:00+00:00,290,Georgia Southern,326,Texas State,teamrankings,-11,,50,,,
401215331,2020,regular,11,2020-11-14 20:30:00+00:00,290,Georgia Southern,326,Texas State,numberfire,-12.5,,49.5,,,
401215331,2020,regular,11,2020-11-14 20:30:00+00:00,290,Georgia Southern,326,Texas State,consensus,-11.5,,49.5,,,
401215331,2020,regular,11,2020-11-14 20:30:00+00:00,290,Georgia Southern,326,Texas State,Caesars,-12.5,,49.5,,,
401212537,2020,regular,7,2020-10-17 19:30:00+00:00,235,Memphis,2116,UCF,Bovada,3,,77,,,
401212537,2020,regular,7,2020-10-17 19:30:00+00:00,235,Memphis,2116,UCF,teamrankings,3,,76.5,,,
401212537,2020,regular,7,2020-10-17 19:30:00+00:00,235,Memphis,2116,UCF,numberfire,2.5,,76.5,,,
401212537,2020,regular,7,2020-10-17 19:30:00+00:00,235,Memphis,2116,UCF,consensus,3,,77,,,
401212537,2020,regular,7,2020-10-17 19:30:00+00:00,235,Memphis,2116,UCF,SugarHouse,3,,76.5,,,
401212537,2020,regular,7,2020-10-17 19:30:00+00:00,235,Memphis,2116,UCF,Caesars,3,,77,,,
401249015,2020,regular,11,2020-11-14 23:30:00+00:00,167,New Mexico,2440,Nevada,Bovada,17.5,,62.5,,,
401249015,2020,regular,11,2020-11-14 23:30:00+00:00,167,New Mexico,2440,Nevada,teamrankings,17.5,,62,,,
401249015,2020,regular,11,2020-11-14 23:30:00+00:00,167,New Mexico,2440,Nevada,numberfire,17.5,,62.5,,,
401249015,2020,regular,11,2020-11-14 23:30:00+00:00,167,New Mexico,2440,Nevada,consensus,17.5,,62.5,,,
401249015,2020,regular,11,2020-11-14 23:30:00+00:00,167,New Mexico,2440,Nevada,Caesars,17,,63,,,
401249017,2020,regular,12,2020-11-22 04:00:00+00:00,62,Hawai'i,68,Boise State,Bovada,14,,56,,,
401249017,2020,regular,12,2020-11-22 04:00:00+00:00,62,Hawai'i,68,Boise State,teamrankings,13.5,,55.5,,,
401249017,2020,regular,12,2020-11-22 04:00:00+00:00,62,Hawai'i,68,Boise State,numberfire,13.5,,55.5,,,
401249017,2020,regular,12,2020-11-22 04:00:00+00:00,62,Hawai'i,68,Boise State,consensus,13.5,,55.5,,,
401249017,2020,regular,12,2020-11-22 04:00:00+00:00,62,Hawai'i,68,Boise State,Caesars,13.5,,55.5,,,
401212488,2020,regular,8,2020-10-25 01:00:00+00:00,2567,SMU,2132,Cincinnati,Bovada,0,,57,,,
401212488,2020,regular,8,2020-10-25 01:00:00+00:00,2567,SMU,2132,Cincinnati,teamrankings,-1.5,,56.5,,,
401212488,2020,regular,8,2020-10-25 01:00:00+00:00,2567,SMU,2132,Cincinnati,numberfire,-1.5,,56.5,,,
401212488,2020,regular,8,2020-10-25 01:00:00+00:00,2567,SMU,2132,Cincinnati,consensus,-1,,57,,,
401212488,2020,regular,8,2020-10-25 01:00:00+00:00,2567,SMU,2132,Cincinnati,Caesars,-1,,57,,,
401236007,2020,regular,7,2020-10-17 16:00:00+00:00,277,West Virginia,2305,Kansas,Bovada,-21.5,,49,,,
401236007,2020,regular,7,2020-10-17 16:00:00+00:00,277,West Virginia,2305,Kansas,teamrankings,-21,,49,,,
401236007,2020,regular,7,2020-10-17 16:00:00+00:00,277,West Virginia,2305,Kansas,numberfire,-20.5,,49.5,,,
401236007,2020,regular,7,2020-10-17 16:00:00+00:00,277,West Virginia,2305,Kansas,consensus,-21,,49.5,,,
401236007,2020,regular,7,2020-10-17 16:00:00+00:00,277,West Virginia,2305,Kansas,Caesars,-21,,48.5,,,
401212552,2020,regular,8,2020-10-24 19:30:00+00:00,2426,Navy,248,Houston,Bovada,15.5,,56.5,,,
401212552,2020,regular,8,2020-10-24 19:30:00+00:00,2426,Navy,248,Houston,teamrankings,14.5,,56,,,
401212552,2020,regular,8,2020-10-24 19:30:00+00:00,2426,Navy,248,Houston,numberfire,15.5,,55.5,,,
401212552,2020,regular,8,2020-10-24 19:30:00+00:00,2426,Navy,248,Houston,consensus,15.5,,56,,,
401212552,2020,regular,8,2020-10-24 19:30:00+00:00,2426,Navy,248,Houston,SugarHouse,15.5,,55.5,,,
401212552,2020,regular,8,2020-10-24 19:30:00+00:00,2426,Navy,248,Houston,Caesars,15.5,,56,,,
401247295,2020,regular,8,2020-10-24 19:30:00+00:00,84,Indiana,213,Penn State,Bovada,7,,62,,,
401247295,2020,regular,8,2020-10-24 19:30:00+00:00,84,Indiana,213,Penn State,teamrankings,7,,62,,,
401247295,2020,regular,8,2020-10-24 19:30:00+00:00,84,Indiana,213,Penn State,numberfire,6.5,,61.5,,,
401247295,2020,regular,8,2020-10-24 19:30:00+00:00,84,Indiana,213,Penn State,consensus,6.5,,61.5,,,
401247295,2020,regular,8,2020-10-24 19:30:00+00:00,84,Indiana,213,Penn State,SugarHouse,6.5,,61.5,,,
401247295,2020,regular,8,2020-10-24 19:30:00+00:00,84,Indiana,213,Penn State,Caesars,6,,62,,,
401236009,2020,regular,8,2020-10-24 19:30:00+00:00,197,Oklahoma State,66,Iowa State,Bovada,-3,,54,,,
401236009,2020,regular,8,2020-10-24 19:30:00+00:00,197,Oklahoma State,66,Iowa State,teamrankings,-2.5,,54,,,
401236009,2020,regular,8,2020-10-24 19:30:00+00:00,197,Oklahoma State,66,Iowa State,numberfire,-2.5,,53.5,,,
401236009,2020,regular,8,2020-10-24 19:30:00+00:00,197,Oklahoma State,66,Iowa State,consensus,-2.5,,53,,,
401236009,2020,regular,8,2020-10-24 19:30:00+00:00,197,Oklahoma State,66,Iowa State,SugarHouse,-3,,52,,,
401236009,2020,regular,8,2020-10-24 19:30:00+00:00,197,Oklahoma State,66,Iowa State,Caesars,-3,,53.5,,,
401236010,2020,regular,8,2020-10-24 16:00:00+00:00,2306,Kansas State,2305,Kansas,Bovada,-19.5,,46,,,
401236010,2020,regular,8,2020-10-24 16:00:00+00:00,2306,Kansas State,2305,Kansas,teamrankings,-18.5,,46,,,
401236010,2020,regular,8,2020-10-24 16:00:00+00:00,2306,Kansas State,2305,Kansas,numberfire,-18.5,,46.5,,,
401236010,2020,regular,8,2020-10-24 16:00:00+00:00,2306,Kansas State,2305,Kansas,consensus,-19,,46,,,
401236010,2020,regular,8,2020-10-24 16:00:00+00:00,2306,Kansas State,2305,Kansas,SugarHouse,-19,,46.5,,,
401236010,2020,regular,8,2020-10-24 16:00:00+00:00,2306,Kansas State,2305,Kansas,Caesars,-19,,46,,,
401234618,2020,regular,8,2020-10-24 16:00:00+00:00,228,Clemson,183,Syracuse,Bovada,-48,,64,,,
401234618,2020,regular,8,2020-10-24 16:00:00+00:00,228,Clemson,183,Syracuse,teamrankings,-47.5,,64.5,,,
401234618,2020,regular,8,2020-10-24 16:00:00+00:00,228,Clemson,183,Syracuse,numberfire,-47.5,,63.5,,,
401234618,2020,regular,8,2020-10-24 16:00:00+00:00,228,Clemson,183,Syracuse,consensus,-47.5,,63,,,
401234618,2020,regular,8,2020-10-24 16:00:00+00:00,228,Clemson,183,Syracuse,SugarHouse,-47.5,,63.5,,,
401234618,2020,regular,8,2020-10-24 16:00:00+00:00,228,Clemson,183,Syracuse,Caesars,-48,,63,,,
401237115,2020,regular,8,2020-10-24 16:00:00+00:00,145,Ole Miss,2,Auburn,Bovada,3.5,,73,,,
401237115,2020,regular,8,2020-10-24 16:00:00+00:00,145,Ole Miss,2,Auburn,teamrankings,3.5,,74,,,
401237115,2020,regular,8,2020-10-24 16:00:00+00:00,145,Ole Miss,2,Auburn,numberfire,3.5,,73.5,,,
401237115,2020,regular,8,2020-10-24 16:00:00+00:00,145,Ole Miss,2,Auburn,consensus,3.5,,73.5,,,
401237115,2020,regular,8,2020-10-24 16:00:00+00:00,145,Ole Miss,2,Auburn,SugarHouse,4,,73,,,
401237115,2020,regular,8,2020-10-24 16:00:00+00:00,145,Ole Miss,2,Auburn,Caesars,3.5,,72,,,
401247293,2020,regular,8,2020-10-24 16:00:00+00:00,194,Ohio State,158,Nebraska,Bovada,-28.5,,69.5,,,
401247293,2020,regular,8,2020-10-24 16:00:00+00:00,194,Ohio State,158,Nebraska,teamrankings,-28,,69.5,,,
401247293,2020,regular,8,2020-10-24 16:00:00+00:00,194,Ohio State,158,Nebraska,numberfire,-27.5,,69.5,,,
401247293,2020,regular,8,2020-10-24 16:00:00+00:00,194,Ohio State,158,Nebraska,consensus,-27.5,,69.5,,,
401247293,2020,regular,8,2020-10-24 16:00:00+00:00,194,Ohio State,158,Nebraska,SugarHouse,-27.5,,68.5,,,
401247293,2020,regular,8,2020-10-24 16:00:00+00:00,194,Ohio State,158,Nebraska,Caesars,-28,,68,,,
401248998,2020,regular,8,2020-10-24 23:00:00+00:00,2440,Nevada,2751,Wyoming,Bovada,3,,54,,,
401248998,2020,regular,8,2020-10-24 23:00:00+00:00,2440,Nevada,2751,Wyoming,teamrankings,3,,54,,,
401248998,2020,regular,8,2020-10-24 23:00:00+00:00,2440,Nevada,2751,Wyoming,numberfire,2.5,,54.5,,,
401248998,2020,regular,8,2020-10-24 23:00:00+00:00,2440,Nevada,2751,Wyoming,consensus,3,,54,,,
401248998,2020,regular,8,2020-10-24 23:00:00+00:00,2440,Nevada,2751,Wyoming,Caesars,3,,54,,,
401207149,2020,regular,7,2020-10-17 22:00:00+00:00,2348,Louisiana Tech,276,Marshall,Bovada,12,,48.5,,,
401207149,2020,regular,7,2020-10-17 22:00:00+00:00,2348,Louisiana Tech,276,Marshall,teamrankings,11.5,,48.5,,,
401207149,2020,regular,7,2020-10-17 22:00:00+00:00,2348,Louisiana Tech,276,Marshall,numberfire,11.5,,47.5,,,
401207149,2020,regular,7,2020-10-17 22:00:00+00:00,2348,Louisiana Tech,276,Marshall,consensus,12,,48,,,
401207149,2020,regular,7,2020-10-17 22:00:00+00:00,2348,Louisiana Tech,276,Marshall,Caesars,12,,48,,,
401237122,2020,regular,8,2020-10-24 20:00:00+00:00,142,Missouri,96,Kentucky,Bovada,3.5,,47,,,
401237122,2020,regular,8,2020-10-24 20:00:00+00:00,142,Missouri,96,Kentucky,teamrankings,3,,47,,,
401237122,2020,regular,8,2020-10-24 20:00:00+00:00,142,Missouri,96,Kentucky,numberfire,3.5,,45.5,,,
401237122,2020,regular,8,2020-10-24 20:00:00+00:00,142,Missouri,96,Kentucky,consensus,3,,47,,,
401237122,2020,regular,8,2020-10-24 20:00:00+00:00,142,Missouri,96,Kentucky,Caesars,3,,47,,,
401237118,2020,regular,8,2020-10-24 23:00:00+00:00,99,LSU,2579,South Carolina,Bovada,-4.5,,55,,,
401237118,2020,regular,8,2020-10-24 23:00:00+00:00,99,LSU,2579,South Carolina,teamrankings,-4.5,,54,,,
401237118,2020,regular,8,2020-10-24 23:00:00+00:00,99,LSU,2579,South Carolina,numberfire,-4.5,,54.5,,,
401237118,2020,regular,8,2020-10-24 23:00:00+00:00,99,LSU,2579,South Carolina,consensus,-4.5,,54.5,,,
401237118,2020,regular,8,2020-10-24 23:00:00+00:00,99,LSU,2579,South Carolina,Caesars,-4.5,,55,,,
401212524,2020,regular,8,2020-10-24 18:00:00+00:00,2116,UCF,2655,Tulane,Bovada,-21,,71,,,
401212524,2020,regular,8,2020-10-24 18:00:00+00:00,2116,UCF,2655,Tulane,teamrankings,-21,,71,,,
401212524,2020,regular,8,2020-10-24 18:00:00+00:00,2116,UCF,2655,Tulane,numberfire,-21.5,,70.5,,,
401212524,2020,regular,8,2020-10-24 18:00:00+00:00,2116,UCF,2655,Tulane,consensus,-21,,71,,,
401212524,2020,regular,8,2020-10-24 18:00:00+00:00,2116,UCF,2655,Tulane,Caesars,-21,,71,,,
401207156,2020,regular,8,2020-10-24 18:30:00+00:00,276,Marshall,2226,Florida Atlantic,Bovada,-19.5,,51,,,
401207156,2020,regular,8,2020-10-24 18:30:00+00:00,276,Marshall,2226,Florida Atlantic,teamrankings,-20,,50.5,,,
401207156,2020,regular,8,2020-10-24 18:30:00+00:00,276,Marshall,2226,Florida Atlantic,numberfire,-18.5,,50.5,,,
401207156,2020,regular,8,2020-10-24 18:30:00+00:00,276,Marshall,2226,Florida Atlantic,consensus,-19,,51,,,
401207156,2020,regular,8,2020-10-24 18:30:00+00:00,276,Marshall,2226,Florida Atlantic,SugarHouse,-18,,51,,,
401207156,2020,regular,8,2020-10-24 18:30:00+00:00,276,Marshall,2226,Florida Atlantic,Caesars,-19,,51,,,
401237107,2020,regular,7,2020-10-18 00:00:00+00:00,333,Alabama,61,Georgia,Bovada,-6,,57.5,,,
401237107,2020,regular,7,2020-10-18 00:00:00+00:00,333,Alabama,61,Georgia,teamrankings,-5.5,,56.5,,,
401237107,2020,regular,7,2020-10-18 00:00:00+00:00,333,Alabama,61,Georgia,numberfire,-5.5,,56.5,,,
401237107,2020,regular,7,2020-10-18 00:00:00+00:00,333,Alabama,61,Georgia,consensus,-6,,57,,,
401237107,2020,regular,7,2020-10-18 00:00:00+00:00,333,Alabama,61,Georgia,SugarHouse,-6,,58.5,,,
401237107,2020,regular,7,2020-10-18 00:00:00+00:00,333,Alabama,61,Georgia,Caesars,-6,,57.5,,,
401207154,2020,regular,8,2020-10-24 16:00:00+00:00,2429,Charlotte,2638,UTEP,Bovada,-17.5,,50,,,
401207154,2020,regular,8,2020-10-24 16:00:00+00:00,2429,Charlotte,2638,UTEP,teamrankings,-17.5,,50,,,
401207154,2020,regular,8,2020-10-24 16:00:00+00:00,2429,Charlotte,2638,UTEP,numberfire,-17.5,,49.5,,,
401207154,2020,regular,8,2020-10-24 16:00:00+00:00,2429,Charlotte,2638,UTEP,consensus,-17.5,,50,,,
401207154,2020,regular,8,2020-10-24 16:00:00+00:00,2429,Charlotte,2638,UTEP,SugarHouse,-17,,49.5,,,
401207154,2020,regular,8,2020-10-24 16:00:00+00:00,2429,Charlotte,2638,UTEP,Caesars,-17.5,,50,,,
401212516,2020,regular,8,2020-10-24 16:00:00+00:00,235,Memphis,218,Temple,Bovada,-14,,70,,,
401212516,2020,regular,8,2020-10-24 16:00:00+00:00,235,Memphis,218,Temple,teamrankings,-14.5,,70,,,
401212516,2020,regular,8,2020-10-24 16:00:00+00:00,235,Memphis,218,Temple,numberfire,-14.5,,70.5,,,
401212516,2020,regular,8,2020-10-24 16:00:00+00:00,235,Memphis,218,Temple,consensus,-14,,70,,,
401212516,2020,regular,8,2020-10-24 16:00:00+00:00,235,Memphis,218,Temple,SugarHouse,-13.5,,70,,,
401212516,2020,regular,8,2020-10-24 16:00:00+00:00,235,Memphis,218,Temple,Caesars,-14,,70,,,
401248996,2020,regular,8,2020-10-25 02:30:00+00:00,21,San Diego State,2439,UNLV,Bovada,-14,,51,,,
401248996,2020,regular,8,2020-10-25 02:30:00+00:00,21,San Diego State,2439,UNLV,teamrankings,-14,,51,,,
401248996,2020,regular,8,2020-10-25 02:30:00+00:00,21,San Diego State,2439,UNLV,numberfire,-14.5,,50.5,,,
401248996,2020,regular,8,2020-10-25 02:30:00+00:00,21,San Diego State,2439,UNLV,consensus,-14,,50.5,,,
401248996,2020,regular,8,2020-10-25 02:30:00+00:00,21,San Diego State,2439,UNLV,Caesars,-14,,50,,,
401248993,2020,regular,8,2020-10-25 02:30:00+00:00,23,San José State,2005,Air Force,Bovada,7.5,,64,,,
401248993,2020,regular,8,2020-10-25 02:30:00+00:00,23,San José State,2005,Air Force,teamrankings,7.5,,63.5,,,
401248993,2020,regular,8,2020-10-25 02:30:00+00:00,23,San José State,2005,Air Force,numberfire,7.5,,63.5,,,
401248993,2020,regular,8,2020-10-25 02:30:00+00:00,23,San José State,2005,Air Force,consensus,7.5,,64,,,
401248993,2020,regular,8,2020-10-25 02:30:00+00:00,23,San José State,2005,Air Force,Caesars,7.5,,64,,,
401248994,2020,regular,8,2020-10-24 23:30:00+00:00,278,Fresno State,62,Hawai'i,Bovada,-3,,64.5,,,
401248994,2020,regular,8,2020-10-24 23:30:00+00:00,278,Fresno State,62,Hawai'i,teamrankings,-2.5,,64.5,,,
401248994,2020,regular,8,2020-10-24 23:30:00+00:00,278,Fresno State,62,Hawai'i,numberfire,-2.5,,64.5,,,
401248994,2020,regular,8,2020-10-24 23:30:00+00:00,278,Fresno State,62,Hawai'i,consensus,-3,,64.5,,,
401248994,2020,regular,8,2020-10-24 23:30:00+00:00,278,Fresno State,62,Hawai'i,SugarHouse,-3,,64.5,,,
401248994,2020,regular,8,2020-10-24 23:30:00+00:00,278,Fresno State,62,Hawai'i,Caesars,-2.5,,65.5,,,
401215316,2020,regular,8,2020-10-24 16:00:00+00:00,324,Coastal Carolina,290,Georgia Southern,Bovada,-1.5,,49,,,
401215316,2020,regular,8,2020-10-24 16:00:00+00:00,324,Coastal Carolina,290,Georgia Southern,teamrankings,-1,,48,,,
401215316,2020,regular,8,2020-10-24 16:00:00+00:00,324,Coastal Carolina,290,Georgia Southern,numberfire,-1.5,,48.5,,,
401215316,2020,regular,8,2020-10-24 16:00:00+00:00,324,Coastal Carolina,290,Georgia Southern,consensus,-1,,49,,,
401215316,2020,regular,8,2020-10-24 16:00:00+00:00,324,Coastal Carolina,290,Georgia Southern,SugarHouse,-4,,49,,,
401215316,2020,regular,8,2020-10-24 16:00:00+00:00,324,Coastal Carolina,290,Georgia Southern,Caesars,-1,,49,,,
401240998,2020,regular,8,2020-10-25 02:15:00+00:00,252,BYU,326,Texas State,Bovada,-30.5,,61.5,,,
401240998,2020,regular,8,2020-10-25 02:15:00+00:00,252,BYU,326,Texas State,teamrankings,-30,,62,,,
401240998,2020,regular,8,2020-10-25 02:15:00+00:00,252,BYU,326,Texas State,numberfire,-29.5,,62.5,,,
401240998,2020,regular,8,2020-10-25 02:15:00+00:00,252,BYU,326,Texas State,consensus,-30,,61.5,,,
401240998,2020,regular,8,2020-10-25 02:15:00+00:00,252,BYU,326,Texas State,SugarHouse,-29,,61.5,,,
401240998,2020,regular,8,2020-10-25 02:15:00+00:00,252,BYU,326,Texas State,Caesars,-30,,62,,,
401247294,2020,regular,8,2020-10-24 23:30:00+00:00,135,Minnesota,130,Michigan,Bovada,3,,54,,,
401247294,2020,regular,8,2020-10-24 23:30:00+00:00,135,Minnesota,130,Michigan,teamrankings,3,,53,,,
401247294,2020,regular,8,2020-10-24 23:30:00+00:00,135,Minnesota,130,Michigan,numberfire,2.5,,54.5,,,
401247294,2020,regular,8,2020-10-24 23:30:00+00:00,135,Minnesota,130,Michigan,consensus,3,,53.5,,,
401247294,2020,regular,8,2020-10-24 23:30:00+00:00,135,Minnesota,130,Michigan,SugarHouse,3,,53,,,
401247294,2020,regular,8,2020-10-24 23:30:00+00:00,135,Minnesota,130,Michigan,Caesars,3,,53,,,
401207160,2020,regular,8,2020-10-24 17:00:00+00:00,2335,Liberty,2572,Southern Miss,Bovada,-14.5,,60,,,
401207160,2020,regular,8,2020-10-24 17:00:00+00:00,2335,Liberty,2572,Southern Miss,teamrankings,-14,,59.5,,,
401207160,2020,regular,8,2020-10-24 17:00:00+00:00,2335,Liberty,2572,Southern Miss,numberfire,-14.5,,58.5,,,
401207160,2020,regular,8,2020-10-24 17:00:00+00:00,2335,Liberty,2572,Southern Miss,consensus,-14,,59.5,,,
401207160,2020,regular,8,2020-10-24 17:00:00+00:00,2335,Liberty,2572,Southern Miss,SugarHouse,-14,,60.5,,,
401207160,2020,regular,8,2020-10-24 17:00:00+00:00,2335,Liberty,2572,Southern Miss,Caesars,-14,,59.5,,,
401250784,2020,regular,8,2020-10-24 23:00:00+00:00,6,South Alabama,2433,UL Monroe,Bovada,-14.5,,57,,,
401250784,2020,regular,8,2020-10-24 23:00:00+00:00,6,South Alabama,2433,UL Monroe,numberfire,-14.5,,56.5,,,
401250784,2020,regular,8,2020-10-24 23:00:00+00:00,6,South Alabama,2433,UL Monroe,consensus,-14.5,,57,,,
401250784,2020,regular,8,2020-10-24 23:00:00+00:00,6,South Alabama,2433,UL Monroe,Caesars,-14.5,,56.5,,,
401237114,2020,regular,8,2020-10-24 19:30:00+00:00,2633,Tennessee,333,Alabama,Bovada,23,,67,,,
401237114,2020,regular,8,2020-10-24 19:30:00+00:00,2633,Tennessee,333,Alabama,teamrankings,21.5,,67,,,
401237114,2020,regular,8,2020-10-24 19:30:00+00:00,2633,Tennessee,333,Alabama,numberfire,22.5,,66.5,,,
401237114,2020,regular,8,2020-10-24 19:30:00+00:00,2633,Tennessee,333,Alabama,consensus,21.5,,66.5,,,
401237114,2020,regular,8,2020-10-24 19:30:00+00:00,2633,Tennessee,333,Alabama,SugarHouse,21.5,,66,,,
401237114,2020,regular,8,2020-10-24 19:30:00+00:00,2633,Tennessee,333,Alabama,Caesars,21.5,,66.5,,,
401212479,2020,regular,8,2020-10-23 23:30:00+00:00,58,South Florida,202,Tulsa,Bovada,12,,51.5,,,
401212479,2020,regular,8,2020-10-23 23:30:00+00:00,58,South Florida,202,Tulsa,teamrankings,11.5,,51.5,,,
401212479,2020,regular,8,2020-10-23 23:30:00+00:00,58,South Florida,202,Tulsa,numberfire,10.5,,51.5,,,
401212479,2020,regular,8,2020-10-23 23:30:00+00:00,58,South Florida,202,Tulsa,consensus,12,,51.5,,,
401212479,2020,regular,8,2020-10-23 23:30:00+00:00,58,South Florida,202,Tulsa,SugarHouse,11.5,,50.5,,,
401212479,2020,regular,8,2020-10-23 23:30:00+00:00,58,South Florida,202,Tulsa,Caesars,12,,51.5,,,
401236011,2020,regular,8,2020-10-24 16:00:00+00:00,2628,TCU,201,Oklahoma,Bovada,7,,59,,,
401236011,2020,regular,8,2020-10-24 16:00:00+00:00,2628,TCU,201,Oklahoma,teamrankings,6.5,,59,,,
401236011,2020,regular,8,2020-10-24 16:00:00+00:00,2628,TCU,201,Oklahoma,numberfire,6.5,,59.5,,,
401236011,2020,regular,8,2020-10-24 16:00:00+00:00,2628,TCU,201,Oklahoma,consensus,6.5,,58.5,,,
401236011,2020,regular,8,2020-10-24 16:00:00+00:00,2628,TCU,201,Oklahoma,SugarHouse,6.5,,59,,,
401236011,2020,regular,8,2020-10-24 16:00:00+00:00,2628,TCU,201,Oklahoma,Caesars,6.5,,59,,,
401234621,2020,regular,8,2020-10-24 16:00:00+00:00,153,North Carolina,152,NC State,Bovada,-15,,62,,,
401234621,2020,regular,8,2020-10-24 16:00:00+00:00,153,North Carolina,152,NC State,teamrankings,-14.5,,61.5,,,
401234621,2020,regular,8,2020-10-24 16:00:00+00:00,153,North Carolina,152,NC State,numberfire,-14.5,,61.5,,,
401234621,2020,regular,8,2020-10-24 16:00:00+00:00,153,North Carolina,152,NC State,consensus,-15,,61.5,,,
401234621,2020,regular,8,2020-10-24 16:00:00+00:00,153,North Carolina,152,NC State,SugarHouse,-16,,60.5,,,
401234621,2020,regular,8,2020-10-24 16:00:00+00:00,153,North Carolina,152,NC State,Caesars,-14.5,,61.5,,,
401234622,2020,regular,8,2020-10-24 19:41:00+00:00,221,Pittsburgh,87,Notre Dame,Bovada,10,,43.5,,,
401234622,2020,regular,8,2020-10-24 19:41:00+00:00,221,Pittsburgh,87,Notre Dame,teamrankings,10,,43.5,,,
401234622,2020,regular,8,2020-10-24 19:41:00+00:00,221,Pittsburgh,87,Notre Dame,numberfire,9.5,,43.5,,,
401234622,2020,regular,8,2020-10-24 19:41:00+00:00,221,Pittsburgh,87,Notre Dame,consensus,10,,43.5,,,
401234622,2020,regular,8,2020-10-24 19:41:00+00:00,221,Pittsburgh,87,Notre Dame,SugarHouse,9.5,,43.5,,,
401234622,2020,regular,8,2020-10-24 19:41:00+00:00,221,Pittsburgh,87,Notre Dame,Caesars,10,,43.5,,,
401238036,2020,regular,8,2020-10-24 00:00:00+00:00,5,UAB,309,Louisiana,Bovada,2.5,,50.5,,,
401238036,2020,regular,8,2020-10-24 00:00:00+00:00,5,UAB,309,Louisiana,teamrankings,2.5,,49.5,,,
401238036,2020,regular,8,2020-10-24 00:00:00+00:00,5,UAB,309,Louisiana,numberfire,2.5,,50.5,,,
401238036,2020,regular,8,2020-10-24 00:00:00+00:00,5,UAB,309,Louisiana,consensus,2.5,,50.5,,,
401238036,2020,regular,8,2020-10-24 00:00:00+00:00,5,UAB,309,Louisiana,SugarHouse,2.5,,49.5,,,
401238036,2020,regular,8,2020-10-24 00:00:00+00:00,5,UAB,309,Louisiana,Caesars,2.5,,50.5,,,
401236012,2020,regular,8,2020-10-24 21:30:00+00:00,2641,Texas Tech,277,West Virginia,Bovada,3,,54,,,
401236012,2020,regular,8,2020-10-24 21:30:00+00:00,2641,Texas Tech,277,West Virginia,teamrankings,2.5,,54,,,
401236012,2020,regular,8,2020-10-24 21:30:00+00:00,2641,Texas Tech,277,West Virginia,numberfire,2.5,,54.5,,,
401236012,2020,regular,8,2020-10-24 21:30:00+00:00,2641,Texas Tech,277,West Virginia,consensus,2.5,,54,,,
401236012,2020,regular,8,2020-10-24 21:30:00+00:00,2641,Texas Tech,277,West Virginia,Caesars,2.5,,54,,,
401234619,2020,regular,8,2020-10-24 16:00:00+00:00,97,Louisville,52,Florida State,Bovada,-5,,63,,,
401234619,2020,regular,8,2020-10-24 16:00:00+00:00,97,Louisville,52,Florida State,teamrankings,-5,,62,,,
401234619,2020,regular,8,2020-10-24 16:00:00+00:00,97,Louisville,52,Florida State,numberfire,-5.5,,62.5,,,
401234619,2020,regular,8,2020-10-24 16:00:00+00:00,97,Louisville,52,Florida State,consensus,-5.5,,62.5,,,
401234619,2020,regular,8,2020-10-24 16:00:00+00:00,97,Louisville,52,Florida State,SugarHouse,-6,,60.5,,,
401234619,2020,regular,8,2020-10-24 16:00:00+00:00,97,Louisville,52,Florida State,Caesars,-5.5,,62,,,
401215317,2020,regular,8,2020-10-24 20:00:00+00:00,2653,Troy,2247,Georgia State,Bovada,-2.5,,68.5,,,
401215317,2020,regular,8,2020-10-24 20:00:00+00:00,2653,Troy,2247,Georgia State,teamrankings,-1.5,,68.5,,,
401215317,2020,regular,8,2020-10-24 20:00:00+00:00,2653,Troy,2247,Georgia State,numberfire,-2.5,,68.5,,,
401215317,2020,regular,8,2020-10-24 20:00:00+00:00,2653,Troy,2247,Georgia State,consensus,-2.5,,68.5,,,
401215317,2020,regular,8,2020-10-24 20:00:00+00:00,2653,Troy,2247,Georgia State,SugarHouse,-2.5,,68.5,,,
401215317,2020,regular,8,2020-10-24 20:00:00+00:00,2653,Troy,2247,Georgia State,Caesars,-2.5,,68.5,,,
401247296,2020,regular,8,2020-10-24 19:30:00+00:00,2509,Purdue,2294,Iowa,Bovada,3.5,,52,,,
401247296,2020,regular,8,2020-10-24 19:30:00+00:00,2509,Purdue,2294,Iowa,teamrankings,3,,52,,,
401247296,2020,regular,8,2020-10-24 19:30:00+00:00,2509,Purdue,2294,Iowa,numberfire,3.5,,51.5,,,
401247296,2020,regular,8,2020-10-24 19:30:00+00:00,2509,Purdue,2294,Iowa,consensus,3.5,,52,,,
401247296,2020,regular,8,2020-10-24 19:30:00+00:00,2509,Purdue,2294,Iowa,SugarHouse,3.5,,52,,,
401247296,2020,regular,8,2020-10-24 19:30:00+00:00,2509,Purdue,2294,Iowa,Caesars,3.5,,51.5,,,
401234623,2020,regular,8,2020-10-24 19:30:00+00:00,154,Wake Forest,259,Virginia Tech,Bovada,11,,69,,,
401234623,2020,regular,8,2020-10-24 19:30:00+00:00,154,Wake Forest,259,Virginia Tech,teamrankings,10.5,,69,,,
401234623,2020,regular,8,2020-10-24 19:30:00+00:00,154,Wake Forest,259,Virginia Tech,numberfire,10.5,,68.5,,,
401234623,2020,regular,8,2020-10-24 19:30:00+00:00,154,Wake Forest,259,Virginia Tech,consensus,10.5,,68.5,,,
401234623,2020,regular,8,2020-10-24 19:30:00+00:00,154,Wake Forest,259,Virginia Tech,SugarHouse,10.5,,68,,,
401234623,2020,regular,8,2020-10-24 19:30:00+00:00,154,Wake Forest,259,Virginia Tech,Caesars,10.5,,68.5,,,
401234620,2020,regular,8,2020-10-25 00:00:00+00:00,2390,Miami,258,Virginia,Bovada,-14,,54,,,
401234620,2020,regular,8,2020-10-25 00:00:00+00:00,2390,Miami,258,Virginia,teamrankings,-13.5,,54.5,,,
401234620,2020,regular,8,2020-10-25 00:00:00+00:00,2390,Miami,258,Virginia,numberfire,-13.5,,53.5,,,
401234620,2020,regular,8,2020-10-25 00:00:00+00:00,2390,Miami,258,Virginia,consensus,-13.5,,54,,,
401234620,2020,regular,8,2020-10-25 00:00:00+00:00,2390,Miami,258,Virginia,Caesars,-14,,54,,,
401247298,2020,regular,8,2020-10-24 23:30:00+00:00,77,Northwestern,120,Maryland,Bovada,-13,,52,,,
401247298,2020,regular,8,2020-10-24 23:30:00+00:00,77,Northwestern,120,Maryland,teamrankings,-14,,51,,,
401247298,2020,regular,8,2020-10-24 23:30:00+00:00,77,Northwestern,120,Maryland,numberfire,-12.5,,52.5,,,
401247298,2020,regular,8,2020-10-24 23:30:00+00:00,77,Northwestern,120,Maryland,consensus,-13,,52.5,,,
401247298,2020,regular,8,2020-10-24 23:30:00+00:00,77,Northwestern,120,Maryland,SugarHouse,-13,,52.5,,,
401247298,2020,regular,8,2020-10-24 23:30:00+00:00,77,Northwestern,120,Maryland,Caesars,-13,,53,,,
401207166,2020,regular,9,2020-10-31 19:00:00+00:00,2572,Southern Miss,242,Rice,Bovada,-3,,,,,
401207166,2020,regular,9,2020-10-31 19:00:00+00:00,2572,Southern Miss,242,Rice,teamrankings,1.5,,58.5,,,
401207166,2020,regular,9,2020-10-31 19:00:00+00:00,2572,Southern Miss,242,Rice,numberfire,1.5,,59.5,,,
401207166,2020,regular,9,2020-10-31 19:00:00+00:00,2572,Southern Miss,242,Rice,consensus,1,,59,,,
401207166,2020,regular,9,2020-10-31 19:00:00+00:00,2572,Southern Miss,242,Rice,SugarHouse,0,,58.5,,,
401247300,2020,regular,9,2020-10-31 19:30:00+00:00,164,Rutgers,84,Indiana,Bovada,12,,,,,
401247300,2020,regular,9,2020-10-31 19:30:00+00:00,164,Rutgers,84,Indiana,teamrankings,11.5,,54,,,
401247300,2020,regular,9,2020-10-31 19:30:00+00:00,164,Rutgers,84,Indiana,numberfire,11.5,,52.5,,,
401247300,2020,regular,9,2020-10-31 19:30:00+00:00,164,Rutgers,84,Indiana,consensus,11.5,,54,,,
401212533,2020,regular,9,2020-10-31 01:00:00+00:00,202,Tulsa,151,East Carolina,Bovada,-18,,,,,
401212533,2020,regular,9,2020-10-31 01:00:00+00:00,202,Tulsa,151,East Carolina,teamrankings,-17,,59.5,,,
401212533,2020,regular,9,2020-10-31 01:00:00+00:00,202,Tulsa,151,East Carolina,numberfire,-16.5,,59.5,,,
401212533,2020,regular,9,2020-10-31 01:00:00+00:00,202,Tulsa,151,East Carolina,consensus,-17,,59.5,,,
401212533,2020,regular,9,2020-10-31 01:00:00+00:00,202,Tulsa,151,East Carolina,SugarHouse,-17,,59.5,,,
401212533,2020,regular,9,2020-10-31 01:00:00+00:00,202,Tulsa,151,East Carolina,Caesars,-17,,59.5,,,
401247302,2020,regular,9,2020-10-30 23:30:00+00:00,120,Maryland,135,Minnesota,Bovada,20.5,,,,,
401247302,2020,regular,9,2020-10-30 23:30:00+00:00,120,Maryland,135,Minnesota,teamrankings,17.5,,60.5,,,
401247302,2020,regular,9,2020-10-30 23:30:00+00:00,120,Maryland,135,Minnesota,numberfire,18.5,,60.5,,,
401247302,2020,regular,9,2020-10-30 23:30:00+00:00,120,Maryland,135,Minnesota,consensus,18.5,,60.5,,,
401247302,2020,regular,9,2020-10-30 23:30:00+00:00,120,Maryland,135,Minnesota,SugarHouse,18.5,,60.5,,,
401247302,2020,regular,9,2020-10-30 23:30:00+00:00,120,Maryland,135,Minnesota,Caesars,18,,60,,,
401249000,2020,regular,9,2020-10-30 02:00:00+00:00,278,Fresno State,36,Colorado State,Bovada,1.5,,,,,
401249000,2020,regular,9,2020-10-30 02:00:00+00:00,278,Fresno State,36,Colorado State,teamrankings,2.5,,58,,,
401249000,2020,regular,9,2020-10-30 02:00:00+00:00,278,Fresno State,36,Colorado State,numberfire,2.5,,58.5,,,
401249000,2020,regular,9,2020-10-30 02:00:00+00:00,278,Fresno State,36,Colorado State,consensus,2.5,,58,,,
401249000,2020,regular,9,2020-10-30 02:00:00+00:00,278,Fresno State,36,Colorado State,Caesars,2.5,,58.5,,,
401247301,2020,regular,9,2020-10-31 16:00:00+00:00,356,Illinois,2509,Purdue,Bovada,7,,,,,
401247301,2020,regular,9,2020-10-31 16:00:00+00:00,356,Illinois,2509,Purdue,teamrankings,10,,54.5,,,
401247301,2020,regular,9,2020-10-31 16:00:00+00:00,356,Illinois,2509,Purdue,numberfire,9.5,,55.5,,,
401247301,2020,regular,9,2020-10-31 16:00:00+00:00,356,Illinois,2509,Purdue,consensus,9.5,,55.5,,,
401247301,2020,regular,9,2020-10-31 16:00:00+00:00,356,Illinois,2509,Purdue,SugarHouse,9.5,,56.5,,,
401247301,2020,regular,9,2020-10-31 16:00:00+00:00,356,Illinois,2509,Purdue,Caesars,10,,55.5,,,
401215319,2020,regular,9,2020-10-31 20:00:00+00:00,2433,UL Monroe,2026,App State,Bovada,31.5,,,,,
401215319,2020,regular,9,2020-10-31 20:00:00+00:00,2433,UL Monroe,2026,App State,teamrankings,29,,56,,,
401215319,2020,regular,9,2020-10-31 20:00:00+00:00,2433,UL Monroe,2026,App State,numberfire,28.5,,57.5,,,
401215319,2020,regular,9,2020-10-31 20:00:00+00:00,2433,UL Monroe,2026,App State,consensus,28.5,,56.5,,,
401215319,2020,regular,9,2020-10-31 20:00:00+00:00,2433,UL Monroe,2026,App State,Caesars,29.5,,56.5,,,
401215322,2020,regular,9,2020-11-01 00:00:00+00:00,326,Texas State,309,Louisiana,Bovada,17,,,,,
401215322,2020,regular,9,2020-11-01 00:00:00+00:00,326,Texas State,309,Louisiana,teamrankings,16,,56.5,,,
401215322,2020,regular,9,2020-11-01 00:00:00+00:00,326,Texas State,309,Louisiana,numberfire,16.5,,56.5,,,
401215322,2020,regular,9,2020-11-01 00:00:00+00:00,326,Texas State,309,Louisiana,consensus,16.5,,57,,,
401215322,2020,regular,9,2020-11-01 00:00:00+00:00,326,Texas State,309,Louisiana,Caesars,16.5,,57,,,
401247303,2020,regular,9,2020-10-31 19:30:00+00:00,2294,Iowa,77,Northwestern,Bovada,-3,,,,,
401247303,2020,regular,9,2020-10-31 19:30:00+00:00,2294,Iowa,77,Northwestern,teamrankings,1,,42,,,
401247303,2020,regular,9,2020-10-31 19:30:00+00:00,2294,Iowa,77,Northwestern,numberfire,0.5,,42.5,,,
401247303,2020,regular,9,2020-10-31 19:30:00+00:00,2294,Iowa,77,Northwestern,consensus,1,,42.5,,,
401247303,2020,regular,9,2020-10-31 19:30:00+00:00,2294,Iowa,77,Northwestern,SugarHouse,1,,42.5,,,
401247306,2020,regular,9,2020-10-31 23:30:00+00:00,213,Penn State,194,Ohio State,Bovada,13,,,,,
401247306,2020,regular,9,2020-10-31 23:30:00+00:00,213,Penn State,194,Ohio State,teamrankings,10.5,,63,,,
401247306,2020,regular,9,2020-10-31 23:30:00+00:00,213,Penn State,194,Ohio State,numberfire,10.5,,63.5,,,
401247306,2020,regular,9,2020-10-31 23:30:00+00:00,213,Penn State,194,Ohio State,consensus,10,,63,,,
401247306,2020,regular,9,2020-10-31 23:30:00+00:00,213,Penn State,194,Ohio State,SugarHouse,10,,63,,,
401247306,2020,regular,9,2020-10-31 23:30:00+00:00,213,Penn State,194,Ohio State,Caesars,10,,63,,,
401207163,2020,regular,9,2020-10-31 19:30:00+00:00,2348,Louisiana Tech,5,UAB,Bovada,10,,,,,
401207163,2020,regular,9,2020-10-31 19:30:00+00:00,2348,Louisiana Tech,5,UAB,teamrankings,13,,47,,,
401207163,2020,regular,9,2020-10-31 19:30:00+00:00,2348,Louisiana Tech,5,UAB,numberfire,12.5,,46.5,,,
401207163,2020,regular,9,2020-10-31 19:30:00+00:00,2348,Louisiana Tech,5,UAB,consensus,13,,47.5,,,
401207163,2020,regular,9,2020-10-31 19:30:00+00:00,2348,Louisiana Tech,5,UAB,SugarHouse,12.5,,47.5,,,
401207163,2020,regular,9,2020-10-31 19:30:00+00:00,2348,Louisiana Tech,5,UAB,Caesars,13,,47,,,
401212543,2020,regular,9,2020-10-31 16:00:00+00:00,2132,Cincinnati,235,Memphis,Bovada,-7,,,,,
401212543,2020,regular,9,2020-10-31 16:00:00+00:00,2132,Cincinnati,235,Memphis,teamrankings,-6.5,,56.5,,,
401212543,2020,regular,9,2020-10-31 16:00:00+00:00,2132,Cincinnati,235,Memphis,numberfire,-6.5,,57.5,,,
401212543,2020,regular,9,2020-10-31 16:00:00+00:00,2132,Cincinnati,235,Memphis,consensus,-6.5,,57.5,,,
401212543,2020,regular,9,2020-10-31 16:00:00+00:00,2132,Cincinnati,235,Memphis,SugarHouse,-6.5,,55.5,,,
401212543,2020,regular,9,2020-10-31 16:00:00+00:00,2132,Cincinnati,235,Memphis,Caesars,-6.5,,57.5,,,
401234652,2020,regular,13,2020-11-29 00:00:00+00:00,59,Georgia Tech,150,Duke,Bovada,2.5,,58,,,
401234652,2020,regular,13,2020-11-29 00:00:00+00:00,59,Georgia Tech,150,Duke,teamrankings,1.5,,57,,,
401234652,2020,regular,13,2020-11-29 00:00:00+00:00,59,Georgia Tech,150,Duke,numberfire,2.5,,57.5,,,
401234652,2020,regular,13,2020-11-29 00:00:00+00:00,59,Georgia Tech,150,Duke,consensus,2.5,,57.5,,,
401234652,2020,regular,13,2020-11-29 00:00:00+00:00,59,Georgia Tech,150,Duke,Caesars,2,,58,,,
401249877,2020,regular,13,2020-11-28 17:00:00+00:00,2084,Buffalo,2309,Kent State,Bovada,-7,,70,,,
401249877,2020,regular,13,2020-11-28 17:00:00+00:00,2084,Buffalo,2309,Kent State,teamrankings,-7.5,,70,,,
401249877,2020,regular,13,2020-11-28 17:00:00+00:00,2084,Buffalo,2309,Kent State,numberfire,-7.5,,69.5,,,
401249877,2020,regular,13,2020-11-28 17:00:00+00:00,2084,Buffalo,2309,Kent State,consensus,-7.5,,69.5,,,
401249877,2020,regular,13,2020-11-28 17:00:00+00:00,2084,Buffalo,2309,Kent State,Caesars,-7.5,,69.5,,,
401249024,2020,regular,13,2020-11-29 04:00:00+00:00,62,Hawai'i,2440,Nevada,Bovada,7,,63,,,
401249024,2020,regular,13,2020-11-29 04:00:00+00:00,62,Hawai'i,2440,Nevada,teamrankings,7,,61.5,,,
401249024,2020,regular,13,2020-11-29 04:00:00+00:00,62,Hawai'i,2440,Nevada,numberfire,7.5,,61.5,,,
401249024,2020,regular,13,2020-11-29 04:00:00+00:00,62,Hawai'i,2440,Nevada,consensus,7,,63,,,
401249024,2020,regular,13,2020-11-29 04:00:00+00:00,62,Hawai'i,2440,Nevada,Caesars,7.5,,63,,,
401251926,2020,regular,13,2020-11-27 17:00:00+00:00,2335,Liberty,113,Massachusetts,Bovada,-36,,58.5,,,
401251926,2020,regular,13,2020-11-27 17:00:00+00:00,2335,Liberty,113,Massachusetts,teamrankings,-35,,57.5,,,
401251926,2020,regular,13,2020-11-27 17:00:00+00:00,2335,Liberty,113,Massachusetts,numberfire,-35.5,,57.5,,,
401251926,2020,regular,13,2020-11-27 17:00:00+00:00,2335,Liberty,113,Massachusetts,consensus,-35.5,,57.5,,,
401251926,2020,regular,13,2020-11-27 17:00:00+00:00,2335,Liberty,113,Massachusetts,Caesars,-36,,57,,,
401249418,2020,regular,13,2020-11-28 00:30:00+00:00,204,Oregon State,2483,Oregon,Bovada,13.5,,65,,,
401249418,2020,regular,13,2020-11-28 00:30:00+00:00,204,Oregon State,2483,Oregon,teamrankings,13,,64.5,,,
401249418,2020,regular,13,2020-11-28 00:30:00+00:00,204,Oregon State,2483,Oregon,numberfire,12.5,,64.5,,,
401249418,2020,regular,13,2020-11-28 00:30:00+00:00,204,Oregon State,2483,Oregon,consensus,13,,64.5,,,
401249418,2020,regular,13,2020-11-28 00:30:00+00:00,204,Oregon State,2483,Oregon,Caesars,13,,64.5,,,
401237147,2020,regular,13,2020-11-28 21:00:00+00:00,145,Ole Miss,344,Mississippi State,Bovada,-9.5,,70.5,,,
401237147,2020,regular,13,2020-11-28 21:00:00+00:00,145,Ole Miss,344,Mississippi State,teamrankings,-10,,70,,,
401237147,2020,regular,13,2020-11-28 21:00:00+00:00,145,Ole Miss,344,Mississippi State,numberfire,-9.5,,70.5,,,
401237147,2020,regular,13,2020-11-28 21:00:00+00:00,145,Ole Miss,344,Mississippi State,consensus,-9.5,,70.5,,,
401237147,2020,regular,13,2020-11-28 21:00:00+00:00,145,Ole Miss,344,Mississippi State,Caesars,-9.5,,71,,,
401249417,2020,regular,13,2020-11-27 21:30:00+00:00,25,California,24,Stanford,Bovada,2,,51.5,,,
401249417,2020,regular,13,2020-11-27 21:30:00+00:00,25,California,24,Stanford,teamrankings,2,,51,,,
401249417,2020,regular,13,2020-11-27 21:30:00+00:00,25,California,24,Stanford,numberfire,2.5,,51.5,,,
401249417,2020,regular,13,2020-11-27 21:30:00+00:00,25,California,24,Stanford,consensus,1.5,,51.5,,,
401249417,2020,regular,13,2020-11-27 21:30:00+00:00,25,California,24,Stanford,Caesars,1.5,,51,,,
401247332,2020,regular,13,2020-11-27 18:00:00+00:00,2294,Iowa,158,Nebraska,Bovada,-13,,53,,,
401247332,2020,regular,13,2020-11-27 18:00:00+00:00,2294,Iowa,158,Nebraska,teamrankings,-12.5,,53.5,,,
401247332,2020,regular,13,2020-11-27 18:00:00+00:00,2294,Iowa,158,Nebraska,numberfire,-11.5,,53.5,,,
401247332,2020,regular,13,2020-11-27 18:00:00+00:00,2294,Iowa,158,Nebraska,consensus,-12.5,,53.5,,,
401247332,2020,regular,13,2020-11-27 18:00:00+00:00,2294,Iowa,158,Nebraska,Caesars,-13,,54,,,
401249025,2020,regular,13,2020-11-27 00:00:00+00:00,328,Utah State,167,New Mexico,Bovada,6,,49,,,
401249025,2020,regular,13,2020-11-27 00:00:00+00:00,328,Utah State,167,New Mexico,teamrankings,6,,49,,,
401249025,2020,regular,13,2020-11-27 00:00:00+00:00,328,Utah State,167,New Mexico,numberfire,5.5,,51.5,,,
401249025,2020,regular,13,2020-11-27 00:00:00+00:00,328,Utah State,167,New Mexico,consensus,6,,49,,,
401249025,2020,regular,13,2020-11-27 00:00:00+00:00,328,Utah State,167,New Mexico,Caesars,6,,49,,,
401234651,2020,regular,13,2020-11-28 20:30:00+00:00,228,Clemson,221,Pittsburgh,Bovada,-24,,59,,,
401234651,2020,regular,13,2020-11-28 20:30:00+00:00,228,Clemson,221,Pittsburgh,teamrankings,-23.5,,58.5,,,
401234651,2020,regular,13,2020-11-28 20:30:00+00:00,228,Clemson,221,Pittsburgh,numberfire,-23.5,,58.5,,,
401234651,2020,regular,13,2020-11-28 20:30:00+00:00,228,Clemson,221,Pittsburgh,consensus,-24,,58.5,,,
401234651,2020,regular,13,2020-11-28 20:30:00+00:00,228,Clemson,221,Pittsburgh,Caesars,-24,,59,,,
401237143,2020,regular,13,2020-11-28 17:00:00+00:00,142,Missouri,238,Vanderbilt,Bovada,2,,52.5,,,
401237143,2020,regular,13,2020-11-28 17:00:00+00:00,142,Missouri,238,Vanderbilt,teamrankings,2,,52.5,,,
401237143,2020,regular,13,2020-11-28 17:00:00+00:00,142,Missouri,238,Vanderbilt,numberfire,-14.5,,51.5,,,
401237143,2020,regular,13,2020-11-28 17:00:00+00:00,142,Missouri,238,Vanderbilt,consensus,-14,,51.5,,,
401237143,2020,regular,13,2020-11-28 17:00:00+00:00,142,Missouri,238,Vanderbilt,Caesars,-14.5,,51,,,
401247328,2020,regular,13,2020-11-28 21:00:00+00:00,2509,Purdue,164,Rutgers,Bovada,-12.5,,61,,,
401247328,2020,regular,13,2020-11-28 21:00:00+00:00,2509,Purdue,164,Rutgers,teamrankings,-12,,61,,,
401247328,2020,regular,13,2020-11-28 21:00:00+00:00,2509,Purdue,164,Rutgers,numberfire,-12.5,,60.5,,,
401247328,2020,regular,13,2020-11-28 21:00:00+00:00,2509,Purdue,164,Rutgers,consensus,-12.5,,61,,,
401264080,2020,regular,13,2020-11-29 00:00:00+00:00,2426,Navy,235,Memphis,Bovada,13.5,,63,,,
401264080,2020,regular,13,2020-11-29 00:00:00+00:00,2426,Navy,235,Memphis,teamrankings,13.5,,62.5,,,
401264080,2020,regular,13,2020-11-29 00:00:00+00:00,2426,Navy,235,Memphis,numberfire,13.5,,62.5,,,
401264080,2020,regular,13,2020-11-29 00:00:00+00:00,2426,Navy,235,Memphis,consensus,13.5,,62.5,,,
401264080,2020,regular,13,2020-11-29 00:00:00+00:00,2426,Navy,235,Memphis,Caesars,13,,63,,,
401249874,2020,regular,13,2020-11-27 21:00:00+00:00,2199,Eastern Michigan,2117,Central Michigan,Bovada,6.5,,59,,,
401249874,2020,regular,13,2020-11-27 21:00:00+00:00,2199,Eastern Michigan,2117,Central Michigan,teamrankings,6,,59,,,
401249874,2020,regular,13,2020-11-27 21:00:00+00:00,2199,Eastern Michigan,2117,Central Michigan,numberfire,6.5,,58.5,,,
401249874,2020,regular,13,2020-11-27 21:00:00+00:00,2199,Eastern Michigan,2117,Central Michigan,consensus,6.5,,59,,,
401249874,2020,regular,13,2020-11-27 21:00:00+00:00,2199,Eastern Michigan,2117,Central Michigan,Caesars,6.5,,59,,,
401249876,2020,regular,13,2020-11-28 17:00:00+00:00,195,Ohio,189,Bowling Green,Bovada,-23,,55,,,
401249876,2020,regular,13,2020-11-28 17:00:00+00:00,195,Ohio,189,Bowling Green,teamrankings,-22.5,,55,,,
401249876,2020,regular,13,2020-11-28 17:00:00+00:00,195,Ohio,189,Bowling Green,numberfire,-22.5,,54.5,,,
401249876,2020,regular,13,2020-11-28 17:00:00+00:00,195,Ohio,189,Bowling Green,consensus,-22.5,,54.5,,,
401249876,2020,regular,13,2020-11-28 17:00:00+00:00,195,Ohio,189,Bowling Green,Caesars,-23,,54.5,,,
401265458,2020,regular,13,2020-11-29 00:30:00+00:00,264,Washington,254,Utah,Bovada,-9.5,,47,,,
401265458,2020,regular,13,2020-11-29 00:30:00+00:00,264,Washington,254,Utah,teamrankings,-8,,47,,,
401265458,2020,regular,13,2020-11-29 00:30:00+00:00,264,Washington,254,Utah,numberfire,-7.5,,46.5,,,
401265458,2020,regular,13,2020-11-29 00:30:00+00:00,264,Washington,254,Utah,consensus,-9,,47.5,,,
401265458,2020,regular,13,2020-11-29 00:30:00+00:00,264,Washington,254,Utah,Caesars,-8.5,,47.5,,,
401215340,2020,regular,13,2020-11-28 20:00:00+00:00,2433,UL Monroe,309,Louisiana,Bovada,29,,58,,,
401215340,2020,regular,13,2020-11-28 20:00:00+00:00,2433,UL Monroe,309,Louisiana,teamrankings,29.5,,58,,,
401215340,2020,regular,13,2020-11-28 20:00:00+00:00,2433,UL Monroe,309,Louisiana,numberfire,28.5,,58.5,,,
401215340,2020,regular,13,2020-11-28 20:00:00+00:00,2433,UL Monroe,309,Louisiana,consensus,29.5,,58,,,
401215340,2020,regular,13,2020-11-28 20:00:00+00:00,2433,UL Monroe,309,Louisiana,Caesars,29.5,,59,,,
401249028,2020,regular,13,2020-11-27 21:00:00+00:00,2439,UNLV,2751,Wyoming,Bovada,16.5,,52,,,
401249028,2020,regular,13,2020-11-27 21:00:00+00:00,2439,UNLV,2751,Wyoming,teamrankings,17,,52,,,
401249028,2020,regular,13,2020-11-27 21:00:00+00:00,2439,UNLV,2751,Wyoming,numberfire,17.5,,52.5,,,
401249028,2020,regular,13,2020-11-27 21:00:00+00:00,2439,UNLV,2751,Wyoming,consensus,16.5,,52,,,
401249028,2020,regular,13,2020-11-27 21:00:00+00:00,2439,UNLV,2751,Wyoming,Caesars,16.5,,52,,,
401236028,2020,regular,13,2020-11-29 00:00:00+00:00,239,Baylor,2306,Kansas State,Bovada,-5.5,,44.5,,,
401236028,2020,regular,13,2020-11-29 00:00:00+00:00,239,Baylor,2306,Kansas State,teamrankings,-5.5,,44.5,,,
401236028,2020,regular,13,2020-11-29 00:00:00+00:00,239,Baylor,2306,Kansas State,numberfire,-6.5,,44.5,,,
401236028,2020,regular,13,2020-11-29 00:00:00+00:00,239,Baylor,2306,Kansas State,consensus,-5.5,,44.5,,,
401236028,2020,regular,13,2020-11-29 00:00:00+00:00,239,Baylor,2306,Kansas State,Caesars,-5,,44.5,,,
401207191,2020,regular,13,2020-11-28 20:00:00+00:00,2636,UTSA,249,North Texas,Bovada,-1.5,,67,,,
401207191,2020,regular,13,2020-11-28 20:00:00+00:00,2636,UTSA,249,North Texas,teamrankings,-1.5,,67,,,
401207191,2020,regular,13,2020-11-28 20:00:00+00:00,2636,UTSA,249,North Texas,numberfire,-1.5,,67.5,,,
401207191,2020,regular,13,2020-11-28 20:00:00+00:00,2636,UTSA,249,North Texas,consensus,-1,,67.5,,,
401207191,2020,regular,13,2020-11-28 20:00:00+00:00,2636,UTSA,249,North Texas,Caesars,-2,,67,,,
401265734,2020,regular,13,2020-11-28 22:37:00+00:00,38,Colorado,21,San Diego State,Bovada,-6,,51,,,
401265734,2020,regular,13,2020-11-28 22:37:00+00:00,38,Colorado,21,San Diego State,teamrankings,-6,,51,,,
401265734,2020,regular,13,2020-11-28 22:37:00+00:00,38,Colorado,21,San Diego State,numberfire,-5.5,,50.5,,,
401265734,2020,regular,13,2020-11-28 22:37:00+00:00,38,Colorado,21,San Diego State,consensus,-5,,51.5,,,
401265734,2020,regular,13,2020-11-28 22:37:00+00:00,38,Colorado,21,San Diego State,Caesars,-6,,51.5,,,
401215336,2020,regular,13,2020-11-28 20:30:00+00:00,2026,App State,2653,Troy,Bovada,-14,,50.5,,,
401215336,2020,regular,13,2020-11-28 20:30:00+00:00,2026,App State,2653,Troy,teamrankings,-14,,50.5,,,
401215336,2020,regular,13,2020-11-28 20:30:00+00:00,2026,App State,2653,Troy,numberfire,-13.5,,50.5,,,
401215336,2020,regular,13,2020-11-28 20:30:00+00:00,2026,App State,2653,Troy,consensus,-14,,50.5,,,
401215336,2020,regular,13,2020-11-28 20:30:00+00:00,2026,App State,2653,Troy,Caesars,-14,,51,,,
401247330,2020,regular,13,2020-11-28 20:30:00+00:00,127,Michigan State,77,Northwestern,Bovada,14,,41,,,
401247330,2020,regular,13,2020-11-28 20:30:00+00:00,127,Michigan State,77,Northwestern,teamrankings,13.5,,40,,,
401247330,2020,regular,13,2020-11-28 20:30:00+00:00,127,Michigan State,77,Northwestern,numberfire,13.5,,41.5,,,
401247330,2020,regular,13,2020-11-28 20:30:00+00:00,127,Michigan State,77,Northwestern,consensus,13.5,,40.5,,,
401247330,2020,regular,13,2020-11-28 20:30:00+00:00,127,Michigan State,77,Northwestern,Caesars,13.5,,40.5,,,
401249427,2020,regular,14,2020-12-07 00:30:00+00:00,30,USC,265,Washington State,Bovada,-11,,68.5,,,
401249427,2020,regular,14,2020-12-07 00:30:00+00:00,30,USC,265,Washington State,teamrankings,-11.5,,68.5,,,
401249427,2020,regular,14,2020-12-07 00:30:00+00:00,30,USC,265,Washington State,numberfire,-11.5,,68.5,,,
401249427,2020,regular,14,2020-12-07 00:30:00+00:00,30,USC,265,Washington State,consensus,-11,,68.5,,,
401249427,2020,regular,14,2020-12-07 00:30:00+00:00,30,USC,265,Washington State,Caesars,-11,,68.5,,,
401234657,2020,regular,14,2020-12-06 00:30:00+00:00,259,Virginia Tech,228,Clemson,Bovada,23.5,,67,,,
401234657,2020,regular,14,2020-12-06 00:30:00+00:00,259,Virginia Tech,228,Clemson,teamrankings,23.5,,67,,,
401234657,2020,regular,14,2020-12-06 00:30:00+00:00,259,Virginia Tech,228,Clemson,numberfire,23.5,,67.5,,,
401234657,2020,regular,14,2020-12-06 00:30:00+00:00,259,Virginia Tech,228,Clemson,consensus,23,,66.5,,,
401234657,2020,regular,14,2020-12-06 00:30:00+00:00,259,Virginia Tech,228,Clemson,Caesars,23.5,,66.5,,,
401234656,2020,regular,14,2020-12-05 20:30:00+00:00,258,Virginia,103,Boston College,Bovada,-6,,54.5,,,
401234656,2020,regular,14,2020-12-05 20:30:00+00:00,258,Virginia,103,Boston College,teamrankings,-6.5,,53,,,
401234656,2020,regular,14,2020-12-05 20:30:00+00:00,258,Virginia,103,Boston College,numberfire,-6.5,,52.5,,,
401234656,2020,regular,14,2020-12-05 20:30:00+00:00,258,Virginia,103,Boston College,consensus,-6,,54,,,
401234656,2020,regular,14,2020-12-05 20:30:00+00:00,258,Virginia,103,Boston College,Caesars,-6.5,,54,,,
401249029,2020,regular,14,2020-12-04 02:30:00+00:00,328,Utah State,2005,Air Force,Bovada,13.5,,52,,,
401249029,2020,regular,14,2020-12-04 02:30:00+00:00,328,Utah State,2005,Air Force,teamrankings,13.5,,51,,,
401249029,2020,regular,14,2020-12-04 02:30:00+00:00,328,Utah State,2005,Air Force,numberfire,13.5,,51.5,,,
401249029,2020,regular,14,2020-12-04 02:30:00+00:00,328,Utah State,2005,Air Force,consensus,13.5,,51.5,,,
401249029,2020,regular,14,2020-12-04 02:30:00+00:00,328,Utah State,2005,Air Force,Caesars,13,,51,,,
401265703,2020,regular,14,2020-12-03 23:00:00+00:00,249,North Texas,2348,Louisiana Tech,Bovada,1,,65.5,,,
401265703,2020,regular,14,2020-12-03 23:00:00+00:00,249,North Texas,2348,Louisiana Tech,teamrankings,1,,64.5,,,
401265703,2020,regular,14,2020-12-03 23:00:00+00:00,249,North Texas,2348,Louisiana Tech,numberfire,-0.5,,65.5,,,
401265703,2020,regular,14,2020-12-03 23:00:00+00:00,249,North Texas,2348,Louisiana Tech,consensus,1,,65.5,,,
401265703,2020,regular,14,2020-12-03 23:00:00+00:00,249,North Texas,2348,Louisiana Tech,Caesars,1,,65.5,,,
401252117,2020,regular,14,2020-12-05 01:30:00+00:00,2026,App State,309,Louisiana,Bovada,-3,,53,,,
401252117,2020,regular,14,2020-12-05 01:30:00+00:00,2026,App State,309,Louisiana,teamrankings,-3,,51,,,
401252117,2020,regular,14,2020-12-05 01:30:00+00:00,2026,App State,309,Louisiana,numberfire,-2.5,,51.5,,,
401252117,2020,regular,14,2020-12-05 01:30:00+00:00,2026,App State,309,Louisiana,consensus,-3,,51.5,,,
401252117,2020,regular,14,2020-12-05 01:30:00+00:00,2026,App State,309,Louisiana,Caesars,-3,,52,,,
401265818,2020,regular,14,2020-12-05 17:00:00+00:00,142,Missouri,8,Arkansas,Bovada,-2.5,,55,,,
401265818,2020,regular,14,2020-12-05 17:00:00+00:00,142,Missouri,8,Arkansas,teamrankings,-2,,55.5,,,
401265818,2020,regular,14,2020-12-05 17:00:00+00:00,142,Missouri,8,Arkansas,numberfire,-2.5,,54.5,,,
401265818,2020,regular,14,2020-12-05 17:00:00+00:00,142,Missouri,8,Arkansas,consensus,-2.5,,54.5,,,
401265818,2020,regular,14,2020-12-05 17:00:00+00:00,142,Missouri,8,Arkansas,Caesars,-2.5,,55,,,
401236035,2020,regular,14,2020-12-05 17:00:00+00:00,2641,Texas Tech,2305,Kansas,Bovada,-26.5,,63.5,,,
401236035,2020,regular,14,2020-12-05 17:00:00+00:00,2641,Texas Tech,2305,Kansas,teamrankings,-27,,63.5,,,
401236035,2020,regular,14,2020-12-05 17:00:00+00:00,2641,Texas Tech,2305,Kansas,numberfire,-26.5,,63.5,,,
401236035,2020,regular,14,2020-12-05 17:00:00+00:00,2641,Texas Tech,2305,Kansas,consensus,-26.5,,63.5,,,
401236035,2020,regular,14,2020-12-05 17:00:00+00:00,2641,Texas Tech,2305,Kansas,Caesars,-26.5,,64,,,
401257812,2020,regular,14,2020-12-05 17:00:00+00:00,276,Marshall,242,Rice,Bovada,-22.5,,43,,,
401257812,2020,regular,14,2020-12-05 17:00:00+00:00,276,Marshall,242,Rice,teamrankings,-24.5,,42.5,,,
401257812,2020,regular,14,2020-12-05 17:00:00+00:00,276,Marshall,242,Rice,numberfire,-24.5,,42.5,,,
401257812,2020,regular,14,2020-12-05 17:00:00+00:00,276,Marshall,242,Rice,consensus,-24.5,,42.5,,,
401257812,2020,regular,14,2020-12-05 17:00:00+00:00,276,Marshall,242,Rice,Caesars,-24,,43,,,
401236036,2020,regular,14,2020-12-05 17:00:00+00:00,2306,Kansas State,251,Texas,Bovada,7,,53.5,,,
401236036,2020,regular,14,2020-12-05 17:00:00+00:00,2306,Kansas State,251,Texas,teamrankings,7,,53.5,,,
401236036,2020,regular,14,2020-12-05 17:00:00+00:00,2306,Kansas State,251,Texas,numberfire,7.5,,52.5,,,
401236036,2020,regular,14,2020-12-05 17:00:00+00:00,2306,Kansas State,251,Texas,consensus,7.5,,53.5,,,
401236036,2020,regular,14,2020-12-05 17:00:00+00:00,2306,Kansas State,251,Texas,Caesars,7,,53.5,,,
401237514,2020,regular,14,2020-12-05 22:30:00+00:00,324,Coastal Carolina,252,BYU,Bovada,-11,,53.5,,,
401237514,2020,regular,14,2020-12-05 22:30:00+00:00,324,Coastal Carolina,252,BYU,teamrankings,10,,63,,,
401237514,2020,regular,14,2020-12-05 22:30:00+00:00,324,Coastal Carolina,252,BYU,numberfire,10.5,,62.5,,,
401237514,2020,regular,14,2020-12-05 22:30:00+00:00,324,Coastal Carolina,252,BYU,consensus,10.5,,62.5,,,
401237514,2020,regular,14,2020-12-05 22:30:00+00:00,324,Coastal Carolina,252,BYU,Caesars,10.5,,62.5,,,
401266134,2020,regular,14,2020-12-06 01:00:00+00:00,150,Duke,2390,Miami,Bovada,15,,63,,,
401266134,2020,regular,14,2020-12-06 01:00:00+00:00,150,Duke,2390,Miami,teamrankings,14.5,,62,,,
401266134,2020,regular,14,2020-12-06 01:00:00+00:00,150,Duke,2390,Miami,numberfire,15.5,,62.5,,,
401266134,2020,regular,14,2020-12-06 01:00:00+00:00,150,Duke,2390,Miami,consensus,14.5,,62.5,,,
401266134,2020,regular,14,2020-12-06 01:00:00+00:00,150,Duke,2390,Miami,Caesars,15,,62.5,,,
401234662,2020,regular,14,2020-12-05 19:30:00+00:00,87,Notre Dame,183,Syracuse,Bovada,-34,,51,,,
401234662,2020,regular,14,2020-12-05 19:30:00+00:00,87,Notre Dame,183,Syracuse,teamrankings,-34.5,,51,,,
401234662,2020,regular,14,2020-12-05 19:30:00+00:00,87,Notre Dame,183,Syracuse,numberfire,-34.5,,50.5,,,
401234662,2020,regular,14,2020-12-05 19:30:00+00:00,87,Notre Dame,183,Syracuse,consensus,-34,,51,,,
401234662,2020,regular,14,2020-12-05 19:30:00+00:00,87,Notre Dame,183,Syracuse,Caesars,-34,,51,,,
401236033,2020,regular,14,2020-12-06 01:00:00+00:00,201,Oklahoma,239,Baylor,Bovada,-24,,61,,,
401236033,2020,regular,14,2020-12-06 01:00:00+00:00,201,Oklahoma,239,Baylor,teamrankings,-22,,61.5,,,
401236033,2020,regular,14,2020-12-06 01:00:00+00:00,201,Oklahoma,239,Baylor,numberfire,-22.5,,60.5,,,
401236033,2020,regular,14,2020-12-06 01:00:00+00:00,201,Oklahoma,239,Baylor,consensus,-23.5,,61,,,
401236033,2020,regular,14,2020-12-06 01:00:00+00:00,201,Oklahoma,239,Baylor,Caesars,-23,,61,,,
401249422,2020,regular,14,2020-12-06 03:30:00+00:00,254,Utah,204,Oregon State,Bovada,-13.5,,51,,,
401249422,2020,regular,14,2020-12-06 03:30:00+00:00,254,Utah,204,Oregon State,teamrankings,-13.5,,51.5,,,
401249422,2020,regular,14,2020-12-06 03:30:00+00:00,254,Utah,204,Oregon State,numberfire,-13.5,,50.5,,,
401249422,2020,regular,14,2020-12-06 03:30:00+00:00,254,Utah,204,Oregon State,consensus,-14,,51,,,
401249422,2020,regular,14,2020-12-06 03:30:00+00:00,254,Utah,204,Oregon State,Caesars,-14,,51.5,,,
401262493,2020,regular,14,2020-12-05 20:00:00+00:00,2032,Arkansas State,2433,UL Monroe,Bovada,-20,,71,,,
401262493,2020,regular,14,2020-12-05 20:00:00+00:00,2032,Arkansas State,2433,UL Monroe,numberfire,-20.5,,71.5,,,
401262493,2020,regular,14,2020-12-05 20:00:00+00:00,2032,Arkansas State,2433,UL Monroe,consensus,-20,,71,,,
401262493,2020,regular,14,2020-12-05 20:00:00+00:00,2032,Arkansas State,2433,UL Monroe,Caesars,-20.5,,71,,,
401265817,2020,regular,14,2020-12-06 01:00:00+00:00,99,LSU,333,Alabama,Bovada,29.5,,64,,,
401265817,2020,regular,14,2020-12-06 01:00:00+00:00,99,LSU,333,Alabama,teamrankings,29,,64.5,,,
401265817,2020,regular,14,2020-12-06 01:00:00+00:00,99,LSU,333,Alabama,numberfire,28.5,,64.5,,,
401265817,2020,regular,14,2020-12-06 01:00:00+00:00,99,LSU,333,Alabama,consensus,28.5,,64,,,
401265817,2020,regular,14,2020-12-06 01:00:00+00:00,99,LSU,333,Alabama,Caesars,29.5,,65,,,
401237151,2020,regular,14,2020-12-05 20:30:00+00:00,2633,Tennessee,57,Florida,Bovada,18.5,,63,,,
401237151,2020,regular,14,2020-12-05 20:30:00+00:00,2633,Tennessee,57,Florida,teamrankings,18.5,,63,,,
401237151,2020,regular,14,2020-12-05 20:30:00+00:00,2633,Tennessee,57,Florida,numberfire,18.5,,63.5,,,
401237151,2020,regular,14,2020-12-05 20:30:00+00:00,2633,Tennessee,57,Florida,consensus,18,,62.5,,,
401237151,2020,regular,14,2020-12-05 20:30:00+00:00,2633,Tennessee,57,Florida,Caesars,18,,62.5,,,
401236034,2020,regular,14,2020-12-05 20:30:00+00:00,66,Iowa State,277,West Virginia,Bovada,-6,,48,,,
401236034,2020,regular,14,2020-12-05 20:30:00+00:00,66,Iowa State,277,West Virginia,teamrankings,-5.5,,47.5,,,
401236034,2020,regular,14,2020-12-05 20:30:00+00:00,66,Iowa State,277,West Virginia,numberfire,-5.5,,47.5,,,
401236034,2020,regular,14,2020-12-05 20:30:00+00:00,66,Iowa State,277,West Virginia,consensus,-6,,48,,,
401236034,2020,regular,14,2020-12-05 20:30:00+00:00,66,Iowa State,277,West Virginia,Caesars,-6,,48,,,
401266789,2020,regular,14,2020-12-06 17:00:00+00:00,2429,Charlotte,98,Western Kentucky,Bovada,-2.5,,46,,,
401266789,2020,regular,14,2020-12-06 17:00:00+00:00,2429,Charlotte,98,Western Kentucky,teamrankings,-3,,47,,,
401266789,2020,regular,14,2020-12-06 17:00:00+00:00,2429,Charlotte,98,Western Kentucky,numberfire,-1.5,,46.5,,,
401266789,2020,regular,14,2020-12-06 17:00:00+00:00,2429,Charlotte,98,Western Kentucky,consensus,-2.5,,46.5,,,
401266789,2020,regular,14,2020-12-06 17:00:00+00:00,2429,Charlotte,98,Western Kentucky,Caesars,-2.5,,46.5,,,
401247338,2020,regular,14,2020-12-05 20:30:00+00:00,275,Wisconsin,84,Indiana,Bovada,-13,,44.5,,,
401247338,2020,regular,14,2020-12-05 20:30:00+00:00,275,Wisconsin,84,Indiana,teamrankings,-12.5,,44.5,,,
401247338,2020,regular,14,2020-12-05 20:30:00+00:00,275,Wisconsin,84,Indiana,numberfire,-12.5,,44.5,,,
401247338,2020,regular,14,2020-12-05 20:30:00+00:00,275,Wisconsin,84,Indiana,consensus,-13.5,,44.5,,,
401247338,2020,regular,14,2020-12-05 20:30:00+00:00,275,Wisconsin,84,Indiana,Caesars,-13.5,,44.5,,,
401264082,2020,regular,14,2020-12-05 17:00:00+00:00,2655,Tulane,235,Memphis,Bovada,-3,,64,,,
401264082,2020,regular,14,2020-12-05 17:00:00+00:00,2655,Tulane,235,Memphis,numberfire,-2.5,,63.5,,,
401264082,2020,regular,14,2020-12-05 17:00:00+00:00,2655,Tulane,235,Memphis,consensus,-3,,64,,,
401264082,2020,regular,14,2020-12-05 17:00:00+00:00,2655,Tulane,235,Memphis,Caesars,-3.5,,64,,,
401264083,2020,regular,14,2020-12-05 20:30:00+00:00,2426,Navy,202,Tulsa,Bovada,12,,45,,,
401264083,2020,regular,14,2020-12-05 20:30:00+00:00,2426,Navy,202,Tulsa,teamrankings,12,,46,,,
401264083,2020,regular,14,2020-12-05 20:30:00+00:00,2426,Navy,202,Tulsa,numberfire,11.5,,45.5,,,
401264083,2020,regular,14,2020-12-05 20:30:00+00:00,2426,Navy,202,Tulsa,consensus,12,,45.5,,,
401264083,2020,regular,14,2020-12-05 20:30:00+00:00,2426,Navy,202,Tulsa,Caesars,12,,45.5,,,
401261675,2020,regular,14,2020-12-05 23:00:00+00:00,290,Georgia Southern,2226,Florida Atlantic,Bovada,2.5,,40.5,,,
401261675,2020,regular,14,2020-12-05 23:00:00+00:00,290,Georgia Southern,2226,Florida Atlantic,teamrankings,2.5,,40.5,,,
401261675,2020,regular,14,2020-12-05 23:00:00+00:00,290,Georgia Southern,2226,Florida Atlantic,numberfire,2.5,,40.5,,,
401261675,2020,regular,14,2020-12-05 23:00:00+00:00,290,Georgia Southern,2226,Florida Atlantic,consensus,2.5,,40.5,,,
401261675,2020,regular,14,2020-12-05 23:00:00+00:00,290,Georgia Southern,2226,Florida Atlantic,Caesars,2,,41,,,
401234659,2020,regular,14,2020-12-05 21:00:00+00:00,152,NC State,59,Georgia Tech,Bovada,-7,,61,,,
401234659,2020,regular,14,2020-12-05 21:00:00+00:00,152,NC State,59,Georgia Tech,teamrankings,-7,,61.5,,,
401234659,2020,regular,14,2020-12-05 21:00:00+00:00,152,NC State,59,Georgia Tech,numberfire,-6.5,,60.5,,,
401234659,2020,regular,14,2020-12-05 21:00:00+00:00,152,NC State,59,Georgia Tech,consensus,-7,,60.5,,,
401234659,2020,regular,14,2020-12-05 21:00:00+00:00,152,NC State,59,Georgia Tech,Caesars,-7,,61,,,
401249032,2020,regular,14,2020-12-06 02:00:00+00:00,2440,Nevada,278,Fresno State,Bovada,-6.5,,59,,,
401249032,2020,regular,14,2020-12-06 02:00:00+00:00,2440,Nevada,278,Fresno State,teamrankings,-6.5,,59,,,
401249032,2020,regular,14,2020-12-06 02:00:00+00:00,2440,Nevada,278,Fresno State,numberfire,-6.5,,59.5,,,
401249032,2020,regular,14,2020-12-06 02:00:00+00:00,2440,Nevada,278,Fresno State,consensus,-6.5,,59,,,
401249032,2020,regular,14,2020-12-06 02:00:00+00:00,2440,Nevada,278,Fresno State,Caesars,-6.5,,59,,,
401236037,2020,regular,14,2020-12-05 17:00:00+00:00,2628,TCU,197,Oklahoma State,Bovada,2.5,,52.5,,,
401236037,2020,regular,14,2020-12-05 17:00:00+00:00,2628,TCU,197,Oklahoma State,teamrankings,2.5,,53,,,
401236037,2020,regular,14,2020-12-05 17:00:00+00:00,2628,TCU,197,Oklahoma State,numberfire,2.5,,52.5,,,
401236037,2020,regular,14,2020-12-05 17:00:00+00:00,2628,TCU,197,Oklahoma State,consensus,2.5,,52.5,,,
401236037,2020,regular,14,2020-12-05 17:00:00+00:00,2628,TCU,197,Oklahoma State,Caesars,2.5,,52.5,,,
401247340,2020,regular,14,2020-12-05 17:00:00+00:00,127,Michigan State,194,Ohio State,Bovada,22.5,,59,,,
401247340,2020,regular,14,2020-12-05 17:00:00+00:00,127,Michigan State,194,Ohio State,teamrankings,22,,59,,,
401247340,2020,regular,14,2020-12-05 17:00:00+00:00,127,Michigan State,194,Ohio State,numberfire,22.5,,58.5,,,
401247340,2020,regular,14,2020-12-05 17:00:00+00:00,127,Michigan State,194,Ohio State,consensus,22.5,,59,,,
401247340,2020,regular,14,2020-12-05 17:00:00+00:00,127,Michigan State,194,Ohio State,Caesars,22.5,,59,,,
401237150,2020,regular,14,2020-12-05 17:00:00+00:00,2,Auburn,245,Texas A&M,Bovada,6,,49,,,
401237150,2020,regular,14,2020-12-05 17:00:00+00:00,2,Auburn,245,Texas A&M,teamrankings,5,,49,,,
401237150,2020,regular,14,2020-12-05 17:00:00+00:00,2,Auburn,245,Texas A&M,numberfire,5.5,,48.5,,,
401237150,2020,regular,14,2020-12-05 17:00:00+00:00,2,Auburn,245,Texas A&M,consensus,6,,48.5,,,
401237150,2020,regular,14,2020-12-05 17:00:00+00:00,2,Auburn,245,Texas A&M,Caesars,6,,48.5,,,
401249423,2020,regular,14,2020-12-06 00:00:00+00:00,25,California,2483,Oregon,Bovada,9,,59.5,,,
401249423,2020,regular,14,2020-12-06 00:00:00+00:00,25,California,2483,Oregon,teamrankings,9.5,,59,,,
401249423,2020,regular,14,2020-12-06 00:00:00+00:00,25,California,2483,Oregon,numberfire,9.5,,59.5,,,
401249423,2020,regular,14,2020-12-06 00:00:00+00:00,25,California,2483,Oregon,consensus,9,,59.5,,,
401249423,2020,regular,14,2020-12-06 00:00:00+00:00,25,California,2483,Oregon,Caesars,9.5,,60,,,
401237153,2020,regular,14,2020-12-06 00:30:00+00:00,96,Kentucky,2579,South Carolina,Bovada,-12,,47,,,
401237153,2020,regular,14,2020-12-06 00:30:00+00:00,96,Kentucky,2579,South Carolina,teamrankings,-12,,46,,,
401237153,2020,regular,14,2020-12-06 00:30:00+00:00,96,Kentucky,2579,South Carolina,numberfire,-11.5,,46.5,,,
401237153,2020,regular,14,2020-12-06 00:30:00+00:00,96,Kentucky,2579,South Carolina,consensus,-11.5,,47,,,
401237153,2020,regular,14,2020-12-06 00:30:00+00:00,96,Kentucky,2579,South Carolina,Caesars,-11.5,,46.5,,,
401267164,2020,regular,15,2020-12-12 17:00:00+00:00,8,Arkansas,333,Alabama,Bovada,29.5,,70.5,,,
401267164,2020,regular,15,2020-12-12 17:00:00+00:00,8,Arkansas,333,Alabama,teamrankings,28.5,,69.5,,,
401267164,2020,regular,15,2020-12-12 17:00:00+00:00,8,Arkansas,333,Alabama,numberfire,29.5,,68.5,,,
401267164,2020,regular,15,2020-12-12 17:00:00+00:00,8,Arkansas,333,Alabama,consensus,30,,69.5,,,
401267164,2020,regular,15,2020-12-12 17:00:00+00:00,8,Arkansas,333,Alabama,William Hill (New Jersey),28.5,,69.5,,,
401266694,2020,regular,15,2020-12-12 21:00:00+00:00,52,Florida State,150,Duke,Bovada,-3,,57,,,
401266694,2020,regular,15,2020-12-12 21:00:00+00:00,52,Florida State,150,Duke,teamrankings,-3,,56.5,,,
401266694,2020,regular,15,2020-12-12 21:00:00+00:00,52,Florida State,150,Duke,numberfire,-2.5,,57.5,,,
401266694,2020,regular,15,2020-12-12 21:00:00+00:00,52,Florida State,150,Duke,consensus,-3,,57,,,
401266694,2020,regular,15,2020-12-12 21:00:00+00:00,52,Florida State,150,Duke,William Hill (New Jersey),-3.5,,57,,,
401247342,2020,regular,15,2020-12-12 17:00:00+00:00,120,Maryland,164,Rutgers,Bovada,-3,,54.5,,,
401247342,2020,regular,15,2020-12-12 17:00:00+00:00,120,Maryland,164,Rutgers,teamrankings,-3,,54,,,
401247342,2020,regular,15,2020-12-12 17:00:00+00:00,120,Maryland,164,Rutgers,numberfire,-3.5,,54.5,,,
401247342,2020,regular,15,2020-12-12 17:00:00+00:00,120,Maryland,164,Rutgers,consensus,-3,,55,,,
401247342,2020,regular,15,2020-12-12 17:00:00+00:00,120,Maryland,164,Rutgers,Caesars (Pennsylvania),-3,,54.5,,,
401249431,2020,regular,15,2020-12-13 00:30:00+00:00,26,UCLA,30,USC,Bovada,3.5,,65,,,
401249431,2020,regular,15,2020-12-13 00:30:00+00:00,26,UCLA,30,USC,teamrankings,3.5,,64,,,
401249431,2020,regular,15,2020-12-13 00:30:00+00:00,26,UCLA,30,USC,numberfire,3.5,,63.5,,,
401249431,2020,regular,15,2020-12-13 00:30:00+00:00,26,UCLA,30,USC,consensus,3.5,,65,,,
401249431,2020,regular,15,2020-12-13 00:30:00+00:00,26,UCLA,30,USC,William Hill (New Jersey),3.5,,65,,,
401250713,2020,regular,15,2020-12-12 20:30:00+00:00,239,Baylor,197,Oklahoma State,Bovada,6.5,,49,,,
401250713,2020,regular,15,2020-12-12 20:30:00+00:00,239,Baylor,197,Oklahoma State,teamrankings,6,,49.5,,,
401250713,2020,regular,15,2020-12-12 20:30:00+00:00,239,Baylor,197,Oklahoma State,numberfire,4.5,,48.5,,,
401250713,2020,regular,15,2020-12-12 20:30:00+00:00,239,Baylor,197,Oklahoma State,consensus,6,,49.5,,,
401250713,2020,regular,15,2020-12-12 20:30:00+00:00,239,Baylor,197,Oklahoma State,William Hill (New Jersey),6,,49,,,
401249435,2020,regular,15,2020-12-13 03:00:00+00:00,252,BYU,21,San Diego State,Bovada,-17,,47.5,,,
401249435,2020,regular,15,2020-12-13 03:00:00+00:00,252,BYU,21,San Diego State,teamrankings,-16.5,,47,,,
401249435,2020,regular,15,2020-12-13 03:00:00+00:00,252,BYU,21,San Diego State,numberfire,-16.5,,47.5,,,
401249435,2020,regular,15,2020-12-13 03:00:00+00:00,252,BYU,21,San Diego State,consensus,-16.5,,47.5,,,
401249435,2020,regular,15,2020-12-13 03:00:00+00:00,252,BYU,21,San Diego State,William Hill (New Jersey),-16.5,,47.5,,,
401249037,2020,regular,15,2020-12-12 03:00:00+00:00,23,San José State,2440,Nevada,Bovada,2.5,,61.5,,,
401249037,2020,regular,15,2020-12-12 03:00:00+00:00,23,San José State,2440,Nevada,teamrankings,1.5,,60.5,,,
401249037,2020,regular,15,2020-12-12 03:00:00+00:00,23,San José State,2440,Nevada,numberfire,-0.5,,59.5,,,
401249037,2020,regular,15,2020-12-12 03:00:00+00:00,23,San José State,2440,Nevada,consensus,2.5,,61.5,,,
401249037,2020,regular,15,2020-12-12 03:00:00+00:00,23,San José State,2440,Nevada,William Hill (New Jersey),2.5,,61.5,,,
401247344,2020,regular,15,2020-12-12 17:00:00+00:00,77,Northwestern,356,Illinois,Bovada,-13,,41.5,,,
401247344,2020,regular,15,2020-12-12 17:00:00+00:00,77,Northwestern,356,Illinois,teamrankings,-13,,41,,,
401247344,2020,regular,15,2020-12-12 17:00:00+00:00,77,Northwestern,356,Illinois,numberfire,-13.5,,41.5,,,
401247344,2020,regular,15,2020-12-12 17:00:00+00:00,77,Northwestern,356,Illinois,consensus,-13.5,,42,,,
401247344,2020,regular,15,2020-12-12 17:00:00+00:00,77,Northwestern,356,Illinois,William Hill (New Jersey),-13.5,,42,,,
401247347,2020,regular,15,2020-12-12 20:30:00+00:00,2294,Iowa,275,Wisconsin,Bovada,1,,40,,,
401247347,2020,regular,15,2020-12-12 20:30:00+00:00,2294,Iowa,275,Wisconsin,teamrankings,1,,39,,,
401247347,2020,regular,15,2020-12-12 20:30:00+00:00,2294,Iowa,275,Wisconsin,numberfire,0.5,,40.5,,,
401247347,2020,regular,15,2020-12-12 20:30:00+00:00,2294,Iowa,275,Wisconsin,consensus,2,,41,,,
401247347,2020,regular,15,2020-12-12 20:30:00+00:00,2294,Iowa,275,Wisconsin,William Hill (New Jersey),2,,41,,,
401264084,2020,regular,15,2020-12-12 20:30:00+00:00,235,Memphis,248,Houston,Bovada,6.5,,65,,,
401264084,2020,regular,15,2020-12-12 20:30:00+00:00,235,Memphis,248,Houston,numberfire,7.5,,63.5,,,
401264084,2020,regular,15,2020-12-12 20:30:00+00:00,235,Memphis,248,Houston,consensus,6.5,,64.5,,,
401264084,2020,regular,15,2020-12-12 20:30:00+00:00,235,Memphis,248,Houston,William Hill (New Jersey),6,,64.5,,,
401234572,2020,regular,15,2020-12-13 01:00:00+00:00,259,Virginia Tech,258,Virginia,Bovada,-3,,64.5,,,
401234572,2020,regular,15,2020-12-13 01:00:00+00:00,259,Virginia Tech,258,Virginia,teamrankings,-3,,64,,,
401234572,2020,regular,15,2020-12-13 01:00:00+00:00,259,Virginia Tech,258,Virginia,numberfire,-2.5,,64.5,,,
401234572,2020,regular,15,2020-12-13 01:00:00+00:00,259,Virginia Tech,258,Virginia,consensus,-3,,64,,,
401234572,2020,regular,15,2020-12-13 01:00:00+00:00,259,Virginia Tech,258,Virginia,William Hill (New Jersey),-3,,64,,,
401257815,2020,regular,15,2020-12-12 18:00:00+00:00,242,Rice,5,UAB,Bovada,7,,42.5,,,
401257815,2020,regular,15,2020-12-12 18:00:00+00:00,242,Rice,5,UAB,teamrankings,7,,42.5,,,
401257815,2020,regular,15,2020-12-12 18:00:00+00:00,242,Rice,5,UAB,numberfire,6.5,,42.5,,,
401257815,2020,regular,15,2020-12-12 18:00:00+00:00,242,Rice,5,UAB,consensus,7,,42.5,,,
401257815,2020,regular,15,2020-12-12 18:00:00+00:00,242,Rice,5,UAB,William Hill (New Jersey),7,,42.5,,,
401266711,2020,regular,15,2020-12-13 00:00:00+00:00,2628,TCU,2348,Louisiana Tech,Bovada,-21.5,,50,,,
401266711,2020,regular,15,2020-12-13 00:00:00+00:00,2628,TCU,2348,Louisiana Tech,teamrankings,-21.5,,50,,,
401266711,2020,regular,15,2020-12-13 00:00:00+00:00,2628,TCU,2348,Louisiana Tech,numberfire,-21.5,,50.5,,,
401266711,2020,regular,15,2020-12-13 00:00:00+00:00,2628,TCU,2348,Louisiana Tech,consensus,-21.5,,50,,,
401266711,2020,regular,15,2020-12-13 00:00:00+00:00,2628,TCU,2348,Louisiana Tech,William Hill (New Jersey),-21.5,,50,,,
401257813,2020,regular,15,2020-12-10 23:30:00+00:00,2572,Southern Miss,2226,Florida Atlantic,Bovada,9.5,,44,,,
401257813,2020,regular,15,2020-12-10 23:30:00+00:00,2572,Southern Miss,2226,Florida Atlantic,teamrankings,9,,43,,,
401257813,2020,regular,15,2020-12-10 23:30:00+00:00,2572,Southern Miss,2226,Florida Atlantic,numberfire,9.5,,43.5,,,
401257813,2020,regular,15,2020-12-10 23:30:00+00:00,2572,Southern Miss,2226,Florida Atlantic,consensus,9.5,,44,,,
401257813,2020,regular,15,2020-12-10 23:30:00+00:00,2572,Southern Miss,2226,Florida Atlantic,William Hill (New Jersey),9.5,,43,,,
401266696,2020,regular,15,2020-12-12 17:00:00+00:00,97,Louisville,154,Wake Forest,Bovada,1.5,,61.5,,,
401266696,2020,regular,15,2020-12-12 17:00:00+00:00,97,Louisville,154,Wake Forest,numberfire,-1.5,,62.5,,,
401266696,2020,regular,15,2020-12-12 17:00:00+00:00,97,Louisville,154,Wake Forest,consensus,-2.5,,62.5,,,
401266696,2020,regular,15,2020-12-12 17:00:00+00:00,97,Louisville,154,Wake Forest,William Hill (New Jersey),1,,62,,,
401251100,2020,regular,15,2020-12-13 00:00:00+00:00,57,Florida,99,LSU,Bovada,-23.5,,66,,,
401251100,2020,regular,15,2020-12-13 00:00:00+00:00,57,Florida,99,LSU,teamrankings,-23,,65.5,,,
401251100,2020,regular,15,2020-12-13 00:00:00+00:00,57,Florida,99,LSU,numberfire,-22.5,,66.5,,,
401251100,2020,regular,15,2020-12-13 00:00:00+00:00,57,Florida,99,LSU,consensus,-23,,65.5,,,
401251100,2020,regular,15,2020-12-13 00:00:00+00:00,57,Florida,99,LSU,William Hill (New Jersey),-23,,66.5,,,
401207203,2020,regular,15,2020-12-12 20:00:00+00:00,349,Army,2426,Navy,Bovada,-7.5,,35.5,,,
401207203,2020,regular,15,2020-12-12 20:00:00+00:00,349,Army,2426,Navy,teamrankings,-7.5,,35.5,,,
401207203,2020,regular,15,2020-12-12 20:00:00+00:00,349,Army,2426,Navy,numberfire,-7.5,,35.5,,,
401207203,2020,regular,15,2020-12-12 20:00:00+00:00,349,Army,2426,Navy,consensus,-7.5,,36,,,
401207203,2020,regular,15,2020-12-12 20:00:00+00:00,349,Army,2426,Navy,William Hill (New Jersey),-7.5,,36,,,
401249432,2020,regular,15,2020-12-13 03:00:00+00:00,204,Oregon State,24,Stanford,Bovada,2.5,,55,,,
401249432,2020,regular,15,2020-12-13 03:00:00+00:00,204,Oregon State,24,Stanford,teamrankings,2.5,,55,,,
401249432,2020,regular,15,2020-12-13 03:00:00+00:00,204,Oregon State,24,Stanford,numberfire,2.5,,54.5,,,
401249432,2020,regular,15,2020-12-13 03:00:00+00:00,204,Oregon State,24,Stanford,consensus,2.5,,55.5,,,
401249432,2020,regular,15,2020-12-13 03:00:00+00:00,204,Oregon State,24,Stanford,William Hill (New Jersey),2.5,,55.5,,,
401261245,2020,regular,15,2020-12-11 00:00:00+00:00,59,Georgia Tech,221,Pittsburgh,Bovada,7.5,,55.5,,,
401261245,2020,regular,15,2020-12-11 00:00:00+00:00,59,Georgia Tech,221,Pittsburgh,numberfire,7.5,,55.5,,,
401261245,2020,regular,15,2020-12-11 00:00:00+00:00,59,Georgia Tech,221,Pittsburgh,consensus,7.5,,55.5,,,
401261245,2020,regular,15,2020-12-11 00:00:00+00:00,59,Georgia Tech,221,Pittsburgh,William Hill (New Jersey),7,,55,,,
401267161,2020,regular,15,2020-12-12 17:00:00+00:00,142,Missouri,61,Georgia,Bovada,14,,54.5,,,
401267161,2020,regular,15,2020-12-12 17:00:00+00:00,142,Missouri,61,Georgia,teamrankings,14,,54.5,,,
401267161,2020,regular,15,2020-12-12 17:00:00+00:00,142,Missouri,61,Georgia,numberfire,13.5,,53.5,,,
401267161,2020,regular,15,2020-12-12 17:00:00+00:00,142,Missouri,61,Georgia,consensus,14,,54.5,,,
401267161,2020,regular,15,2020-12-12 17:00:00+00:00,142,Missouri,61,Georgia,William Hill (New Jersey),14,,54.5,,,
401267163,2020,regular,15,2020-12-12 21:00:00+00:00,238,Vanderbilt,2633,Tennessee,Bovada,15.5,,50.5,,,
401267163,2020,regular,15,2020-12-12 21:00:00+00:00,238,Vanderbilt,2633,Tennessee,teamrankings,15,,51,,,
401267163,2020,regular,15,2020-12-12 21:00:00+00:00,238,Vanderbilt,2633,Tennessee,numberfire,14.5,,50.5,,,
401267163,2020,regular,15,2020-12-12 21:00:00+00:00,238,Vanderbilt,2633,Tennessee,consensus,14.5,,50.5,,,
401267163,2020,regular,15,2020-12-12 21:00:00+00:00,238,Vanderbilt,2633,Tennessee,William Hill (New Jersey),15.5,,51,,,
401234661,2020,regular,15,2020-12-12 20:30:00+00:00,2390,Miami,153,North Carolina,Bovada,-3,,72.5,,,
401234661,2020,regular,15,2020-12-12 20:30:00+00:00,2390,Miami,153,North Carolina,teamrankings,-3,,72.5,,,
401234661,2020,regular,15,2020-12-12 20:30:00+00:00,2390,Miami,153,North Carolina,numberfire,-2.5,,71.5,,,
401234661,2020,regular,15,2020-12-12 20:30:00+00:00,2390,Miami,153,North Carolina,consensus,-3,,72,,,
401234661,2020,regular,15,2020-12-12 20:30:00+00:00,2390,Miami,153,North Carolina,William Hill (New Jersey),-3,,71,,,
401247349,2020,regular,16,2020-12-19 17:00:00+00:00,194,Ohio State,77,Northwestern,Bovada,-21,,57,,,
401247349,2020,regular,16,2020-12-19 17:00:00+00:00,194,Ohio State,77,Northwestern,teamrankings,-16.5,,57.5,,,
401247349,2020,regular,16,2020-12-19 17:00:00+00:00,194,Ohio State,77,Northwestern,numberfire,-16.5,,56.5,,,
401247349,2020,regular,16,2020-12-19 17:00:00+00:00,194,Ohio State,77,Northwestern,consensus,-16.5,,56.5,,,
401247349,2020,regular,16,2020-12-19 17:00:00+00:00,194,Ohio State,77,Northwestern,William Hill (New Jersey),-16.5,,56.5,,,
401262060,2020,regular,16,2020-12-19 17:00:00+00:00,66,Iowa State,201,Oklahoma,Bovada,5.5,,58.5,,,
401262060,2020,regular,16,2020-12-19 17:00:00+00:00,66,Iowa State,201,Oklahoma,teamrankings,5.5,,59.5,,,
401262060,2020,regular,16,2020-12-19 17:00:00+00:00,66,Iowa State,201,Oklahoma,numberfire,5.5,,59.5,,,
401262060,2020,regular,16,2020-12-19 17:00:00+00:00,66,Iowa State,201,Oklahoma,consensus,5.5,,60,,,
401262060,2020,regular,16,2020-12-19 17:00:00+00:00,66,Iowa State,201,Oklahoma,William Hill (New Jersey),5.5,,59.5,,,
401269375,2020,regular,16,2020-12-19 18:30:00+00:00,254,Utah,265,Washington State,Bovada,-10.5,,56.5,,,
401269375,2020,regular,16,2020-12-19 18:30:00+00:00,254,Utah,265,Washington State,teamrankings,-12,,54.5,,,
401269375,2020,regular,16,2020-12-19 18:30:00+00:00,254,Utah,265,Washington State,numberfire,-11.5,,54.5,,,
401269375,2020,regular,16,2020-12-19 18:30:00+00:00,254,Utah,265,Washington State,consensus,-11.5,,55,,,
401269375,2020,regular,16,2020-12-19 18:30:00+00:00,254,Utah,265,Washington State,William Hill (New Jersey),-11.5,,55,,,
401265699,2020,regular,16,2020-12-19 20:00:00+00:00,349,Army,2005,Air Force,Bovada,3,,37,,,
401265699,2020,regular,16,2020-12-19 20:00:00+00:00,349,Army,2005,Air Force,teamrankings,3,,37,,,
401265699,2020,regular,16,2020-12-19 20:00:00+00:00,349,Army,2005,Air Force,numberfire,2.5,,37.5,,,
401265699,2020,regular,16,2020-12-19 20:00:00+00:00,349,Army,2005,Air Force,consensus,2.5,,37.5,,,
401265699,2020,regular,16,2020-12-19 20:00:00+00:00,349,Army,2005,Air Force,William Hill (New Jersey),2.5,,37.5,,,
401267165,2020,regular,16,2020-12-19 20:30:00+00:00,99,LSU,145,Ole Miss,Bovada,0,,75,,,
401267165,2020,regular,16,2020-12-19 20:30:00+00:00,99,LSU,145,Ole Miss,teamrankings,0,,74.5,,,
401267165,2020,regular,16,2020-12-19 20:30:00+00:00,99,LSU,145,Ole Miss,numberfire,0.5,,74.5,,,
401267165,2020,regular,16,2020-12-19 20:30:00+00:00,99,LSU,145,Ole Miss,consensus,1,,74.5,,,
401267165,2020,regular,16,2020-12-19 20:30:00+00:00,99,LSU,145,Ole Miss,William Hill (New Jersey),1,,74.5,,,
401267166,2020,regular,16,2020-12-19 20:30:00+00:00,344,Mississippi State,142,Missouri,Bovada,1,,49.5,,,
401267166,2020,regular,16,2020-12-19 20:30:00+00:00,344,Mississippi State,142,Missouri,teamrankings,1.5,,49,,,
401267166,2020,regular,16,2020-12-19 20:30:00+00:00,344,Mississippi State,142,Missouri,numberfire,0.5,,49.5,,,
401267166,2020,regular,16,2020-12-19 20:30:00+00:00,344,Mississippi State,142,Missouri,consensus,1.5,,49,,,
401267166,2020,regular,16,2020-12-19 20:30:00+00:00,344,Mississippi State,142,Missouri,William Hill (New Jersey),1.5,,49,,,
401256001,2020,regular,16,2020-12-19 21:00:00+00:00,87,Notre Dame,228,Clemson,Bovada,10,,60,,,
401256001,2020,regular,16,2020-12-19 21:00:00+00:00,87,Notre Dame,228,Clemson,teamrankings,11,,58,,,
401256001,2020,regular,16,2020-12-19 21:00:00+00:00,87,Notre Dame,228,Clemson,numberfire,10.5,,58.5,,,
401256001,2020,regular,16,2020-12-19 21:00:00+00:00,87,Notre Dame,228,Clemson,consensus,11,,58,,,
401256001,2020,regular,16,2020-12-19 21:00:00+00:00,87,Notre Dame,228,Clemson,William Hill (New Jersey),11,,58.5,,,
401269384,2020,regular,16,2020-12-19 21:00:00+00:00,275,Wisconsin,135,Minnesota,Bovada,-12,,47.5,,,
401269384,2020,regular,16,2020-12-19 21:00:00+00:00,275,Wisconsin,135,Minnesota,teamrankings,-10,,47,,,
401269384,2020,regular,16,2020-12-19 21:00:00+00:00,275,Wisconsin,135,Minnesota,numberfire,-11.5,,47.5,,,
401269384,2020,regular,16,2020-12-19 21:00:00+00:00,275,Wisconsin,135,Minnesota,consensus,-10.5,,47,,,
401269384,2020,regular,16,2020-12-19 21:00:00+00:00,275,Wisconsin,135,Minnesota,William Hill (New Jersey),-11,,47,,,
401249043,2020,regular,16,2020-12-19 21:40:00+00:00,23,San José State,68,Boise State,Bovada,6.5,,56,,,
401249043,2020,regular,16,2020-12-19 21:40:00+00:00,23,San José State,68,Boise State,teamrankings,6.5,,59.5,,,
401249043,2020,regular,16,2020-12-19 21:40:00+00:00,23,San José State,68,Boise State,numberfire,6.5,,58.5,,,
401249043,2020,regular,16,2020-12-19 21:40:00+00:00,23,San José State,68,Boise State,consensus,6.5,,58.5,,,
401249043,2020,regular,16,2020-12-19 21:40:00+00:00,23,San José State,68,Boise State,William Hill (New Jersey),6.5,,58.5,,,
401237074,2020,regular,16,2020-12-20 01:00:00+00:00,57,Florida,333,Alabama,Bovada,17.5,,74.5,,,
401237074,2020,regular,16,2020-12-20 01:00:00+00:00,57,Florida,333,Alabama,teamrankings,16,,74.5,,,
401237074,2020,regular,16,2020-12-20 01:00:00+00:00,57,Florida,333,Alabama,numberfire,16.5,,74.5,,,
401237074,2020,regular,16,2020-12-20 01:00:00+00:00,57,Florida,333,Alabama,consensus,16,,74,,,
401237074,2020,regular,16,2020-12-20 01:00:00+00:00,57,Florida,333,Alabama,William Hill (New Jersey),16.5,,74,,,
401264085,2020,regular,16,2020-12-20 01:00:00+00:00,2132,Cincinnati,202,Tulsa,Bovada,-14,,45.5,,,
401264085,2020,regular,16,2020-12-20 01:00:00+00:00,2132,Cincinnati,202,Tulsa,teamrankings,-14,,44.5,,,
401264085,2020,regular,16,2020-12-20 01:00:00+00:00,2132,Cincinnati,202,Tulsa,numberfire,-14.5,,44.5,,,
401264085,2020,regular,16,2020-12-20 01:00:00+00:00,2132,Cincinnati,202,Tulsa,consensus,-13.5,,44.5,,,
401264085,2020,regular,16,2020-12-20 01:00:00+00:00,2132,Cincinnati,202,Tulsa,William Hill (New Jersey),-13.5,,44.5,,,
401262494,2020,regular,14,2020-12-05 19:00:00+00:00,6,South Alabama,2653,Troy,numberfire,4.5,,53.5,,,
401262494,2020,regular,14,2020-12-05 19:00:00+00:00,6,South Alabama,2653,Troy,consensus,4,,54,,,
401262494,2020,regular,14,2020-12-05 19:00:00+00:00,6,South Alabama,2653,Troy,Caesars,4,,54,,,
401257816,2020,regular,15,2020-12-11 23:00:00+00:00,2638,UTEP,249,North Texas,teamrankings,10,,67,,,
401257816,2020,regular,15,2020-12-11 23:00:00+00:00,2638,UTEP,249,North Texas,numberfire,10.5,,66.5,,,
401257816,2020,regular,15,2020-12-11 23:00:00+00:00,2638,UTEP,249,North Texas,consensus,-10,,66.5,,,
401257816,2020,regular,15,2020-12-11 23:00:00+00:00,2638,UTEP,249,North Texas,William Hill (New Jersey),10,,64.5,,,
401259671,2020,regular,15,2020-12-12 20:00:00+00:00,2653,Troy,324,Coastal Carolina,teamrankings,13.5,,51.5,,,
401259671,2020,regular,15,2020-12-12 20:00:00+00:00,2653,Troy,324,Coastal Carolina,numberfire,11.5,,53.5,,,
401259671,2020,regular,15,2020-12-12 20:00:00+00:00,2653,Troy,324,Coastal Carolina,consensus,12.5,,52.5,,,
401259671,2020,regular,15,2020-12-12 20:00:00+00:00,2653,Troy,324,Coastal Carolina,William Hill (New Jersey),13,,52.5,,,
401237513,2020,regular,5,2020-10-03 17:00:00+00:00,2335,Liberty,2453,North Alabama,consensus,-33,,65,,,
401240040,2020,regular,5,2020-10-03 17:30:00+00:00,349,Army,2000,Abilene Christian,consensus,-31,,49.5,,,
401238034,2020,regular,5,2020-10-03 20:00:00+00:00,52,Florida State,55,Jacksonville State,consensus,-27,,52.5,,,
401240126,2020,regular,3,2020-09-18 23:30:00+00:00,324,Coastal Carolina,2097,Campbell,consensus,-27.5,,60.5,,,
401237492,2020,regular,3,2020-09-19 20:00:00+00:00,228,Clemson,2643,The Citadel,consensus,-50.5,,57,,,
401215301,2020,regular,3,2020-09-19 16:00:00+00:00,2247,Georgia State,309,Louisiana,teamrankings,17,,57.5,,,
401215301,2020,regular,3,2020-09-19 16:00:00+00:00,2247,Georgia State,309,Louisiana,numberfire,17.5,,57.5,,,
401215301,2020,regular,3,2020-09-19 16:00:00+00:00,2247,Georgia State,309,Louisiana,consensus,17,,57.5,,,
401215301,2020,regular,3,2020-09-19 16:00:00+00:00,2247,Georgia State,309,Louisiana,Caesars,17,,57.5,,,
401240041,2020,regular,3,2020-09-19 19:30:00+00:00,2636,UTSA,2617,Stephen F. Austin,consensus,-18,,54.5,,,
401232157,2020,regular,4,2020-09-26 23:00:00+00:00,2348,Louisiana Tech,2277,Houston Christian,consensus,-23.5,,75.5,,,
401240114,2020,regular,6,2020-10-10 17:30:00+00:00,349,Army,2643,The Citadel,consensus,-30.5,,46.5,,,
401240114,2020,regular,6,2020-10-10 17:30:00+00:00,349,Army,2643,The Citadel,SugarHouse,-31,,46,,,
401246425,2020,regular,6,2020-10-10 19:30:00+00:00,2032,Arkansas State,2110,Central Arkansas,consensus,-15.5,,56,,,
401250783,2020,regular,8,2020-10-23 23:00:00+00:00,2229,Florida International,55,Jacksonville State,consensus,-10.5,,55.5,,,
401215311,2020,regular,7,2020-10-14 23:30:00+00:00,309,Louisiana,324,Coastal Carolina,teamrankings,-9,,58.5,,,
401215311,2020,regular,7,2020-10-14 23:30:00+00:00,309,Louisiana,324,Coastal Carolina,numberfire,-7.5,,49.5,,,
401215311,2020,regular,7,2020-10-14 23:30:00+00:00,309,Louisiana,324,Coastal Carolina,consensus,-9.5,,58.5,,,
401215311,2020,regular,7,2020-10-14 23:30:00+00:00,309,Louisiana,324,Coastal Carolina,SugarHouse,-9.5,,58.5,,,
401215311,2020,regular,7,2020-10-14 23:30:00+00:00,309,Louisiana,324,Coastal Carolina,Caesars,-9,,58.5,,,
401239885,2020,regular,3,2020-09-20 01:00:00+00:00,2638,UTEP,2000,Abilene Christian,consensus,-8.5,,47.5,,,
401212485,2020,regular,4,2020-09-26 23:00:00+00:00,2567,SMU,2617,Stephen F. Austin,consensus,-38.5,,63.5,,,
401207162,2020,regular,9,2020-10-31 16:00:00+00:00,2226,Florida Atlantic,2636,UTSA,teamrankings,-4.5,,47,,,
401207162,2020,regular,9,2020-10-31 16:00:00+00:00,2226,Florida Atlantic,2636,UTSA,numberfire,-4.5,,45.5,,,
401207162,2020,regular,9,2020-10-31 16:00:00+00:00,2226,Florida Atlantic,2636,UTSA,consensus,-5,,47,,,
401207162,2020,regular,9,2020-10-31 16:00:00+00:00,2226,Florida Atlantic,2636,UTSA,SugarHouse,-4.5,,46,,,
401207162,2020,regular,9,2020-10-31 16:00:00+00:00,2226,Florida Atlantic,2636,UTSA,Caesars,-5,,47,,,
401207218,2020,regular,11,2020-11-14 17:00:00+00:00,2335,Liberty,2717,Western Carolina,consensus,-39,,63,,,
401249854,2020,regular,16,2020-12-19 00:30:00+00:00,2084,Buffalo,2050,Ball State,teamrankings,-13,,69.5,,,
401249854,2020,regular,16,2020-12-19 00:30:00+00:00,2084,Buffalo,2050,Ball State,numberfire,-12.5,,69.5,,,
401249854,2020,regular,16,2020-12-19 00:30:00+00:00,2084,Buffalo,2050,Ball State,consensus,-12.5,,70,,,
401249854,2020,regular,16,2020-12-19 00:30:00+00:00,2084,Buffalo,2050,Ball State,William Hill (New Jersey),-12.5,,70,,,
401249434,2020,regular,16,2020-12-19 01:00:00+00:00,30,USC,2483,Oregon,teamrankings,-3,,65.5,,,
401249434,2020,regular,16,2020-12-19 01:00:00+00:00,30,USC,2483,Oregon,numberfire,-3.5,,65.5,,,
401249434,2020,regular,16,2020-12-19 01:00:00+00:00,30,USC,2483,Oregon,consensus,-3,,65.5,,,
401249434,2020,regular,16,2020-12-19 01:00:00+00:00,30,USC,2483,Oregon,William Hill (New Jersey),-3,,65.5,,,
401269382,2020,regular,16,2020-12-19 00:30:00+00:00,164,Rutgers,158,Nebraska,teamrankings,6.5,,51.5,,,
401269382,2020,regular,16,2020-12-19 00:30:00+00:00,164,Rutgers,158,Nebraska,numberfire,6.5,,52.5,,,
401269382,2020,regular,16,2020-12-19 00:30:00+00:00,164,Rutgers,158,Nebraska,consensus,6.5,,52,,,
401269382,2020,regular,16,2020-12-19 00:30:00+00:00,164,Rutgers,158,Nebraska,Caesars (Pennsylvania),6.5,,52,,,
401240101,2020,regular,16,2020-12-19 00:00:00+00:00,276,Marshall,5,UAB,teamrankings,-4.5,,44.5,,,
401240101,2020,regular,16,2020-12-19 00:00:00+00:00,276,Marshall,5,UAB,numberfire,-4.5,,43.5,,,
401240101,2020,regular,16,2020-12-19 00:00:00+00:00,276,Marshall,5,UAB,consensus,-4.5,,45,,,
401240101,2020,regular,16,2020-12-19 00:00:00+00:00,276,Marshall,5,UAB,William Hill (New Jersey),-4.5,,45,,,
401247325,2020,regular,12,2020-11-21 00:30:00+00:00,135,Minnesota,2509,Purdue,teamrankings,2.5,,60.5,,,
401247325,2020,regular,12,2020-11-21 00:30:00+00:00,135,Minnesota,2509,Purdue,numberfire,-0.5,,60.5,,,
401247325,2020,regular,12,2020-11-21 00:30:00+00:00,135,Minnesota,2509,Purdue,consensus,2.5,,61.5,,,
401247325,2020,regular,12,2020-11-21 00:30:00+00:00,135,Minnesota,2509,Purdue,Caesars,2,,61.5,,,
401248275,2020,regular,12,2020-11-21 21:00:00+00:00,258,Virginia,2000,Abilene Christian,consensus,-38.5,,61.5,,,
