game_id,season,season_type,week,start_date,home_team_id,home_team,away_team_id,away_team,provider,spread,spread_open,over_under,over_under_open,home_moneyline,away_moneyline
401411101,2022,regular,1,2022-09-06 00:00:00+00:00,59,Georgia Tech,228,Clemson,teamrankings,24.5,,51,,,
401411101,2022,regular,1,2022-09-06 00:00:00+00:00,59,Georgia Tech,228,Clemson,consensus,24.5,,51.5,,,
401411101,2022,regular,1,2022-09-06 00:00:00+00:00,59,Georgia Tech,228,Clemson,William Hill (New Jersey),24,,51.5,,,
401411101,2022,regular,1,2022-09-06 00:00:00+00:00,59,Georgia Tech,228,Clemson,Bovada,24.5,21,51.5,51,950,-2000
401423155,2022,regular,7,2022-10-15 18:00:00+00:00,2900,St. Thomas (MN),2181,Drake,consensus,-16.5,,45,,,
401423155,2022,regular,7,2022-10-15 18:00:00+00:00,2900,St. Thomas (MN),2181,Drake,William Hill (New Jersey),-16.5,,45,,,
401423453,2022,regular,7,2022-10-15 19:00:00+00:00,2011,Alabama State,2400,Mississippi Valley State,William Hill (New Jersey),-18,,37.5,,,
401418832,2022,regular,7,2022-10-15 19:00:00+00:00,2287,Illinois State,233,South Dakota,consensus,1.5,,40,,,
401418832,2022,regular,7,2022-10-15 19:00:00+00:00,2287,Illinois State,233,South Dakota,William Hill (New Jersey),1.5,,40,,,
401418840,2022,regular,7,2022-10-15 18:00:00+00:00,2754,Youngstown State,282,Indiana State,consensus,-12,,48,,,
401418840,2022,regular,7,2022-10-15 18:00:00+00:00,2754,Youngstown State,282,Indiana State,William Hill (New Jersey),-12.5,,48,,,
401425519,2022,regular,7,2022-10-15 19:00:00+00:00,79,Southern Illinois,2710,Western Illinois,William Hill (New Jersey),-25,,59.5,,,
401420834,2022,regular,7,2022-10-15 19:30:00+00:00,2449,North Dakota State,2571,South Dakota State,consensus,-4,,46,,,
401420834,2022,regular,7,2022-10-15 19:30:00+00:00,2449,North Dakota State,2571,South Dakota State,William Hill (New Jersey),-4,,46,,,
401421113,2022,regular,7,2022-10-15 18:00:00+00:00,2674,Valparaiso,2086,Butler,consensus,-10.5,,48.5,,,
401421113,2022,regular,7,2022-10-15 18:00:00+00:00,2674,Valparaiso,2086,Butler,William Hill (New Jersey),-10.5,,49.5,,,
401421160,2022,regular,7,2022-10-15 18:00:00+00:00,231,Furman,2717,Western Carolina,consensus,-9.5,,58.5,,,
401421160,2022,regular,7,2022-10-15 18:00:00+00:00,231,Furman,2717,Western Carolina,William Hill (New Jersey),-9.5,,58.5,,,
401404081,2022,regular,4,2022-09-25 00:00:00+00:00,201,Oklahoma,2306,Kansas State,teamrankings,-13.5,,53,,,
401404081,2022,regular,4,2022-09-25 00:00:00+00:00,201,Oklahoma,2306,Kansas State,consensus,-13.5,,53,,,
401404081,2022,regular,4,2022-09-25 00:00:00+00:00,201,Oklahoma,2306,Kansas State,William Hill (New Jersey),-13.5,,53,,,
401404081,2022,regular,4,2022-09-25 00:00:00+00:00,201,Oklahoma,2306,Kansas State,Bovada,-14,-13,53,53.5,-550,390
401403893,2022,regular,4,2022-09-24 23:00:00+00:00,245,Texas A&M,8,Arkansas,teamrankings,-1.5,,51,,,
401403893,2022,regular,4,2022-09-24 23:00:00+00:00,245,Texas A&M,8,Arkansas,consensus,-1.5,,51,,,
401403893,2022,regular,4,2022-09-24 23:00:00+00:00,245,Texas A&M,8,Arkansas,William Hill (New Jersey),-2,,51,,,
401403893,2022,regular,4,2022-09-24 23:00:00+00:00,245,Texas A&M,8,Arkansas,Bovada,-1,-2,51,48,-135,115
401404080,2022,regular,4,2022-09-24 16:00:00+00:00,66,Iowa State,239,Baylor,teamrankings,-2.5,,45,,,
401404080,2022,regular,4,2022-09-24 16:00:00+00:00,66,Iowa State,239,Baylor,consensus,-2.5,,45,,,
401404080,2022,regular,4,2022-09-24 16:00:00+00:00,66,Iowa State,239,Baylor,William Hill (New Jersey),-2.5,,45,,,
401404080,2022,regular,4,2022-09-24 16:00:00+00:00,66,Iowa State,239,Baylor,Bovada,-2.5,-1,45,44.5,-140,120
401404082,2022,regular,4,2022-09-24 19:30:00+00:00,2641,Texas Tech,251,Texas,teamrankings,7,,60,,,
401404082,2022,regular,4,2022-09-24 19:30:00+00:00,2641,Texas Tech,251,Texas,consensus,7,,60.5,,,
401404082,2022,regular,4,2022-09-24 19:30:00+00:00,2641,Texas Tech,251,Texas,William Hill (New Jersey),7,,60.5,,,
401404082,2022,regular,4,2022-09-24 19:30:00+00:00,2641,Texas Tech,251,Texas,Bovada,7,4.5,60,60.5,220,-270
401404079,2022,regular,4,2022-09-24 16:00:00+00:00,2305,Kansas,150,Duke,teamrankings,-7,,65.5,,,
401404079,2022,regular,4,2022-09-24 16:00:00+00:00,2305,Kansas,150,Duke,consensus,-7,,65.5,,,
401404079,2022,regular,4,2022-09-24 16:00:00+00:00,2305,Kansas,150,Duke,William Hill (New Jersey),-7,,65.5,,,
401404079,2022,regular,4,2022-09-24 16:00:00+00:00,2305,Kansas,150,Duke,Bovada,-7.5,-9,66,64,-330,265
401415642,2022,regular,8,2022-10-22 23:30:00+00:00,151,East Carolina,2116,UCF,teamrankings,5.5,,63,,,
401415642,2022,regular,8,2022-10-22 23:30:00+00:00,151,East Carolina,2116,UCF,consensus,5.5,,63.5,,,
401415642,2022,regular,8,2022-10-22 23:30:00+00:00,151,East Carolina,2116,UCF,William Hill (New Jersey),5,,63,,,
401415642,2022,regular,8,2022-10-22 23:30:00+00:00,151,East Carolina,2116,UCF,Bovada,6,4.5,63,64.5,175,-210
401416625,2022,regular,8,2022-10-22 18:00:00+00:00,195,Ohio,2459,Northern Illinois,teamrankings,2.5,,65.5,,,
401416625,2022,regular,8,2022-10-22 18:00:00+00:00,195,Ohio,2459,Northern Illinois,consensus,2.5,,65.5,,,
401416625,2022,regular,8,2022-10-22 18:00:00+00:00,195,Ohio,2459,Northern Illinois,William Hill (New Jersey),2.5,,66,,,
401416625,2022,regular,8,2022-10-22 18:00:00+00:00,195,Ohio,2459,Northern Illinois,Bovada,2.5,1.5,65.5,65.5,120,-140
401426355,2022,regular,8,2022-10-22 19:30:00+00:00,256,James Madison,276,Marshall,teamrankings,-9.5,,48.5,,,
401426355,2022,regular,8,2022-10-22 19:30:00+00:00,256,James Madison,276,Marshall,consensus,-9.5,,48.5,,,
401426355,2022,regular,8,2022-10-22 19:30:00+00:00,256,James Madison,276,Marshall,William Hill (New Jersey),-12.5,,50.5,,,
401426355,2022,regular,8,2022-10-22 19:30:00+00:00,256,James Madison,276,Marshall,Bovada,-9.5,-12.5,48.5,55,-340,270
401426357,2022,regular,8,2022-10-22 21:00:00+00:00,309,Louisiana,2032,Arkansas State,teamrankings,-6,,51,,,
401426357,2022,regular,8,2022-10-22 21:00:00+00:00,309,Louisiana,2032,Arkansas State,consensus,-6.5,,51,,,
401426357,2022,regular,8,2022-10-22 21:00:00+00:00,309,Louisiana,2032,Arkansas State,William Hill (New Jersey),-6.5,,51.5,,,
401426357,2022,regular,8,2022-10-22 21:00:00+00:00,309,Louisiana,2032,Arkansas State,Bovada,-6,-7,51.5,51.5,-250,210
401426358,2022,regular,8,2022-10-22 21:00:00+00:00,326,Texas State,2572,Southern Miss,teamrankings,2.5,,43,,,
401426358,2022,regular,8,2022-10-22 21:00:00+00:00,326,Texas State,2572,Southern Miss,consensus,2.5,,43,,,
401426358,2022,regular,8,2022-10-22 21:00:00+00:00,326,Texas State,2572,Southern Miss,William Hill (New Jersey),2.5,,43,,,
401426358,2022,regular,8,2022-10-22 21:00:00+00:00,326,Texas State,2572,Southern Miss,Bovada,2.5,1,43,45,110,-130
401416633,2022,regular,10,2022-11-01 23:30:00+00:00,195,Ohio,2084,Buffalo,teamrankings,2.5,,61,,,
401416633,2022,regular,10,2022-11-01 23:30:00+00:00,195,Ohio,2084,Buffalo,consensus,2.5,,61,,,
401416633,2022,regular,10,2022-11-01 23:30:00+00:00,195,Ohio,2084,Buffalo,William Hill (New Jersey),2.5,,60.5,,,
401416633,2022,regular,10,2022-11-01 23:30:00+00:00,195,Ohio,2084,Buffalo,Bovada,2.5,3,61.5,58.5,130,-150
401403920,2022,regular,7,2022-10-15 16:00:00+00:00,145,Ole Miss,2,Auburn,teamrankings,-15.5,,55.5,,,
401403920,2022,regular,7,2022-10-15 16:00:00+00:00,145,Ole Miss,2,Auburn,consensus,-15.5,,55,,,
401403920,2022,regular,7,2022-10-15 16:00:00+00:00,145,Ole Miss,2,Auburn,William Hill (New Jersey),-15,,55,,,
401403920,2022,regular,7,2022-10-15 16:00:00+00:00,145,Ole Miss,2,Auburn,Bovada,-15.5,-15.5,55,54.5,-700,475
401403917,2022,regular,7,2022-10-15 23:00:00+00:00,57,Florida,99,LSU,teamrankings,-2,,51.5,,,
401403917,2022,regular,7,2022-10-15 23:00:00+00:00,57,Florida,99,LSU,consensus,-2,,51.5,,,
401403917,2022,regular,7,2022-10-15 23:00:00+00:00,57,Florida,99,LSU,William Hill (New Jersey),-2,,51,,,
401403917,2022,regular,7,2022-10-15 23:00:00+00:00,57,Florida,99,LSU,Bovada,-2,-3,51.5,51.5,-135,115
401404140,2022,regular,8,2022-10-22 16:00:00+00:00,349,Army,2433,UL Monroe,teamrankings,-6.5,,55.5,,,
401404140,2022,regular,8,2022-10-22 16:00:00+00:00,349,Army,2433,UL Monroe,consensus,-6.5,,55.5,,,
401404140,2022,regular,8,2022-10-22 16:00:00+00:00,349,Army,2433,UL Monroe,William Hill (New Jersey),-6.5,,55.5,,,
401404140,2022,regular,8,2022-10-22 16:00:00+00:00,349,Army,2433,UL Monroe,Bovada,-6.5,-7.5,56,56,-280,230
401416628,2022,regular,8,2022-10-22 16:00:00+00:00,2309,Kent State,2006,Akron,teamrankings,-16,,65,,,
401416628,2022,regular,8,2022-10-22 16:00:00+00:00,2309,Kent State,2006,Akron,consensus,-15.5,,65,,,
401416628,2022,regular,8,2022-10-22 16:00:00+00:00,2309,Kent State,2006,Akron,William Hill (New Jersey),-15,,65,,,
401416628,2022,regular,8,2022-10-22 16:00:00+00:00,2309,Kent State,2006,Akron,Bovada,-16,-19.5,65,67,-800,525
401416634,2022,regular,10,2022-11-02 23:00:00+00:00,2459,Northern Illinois,2117,Central Michigan,teamrankings,-4.5,,54,,,
401416634,2022,regular,10,2022-11-02 23:00:00+00:00,2459,Northern Illinois,2117,Central Michigan,consensus,-4.5,,53.5,,,
401416634,2022,regular,10,2022-11-02 23:00:00+00:00,2459,Northern Illinois,2117,Central Michigan,William Hill (New Jersey),-6,,57,,,
401416634,2022,regular,10,2022-11-02 23:00:00+00:00,2459,Northern Illinois,2117,Central Michigan,Bovada,-4.5,-4,54,55.5,-210,175
401416626,2022,regular,8,2022-10-22 17:00:00+00:00,2084,Buffalo,2649,Toledo,teamrankings,7,,56,,,
401416626,2022,regular,8,2022-10-22 17:00:00+00:00,2084,Buffalo,2649,Toledo,consensus,7,,56,,,
401416626,2022,regular,8,2022-10-22 17:00:00+00:00,2084,Buffalo,2649,Toledo,William Hill (New Jersey),7.5,,56,,,
401416626,2022,regular,8,2022-10-22 17:00:00+00:00,2084,Buffalo,2649,Toledo,Bovada,7,7.5,56,62,250,-300
401416629,2022,regular,8,2022-10-22 17:00:00+00:00,2117,Central Michigan,189,Bowling Green,teamrankings,-6,,50.5,,,
401416629,2022,regular,8,2022-10-22 17:00:00+00:00,2117,Central Michigan,189,Bowling Green,consensus,-6.5,,50.5,,,
401416629,2022,regular,8,2022-10-22 17:00:00+00:00,2117,Central Michigan,189,Bowling Green,William Hill (New Jersey),-6,,50.5,,,
401416629,2022,regular,8,2022-10-22 17:00:00+00:00,2117,Central Michigan,189,Bowling Green,Bovada,-5.5,-7.5,51,50.5,-250,210
401416624,2022,regular,8,2022-10-22 18:00:00+00:00,2050,Ball State,2199,Eastern Michigan,consensus,-2.5,,57.5,,,
401416624,2022,regular,8,2022-10-22 18:00:00+00:00,2050,Ball State,2199,Eastern Michigan,William Hill (New Jersey),-2.5,,57.5,,,
401416624,2022,regular,8,2022-10-22 18:00:00+00:00,2050,Ball State,2199,Eastern Michigan,teamrankings,-2.5,,57.5,,,
401416624,2022,regular,8,2022-10-22 18:00:00+00:00,2050,Ball State,2199,Eastern Michigan,Bovada,-2.5,-3,57.5,57.5,-135,115
401462224,2022,regular,8,2022-10-22 20:00:00+00:00,2447,Nicholls,2377,McNeese,consensus,-2.5,,54.5,,,
401462224,2022,regular,8,2022-10-22 20:00:00+00:00,2447,Nicholls,2377,McNeese,William Hill (New Jersey),-2.5,,54.5,,,
401426604,2022,regular,11,2022-11-13 00:00:00+00:00,2229,Florida International,2226,Florida Atlantic,teamrankings,15,,54.5,,,
401426604,2022,regular,11,2022-11-13 00:00:00+00:00,2229,Florida International,2226,Florida Atlantic,consensus,15.5,,54.5,,,
401426604,2022,regular,11,2022-11-13 00:00:00+00:00,2229,Florida International,2226,Florida Atlantic,William Hill (New Jersey),15.5,,54.5,,,
401426604,2022,regular,11,2022-11-13 00:00:00+00:00,2229,Florida International,2226,Florida Atlantic,Bovada,15,15,54.5,54,500,-750
401415217,2022,regular,3,2022-09-17 00:00:00+00:00,2751,Wyoming,2005,Air Force,teamrankings,16.5,,47,,,
401415217,2022,regular,3,2022-09-17 00:00:00+00:00,2751,Wyoming,2005,Air Force,consensus,16.5,,47,,,
401415217,2022,regular,3,2022-09-17 00:00:00+00:00,2751,Wyoming,2005,Air Force,William Hill (New Jersey),16.5,,47,,,
401415217,2022,regular,3,2022-09-17 00:00:00+00:00,2751,Wyoming,2005,Air Force,Bovada,17,15,47,50,500,-750
401426254,2022,regular,11,2022-11-12 18:00:00+00:00,47,Howard,2569,South Carolina State,William Hill (New Jersey),-2.5,,54.5,,,
401405088,2022,regular,3,2022-09-17 23:00:00+00:00,194,Ohio State,2649,Toledo,teamrankings,-34.5,,63,,,
401405088,2022,regular,3,2022-09-17 23:00:00+00:00,194,Ohio State,2649,Toledo,consensus,-31,,63,,,
401405088,2022,regular,3,2022-09-17 23:00:00+00:00,194,Ohio State,2649,Toledo,William Hill (New Jersey),-31,,63,,,
401405088,2022,regular,3,2022-09-17 23:00:00+00:00,194,Ohio State,2649,Toledo,Bovada,-32,-31.5,63,61,,
401426556,2022,regular,3,2022-09-18 00:00:00+00:00,228,Clemson,2348,Louisiana Tech,teamrankings,-33.5,,53.5,,,
401426556,2022,regular,3,2022-09-18 00:00:00+00:00,228,Clemson,2348,Louisiana Tech,consensus,-33.5,,53.5,,,
401426556,2022,regular,3,2022-09-18 00:00:00+00:00,228,Clemson,2348,Louisiana Tech,William Hill (New Jersey),-33.5,,53.5,,,
401426556,2022,regular,3,2022-09-18 00:00:00+00:00,228,Clemson,2348,Louisiana Tech,Bovada,-33.5,-32,54,54.5,,
401411115,2022,regular,3,2022-09-17 23:30:00+00:00,2711,Western Michigan,221,Pittsburgh,teamrankings,10,,46,,,
401411115,2022,regular,3,2022-09-17 23:30:00+00:00,2711,Western Michigan,221,Pittsburgh,consensus,10,,46,,,
401411115,2022,regular,3,2022-09-17 23:30:00+00:00,2711,Western Michigan,221,Pittsburgh,William Hill (New Jersey),10,,46,,,
401411115,2022,regular,3,2022-09-17 23:30:00+00:00,2711,Western Michigan,221,Pittsburgh,Bovada,10.5,10,46,54.5,315,-420
401416601,2022,regular,3,2022-09-17 17:00:00+00:00,324,Coastal Carolina,2084,Buffalo,teamrankings,-12,,60,,,
401416601,2022,regular,3,2022-09-17 17:00:00+00:00,324,Coastal Carolina,2084,Buffalo,consensus,-12,,59.5,,,
401416601,2022,regular,3,2022-09-17 17:00:00+00:00,324,Coastal Carolina,2084,Buffalo,William Hill (New Jersey),-12,,59.5,,,
401416601,2022,regular,3,2022-09-17 17:00:00+00:00,324,Coastal Carolina,2084,Buffalo,Bovada,-11.5,-18.5,60,58,-500,360
401405089,2022,regular,3,2022-09-17 18:00:00+00:00,218,Temple,164,Rutgers,teamrankings,18,,42.5,,,
401405089,2022,regular,3,2022-09-17 18:00:00+00:00,218,Temple,164,Rutgers,consensus,18,,42.5,,,
401405089,2022,regular,3,2022-09-17 18:00:00+00:00,218,Temple,164,Rutgers,Caesars Sportsbook (Colorado),18,,43.5,,,
401405089,2022,regular,3,2022-09-17 18:00:00+00:00,218,Temple,164,Rutgers,Bovada,18,17,43,44.5,625,-1000
401411113,2022,regular,3,2022-09-17 18:00:00+00:00,258,Virginia,295,Old Dominion,teamrankings,-8,,52.5,,,
401411113,2022,regular,3,2022-09-17 18:00:00+00:00,258,Virginia,295,Old Dominion,consensus,-8.5,,52.5,,,
401411113,2022,regular,3,2022-09-17 18:00:00+00:00,258,Virginia,295,Old Dominion,William Hill (New Jersey),-8.5,,53.5,,,
401411113,2022,regular,3,2022-09-17 18:00:00+00:00,258,Virginia,295,Old Dominion,Bovada,-8,-10.5,52,53,-330,265
401403987,2022,regular,3,2022-09-17 18:30:00+00:00,87,Notre Dame,25,California,teamrankings,-13.5,,41.5,,,
401403987,2022,regular,3,2022-09-17 18:30:00+00:00,87,Notre Dame,25,California,consensus,-13.5,,41,,,
401403987,2022,regular,3,2022-09-17 18:30:00+00:00,87,Notre Dame,25,California,William Hill (New Jersey),-13.5,,41,,,
401403987,2022,regular,3,2022-09-17 18:30:00+00:00,87,Notre Dame,25,California,Bovada,-13.5,-12.5,41,43,-480,350
401426558,2022,regular,3,2022-09-17 19:00:00+00:00,2439,UNLV,249,North Texas,teamrankings,-2.5,,62.5,,,
401426558,2022,regular,3,2022-09-17 19:00:00+00:00,2439,UNLV,249,North Texas,consensus,-2.5,,62.5,,,
401426558,2022,regular,3,2022-09-17 19:00:00+00:00,2439,UNLV,249,North Texas,William Hill (New Jersey),-2.5,,62.5,,,
401426558,2022,regular,3,2022-09-17 19:00:00+00:00,2439,UNLV,249,North Texas,Bovada,-2.5,-2.5,62.5,57.5,-135,115
401403988,2022,regular,3,2022-09-17 19:30:00+00:00,135,Minnesota,38,Colorado,teamrankings,-28,,47.5,,,
401403988,2022,regular,3,2022-09-17 19:30:00+00:00,135,Minnesota,38,Colorado,consensus,-28,,47.5,,,
401403988,2022,regular,3,2022-09-17 19:30:00+00:00,135,Minnesota,38,Colorado,William Hill (New Jersey),-28,,47.5,,,
401403988,2022,regular,3,2022-09-17 19:30:00+00:00,135,Minnesota,38,Colorado,Bovada,-28,-27,47.5,46.5,-6500,1350
401426333,2022,regular,3,2022-09-17 19:30:00+00:00,2026,App State,2653,Troy,teamrankings,-14,,52,,,
401426333,2022,regular,3,2022-09-17 19:30:00+00:00,2026,App State,2653,Troy,consensus,-14,,52,,,
401426333,2022,regular,3,2022-09-17 19:30:00+00:00,2026,App State,2653,Troy,William Hill (New Jersey),-14,,52,,,
401426333,2022,regular,3,2022-09-17 19:30:00+00:00,2026,App State,2653,Troy,Bovada,-14,-13,52,54.5,-550,390
401426560,2022,regular,3,2022-09-17 19:30:00+00:00,5,UAB,290,Georgia Southern,teamrankings,-11.5,,59,,,
401426560,2022,regular,3,2022-09-17 19:30:00+00:00,5,UAB,290,Georgia Southern,consensus,-11.5,,59,,,
401426560,2022,regular,3,2022-09-17 19:30:00+00:00,5,UAB,290,Georgia Southern,William Hill (New Jersey),-11.5,,59,,,
401426560,2022,regular,3,2022-09-17 19:30:00+00:00,5,UAB,290,Georgia Southern,Bovada,-11.5,-12,59.5,56,-440,330
401415029,2022,regular,3,2022-09-17 21:00:00+00:00,189,Bowling Green,276,Marshall,teamrankings,17,,50,,,
401415029,2022,regular,3,2022-09-17 21:00:00+00:00,189,Bowling Green,276,Marshall,consensus,17,,50,,,
401415029,2022,regular,3,2022-09-17 21:00:00+00:00,189,Bowling Green,276,Marshall,William Hill (New Jersey),17,,50,,,
401415029,2022,regular,3,2022-09-17 21:00:00+00:00,189,Bowling Green,276,Marshall,Bovada,17,18.5,50,53.5,500,-750
401426554,2022,regular,3,2022-09-17 23:00:00+00:00,2247,Georgia State,2429,Charlotte,teamrankings,-19.5,,64,,,
401426554,2022,regular,3,2022-09-17 23:00:00+00:00,2247,Georgia State,2429,Charlotte,consensus,-19.5,,63.5,,,
401426554,2022,regular,3,2022-09-17 23:00:00+00:00,2247,Georgia State,2429,Charlotte,William Hill (New Jersey),-19.5,,63.5,,,
401426554,2022,regular,3,2022-09-17 23:00:00+00:00,2247,Georgia State,2429,Charlotte,Bovada,-19.5,-19.5,64,60.5,-1500,775
401426555,2022,regular,3,2022-09-17 23:30:00+00:00,2226,Florida Atlantic,2116,UCF,teamrankings,7.5,,61.5,,,
401426555,2022,regular,3,2022-09-17 23:30:00+00:00,2226,Florida Atlantic,2116,UCF,consensus,7.5,,61.5,,,
401426555,2022,regular,3,2022-09-17 23:30:00+00:00,2226,Florida Atlantic,2116,UCF,William Hill (New Jersey),7.5,,61.5,,,
401426555,2022,regular,3,2022-09-17 23:30:00+00:00,2226,Florida Atlantic,2116,UCF,Bovada,7.5,9.5,61.5,58.5,240,-290
401403986,2022,regular,3,2022-09-18 03:00:00+00:00,9,Arizona State,2199,Eastern Michigan,teamrankings,-20.5,,56.5,,,
401403986,2022,regular,3,2022-09-18 03:00:00+00:00,9,Arizona State,2199,Eastern Michigan,consensus,-20.5,,56.5,,,
401403986,2022,regular,3,2022-09-18 03:00:00+00:00,9,Arizona State,2199,Eastern Michigan,William Hill (New Jersey),-20.5,,56,,,
401403986,2022,regular,3,2022-09-18 03:00:00+00:00,9,Arizona State,2199,Eastern Michigan,Bovada,-20.5,-19.5,56.5,57.5,-1300,725
401426366,2022,regular,10,2022-11-05 18:00:00+00:00,295,Old Dominion,276,Marshall,teamrankings,3.5,,46.5,,,
401426366,2022,regular,10,2022-11-05 18:00:00+00:00,295,Old Dominion,276,Marshall,consensus,3.5,,46.5,,,
401426366,2022,regular,10,2022-11-05 18:00:00+00:00,295,Old Dominion,276,Marshall,William Hill (New Jersey),3.5,,47,,,
401426366,2022,regular,10,2022-11-05 18:00:00+00:00,295,Old Dominion,276,Marshall,Bovada,3.5,2.5,46.5,46,115,-135
401426369,2022,regular,10,2022-11-05 19:00:00+00:00,2572,Southern Miss,2247,Georgia State,teamrankings,-2,,47.5,,,
401426369,2022,regular,10,2022-11-05 19:00:00+00:00,2572,Southern Miss,2247,Georgia State,consensus,-2,,48,,,
401426369,2022,regular,10,2022-11-05 19:00:00+00:00,2572,Southern Miss,2247,Georgia State,William Hill (New Jersey),-2,,48,,,
401426369,2022,regular,10,2022-11-05 19:00:00+00:00,2572,Southern Miss,2247,Georgia State,Bovada,-2.5,-2.5,48,50.5,-135,115
401426365,2022,regular,10,2022-11-05 20:00:00+00:00,290,Georgia Southern,6,South Alabama,teamrankings,3.5,,60.5,,,
401426365,2022,regular,10,2022-11-05 20:00:00+00:00,290,Georgia Southern,6,South Alabama,consensus,3.5,,60.5,,,
401426365,2022,regular,10,2022-11-05 20:00:00+00:00,290,Georgia Southern,6,South Alabama,William Hill (New Jersey),3.5,,60.5,,,
401426365,2022,regular,10,2022-11-05 20:00:00+00:00,290,Georgia Southern,6,South Alabama,Bovada,3.5,5,60.5,60,170,-200
401426367,2022,regular,10,2022-11-05 21:00:00+00:00,309,Louisiana,2653,Troy,teamrankings,3.5,,42.5,,,
401426367,2022,regular,10,2022-11-05 21:00:00+00:00,309,Louisiana,2653,Troy,consensus,3.5,,42.5,,,
401426367,2022,regular,10,2022-11-05 21:00:00+00:00,309,Louisiana,2653,Troy,William Hill (New Jersey),3.5,,42.5,,,
401426367,2022,regular,10,2022-11-05 21:00:00+00:00,309,Louisiana,2653,Troy,Bovada,3.5,4,42.5,43,155,-180
401426368,2022,regular,10,2022-11-05 21:00:00+00:00,2433,UL Monroe,326,Texas State,teamrankings,-2.5,,52.5,,,
401426368,2022,regular,10,2022-11-05 21:00:00+00:00,2433,UL Monroe,326,Texas State,consensus,-2.5,,52.5,,,
401426368,2022,regular,10,2022-11-05 21:00:00+00:00,2433,UL Monroe,326,Texas State,William Hill (New Jersey),-3,,52.5,,,
401426368,2022,regular,10,2022-11-05 21:00:00+00:00,2433,UL Monroe,326,Texas State,Bovada,-2.5,0,52.5,52,,-120
401415622,2022,regular,3,2022-09-17 23:00:00+00:00,235,Memphis,2032,Arkansas State,teamrankings,-14.5,,64,,,
401415622,2022,regular,3,2022-09-17 23:00:00+00:00,235,Memphis,2032,Arkansas State,consensus,-14.5,,64.5,,,
401415622,2022,regular,3,2022-09-17 23:00:00+00:00,235,Memphis,2032,Arkansas State,William Hill (New Jersey),-14.5,,64,,,
401415622,2022,regular,3,2022-09-17 23:00:00+00:00,235,Memphis,2032,Arkansas State,Bovada,-14.5,-13.5,64,62,-600,425
401426559,2022,regular,3,2022-09-17 23:30:00+00:00,242,Rice,309,Louisiana,teamrankings,11.5,,52,,,
401426559,2022,regular,3,2022-09-17 23:30:00+00:00,242,Rice,309,Louisiana,consensus,11.5,,52,,,
401426559,2022,regular,3,2022-09-17 23:30:00+00:00,242,Rice,309,Louisiana,William Hill (New Jersey),12,,52,,,
401426559,2022,regular,3,2022-09-17 23:30:00+00:00,242,Rice,309,Louisiana,Bovada,11.5,11.5,52,53,315,-420
401428195,2022,regular,11,2022-11-12 18:00:00+00:00,2097,Campbell,2241,Gardner-Webb,William Hill (New Jersey),2,,61.5,,,
401420808,2022,regular,4,2022-09-24 19:00:00+00:00,2623,Missouri State,2571,South Dakota State,William Hill (New Jersey),2,,52.5,,,
401420816,2022,regular,4,2022-09-24 19:00:00+00:00,79,Southern Illinois,155,North Dakota,consensus,-4,,60,,,
401420816,2022,regular,4,2022-09-24 19:00:00+00:00,79,Southern Illinois,155,North Dakota,William Hill (New Jersey),-4,,60,,,
401420842,2022,regular,4,2022-09-24 23:00:00+00:00,2630,UT Martin,2815,Lindenwood,William Hill (New Jersey),-27.5,,51.5,,,
401424366,2022,regular,4,2022-09-24 19:30:00+00:00,2729,William & Mary,2210,Elon,consensus,-6.5,,50,,,
401424366,2022,regular,4,2022-09-24 19:30:00+00:00,2729,William & Mary,2210,Elon,William Hill (New Jersey),-6.5,,50,,,
401424405,2022,regular,4,2022-09-24 19:30:00+00:00,222,Villanova,2405,Monmouth,consensus,-10.5,,60.5,,,
401424955,2022,regular,4,2022-09-24 18:00:00+00:00,2296,Jackson State,2400,Mississippi Valley State,consensus,-40,,51.5,,,
401424955,2022,regular,4,2022-09-24 18:00:00+00:00,2296,Jackson State,2400,Mississippi Valley State,William Hill (New Jersey),-40,,52,,,
401424429,2022,regular,4,2022-09-24 19:30:00+00:00,399,UAlbany,2115,Central Connecticut,consensus,-17,,48,,,
401424429,2022,regular,4,2022-09-24 19:30:00+00:00,399,UAlbany,2115,Central Connecticut,William Hill (New Jersey),-17,,48,,,
401425452,2022,regular,4,2022-09-24 19:00:00+00:00,2546,Southeast Missouri State,2110,Central Arkansas,William Hill (New Jersey),-4,,57,,,
401435075,2022,regular,4,2022-09-24 18:00:00+00:00,2169,Delaware State,2771,Merrimack,consensus,6,,46.5,,,
401435075,2022,regular,4,2022-09-24 18:00:00+00:00,2169,Delaware State,2771,Merrimack,William Hill (New Jersey),6,,45.5,,,
401422992,2022,regular,9,2022-10-29 16:30:00+00:00,322,Lafayette,46,Georgetown,consensus,-10.5,,43,,,
401422992,2022,regular,9,2022-10-29 16:30:00+00:00,322,Lafayette,46,Georgetown,William Hill (New Jersey),-10,,43,,,
401423141,2022,regular,9,2022-10-29 16:00:00+00:00,2086,Butler,2413,Morehead State,consensus,-8.5,,58.5,,,
401423141,2022,regular,9,2022-10-29 16:00:00+00:00,2086,Butler,2413,Morehead State,William Hill (New Jersey),-8.5,,58.5,,,
401418787,2022,regular,7,2022-10-15 20:30:00+00:00,2000,Abilene Christian,253,Southern Utah,William Hill (New Jersey),-7,,53.5,,,
401420835,2022,regular,10,2022-11-05 21:00:00+00:00,2460,Northern Iowa,2571,South Dakota State,consensus,10.5,,49.5,,,
401420835,2022,regular,10,2022-11-05 21:00:00+00:00,2460,Northern Iowa,2571,South Dakota State,William Hill (New Jersey),10.5,,49.5,,,
401420838,2022,regular,10,2022-11-05 18:00:00+00:00,2710,Western Illinois,2449,North Dakota State,consensus,29.5,,46.5,,,
401420838,2022,regular,10,2022-11-05 18:00:00+00:00,2710,Western Illinois,2449,North Dakota State,William Hill (New Jersey),29.5,,46,,,
401403978,2022,regular,2,2022-09-11 00:30:00+00:00,2483,Oregon,331,Eastern Washington,consensus,-27.5,,69.5,,,
401403978,2022,regular,2,2022-09-11 00:30:00+00:00,2483,Oregon,331,Eastern Washington,William Hill (New Jersey),-26.5,,69.5,,,
401403914,2022,regular,6,2022-10-08 16:00:00+00:00,344,Mississippi State,8,Arkansas,teamrankings,-8,,55.5,,,
401403914,2022,regular,6,2022-10-08 16:00:00+00:00,344,Mississippi State,8,Arkansas,consensus,-8.5,,55.5,,,
401403914,2022,regular,6,2022-10-08 16:00:00+00:00,344,Mississippi State,8,Arkansas,William Hill (New Jersey),-8.5,,55.5,,,
401403914,2022,regular,6,2022-10-08 16:00:00+00:00,344,Mississippi State,8,Arkansas,Bovada,-8.5,-6,55.5,62,-320,260
401411114,2022,regular,3,2022-09-17 15:00:00+00:00,259,Virginia Tech,2747,Wofford,consensus,-38.5,,45.5,,,
401411114,2022,regular,3,2022-09-17 15:00:00+00:00,259,Virginia Tech,2747,Wofford,William Hill (New Jersey),-40,,45.5,,,
401411114,2022,regular,3,2022-09-17 15:00:00+00:00,259,Virginia Tech,2747,Wofford,Bovada,-39,-37,45,45,,
401411163,2022,regular,11,2022-11-12 17:00:00+00:00,258,Virginia,221,Pittsburgh,teamrankings,5.5,,41.5,,,
401411163,2022,regular,11,2022-11-12 17:00:00+00:00,258,Virginia,221,Pittsburgh,consensus,5.5,,41.5,,,
401411163,2022,regular,11,2022-11-12 17:00:00+00:00,258,Virginia,221,Pittsburgh,William Hill (New Jersey),5.5,,41.5,,,
401411163,2022,regular,11,2022-11-12 17:00:00+00:00,258,Virginia,221,Pittsburgh,Bovada,5.5,4.5,41.5,41.5,170,-200
401424400,2022,regular,10,2022-11-05 18:00:00+00:00,2210,Elon,399,UAlbany,consensus,-11,,52.5,,,
401424400,2022,regular,10,2022-11-05 18:00:00+00:00,2210,Elon,399,UAlbany,William Hill (New Jersey),-11,,52,,,
401418609,2022,regular,1,2022-09-03 23:00:00+00:00,2046,Austin Peay,2506,Presbyterian,consensus,-36,,61.5,,,
401418609,2022,regular,1,2022-09-03 23:00:00+00:00,2046,Austin Peay,2506,Presbyterian,William Hill (New Jersey),-36,,61.5,,,
401420822,2022,regular,1,2022-09-03 18:00:00+00:00,2754,Youngstown State,2184,Duquesne,consensus,-16.5,,54,,,
401420822,2022,regular,1,2022-09-03 18:00:00+00:00,2754,Youngstown State,2184,Duquesne,William Hill (New Jersey),-16.5,,53.5,,,
401420836,2022,regular,1,2022-09-03 19:30:00+00:00,2449,North Dakota State,2181,Drake,consensus,-48,,52,,,
401420836,2022,regular,1,2022-09-03 19:30:00+00:00,2449,North Dakota State,2181,Drake,William Hill (New Jersey),-48,,52,,,
401420846,2022,regular,1,2022-09-03 23:00:00+00:00,2916,Incarnate Word,79,Southern Illinois,consensus,4.5,,65,,,
401420846,2022,regular,1,2022-09-03 23:00:00+00:00,2916,Incarnate Word,79,Southern Illinois,William Hill (New Jersey),5,,65,,,
401424417,2022,regular,1,2022-09-03 22:00:00+00:00,2261,Hampton,47,Howard,consensus,-9,,58,,,
401424417,2022,regular,1,2022-09-03 22:00:00+00:00,2261,Hampton,47,Howard,William Hill (New Jersey),-9,,58,,,
401428336,2022,regular,1,2022-09-03 16:00:00+00:00,2523,Robert Morris,2168,Dayton,William Hill (New Jersey),-1.5,,59.5,,,
401422975,2022,regular,1,2022-09-03 16:00:00+00:00,2127,Charleston Southern,2717,Western Carolina,consensus,3,,63.5,,,
401422975,2022,regular,1,2022-09-03 16:00:00+00:00,2127,Charleston Southern,2717,Western Carolina,William Hill (New Jersey),3,,63,,,
401422987,2022,regular,1,2022-09-03 16:30:00+00:00,322,Lafayette,2529,Sacred Heart,consensus,6.5,,36.5,,,
401422987,2022,regular,1,2022-09-03 16:30:00+00:00,322,Lafayette,2529,Sacred Heart,William Hill (New Jersey),6.5,,36.5,,,
401413203,2022,regular,1,2022-09-03 22:00:00+00:00,236,Chattanooga,2747,Wofford,consensus,-18.5,,42,,,
401413203,2022,regular,1,2022-09-03 22:00:00+00:00,236,Chattanooga,2747,Wofford,William Hill (New Jersey),-19,,42,,,
401416645,2022,regular,12,2022-11-17 01:00:00+00:00,2117,Central Michigan,2711,Western Michigan,teamrankings,-10,,49,,,
401416645,2022,regular,12,2022-11-17 01:00:00+00:00,2117,Central Michigan,2711,Western Michigan,consensus,-10,,48.5,,,
401416645,2022,regular,12,2022-11-17 01:00:00+00:00,2117,Central Michigan,2711,Western Michigan,William Hill (New Jersey),-10,,48.5,,,
401416645,2022,regular,12,2022-11-17 01:00:00+00:00,2117,Central Michigan,2711,Western Michigan,Bovada,-10,-9.5,49,50,-380,290
401413214,2022,regular,1,2022-09-03 18:00:00+00:00,55,Jacksonville State,2166,Davidson,William Hill (New Jersey),-26.5,,61.5,,,
401424428,2022,regular,4,2022-09-24 18:00:00+00:00,257,Richmond,2619,Stony Brook,William Hill (New Jersey),-14.5,,47.5,,,
401425090,2022,regular,4,2022-09-24 17:00:00+00:00,2674,Valparaiso,301,San Diego,consensus,7.5,,50.5,,,
401425090,2022,regular,4,2022-09-24 17:00:00+00:00,2674,Valparaiso,301,San Diego,William Hill (New Jersey),7.5,,50.5,,,
401423413,2022,regular,3,2022-09-17 17:00:00+00:00,56,Stetson,163,Princeton,consensus,33.5,,56.5,,,
401423413,2022,regular,3,2022-09-17 17:00:00+00:00,56,Stetson,163,Princeton,Bovada,33.5,33.5,56,56,,
401421098,2022,regular,7,2022-10-15 21:00:00+00:00,301,San Diego,2506,Presbyterian,consensus,-27.5,,56,,,
401421098,2022,regular,7,2022-10-15 21:00:00+00:00,301,San Diego,2506,Presbyterian,William Hill (New Jersey),-28,,58,,,
401424424,2022,regular,3,2022-09-17 17:00:00+00:00,227,Rhode Island,48,Delaware,consensus,-3,,47,,,
401424424,2022,regular,3,2022-09-17 17:00:00+00:00,227,Rhode Island,48,Delaware,William Hill (New Jersey),-3,,47,,,
401424424,2022,regular,3,2022-09-17 17:00:00+00:00,227,Rhode Island,48,Delaware,Bovada,-3,-3,44,43,,
401424404,2022,regular,3,2022-09-17 17:00:00+00:00,2405,Monmouth,46,Georgetown,Caesars Sportsbook (Colorado),-17.5,,54,,,
401424404,2022,regular,3,2022-09-17 17:00:00+00:00,2405,Monmouth,46,Georgetown,Bovada,-17.5,-17.5,55,55,,
401424425,2022,regular,3,2022-09-17 17:00:00+00:00,2230,Fordham,399,UAlbany,William Hill (New Jersey),-8.5,,61.5,,,
401424425,2022,regular,3,2022-09-17 17:00:00+00:00,2230,Fordham,399,UAlbany,Bovada,-7.5,-7.5,61,61,,
401425456,2022,regular,3,2022-09-17 21:00:00+00:00,2460,Northern Iowa,16,Sacramento State,consensus,-2.5,,53,,,
401425456,2022,regular,3,2022-09-17 21:00:00+00:00,2460,Northern Iowa,16,Sacramento State,William Hill (New Jersey),-2,,53,,,
401413335,2022,regular,3,2022-09-17 17:00:00+00:00,282,Indiana State,149,Montana,consensus,24.5,,39,,,
401413335,2022,regular,3,2022-09-17 17:00:00+00:00,282,Indiana State,149,Montana,William Hill (New Jersey),24.5,,40,,,
401413335,2022,regular,3,2022-09-17 17:00:00+00:00,282,Indiana State,149,Montana,Bovada,25,25,39,39,,
401415404,2022,regular,3,2022-09-17 17:30:00+00:00,2678,VMI,172,Cornell,consensus,-14.5,,54.5,,,
401415404,2022,regular,3,2022-09-17 17:30:00+00:00,2678,VMI,172,Cornell,William Hill (New Jersey),-14.5,,54.5,,,
401415404,2022,regular,3,2022-09-17 17:30:00+00:00,2678,VMI,172,Cornell,Bovada,-14.5,-15,54.5,54.5,,
401424954,2022,regular,3,2022-09-17 18:00:00+00:00,2296,Jackson State,2755,Grambling,consensus,-28.5,,44.5,,,
401424954,2022,regular,3,2022-09-17 18:00:00+00:00,2296,Jackson State,2755,Grambling,William Hill (New Jersey),-28.5,,44.5,,,
401425413,2022,regular,3,2022-09-17 18:00:00+00:00,107,Holy Cross,43,Yale,consensus,-8.5,,52.5,,,
401425413,2022,regular,3,2022-09-17 18:00:00+00:00,107,Holy Cross,43,Yale,William Hill (New Jersey),-8.5,,51.5,,,
401404131,2022,regular,11,2022-11-12 17:00:00+00:00,2426,Navy,87,Notre Dame,teamrankings,17,,40.5,,,
401404131,2022,regular,11,2022-11-12 17:00:00+00:00,2426,Navy,87,Notre Dame,consensus,17,,40.5,,,
401404131,2022,regular,11,2022-11-12 17:00:00+00:00,2426,Navy,87,Notre Dame,William Hill (New Jersey),16.5,,40.5,,,
401404131,2022,regular,11,2022-11-12 17:00:00+00:00,2426,Navy,87,Notre Dame,Bovada,17,17,40.5,42.5,575,-900
401420824,2022,regular,5,2022-10-01 18:00:00+00:00,2449,North Dakota State,2754,Youngstown State,William Hill (New Jersey),-23,,53,,,
401424395,2022,regular,5,2022-10-01 18:00:00+00:00,2210,Elon,257,Richmond,consensus,2,,55,,,
401424395,2022,regular,5,2022-10-01 18:00:00+00:00,2210,Elon,257,Richmond,William Hill (New Jersey),2,,55,,,
401421159,2022,regular,5,2022-10-01 18:00:00+00:00,231,Furman,2535,Samford,consensus,-2,,53.5,,,
401421159,2022,regular,5,2022-10-01 18:00:00+00:00,231,Furman,2535,Samford,William Hill (New Jersey),-2,,53.5,,,
401420833,2022,regular,5,2022-10-01 19:00:00+00:00,2571,South Dakota State,2710,Western Illinois,consensus,-34.5,,56.5,,,
401420833,2022,regular,5,2022-10-01 19:00:00+00:00,2571,South Dakota State,2710,Western Illinois,William Hill (New Jersey),-34.5,,56.5,,,
401422973,2022,regular,5,2022-10-01 19:30:00+00:00,2717,Western Carolina,2678,VMI,consensus,-7.5,,66.5,,,
401422973,2022,regular,5,2022-10-01 19:30:00+00:00,2717,Western Carolina,2678,VMI,William Hill (New Jersey),-7.5,,66.5,,,
401424430,2022,regular,5,2022-10-01 19:30:00+00:00,48,Delaware,119,Towson,consensus,-26.5,,44.5,,,
401424430,2022,regular,5,2022-10-01 19:30:00+00:00,48,Delaware,119,Towson,William Hill (New Jersey),-26,,44.5,,,
401423441,2022,regular,5,2022-10-01 19:00:00+00:00,2010,Alabama A&M,2065,Bethune-Cookman,consensus,-6.5,,58.5,,,
401423441,2022,regular,5,2022-10-01 19:00:00+00:00,2010,Alabama A&M,2065,Bethune-Cookman,William Hill (New Jersey),-6.5,,58.5,,,
401424367,2022,regular,5,2022-10-01 19:30:00+00:00,2619,Stony Brook,2729,William & Mary,William Hill (New Jersey),17,,44,,,
401428478,2022,regular,5,2022-10-01 19:00:00+00:00,2630,UT Martin,2635,Tennessee Tech,consensus,-21.5,,54.5,,,
401428478,2022,regular,5,2022-10-01 19:00:00+00:00,2630,UT Martin,2635,Tennessee Tech,William Hill (New Jersey),-21.5,,56,,,
401404146,2022,regular,1,2022-08-27 20:00:00+00:00,328,Utah State,41,UConn,teamrankings,-24,,59,,,
401404146,2022,regular,1,2022-08-27 20:00:00+00:00,328,Utah State,41,UConn,consensus,-24,,59.5,,,
401404146,2022,regular,1,2022-08-27 20:00:00+00:00,328,Utah State,41,UConn,William Hill (New Jersey),-24,,59.5,,,
401404146,2022,regular,1,2022-08-27 20:00:00+00:00,328,Utah State,41,UConn,Bovada,-23,-25,59,60.5,,
401405058,2022,regular,1,2022-08-27 20:00:00+00:00,356,Illinois,2751,Wyoming,teamrankings,-14,,42.5,,,
401405058,2022,regular,1,2022-08-27 20:00:00+00:00,356,Illinois,2751,Wyoming,consensus,-14,,42.5,,,
401405058,2022,regular,1,2022-08-27 20:00:00+00:00,356,Illinois,2751,Wyoming,William Hill (New Jersey),-14,,43,,,
401405058,2022,regular,1,2022-08-27 20:00:00+00:00,356,Illinois,2751,Wyoming,Bovada,-14,-9.5,43,46.5,-400,300
401403853,2022,regular,1,2022-08-28 02:30:00+00:00,62,Hawai'i,238,Vanderbilt,teamrankings,9.5,,54.5,,,
401403853,2022,regular,1,2022-08-28 02:30:00+00:00,62,Hawai'i,238,Vanderbilt,consensus,9,,54.5,,,
401403853,2022,regular,1,2022-08-28 02:30:00+00:00,62,Hawai'i,238,Vanderbilt,William Hill (New Jersey),9,,54.5,,,
401403853,2022,regular,1,2022-08-28 02:30:00+00:00,62,Hawai'i,238,Vanderbilt,Bovada,9.5,4.5,54.5,55,250,-300
401421139,2022,regular,3,2022-09-17 22:00:00+00:00,2382,Mercer,2643,The Citadel,consensus,-18.5,,48.5,,,
401421139,2022,regular,3,2022-09-17 22:00:00+00:00,2382,Mercer,2643,The Citadel,William Hill (New Jersey),-18.5,,48,,,
401403958,2022,regular,13,2022-11-26 00:30:00+00:00,52,Florida State,57,Florida,teamrankings,-10,,58.5,,,
401403958,2022,regular,13,2022-11-26 00:30:00+00:00,52,Florida State,57,Florida,consensus,-10,,58,,,
401403958,2022,regular,13,2022-11-26 00:30:00+00:00,52,Florida State,57,Florida,William Hill (New Jersey),-9.5,,58,,,
401403958,2022,regular,13,2022-11-26 00:30:00+00:00,52,Florida State,57,Florida,Bovada,-10,-10,58,58.5,-360,280
401404046,2022,regular,13,2022-11-25 21:30:00+00:00,25,California,26,UCLA,teamrankings,11.5,,62.5,,,
401404046,2022,regular,13,2022-11-25 21:30:00+00:00,25,California,26,UCLA,consensus,11.5,,62.5,,,
401404046,2022,regular,13,2022-11-25 21:30:00+00:00,25,California,26,UCLA,William Hill (New Jersey),11,,62.5,,,
401404046,2022,regular,13,2022-11-25 21:30:00+00:00,25,California,26,UCLA,Bovada,11.5,10.5,63,61,280,-360
401437036,2022,regular,14,2022-12-03 21:00:00+00:00,61,Georgia,99,LSU,teamrankings,-17,,52,,,
401437036,2022,regular,14,2022-12-03 21:00:00+00:00,61,Georgia,99,LSU,consensus,-17.5,,52,,,
401437036,2022,regular,14,2022-12-03 21:00:00+00:00,61,Georgia,99,LSU,William Hill (New Jersey),-17,,51,,,
401437036,2022,regular,14,2022-12-03 21:00:00+00:00,61,Georgia,99,LSU,Bovada,-17,-15,52,50.5,-900,575
401437009,2022,regular,14,2022-12-04 01:00:00+00:00,153,North Carolina,228,Clemson,teamrankings,7.5,,64,,,
401437009,2022,regular,14,2022-12-04 01:00:00+00:00,153,North Carolina,228,Clemson,consensus,7.5,,64,,,
401437009,2022,regular,14,2022-12-04 01:00:00+00:00,153,North Carolina,228,Clemson,William Hill (New Jersey),7,,64,,,
401437009,2022,regular,14,2022-12-04 01:00:00+00:00,153,North Carolina,228,Clemson,Bovada,7,7.5,64,62,255,-310
401413227,2022,regular,5,2022-10-02 00:00:00+00:00,13,Cal Poly,16,Sacramento State,consensus,25,,62,,,
401413227,2022,regular,5,2022-10-02 00:00:00+00:00,13,Cal Poly,16,Sacramento State,William Hill (New Jersey),25,,62,,,
401413248,2022,regular,5,2022-10-02 01:00:00+00:00,70,Idaho,2458,Northern Colorado,consensus,-15.5,,52,,,
401413248,2022,regular,5,2022-10-02 01:00:00+00:00,70,Idaho,2458,Northern Colorado,William Hill (New Jersey),-15.5,,52,,,
401421158,2022,regular,4,2022-09-24 16:00:00+00:00,2127,Charleston Southern,231,Furman,William Hill (New Jersey),16,,55.5,,,
401423158,2022,regular,4,2022-09-24 17:00:00+00:00,56,Stetson,2413,Morehead State,consensus,2.5,,63.5,,,
401423158,2022,regular,4,2022-09-24 17:00:00+00:00,56,Stetson,2413,Morehead State,William Hill (New Jersey),2.5,,63.5,,,
401422999,2022,regular,4,2022-09-24 19:00:00+00:00,163,Princeton,2329,Lehigh,consensus,-24,,49.5,,,
401422999,2022,regular,4,2022-09-24 19:00:00+00:00,163,Princeton,2329,Lehigh,Caesars Sportsbook (Colorado),-24,,49,,,
401423146,2022,regular,4,2022-09-24 23:00:00+00:00,2506,Presbyterian,2166,Davidson,consensus,30,,69,,,
401423146,2022,regular,4,2022-09-24 23:00:00+00:00,2506,Presbyterian,2166,Davidson,William Hill (New Jersey),26.5,,70.5,,,
401424930,2022,regular,4,2022-09-24 23:00:00+00:00,2016,Alcorn State,2029,Arkansas-Pine Bluff,consensus,-18.5,,59.5,,,
401424930,2022,regular,4,2022-09-24 23:00:00+00:00,2016,Alcorn State,2029,Arkansas-Pine Bluff,William Hill (New Jersey),-18,,58.5,,,
401424427,2022,regular,4,2022-09-24 20:00:00+00:00,119,Towson,160,New Hampshire,consensus,6,,46.5,,,
401424427,2022,regular,4,2022-09-24 20:00:00+00:00,119,Towson,160,New Hampshire,William Hill (New Jersey),6,,46.5,,,
401425511,2022,regular,4,2022-09-24 16:00:00+00:00,2523,Robert Morris,2193,East Tennessee State,William Hill (New Jersey),16,,47,,,
401426255,2022,regular,4,2022-09-24 21:00:00+00:00,93,Murray State,2197,Eastern Illinois,William Hill (New Jersey),-4.5,,44,,,
401428475,2022,regular,4,2022-09-24 23:00:00+00:00,2448,North Carolina A&T,2569,South Carolina State,William Hill (New Jersey),-2.5,,46,,,
401418605,2022,regular,5,2022-10-01 03:00:00+00:00,159,Dartmouth,219,Pennsylvania,consensus,-14,,43.5,,,
401418605,2022,regular,5,2022-10-01 03:00:00+00:00,159,Dartmouth,219,Pennsylvania,William Hill (New Jersey),-13.5,,43.5,,,
401405059,2022,regular,1,2022-08-27 16:30:00+00:00,77,Northwestern,158,Nebraska,teamrankings,12,,52.5,,,
401405059,2022,regular,1,2022-08-27 16:30:00+00:00,77,Northwestern,158,Nebraska,consensus,12.5,,52,,,
401405059,2022,regular,1,2022-08-27 16:30:00+00:00,77,Northwestern,158,Nebraska,William Hill (New Jersey),12,,52.5,,,
401405059,2022,regular,1,2022-08-27 16:30:00+00:00,77,Northwestern,158,Nebraska,Bovada,13,10,52,52,-450,335
401415197,2022,regular,4,2022-09-24 16:30:00+00:00,46,Georgetown,171,Columbia,consensus,10.5,,48,,,
401415197,2022,regular,4,2022-09-24 16:30:00+00:00,46,Georgetown,171,Columbia,William Hill (New Jersey),10,,48,,,
401435080,2022,regular,7,2022-10-15 16:00:00+00:00,2368,Marist,2168,Dayton,consensus,4,,53,,,
401435080,2022,regular,7,2022-10-15 16:00:00+00:00,2368,Marist,2168,Dayton,William Hill (New Jersey),4,,53,,,
401423434,2022,regular,7,2022-10-15 17:00:00+00:00,2771,Merrimack,2681,Wagner,William Hill (New Jersey),-19.5,,52,,,
401425423,2022,regular,7,2022-10-15 23:00:00+00:00,2635,Tennessee Tech,2634,Tennessee State,William Hill (New Jersey),-2.5,,53.5,,,
401428190,2022,regular,7,2022-10-15 21:00:00+00:00,2502,Portland State,2692,Weber State,William Hill (New Jersey),12.5,,55,,,
401428197,2022,regular,7,2022-10-15 20:00:00+00:00,2803,Bryant,2127,Charleston Southern,William Hill (New Jersey),-3,,59.5,,,
401423148,2022,regular,7,2022-10-15 17:00:00+00:00,2166,Davidson,2413,Morehead State,consensus,-22.5,,58.5,,,
401423148,2022,regular,7,2022-10-15 17:00:00+00:00,2166,Davidson,2413,Morehead State,William Hill (New Jersey),-22.5,,58.5,,,
401424397,2022,regular,7,2022-10-15 17:00:00+00:00,227,Rhode Island,2210,Elon,consensus,-4,,53.5,,,
401424397,2022,regular,7,2022-10-15 17:00:00+00:00,227,Rhode Island,2210,Elon,William Hill (New Jersey),-4,,53.5,,,
401422981,2022,regular,7,2022-10-15 16:00:00+00:00,43,Yale,2083,Bucknell,consensus,-29,,44.5,,,
401422981,2022,regular,7,2022-10-15 16:00:00+00:00,43,Yale,2083,Bucknell,William Hill (New Jersey),-29,,44,,,
401424407,2022,regular,7,2022-10-15 17:00:00+00:00,311,Maine,2405,Monmouth,consensus,10.5,,60.5,,,
401424407,2022,regular,7,2022-10-15 17:00:00+00:00,311,Maine,2405,Monmouth,Caesars Sportsbook (Colorado),11.5,,60.5,,,
401428192,2022,regular,7,2022-10-15 17:00:00+00:00,2097,Campbell,2523,Robert Morris,consensus,-27,,48.5,,,
401428192,2022,regular,7,2022-10-15 17:00:00+00:00,2097,Campbell,2523,Robert Morris,William Hill (New Jersey),-27.5,,48.5,,,
401418839,2022,regular,6,2022-10-08 17:00:00+00:00,282,Indiana State,2449,North Dakota State,William Hill (New Jersey),30,,45.5,,,
401422990,2022,regular,6,2022-10-08 16:30:00+00:00,322,Lafayette,163,Princeton,consensus,16,,37.5,,,
401422990,2022,regular,6,2022-10-08 16:30:00+00:00,322,Lafayette,163,Princeton,Caesars Sportsbook (Colorado),16,,37.5,,,
401423139,2022,regular,6,2022-10-08 17:00:00+00:00,2086,Butler,2168,Dayton,consensus,9.5,,51.5,,,
401423139,2022,regular,6,2022-10-08 17:00:00+00:00,2086,Butler,2168,Dayton,William Hill (New Jersey),9.5,,51.5,,,
401418603,2022,regular,3,2022-09-17 17:30:00+00:00,159,Dartmouth,2674,Valparaiso,consensus,-31,,47.5,,,
401418603,2022,regular,3,2022-09-17 17:30:00+00:00,159,Dartmouth,2674,Valparaiso,Bovada,-32.5,-32.5,48.5,49.5,,
401418637,2022,regular,3,2022-09-17 22:00:00+00:00,2198,Eastern Kentucky,2127,Charleston Southern,consensus,-18,,59.5,,,
401418637,2022,regular,3,2022-09-17 22:00:00+00:00,2198,Eastern Kentucky,2127,Charleston Southern,William Hill (New Jersey),-18,,59.5,,,
401420789,2022,regular,3,2022-09-17 18:00:00+00:00,2450,Norfolk State,2261,Hampton,William Hill (New Jersey),2.5,,64,,,
401415186,2022,regular,3,2022-09-17 16:30:00+00:00,225,Brown,2803,Bryant,consensus,4.5,,63.5,,,
401415186,2022,regular,3,2022-09-17 16:30:00+00:00,225,Brown,2803,Bryant,William Hill (New Jersey),4.5,,64,,,
401415186,2022,regular,3,2022-09-17 16:30:00+00:00,225,Brown,2803,Bryant,Bovada,3.5,3,68,68,,
401415196,2022,regular,3,2022-09-17 22:00:00+00:00,2368,Marist,171,Columbia,consensus,20,,50.5,,,
401415196,2022,regular,3,2022-09-17 22:00:00+00:00,2368,Marist,171,Columbia,William Hill (New Jersey),20,,50.5,,,
401420779,2022,regular,3,2022-09-17 16:00:00+00:00,2415,Morgan State,2529,Sacred Heart,consensus,14.5,,32.5,,,
401420779,2022,regular,3,2022-09-17 16:00:00+00:00,2415,Morgan State,2529,Sacred Heart,William Hill (New Jersey),14.5,,31.5,,,
401420779,2022,regular,3,2022-09-17 16:00:00+00:00,2415,Morgan State,2529,Sacred Heart,Bovada,15,15,32.5,32.5,,
401422979,2022,regular,5,2022-10-01 19:30:00+00:00,2083,Bucknell,322,Lafayette,consensus,3,,35.5,,,
401422979,2022,regular,5,2022-10-01 19:30:00+00:00,2083,Bucknell,322,Lafayette,William Hill (New Jersey),3,,35,,,
401423138,2022,regular,5,2022-10-01 17:00:00+00:00,2166,Davidson,2086,Butler,consensus,-21.5,,62.5,,,
401423138,2022,regular,5,2022-10-01 17:00:00+00:00,2166,Davidson,2086,Butler,William Hill (New Jersey),-21.5,,62.5,,,
401423000,2022,regular,5,2022-10-01 16:00:00+00:00,2329,Lehigh,2405,Monmouth,consensus,17,,53,,,
401423000,2022,regular,5,2022-10-01 16:00:00+00:00,2329,Lehigh,2405,Monmouth,Caesars Sportsbook (Colorado),17,,52,,,
401423154,2022,regular,5,2022-10-01 17:00:00+00:00,2168,Dayton,2181,Drake,consensus,-16,,52,,,
401423154,2022,regular,5,2022-10-01 17:00:00+00:00,2168,Dayton,2181,Drake,William Hill (New Jersey),-16,,51,,,
401424956,2022,regular,8,2022-10-22 19:00:00+00:00,2296,Jackson State,2097,Campbell,consensus,-17,,56.5,,,
401424956,2022,regular,8,2022-10-22 19:00:00+00:00,2296,Jackson State,2097,Campbell,William Hill (New Jersey),-17,,56.5,,,
401423159,2022,regular,5,2022-10-01 17:00:00+00:00,2413,Morehead State,2506,Presbyterian,consensus,-17.5,,63.5,,,
401423159,2022,regular,5,2022-10-01 17:00:00+00:00,2413,Morehead State,2506,Presbyterian,William Hill (New Jersey),-17.5,,63.5,,,
401423451,2022,regular,5,2022-10-01 23:00:00+00:00,2640,Texas Southern,2011,Alabama State,consensus,-5.5,,55.5,,,
401423451,2022,regular,5,2022-10-01 23:00:00+00:00,2640,Texas Southern,2011,Alabama State,William Hill (New Jersey),-5.5,,55.5,,,
401426253,2022,regular,5,2022-10-01 16:00:00+00:00,43,Yale,47,Howard,consensus,-21.5,,51.5,,,
401426253,2022,regular,5,2022-10-01 16:00:00+00:00,43,Yale,47,Howard,William Hill (New Jersey),-21.5,,51.5,,,
401415198,2022,regular,5,2022-10-01 17:00:00+00:00,171,Columbia,163,Princeton,consensus,4,,50,,,
401415198,2022,regular,5,2022-10-01 17:00:00+00:00,171,Columbia,163,Princeton,Caesars Sportsbook (Colorado),4,,50,,,
401424431,2022,regular,5,2022-10-01 17:00:00+00:00,311,Maine,222,Villanova,consensus,8.5,,57,,,
401424431,2022,regular,5,2022-10-01 17:00:00+00:00,311,Maine,222,Villanova,William Hill (New Jersey),8.5,,57,,,
401418597,2022,regular,5,2022-10-01 17:00:00+00:00,108,Harvard,107,Holy Cross,consensus,6.5,,46.5,,,
401418597,2022,regular,5,2022-10-01 17:00:00+00:00,108,Harvard,107,Holy Cross,William Hill (New Jersey),6.5,,46.5,,,
401420809,2022,regular,5,2022-10-01 17:00:00+00:00,155,North Dakota,2623,Missouri State,consensus,5.5,,51.5,,,
401420809,2022,regular,5,2022-10-01 17:00:00+00:00,155,North Dakota,2623,Missouri State,William Hill (New Jersey),5.5,,51.5,,,
401421130,2022,regular,5,2022-10-01 19:00:00+00:00,2193,East Tennessee State,236,Chattanooga,consensus,6.5,,44,,,
401421130,2022,regular,5,2022-10-01 19:00:00+00:00,2193,East Tennessee State,236,Chattanooga,William Hill (New Jersey),6.5,,44,,,
401424931,2022,regular,6,2022-10-08 23:00:00+00:00,2400,Mississippi Valley State,2016,Alcorn State,consensus,15.5,,47,,,
401424931,2022,regular,6,2022-10-08 23:00:00+00:00,2400,Mississippi Valley State,2016,Alcorn State,William Hill (New Jersey),15.5,,47,,,
401420817,2022,regular,6,2022-10-08 22:00:00+00:00,2754,Youngstown State,155,North Dakota,William Hill (New Jersey),-1.5,,51,,,
401455633,2022,regular,7,2022-10-14 23:00:00+00:00,163,Princeton,225,Brown,consensus,-22.5,,54.5,,,
401455633,2022,regular,7,2022-10-14 23:00:00+00:00,163,Princeton,225,Brown,Caesars Sportsbook (Colorado),-21.5,,54.5,,,
401418634,2022,regular,7,2022-10-15 20:00:00+00:00,2046,Austin Peay,93,Murray State,William Hill (New Jersey),-23.5,,52.5,,,
401418833,2022,regular,8,2022-10-22 17:00:00+00:00,282,Indiana State,2287,Illinois State,consensus,4.5,,40.5,,,
401418833,2022,regular,8,2022-10-22 17:00:00+00:00,282,Indiana State,2287,Illinois State,William Hill (New Jersey),4.5,,39,,,
401423140,2022,regular,8,2022-10-22 17:00:00+00:00,2086,Butler,2368,Marist,consensus,-7,,50.5,,,
401423140,2022,regular,8,2022-10-22 17:00:00+00:00,2086,Butler,2368,Marist,William Hill (New Jersey),-7,,50.5,,,
401413338,2022,regular,9,2022-10-29 19:00:00+00:00,2692,Weber State,149,Montana,consensus,-3.5,,48.5,,,
401413338,2022,regular,9,2022-10-29 19:00:00+00:00,2692,Weber State,149,Montana,William Hill (New Jersey),-3.5,,48.5,,,
401415192,2022,regular,9,2022-10-29 16:30:00+00:00,225,Brown,219,Pennsylvania,consensus,13,,55.5,,,
401415192,2022,regular,9,2022-10-29 16:30:00+00:00,225,Brown,219,Pennsylvania,William Hill (New Jersey),13,,55.5,,,
401431404,2022,regular,8,2022-10-22 16:00:00+00:00,2142,Colgate,46,Georgetown,consensus,-13,,50,,,
401431404,2022,regular,8,2022-10-22 16:00:00+00:00,2142,Colgate,46,Georgetown,William Hill (New Jersey),-13,,50,,,
401425516,2022,regular,8,2022-10-22 17:00:00+00:00,47,Howard,2169,Delaware State,consensus,-7.5,,45.5,,,
401425516,2022,regular,8,2022-10-22 17:00:00+00:00,47,Howard,2169,Delaware State,William Hill (New Jersey),-7.5,,45.5,,,
401425424,2022,regular,8,2022-10-22 19:00:00+00:00,2634,Tennessee State,2197,Eastern Illinois,consensus,-7.5,,49.5,,,
401425424,2022,regular,8,2022-10-22 19:00:00+00:00,2634,Tennessee State,2197,Eastern Illinois,William Hill (New Jersey),-7.5,,49.5,,,
401428459,2022,regular,8,2022-10-22 16:00:00+00:00,2523,Robert Morris,2448,North Carolina A&T,consensus,16.5,,44.5,,,
401428459,2022,regular,8,2022-10-22 16:00:00+00:00,2523,Robert Morris,2448,North Carolina A&T,William Hill (New Jersey),16.5,,44.5,,,
401418798,2022,regular,9,2022-10-29 19:00:00+00:00,2277,Houston Christian,2630,UT Martin,consensus,24,,58,,,
401418798,2022,regular,9,2022-10-29 19:00:00+00:00,2277,Houston Christian,2630,UT Martin,William Hill (New Jersey),24,,58,,,
401420784,2022,regular,9,2022-10-29 16:00:00+00:00,2415,Morgan State,2569,South Carolina State,consensus,10.5,,46,,,
401420784,2022,regular,9,2022-10-29 16:00:00+00:00,2415,Morgan State,2569,South Carolina State,William Hill (New Jersey),10.5,,46,,,
401422922,2022,regular,1,2022-08-27 23:00:00+00:00,2382,Mercer,2413,Morehead State,consensus,-29.5,,56.5,,,
401422922,2022,regular,1,2022-08-27 23:00:00+00:00,2382,Mercer,2413,Morehead State,William Hill (New Jersey),-29.5,,56.5,,,
401422922,2022,regular,1,2022-08-27 23:00:00+00:00,2382,Mercer,2413,Morehead State,Bovada,-27.5,-28.5,58,60.5,,
401413213,2022,regular,1,2022-08-27 19:30:00+00:00,55,Jacksonville State,2617,Stephen F. Austin,consensus,7.5,,55.5,,,
401413213,2022,regular,1,2022-08-27 19:30:00+00:00,55,Jacksonville State,2617,Stephen F. Austin,William Hill (New Jersey),7.5,,55.5,,,
401413213,2022,regular,1,2022-08-27 19:30:00+00:00,55,Jacksonville State,2617,Stephen F. Austin,Bovada,8,6.5,55,51,,
401423448,2022,regular,1,2022-08-27 23:00:00+00:00,2011,Alabama State,47,Howard,consensus,1,,53.5,,,
401423448,2022,regular,1,2022-08-27 23:00:00+00:00,2011,Alabama State,47,Howard,William Hill (New Jersey),-1,,53.5,,,
401423448,2022,regular,1,2022-08-27 23:00:00+00:00,2011,Alabama State,47,Howard,Bovada,-2,-2.5,54,53.5,,
401415264,2022,regular,12,2022-11-19 02:45:00+00:00,167,New Mexico,21,San Diego State,teamrankings,15,,36,,,
401415264,2022,regular,12,2022-11-19 02:45:00+00:00,167,New Mexico,21,San Diego State,consensus,14.5,,36,,,
401415264,2022,regular,12,2022-11-19 02:45:00+00:00,167,New Mexico,21,San Diego State,William Hill (New Jersey),14.5,,36,,,
401415264,2022,regular,12,2022-11-19 02:45:00+00:00,167,New Mexico,21,San Diego State,Bovada,14.5,14.5,36,39.5,430,-625
401409235,2022,regular,1,2022-08-28 02:00:00+00:00,166,New Mexico State,2440,Nevada,teamrankings,7,,48,,,
401409235,2022,regular,1,2022-08-28 02:00:00+00:00,166,New Mexico State,2440,Nevada,consensus,7,,48,,,
401409235,2022,regular,1,2022-08-28 02:00:00+00:00,166,New Mexico State,2440,Nevada,William Hill (New Jersey),7,,48,,,
401409235,2022,regular,1,2022-08-28 02:00:00+00:00,166,New Mexico State,2440,Nevada,Bovada,7.5,14,48,55.5,270,-340
401426531,2022,regular,1,2022-08-28 01:00:00+00:00,2638,UTEP,249,North Texas,teamrankings,1.5,,52.5,,,
401426531,2022,regular,1,2022-08-28 01:00:00+00:00,2638,UTEP,249,North Texas,consensus,1.5,,52.5,,,
401426531,2022,regular,1,2022-08-28 01:00:00+00:00,2638,UTEP,249,North Texas,William Hill (New Jersey),1,,52.5,,,
401426531,2022,regular,1,2022-08-28 01:00:00+00:00,2638,UTEP,249,North Texas,Bovada,1.5,3,54,57,105,-125
401423003,2022,regular,11,2022-11-12 17:00:00+00:00,2329,Lehigh,2142,Colgate,William Hill (New Jersey),3,,38.5,,,
401418843,2022,regular,11,2022-11-12 19:00:00+00:00,2710,Western Illinois,282,Indiana State,William Hill (New Jersey),3.5,,52,,,
401415411,2022,regular,11,2022-11-12 18:00:00+00:00,172,Cornell,159,Dartmouth,William Hill (New Jersey),6,,44.5,,,
401423142,2022,regular,11,2022-11-12 19:00:00+00:00,2181,Drake,2086,Butler,William Hill (New Jersey),7.5,,44.5,,,
401418601,2022,regular,11,2022-11-12 18:00:00+00:00,219,Pennsylvania,108,Harvard,William Hill (New Jersey),-2.5,,44.5,,,
401420795,2022,regular,11,2022-11-12 19:00:00+00:00,2450,Norfolk State,2428,North Carolina Central,William Hill (New Jersey),18.5,,61.5,,,
401422977,2022,regular,11,2022-11-12 18:00:00+00:00,2193,East Tennessee State,2717,Western Carolina,consensus,-6,,73.5,,,
401422977,2022,regular,11,2022-11-12 18:00:00+00:00,2193,East Tennessee State,2717,Western Carolina,William Hill (New Jersey),-5,,73.5,,,
401405095,2022,regular,4,2022-09-24 23:30:00+00:00,194,Ohio State,275,Wisconsin,teamrankings,-19,,56.5,,,
401405095,2022,regular,4,2022-09-24 23:30:00+00:00,194,Ohio State,275,Wisconsin,consensus,-18.5,,56.5,,,
401405095,2022,regular,4,2022-09-24 23:30:00+00:00,194,Ohio State,275,Wisconsin,William Hill (New Jersey),-19,,56.5,,,
401405095,2022,regular,4,2022-09-24 23:30:00+00:00,194,Ohio State,275,Wisconsin,Bovada,-19,-18,57,57,-1200,700
401411121,2022,regular,4,2022-09-24 16:00:00+00:00,221,Pittsburgh,227,Rhode Island,consensus,-32.5,,55,,,
401411121,2022,regular,4,2022-09-24 16:00:00+00:00,221,Pittsburgh,227,Rhode Island,William Hill (New Jersey),-32.5,,55,,,
401416606,2022,regular,4,2022-09-24 18:00:00+00:00,195,Ohio,2230,Fordham,consensus,-16.5,,73.5,,,
401416606,2022,regular,4,2022-09-24 18:00:00+00:00,195,Ohio,2230,Fordham,William Hill (New Jersey),-16.5,,74.5,,,
401418793,2022,regular,4,2022-09-24 23:00:00+00:00,326,Texas State,2277,Houston Christian,consensus,-26.5,,65,,,
401418793,2022,regular,4,2022-09-24 23:00:00+00:00,326,Texas State,2277,Houston Christian,William Hill (New Jersey),-26.5,,65,,,
401405093,2022,regular,4,2022-09-24 23:30:00+00:00,77,Northwestern,193,Miami (OH),teamrankings,-7.5,,50,,,
401405093,2022,regular,4,2022-09-24 23:30:00+00:00,77,Northwestern,193,Miami (OH),consensus,-7.5,,50,,,
401405093,2022,regular,4,2022-09-24 23:30:00+00:00,77,Northwestern,193,Miami (OH),William Hill (New Jersey),-7.5,,50,,,
401405093,2022,regular,4,2022-09-24 23:30:00+00:00,77,Northwestern,193,Miami (OH),Bovada,-7.5,-6.5,50,50.5,-260,215
401411130,2022,regular,5,2022-10-01 21:00:00+00:00,183,Syracuse,2681,Wagner,consensus,-54,,62.5,,,
401411130,2022,regular,5,2022-10-01 21:00:00+00:00,183,Syracuse,2681,Wagner,William Hill (New Jersey),-54,,63.5,,,
401416612,2022,regular,5,2022-10-01 22:00:00+00:00,2711,Western Michigan,160,New Hampshire,consensus,-15,,52.5,,,
401416612,2022,regular,5,2022-10-01 22:00:00+00:00,2711,Western Michigan,160,New Hampshire,William Hill (New Jersey),-15,,52.5,,,
401415649,2022,regular,10,2022-11-05 16:00:00+00:00,202,Tulsa,2655,Tulane,teamrankings,6.5,,56,,,
401415649,2022,regular,10,2022-11-05 16:00:00+00:00,202,Tulsa,2655,Tulane,consensus,6.5,,56,,,
401415649,2022,regular,10,2022-11-05 16:00:00+00:00,202,Tulsa,2655,Tulane,William Hill (New Jersey),7,,56,,,
401415649,2022,regular,10,2022-11-05 16:00:00+00:00,202,Tulsa,2655,Tulane,Bovada,6.5,8.5,55.5,58.5,250,-300
401415648,2022,regular,10,2022-11-05 18:00:00+00:00,218,Temple,58,South Florida,teamrankings,3.5,,49,,,
401415648,2022,regular,10,2022-11-05 18:00:00+00:00,218,Temple,58,South Florida,consensus,3.5,,49,,,
401415648,2022,regular,10,2022-11-05 18:00:00+00:00,218,Temple,58,South Florida,William Hill (New Jersey),3.5,,49,,,
401415648,2022,regular,10,2022-11-05 18:00:00+00:00,218,Temple,58,South Florida,Bovada,3.5,3.5,49,51.5,150,-175
401415254,2022,regular,10,2022-11-05 23:00:00+00:00,21,San Diego State,2439,UNLV,teamrankings,-5,,47,,,
401415254,2022,regular,10,2022-11-05 23:00:00+00:00,21,San Diego State,2439,UNLV,consensus,-5,,47,,,
401415254,2022,regular,10,2022-11-05 23:00:00+00:00,21,San Diego State,2439,UNLV,William Hill (New Jersey),-5,,47,,,
401415254,2022,regular,10,2022-11-05 23:00:00+00:00,21,San Diego State,2439,UNLV,Bovada,-5,-6.5,47,48,-250,210
401404113,2022,regular,11,2022-11-13 00:30:00+00:00,251,Texas,2628,TCU,teamrankings,-7.5,,65,,,
401404113,2022,regular,11,2022-11-13 00:30:00+00:00,251,Texas,2628,TCU,consensus,-7.5,,66,,,
401404113,2022,regular,11,2022-11-13 00:30:00+00:00,251,Texas,2628,TCU,William Hill (New Jersey),-7.5,,66,,,
401404113,2022,regular,11,2022-11-13 00:30:00+00:00,251,Texas,2628,TCU,Bovada,-7.5,-7,65.5,65.5,-290,240
401423415,2022,regular,8,2022-10-22 17:00:00+00:00,2168,Dayton,56,Stetson,consensus,-13.5,,53,,,
401423415,2022,regular,8,2022-10-22 17:00:00+00:00,2168,Dayton,56,Stetson,William Hill (New Jersey),-13.5,,53,,,
401404109,2022,regular,11,2022-11-13 00:00:00+00:00,239,Baylor,2306,Kansas State,teamrankings,-2.5,,52,,,
401404109,2022,regular,11,2022-11-13 00:00:00+00:00,239,Baylor,2306,Kansas State,consensus,-2.5,,52.5,,,
401404109,2022,regular,11,2022-11-13 00:00:00+00:00,239,Baylor,2306,Kansas State,William Hill (New Jersey),-3,,52,,,
401404109,2022,regular,11,2022-11-13 00:00:00+00:00,239,Baylor,2306,Kansas State,Bovada,-2.5,-3.5,52.5,53.5,-140,120
401424437,2022,regular,8,2022-10-22 19:30:00+00:00,222,Villanova,399,UAlbany,consensus,-16.5,,65.5,,,
401424437,2022,regular,8,2022-10-22 19:30:00+00:00,222,Villanova,399,UAlbany,William Hill (New Jersey),-16,,65.5,,,
401404112,2022,regular,11,2022-11-12 17:00:00+00:00,277,West Virginia,201,Oklahoma,teamrankings,8.5,,68.5,,,
401404112,2022,regular,11,2022-11-12 17:00:00+00:00,277,West Virginia,201,Oklahoma,consensus,8.5,,68.5,,,
401404112,2022,regular,11,2022-11-12 17:00:00+00:00,277,West Virginia,201,Oklahoma,William Hill (New Jersey),8.5,,68.5,,,
401404112,2022,regular,11,2022-11-12 17:00:00+00:00,277,West Virginia,201,Oklahoma,Bovada,8.5,8,68.5,66,255,
401404110,2022,regular,11,2022-11-12 20:30:00+00:00,197,Oklahoma State,66,Iowa State,teamrankings,2.5,,47.5,,,
401404110,2022,regular,11,2022-11-12 20:30:00+00:00,197,Oklahoma State,66,Iowa State,consensus,2.5,,47.5,,,
401404110,2022,regular,11,2022-11-12 20:30:00+00:00,197,Oklahoma State,66,Iowa State,William Hill (New Jersey),3,,47.5,,,
401404110,2022,regular,11,2022-11-12 20:30:00+00:00,197,Oklahoma State,66,Iowa State,Bovada,3,2.5,47.5,47.5,115,-135
401441991,2022,regular,4,2022-09-24 17:00:00+00:00,2341,Long Island University,2803,Bryant,Caesars Sportsbook (Colorado),14,,55.5,,,
401404024,2022,regular,9,2022-10-29 19:30:00+00:00,25,California,2483,Oregon,teamrankings,16.5,,56.5,,,
401404024,2022,regular,9,2022-10-29 19:30:00+00:00,25,California,2483,Oregon,consensus,16.5,,56.5,,,
401404024,2022,regular,9,2022-10-29 19:30:00+00:00,25,California,2483,Oregon,William Hill (New Jersey),17,,56.5,,,
401404024,2022,regular,9,2022-10-29 19:30:00+00:00,25,California,2483,Oregon,Bovada,17,15,56.5,57,525,-800
401405097,2022,regular,4,2022-09-24 16:00:00+00:00,130,Michigan,120,Maryland,teamrankings,-17,,66,,,
401405097,2022,regular,4,2022-09-24 16:00:00+00:00,130,Michigan,120,Maryland,consensus,-17,,66,,,
401405097,2022,regular,4,2022-09-24 16:00:00+00:00,130,Michigan,120,Maryland,William Hill (New Jersey),-17,,66,,,
401405097,2022,regular,4,2022-09-24 16:00:00+00:00,130,Michigan,120,Maryland,Bovada,-17,-17.5,66,62.5,-850,550
401404000,2022,regular,4,2022-09-25 01:30:00+00:00,204,Oregon State,30,USC,teamrankings,5.5,,70.5,,,
401404000,2022,regular,4,2022-09-25 01:30:00+00:00,204,Oregon State,30,USC,consensus,5.5,,70.5,,,
401404000,2022,regular,4,2022-09-25 01:30:00+00:00,204,Oregon State,30,USC,William Hill (New Jersey),5.5,,69.5,,,
401404000,2022,regular,4,2022-09-25 01:30:00+00:00,204,Oregon State,30,USC,Bovada,6,7,70,68,220,-270
401403901,2022,regular,4,2022-09-24 19:30:00+00:00,2633,Tennessee,57,Florida,teamrankings,-11,,62,,,
401403901,2022,regular,4,2022-09-24 19:30:00+00:00,2633,Tennessee,57,Florida,consensus,-11,,62.5,,,
401403901,2022,regular,4,2022-09-24 19:30:00+00:00,2633,Tennessee,57,Florida,William Hill (New Jersey),-11,,62,,,
401403901,2022,regular,4,2022-09-24 19:30:00+00:00,2633,Tennessee,57,Florida,Bovada,-11.5,-9.5,62,63.5,-400,300
401403997,2022,regular,4,2022-09-25 02:30:00+00:00,9,Arizona State,254,Utah,teamrankings,16.5,,54,,,
401403997,2022,regular,4,2022-09-25 02:30:00+00:00,9,Arizona State,254,Utah,consensus,16.5,,54,,,
401403997,2022,regular,4,2022-09-25 02:30:00+00:00,9,Arizona State,254,Utah,William Hill (New Jersey),17,,54,,,
401403997,2022,regular,4,2022-09-25 02:30:00+00:00,9,Arizona State,254,Utah,Bovada,17,16,53.5,52,430,-625
401405098,2022,regular,4,2022-09-24 16:00:00+00:00,213,Penn State,2117,Central Michigan,teamrankings,-28,,61.5,,,
401405098,2022,regular,4,2022-09-24 16:00:00+00:00,213,Penn State,2117,Central Michigan,consensus,-28,,61.5,,,
401405098,2022,regular,4,2022-09-24 16:00:00+00:00,213,Penn State,2117,Central Michigan,William Hill (New Jersey),-28,,61.5,,,
401405098,2022,regular,4,2022-09-24 16:00:00+00:00,213,Penn State,2117,Central Michigan,Bovada,-28,-26,61.5,61,-5000,1300
401403999,2022,regular,4,2022-09-24 20:00:00+00:00,265,Washington State,2483,Oregon,teamrankings,6,,57,,,
401403999,2022,regular,4,2022-09-24 20:00:00+00:00,265,Washington State,2483,Oregon,consensus,6.5,,57.5,,,
401403999,2022,regular,4,2022-09-24 20:00:00+00:00,265,Washington State,2483,Oregon,William Hill (New Jersey),6.5,,57.5,,,
401403999,2022,regular,4,2022-09-24 20:00:00+00:00,265,Washington State,2483,Oregon,Bovada,6.5,6,57,53.5,195,-235
401404001,2022,regular,4,2022-09-25 02:30:00+00:00,264,Washington,24,Stanford,teamrankings,-14,,62.5,,,
401404001,2022,regular,4,2022-09-25 02:30:00+00:00,264,Washington,24,Stanford,consensus,-14,,62,,,
401404001,2022,regular,4,2022-09-25 02:30:00+00:00,264,Washington,24,Stanford,William Hill (New Jersey),-14,,62,,,
401404001,2022,regular,4,2022-09-25 02:30:00+00:00,264,Washington,24,Stanford,Bovada,-14,-11.5,62,61,-550,390
401403899,2022,regular,4,2022-09-24 16:00:00+00:00,344,Mississippi State,189,Bowling Green,teamrankings,-31,,53,,,
401403899,2022,regular,4,2022-09-24 16:00:00+00:00,344,Mississippi State,189,Bowling Green,consensus,-31,,53,,,
401403899,2022,regular,4,2022-09-24 16:00:00+00:00,344,Mississippi State,189,Bowling Green,William Hill (New Jersey),-31,,53,,,
401403899,2022,regular,4,2022-09-24 16:00:00+00:00,344,Mississippi State,189,Bowling Green,Bovada,-31,-29,53,56.5,,
401403998,2022,regular,4,2022-09-24 18:00:00+00:00,38,Colorado,26,UCLA,teamrankings,22,,57,,,
401403998,2022,regular,4,2022-09-24 18:00:00+00:00,38,Colorado,26,UCLA,consensus,22,,57,,,
401403998,2022,regular,4,2022-09-24 18:00:00+00:00,38,Colorado,26,UCLA,William Hill (New Jersey),22,,57,,,
401403998,2022,regular,4,2022-09-24 18:00:00+00:00,38,Colorado,26,UCLA,Bovada,22.5,21,57,58,800,-1600
401405096,2022,regular,4,2022-09-24 19:30:00+00:00,2132,Cincinnati,84,Indiana,teamrankings,-16.5,,57,,,
401405096,2022,regular,4,2022-09-24 19:30:00+00:00,2132,Cincinnati,84,Indiana,consensus,-16.5,,57,,,
401405096,2022,regular,4,2022-09-24 19:30:00+00:00,2132,Cincinnati,84,Indiana,William Hill (New Jersey),-16.5,,58,,,
401405096,2022,regular,4,2022-09-24 19:30:00+00:00,2132,Cincinnati,84,Indiana,Bovada,-16.5,-14,57,54.5,-800,525
401403996,2022,regular,4,2022-09-24 21:30:00+00:00,25,California,12,Arizona,teamrankings,-3.5,,50,,,
401403996,2022,regular,4,2022-09-24 21:30:00+00:00,25,California,12,Arizona,consensus,-3.5,,50.5,,,
401403996,2022,regular,4,2022-09-24 21:30:00+00:00,25,California,12,Arizona,William Hill (New Jersey),-3.5,,50.5,,,
401403996,2022,regular,4,2022-09-24 21:30:00+00:00,25,California,12,Arizona,Bovada,-3.5,-4,50.5,48,-160,135
401411118,2022,regular,4,2022-09-25 00:00:00+00:00,52,Florida State,103,Boston College,teamrankings,-18.5,,48.5,,,
401411118,2022,regular,4,2022-09-25 00:00:00+00:00,52,Florida State,103,Boston College,consensus,-18.5,,48.5,,,
401411118,2022,regular,4,2022-09-25 00:00:00+00:00,52,Florida State,103,Boston College,William Hill (New Jersey),-18.5,,48.5,,,
401411118,2022,regular,4,2022-09-25 00:00:00+00:00,52,Florida State,103,Boston College,Bovada,-18.5,-16.5,49,48.5,-1100,650
401409237,2022,regular,4,2022-09-25 00:00:00+00:00,166,New Mexico State,62,Hawai'i,teamrankings,-4.5,,53,,,
401409237,2022,regular,4,2022-09-25 00:00:00+00:00,166,New Mexico State,62,Hawai'i,consensus,-4.5,,53,,,
401409237,2022,regular,4,2022-09-25 00:00:00+00:00,166,New Mexico State,62,Hawai'i,William Hill (New Jersey),-4.5,,53,,,
401409237,2022,regular,4,2022-09-25 00:00:00+00:00,166,New Mexico State,62,Hawai'i,Bovada,-4.5,-2,53,55,-200,170
401462216,2022,regular,5,2022-10-01 20:00:00+00:00,2320,Lamar,2277,Houston Christian,consensus,-1.5,,54.5,,,
401462216,2022,regular,5,2022-10-01 20:00:00+00:00,2320,Lamar,2277,Houston Christian,William Hill (New Jersey),-1.5,,54.5,,,
401462219,2022,regular,6,2022-10-08 23:00:00+00:00,2277,Houston Christian,2447,Nicholls,consensus,7,,61.5,,,
401462219,2022,regular,6,2022-10-08 23:00:00+00:00,2277,Houston Christian,2447,Nicholls,William Hill (New Jersey),7,,61.5,,,
401462217,2022,regular,5,2022-10-01 23:00:00+00:00,2916,Incarnate Word,2377,McNeese,consensus,-24.5,,70.5,,,
401462217,2022,regular,5,2022-10-01 23:00:00+00:00,2916,Incarnate Word,2377,McNeese,William Hill (New Jersey),-24.5,,70.5,,,
401462221,2022,regular,7,2022-10-15 23:00:00+00:00,2277,Houston Christian,2466,Northwestern State,William Hill (New Jersey),-2.5,,65,,,
401462517,2022,regular,6,2022-10-08 23:00:00+00:00,2617,Stephen F. Austin,2000,Abilene Christian,consensus,-3.5,,48.5,,,
401462517,2022,regular,6,2022-10-08 23:00:00+00:00,2617,Stephen F. Austin,2000,Abilene Christian,William Hill (New Jersey),-4,,48.5,,,
401462218,2022,regular,5,2022-10-01 20:30:00+00:00,2466,Northwestern State,2447,Nicholls,consensus,8,,63.5,,,
401462218,2022,regular,5,2022-10-01 20:30:00+00:00,2466,Northwestern State,2447,Nicholls,William Hill (New Jersey),8,,63.5,,,
401418778,2022,regular,3,2022-09-17 22:00:00+00:00,236,Chattanooga,2453,North Alabama,consensus,-20.5,,45,,,
401418778,2022,regular,3,2022-09-17 22:00:00+00:00,236,Chattanooga,2453,North Alabama,William Hill (New Jersey),-21,,45,,,
401420799,2022,regular,3,2022-09-17 22:00:00+00:00,160,New Hampshire,2428,North Carolina Central,consensus,-13.5,,44.5,,,
401420799,2022,regular,3,2022-09-17 22:00:00+00:00,160,New Hampshire,2428,North Carolina Central,William Hill (New Jersey),-13,,44.5,,,
401421118,2022,regular,3,2022-09-17 19:00:00+00:00,2546,Southeast Missouri State,2447,Nicholls,consensus,-5.5,,61.5,,,
401421118,2022,regular,3,2022-09-17 19:00:00+00:00,2546,Southeast Missouri State,2447,Nicholls,William Hill (New Jersey),-5.5,,61.5,,,
401422988,2022,regular,3,2022-09-17 19:30:00+00:00,322,Lafayette,2729,William & Mary,consensus,21,,38.5,,,
401422988,2022,regular,3,2022-09-17 19:30:00+00:00,322,Lafayette,2729,William & Mary,William Hill (New Jersey),21,,38.5,,,
401422976,2022,regular,3,2022-09-17 19:30:00+00:00,2717,Western Carolina,2506,Presbyterian,consensus,-39,,65.5,,,
401422976,2022,regular,3,2022-09-17 19:30:00+00:00,2717,Western Carolina,2506,Presbyterian,William Hill (New Jersey),-39,,65.5,,,
401426532,2022,regular,1,2022-08-27 16:00:00+00:00,98,Western Kentucky,2046,Austin Peay,consensus,-32.5,,72,,,
401426532,2022,regular,1,2022-08-27 16:00:00+00:00,98,Western Kentucky,2046,Austin Peay,William Hill (New Jersey),-32.5,,72,,,
401426532,2022,regular,1,2022-08-27 16:00:00+00:00,98,Western Kentucky,2046,Austin Peay,Bovada,-32.5,-27.5,73,64.5,,
401413256,2022,regular,1,2022-08-27 19:30:00+00:00,2439,UNLV,304,Idaho State,consensus,-22.5,,51,,,
401413256,2022,regular,1,2022-08-27 19:30:00+00:00,2439,UNLV,304,Idaho State,William Hill (New Jersey),-22.5,,51,,,
401413256,2022,regular,1,2022-08-27 19:30:00+00:00,2439,UNLV,304,Idaho State,Bovada,-23,-23.5,50,52.5,,
401411090,2022,regular,1,2022-08-27 21:00:00+00:00,52,Florida State,2184,Duquesne,consensus,-42,,57,,,
401411090,2022,regular,1,2022-08-27 21:00:00+00:00,52,Florida State,2184,Duquesne,William Hill (New Jersey),-42,,57,,,
401411090,2022,regular,1,2022-08-27 21:00:00+00:00,52,Florida State,2184,Duquesne,Bovada,-41.5,-43,57,55,,
401411091,2022,regular,1,2022-08-28 00:15:00+00:00,153,North Carolina,50,Florida A&M,consensus,-45.5,,56.5,,,
401411091,2022,regular,1,2022-08-28 00:15:00+00:00,153,North Carolina,50,Florida A&M,William Hill (New Jersey),-45,,56.5,,,
401411091,2022,regular,1,2022-08-28 00:15:00+00:00,153,North Carolina,50,Florida A&M,Bovada,-45,-43,55,56,,
401426334,2022,regular,4,2022-09-22 23:30:00+00:00,2247,Georgia State,324,Coastal Carolina,teamrankings,2.5,,63.5,,,
401426334,2022,regular,4,2022-09-22 23:30:00+00:00,2247,Georgia State,324,Coastal Carolina,consensus,2.5,,63.5,,,
401426334,2022,regular,4,2022-09-22 23:30:00+00:00,2247,Georgia State,324,Coastal Carolina,William Hill (New Jersey),2.5,,63.5,,,
401426334,2022,regular,4,2022-09-22 23:30:00+00:00,2247,Georgia State,324,Coastal Carolina,Bovada,2.5,1.5,63.5,64,110,-130
401415645,2022,regular,9,2022-10-29 00:00:00+00:00,252,BYU,151,East Carolina,teamrankings,-3,,64,,,
401415645,2022,regular,9,2022-10-29 00:00:00+00:00,252,BYU,151,East Carolina,consensus,-3.5,,64,,,
401415645,2022,regular,9,2022-10-29 00:00:00+00:00,252,BYU,151,East Carolina,William Hill (New Jersey),-3,,64,,,
401415645,2022,regular,9,2022-10-29 00:00:00+00:00,252,BYU,151,East Carolina,Bovada,-3,-3,64,60.5,-150,130
401415644,2022,regular,9,2022-10-29 19:30:00+00:00,2116,UCF,2132,Cincinnati,teamrankings,-1.5,,55.5,,,
401415644,2022,regular,9,2022-10-29 19:30:00+00:00,2116,UCF,2132,Cincinnati,consensus,-1.5,,55.5,,,
401415644,2022,regular,9,2022-10-29 19:30:00+00:00,2116,UCF,2132,Cincinnati,William Hill (New Jersey),-1.5,,55.5,,,
401415644,2022,regular,9,2022-10-29 19:30:00+00:00,2116,UCF,2132,Cincinnati,Bovada,-1.5,0,56,55.5,-110,-110
401415643,2022,regular,9,2022-10-29 16:00:00+00:00,248,Houston,58,South Florida,teamrankings,-17,,59,,,
401415643,2022,regular,9,2022-10-29 16:00:00+00:00,248,Houston,58,South Florida,consensus,-17.5,,59,,,
401415643,2022,regular,9,2022-10-29 16:00:00+00:00,248,Houston,58,South Florida,William Hill (New Jersey),-17.5,,59,,,
401415643,2022,regular,9,2022-10-29 16:00:00+00:00,248,Houston,58,South Florida,Bovada,-17.5,-18,59.5,62,-1100,650
401415646,2022,regular,9,2022-10-29 19:30:00+00:00,2426,Navy,218,Temple,teamrankings,-14.5,,41.5,,,
401415646,2022,regular,9,2022-10-29 19:30:00+00:00,2426,Navy,218,Temple,consensus,-14.5,,41.5,,,
401415646,2022,regular,9,2022-10-29 19:30:00+00:00,2426,Navy,218,Temple,William Hill (New Jersey),-14.5,,41.5,,,
401415646,2022,regular,9,2022-10-29 19:30:00+00:00,2426,Navy,218,Temple,Bovada,-14.5,-13.5,41,39.5,-600,425
401462513,2022,regular,4,2022-09-24 20:30:00+00:00,2466,Northwestern State,2320,Lamar,William Hill (New Jersey),2,,52.5,,,
401415215,2022,regular,2,2022-09-10 23:00:00+00:00,328,Utah State,2692,Weber State,consensus,-6.5,,59.5,,,
401415215,2022,regular,2,2022-09-10 23:00:00+00:00,328,Utah State,2692,Weber State,William Hill (New Jersey),-6.5,,59,,,
401411110,2022,regular,3,2022-09-17 23:30:00+00:00,103,Boston College,311,Maine,consensus,-31,,48,,,
401411110,2022,regular,3,2022-09-17 23:30:00+00:00,103,Boston College,311,Maine,William Hill (New Jersey),-31,,48,,,
401424390,2022,regular,9,2022-10-29 17:00:00+00:00,2729,William & Mary,227,Rhode Island,consensus,-6.5,,59.5,,,
401424390,2022,regular,9,2022-10-29 17:00:00+00:00,2729,William & Mary,227,Rhode Island,William Hill (New Jersey),-6.5,,59.5,,,
401421108,2022,regular,9,2022-10-29 17:00:00+00:00,2168,Dayton,2674,Valparaiso,consensus,-3,,55,,,
401421108,2022,regular,9,2022-10-29 17:00:00+00:00,2168,Dayton,2674,Valparaiso,William Hill (New Jersey),-3,,54.5,,,
401423156,2022,regular,9,2022-10-29 17:00:00+00:00,56,Stetson,2181,Drake,William Hill (New Jersey),-7,,47.5,,,
401424409,2022,regular,9,2022-10-29 17:00:00+00:00,2405,Monmouth,119,Towson,Caesars Sportsbook (Colorado),-19.5,,57,,,
401424440,2022,regular,9,2022-10-29 17:00:00+00:00,399,UAlbany,2619,Stony Brook,William Hill (New Jersey),-9.5,,46,,,
401415211,2022,regular,1,2022-09-03 19:30:00+00:00,2751,Wyoming,202,Tulsa,Bovada,6.5,2,46,46.5,160,-185
401415211,2022,regular,1,2022-09-03 19:30:00+00:00,2751,Wyoming,202,Tulsa,teamrankings,6.5,,47,,,
401415211,2022,regular,1,2022-09-03 19:30:00+00:00,2751,Wyoming,202,Tulsa,consensus,6.5,,46,,,
401415211,2022,regular,1,2022-09-03 19:30:00+00:00,2751,Wyoming,202,Tulsa,William Hill (New Jersey),6.5,,46,,,
401426541,2022,regular,1,2022-09-03 19:30:00+00:00,201,Oklahoma,2638,UTEP,Bovada,-31,-37,58.5,56.5,,
401426541,2022,regular,1,2022-09-03 19:30:00+00:00,201,Oklahoma,2638,UTEP,teamrankings,-31,,58,,,
401426541,2022,regular,1,2022-09-03 19:30:00+00:00,201,Oklahoma,2638,UTEP,consensus,-31,,58,,,
401426541,2022,regular,1,2022-09-03 19:30:00+00:00,201,Oklahoma,2638,UTEP,William Hill (New Jersey),-31,,58,,,
401415612,2022,regular,1,2022-09-03 20:00:00+00:00,58,South Florida,252,BYU,Bovada,12.5,12.5,57.5,57.5,,
401415612,2022,regular,1,2022-09-03 20:00:00+00:00,58,South Florida,252,BYU,teamrankings,11,,58.5,,,
401415612,2022,regular,1,2022-09-03 20:00:00+00:00,58,South Florida,252,BYU,consensus,11.5,,58.5,,,
401415612,2022,regular,1,2022-09-03 20:00:00+00:00,58,South Florida,252,BYU,William Hill (New Jersey),11.5,,58.5,,,
401426542,2022,regular,1,2022-09-03 19:30:00+00:00,2636,UTSA,248,Houston,Bovada,4,6.5,62,59,165,-195
401426542,2022,regular,1,2022-09-03 19:30:00+00:00,2636,UTSA,248,Houston,teamrankings,3.5,,61.5,,,
401426542,2022,regular,1,2022-09-03 19:30:00+00:00,2636,UTSA,248,Houston,consensus,3.5,,62,,,
401426542,2022,regular,1,2022-09-03 19:30:00+00:00,2636,UTSA,248,Houston,William Hill (New Jersey),3.5,,62,,,
401403855,2022,regular,1,2022-09-03 19:30:00+00:00,8,Arkansas,2132,Cincinnati,Bovada,-7,-7.5,54.5,54,-230,190
401403855,2022,regular,1,2022-09-03 19:30:00+00:00,8,Arkansas,2132,Cincinnati,teamrankings,-6.5,,54.5,,,
401403855,2022,regular,1,2022-09-03 19:30:00+00:00,8,Arkansas,2132,Cincinnati,consensus,-6.5,,54.5,,,
401403855,2022,regular,1,2022-09-03 19:30:00+00:00,8,Arkansas,2132,Cincinnati,William Hill (New Jersey),-6.5,,54.5,,,
401403860,2022,regular,1,2022-09-03 20:00:00+00:00,145,Ole Miss,2653,Troy,Bovada,-21,-21,57,61,-2200,1000
401403860,2022,regular,1,2022-09-03 20:00:00+00:00,145,Ole Miss,2653,Troy,teamrankings,-21.5,,56.5,,,
401403860,2022,regular,1,2022-09-03 20:00:00+00:00,145,Ole Miss,2653,Troy,consensus,-21.5,,57,,,
401403860,2022,regular,1,2022-09-03 20:00:00+00:00,145,Ole Miss,2653,Troy,William Hill (New Jersey),-21.5,,57,,,
401404134,2022,regular,1,2022-09-03 23:00:00+00:00,324,Coastal Carolina,349,Army,Bovada,-1.5,-3,54,55,-140,120
401404134,2022,regular,1,2022-09-03 23:00:00+00:00,324,Coastal Carolina,349,Army,teamrankings,-1.5,,54,,,
401404134,2022,regular,1,2022-09-03 23:00:00+00:00,324,Coastal Carolina,349,Army,consensus,-1.5,,54,,,
401404134,2022,regular,1,2022-09-03 23:00:00+00:00,324,Coastal Carolina,349,Army,William Hill (New Jersey),-1.5,,54,,,
401405064,2022,regular,1,2022-09-02 00:00:00+00:00,2509,Purdue,213,Penn State,Bovada,3.5,3,53,55,140,-165
401405064,2022,regular,1,2022-09-02 00:00:00+00:00,2509,Purdue,213,Penn State,teamrankings,3.5,,53.5,,,
401405064,2022,regular,1,2022-09-02 00:00:00+00:00,2509,Purdue,213,Penn State,consensus,3.5,,53.5,,,
401405064,2022,regular,1,2022-09-02 00:00:00+00:00,2509,Purdue,213,Penn State,William Hill (New Jersey),3.5,,53.5,,,
401416591,2022,regular,1,2022-09-02 23:00:00+00:00,127,Michigan State,2711,Western Michigan,Bovada,-22,-19,54.5,54.5,-1200,700
401416591,2022,regular,1,2022-09-02 23:00:00+00:00,127,Michigan State,2711,Western Michigan,teamrankings,-22,,54.5,,,
401416591,2022,regular,1,2022-09-02 23:00:00+00:00,127,Michigan State,2711,Western Michigan,consensus,-21.5,,54.5,,,
401416591,2022,regular,1,2022-09-02 23:00:00+00:00,127,Michigan State,2711,Western Michigan,William Hill (New Jersey),-21.5,,54.5,,,
401426330,2022,regular,1,2022-09-02 23:00:00+00:00,295,Old Dominion,259,Virginia Tech,Bovada,6,7,48,52.5,260,-320
401426330,2022,regular,1,2022-09-02 23:00:00+00:00,295,Old Dominion,259,Virginia Tech,teamrankings,6,,48.5,,,
401426330,2022,regular,1,2022-09-02 23:00:00+00:00,295,Old Dominion,259,Virginia Tech,consensus,6,,48.5,,,
401426330,2022,regular,1,2022-09-02 23:00:00+00:00,295,Old Dominion,259,Virginia Tech,William Hill (New Jersey),6,,48.5,,,
401403864,2022,regular,1,2022-09-01 23:00:00+00:00,2633,Tennessee,2050,Ball State,Bovada,-37,-28,66,68,,
401403864,2022,regular,1,2022-09-01 23:00:00+00:00,2633,Tennessee,2050,Ball State,teamrankings,-37,,66.5,,,
401403864,2022,regular,1,2022-09-01 23:00:00+00:00,2633,Tennessee,2050,Ball State,consensus,-35.5,,66.5,,,
401403864,2022,regular,1,2022-09-01 23:00:00+00:00,2633,Tennessee,2050,Ball State,William Hill (New Jersey),-35.5,,66.5,,,
401426537,2022,regular,1,2022-09-02 00:00:00+00:00,142,Missouri,2348,Louisiana Tech,Bovada,-20.5,-17,62.5,58.5,-1200,700
401426537,2022,regular,1,2022-09-02 00:00:00+00:00,142,Missouri,2348,Louisiana Tech,teamrankings,-20,,62.5,,,
401426537,2022,regular,1,2022-09-02 00:00:00+00:00,142,Missouri,2348,Louisiana Tech,consensus,-20.5,,62.5,,,
401426537,2022,regular,1,2022-09-02 00:00:00+00:00,142,Missouri,2348,Louisiana Tech,William Hill (New Jersey),-20.5,,62.5,,,
401403967,2022,regular,1,2022-09-03 19:30:00+00:00,21,San Diego State,12,Arizona,Bovada,-6.5,-7,46.5,49.5,-235,195
401403967,2022,regular,1,2022-09-03 19:30:00+00:00,21,San Diego State,12,Arizona,teamrankings,-6,,46.5,,,
401403967,2022,regular,1,2022-09-03 19:30:00+00:00,21,San Diego State,12,Arizona,consensus,-6.5,,46.5,,,
401403967,2022,regular,1,2022-09-03 19:30:00+00:00,21,San Diego State,12,Arizona,William Hill (New Jersey),-6,,46.5,,,
401405066,2022,regular,1,2022-09-03 16:00:00+00:00,120,Maryland,2084,Buffalo,Bovada,-24,-20.5,66,64.5,-2500,1050
401405066,2022,regular,1,2022-09-03 16:00:00+00:00,120,Maryland,2084,Buffalo,teamrankings,-24,,66,,,
401405066,2022,regular,1,2022-09-03 16:00:00+00:00,120,Maryland,2084,Buffalo,consensus,-24,,65.5,,,
401405066,2022,regular,1,2022-09-03 16:00:00+00:00,120,Maryland,2084,Buffalo,William Hill (New Jersey),-24,,65.5,,,
401405067,2022,regular,1,2022-09-03 16:00:00+00:00,130,Michigan,36,Colorado State,Bovada,-31,-28.5,61,57.5,,
401405067,2022,regular,1,2022-09-03 16:00:00+00:00,130,Michigan,36,Colorado State,teamrankings,-31,,60.5,,,
401405067,2022,regular,1,2022-09-03 16:00:00+00:00,130,Michigan,36,Colorado State,consensus,-31,,60.5,,,
401405067,2022,regular,1,2022-09-03 16:00:00+00:00,130,Michigan,36,Colorado State,William Hill (New Jersey),-31,,61.5,,,
401426540,2022,regular,1,2022-09-03 22:00:00+00:00,30,USC,242,Rice,Bovada,-33,-34.5,62,64.5,,
401426540,2022,regular,1,2022-09-03 22:00:00+00:00,30,USC,242,Rice,teamrankings,-33,,61.5,,,
401426540,2022,regular,1,2022-09-03 22:00:00+00:00,30,USC,242,Rice,consensus,-32.5,,61.5,,,
401426540,2022,regular,1,2022-09-03 22:00:00+00:00,30,USC,242,Rice,William Hill (New Jersey),-33,,61.5,,,
401411095,2022,regular,1,2022-09-03 16:00:00+00:00,2026,App State,153,North Carolina,Bovada,-3,3.5,56.5,57,-120,-120
401411095,2022,regular,1,2022-09-03 16:00:00+00:00,2026,App State,153,North Carolina,teamrankings,-3,,56,,,
401411095,2022,regular,1,2022-09-03 16:00:00+00:00,2026,App State,153,North Carolina,consensus,-3,,56.5,,,
401411095,2022,regular,1,2022-09-03 16:00:00+00:00,2026,App State,153,North Carolina,William Hill (New Jersey),-3,,56,,,
401411096,2022,regular,1,2022-09-03 16:00:00+00:00,151,East Carolina,152,NC State,Bovada,12.5,10.5,52,57.5,300,-400
401411096,2022,regular,1,2022-09-03 16:00:00+00:00,151,East Carolina,152,NC State,teamrankings,12.5,,52,,,
401411096,2022,regular,1,2022-09-03 16:00:00+00:00,151,East Carolina,152,NC State,consensus,12.5,,51.5,,,
401411096,2022,regular,1,2022-09-03 16:00:00+00:00,151,East Carolina,152,NC State,William Hill (New Jersey),12.5,,51.5,,,
401405069,2022,regular,1,2022-09-03 16:00:00+00:00,103,Boston College,164,Rutgers,Bovada,-9.5,-7.5,47,52,-300,250
401405069,2022,regular,1,2022-09-03 16:00:00+00:00,103,Boston College,164,Rutgers,teamrankings,-8.5,,47,,,
401405069,2022,regular,1,2022-09-03 16:00:00+00:00,103,Boston College,164,Rutgers,consensus,-9,,47.5,,,
401405069,2022,regular,1,2022-09-03 16:00:00+00:00,103,Boston College,164,Rutgers,Caesars Sportsbook (Colorado),-9,,47,,,
401426530,2022,regular,1,2022-08-27 23:00:00+00:00,2226,Florida Atlantic,2429,Charlotte,Bovada,-7,-5.5,60,57.5,-300,250
401415212,2022,regular,1,2022-09-03 21:30:00+00:00,2440,Nevada,326,Texas State,Bovada,2,-10,51.5,56.5,-115,-120
401415212,2022,regular,1,2022-09-03 21:30:00+00:00,2440,Nevada,326,Texas State,teamrankings,2,,51.5,,,
401415212,2022,regular,1,2022-09-03 21:30:00+00:00,2440,Nevada,326,Texas State,consensus,2,,51.5,,,
401415212,2022,regular,1,2022-09-03 21:30:00+00:00,2440,Nevada,326,Texas State,William Hill (New Jersey),2,,52,,,
401426536,2022,regular,1,2022-09-03 22:00:00+00:00,195,Ohio,2226,Florida Atlantic,Bovada,6,1.5,51.5,48.5,150,-175
401426536,2022,regular,1,2022-09-03 22:00:00+00:00,195,Ohio,2226,Florida Atlantic,teamrankings,6,,51,,,
401426536,2022,regular,1,2022-09-03 22:00:00+00:00,195,Ohio,2226,Florida Atlantic,consensus,6,,51,,,
401426536,2022,regular,1,2022-09-03 22:00:00+00:00,195,Ohio,2226,Florida Atlantic,William Hill (New Jersey),6,,51,,,
401403858,2022,regular,1,2022-09-03 19:30:00+00:00,61,Georgia,2483,Oregon,Bovada,-16,-17,54,51,-900,575
401403858,2022,regular,1,2022-09-03 19:30:00+00:00,61,Georgia,2483,Oregon,teamrankings,-16,,54.5,,,
401403858,2022,regular,1,2022-09-03 19:30:00+00:00,61,Georgia,2483,Oregon,consensus,-16,,54.5,,,
401403858,2022,regular,1,2022-09-03 19:30:00+00:00,61,Georgia,2483,Oregon,William Hill (New Jersey),-16,,54.5,,,
401414778,2022,regular,1,2022-09-03 23:00:00+00:00,2655,Tulane,113,Massachusetts,Bovada,-28.5,-31,59,60.5,,
401414778,2022,regular,1,2022-09-03 23:00:00+00:00,2655,Tulane,113,Massachusetts,teamrankings,-28.5,,59,,,
401414778,2022,regular,1,2022-09-03 23:00:00+00:00,2655,Tulane,113,Massachusetts,consensus,-28.5,,58.5,,,
401414778,2022,regular,1,2022-09-03 23:00:00+00:00,2655,Tulane,113,Massachusetts,William Hill (New Jersey),-28.5,,59,,,
401411094,2022,regular,1,2022-09-02 23:30:00+00:00,150,Duke,218,Temple,Bovada,-9.5,-6.5,51,54,-260,215
401411094,2022,regular,1,2022-09-02 23:30:00+00:00,150,Duke,218,Temple,teamrankings,-9.5,,51.5,,,
401411094,2022,regular,1,2022-09-02 23:30:00+00:00,150,Duke,218,Temple,consensus,-9.5,,51.5,,,
401411094,2022,regular,1,2022-09-02 23:30:00+00:00,150,Duke,218,Temple,William Hill (New Jersey),-9.5,,51.5,,,
401404157,2022,regular,1,2022-09-03 23:00:00+00:00,2572,Southern Miss,2335,Liberty,Bovada,3.5,4,49.5,53.5,140,-165
401404157,2022,regular,1,2022-09-03 23:00:00+00:00,2572,Southern Miss,2335,Liberty,teamrankings,3.5,,50,,,
401404157,2022,regular,1,2022-09-03 23:00:00+00:00,2572,Southern Miss,2335,Liberty,consensus,3.5,,50,,,
401404157,2022,regular,1,2022-09-03 23:00:00+00:00,2572,Southern Miss,2335,Liberty,William Hill (New Jersey),3.5,,50,,,
401403966,2022,regular,1,2022-09-03 02:00:00+00:00,38,Colorado,2628,TCU,Bovada,14,8,59.5,54.5,290,-380
401403966,2022,regular,1,2022-09-03 02:00:00+00:00,38,Colorado,2628,TCU,teamrankings,13.5,,59,,,
401403966,2022,regular,1,2022-09-03 02:00:00+00:00,38,Colorado,2628,TCU,consensus,13.5,,59.5,,,
401403966,2022,regular,1,2022-09-03 02:00:00+00:00,38,Colorado,2628,TCU,William Hill (New Jersey),13.5,,59.5,,,
401405061,2022,regular,1,2022-09-03 00:00:00+00:00,84,Indiana,356,Illinois,Bovada,-1,-3,48,48.5,-115,-105
401405061,2022,regular,1,2022-09-03 00:00:00+00:00,84,Indiana,356,Illinois,teamrankings,-1,,47.5,,,
401405061,2022,regular,1,2022-09-03 00:00:00+00:00,84,Indiana,356,Illinois,consensus,-1,,47.5,,,
401405061,2022,regular,1,2022-09-03 00:00:00+00:00,84,Indiana,356,Illinois,William Hill (New Jersey),0,,47.5,,,
401405060,2022,regular,1,2022-09-02 01:00:00+00:00,135,Minnesota,166,New Mexico State,Bovada,-36,-38,52,57.5,,
401405060,2022,regular,1,2022-09-02 01:00:00+00:00,135,Minnesota,166,New Mexico State,teamrankings,-36,,52.5,,,
401405060,2022,regular,1,2022-09-02 01:00:00+00:00,135,Minnesota,166,New Mexico State,consensus,-36,,52.5,,,
401405060,2022,regular,1,2022-09-02 01:00:00+00:00,135,Minnesota,166,New Mexico State,William Hill (New Jersey),-36,,52.5,,,
401426538,2022,regular,1,2022-09-03 22:00:00+00:00,256,James Madison,2393,Middle Tennessee,Bovada,-4.5,-5,59.5,58.5,-250,210
401426538,2022,regular,1,2022-09-03 22:00:00+00:00,256,James Madison,2393,Middle Tennessee,teamrankings,-4.5,,60.5,,,
401426538,2022,regular,1,2022-09-03 22:00:00+00:00,256,James Madison,2393,Middle Tennessee,consensus,-4.5,,60.5,,,
401426538,2022,regular,1,2022-09-03 22:00:00+00:00,256,James Madison,2393,Middle Tennessee,William Hill (New Jersey),-4.5,,60.5,,,
401403971,2022,regular,1,2022-09-03 18:30:00+00:00,26,UCLA,189,Bowling Green,Bovada,-24,-30,56,55.5,-2800,1100
401403971,2022,regular,1,2022-09-03 18:30:00+00:00,26,UCLA,189,Bowling Green,teamrankings,-24,,56.5,,,
401403971,2022,regular,1,2022-09-03 18:30:00+00:00,26,UCLA,189,Bowling Green,consensus,-24,,56.5,,,
401403971,2022,regular,1,2022-09-03 18:30:00+00:00,26,UCLA,189,Bowling Green,William Hill (New Jersey),-24,,56.5,,,
401416569,2022,regular,1,2022-09-01 23:00:00+00:00,197,Oklahoma State,2117,Central Michigan,Bovada,-20.5,-18.5,58,59.5,-1800,850
401416569,2022,regular,1,2022-09-01 23:00:00+00:00,197,Oklahoma State,2117,Central Michigan,teamrankings,-20.5,,58,,,
401416569,2022,regular,1,2022-09-01 23:00:00+00:00,197,Oklahoma State,2117,Central Michigan,consensus,-20.5,,58,,,
401416569,2022,regular,1,2022-09-01 23:00:00+00:00,197,Oklahoma State,2117,Central Michigan,William Hill (New Jersey),-21.5,,57.5,,,
401411092,2022,regular,1,2022-09-01 23:00:00+00:00,221,Pittsburgh,277,West Virginia,Bovada,-7.5,-7,50,55,-270,220
401411092,2022,regular,1,2022-09-01 23:00:00+00:00,221,Pittsburgh,277,West Virginia,teamrankings,-7.5,,50,,,
401411092,2022,regular,1,2022-09-01 23:00:00+00:00,221,Pittsburgh,277,West Virginia,consensus,-7.5,,51,,,
401411092,2022,regular,1,2022-09-01 23:00:00+00:00,221,Pittsburgh,277,West Virginia,William Hill (New Jersey),-7.5,,51,,,
401403861,2022,regular,1,2022-09-03 23:30:00+00:00,344,Mississippi State,235,Memphis,Bovada,-17,-13.5,58,56.5,-625,430
401403861,2022,regular,1,2022-09-03 23:30:00+00:00,344,Mississippi State,235,Memphis,teamrankings,-17,,58,,,
401403861,2022,regular,1,2022-09-03 23:30:00+00:00,344,Mississippi State,235,Memphis,consensus,-17,,58,,,
401403861,2022,regular,1,2022-09-03 23:30:00+00:00,344,Mississippi State,235,Memphis,William Hill (New Jersey),-17,,58,,,
401403863,2022,regular,1,2022-09-03 23:30:00+00:00,2579,South Carolina,2247,Georgia State,Bovada,-12.5,-11,54.5,56,-480,350
401403863,2022,regular,1,2022-09-03 23:30:00+00:00,2579,South Carolina,2247,Georgia State,teamrankings,-12.5,,55,,,
401403863,2022,regular,1,2022-09-03 23:30:00+00:00,2579,South Carolina,2247,Georgia State,consensus,-12.5,,55,,,
401403863,2022,regular,1,2022-09-03 23:30:00+00:00,2579,South Carolina,2247,Georgia State,William Hill (New Jersey),-12.5,,54,,,
401441990,2022,regular,1,2022-09-01 23:00:00+00:00,2649,Toledo,2341,Long Island University,Bovada,-47,-47,57.5,55.5,,
401441990,2022,regular,1,2022-09-01 23:00:00+00:00,2649,Toledo,2341,Long Island University,consensus,-47.5,,57,,,
401441990,2022,regular,1,2022-09-01 23:00:00+00:00,2649,Toledo,2341,Long Island University,William Hill (New Jersey),-47,,55.5,,,
401403973,2022,regular,1,2022-09-04 02:30:00+00:00,264,Washington,2309,Kent State,Bovada,-24,-23,61.5,63,-2200,1000
401403973,2022,regular,1,2022-09-04 02:30:00+00:00,264,Washington,2309,Kent State,teamrankings,-23.5,,61.5,,,
401403973,2022,regular,1,2022-09-04 02:30:00+00:00,264,Washington,2309,Kent State,consensus,-23.5,,61.5,,,
401403973,2022,regular,1,2022-09-04 02:30:00+00:00,264,Washington,2309,Kent State,William Hill (New Jersey),-23.5,,61.5,,,
401411093,2022,regular,1,2022-09-01 23:30:00+00:00,154,Wake Forest,2678,VMI,Bovada,-33.5,-31.5,66.5,67.5,,
401411093,2022,regular,1,2022-09-01 23:30:00+00:00,154,Wake Forest,2678,VMI,consensus,-33.5,,66.5,,,
401411093,2022,regular,1,2022-09-01 23:30:00+00:00,154,Wake Forest,2678,VMI,William Hill (New Jersey),-33,,66.5,,,
401403867,2022,regular,1,2022-09-04 23:30:00+00:00,52,Florida State,99,LSU,Bovada,4.5,3,51,51.5,-165,140
401426543,2022,regular,1,2022-09-04 03:59:00+00:00,62,Hawai'i,98,Western Kentucky,Bovada,16.5,9,67.5,62.5,450,-650
401426543,2022,regular,1,2022-09-04 03:59:00+00:00,62,Hawai'i,98,Western Kentucky,teamrankings,16.5,,67.5,,,
401426543,2022,regular,1,2022-09-04 03:59:00+00:00,62,Hawai'i,98,Western Kentucky,consensus,16.5,,67.5,,,
401426543,2022,regular,1,2022-09-04 03:59:00+00:00,62,Hawai'i,98,Western Kentucky,William Hill (New Jersey),16.5,,67.5,,,
401416592,2022,regular,1,2022-09-02 00:00:00+00:00,2459,Northern Illinois,2197,Eastern Illinois,Bovada,-35,-35,55.5,54,,
401416592,2022,regular,1,2022-09-02 00:00:00+00:00,2459,Northern Illinois,2197,Eastern Illinois,consensus,-35,,55.5,,,
401416592,2022,regular,1,2022-09-02 00:00:00+00:00,2459,Northern Illinois,2197,Eastern Illinois,William Hill (New Jersey),-35,,55.5,,,
401403854,2022,regular,1,2022-09-03 23:30:00+00:00,333,Alabama,328,Utah State,Bovada,-42.5,-34,63,62.5,,
401403854,2022,regular,1,2022-09-03 23:30:00+00:00,333,Alabama,328,Utah State,teamrankings,-42,,63,,,
401403854,2022,regular,1,2022-09-03 23:30:00+00:00,333,Alabama,328,Utah State,consensus,-42,,63,,,
401403854,2022,regular,1,2022-09-03 23:30:00+00:00,333,Alabama,328,Utah State,William Hill (New Jersey),-42,,63,,,
401426534,2022,regular,1,2022-09-02 00:00:00+00:00,5,UAB,2010,Alabama A&M,Bovada,-41,-41,60.5,63.5,,
401426534,2022,regular,1,2022-09-02 00:00:00+00:00,5,UAB,2010,Alabama A&M,consensus,-40.5,,60.5,,,
401426534,2022,regular,1,2022-09-02 00:00:00+00:00,5,UAB,2010,Alabama A&M,William Hill (New Jersey),-40.5,,60.5,,,
401428480,2022,regular,1,2022-09-01 22:00:00+00:00,2681,Wagner,2230,Fordham,Bovada,27.5,28.5,64,64,,
401428480,2022,regular,1,2022-09-01 22:00:00+00:00,2681,Wagner,2230,Fordham,consensus,27.5,,64,,,
401428480,2022,regular,1,2022-09-01 22:00:00+00:00,2681,Wagner,2230,Fordham,William Hill (New Jersey),28.5,,64,,,
401403859,2022,regular,1,2022-09-03 23:00:00+00:00,96,Kentucky,193,Miami (OH),Bovada,-16,-21,55,49.5,-1100,650
401403859,2022,regular,1,2022-09-03 23:00:00+00:00,96,Kentucky,193,Miami (OH),teamrankings,-15,,55,,,
401403859,2022,regular,1,2022-09-03 23:00:00+00:00,96,Kentucky,193,Miami (OH),consensus,-15,,55,,,
401403859,2022,regular,1,2022-09-03 23:00:00+00:00,96,Kentucky,193,Miami (OH),William Hill (New Jersey),-16,,55,,,
401403857,2022,regular,1,2022-09-03 23:00:00+00:00,57,Florida,254,Utah,Bovada,2.5,0,51.5,52.5,120,-140
401403857,2022,regular,1,2022-09-03 23:00:00+00:00,57,Florida,254,Utah,teamrankings,2.5,,52,,,
401403857,2022,regular,1,2022-09-03 23:00:00+00:00,57,Florida,254,Utah,consensus,2.5,,51.5,,,
401403857,2022,regular,1,2022-09-03 23:00:00+00:00,57,Florida,254,Utah,William Hill (New Jersey),2.5,,51.5,,,
401418782,2022,regular,1,2022-09-02 00:00:00+00:00,2000,Abilene Christian,2320,Lamar,Bovada,-16,-16.5,50.5,50.5,,
401418782,2022,regular,1,2022-09-02 00:00:00+00:00,2000,Abilene Christian,2320,Lamar,consensus,-16.5,,50.5,,,
401418782,2022,regular,1,2022-09-02 00:00:00+00:00,2000,Abilene Christian,2320,Lamar,William Hill (New Jersey),-17,,50.5,,,
401403965,2022,regular,1,2022-09-02 02:00:00+00:00,9,Arizona State,2464,Northern Arizona,Bovada,-25.5,-27.5,52.5,52,,
401403965,2022,regular,1,2022-09-02 02:00:00+00:00,9,Arizona State,2464,Northern Arizona,consensus,-25.5,,52.5,,,
401403965,2022,regular,1,2022-09-02 02:00:00+00:00,9,Arizona State,2464,Northern Arizona,William Hill (New Jersey),-25.5,,52,,,
401421137,2022,regular,1,2022-09-01 22:00:00+00:00,2097,Campbell,2643,The Citadel,Bovada,-10,-10,56,56,,
401421137,2022,regular,1,2022-09-01 22:00:00+00:00,2097,Campbell,2643,The Citadel,consensus,-9.5,,56,,,
401421137,2022,regular,1,2022-09-01 22:00:00+00:00,2097,Campbell,2643,The Citadel,William Hill (New Jersey),-9.5,,56,,,
401426533,2022,regular,1,2022-09-01 23:00:00+00:00,2229,Florida International,2803,Bryant,Bovada,-10.5,-10,58.5,54,,
401426533,2022,regular,1,2022-09-01 23:00:00+00:00,2229,Florida International,2803,Bryant,consensus,-10.5,,58.5,,,
401426533,2022,regular,1,2022-09-01 23:00:00+00:00,2229,Florida International,2803,Bryant,William Hill (New Jersey),-10,,58.5,,,
401411099,2022,regular,1,2022-09-04 00:00:00+00:00,183,Syracuse,97,Louisville,Bovada,6,4,55,59.5,155,-180
401424402,2022,regular,1,2022-09-01 23:00:00+00:00,160,New Hampshire,2405,Monmouth,Bovada,1.5,1.5,48.5,48.5,,
401424402,2022,regular,1,2022-09-01 23:00:00+00:00,160,New Hampshire,2405,Monmouth,consensus,1.5,,48.5,,,
401424402,2022,regular,1,2022-09-01 23:00:00+00:00,160,New Hampshire,2405,Monmouth,Caesars Sportsbook (Colorado),1.5,,48.5,,,
401404124,2022,regular,1,2022-09-03 23:30:00+00:00,194,Ohio State,87,Notre Dame,Bovada,-17,-14.5,59.5,58,-800,525
401404124,2022,regular,1,2022-09-03 23:30:00+00:00,194,Ohio State,87,Notre Dame,teamrankings,-17,,58.5,,,
401404124,2022,regular,1,2022-09-03 23:30:00+00:00,194,Ohio State,87,Notre Dame,consensus,-17,,58.5,,,
401404124,2022,regular,1,2022-09-03 23:30:00+00:00,194,Ohio State,87,Notre Dame,William Hill (New Jersey),-17,,58.5,,,
401426539,2022,regular,1,2022-09-03 23:30:00+00:00,249,North Texas,2567,SMU,Bovada,9.5,7,67.5,71,285,-370
401426539,2022,regular,1,2022-09-03 23:30:00+00:00,249,North Texas,2567,SMU,teamrankings,9.5,,67.5,,,
401426539,2022,regular,1,2022-09-03 23:30:00+00:00,249,North Texas,2567,SMU,consensus,9.5,,67.5,,,
401426539,2022,regular,1,2022-09-03 23:30:00+00:00,249,North Texas,2567,SMU,William Hill (New Jersey),8.5,,66.5,,,
401424414,2022,regular,1,2022-09-01 23:00:00+00:00,2619,Stony Brook,227,Rhode Island,Bovada,0,0,46,46,,
401424414,2022,regular,1,2022-09-01 23:00:00+00:00,2619,Stony Brook,227,Rhode Island,consensus,0,,46,,,
401424414,2022,regular,1,2022-09-01 23:00:00+00:00,2619,Stony Brook,227,Rhode Island,William Hill (New Jersey),0,,46,,,
401418776,2022,regular,1,2022-09-01 22:00:00+00:00,282,Indiana State,2453,North Alabama,Bovada,-3.5,-3,51.5,51.5,,
401418776,2022,regular,1,2022-09-01 22:00:00+00:00,282,Indiana State,2453,North Alabama,consensus,-3.5,,51.5,,,
401418776,2022,regular,1,2022-09-01 22:00:00+00:00,282,Indiana State,2453,North Alabama,William Hill (New Jersey),-3.5,,51.5,,,
401418645,2022,regular,1,2022-09-01 23:00:00+00:00,2535,Samford,338,Kennesaw State,Bovada,13.5,10.5,68.5,68.5,,
401420806,2022,regular,1,2022-09-02 00:00:00+00:00,2110,Central Arkansas,2623,Missouri State,Bovada,16.5,14.5,65.5,64,,
401420806,2022,regular,1,2022-09-02 00:00:00+00:00,2110,Central Arkansas,2623,Missouri State,consensus,16,,66,,,
401420806,2022,regular,1,2022-09-02 00:00:00+00:00,2110,Central Arkansas,2623,Missouri State,William Hill (New Jersey),16,,66,,,
401415610,2022,regular,1,2022-09-01 23:00:00+00:00,2116,UCF,2569,South Carolina State,Bovada,-43.5,-39.5,58.5,57,,
401415610,2022,regular,1,2022-09-01 23:00:00+00:00,2116,UCF,2569,South Carolina State,consensus,-43.5,,58,,,
401415610,2022,regular,1,2022-09-01 23:00:00+00:00,2116,UCF,2569,South Carolina State,William Hill (New Jersey),-43.5,,57.5,,,
401415213,2022,regular,1,2022-09-02 02:30:00+00:00,23,San José State,2502,Portland State,Bovada,-22,-22,51,54.5,,
401415213,2022,regular,1,2022-09-02 02:30:00+00:00,23,San José State,2502,Portland State,consensus,-22,,51,,,
401415213,2022,regular,1,2022-09-02 02:30:00+00:00,23,San José State,2502,Portland State,William Hill (New Jersey),-22,,51,,,
401404059,2022,regular,1,2022-09-04 00:00:00+00:00,251,Texas,2433,UL Monroe,Bovada,-37.5,-38,64,67,,
401404059,2022,regular,1,2022-09-04 00:00:00+00:00,251,Texas,2433,UL Monroe,teamrankings,-37,,64.5,,,
401404059,2022,regular,1,2022-09-04 00:00:00+00:00,251,Texas,2433,UL Monroe,consensus,-37.5,,64.5,,,
401404059,2022,regular,1,2022-09-04 00:00:00+00:00,251,Texas,2433,UL Monroe,William Hill (New Jersey),-37.5,,64.5,,,
401413224,2022,regular,1,2022-09-02 02:30:00+00:00,278,Fresno State,13,Cal Poly,Bovada,-43,-41,63,59.5,,
401413224,2022,regular,1,2022-09-02 02:30:00+00:00,278,Fresno State,13,Cal Poly,consensus,-42.5,,63,,,
401413224,2022,regular,1,2022-09-02 02:30:00+00:00,278,Fresno State,13,Cal Poly,William Hill (New Jersey),-42,,63,,,
401404056,2022,regular,1,2022-09-03 23:00:00+00:00,2306,Kansas State,233,South Dakota,Bovada,-27,-25,50,47.5,,
401404056,2022,regular,1,2022-09-03 23:00:00+00:00,2306,Kansas State,233,South Dakota,consensus,-27,,50.5,,,
401404056,2022,regular,1,2022-09-03 23:00:00+00:00,2306,Kansas State,233,South Dakota,William Hill (New Jersey),-27,,50.5,,,
401403970,2022,regular,1,2022-09-04 00:00:00+00:00,24,Stanford,2142,Colgate,Bovada,-39,-40,52,51,,
401403970,2022,regular,1,2022-09-04 00:00:00+00:00,24,Stanford,2142,Colgate,consensus,-40,,51.5,,,
401403970,2022,regular,1,2022-09-04 00:00:00+00:00,24,Stanford,2142,Colgate,William Hill (New Jersey),-40,,51.5,,,
401404147,2022,regular,1,2022-09-03 16:00:00+00:00,41,UConn,2115,Central Connecticut,Bovada,-21,-20,51,51.5,,
401404147,2022,regular,1,2022-09-03 16:00:00+00:00,41,UConn,2115,Central Connecticut,consensus,-20.5,,51.5,,,
401404147,2022,regular,1,2022-09-03 16:00:00+00:00,41,UConn,2115,Central Connecticut,William Hill (New Jersey),-20.5,,51,,,
401415209,2022,regular,1,2022-09-03 17:00:00+00:00,2005,Air Force,2460,Northern Iowa,Bovada,-16,-15,47,44,,
401415209,2022,regular,1,2022-09-03 17:00:00+00:00,2005,Air Force,2460,Northern Iowa,consensus,-14.5,,46.5,,,
401415209,2022,regular,1,2022-09-03 17:00:00+00:00,2005,Air Force,2460,Northern Iowa,William Hill (New Jersey),-15,,46.5,,,
401403974,2022,regular,1,2022-09-04 01:30:00+00:00,265,Washington State,70,Idaho,Bovada,-29,-28,63.5,61.5,,
401403974,2022,regular,1,2022-09-04 01:30:00+00:00,265,Washington State,70,Idaho,consensus,-28.5,,63.5,,,
401403974,2022,regular,1,2022-09-04 01:30:00+00:00,265,Washington State,70,Idaho,William Hill (New Jersey),-28.5,,63.5,,,
401405062,2022,regular,1,2022-09-03 16:00:00+00:00,2294,Iowa,2571,South Dakota State,Bovada,-11,-10.5,42.5,42.5,,
401405062,2022,regular,1,2022-09-03 16:00:00+00:00,2294,Iowa,2571,South Dakota State,consensus,-10.5,,42,,,
401405062,2022,regular,1,2022-09-03 16:00:00+00:00,2294,Iowa,2571,South Dakota State,William Hill (New Jersey),-10.5,,42,,,
401411100,2022,regular,1,2022-09-03 16:30:00+00:00,258,Virginia,257,Richmond,Bovada,-22.5,-21,62,58.5,,
401411100,2022,regular,1,2022-09-03 16:30:00+00:00,258,Virginia,257,Richmond,consensus,-21.5,,60.5,,,
401411100,2022,regular,1,2022-09-03 16:30:00+00:00,258,Virginia,257,Richmond,William Hill (New Jersey),-21,,60.5,,,
401415015,2022,regular,1,2022-09-03 19:30:00+00:00,276,Marshall,2450,Norfolk State,Bovada,-40.5,-40.5,59,59,,
401415015,2022,regular,1,2022-09-03 19:30:00+00:00,276,Marshall,2450,Norfolk State,consensus,-40.5,,59,,,
401415015,2022,regular,1,2022-09-03 19:30:00+00:00,276,Marshall,2450,Norfolk State,William Hill (New Jersey),-40.5,,59,,,
401415611,2022,regular,1,2022-09-03 16:00:00+00:00,2426,Navy,48,Delaware,Bovada,-13,-12,49.5,48.5,,
401415611,2022,regular,1,2022-09-03 16:00:00+00:00,2426,Navy,48,Delaware,consensus,-13,,48.5,,,
401415611,2022,regular,1,2022-09-03 16:00:00+00:00,2426,Navy,48,Delaware,William Hill (New Jersey),-12,,49,,,
401421116,2022,regular,1,2022-09-03 21:00:00+00:00,6,South Alabama,2447,Nicholls,Bovada,-13.5,-13.5,53,53,-575,400
401421116,2022,regular,1,2022-09-03 21:00:00+00:00,6,South Alabama,2447,Nicholls,consensus,-13.5,,53,,,
401421116,2022,regular,1,2022-09-03 21:00:00+00:00,6,South Alabama,2447,Nicholls,William Hill (New Jersey),-13.5,,53,,,
401435072,2022,regular,1,2022-09-02 23:00:00+00:00,2771,Merrimack,107,Holy Cross,Bovada,23.5,23,50,50.5,,
401435072,2022,regular,1,2022-09-02 23:00:00+00:00,2771,Merrimack,107,Holy Cross,consensus,23.5,,49.5,,,
401435072,2022,regular,1,2022-09-02 23:00:00+00:00,2771,Merrimack,107,Holy Cross,William Hill (New Jersey),23.5,,49.5,,,
401424415,2022,regular,1,2022-09-02 22:00:00+00:00,222,Villanova,2329,Lehigh,Bovada,-27.5,-28,43,42.5,,
401424415,2022,regular,1,2022-09-02 22:00:00+00:00,222,Villanova,2329,Lehigh,consensus,-27.5,,43,,,
401424415,2022,regular,1,2022-09-02 22:00:00+00:00,222,Villanova,2329,Lehigh,William Hill (New Jersey),-27.5,,43,,,
401403865,2022,regular,1,2022-09-03 16:00:00+00:00,245,Texas A&M,2534,Sam Houston,Bovada,-38,-33,55.5,53.5,,
401403865,2022,regular,1,2022-09-03 16:00:00+00:00,245,Texas A&M,2534,Sam Houston,consensus,-36.5,,54,,,
401403865,2022,regular,1,2022-09-03 16:00:00+00:00,245,Texas A&M,2534,Sam Houston,William Hill (New Jersey),-34.5,,54,,,
401416590,2022,regular,1,2022-09-02 23:00:00+00:00,2199,Eastern Michigan,2198,Eastern Kentucky,Bovada,-10.5,-13,58,58,-435,325
401416590,2022,regular,1,2022-09-02 23:00:00+00:00,2199,Eastern Michigan,2198,Eastern Kentucky,consensus,-10.5,,57.5,,,
401416590,2022,regular,1,2022-09-02 23:00:00+00:00,2199,Eastern Michigan,2198,Eastern Kentucky,William Hill (New Jersey),-11.5,,57.5,,,
401403968,2022,regular,1,2022-09-03 20:00:00+00:00,25,California,302,UC Davis,Bovada,-14,-13.5,44,44,-600,425
401403968,2022,regular,1,2022-09-03 20:00:00+00:00,25,California,302,UC Davis,consensus,-14,,44,,,
401403968,2022,regular,1,2022-09-03 20:00:00+00:00,25,California,302,UC Davis,William Hill (New Jersey),-14,,44,,,
401404052,2022,regular,1,2022-09-03 00:00:00+00:00,2305,Kansas,2635,Tennessee Tech,Bovada,-30,-31,62,60,,
401404052,2022,regular,1,2022-09-03 00:00:00+00:00,2305,Kansas,2635,Tennessee Tech,consensus,-30.5,,62,,,
401404052,2022,regular,1,2022-09-03 00:00:00+00:00,2305,Kansas,2635,Tennessee Tech,William Hill (New Jersey),-30.5,,59.5,,,
401426535,2022,regular,1,2022-09-02 23:00:00+00:00,2429,Charlotte,2729,William & Mary,Bovada,-4.5,-2.5,52,52,-185,160
401426535,2022,regular,1,2022-09-02 23:00:00+00:00,2429,Charlotte,2729,William & Mary,consensus,-4.5,,52,,,
401426535,2022,regular,1,2022-09-02 23:00:00+00:00,2429,Charlotte,2729,William & Mary,William Hill (New Jersey),-4.5,,52,,,
401405065,2022,regular,1,2022-09-03 23:00:00+00:00,275,Wisconsin,2287,Illinois State,Bovada,-36,-36.5,42.5,43,,
401405065,2022,regular,1,2022-09-03 23:00:00+00:00,275,Wisconsin,2287,Illinois State,consensus,-36.5,,42.5,,,
401405065,2022,regular,1,2022-09-03 23:00:00+00:00,275,Wisconsin,2287,Illinois State,William Hill (New Jersey),-36.5,,42.5,,,
401425418,2022,regular,1,2022-09-03 23:00:00+00:00,2032,Arkansas State,2755,Grambling,Bovada,-25.5,-24.5,57,58.5,,
401425418,2022,regular,1,2022-09-03 23:00:00+00:00,2032,Arkansas State,2755,Grambling,consensus,-25.5,,57.5,,,
401425418,2022,regular,1,2022-09-03 23:00:00+00:00,2032,Arkansas State,2755,Grambling,William Hill (New Jersey),-25,,57,,,
401403856,2022,regular,1,2022-09-03 23:00:00+00:00,2,Auburn,2382,Mercer,Bovada,-30,-29,51.5,50,,
401403856,2022,regular,1,2022-09-03 23:00:00+00:00,2,Auburn,2382,Mercer,consensus,-30,,51.5,,,
401403856,2022,regular,1,2022-09-03 23:00:00+00:00,2,Auburn,2382,Mercer,William Hill (New Jersey),-30,,51.5,,,
401421121,2022,regular,1,2022-09-03 23:00:00+00:00,309,Louisiana,2545,SE Louisiana,Bovada,-13,-13,61,61,-550,390
401421121,2022,regular,1,2022-09-03 23:00:00+00:00,309,Louisiana,2545,SE Louisiana,consensus,-13.5,,61,,,
401421121,2022,regular,1,2022-09-03 23:00:00+00:00,309,Louisiana,2545,SE Louisiana,William Hill (New Jersey),-13,,61,,,
401420777,2022,regular,1,2022-09-03 22:00:00+00:00,290,Georgia Southern,2415,Morgan State,Bovada,-39.5,-39.5,54,53.5,,
401420777,2022,regular,1,2022-09-03 22:00:00+00:00,290,Georgia Southern,2415,Morgan State,consensus,-39.5,,53.5,,,
401420777,2022,regular,1,2022-09-03 22:00:00+00:00,290,Georgia Southern,2415,Morgan State,William Hill (New Jersey),-40.5,,54,,,
401403969,2022,regular,1,2022-09-04 02:30:00+00:00,204,Oregon State,68,Boise State,Bovada,-1.5,-2,55.5,60.5,-145,125
401403969,2022,regular,1,2022-09-04 02:30:00+00:00,204,Oregon State,68,Boise State,teamrankings,-2,,55.5,,,
401403969,2022,regular,1,2022-09-04 02:30:00+00:00,204,Oregon State,68,Boise State,consensus,-1.5,,55.5,,,
401403969,2022,regular,1,2022-09-04 02:30:00+00:00,204,Oregon State,68,Boise State,William Hill (New Jersey),-1.5,,55.5,,,
401405063,2022,regular,1,2022-09-03 19:30:00+00:00,158,Nebraska,155,North Dakota,Bovada,-28,-29.5,62.5,62.5,,
401405063,2022,regular,1,2022-09-03 19:30:00+00:00,158,Nebraska,155,North Dakota,consensus,-28.5,,62.5,,,
401405063,2022,regular,1,2022-09-03 19:30:00+00:00,158,Nebraska,155,North Dakota,William Hill (New Jersey),-28.5,,62.5,,,
401424416,2022,regular,1,2022-09-03 23:00:00+00:00,239,Baylor,399,UAlbany,Bovada,-43,-42.5,47.5,45.5,,
401424416,2022,regular,1,2022-09-03 23:00:00+00:00,239,Baylor,399,UAlbany,consensus,-42.5,,46.5,,,
401424416,2022,regular,1,2022-09-03 23:00:00+00:00,239,Baylor,399,UAlbany,William Hill (New Jersey),-42.5,,46,,,
401415210,2022,regular,1,2022-09-04 00:00:00+00:00,167,New Mexico,311,Maine,Bovada,-6.5,-5,42,42,-210,175
401415210,2022,regular,1,2022-09-04 00:00:00+00:00,167,New Mexico,311,Maine,consensus,-6,,42.5,,,
401415210,2022,regular,1,2022-09-04 00:00:00+00:00,167,New Mexico,311,Maine,William Hill (New Jersey),-6,,42.5,,,
401403866,2022,regular,1,2022-09-03 23:00:00+00:00,238,Vanderbilt,2210,Elon,Bovada,-20,-18,51,51,,
401403866,2022,regular,1,2022-09-03 23:00:00+00:00,238,Vanderbilt,2210,Elon,consensus,-18.5,,51.5,,,
401403866,2022,regular,1,2022-09-03 23:00:00+00:00,238,Vanderbilt,2210,Elon,William Hill (New Jersey),-18.5,,51.5,,,
401404055,2022,regular,1,2022-09-04 00:00:00+00:00,2641,Texas Tech,93,Murray State,Bovada,-39,-38,64.5,60,,
401404055,2022,regular,1,2022-09-04 00:00:00+00:00,2641,Texas Tech,93,Murray State,consensus,-38,,64,,,
401404055,2022,regular,1,2022-09-04 00:00:00+00:00,2641,Texas Tech,93,Murray State,William Hill (New Jersey),-38,,64,,,
401403984,2022,regular,2,2022-09-10 19:30:00+00:00,275,Wisconsin,265,Washington State,Bovada,-17.5,-17,49,46.5,-1000,625
401403984,2022,regular,2,2022-09-10 19:30:00+00:00,275,Wisconsin,265,Washington State,teamrankings,-17.5,,48.5,,,
401403984,2022,regular,2,2022-09-10 19:30:00+00:00,275,Wisconsin,265,Washington State,consensus,-17.5,,49,,,
401403984,2022,regular,2,2022-09-10 19:30:00+00:00,275,Wisconsin,265,Washington State,William Hill (New Jersey),-17.5,,49,,,
401404064,2022,regular,2,2022-09-10 20:00:00+00:00,2294,Iowa,66,Iowa State,Bovada,-3.5,-3.5,38.5,41.5,-175,150
401404064,2022,regular,2,2022-09-10 20:00:00+00:00,2294,Iowa,66,Iowa State,teamrankings,-3.5,,39,,,
401404064,2022,regular,2,2022-09-10 20:00:00+00:00,2294,Iowa,66,Iowa State,consensus,-3.5,,39,,,
401404064,2022,regular,2,2022-09-10 20:00:00+00:00,2294,Iowa,66,Iowa State,William Hill (New Jersey),-3.5,,39,,,
401415617,2022,regular,2,2022-09-10 19:30:00+00:00,2426,Navy,235,Memphis,Bovada,4.5,6.5,47,50,170,-200
401415617,2022,regular,2,2022-09-10 19:30:00+00:00,2426,Navy,235,Memphis,teamrankings,4.5,,47.5,,,
401415617,2022,regular,2,2022-09-10 19:30:00+00:00,2426,Navy,235,Memphis,consensus,4.5,,47.5,,,
401415617,2022,regular,2,2022-09-10 19:30:00+00:00,2426,Navy,235,Memphis,William Hill (New Jersey),4.5,,47,,,
401404063,2022,regular,2,2022-09-10 20:00:00+00:00,2641,Texas Tech,248,Houston,Bovada,-4,-3,62.5,65.5,-165,140
401404063,2022,regular,2,2022-09-10 20:00:00+00:00,2641,Texas Tech,248,Houston,teamrankings,-3.5,,62.5,,,
401404063,2022,regular,2,2022-09-10 20:00:00+00:00,2641,Texas Tech,248,Houston,consensus,-4,,62,,,
401404063,2022,regular,2,2022-09-10 20:00:00+00:00,2641,Texas Tech,248,Houston,William Hill (New Jersey),-4,,62,,,
401404062,2022,regular,2,2022-09-11 02:15:00+00:00,252,BYU,239,Baylor,Bovada,-2.5,-2.5,55,53,-150,130
401404062,2022,regular,2,2022-09-11 02:15:00+00:00,252,BYU,239,Baylor,teamrankings,-2.5,,54.5,,,
401404062,2022,regular,2,2022-09-11 02:15:00+00:00,252,BYU,239,Baylor,consensus,-2.5,,55,,,
401404062,2022,regular,2,2022-09-11 02:15:00+00:00,252,BYU,239,Baylor,William Hill (New Jersey),-2.5,,55,,,
401411108,2022,regular,2,2022-09-11 00:00:00+00:00,259,Virginia Tech,103,Boston College,Bovada,-3,-3,45,45,-135,115
401411108,2022,regular,2,2022-09-11 00:00:00+00:00,259,Virginia Tech,103,Boston College,teamrankings,-2.5,,45,,,
401411108,2022,regular,2,2022-09-11 00:00:00+00:00,259,Virginia Tech,103,Boston College,consensus,-3,,45,,,
401411108,2022,regular,2,2022-09-11 00:00:00+00:00,259,Virginia Tech,103,Boston College,William Hill (New Jersey),-3,,45,,,
401403877,2022,regular,2,2022-09-10 19:30:00+00:00,221,Pittsburgh,2633,Tennessee,Bovada,6,6,63,65,185,-225
401403877,2022,regular,2,2022-09-10 19:30:00+00:00,221,Pittsburgh,2633,Tennessee,teamrankings,6,,63,,,
401403877,2022,regular,2,2022-09-10 19:30:00+00:00,221,Pittsburgh,2633,Tennessee,consensus,6,,62.5,,,
401403877,2022,regular,2,2022-09-10 19:30:00+00:00,221,Pittsburgh,2633,Tennessee,William Hill (New Jersey),6,,62.5,,,
401426545,2022,regular,2,2022-09-10 19:30:00+00:00,2429,Charlotte,120,Maryland,Bovada,28,27,65,66.5,,
401426545,2022,regular,2,2022-09-10 19:30:00+00:00,2429,Charlotte,120,Maryland,teamrankings,28,,65,,,
401426545,2022,regular,2,2022-09-10 19:30:00+00:00,2429,Charlotte,120,Maryland,consensus,28,,65,,,
401426545,2022,regular,2,2022-09-10 19:30:00+00:00,2429,Charlotte,120,Maryland,William Hill (New Jersey),28,,65,,,
401404148,2022,regular,2,2022-09-10 23:00:00+00:00,41,UConn,183,Syracuse,Bovada,23.5,19.5,49.5,53.5,950,-2000
401404148,2022,regular,2,2022-09-10 23:00:00+00:00,41,UConn,183,Syracuse,teamrankings,23.5,,49.5,,,
401404148,2022,regular,2,2022-09-10 23:00:00+00:00,41,UConn,183,Syracuse,consensus,23.5,,49.5,,,
401404148,2022,regular,2,2022-09-10 23:00:00+00:00,41,UConn,183,Syracuse,William Hill (New Jersey),24,,49.5,,,
401403871,2022,regular,2,2022-09-10 23:00:00+00:00,57,Florida,96,Kentucky,Bovada,-6,-4.5,53,51.5,-220,180
401403871,2022,regular,2,2022-09-10 23:00:00+00:00,57,Florida,96,Kentucky,teamrankings,-6,,53,,,
401403871,2022,regular,2,2022-09-10 23:00:00+00:00,57,Florida,96,Kentucky,consensus,-6,,52.5,,,
401403871,2022,regular,2,2022-09-10 23:00:00+00:00,57,Florida,96,Kentucky,William Hill (New Jersey),-6,,52.5,,,
401426548,2022,regular,2,2022-09-10 20:00:00+00:00,36,Colorado State,2393,Middle Tennessee,Bovada,-14,-7,58,57,-415,310
401426548,2022,regular,2,2022-09-10 20:00:00+00:00,36,Colorado State,2393,Middle Tennessee,teamrankings,-13.5,,58,,,
401426548,2022,regular,2,2022-09-10 20:00:00+00:00,36,Colorado State,2393,Middle Tennessee,consensus,-13.5,,58.5,,,
401426548,2022,regular,2,2022-09-10 20:00:00+00:00,36,Colorado State,2393,Middle Tennessee,William Hill (New Jersey),-13.5,,58.5,,,
401426551,2022,regular,2,2022-09-10 22:00:00+00:00,2335,Liberty,5,UAB,Bovada,6,5,50,52,200,-240
401426551,2022,regular,2,2022-09-10 22:00:00+00:00,2335,Liberty,5,UAB,teamrankings,6,,50,,,
401426551,2022,regular,2,2022-09-10 22:00:00+00:00,2335,Liberty,5,UAB,consensus,6,,50,,,
401426551,2022,regular,2,2022-09-10 22:00:00+00:00,2335,Liberty,5,UAB,William Hill (New Jersey),6,,49.5,,,
401405073,2022,regular,2,2022-09-10 16:00:00+00:00,77,Northwestern,150,Duke,Bovada,-10,-9,56,56.5,-380,290
401405073,2022,regular,2,2022-09-10 16:00:00+00:00,77,Northwestern,150,Duke,teamrankings,-10,,56.5,,,
401405073,2022,regular,2,2022-09-10 16:00:00+00:00,77,Northwestern,150,Duke,consensus,-10,,56,,,
401405073,2022,regular,2,2022-09-10 16:00:00+00:00,77,Northwestern,150,Duke,William Hill (New Jersey),-10,,56,,,
401426544,2022,regular,2,2022-09-10 23:00:00+00:00,326,Texas State,2229,Florida International,Bovada,-14,-10,62,55,-575,400
401426544,2022,regular,2,2022-09-10 23:00:00+00:00,326,Texas State,2229,Florida International,teamrankings,-13.5,,62.5,,,
401426544,2022,regular,2,2022-09-10 23:00:00+00:00,326,Texas State,2229,Florida International,consensus,-13.5,,62.5,,,
401426544,2022,regular,2,2022-09-10 23:00:00+00:00,326,Texas State,2229,Florida International,William Hill (New Jersey),-13.5,,62.5,,,
401403975,2022,regular,2,2022-09-10 23:30:00+00:00,197,Oklahoma State,9,Arizona State,Bovada,-12,-10,58.5,54,-435,325
401403975,2022,regular,2,2022-09-10 23:30:00+00:00,197,Oklahoma State,9,Arizona State,teamrankings,-12,,58.5,,,
401403975,2022,regular,2,2022-09-10 23:30:00+00:00,197,Oklahoma State,9,Arizona State,consensus,-11.5,,58,,,
401403975,2022,regular,2,2022-09-10 23:30:00+00:00,197,Oklahoma State,9,Arizona State,William Hill (New Jersey),-11.5,,58,,,
401415613,2022,regular,2,2022-09-09 23:30:00+00:00,2116,UCF,97,Louisville,Bovada,-6,-6,63,61.5,-210,175
401415613,2022,regular,2,2022-09-09 23:30:00+00:00,2116,UCF,97,Louisville,teamrankings,-5.5,,62,,,
401415613,2022,regular,2,2022-09-09 23:30:00+00:00,2116,UCF,97,Louisville,consensus,-5.5,,62.5,,,
401415613,2022,regular,2,2022-09-09 23:30:00+00:00,2116,UCF,97,Louisville,William Hill (New Jersey),-5.5,,62.5,,,
401404066,2022,regular,2,2022-09-10 23:00:00+00:00,201,Oklahoma,2309,Kent State,Bovada,-33.5,-32,73,71,,
401404066,2022,regular,2,2022-09-10 23:00:00+00:00,201,Oklahoma,2309,Kent State,teamrankings,-33.5,,73,,,
401404066,2022,regular,2,2022-09-10 23:00:00+00:00,201,Oklahoma,2309,Kent State,consensus,-33,,72.5,,,
401404066,2022,regular,2,2022-09-10 23:00:00+00:00,201,Oklahoma,2309,Kent State,William Hill (New Jersey),-33,,72.5,,,
401415620,2022,regular,2,2022-09-10 23:00:00+00:00,202,Tulsa,2459,Northern Illinois,Bovada,-6.5,-6,63,57,-235,195
401415620,2022,regular,2,2022-09-10 23:00:00+00:00,202,Tulsa,2459,Northern Illinois,teamrankings,-6.5,,63,,,
401415620,2022,regular,2,2022-09-10 23:00:00+00:00,202,Tulsa,2459,Northern Illinois,consensus,-6.5,,63,,,
401415620,2022,regular,2,2022-09-10 23:00:00+00:00,202,Tulsa,2459,Northern Illinois,William Hill (New Jersey),-6.5,,63,,,
401403976,2022,regular,2,2022-09-10 20:00:00+00:00,25,California,2439,UNLV,Bovada,-12.5,-13,49.5,50.5,-480,350
401403976,2022,regular,2,2022-09-10 20:00:00+00:00,25,California,2439,UNLV,teamrankings,-12,,49.5,,,
401403976,2022,regular,2,2022-09-10 20:00:00+00:00,25,California,2439,UNLV,consensus,-12.5,,49.5,,,
401403976,2022,regular,2,2022-09-10 20:00:00+00:00,25,California,2439,UNLV,William Hill (New Jersey),-12.5,,49.5,,,
401415024,2022,regular,2,2022-09-10 22:00:00+00:00,151,East Carolina,295,Old Dominion,Bovada,-13.5,-11,49.5,52,-500,360
401415024,2022,regular,2,2022-09-10 22:00:00+00:00,151,East Carolina,295,Old Dominion,teamrankings,-13,,49.5,,,
401415024,2022,regular,2,2022-09-10 22:00:00+00:00,151,East Carolina,295,Old Dominion,consensus,-13,,50,,,
401415024,2022,regular,2,2022-09-10 22:00:00+00:00,151,East Carolina,295,Old Dominion,William Hill (New Jersey),-13,,50,,,
401403980,2022,regular,2,2022-09-10 23:30:00+00:00,24,Stanford,30,USC,Bovada,9.5,10,67,65,255,-310
401403980,2022,regular,2,2022-09-10 23:30:00+00:00,24,Stanford,30,USC,teamrankings,9.5,,66.5,,,
401403980,2022,regular,2,2022-09-10 23:30:00+00:00,24,Stanford,30,USC,consensus,9.5,,66.5,,,
401403980,2022,regular,2,2022-09-10 23:30:00+00:00,24,Stanford,30,USC,William Hill (New Jersey),9.5,,66.5,,,
401405080,2022,regular,2,2022-09-10 16:00:00+00:00,213,Penn State,195,Ohio,Bovada,-28,-26.5,55,53.5,-2800,1100
401405080,2022,regular,2,2022-09-10 16:00:00+00:00,213,Penn State,195,Ohio,teamrankings,-28,,55,,,
401405080,2022,regular,2,2022-09-10 16:00:00+00:00,213,Penn State,195,Ohio,consensus,-28,,54.5,,,
401405080,2022,regular,2,2022-09-10 16:00:00+00:00,213,Penn State,195,Ohio,William Hill (New Jersey),-28,,55,,,
401411105,2022,regular,2,2022-09-10 16:00:00+00:00,2390,Miami,2572,Southern Miss,Bovada,-27,-27,50.5,57,,
401411105,2022,regular,2,2022-09-10 16:00:00+00:00,2390,Miami,2572,Southern Miss,teamrankings,-27.5,,51,,,
401411105,2022,regular,2,2022-09-10 16:00:00+00:00,2390,Miami,2572,Southern Miss,consensus,-27.5,,50.5,,,
401411105,2022,regular,2,2022-09-10 16:00:00+00:00,2390,Miami,2572,Southern Miss,William Hill (New Jersey),-27.5,,50,,,
401403878,2022,regular,2,2022-09-10 19:30:00+00:00,245,Texas A&M,2026,App State,Bovada,-18,-16.5,54,54,-1100,650
401403878,2022,regular,2,2022-09-10 19:30:00+00:00,245,Texas A&M,2026,App State,teamrankings,-18,,54,,,
401403878,2022,regular,2,2022-09-10 19:30:00+00:00,245,Texas A&M,2026,App State,consensus,-18,,54,,,
401403878,2022,regular,2,2022-09-10 19:30:00+00:00,245,Texas A&M,2026,App State,William Hill (New Jersey),-18,,54,,,
401411103,2022,regular,2,2022-09-10 16:00:00+00:00,2247,Georgia State,153,North Carolina,Bovada,7,9.5,64.5,68,215,-260
401411103,2022,regular,2,2022-09-10 16:00:00+00:00,2247,Georgia State,153,North Carolina,teamrankings,7,,64,,,
401411103,2022,regular,2,2022-09-10 16:00:00+00:00,2247,Georgia State,153,North Carolina,consensus,7,,64,,,
401411103,2022,regular,2,2022-09-10 16:00:00+00:00,2247,Georgia State,153,North Carolina,William Hill (New Jersey),7,,64.5,,,
401405072,2022,regular,2,2022-09-10 23:30:00+00:00,158,Nebraska,290,Georgia Southern,Bovada,-23.5,-21.5,64,59.5,-2800,1100
401405072,2022,regular,2,2022-09-10 23:30:00+00:00,158,Nebraska,290,Georgia Southern,teamrankings,-23.5,,64,,,
401405072,2022,regular,2,2022-09-10 23:30:00+00:00,158,Nebraska,290,Georgia Southern,consensus,-23.5,,64,,,
401405072,2022,regular,2,2022-09-10 23:30:00+00:00,158,Nebraska,290,Georgia Southern,William Hill (New Jersey),-23.5,,64,,,
401403868,2022,regular,2,2022-09-10 16:00:00+00:00,251,Texas,333,Alabama,Bovada,21.5,19.5,64.5,61.5,775,-1500
401403868,2022,regular,2,2022-09-10 16:00:00+00:00,251,Texas,333,Alabama,teamrankings,21,,64,,,
401403868,2022,regular,2,2022-09-10 16:00:00+00:00,251,Texas,333,Alabama,consensus,21,,63.5,,,
401403868,2022,regular,2,2022-09-10 16:00:00+00:00,251,Texas,333,Alabama,William Hill (New Jersey),21.5,,63,,,
401403869,2022,regular,2,2022-09-10 16:00:00+00:00,8,Arkansas,2579,South Carolina,Bovada,-9.5,-9,56.5,53,-320,260
401403869,2022,regular,2,2022-09-10 16:00:00+00:00,8,Arkansas,2579,South Carolina,teamrankings,-9,,56,,,
401403869,2022,regular,2,2022-09-10 16:00:00+00:00,8,Arkansas,2579,South Carolina,consensus,-8.5,,56,,,
401403869,2022,regular,2,2022-09-10 16:00:00+00:00,8,Arkansas,2579,South Carolina,William Hill (New Jersey),-9,,56.5,,,
401426553,2022,regular,2,2022-09-10 16:00:00+00:00,349,Army,2636,UTSA,Bovada,1.5,1.5,54,54,130,-150
401426553,2022,regular,2,2022-09-10 16:00:00+00:00,349,Army,2636,UTSA,teamrankings,2,,54,,,
401426553,2022,regular,2,2022-09-10 16:00:00+00:00,349,Army,2636,UTSA,consensus,2,,54,,,
401426553,2022,regular,2,2022-09-10 16:00:00+00:00,349,Army,2636,UTSA,William Hill (New Jersey),2,,54,,,
401420807,2022,regular,2,2022-09-09 00:00:00+00:00,2623,Missouri State,2630,UT Martin,Bovada,-14,-11,59,56.5,-550,390
401415214,2022,regular,2,2022-09-10 01:00:00+00:00,167,New Mexico,68,Boise State,Bovada,17,17,43.5,46.5,525,-800
401415214,2022,regular,2,2022-09-10 01:00:00+00:00,167,New Mexico,68,Boise State,teamrankings,17,,43.5,,,
401415214,2022,regular,2,2022-09-10 01:00:00+00:00,167,New Mexico,68,Boise State,consensus,17,,43.5,,,
401415214,2022,regular,2,2022-09-10 01:00:00+00:00,167,New Mexico,68,Boise State,William Hill (New Jersey),17,,43.5,,,
401426552,2022,regular,2,2022-09-11 01:00:00+00:00,2638,UTEP,166,New Mexico State,Bovada,-17,-13.5,46,46,-850,550
401426552,2022,regular,2,2022-09-11 01:00:00+00:00,2638,UTEP,166,New Mexico State,teamrankings,-17,,46.5,,,
401426552,2022,regular,2,2022-09-11 01:00:00+00:00,2638,UTEP,166,New Mexico State,consensus,-17.5,,46.5,,,
401426552,2022,regular,2,2022-09-11 01:00:00+00:00,2638,UTEP,166,New Mexico State,William Hill (New Jersey),-17,,46.5,,,
401403977,2022,regular,2,2022-09-10 19:30:00+00:00,2005,Air Force,38,Colorado,Bovada,-17.5,-16,50,45.5,-900,575
401403977,2022,regular,2,2022-09-10 19:30:00+00:00,2005,Air Force,38,Colorado,teamrankings,-17.5,,50,,,
401403977,2022,regular,2,2022-09-10 19:30:00+00:00,2005,Air Force,38,Colorado,consensus,-17.5,,50,,,
401403977,2022,regular,2,2022-09-10 19:30:00+00:00,2005,Air Force,38,Colorado,William Hill (New Jersey),-17.5,,50,,,
401403979,2022,regular,2,2022-09-11 02:30:00+00:00,278,Fresno State,204,Oregon State,Bovada,-1,-1,59,60.5,-115,-105
401403979,2022,regular,2,2022-09-11 02:30:00+00:00,278,Fresno State,204,Oregon State,teamrankings,-1,,59,,,
401403979,2022,regular,2,2022-09-11 02:30:00+00:00,278,Fresno State,204,Oregon State,consensus,-1,,58.5,,,
401403979,2022,regular,2,2022-09-11 02:30:00+00:00,278,Fresno State,204,Oregon State,William Hill (New Jersey),-1,,58.5,,,
401403875,2022,regular,2,2022-09-11 03:00:00+00:00,12,Arizona,344,Mississippi State,Bovada,13,8.5,58.5,61,290,-380
401403875,2022,regular,2,2022-09-11 03:00:00+00:00,12,Arizona,344,Mississippi State,teamrankings,11.5,,57.5,,,
401403875,2022,regular,2,2022-09-11 03:00:00+00:00,12,Arizona,344,Mississippi State,consensus,12.5,,58,,,
401403875,2022,regular,2,2022-09-11 03:00:00+00:00,12,Arizona,344,Mississippi State,William Hill (New Jersey),12.5,,58,,,
401405077,2022,regular,2,2022-09-11 00:00:00+00:00,130,Michigan,62,Hawai'i,Bovada,-53,-50,66.5,65,,
401405077,2022,regular,2,2022-09-11 00:00:00+00:00,130,Michigan,62,Hawai'i,teamrankings,-52.5,,66.5,,,
401405077,2022,regular,2,2022-09-11 00:00:00+00:00,130,Michigan,62,Hawai'i,consensus,-52.5,,66.5,,,
401405077,2022,regular,2,2022-09-11 00:00:00+00:00,130,Michigan,62,Hawai'i,William Hill (New Jersey),-53,,66.5,,,
401403879,2022,regular,2,2022-09-10 16:00:00+00:00,238,Vanderbilt,154,Wake Forest,Bovada,14,6.5,65.5,61.5,340,-460
401403879,2022,regular,2,2022-09-10 16:00:00+00:00,238,Vanderbilt,154,Wake Forest,teamrankings,13.5,,65.5,,,
401403879,2022,regular,2,2022-09-10 16:00:00+00:00,238,Vanderbilt,154,Wake Forest,consensus,13.5,,65,,,
401403879,2022,regular,2,2022-09-10 16:00:00+00:00,238,Vanderbilt,154,Wake Forest,William Hill (New Jersey),13.5,,65,,,
401403876,2022,regular,2,2022-09-10 16:00:00+00:00,2306,Kansas State,142,Missouri,Bovada,-7,-8.5,52.5,55.5,-300,250
401403876,2022,regular,2,2022-09-10 16:00:00+00:00,2306,Kansas State,142,Missouri,teamrankings,-7,,52.5,,,
401403876,2022,regular,2,2022-09-10 16:00:00+00:00,2306,Kansas State,142,Missouri,consensus,-7.5,,52.5,,,
401403876,2022,regular,2,2022-09-10 16:00:00+00:00,2306,Kansas State,142,Missouri,William Hill (New Jersey),-7,,52.5,,,
401404065,2022,regular,2,2022-09-10 22:00:00+00:00,277,West Virginia,2305,Kansas,Bovada,-14,-13.5,60,57.5,-525,375
401404065,2022,regular,2,2022-09-10 22:00:00+00:00,277,West Virginia,2305,Kansas,teamrankings,-14,,59.5,,,
401404065,2022,regular,2,2022-09-10 22:00:00+00:00,277,West Virginia,2305,Kansas,consensus,-14,,59.5,,,
401404065,2022,regular,2,2022-09-10 22:00:00+00:00,277,West Virginia,2305,Kansas,William Hill (New Jersey),-14,,60,,,
401416594,2022,regular,2,2022-09-10 18:00:00+00:00,2050,Ball State,2711,Western Michigan,Bovada,6.5,6.5,52,55.5,200,-240
401416594,2022,regular,2,2022-09-10 18:00:00+00:00,2050,Ball State,2711,Western Michigan,teamrankings,6.5,,51.5,,,
401416594,2022,regular,2,2022-09-10 18:00:00+00:00,2050,Ball State,2711,Western Michigan,consensus,6.5,,51.5,,,
401416594,2022,regular,2,2022-09-10 18:00:00+00:00,2050,Ball State,2711,Western Michigan,William Hill (New Jersey),6.5,,51.5,,,
401405078,2022,regular,2,2022-09-10 20:00:00+00:00,127,Michigan State,2006,Akron,Bovada,-34.5,-34.5,56,56,,
401405078,2022,regular,2,2022-09-10 20:00:00+00:00,127,Michigan State,2006,Akron,teamrankings,-34.5,,56,,,
401405078,2022,regular,2,2022-09-10 20:00:00+00:00,127,Michigan State,2006,Akron,consensus,-34.5,,56,,,
401405078,2022,regular,2,2022-09-10 20:00:00+00:00,127,Michigan State,2006,Akron,William Hill (New Jersey),-34.5,,56,,,
401416598,2022,regular,2,2022-09-10 23:00:00+00:00,309,Louisiana,2199,Eastern Michigan,Bovada,-11,-11,56,56,-450,335
401416598,2022,regular,2,2022-09-10 23:00:00+00:00,309,Louisiana,2199,Eastern Michigan,teamrankings,-11,,56,,,
401416598,2022,regular,2,2022-09-10 23:00:00+00:00,309,Louisiana,2199,Eastern Michigan,consensus,-11,,56,,,
401416598,2022,regular,2,2022-09-10 23:00:00+00:00,309,Louisiana,2199,Eastern Michigan,William Hill (New Jersey),-11,,56,,,
401405070,2022,regular,2,2022-09-10 20:00:00+00:00,356,Illinois,258,Virginia,Bovada,-3.5,-3.5,55,56.5,-175,150
401405070,2022,regular,2,2022-09-10 20:00:00+00:00,356,Illinois,258,Virginia,teamrankings,-4,,55,,,
401405070,2022,regular,2,2022-09-10 20:00:00+00:00,356,Illinois,258,Virginia,consensus,-4,,55,,,
401405070,2022,regular,2,2022-09-10 20:00:00+00:00,356,Illinois,258,Virginia,William Hill (New Jersey),-4,,55,,,
401416597,2022,regular,2,2022-09-10 17:00:00+00:00,2117,Central Michigan,6,South Alabama,Bovada,-6,-6.5,57.5,59,-200,170
401416597,2022,regular,2,2022-09-10 17:00:00+00:00,2117,Central Michigan,6,South Alabama,teamrankings,-6,,57.5,,,
401416597,2022,regular,2,2022-09-10 17:00:00+00:00,2117,Central Michigan,6,South Alabama,consensus,-6,,57.5,,,
401416597,2022,regular,2,2022-09-10 17:00:00+00:00,2117,Central Michigan,6,South Alabama,William Hill (New Jersey),-6,,57.5,,,
401403870,2022,regular,2,2022-09-10 23:30:00+00:00,2,Auburn,23,San José State,Bovada,-24,-23,48.5,51.5,-2800,1100
401403870,2022,regular,2,2022-09-10 23:30:00+00:00,2,Auburn,23,San José State,teamrankings,-24,,48.5,,,
401403870,2022,regular,2,2022-09-10 23:30:00+00:00,2,Auburn,23,San José State,consensus,-24,,48.5,,,
401403870,2022,regular,2,2022-09-10 23:30:00+00:00,2,Auburn,23,San José State,William Hill (New Jersey),-24,,48.5,,,
401404125,2022,regular,2,2022-09-10 18:30:00+00:00,87,Notre Dame,276,Marshall,Bovada,-21,-19,48.5,52,-1800,850
401404125,2022,regular,2,2022-09-10 18:30:00+00:00,87,Notre Dame,276,Marshall,teamrankings,-20.5,,48,,,
401404125,2022,regular,2,2022-09-10 18:30:00+00:00,87,Notre Dame,276,Marshall,consensus,-20.5,,48,,,
401404125,2022,regular,2,2022-09-10 18:30:00+00:00,87,Notre Dame,276,Marshall,William Hill (New Jersey),-20.5,,48,,,
401405079,2022,regular,2,2022-09-10 16:00:00+00:00,194,Ohio State,2032,Arkansas State,Bovada,-44.5,-44,68.5,68.5,,
401405079,2022,regular,2,2022-09-10 16:00:00+00:00,194,Ohio State,2032,Arkansas State,teamrankings,-44.5,,68.5,,,
401405079,2022,regular,2,2022-09-10 16:00:00+00:00,194,Ohio State,2032,Arkansas State,consensus,-44.5,,68.5,,,
401405079,2022,regular,2,2022-09-10 16:00:00+00:00,194,Ohio State,2032,Arkansas State,William Hill (New Jersey),-44.5,,68.5,,,
401414779,2022,regular,2,2022-09-10 23:00:00+00:00,2649,Toledo,113,Massachusetts,Bovada,-28.5,-30.5,49,53.5,,
401414779,2022,regular,2,2022-09-10 23:00:00+00:00,2649,Toledo,113,Massachusetts,teamrankings,-28,,49,,,
401414779,2022,regular,2,2022-09-10 23:00:00+00:00,2649,Toledo,113,Massachusetts,consensus,-28,,49.5,,,
401414779,2022,regular,2,2022-09-10 23:00:00+00:00,2649,Toledo,113,Massachusetts,William Hill (New Jersey),-28,,48.5,,,
401404068,2022,regular,3,2022-09-17 20:00:00+00:00,248,Houston,2305,Kansas,Bovada,-8.5,-10.5,58.5,62,-310,255
401404068,2022,regular,3,2022-09-17 20:00:00+00:00,248,Houston,2305,Kansas,teamrankings,-8.5,,58,,,
401404068,2022,regular,3,2022-09-17 20:00:00+00:00,248,Houston,2305,Kansas,consensus,-8.5,,58,,,
401404068,2022,regular,3,2022-09-17 20:00:00+00:00,248,Houston,2305,Kansas,William Hill (New Jersey),-8.5,,58,,,
401405084,2022,regular,3,2022-09-17 16:00:00+00:00,183,Syracuse,2509,Purdue,Bovada,-1.5,1,60,59,-120,105
401405084,2022,regular,3,2022-09-17 16:00:00+00:00,183,Syracuse,2509,Purdue,teamrankings,-1.5,,59.5,,,
401405084,2022,regular,3,2022-09-17 16:00:00+00:00,183,Syracuse,2509,Purdue,consensus,-1.5,,59.5,,,
401405084,2022,regular,3,2022-09-17 16:00:00+00:00,183,Syracuse,2509,Purdue,William Hill (New Jersey),-1.5,,59.5,,,
401415623,2022,regular,3,2022-09-17 16:00:00+00:00,193,Miami (OH),2132,Cincinnati,Bovada,24,20,51,50,1050,-2500
401415623,2022,regular,3,2022-09-17 16:00:00+00:00,193,Miami (OH),2132,Cincinnati,teamrankings,24,,51,,,
401415623,2022,regular,3,2022-09-17 16:00:00+00:00,193,Miami (OH),2132,Cincinnati,consensus,24,,51,,,
401415623,2022,regular,3,2022-09-17 16:00:00+00:00,193,Miami (OH),2132,Cincinnati,William Hill (New Jersey),24,,50,,,
401403891,2022,regular,3,2022-09-17 19:30:00+00:00,2459,Northern Illinois,238,Vanderbilt,Bovada,-2.5,-1.5,58.5,61.5,-130,110
401403891,2022,regular,3,2022-09-17 19:30:00+00:00,2459,Northern Illinois,238,Vanderbilt,teamrankings,-2.5,,58.5,,,
401403891,2022,regular,3,2022-09-17 19:30:00+00:00,2459,Northern Illinois,238,Vanderbilt,consensus,-2.5,,58.5,,,
401403891,2022,regular,3,2022-09-17 19:30:00+00:00,2459,Northern Illinois,238,Vanderbilt,William Hill (New Jersey),-2.5,,58,,,
401403882,2022,regular,3,2022-09-17 19:30:00+00:00,2,Auburn,213,Penn State,Bovada,2,3,47.5,48.5,120,-140
401403882,2022,regular,3,2022-09-17 19:30:00+00:00,2,Auburn,213,Penn State,teamrankings,2.5,,47.5,,,
401403882,2022,regular,3,2022-09-17 19:30:00+00:00,2,Auburn,213,Penn State,consensus,2.5,,47.5,,,
401403882,2022,regular,3,2022-09-17 19:30:00+00:00,2,Auburn,213,Penn State,William Hill (New Jersey),2.5,,47.5,,,
401403880,2022,regular,3,2022-09-17 20:00:00+00:00,333,Alabama,2433,UL Monroe,Bovada,-49.5,-50,61.5,60,,
401403880,2022,regular,3,2022-09-17 20:00:00+00:00,333,Alabama,2433,UL Monroe,teamrankings,-49.5,,68.5,,,
401403880,2022,regular,3,2022-09-17 20:00:00+00:00,333,Alabama,2433,UL Monroe,consensus,-49.5,,61.5,,,
401403880,2022,regular,3,2022-09-17 20:00:00+00:00,333,Alabama,2433,UL Monroe,William Hill (New Jersey),-49.5,,61.5,,,
401405082,2022,regular,3,2022-09-17 23:30:00+00:00,2294,Iowa,2440,Nevada,Bovada,-23.5,-21.5,39.5,40.5,-3500,1125
401405082,2022,regular,3,2022-09-17 23:30:00+00:00,2294,Iowa,2440,Nevada,teamrankings,-24,,39,,,
401405082,2022,regular,3,2022-09-17 23:30:00+00:00,2294,Iowa,2440,Nevada,consensus,-24,,39.5,,,
401405082,2022,regular,3,2022-09-17 23:30:00+00:00,2294,Iowa,2440,Nevada,William Hill (New Jersey),-24,,39.5,,,
401403991,2022,regular,3,2022-09-17 18:00:00+00:00,26,UCLA,6,South Alabama,Bovada,-15.5,-14,59,59,-650,450
401403991,2022,regular,3,2022-09-17 18:00:00+00:00,26,UCLA,6,South Alabama,teamrankings,-15.5,,59.5,,,
401403991,2022,regular,3,2022-09-17 18:00:00+00:00,26,UCLA,6,South Alabama,consensus,-15.5,,59,,,
401403991,2022,regular,3,2022-09-17 18:00:00+00:00,26,UCLA,6,South Alabama,William Hill (New Jersey),-15.5,,59,,,
401426562,2022,regular,3,2022-09-18 00:00:00+00:00,251,Texas,2636,UTSA,Bovada,-13,-13.5,57,59,-500,360
401426562,2022,regular,3,2022-09-18 00:00:00+00:00,251,Texas,2636,UTSA,teamrankings,-13,,57.5,,,
401426562,2022,regular,3,2022-09-18 00:00:00+00:00,251,Texas,2636,UTSA,consensus,-13,,57,,,
401426562,2022,regular,3,2022-09-18 00:00:00+00:00,251,Texas,2636,UTSA,William Hill (New Jersey),-13.5,,57,,,
401404069,2022,regular,3,2022-09-17 18:00:00+00:00,66,Iowa State,195,Ohio,Bovada,-19.5,-21.5,47.5,49,-1100,650
401404069,2022,regular,3,2022-09-17 18:00:00+00:00,66,Iowa State,195,Ohio,teamrankings,-20,,48,,,
401404069,2022,regular,3,2022-09-17 18:00:00+00:00,66,Iowa State,195,Ohio,consensus,-20,,48,,,
401404069,2022,regular,3,2022-09-17 18:00:00+00:00,66,Iowa State,195,Ohio,William Hill (New Jersey),-20,,48.5,,,
401404074,2022,regular,3,2022-09-17 19:00:00+00:00,2306,Kansas State,2655,Tulane,Bovada,-13.5,-16.5,49,49,-625,430
401404074,2022,regular,3,2022-09-17 19:00:00+00:00,2306,Kansas State,2655,Tulane,teamrankings,-13.5,,49,,,
401404074,2022,regular,3,2022-09-17 19:00:00+00:00,2306,Kansas State,2655,Tulane,consensus,-14,,49.5,,,
401404074,2022,regular,3,2022-09-17 19:00:00+00:00,2306,Kansas State,2655,Tulane,William Hill (New Jersey),-13.5,,49,,,
401404159,2022,regular,3,2022-09-17 21:00:00+00:00,154,Wake Forest,2335,Liberty,Bovada,-18,-17,65,62.5,-750,500
401404159,2022,regular,3,2022-09-17 21:00:00+00:00,154,Wake Forest,2335,Liberty,teamrankings,-17.5,,64,,,
401404159,2022,regular,3,2022-09-17 21:00:00+00:00,154,Wake Forest,2335,Liberty,consensus,-17.5,,63.5,,,
401404159,2022,regular,3,2022-09-17 21:00:00+00:00,154,Wake Forest,2335,Liberty,William Hill (New Jersey),-17.5,,64,,,
401403886,2022,regular,3,2022-09-17 19:30:00+00:00,59,Georgia Tech,145,Ole Miss,Bovada,17.5,14.5,62.5,60,525,-800
401403886,2022,regular,3,2022-09-17 19:30:00+00:00,59,Georgia Tech,145,Ole Miss,teamrankings,17,,63,,,
401403886,2022,regular,3,2022-09-17 19:30:00+00:00,59,Georgia Tech,145,Ole Miss,consensus,17,,63,,,
401403886,2022,regular,3,2022-09-17 19:30:00+00:00,59,Georgia Tech,145,Ole Miss,William Hill (New Jersey),17,,62.5,,,
401426563,2022,regular,3,2022-09-17 16:00:00+00:00,84,Indiana,98,Western Kentucky,Bovada,-7,-7.5,61.5,59,-280,230
401426563,2022,regular,3,2022-09-17 16:00:00+00:00,84,Indiana,98,Western Kentucky,teamrankings,-7,,61,,,
401426563,2022,regular,3,2022-09-17 16:00:00+00:00,84,Indiana,98,Western Kentucky,consensus,-7,,61.5,,,
401426563,2022,regular,3,2022-09-17 16:00:00+00:00,84,Indiana,98,Western Kentucky,William Hill (New Jersey),-7,,61.5,,,
401403989,2022,regular,3,2022-09-17 19:30:00+00:00,2483,Oregon,252,BYU,Bovada,-4,-4,58,56.5,-170,145
401403989,2022,regular,3,2022-09-17 19:30:00+00:00,2483,Oregon,252,BYU,teamrankings,-3.5,,58,,,
401403989,2022,regular,3,2022-09-17 19:30:00+00:00,2483,Oregon,252,BYU,consensus,-3.5,,57.5,,,
401403989,2022,regular,3,2022-09-17 19:30:00+00:00,2483,Oregon,252,BYU,William Hill (New Jersey),-3.5,,58,,,
401403890,2022,regular,3,2022-09-18 01:00:00+00:00,245,Texas A&M,2390,Miami,Bovada,-6.5,-6,45.5,48.5,-210,175
401403890,2022,regular,3,2022-09-18 01:00:00+00:00,245,Texas A&M,2390,Miami,teamrankings,-6.5,,45.5,,,
401403890,2022,regular,3,2022-09-18 01:00:00+00:00,245,Texas A&M,2390,Miami,consensus,-6.5,,45.5,,,
401403890,2022,regular,3,2022-09-18 01:00:00+00:00,245,Texas A&M,2390,Miami,William Hill (New Jersey),-6.5,,45,,,
401404072,2022,regular,3,2022-09-17 23:00:00+00:00,152,NC State,2641,Texas Tech,Bovada,-10,-10,56,55.5,-370,285
401404072,2022,regular,3,2022-09-17 23:00:00+00:00,152,NC State,2641,Texas Tech,teamrankings,-10.5,,55.5,,,
401404072,2022,regular,3,2022-09-17 23:00:00+00:00,152,NC State,2641,Texas Tech,consensus,-10.5,,56,,,
401404072,2022,regular,3,2022-09-17 23:00:00+00:00,152,NC State,2641,Texas Tech,William Hill (New Jersey),-10.5,,55.5,,,
401411109,2022,regular,3,2022-09-16 23:30:00+00:00,97,Louisville,52,Florida State,Bovada,3,1.5,57,54.5,130,-150
401411109,2022,regular,3,2022-09-16 23:30:00+00:00,97,Louisville,52,Florida State,teamrankings,2.5,,57,,,
401411109,2022,regular,3,2022-09-16 23:30:00+00:00,97,Louisville,52,Florida State,consensus,2.5,,57,,,
401411109,2022,regular,3,2022-09-16 23:30:00+00:00,97,Louisville,52,Florida State,William Hill (New Jersey),2.5,,57,,,
401404149,2022,regular,3,2022-09-17 16:00:00+00:00,130,Michigan,41,UConn,Bovada,-47.5,-47,58.5,59.5,,
401404149,2022,regular,3,2022-09-17 16:00:00+00:00,130,Michigan,41,UConn,teamrankings,-47.5,,59,,,
401404149,2022,regular,3,2022-09-17 16:00:00+00:00,130,Michigan,41,UConn,consensus,-47.5,,59,,,
401404149,2022,regular,3,2022-09-17 16:00:00+00:00,130,Michigan,41,UConn,William Hill (New Jersey),-47.5,,59,,,
401404071,2022,regular,3,2022-09-17 16:00:00+00:00,239,Baylor,326,Texas State,Bovada,-30,-30,53,53,,
401404071,2022,regular,3,2022-09-17 16:00:00+00:00,239,Baylor,326,Texas State,teamrankings,-30,,53,,,
401404071,2022,regular,3,2022-09-17 16:00:00+00:00,239,Baylor,326,Texas State,consensus,-30,,53,,,
401404071,2022,regular,3,2022-09-17 16:00:00+00:00,239,Baylor,326,Texas State,William Hill (New Jersey),-30,,53,,,
401405087,2022,regular,3,2022-09-17 23:30:00+00:00,120,Maryland,2567,SMU,Bovada,-3,-2.5,74,70,-145,125
401405087,2022,regular,3,2022-09-17 23:30:00+00:00,120,Maryland,2567,SMU,teamrankings,-3,,74,,,
401405087,2022,regular,3,2022-09-17 23:30:00+00:00,120,Maryland,2567,SMU,consensus,-2.5,,73.5,,,
401405087,2022,regular,3,2022-09-17 23:30:00+00:00,120,Maryland,2567,SMU,William Hill (New Jersey),-3,,73.5,,,
401426561,2022,regular,3,2022-09-18 00:00:00+00:00,167,New Mexico,2638,UTEP,Bovada,2,3.5,38,41,115,-135
401426561,2022,regular,3,2022-09-18 00:00:00+00:00,167,New Mexico,2638,UTEP,teamrankings,2,,38,,,
401426561,2022,regular,3,2022-09-18 00:00:00+00:00,167,New Mexico,2638,UTEP,consensus,2,,38,,,
401426561,2022,regular,3,2022-09-18 00:00:00+00:00,167,New Mexico,2638,UTEP,William Hill (New Jersey),2,,38,,,
401403888,2022,regular,3,2022-09-17 16:00:00+00:00,2579,South Carolina,61,Georgia,Bovada,25.5,24.5,56,50.5,1200,-4000
401403888,2022,regular,3,2022-09-17 16:00:00+00:00,2579,South Carolina,61,Georgia,teamrankings,25.5,,56,,,
401403888,2022,regular,3,2022-09-17 16:00:00+00:00,2579,South Carolina,61,Georgia,consensus,25.5,,56,,,
401403888,2022,regular,3,2022-09-17 16:00:00+00:00,2579,South Carolina,61,Georgia,William Hill (New Jersey),25.5,,55.5,,,
401403993,2022,regular,3,2022-09-18 02:00:00+00:00,254,Utah,21,San Diego State,Bovada,-22.5,-21,48.5,49.5,-1800,850
401403993,2022,regular,3,2022-09-18 02:00:00+00:00,254,Utah,21,San Diego State,teamrankings,-21.5,,48,,,
401403993,2022,regular,3,2022-09-18 02:00:00+00:00,254,Utah,21,San Diego State,consensus,-22.5,,48.5,,,
401403993,2022,regular,3,2022-09-18 02:00:00+00:00,254,Utah,21,San Diego State,William Hill (New Jersey),-22.5,,48.5,,,
401403992,2022,regular,3,2022-09-18 02:30:00+00:00,30,USC,278,Fresno State,Bovada,-12,-13,71.5,71,-450,335
401403992,2022,regular,3,2022-09-18 02:30:00+00:00,30,USC,278,Fresno State,teamrankings,-11,,71,,,
401403992,2022,regular,3,2022-09-18 02:30:00+00:00,30,USC,278,Fresno State,consensus,-11.5,,71.5,,,
401403992,2022,regular,3,2022-09-18 02:30:00+00:00,30,USC,278,Fresno State,William Hill (New Jersey),-12,,71.5,,,
401403994,2022,regular,3,2022-09-17 23:30:00+00:00,264,Washington,127,Michigan State,Bovada,-3.5,-1,56.5,55,-165,140
401403994,2022,regular,3,2022-09-17 23:30:00+00:00,264,Washington,127,Michigan State,teamrankings,-3.5,,56.5,,,
401403994,2022,regular,3,2022-09-17 23:30:00+00:00,264,Washington,127,Michigan State,consensus,-3.5,,56.5,,,
401403994,2022,regular,3,2022-09-17 23:30:00+00:00,264,Washington,127,Michigan State,William Hill (New Jersey),-3.5,,56.5,,,
401403889,2022,regular,3,2022-09-17 23:00:00+00:00,2633,Tennessee,2006,Akron,Bovada,-47.5,-47.5,67,65.5,,
401403889,2022,regular,3,2022-09-17 23:00:00+00:00,2633,Tennessee,2006,Akron,teamrankings,-47.5,,67,,,
401403889,2022,regular,3,2022-09-17 23:00:00+00:00,2633,Tennessee,2006,Akron,consensus,-47.5,,67,,,
401403889,2022,regular,3,2022-09-17 23:00:00+00:00,2633,Tennessee,2006,Akron,William Hill (New Jersey),-47.5,,67,,,
401403883,2022,regular,3,2022-09-17 23:30:00+00:00,57,Florida,58,South Florida,Bovada,-23.5,-24.5,58,59,-2800,1100
401403883,2022,regular,3,2022-09-17 23:30:00+00:00,57,Florida,58,South Florida,teamrankings,-23.5,,58,,,
401403883,2022,regular,3,2022-09-17 23:30:00+00:00,57,Florida,58,South Florida,consensus,-23.5,,58.5,,,
401403883,2022,regular,3,2022-09-17 23:30:00+00:00,57,Florida,58,South Florida,William Hill (New Jersey),-23.5,,58,,,
401435074,2022,regular,3,2022-09-16 23:00:00+00:00,108,Harvard,2771,Merrimack,Bovada,-28.5,-28,50.5,52.5,,
401435074,2022,regular,3,2022-09-16 23:00:00+00:00,108,Harvard,2771,Merrimack,consensus,-28.5,,50.5,,,
401435074,2022,regular,3,2022-09-16 23:00:00+00:00,108,Harvard,2771,Merrimack,William Hill (New Jersey),-28.5,,50.5,,,
401403995,2022,regular,3,2022-09-17 21:00:00+00:00,265,Washington State,36,Colorado State,Bovada,-17,-16.5,52,53,-800,525
401403995,2022,regular,3,2022-09-17 21:00:00+00:00,265,Washington State,36,Colorado State,teamrankings,-17,,51.5,,,
401403995,2022,regular,3,2022-09-17 21:00:00+00:00,265,Washington State,36,Colorado State,consensus,-17,,52.5,,,
401403995,2022,regular,3,2022-09-17 21:00:00+00:00,265,Washington State,36,Colorado State,William Hill (New Jersey),-17,,52.5,,,
401416603,2022,regular,3,2022-09-17 16:00:00+00:00,2309,Kent State,2341,Long Island University,Bovada,-40,-40,65,65,,
401416603,2022,regular,3,2022-09-17 16:00:00+00:00,2309,Kent State,2341,Long Island University,consensus,-40,,64.5,,,
401416603,2022,regular,3,2022-09-17 16:00:00+00:00,2309,Kent State,2341,Long Island University,William Hill (New Jersey),-40,,64.5,,,
401403885,2022,regular,3,2022-09-17 22:00:00+00:00,99,LSU,344,Mississippi State,Bovada,3,2.5,53,54,120,-140
401403885,2022,regular,3,2022-09-17 22:00:00+00:00,99,LSU,344,Mississippi State,teamrankings,3,,53,,,
401403885,2022,regular,3,2022-09-17 22:00:00+00:00,99,LSU,344,Mississippi State,consensus,3,,53,,,
401403885,2022,regular,3,2022-09-17 22:00:00+00:00,99,LSU,344,Mississippi State,William Hill (New Jersey),3,,53,,,
401403887,2022,regular,3,2022-09-17 16:00:00+00:00,142,Missouri,2000,Abilene Christian,Bovada,-31.5,-31.5,56.5,56.5,,
401403887,2022,regular,3,2022-09-17 16:00:00+00:00,142,Missouri,2000,Abilene Christian,consensus,-31.5,,56.5,,,
401403887,2022,regular,3,2022-09-17 16:00:00+00:00,142,Missouri,2000,Abilene Christian,William Hill (New Jersey),-31.5,,56.5,,,
401416602,2022,regular,3,2022-09-17 17:00:00+00:00,2117,Central Michigan,2083,Bucknell,Bovada,-41,-41,59,59,,
401416602,2022,regular,3,2022-09-17 17:00:00+00:00,2117,Central Michigan,2083,Bucknell,consensus,-41,,59,,,
401416602,2022,regular,3,2022-09-17 17:00:00+00:00,2117,Central Michigan,2083,Bucknell,William Hill (New Jersey),-40.5,,59,,,
401422998,2022,regular,3,2022-09-17 16:00:00+00:00,2329,Lehigh,257,Richmond,Bovada,16,16,47,47,,
401422998,2022,regular,3,2022-09-17 16:00:00+00:00,2329,Lehigh,257,Richmond,consensus,16,,44,,,
401422998,2022,regular,3,2022-09-17 16:00:00+00:00,2329,Lehigh,257,Richmond,William Hill (New Jersey),17,,46.5,,,
401405083,2022,regular,3,2022-09-17 16:00:00+00:00,77,Northwestern,79,Southern Illinois,Bovada,-14,-13.5,58,58,,
401405083,2022,regular,3,2022-09-17 16:00:00+00:00,77,Northwestern,79,Southern Illinois,consensus,-13.5,,58.5,,,
401405083,2022,regular,3,2022-09-17 16:00:00+00:00,77,Northwestern,79,Southern Illinois,William Hill (New Jersey),-13.5,,58.5,,,
401404136,2022,regular,3,2022-09-17 16:00:00+00:00,349,Army,222,Villanova,Bovada,-14.5,-13.5,56,56,,
401404136,2022,regular,3,2022-09-17 16:00:00+00:00,349,Army,222,Villanova,consensus,-14,,56,,,
401404136,2022,regular,3,2022-09-17 16:00:00+00:00,349,Army,222,Villanova,William Hill (New Jersey),-13.5,,56,,,
401403884,2022,regular,3,2022-09-17 16:00:00+00:00,96,Kentucky,2754,Youngstown State,Bovada,-30,-30,49.5,49.5,,
401403884,2022,regular,3,2022-09-17 16:00:00+00:00,96,Kentucky,2754,Youngstown State,consensus,-30,,49.5,,,
401403884,2022,regular,3,2022-09-17 16:00:00+00:00,96,Kentucky,2754,Youngstown State,William Hill (New Jersey),-29,,49.5,,,
401423914,2022,regular,3,2022-09-17 17:00:00+00:00,219,Pennsylvania,2142,Colgate,Bovada,-3,-3,,,,
401423914,2022,regular,3,2022-09-17 17:00:00+00:00,219,Pennsylvania,2142,Colgate,consensus,-3.5,,41.5,,,
401423914,2022,regular,3,2022-09-17 17:00:00+00:00,219,Pennsylvania,2142,Colgate,William Hill (New Jersey),-3,,41.5,,,
401416600,2022,regular,3,2022-09-17 18:00:00+00:00,2050,Ball State,93,Murray State,Bovada,-21,-21,53,53,,
401416600,2022,regular,3,2022-09-17 18:00:00+00:00,2050,Ball State,93,Murray State,consensus,-21,,53,,,
401416600,2022,regular,3,2022-09-17 18:00:00+00:00,2050,Ball State,93,Murray State,William Hill (New Jersey),-21,,53,,,
401414780,2022,regular,3,2022-09-17 19:30:00+00:00,113,Massachusetts,2619,Stony Brook,Bovada,-1,-1,44,44,,
401414780,2022,regular,3,2022-09-17 19:30:00+00:00,113,Massachusetts,2619,Stony Brook,consensus,-1,,44.5,,,
401414780,2022,regular,3,2022-09-17 19:30:00+00:00,113,Massachusetts,2619,Stony Brook,William Hill (New Jersey),-1,,44,,,
401404073,2022,regular,3,2022-09-17 17:00:00+00:00,277,West Virginia,119,Towson,Bovada,-41,-39,58.5,58.5,,
401404073,2022,regular,3,2022-09-17 17:00:00+00:00,277,West Virginia,119,Towson,consensus,-41,,58.5,,,
401404073,2022,regular,3,2022-09-17 17:00:00+00:00,277,West Virginia,119,Towson,William Hill (New Jersey),-41,,58.5,,,
401404070,2022,regular,3,2022-09-17 16:00:00+00:00,158,Nebraska,201,Oklahoma,Bovada,10.5,14,65.5,64.5,325,-450
401404070,2022,regular,3,2022-09-17 16:00:00+00:00,158,Nebraska,201,Oklahoma,teamrankings,10.5,,65.5,,,
401404070,2022,regular,3,2022-09-17 16:00:00+00:00,158,Nebraska,201,Oklahoma,consensus,10.5,,65.5,,,
401404070,2022,regular,3,2022-09-17 16:00:00+00:00,158,Nebraska,201,Oklahoma,William Hill (New Jersey),10.5,,66.5,,,
401405085,2022,regular,3,2022-09-17 19:30:00+00:00,275,Wisconsin,166,New Mexico State,Bovada,-37.5,-37,45,47.5,,
401405085,2022,regular,3,2022-09-17 19:30:00+00:00,275,Wisconsin,166,New Mexico State,teamrankings,-38,,45.5,,,
401405085,2022,regular,3,2022-09-17 19:30:00+00:00,275,Wisconsin,166,New Mexico State,consensus,-37.5,,45.5,,,
401405085,2022,regular,3,2022-09-17 19:30:00+00:00,275,Wisconsin,166,New Mexico State,William Hill (New Jersey),-37.5,,45,,,
401411123,2022,regular,4,2022-09-24 16:00:00+00:00,154,Wake Forest,228,Clemson,Bovada,8,7,58,56.5,235,-285
401411123,2022,regular,4,2022-09-24 16:00:00+00:00,154,Wake Forest,228,Clemson,teamrankings,7.5,,58,,,
401411123,2022,regular,4,2022-09-24 16:00:00+00:00,154,Wake Forest,228,Clemson,consensus,7.5,,58,,,
401411123,2022,regular,4,2022-09-24 16:00:00+00:00,154,Wake Forest,228,Clemson,William Hill (New Jersey),7.5,,58,,,
401411119,2022,regular,4,2022-09-24 16:00:00+00:00,97,Louisville,58,South Florida,Bovada,-15.5,-13,63,64,-550,390
401411119,2022,regular,4,2022-09-24 16:00:00+00:00,97,Louisville,58,South Florida,teamrankings,-15.5,,63.5,,,
401411119,2022,regular,4,2022-09-24 16:00:00+00:00,97,Louisville,58,South Florida,consensus,-15.5,,63.5,,,
401411119,2022,regular,4,2022-09-24 16:00:00+00:00,97,Louisville,58,South Florida,William Hill (New Jersey),-15.5,,63.5,,,
401416604,2022,regular,4,2022-09-24 16:00:00+00:00,2199,Eastern Michigan,2084,Buffalo,Bovada,-7,-4.5,57,60.5,-200,170
401416604,2022,regular,4,2022-09-24 16:00:00+00:00,2199,Eastern Michigan,2084,Buffalo,teamrankings,-6.5,,57.5,,,
401416604,2022,regular,4,2022-09-24 16:00:00+00:00,2199,Eastern Michigan,2084,Buffalo,consensus,-6.5,,57.5,,,
401416604,2022,regular,4,2022-09-24 16:00:00+00:00,2199,Eastern Michigan,2084,Buffalo,William Hill (New Jersey),-6.5,,57.5,,,
401403894,2022,regular,4,2022-09-24 16:00:00+00:00,2,Auburn,142,Missouri,Bovada,-7.5,-6.5,51,51.5,-280,230
401403894,2022,regular,4,2022-09-24 16:00:00+00:00,2,Auburn,142,Missouri,teamrankings,-7.5,,51,,,
401403894,2022,regular,4,2022-09-24 16:00:00+00:00,2,Auburn,142,Missouri,consensus,-7.5,,51,,,
401403894,2022,regular,4,2022-09-24 16:00:00+00:00,2,Auburn,142,Missouri,William Hill (New Jersey),-7.5,,51,,,
401415220,2022,regular,4,2022-09-24 00:00:00+00:00,2005,Air Force,2440,Nevada,Bovada,-24,-25,47,48.5,-4500,1250
401415220,2022,regular,4,2022-09-24 00:00:00+00:00,2005,Air Force,2440,Nevada,teamrankings,-24,,47,,,
401415220,2022,regular,4,2022-09-24 00:00:00+00:00,2005,Air Force,2440,Nevada,consensus,-24,,46.5,,,
401415220,2022,regular,4,2022-09-24 00:00:00+00:00,2005,Air Force,2440,Nevada,William Hill (New Jersey),-24,,47,,,
401426570,2022,regular,4,2022-09-24 22:00:00+00:00,248,Houston,242,Rice,Bovada,-17.5,-17,52.5,57.5,-900,575
401426570,2022,regular,4,2022-09-24 22:00:00+00:00,248,Houston,242,Rice,teamrankings,-17.5,,52.5,,,
401426570,2022,regular,4,2022-09-24 22:00:00+00:00,248,Houston,242,Rice,consensus,-17.5,,52.5,,,
401426570,2022,regular,4,2022-09-24 22:00:00+00:00,248,Houston,242,Rice,William Hill (New Jersey),-17.5,,52,,,
401404160,2022,regular,4,2022-09-24 22:00:00+00:00,2335,Liberty,2006,Akron,Bovada,-26.5,-27.5,52.5,58,-6000,1325
401404160,2022,regular,4,2022-09-24 22:00:00+00:00,2335,Liberty,2006,Akron,teamrankings,-26.5,,52.5,,,
401404160,2022,regular,4,2022-09-24 22:00:00+00:00,2335,Liberty,2006,Akron,consensus,-26.5,,53.5,,,
401404160,2022,regular,4,2022-09-24 22:00:00+00:00,2335,Liberty,2006,Akron,William Hill (New Jersey),-26.5,,53.5,,,
401415222,2022,regular,4,2022-09-24 23:00:00+00:00,328,Utah State,2439,UNLV,Bovada,3,3,62,62,120,-140
401415222,2022,regular,4,2022-09-24 23:00:00+00:00,328,Utah State,2439,UNLV,teamrankings,3,,61.5,,,
401415222,2022,regular,4,2022-09-24 23:00:00+00:00,328,Utah State,2439,UNLV,consensus,3,,61.5,,,
401415222,2022,regular,4,2022-09-24 23:00:00+00:00,328,Utah State,2439,UNLV,William Hill (New Jersey),3,,61,,,
401415224,2022,regular,4,2022-09-24 19:30:00+00:00,21,San Diego State,2649,Toledo,Bovada,3,0,44.5,46.5,130,-150
401415224,2022,regular,4,2022-09-24 19:30:00+00:00,21,San Diego State,2649,Toledo,teamrankings,2.5,,44.5,,,
401415224,2022,regular,4,2022-09-24 19:30:00+00:00,21,San Diego State,2649,Toledo,consensus,3,,44.5,,,
401415224,2022,regular,4,2022-09-24 19:30:00+00:00,21,San Diego State,2649,Toledo,William Hill (New Jersey),3,,45,,,
401415037,2022,regular,4,2022-09-24 19:30:00+00:00,2026,App State,256,James Madison,Bovada,-6,-9,57,56.5,-285,235
401415037,2022,regular,4,2022-09-24 19:30:00+00:00,2026,App State,256,James Madison,teamrankings,-6,,57,,,
401415037,2022,regular,4,2022-09-24 19:30:00+00:00,2026,App State,256,James Madison,consensus,-6.5,,56.5,,,
401415037,2022,regular,4,2022-09-24 19:30:00+00:00,2026,App State,256,James Madison,William Hill (New Jersey),-6.5,,57,,,
401426568,2022,regular,4,2022-09-24 19:30:00+00:00,2390,Miami,2393,Middle Tennessee,Bovada,-25.5,-26,53.5,53.5,-5000,1300
401426568,2022,regular,4,2022-09-24 19:30:00+00:00,2390,Miami,2393,Middle Tennessee,teamrankings,-25.5,,53.5,,,
401426568,2022,regular,4,2022-09-24 19:30:00+00:00,2390,Miami,2393,Middle Tennessee,consensus,-25.5,,53.5,,,
401426568,2022,regular,4,2022-09-24 19:30:00+00:00,2390,Miami,2393,Middle Tennessee,William Hill (New Jersey),-25.5,,53.5,,,
401415040,2022,regular,4,2022-09-24 23:00:00+00:00,2655,Tulane,2572,Southern Miss,Bovada,-12,-11.5,48.5,49.5,-460,340
401415040,2022,regular,4,2022-09-24 23:00:00+00:00,2655,Tulane,2572,Southern Miss,teamrankings,-12,,48.5,,,
401415040,2022,regular,4,2022-09-24 23:00:00+00:00,2655,Tulane,2572,Southern Miss,consensus,-11.5,,48.5,,,
401415040,2022,regular,4,2022-09-24 23:00:00+00:00,2655,Tulane,2572,Southern Miss,William Hill (New Jersey),-11.5,,48.5,,,
401404078,2022,regular,4,2022-09-24 16:00:00+00:00,2567,SMU,2628,TCU,Bovada,2.5,0,72,68.5,-120,
401404078,2022,regular,4,2022-09-24 16:00:00+00:00,2567,SMU,2628,TCU,teamrankings,2.5,,72,,,
401404078,2022,regular,4,2022-09-24 16:00:00+00:00,2567,SMU,2628,TCU,consensus,2.5,,72,,,
401404078,2022,regular,4,2022-09-24 16:00:00+00:00,2567,SMU,2628,TCU,William Hill (New Jersey),2.5,,73,,,
401426565,2022,regular,4,2022-09-24 19:30:00+00:00,98,Western Kentucky,2229,Florida International,Bovada,-31.5,-27.5,65.5,66.5,,
401426565,2022,regular,4,2022-09-24 19:30:00+00:00,98,Western Kentucky,2229,Florida International,teamrankings,-31,,65,,,
401426565,2022,regular,4,2022-09-24 19:30:00+00:00,98,Western Kentucky,2229,Florida International,consensus,-31,,65.5,,,
401426565,2022,regular,4,2022-09-24 19:30:00+00:00,98,Western Kentucky,2229,Florida International,William Hill (New Jersey),-31,,65.5,,,
401403895,2022,regular,4,2022-09-24 16:00:00+00:00,61,Georgia,2309,Kent State,Bovada,-46,-42,61,60,,
401403895,2022,regular,4,2022-09-24 16:00:00+00:00,61,Georgia,2309,Kent State,teamrankings,-45,,61.5,,,
401403895,2022,regular,4,2022-09-24 16:00:00+00:00,61,Georgia,2309,Kent State,consensus,-45,,61.5,,,
401403895,2022,regular,4,2022-09-24 16:00:00+00:00,61,Georgia,2309,Kent State,William Hill (New Jersey),-45,,61.5,,,
401414781,2022,regular,4,2022-09-24 18:00:00+00:00,218,Temple,113,Massachusetts,Bovada,-10.5,-9.5,44,44.5,-370,285
401414781,2022,regular,4,2022-09-24 18:00:00+00:00,218,Temple,113,Massachusetts,teamrankings,-10,,44,,,
401414781,2022,regular,4,2022-09-24 18:00:00+00:00,218,Temple,113,Massachusetts,consensus,-10,,44,,,
401414781,2022,regular,4,2022-09-24 18:00:00+00:00,218,Temple,113,Massachusetts,William Hill (New Jersey),-10,,44,,,
401426336,2022,regular,4,2022-09-25 00:00:00+00:00,2433,UL Monroe,309,Louisiana,Bovada,9.5,10.5,51,54,300,-400
401426336,2022,regular,4,2022-09-25 00:00:00+00:00,2433,UL Monroe,309,Louisiana,teamrankings,9.5,,51,,,
401426336,2022,regular,4,2022-09-25 00:00:00+00:00,2433,UL Monroe,309,Louisiana,consensus,9.5,,51,,,
401426336,2022,regular,4,2022-09-25 00:00:00+00:00,2433,UL Monroe,309,Louisiana,William Hill (New Jersey),9.5,,51,,,
401404126,2022,regular,4,2022-09-24 19:30:00+00:00,153,North Carolina,87,Notre Dame,Bovada,-3,1,55.5,59.5,-130,110
401404126,2022,regular,4,2022-09-24 19:30:00+00:00,153,North Carolina,87,Notre Dame,teamrankings,-2.5,,55,,,
401404126,2022,regular,4,2022-09-24 19:30:00+00:00,153,North Carolina,87,Notre Dame,consensus,-2.5,,55.5,,,
401404126,2022,regular,4,2022-09-24 19:30:00+00:00,153,North Carolina,87,Notre Dame,William Hill (New Jersey),-2.5,,56,,,
401426566,2022,regular,4,2022-09-24 23:30:00+00:00,2509,Purdue,2226,Florida Atlantic,Bovada,-16,-19.5,57,60.5,-1000,625
401426566,2022,regular,4,2022-09-24 23:30:00+00:00,2509,Purdue,2226,Florida Atlantic,teamrankings,-16,,57,,,
401426566,2022,regular,4,2022-09-24 23:30:00+00:00,2509,Purdue,2226,Florida Atlantic,consensus,-16.5,,57.5,,,
401426566,2022,regular,4,2022-09-24 23:30:00+00:00,2509,Purdue,2226,Florida Atlantic,William Hill (New Jersey),-16.5,,57.5,,,
401411117,2022,regular,4,2022-09-23 23:00:00+00:00,183,Syracuse,258,Virginia,Bovada,-10,-9.5,54,53.5,-400,300
401411117,2022,regular,4,2022-09-23 23:00:00+00:00,183,Syracuse,258,Virginia,teamrankings,-9.5,,53.5,,,
401411117,2022,regular,4,2022-09-23 23:00:00+00:00,183,Syracuse,258,Virginia,consensus,-9.5,,53.5,,,
401411117,2022,regular,4,2022-09-23 23:00:00+00:00,183,Syracuse,258,Virginia,William Hill (New Jersey),-9.5,,54,,,
401415225,2022,regular,4,2022-09-25 02:30:00+00:00,23,San José State,2711,Western Michigan,Bovada,-6.5,-3.5,48.5,51.5,-240,200
401415225,2022,regular,4,2022-09-25 02:30:00+00:00,23,San José State,2711,Western Michigan,teamrankings,-6.5,,49,,,
401415225,2022,regular,4,2022-09-25 02:30:00+00:00,23,San José State,2711,Western Michigan,consensus,-6.5,,48.5,,,
401415225,2022,regular,4,2022-09-25 02:30:00+00:00,23,San José State,2711,Western Michigan,William Hill (New Jersey),-6.5,,49,,,
401411116,2022,regular,4,2022-09-22 23:30:00+00:00,259,Virginia Tech,277,West Virginia,Bovada,2.5,3,50,53,125,-145
401411116,2022,regular,4,2022-09-22 23:30:00+00:00,259,Virginia Tech,277,West Virginia,teamrankings,2,,49.5,,,
401411116,2022,regular,4,2022-09-22 23:30:00+00:00,259,Virginia Tech,277,West Virginia,consensus,2,,49.5,,,
401411116,2022,regular,4,2022-09-22 23:30:00+00:00,259,Virginia Tech,277,West Virginia,William Hill (New Jersey),2,,50,,,
401403892,2022,regular,4,2022-09-24 23:30:00+00:00,333,Alabama,238,Vanderbilt,Bovada,-40.5,-40,61,59,,
401403892,2022,regular,4,2022-09-24 23:30:00+00:00,333,Alabama,238,Vanderbilt,teamrankings,-40.5,,61,,,
401403892,2022,regular,4,2022-09-24 23:30:00+00:00,333,Alabama,238,Vanderbilt,consensus,-40.5,,60.5,,,
401403892,2022,regular,4,2022-09-24 23:30:00+00:00,333,Alabama,238,Vanderbilt,William Hill (New Jersey),-40.5,,60.5,,,
401426569,2022,regular,4,2022-09-24 19:30:00+00:00,235,Memphis,249,North Texas,Bovada,-13,-12.5,68.5,68.5,-470,345
401426569,2022,regular,4,2022-09-24 19:30:00+00:00,235,Memphis,249,North Texas,teamrankings,-13,,68.5,,,
401426569,2022,regular,4,2022-09-24 19:30:00+00:00,235,Memphis,249,North Texas,consensus,-12.5,,68.5,,,
401426569,2022,regular,4,2022-09-24 19:30:00+00:00,235,Memphis,249,North Texas,William Hill (New Jersey),-12.5,,68.5,,,
401403897,2022,regular,4,2022-09-24 23:30:00+00:00,99,LSU,167,New Mexico,Bovada,-31.5,-29,44,47,,
401403897,2022,regular,4,2022-09-24 23:30:00+00:00,99,LSU,167,New Mexico,teamrankings,-31.5,,44,,,
401403897,2022,regular,4,2022-09-24 23:30:00+00:00,99,LSU,167,New Mexico,consensus,-31.5,,44,,,
401403897,2022,regular,4,2022-09-24 23:30:00+00:00,99,LSU,167,New Mexico,William Hill (New Jersey),-31.5,,44,,,
401403898,2022,regular,4,2022-09-24 20:00:00+00:00,145,Ole Miss,202,Tulsa,Bovada,-21,-20.5,66.5,62.5,-1500,775
401403898,2022,regular,4,2022-09-24 20:00:00+00:00,145,Ole Miss,202,Tulsa,teamrankings,-21,,66.5,,,
401403898,2022,regular,4,2022-09-24 20:00:00+00:00,145,Ole Miss,202,Tulsa,consensus,-21,,66.5,,,
401403898,2022,regular,4,2022-09-24 20:00:00+00:00,145,Ole Miss,202,Tulsa,William Hill (New Jersey),-21,,66.5,,,
401426571,2022,regular,4,2022-09-24 01:00:00+00:00,2638,UTEP,68,Boise State,Bovada,16,15.5,45,46.5,525,-800
401426571,2022,regular,4,2022-09-24 01:00:00+00:00,2638,UTEP,68,Boise State,teamrankings,16,,44.5,,,
401426571,2022,regular,4,2022-09-24 01:00:00+00:00,2638,UTEP,68,Boise State,consensus,16.5,,44.5,,,
401426571,2022,regular,4,2022-09-24 01:00:00+00:00,2638,UTEP,68,Boise State,William Hill (New Jersey),16.5,,44.5,,,
401411122,2022,regular,4,2022-09-24 20:00:00+00:00,2116,UCF,59,Georgia Tech,Bovada,-21.5,-18,56.5,57.5,-1200,700
401411122,2022,regular,4,2022-09-24 20:00:00+00:00,2116,UCF,59,Georgia Tech,teamrankings,-21,,56.5,,,
401411122,2022,regular,4,2022-09-24 20:00:00+00:00,2116,UCF,59,Georgia Tech,consensus,-21,,56.5,,,
401411122,2022,regular,4,2022-09-24 20:00:00+00:00,2116,UCF,59,Georgia Tech,William Hill (New Jersey),-21,,56.5,,,
401415223,2022,regular,4,2022-09-25 02:15:00+00:00,252,BYU,2751,Wyoming,Bovada,-21,-21,49,51.5,-1800,850
401415223,2022,regular,4,2022-09-25 02:15:00+00:00,252,BYU,2751,Wyoming,teamrankings,-21.5,,50,,,
401415223,2022,regular,4,2022-09-25 02:15:00+00:00,252,BYU,2751,Wyoming,consensus,-21.5,,49.5,,,
401415223,2022,regular,4,2022-09-25 02:15:00+00:00,252,BYU,2751,Wyoming,William Hill (New Jersey),-21,,50,,,
401405092,2022,regular,4,2022-09-24 19:30:00+00:00,127,Michigan State,135,Minnesota,Bovada,3,-2,50,51,,-120
401405092,2022,regular,4,2022-09-24 19:30:00+00:00,127,Michigan State,135,Minnesota,teamrankings,3,,50,,,
401405092,2022,regular,4,2022-09-24 19:30:00+00:00,127,Michigan State,135,Minnesota,consensus,3,,50,,,
401405092,2022,regular,4,2022-09-24 19:30:00+00:00,127,Michigan State,135,Minnesota,William Hill (New Jersey),3,,50,,,
401416605,2022,regular,4,2022-09-24 22:00:00+00:00,290,Georgia Southern,2050,Ball State,Bovada,-9.5,-8.5,67,61.5,-340,270
401416605,2022,regular,4,2022-09-24 22:00:00+00:00,290,Georgia Southern,2050,Ball State,teamrankings,-9.5,,67,,,
401416605,2022,regular,4,2022-09-24 22:00:00+00:00,290,Georgia Southern,2050,Ball State,consensus,-9.5,,67,,,
401416605,2022,regular,4,2022-09-24 22:00:00+00:00,290,Georgia Southern,2050,Ball State,William Hill (New Jersey),-9.5,,67.5,,,
401426393,2022,regular,4,2022-09-24 23:00:00+00:00,2653,Troy,276,Marshall,Bovada,3.5,4,51.5,52.5,135,-160
401426393,2022,regular,4,2022-09-24 23:00:00+00:00,2653,Troy,276,Marshall,teamrankings,3,,51.5,,,
401426393,2022,regular,4,2022-09-24 23:00:00+00:00,2653,Troy,276,Marshall,consensus,3.5,,51.5,,,
401426393,2022,regular,4,2022-09-24 23:00:00+00:00,2653,Troy,276,Marshall,William Hill (New Jersey),3,,51.5,,,
401404150,2022,regular,4,2022-09-24 23:30:00+00:00,152,NC State,41,UConn,Bovada,-38.5,-39.5,48,50.5,,
401404150,2022,regular,4,2022-09-24 23:30:00+00:00,152,NC State,41,UConn,teamrankings,-38.5,,48,,,
401404150,2022,regular,4,2022-09-24 23:30:00+00:00,152,NC State,41,UConn,consensus,-38.5,,47.5,,,
401404150,2022,regular,4,2022-09-24 23:30:00+00:00,152,NC State,41,UConn,William Hill (New Jersey),-38.5,,47.5,,,
401426567,2022,regular,4,2022-09-24 23:00:00+00:00,6,South Alabama,2348,Louisiana Tech,Bovada,-13,-12.5,59,60,-525,375
401426567,2022,regular,4,2022-09-24 23:00:00+00:00,6,South Alabama,2348,Louisiana Tech,teamrankings,-13,,59,,,
401426567,2022,regular,4,2022-09-24 23:00:00+00:00,6,South Alabama,2348,Louisiana Tech,consensus,-13,,59,,,
401426567,2022,regular,4,2022-09-24 23:00:00+00:00,6,South Alabama,2348,Louisiana Tech,William Hill (New Jersey),-13.5,,59,,,
401426335,2022,regular,4,2022-09-24 22:00:00+00:00,295,Old Dominion,2032,Arkansas State,Bovada,-5,-3.5,55.5,56.5,-220,180
401426335,2022,regular,4,2022-09-24 22:00:00+00:00,295,Old Dominion,2032,Arkansas State,teamrankings,-5,,55.5,,,
401426335,2022,regular,4,2022-09-24 22:00:00+00:00,295,Old Dominion,2032,Arkansas State,consensus,-5,,56.5,,,
401426335,2022,regular,4,2022-09-24 22:00:00+00:00,295,Old Dominion,2032,Arkansas State,William Hill (New Jersey),-4.5,,57,,,
401426564,2022,regular,4,2022-09-24 23:30:00+00:00,2579,South Carolina,2429,Charlotte,Bovada,-23.5,-23,67,65.5,-2500,1050
401426564,2022,regular,4,2022-09-24 23:30:00+00:00,2579,South Carolina,2429,Charlotte,teamrankings,-23.5,,66.5,,,
401426564,2022,regular,4,2022-09-24 23:30:00+00:00,2579,South Carolina,2429,Charlotte,consensus,-23.5,,66.5,,,
401426564,2022,regular,4,2022-09-24 23:30:00+00:00,2579,South Carolina,2429,Charlotte,William Hill (New Jersey),-23.5,,66.5,,,
401415624,2022,regular,4,2022-09-24 22:00:00+00:00,151,East Carolina,2426,Navy,Bovada,-16.5,-17.5,48.5,48.5,-900,575
401415624,2022,regular,4,2022-09-24 22:00:00+00:00,151,East Carolina,2426,Navy,teamrankings,-16.5,,48.5,,,
401415624,2022,regular,4,2022-09-24 22:00:00+00:00,151,East Carolina,2426,Navy,consensus,-16.5,,48.5,,,
401415624,2022,regular,4,2022-09-24 22:00:00+00:00,151,East Carolina,2426,Navy,William Hill (New Jersey),-16.5,,48.5,,,
401403896,2022,regular,4,2022-09-24 23:00:00+00:00,96,Kentucky,2459,Northern Illinois,Bovada,-27.5,-25,53,53,-5000,1300
401403896,2022,regular,4,2022-09-24 23:00:00+00:00,96,Kentucky,2459,Northern Illinois,teamrankings,-27,,52.5,,,
401403896,2022,regular,4,2022-09-24 23:00:00+00:00,96,Kentucky,2459,Northern Illinois,consensus,-26.5,,53,,,
401403896,2022,regular,4,2022-09-24 23:00:00+00:00,96,Kentucky,2459,Northern Illinois,William Hill (New Jersey),-26.5,,53.5,,,
401405091,2022,regular,4,2022-09-24 23:00:00+00:00,164,Rutgers,2294,Iowa,Bovada,7.5,7,34.5,35.5,250,-300
401405091,2022,regular,4,2022-09-24 23:00:00+00:00,164,Rutgers,2294,Iowa,teamrankings,7.5,,34.5,,,
401405091,2022,regular,4,2022-09-24 23:00:00+00:00,164,Rutgers,2294,Iowa,consensus,7.5,,34.5,,,
401405091,2022,regular,4,2022-09-24 23:00:00+00:00,164,Rutgers,2294,Iowa,Caesars Sportsbook (Colorado),8,,34,,,
401405099,2022,regular,5,2022-10-01 16:00:00+00:00,275,Wisconsin,356,Illinois,Bovada,-6.5,-8.5,43.5,44,-320,260
401405099,2022,regular,5,2022-10-01 16:00:00+00:00,275,Wisconsin,356,Illinois,teamrankings,-6.5,,43,,,
401405099,2022,regular,5,2022-10-01 16:00:00+00:00,275,Wisconsin,356,Illinois,consensus,-6.5,,43.5,,,
401405099,2022,regular,5,2022-10-01 16:00:00+00:00,275,Wisconsin,356,Illinois,William Hill (New Jersey),-6.5,,43.5,,,
401415229,2022,regular,5,2022-10-01 03:00:00+00:00,2439,UNLV,167,New Mexico,Bovada,-14,-16,44.5,45.5,-850,550
401415229,2022,regular,5,2022-10-01 03:00:00+00:00,2439,UNLV,167,New Mexico,teamrankings,-14,,44,,,
401415229,2022,regular,5,2022-10-01 03:00:00+00:00,2439,UNLV,167,New Mexico,consensus,-14,,44.5,,,
401415229,2022,regular,5,2022-10-01 03:00:00+00:00,2439,UNLV,167,New Mexico,William Hill (New Jersey),-14,,44,,,
401405104,2022,regular,5,2022-10-01 19:30:00+00:00,194,Ohio State,164,Rutgers,Bovada,-39,-41,58,60,,
401404002,2022,regular,5,2022-10-02 01:30:00+00:00,12,Arizona,38,Colorado,Bovada,-17.5,-18,58,55.5,-1000,625
401404002,2022,regular,5,2022-10-02 01:30:00+00:00,12,Arizona,38,Colorado,teamrankings,-17.5,,57.5,,,
401404002,2022,regular,5,2022-10-02 01:30:00+00:00,12,Arizona,38,Colorado,consensus,-18,,58,,,
401404002,2022,regular,5,2022-10-02 01:30:00+00:00,12,Arizona,38,Colorado,William Hill (New Jersey),-18,,58.5,,,
401416609,2022,regular,5,2022-10-01 19:30:00+00:00,2006,Akron,189,Bowling Green,Bovada,8.5,6.5,49.5,52,300,-400
401416609,2022,regular,5,2022-10-01 19:30:00+00:00,2006,Akron,189,Bowling Green,teamrankings,9,,49.5,,,
401416609,2022,regular,5,2022-10-01 19:30:00+00:00,2006,Akron,189,Bowling Green,consensus,9.5,,49.5,,,
401416609,2022,regular,5,2022-10-01 19:30:00+00:00,2006,Akron,189,Bowling Green,William Hill (New Jersey),9,,49.5,,,
401411124,2022,regular,5,2022-10-01 16:00:00+00:00,103,Boston College,97,Louisville,Bovada,13,16,48,51,500,-750
401411124,2022,regular,5,2022-10-01 16:00:00+00:00,103,Boston College,97,Louisville,teamrankings,13.5,,48.5,,,
401411124,2022,regular,5,2022-10-01 16:00:00+00:00,103,Boston College,97,Louisville,consensus,13.5,,48.5,,,
401411124,2022,regular,5,2022-10-01 16:00:00+00:00,103,Boston College,97,Louisville,William Hill (New Jersey),13.5,,48,,,
401405105,2022,regular,5,2022-10-01 19:30:00+00:00,213,Penn State,77,Northwestern,Bovada,-25,-25.5,50,52.5,-8000,1450
401405105,2022,regular,5,2022-10-01 19:30:00+00:00,213,Penn State,77,Northwestern,teamrankings,-25.5,,50,,,
401405105,2022,regular,5,2022-10-01 19:30:00+00:00,213,Penn State,77,Northwestern,consensus,-25.5,,50,,,
401405105,2022,regular,5,2022-10-01 19:30:00+00:00,213,Penn State,77,Northwestern,William Hill (New Jersey),-25.5,,50,,,
401403906,2022,regular,5,2022-10-01 20:00:00+00:00,344,Mississippi State,245,Texas A&M,Bovada,-4,-2.5,45,46,-170,145
401403906,2022,regular,5,2022-10-01 20:00:00+00:00,344,Mississippi State,245,Texas A&M,teamrankings,-4,,45,,,
401403906,2022,regular,5,2022-10-01 20:00:00+00:00,344,Mississippi State,245,Texas A&M,consensus,-4,,45,,,
401403906,2022,regular,5,2022-10-01 20:00:00+00:00,344,Mississippi State,245,Texas A&M,William Hill (New Jersey),-4,,45,,,
401416611,2022,regular,5,2022-10-01 19:30:00+00:00,2309,Kent State,195,Ohio,Bovada,-13,-7,65.5,69,-390,295
401416611,2022,regular,5,2022-10-01 19:30:00+00:00,2309,Kent State,195,Ohio,teamrankings,-13,,65.5,,,
401416611,2022,regular,5,2022-10-01 19:30:00+00:00,2309,Kent State,195,Ohio,consensus,-12.5,,65.5,,,
401416611,2022,regular,5,2022-10-01 19:30:00+00:00,2309,Kent State,195,Ohio,William Hill (New Jersey),-13,,65.5,,,
401404006,2022,regular,5,2022-10-01 18:00:00+00:00,254,Utah,204,Oregon State,Bovada,-10.5,-11,54,56,-400,300
401404006,2022,regular,5,2022-10-01 18:00:00+00:00,254,Utah,204,Oregon State,teamrankings,-10.5,,54,,,
401404006,2022,regular,5,2022-10-01 18:00:00+00:00,254,Utah,204,Oregon State,consensus,-10.5,,54.5,,,
401404006,2022,regular,5,2022-10-01 18:00:00+00:00,254,Utah,204,Oregon State,William Hill (New Jersey),-10.5,,54,,,
401404084,2022,regular,5,2022-10-01 19:30:00+00:00,2305,Kansas,66,Iowa State,Bovada,4,3,59,58,140,-165
401404084,2022,regular,5,2022-10-01 19:30:00+00:00,2305,Kansas,66,Iowa State,teamrankings,3.5,,59,,,
401404084,2022,regular,5,2022-10-01 19:30:00+00:00,2305,Kansas,66,Iowa State,consensus,3.5,,59,,,
401404084,2022,regular,5,2022-10-01 19:30:00+00:00,2305,Kansas,66,Iowa State,William Hill (New Jersey),3.5,,59,,,
401415627,2022,regular,5,2022-10-01 23:00:00+00:00,202,Tulsa,2132,Cincinnati,Bovada,10,12,59,60.5,280,-360
401415627,2022,regular,5,2022-10-01 23:00:00+00:00,202,Tulsa,2132,Cincinnati,teamrankings,10,,59,,,
401415627,2022,regular,5,2022-10-01 23:00:00+00:00,202,Tulsa,2132,Cincinnati,consensus,10,,59,,,
401415627,2022,regular,5,2022-10-01 23:00:00+00:00,202,Tulsa,2132,Cincinnati,William Hill (New Jersey),10,,59.5,,,
401416608,2022,regular,5,2022-10-01 18:00:00+00:00,2050,Ball State,2459,Northern Illinois,Bovada,3,3.5,58.5,60,135,-160
401416608,2022,regular,5,2022-10-01 18:00:00+00:00,2050,Ball State,2459,Northern Illinois,teamrankings,3.5,,58.5,,,
401416608,2022,regular,5,2022-10-01 18:00:00+00:00,2050,Ball State,2459,Northern Illinois,consensus,3.5,,58.5,,,
401416608,2022,regular,5,2022-10-01 18:00:00+00:00,2050,Ball State,2459,Northern Illinois,William Hill (New Jersey),3,,58.5,,,
401426577,2022,regular,5,2022-10-01 23:30:00+00:00,242,Rice,5,UAB,Bovada,10.5,9.5,51,52,295,-390
401426577,2022,regular,5,2022-10-01 23:30:00+00:00,242,Rice,5,UAB,teamrankings,10.5,,51,,,
401426577,2022,regular,5,2022-10-01 23:30:00+00:00,242,Rice,5,UAB,consensus,10.5,,51,,,
401426577,2022,regular,5,2022-10-01 23:30:00+00:00,242,Rice,5,UAB,William Hill (New Jersey),10.5,,51,,,
401415625,2022,regular,5,2022-09-30 23:00:00+00:00,248,Houston,2655,Tulane,Bovada,-5.5,-3,52,55,-220,180
401415625,2022,regular,5,2022-09-30 23:00:00+00:00,248,Houston,2655,Tulane,teamrankings,-5,,52,,,
401415625,2022,regular,5,2022-09-30 23:00:00+00:00,248,Houston,2655,Tulane,consensus,-5.5,,51.5,,,
401415625,2022,regular,5,2022-09-30 23:00:00+00:00,248,Houston,2655,Tulane,William Hill (New Jersey),-5.5,,52,,,
401426573,2022,regular,5,2022-10-01 22:00:00+00:00,2429,Charlotte,2638,UTEP,Bovada,3.5,3,56,58,120,-140
401426573,2022,regular,5,2022-10-01 22:00:00+00:00,2429,Charlotte,2638,UTEP,teamrankings,3.5,,56,,,
401426573,2022,regular,5,2022-10-01 22:00:00+00:00,2429,Charlotte,2638,UTEP,consensus,3.5,,56,,,
401426573,2022,regular,5,2022-10-01 22:00:00+00:00,2429,Charlotte,2638,UTEP,William Hill (New Jersey),3.5,,56,,,
401403902,2022,regular,5,2022-10-01 19:30:00+00:00,8,Arkansas,333,Alabama,Bovada,17,16,61,61.5,550,-850
401403902,2022,regular,5,2022-10-01 19:30:00+00:00,8,Arkansas,333,Alabama,teamrankings,17,,61,,,
401403902,2022,regular,5,2022-10-01 19:30:00+00:00,8,Arkansas,333,Alabama,consensus,17,,61,,,
401403902,2022,regular,5,2022-10-01 19:30:00+00:00,8,Arkansas,333,Alabama,William Hill (New Jersey),17,,61,,,
401416607,2022,regular,5,2022-10-01 19:30:00+00:00,2649,Toledo,2117,Central Michigan,Bovada,-6.5,-6.5,55.5,58.5,-280,230
401416607,2022,regular,5,2022-10-01 19:30:00+00:00,2649,Toledo,2117,Central Michigan,teamrankings,-6.5,,56,,,
401416607,2022,regular,5,2022-10-01 19:30:00+00:00,2649,Toledo,2117,Central Michigan,consensus,-6.5,,56,,,
401416607,2022,regular,5,2022-10-01 19:30:00+00:00,2649,Toledo,2117,Central Michigan,William Hill (New Jersey),-6.5,,56,,,
401415629,2022,regular,6,2022-10-05 23:00:00+00:00,2116,UCF,2567,SMU,Bovada,-3,-3.5,65,65,-165,140
401415629,2022,regular,6,2022-10-05 23:00:00+00:00,2116,UCF,2567,SMU,teamrankings,-3,,65,,,
401415629,2022,regular,6,2022-10-05 23:00:00+00:00,2116,UCF,2567,SMU,consensus,-3,,65,,,
401415629,2022,regular,6,2022-10-05 23:00:00+00:00,2116,UCF,2567,SMU,William Hill (New Jersey),-3,,64.5,,,
401426341,2022,regular,5,2022-10-01 21:00:00+00:00,309,Louisiana,6,South Alabama,Bovada,8.5,5.5,47,50,280,-360
401426341,2022,regular,5,2022-10-01 21:00:00+00:00,309,Louisiana,6,South Alabama,teamrankings,8.5,,47,,,
401426341,2022,regular,5,2022-10-01 21:00:00+00:00,309,Louisiana,6,South Alabama,consensus,8.5,,47.5,,,
401426341,2022,regular,5,2022-10-01 21:00:00+00:00,309,Louisiana,6,South Alabama,William Hill (New Jersey),8.5,,47.5,,,
401404083,2022,regular,5,2022-10-01 19:30:00+00:00,239,Baylor,197,Oklahoma State,Bovada,-2,-2.5,56,54.5,-135,115
401404083,2022,regular,5,2022-10-01 19:30:00+00:00,239,Baylor,197,Oklahoma State,teamrankings,-2.5,,56,,,
401404083,2022,regular,5,2022-10-01 19:30:00+00:00,239,Baylor,197,Oklahoma State,consensus,-2.5,,56,,,
401404083,2022,regular,5,2022-10-01 19:30:00+00:00,239,Baylor,197,Oklahoma State,William Hill (New Jersey),-2.5,,56,,,
401415230,2022,regular,5,2022-10-01 23:30:00+00:00,2751,Wyoming,23,San José State,Bovada,2.5,-1,42.5,43.5,-105,-115
401415230,2022,regular,5,2022-10-01 23:30:00+00:00,2751,Wyoming,23,San José State,teamrankings,2.5,,42.5,,,
401415230,2022,regular,5,2022-10-01 23:30:00+00:00,2751,Wyoming,23,San José State,consensus,2.5,,42.5,,,
401415230,2022,regular,5,2022-10-01 23:30:00+00:00,2751,Wyoming,23,San José State,William Hill (New Jersey),2.5,,42.5,,,
401404086,2022,regular,5,2022-10-01 16:00:00+00:00,2628,TCU,201,Oklahoma,Bovada,5,5,70,67.5,215,
401404086,2022,regular,5,2022-10-01 16:00:00+00:00,2628,TCU,201,Oklahoma,teamrankings,5,,69.5,,,
401404086,2022,regular,5,2022-10-01 16:00:00+00:00,2628,TCU,201,Oklahoma,consensus,5,,69.5,,,
401404086,2022,regular,5,2022-10-01 16:00:00+00:00,2628,TCU,201,Oklahoma,William Hill (New Jersey),5,,69.5,,,
401404151,2022,regular,5,2022-10-01 19:30:00+00:00,41,UConn,278,Fresno State,Bovada,23,24,51,56,1050,-2500
401404151,2022,regular,5,2022-10-01 19:30:00+00:00,41,UConn,278,Fresno State,teamrankings,23.5,,51,,,
401404151,2022,regular,5,2022-10-01 19:30:00+00:00,41,UConn,278,Fresno State,consensus,23.5,,51,,,
401404151,2022,regular,5,2022-10-01 19:30:00+00:00,41,UConn,278,Fresno State,William Hill (New Jersey),23,,51,,,
401404003,2022,regular,5,2022-10-02 02:30:00+00:00,30,USC,9,Arizona State,Bovada,-24.5,-24,61,61.5,-5000,1300
401404003,2022,regular,5,2022-10-02 02:30:00+00:00,30,USC,9,Arizona State,teamrankings,-24.5,,61,,,
401404003,2022,regular,5,2022-10-02 02:30:00+00:00,30,USC,9,Arizona State,consensus,-24.5,,61,,,
401404003,2022,regular,5,2022-10-02 02:30:00+00:00,30,USC,9,Arizona State,William Hill (New Jersey),-24.5,,61,,,
401415228,2022,regular,5,2022-10-01 00:00:00+00:00,68,Boise State,21,San Diego State,Bovada,-6,-5.5,38,40,-250,210
401415228,2022,regular,5,2022-10-01 00:00:00+00:00,68,Boise State,21,San Diego State,teamrankings,-6,,38,,,
401415228,2022,regular,5,2022-10-01 00:00:00+00:00,68,Boise State,21,San Diego State,consensus,-6,,38,,,
401415228,2022,regular,5,2022-10-01 00:00:00+00:00,68,Boise State,21,San Diego State,William Hill (New Jersey),-6,,38,,,
401405103,2022,regular,5,2022-10-01 19:30:00+00:00,120,Maryland,127,Michigan State,Bovada,-7.5,-7.5,58,59.5,-290,240
401405103,2022,regular,5,2022-10-01 19:30:00+00:00,120,Maryland,127,Michigan State,teamrankings,-7.5,,58.5,,,
401405103,2022,regular,5,2022-10-01 19:30:00+00:00,120,Maryland,127,Michigan State,consensus,-7.5,,58.5,,,
401405103,2022,regular,5,2022-10-01 19:30:00+00:00,120,Maryland,127,Michigan State,William Hill (New Jersey),-7.5,,58.5,,,
401404085,2022,regular,5,2022-10-01 16:00:00+00:00,2306,Kansas State,2641,Texas Tech,Bovada,-7.5,-7.5,56.5,57.5,-300,250
401404085,2022,regular,5,2022-10-01 16:00:00+00:00,2306,Kansas State,2641,Texas Tech,teamrankings,-7.5,,56,,,
401404085,2022,regular,5,2022-10-01 16:00:00+00:00,2306,Kansas State,2641,Texas Tech,consensus,-7.5,,56,,,
401404085,2022,regular,5,2022-10-01 16:00:00+00:00,2306,Kansas State,2641,Texas Tech,William Hill (New Jersey),-7.5,,56,,,
401404087,2022,regular,5,2022-10-01 23:30:00+00:00,251,Texas,277,West Virginia,Bovada,-7.5,-10,61,62,-290,240
401404087,2022,regular,5,2022-10-01 23:30:00+00:00,251,Texas,277,West Virginia,teamrankings,-7.5,,61,,,
401404087,2022,regular,5,2022-10-01 23:30:00+00:00,251,Texas,277,West Virginia,consensus,-7.5,,61,,,
401404087,2022,regular,5,2022-10-01 23:30:00+00:00,251,Texas,277,West Virginia,William Hill (New Jersey),-7.5,,61,,,
401415226,2022,regular,5,2022-09-30 00:00:00+00:00,252,BYU,328,Utah State,Bovada,-26,-24,60,60.5,-4500,1250
401415226,2022,regular,5,2022-09-30 00:00:00+00:00,252,BYU,328,Utah State,teamrankings,-26,,60,,,
401415226,2022,regular,5,2022-09-30 00:00:00+00:00,252,BYU,328,Utah State,consensus,-26,,60,,,
401415226,2022,regular,5,2022-09-30 00:00:00+00:00,252,BYU,328,Utah State,William Hill (New Jersey),-26,,60,,,
401415628,2022,regular,5,2022-10-01 16:00:00+00:00,235,Memphis,218,Temple,Bovada,-18,-20.5,49.5,53,-1600,800
401415628,2022,regular,5,2022-10-01 16:00:00+00:00,235,Memphis,218,Temple,teamrankings,-18.5,,50,,,
401415628,2022,regular,5,2022-10-01 16:00:00+00:00,235,Memphis,218,Temple,consensus,-18.5,,50,,,
401415628,2022,regular,5,2022-10-01 16:00:00+00:00,235,Memphis,218,Temple,William Hill (New Jersey),-18.5,,50,,,
401404005,2022,regular,5,2022-10-02 03:00:00+00:00,2483,Oregon,24,Stanford,Bovada,-17.5,-16,63,62.5,-750,500
401404005,2022,regular,5,2022-10-02 03:00:00+00:00,2483,Oregon,24,Stanford,teamrankings,-17,,63,,,
401404005,2022,regular,5,2022-10-02 03:00:00+00:00,2483,Oregon,24,Stanford,consensus,-17.5,,63,,,
401404005,2022,regular,5,2022-10-02 03:00:00+00:00,2483,Oregon,24,Stanford,William Hill (New Jersey),-18,,63,,,
401405100,2022,regular,5,2022-10-01 16:00:00+00:00,2294,Iowa,130,Michigan,Bovada,11,10,42,43,300,-400
401405100,2022,regular,5,2022-10-01 16:00:00+00:00,2294,Iowa,130,Michigan,teamrankings,10.5,,42,,,
401405100,2022,regular,5,2022-10-01 16:00:00+00:00,2294,Iowa,130,Michigan,consensus,10.5,,42,,,
401405100,2022,regular,5,2022-10-01 16:00:00+00:00,2294,Iowa,130,Michigan,William Hill (New Jersey),10.5,,42,,,
401426576,2022,regular,5,2022-09-30 23:30:00+00:00,2393,Middle Tennessee,2636,UTSA,Bovada,4.5,6,64,63,175,-190
401426576,2022,regular,5,2022-09-30 23:30:00+00:00,2393,Middle Tennessee,2636,UTSA,teamrankings,4.5,,64,,,
401426576,2022,regular,5,2022-09-30 23:30:00+00:00,2393,Middle Tennessee,2636,UTSA,consensus,4.5,,64,,,
401426576,2022,regular,5,2022-09-30 23:30:00+00:00,2393,Middle Tennessee,2636,UTSA,William Hill (New Jersey),4.5,,64,,,
401404137,2022,regular,5,2022-10-01 16:00:00+00:00,349,Army,2247,Georgia State,Bovada,-9,-9.5,54,58,-330,265
401404137,2022,regular,5,2022-10-01 16:00:00+00:00,349,Army,2247,Georgia State,teamrankings,-8.5,,54,,,
401404137,2022,regular,5,2022-10-01 16:00:00+00:00,349,Army,2247,Georgia State,consensus,-8.5,,54,,,
401404137,2022,regular,5,2022-10-01 16:00:00+00:00,349,Army,2247,Georgia State,William Hill (New Jersey),-8.5,,54,,,
401403905,2022,regular,5,2022-10-01 16:00:00+00:00,145,Ole Miss,96,Kentucky,Bovada,-6,-6,55,55.5,-270,220
401403905,2022,regular,5,2022-10-01 16:00:00+00:00,145,Ole Miss,96,Kentucky,teamrankings,-6.5,,55,,,
401403905,2022,regular,5,2022-10-01 16:00:00+00:00,145,Ole Miss,96,Kentucky,consensus,-6.5,,55,,,
401403905,2022,regular,5,2022-10-01 16:00:00+00:00,145,Ole Miss,96,Kentucky,William Hill (New Jersey),-6.5,,54,,,
401426337,2022,regular,5,2022-10-01 23:00:00+00:00,324,Coastal Carolina,290,Georgia Southern,Bovada,-9.5,-10,70,68.5,-390,295
401426337,2022,regular,5,2022-10-01 23:00:00+00:00,324,Coastal Carolina,290,Georgia Southern,teamrankings,-10,,69.5,,,
401426337,2022,regular,5,2022-10-01 23:00:00+00:00,324,Coastal Carolina,290,Georgia Southern,consensus,-10,,69.5,,,
401426337,2022,regular,5,2022-10-01 23:00:00+00:00,324,Coastal Carolina,290,Georgia Southern,William Hill (New Jersey),-10,,70,,,
401415227,2022,regular,5,2022-10-01 16:00:00+00:00,2005,Air Force,2426,Navy,Bovada,-13.5,-16,38,38,-700,475
401415227,2022,regular,5,2022-10-01 16:00:00+00:00,2005,Air Force,2426,Navy,teamrankings,-14,,38,,,
401415227,2022,regular,5,2022-10-01 16:00:00+00:00,2005,Air Force,2426,Navy,consensus,-14,,38,,,
401415227,2022,regular,5,2022-10-01 16:00:00+00:00,2005,Air Force,2426,Navy,William Hill (New Jersey),-14,,38,,,
401404161,2022,regular,5,2022-10-01 22:00:00+00:00,295,Old Dominion,2335,Liberty,Bovada,3.5,2,47.5,48,145,-170
401404161,2022,regular,5,2022-10-01 22:00:00+00:00,295,Old Dominion,2335,Liberty,teamrankings,3.5,,48,,,
401404161,2022,regular,5,2022-10-01 22:00:00+00:00,295,Old Dominion,2335,Liberty,consensus,3.5,,47.5,,,
401404161,2022,regular,5,2022-10-01 22:00:00+00:00,295,Old Dominion,2335,Liberty,William Hill (New Jersey),3.5,,47.5,,,
401411125,2022,regular,5,2022-10-01 23:30:00+00:00,228,Clemson,152,NC State,Bovada,-6.5,-7,46,46,-270,220
401411125,2022,regular,5,2022-10-01 23:30:00+00:00,228,Clemson,152,NC State,teamrankings,-6.5,,46,,,
401411125,2022,regular,5,2022-10-01 23:30:00+00:00,228,Clemson,152,NC State,consensus,-6.5,,45.5,,,
401411125,2022,regular,5,2022-10-01 23:30:00+00:00,228,Clemson,152,NC State,William Hill (New Jersey),-6.5,,45.5,,,
401403903,2022,regular,5,2022-10-01 23:00:00+00:00,2,Auburn,99,LSU,Bovada,8,7.5,44.5,45.5,255,-310
401403903,2022,regular,5,2022-10-01 23:00:00+00:00,2,Auburn,99,LSU,teamrankings,8,,44.5,,,
401403903,2022,regular,5,2022-10-01 23:00:00+00:00,2,Auburn,99,LSU,consensus,8,,44.5,,,
401403903,2022,regular,5,2022-10-01 23:00:00+00:00,2,Auburn,99,LSU,William Hill (New Jersey),8,,44.5,,,
401405102,2022,regular,5,2022-10-01 23:30:00+00:00,158,Nebraska,84,Indiana,Bovada,-7,-3.5,62,61.5,-230,190
401405102,2022,regular,5,2022-10-01 23:30:00+00:00,158,Nebraska,84,Indiana,teamrankings,-6.5,,62,,,
401405102,2022,regular,5,2022-10-01 23:30:00+00:00,158,Nebraska,84,Indiana,consensus,-6.5,,61.5,,,
401405102,2022,regular,5,2022-10-01 23:30:00+00:00,158,Nebraska,84,Indiana,William Hill (New Jersey),-6.5,,61.5,,,
401426575,2022,regular,5,2022-10-01 20:00:00+00:00,249,North Texas,2226,Florida Atlantic,Bovada,3,3,67.5,67,135,-160
401426575,2022,regular,5,2022-10-01 20:00:00+00:00,249,North Texas,2226,Florida Atlantic,teamrankings,3,,67.5,,,
401426575,2022,regular,5,2022-10-01 20:00:00+00:00,249,North Texas,2226,Florida Atlantic,consensus,3,,67.5,,,
401426575,2022,regular,5,2022-10-01 20:00:00+00:00,249,North Texas,2226,Florida Atlantic,William Hill (New Jersey),3,,67.5,,,
401411129,2022,regular,5,2022-10-02 00:00:00+00:00,221,Pittsburgh,59,Georgia Tech,Bovada,-21.5,-20,47,50.5,-2500,1050
401411129,2022,regular,5,2022-10-02 00:00:00+00:00,221,Pittsburgh,59,Georgia Tech,teamrankings,-21.5,,47,,,
401411129,2022,regular,5,2022-10-02 00:00:00+00:00,221,Pittsburgh,59,Georgia Tech,consensus,-21.5,,47,,,
401411129,2022,regular,5,2022-10-02 00:00:00+00:00,221,Pittsburgh,59,Georgia Tech,William Hill (New Jersey),-21.5,,47,,,
401426578,2022,regular,5,2022-10-01 23:00:00+00:00,98,Western Kentucky,2653,Troy,Bovada,-5,-6,55,57.5,-210,175
401426578,2022,regular,5,2022-10-01 23:00:00+00:00,98,Western Kentucky,2653,Troy,teamrankings,-5,,55,,,
401426578,2022,regular,5,2022-10-01 23:00:00+00:00,98,Western Kentucky,2653,Troy,consensus,-5.5,,55,,,
401426578,2022,regular,5,2022-10-01 23:00:00+00:00,98,Western Kentucky,2653,Troy,William Hill (New Jersey),-5,,55,,,
401404007,2022,regular,5,2022-10-01 02:30:00+00:00,26,UCLA,264,Washington,Bovada,2.5,3,65,65,120,-140
401404007,2022,regular,5,2022-10-01 02:30:00+00:00,26,UCLA,264,Washington,teamrankings,2.5,,65,,,
401404007,2022,regular,5,2022-10-01 02:30:00+00:00,26,UCLA,264,Washington,consensus,2.5,,64.5,,,
401404007,2022,regular,5,2022-10-01 02:30:00+00:00,26,UCLA,264,Washington,William Hill (New Jersey),2.5,,65.5,,,
401426338,2022,regular,5,2022-10-01 17:30:00+00:00,256,James Madison,326,Texas State,Bovada,-21.5,-20.5,51.5,55,-2500,1050
401426338,2022,regular,5,2022-10-01 17:30:00+00:00,256,James Madison,326,Texas State,teamrankings,-22,,51.5,,,
401426338,2022,regular,5,2022-10-01 17:30:00+00:00,256,James Madison,326,Texas State,consensus,-21.5,,51.5,,,
401426338,2022,regular,5,2022-10-01 17:30:00+00:00,256,James Madison,326,Texas State,William Hill (New Jersey),-22,,50.5,,,
401416610,2022,regular,5,2022-10-01 19:30:00+00:00,2084,Buffalo,193,Miami (OH),Bovada,-3,1.5,50.5,52.5,-110,-110
401416610,2022,regular,5,2022-10-01 19:30:00+00:00,2084,Buffalo,193,Miami (OH),teamrankings,-3,,50,,,
401416610,2022,regular,5,2022-10-01 19:30:00+00:00,2084,Buffalo,193,Miami (OH),consensus,-3,,50.5,,,
401416610,2022,regular,5,2022-10-01 19:30:00+00:00,2084,Buffalo,193,Miami (OH),William Hill (New Jersey),-3,,49.5,,,
401411126,2022,regular,5,2022-10-01 23:30:00+00:00,150,Duke,258,Virginia,Bovada,-2,-1.5,55,56,-130,110
401411126,2022,regular,5,2022-10-01 23:30:00+00:00,150,Duke,258,Virginia,teamrankings,-2,,55,,,
401411126,2022,regular,5,2022-10-01 23:30:00+00:00,150,Duke,258,Virginia,consensus,-2,,55,,,
401411126,2022,regular,5,2022-10-01 23:30:00+00:00,150,Duke,258,Virginia,William Hill (New Jersey),-2,,55,,,
401405101,2022,regular,5,2022-10-01 16:00:00+00:00,135,Minnesota,2509,Purdue,Bovada,-9,-10,53,53.5,-350,275
401405101,2022,regular,5,2022-10-01 16:00:00+00:00,135,Minnesota,2509,Purdue,teamrankings,-9,,53,,,
401405101,2022,regular,5,2022-10-01 16:00:00+00:00,135,Minnesota,2509,Purdue,consensus,-9.5,,53,,,
401405101,2022,regular,5,2022-10-01 16:00:00+00:00,135,Minnesota,2509,Purdue,William Hill (New Jersey),-9,,53,,,
401414782,2022,regular,5,2022-10-01 18:00:00+00:00,2199,Eastern Michigan,113,Massachusetts,Bovada,-19,-20,53.5,56,-1500,775
401414782,2022,regular,5,2022-10-01 18:00:00+00:00,2199,Eastern Michigan,113,Massachusetts,teamrankings,-20,,53,,,
401414782,2022,regular,5,2022-10-01 18:00:00+00:00,2199,Eastern Michigan,113,Massachusetts,consensus,-20,,53.5,,,
401414782,2022,regular,5,2022-10-01 18:00:00+00:00,2199,Eastern Michigan,113,Massachusetts,William Hill (New Jersey),-20,,53.5,,,
401415626,2022,regular,5,2022-10-01 18:30:00+00:00,58,South Florida,151,East Carolina,Bovada,9.5,8,55.5,59,270,-340
401415626,2022,regular,5,2022-10-01 18:30:00+00:00,58,South Florida,151,East Carolina,William Hill (New Jersey),10,,55.5,,,
401415626,2022,regular,5,2022-10-01 18:30:00+00:00,58,South Florida,151,East Carolina,teamrankings,9.5,,56,,,
401415626,2022,regular,5,2022-10-01 18:30:00+00:00,58,South Florida,151,East Carolina,consensus,9.5,,55.5,,,
401411128,2022,regular,5,2022-10-01 19:30:00+00:00,153,North Carolina,259,Virginia Tech,Bovada,-9.5,-8.5,57.5,57,-320,260
401411128,2022,regular,5,2022-10-01 19:30:00+00:00,153,North Carolina,259,Virginia Tech,teamrankings,-9.5,,57,,,
401411128,2022,regular,5,2022-10-01 19:30:00+00:00,153,North Carolina,259,Virginia Tech,consensus,-9.5,,57,,,
401411128,2022,regular,5,2022-10-01 19:30:00+00:00,153,North Carolina,259,Virginia Tech,William Hill (New Jersey),-9.5,,58,,,
401411127,2022,regular,5,2022-10-01 19:30:00+00:00,52,Florida State,154,Wake Forest,Bovada,-6,-6,67.5,66,-250,210
401411127,2022,regular,5,2022-10-01 19:30:00+00:00,52,Florida State,154,Wake Forest,teamrankings,-6,,67,,,
401411127,2022,regular,5,2022-10-01 19:30:00+00:00,52,Florida State,154,Wake Forest,consensus,-6,,67.5,,,
401411127,2022,regular,5,2022-10-01 19:30:00+00:00,52,Florida State,154,Wake Forest,William Hill (New Jersey),-5.5,,68,,,
401404004,2022,regular,5,2022-10-01 21:30:00+00:00,265,Washington State,25,California,Bovada,-4,-4.5,52.5,53,-195,165
401404004,2022,regular,5,2022-10-01 21:30:00+00:00,265,Washington State,25,California,teamrankings,-4,,52.5,,,
401404004,2022,regular,5,2022-10-01 21:30:00+00:00,265,Washington State,25,California,consensus,-4,,52.5,,,
401404004,2022,regular,5,2022-10-01 21:30:00+00:00,265,Washington State,25,California,William Hill (New Jersey),-4,,52.5,,,
401426340,2022,regular,5,2022-10-01 23:00:00+00:00,2032,Arkansas State,2433,UL Monroe,Bovada,-7.5,-7.5,58.5,60,-280,230
401426340,2022,regular,5,2022-10-01 23:00:00+00:00,2032,Arkansas State,2433,UL Monroe,teamrankings,-7.5,,58.5,,,
401426340,2022,regular,5,2022-10-01 23:00:00+00:00,2032,Arkansas State,2433,UL Monroe,consensus,-7,,59,,,
401426340,2022,regular,5,2022-10-01 23:00:00+00:00,2032,Arkansas State,2433,UL Monroe,William Hill (New Jersey),-7.5,,59,,,
401403907,2022,regular,5,2022-10-01 23:30:00+00:00,142,Missouri,61,Georgia,Bovada,31.5,27.5,54.5,55.5,1325,-6000
401403907,2022,regular,5,2022-10-01 23:30:00+00:00,142,Missouri,61,Georgia,teamrankings,30.5,,54,,,
401403907,2022,regular,5,2022-10-01 23:30:00+00:00,142,Missouri,61,Georgia,consensus,30.5,,54.5,,,
401403907,2022,regular,5,2022-10-01 23:30:00+00:00,142,Missouri,61,Georgia,William Hill (New Jersey),31,,54,,,
401426574,2022,regular,5,2022-10-02 00:00:00+00:00,166,New Mexico State,2229,Florida International,Bovada,-16,-15,54,55.5,-600,425
401426574,2022,regular,5,2022-10-02 00:00:00+00:00,166,New Mexico State,2229,Florida International,teamrankings,-15,,54,,,
401426574,2022,regular,5,2022-10-02 00:00:00+00:00,166,New Mexico State,2229,Florida International,consensus,-16,,54,,,
401426574,2022,regular,5,2022-10-02 00:00:00+00:00,166,New Mexico State,2229,Florida International,William Hill (New Jersey),-16,,54,,,
401426581,2022,regular,6,2022-10-08 19:30:00+00:00,5,UAB,2393,Middle Tennessee,Bovada,-10,-9.5,52.5,55,-340,270
401426581,2022,regular,6,2022-10-08 19:30:00+00:00,5,UAB,2393,Middle Tennessee,teamrankings,-10,,53,,,
401426581,2022,regular,6,2022-10-08 19:30:00+00:00,5,UAB,2393,Middle Tennessee,consensus,-10,,53,,,
401426581,2022,regular,6,2022-10-08 19:30:00+00:00,5,UAB,2393,Middle Tennessee,William Hill (New Jersey),-10,,53,,,
401403904,2022,regular,5,2022-10-02 16:00:00+00:00,57,Florida,331,Eastern Washington,Bovada,-32,-32,69,71.5,,
401403904,2022,regular,5,2022-10-02 16:00:00+00:00,57,Florida,331,Eastern Washington,consensus,-32,,71.5,,,
401403904,2022,regular,5,2022-10-02 16:00:00+00:00,57,Florida,331,Eastern Washington,William Hill (New Jersey),-32,,69.5,,,
401416615,2022,regular,6,2022-10-08 19:30:00+00:00,2459,Northern Illinois,2649,Toledo,Bovada,6.5,6,59.5,60,190,-230
401416615,2022,regular,6,2022-10-08 19:30:00+00:00,2459,Northern Illinois,2649,Toledo,teamrankings,6.5,,59,,,
401416615,2022,regular,6,2022-10-08 19:30:00+00:00,2459,Northern Illinois,2649,Toledo,consensus,6.5,,59,,,
401416615,2022,regular,6,2022-10-08 19:30:00+00:00,2459,Northern Illinois,2649,Toledo,William Hill (New Jersey),6.5,,59,,,
401405108,2022,regular,6,2022-10-08 16:00:00+00:00,84,Indiana,130,Michigan,Bovada,23.5,21.5,57.5,57.5,1000,-2200
401405108,2022,regular,6,2022-10-08 16:00:00+00:00,84,Indiana,130,Michigan,teamrankings,23.5,,57.5,,,
401405108,2022,regular,6,2022-10-08 16:00:00+00:00,84,Indiana,130,Michigan,consensus,23.5,,58,,,
401405108,2022,regular,6,2022-10-08 16:00:00+00:00,84,Indiana,130,Michigan,William Hill (New Jersey),23.5,,57.5,,,
401415632,2022,regular,6,2022-10-08 19:30:00+00:00,2426,Navy,202,Tulsa,Bovada,4.5,6,45.5,47,165,-195
401415632,2022,regular,6,2022-10-08 19:30:00+00:00,2426,Navy,202,Tulsa,teamrankings,4.5,,45.5,,,
401415632,2022,regular,6,2022-10-08 19:30:00+00:00,2426,Navy,202,Tulsa,consensus,4.5,,46,,,
401415632,2022,regular,6,2022-10-08 19:30:00+00:00,2426,Navy,202,Tulsa,William Hill (New Jersey),4.5,,46,,,
401416617,2022,regular,6,2022-10-08 16:00:00+00:00,189,Bowling Green,2084,Buffalo,Bovada,2,-1.5,56,55.5,110,-130
401416617,2022,regular,6,2022-10-08 16:00:00+00:00,189,Bowling Green,2084,Buffalo,teamrankings,2,,55.5,,,
401416617,2022,regular,6,2022-10-08 16:00:00+00:00,189,Bowling Green,2084,Buffalo,consensus,2,,54.5,,,
401416617,2022,regular,6,2022-10-08 16:00:00+00:00,189,Bowling Green,2084,Buffalo,William Hill (New Jersey),2,,56.5,,,
401404009,2022,regular,6,2022-10-08 20:00:00+00:00,9,Arizona State,264,Washington,Bovada,13.5,13,55.5,55.5,390,-550
401404009,2022,regular,6,2022-10-08 20:00:00+00:00,9,Arizona State,264,Washington,teamrankings,13.5,,56,,,
401404009,2022,regular,6,2022-10-08 20:00:00+00:00,9,Arizona State,264,Washington,consensus,13.5,,56,,,
401404009,2022,regular,6,2022-10-08 20:00:00+00:00,9,Arizona State,264,Washington,William Hill (New Jersey),13.5,,56,,,
401411134,2022,regular,6,2022-10-09 00:00:00+00:00,152,NC State,52,Florida State,Bovada,-3.5,-3.5,50,52,,140
401411134,2022,regular,6,2022-10-09 00:00:00+00:00,152,NC State,52,Florida State,teamrankings,-3.5,,50.5,,,
401411134,2022,regular,6,2022-10-09 00:00:00+00:00,152,NC State,52,Florida State,consensus,-3.5,,50.5,,,
401411134,2022,regular,6,2022-10-09 00:00:00+00:00,152,NC State,52,Florida State,William Hill (New Jersey),-3.5,,50.5,,,
401404010,2022,regular,6,2022-10-09 03:00:00+00:00,24,Stanford,204,Oregon State,Bovada,4,7,53,58.5,170,-200
401404010,2022,regular,6,2022-10-09 03:00:00+00:00,24,Stanford,204,Oregon State,teamrankings,4.5,,53,,,
401404010,2022,regular,6,2022-10-09 03:00:00+00:00,24,Stanford,204,Oregon State,consensus,4.5,,53.5,,,
401404010,2022,regular,6,2022-10-09 03:00:00+00:00,24,Stanford,204,Oregon State,William Hill (New Jersey),4.5,,53.5,,,
401404127,2022,regular,6,2022-10-08 23:30:00+00:00,87,Notre Dame,252,BYU,Bovada,-3.5,-2.5,51.5,52,-195,165
401404127,2022,regular,6,2022-10-08 23:30:00+00:00,87,Notre Dame,252,BYU,teamrankings,-4,,51,,,
401404127,2022,regular,6,2022-10-08 23:30:00+00:00,87,Notre Dame,252,BYU,consensus,-3.5,,51.5,,,
401404127,2022,regular,6,2022-10-08 23:30:00+00:00,87,Notre Dame,252,BYU,William Hill (New Jersey),-3.5,,51.5,,,
401426342,2022,regular,6,2022-10-08 18:00:00+00:00,2247,Georgia State,290,Georgia Southern,Bovada,-2.5,-2.5,66.5,65.5,-135,115
401426342,2022,regular,6,2022-10-08 18:00:00+00:00,2247,Georgia State,290,Georgia Southern,teamrankings,-2.5,,67.5,,,
401426342,2022,regular,6,2022-10-08 18:00:00+00:00,2247,Georgia State,290,Georgia Southern,consensus,-2.5,,66.5,,,
401426342,2022,regular,6,2022-10-08 18:00:00+00:00,2247,Georgia State,290,Georgia Southern,William Hill (New Jersey),-2.5,,66.5,,,
401426580,2022,regular,6,2022-10-08 23:00:00+00:00,2348,Louisiana Tech,2638,UTEP,Bovada,-1.5,-1.5,52,53,-150,130
401426580,2022,regular,6,2022-10-08 23:00:00+00:00,2348,Louisiana Tech,2638,UTEP,teamrankings,-2,,52,,,
401426580,2022,regular,6,2022-10-08 23:00:00+00:00,2348,Louisiana Tech,2638,UTEP,consensus,-1.5,,52.5,,,
401426580,2022,regular,6,2022-10-08 23:00:00+00:00,2348,Louisiana Tech,2638,UTEP,William Hill (New Jersey),-2,,52.5,,,
401411132,2022,regular,6,2022-10-08 20:00:00+00:00,59,Georgia Tech,150,Duke,Bovada,3.5,3.5,54,55.5,125,-145
401411132,2022,regular,6,2022-10-08 20:00:00+00:00,59,Georgia Tech,150,Duke,teamrankings,3.5,,54,,,
401411132,2022,regular,6,2022-10-08 20:00:00+00:00,59,Georgia Tech,150,Duke,consensus,3.5,,54,,,
401411132,2022,regular,6,2022-10-08 20:00:00+00:00,59,Georgia Tech,150,Duke,William Hill (New Jersey),3.5,,54,,,
401403915,2022,regular,6,2022-10-08 20:00:00+00:00,238,Vanderbilt,145,Ole Miss,Bovada,17,18.5,60,60,700,-1200
401403915,2022,regular,6,2022-10-08 20:00:00+00:00,238,Vanderbilt,145,Ole Miss,teamrankings,17,,59.5,,,
401403915,2022,regular,6,2022-10-08 20:00:00+00:00,238,Vanderbilt,145,Ole Miss,consensus,17,,59.5,,,
401403915,2022,regular,6,2022-10-08 20:00:00+00:00,238,Vanderbilt,145,Ole Miss,William Hill (New Jersey),17,,59.5,,,
401426343,2022,regular,6,2022-10-08 23:00:00+00:00,2032,Arkansas State,256,James Madison,Bovada,11,10.5,55,57.5,295,-390
401426343,2022,regular,6,2022-10-08 23:00:00+00:00,2032,Arkansas State,256,James Madison,teamrankings,11.5,,55,,,
401426343,2022,regular,6,2022-10-08 23:00:00+00:00,2032,Arkansas State,256,James Madison,consensus,11.5,,55,,,
401426343,2022,regular,6,2022-10-08 23:00:00+00:00,2032,Arkansas State,256,James Madison,William Hill (New Jersey),11.5,,55,,,
401416616,2022,regular,6,2022-10-08 18:00:00+00:00,195,Ohio,2006,Akron,Bovada,-10,-11.5,59,58.5,-430,320
401416616,2022,regular,6,2022-10-08 18:00:00+00:00,195,Ohio,2006,Akron,teamrankings,-10,,58.5,,,
401416616,2022,regular,6,2022-10-08 18:00:00+00:00,195,Ohio,2006,Akron,consensus,-10,,59,,,
401416616,2022,regular,6,2022-10-08 18:00:00+00:00,195,Ohio,2006,Akron,William Hill (New Jersey),-10,,59,,,
401403910,2022,regular,6,2022-10-08 16:00:00+00:00,57,Florida,142,Missouri,Bovada,-11,-10,53.5,54,-435,325
401403910,2022,regular,6,2022-10-08 16:00:00+00:00,57,Florida,142,Missouri,teamrankings,-11,,53.5,,,
401403910,2022,regular,6,2022-10-08 16:00:00+00:00,57,Florida,142,Missouri,consensus,-10.5,,53.5,,,
401403910,2022,regular,6,2022-10-08 16:00:00+00:00,57,Florida,142,Missouri,William Hill (New Jersey),-10.5,,53.5,,,
401415630,2022,regular,6,2022-10-07 23:30:00+00:00,235,Memphis,248,Houston,Bovada,-1,-3,58,57.5,-145,125
401415630,2022,regular,6,2022-10-07 23:30:00+00:00,235,Memphis,248,Houston,teamrankings,-1.5,,57.5,,,
401415630,2022,regular,6,2022-10-07 23:30:00+00:00,235,Memphis,248,Houston,consensus,-1.5,,57.5,,,
401415630,2022,regular,6,2022-10-07 23:30:00+00:00,235,Memphis,248,Houston,William Hill (New Jersey),-1.5,,57.5,,,
401405109,2022,regular,6,2022-10-08 16:00:00+00:00,120,Maryland,2509,Purdue,Bovada,-3,-3.5,59.5,61,-150,130
401405109,2022,regular,6,2022-10-08 16:00:00+00:00,120,Maryland,2509,Purdue,teamrankings,-3,,59.5,,,
401405109,2022,regular,6,2022-10-08 16:00:00+00:00,120,Maryland,2509,Purdue,consensus,-3,,59.5,,,
401405109,2022,regular,6,2022-10-08 16:00:00+00:00,120,Maryland,2509,Purdue,William Hill (New Jersey),-3,,59.5,,,
401416614,2022,regular,6,2022-10-08 16:00:00+00:00,2711,Western Michigan,2199,Eastern Michigan,Bovada,-4.5,-4,55.5,58,-230,190
401416614,2022,regular,6,2022-10-08 16:00:00+00:00,2711,Western Michigan,2199,Eastern Michigan,teamrankings,-4.5,,55.5,,,
401416614,2022,regular,6,2022-10-08 16:00:00+00:00,2711,Western Michigan,2199,Eastern Michigan,consensus,-4.5,,55,,,
401416614,2022,regular,6,2022-10-08 16:00:00+00:00,2711,Western Michigan,2199,Eastern Michigan,William Hill (New Jersey),-4,,56.5,,,
401403912,2022,regular,6,2022-10-08 23:30:00+00:00,96,Kentucky,2579,South Carolina,Bovada,-4.5,-10.5,44,48.5,-195,165
401403912,2022,regular,6,2022-10-08 23:30:00+00:00,96,Kentucky,2579,South Carolina,teamrankings,-4,,45,,,
401403912,2022,regular,6,2022-10-08 23:30:00+00:00,96,Kentucky,2579,South Carolina,consensus,-4.5,,45,,,
401403912,2022,regular,6,2022-10-08 23:30:00+00:00,96,Kentucky,2579,South Carolina,William Hill (New Jersey),-4.5,,44,,,
401415231,2022,regular,6,2022-10-08 23:00:00+00:00,328,Utah State,2005,Air Force,Bovada,11.5,9,54,55.5,290,-380
401415231,2022,regular,6,2022-10-08 23:00:00+00:00,328,Utah State,2005,Air Force,teamrankings,11.5,,54,,,
401415231,2022,regular,6,2022-10-08 23:00:00+00:00,328,Utah State,2005,Air Force,consensus,11.5,,53.5,,,
401415231,2022,regular,6,2022-10-08 23:00:00+00:00,328,Utah State,2005,Air Force,William Hill (New Jersey),11.5,,53.5,,,
401426346,2022,regular,6,2022-10-08 23:00:00+00:00,2653,Troy,2572,Southern Miss,Bovada,-7,-6.5,44,46,-250,210
401426346,2022,regular,6,2022-10-08 23:00:00+00:00,2653,Troy,2572,Southern Miss,teamrankings,-7,,44,,,
401426346,2022,regular,6,2022-10-08 23:00:00+00:00,2653,Troy,2572,Southern Miss,consensus,-7,,44,,,
401426346,2022,regular,6,2022-10-08 23:00:00+00:00,2653,Troy,2572,Southern Miss,William Hill (New Jersey),-7,,44,,,
401415633,2022,regular,6,2022-10-08 18:30:00+00:00,2132,Cincinnati,58,South Florida,Bovada,-27,-27.5,58.5,59,,
401415633,2022,regular,6,2022-10-08 18:30:00+00:00,2132,Cincinnati,58,South Florida,teamrankings,-27,,58.5,,,
401415633,2022,regular,6,2022-10-08 18:30:00+00:00,2132,Cincinnati,58,South Florida,consensus,-27,,58.5,,,
401415633,2022,regular,6,2022-10-08 18:30:00+00:00,2132,Cincinnati,58,South Florida,William Hill (New Jersey),-27,,58.5,,,
401405106,2022,regular,6,2022-10-08 23:30:00+00:00,356,Illinois,2294,Iowa,Bovada,-4,-4,36,35.5,-175,150
401405106,2022,regular,6,2022-10-08 23:30:00+00:00,356,Illinois,2294,Iowa,teamrankings,-3.5,,36.5,,,
401405106,2022,regular,6,2022-10-08 23:30:00+00:00,356,Illinois,2294,Iowa,consensus,-3.5,,36.5,,,
401405106,2022,regular,6,2022-10-08 23:30:00+00:00,356,Illinois,2294,Iowa,William Hill (New Jersey),-3.5,,36.5,,,
401415235,2022,regular,6,2022-10-09 02:30:00+00:00,21,San Diego State,62,Hawai'i,Bovada,-24,-21,49,49.5,-1800,850
401415235,2022,regular,6,2022-10-09 02:30:00+00:00,21,San Diego State,62,Hawai'i,teamrankings,-23.5,,48.5,,,
401415235,2022,regular,6,2022-10-09 02:30:00+00:00,21,San Diego State,62,Hawai'i,consensus,-23.5,,49,,,
401415235,2022,regular,6,2022-10-09 02:30:00+00:00,21,San Diego State,62,Hawai'i,William Hill (New Jersey),-24,,49,,,
401411136,2022,regular,6,2022-10-08 16:00:00+00:00,258,Virginia,97,Louisville,Bovada,-1.5,4.5,47.5,51.5,125,-120
401411136,2022,regular,6,2022-10-08 16:00:00+00:00,258,Virginia,97,Louisville,teamrankings,-1.5,,47.5,,,
401411136,2022,regular,6,2022-10-08 16:00:00+00:00,258,Virginia,97,Louisville,consensus,-1.5,,47.5,,,
401411136,2022,regular,6,2022-10-08 16:00:00+00:00,258,Virginia,97,Louisville,William Hill (New Jersey),-1.5,,47.5,,,
401415232,2022,regular,6,2022-10-09 01:45:00+00:00,68,Boise State,278,Fresno State,Bovada,-10.5,-7,45,49,-290,240
401415232,2022,regular,6,2022-10-09 01:45:00+00:00,68,Boise State,278,Fresno State,teamrankings,-9,,45,,,
401415232,2022,regular,6,2022-10-09 01:45:00+00:00,68,Boise State,278,Fresno State,consensus,-10.5,,45.5,,,
401415232,2022,regular,6,2022-10-09 01:45:00+00:00,68,Boise State,278,Fresno State,William Hill (New Jersey),-10.5,,45,,,
401404012,2022,regular,6,2022-10-08 23:30:00+00:00,30,USC,265,Washington State,Bovada,-12.5,-11,64.5,61,-550,
401404012,2022,regular,6,2022-10-08 23:30:00+00:00,30,USC,265,Washington State,teamrankings,-12.5,,64.5,,,
401404012,2022,regular,6,2022-10-08 23:30:00+00:00,30,USC,265,Washington State,consensus,-12.5,,64.5,,,
401404012,2022,regular,6,2022-10-08 23:30:00+00:00,30,USC,265,Washington State,William Hill (New Jersey),-12,,64.5,,,
401426579,2022,regular,6,2022-10-08 23:00:00+00:00,2229,Florida International,41,UConn,Bovada,5.5,4.5,46.5,49.5,170,-200
401426579,2022,regular,6,2022-10-08 23:00:00+00:00,2229,Florida International,41,UConn,teamrankings,5.5,,46.5,,,
401426579,2022,regular,6,2022-10-08 23:00:00+00:00,2229,Florida International,41,UConn,consensus,5.5,,46.5,,,
401426579,2022,regular,6,2022-10-08 23:00:00+00:00,2229,Florida International,41,UConn,William Hill (New Jersey),5.5,,46.5,,,
401403909,2022,regular,6,2022-10-09 00:00:00+00:00,333,Alabama,245,Texas A&M,Bovada,-24,-24,48.5,52,-2800,1100
401403909,2022,regular,6,2022-10-09 00:00:00+00:00,333,Alabama,245,Texas A&M,teamrankings,-24,,48,,,
401403909,2022,regular,6,2022-10-09 00:00:00+00:00,333,Alabama,245,Texas A&M,consensus,-24,,48,,,
401403909,2022,regular,6,2022-10-09 00:00:00+00:00,333,Alabama,245,Texas A&M,William Hill (New Jersey),-24.5,,48,,,
401404011,2022,regular,6,2022-10-08 19:30:00+00:00,26,UCLA,254,Utah,Bovada,3.5,3.5,64.5,64,165,-195
401404011,2022,regular,6,2022-10-08 19:30:00+00:00,26,UCLA,254,Utah,teamrankings,3,,64.5,,,
401404011,2022,regular,6,2022-10-08 19:30:00+00:00,26,UCLA,254,Utah,consensus,3,,64.5,,,
401404011,2022,regular,6,2022-10-08 19:30:00+00:00,26,UCLA,254,Utah,William Hill (New Jersey),3,,64.5,,,
401426345,2022,regular,6,2022-10-08 23:00:00+00:00,326,Texas State,2026,App State,Bovada,19.5,19,54.5,55.5,700,-1200
401426345,2022,regular,6,2022-10-08 23:00:00+00:00,326,Texas State,2026,App State,teamrankings,19.5,,54.5,,,
401426345,2022,regular,6,2022-10-08 23:00:00+00:00,326,Texas State,2026,App State,consensus,19.5,,54.5,,,
401426345,2022,regular,6,2022-10-08 23:00:00+00:00,326,Texas State,2026,App State,William Hill (New Jersey),19,,54.5,,,
401405107,2022,regular,6,2022-10-08 19:30:00+00:00,77,Northwestern,275,Wisconsin,Bovada,10,9.5,44.5,44,300,-400
401405107,2022,regular,6,2022-10-08 19:30:00+00:00,77,Northwestern,275,Wisconsin,teamrankings,10,,44.5,,,
401405107,2022,regular,6,2022-10-08 19:30:00+00:00,77,Northwestern,275,Wisconsin,consensus,10,,44.5,,,
401405107,2022,regular,6,2022-10-08 19:30:00+00:00,77,Northwestern,275,Wisconsin,William Hill (New Jersey),10,,44.5,,,
401405110,2022,regular,6,2022-10-08 20:00:00+00:00,127,Michigan State,194,Ohio State,Bovada,27.5,25.5,65,62,,
401405110,2022,regular,6,2022-10-08 20:00:00+00:00,127,Michigan State,194,Ohio State,teamrankings,27,,64.5,,,
401405110,2022,regular,6,2022-10-08 20:00:00+00:00,127,Michigan State,194,Ohio State,consensus,27,,64.5,,,
401405110,2022,regular,6,2022-10-08 20:00:00+00:00,127,Michigan State,194,Ohio State,William Hill (New Jersey),27,,64.5,,,
401411133,2022,regular,6,2022-10-08 20:00:00+00:00,2390,Miami,153,North Carolina,Bovada,-4,-3,68,66,-170,145
401411133,2022,regular,6,2022-10-08 20:00:00+00:00,2390,Miami,153,North Carolina,teamrankings,-4,,67.5,,,
401411133,2022,regular,6,2022-10-08 20:00:00+00:00,2390,Miami,153,North Carolina,consensus,-4,,67.5,,,
401411133,2022,regular,6,2022-10-08 20:00:00+00:00,2390,Miami,153,North Carolina,William Hill (New Jersey),-4,,67.5,,,
401426582,2022,regular,6,2022-10-08 22:00:00+00:00,2636,UTSA,98,Western Kentucky,Bovada,-6.5,-5,72.5,70,-250,210
401426582,2022,regular,6,2022-10-08 22:00:00+00:00,2636,UTSA,98,Western Kentucky,teamrankings,-6.5,,72.5,,,
401426582,2022,regular,6,2022-10-08 22:00:00+00:00,2636,UTSA,98,Western Kentucky,consensus,-6.5,,72.5,,,
401426582,2022,regular,6,2022-10-08 22:00:00+00:00,2636,UTSA,98,Western Kentucky,William Hill (New Jersey),-6.5,,72.5,,,
401405111,2022,regular,6,2022-10-07 23:00:00+00:00,164,Rutgers,158,Nebraska,Bovada,3,2.5,50.5,51,130,-150
401405111,2022,regular,6,2022-10-07 23:00:00+00:00,164,Rutgers,158,Nebraska,teamrankings,3,,50.5,,,
401405111,2022,regular,6,2022-10-07 23:00:00+00:00,164,Rutgers,158,Nebraska,consensus,3,,50.5,,,
401405111,2022,regular,6,2022-10-07 23:00:00+00:00,164,Rutgers,158,Nebraska,Caesars Sportsbook (Colorado),3,,50.5,,,
401404088,2022,regular,6,2022-10-08 23:30:00+00:00,66,Iowa State,2306,Kansas State,Bovada,1,2,45,46,110,-130
401404088,2022,regular,6,2022-10-08 23:30:00+00:00,66,Iowa State,2306,Kansas State,teamrankings,1,,45,,,
401404088,2022,regular,6,2022-10-08 23:30:00+00:00,66,Iowa State,2306,Kansas State,consensus,1,,45,,,
401404088,2022,regular,6,2022-10-08 23:30:00+00:00,66,Iowa State,2306,Kansas State,William Hill (New Jersey),1.5,,45,,,
401415234,2022,regular,6,2022-10-08 23:00:00+00:00,167,New Mexico,2751,Wyoming,Bovada,3,3.5,37,37.5,145,-170
401415234,2022,regular,6,2022-10-08 23:00:00+00:00,167,New Mexico,2751,Wyoming,teamrankings,3,,37,,,
401415234,2022,regular,6,2022-10-08 23:00:00+00:00,167,New Mexico,2751,Wyoming,consensus,3,,37,,,
401415234,2022,regular,6,2022-10-08 23:00:00+00:00,167,New Mexico,2751,Wyoming,William Hill (New Jersey),3,,37,,,
401411135,2022,regular,6,2022-10-08 19:30:00+00:00,221,Pittsburgh,259,Virginia Tech,Bovada,-14.5,-14.5,42,44.5,-650,450
401411135,2022,regular,6,2022-10-08 19:30:00+00:00,221,Pittsburgh,259,Virginia Tech,teamrankings,-14.5,,42,,,
401411135,2022,regular,6,2022-10-08 19:30:00+00:00,221,Pittsburgh,259,Virginia Tech,consensus,-14.5,,42,,,
401411135,2022,regular,6,2022-10-08 19:30:00+00:00,221,Pittsburgh,259,Virginia Tech,William Hill (New Jersey),-14.5,,42,,,
401426344,2022,regular,6,2022-10-09 00:00:00+00:00,2433,UL Monroe,324,Coastal Carolina,Bovada,12.5,15,57.5,60,425,-600
401426344,2022,regular,6,2022-10-09 00:00:00+00:00,2433,UL Monroe,324,Coastal Carolina,teamrankings,12.5,,58,,,
401426344,2022,regular,6,2022-10-09 00:00:00+00:00,2433,UL Monroe,324,Coastal Carolina,consensus,12.5,,58,,,
401426344,2022,regular,6,2022-10-09 00:00:00+00:00,2433,UL Monroe,324,Coastal Carolina,William Hill (New Jersey),12.5,,58,,,
401404089,2022,regular,6,2022-10-08 16:00:00+00:00,2305,Kansas,2628,TCU,Bovada,7,5.5,71,67.5,225,-275
401404089,2022,regular,6,2022-10-08 16:00:00+00:00,2305,Kansas,2628,TCU,teamrankings,7,,70,,,
401404089,2022,regular,6,2022-10-08 16:00:00+00:00,2305,Kansas,2628,TCU,consensus,7,,70,,,
401404089,2022,regular,6,2022-10-08 16:00:00+00:00,2305,Kansas,2628,TCU,William Hill (New Jersey),7,,70.5,,,
401404138,2022,regular,6,2022-10-08 23:30:00+00:00,154,Wake Forest,349,Army,Bovada,-16.5,-15.5,65.5,65,-850,550
401404138,2022,regular,6,2022-10-08 23:30:00+00:00,154,Wake Forest,349,Army,teamrankings,-16,,65.5,,,
401404138,2022,regular,6,2022-10-08 23:30:00+00:00,154,Wake Forest,349,Army,consensus,-16,,65.5,,,
401404138,2022,regular,6,2022-10-08 23:30:00+00:00,154,Wake Forest,349,Army,William Hill (New Jersey),-16,,65.5,,,
401404008,2022,regular,6,2022-10-09 01:00:00+00:00,12,Arizona,2483,Oregon,Bovada,13.5,11,73,69.5,375,-525
401404008,2022,regular,6,2022-10-09 01:00:00+00:00,12,Arizona,2483,Oregon,teamrankings,13.5,,70.5,,,
401404008,2022,regular,6,2022-10-09 01:00:00+00:00,12,Arizona,2483,Oregon,consensus,13.5,,72,,,
401404008,2022,regular,6,2022-10-09 01:00:00+00:00,12,Arizona,2483,Oregon,William Hill (New Jersey),13.5,,72,,,
401415233,2022,regular,6,2022-10-08 02:30:00+00:00,2440,Nevada,36,Colorado State,Bovada,-3.5,-3,45,47,-175,150
401415233,2022,regular,6,2022-10-08 02:30:00+00:00,2440,Nevada,36,Colorado State,teamrankings,-3.5,,44,,,
401415233,2022,regular,6,2022-10-08 02:30:00+00:00,2440,Nevada,36,Colorado State,consensus,-3.5,,45,,,
401415233,2022,regular,6,2022-10-08 02:30:00+00:00,2440,Nevada,36,Colorado State,William Hill (New Jersey),-3.5,,45,,,
401411131,2022,regular,6,2022-10-08 23:30:00+00:00,103,Boston College,228,Clemson,Bovada,21,20.5,49,50,850,-1800
401411131,2022,regular,6,2022-10-08 23:30:00+00:00,103,Boston College,228,Clemson,teamrankings,21,,49,,,
401411131,2022,regular,6,2022-10-08 23:30:00+00:00,103,Boston College,228,Clemson,consensus,21,,48.5,,,
401411131,2022,regular,6,2022-10-08 23:30:00+00:00,103,Boston College,228,Clemson,William Hill (New Jersey),21,,48.5,,,
401415236,2022,regular,6,2022-10-08 02:30:00+00:00,23,San José State,2439,UNLV,Bovada,-6.5,-5,51.5,50.5,-210,175
401415236,2022,regular,6,2022-10-08 02:30:00+00:00,23,San José State,2439,UNLV,teamrankings,-6.5,,51.5,,,
401415236,2022,regular,6,2022-10-08 02:30:00+00:00,23,San José State,2439,UNLV,consensus,-6.5,,51.5,,,
401415236,2022,regular,6,2022-10-08 02:30:00+00:00,23,San José State,2439,UNLV,William Hill (New Jersey),-6.5,,51.5,,,
401404091,2022,regular,6,2022-10-08 19:30:00+00:00,197,Oklahoma State,2641,Texas Tech,Bovada,-11.5,-10,65.5,64,-350,275
401404091,2022,regular,6,2022-10-08 19:30:00+00:00,197,Oklahoma State,2641,Texas Tech,teamrankings,-11,,66,,,
401404091,2022,regular,6,2022-10-08 19:30:00+00:00,197,Oklahoma State,2641,Texas Tech,consensus,-11.5,,65.5,,,
401404091,2022,regular,6,2022-10-08 19:30:00+00:00,197,Oklahoma State,2641,Texas Tech,William Hill (New Jersey),-11.5,,65.5,,,
401416613,2022,regular,6,2022-10-08 19:30:00+00:00,2117,Central Michigan,2050,Ball State,Bovada,-7.5,-9,63.5,64,-340,270
401416613,2022,regular,6,2022-10-08 19:30:00+00:00,2117,Central Michigan,2050,Ball State,teamrankings,-7.5,,63,,,
401416613,2022,regular,6,2022-10-08 19:30:00+00:00,2117,Central Michigan,2050,Ball State,consensus,-7.5,,63.5,,,
401416613,2022,regular,6,2022-10-08 19:30:00+00:00,2117,Central Michigan,2050,Ball State,William Hill (New Jersey),-7.5,,63.5,,,
401416618,2022,regular,6,2022-10-08 19:30:00+00:00,193,Miami (OH),2309,Kent State,Bovada,5,3.5,56.5,57.5,190,-230
401416618,2022,regular,6,2022-10-08 19:30:00+00:00,193,Miami (OH),2309,Kent State,teamrankings,5,,56.5,,,
401416618,2022,regular,6,2022-10-08 19:30:00+00:00,193,Miami (OH),2309,Kent State,consensus,5.5,,56.5,,,
401416618,2022,regular,6,2022-10-08 19:30:00+00:00,193,Miami (OH),2309,Kent State,William Hill (New Jersey),5,,56.5,,,
401404090,2022,regular,6,2022-10-08 16:00:00+00:00,201,Oklahoma,251,Texas,Bovada,7.5,6,65.5,65,260,-320
401404090,2022,regular,6,2022-10-08 16:00:00+00:00,201,Oklahoma,251,Texas,teamrankings,7.5,,65,,,
401404090,2022,regular,6,2022-10-08 16:00:00+00:00,201,Oklahoma,251,Texas,consensus,7.5,,65.5,,,
401404090,2022,regular,6,2022-10-08 16:00:00+00:00,201,Oklahoma,251,Texas,William Hill (New Jersey),7.5,,65,,,
401403913,2022,regular,6,2022-10-08 16:00:00+00:00,99,LSU,2633,Tennessee,Bovada,2.5,3,63,62,130,-150
401403913,2022,regular,6,2022-10-08 16:00:00+00:00,99,LSU,2633,Tennessee,teamrankings,2.5,,63.5,,,
401403913,2022,regular,6,2022-10-08 16:00:00+00:00,99,LSU,2633,Tennessee,consensus,2.5,,63.5,,,
401403913,2022,regular,6,2022-10-08 16:00:00+00:00,99,LSU,2633,Tennessee,William Hill (New Jersey),2.5,,63.5,,,
401403911,2022,regular,6,2022-10-08 19:30:00+00:00,61,Georgia,2,Auburn,Bovada,-27.5,-28.5,49.5,49,,
401403911,2022,regular,6,2022-10-08 19:30:00+00:00,61,Georgia,2,Auburn,teamrankings,-27.5,,49.5,,,
401403911,2022,regular,6,2022-10-08 19:30:00+00:00,61,Georgia,2,Auburn,consensus,-28,,49.5,,,
401403911,2022,regular,6,2022-10-08 19:30:00+00:00,61,Georgia,2,Auburn,William Hill (New Jersey),-27.5,,49.5,,,
401404164,2022,regular,6,2022-10-08 19:30:00+00:00,113,Massachusetts,2335,Liberty,Bovada,23,25.5,45.5,50.5,1125,-3000
401404164,2022,regular,6,2022-10-08 19:30:00+00:00,113,Massachusetts,2335,Liberty,teamrankings,22.5,,45.5,,,
401404164,2022,regular,6,2022-10-08 19:30:00+00:00,113,Massachusetts,2335,Liberty,consensus,22.5,,46,,,
401404164,2022,regular,6,2022-10-08 19:30:00+00:00,113,Massachusetts,2335,Liberty,William Hill (New Jersey),22.5,,45.5,,,
401415631,2022,regular,6,2022-10-08 19:30:00+00:00,2655,Tulane,151,East Carolina,Bovada,-2.5,-3,55.5,54,-160,135
401415631,2022,regular,6,2022-10-08 19:30:00+00:00,2655,Tulane,151,East Carolina,teamrankings,-2.5,,56,,,
401415631,2022,regular,6,2022-10-08 19:30:00+00:00,2655,Tulane,151,East Carolina,consensus,-3,,55.5,,,
401415631,2022,regular,6,2022-10-08 19:30:00+00:00,2655,Tulane,151,East Carolina,William Hill (New Jersey),-2.5,,55.5,,,
401416623,2022,regular,7,2022-10-15 19:30:00+00:00,2711,Western Michigan,195,Ohio,Bovada,-2,-2,61.5,60,-125,105
401416623,2022,regular,7,2022-10-15 19:30:00+00:00,2711,Western Michigan,195,Ohio,teamrankings,-2,,61.5,,,
401416623,2022,regular,7,2022-10-15 19:30:00+00:00,2711,Western Michigan,195,Ohio,consensus,-2,,61.5,,,
401416623,2022,regular,7,2022-10-15 19:30:00+00:00,2711,Western Michigan,195,Ohio,William Hill (New Jersey),-2,,61.5,,,
401415240,2022,regular,7,2022-10-16 03:59:00+00:00,62,Hawai'i,2440,Nevada,Bovada,6,4.5,51.5,48.5,170,-200
401415240,2022,regular,7,2022-10-16 03:59:00+00:00,62,Hawai'i,2440,Nevada,teamrankings,6.5,,51.5,,,
401411140,2022,regular,7,2022-10-15 16:30:00+00:00,259,Virginia Tech,2390,Miami,Bovada,9,7,48.5,47.5,250,-300
401411140,2022,regular,7,2022-10-15 16:30:00+00:00,259,Virginia Tech,2390,Miami,teamrankings,9,,48.5,,,
401411140,2022,regular,7,2022-10-15 16:30:00+00:00,259,Virginia Tech,2390,Miami,consensus,8.5,,48,,,
401411140,2022,regular,7,2022-10-15 16:30:00+00:00,259,Virginia Tech,2390,Miami,William Hill (New Jersey),9,,48,,,
401415634,2022,regular,7,2022-10-13 23:00:00+00:00,2116,UCF,218,Temple,Bovada,-23.5,-24.5,46.5,46,-2800,1100
401415634,2022,regular,7,2022-10-13 23:00:00+00:00,2116,UCF,218,Temple,teamrankings,-23.5,,46.5,,,
401415634,2022,regular,7,2022-10-13 23:00:00+00:00,2116,UCF,218,Temple,consensus,-23.5,,46.5,,,
401415634,2022,regular,7,2022-10-13 23:00:00+00:00,2116,UCF,218,Temple,William Hill (New Jersey),-23.5,,46.5,,,
401426349,2022,regular,7,2022-10-15 20:00:00+00:00,290,Georgia Southern,256,James Madison,Bovada,13,10.5,68,63.5,295,-390
401426349,2022,regular,7,2022-10-15 20:00:00+00:00,290,Georgia Southern,256,James Madison,teamrankings,13,,68,,,
401426349,2022,regular,7,2022-10-15 20:00:00+00:00,290,Georgia Southern,256,James Madison,consensus,13,,67.5,,,
401426349,2022,regular,7,2022-10-15 20:00:00+00:00,290,Georgia Southern,256,James Madison,William Hill (New Jersey),13,,67.5,,,
401426347,2022,regular,7,2022-10-12 23:30:00+00:00,276,Marshall,309,Louisiana,Bovada,-9.5,-7.5,45,47.5,-310,255
401426347,2022,regular,7,2022-10-12 23:30:00+00:00,276,Marshall,309,Louisiana,teamrankings,-10.5,,45.5,,,
401426347,2022,regular,7,2022-10-12 23:30:00+00:00,276,Marshall,309,Louisiana,consensus,-10.5,,45,,,
401426347,2022,regular,7,2022-10-12 23:30:00+00:00,276,Marshall,309,Louisiana,William Hill (New Jersey),-10.5,,45,,,
401415635,2022,regular,7,2022-10-14 23:30:00+00:00,2567,SMU,2426,Navy,Bovada,-12.5,-11,59,57,-450,335
401415635,2022,regular,7,2022-10-14 23:30:00+00:00,2567,SMU,2426,Navy,teamrankings,-12.5,,58.5,,,
401415635,2022,regular,7,2022-10-14 23:30:00+00:00,2567,SMU,2426,Navy,consensus,-12.5,,58.5,,,
401415635,2022,regular,7,2022-10-14 23:30:00+00:00,2567,SMU,2426,Navy,William Hill (New Jersey),-12,,58.5,,,
401415238,2022,regular,7,2022-10-15 23:00:00+00:00,36,Colorado State,328,Utah State,Bovada,14,9,45.5,48,275,-350
401415238,2022,regular,7,2022-10-15 23:00:00+00:00,36,Colorado State,328,Utah State,teamrankings,14,,45.5,,,
401415238,2022,regular,7,2022-10-15 23:00:00+00:00,36,Colorado State,328,Utah State,consensus,14,,45.5,,,
401415238,2022,regular,7,2022-10-15 23:00:00+00:00,36,Colorado State,328,Utah State,William Hill (New Jersey),14,,45.5,,,
401404015,2022,regular,7,2022-10-16 01:00:00+00:00,204,Oregon State,265,Washington State,Bovada,-3,-3.5,51.5,52.5,-165,140
401404015,2022,regular,7,2022-10-16 01:00:00+00:00,204,Oregon State,265,Washington State,teamrankings,-3,,51.5,,,
401404015,2022,regular,7,2022-10-16 01:00:00+00:00,204,Oregon State,265,Washington State,consensus,-3,,51.5,,,
401404015,2022,regular,7,2022-10-16 01:00:00+00:00,204,Oregon State,265,Washington State,William Hill (New Jersey),-3,,51.5,,,
401426348,2022,regular,7,2022-10-15 16:00:00+00:00,324,Coastal Carolina,295,Old Dominion,Bovada,-11,-11,58.5,57,-450,335
401426348,2022,regular,7,2022-10-15 16:00:00+00:00,324,Coastal Carolina,295,Old Dominion,teamrankings,-11,,58.5,,,
401426348,2022,regular,7,2022-10-15 16:00:00+00:00,324,Coastal Carolina,295,Old Dominion,consensus,-11.5,,58.5,,,
401426348,2022,regular,7,2022-10-15 16:00:00+00:00,324,Coastal Carolina,295,Old Dominion,William Hill (New Jersey),-11.5,,58.5,,,
401405114,2022,regular,7,2022-10-15 19:30:00+00:00,84,Indiana,120,Maryland,Bovada,10.5,10.5,63.5,60.5,300,-400
401405114,2022,regular,7,2022-10-15 19:30:00+00:00,84,Indiana,120,Maryland,teamrankings,11,,63,,,
401405114,2022,regular,7,2022-10-15 19:30:00+00:00,84,Indiana,120,Maryland,consensus,11,,63.5,,,
401405114,2022,regular,7,2022-10-15 19:30:00+00:00,84,Indiana,120,Maryland,William Hill (New Jersey),11,,63.5,,,
401411139,2022,regular,7,2022-10-15 19:30:00+00:00,183,Syracuse,152,NC State,Bovada,-3,-6,42,44,-160,135
401411139,2022,regular,7,2022-10-15 19:30:00+00:00,183,Syracuse,152,NC State,teamrankings,-3,,42.5,,,
401411139,2022,regular,7,2022-10-15 19:30:00+00:00,183,Syracuse,152,NC State,consensus,-3,,42.5,,,
401411139,2022,regular,7,2022-10-15 19:30:00+00:00,183,Syracuse,152,NC State,William Hill (New Jersey),-3,,42.5,,,
401415637,2022,regular,7,2022-10-15 23:30:00+00:00,151,East Carolina,235,Memphis,Bovada,-5.5,-3.5,62.5,59.5,-175,150
401415637,2022,regular,7,2022-10-15 23:30:00+00:00,151,East Carolina,235,Memphis,teamrankings,-5.5,,62.5,,,
401415637,2022,regular,7,2022-10-15 23:30:00+00:00,151,East Carolina,235,Memphis,consensus,-5.5,,62.5,,,
401415637,2022,regular,7,2022-10-15 23:30:00+00:00,151,East Carolina,235,Memphis,William Hill (New Jersey),-5.5,,62.5,,,
401403918,2022,regular,7,2022-10-15 19:30:00+00:00,61,Georgia,238,Vanderbilt,Bovada,-37.5,-38,56.5,57,,
401403918,2022,regular,7,2022-10-15 19:30:00+00:00,61,Georgia,238,Vanderbilt,teamrankings,-37.5,,56.5,,,
401403918,2022,regular,7,2022-10-15 19:30:00+00:00,61,Georgia,238,Vanderbilt,consensus,-37.5,,56.5,,,
401403918,2022,regular,7,2022-10-15 19:30:00+00:00,61,Georgia,238,Vanderbilt,William Hill (New Jersey),-37.5,,56.5,,,
401404094,2022,regular,7,2022-10-15 16:00:00+00:00,201,Oklahoma,2305,Kansas,Bovada,-10.5,-7,66.5,64,-350,275
401404094,2022,regular,7,2022-10-15 16:00:00+00:00,201,Oklahoma,2305,Kansas,teamrankings,-10.5,,66,,,
401404094,2022,regular,7,2022-10-15 16:00:00+00:00,201,Oklahoma,2305,Kansas,consensus,-10.5,,66,,,
401404094,2022,regular,7,2022-10-15 16:00:00+00:00,201,Oklahoma,2305,Kansas,William Hill (New Jersey),-10.5,,66.5,,,
401416619,2022,regular,7,2022-10-15 16:00:00+00:00,2006,Akron,2117,Central Michigan,Bovada,12,13.5,60.5,58.5,390,-550
401416619,2022,regular,7,2022-10-15 16:00:00+00:00,2006,Akron,2117,Central Michigan,teamrankings,12,,60.5,,,
401416619,2022,regular,7,2022-10-15 16:00:00+00:00,2006,Akron,2117,Central Michigan,consensus,12,,60.5,,,
401416619,2022,regular,7,2022-10-15 16:00:00+00:00,2006,Akron,2117,Central Michigan,William Hill (New Jersey),12,,60.5,,,
401405115,2022,regular,7,2022-10-15 16:00:00+00:00,130,Michigan,213,Penn State,Bovada,-7,-7.5,48.5,51.5,-280,230
401405115,2022,regular,7,2022-10-15 16:00:00+00:00,130,Michigan,213,Penn State,teamrankings,-7,,49,,,
401405115,2022,regular,7,2022-10-15 16:00:00+00:00,130,Michigan,213,Penn State,consensus,-7,,49,,,
401405115,2022,regular,7,2022-10-15 16:00:00+00:00,130,Michigan,213,Penn State,William Hill (New Jersey),-7,,48.5,,,
401426585,2022,regular,7,2022-10-15 22:00:00+00:00,2226,Florida Atlantic,242,Rice,Bovada,-5.5,-5,54.5,56,-210,175
401426585,2022,regular,7,2022-10-15 22:00:00+00:00,2226,Florida Atlantic,242,Rice,teamrankings,-5,,54.5,,,
401426585,2022,regular,7,2022-10-15 22:00:00+00:00,2226,Florida Atlantic,242,Rice,consensus,-4,,54.5,,,
401426585,2022,regular,7,2022-10-15 22:00:00+00:00,2226,Florida Atlantic,242,Rice,William Hill (New Jersey),-5,,54.5,,,
401405116,2022,regular,7,2022-10-15 20:00:00+00:00,127,Michigan State,275,Wisconsin,Bovada,7,5.5,50,47,180,-220
401405116,2022,regular,7,2022-10-15 20:00:00+00:00,127,Michigan State,275,Wisconsin,teamrankings,7,,49.5,,,
401405116,2022,regular,7,2022-10-15 20:00:00+00:00,127,Michigan State,275,Wisconsin,consensus,7,,49.5,,,
401405116,2022,regular,7,2022-10-15 20:00:00+00:00,127,Michigan State,275,Wisconsin,William Hill (New Jersey),7,,49.5,,,
401416622,2022,regular,7,2022-10-15 16:00:00+00:00,189,Bowling Green,193,Miami (OH),Bovada,7,7,45,47.5,210,-250
401416622,2022,regular,7,2022-10-15 16:00:00+00:00,189,Bowling Green,193,Miami (OH),teamrankings,7,,45,,,
401416622,2022,regular,7,2022-10-15 16:00:00+00:00,189,Bowling Green,193,Miami (OH),consensus,7,,45,,,
401416622,2022,regular,7,2022-10-15 16:00:00+00:00,189,Bowling Green,193,Miami (OH),William Hill (New Jersey),7,,45,,,
401426583,2022,regular,7,2022-10-15 19:30:00+00:00,5,UAB,2429,Charlotte,Bovada,-22,-23.5,65,62.5,-2800,1100
401426583,2022,regular,7,2022-10-15 19:30:00+00:00,5,UAB,2429,Charlotte,teamrankings,-21.5,,65,,,
401426583,2022,regular,7,2022-10-15 19:30:00+00:00,5,UAB,2429,Charlotte,consensus,-22.5,,65,,,
401426583,2022,regular,7,2022-10-15 19:30:00+00:00,5,UAB,2429,Charlotte,William Hill (New Jersey),-22.5,,65,,,
401426350,2022,regular,7,2022-10-15 23:00:00+00:00,6,South Alabama,2433,UL Monroe,Bovada,-17,-17.5,51,54,-950,600
401426350,2022,regular,7,2022-10-15 23:00:00+00:00,6,South Alabama,2433,UL Monroe,teamrankings,-17,,51,,,
401426350,2022,regular,7,2022-10-15 23:00:00+00:00,6,South Alabama,2433,UL Monroe,consensus,-17,,51,,,
401426350,2022,regular,7,2022-10-15 23:00:00+00:00,6,South Alabama,2433,UL Monroe,William Hill (New Jersey),-17,,51,,,
401404013,2022,regular,7,2022-10-15 21:30:00+00:00,264,Washington,12,Arizona,Bovada,-14.5,-15.5,71.5,73.5,,500
401404013,2022,regular,7,2022-10-15 21:30:00+00:00,264,Washington,12,Arizona,teamrankings,-14.5,,71.5,,,
401404013,2022,regular,7,2022-10-15 21:30:00+00:00,264,Washington,12,Arizona,consensus,-14.5,,71.5,,,
401404013,2022,regular,7,2022-10-15 21:30:00+00:00,264,Washington,12,Arizona,William Hill (New Jersey),-14.5,,71.5,,,
401426584,2022,regular,7,2022-10-15 00:00:00+00:00,2229,Florida International,2636,UTSA,Bovada,33,34,64,63.5,,
401426584,2022,regular,7,2022-10-15 00:00:00+00:00,2229,Florida International,2636,UTSA,teamrankings,33.5,,64,,,
401426584,2022,regular,7,2022-10-15 00:00:00+00:00,2229,Florida International,2636,UTSA,consensus,33.5,,63.5,,,
401426584,2022,regular,7,2022-10-15 00:00:00+00:00,2229,Florida International,2636,UTSA,William Hill (New Jersey),34,,62.5,,,
401426587,2022,regular,7,2022-10-15 19:30:00+00:00,2393,Middle Tennessee,98,Western Kentucky,Bovada,7.5,7,67.5,66,220,-270
401426587,2022,regular,7,2022-10-15 19:30:00+00:00,2393,Middle Tennessee,98,Western Kentucky,teamrankings,7.5,,67.5,,,
401426587,2022,regular,7,2022-10-15 19:30:00+00:00,2393,Middle Tennessee,98,Western Kentucky,consensus,7.5,,67.5,,,
401426587,2022,regular,7,2022-10-15 19:30:00+00:00,2393,Middle Tennessee,98,Western Kentucky,William Hill (New Jersey),7.5,,67,,,
401426351,2022,regular,7,2022-10-15 23:00:00+00:00,2572,Southern Miss,2032,Arkansas State,Bovada,-4.5,-4,53,56.5,-175,150
401426351,2022,regular,7,2022-10-15 23:00:00+00:00,2572,Southern Miss,2032,Arkansas State,teamrankings,-4.5,,53,,,
401426351,2022,regular,7,2022-10-15 23:00:00+00:00,2572,Southern Miss,2032,Arkansas State,consensus,-4.5,,53,,,
401426351,2022,regular,7,2022-10-15 23:00:00+00:00,2572,Southern Miss,2032,Arkansas State,William Hill (New Jersey),-4.5,,53,,,
401416620,2022,regular,7,2022-10-15 19:30:00+00:00,2199,Eastern Michigan,2459,Northern Illinois,Bovada,-3.5,-3,64,63,-165,140
401416620,2022,regular,7,2022-10-15 19:30:00+00:00,2199,Eastern Michigan,2459,Northern Illinois,teamrankings,-3.5,,64.5,,,
401416620,2022,regular,7,2022-10-15 19:30:00+00:00,2199,Eastern Michigan,2459,Northern Illinois,consensus,-3.5,,64.5,,,
401416620,2022,regular,7,2022-10-15 19:30:00+00:00,2199,Eastern Michigan,2459,Northern Illinois,William Hill (New Jersey),-3.5,,64,,,
401404153,2022,regular,7,2022-10-15 18:00:00+00:00,2050,Ball State,41,UConn,Bovada,-9.5,-9.5,47.5,46.5,-360,280
401404153,2022,regular,7,2022-10-15 18:00:00+00:00,2050,Ball State,41,UConn,teamrankings,-9.5,,47.5,,,
401404153,2022,regular,7,2022-10-15 18:00:00+00:00,2050,Ball State,41,UConn,consensus,-9.5,,47.5,,,
401404153,2022,regular,7,2022-10-15 18:00:00+00:00,2050,Ball State,41,UConn,William Hill (New Jersey),-9.5,,47,,,
401403921,2022,regular,7,2022-10-15 19:30:00+00:00,2633,Tennessee,333,Alabama,Bovada,9,7,68,65.5,260,-320
401403921,2022,regular,7,2022-10-15 19:30:00+00:00,2633,Tennessee,333,Alabama,teamrankings,9,,68,,,
401403921,2022,regular,7,2022-10-15 19:30:00+00:00,2633,Tennessee,333,Alabama,consensus,9,,68,,,
401403921,2022,regular,7,2022-10-15 19:30:00+00:00,2633,Tennessee,333,Alabama,William Hill (New Jersey),9,,68,,,
401411137,2022,regular,7,2022-10-16 00:00:00+00:00,150,Duke,153,North Carolina,Bovada,6.5,6,70,67.5,180,-220
401411137,2022,regular,7,2022-10-16 00:00:00+00:00,150,Duke,153,North Carolina,teamrankings,7,,70,,,
401411137,2022,regular,7,2022-10-16 00:00:00+00:00,150,Duke,153,North Carolina,consensus,7,,70,,,
401411137,2022,regular,7,2022-10-16 00:00:00+00:00,150,Duke,153,North Carolina,William Hill (New Jersey),7,,69,,,
401404017,2022,regular,7,2022-10-16 00:00:00+00:00,254,Utah,30,USC,Bovada,-3.5,-3.5,65,60.5,-170,145
401404017,2022,regular,7,2022-10-16 00:00:00+00:00,254,Utah,30,USC,teamrankings,-3.5,,65,,,
401404017,2022,regular,7,2022-10-16 00:00:00+00:00,254,Utah,30,USC,consensus,-3.5,,65,,,
401404017,2022,regular,7,2022-10-16 00:00:00+00:00,254,Utah,30,USC,William Hill (New Jersey),-3.5,,65,,,
401426352,2022,regular,7,2022-10-15 19:30:00+00:00,2653,Troy,326,Texas State,Bovada,-16,-16,47,48.5,-850,550
401426352,2022,regular,7,2022-10-15 19:30:00+00:00,2653,Troy,326,Texas State,teamrankings,-16.5,,47,,,
401426352,2022,regular,7,2022-10-15 19:30:00+00:00,2653,Troy,326,Texas State,consensus,-16.5,,47,,,
401426352,2022,regular,7,2022-10-15 19:30:00+00:00,2653,Troy,326,Texas State,William Hill (New Jersey),-16.5,,47,,,
401415636,2022,regular,7,2022-10-15 20:00:00+00:00,58,South Florida,2655,Tulane,Bovada,11.5,10.5,55,55,300,-400
401415636,2022,regular,7,2022-10-15 20:00:00+00:00,58,South Florida,2655,Tulane,teamrankings,12,,55,,,
401415636,2022,regular,7,2022-10-15 20:00:00+00:00,58,South Florida,2655,Tulane,consensus,12,,55,,,
401415636,2022,regular,7,2022-10-15 20:00:00+00:00,58,South Florida,2655,Tulane,William Hill (New Jersey),12,,55,,,
401409239,2022,regular,7,2022-10-16 00:00:00+00:00,166,New Mexico State,167,New Mexico,Bovada,7,6,38.5,38,190,-230
401409239,2022,regular,7,2022-10-16 00:00:00+00:00,166,New Mexico State,167,New Mexico,teamrankings,7,,38.5,,,
401409239,2022,regular,7,2022-10-16 00:00:00+00:00,166,New Mexico State,167,New Mexico,consensus,7,,38.5,,,
401409239,2022,regular,7,2022-10-16 00:00:00+00:00,166,New Mexico State,167,New Mexico,William Hill (New Jersey),7,,38.5,,,
401404016,2022,regular,7,2022-10-15 23:30:00+00:00,87,Notre Dame,24,Stanford,Bovada,-16.5,-15,53,52.5,-750,500
401404016,2022,regular,7,2022-10-15 23:30:00+00:00,87,Notre Dame,24,Stanford,teamrankings,-16.5,,53.5,,,
401404016,2022,regular,7,2022-10-15 23:30:00+00:00,87,Notre Dame,24,Stanford,consensus,-16.5,,53.5,,,
401404016,2022,regular,7,2022-10-15 23:30:00+00:00,87,Notre Dame,24,Stanford,William Hill (New Jersey),-16.5,,54.5,,,
401403919,2022,regular,7,2022-10-15 23:30:00+00:00,96,Kentucky,344,Mississippi State,Bovada,3.5,6,50.5,47,155,-180
401403919,2022,regular,7,2022-10-15 23:30:00+00:00,96,Kentucky,344,Mississippi State,teamrankings,3.5,,50.5,,,
401403919,2022,regular,7,2022-10-15 23:30:00+00:00,96,Kentucky,344,Mississippi State,consensus,3.5,,50.5,,,
401403919,2022,regular,7,2022-10-15 23:30:00+00:00,96,Kentucky,344,Mississippi State,William Hill (New Jersey),3.5,,50.5,,,
401404014,2022,regular,7,2022-10-15 18:00:00+00:00,38,Colorado,25,California,Bovada,15,14.5,48.5,49,460,-675
401404014,2022,regular,7,2022-10-15 18:00:00+00:00,38,Colorado,25,California,teamrankings,15,,49,,,
401404014,2022,regular,7,2022-10-15 18:00:00+00:00,38,Colorado,25,California,consensus,15,,49,,,
401404014,2022,regular,7,2022-10-15 18:00:00+00:00,38,Colorado,25,California,William Hill (New Jersey),15,,49,,,
401404092,2022,regular,7,2022-10-13 23:00:00+00:00,277,West Virginia,239,Baylor,Bovada,3,3.5,55,55,145,-170
401404092,2022,regular,7,2022-10-13 23:00:00+00:00,277,West Virginia,239,Baylor,teamrankings,3,,55,,,
401404092,2022,regular,7,2022-10-13 23:00:00+00:00,277,West Virginia,239,Baylor,consensus,3,,55,,,
401404092,2022,regular,7,2022-10-13 23:00:00+00:00,277,West Virginia,239,Baylor,William Hill (New Jersey),3,,55,,,
401404095,2022,regular,7,2022-10-15 19:30:00+00:00,2628,TCU,197,Oklahoma State,Bovada,-5.5,-3.5,71,68,-180,155
401404095,2022,regular,7,2022-10-15 19:30:00+00:00,2628,TCU,197,Oklahoma State,teamrankings,-5,,69.5,,,
401404095,2022,regular,7,2022-10-15 19:30:00+00:00,2628,TCU,197,Oklahoma State,consensus,-5,,69.5,,,
401404095,2022,regular,7,2022-10-15 19:30:00+00:00,2628,TCU,197,Oklahoma State,William Hill (New Jersey),-5,,70.5,,,
401405113,2022,regular,7,2022-10-15 23:30:00+00:00,2509,Purdue,158,Nebraska,Bovada,-14,-11.5,56,58,-450,335
401405113,2022,regular,7,2022-10-15 23:30:00+00:00,2509,Purdue,158,Nebraska,teamrankings,-14,,56,,,
401405113,2022,regular,7,2022-10-15 23:30:00+00:00,2509,Purdue,158,Nebraska,consensus,-14,,56,,,
401405113,2022,regular,7,2022-10-15 23:30:00+00:00,2509,Purdue,158,Nebraska,William Hill (New Jersey),-14,,56,,,
401414783,2022,regular,7,2022-10-15 17:00:00+00:00,113,Massachusetts,2084,Buffalo,Bovada,16.5,16,47.5,47.5,550,-850
401414783,2022,regular,7,2022-10-15 17:00:00+00:00,113,Massachusetts,2084,Buffalo,teamrankings,17,,47.5,,,
401414783,2022,regular,7,2022-10-15 17:00:00+00:00,113,Massachusetts,2084,Buffalo,consensus,17,,47.5,,,
401414783,2022,regular,7,2022-10-15 17:00:00+00:00,113,Massachusetts,2084,Buffalo,William Hill (New Jersey),17,,47,,,
401415237,2022,regular,7,2022-10-16 02:30:00+00:00,2439,UNLV,2005,Air Force,Bovada,10,9.5,50,54,280,-360
401415237,2022,regular,7,2022-10-16 02:30:00+00:00,2439,UNLV,2005,Air Force,teamrankings,10,,50,,,
401415237,2022,regular,7,2022-10-16 02:30:00+00:00,2439,UNLV,2005,Air Force,consensus,10,,50,,,
401415237,2022,regular,7,2022-10-16 02:30:00+00:00,2439,UNLV,2005,Air Force,William Hill (New Jersey),10.5,,50,,,
401411138,2022,regular,7,2022-10-15 23:30:00+00:00,52,Florida State,228,Clemson,Bovada,4.5,4,51,51,165,-195
401411138,2022,regular,7,2022-10-15 23:30:00+00:00,52,Florida State,228,Clemson,teamrankings,4.5,,51,,,
401411138,2022,regular,7,2022-10-15 23:30:00+00:00,52,Florida State,228,Clemson,consensus,4.5,,51,,,
401411138,2022,regular,7,2022-10-15 23:30:00+00:00,52,Florida State,228,Clemson,William Hill (New Jersey),4.5,,51,,,
401416621,2022,regular,7,2022-10-15 19:30:00+00:00,2649,Toledo,2309,Kent State,Bovada,-7,-9,62.5,62,-310,255
401416621,2022,regular,7,2022-10-15 19:30:00+00:00,2649,Toledo,2309,Kent State,teamrankings,-7,,62.5,,,
401416621,2022,regular,7,2022-10-15 19:30:00+00:00,2649,Toledo,2309,Kent State,consensus,-7.5,,62.5,,,
401416621,2022,regular,7,2022-10-15 19:30:00+00:00,2649,Toledo,2309,Kent State,William Hill (New Jersey),-7,,62.5,,,
401404093,2022,regular,7,2022-10-15 16:00:00+00:00,251,Texas,66,Iowa State,Bovada,-15.5,-14.5,48.5,50,-850,550
401404093,2022,regular,7,2022-10-15 16:00:00+00:00,251,Texas,66,Iowa State,teamrankings,-15.5,,48.5,,,
401404093,2022,regular,7,2022-10-15 16:00:00+00:00,251,Texas,66,Iowa State,consensus,-15.5,,48.5,,,
401404093,2022,regular,7,2022-10-15 16:00:00+00:00,251,Texas,66,Iowa State,William Hill (New Jersey),-15.5,,48.5,,,
401405112,2022,regular,7,2022-10-15 16:00:00+00:00,356,Illinois,135,Minnesota,Bovada,4.5,3.5,40,39,170,-200
401405112,2022,regular,7,2022-10-15 16:00:00+00:00,356,Illinois,135,Minnesota,teamrankings,4.5,,40,,,
401405112,2022,regular,7,2022-10-15 16:00:00+00:00,356,Illinois,135,Minnesota,consensus,4.5,,40,,,
401405112,2022,regular,7,2022-10-15 16:00:00+00:00,356,Illinois,135,Minnesota,William Hill (New Jersey),4.5,,40,,,
401415239,2022,regular,7,2022-10-16 02:45:00+00:00,278,Fresno State,23,San José State,Bovada,7,6.5,47,49.5,210,-250
401415239,2022,regular,7,2022-10-16 02:45:00+00:00,278,Fresno State,23,San José State,teamrankings,7,,47,,,
401415239,2022,regular,7,2022-10-16 02:45:00+00:00,278,Fresno State,23,San José State,consensus,7,,47,,,
401415239,2022,regular,7,2022-10-16 02:45:00+00:00,278,Fresno State,23,San José State,William Hill (New Jersey),7,,47,,,
401403916,2022,regular,7,2022-10-15 19:30:00+00:00,252,BYU,8,Arkansas,Bovada,0,-3,67,59.5,-160,135
401403916,2022,regular,7,2022-10-15 19:30:00+00:00,252,BYU,8,Arkansas,teamrankings,-1,,66.5,,,
401403916,2022,regular,7,2022-10-15 19:30:00+00:00,252,BYU,8,Arkansas,consensus,-1,,66.5,,,
401403916,2022,regular,7,2022-10-15 19:30:00+00:00,252,BYU,8,Arkansas,William Hill (New Jersey),-1,,66.5,,,
401426586,2022,regular,7,2022-10-15 20:00:00+00:00,249,North Texas,2348,Louisiana Tech,Bovada,-6.5,-6,68,71,-230,190
401426586,2022,regular,7,2022-10-15 20:00:00+00:00,249,North Texas,2348,Louisiana Tech,teamrankings,-6.5,,68,,,
401426586,2022,regular,7,2022-10-15 20:00:00+00:00,249,North Texas,2348,Louisiana Tech,consensus,-6.5,,68.5,,,
401426586,2022,regular,7,2022-10-15 20:00:00+00:00,249,North Texas,2348,Louisiana Tech,William Hill (New Jersey),-6.5,,68.5,,,
401415243,2022,regular,8,2022-10-22 22:30:00+00:00,167,New Mexico,278,Fresno State,Bovada,10,12.5,40,42.5,360,-500
401415243,2022,regular,8,2022-10-22 22:30:00+00:00,167,New Mexico,278,Fresno State,teamrankings,9.5,,40,,,
401415243,2022,regular,8,2022-10-22 22:30:00+00:00,167,New Mexico,278,Fresno State,consensus,9.5,,40.5,,,
401415243,2022,regular,8,2022-10-22 22:30:00+00:00,167,New Mexico,278,Fresno State,William Hill (New Jersey),10,,40.5,,,
401404128,2022,regular,8,2022-10-22 18:30:00+00:00,87,Notre Dame,2439,UNLV,Bovada,-26,-24,46.5,50,-5000,1300
401404128,2022,regular,8,2022-10-22 18:30:00+00:00,87,Notre Dame,2439,UNLV,teamrankings,-26,,46.5,,,
401404128,2022,regular,8,2022-10-22 18:30:00+00:00,87,Notre Dame,2439,UNLV,consensus,-26,,46.5,,,
401404128,2022,regular,8,2022-10-22 18:30:00+00:00,87,Notre Dame,2439,UNLV,William Hill (New Jersey),-26,,46.5,,,
401426356,2022,regular,8,2022-10-22 19:30:00+00:00,295,Old Dominion,290,Georgia Southern,Bovada,-1.5,-2.5,66,68,-130,110
401426356,2022,regular,8,2022-10-22 19:30:00+00:00,295,Old Dominion,290,Georgia Southern,teamrankings,-1.5,,66,,,
401426356,2022,regular,8,2022-10-22 19:30:00+00:00,295,Old Dominion,290,Georgia Southern,consensus,-1.5,,66,,,
401426356,2022,regular,8,2022-10-22 19:30:00+00:00,295,Old Dominion,290,Georgia Southern,William Hill (New Jersey),-1.5,,66,,,
401404018,2022,regular,8,2022-10-22 20:00:00+00:00,24,Stanford,9,Arizona State,Bovada,-3,-3.5,52.5,54.5,-150,130
401404018,2022,regular,8,2022-10-22 20:00:00+00:00,24,Stanford,9,Arizona State,teamrankings,-3,,52,,,
401404018,2022,regular,8,2022-10-22 20:00:00+00:00,24,Stanford,9,Arizona State,consensus,-3,,52,,,
401404018,2022,regular,8,2022-10-22 20:00:00+00:00,24,Stanford,9,Arizona State,William Hill (New Jersey),-3,,52,,,
401403922,2022,regular,8,2022-10-22 23:00:00+00:00,333,Alabama,344,Mississippi State,Bovada,-21.5,-21.5,61.5,62,-1600,800
401403922,2022,regular,8,2022-10-22 23:00:00+00:00,333,Alabama,344,Mississippi State,teamrankings,-21.5,,61.5,,,
401403922,2022,regular,8,2022-10-22 23:00:00+00:00,333,Alabama,344,Mississippi State,consensus,-21,,61.5,,,
401403922,2022,regular,8,2022-10-22 23:00:00+00:00,333,Alabama,344,Mississippi State,William Hill (New Jersey),-21,,61,,,
401403925,2022,regular,8,2022-10-22 23:30:00+00:00,2579,South Carolina,245,Texas A&M,Bovada,3,3.5,44.5,46.5,135,-160
401403925,2022,regular,8,2022-10-22 23:30:00+00:00,2579,South Carolina,245,Texas A&M,teamrankings,3,,44.5,,,
401403925,2022,regular,8,2022-10-22 23:30:00+00:00,2579,South Carolina,245,Texas A&M,consensus,3,,44.5,,,
401403925,2022,regular,8,2022-10-22 23:30:00+00:00,2579,South Carolina,245,Texas A&M,William Hill (New Jersey),3,,45,,,
401416627,2022,regular,8,2022-10-22 19:30:00+00:00,193,Miami (OH),2711,Western Michigan,Bovada,-7,-5.5,44,45.5,-230,190
401404098,2022,regular,8,2022-10-22 19:30:00+00:00,197,Oklahoma State,251,Texas,Bovada,6.5,4,58.5,65,170,-200
401404098,2022,regular,8,2022-10-22 19:30:00+00:00,197,Oklahoma State,251,Texas,teamrankings,6.5,,58.5,,,
401404098,2022,regular,8,2022-10-22 19:30:00+00:00,197,Oklahoma State,251,Texas,consensus,6.5,,58.5,,,
401404098,2022,regular,8,2022-10-22 19:30:00+00:00,197,Oklahoma State,251,Texas,William Hill (New Jersey),6.5,,58.5,,,
401426592,2022,regular,8,2022-10-22 00:00:00+00:00,98,Western Kentucky,5,UAB,Bovada,-1,-2.5,60.5,57.5,-135,115
401426592,2022,regular,8,2022-10-22 00:00:00+00:00,98,Western Kentucky,5,UAB,teamrankings,-1.5,,60.5,,,
401426592,2022,regular,8,2022-10-22 00:00:00+00:00,98,Western Kentucky,5,UAB,consensus,-1,,60.5,,,
401426592,2022,regular,8,2022-10-22 00:00:00+00:00,98,Western Kentucky,5,UAB,William Hill (New Jersey),-1.5,,58.5,,,
401426591,2022,regular,8,2022-10-22 19:30:00+00:00,2636,UTSA,249,North Texas,Bovada,-10,-9.5,73,70.5,-390,295
401426591,2022,regular,8,2022-10-22 19:30:00+00:00,2636,UTSA,249,North Texas,teamrankings,-10,,73,,,
401426591,2022,regular,8,2022-10-22 19:30:00+00:00,2636,UTSA,249,North Texas,consensus,-10,,73,,,
401426591,2022,regular,8,2022-10-22 19:30:00+00:00,2636,UTSA,249,North Texas,William Hill (New Jersey),-10,,73,,,
401404163,2022,regular,8,2022-10-22 19:30:00+00:00,2335,Liberty,252,BYU,Bovada,7,5.5,58,58,220,-270
401404163,2022,regular,8,2022-10-22 19:30:00+00:00,2335,Liberty,252,BYU,teamrankings,7,,58,,,
401404163,2022,regular,8,2022-10-22 19:30:00+00:00,2335,Liberty,252,BYU,consensus,7,,58,,,
401404163,2022,regular,8,2022-10-22 19:30:00+00:00,2335,Liberty,252,BYU,William Hill (New Jersey),7,,58,,,
401405119,2022,regular,8,2022-10-22 16:00:00+00:00,194,Ohio State,2294,Iowa,Bovada,-30,-29,50,49.5,,
401405119,2022,regular,8,2022-10-22 16:00:00+00:00,194,Ohio State,2294,Iowa,teamrankings,-29.5,,50,,,
401405119,2022,regular,8,2022-10-22 16:00:00+00:00,194,Ohio State,2294,Iowa,consensus,-29.5,,49.5,,,
401405119,2022,regular,8,2022-10-22 16:00:00+00:00,194,Ohio State,2294,Iowa,William Hill (New Jersey),-30,,50,,,
401404019,2022,regular,8,2022-10-23 02:30:00+00:00,25,California,264,Washington,Bovada,7.5,7.5,55,57,250,-300
401404019,2022,regular,8,2022-10-23 02:30:00+00:00,25,California,264,Washington,teamrankings,7.5,,54.5,,,
401404019,2022,regular,8,2022-10-23 02:30:00+00:00,25,California,264,Washington,consensus,7.5,,54.5,,,
401404019,2022,regular,8,2022-10-23 02:30:00+00:00,25,California,264,Washington,William Hill (New Jersey),7.5,,54.5,,,
401411141,2022,regular,8,2022-10-20 23:30:00+00:00,59,Georgia Tech,258,Virginia,Bovada,-3.5,-3.5,48,47,-150,130
401426590,2022,regular,8,2022-10-22 19:00:00+00:00,2348,Louisiana Tech,242,Rice,Bovada,3,2.5,57,60,130,-150
401404097,2022,regular,8,2022-10-23 00:00:00+00:00,2628,TCU,2306,Kansas State,Bovada,-3,-5,55,58,-200,170
401404097,2022,regular,8,2022-10-23 00:00:00+00:00,2628,TCU,2306,Kansas State,teamrankings,-3.5,,54.5,,,
401404097,2022,regular,8,2022-10-23 00:00:00+00:00,2628,TCU,2306,Kansas State,consensus,-3.5,,54.5,,,
401404097,2022,regular,8,2022-10-23 00:00:00+00:00,2628,TCU,2306,Kansas State,William Hill (New Jersey),-3.5,,54.5,,,
401426353,2022,regular,8,2022-10-19 23:30:00+00:00,2026,App State,2247,Georgia State,Bovada,-9,-10,61,61.5,-400,300
401426353,2022,regular,8,2022-10-19 23:30:00+00:00,2026,App State,2247,Georgia State,teamrankings,-9.5,,60.5,,,
401426353,2022,regular,8,2022-10-19 23:30:00+00:00,2026,App State,2247,Georgia State,consensus,-9.5,,60,,,
401426353,2022,regular,8,2022-10-19 23:30:00+00:00,2026,App State,2247,Georgia State,William Hill (New Jersey),-9.5,,60,,,
401415242,2022,regular,8,2022-10-22 20:00:00+00:00,36,Colorado State,62,Hawai'i,Bovada,-6,-5.5,46,46.5,-195,165
401415242,2022,regular,8,2022-10-22 20:00:00+00:00,36,Colorado State,62,Hawai'i,teamrankings,-6,,46,,,
401415242,2022,regular,8,2022-10-22 20:00:00+00:00,36,Colorado State,62,Hawai'i,consensus,-6,,46,,,
401415242,2022,regular,8,2022-10-22 20:00:00+00:00,36,Colorado State,62,Hawai'i,William Hill (New Jersey),-6,,46,,,
401411144,2022,regular,8,2022-10-22 16:30:00+00:00,2390,Miami,150,Duke,Bovada,-10,-9,59,61,-310,255
401411144,2022,regular,8,2022-10-22 16:30:00+00:00,2390,Miami,150,Duke,teamrankings,-10,,59,,,
401411144,2022,regular,8,2022-10-22 16:30:00+00:00,2390,Miami,150,Duke,consensus,-10,,59,,,
401411144,2022,regular,8,2022-10-22 16:30:00+00:00,2390,Miami,150,Duke,William Hill (New Jersey),-10,,59,,,
401411145,2022,regular,8,2022-10-22 19:30:00+00:00,154,Wake Forest,103,Boston College,Bovada,-20,-20.5,60,61.5,-1600,800
401411145,2022,regular,8,2022-10-22 19:30:00+00:00,154,Wake Forest,103,Boston College,teamrankings,-20,,60,,,
401411145,2022,regular,8,2022-10-22 19:30:00+00:00,154,Wake Forest,103,Boston College,consensus,-20,,60,,,
401411145,2022,regular,8,2022-10-22 19:30:00+00:00,154,Wake Forest,103,Boston College,William Hill (New Jersey),-20,,60,,,
401415244,2022,regular,8,2022-10-23 01:45:00+00:00,2751,Wyoming,328,Utah State,Bovada,-5,-3.5,44.5,42,-170,145
401415244,2022,regular,8,2022-10-23 01:45:00+00:00,2751,Wyoming,328,Utah State,teamrankings,-5,,44.5,,,
401415244,2022,regular,8,2022-10-23 01:45:00+00:00,2751,Wyoming,328,Utah State,consensus,-5.5,,44.5,,,
401415244,2022,regular,8,2022-10-23 01:45:00+00:00,2751,Wyoming,328,Utah State,William Hill (New Jersey),-5.5,,44.5,,,
401426589,2022,regular,8,2022-10-22 20:00:00+00:00,2638,UTEP,2226,Florida Atlantic,Bovada,3,4,51,51,160,-185
401426589,2022,regular,8,2022-10-22 20:00:00+00:00,2638,UTEP,2226,Florida Atlantic,teamrankings,3,,50.5,,,
401426589,2022,regular,8,2022-10-22 20:00:00+00:00,2638,UTEP,2226,Florida Atlantic,consensus,3,,50.5,,,
401426589,2022,regular,8,2022-10-22 20:00:00+00:00,2638,UTEP,2226,Florida Atlantic,William Hill (New Jersey),3,,51,,,
401415241,2022,regular,8,2022-10-22 23:00:00+00:00,2005,Air Force,68,Boise State,Bovada,-2,-4,46.5,48.5,-175,150
401415241,2022,regular,8,2022-10-22 23:00:00+00:00,2005,Air Force,68,Boise State,teamrankings,-2.5,,46.5,,,
401415241,2022,regular,8,2022-10-22 23:00:00+00:00,2005,Air Force,68,Boise State,consensus,-2.5,,46.5,,,
401415241,2022,regular,8,2022-10-22 23:00:00+00:00,2005,Air Force,68,Boise State,William Hill (New Jersey),-2,,46.5,,,
401426354,2022,regular,8,2022-10-20 23:30:00+00:00,6,South Alabama,2653,Troy,Bovada,-3,-3.5,47,49,-165,140
401426354,2022,regular,8,2022-10-20 23:30:00+00:00,6,South Alabama,2653,Troy,teamrankings,-3,,47,,,
401426354,2022,regular,8,2022-10-20 23:30:00+00:00,6,South Alabama,2653,Troy,consensus,-3,,47,,,
401426354,2022,regular,8,2022-10-20 23:30:00+00:00,6,South Alabama,2653,Troy,William Hill (New Jersey),-3,,47,,,
401415638,2022,regular,8,2022-10-21 23:30:00+00:00,218,Temple,202,Tulsa,Bovada,14,13,53.5,52.5,335,-450
401415638,2022,regular,8,2022-10-21 23:30:00+00:00,218,Temple,202,Tulsa,teamrankings,13.5,,53.5,,,
401415638,2022,regular,8,2022-10-21 23:30:00+00:00,218,Temple,202,Tulsa,consensus,13.5,,53.5,,,
401415638,2022,regular,8,2022-10-21 23:30:00+00:00,218,Temple,202,Tulsa,William Hill (New Jersey),13.5,,53.5,,,
401415641,2022,regular,8,2022-10-22 16:00:00+00:00,2567,SMU,2132,Cincinnati,Bovada,4,3,59.5,62.5,145,-170
401415641,2022,regular,8,2022-10-22 16:00:00+00:00,2567,SMU,2132,Cincinnati,teamrankings,3.5,,59.5,,,
401415641,2022,regular,8,2022-10-22 16:00:00+00:00,2567,SMU,2132,Cincinnati,consensus,3.5,,59.5,,,
401415641,2022,regular,8,2022-10-22 16:00:00+00:00,2567,SMU,2132,Cincinnati,William Hill (New Jersey),3.5,,59.5,,,
401404099,2022,regular,8,2022-10-22 19:00:00+00:00,2641,Texas Tech,277,West Virginia,Bovada,-4.5,-4,65,69,-280,230
401404099,2022,regular,8,2022-10-22 19:00:00+00:00,2641,Texas Tech,277,West Virginia,teamrankings,-5,,65.5,,,
401404099,2022,regular,8,2022-10-22 19:00:00+00:00,2641,Texas Tech,277,West Virginia,consensus,-5,,65.5,,,
401404099,2022,regular,8,2022-10-22 19:00:00+00:00,2641,Texas Tech,277,West Virginia,William Hill (New Jersey),-5,,65.5,,,
401426588,2022,regular,8,2022-10-22 19:30:00+00:00,2429,Charlotte,2229,Florida International,Bovada,-14,-14.5,63.5,58,-650,450
401426588,2022,regular,8,2022-10-22 19:30:00+00:00,2429,Charlotte,2229,Florida International,teamrankings,-14,,63.5,,,
401426588,2022,regular,8,2022-10-22 19:30:00+00:00,2429,Charlotte,2229,Florida International,consensus,-13.5,,63.5,,,
401426588,2022,regular,8,2022-10-22 19:30:00+00:00,2429,Charlotte,2229,Florida International,William Hill (New Jersey),-14,,64.5,,,
401404096,2022,regular,8,2022-10-22 16:00:00+00:00,239,Baylor,2305,Kansas,Bovada,-10.5,-9,57,63,-400,300
401404096,2022,regular,8,2022-10-22 16:00:00+00:00,239,Baylor,2305,Kansas,teamrankings,-10.5,,56.5,,,
401404096,2022,regular,8,2022-10-22 16:00:00+00:00,239,Baylor,2305,Kansas,consensus,-10.5,,56.5,,,
401404096,2022,regular,8,2022-10-22 16:00:00+00:00,239,Baylor,2305,Kansas,William Hill (New Jersey),-10.5,,56.5,,,
401405118,2022,regular,8,2022-10-22 19:30:00+00:00,120,Maryland,77,Northwestern,Bovada,-14,-14,51,52,-575,400
401405118,2022,regular,8,2022-10-22 19:30:00+00:00,120,Maryland,77,Northwestern,teamrankings,-14,,51,,,
401405118,2022,regular,8,2022-10-22 19:30:00+00:00,120,Maryland,77,Northwestern,consensus,-14.5,,51,,,
401405118,2022,regular,8,2022-10-22 19:30:00+00:00,120,Maryland,77,Northwestern,William Hill (New Jersey),-14.5,,51.5,,,
401415245,2022,regular,8,2022-10-23 02:30:00+00:00,2440,Nevada,21,San Diego State,Bovada,7,9,36,36.5,240,-290
401415245,2022,regular,8,2022-10-23 02:30:00+00:00,2440,Nevada,21,San Diego State,teamrankings,7.5,,36,,,
401415245,2022,regular,8,2022-10-23 02:30:00+00:00,2440,Nevada,21,San Diego State,consensus,7.5,,36,,,
401415245,2022,regular,8,2022-10-23 02:30:00+00:00,2440,Nevada,21,San Diego State,William Hill (New Jersey),7,,36,,,
401415639,2022,regular,8,2022-10-22 19:30:00+00:00,2655,Tulane,235,Memphis,Bovada,-7,-6,55.5,56,-270,220
401415639,2022,regular,8,2022-10-22 19:30:00+00:00,2655,Tulane,235,Memphis,teamrankings,-7,,55.5,,,
401415639,2022,regular,8,2022-10-22 19:30:00+00:00,2655,Tulane,235,Memphis,consensus,-7,,55.5,,,
401415639,2022,regular,8,2022-10-22 19:30:00+00:00,2655,Tulane,235,Memphis,William Hill (New Jersey),-7,,55.5,,,
401405117,2022,regular,8,2022-10-22 19:30:00+00:00,275,Wisconsin,2509,Purdue,Bovada,-1.5,-1.5,51,52.5,-130,110
401405117,2022,regular,8,2022-10-22 19:30:00+00:00,275,Wisconsin,2509,Purdue,teamrankings,-1.5,,51.5,,,
401405117,2022,regular,8,2022-10-22 19:30:00+00:00,275,Wisconsin,2509,Purdue,consensus,-1.5,,51.5,,,
401405117,2022,regular,8,2022-10-22 19:30:00+00:00,275,Wisconsin,2509,Purdue,William Hill (New Jersey),-1.5,,51.5,,,
401405121,2022,regular,8,2022-10-22 16:00:00+00:00,164,Rutgers,84,Indiana,Bovada,-3,-3,48,45.5,-145,125
401405121,2022,regular,8,2022-10-22 16:00:00+00:00,164,Rutgers,84,Indiana,teamrankings,-3,,48,,,
401405121,2022,regular,8,2022-10-22 16:00:00+00:00,164,Rutgers,84,Indiana,consensus,-3,,48,,,
401405121,2022,regular,8,2022-10-22 16:00:00+00:00,164,Rutgers,84,Indiana,Caesars Sportsbook (Colorado),-3,,48,,,
401411142,2022,regular,8,2022-10-22 16:00:00+00:00,228,Clemson,183,Syracuse,Bovada,-14,-13,50,51.5,-575,400
401411142,2022,regular,8,2022-10-22 16:00:00+00:00,228,Clemson,183,Syracuse,teamrankings,-14,,50,,,
401411142,2022,regular,8,2022-10-22 16:00:00+00:00,228,Clemson,183,Syracuse,consensus,-14,,50,,,
401411142,2022,regular,8,2022-10-22 16:00:00+00:00,228,Clemson,183,Syracuse,William Hill (New Jersey),-14,,50.5,,,
401404021,2022,regular,8,2022-10-22 19:30:00+00:00,2483,Oregon,26,UCLA,Bovada,-7,-6,71,70.5,-230,190
401404021,2022,regular,8,2022-10-22 19:30:00+00:00,2483,Oregon,26,UCLA,teamrankings,-7,,70.5,,,
401404021,2022,regular,8,2022-10-22 19:30:00+00:00,2483,Oregon,26,UCLA,consensus,-7,,70.5,,,
401404021,2022,regular,8,2022-10-22 19:30:00+00:00,2483,Oregon,26,UCLA,William Hill (New Jersey),-7,,71,,,
401411143,2022,regular,8,2022-10-23 00:00:00+00:00,97,Louisville,221,Pittsburgh,Bovada,-1.5,-1.5,55,57,-140,120
401411143,2022,regular,8,2022-10-23 00:00:00+00:00,97,Louisville,221,Pittsburgh,teamrankings,-1.5,,55,,,
401411143,2022,regular,8,2022-10-23 00:00:00+00:00,97,Louisville,221,Pittsburgh,consensus,-1.5,,55,,,
401411143,2022,regular,8,2022-10-23 00:00:00+00:00,97,Louisville,221,Pittsburgh,William Hill (New Jersey),-1,,55,,,
401415640,2022,regular,8,2022-10-22 16:00:00+00:00,2426,Navy,248,Houston,Bovada,3,3,51,53,135,-160
401415640,2022,regular,8,2022-10-22 16:00:00+00:00,2426,Navy,248,Houston,teamrankings,3,,51,,,
401415640,2022,regular,8,2022-10-22 16:00:00+00:00,2426,Navy,248,Houston,consensus,3,,50.5,,,
401415640,2022,regular,8,2022-10-22 16:00:00+00:00,2426,Navy,248,Houston,William Hill (New Jersey),3,,51,,,
401403923,2022,regular,8,2022-10-22 19:30:00+00:00,99,LSU,145,Ole Miss,Bovada,0,1.5,64,64,-125,
401403923,2022,regular,8,2022-10-22 19:30:00+00:00,99,LSU,145,Ole Miss,teamrankings,0,,64,,,
401403923,2022,regular,8,2022-10-22 19:30:00+00:00,99,LSU,145,Ole Miss,consensus,0,,64,,,
401403923,2022,regular,8,2022-10-22 19:30:00+00:00,99,LSU,145,Ole Miss,William Hill (New Jersey),0,,64,,,
401403924,2022,regular,8,2022-10-22 20:00:00+00:00,142,Missouri,238,Vanderbilt,Bovada,-14,-15,49,56,-650,450
401403924,2022,regular,8,2022-10-22 20:00:00+00:00,142,Missouri,238,Vanderbilt,teamrankings,-14,,49,,,
401403924,2022,regular,8,2022-10-22 20:00:00+00:00,142,Missouri,238,Vanderbilt,consensus,-14,,49,,,
401403924,2022,regular,8,2022-10-22 20:00:00+00:00,142,Missouri,238,Vanderbilt,William Hill (New Jersey),-14,,49,,,
401404020,2022,regular,8,2022-10-23 00:00:00+00:00,204,Oregon State,38,Colorado,Bovada,-22.5,-23.5,47.5,50.5,-3500,1125
401404020,2022,regular,8,2022-10-23 00:00:00+00:00,204,Oregon State,38,Colorado,teamrankings,-23,,47.5,,,
401404020,2022,regular,8,2022-10-23 00:00:00+00:00,204,Oregon State,38,Colorado,consensus,-23,,47.5,,,
401404020,2022,regular,8,2022-10-23 00:00:00+00:00,204,Oregon State,38,Colorado,William Hill (New Jersey),-23,,47.5,,,
401405120,2022,regular,8,2022-10-22 23:30:00+00:00,213,Penn State,135,Minnesota,Bovada,-5.5,-5,43,44,-210,175
401426359,2022,regular,9,2022-10-27 23:30:00+00:00,2572,Southern Miss,309,Louisiana,Bovada,2.5,2,42.5,43.5,-125,105
401426359,2022,regular,9,2022-10-27 23:30:00+00:00,2572,Southern Miss,309,Louisiana,teamrankings,2.5,,42.5,,,
401426359,2022,regular,9,2022-10-27 23:30:00+00:00,2572,Southern Miss,309,Louisiana,consensus,2.5,,43,,,
401426359,2022,regular,9,2022-10-27 23:30:00+00:00,2572,Southern Miss,309,Louisiana,William Hill (New Jersey),2.5,,43,,,
401409242,2022,regular,9,2022-10-29 19:30:00+00:00,113,Massachusetts,166,New Mexico State,Bovada,1,3,39,37,125,-145
401409242,2022,regular,9,2022-10-29 19:30:00+00:00,113,Massachusetts,166,New Mexico State,teamrankings,1,,39,,,
401409242,2022,regular,9,2022-10-29 19:30:00+00:00,113,Massachusetts,166,New Mexico State,consensus,1,,39,,,
401409242,2022,regular,9,2022-10-29 19:30:00+00:00,113,Massachusetts,166,New Mexico State,William Hill (New Jersey),1,,39,,,
401405125,2022,regular,9,2022-10-29 23:30:00+00:00,130,Michigan,127,Michigan State,Bovada,-22,-22.5,55,54.5,-2500,1050
401405125,2022,regular,9,2022-10-29 23:30:00+00:00,130,Michigan,127,Michigan State,teamrankings,-22,,55,,,
401405125,2022,regular,9,2022-10-29 23:30:00+00:00,130,Michigan,127,Michigan State,consensus,-22.5,,55,,,
401405125,2022,regular,9,2022-10-29 23:30:00+00:00,130,Michigan,127,Michigan State,William Hill (New Jersey),-23,,55,,,
401411146,2022,regular,9,2022-10-27 23:30:00+00:00,152,NC State,259,Virginia Tech,Bovada,-13,-13.5,39,40,-585,410
401411146,2022,regular,9,2022-10-27 23:30:00+00:00,152,NC State,259,Virginia Tech,teamrankings,-13,,39,,,
401411146,2022,regular,9,2022-10-27 23:30:00+00:00,152,NC State,259,Virginia Tech,consensus,-13.5,,39,,,
401411146,2022,regular,9,2022-10-27 23:30:00+00:00,152,NC State,259,Virginia Tech,William Hill (New Jersey),-13.5,,39,,,
401416630,2022,regular,9,2022-10-29 16:00:00+00:00,2199,Eastern Michigan,2649,Toledo,Bovada,4,8.5,54,58,265,-330
401416630,2022,regular,9,2022-10-29 16:00:00+00:00,2199,Eastern Michigan,2649,Toledo,teamrankings,4,,54,,,
401416630,2022,regular,9,2022-10-29 16:00:00+00:00,2199,Eastern Michigan,2649,Toledo,consensus,4,,54,,,
401416630,2022,regular,9,2022-10-29 16:00:00+00:00,2199,Eastern Michigan,2649,Toledo,William Hill (New Jersey),4.5,,55,,,
401426593,2022,regular,9,2022-10-29 18:00:00+00:00,242,Rice,2429,Charlotte,Bovada,-15,-16.5,61.5,63,-900,575
401426593,2022,regular,9,2022-10-29 18:00:00+00:00,242,Rice,2429,Charlotte,teamrankings,-15,,61,,,
401426593,2022,regular,9,2022-10-29 18:00:00+00:00,242,Rice,2429,Charlotte,consensus,-15.5,,61,,,
401426593,2022,regular,9,2022-10-29 18:00:00+00:00,242,Rice,2429,Charlotte,William Hill (New Jersey),-15,,61.5,,,
401426363,2022,regular,9,2022-10-29 20:00:00+00:00,2032,Arkansas State,6,South Alabama,Bovada,9,10,52,55.5,305,-410
401426363,2022,regular,9,2022-10-29 20:00:00+00:00,2032,Arkansas State,6,South Alabama,teamrankings,9,,52.5,,,
401426363,2022,regular,9,2022-10-29 20:00:00+00:00,2032,Arkansas State,6,South Alabama,consensus,9,,52,,,
401426363,2022,regular,9,2022-10-29 20:00:00+00:00,2032,Arkansas State,6,South Alabama,William Hill (New Jersey),9,,52,,,
401404023,2022,regular,9,2022-10-29 23:30:00+00:00,38,Colorado,9,Arizona State,Bovada,13,13,48.5,46.5,375,-525
401404023,2022,regular,9,2022-10-29 23:30:00+00:00,38,Colorado,9,Arizona State,teamrankings,13,,49,,,
401404023,2022,regular,9,2022-10-29 23:30:00+00:00,38,Colorado,9,Arizona State,consensus,13,,48.5,,,
401404023,2022,regular,9,2022-10-29 23:30:00+00:00,38,Colorado,9,Arizona State,William Hill (New Jersey),13,,48.5,,,
401415246,2022,regular,9,2022-10-29 23:00:00+00:00,68,Boise State,36,Colorado State,Bovada,-25,-28,42.5,44,-8000,1450
401415246,2022,regular,9,2022-10-29 23:00:00+00:00,68,Boise State,36,Colorado State,teamrankings,-25,,42.5,,,
401415246,2022,regular,9,2022-10-29 23:00:00+00:00,68,Boise State,36,Colorado State,consensus,-25,,42.5,,,
401415246,2022,regular,9,2022-10-29 23:00:00+00:00,68,Boise State,36,Colorado State,William Hill (New Jersey),-25,,42.5,,,
401404025,2022,regular,9,2022-10-30 02:30:00+00:00,26,UCLA,24,Stanford,Bovada,-16.5,-16,64.5,63.5,-800,525
401404025,2022,regular,9,2022-10-30 02:30:00+00:00,26,UCLA,24,Stanford,teamrankings,-16.5,,64.5,,,
401404025,2022,regular,9,2022-10-30 02:30:00+00:00,26,UCLA,24,Stanford,consensus,-16.5,,64.5,,,
401404025,2022,regular,9,2022-10-30 02:30:00+00:00,26,UCLA,24,Stanford,William Hill (New Jersey),-16.5,,64.5,,,
401426597,2022,regular,9,2022-10-29 19:30:00+00:00,98,Western Kentucky,249,North Texas,Bovada,-10,-9.5,70,71.5,-360,280
401426597,2022,regular,9,2022-10-29 19:30:00+00:00,98,Western Kentucky,249,North Texas,teamrankings,-10,,70,,,
401426597,2022,regular,9,2022-10-29 19:30:00+00:00,98,Western Kentucky,249,North Texas,consensus,-10,,70,,,
401426597,2022,regular,9,2022-10-29 19:30:00+00:00,98,Western Kentucky,249,North Texas,William Hill (New Jersey),-10,,70,,,
401404102,2022,regular,9,2022-10-29 19:30:00+00:00,2306,Kansas State,197,Oklahoma State,Bovada,-2.5,1,57.5,58,-130,110
401404102,2022,regular,9,2022-10-29 19:30:00+00:00,2306,Kansas State,197,Oklahoma State,teamrankings,-2.5,,57.5,,,
401404102,2022,regular,9,2022-10-29 19:30:00+00:00,2306,Kansas State,197,Oklahoma State,consensus,-2.5,,57.5,,,
401404102,2022,regular,9,2022-10-29 19:30:00+00:00,2306,Kansas State,197,Oklahoma State,William Hill (New Jersey),-2,,57.5,,,
401404022,2022,regular,9,2022-10-29 23:00:00+00:00,12,Arizona,30,USC,Bovada,14.5,15.5,73.5,77.5,500,-750
401404022,2022,regular,9,2022-10-29 23:00:00+00:00,12,Arizona,30,USC,teamrankings,14,,74,,,
401404022,2022,regular,9,2022-10-29 23:00:00+00:00,12,Arizona,30,USC,consensus,14,,74,,,
401404022,2022,regular,9,2022-10-29 23:00:00+00:00,12,Arizona,30,USC,William Hill (New Jersey),14,,74,,,
401403931,2022,regular,9,2022-10-29 23:30:00+00:00,245,Texas A&M,145,Ole Miss,Bovada,3,3,55,53.5,130,
401403931,2022,regular,9,2022-10-29 23:30:00+00:00,245,Texas A&M,145,Ole Miss,teamrankings,3,,55.5,,,
401403931,2022,regular,9,2022-10-29 23:30:00+00:00,245,Texas A&M,145,Ole Miss,consensus,3,,55.5,,,
401403931,2022,regular,9,2022-10-29 23:30:00+00:00,245,Texas A&M,145,Ole Miss,William Hill (New Jersey),3,,55,,,
401415249,2022,regular,9,2022-10-30 02:30:00+00:00,23,San José State,2440,Nevada,Bovada,-24.5,-25,44.5,44,-4000,1200
401415249,2022,regular,9,2022-10-30 02:30:00+00:00,23,San José State,2440,Nevada,teamrankings,-24.5,,44.5,,,
401415249,2022,regular,9,2022-10-30 02:30:00+00:00,23,San José State,2440,Nevada,consensus,-24.5,,44.5,,,
401415249,2022,regular,9,2022-10-30 02:30:00+00:00,23,San José State,2440,Nevada,William Hill (New Jersey),-24,,44.5,,,
401404129,2022,regular,9,2022-10-29 16:00:00+00:00,183,Syracuse,87,Notre Dame,Bovada,-1,-2,48,46,-140,120
401404129,2022,regular,9,2022-10-29 16:00:00+00:00,183,Syracuse,87,Notre Dame,teamrankings,0,,48,,,
401404129,2022,regular,9,2022-10-29 16:00:00+00:00,183,Syracuse,87,Notre Dame,consensus,1,,48,,,
401404129,2022,regular,9,2022-10-29 16:00:00+00:00,183,Syracuse,87,Notre Dame,William Hill (New Jersey),1,,48,,,
401405123,2022,regular,9,2022-10-29 18:30:00+00:00,135,Minnesota,164,Rutgers,Bovada,-14,-14,40.5,41,-600,425
401405123,2022,regular,9,2022-10-29 18:30:00+00:00,135,Minnesota,164,Rutgers,teamrankings,-14,,40.5,,,
401405123,2022,regular,9,2022-10-29 18:30:00+00:00,135,Minnesota,164,Rutgers,consensus,-14,,40.5,,,
401405123,2022,regular,9,2022-10-29 18:30:00+00:00,135,Minnesota,164,Rutgers,Caesars Sportsbook (Colorado),-14.5,,40.5,,,
401403928,2022,regular,9,2022-10-29 19:30:00+00:00,61,Georgia,57,Florida,Bovada,-23,-22,56.5,57,-2500,1050
401403928,2022,regular,9,2022-10-29 19:30:00+00:00,61,Georgia,57,Florida,teamrankings,-23,,56.5,,,
401403928,2022,regular,9,2022-10-29 19:30:00+00:00,61,Georgia,57,Florida,consensus,-23,,56.5,,,
401403928,2022,regular,9,2022-10-29 19:30:00+00:00,61,Georgia,57,Florida,William Hill (New Jersey),-23,,56.5,,,
401404101,2022,regular,9,2022-10-29 23:30:00+00:00,2641,Texas Tech,239,Baylor,Bovada,-1.5,-2,61,61.5,-145,125
401404101,2022,regular,9,2022-10-29 23:30:00+00:00,2641,Texas Tech,239,Baylor,teamrankings,-1.5,,61,,,
401404101,2022,regular,9,2022-10-29 23:30:00+00:00,2641,Texas Tech,239,Baylor,consensus,-1.5,,61,,,
401404101,2022,regular,9,2022-10-29 23:30:00+00:00,2641,Texas Tech,239,Baylor,William Hill (New Jersey),-1.5,,61,,,
401416631,2022,regular,9,2022-10-29 16:00:00+00:00,2006,Akron,193,Miami (OH),Bovada,9.5,9,51.5,46,270,-340
401416631,2022,regular,9,2022-10-29 16:00:00+00:00,2006,Akron,193,Miami (OH),teamrankings,9,,51.5,,,
401416631,2022,regular,9,2022-10-29 16:00:00+00:00,2006,Akron,193,Miami (OH),consensus,9,,51.5,,,
401416631,2022,regular,9,2022-10-29 16:00:00+00:00,2006,Akron,193,Miami (OH),William Hill (New Jersey),9,,51.5,,,
401403927,2022,regular,9,2022-10-29 16:00:00+00:00,2,Auburn,8,Arkansas,Bovada,4,4,60,60.5,160,-185
401403927,2022,regular,9,2022-10-29 16:00:00+00:00,2,Auburn,8,Arkansas,teamrankings,4,,60,,,
401403927,2022,regular,9,2022-10-29 16:00:00+00:00,2,Auburn,8,Arkansas,consensus,4,,60,,,
401403927,2022,regular,9,2022-10-29 16:00:00+00:00,2,Auburn,8,Arkansas,William Hill (New Jersey),4,,60,,,
401405124,2022,regular,9,2022-10-29 19:30:00+00:00,158,Nebraska,356,Illinois,Bovada,7.5,6,51,51.5,230,-280
401405124,2022,regular,9,2022-10-29 19:30:00+00:00,158,Nebraska,356,Illinois,teamrankings,7.5,,50.5,,,
401405124,2022,regular,9,2022-10-29 19:30:00+00:00,158,Nebraska,356,Illinois,consensus,7.5,,50.5,,,
401405124,2022,regular,9,2022-10-29 19:30:00+00:00,158,Nebraska,356,Illinois,William Hill (New Jersey),7.5,,50.5,,,
401405126,2022,regular,9,2022-10-29 16:00:00+00:00,213,Penn State,194,Ohio State,Bovada,15.5,15,61,61.5,475,-700
401405126,2022,regular,9,2022-10-29 16:00:00+00:00,213,Penn State,194,Ohio State,teamrankings,15.5,,60.5,,,
401405126,2022,regular,9,2022-10-29 16:00:00+00:00,213,Penn State,194,Ohio State,consensus,15.5,,60.5,,,
401405126,2022,regular,9,2022-10-29 16:00:00+00:00,213,Penn State,194,Ohio State,William Hill (New Jersey),16,,60.5,,,
401426594,2022,regular,9,2022-10-29 00:00:00+00:00,2229,Florida International,2348,Louisiana Tech,Bovada,6.5,9.5,57,58.5,200,-240
401426594,2022,regular,9,2022-10-29 00:00:00+00:00,2229,Florida International,2348,Louisiana Tech,teamrankings,6.5,,57,,,
401426594,2022,regular,9,2022-10-29 00:00:00+00:00,2229,Florida International,2348,Louisiana Tech,consensus,6.5,,57,,,
401426594,2022,regular,9,2022-10-29 00:00:00+00:00,2229,Florida International,2348,Louisiana Tech,William Hill (New Jersey),6,,57,,,
401404100,2022,regular,9,2022-10-29 16:00:00+00:00,66,Iowa State,201,Oklahoma,Bovada,2,2.5,58.5,54.5,,-120
401404100,2022,regular,9,2022-10-29 16:00:00+00:00,66,Iowa State,201,Oklahoma,teamrankings,1.5,,58,,,
401404100,2022,regular,9,2022-10-29 16:00:00+00:00,66,Iowa State,201,Oklahoma,consensus,1.5,,58,,,
401404100,2022,regular,9,2022-10-29 16:00:00+00:00,66,Iowa State,201,Oklahoma,William Hill (New Jersey),1.5,,58,,,
401403929,2022,regular,9,2022-10-29 20:00:00+00:00,2579,South Carolina,142,Missouri,Bovada,-3.5,-6,45,47.5,-200,170
401403929,2022,regular,9,2022-10-29 20:00:00+00:00,2579,South Carolina,142,Missouri,teamrankings,-3.5,,45.5,,,
401403929,2022,regular,9,2022-10-29 20:00:00+00:00,2579,South Carolina,142,Missouri,consensus,-3.5,,45.5,,,
401403929,2022,regular,9,2022-10-29 20:00:00+00:00,2579,South Carolina,142,Missouri,William Hill (New Jersey),-3.5,,45,,,
401411150,2022,regular,9,2022-10-29 16:30:00+00:00,258,Virginia,2390,Miami,Bovada,3,2.5,48.5,47.5,120,-140
401411150,2022,regular,9,2022-10-29 16:30:00+00:00,258,Virginia,2390,Miami,teamrankings,3,,48.5,,,
401411150,2022,regular,9,2022-10-29 16:30:00+00:00,258,Virginia,2390,Miami,consensus,3,,48.5,,,
401411150,2022,regular,9,2022-10-29 16:30:00+00:00,258,Virginia,2390,Miami,William Hill (New Jersey),3,,48.5,,,
401411147,2022,regular,9,2022-10-29 16:00:00+00:00,52,Florida State,59,Georgia Tech,Bovada,-24,-20.5,48,48,-2800,1100
401411147,2022,regular,9,2022-10-29 16:00:00+00:00,52,Florida State,59,Georgia Tech,teamrankings,-23.5,,48,,,
401411147,2022,regular,9,2022-10-29 16:00:00+00:00,52,Florida State,59,Georgia Tech,consensus,-23.5,,48,,,
401411147,2022,regular,9,2022-10-29 16:00:00+00:00,52,Florida State,59,Georgia Tech,William Hill (New Jersey),-23.5,,48,,,
401405122,2022,regular,9,2022-10-29 19:30:00+00:00,2294,Iowa,77,Northwestern,Bovada,-11.5,-11,37.5,35.5,-430,320
401405122,2022,regular,9,2022-10-29 19:30:00+00:00,2294,Iowa,77,Northwestern,teamrankings,-11.5,,37,,,
401405122,2022,regular,9,2022-10-29 19:30:00+00:00,2294,Iowa,77,Northwestern,consensus,-11.5,,37.5,,,
401405122,2022,regular,9,2022-10-29 19:30:00+00:00,2294,Iowa,77,Northwestern,William Hill (New Jersey),-11.5,,37.5,,,
401426595,2022,regular,9,2022-10-29 23:00:00+00:00,2226,Florida Atlantic,5,UAB,Bovada,5,5,45,48,200,-240
401426595,2022,regular,9,2022-10-29 23:00:00+00:00,2226,Florida Atlantic,5,UAB,teamrankings,5,,45,,,
401426595,2022,regular,9,2022-10-29 23:00:00+00:00,2226,Florida Atlantic,5,UAB,consensus,4.5,,45,,,
401426595,2022,regular,9,2022-10-29 23:00:00+00:00,2226,Florida Atlantic,5,UAB,William Hill (New Jersey),4.5,,46,,,
401404154,2022,regular,9,2022-10-29 16:00:00+00:00,41,UConn,103,Boston College,Bovada,8,9,44,46,275,-350
401404154,2022,regular,9,2022-10-29 16:00:00+00:00,41,UConn,103,Boston College,teamrankings,7.5,,44,,,
401404154,2022,regular,9,2022-10-29 16:00:00+00:00,41,UConn,103,Boston College,consensus,8,,44,,,
401404154,2022,regular,9,2022-10-29 16:00:00+00:00,41,UConn,103,Boston College,William Hill (New Jersey),8,,45,,,
401404026,2022,regular,9,2022-10-28 02:00:00+00:00,265,Washington State,254,Utah,Bovada,7.5,,56.5,55.5,,-330
401404026,2022,regular,9,2022-10-28 02:00:00+00:00,265,Washington State,254,Utah,teamrankings,7,,56.5,,,
401404026,2022,regular,9,2022-10-28 02:00:00+00:00,265,Washington State,254,Utah,consensus,7,,56.5,,,
401404026,2022,regular,9,2022-10-28 02:00:00+00:00,265,Washington State,254,Utah,William Hill (New Jersey),7.5,,56.5,,,
401404103,2022,regular,9,2022-10-29 16:00:00+00:00,277,West Virginia,2628,TCU,Bovada,7,6.5,70.5,70,255,-310
401404103,2022,regular,9,2022-10-29 16:00:00+00:00,277,West Virginia,2628,TCU,teamrankings,7,,70,,,
401404103,2022,regular,9,2022-10-29 16:00:00+00:00,277,West Virginia,2628,TCU,consensus,7,,69.5,,,
401404103,2022,regular,9,2022-10-29 16:00:00+00:00,277,West Virginia,2628,TCU,William Hill (New Jersey),7,,69.5,,,
401426361,2022,regular,9,2022-10-29 19:00:00+00:00,2247,Georgia State,295,Old Dominion,Bovada,-3.5,-4,53.5,56.5,-180,155
401426361,2022,regular,9,2022-10-29 19:00:00+00:00,2247,Georgia State,295,Old Dominion,teamrankings,-3.5,,53.5,,,
401426361,2022,regular,9,2022-10-29 19:00:00+00:00,2247,Georgia State,295,Old Dominion,consensus,-3.5,,54,,,
401426361,2022,regular,9,2022-10-29 19:00:00+00:00,2247,Georgia State,295,Old Dominion,William Hill (New Jersey),-4,,54,,,
401415647,2022,regular,9,2022-10-29 19:30:00+00:00,202,Tulsa,2567,SMU,Bovada,1.5,3,63.5,66.5,135,-160
401415647,2022,regular,9,2022-10-29 19:30:00+00:00,202,Tulsa,2567,SMU,teamrankings,1,,63.5,,,
401415647,2022,regular,9,2022-10-29 19:30:00+00:00,202,Tulsa,2567,SMU,consensus,1,,63.5,,,
401415647,2022,regular,9,2022-10-29 19:30:00+00:00,202,Tulsa,2567,SMU,William Hill (New Jersey),1,,63.5,,,
401415247,2022,regular,9,2022-10-30 03:59:00+00:00,62,Hawai'i,2751,Wyoming,Bovada,12,11,51,50.5,325,-435
401415247,2022,regular,9,2022-10-30 03:59:00+00:00,62,Hawai'i,2751,Wyoming,teamrankings,11.5,,50.5,,,
401415247,2022,regular,9,2022-10-30 03:59:00+00:00,62,Hawai'i,2751,Wyoming,consensus,11.5,,50.5,,,
401415247,2022,regular,9,2022-10-30 03:59:00+00:00,62,Hawai'i,2751,Wyoming,William Hill (New Jersey),11.5,,51,,,
401411149,2022,regular,9,2022-10-30 00:00:00+00:00,153,North Carolina,221,Pittsburgh,Bovada,-2.5,-4,65.5,64,-180,155
401411149,2022,regular,9,2022-10-30 00:00:00+00:00,153,North Carolina,221,Pittsburgh,teamrankings,-2.5,,65.5,,,
401411149,2022,regular,9,2022-10-30 00:00:00+00:00,153,North Carolina,221,Pittsburgh,consensus,-2.5,,65.5,,,
401411149,2022,regular,9,2022-10-30 00:00:00+00:00,153,North Carolina,221,Pittsburgh,William Hill (New Jersey),-3,,65.5,,,
401426596,2022,regular,9,2022-10-30 01:00:00+00:00,2638,UTEP,2393,Middle Tennessee,Bovada,-2.5,-1.5,52,53.5,-115,-105
401426596,2022,regular,9,2022-10-30 01:00:00+00:00,2638,UTEP,2393,Middle Tennessee,teamrankings,-2.5,,52,,,
401426596,2022,regular,9,2022-10-30 01:00:00+00:00,2638,UTEP,2393,Middle Tennessee,consensus,-2.5,,52,,,
401426596,2022,regular,9,2022-10-30 01:00:00+00:00,2638,UTEP,2393,Middle Tennessee,William Hill (New Jersey),-2.5,,52,,,
401426362,2022,regular,9,2022-10-29 23:00:00+00:00,276,Marshall,324,Coastal Carolina,Bovada,-2.5,-2,54,55,-140,120
401426362,2022,regular,9,2022-10-29 23:00:00+00:00,276,Marshall,324,Coastal Carolina,teamrankings,-2.5,,54,,,
401426362,2022,regular,9,2022-10-29 23:00:00+00:00,276,Marshall,324,Coastal Carolina,consensus,-2.5,,54,,,
401426362,2022,regular,9,2022-10-29 23:00:00+00:00,276,Marshall,324,Coastal Carolina,William Hill (New Jersey),-2.5,,54,,,
401411148,2022,regular,9,2022-10-29 19:30:00+00:00,97,Louisville,154,Wake Forest,Bovada,3,5,66.5,62.5,180,-220
401411148,2022,regular,9,2022-10-29 19:30:00+00:00,97,Louisville,154,Wake Forest,teamrankings,3,,66.5,,,
401411148,2022,regular,9,2022-10-29 19:30:00+00:00,97,Louisville,154,Wake Forest,consensus,3,,66,,,
401411148,2022,regular,9,2022-10-29 19:30:00+00:00,97,Louisville,154,Wake Forest,William Hill (New Jersey),3,,66,,,
401403930,2022,regular,9,2022-10-29 23:00:00+00:00,2633,Tennessee,96,Kentucky,Bovada,-10.5,-13,63,63,-525,375
401403930,2022,regular,9,2022-10-29 23:00:00+00:00,2633,Tennessee,96,Kentucky,teamrankings,-10.5,,62.5,,,
401403930,2022,regular,9,2022-10-29 23:00:00+00:00,2633,Tennessee,96,Kentucky,consensus,-10.5,,62.5,,,
401403930,2022,regular,9,2022-10-29 23:00:00+00:00,2633,Tennessee,96,Kentucky,William Hill (New Jersey),-11.5,,62.5,,,
401415248,2022,regular,9,2022-10-30 02:30:00+00:00,278,Fresno State,21,San Diego State,Bovada,-11,-8,44.5,39.5,-390,295
401415248,2022,regular,9,2022-10-30 02:30:00+00:00,278,Fresno State,21,San Diego State,teamrankings,-10,,43.5,,,
401415248,2022,regular,9,2022-10-30 02:30:00+00:00,278,Fresno State,21,San Diego State,consensus,-10.5,,44.5,,,
401415248,2022,regular,9,2022-10-30 02:30:00+00:00,278,Fresno State,21,San Diego State,William Hill (New Jersey),-11,,44.5,,,
401411156,2022,regular,10,2022-11-05 16:00:00+00:00,258,Virginia,153,North Carolina,Bovada,7.5,9.5,61.5,59.5,285,-370
401411156,2022,regular,10,2022-11-05 16:00:00+00:00,258,Virginia,153,North Carolina,teamrankings,7,,61.5,,,
401411156,2022,regular,10,2022-11-05 16:00:00+00:00,258,Virginia,153,North Carolina,consensus,7.5,,61.5,,,
401411156,2022,regular,10,2022-11-05 16:00:00+00:00,258,Virginia,153,North Carolina,William Hill (New Jersey),7,,61.5,,,
401426601,2022,regular,10,2022-11-03 23:00:00+00:00,242,Rice,2638,UTEP,Bovada,-3.5,-3.5,47,48,-175,150
401426601,2022,regular,10,2022-11-03 23:00:00+00:00,242,Rice,2638,UTEP,teamrankings,-3.5,,47,,,
401426601,2022,regular,10,2022-11-03 23:00:00+00:00,242,Rice,2638,UTEP,consensus,-3.5,,47,,,
401426601,2022,regular,10,2022-11-03 23:00:00+00:00,242,Rice,2638,UTEP,William Hill (New Jersey),-3.5,,47,,,
401404104,2022,regular,10,2022-11-05 19:00:00+00:00,201,Oklahoma,239,Baylor,Bovada,-3,-3.5,61.5,58.5,-175,150
401404104,2022,regular,10,2022-11-05 19:00:00+00:00,201,Oklahoma,239,Baylor,teamrankings,-3,,61.5,,,
401404104,2022,regular,10,2022-11-05 19:00:00+00:00,201,Oklahoma,239,Baylor,consensus,-3,,61.5,,,
401404104,2022,regular,10,2022-11-05 19:00:00+00:00,201,Oklahoma,239,Baylor,William Hill (New Jersey),-3,,61.5,,,
401403937,2022,regular,10,2022-11-05 16:00:00+00:00,245,Texas A&M,57,Florida,Bovada,-1.5,-3,53.5,54.5,-160,135
401403937,2022,regular,10,2022-11-05 16:00:00+00:00,245,Texas A&M,57,Florida,teamrankings,-1.5,,53.5,,,
401403937,2022,regular,10,2022-11-05 16:00:00+00:00,245,Texas A&M,57,Florida,consensus,-1.5,,53.5,,,
401403937,2022,regular,10,2022-11-05 16:00:00+00:00,245,Texas A&M,57,Florida,William Hill (New Jersey),-1.5,,53.5,,,
401405127,2022,regular,10,2022-11-05 19:30:00+00:00,356,Illinois,127,Michigan State,Bovada,-16,-15.5,41,43.5,-800,525
401405127,2022,regular,10,2022-11-05 19:30:00+00:00,356,Illinois,127,Michigan State,teamrankings,-16.5,,41,,,
401405127,2022,regular,10,2022-11-05 19:30:00+00:00,356,Illinois,127,Michigan State,consensus,-16,,41,,,
401405127,2022,regular,10,2022-11-05 19:30:00+00:00,356,Illinois,127,Michigan State,William Hill (New Jersey),-16,,41,,,
401405131,2022,regular,10,2022-11-05 16:00:00+00:00,275,Wisconsin,120,Maryland,Bovada,-5,-5.5,47.5,53,-210,175
401405131,2022,regular,10,2022-11-05 16:00:00+00:00,275,Wisconsin,120,Maryland,teamrankings,-5,,47.5,,,
401405131,2022,regular,10,2022-11-05 16:00:00+00:00,275,Wisconsin,120,Maryland,consensus,-5,,47.5,,,
401405131,2022,regular,10,2022-11-05 16:00:00+00:00,275,Wisconsin,120,Maryland,William Hill (New Jersey),-5.5,,47.5,,,
401404155,2022,regular,10,2022-11-04 23:00:00+00:00,41,UConn,113,Massachusetts,Bovada,-15.5,-15.5,39,41,-750,500
401404155,2022,regular,10,2022-11-04 23:00:00+00:00,41,UConn,113,Massachusetts,teamrankings,-15,,39.5,,,
401404155,2022,regular,10,2022-11-04 23:00:00+00:00,41,UConn,113,Massachusetts,consensus,-15,,40,,,
401404155,2022,regular,10,2022-11-04 23:00:00+00:00,41,UConn,113,Massachusetts,William Hill (New Jersey),-15,,40,,,
401411151,2022,regular,10,2022-11-04 23:00:00+00:00,103,Boston College,150,Duke,Bovada,12.5,9.5,47,48.5,335,-450
401411151,2022,regular,10,2022-11-04 23:00:00+00:00,103,Boston College,150,Duke,teamrankings,11.5,,47,,,
401411151,2022,regular,10,2022-11-04 23:00:00+00:00,103,Boston College,150,Duke,consensus,11.5,,47.5,,,
401411151,2022,regular,10,2022-11-04 23:00:00+00:00,103,Boston College,150,Duke,William Hill (New Jersey),12.5,,47.5,,,
401415652,2022,regular,10,2022-11-05 23:00:00+00:00,2567,SMU,248,Houston,Bovada,-3.5,-2.5,65.5,67.5,-160,135
401415652,2022,regular,10,2022-11-05 23:00:00+00:00,2567,SMU,248,Houston,teamrankings,-3.5,,66,,,
401415652,2022,regular,10,2022-11-05 23:00:00+00:00,2567,SMU,248,Houston,consensus,-3.5,,66,,,
401415652,2022,regular,10,2022-11-05 23:00:00+00:00,2567,SMU,248,Houston,William Hill (New Jersey),-3.5,,66,,,
401415252,2022,regular,10,2022-11-05 19:30:00+00:00,328,Utah State,167,New Mexico,Bovada,-14.5,-15.5,42.5,43.5,-700,475
401415252,2022,regular,10,2022-11-05 19:30:00+00:00,328,Utah State,167,New Mexico,teamrankings,-14.5,,42.5,,,
401415252,2022,regular,10,2022-11-05 19:30:00+00:00,328,Utah State,167,New Mexico,consensus,-14.5,,42.5,,,
401415252,2022,regular,10,2022-11-05 19:30:00+00:00,328,Utah State,167,New Mexico,William Hill (New Jersey),-14.5,,42.5,,,
401405128,2022,regular,10,2022-11-05 16:00:00+00:00,158,Nebraska,135,Minnesota,Bovada,14.5,12.5,44.5,47,475,-700
401405128,2022,regular,10,2022-11-05 16:00:00+00:00,158,Nebraska,135,Minnesota,teamrankings,14.5,,44.5,,,
401405128,2022,regular,10,2022-11-05 16:00:00+00:00,158,Nebraska,135,Minnesota,consensus,14.5,,44.5,,,
401405128,2022,regular,10,2022-11-05 16:00:00+00:00,158,Nebraska,135,Minnesota,William Hill (New Jersey),14.5,,45,,,
401411154,2022,regular,10,2022-11-06 00:00:00+00:00,152,NC State,154,Wake Forest,Bovada,3,3.5,54,54,150,-175
401411154,2022,regular,10,2022-11-06 00:00:00+00:00,152,NC State,154,Wake Forest,teamrankings,3,,54,,,
401411154,2022,regular,10,2022-11-06 00:00:00+00:00,152,NC State,154,Wake Forest,consensus,3,,54,,,
401411154,2022,regular,10,2022-11-06 00:00:00+00:00,152,NC State,154,Wake Forest,William Hill (New Jersey),3,,54,,,
401403936,2022,regular,10,2022-11-05 16:00:00+00:00,142,Missouri,96,Kentucky,Bovada,0,2.5,40,43.5,115,-135
401403936,2022,regular,10,2022-11-05 16:00:00+00:00,142,Missouri,96,Kentucky,teamrankings,-1,,40,,,
401403936,2022,regular,10,2022-11-05 16:00:00+00:00,142,Missouri,96,Kentucky,consensus,-1,,40,,,
401403936,2022,regular,10,2022-11-05 16:00:00+00:00,142,Missouri,96,Kentucky,William Hill (New Jersey),-1,,40,,,
401403932,2022,regular,10,2022-11-05 20:00:00+00:00,8,Arkansas,2335,Liberty,Bovada,-14.5,-14,61,64.5,-625,430
401403932,2022,regular,10,2022-11-05 20:00:00+00:00,8,Arkansas,2335,Liberty,teamrankings,-14.5,,61.5,,,
401403932,2022,regular,10,2022-11-05 20:00:00+00:00,8,Arkansas,2335,Liberty,consensus,-14.5,,61.5,,,
401403932,2022,regular,10,2022-11-05 20:00:00+00:00,8,Arkansas,2335,Liberty,William Hill (New Jersey),-14.5,,61.5,,,
401405129,2022,regular,10,2022-11-05 16:00:00+00:00,77,Northwestern,194,Ohio State,Bovada,38,38.5,55,62.5,,
401405129,2022,regular,10,2022-11-05 16:00:00+00:00,77,Northwestern,194,Ohio State,teamrankings,37.5,,55,,,
401405129,2022,regular,10,2022-11-05 16:00:00+00:00,77,Northwestern,194,Ohio State,consensus,37.5,,55.5,,,
401405129,2022,regular,10,2022-11-05 16:00:00+00:00,77,Northwestern,194,Ohio State,William Hill (New Jersey),37.5,,55,,,
401426364,2022,regular,10,2022-11-03 23:30:00+00:00,324,Coastal Carolina,2026,App State,Bovada,3,2,65,61,135,-160
401426364,2022,regular,10,2022-11-03 23:30:00+00:00,324,Coastal Carolina,2026,App State,teamrankings,3,,65.5,,,
401426364,2022,regular,10,2022-11-03 23:30:00+00:00,324,Coastal Carolina,2026,App State,consensus,3,,65.5,,,
401426364,2022,regular,10,2022-11-03 23:30:00+00:00,324,Coastal Carolina,2026,App State,William Hill (New Jersey),3,,64,,,
401416635,2022,regular,10,2022-11-02 23:00:00+00:00,189,Bowling Green,2711,Western Michigan,Bovada,-5,-3.5,47.5,47,-175,150
401416635,2022,regular,10,2022-11-02 23:00:00+00:00,189,Bowling Green,2711,Western Michigan,teamrankings,-5,,48,,,
401416635,2022,regular,10,2022-11-02 23:00:00+00:00,189,Bowling Green,2711,Western Michigan,consensus,-5,,48,,,
401416635,2022,regular,10,2022-11-02 23:00:00+00:00,189,Bowling Green,2711,Western Michigan,William Hill (New Jersey),-5,,48,,,
401426598,2022,regular,10,2022-11-05 16:00:00+00:00,2429,Charlotte,98,Western Kentucky,Bovada,14.5,16.5,72.5,71,550,-850
401426598,2022,regular,10,2022-11-05 16:00:00+00:00,2429,Charlotte,98,Western Kentucky,teamrankings,14.5,,72.5,,,
401426598,2022,regular,10,2022-11-05 16:00:00+00:00,2429,Charlotte,98,Western Kentucky,consensus,14.5,,72.5,,,
401426598,2022,regular,10,2022-11-05 16:00:00+00:00,2429,Charlotte,98,Western Kentucky,William Hill (New Jersey),14.5,,72.5,,,
401405130,2022,regular,10,2022-11-05 16:00:00+00:00,2509,Purdue,2294,Iowa,Bovada,-3.5,-4,39,43,-195,165
401405130,2022,regular,10,2022-11-05 16:00:00+00:00,2509,Purdue,2294,Iowa,teamrankings,-3.5,,39.5,,,
401405130,2022,regular,10,2022-11-05 16:00:00+00:00,2509,Purdue,2294,Iowa,consensus,-3.5,,39.5,,,
401405130,2022,regular,10,2022-11-05 16:00:00+00:00,2509,Purdue,2294,Iowa,William Hill (New Jersey),-3.5,,39,,,
401404141,2022,regular,10,2022-11-05 15:30:00+00:00,349,Army,2005,Air Force,Bovada,7,6,40.5,40.5,205,-245
401404141,2022,regular,10,2022-11-05 15:30:00+00:00,349,Army,2005,Air Force,teamrankings,7,,40.5,,,
401404141,2022,regular,10,2022-11-05 15:30:00+00:00,349,Army,2005,Air Force,consensus,7,,40.5,,,
401404141,2022,regular,10,2022-11-05 15:30:00+00:00,349,Army,2005,Air Force,William Hill (New Jersey),7,,40.5,,,
401411152,2022,regular,10,2022-11-05 23:30:00+00:00,97,Louisville,256,James Madison,Bovada,-6.5,-8.5,53.5,55,-280,230
401411152,2022,regular,10,2022-11-05 23:30:00+00:00,97,Louisville,256,James Madison,teamrankings,-6.5,,53,,,
401411152,2022,regular,10,2022-11-05 23:30:00+00:00,97,Louisville,256,James Madison,consensus,-6.5,,53.5,,,
401411152,2022,regular,10,2022-11-05 23:30:00+00:00,97,Louisville,256,James Madison,William Hill (New Jersey),-6.5,,53.5,,,
401404031,2022,regular,10,2022-11-05 02:30:00+00:00,264,Washington,204,Oregon State,Bovada,-4.5,-4.5,53.5,60.5,-200,170
401404031,2022,regular,10,2022-11-05 02:30:00+00:00,264,Washington,204,Oregon State,teamrankings,-4.5,,53.5,,,
401404031,2022,regular,10,2022-11-05 02:30:00+00:00,264,Washington,204,Oregon State,consensus,-4.5,,53.5,,,
401404031,2022,regular,10,2022-11-05 02:30:00+00:00,264,Washington,204,Oregon State,William Hill (New Jersey),-4.5,,54,,,
401411157,2022,regular,10,2022-11-05 16:30:00+00:00,259,Virginia Tech,59,Georgia Tech,Bovada,-4,-4,40.5,41.5,-175,150
401411157,2022,regular,10,2022-11-05 16:30:00+00:00,259,Virginia Tech,59,Georgia Tech,consensus,-4,,40.5,,,
401411157,2022,regular,10,2022-11-05 16:30:00+00:00,259,Virginia Tech,59,Georgia Tech,William Hill (New Jersey),-4.5,,40.5,,,
401411157,2022,regular,10,2022-11-05 16:30:00+00:00,259,Virginia Tech,59,Georgia Tech,teamrankings,-4,,40.5,,,
401404030,2022,regular,10,2022-11-05 19:30:00+00:00,38,Colorado,2483,Oregon,Bovada,31,31,62.5,60.5,,
401404030,2022,regular,10,2022-11-05 19:30:00+00:00,38,Colorado,2483,Oregon,teamrankings,31,,62.5,,,
401404030,2022,regular,10,2022-11-05 19:30:00+00:00,38,Colorado,2483,Oregon,consensus,31,,62.5,,,
401404030,2022,regular,10,2022-11-05 19:30:00+00:00,38,Colorado,2483,Oregon,William Hill (New Jersey),31,,62.5,,,
401403935,2022,regular,10,2022-11-05 23:30:00+00:00,344,Mississippi State,2,Auburn,Bovada,-12.5,-11,50.5,52.5,-525,375
401403935,2022,regular,10,2022-11-05 23:30:00+00:00,344,Mississippi State,2,Auburn,teamrankings,-12.5,,50.5,,,
401403935,2022,regular,10,2022-11-05 23:30:00+00:00,344,Mississippi State,2,Auburn,consensus,-12.5,,50.5,,,
401403935,2022,regular,10,2022-11-05 23:30:00+00:00,344,Mississippi State,2,Auburn,William Hill (New Jersey),-12.5,,50.5,,,
401415651,2022,regular,10,2022-11-05 19:30:00+00:00,235,Memphis,2116,UCF,Bovada,3,5,60.5,61.5,180,-220
401415651,2022,regular,10,2022-11-05 19:30:00+00:00,235,Memphis,2116,UCF,teamrankings,3,,60.5,,,
401415651,2022,regular,10,2022-11-05 19:30:00+00:00,235,Memphis,2116,UCF,consensus,3,,60.5,,,
401415651,2022,regular,10,2022-11-05 19:30:00+00:00,235,Memphis,2116,UCF,William Hill (New Jersey),3,,60.5,,,
401404105,2022,regular,10,2022-11-05 19:30:00+00:00,66,Iowa State,277,West Virginia,Bovada,-6.5,-6.5,49.5,51,-250,210
401404105,2022,regular,10,2022-11-05 19:30:00+00:00,66,Iowa State,277,West Virginia,teamrankings,-6.5,,49.5,,,
401404105,2022,regular,10,2022-11-05 19:30:00+00:00,66,Iowa State,277,West Virginia,consensus,-6.5,,49.5,,,
401404105,2022,regular,10,2022-11-05 19:30:00+00:00,66,Iowa State,277,West Virginia,William Hill (New Jersey),-6.5,,49.5,,,
401404032,2022,regular,10,2022-11-05 19:30:00+00:00,24,Stanford,265,Washington State,Bovada,3,4.5,48,48.5,170,
401404032,2022,regular,10,2022-11-05 19:30:00+00:00,24,Stanford,265,Washington State,teamrankings,3,,48.5,,,
401404032,2022,regular,10,2022-11-05 19:30:00+00:00,24,Stanford,265,Washington State,consensus,3,,48.5,,,
401404032,2022,regular,10,2022-11-05 19:30:00+00:00,24,Stanford,265,Washington State,William Hill (New Jersey),3,,48.5,,,
401403934,2022,regular,10,2022-11-05 23:00:00+00:00,99,LSU,333,Alabama,Bovada,13.5,13,57,58,390,-550
401403934,2022,regular,10,2022-11-05 23:00:00+00:00,99,LSU,333,Alabama,teamrankings,13.5,,56.5,,,
401403934,2022,regular,10,2022-11-05 23:00:00+00:00,99,LSU,333,Alabama,consensus,13.5,,56.5,,,
401403934,2022,regular,10,2022-11-05 23:00:00+00:00,99,LSU,333,Alabama,William Hill (New Jersey),13.5,,56.5,,,
401426599,2022,regular,10,2022-11-05 20:00:00+00:00,249,North Texas,2229,Florida International,Bovada,-21.5,-21.5,63,63,-2200,1000
401426599,2022,regular,10,2022-11-05 20:00:00+00:00,249,North Texas,2229,Florida International,teamrankings,-21,,63.5,,,
401426599,2022,regular,10,2022-11-05 20:00:00+00:00,249,North Texas,2229,Florida International,consensus,-21.5,,63,,,
401426599,2022,regular,10,2022-11-05 20:00:00+00:00,249,North Texas,2229,Florida International,William Hill (New Jersey),-21.5,,64,,,
401415251,2022,regular,10,2022-11-06 02:30:00+00:00,23,San José State,36,Colorado State,Bovada,-24,-22,44.5,45,-2200,1000
401415251,2022,regular,10,2022-11-06 02:30:00+00:00,23,San José State,36,Colorado State,teamrankings,-24,,44.5,,,
401415251,2022,regular,10,2022-11-06 02:30:00+00:00,23,San José State,36,Colorado State,consensus,-24,,44.5,,,
401415251,2022,regular,10,2022-11-06 02:30:00+00:00,23,San José State,36,Colorado State,William Hill (New Jersey),-23.5,,44.5,,,
401426600,2022,regular,10,2022-11-05 19:00:00+00:00,2348,Louisiana Tech,2393,Middle Tennessee,Bovada,2.5,2.5,63.5,64,110,-130
401426600,2022,regular,10,2022-11-05 19:00:00+00:00,2348,Louisiana Tech,2393,Middle Tennessee,teamrankings,2.5,,64,,,
401426600,2022,regular,10,2022-11-05 19:00:00+00:00,2348,Louisiana Tech,2393,Middle Tennessee,consensus,2.5,,63.5,,,
401426600,2022,regular,10,2022-11-05 19:00:00+00:00,2348,Louisiana Tech,2393,Middle Tennessee,William Hill (New Jersey),2.5,,63.5,,,
401405133,2022,regular,10,2022-11-05 23:30:00+00:00,164,Rutgers,130,Michigan,Bovada,26.5,26.5,45,46,1250,-4500
401405133,2022,regular,10,2022-11-05 23:30:00+00:00,164,Rutgers,130,Michigan,teamrankings,26,,45,,,
401405133,2022,regular,10,2022-11-05 23:30:00+00:00,164,Rutgers,130,Michigan,consensus,26.5,,45,,,
401405133,2022,regular,10,2022-11-05 23:30:00+00:00,164,Rutgers,130,Michigan,Caesars Sportsbook (Colorado),26.5,,45,,,
401405132,2022,regular,10,2022-11-05 19:30:00+00:00,84,Indiana,213,Penn State,Bovada,13.5,13.5,50.5,54.5,375,-525
401405132,2022,regular,10,2022-11-05 19:30:00+00:00,84,Indiana,213,Penn State,teamrankings,13.5,,50,,,
401405132,2022,regular,10,2022-11-05 19:30:00+00:00,84,Indiana,213,Penn State,consensus,13.5,,50,,,
401405132,2022,regular,10,2022-11-05 19:30:00+00:00,84,Indiana,213,Penn State,William Hill (New Jersey),13.5,,50,,,
401415253,2022,regular,10,2022-11-06 02:30:00+00:00,278,Fresno State,62,Hawai'i,Bovada,-27.5,-23,62,57.5,-2500,1050
401415253,2022,regular,10,2022-11-06 02:30:00+00:00,278,Fresno State,62,Hawai'i,teamrankings,-27,,62,,,
401415253,2022,regular,10,2022-11-06 02:30:00+00:00,278,Fresno State,62,Hawai'i,consensus,-27.5,,62,,,
401415253,2022,regular,10,2022-11-06 02:30:00+00:00,278,Fresno State,62,Hawai'i,William Hill (New Jersey),-27.5,,62.5,,,
401403938,2022,regular,10,2022-11-05 23:30:00+00:00,238,Vanderbilt,2579,South Carolina,Bovada,6.5,7,49,49.5,250,-300
401403938,2022,regular,10,2022-11-05 23:30:00+00:00,238,Vanderbilt,2579,South Carolina,teamrankings,6.5,,49,,,
401403938,2022,regular,10,2022-11-05 23:30:00+00:00,238,Vanderbilt,2579,South Carolina,consensus,6.5,,49,,,
401403938,2022,regular,10,2022-11-05 23:30:00+00:00,238,Vanderbilt,2579,South Carolina,William Hill (New Jersey),6.5,,49,,,
401411155,2022,regular,10,2022-11-05 19:30:00+00:00,221,Pittsburgh,183,Syracuse,Bovada,-3.5,-3.5,47.5,50.5,-175,150
401411155,2022,regular,10,2022-11-05 19:30:00+00:00,221,Pittsburgh,183,Syracuse,teamrankings,-3.5,,47.5,,,
401411155,2022,regular,10,2022-11-05 19:30:00+00:00,221,Pittsburgh,183,Syracuse,consensus,-3.5,,47.5,,,
401411155,2022,regular,10,2022-11-05 19:30:00+00:00,221,Pittsburgh,183,Syracuse,William Hill (New Jersey),-3.5,,47.5,,,
401404106,2022,regular,10,2022-11-05 19:30:00+00:00,2305,Kansas,197,Oklahoma State,Bovada,2,3.5,65.5,69,150,-175
401404106,2022,regular,10,2022-11-05 19:30:00+00:00,2305,Kansas,197,Oklahoma State,teamrankings,-3,,59.5,,,
401404106,2022,regular,10,2022-11-05 19:30:00+00:00,2305,Kansas,197,Oklahoma State,consensus,-3,,60.5,,,
401404106,2022,regular,10,2022-11-05 19:30:00+00:00,2305,Kansas,197,Oklahoma State,William Hill (New Jersey),-3,,59.5,,,
401415650,2022,regular,10,2022-11-05 20:00:00+00:00,2132,Cincinnati,2426,Navy,Bovada,-18.5,-20.5,43.5,48.5,-1600,800
401415650,2022,regular,10,2022-11-05 20:00:00+00:00,2132,Cincinnati,2426,Navy,teamrankings,-18.5,,43.5,,,
401415650,2022,regular,10,2022-11-05 20:00:00+00:00,2132,Cincinnati,2426,Navy,consensus,-18.5,,43.5,,,
401415650,2022,regular,10,2022-11-05 20:00:00+00:00,2132,Cincinnati,2426,Navy,William Hill (New Jersey),-18.5,,43.5,,,
401404028,2022,regular,10,2022-11-06 02:30:00+00:00,9,Arizona State,26,UCLA,Bovada,11,10.5,67.5,62,300,-400
401404028,2022,regular,10,2022-11-06 02:30:00+00:00,9,Arizona State,26,UCLA,teamrankings,11,,66.5,,,
401404028,2022,regular,10,2022-11-06 02:30:00+00:00,9,Arizona State,26,UCLA,consensus,11,,67,,,
401404028,2022,regular,10,2022-11-06 02:30:00+00:00,9,Arizona State,26,UCLA,William Hill (New Jersey),11,,67,,,
401403933,2022,regular,10,2022-11-05 19:30:00+00:00,61,Georgia,2633,Tennessee,Bovada,-9,-8.5,65,65.5,-310,255
401403933,2022,regular,10,2022-11-05 19:30:00+00:00,61,Georgia,2633,Tennessee,teamrankings,-9.5,,65.5,,,
401403933,2022,regular,10,2022-11-05 19:30:00+00:00,61,Georgia,2633,Tennessee,consensus,-10,,65.5,,,
401403933,2022,regular,10,2022-11-05 19:30:00+00:00,61,Georgia,2633,Tennessee,William Hill (New Jersey),-10,,65.5,,,
401404130,2022,regular,10,2022-11-05 23:30:00+00:00,87,Notre Dame,228,Clemson,Bovada,4,4,43.5,48,140,-165
401404130,2022,regular,10,2022-11-05 23:30:00+00:00,87,Notre Dame,228,Clemson,teamrankings,3.5,,43.5,,,
401404130,2022,regular,10,2022-11-05 23:30:00+00:00,87,Notre Dame,228,Clemson,consensus,3.5,,43.5,,,
401404130,2022,regular,10,2022-11-05 23:30:00+00:00,87,Notre Dame,228,Clemson,William Hill (New Jersey),3.5,,43.5,,,
401416632,2022,regular,10,2022-11-01 23:00:00+00:00,2309,Kent State,2050,Ball State,Bovada,-7,-4,62,61.5,-270,220
401416632,2022,regular,10,2022-11-01 23:00:00+00:00,2309,Kent State,2050,Ball State,teamrankings,-7,,61.5,,,
401416632,2022,regular,10,2022-11-01 23:00:00+00:00,2309,Kent State,2050,Ball State,consensus,-7,,61.5,,,
401416632,2022,regular,10,2022-11-01 23:00:00+00:00,2309,Kent State,2050,Ball State,William Hill (New Jersey),-7,,62,,,
401426602,2022,regular,10,2022-11-05 19:30:00+00:00,5,UAB,2636,UTSA,Bovada,2.5,1,53,52,105,-125
401426602,2022,regular,10,2022-11-05 19:30:00+00:00,5,UAB,2636,UTSA,teamrankings,2.5,,53.5,,,
401426602,2022,regular,10,2022-11-05 19:30:00+00:00,5,UAB,2636,UTSA,consensus,2.5,,53.5,,,
401426602,2022,regular,10,2022-11-05 19:30:00+00:00,5,UAB,2636,UTSA,William Hill (New Jersey),2.5,,53,,,
401404108,2022,regular,10,2022-11-05 16:00:00+00:00,2628,TCU,2641,Texas Tech,Bovada,-8.5,-10,69,71,-400,300
401404108,2022,regular,10,2022-11-05 16:00:00+00:00,2628,TCU,2641,Texas Tech,teamrankings,-8.5,,68.5,,,
401404108,2022,regular,10,2022-11-05 16:00:00+00:00,2628,TCU,2641,Texas Tech,consensus,-8.5,,69,,,
401404108,2022,regular,10,2022-11-05 16:00:00+00:00,2628,TCU,2641,Texas Tech,William Hill (New Jersey),-9,,68.5,,,
401415250,2022,regular,10,2022-11-05 23:00:00+00:00,68,Boise State,252,BYU,Bovada,-9,-8.5,54,55.5,-310,255
401415250,2022,regular,10,2022-11-05 23:00:00+00:00,68,Boise State,252,BYU,teamrankings,-9.5,,54.5,,,
401415250,2022,regular,10,2022-11-05 23:00:00+00:00,68,Boise State,252,BYU,consensus,-9.5,,54.5,,,
401415250,2022,regular,10,2022-11-05 23:00:00+00:00,68,Boise State,252,BYU,William Hill (New Jersey),-9.5,,54.5,,,
401404107,2022,regular,10,2022-11-05 23:00:00+00:00,2306,Kansas State,251,Texas,Bovada,3,1.5,55,54.5,125,-145
401404107,2022,regular,10,2022-11-05 23:00:00+00:00,2306,Kansas State,251,Texas,teamrankings,3,,54.5,,,
401404107,2022,regular,10,2022-11-05 23:00:00+00:00,2306,Kansas State,251,Texas,consensus,3,,54.5,,,
401404107,2022,regular,10,2022-11-05 23:00:00+00:00,2306,Kansas State,251,Texas,William Hill (New Jersey),3,,54.5,,,
401404027,2022,regular,10,2022-11-05 23:30:00+00:00,254,Utah,12,Arizona,Bovada,-18,-17,68,67.5,-1000,625
401404027,2022,regular,10,2022-11-05 23:30:00+00:00,254,Utah,12,Arizona,teamrankings,-17.5,,67.5,,,
401404027,2022,regular,10,2022-11-05 23:30:00+00:00,254,Utah,12,Arizona,consensus,-17.5,,67.5,,,
401404027,2022,regular,10,2022-11-05 23:30:00+00:00,254,Utah,12,Arizona,William Hill (New Jersey),-18,,68,,,
401411153,2022,regular,10,2022-11-05 23:30:00+00:00,2390,Miami,52,Florida State,Bovada,6.5,8.5,54,53,190,-230
401411153,2022,regular,10,2022-11-05 23:30:00+00:00,2390,Miami,52,Florida State,teamrankings,6.5,,54,,,
401411153,2022,regular,10,2022-11-05 23:30:00+00:00,2390,Miami,52,Florida State,consensus,6.5,,54,,,
401411153,2022,regular,10,2022-11-05 23:30:00+00:00,2390,Miami,52,Florida State,William Hill (New Jersey),6.5,,54,,,
401404029,2022,regular,10,2022-11-06 02:30:00+00:00,30,USC,25,California,Bovada,-21,-19.5,62,58,-1800,850
401404029,2022,regular,10,2022-11-06 02:30:00+00:00,30,USC,25,California,teamrankings,-21.5,,60.5,,,
401404029,2022,regular,10,2022-11-06 02:30:00+00:00,30,USC,25,California,consensus,-21,,61,,,
401404029,2022,regular,10,2022-11-06 02:30:00+00:00,30,USC,25,California,William Hill (New Jersey),-21,,61,,,
401426370,2022,regular,11,2022-11-11 00:30:00+00:00,309,Louisiana,290,Georgia Southern,Bovada,-3.5,-3.5,63,58.5,,140
401426370,2022,regular,11,2022-11-11 00:30:00+00:00,309,Louisiana,290,Georgia Southern,teamrankings,-3.5,,63,,,
401426370,2022,regular,11,2022-11-11 00:30:00+00:00,309,Louisiana,290,Georgia Southern,consensus,-3.5,,63,,,
401426370,2022,regular,11,2022-11-11 00:30:00+00:00,309,Louisiana,290,Georgia Southern,William Hill (New Jersey),-3.5,,63,,,
401405139,2022,regular,11,2022-11-12 17:00:00+00:00,194,Ohio State,84,Indiana,Bovada,-40,-40,62.5,57.5,,
401405139,2022,regular,11,2022-11-12 17:00:00+00:00,194,Ohio State,84,Indiana,teamrankings,-40,,62,,,
401405139,2022,regular,11,2022-11-12 17:00:00+00:00,194,Ohio State,84,Indiana,consensus,-40.5,,62,,,
401405139,2022,regular,11,2022-11-12 17:00:00+00:00,194,Ohio State,84,Indiana,William Hill (New Jersey),-40,,62,,,
401415259,2022,regular,11,2022-11-12 03:30:00+00:00,2439,UNLV,278,Fresno State,Bovada,8.5,8.5,62,58,265,-330
401415259,2022,regular,11,2022-11-12 03:30:00+00:00,2439,UNLV,278,Fresno State,teamrankings,9,,61.5,,,
401415259,2022,regular,11,2022-11-12 03:30:00+00:00,2439,UNLV,278,Fresno State,consensus,8.5,,62,,,
401415259,2022,regular,11,2022-11-12 03:30:00+00:00,2439,UNLV,278,Fresno State,William Hill (New Jersey),8.5,,62,,,
401416639,2022,regular,11,2022-11-10 00:00:00+00:00,2711,Western Michigan,2459,Northern Illinois,Bovada,0,0,49,52,-110,-110
401416639,2022,regular,11,2022-11-10 00:00:00+00:00,2711,Western Michigan,2459,Northern Illinois,teamrankings,1,,49,,,
401416639,2022,regular,11,2022-11-10 00:00:00+00:00,2711,Western Michigan,2459,Northern Illinois,consensus,1,,49,,,
401416639,2022,regular,11,2022-11-10 00:00:00+00:00,2711,Western Michigan,2459,Northern Illinois,William Hill (New Jersey),0,,49,,,
401426605,2022,regular,11,2022-11-12 20:30:00+00:00,2636,UTSA,2348,Louisiana Tech,Bovada,-17,-18,69,68,-1100,650
401426605,2022,regular,11,2022-11-12 20:30:00+00:00,2636,UTSA,2348,Louisiana Tech,teamrankings,-17,,68.5,,,
401426605,2022,regular,11,2022-11-12 20:30:00+00:00,2636,UTSA,2348,Louisiana Tech,consensus,-17.5,,68.5,,,
401426605,2022,regular,11,2022-11-12 20:30:00+00:00,2636,UTSA,2348,Louisiana Tech,William Hill (New Jersey),-17,,69,,,
401415655,2022,regular,11,2022-11-12 20:00:00+00:00,248,Houston,218,Temple,Bovada,-20,-20,55,58,-1400,750
401415655,2022,regular,11,2022-11-12 20:00:00+00:00,248,Houston,218,Temple,teamrankings,-20,,56,,,
401415655,2022,regular,11,2022-11-12 20:00:00+00:00,248,Houston,218,Temple,consensus,-20,,56,,,
401415655,2022,regular,11,2022-11-12 20:00:00+00:00,248,Houston,218,Temple,William Hill (New Jersey),-20,,56,,,
401405134,2022,regular,11,2022-11-12 17:00:00+00:00,356,Illinois,2509,Purdue,Bovada,-6,-6.5,44,46.5,-260,215
401426603,2022,regular,11,2022-11-12 20:30:00+00:00,2393,Middle Tennessee,2429,Charlotte,Bovada,-10,-11.5,67,68,-470,345
401426603,2022,regular,11,2022-11-12 20:30:00+00:00,2393,Middle Tennessee,2429,Charlotte,teamrankings,-10,,67,,,
401426603,2022,regular,11,2022-11-12 20:30:00+00:00,2393,Middle Tennessee,2429,Charlotte,consensus,-10,,67,,,
401426603,2022,regular,11,2022-11-12 20:30:00+00:00,2393,Middle Tennessee,2429,Charlotte,William Hill (New Jersey),-9.5,,67,,,
401426607,2022,regular,11,2022-11-12 19:00:00+00:00,98,Western Kentucky,242,Rice,Bovada,-13.5,-13,61,62.5,-550,390
401426607,2022,regular,11,2022-11-12 19:00:00+00:00,98,Western Kentucky,242,Rice,teamrankings,-13.5,,61,,,
401426607,2022,regular,11,2022-11-12 19:00:00+00:00,98,Western Kentucky,242,Rice,consensus,-13.5,,61,,,
401426607,2022,regular,11,2022-11-12 19:00:00+00:00,98,Western Kentucky,242,Rice,William Hill (New Jersey),-13,,61,,,
401426606,2022,regular,11,2022-11-12 20:30:00+00:00,5,UAB,249,North Texas,Bovada,-6.5,-6,58,57.5,-230,190
401426606,2022,regular,11,2022-11-12 20:30:00+00:00,5,UAB,249,North Texas,teamrankings,-6.5,,58,,,
401426606,2022,regular,11,2022-11-12 20:30:00+00:00,5,UAB,249,North Texas,consensus,-6.5,,58,,,
401426606,2022,regular,11,2022-11-12 20:30:00+00:00,5,UAB,249,North Texas,William Hill (New Jersey),-6.5,,58,,,
401415256,2022,regular,11,2022-11-12 20:30:00+00:00,2005,Air Force,167,New Mexico,Bovada,-21,-24,37.5,39,-2800,1100
401415256,2022,regular,11,2022-11-12 20:30:00+00:00,2005,Air Force,167,New Mexico,teamrankings,-21,,37.5,,,
401415256,2022,regular,11,2022-11-12 20:30:00+00:00,2005,Air Force,167,New Mexico,consensus,-21,,37,,,
401415256,2022,regular,11,2022-11-12 20:30:00+00:00,2005,Air Force,167,New Mexico,William Hill (New Jersey),-21,,37,,,
401411164,2022,regular,11,2022-11-13 00:30:00+00:00,154,Wake Forest,153,North Carolina,Bovada,-4.5,-3.5,79.5,76,-180,155
401411164,2022,regular,11,2022-11-13 00:30:00+00:00,154,Wake Forest,153,North Carolina,teamrankings,-4.5,,79,,,
401411164,2022,regular,11,2022-11-13 00:30:00+00:00,154,Wake Forest,153,North Carolina,consensus,-4.5,,79,,,
401411164,2022,regular,11,2022-11-13 00:30:00+00:00,154,Wake Forest,153,North Carolina,William Hill (New Jersey),-4.5,,79,,,
401415657,2022,regular,11,2022-11-12 20:30:00+00:00,2655,Tulane,2116,UCF,Bovada,-1,-2,54.5,51.5,-125,105
401415657,2022,regular,11,2022-11-12 20:30:00+00:00,2655,Tulane,2116,UCF,teamrankings,-1,,54.5,,,
401415657,2022,regular,11,2022-11-12 20:30:00+00:00,2655,Tulane,2116,UCF,consensus,-1,,54.5,,,
401415657,2022,regular,11,2022-11-12 20:30:00+00:00,2655,Tulane,2116,UCF,William Hill (New Jersey),-1,,54.5,,,
401416640,2022,regular,11,2022-11-10 00:00:00+00:00,2117,Central Michigan,2084,Buffalo,Bovada,-2.5,0,54,55.5,-115,-105
401416640,2022,regular,11,2022-11-10 00:00:00+00:00,2117,Central Michigan,2084,Buffalo,teamrankings,-3,,54,,,
401416640,2022,regular,11,2022-11-10 00:00:00+00:00,2117,Central Michigan,2084,Buffalo,consensus,-2.5,,54,,,
401416640,2022,regular,11,2022-11-10 00:00:00+00:00,2117,Central Michigan,2084,Buffalo,William Hill (New Jersey),-3,,54,,,
401404035,2022,regular,11,2022-11-12 20:30:00+00:00,265,Washington State,9,Arizona State,Bovada,-9.5,-9,59.5,55.5,-360,280
401404035,2022,regular,11,2022-11-12 20:30:00+00:00,265,Washington State,9,Arizona State,teamrankings,-9.5,,59.5,,,
401404035,2022,regular,11,2022-11-12 20:30:00+00:00,265,Washington State,9,Arizona State,consensus,-9.5,,59.5,,,
401404035,2022,regular,11,2022-11-12 20:30:00+00:00,265,Washington State,9,Arizona State,William Hill (New Jersey),-9.5,,59.5,,,
401404142,2022,regular,11,2022-11-12 20:30:00+00:00,2653,Troy,349,Army,Bovada,-8.5,-9,45,45.5,-340,270
401404142,2022,regular,11,2022-11-12 20:30:00+00:00,2653,Troy,349,Army,teamrankings,-8.5,,45.5,,,
401404142,2022,regular,11,2022-11-12 20:30:00+00:00,2653,Troy,349,Army,consensus,-8.5,,45.5,,,
401404142,2022,regular,11,2022-11-12 20:30:00+00:00,2653,Troy,349,Army,William Hill (New Jersey),-8.5,,45.5,,,
401415260,2022,regular,11,2022-11-13 03:30:00+00:00,21,San Diego State,23,San José State,Bovada,2.5,2,41,39.5,,-120
401415260,2022,regular,11,2022-11-13 03:30:00+00:00,21,San Diego State,23,San José State,teamrankings,2.5,,41,,,
401415260,2022,regular,11,2022-11-13 03:30:00+00:00,21,San Diego State,23,San José State,consensus,2,,41.5,,,
401415260,2022,regular,11,2022-11-13 03:30:00+00:00,21,San Diego State,23,San José State,William Hill (New Jersey),2,,41,,,
401426373,2022,regular,11,2022-11-12 20:30:00+00:00,276,Marshall,2026,App State,Bovada,2,0,47.5,46,-110,-110
401404036,2022,regular,11,2022-11-13 02:00:00+00:00,204,Oregon State,25,California,Bovada,-11.5,-13.5,47,49,-575,400
401404036,2022,regular,11,2022-11-13 02:00:00+00:00,204,Oregon State,25,California,teamrankings,-11.5,,47,,,
401404036,2022,regular,11,2022-11-13 02:00:00+00:00,204,Oregon State,25,California,consensus,-11.5,,47,,,
401404036,2022,regular,11,2022-11-13 02:00:00+00:00,204,Oregon State,25,California,William Hill (New Jersey),-11.5,,47,,,
401416641,2022,regular,11,2022-11-10 00:00:00+00:00,189,Bowling Green,2309,Kent State,Bovada,3,2.5,56,57.5,115,-135
401416641,2022,regular,11,2022-11-10 00:00:00+00:00,189,Bowling Green,2309,Kent State,teamrankings,2.5,,55.5,,,
401416641,2022,regular,11,2022-11-10 00:00:00+00:00,189,Bowling Green,2309,Kent State,consensus,2.5,,55.5,,,
401416641,2022,regular,11,2022-11-10 00:00:00+00:00,189,Bowling Green,2309,Kent State,William Hill (New Jersey),3,,56,,,
401415656,2022,regular,11,2022-11-12 17:00:00+00:00,58,South Florida,2567,SMU,Bovada,17.5,17,72.5,74.5,625,-1000
401415656,2022,regular,11,2022-11-12 17:00:00+00:00,58,South Florida,2567,SMU,teamrankings,17.5,,72.5,,,
401415656,2022,regular,11,2022-11-12 17:00:00+00:00,58,South Florida,2567,SMU,consensus,17.5,,72.5,,,
401415656,2022,regular,11,2022-11-12 17:00:00+00:00,58,South Florida,2567,SMU,William Hill (New Jersey),17.5,,72.5,,,
401404033,2022,regular,11,2022-11-12 02:30:00+00:00,30,USC,38,Colorado,Bovada,-34.5,-34,66,64,,
401404033,2022,regular,11,2022-11-12 02:30:00+00:00,30,USC,38,Colorado,teamrankings,-34,,66,,,
401404033,2022,regular,11,2022-11-12 02:30:00+00:00,30,USC,38,Colorado,consensus,-34.5,,66,,,
401404033,2022,regular,11,2022-11-12 02:30:00+00:00,30,USC,38,Colorado,William Hill (New Jersey),-34.5,,66,,,
401403945,2022,regular,11,2022-11-12 17:00:00+00:00,2633,Tennessee,142,Missouri,Bovada,-19,-21,57.5,56.5,-1600,800
401403945,2022,regular,11,2022-11-12 17:00:00+00:00,2633,Tennessee,142,Missouri,teamrankings,-18.5,,57.5,,,
401403945,2022,regular,11,2022-11-12 17:00:00+00:00,2633,Tennessee,142,Missouri,consensus,-19.5,,57.5,,,
401403945,2022,regular,11,2022-11-12 17:00:00+00:00,2633,Tennessee,142,Missouri,William Hill (New Jersey),-19,,57.5,,,
401403944,2022,regular,11,2022-11-13 00:00:00+00:00,344,Mississippi State,61,Georgia,Bovada,16,16.5,53,53.5,550,-850
401403944,2022,regular,11,2022-11-13 00:00:00+00:00,344,Mississippi State,61,Georgia,teamrankings,16.5,,53,,,
401403944,2022,regular,11,2022-11-13 00:00:00+00:00,344,Mississippi State,61,Georgia,consensus,16.5,,53,,,
401403944,2022,regular,11,2022-11-13 00:00:00+00:00,344,Mississippi State,61,Georgia,William Hill (New Jersey),15.5,,53,,,
401404037,2022,regular,11,2022-11-13 00:00:00+00:00,2483,Oregon,264,Washington,Bovada,-12,-12.5,74,68.5,-500,360
401404037,2022,regular,11,2022-11-13 00:00:00+00:00,2483,Oregon,264,Washington,teamrankings,-12,,73,,,
401404037,2022,regular,11,2022-11-13 00:00:00+00:00,2483,Oregon,264,Washington,consensus,-12,,74,,,
401404037,2022,regular,11,2022-11-13 00:00:00+00:00,2483,Oregon,264,Washington,William Hill (New Jersey),-12,,74,,,
401426375,2022,regular,11,2022-11-12 22:00:00+00:00,6,South Alabama,326,Texas State,Bovada,-16,-16,45.5,47.5,-850,550
401426375,2022,regular,11,2022-11-12 22:00:00+00:00,6,South Alabama,326,Texas State,teamrankings,-16,,46,,,
401426375,2022,regular,11,2022-11-12 22:00:00+00:00,6,South Alabama,326,Texas State,consensus,-16.5,,46,,,
401426375,2022,regular,11,2022-11-12 22:00:00+00:00,6,South Alabama,326,Texas State,William Hill (New Jersey),-16,,46,,,
401411159,2022,regular,11,2022-11-12 17:00:00+00:00,150,Duke,259,Virginia Tech,Bovada,-10,-10,50,50.5,-400,300
401411159,2022,regular,11,2022-11-12 17:00:00+00:00,150,Duke,259,Virginia Tech,teamrankings,-10,,50,,,
401411159,2022,regular,11,2022-11-12 17:00:00+00:00,150,Duke,259,Virginia Tech,consensus,-10,,49.5,,,
401411159,2022,regular,11,2022-11-12 17:00:00+00:00,150,Duke,259,Virginia Tech,William Hill (New Jersey),-10,,50,,,
401415654,2022,regular,11,2022-11-12 01:00:00+00:00,2132,Cincinnati,151,East Carolina,Bovada,-4.5,-6.5,51,53.5,-250,210
401415654,2022,regular,11,2022-11-12 01:00:00+00:00,2132,Cincinnati,151,East Carolina,teamrankings,-4.5,,51.5,,,
401415654,2022,regular,11,2022-11-12 01:00:00+00:00,2132,Cincinnati,151,East Carolina,consensus,-4.5,,51.5,,,
401415654,2022,regular,11,2022-11-12 01:00:00+00:00,2132,Cincinnati,151,East Carolina,William Hill (New Jersey),-5,,51.5,,,
401415258,2022,regular,11,2022-11-13 00:00:00+00:00,36,Colorado State,2751,Wyoming,Bovada,8.5,8.5,42.5,42,265,-330
401415258,2022,regular,11,2022-11-13 00:00:00+00:00,36,Colorado State,2751,Wyoming,teamrankings,8.5,,42.5,,,
401415258,2022,regular,11,2022-11-13 00:00:00+00:00,36,Colorado State,2751,Wyoming,consensus,8.5,,42.5,,,
401415258,2022,regular,11,2022-11-13 00:00:00+00:00,36,Colorado State,2751,Wyoming,William Hill (New Jersey),8.5,,42.5,,,
401404156,2022,regular,11,2022-11-12 17:00:00+00:00,41,UConn,2335,Liberty,Bovada,13.5,14.5,45,48,425,-600
401404156,2022,regular,11,2022-11-12 17:00:00+00:00,41,UConn,2335,Liberty,teamrankings,13.5,,45,,,
401404156,2022,regular,11,2022-11-12 17:00:00+00:00,41,UConn,2335,Liberty,consensus,13.5,,45,,,
401404156,2022,regular,11,2022-11-12 17:00:00+00:00,41,UConn,2335,Liberty,William Hill (New Jersey),13.5,,45,,,
401416636,2022,regular,11,2022-11-09 01:00:00+00:00,2649,Toledo,2050,Ball State,Bovada,-14,-12,53.5,51.5,-500,360
401416636,2022,regular,11,2022-11-09 01:00:00+00:00,2649,Toledo,2050,Ball State,teamrankings,-11,,50,,,
401416636,2022,regular,11,2022-11-09 01:00:00+00:00,2649,Toledo,2050,Ball State,consensus,-13.5,,53.5,,,
401416636,2022,regular,11,2022-11-09 01:00:00+00:00,2649,Toledo,2050,Ball State,William Hill (New Jersey),-13.5,,53.5,,,
401404034,2022,regular,11,2022-11-13 03:30:00+00:00,26,UCLA,12,Arizona,Bovada,-20,-19.5,77.5,77.5,-1400,750
401404034,2022,regular,11,2022-11-13 03:30:00+00:00,26,UCLA,12,Arizona,teamrankings,-19.5,,76.5,,,
401404034,2022,regular,11,2022-11-13 03:30:00+00:00,26,UCLA,12,Arizona,consensus,-20,,77.5,,,
401404034,2022,regular,11,2022-11-13 03:30:00+00:00,26,UCLA,12,Arizona,William Hill (New Jersey),-20,,77.5,,,
401416638,2022,regular,11,2022-11-09 00:30:00+00:00,193,Miami (OH),195,Ohio,Bovada,2.5,1,52,50.5,105,-125
401416638,2022,regular,11,2022-11-09 00:30:00+00:00,193,Miami (OH),195,Ohio,teamrankings,2.5,,52,,,
401416638,2022,regular,11,2022-11-09 00:30:00+00:00,193,Miami (OH),195,Ohio,consensus,2.5,,52,,,
401416638,2022,regular,11,2022-11-09 00:30:00+00:00,193,Miami (OH),195,Ohio,William Hill (New Jersey),2,,52,,,
401405135,2022,regular,11,2022-11-12 20:30:00+00:00,2294,Iowa,275,Wisconsin,Bovada,-1,-1.5,35.5,36.5,-115,-105
401405135,2022,regular,11,2022-11-12 20:30:00+00:00,2294,Iowa,275,Wisconsin,teamrankings,0,,35.5,,,
401405135,2022,regular,11,2022-11-12 20:30:00+00:00,2294,Iowa,275,Wisconsin,consensus,1.5,,35.5,,,
401405135,2022,regular,11,2022-11-12 20:30:00+00:00,2294,Iowa,275,Wisconsin,William Hill (New Jersey),0,,35.5,,,
401403943,2022,regular,11,2022-11-12 20:30:00+00:00,145,Ole Miss,333,Alabama,Bovada,10.5,12,65.5,63.5,,-450
401403943,2022,regular,11,2022-11-12 20:30:00+00:00,145,Ole Miss,333,Alabama,teamrankings,11,,65.5,,,
401403943,2022,regular,11,2022-11-12 20:30:00+00:00,145,Ole Miss,333,Alabama,consensus,11,,65.5,,,
401403943,2022,regular,11,2022-11-12 20:30:00+00:00,145,Ole Miss,333,Alabama,William Hill (New Jersey),11,,65.5,,,
401403939,2022,regular,11,2022-11-12 17:00:00+00:00,8,Arkansas,99,LSU,Bovada,5.5,3,58,62,180,-220
401403939,2022,regular,11,2022-11-12 17:00:00+00:00,8,Arkansas,99,LSU,teamrankings,5,,59,,,
401403939,2022,regular,11,2022-11-12 17:00:00+00:00,8,Arkansas,99,LSU,consensus,3.5,,59,,,
401403939,2022,regular,11,2022-11-12 17:00:00+00:00,8,Arkansas,99,LSU,William Hill (New Jersey),6,,59,,,
401405136,2022,regular,11,2022-11-12 20:30:00+00:00,135,Minnesota,77,Northwestern,Bovada,-17,-18,41,41,-1000,625
401405136,2022,regular,11,2022-11-12 20:30:00+00:00,135,Minnesota,77,Northwestern,teamrankings,-17,,40.5,,,
401405136,2022,regular,11,2022-11-12 20:30:00+00:00,135,Minnesota,77,Northwestern,consensus,-17,,41,,,
401405136,2022,regular,11,2022-11-12 20:30:00+00:00,135,Minnesota,77,Northwestern,William Hill (New Jersey),-17,,41,,,
401404038,2022,regular,11,2022-11-13 03:00:00+00:00,254,Utah,24,Stanford,Bovada,-24,-23,54,53,-2800,1100
401404038,2022,regular,11,2022-11-13 03:00:00+00:00,254,Utah,24,Stanford,teamrankings,-23.5,,54,,,
401404038,2022,regular,11,2022-11-13 03:00:00+00:00,254,Utah,24,Stanford,consensus,-24,,54,,,
401404038,2022,regular,11,2022-11-13 03:00:00+00:00,254,Utah,24,Stanford,William Hill (New Jersey),-24,,54,,,
401426372,2022,regular,11,2022-11-12 18:00:00+00:00,2247,Georgia State,2433,UL Monroe,Bovada,-13.5,-13.5,60,59,-550,390
401426372,2022,regular,11,2022-11-12 18:00:00+00:00,2247,Georgia State,2433,UL Monroe,teamrankings,-13.5,,59.5,,,
401426372,2022,regular,11,2022-11-12 18:00:00+00:00,2247,Georgia State,2433,UL Monroe,consensus,-13.5,,59.5,,,
401426372,2022,regular,11,2022-11-12 18:00:00+00:00,2247,Georgia State,2433,UL Monroe,William Hill (New Jersey),-13.5,,59.5,,,
401414784,2022,regular,11,2022-11-12 20:00:00+00:00,2032,Arkansas State,113,Massachusetts,Bovada,-17,-18,49.5,49.5,-1200,700
401414784,2022,regular,11,2022-11-12 20:00:00+00:00,2032,Arkansas State,113,Massachusetts,teamrankings,-17,,49,,,
401414784,2022,regular,11,2022-11-12 20:00:00+00:00,2032,Arkansas State,113,Massachusetts,consensus,-17.5,,49.5,,,
401414784,2022,regular,11,2022-11-12 20:00:00+00:00,2032,Arkansas State,113,Massachusetts,William Hill (New Jersey),-17.5,,49.5,,,
401411158,2022,regular,11,2022-11-12 20:30:00+00:00,228,Clemson,97,Louisville,Bovada,-7,-7,51.5,52,-290,240
401411158,2022,regular,11,2022-11-12 20:30:00+00:00,228,Clemson,97,Louisville,teamrankings,-7,,52,,,
401411158,2022,regular,11,2022-11-12 20:30:00+00:00,228,Clemson,97,Louisville,consensus,-7,,52,,,
401411158,2022,regular,11,2022-11-12 20:30:00+00:00,228,Clemson,97,Louisville,William Hill (New Jersey),-7,,52,,,
401416637,2022,regular,11,2022-11-09 00:00:00+00:00,2006,Akron,2199,Eastern Michigan,Bovada,6,9,57,55.5,265,-330
401416637,2022,regular,11,2022-11-09 00:00:00+00:00,2006,Akron,2199,Eastern Michigan,teamrankings,6.5,,57,,,
401416637,2022,regular,11,2022-11-09 00:00:00+00:00,2006,Akron,2199,Eastern Michigan,consensus,6.5,,57.5,,,
401416637,2022,regular,11,2022-11-09 00:00:00+00:00,2006,Akron,2199,Eastern Michigan,William Hill (New Jersey),6,,57.5,,,
401405137,2022,regular,11,2022-11-12 20:30:00+00:00,130,Michigan,158,Nebraska,Bovada,-30.5,-28.5,50,52,,
401405137,2022,regular,11,2022-11-12 20:30:00+00:00,130,Michigan,158,Nebraska,teamrankings,-30.5,,49.5,,,
401405137,2022,regular,11,2022-11-12 20:30:00+00:00,130,Michigan,158,Nebraska,consensus,-30.5,,49.5,,,
401405137,2022,regular,11,2022-11-12 20:30:00+00:00,130,Michigan,158,Nebraska,William Hill (New Jersey),-30.5,,49.5,,,
401403941,2022,regular,11,2022-11-12 21:00:00+00:00,57,Florida,2579,South Carolina,Bovada,-8,-8,58,59,-330,265
401403941,2022,regular,11,2022-11-12 21:00:00+00:00,57,Florida,2579,South Carolina,teamrankings,-8,,58,,,
401403941,2022,regular,11,2022-11-12 21:00:00+00:00,57,Florida,2579,South Carolina,consensus,-8,,58,,,
401403941,2022,regular,11,2022-11-12 21:00:00+00:00,57,Florida,2579,South Carolina,William Hill (New Jersey),-8,,58,,,
401411160,2022,regular,11,2022-11-12 20:30:00+00:00,59,Georgia Tech,2390,Miami,Bovada,-2,-1.5,43.5,45,-140,120
401411160,2022,regular,11,2022-11-12 20:30:00+00:00,59,Georgia Tech,2390,Miami,teamrankings,-2,,43.5,,,
401411160,2022,regular,11,2022-11-12 20:30:00+00:00,59,Georgia Tech,2390,Miami,consensus,-2,,43.5,,,
401411160,2022,regular,11,2022-11-12 20:30:00+00:00,59,Georgia Tech,2390,Miami,William Hill (New Jersey),-2,,43.5,,,
401415653,2022,regular,11,2022-11-11 00:30:00+00:00,235,Memphis,202,Tulsa,Bovada,-6.5,-6.5,62.5,62.5,-245,205
401415653,2022,regular,11,2022-11-11 00:30:00+00:00,235,Memphis,202,Tulsa,teamrankings,-7,,62,,,
401415653,2022,regular,11,2022-11-11 00:30:00+00:00,235,Memphis,202,Tulsa,consensus,-6.5,,62.5,,,
401415653,2022,regular,11,2022-11-11 00:30:00+00:00,235,Memphis,202,Tulsa,William Hill (New Jersey),-6.5,,62.5,,,
401415255,2022,regular,11,2022-11-13 03:30:00+00:00,2440,Nevada,68,Boise State,Bovada,21,20.5,47.5,48.5,850,-1800
401415255,2022,regular,11,2022-11-13 03:30:00+00:00,2440,Nevada,68,Boise State,teamrankings,21,,47,,,
401415255,2022,regular,11,2022-11-13 03:30:00+00:00,2440,Nevada,68,Boise State,consensus,21,,47.5,,,
401415255,2022,regular,11,2022-11-13 03:30:00+00:00,2440,Nevada,68,Boise State,William Hill (New Jersey),20.5,,47.5,,,
401403940,2022,regular,11,2022-11-13 00:30:00+00:00,2,Auburn,245,Texas A&M,Bovada,-1.5,-1.5,48.5,49.5,-125,105
401403940,2022,regular,11,2022-11-13 00:30:00+00:00,2,Auburn,245,Texas A&M,teamrankings,-1.5,,48,,,
401403940,2022,regular,11,2022-11-13 00:30:00+00:00,2,Auburn,245,Texas A&M,consensus,-1.5,,48.5,,,
401403940,2022,regular,11,2022-11-13 00:30:00+00:00,2,Auburn,245,Texas A&M,William Hill (New Jersey),-1.5,,48.5,,,
401415257,2022,regular,11,2022-11-13 04:00:00+00:00,62,Hawai'i,328,Utah State,Bovada,10.5,11.5,55,55.5,320,-430
401415257,2022,regular,11,2022-11-13 04:00:00+00:00,62,Hawai'i,328,Utah State,teamrankings,10,,55,,,
401415257,2022,regular,11,2022-11-13 04:00:00+00:00,62,Hawai'i,328,Utah State,consensus,10.5,,55,,,
401415257,2022,regular,11,2022-11-13 04:00:00+00:00,62,Hawai'i,328,Utah State,William Hill (New Jersey),10.5,,55,,,
401426371,2022,regular,11,2022-11-13 00:30:00+00:00,324,Coastal Carolina,2572,Southern Miss,Bovada,-5,-11.5,48,54.5,-220,180
401426371,2022,regular,11,2022-11-13 00:30:00+00:00,324,Coastal Carolina,2572,Southern Miss,teamrankings,-4.5,,48,,,
401426371,2022,regular,11,2022-11-13 00:30:00+00:00,324,Coastal Carolina,2572,Southern Miss,consensus,-5,,48,,,
401426371,2022,regular,11,2022-11-13 00:30:00+00:00,324,Coastal Carolina,2572,Southern Miss,William Hill (New Jersey),-5,,48,,,
401411162,2022,regular,11,2022-11-13 01:00:00+00:00,183,Syracuse,52,Florida State,Bovada,7,6.5,51.5,51.5,240,-290
401411162,2022,regular,11,2022-11-13 01:00:00+00:00,183,Syracuse,52,Florida State,teamrankings,7.5,,51,,,
401411162,2022,regular,11,2022-11-13 01:00:00+00:00,183,Syracuse,52,Florida State,consensus,7,,51,,,
401411162,2022,regular,11,2022-11-13 01:00:00+00:00,183,Syracuse,52,Florida State,William Hill (New Jersey),7,,51.5,,,
401411161,2022,regular,11,2022-11-12 20:30:00+00:00,152,NC State,103,Boston College,Bovada,-18.5,-19,41,42,-1300,725
401411161,2022,regular,11,2022-11-12 20:30:00+00:00,152,NC State,103,Boston College,teamrankings,-18,,41,,,
401411161,2022,regular,11,2022-11-12 20:30:00+00:00,152,NC State,103,Boston College,consensus,-18,,41,,,
401411161,2022,regular,11,2022-11-12 20:30:00+00:00,152,NC State,103,Boston College,William Hill (New Jersey),-18,,41,,,
401405140,2022,regular,11,2022-11-12 20:30:00+00:00,213,Penn State,120,Maryland,Bovada,-10.5,-11.5,56.5,57,-450,335
401405140,2022,regular,11,2022-11-12 20:30:00+00:00,213,Penn State,120,Maryland,teamrankings,-10.5,,56.5,,,
401405140,2022,regular,11,2022-11-12 20:30:00+00:00,213,Penn State,120,Maryland,consensus,-10.5,,56.5,,,
401405140,2022,regular,11,2022-11-12 20:30:00+00:00,213,Penn State,120,Maryland,William Hill (New Jersey),-10,,56.5,,,
401403942,2022,regular,11,2022-11-12 17:00:00+00:00,96,Kentucky,238,Vanderbilt,Bovada,-17,-17.5,45.5,50,-1100,650
401403942,2022,regular,11,2022-11-12 17:00:00+00:00,96,Kentucky,238,Vanderbilt,teamrankings,-17,,45.5,,,
401403942,2022,regular,11,2022-11-12 17:00:00+00:00,96,Kentucky,238,Vanderbilt,consensus,-17,,45.5,,,
401403942,2022,regular,11,2022-11-12 17:00:00+00:00,96,Kentucky,238,Vanderbilt,William Hill (New Jersey),-17,,45.5,,,
401405138,2022,regular,11,2022-11-12 17:00:00+00:00,127,Michigan State,164,Rutgers,Bovada,-10,-11.5,41,40,-450,335
401405138,2022,regular,11,2022-11-12 17:00:00+00:00,127,Michigan State,164,Rutgers,teamrankings,-10,,41,,,
401405138,2022,regular,11,2022-11-12 17:00:00+00:00,127,Michigan State,164,Rutgers,consensus,-10,,41,,,
401405138,2022,regular,11,2022-11-12 17:00:00+00:00,127,Michigan State,164,Rutgers,Caesars Sportsbook (Colorado),-10,,41,,,
401426374,2022,regular,11,2022-11-12 18:00:00+00:00,295,Old Dominion,256,James Madison,Bovada,7.5,7.5,48,48,255,-310
401426374,2022,regular,11,2022-11-12 18:00:00+00:00,295,Old Dominion,256,James Madison,teamrankings,7.5,,48,,,
401426374,2022,regular,11,2022-11-12 18:00:00+00:00,295,Old Dominion,256,James Madison,consensus,7.5,,48,,,
401426374,2022,regular,11,2022-11-12 18:00:00+00:00,295,Old Dominion,256,James Madison,William Hill (New Jersey),7.5,,47,,,
401404111,2022,regular,11,2022-11-13 00:00:00+00:00,2641,Texas Tech,2305,Kansas,Bovada,-3.5,-3.5,63.5,64.5,-175,150
401404111,2022,regular,11,2022-11-13 00:00:00+00:00,2641,Texas Tech,2305,Kansas,teamrankings,-3.5,,63.5,,,
401404111,2022,regular,11,2022-11-13 00:00:00+00:00,2641,Texas Tech,2305,Kansas,consensus,-3.5,,63.5,,,
401404111,2022,regular,11,2022-11-13 00:00:00+00:00,2641,Texas Tech,2305,Kansas,William Hill (New Jersey),-3.5,,63.5,,,
401416643,2022,regular,12,2022-11-16 00:00:00+00:00,2050,Ball State,195,Ohio,Bovada,3.5,4.5,57.5,53,170,-200
401416643,2022,regular,12,2022-11-16 00:00:00+00:00,2050,Ball State,195,Ohio,teamrankings,3.5,,57.5,,,
401416643,2022,regular,12,2022-11-16 00:00:00+00:00,2050,Ball State,195,Ohio,consensus,3.5,,57.5,,,
401416643,2022,regular,12,2022-11-16 00:00:00+00:00,2050,Ball State,195,Ohio,William Hill (New Jersey),3.5,,58,,,
401416642,2022,regular,12,2022-11-16 00:00:00+00:00,2649,Toledo,189,Bowling Green,Bovada,-14.5,-15,46.5,50.5,-650,450
401416642,2022,regular,12,2022-11-16 00:00:00+00:00,2649,Toledo,189,Bowling Green,teamrankings,-14.5,,47,,,
401416642,2022,regular,12,2022-11-16 00:00:00+00:00,2649,Toledo,189,Bowling Green,consensus,-14.5,,46.5,,,
401416642,2022,regular,12,2022-11-16 00:00:00+00:00,2649,Toledo,189,Bowling Green,William Hill (New Jersey),-15,,46.5,,,
401403952,2022,regular,12,2022-11-20 00:30:00+00:00,142,Missouri,166,New Mexico State,Bovada,-29,-27.5,46.5,47,,
401403952,2022,regular,12,2022-11-20 00:30:00+00:00,142,Missouri,166,New Mexico State,teamrankings,-29,,46.5,,,
401403952,2022,regular,12,2022-11-20 00:30:00+00:00,142,Missouri,166,New Mexico State,consensus,-29,,46.5,,,
401403952,2022,regular,12,2022-11-20 00:30:00+00:00,142,Missouri,166,New Mexico State,William Hill (New Jersey),-29,,46.5,,,
401416644,2022,regular,12,2022-11-16 23:00:00+00:00,2309,Kent State,2199,Eastern Michigan,Bovada,-7.5,-7,60,61.5,-270,220
401416644,2022,regular,12,2022-11-16 23:00:00+00:00,2309,Kent State,2199,Eastern Michigan,teamrankings,-7.5,,60,,,
401416644,2022,regular,12,2022-11-16 23:00:00+00:00,2309,Kent State,2199,Eastern Michigan,consensus,-7.5,,60,,,
401416644,2022,regular,12,2022-11-16 23:00:00+00:00,2309,Kent State,2199,Eastern Michigan,William Hill (New Jersey),-8,,60,,,
401405147,2022,regular,12,2022-11-19 20:30:00+00:00,164,Rutgers,213,Penn State,Bovada,19,19,45,44,725,-1300
401405147,2022,regular,12,2022-11-19 20:30:00+00:00,164,Rutgers,213,Penn State,teamrankings,18.5,,45,,,
401405147,2022,regular,12,2022-11-19 20:30:00+00:00,164,Rutgers,213,Penn State,consensus,18.5,,45,,,
401405147,2022,regular,12,2022-11-19 20:30:00+00:00,164,Rutgers,213,Penn State,Caesars Sportsbook (Colorado),18.5,,45,,,
401416646,2022,regular,12,2022-11-17 00:00:00+00:00,2459,Northern Illinois,193,Miami (OH),Bovada,0,-3,44,48,-130,110
401416646,2022,regular,12,2022-11-17 00:00:00+00:00,2459,Northern Illinois,193,Miami (OH),teamrankings,-1,,44,,,
401416646,2022,regular,12,2022-11-17 00:00:00+00:00,2459,Northern Illinois,193,Miami (OH),consensus,-1,,44,,,
401416646,2022,regular,12,2022-11-17 00:00:00+00:00,2459,Northern Illinois,193,Miami (OH),William Hill (New Jersey),0,,44.5,,,
401404116,2022,regular,12,2022-11-19 20:30:00+00:00,2305,Kansas,251,Texas,Bovada,9,9,63.5,64.5,275,-350
401404116,2022,regular,12,2022-11-19 20:30:00+00:00,2305,Kansas,251,Texas,teamrankings,9,,63.5,,,
401404116,2022,regular,12,2022-11-19 20:30:00+00:00,2305,Kansas,251,Texas,consensus,9,,63.5,,,
401404116,2022,regular,12,2022-11-19 20:30:00+00:00,2305,Kansas,251,Texas,William Hill (New Jersey),9,,63.5,,,
401426379,2022,regular,12,2022-11-19 20:30:00+00:00,2572,Southern Miss,6,South Alabama,Bovada,7.5,7,45,46.5,230,-280
401426379,2022,regular,12,2022-11-19 20:30:00+00:00,2572,Southern Miss,6,South Alabama,teamrankings,7.5,,45,,,
401426379,2022,regular,12,2022-11-19 20:30:00+00:00,2572,Southern Miss,6,South Alabama,consensus,7.5,,45,,,
401426379,2022,regular,12,2022-11-19 20:30:00+00:00,2572,Southern Miss,6,South Alabama,William Hill (New Jersey),7.5,,45,,,
401415658,2022,regular,12,2022-11-18 00:30:00+00:00,2655,Tulane,2567,SMU,Bovada,-3.5,-3,65,65,-150,130
401415658,2022,regular,12,2022-11-18 00:30:00+00:00,2655,Tulane,2567,SMU,teamrankings,-3.5,,65,,,
401415658,2022,regular,12,2022-11-18 00:30:00+00:00,2655,Tulane,2567,SMU,consensus,-3.5,,65,,,
401415658,2022,regular,12,2022-11-18 00:30:00+00:00,2655,Tulane,2567,SMU,William Hill (New Jersey),-3.5,,65,,,
401411168,2022,regular,12,2022-11-19 22:30:00+00:00,153,North Carolina,59,Georgia Tech,Bovada,-21.5,-20,63,63.5,-1500,775
401411168,2022,regular,12,2022-11-19 22:30:00+00:00,153,North Carolina,59,Georgia Tech,teamrankings,-21.5,,63.5,,,
401411168,2022,regular,12,2022-11-19 22:30:00+00:00,153,North Carolina,59,Georgia Tech,consensus,-21,,63,,,
401411168,2022,regular,12,2022-11-19 22:30:00+00:00,153,North Carolina,59,Georgia Tech,William Hill (New Jersey),-21,,63,,,
401415265,2022,regular,12,2022-11-20 02:45:00+00:00,328,Utah State,23,San José State,Bovada,-1.5,3,51,51.5,-120,-160
401415265,2022,regular,12,2022-11-20 02:45:00+00:00,328,Utah State,23,San José State,teamrankings,-1,,51,,,
401415265,2022,regular,12,2022-11-20 02:45:00+00:00,328,Utah State,23,San José State,consensus,-1,,51,,,
401415265,2022,regular,12,2022-11-20 02:45:00+00:00,328,Utah State,23,San José State,William Hill (New Jersey),-1,,51,,,
401404039,2022,regular,12,2022-11-19 19:00:00+00:00,12,Arizona,265,Washington State,Bovada,4,4.5,63,63,155,-180
401404039,2022,regular,12,2022-11-19 19:00:00+00:00,12,Arizona,265,Washington State,teamrankings,4,,63,,,
401404039,2022,regular,12,2022-11-19 19:00:00+00:00,12,Arizona,265,Washington State,consensus,4,,63,,,
401404039,2022,regular,12,2022-11-19 19:00:00+00:00,12,Arizona,265,Washington State,William Hill (New Jersey),4,,63,,,
401415659,2022,regular,12,2022-11-19 02:00:00+00:00,202,Tulsa,58,South Florida,Bovada,-14,-12,57.5,60.5,-525,375
401415659,2022,regular,12,2022-11-19 02:00:00+00:00,202,Tulsa,58,South Florida,teamrankings,-14,,57.5,,,
401415659,2022,regular,12,2022-11-19 02:00:00+00:00,202,Tulsa,58,South Florida,consensus,-13.5,,57.5,,,
401415659,2022,regular,12,2022-11-19 02:00:00+00:00,202,Tulsa,58,South Florida,William Hill (New Jersey),-13,,57.5,,,
401426609,2022,regular,12,2022-11-19 21:00:00+00:00,2638,UTEP,2229,Florida International,Bovada,-14,-14.5,50,51,-650,450
401426609,2022,regular,12,2022-11-19 21:00:00+00:00,2638,UTEP,2229,Florida International,teamrankings,-14,,50,,,
401426609,2022,regular,12,2022-11-19 21:00:00+00:00,2638,UTEP,2229,Florida International,consensus,-14,,50,,,
401426609,2022,regular,12,2022-11-19 21:00:00+00:00,2638,UTEP,2229,Florida International,William Hill (New Jersey),-14,,50,,,
401415661,2022,regular,12,2022-11-19 16:00:00+00:00,2116,UCF,2426,Navy,Bovada,-15,-16.5,53,53.5,-750,500
401415661,2022,regular,12,2022-11-19 16:00:00+00:00,2116,UCF,2426,Navy,teamrankings,-14.5,,53,,,
401415661,2022,regular,12,2022-11-19 16:00:00+00:00,2116,UCF,2426,Navy,consensus,-15.5,,53,,,
401415661,2022,regular,12,2022-11-19 16:00:00+00:00,2116,UCF,2426,Navy,William Hill (New Jersey),-15.5,,53,,,
401403949,2022,regular,12,2022-11-19 20:30:00+00:00,96,Kentucky,61,Georgia,Bovada,22.5,22.5,47,49,1050,-2500
401403949,2022,regular,12,2022-11-19 20:30:00+00:00,96,Kentucky,61,Georgia,teamrankings,22.5,,47.5,,,
401403949,2022,regular,12,2022-11-19 20:30:00+00:00,96,Kentucky,61,Georgia,consensus,22.5,,47.5,,,
401403949,2022,regular,12,2022-11-19 20:30:00+00:00,96,Kentucky,61,Georgia,William Hill (New Jersey),22.5,,47.5,,,
401404041,2022,regular,12,2022-11-19 22:30:00+00:00,25,California,24,Stanford,Bovada,-5,-5.5,45.5,46.5,-220,180
401404041,2022,regular,12,2022-11-19 22:30:00+00:00,25,California,24,Stanford,teamrankings,-5,,46,,,
401404041,2022,regular,12,2022-11-19 22:30:00+00:00,25,California,24,Stanford,consensus,-5,,46,,,
401404041,2022,regular,12,2022-11-19 22:30:00+00:00,25,California,24,Stanford,William Hill (New Jersey),-5,,46,,,
401405142,2022,regular,12,2022-11-19 17:00:00+00:00,158,Nebraska,275,Wisconsin,Bovada,10,13,40.5,41,300,-400
401405142,2022,regular,12,2022-11-19 17:00:00+00:00,158,Nebraska,275,Wisconsin,teamrankings,10,,40.5,,,
401405142,2022,regular,12,2022-11-19 17:00:00+00:00,158,Nebraska,275,Wisconsin,consensus,10,,40.5,,,
401405142,2022,regular,12,2022-11-19 17:00:00+00:00,158,Nebraska,275,Wisconsin,William Hill (New Jersey),10,,40.5,,,
401426380,2022,regular,12,2022-11-19 22:00:00+00:00,326,Texas State,2032,Arkansas State,Bovada,-6,-5,50,51.5,-210,175
401426380,2022,regular,12,2022-11-19 22:00:00+00:00,326,Texas State,2032,Arkansas State,teamrankings,-6,,50,,,
401426380,2022,regular,12,2022-11-19 22:00:00+00:00,326,Texas State,2032,Arkansas State,consensus,-6,,50,,,
401426380,2022,regular,12,2022-11-19 22:00:00+00:00,326,Texas State,2032,Arkansas State,William Hill (New Jersey),-6,,49,,,
401426376,2022,regular,12,2022-11-19 19:30:00+00:00,2026,App State,295,Old Dominion,Bovada,-16,-14.5,50.5,52,-750,500
401426376,2022,regular,12,2022-11-19 19:30:00+00:00,2026,App State,295,Old Dominion,teamrankings,-16.5,,50.5,,,
401426376,2022,regular,12,2022-11-19 19:30:00+00:00,2026,App State,295,Old Dominion,consensus,-16,,50.5,,,
401426376,2022,regular,12,2022-11-19 19:30:00+00:00,2026,App State,295,Old Dominion,William Hill (New Jersey),-16,,50.5,,,
401426613,2022,regular,12,2022-11-19 21:00:00+00:00,2,Auburn,98,Western Kentucky,Bovada,-5,-6.5,54,52.5,-270,220
401426613,2022,regular,12,2022-11-19 21:00:00+00:00,2,Auburn,98,Western Kentucky,teamrankings,-5,,54,,,
401426613,2022,regular,12,2022-11-19 21:00:00+00:00,2,Auburn,98,Western Kentucky,consensus,-5,,54,,,
401426613,2022,regular,12,2022-11-19 21:00:00+00:00,2,Auburn,98,Western Kentucky,William Hill (New Jersey),-5,,54,,,
401415262,2022,regular,12,2022-11-20 02:00:00+00:00,2005,Air Force,36,Colorado State,Bovada,-21.5,-22.5,43,44,-2200,1000
401415262,2022,regular,12,2022-11-20 02:00:00+00:00,2005,Air Force,36,Colorado State,teamrankings,-22,,43,,,
401415262,2022,regular,12,2022-11-20 02:00:00+00:00,2005,Air Force,36,Colorado State,consensus,-21.5,,43,,,
401415262,2022,regular,12,2022-11-20 02:00:00+00:00,2005,Air Force,36,Colorado State,William Hill (New Jersey),-21.5,,43,,,
401415266,2022,regular,12,2022-11-20 04:00:00+00:00,62,Hawai'i,2439,UNLV,Bovada,11,10,56.5,59.5,300,-400
401415266,2022,regular,12,2022-11-20 04:00:00+00:00,62,Hawai'i,2439,UNLV,teamrankings,11,,56.5,,,
401415266,2022,regular,12,2022-11-20 04:00:00+00:00,62,Hawai'i,2439,UNLV,consensus,11,,56.5,,,
401415266,2022,regular,12,2022-11-20 04:00:00+00:00,62,Hawai'i,2439,UNLV,William Hill (New Jersey),11,,56.5,,,
401405143,2022,regular,12,2022-11-19 17:00:00+00:00,2509,Purdue,77,Northwestern,Bovada,-17,-18,44,48,-1100,650
401405143,2022,regular,12,2022-11-19 17:00:00+00:00,2509,Purdue,77,Northwestern,teamrankings,-17.5,,44.5,,,
401405143,2022,regular,12,2022-11-19 17:00:00+00:00,2509,Purdue,77,Northwestern,consensus,-17.5,,44.5,,,
401405143,2022,regular,12,2022-11-19 17:00:00+00:00,2509,Purdue,77,Northwestern,William Hill (New Jersey),-17.5,,44.5,,,
401426381,2022,regular,12,2022-11-19 20:30:00+00:00,2653,Troy,2433,UL Monroe,Bovada,-15,-15.5,48.5,46.5,-750,500
401426381,2022,regular,12,2022-11-19 20:30:00+00:00,2653,Troy,2433,UL Monroe,teamrankings,-15,,48.5,,,
401426381,2022,regular,12,2022-11-19 20:30:00+00:00,2653,Troy,2433,UL Monroe,consensus,-15,,48.5,,,
401426381,2022,regular,12,2022-11-19 20:30:00+00:00,2653,Troy,2433,UL Monroe,William Hill (New Jersey),-15,,48.5,,,
401405145,2022,regular,12,2022-11-19 17:00:00+00:00,130,Michigan,356,Illinois,Bovada,-17,-17.5,41.5,44,-1000,625
401405145,2022,regular,12,2022-11-19 17:00:00+00:00,130,Michigan,356,Illinois,teamrankings,-17,,41.5,,,
401405145,2022,regular,12,2022-11-19 17:00:00+00:00,130,Michigan,356,Illinois,consensus,-17,,41.5,,,
401405145,2022,regular,12,2022-11-19 17:00:00+00:00,130,Michigan,356,Illinois,William Hill (New Jersey),-17,,41.5,,,
401403955,2022,regular,12,2022-11-19 17:00:00+00:00,238,Vanderbilt,57,Florida,Bovada,14,14.5,58.5,57.5,425,-600
401403955,2022,regular,12,2022-11-19 17:00:00+00:00,238,Vanderbilt,57,Florida,teamrankings,14,,58,,,
401403955,2022,regular,12,2022-11-19 17:00:00+00:00,238,Vanderbilt,57,Florida,consensus,14,,58,,,
401403955,2022,regular,12,2022-11-19 17:00:00+00:00,238,Vanderbilt,57,Florida,William Hill (New Jersey),14,,58,,,
401426378,2022,regular,12,2022-11-19 19:00:00+00:00,256,James Madison,2247,Georgia State,Bovada,-10,-9.5,52,55,-340,270
401426378,2022,regular,12,2022-11-19 19:00:00+00:00,256,James Madison,2247,Georgia State,teamrankings,-10,,51.5,,,
401426378,2022,regular,12,2022-11-19 19:00:00+00:00,256,James Madison,2247,Georgia State,consensus,-10,,52,,,
401426378,2022,regular,12,2022-11-19 19:00:00+00:00,256,James Madison,2247,Georgia State,William Hill (New Jersey),-10,,52,,,
401415663,2022,regular,12,2022-11-19 21:00:00+00:00,218,Temple,2132,Cincinnati,Bovada,17,18,49,54,700,-1200
401415663,2022,regular,12,2022-11-19 21:00:00+00:00,218,Temple,2132,Cincinnati,teamrankings,17,,48.5,,,
401415663,2022,regular,12,2022-11-19 21:00:00+00:00,218,Temple,2132,Cincinnati,consensus,17,,49,,,
401415663,2022,regular,12,2022-11-19 21:00:00+00:00,218,Temple,2132,Cincinnati,William Hill (New Jersey),17,,49,,,
401411166,2022,regular,12,2022-11-19 17:00:00+00:00,52,Florida State,309,Louisiana,Bovada,-25,-23.5,52,52.5,-2800,1100
401411166,2022,regular,12,2022-11-19 17:00:00+00:00,52,Florida State,309,Louisiana,teamrankings,-25,,52.5,,,
401411166,2022,regular,12,2022-11-19 17:00:00+00:00,52,Florida State,309,Louisiana,consensus,-25,,52.5,,,
401411166,2022,regular,12,2022-11-19 17:00:00+00:00,52,Florida State,309,Louisiana,William Hill (New Jersey),-25,,52.5,,,
401403954,2022,regular,12,2022-11-19 17:00:00+00:00,245,Texas A&M,113,Massachusetts,Bovada,-32,-34,46,50,,
401403954,2022,regular,12,2022-11-19 17:00:00+00:00,245,Texas A&M,113,Massachusetts,teamrankings,-32,,46,,,
401403954,2022,regular,12,2022-11-19 17:00:00+00:00,245,Texas A&M,113,Massachusetts,consensus,-32,,46,,,
401403954,2022,regular,12,2022-11-19 17:00:00+00:00,245,Texas A&M,113,Massachusetts,William Hill (New Jersey),-32,,45,,,
401404165,2022,regular,12,2022-11-19 17:00:00+00:00,2335,Liberty,259,Virginia Tech,Bovada,-10.5,-9.5,46,47,-360,280
401404165,2022,regular,12,2022-11-19 17:00:00+00:00,2335,Liberty,259,Virginia Tech,teamrankings,-10.5,,46,,,
401404165,2022,regular,12,2022-11-19 17:00:00+00:00,2335,Liberty,259,Virginia Tech,consensus,-10.5,,46.5,,,
401404165,2022,regular,12,2022-11-19 17:00:00+00:00,2335,Liberty,259,Virginia Tech,William Hill (New Jersey),-10.5,,46.5,,,
401426608,2022,regular,12,2022-11-19 20:30:00+00:00,2429,Charlotte,2348,Louisiana Tech,Bovada,2,3,66.5,65,135,-160
401426608,2022,regular,12,2022-11-19 20:30:00+00:00,2429,Charlotte,2348,Louisiana Tech,teamrankings,2,,66.5,,,
401426608,2022,regular,12,2022-11-19 20:30:00+00:00,2429,Charlotte,2348,Louisiana Tech,consensus,2,,66.5,,,
401426608,2022,regular,12,2022-11-19 20:30:00+00:00,2429,Charlotte,2348,Louisiana Tech,William Hill (New Jersey),2,,66.5,,,
401404143,2022,regular,12,2022-11-19 17:00:00+00:00,349,Army,41,UConn,Bovada,-10,-10,45,43.5,-380,290
401404143,2022,regular,12,2022-11-19 17:00:00+00:00,349,Army,41,UConn,teamrankings,-10.5,,45,,,
401404143,2022,regular,12,2022-11-19 17:00:00+00:00,349,Army,41,UConn,consensus,-10.5,,45,,,
401404143,2022,regular,12,2022-11-19 17:00:00+00:00,349,Army,41,UConn,William Hill (New Jersey),-10.5,,45,,,
401405146,2022,regular,12,2022-11-19 17:00:00+00:00,127,Michigan State,84,Indiana,Bovada,-12.5,-11.5,47,46.5,-400,300
401405146,2022,regular,12,2022-11-19 17:00:00+00:00,127,Michigan State,84,Indiana,teamrankings,-12,,47,,,
401405146,2022,regular,12,2022-11-19 17:00:00+00:00,127,Michigan State,84,Indiana,consensus,-12,,47.5,,,
401405146,2022,regular,12,2022-11-19 17:00:00+00:00,127,Michigan State,84,Indiana,William Hill (New Jersey),-12,,47.5,,,
401404117,2022,regular,12,2022-11-19 19:00:00+00:00,277,West Virginia,2306,Kansas State,Bovada,8.5,7.5,54.5,55,240,-290
401404117,2022,regular,12,2022-11-19 19:00:00+00:00,277,West Virginia,2306,Kansas State,teamrankings,8,,54.5,,,
401404117,2022,regular,12,2022-11-19 19:00:00+00:00,277,West Virginia,2306,Kansas State,consensus,8,,54.5,,,
401404117,2022,regular,12,2022-11-19 19:00:00+00:00,277,West Virginia,2306,Kansas State,William Hill (New Jersey),8,,54.5,,,
401404040,2022,regular,12,2022-11-19 19:15:00+00:00,9,Arizona State,204,Oregon State,Bovada,7.5,7,53.5,55,255,-310
401404040,2022,regular,12,2022-11-19 19:15:00+00:00,9,Arizona State,204,Oregon State,teamrankings,7.5,,53.5,,,
401404040,2022,regular,12,2022-11-19 19:15:00+00:00,9,Arizona State,204,Oregon State,consensus,7.5,,53.5,,,
401404040,2022,regular,12,2022-11-19 19:15:00+00:00,9,Arizona State,204,Oregon State,William Hill (New Jersey),7,,53.5,,,
401411169,2022,regular,12,2022-11-19 17:00:00+00:00,221,Pittsburgh,150,Duke,Bovada,-6.5,-8,49,54.5,-290,240
401411169,2022,regular,12,2022-11-19 17:00:00+00:00,221,Pittsburgh,150,Duke,teamrankings,-6.5,,49,,,
401411169,2022,regular,12,2022-11-19 17:00:00+00:00,221,Pittsburgh,150,Duke,consensus,-7,,49,,,
401411169,2022,regular,12,2022-11-19 17:00:00+00:00,221,Pittsburgh,150,Duke,William Hill (New Jersey),-6.5,,49,,,
401404114,2022,regular,12,2022-11-19 17:00:00+00:00,239,Baylor,2628,TCU,Bovada,2,2.5,58.5,56.5,115,-135
401404114,2022,regular,12,2022-11-19 17:00:00+00:00,239,Baylor,2628,TCU,teamrankings,2,,58,,,
401404114,2022,regular,12,2022-11-19 17:00:00+00:00,239,Baylor,2628,TCU,consensus,2,,58,,,
401404114,2022,regular,12,2022-11-19 17:00:00+00:00,239,Baylor,2628,TCU,William Hill (New Jersey),2,,58,,,
401426611,2022,regular,12,2022-11-19 18:00:00+00:00,242,Rice,2636,UTSA,Bovada,14,12.5,56,61,360,-500
401426611,2022,regular,12,2022-11-19 18:00:00+00:00,242,Rice,2636,UTSA,teamrankings,14,,56,,,
401426611,2022,regular,12,2022-11-19 18:00:00+00:00,242,Rice,2636,UTSA,consensus,14,,56,,,
401426611,2022,regular,12,2022-11-19 18:00:00+00:00,242,Rice,2636,UTSA,William Hill (New Jersey),14,,56,,,
401405144,2022,regular,12,2022-11-19 20:30:00+00:00,120,Maryland,194,Ohio State,Bovada,26.5,27.5,62.5,63.5,1325,-6000
401405144,2022,regular,12,2022-11-19 20:30:00+00:00,120,Maryland,194,Ohio State,teamrankings,26.5,,62.5,,,
401405144,2022,regular,12,2022-11-19 20:30:00+00:00,120,Maryland,194,Ohio State,consensus,26,,62.5,,,
401405144,2022,regular,12,2022-11-19 20:30:00+00:00,120,Maryland,194,Ohio State,William Hill (New Jersey),26,,62.5,,,
401411165,2022,regular,12,2022-11-19 20:30:00+00:00,228,Clemson,2390,Miami,Bovada,-18.5,-19.5,47.5,46.5,-1100,650
401411165,2022,regular,12,2022-11-19 20:30:00+00:00,228,Clemson,2390,Miami,teamrankings,-19,,47.5,,,
401411165,2022,regular,12,2022-11-19 20:30:00+00:00,228,Clemson,2390,Miami,consensus,-19,,47.5,,,
401411165,2022,regular,12,2022-11-19 20:30:00+00:00,228,Clemson,2390,Miami,William Hill (New Jersey),-19,,47.5,,,
401415660,2022,regular,12,2022-11-19 19:00:00+00:00,151,East Carolina,248,Houston,Bovada,-6,-6.5,66.5,67,-230,190
401415660,2022,regular,12,2022-11-19 19:00:00+00:00,151,East Carolina,248,Houston,teamrankings,-6,,66.5,,,
401415660,2022,regular,12,2022-11-19 19:00:00+00:00,151,East Carolina,248,Houston,consensus,-6,,66.5,,,
401415660,2022,regular,12,2022-11-19 19:00:00+00:00,151,East Carolina,248,Houston,William Hill (New Jersey),-6,,66.5,,,
401404132,2022,regular,12,2022-11-19 19:30:00+00:00,87,Notre Dame,103,Boston College,Bovada,-20,-21.5,42,47,-1600,800
401404132,2022,regular,12,2022-11-19 19:30:00+00:00,87,Notre Dame,103,Boston College,teamrankings,-20,,42,,,
401404132,2022,regular,12,2022-11-19 19:30:00+00:00,87,Notre Dame,103,Boston College,consensus,-20,,42,,,
401404132,2022,regular,12,2022-11-19 19:30:00+00:00,87,Notre Dame,103,Boston College,William Hill (New Jersey),-20,,42,,,
401426610,2022,regular,12,2022-11-19 20:30:00+00:00,2393,Middle Tennessee,2226,Florida Atlantic,Bovada,5,4.5,51,53.5,170,-200
401426610,2022,regular,12,2022-11-19 20:30:00+00:00,2393,Middle Tennessee,2226,Florida Atlantic,teamrankings,5.5,,51,,,
401426610,2022,regular,12,2022-11-19 20:30:00+00:00,2393,Middle Tennessee,2226,Florida Atlantic,consensus,5.5,,51,,,
401426610,2022,regular,12,2022-11-19 20:30:00+00:00,2393,Middle Tennessee,2226,Florida Atlantic,William Hill (New Jersey),5.5,,51,,,
401411167,2022,regular,12,2022-11-19 20:30:00+00:00,97,Louisville,152,NC State,Bovada,-4,-5.5,43,47,-150,130
401411167,2022,regular,12,2022-11-19 20:30:00+00:00,97,Louisville,152,NC State,teamrankings,-4,,43,,,
401411167,2022,regular,12,2022-11-19 20:30:00+00:00,97,Louisville,152,NC State,consensus,-4,,43,,,
401411167,2022,regular,12,2022-11-19 20:30:00+00:00,97,Louisville,152,NC State,William Hill (New Jersey),-4,,43,,,
401405141,2022,regular,12,2022-11-19 21:00:00+00:00,135,Minnesota,2294,Iowa,Bovada,-2,-2.5,31.5,33,-130,110
401405141,2022,regular,12,2022-11-19 21:00:00+00:00,135,Minnesota,2294,Iowa,teamrankings,-2,,31.5,,,
401405141,2022,regular,12,2022-11-19 21:00:00+00:00,135,Minnesota,2294,Iowa,consensus,-2,,31.5,,,
401405141,2022,regular,12,2022-11-19 21:00:00+00:00,135,Minnesota,2294,Iowa,William Hill (New Jersey),-2,,31.5,,,
401426377,2022,regular,12,2022-11-19 23:00:00+00:00,290,Georgia Southern,276,Marshall,Bovada,6,3.5,52,54,150,-175
401426377,2022,regular,12,2022-11-19 23:00:00+00:00,290,Georgia Southern,276,Marshall,teamrankings,6,,52.5,,,
401426377,2022,regular,12,2022-11-19 23:00:00+00:00,290,Georgia Southern,276,Marshall,consensus,6,,52.5,,,
401426377,2022,regular,12,2022-11-19 23:00:00+00:00,290,Georgia Southern,276,Marshall,William Hill (New Jersey),6,,52.5,,,
401404115,2022,regular,12,2022-11-20 00:00:00+00:00,66,Iowa State,2641,Texas Tech,Bovada,-3.5,-3.5,47,48,-170,145
401404115,2022,regular,12,2022-11-20 00:00:00+00:00,66,Iowa State,2641,Texas Tech,teamrankings,-3.5,,47.5,,,
401404115,2022,regular,12,2022-11-20 00:00:00+00:00,66,Iowa State,2641,Texas Tech,consensus,-3.5,,47.5,,,
401404115,2022,regular,12,2022-11-20 00:00:00+00:00,66,Iowa State,2641,Texas Tech,William Hill (New Jersey),-3.5,,47.5,,,
401415261,2022,regular,12,2022-11-20 00:00:00+00:00,2751,Wyoming,68,Boise State,Bovada,14.5,12.5,44.5,44.5,360,-500
401415261,2022,regular,12,2022-11-20 00:00:00+00:00,2751,Wyoming,68,Boise State,teamrankings,14.5,,44.5,,,
401415261,2022,regular,12,2022-11-20 00:00:00+00:00,2751,Wyoming,68,Boise State,consensus,14.5,,44.5,,,
401415261,2022,regular,12,2022-11-20 00:00:00+00:00,2751,Wyoming,68,Boise State,William Hill (New Jersey),14.5,,44.5,,,
401403953,2022,regular,12,2022-11-20 00:00:00+00:00,2579,South Carolina,2633,Tennessee,Bovada,23,21,67,66.5,950,-2000
401403953,2022,regular,12,2022-11-20 00:00:00+00:00,2579,South Carolina,2633,Tennessee,teamrankings,22.5,,66.5,,,
401403953,2022,regular,12,2022-11-20 00:00:00+00:00,2579,South Carolina,2633,Tennessee,consensus,22.5,,67,,,
401403953,2022,regular,12,2022-11-20 00:00:00+00:00,2579,South Carolina,2633,Tennessee,William Hill (New Jersey),22.5,,67,,,
401404118,2022,regular,12,2022-11-20 00:30:00+00:00,201,Oklahoma,197,Oklahoma State,Bovada,-7,-6.5,68,64.5,-270,220
401404118,2022,regular,12,2022-11-20 00:30:00+00:00,201,Oklahoma,197,Oklahoma State,teamrankings,-7,,67.5,,,
401404118,2022,regular,12,2022-11-20 00:30:00+00:00,201,Oklahoma,197,Oklahoma State,consensus,-7,,67.5,,,
401404118,2022,regular,12,2022-11-20 00:30:00+00:00,201,Oklahoma,197,Oklahoma State,William Hill (New Jersey),-7,,67.5,,,
401403947,2022,regular,12,2022-11-20 00:30:00+00:00,8,Arkansas,145,Ole Miss,Bovada,0,3,68,59,135,
401403947,2022,regular,12,2022-11-20 00:30:00+00:00,8,Arkansas,145,Ole Miss,teamrankings,0,,67.5,,,
401403947,2022,regular,12,2022-11-20 00:30:00+00:00,8,Arkansas,145,Ole Miss,consensus,1,,68,,,
401403947,2022,regular,12,2022-11-20 00:30:00+00:00,8,Arkansas,145,Ole Miss,William Hill (New Jersey),0,,68,,,
401411171,2022,regular,12,2022-11-20 01:00:00+00:00,154,Wake Forest,183,Syracuse,Bovada,-9.5,-10,59,55.5,-380,290
401411171,2022,regular,12,2022-11-20 01:00:00+00:00,154,Wake Forest,183,Syracuse,teamrankings,-9.5,,58.5,,,
401411171,2022,regular,12,2022-11-20 01:00:00+00:00,154,Wake Forest,183,Syracuse,consensus,-9.5,,58.5,,,
401411171,2022,regular,12,2022-11-20 01:00:00+00:00,154,Wake Forest,183,Syracuse,William Hill (New Jersey),-9.5,,58.5,,,
401404044,2022,regular,12,2022-11-20 01:00:00+00:00,26,UCLA,30,USC,Bovada,2,3,77.5,73.5,135,-160
401404044,2022,regular,12,2022-11-20 01:00:00+00:00,26,UCLA,30,USC,teamrankings,2.5,,76.5,,,
401404044,2022,regular,12,2022-11-20 01:00:00+00:00,26,UCLA,30,USC,consensus,2.5,,77.5,,,
401404044,2022,regular,12,2022-11-20 01:00:00+00:00,26,UCLA,30,USC,William Hill (New Jersey),2.5,,77.5,,,
401426612,2022,regular,12,2022-11-20 02:00:00+00:00,99,LSU,5,UAB,Bovada,-15.5,-14.5,50.5,52.5,-650,450
401426612,2022,regular,12,2022-11-20 02:00:00+00:00,99,LSU,5,UAB,teamrankings,-15.5,,50.5,,,
401426612,2022,regular,12,2022-11-20 02:00:00+00:00,99,LSU,5,UAB,consensus,-15,,50.5,,,
401426612,2022,regular,12,2022-11-20 02:00:00+00:00,99,LSU,5,UAB,William Hill (New Jersey),-15,,50.5,,,
401404042,2022,regular,12,2022-11-20 02:00:00+00:00,264,Washington,38,Colorado,Bovada,-30,-30.5,60,63,,
401404042,2022,regular,12,2022-11-20 02:00:00+00:00,264,Washington,38,Colorado,teamrankings,-30.5,,61.5,,,
401404042,2022,regular,12,2022-11-20 02:00:00+00:00,264,Washington,38,Colorado,consensus,-30.5,,60.5,,,
401404042,2022,regular,12,2022-11-20 02:00:00+00:00,264,Washington,38,Colorado,William Hill (New Jersey),-30.5,,60.5,,,
401404043,2022,regular,12,2022-11-20 03:30:00+00:00,2483,Oregon,254,Utah,Bovada,-1,-2.5,61.5,62,-115,-105
401404043,2022,regular,12,2022-11-20 03:30:00+00:00,2483,Oregon,254,Utah,teamrankings,2.5,,60,,,
401404043,2022,regular,12,2022-11-20 03:30:00+00:00,2483,Oregon,254,Utah,consensus,-1,,61.5,,,
401404043,2022,regular,12,2022-11-20 03:30:00+00:00,2483,Oregon,254,Utah,William Hill (New Jersey),-1,,61.5,,,
401415263,2022,regular,12,2022-11-20 03:30:00+00:00,2440,Nevada,278,Fresno State,Bovada,23,22.5,54,54.5,1000,-2200
401415263,2022,regular,12,2022-11-20 03:30:00+00:00,2440,Nevada,278,Fresno State,teamrankings,22.5,,54,,,
401415263,2022,regular,12,2022-11-20 03:30:00+00:00,2440,Nevada,278,Fresno State,consensus,22.5,,54,,,
401415263,2022,regular,12,2022-11-20 03:30:00+00:00,2440,Nevada,278,Fresno State,William Hill (New Jersey),22.5,,54,,,
401416648,2022,regular,13,2022-11-23 00:00:00+00:00,193,Miami (OH),2050,Ball State,Bovada,-2.5,-2,45,44.5,-135,115
401416648,2022,regular,13,2022-11-23 00:00:00+00:00,193,Miami (OH),2050,Ball State,teamrankings,-2.5,,45,,,
401416648,2022,regular,13,2022-11-23 00:00:00+00:00,193,Miami (OH),2050,Ball State,consensus,-2.5,,45,,,
401416648,2022,regular,13,2022-11-23 00:00:00+00:00,193,Miami (OH),2050,Ball State,William Hill (New Jersey),-2.5,,45,,,
401416649,2022,regular,13,2022-11-23 00:00:00+00:00,195,Ohio,189,Bowling Green,Bovada,-5.5,-7,52.5,55,-270,220
401416649,2022,regular,13,2022-11-23 00:00:00+00:00,195,Ohio,189,Bowling Green,teamrankings,-5.5,,52.5,,,
401416649,2022,regular,13,2022-11-23 00:00:00+00:00,195,Ohio,189,Bowling Green,consensus,-5.5,,52.5,,,
401416649,2022,regular,13,2022-11-23 00:00:00+00:00,195,Ohio,189,Bowling Green,William Hill (New Jersey),-5.5,,52.5,,,
401416651,2022,regular,13,2022-11-25 17:00:00+00:00,2711,Western Michigan,2649,Toledo,Bovada,8.5,8,50,52.5,255,-310
401416651,2022,regular,13,2022-11-25 17:00:00+00:00,2711,Western Michigan,2649,Toledo,teamrankings,8.5,,50.5,,,
401416651,2022,regular,13,2022-11-25 17:00:00+00:00,2711,Western Michigan,2649,Toledo,consensus,8.5,,50.5,,,
401416651,2022,regular,13,2022-11-25 17:00:00+00:00,2711,Western Michigan,2649,Toledo,William Hill (New Jersey),8,,50.5,,,
401415269,2022,regular,13,2022-11-25 17:00:00+00:00,68,Boise State,328,Utah State,Bovada,-16.5,-16.5,52,52,-800,525
401415269,2022,regular,13,2022-11-25 17:00:00+00:00,68,Boise State,328,Utah State,teamrankings,-17,,51.5,,,
401415269,2022,regular,13,2022-11-25 17:00:00+00:00,68,Boise State,328,Utah State,consensus,-16.5,,52,,,
401415269,2022,regular,13,2022-11-25 17:00:00+00:00,68,Boise State,328,Utah State,William Hill (New Jersey),-16.5,,52,,,
401415268,2022,regular,13,2022-11-25 20:30:00+00:00,36,Colorado State,167,New Mexico,Bovada,-7.5,-7,36,35.5,-290,240
401415268,2022,regular,13,2022-11-25 20:30:00+00:00,36,Colorado State,167,New Mexico,teamrankings,-7.5,,36,,,
401415268,2022,regular,13,2022-11-25 20:30:00+00:00,36,Colorado State,167,New Mexico,consensus,-7,,36,,,
401415268,2022,regular,13,2022-11-25 20:30:00+00:00,36,Colorado State,167,New Mexico,William Hill (New Jersey),-7,,36,,,
401415270,2022,regular,13,2022-11-26 03:00:00+00:00,278,Fresno State,2751,Wyoming,Bovada,-14,-14.5,50.5,50,-625,430
401415270,2022,regular,13,2022-11-26 03:00:00+00:00,278,Fresno State,2751,Wyoming,teamrankings,-15,,50.5,,,
401415270,2022,regular,13,2022-11-26 03:00:00+00:00,278,Fresno State,2751,Wyoming,consensus,-14,,50.5,,,
401415270,2022,regular,13,2022-11-26 03:00:00+00:00,278,Fresno State,2751,Wyoming,William Hill (New Jersey),-14,,50.5,,,
401405150,2022,regular,13,2022-11-26 20:30:00+00:00,275,Wisconsin,135,Minnesota,Bovada,-3,-3,37,35,-165,140
401405150,2022,regular,13,2022-11-26 20:30:00+00:00,275,Wisconsin,135,Minnesota,teamrankings,-3,,37,,,
401405150,2022,regular,13,2022-11-26 20:30:00+00:00,275,Wisconsin,135,Minnesota,consensus,-3,,36.5,,,
401405150,2022,regular,13,2022-11-26 20:30:00+00:00,275,Wisconsin,135,Minnesota,William Hill (New Jersey),-3,,37.5,,,
401404047,2022,regular,13,2022-11-26 20:30:00+00:00,204,Oregon State,2483,Oregon,Bovada,-1.5,2.5,56.5,58,150,-175
401404047,2022,regular,13,2022-11-26 20:30:00+00:00,204,Oregon State,2483,Oregon,teamrankings,-1,,57,,,
401404047,2022,regular,13,2022-11-26 20:30:00+00:00,204,Oregon State,2483,Oregon,consensus,-1,,57,,,
401404047,2022,regular,13,2022-11-26 20:30:00+00:00,204,Oregon State,2483,Oregon,William Hill (New Jersey),-1,,57,,,
401426615,2022,regular,13,2022-11-26 17:00:00+00:00,2226,Florida Atlantic,98,Western Kentucky,Bovada,7.5,7.5,62.5,61.5,230,-280
401426615,2022,regular,13,2022-11-26 17:00:00+00:00,2226,Florida Atlantic,98,Western Kentucky,teamrankings,7.5,,62.5,,,
401426615,2022,regular,13,2022-11-26 17:00:00+00:00,2226,Florida Atlantic,98,Western Kentucky,consensus,7.5,,62,,,
401426615,2022,regular,13,2022-11-26 17:00:00+00:00,2226,Florida Atlantic,98,Western Kentucky,William Hill (New Jersey),7.5,,62,,,
401426618,2022,regular,13,2022-11-26 20:30:00+00:00,2636,UTSA,2638,UTEP,Bovada,-16.5,-17.5,56.5,,-1100,650
401426618,2022,regular,13,2022-11-26 20:30:00+00:00,2636,UTSA,2638,UTEP,William Hill (New Jersey),-16.5,,56.5,,,
401426618,2022,regular,13,2022-11-26 20:30:00+00:00,2636,UTSA,2638,UTEP,teamrankings,-16.5,,56.5,,,
401426618,2022,regular,13,2022-11-26 20:30:00+00:00,2636,UTSA,2638,UTEP,consensus,-16.5,,56.5,,,
401426383,2022,regular,13,2022-11-26 17:00:00+00:00,256,James Madison,324,Coastal Carolina,Bovada,-16,-14,53,53.5,-600,425
401426383,2022,regular,13,2022-11-26 17:00:00+00:00,256,James Madison,324,Coastal Carolina,teamrankings,-15.5,,53,,,
401426383,2022,regular,13,2022-11-26 17:00:00+00:00,256,James Madison,324,Coastal Carolina,consensus,-15.5,,53,,,
401426383,2022,regular,13,2022-11-26 17:00:00+00:00,256,James Madison,324,Coastal Carolina,William Hill (New Jersey),-15.5,,53,,,
401416653,2022,regular,13,2022-11-26 18:00:00+00:00,2084,Buffalo,2309,Kent State,Bovada,-4.5,-4.5,51,53,-175,150
401416653,2022,regular,13,2022-11-26 18:00:00+00:00,2084,Buffalo,2309,Kent State,teamrankings,-4.5,,51,,,
401416653,2022,regular,13,2022-11-26 18:00:00+00:00,2084,Buffalo,2309,Kent State,consensus,-4.5,,51,,,
401416653,2022,regular,13,2022-11-26 18:00:00+00:00,2084,Buffalo,2309,Kent State,William Hill (New Jersey),-4.5,,51,,,
401405152,2022,regular,13,2022-11-26 17:00:00+00:00,120,Maryland,164,Rutgers,Bovada,-14.5,-14.5,48.5,48.5,-600,425
401405152,2022,regular,13,2022-11-26 17:00:00+00:00,120,Maryland,164,Rutgers,teamrankings,-14.5,,48.5,,,
401405152,2022,regular,13,2022-11-26 17:00:00+00:00,120,Maryland,164,Rutgers,consensus,-14.5,,48.5,,,
401405152,2022,regular,13,2022-11-26 17:00:00+00:00,120,Maryland,164,Rutgers,Caesars Sportsbook (Colorado),-14.5,,48.5,,,
401405151,2022,regular,13,2022-11-26 20:30:00+00:00,84,Indiana,2509,Purdue,Bovada,10,10,53,54,300,-400
401405151,2022,regular,13,2022-11-26 20:30:00+00:00,84,Indiana,2509,Purdue,teamrankings,10,,52.5,,,
401405151,2022,regular,13,2022-11-26 20:30:00+00:00,84,Indiana,2509,Purdue,consensus,10,,53,,,
401405151,2022,regular,13,2022-11-26 20:30:00+00:00,84,Indiana,2509,Purdue,William Hill (New Jersey),10,,53,,,
401403960,2022,regular,13,2022-11-26 20:00:00+00:00,96,Kentucky,97,Louisville,Bovada,-3.5,-3.5,42.5,42.5,-175,150
401403960,2022,regular,13,2022-11-26 20:00:00+00:00,96,Kentucky,97,Louisville,teamrankings,-3.5,,42.5,,,
401403960,2022,regular,13,2022-11-26 20:00:00+00:00,96,Kentucky,97,Louisville,consensus,-3.5,,42.5,,,
401403960,2022,regular,13,2022-11-26 20:00:00+00:00,96,Kentucky,97,Louisville,William Hill (New Jersey),-3.5,,42.5,,,
401426386,2022,regular,13,2022-11-26 22:00:00+00:00,326,Texas State,309,Louisiana,Bovada,5,,44,44.5,175,-210
401426386,2022,regular,13,2022-11-26 22:00:00+00:00,326,Texas State,309,Louisiana,teamrankings,5,,44,,,
401426386,2022,regular,13,2022-11-26 22:00:00+00:00,326,Texas State,309,Louisiana,consensus,5,,44,,,
401426386,2022,regular,13,2022-11-26 22:00:00+00:00,326,Texas State,309,Louisiana,William Hill (New Jersey),5,,44,,,
401415267,2022,regular,13,2022-11-27 02:00:00+00:00,21,San Diego State,2005,Air Force,Bovada,2,1.5,43.5,44.5,110,-130
401415267,2022,regular,13,2022-11-27 02:00:00+00:00,21,San Diego State,2005,Air Force,teamrankings,2,,43.5,,,
401415267,2022,regular,13,2022-11-27 02:00:00+00:00,21,San Diego State,2005,Air Force,consensus,2,,43.5,,,
401415267,2022,regular,13,2022-11-27 02:00:00+00:00,21,San Diego State,2005,Air Force,William Hill (New Jersey),2,,43,,,
401411175,2022,regular,13,2022-11-27 01:00:00+00:00,2390,Miami,221,Pittsburgh,Bovada,4,5.5,44,43.5,165,-195
401411175,2022,regular,13,2022-11-27 01:00:00+00:00,2390,Miami,221,Pittsburgh,teamrankings,5.5,,43,,,
401411175,2022,regular,13,2022-11-27 01:00:00+00:00,2390,Miami,221,Pittsburgh,consensus,4,,44,,,
401411175,2022,regular,13,2022-11-27 01:00:00+00:00,2390,Miami,221,Pittsburgh,William Hill (New Jersey),4.5,,44,,,
401404133,2022,regular,13,2022-11-27 00:30:00+00:00,30,USC,87,Notre Dame,Bovada,-4,-5,63,63,-230,190
401404133,2022,regular,13,2022-11-27 00:30:00+00:00,30,USC,87,Notre Dame,teamrankings,-4,,63.5,,,
401404133,2022,regular,13,2022-11-27 00:30:00+00:00,30,USC,87,Notre Dame,consensus,-4.5,,62.5,,,
401404133,2022,regular,13,2022-11-27 00:30:00+00:00,30,USC,87,Notre Dame,William Hill (New Jersey),-4.5,,62.5,,,
401411173,2022,regular,13,2022-11-27 00:30:00+00:00,103,Boston College,183,Syracuse,Bovada,10,10,47,47,300,-400
401411173,2022,regular,13,2022-11-27 00:30:00+00:00,103,Boston College,183,Syracuse,teamrankings,10.5,,47,,,
401411173,2022,regular,13,2022-11-27 00:30:00+00:00,103,Boston College,183,Syracuse,consensus,10.5,,47,,,
401411173,2022,regular,13,2022-11-27 00:30:00+00:00,103,Boston College,183,Syracuse,William Hill (New Jersey),10.5,,47,,,
401426389,2022,regular,13,2022-11-26 17:00:00+00:00,6,South Alabama,295,Old Dominion,Bovada,-16.5,-15.5,47,47.5,-850,550
401426389,2022,regular,13,2022-11-26 17:00:00+00:00,6,South Alabama,295,Old Dominion,teamrankings,-16.5,,47,,,
401426389,2022,regular,13,2022-11-26 17:00:00+00:00,6,South Alabama,295,Old Dominion,consensus,-16.5,,47,,,
401426389,2022,regular,13,2022-11-26 17:00:00+00:00,6,South Alabama,295,Old Dominion,William Hill (New Jersey),-17,,47,,,
401403959,2022,regular,13,2022-11-26 17:00:00+00:00,61,Georgia,59,Georgia Tech,Bovada,-36.5,-36.5,49,49,,
401403959,2022,regular,13,2022-11-26 17:00:00+00:00,61,Georgia,59,Georgia Tech,teamrankings,-36.5,,49,,,
401403959,2022,regular,13,2022-11-26 17:00:00+00:00,61,Georgia,59,Georgia Tech,consensus,-36.5,,49,,,
401403959,2022,regular,13,2022-11-26 17:00:00+00:00,61,Georgia,59,Georgia Tech,William Hill (New Jersey),-36.5,,49,,,
401404144,2022,regular,13,2022-11-26 17:00:00+00:00,113,Massachusetts,349,Army,Bovada,20,,45.5,45,775,-1500
401404144,2022,regular,13,2022-11-26 17:00:00+00:00,113,Massachusetts,349,Army,teamrankings,20,,45.5,,,
401404144,2022,regular,13,2022-11-26 17:00:00+00:00,113,Massachusetts,349,Army,consensus,20,,45,,,
401404144,2022,regular,13,2022-11-26 17:00:00+00:00,113,Massachusetts,349,Army,William Hill (New Jersey),20,,45.5,,,
401404121,2022,regular,13,2022-11-27 01:00:00+00:00,2306,Kansas State,2305,Kansas,Bovada,-12.5,-11.5,63,63,-480,350
401404121,2022,regular,13,2022-11-27 01:00:00+00:00,2306,Kansas State,2305,Kansas,teamrankings,-11.5,,62,,,
401404121,2022,regular,13,2022-11-27 01:00:00+00:00,2306,Kansas State,2305,Kansas,consensus,-12,,62,,,
401404121,2022,regular,13,2022-11-27 01:00:00+00:00,2306,Kansas State,2305,Kansas,William Hill (New Jersey),-12,,62,,,
401405153,2022,regular,13,2022-11-26 17:00:00+00:00,194,Ohio State,130,Michigan,Bovada,-9,-7.5,56.5,57,-300,250
401405153,2022,regular,13,2022-11-26 17:00:00+00:00,194,Ohio State,130,Michigan,teamrankings,-9,,56,,,
401405153,2022,regular,13,2022-11-26 17:00:00+00:00,194,Ohio State,130,Michigan,consensus,-9,,56,,,
401405153,2022,regular,13,2022-11-26 17:00:00+00:00,194,Ohio State,130,Michigan,William Hill (New Jersey),-9,,56,,,
401403962,2022,regular,13,2022-11-26 17:00:00+00:00,228,Clemson,2579,South Carolina,Bovada,-14,-14,53.5,50.5,-625,430
401403962,2022,regular,13,2022-11-26 17:00:00+00:00,228,Clemson,2579,South Carolina,teamrankings,-14,,53,,,
401403962,2022,regular,13,2022-11-26 17:00:00+00:00,228,Clemson,2579,South Carolina,consensus,-14,,53,,,
401403962,2022,regular,13,2022-11-26 17:00:00+00:00,228,Clemson,2579,South Carolina,William Hill (New Jersey),-14,,53,,,
401411174,2022,regular,13,2022-11-26 20:30:00+00:00,150,Duke,154,Wake Forest,Bovada,3,3,67.5,66.5,150,-175
401411174,2022,regular,13,2022-11-26 20:30:00+00:00,150,Duke,154,Wake Forest,teamrankings,3,,67,,,
401411174,2022,regular,13,2022-11-26 20:30:00+00:00,150,Duke,154,Wake Forest,consensus,3,,67.5,,,
401411174,2022,regular,13,2022-11-26 20:30:00+00:00,150,Duke,154,Wake Forest,William Hill (New Jersey),3,,67.5,,,
401426617,2022,regular,13,2022-11-26 19:00:00+00:00,249,North Texas,242,Rice,Bovada,-14.5,-14.5,57.5,61,-585,410
401426617,2022,regular,13,2022-11-26 19:00:00+00:00,249,North Texas,242,Rice,William Hill (New Jersey),-14.5,,57,,,
401426617,2022,regular,13,2022-11-26 19:00:00+00:00,249,North Texas,242,Rice,teamrankings,-14.5,,58,,,
401426617,2022,regular,13,2022-11-26 19:00:00+00:00,249,North Texas,242,Rice,consensus,-14.5,,57,,,
401411172,2022,regular,13,2022-11-25 20:30:00+00:00,153,North Carolina,152,NC State,Bovada,-6.5,-6,56.5,56.5,-250,210
401411172,2022,regular,13,2022-11-25 20:30:00+00:00,153,North Carolina,152,NC State,teamrankings,-6.5,,56,,,
401411172,2022,regular,13,2022-11-25 20:30:00+00:00,153,North Carolina,152,NC State,consensus,-6.5,,56,,,
401411172,2022,regular,13,2022-11-25 20:30:00+00:00,153,North Carolina,152,NC State,William Hill (New Jersey),-5,,56,,,
401415667,2022,regular,13,2022-11-27 00:00:00+00:00,58,South Florida,2116,UCF,Bovada,20,20,67,69.5,650,-1100
401415667,2022,regular,13,2022-11-27 00:00:00+00:00,58,South Florida,2116,UCF,teamrankings,20,,67.5,,,
401415667,2022,regular,13,2022-11-27 00:00:00+00:00,58,South Florida,2116,UCF,consensus,20,,67.5,,,
401415667,2022,regular,13,2022-11-27 00:00:00+00:00,58,South Florida,2116,UCF,William Hill (New Jersey),20,,67.5,,,
401426616,2022,regular,13,2022-11-26 20:30:00+00:00,2348,Louisiana Tech,5,UAB,Bovada,18.5,17.5,55,56,600,-950
401426616,2022,regular,13,2022-11-26 20:30:00+00:00,2348,Louisiana Tech,5,UAB,teamrankings,18,,55.5,,,
401426616,2022,regular,13,2022-11-26 20:30:00+00:00,2348,Louisiana Tech,5,UAB,consensus,18,,55.5,,,
401426616,2022,regular,13,2022-11-26 20:30:00+00:00,2348,Louisiana Tech,5,UAB,William Hill (New Jersey),18,,55.5,,,
401415271,2022,regular,13,2022-11-26 20:30:00+00:00,23,San José State,62,Hawai'i,Bovada,-15.5,-15,58,57,-585,410
401415271,2022,regular,13,2022-11-26 20:30:00+00:00,23,San José State,62,Hawai'i,teamrankings,-15.5,,58.5,,,
401415271,2022,regular,13,2022-11-26 20:30:00+00:00,23,San José State,62,Hawai'i,consensus,-15,,58,,,
401415271,2022,regular,13,2022-11-26 20:30:00+00:00,23,San José State,62,Hawai'i,William Hill (New Jersey),-15,,58,,,
401404048,2022,regular,13,2022-11-26 21:00:00+00:00,38,Colorado,254,Utah,Bovada,30,30,52,,,
401404048,2022,regular,13,2022-11-26 21:00:00+00:00,38,Colorado,254,Utah,teamrankings,30,,52,,,
401404048,2022,regular,13,2022-11-26 21:00:00+00:00,38,Colorado,254,Utah,consensus,29.5,,52,,,
401404048,2022,regular,13,2022-11-26 21:00:00+00:00,38,Colorado,254,Utah,William Hill (New Jersey),30,,52,,,
401426382,2022,regular,13,2022-11-26 23:00:00+00:00,290,Georgia Southern,2026,App State,Bovada,6.5,5,66,60.5,170,-200
401426382,2022,regular,13,2022-11-26 23:00:00+00:00,290,Georgia Southern,2026,App State,teamrankings,6.5,,66,,,
401426382,2022,regular,13,2022-11-26 23:00:00+00:00,290,Georgia Southern,2026,App State,consensus,6.5,,66,,,
401426382,2022,regular,13,2022-11-26 23:00:00+00:00,290,Georgia Southern,2026,App State,William Hill (New Jersey),7,,66,,,
401415272,2022,regular,13,2022-11-26 23:00:00+00:00,2439,UNLV,2440,Nevada,Bovada,-12.5,,49,50.5,-500,360
401415272,2022,regular,13,2022-11-26 23:00:00+00:00,2439,UNLV,2440,Nevada,teamrankings,-12.5,,49,,,
401415272,2022,regular,13,2022-11-26 23:00:00+00:00,2439,UNLV,2440,Nevada,consensus,-12.5,,49,,,
401415272,2022,regular,13,2022-11-26 23:00:00+00:00,2439,UNLV,2440,Nevada,William Hill (New Jersey),-12.5,,49,,,
401416650,2022,regular,13,2022-11-25 17:00:00+00:00,2199,Eastern Michigan,2117,Central Michigan,Bovada,-1,1.5,53,54,100,-120
401416650,2022,regular,13,2022-11-25 17:00:00+00:00,2199,Eastern Michigan,2117,Central Michigan,teamrankings,-1,,53.5,,,
401416650,2022,regular,13,2022-11-25 17:00:00+00:00,2199,Eastern Michigan,2117,Central Michigan,consensus,-1,,53.5,,,
401416650,2022,regular,13,2022-11-25 17:00:00+00:00,2199,Eastern Michigan,2117,Central Michigan,William Hill (New Jersey),-1,,53.5,,,
401404119,2022,regular,13,2022-11-25 17:00:00+00:00,251,Texas,239,Baylor,Bovada,-10,-9,56,55.5,-290,240
401404119,2022,regular,13,2022-11-25 17:00:00+00:00,251,Texas,239,Baylor,teamrankings,-10,,55,,,
401404119,2022,regular,13,2022-11-25 17:00:00+00:00,251,Texas,239,Baylor,consensus,-10,,55,,,
401404119,2022,regular,13,2022-11-25 17:00:00+00:00,251,Texas,239,Baylor,William Hill (New Jersey),-10,,55.5,,,
401404045,2022,regular,13,2022-11-25 20:00:00+00:00,12,Arizona,9,Arizona State,Bovada,-4.5,-4,66.5,64,-195,165
401404045,2022,regular,13,2022-11-25 20:00:00+00:00,12,Arizona,9,Arizona State,teamrankings,-4,,66.5,,,
401404045,2022,regular,13,2022-11-25 20:00:00+00:00,12,Arizona,9,Arizona State,consensus,-4,,66.5,,,
401404045,2022,regular,13,2022-11-25 20:00:00+00:00,12,Arizona,9,Arizona State,William Hill (New Jersey),-4,,66.5,,,
401426614,2022,regular,13,2022-11-26 23:00:00+00:00,2229,Florida International,2393,Middle Tennessee,Bovada,19.5,19.5,54.5,55,725,-1300
401426614,2022,regular,13,2022-11-26 23:00:00+00:00,2229,Florida International,2393,Middle Tennessee,teamrankings,19.5,,54.5,,,
401426614,2022,regular,13,2022-11-26 23:00:00+00:00,2229,Florida International,2393,Middle Tennessee,consensus,19.5,,54.5,,,
401426614,2022,regular,13,2022-11-26 23:00:00+00:00,2229,Florida International,2393,Middle Tennessee,William Hill (New Jersey),19.5,,54.5,,,
401404120,2022,regular,13,2022-11-26 21:00:00+00:00,2628,TCU,66,Iowa State,Bovada,-9.5,-10,46,47,-400,300
401404120,2022,regular,13,2022-11-26 21:00:00+00:00,2628,TCU,66,Iowa State,teamrankings,-9.5,,46,,,
401404120,2022,regular,13,2022-11-26 21:00:00+00:00,2628,TCU,66,Iowa State,consensus,-9.5,,45.5,,,
401404120,2022,regular,13,2022-11-26 21:00:00+00:00,2628,TCU,66,Iowa State,William Hill (New Jersey),-9.5,,45.5,,,
401405149,2022,regular,13,2022-11-26 20:30:00+00:00,77,Northwestern,356,Illinois,Bovada,15,14,38,37,390,-550
401405149,2022,regular,13,2022-11-26 20:30:00+00:00,77,Northwestern,356,Illinois,teamrankings,15,,38.5,,,
401405149,2022,regular,13,2022-11-26 20:30:00+00:00,77,Northwestern,356,Illinois,consensus,14.5,,38,,,
401405149,2022,regular,13,2022-11-26 20:30:00+00:00,77,Northwestern,356,Illinois,William Hill (New Jersey),14.5,,38,,,
401415666,2022,regular,13,2022-11-26 20:30:00+00:00,2567,SMU,235,Memphis,Bovada,-4.5,-4,69,71.5,-200,170
401415666,2022,regular,13,2022-11-26 20:30:00+00:00,2567,SMU,235,Memphis,teamrankings,-4.5,,68.5,,,
401415666,2022,regular,13,2022-11-26 20:30:00+00:00,2567,SMU,235,Memphis,consensus,-4.5,,68.5,,,
401415666,2022,regular,13,2022-11-26 20:30:00+00:00,2567,SMU,235,Memphis,William Hill (New Jersey),-4.5,,68.5,,,
401404122,2022,regular,13,2022-11-27 00:30:00+00:00,2641,Texas Tech,201,Oklahoma,Bovada,1.5,2.5,65.5,63.5,105,-125
401404122,2022,regular,13,2022-11-27 00:30:00+00:00,2641,Texas Tech,201,Oklahoma,teamrankings,2,,65.5,,,
401404122,2022,regular,13,2022-11-27 00:30:00+00:00,2641,Texas Tech,201,Oklahoma,consensus,1.5,,65.5,,,
401404122,2022,regular,13,2022-11-27 00:30:00+00:00,2641,Texas Tech,201,Oklahoma,William Hill (New Jersey),1.5,,65.5,,,
401405148,2022,regular,13,2022-11-25 21:00:00+00:00,2294,Iowa,158,Nebraska,Bovada,-10.5,,38,38,-400,300
401405148,2022,regular,13,2022-11-25 21:00:00+00:00,2294,Iowa,158,Nebraska,teamrankings,-10.5,,38,,,
401405148,2022,regular,13,2022-11-25 21:00:00+00:00,2294,Iowa,158,Nebraska,consensus,-10.5,,38,,,
401405148,2022,regular,13,2022-11-25 21:00:00+00:00,2294,Iowa,158,Nebraska,William Hill (New Jersey),-10.5,,38,,,
401403957,2022,regular,13,2022-11-26 20:30:00+00:00,333,Alabama,2,Auburn,Bovada,-21.5,-22,51,49.5,-2200,1000
401403957,2022,regular,13,2022-11-26 20:30:00+00:00,333,Alabama,2,Auburn,teamrankings,-22,,51,,,
401403957,2022,regular,13,2022-11-26 20:30:00+00:00,333,Alabama,2,Auburn,consensus,-22,,51,,,
401403957,2022,regular,13,2022-11-26 20:30:00+00:00,333,Alabama,2,Auburn,William Hill (New Jersey),-22,,51,,,
401404051,2022,regular,13,2022-11-27 03:30:00+00:00,265,Washington State,264,Washington,Bovada,2.5,2.5,60,59,110,-130
401404051,2022,regular,13,2022-11-27 03:30:00+00:00,265,Washington State,264,Washington,teamrankings,2,,60,,,
401404051,2022,regular,13,2022-11-27 03:30:00+00:00,265,Washington State,264,Washington,consensus,2.5,,60,,,
401404051,2022,regular,13,2022-11-27 03:30:00+00:00,265,Washington State,264,Washington,William Hill (New Jersey),2.5,,60,,,
401403956,2022,regular,13,2022-11-25 00:00:00+00:00,145,Ole Miss,344,Mississippi State,Bovada,-2.5,-2,63,63,-140,120
401403956,2022,regular,13,2022-11-25 00:00:00+00:00,145,Ole Miss,344,Mississippi State,teamrankings,-2.5,,63,,,
401403956,2022,regular,13,2022-11-25 00:00:00+00:00,145,Ole Miss,344,Mississippi State,consensus,-2.5,,63,,,
401403956,2022,regular,13,2022-11-25 00:00:00+00:00,145,Ole Miss,344,Mississippi State,William Hill (New Jersey),-2.5,,63,,,
401403963,2022,regular,13,2022-11-27 00:00:00+00:00,245,Texas A&M,99,LSU,Bovada,10,10,47.5,46.5,275,-350
401403963,2022,regular,13,2022-11-27 00:00:00+00:00,245,Texas A&M,99,LSU,teamrankings,10,,47.5,,,
401403963,2022,regular,13,2022-11-27 00:00:00+00:00,245,Texas A&M,99,LSU,consensus,10,,47.5,,,
401403963,2022,regular,13,2022-11-27 00:00:00+00:00,245,Texas A&M,99,LSU,William Hill (New Jersey),10,,47.5,,,
401404123,2022,regular,13,2022-11-26 17:00:00+00:00,197,Oklahoma State,277,West Virginia,Bovada,-5.5,-8.5,59.5,65.5,-220,180
401404123,2022,regular,13,2022-11-26 17:00:00+00:00,197,Oklahoma State,277,West Virginia,teamrankings,-5.5,,59.5,,,
401404123,2022,regular,13,2022-11-26 17:00:00+00:00,197,Oklahoma State,277,West Virginia,consensus,-5.5,,60,,,
401404123,2022,regular,13,2022-11-26 17:00:00+00:00,197,Oklahoma State,277,West Virginia,William Hill (New Jersey),-5.5,,60,,,
401426384,2022,regular,13,2022-11-26 20:30:00+00:00,2032,Arkansas State,2653,Troy,Bovada,13.5,,43.5,46.5,400,-575
401426384,2022,regular,13,2022-11-26 20:30:00+00:00,2032,Arkansas State,2653,Troy,teamrankings,13.5,,44,,,
401426384,2022,regular,13,2022-11-26 20:30:00+00:00,2032,Arkansas State,2653,Troy,consensus,13.5,,44,,,
401426384,2022,regular,13,2022-11-26 20:30:00+00:00,2032,Arkansas State,2653,Troy,William Hill (New Jersey),13.5,,44,,,
401404166,2022,regular,13,2022-11-26 17:00:00+00:00,2335,Liberty,166,New Mexico State,Bovada,-24,-24.5,51,51,-5000,1300
401404166,2022,regular,13,2022-11-26 17:00:00+00:00,2335,Liberty,166,New Mexico State,teamrankings,-24,,50.5,,,
401404166,2022,regular,13,2022-11-26 17:00:00+00:00,2335,Liberty,166,New Mexico State,consensus,-24,,50.5,,,
401404166,2022,regular,13,2022-11-26 17:00:00+00:00,2335,Liberty,166,New Mexico State,William Hill (New Jersey),-24,,50.5,,,
401416652,2022,regular,13,2022-11-26 18:30:00+00:00,2459,Northern Illinois,2006,Akron,Bovada,-9.5,-9.5,51.5,54,-370,285
401416652,2022,regular,13,2022-11-26 18:30:00+00:00,2459,Northern Illinois,2006,Akron,teamrankings,-9.5,,52,,,
401416652,2022,regular,13,2022-11-26 18:30:00+00:00,2459,Northern Illinois,2006,Akron,consensus,-9.5,,52,,,
401416652,2022,regular,13,2022-11-26 18:30:00+00:00,2459,Northern Illinois,2006,Akron,William Hill (New Jersey),-9.5,,52,,,
401426390,2022,regular,13,2022-11-26 17:00:00+00:00,276,Marshall,2247,Georgia State,Bovada,-6.5,-6.5,45.5,47,-230,190
401426390,2022,regular,13,2022-11-26 17:00:00+00:00,276,Marshall,2247,Georgia State,teamrankings,-6.5,,45.5,,,
401426390,2022,regular,13,2022-11-26 17:00:00+00:00,276,Marshall,2247,Georgia State,consensus,-6.5,,45.5,,,
401426390,2022,regular,13,2022-11-26 17:00:00+00:00,276,Marshall,2247,Georgia State,William Hill (New Jersey),-6.5,,45.5,,,
401404049,2022,regular,13,2022-11-27 04:00:00+00:00,24,Stanford,252,BYU,Bovada,6.5,7,58,58,210,-250
401404049,2022,regular,13,2022-11-27 04:00:00+00:00,24,Stanford,252,BYU,teamrankings,6,,57.5,,,
401404049,2022,regular,13,2022-11-27 04:00:00+00:00,24,Stanford,252,BYU,consensus,6.5,,57.5,,,
401404049,2022,regular,13,2022-11-27 04:00:00+00:00,24,Stanford,252,BYU,William Hill (New Jersey),6.5,,57.5,,,
401415668,2022,regular,13,2022-11-27 00:30:00+00:00,248,Houston,202,Tulsa,Bovada,-13,-12,67,67.5,-500,360
401415668,2022,regular,13,2022-11-27 00:30:00+00:00,248,Houston,202,Tulsa,teamrankings,-13,,66.5,,,
401415668,2022,regular,13,2022-11-27 00:30:00+00:00,248,Houston,202,Tulsa,consensus,-13,,67,,,
401415668,2022,regular,13,2022-11-27 00:30:00+00:00,248,Houston,202,Tulsa,William Hill (New Jersey),-13,,67,,,
401426385,2022,regular,13,2022-11-26 22:00:00+00:00,2433,UL Monroe,2572,Southern Miss,Bovada,3,3.5,50,51,135,-160
401426385,2022,regular,13,2022-11-26 22:00:00+00:00,2433,UL Monroe,2572,Southern Miss,teamrankings,3,,49.5,,,
401426385,2022,regular,13,2022-11-26 22:00:00+00:00,2433,UL Monroe,2572,Southern Miss,consensus,3,,50,,,
401426385,2022,regular,13,2022-11-26 22:00:00+00:00,2433,UL Monroe,2572,Southern Miss,William Hill (New Jersey),3,,50,,,
401415665,2022,regular,13,2022-11-25 17:00:00+00:00,2132,Cincinnati,2655,Tulane,Bovada,1,-2.5,44.5,47.5,-105,-115
401415665,2022,regular,13,2022-11-25 17:00:00+00:00,2132,Cincinnati,2655,Tulane,teamrankings,1,,44,,,
401415665,2022,regular,13,2022-11-25 17:00:00+00:00,2132,Cincinnati,2655,Tulane,consensus,1,,44,,,
401415665,2022,regular,13,2022-11-25 17:00:00+00:00,2132,Cincinnati,2655,Tulane,William Hill (New Jersey),1,,44,,,
401415664,2022,regular,13,2022-11-26 18:00:00+00:00,218,Temple,151,East Carolina,Bovada,9.5,12.5,52,50.5,360,-500
401415664,2022,regular,13,2022-11-26 18:00:00+00:00,218,Temple,151,East Carolina,teamrankings,9.5,,52,,,
401415664,2022,regular,13,2022-11-26 18:00:00+00:00,218,Temple,151,East Carolina,consensus,9.5,,52,,,
401415664,2022,regular,13,2022-11-26 18:00:00+00:00,218,Temple,151,East Carolina,William Hill (New Jersey),9.5,,52,,,
401403961,2022,regular,13,2022-11-25 20:30:00+00:00,142,Missouri,8,Arkansas,Bovada,3,3,55.5,55,135,-160
401403961,2022,regular,13,2022-11-25 20:30:00+00:00,142,Missouri,8,Arkansas,teamrankings,3,,55.5,,,
401403961,2022,regular,13,2022-11-25 20:30:00+00:00,142,Missouri,8,Arkansas,consensus,3.5,,55.5,,,
401403961,2022,regular,13,2022-11-25 20:30:00+00:00,142,Missouri,8,Arkansas,William Hill (New Jersey),3,,55,,,
401405154,2022,regular,13,2022-11-26 21:00:00+00:00,213,Penn State,127,Michigan State,Bovada,-19.5,-18.5,54.5,52.5,-1100,650
401405154,2022,regular,13,2022-11-26 21:00:00+00:00,213,Penn State,127,Michigan State,teamrankings,-19,,54.5,,,
401405154,2022,regular,13,2022-11-26 21:00:00+00:00,213,Penn State,127,Michigan State,consensus,-19,,54.5,,,
401405154,2022,regular,13,2022-11-26 21:00:00+00:00,213,Penn State,127,Michigan State,William Hill (New Jersey),-19,,54.5,,,
401403964,2022,regular,13,2022-11-27 00:30:00+00:00,238,Vanderbilt,2633,Tennessee,Bovada,14,,64,66,400,-575
401403964,2022,regular,13,2022-11-27 00:30:00+00:00,238,Vanderbilt,2633,Tennessee,teamrankings,14,,63.5,,,
401403964,2022,regular,13,2022-11-27 00:30:00+00:00,238,Vanderbilt,2633,Tennessee,consensus,14,,64,,,
401403964,2022,regular,13,2022-11-27 00:30:00+00:00,238,Vanderbilt,2633,Tennessee,William Hill (New Jersey),14,,64,,,
401437037,2022,regular,14,2022-12-03 20:30:00+00:00,2653,Troy,324,Coastal Carolina,Bovada,-6.5,-4.5,49,48.5,-280,230
401437037,2022,regular,14,2022-12-03 20:30:00+00:00,2653,Troy,324,Coastal Carolina,teamrankings,-7,,49,,,
401437037,2022,regular,14,2022-12-03 20:30:00+00:00,2653,Troy,324,Coastal Carolina,consensus,-6.5,,49,,,
401437037,2022,regular,14,2022-12-03 20:30:00+00:00,2653,Troy,324,Coastal Carolina,William Hill (New Jersey),-6.5,,49,,,
401437030,2022,regular,14,2022-12-03 17:00:00+00:00,2628,TCU,2306,Kansas State,Bovada,1,-1.5,61,60.5,-130,110
401437030,2022,regular,14,2022-12-03 17:00:00+00:00,2628,TCU,2306,Kansas State,teamrankings,-1,,60.5,,,
401437030,2022,regular,14,2022-12-03 17:00:00+00:00,2628,TCU,2306,Kansas State,consensus,1,,60.5,,,
401437030,2022,regular,14,2022-12-03 17:00:00+00:00,2628,TCU,2306,Kansas State,William Hill (New Jersey),1,,60.5,,,
401437032,2022,regular,14,2022-12-03 00:30:00+00:00,2636,UTSA,249,North Texas,Bovada,-8,-8.5,70,66.5,-310,255
401437032,2022,regular,14,2022-12-03 00:30:00+00:00,2636,UTSA,249,North Texas,teamrankings,-8.5,,70,,,
401437032,2022,regular,14,2022-12-03 00:30:00+00:00,2636,UTSA,249,North Texas,consensus,-8.5,,70,,,
401437032,2022,regular,14,2022-12-03 00:30:00+00:00,2636,UTSA,249,North Texas,William Hill (New Jersey),-8.5,,70,,,
401437034,2022,regular,14,2022-12-03 21:00:00+00:00,68,Boise State,278,Fresno State,Bovada,-3,-4.5,54.5,50.5,-165,140
401437034,2022,regular,14,2022-12-03 21:00:00+00:00,68,Boise State,278,Fresno State,consensus,-3,,54.5,,,
401437034,2022,regular,14,2022-12-03 21:00:00+00:00,68,Boise State,278,Fresno State,William Hill (New Jersey),-3,,55.5,,,
401437034,2022,regular,14,2022-12-03 21:00:00+00:00,68,Boise State,278,Fresno State,teamrankings,-3,,54.5,,,
401437132,2022,regular,14,2022-12-03 21:00:00+00:00,2296,Jackson State,2582,Southern,Bovada,-20.5,-14.5,51,49.5,-900,575
401437132,2022,regular,14,2022-12-03 21:00:00+00:00,2296,Jackson State,2582,Southern,consensus,-20.5,,51,,,
401437132,2022,regular,14,2022-12-03 21:00:00+00:00,2296,Jackson State,2582,Southern,William Hill (New Jersey),-20.5,,51,,,
401506450,2022,regular,14,2022-12-02 18:00:00+00:00,2084,Buffalo,2006,Akron,Bovada,-12,-14.5,55,57.5,-550,390
401506450,2022,regular,14,2022-12-02 18:00:00+00:00,2084,Buffalo,2006,Akron,teamrankings,-12,,55,,,
401506450,2022,regular,14,2022-12-02 18:00:00+00:00,2084,Buffalo,2006,Akron,consensus,-12,,55,,,
401506450,2022,regular,14,2022-12-02 18:00:00+00:00,2084,Buffalo,2006,Akron,William Hill (New Jersey),-12,,54.5,,,
401437035,2022,regular,14,2022-12-03 01:00:00+00:00,30,USC,254,Utah,Bovada,-3,-1,67.5,65.5,-150,130
401437035,2022,regular,14,2022-12-03 01:00:00+00:00,30,USC,254,Utah,teamrankings,-2.5,,68,,,
401437035,2022,regular,14,2022-12-03 01:00:00+00:00,30,USC,254,Utah,consensus,-2.5,,67.5,,,
401437035,2022,regular,14,2022-12-03 01:00:00+00:00,30,USC,254,Utah,William Hill (New Jersey),-3,,68,,,
401437008,2022,regular,14,2022-12-03 21:00:00+00:00,2655,Tulane,2116,UCF,Bovada,-3.5,-2.5,57,57.5,-160,135
401437008,2022,regular,14,2022-12-03 21:00:00+00:00,2655,Tulane,2116,UCF,teamrankings,-3.5,,57.5,,,
401437008,2022,regular,14,2022-12-03 21:00:00+00:00,2655,Tulane,2116,UCF,consensus,-3.5,,57.5,,,
401437008,2022,regular,14,2022-12-03 21:00:00+00:00,2655,Tulane,2116,UCF,William Hill (New Jersey),-3.5,,57.5,,,
401437033,2022,regular,14,2022-12-03 17:00:00+00:00,195,Ohio,2649,Toledo,Bovada,3.5,4,54.5,62,105,-125
401437033,2022,regular,14,2022-12-03 17:00:00+00:00,195,Ohio,2649,Toledo,teamrankings,3.5,,54.5,,,
401437033,2022,regular,14,2022-12-03 17:00:00+00:00,195,Ohio,2649,Toledo,consensus,3.5,,54.5,,,
401437033,2022,regular,14,2022-12-03 17:00:00+00:00,195,Ohio,2649,Toledo,William Hill (New Jersey),3.5,,54.5,,,
401437031,2022,regular,14,2022-12-04 01:00:00+00:00,130,Michigan,2509,Purdue,Bovada,-15,-15.5,54,50,-850,550
401437031,2022,regular,14,2022-12-04 01:00:00+00:00,130,Michigan,2509,Purdue,teamrankings,-16,,53,,,
401437031,2022,regular,14,2022-12-04 01:00:00+00:00,130,Michigan,2509,Purdue,consensus,-16,,54,,,
401437031,2022,regular,14,2022-12-04 01:00:00+00:00,130,Michigan,2509,Purdue,William Hill (New Jersey),-15.5,,54,,,
401507651,2022,regular,15,2022-12-10 17:00:00+00:00,2571,South Dakota State,107,Holy Cross,Bovada,-19,-17.5,54,54,-900,575
401507651,2022,regular,15,2022-12-10 17:00:00+00:00,2571,South Dakota State,107,Holy Cross,William Hill (New Jersey),-19,,52,,,
401507652,2022,regular,15,2022-12-10 03:30:00+00:00,16,Sacramento State,2916,Incarnate Word,Bovada,-6.5,-7,77.5,77.5,,
401507652,2022,regular,15,2022-12-10 03:30:00+00:00,16,Sacramento State,2916,Incarnate Word,William Hill (New Jersey),-6,,78,,,
401507650,2022,regular,15,2022-12-10 00:00:00+00:00,2449,North Dakota State,2535,Samford,Bovada,-19,-17,62.5,62.5,,
401507650,2022,regular,15,2022-12-10 00:00:00+00:00,2449,North Dakota State,2535,Samford,William Hill (New Jersey),-19.5,,64,,,
401507670,2022,regular,15,2022-12-10 03:15:00+00:00,147,Montana State,2729,William & Mary,Bovada,-9,-8,65,65,,
401507670,2022,regular,15,2022-12-10 03:15:00+00:00,147,Montana State,2729,William & Mary,William Hill (New Jersey),-9.5,,64.5,,,
401404145,2022,regular,15,2022-12-10 20:00:00+00:00,349,Army,2426,Navy,Bovada,3,1.5,32,34,-130,110
401404145,2022,regular,15,2022-12-10 20:00:00+00:00,349,Army,2426,Navy,teamrankings,2.5,,32,,,
401404145,2022,regular,15,2022-12-10 20:00:00+00:00,349,Army,2426,Navy,consensus,2.5,,32,,,
401404145,2022,regular,15,2022-12-10 20:00:00+00:00,349,Army,2426,Navy,William Hill (New Jersey),2.5,,32,,,
401415203,2022,regular,10,2022-11-05 17:00:00+00:00,108,Harvard,171,Columbia,consensus,-10.5,,48.5,,,
401415203,2022,regular,10,2022-11-05 17:00:00+00:00,108,Harvard,171,Columbia,William Hill (New Jersey),-10.5,,48.5,,,
401418842,2022,regular,10,2022-11-05 17:00:00+00:00,282,Indiana State,155,North Dakota,consensus,11.5,,52,,,
401418842,2022,regular,10,2022-11-05 17:00:00+00:00,282,Indiana State,155,North Dakota,William Hill (New Jersey),11,,51,,,
401420794,2022,regular,10,2022-11-05 16:00:00+00:00,2448,North Carolina A&T,2450,Norfolk State,William Hill (New Jersey),-23.5,,53.5,,,
401418608,2022,regular,10,2022-11-05 17:00:00+00:00,163,Princeton,159,Dartmouth,Caesars Sportsbook (Colorado),-16.5,,42.5,,,
401420785,2022,regular,10,2022-11-05 17:00:00+00:00,2619,Stony Brook,2415,Morgan State,William Hill (New Jersey),-10.5,,43.5,,,
401423150,2022,regular,10,2022-11-05 17:00:00+00:00,2166,Davidson,56,Stetson,William Hill (New Jersey),-19.5,,57,,,
401423430,2022,regular,10,2022-11-05 16:30:00+00:00,46,Georgetown,2598,St. Francis (PA),consensus,17,,56.5,,,
401423430,2022,regular,10,2022-11-05 16:30:00+00:00,46,Georgetown,2598,St. Francis (PA),William Hill (New Jersey),17,,55.5,,,
401424391,2022,regular,10,2022-11-05 17:00:00+00:00,2261,Hampton,2729,William & Mary,consensus,20.5,,51.5,,,
401424391,2022,regular,10,2022-11-05 17:00:00+00:00,2261,Hampton,2729,William & Mary,William Hill (New Jersey),20.5,,51.5,,,
401428199,2022,regular,10,2022-11-05 16:00:00+00:00,2127,Charleston Southern,2523,Robert Morris,consensus,-17.5,,45.5,,,
401428199,2022,regular,10,2022-11-05 16:00:00+00:00,2127,Charleston Southern,2523,Robert Morris,William Hill (New Jersey),-17.5,,45.5,,,
401420840,2022,regular,1,2022-09-01 23:30:00+00:00,2630,UT Martin,2710,Western Illinois,consensus,-17,,61.5,,,
401420840,2022,regular,1,2022-09-01 23:30:00+00:00,2630,UT Martin,2710,Western Illinois,William Hill (New Jersey),-17,,61.5,,,
401420880,2022,regular,1,2022-09-02 00:00:00+00:00,2627,Tarleton State,2400,Mississippi Valley State,consensus,-13,,51,,,
401420880,2022,regular,1,2022-09-02 00:00:00+00:00,2627,Tarleton State,2400,Mississippi Valley State,William Hill (New Jersey),-13,,51,,,
401420877,2022,regular,1,2022-09-02 00:00:00+00:00,253,Southern Utah,2900,St. Thomas (MN),consensus,-3,,49.5,,,
401420877,2022,regular,1,2022-09-02 00:00:00+00:00,253,Southern Utah,2900,St. Thomas (MN),William Hill (New Jersey),-3,,49.5,,,
401413229,2022,regular,7,2022-10-15 19:00:00+00:00,304,Idaho State,13,Cal Poly,consensus,3.5,,56,,,
401413229,2022,regular,7,2022-10-15 19:00:00+00:00,304,Idaho State,13,Cal Poly,William Hill (New Jersey),3.5,,56,,,
401423427,2022,regular,5,2022-10-01 16:00:00+00:00,2598,St. Francis (PA),2115,Central Connecticut,consensus,-18.5,,47.5,,,
401423427,2022,regular,5,2022-10-01 16:00:00+00:00,2598,St. Francis (PA),2115,Central Connecticut,William Hill (New Jersey),-19.5,,47.5,,,
401413239,2022,regular,7,2022-10-15 23:00:00+00:00,331,Eastern Washington,16,Sacramento State,consensus,14.5,,75,,,
401413239,2022,regular,7,2022-10-15 23:00:00+00:00,331,Eastern Washington,16,Sacramento State,William Hill (New Jersey),14.5,,75,,,
401413249,2022,regular,7,2022-10-15 19:00:00+00:00,149,Montana,70,Idaho,William Hill (New Jersey),-17.5,,51.5,,,
401413343,2022,regular,7,2022-10-15 19:00:00+00:00,2458,Northern Colorado,147,Montana State,consensus,21.5,,62,,,
401413343,2022,regular,7,2022-10-15 19:00:00+00:00,2458,Northern Colorado,147,Montana State,William Hill (New Jersey),22,,62,,,
401415173,2022,regular,7,2022-10-15 23:00:00+00:00,302,UC Davis,2464,Northern Arizona,consensus,-14.5,,52,,,
401415173,2022,regular,7,2022-10-15 23:00:00+00:00,302,UC Davis,2464,Northern Arizona,William Hill (New Jersey),-14.5,,52,,,
401420797,2022,regular,1,2022-09-03 23:30:00+00:00,2428,North Carolina Central,2448,North Carolina A&T,consensus,-11.5,,49,,,
401420797,2022,regular,1,2022-09-03 23:30:00+00:00,2428,North Carolina Central,2448,North Carolina A&T,William Hill (New Jersey),11.5,,49,,,
401413237,2022,regular,4,2022-09-24 20:00:00+00:00,331,Eastern Washington,147,Montana State,consensus,6,,70,,,
401413237,2022,regular,4,2022-09-24 20:00:00+00:00,331,Eastern Washington,147,Montana State,William Hill (New Jersey),6,,70,,,
401418779,2022,regular,4,2022-09-24 23:00:00+00:00,2453,North Alabama,2627,Tarleton State,William Hill (New Jersey),-2,,55.5,,,
401422923,2022,regular,4,2022-09-24 22:00:00+00:00,2241,Gardner-Webb,2382,Mercer,consensus,7,,56.5,,,
401422923,2022,regular,4,2022-09-24 22:00:00+00:00,2241,Gardner-Webb,2382,Mercer,William Hill (New Jersey),7,,57,,,
401423440,2022,regular,4,2022-09-24 22:00:00+00:00,50,Florida A&M,2010,Alabama A&M,William Hill (New Jersey),-10,,57.5,,,
401424426,2022,regular,4,2022-09-24 22:00:00+00:00,48,Delaware,2261,Hampton,consensus,-24.5,,51,,,
401424426,2022,regular,4,2022-09-24 22:00:00+00:00,48,Delaware,2261,Hampton,William Hill (New Jersey),-24.5,,51,,,
401413220,2022,regular,8,2022-10-22 18:00:00+00:00,55,Jacksonville State,2545,SE Louisiana,consensus,-7.5,,64,,,
401413220,2022,regular,8,2022-10-22 18:00:00+00:00,55,Jacksonville State,2545,SE Louisiana,William Hill (New Jersey),-7.5,,64,,,
401420802,2022,regular,8,2022-10-22 17:30:00+00:00,2569,South Carolina State,2428,North Carolina Central,consensus,-1,,58.5,,,
401420802,2022,regular,8,2022-10-22 17:30:00+00:00,2569,South Carolina State,2428,North Carolina Central,William Hill (New Jersey),0,,57.5,,,
401421161,2022,regular,8,2022-10-22 17:30:00+00:00,2678,VMI,231,Furman,consensus,13.5,,52.5,,,
401421161,2022,regular,8,2022-10-22 17:30:00+00:00,2678,VMI,231,Furman,William Hill (New Jersey),13.5,,52,,,
401421132,2022,regular,8,2022-10-22 17:30:00+00:00,236,Chattanooga,2382,Mercer,consensus,1.5,,50,,,
401421132,2022,regular,8,2022-10-22 17:30:00+00:00,236,Chattanooga,2382,Mercer,William Hill (New Jersey),1.5,,50.5,,,
401421142,2022,regular,8,2022-10-22 18:00:00+00:00,2717,Western Carolina,2643,The Citadel,consensus,-15,,53,,,
401421142,2022,regular,8,2022-10-22 18:00:00+00:00,2717,Western Carolina,2643,The Citadel,William Hill (New Jersey),-15,,53,,,
401423149,2022,regular,8,2022-10-22 18:00:00+00:00,2181,Drake,2166,Davidson,consensus,12.5,,48,,,
401423149,2022,regular,8,2022-10-22 18:00:00+00:00,2181,Drake,2166,Davidson,William Hill (New Jersey),12.5,,48,,,
401423420,2022,regular,8,2022-10-22 17:00:00+00:00,2771,Merrimack,2529,Sacred Heart,consensus,-1.5,,47.5,,,
401423420,2022,regular,8,2022-10-22 17:00:00+00:00,2771,Merrimack,2529,Sacred Heart,William Hill (New Jersey),-1.5,,47.5,,,
401424398,2022,regular,8,2022-10-22 17:00:00+00:00,160,New Hampshire,2210,Elon,consensus,2.5,,44.5,,,
401424398,2022,regular,8,2022-10-22 17:00:00+00:00,160,New Hampshire,2210,Elon,William Hill (New Jersey),2.5,,45,,,
401424408,2022,regular,8,2022-10-22 17:00:00+00:00,2405,Monmouth,227,Rhode Island,consensus,1,,60,,,
401424408,2022,regular,8,2022-10-22 17:00:00+00:00,2405,Monmouth,227,Rhode Island,Caesars Sportsbook (Colorado),1,,60,,,
401428487,2022,regular,8,2022-10-22 17:00:00+00:00,2506,Presbyterian,2900,St. Thomas (MN),consensus,23,,54.5,,,
401428487,2022,regular,8,2022-10-22 17:00:00+00:00,2506,Presbyterian,2900,St. Thomas (MN),William Hill (New Jersey),23,,,,,
401424941,2022,regular,9,2022-10-29 19:00:00+00:00,2504,Prairie View A&M,2065,Bethune-Cookman,William Hill (New Jersey),-16.5,,56,,,
401425520,2022,regular,9,2022-10-29 19:00:00+00:00,79,Southern Illinois,2460,Northern Iowa,consensus,-5.5,,53.5,,,
401425520,2022,regular,9,2022-10-29 19:00:00+00:00,79,Southern Illinois,2460,Northern Iowa,William Hill (New Jersey),-5.5,,53.5,,,
401425425,2022,regular,9,2022-10-29 19:00:00+00:00,93,Murray State,2634,Tennessee State,William Hill (New Jersey),14,,50,,,
401418639,2022,regular,7,2022-10-15 22:00:00+00:00,2198,Eastern Kentucky,2534,Sam Houston,consensus,-6.5,,51.5,,,
401418639,2022,regular,7,2022-10-15 22:00:00+00:00,2198,Eastern Kentucky,2534,Sam Houston,William Hill (New Jersey),-6,,50.5,,,
401420782,2022,regular,7,2022-10-13 23:30:00+00:00,2428,North Carolina Central,2415,Morgan State,consensus,-14.5,,52.5,,,
401420782,2022,regular,7,2022-10-13 23:30:00+00:00,2428,North Carolina Central,2415,Morgan State,William Hill (New Jersey),-14.5,,52.5,,,
401424434,2022,regular,7,2022-10-15 19:30:00+00:00,399,UAlbany,2261,Hampton,William Hill (New Jersey),-14,,57,,,
401424435,2022,regular,7,2022-10-15 19:30:00+00:00,257,Richmond,222,Villanova,consensus,-4.5,,62.5,,,
401424435,2022,regular,7,2022-10-15 19:30:00+00:00,257,Richmond,222,Villanova,William Hill (New Jersey),-5.5,,62.5,,,
401424951,2022,regular,7,2022-10-15 18:00:00+00:00,2755,Grambling,50,Florida A&M,consensus,17,,56,,,
401424951,2022,regular,7,2022-10-15 18:00:00+00:00,2755,Grambling,50,Florida A&M,William Hill (New Jersey),17,,56,,,
401418602,2022,regular,12,2022-11-19 17:00:00+00:00,108,Harvard,43,Yale,consensus,-1.5,,52.5,,,
401418602,2022,regular,12,2022-11-19 17:00:00+00:00,108,Harvard,43,Yale,William Hill (New Jersey),-1.5,,52.5,,,
401423452,2022,regular,6,2022-10-08 19:00:00+00:00,2011,Alabama State,2296,Jackson State,consensus,26.5,,52.5,,,
401423452,2022,regular,6,2022-10-08 19:00:00+00:00,2011,Alabama State,2296,Jackson State,William Hill (New Jersey),27,,52.5,,,
401424938,2022,regular,6,2022-10-08 22:00:00+00:00,2634,Tennessee State,2065,Bethune-Cookman,William Hill (New Jersey),-7.5,,49.5,,,
401428191,2022,regular,6,2022-10-08 20:00:00+00:00,2097,Campbell,2127,Charleston Southern,consensus,-14,,55,,,
401428191,2022,regular,6,2022-10-08 20:00:00+00:00,2097,Campbell,2127,Charleston Southern,William Hill (New Jersey),-14,,55,,,
401432241,2022,regular,6,2022-10-08 17:00:00+00:00,2184,Duquesne,2771,Merrimack,consensus,-4.5,,45.5,,,
401432241,2022,regular,6,2022-10-08 17:00:00+00:00,2184,Duquesne,2771,Merrimack,William Hill (New Jersey),-4.5,,45,,,
401423001,2022,regular,6,2022-10-08 16:00:00+00:00,2329,Lehigh,2230,Fordham,consensus,16,,67.5,,,
401423001,2022,regular,6,2022-10-08 16:00:00+00:00,2329,Lehigh,2230,Fordham,William Hill (New Jersey),16,,67.5,,,
401418837,2022,regular,12,2022-11-19 17:00:00+00:00,2287,Illinois State,2710,Western Illinois,William Hill (New Jersey),-21,,37.5,,,
401424411,2022,regular,12,2022-11-19 17:00:00+00:00,2405,Monmouth,2619,Stony Brook,Caesars Sportsbook (Colorado),-14.5,,62.5,,,
401422925,2022,regular,7,2022-10-15 20:00:00+00:00,2382,Mercer,2193,East Tennessee State,consensus,-14,,52.5,,,
401422925,2022,regular,7,2022-10-15 20:00:00+00:00,2382,Mercer,2193,East Tennessee State,William Hill (New Jersey),-14,,52,,,
401413230,2022,regular,8,2022-10-23 00:00:00+00:00,13,Cal Poly,331,Eastern Washington,consensus,10,,75.5,,,
401413230,2022,regular,8,2022-10-23 00:00:00+00:00,13,Cal Poly,331,Eastern Washington,William Hill (New Jersey),10,,75.5,,,
401418599,2022,regular,8,2022-10-21 23:00:00+00:00,108,Harvard,163,Princeton,consensus,2.5,,47,,,
401418599,2022,regular,8,2022-10-21 23:00:00+00:00,108,Harvard,163,Princeton,Caesars Sportsbook (Colorado),1.5,,47,,,
401415199,2022,regular,6,2022-10-08 17:00:00+00:00,171,Columbia,2681,Wagner,consensus,-29.5,,50,,,
401415199,2022,regular,6,2022-10-08 17:00:00+00:00,171,Columbia,2681,Wagner,William Hill (New Jersey),-29.5,,50,,,
401418606,2022,regular,6,2022-10-08 16:00:00+00:00,43,Yale,159,Dartmouth,consensus,-4.5,,50,,,
401418606,2022,regular,6,2022-10-08 16:00:00+00:00,43,Yale,159,Dartmouth,William Hill (New Jersey),-4.5,,50,,,
401418831,2022,regular,6,2022-10-08 21:00:00+00:00,2460,Northern Iowa,2287,Illinois State,consensus,-8,,41.5,,,
401418831,2022,regular,6,2022-10-08 21:00:00+00:00,2460,Northern Iowa,2287,Illinois State,William Hill (New Jersey),-8,,40,,,
401426549,2022,regular,2,2022-09-10 23:30:00+00:00,249,North Texas,2640,Texas Southern,consensus,-38.5,,64.5,,,
401426549,2022,regular,2,2022-09-10 23:30:00+00:00,249,North Texas,2640,Texas Southern,William Hill (New Jersey),-38.5,,64.5,,,
401426550,2022,regular,2,2022-09-10 23:30:00+00:00,242,Rice,2377,McNeese,consensus,-7.5,,52.5,,,
401426550,2022,regular,2,2022-09-10 23:30:00+00:00,242,Rice,2377,McNeese,William Hill (New Jersey),-7,,52.5,,,
401421117,2022,regular,2,2022-09-11 00:00:00+00:00,2433,UL Monroe,2447,Nicholls,consensus,-4.5,,58.5,,,
401421117,2022,regular,2,2022-09-11 00:00:00+00:00,2433,UL Monroe,2447,Nicholls,William Hill (New Jersey),-4.5,,58.5,,,
401405075,2022,regular,2,2022-09-11 00:00:00+00:00,84,Indiana,70,Idaho,consensus,-24.5,,50.5,,,
401405075,2022,regular,2,2022-09-11 00:00:00+00:00,84,Indiana,70,Idaho,William Hill (New Jersey),-24.5,,50.5,,,
401420787,2022,regular,12,2022-11-19 17:00:00+00:00,2415,Morgan State,47,Howard,William Hill (New Jersey),5,,49,,,
401423143,2022,regular,12,2022-11-19 17:00:00+00:00,2086,Butler,2900,St. Thomas (MN),consensus,7.5,,47.5,,,
401423143,2022,regular,12,2022-11-19 17:00:00+00:00,2086,Butler,2900,St. Thomas (MN),William Hill (New Jersey),7.5,,47.5,,,
401421129,2022,regular,4,2022-09-23 00:30:00+00:00,356,Illinois,236,Chattanooga,consensus,-20,,44.5,,,
401421129,2022,regular,4,2022-09-23 00:30:00+00:00,356,Illinois,236,Chattanooga,William Hill (New Jersey),-20,,44,,,
401424932,2022,regular,9,2022-10-29 19:00:00+00:00,2755,Grambling,2016,Alcorn State,William Hill (New Jersey),8,,51.5,,,
401431406,2022,regular,9,2022-10-29 16:00:00+00:00,2368,Marist,2506,Presbyterian,William Hill (New Jersey),-13,,48.5,,,
401425415,2022,regular,9,2022-10-29 17:00:00+00:00,107,Holy Cross,2230,Fordham,consensus,-10.5,,68.5,,,
401425415,2022,regular,9,2022-10-29 17:00:00+00:00,107,Holy Cross,2230,Fordham,William Hill (New Jersey),-10,,68.5,,,
401432242,2022,regular,9,2022-10-29 16:00:00+00:00,2184,Duquesne,2341,Long Island University,William Hill (New Jersey),-13,,52.5,,,
401418632,2022,regular,4,2022-09-24 20:00:00+00:00,2046,Austin Peay,2198,Eastern Kentucky,consensus,-1.5,,63.5,,,
401418632,2022,regular,4,2022-09-24 20:00:00+00:00,2046,Austin Peay,2198,Eastern Kentucky,William Hill (New Jersey),-1.5,,63.5,,,
401413240,2022,regular,9,2022-10-29 20:00:00+00:00,331,Eastern Washington,2502,Portland State,William Hill (New Jersey),-10.5,,66,,,
401423924,2022,regular,11,2022-11-13 00:00:00+00:00,2640,Texas Southern,2755,Grambling,William Hill (New Jersey),-6.5,,55,,,
401413251,2022,regular,9,2022-10-30 01:00:00+00:00,16,Sacramento State,70,Idaho,consensus,-14,,62.5,,,
401413251,2022,regular,9,2022-10-30 01:00:00+00:00,16,Sacramento State,70,Idaho,William Hill (New Jersey),-13.5,,62.5,,,
401415202,2022,regular,9,2022-10-28 22:30:00+00:00,171,Columbia,43,Yale,consensus,5,,43.5,,,
401415202,2022,regular,9,2022-10-28 22:30:00+00:00,171,Columbia,43,Yale,William Hill (New Jersey),3,,41.5,,,
401418834,2022,regular,9,2022-10-29 19:30:00+00:00,2449,North Dakota State,2287,Illinois State,William Hill (New Jersey),-18,,41,,,
401420867,2022,regular,9,2022-10-29 20:00:00+00:00,2320,Lamar,2447,Nicholls,William Hill (New Jersey),7.5,,59,,,
401421143,2022,regular,9,2022-10-29 18:00:00+00:00,2643,The Citadel,2535,Samford,William Hill (New Jersey),15.5,,46,,,
401420811,2022,regular,8,2022-10-22 21:00:00+00:00,2460,Northern Iowa,2623,Missouri State,consensus,-1.5,,56.5,,,
401420811,2022,regular,8,2022-10-22 21:00:00+00:00,2460,Northern Iowa,2623,Missouri State,William Hill (New Jersey),-1.5,,58,,,
401424399,2022,regular,9,2022-10-29 19:30:00+00:00,2210,Elon,48,Delaware,William Hill (New Jersey),3,,46,,,
401413228,2022,regular,6,2022-10-08 20:00:00+00:00,2464,Northern Arizona,13,Cal Poly,William Hill (New Jersey),-10.5,,55,,,
401421141,2022,regular,6,2022-10-08 18:00:00+00:00,2643,The Citadel,231,Furman,consensus,10.5,,41.5,,,
401421141,2022,regular,6,2022-10-08 18:00:00+00:00,2643,The Citadel,231,Furman,William Hill (New Jersey),10.5,,41.5,,,
401420818,2022,regular,8,2022-10-22 20:00:00+00:00,155,North Dakota,2571,South Dakota State,consensus,10,,45.5,,,
401420818,2022,regular,8,2022-10-22 20:00:00+00:00,155,North Dakota,2571,South Dakota State,William Hill (New Jersey),10,,45.5,,,
401420874,2022,regular,8,2022-10-22 19:00:00+00:00,253,Southern Utah,2617,Stephen F. Austin,consensus,4.5,,46,,,
401420874,2022,regular,8,2022-10-22 19:00:00+00:00,253,Southern Utah,2617,Stephen F. Austin,William Hill (New Jersey),4.5,,46,,,
401462225,2022,regular,9,2022-10-30 00:00:00+00:00,2377,McNeese,2545,SE Louisiana,consensus,18,,60.5,,,
401462225,2022,regular,9,2022-10-30 00:00:00+00:00,2377,McNeese,2545,SE Louisiana,William Hill (New Jersey),18,,61,,,
401462518,2022,regular,9,2022-10-30 00:00:00+00:00,2627,Tarleton State,2534,Sam Houston,consensus,7.5,,46.5,,,
401462518,2022,regular,9,2022-10-30 00:00:00+00:00,2627,Tarleton State,2534,Sam Houston,William Hill (New Jersey),7.5,,46,,,
401422991,2022,regular,8,2022-10-22 19:30:00+00:00,322,Lafayette,107,Holy Cross,consensus,24.5,,38.5,,,
401422991,2022,regular,8,2022-10-22 19:30:00+00:00,322,Lafayette,107,Holy Cross,William Hill (New Jersey),25,,39.5,,,
401413231,2022,regular,9,2022-10-29 23:00:00+00:00,302,UC Davis,13,Cal Poly,consensus,-24.5,,60.5,,,
401413231,2022,regular,9,2022-10-29 23:00:00+00:00,302,UC Davis,13,Cal Poly,William Hill (New Jersey),-24.5,,60.5,,,
401424940,2022,regular,8,2022-10-22 20:00:00+00:00,2400,Mississippi Valley State,2065,Bethune-Cookman,consensus,4,,47.5,,,
401424940,2022,regular,8,2022-10-22 20:00:00+00:00,2400,Mississippi Valley State,2065,Bethune-Cookman,William Hill (New Jersey),4,,47.5,,,
401423921,2022,regular,8,2022-10-22 19:00:00+00:00,2016,Alcorn State,2640,Texas Southern,consensus,-9.5,,49.5,,,
401423921,2022,regular,8,2022-10-22 19:00:00+00:00,2016,Alcorn State,2640,Texas Southern,William Hill (New Jersey),-9.5,,49.5,,,
401424369,2022,regular,8,2022-10-22 20:00:00+00:00,119,Towson,2729,William & Mary,consensus,18.5,,48.5,,,
401424369,2022,regular,8,2022-10-22 20:00:00+00:00,119,Towson,2729,William & Mary,William Hill (New Jersey),18.5,,48.5,,,
401424439,2022,regular,8,2022-10-22 19:30:00+00:00,2619,Stony Brook,311,Maine,consensus,3.5,,43.5,,,
401424439,2022,regular,8,2022-10-22 19:30:00+00:00,2619,Stony Brook,311,Maine,William Hill (New Jersey),3.5,,43.5,,,
401428198,2022,regular,8,2022-10-22 22:00:00+00:00,2127,Charleston Southern,2241,Gardner-Webb,consensus,11.5,,55,,,
401428198,2022,regular,8,2022-10-22 22:00:00+00:00,2127,Charleston Southern,2241,Gardner-Webb,William Hill (New Jersey),11.5,,54.5,,,
401415171,2022,regular,3,2022-09-17 20:00:00+00:00,2464,Northern Arizona,155,North Dakota,William Hill (New Jersey),6,,48,,,
401415178,2022,regular,3,2022-09-17 23:00:00+00:00,2320,Lamar,2458,Northern Colorado,consensus,3,,51.5,,,
401415178,2022,regular,3,2022-09-17 23:00:00+00:00,2320,Lamar,2458,Northern Colorado,William Hill (New Jersey),3,,51.5,,,
401415183,2022,regular,3,2022-09-18 02:00:00+00:00,302,UC Davis,301,San Diego,consensus,-24,,53.5,,,
401415183,2022,regular,3,2022-09-18 02:00:00+00:00,302,UC Davis,301,San Diego,William Hill (New Jersey),-24,,52.5,,,
401421115,2022,regular,12,2022-11-19 18:00:00+00:00,2674,Valparaiso,2181,Drake,William Hill (New Jersey),-7.5,,48.5,,,
401424453,2022,regular,12,2022-11-19 17:00:00+00:00,311,Maine,160,New Hampshire,William Hill (New Jersey),5.5,,51.5,,,
401421100,2022,regular,10,2022-11-05 20:00:00+00:00,301,San Diego,2086,Butler,consensus,-6,,51.5,,,
401421100,2022,regular,10,2022-11-05 20:00:00+00:00,301,San Diego,2086,Butler,William Hill (New Jersey),-6,,52,,,
401422971,2022,regular,10,2022-11-05 19:00:00+00:00,2535,Samford,2678,VMI,William Hill (New Jersey),-28.5,,59.5,,,
401418813,2022,regular,6,2022-10-08 19:00:00+00:00,2197,Eastern Illinois,2466,Northwestern State,consensus,-9.5,,58,,,
401418813,2022,regular,6,2022-10-08 19:00:00+00:00,2197,Eastern Illinois,2466,Northwestern State,William Hill (New Jersey),-9.5,,58,,,
401420781,2022,regular,6,2022-10-08 17:00:00+00:00,2415,Morgan State,2450,Norfolk State,William Hill (New Jersey),-3.5,,48.5,,,
401420810,2022,regular,6,2022-10-08 19:00:00+00:00,2623,Missouri State,79,Southern Illinois,William Hill (New Jersey),-3.5,,62.5,,,
401420829,2022,regular,6,2022-10-08 19:00:00+00:00,2571,South Dakota State,233,South Dakota,consensus,-14.5,,43,,,
401420829,2022,regular,6,2022-10-08 19:00:00+00:00,2571,South Dakota State,233,South Dakota,William Hill (New Jersey),-14.5,,43,,,
401423915,2022,regular,6,2022-10-08 18:00:00+00:00,46,Georgetown,219,Pennsylvania,consensus,15,,41.5,,,
401423915,2022,regular,6,2022-10-08 18:00:00+00:00,46,Georgetown,219,Pennsylvania,William Hill (New Jersey),15,,41.5,,,
401423442,2022,regular,6,2022-10-08 18:00:00+00:00,2010,Alabama A&M,2755,Grambling,William Hill (New Jersey),-8,,57,,,
401424396,2022,regular,6,2022-10-08 18:00:00+00:00,2210,Elon,119,Towson,William Hill (New Jersey),-23,,48,,,
401424432,2022,regular,6,2022-10-08 18:00:00+00:00,2261,Hampton,311,Maine,William Hill (New Jersey),5.5,,49.5,,,
401428481,2022,regular,5,2022-10-01 17:00:00+00:00,2230,Fordham,46,Georgetown,consensus,-24,,66.5,,,
401428481,2022,regular,5,2022-10-01 17:00:00+00:00,2230,Fordham,46,Georgetown,William Hill (New Jersey),-24,,66.5,,,
401428486,2022,regular,5,2022-10-01 16:00:00+00:00,2368,Marist,2900,St. Thomas (MN),consensus,9,,49,,,
401428486,2022,regular,5,2022-10-01 16:00:00+00:00,2368,Marist,2900,St. Thomas (MN),William Hill (New Jersey),9,,49,,,
401413217,2022,regular,4,2022-09-24 20:00:00+00:00,2447,Nicholls,55,Jacksonville State,consensus,9,,57,,,
401413217,2022,regular,4,2022-09-24 20:00:00+00:00,2447,Nicholls,55,Jacksonville State,William Hill (New Jersey),8.5,,57,,,
401413247,2022,regular,4,2022-09-24 20:00:00+00:00,2464,Northern Arizona,70,Idaho,William Hill (New Jersey),-2.5,,48.5,,,
401404075,2022,regular,3,2022-09-17 23:00:00+00:00,197,Oklahoma State,2029,Arkansas-Pine Bluff,consensus,-54.5,,64.5,,,
401404075,2022,regular,3,2022-09-17 23:00:00+00:00,197,Oklahoma State,2029,Arkansas-Pine Bluff,William Hill (New Jersey),-54.5,,64.5,,,
401415218,2022,regular,3,2022-09-17 20:00:00+00:00,68,Boise State,2630,UT Martin,consensus,-24.5,,53.5,,,
401415218,2022,regular,3,2022-09-17 20:00:00+00:00,68,Boise State,2630,UT Martin,William Hill (New Jersey),-25,,53.5,,,
401403881,2022,regular,3,2022-09-17 23:00:00+00:00,8,Arkansas,2623,Missouri State,consensus,-26,,60,,,
401403881,2022,regular,3,2022-09-17 23:00:00+00:00,8,Arkansas,2623,Missouri State,William Hill (New Jersey),-26,,59.5,,,
401411112,2022,regular,3,2022-09-17 22:00:00+00:00,150,Duke,2448,North Carolina A&T,consensus,-30.5,,53,,,
401411112,2022,regular,3,2022-09-17 22:00:00+00:00,150,Duke,2448,North Carolina A&T,William Hill (New Jersey),-30.5,,53,,,
401415621,2022,regular,3,2022-09-17 22:00:00+00:00,151,East Carolina,2097,Campbell,consensus,-32.5,,58,,,
401415621,2022,regular,3,2022-09-17 22:00:00+00:00,151,East Carolina,2097,Campbell,William Hill (New Jersey),-32.5,,58,,,
401420790,2022,regular,4,2022-09-24 18:00:00+00:00,2450,Norfolk State,2598,St. Francis (PA),consensus,9.5,,47,,,
401420790,2022,regular,4,2022-09-24 18:00:00+00:00,2450,Norfolk State,2598,St. Francis (PA),William Hill (New Jersey),9.5,,47,,,
401403874,2022,regular,2,2022-09-10 23:00:00+00:00,145,Ole Miss,2110,Central Arkansas,consensus,-36.5,,61,,,
401403874,2022,regular,2,2022-09-10 23:00:00+00:00,145,Ole Miss,2110,Central Arkansas,William Hill (New Jersey),-36.5,,61,,,
401426546,2022,regular,2,2022-09-10 22:00:00+00:00,2226,Florida Atlantic,2545,SE Louisiana,consensus,-11,,63.5,,,
401426546,2022,regular,2,2022-09-10 22:00:00+00:00,2226,Florida Atlantic,2545,SE Louisiana,William Hill (New Jersey),-12,,63.5,,,
401411104,2022,regular,2,2022-09-10 23:00:00+00:00,59,Georgia Tech,2717,Western Carolina,consensus,-24.5,,65.5,,,
401411104,2022,regular,2,2022-09-10 23:00:00+00:00,59,Georgia Tech,2717,Western Carolina,William Hill (New Jersey),-24,,66,,,
401415615,2022,regular,2,2022-09-10 23:00:00+00:00,2655,Tulane,2016,Alcorn State,consensus,-35.5,,59.5,,,
401415615,2022,regular,2,2022-09-10 23:00:00+00:00,2655,Tulane,2016,Alcorn State,William Hill (New Jersey),-35.5,,59,,,
401421134,2022,regular,10,2022-11-05 18:00:00+00:00,2643,The Citadel,236,Chattanooga,William Hill (New Jersey),19.5,,39.5,,,
401415618,2022,regular,2,2022-09-10 23:00:00+00:00,58,South Florida,47,Howard,consensus,-39.5,,61.5,,,
401415618,2022,regular,2,2022-09-10 23:00:00+00:00,58,South Florida,47,Howard,William Hill (New Jersey),-40.5,,61.5,,,
401421114,2022,regular,10,2022-11-05 18:00:00+00:00,2674,Valparaiso,2900,St. Thomas (MN),consensus,6,,51.5,,,
401421114,2022,regular,10,2022-11-05 18:00:00+00:00,2674,Valparaiso,2900,St. Thomas (MN),William Hill (New Jersey),6,,50.5,,,
401422984,2022,regular,10,2022-11-05 17:00:00+00:00,2083,Bucknell,2230,Fordham,William Hill (New Jersey),24.5,,64.5,,,
401422984,2022,regular,10,2022-11-05 17:00:00+00:00,2083,Bucknell,2230,Fordham,consensus,24.5,,64.5,,,
401425517,2022,regular,10,2022-11-05 17:30:00+00:00,2569,South Carolina State,2169,Delaware State,William Hill (New Jersey),-7.5,,41,,,
401424410,2022,regular,10,2022-11-05 17:00:00+00:00,48,Delaware,2405,Monmouth,Caesars Sportsbook (Colorado),-10,,59.5,,,
401424443,2022,regular,10,2022-11-05 17:00:00+00:00,227,Rhode Island,311,Maine,William Hill (New Jersey),-15.5,,57,,,
401413210,2022,regular,10,2022-11-05 18:00:00+00:00,2717,Western Carolina,2747,Wofford,William Hill (New Jersey),-10,,60,,,
401418838,2022,regular,5,2022-10-01 21:00:00+00:00,2460,Northern Iowa,282,Indiana State,consensus,-23.5,,49,,,
401418838,2022,regular,5,2022-10-01 21:00:00+00:00,2460,Northern Iowa,282,Indiana State,William Hill (New Jersey),-23.5,,49,,,
401413257,2022,regular,2,2022-09-11 00:00:00+00:00,21,San Diego State,304,Idaho State,consensus,-33.5,,50.5,,,
401413257,2022,regular,2,2022-09-11 00:00:00+00:00,21,San Diego State,304,Idaho State,William Hill (New Jersey),-33,,50.5,,,
401403985,2022,regular,3,2022-09-18 03:00:00+00:00,12,Arizona,2449,North Dakota State,consensus,3,,49,,,
401403985,2022,regular,3,2022-09-18 03:00:00+00:00,12,Arizona,2449,North Dakota State,William Hill (New Jersey),3,,49,,,
401423919,2022,regular,3,2022-09-17 21:00:00+00:00,2582,Southern,2640,Texas Southern,consensus,7,,68.5,,,
401423919,2022,regular,3,2022-09-17 21:00:00+00:00,2582,Southern,2640,Texas Southern,William Hill (New Jersey),7,,68.5,,,
401418830,2022,regular,5,2022-10-01 23:30:00+00:00,2287,Illinois State,79,Southern Illinois,consensus,7.5,,50.5,,,
401418830,2022,regular,5,2022-10-01 23:30:00+00:00,2287,Illinois State,79,Southern Illinois,William Hill (New Jersey),7.5,,51,,,
401423926,2022,regular,5,2022-10-01 23:00:00+00:00,2582,Southern,2029,Arkansas-Pine Bluff,consensus,-14,,60,,,
401423926,2022,regular,5,2022-10-01 23:00:00+00:00,2582,Southern,2029,Arkansas-Pine Bluff,William Hill (New Jersey),-14,,60,,,
401413207,2022,regular,6,2022-10-08 17:00:00+00:00,2535,Samford,2747,Wofford,consensus,-20,,51,,,
401413207,2022,regular,6,2022-10-08 17:00:00+00:00,2535,Samford,2747,Wofford,William Hill (New Jersey),-20,,51,,,
401435487,2022,regular,5,2022-10-01 23:00:00+00:00,2448,North Carolina A&T,2803,Bryant,consensus,-5.5,,54.5,,,
401435487,2022,regular,5,2022-10-01 23:00:00+00:00,2448,North Carolina A&T,2803,Bryant,William Hill (New Jersey),-5.5,,53.5,,,
401415407,2022,regular,6,2022-10-07 23:00:00+00:00,172,Cornell,108,Harvard,consensus,11.5,,50.5,,,
401420831,2022,regular,12,2022-11-19 19:00:00+00:00,233,South Dakota,2460,Northern Iowa,William Hill (New Jersey),5,,47,,,
401425455,2022,regular,12,2022-11-19 19:00:00+00:00,2546,Southeast Missouri State,93,Murray State,William Hill (New Jersey),-27.5,,55.5,,,
401415204,2022,regular,12,2022-11-19 18:00:00+00:00,171,Columbia,172,Cornell,William Hill (New Jersey),-5,,44,,,
401415195,2022,regular,12,2022-11-19 18:30:00+00:00,159,Dartmouth,225,Brown,William Hill (New Jersey),-10.5,,50.5,,,
401413344,2022,regular,8,2022-10-22 19:00:00+00:00,147,Montana State,2692,Weber State,consensus,3,,53.5,,,
401413344,2022,regular,8,2022-10-22 19:00:00+00:00,147,Montana State,2692,Weber State,William Hill (New Jersey),3,,53.5,,,
401424442,2022,regular,9,2022-10-29 17:00:00+00:00,311,Maine,257,Richmond,William Hill (New Jersey),14.5,,54.5,,,
401415191,2022,regular,8,2022-10-22 16:30:00+00:00,225,Brown,172,Cornell,consensus,-2.5,,58.5,,,
401415191,2022,regular,8,2022-10-22 16:30:00+00:00,225,Brown,172,Cornell,William Hill (New Jersey),-2.5,,58.5,,,
401415180,2022,regular,8,2022-10-22 19:00:00+00:00,2458,Northern Colorado,302,UC Davis,consensus,19,,60,,,
401415180,2022,regular,8,2022-10-22 19:00:00+00:00,2458,Northern Colorado,302,UC Davis,William Hill (New Jersey),19,,61.5,,,
401415201,2022,regular,8,2022-10-22 17:30:00+00:00,171,Columbia,159,Dartmouth,consensus,-2,,38,,,
401415201,2022,regular,8,2022-10-22 17:30:00+00:00,171,Columbia,159,Dartmouth,William Hill (New Jersey),-3,,38,,,
401413337,2022,regular,8,2022-10-23 03:00:00+00:00,16,Sacramento State,149,Montana,consensus,-5,,53,,,
401413337,2022,regular,8,2022-10-23 03:00:00+00:00,16,Sacramento State,149,Montana,William Hill (New Jersey),-5,,53.5,,,
401418640,2022,regular,8,2022-10-22 19:00:00+00:00,2198,Eastern Kentucky,2453,North Alabama,consensus,-13.5,,67.5,,,
401418640,2022,regular,8,2022-10-22 19:00:00+00:00,2198,Eastern Kentucky,2453,North Alabama,William Hill (New Jersey),-13.5,,67.5,,,
401413262,2022,regular,8,2022-10-22 19:00:00+00:00,304,Idaho State,2464,Northern Arizona,consensus,3.5,,52,,,
401413262,2022,regular,8,2022-10-22 19:00:00+00:00,304,Idaho State,2464,Northern Arizona,William Hill (New Jersey),3.5,,54,,,
401413250,2022,regular,8,2022-10-22 19:00:00+00:00,70,Idaho,2502,Portland State,consensus,-12,,57.5,,,
401413250,2022,regular,8,2022-10-22 19:00:00+00:00,70,Idaho,2502,Portland State,William Hill (New Jersey),-12.5,,57.5,,,
401424441,2022,regular,9,2022-10-29 17:00:00+00:00,222,Villanova,2261,Hampton,William Hill (New Jersey),-22.5,,57.5,,,
401424447,2022,regular,11,2022-11-12 18:00:00+00:00,48,Delaware,257,Richmond,William Hill (New Jersey),-4,,45.5,,,
401424449,2022,regular,11,2022-11-12 18:00:00+00:00,2619,Stony Brook,119,Towson,consensus,5.5,,43.5,,,
401424449,2022,regular,11,2022-11-12 18:00:00+00:00,2619,Stony Brook,119,Towson,William Hill (New Jersey),5.5,,43.5,,,
401424448,2022,regular,11,2022-11-12 18:00:00+00:00,160,New Hampshire,227,Rhode Island,William Hill (New Jersey),1,,52.5,,,
401420876,2022,regular,11,2022-11-12 22:00:00+00:00,2617,Stephen F. Austin,2110,Central Arkansas,William Hill (New Jersey),0,,74.5,,,
401423952,2022,regular,11,2022-11-12 20:00:00+00:00,2582,Southern,2400,Mississippi Valley State,William Hill (New Jersey),-20.5,,47.5,,,
401423455,2022,regular,11,2022-11-12 20:00:00+00:00,2011,Alabama State,50,Florida A&M,consensus,4.5,,36.5,,,
401423455,2022,regular,11,2022-11-12 20:00:00+00:00,2011,Alabama State,50,Florida A&M,William Hill (New Jersey),4.5,,36.5,,,
401403982,2022,regular,2,2022-09-10 17:30:00+00:00,254,Utah,253,Southern Utah,consensus,-45.5,,58.5,,,
401403982,2022,regular,2,2022-09-10 17:30:00+00:00,254,Utah,253,Southern Utah,William Hill (New Jersey),-45.5,,58.5,,,
401420875,2022,regular,7,2022-10-15 23:00:00+00:00,2617,Stephen F. Austin,2627,Tarleton State,consensus,-7.5,,62,,,
401420875,2022,regular,7,2022-10-15 23:00:00+00:00,2617,Stephen F. Austin,2627,Tarleton State,William Hill (New Jersey),-7,,62,,,
401411106,2022,regular,2,2022-09-10 16:30:00+00:00,152,NC State,2127,Charleston Southern,consensus,-45.5,,55,,,
401411106,2022,regular,2,2022-09-10 16:30:00+00:00,152,NC State,2127,Charleston Southern,William Hill (New Jersey),-45.5,,55.5,,,
401405071,2022,regular,2,2022-09-10 16:00:00+00:00,135,Minnesota,2710,Western Illinois,consensus,-41,,56.5,,,
401405071,2022,regular,2,2022-09-10 16:00:00+00:00,135,Minnesota,2710,Western Illinois,William Hill (New Jersey),-41,,58,,,
401405074,2022,regular,2,2022-09-10 20:00:00+00:00,2509,Purdue,282,Indiana State,consensus,-37,,54,,,
401405074,2022,regular,2,2022-09-10 20:00:00+00:00,2509,Purdue,282,Indiana State,William Hill (New Jersey),-37,,54,,,
401415216,2022,regular,2,2022-09-10 21:30:00+00:00,2440,Nevada,2916,Incarnate Word,consensus,-4,,61.5,,,
401415216,2022,regular,2,2022-09-10 21:30:00+00:00,2440,Nevada,2916,Incarnate Word,William Hill (New Jersey),-4,,61.5,,,
401416599,2022,regular,2,2022-09-10 22:00:00+00:00,193,Miami (OH),2523,Robert Morris,consensus,-30,,54,,,
401416599,2022,regular,2,2022-09-10 22:00:00+00:00,193,Miami (OH),2523,Robert Morris,William Hill (New Jersey),-30,,54,,,
401423431,2022,regular,11,2022-11-12 17:00:00+00:00,2598,St. Francis (PA),2184,Duquesne,William Hill (New Jersey),-13,,52,,,
401423423,2022,regular,11,2022-11-12 17:00:00+00:00,2681,Wagner,2529,Sacred Heart,William Hill (New Jersey),17,,48,,,
401423439,2022,regular,2,2022-09-10 23:00:00+00:00,2653,Troy,2010,Alabama A&M,consensus,-37.5,,52,,,
401423439,2022,regular,2,2022-09-10 23:00:00+00:00,2653,Troy,2010,Alabama A&M,William Hill (New Jersey),-37.5,,52,,,
401426547,2022,regular,2,2022-09-10 23:00:00+00:00,2348,Louisiana Tech,2617,Stephen F. Austin,consensus,-6.5,,64.5,,,
401426547,2022,regular,2,2022-09-10 23:00:00+00:00,2348,Louisiana Tech,2617,Stephen F. Austin,William Hill (New Jersey),-6.5,,65.5,,,
401424445,2022,regular,10,2022-11-05 18:00:00+00:00,119,Towson,222,Villanova,William Hill (New Jersey),10.5,,53.5,,,
401403873,2022,regular,2,2022-09-10 23:30:00+00:00,99,LSU,2582,Southern,consensus,-44.5,,58,,,
401403873,2022,regular,2,2022-09-10 23:30:00+00:00,99,LSU,2582,Southern,William Hill (New Jersey),-44.5,,57,,,
401422929,2022,regular,4,2022-09-24 19:00:00+00:00,2535,Samford,2717,Western Carolina,consensus,-3.5,,77,,,
401422929,2022,regular,4,2022-09-24 19:00:00+00:00,2535,Samford,2717,Western Carolina,William Hill (New Jersey),-3.5,,77,,,
401403983,2022,regular,2,2022-09-10 20:00:00+00:00,264,Washington,2502,Portland State,consensus,-31,,55,,,
401403983,2022,regular,2,2022-09-10 20:00:00+00:00,264,Washington,2502,Portland State,William Hill (New Jersey),-31,,55,,,
401422989,2022,regular,4,2022-09-24 17:00:00+00:00,219,Pennsylvania,322,Lafayette,William Hill (New Jersey),-11.5,,36,,,
401420788,2022,regular,2,2022-09-10 20:00:00+00:00,256,James Madison,2450,Norfolk State,consensus,-41.5,,54.5,,,
401420788,2022,regular,2,2022-09-10 20:00:00+00:00,256,James Madison,2450,Norfolk State,William Hill (New Jersey),-42.5,,54,,,
401415616,2022,regular,2,2022-09-10 23:00:00+00:00,2567,SMU,2320,Lamar,consensus,-48.5,,66,,,
401415616,2022,regular,2,2022-09-10 23:00:00+00:00,2567,SMU,2320,Lamar,William Hill (New Jersey),-48.5,,65.5,,,
401404067,2022,regular,2,2022-09-11 00:00:00+00:00,2628,TCU,2627,Tarleton State,consensus,-40,,66.5,,,
401404067,2022,regular,2,2022-09-11 00:00:00+00:00,2628,TCU,2627,Tarleton State,William Hill (New Jersey),-40,,66.5,,,
401415032,2022,regular,3,2022-09-17 23:00:00+00:00,2572,Southern Miss,2466,Northwestern State,consensus,-32.5,,50.5,,,
401415032,2022,regular,3,2022-09-17 23:00:00+00:00,2572,Southern Miss,2466,Northwestern State,William Hill (New Jersey),-33,,50.5,,,
401426557,2022,regular,3,2022-09-17 23:00:00+00:00,2393,Middle Tennessee,2634,Tennessee State,consensus,-19.5,,52.5,,,
401426557,2022,regular,3,2022-09-17 23:00:00+00:00,2393,Middle Tennessee,2634,Tennessee State,William Hill (New Jersey),-19.5,,52,,,
401404139,2022,regular,7,2022-10-15 16:00:00+00:00,349,Army,2142,Colgate,consensus,-31,,51,,,
401404139,2022,regular,7,2022-10-15 16:00:00+00:00,349,Army,2142,Colgate,William Hill (New Jersey),-31,,51,,,
401404162,2022,regular,7,2022-10-15 19:30:00+00:00,2335,Liberty,2241,Gardner-Webb,consensus,-24.5,,55,,,
401404162,2022,regular,7,2022-10-15 19:30:00+00:00,2335,Liberty,2241,Gardner-Webb,William Hill (New Jersey),-24.5,,55,,,
401413339,2022,regular,12,2022-11-19 19:00:00+00:00,147,Montana State,149,Montana,consensus,1.5,,58.5,,,
401413339,2022,regular,12,2022-11-19 19:00:00+00:00,147,Montana State,149,Montana,William Hill (New Jersey),1.5,,58.5,,,
401420843,2022,regular,5,2022-10-01 18:00:00+00:00,2815,Lindenwood,2546,Southeast Missouri State,consensus,18.5,,58,,,
401420843,2022,regular,5,2022-10-01 18:00:00+00:00,2815,Lindenwood,2546,Southeast Missouri State,William Hill (New Jersey),18.5,,60,,,
401426670,2022,regular,6,2022-10-08 21:00:00+00:00,2110,Central Arkansas,2815,Lindenwood,consensus,-22.5,,65.5,,,
401426670,2022,regular,6,2022-10-08 21:00:00+00:00,2110,Central Arkansas,2815,Lindenwood,William Hill (New Jersey),-21.5,,66,,,
401403872,2022,regular,2,2022-09-10 20:00:00+00:00,61,Georgia,2535,Samford,consensus,-53,,62.5,,,
401403872,2022,regular,2,2022-09-10 20:00:00+00:00,61,Georgia,2535,Samford,William Hill (New Jersey),-53,,62.5,,,
401415614,2022,regular,2,2022-09-10 18:00:00+00:00,218,Temple,322,Lafayette,consensus,-13.5,,39.5,,,
401415614,2022,regular,2,2022-09-10 18:00:00+00:00,218,Temple,322,Lafayette,William Hill (New Jersey),-14.5,,39.5,,,
401403981,2022,regular,2,2022-09-10 21:00:00+00:00,26,UCLA,2011,Alabama State,consensus,-48.5,,61.5,,,
401403981,2022,regular,2,2022-09-10 21:00:00+00:00,26,UCLA,2011,Alabama State,William Hill (New Jersey),-48.5,,62.5,,,
401411102,2022,regular,2,2022-09-10 19:30:00+00:00,228,Clemson,231,Furman,consensus,-45.5,,51.5,,,
401411102,2022,regular,2,2022-09-10 19:30:00+00:00,228,Clemson,231,Furman,William Hill (New Jersey),-45.5,,51.5,,,
401428479,2022,regular,10,2022-11-05 18:30:00+00:00,2635,Tennessee Tech,2815,Lindenwood,consensus,-4,,62.5,,,
401428479,2022,regular,10,2022-11-05 18:30:00+00:00,2635,Tennessee Tech,2815,Lindenwood,William Hill (New Jersey),-4,,62.5,,,
401413261,2022,regular,6,2022-10-08 20:00:00+00:00,147,Montana State,304,Idaho State,consensus,-25.5,,59,,,
401413261,2022,regular,6,2022-10-08 20:00:00+00:00,147,Montana State,304,Idaho State,William Hill (New Jersey),-25.5,,59,,,
401413238,2022,regular,6,2022-10-09 00:00:00+00:00,2692,Weber State,331,Eastern Washington,consensus,-16,,66.5,,,
401413238,2022,regular,6,2022-10-09 00:00:00+00:00,2692,Weber State,331,Eastern Washington,William Hill (New Jersey),-16,,66.5,,,
401421097,2022,regular,6,2022-10-08 18:00:00+00:00,2181,Drake,301,San Diego,consensus,7.5,,48,,,
401421097,2022,regular,6,2022-10-08 18:00:00+00:00,2181,Drake,301,San Diego,William Hill (New Jersey),7.5,,48,,,
401420850,2022,regular,7,2022-10-15 20:00:00+00:00,2447,Nicholls,2916,Incarnate Word,consensus,25.5,,72.5,,,
401420850,2022,regular,7,2022-10-15 20:00:00+00:00,2447,Nicholls,2916,Incarnate Word,William Hill (New Jersey),25.5,,72.5,,,
401418829,2022,regular,3,2022-09-17 23:30:00+00:00,2287,Illinois State,2197,Eastern Illinois,consensus,-15.5,,41.5,,,
401418829,2022,regular,3,2022-09-17 23:30:00+00:00,2287,Illinois State,2197,Eastern Illinois,William Hill (New Jersey),-15.5,,41.5,,,
401421122,2022,regular,3,2022-09-17 23:00:00+00:00,2545,SE Louisiana,2115,Central Connecticut,consensus,-21.5,,56,,,
401421122,2022,regular,3,2022-09-17 23:00:00+00:00,2545,SE Louisiana,2115,Central Connecticut,William Hill (New Jersey),-21,,56,,,
401413260,2022,regular,5,2022-10-01 19:00:00+00:00,304,Idaho State,149,Montana,consensus,33,,53,,,
401413260,2022,regular,5,2022-10-01 19:00:00+00:00,304,Idaho State,149,Montana,William Hill (New Jersey),33,,53,,,
401421157,2022,regular,3,2022-09-17 23:30:00+00:00,2193,East Tennessee State,231,Furman,consensus,-2.5,,47.5,,,
401421157,2022,regular,3,2022-09-17 23:30:00+00:00,2193,East Tennessee State,231,Furman,William Hill (New Jersey),-2.5,,47.5,,,
401423426,2022,regular,3,2022-09-17 20:00:00+00:00,2681,Wagner,2598,St. Francis (PA),William Hill (New Jersey),17,,50,,,
401422928,2022,regular,3,2022-09-17 23:00:00+00:00,2635,Tennessee Tech,2535,Samford,consensus,16,,60.5,,,
401422928,2022,regular,3,2022-09-17 23:00:00+00:00,2635,Tennessee Tech,2535,Samford,William Hill (New Jersey),16,,60.5,,,
401422974,2022,regular,6,2022-10-08 17:30:00+00:00,2678,VMI,2193,East Tennessee State,consensus,7,,50.5,,,
401422974,2022,regular,6,2022-10-08 17:30:00+00:00,2678,VMI,2193,East Tennessee State,William Hill (New Jersey),7,,51,,,
401418642,2022,regular,10,2022-11-05 21:00:00+00:00,2198,Eastern Kentucky,2110,Central Arkansas,consensus,-1,,70.5,,,
401418642,2022,regular,10,2022-11-05 21:00:00+00:00,2198,Eastern Kentucky,2110,Central Arkansas,William Hill (New Jersey),-1,,68.5,,,
401423414,2022,regular,6,2022-10-08 17:00:00+00:00,56,Stetson,2368,Marist,consensus,-5.5,,56.5,,,
401423414,2022,regular,6,2022-10-08 17:00:00+00:00,56,Stetson,2368,Marist,William Hill (New Jersey),-5.5,,57.5,,,
401423147,2022,regular,6,2022-10-08 18:00:00+00:00,2900,St. Thomas (MN),2166,Davidson,consensus,6,,54.5,,,
401423147,2022,regular,6,2022-10-08 18:00:00+00:00,2900,St. Thomas (MN),2166,Davidson,William Hill (New Jersey),6,,54,,,
401418835,2022,regular,10,2022-11-05 19:00:00+00:00,2287,Illinois State,2754,Youngstown State,William Hill (New Jersey),-1.5,,41,,,
401424950,2022,regular,6,2022-10-08 18:00:00+00:00,2569,South Carolina State,50,Florida A&M,consensus,2.5,,54.5,,,
401424950,2022,regular,6,2022-10-08 18:00:00+00:00,2569,South Carolina State,50,Florida A&M,William Hill (New Jersey),2.5,,54.5,,,
401424406,2022,regular,6,2022-10-08 17:00:00+00:00,2405,Monmouth,399,UAlbany,Caesars Sportsbook (Colorado),-11.5,,64,,,
401420804,2022,regular,10,2022-11-05 18:00:00+00:00,2428,North Carolina Central,47,Howard,consensus,-7,,59,,,
401420804,2022,regular,10,2022-11-05 18:00:00+00:00,2428,North Carolina Central,47,Howard,William Hill (New Jersey),-6,,59,,,
401420813,2022,regular,10,2022-11-05 18:00:00+00:00,233,South Dakota,2623,Missouri State,consensus,3.5,,53.5,,,
401420813,2022,regular,10,2022-11-05 18:00:00+00:00,233,South Dakota,2623,Missouri State,William Hill (New Jersey),3.5,,53.5,,,
401424945,2022,regular,10,2022-11-05 19:00:00+00:00,2755,Grambling,2029,Arkansas-Pine Bluff,consensus,-9.5,,55,,,
401424945,2022,regular,10,2022-11-05 19:00:00+00:00,2755,Grambling,2029,Arkansas-Pine Bluff,William Hill (New Jersey),-10,,55,,,
401424444,2022,regular,10,2022-11-05 19:30:00+00:00,257,Richmond,160,New Hampshire,William Hill (New Jersey),-12.5,,48,,,
401424933,2022,regular,10,2022-11-04 23:30:00+00:00,2504,Prairie View A&M,2016,Alcorn State,consensus,-9,,51,,,
401424933,2022,regular,10,2022-11-04 23:30:00+00:00,2504,Prairie View A&M,2016,Alcorn State,William Hill (New Jersey),-9.5,,51,,,
401425454,2022,regular,11,2022-11-12 20:00:00+00:00,2197,Eastern Illinois,2546,Southeast Missouri State,William Hill (New Jersey),20,,58.5,,,
401415193,2022,regular,10,2022-11-05 16:00:00+00:00,43,Yale,225,Brown,consensus,-13,,57,,,
401415193,2022,regular,10,2022-11-05 16:00:00+00:00,43,Yale,225,Brown,William Hill (New Jersey),-12.5,,57,,,
401421105,2022,regular,6,2022-10-08 16:00:00+00:00,2506,Presbyterian,2674,Valparaiso,consensus,16.5,,53,,,
401421105,2022,regular,6,2022-10-08 16:00:00+00:00,2506,Presbyterian,2674,Valparaiso,William Hill (New Jersey),16.5,,53,,,
401413259,2022,regular,4,2022-09-24 19:00:00+00:00,2458,Northern Colorado,304,Idaho State,consensus,-3.5,,54,,,
401413259,2022,regular,4,2022-09-24 19:00:00+00:00,2458,Northern Colorado,304,Idaho State,William Hill (New Jersey),-3.5,,54,,,
401413336,2022,regular,4,2022-09-24 20:00:00+00:00,149,Montana,2502,Portland State,William Hill (New Jersey),-22.5,,49.5,,,
401415187,2022,regular,4,2022-09-24 16:30:00+00:00,225,Brown,108,Harvard,consensus,16.5,,61.5,,,
401415187,2022,regular,4,2022-09-24 16:30:00+00:00,225,Brown,108,Harvard,William Hill (New Jersey),16.5,,60.5,,,
401415184,2022,regular,4,2022-09-25 02:00:00+00:00,302,UC Davis,2692,Weber State,consensus,3,,50.5,,,
401415184,2022,regular,4,2022-09-25 02:00:00+00:00,302,UC Davis,2692,Weber State,William Hill (New Jersey),2.5,,50.5,,,
401415405,2022,regular,4,2022-09-24 18:00:00+00:00,172,Cornell,43,Yale,consensus,9,,52,,,
401415405,2022,regular,4,2022-09-24 18:00:00+00:00,172,Cornell,43,Yale,William Hill (New Jersey),9,,52,,,
401411097,2022,regular,1,2022-09-03 19:30:00+00:00,2390,Miami,2065,Bethune-Cookman,consensus,-49.5,,60.5,,,
401411097,2022,regular,1,2022-09-03 19:30:00+00:00,2390,Miami,2065,Bethune-Cookman,William Hill (New Jersey),-49.5,,60.5,,,
401421110,2022,regular,11,2022-11-12 17:00:00+00:00,2368,Marist,2674,Valparaiso,William Hill (New Jersey),2,,48,,,
401422985,2022,regular,11,2022-11-12 17:30:00+00:00,46,Georgetown,2083,Bucknell,William Hill (New Jersey),-6.5,,47.5,,,
401428200,2022,regular,11,2022-11-12 17:00:00+00:00,2448,North Carolina A&T,2127,Charleston Southern,William Hill (New Jersey),-9.5,,54.5,,,
401422994,2022,regular,11,2022-11-12 18:00:00+00:00,2230,Fordham,322,Lafayette,William Hill (New Jersey),-21.5,,66.5,,,
401423161,2022,regular,11,2022-11-12 18:00:00+00:00,2168,Dayton,2413,Morehead State,William Hill (New Jersey),-14,,56.5,,,
401443323,2022,regular,11,2022-11-12 17:00:00+00:00,107,Holy Cross,2803,Bryant,consensus,-21.5,,63.5,,,
401443323,2022,regular,11,2022-11-12 17:00:00+00:00,107,Holy Cross,2803,Bryant,William Hill (New Jersey),-20.5,,63.5,,,
401424446,2022,regular,11,2022-11-12 17:00:00+00:00,399,UAlbany,311,Maine,William Hill (New Jersey),-5,,61,,,
401424392,2022,regular,11,2022-11-12 18:00:00+00:00,2729,William & Mary,222,Villanova,consensus,-10.5,,52.5,,,
401424392,2022,regular,11,2022-11-12 18:00:00+00:00,2729,William & Mary,222,Villanova,William Hill (New Jersey),-10.5,,53,,,
401431402,2022,regular,11,2022-11-12 17:00:00+00:00,43,Yale,163,Princeton,Caesars Sportsbook (Colorado),3,,45.5,,,
401413219,2022,regular,7,2022-10-15 23:00:00+00:00,2453,North Alabama,55,Jacksonville State,consensus,15.5,,60.5,,,
401413219,2022,regular,7,2022-10-15 23:00:00+00:00,2453,North Alabama,55,Jacksonville State,William Hill (New Jersey),15.5,,60.5,,,
401423443,2022,regular,7,2022-10-16 20:00:00+00:00,2029,Arkansas-Pine Bluff,2010,Alabama A&M,William Hill (New Jersey),10.5,,56,,,
401420819,2022,regular,11,2022-11-12 18:00:00+00:00,155,North Dakota,233,South Dakota,consensus,-8.5,,49.5,,,
401420819,2022,regular,11,2022-11-12 18:00:00+00:00,155,North Dakota,233,South Dakota,William Hill (New Jersey),-8.5,,49.5,,,
401425419,2022,regular,5,2022-10-01 23:00:00+00:00,2755,Grambling,2504,Prairie View A&M,consensus,13,,48.5,,,
401425419,2022,regular,5,2022-10-01 23:00:00+00:00,2755,Grambling,2504,Prairie View A&M,William Hill (New Jersey),13,,48.5,,,
401424401,2022,regular,11,2022-11-12 18:00:00+00:00,2261,Hampton,2210,Elon,William Hill (New Jersey),17.5,,42.5,,,
401403990,2022,regular,3,2022-09-18 00:00:00+00:00,204,Oregon State,147,Montana State,consensus,-16.5,,56.5,,,
401403990,2022,regular,3,2022-09-18 00:00:00+00:00,204,Oregon State,147,Montana State,William Hill (New Jersey),-17.5,,56.5,,,
401403926,2022,regular,8,2022-10-22 16:00:00+00:00,2633,Tennessee,2630,UT Martin,consensus,-38.5,,71.5,,,
401403926,2022,regular,8,2022-10-22 16:00:00+00:00,2633,Tennessee,2630,UT Martin,William Hill (New Jersey),-39,,71.5,,,
401426360,2022,regular,9,2022-10-29 19:30:00+00:00,2026,App State,2523,Robert Morris,consensus,-50,,59.5,,,
401426360,2022,regular,9,2022-10-29 19:30:00+00:00,2026,App State,2523,Robert Morris,William Hill (New Jersey),-50,,59.5,,,
401415408,2022,regular,7,2022-10-15 17:00:00+00:00,172,Cornell,2329,Lehigh,consensus,-7.5,,48.5,,,
401415408,2022,regular,7,2022-10-15 17:00:00+00:00,172,Cornell,2329,Lehigh,William Hill (New Jersey),-7.5,,48.5,,,
401418598,2022,regular,7,2022-10-15 20:00:00+00:00,47,Howard,108,Harvard,consensus,17.5,,54.5,,,
401418598,2022,regular,7,2022-10-15 20:00:00+00:00,47,Howard,108,Harvard,William Hill (New Jersey),17,,54.5,,,
401415179,2022,regular,6,2022-10-09 01:00:00+00:00,16,Sacramento State,2458,Northern Colorado,consensus,-29.5,,68,,,
401415179,2022,regular,6,2022-10-09 01:00:00+00:00,16,Sacramento State,2458,Northern Colorado,Caesars Sportsbook (Colorado),-29.5,,68,,,
401415189,2022,regular,6,2022-10-08 17:00:00+00:00,2115,Central Connecticut,225,Brown,consensus,7,,60,,,
401415189,2022,regular,6,2022-10-08 17:00:00+00:00,2115,Central Connecticut,225,Brown,William Hill (New Jersey),7,,60,,,
401425414,2022,regular,4,2022-09-24 17:00:00+00:00,2142,Colgate,107,Holy Cross,consensus,20.5,,49,,,
401425414,2022,regular,4,2022-09-24 17:00:00+00:00,2142,Colgate,107,Holy Cross,William Hill (New Jersey),20.5,,49,,,
401426671,2022,regular,4,2022-09-24 20:00:00+00:00,2710,Western Illinois,2460,Northern Iowa,consensus,16.5,,54,,,
401426671,2022,regular,4,2022-09-24 20:00:00+00:00,2710,Western Illinois,2460,Northern Iowa,Caesars Sportsbook (Colorado),15,,54,,,
401415188,2022,regular,5,2022-10-01 22:00:00+00:00,227,Rhode Island,225,Brown,consensus,-16.5,,66,,,
401415188,2022,regular,5,2022-10-01 22:00:00+00:00,227,Rhode Island,225,Brown,William Hill (New Jersey),-16.5,,66,,,
401424949,2022,regular,5,2022-10-01 22:00:00+00:00,50,Florida A&M,2400,Mississippi Valley State,consensus,-24.5,,48.5,,,
401424949,2022,regular,5,2022-10-01 22:00:00+00:00,50,Florida A&M,2400,Mississippi Valley State,William Hill (New Jersey),-24.5,,48.5,,,
401413216,2022,regular,3,2022-09-17 23:00:00+00:00,202,Tulsa,55,Jacksonville State,consensus,-12,,64,,,
401413216,2022,regular,3,2022-09-17 23:00:00+00:00,202,Tulsa,55,Jacksonville State,William Hill (New Jersey),-12,,64,,,
401409241,2022,regular,11,2022-11-12 19:00:00+00:00,166,New Mexico State,2320,Lamar,consensus,-22,,48.5,,,
401409241,2022,regular,11,2022-11-12 19:00:00+00:00,166,New Mexico State,2320,Lamar,William Hill (New Jersey),-22,,48.5,,,
401420783,2022,regular,8,2022-10-22 19:00:00+00:00,48,Delaware,2415,Morgan State,consensus,-33.5,,47.5,,,
401420783,2022,regular,8,2022-10-22 19:00:00+00:00,48,Delaware,2415,Morgan State,William Hill (New Jersey),-33,,47.5,,,
401418607,2022,regular,7,2022-10-15 17:30:00+00:00,159,Dartmouth,160,New Hampshire,consensus,-3,,48,,,
401418607,2022,regular,7,2022-10-15 17:30:00+00:00,159,Dartmouth,160,New Hampshire,William Hill (New Jersey),-3,,48,,,
401418781,2022,regular,11,2022-11-12 22:00:00+00:00,2453,North Alabama,2635,Tennessee Tech,William Hill (New Jersey),-3,,66.5,,,
401418836,2022,regular,11,2022-11-12 20:00:00+00:00,2571,South Dakota State,2287,Illinois State,William Hill (New Jersey),-21,,38.5,,,
401420814,2022,regular,11,2022-11-12 20:00:00+00:00,2623,Missouri State,2754,Youngstown State,William Hill (New Jersey),-4,,57.5,,,
401421101,2022,regular,11,2022-11-12 22:00:00+00:00,301,San Diego,2166,Davidson,William Hill (New Jersey),4.5,,57.5,,,
401421162,2022,regular,11,2022-11-12 20:00:00+00:00,2382,Mercer,231,Furman,William Hill (New Jersey),-11,,52.5,,,
401423416,2022,regular,11,2022-11-12 18:00:00+00:00,2900,St. Thomas (MN),56,Stetson,William Hill (New Jersey),-16,,59.5,,,
401424934,2022,regular,11,2022-11-12 20:00:00+00:00,2016,Alcorn State,2065,Bethune-Cookman,William Hill (New Jersey),-11,,58.5,,,
401428473,2022,regular,11,2022-11-12 19:00:00+00:00,93,Murray State,2523,Robert Morris,William Hill (New Jersey),-7,,44,,,
401423923,2022,regular,10,2022-11-05 23:00:00+00:00,2640,Texas Southern,2296,Jackson State,consensus,23.5,,51.5,,,
401423923,2022,regular,10,2022-11-05 23:00:00+00:00,2640,Texas Southern,2296,Jackson State,William Hill (New Jersey),23.5,,51.5,,,
401425428,2022,regular,10,2022-11-05 17:00:00+00:00,2341,Long Island University,2115,Central Connecticut,consensus,1.5,,52,,,
401425428,2022,regular,10,2022-11-05 17:00:00+00:00,2341,Long Island University,2115,Central Connecticut,William Hill (New Jersey),1.5,,52,,,
401425426,2022,regular,10,2022-11-05 22:00:00+00:00,2634,Tennessee State,2546,Southeast Missouri State,consensus,11.5,,50.5,,,
401425426,2022,regular,10,2022-11-05 22:00:00+00:00,2634,Tennessee State,2546,Southeast Missouri State,William Hill (New Jersey),11,,50.5,,,
401425457,2022,regular,10,2022-11-05 19:00:00+00:00,2692,Weber State,16,Sacramento State,William Hill (New Jersey),-2,,58,,,
401431407,2022,regular,10,2022-11-05 17:00:00+00:00,2506,Presbyterian,2168,Dayton,consensus,20.5,,50.5,,,
401431407,2022,regular,10,2022-11-05 17:00:00+00:00,2506,Presbyterian,2168,Dayton,William Hill (New Jersey),20,,50.5,,,
401413342,2022,regular,5,2022-10-02 02:15:00+00:00,147,Montana State,302,UC Davis,consensus,-3.5,,52,,,
401413342,2022,regular,5,2022-10-02 02:15:00+00:00,147,Montana State,302,UC Davis,William Hill (New Jersey),-3.5,,52,,,
401415172,2022,regular,5,2022-10-01 21:00:00+00:00,2502,Portland State,2464,Northern Arizona,consensus,-2.5,,55,,,
401415172,2022,regular,5,2022-10-01 21:00:00+00:00,2502,Portland State,2464,Northern Arizona,William Hill (New Jersey),-2.5,,55,,,
401415406,2022,regular,5,2022-10-01 17:00:00+00:00,2142,Colgate,172,Cornell,consensus,-4,,44,,,
401415406,2022,regular,5,2022-10-01 17:00:00+00:00,2142,Colgate,172,Cornell,William Hill (New Jersey),-4,,44,,,
401423454,2022,regular,10,2022-11-05 20:00:00+00:00,2065,Bethune-Cookman,2011,Alabama State,consensus,6.5,,51.5,,,
401423454,2022,regular,10,2022-11-05 20:00:00+00:00,2065,Bethune-Cookman,2011,Alabama State,William Hill (New Jersey),6,,51.5,,,
401428194,2022,regular,10,2022-11-05 18:00:00+00:00,2803,Bryant,2097,Campbell,consensus,8.5,,61,,,
401428194,2022,regular,10,2022-11-05 18:00:00+00:00,2803,Bryant,2097,Campbell,William Hill (New Jersey),9,,60.5,,,
401418638,2022,regular,5,2022-10-01 22:00:00+00:00,2198,Eastern Kentucky,253,Southern Utah,consensus,-14.5,,58,,,
401418638,2022,regular,5,2022-10-01 22:00:00+00:00,2198,Eastern Kentucky,253,Southern Utah,William Hill (New Jersey),-14.5,,58,,,
401413236,2022,regular,1,2022-09-03 20:00:00+00:00,331,Eastern Washington,2634,Tennessee State,William Hill (New Jersey),-22.5,,62.5,,,
401413340,2022,regular,1,2022-09-04 00:00:00+00:00,147,Montana State,2377,McNeese,William Hill (New Jersey),-19.5,,46,,,
401413333,2022,regular,1,2022-09-03 19:00:00+00:00,149,Montana,2466,Northwestern State,consensus,-33.5,,47.5,,,
401413333,2022,regular,1,2022-09-03 19:00:00+00:00,149,Montana,2466,Northwestern State,William Hill (New Jersey),-33.5,,47.5,,,
401415176,2022,regular,1,2022-09-03 20:00:00+00:00,2458,Northern Colorado,2277,Houston Christian,William Hill (New Jersey),-16,,53.5,,,
401420873,2022,regular,1,2022-09-03 23:00:00+00:00,2016,Alcorn State,2617,Stephen F. Austin,consensus,15,,50.5,,,
401420873,2022,regular,1,2022-09-03 23:00:00+00:00,2016,Alcorn State,2617,Stephen F. Austin,William Hill (New Jersey),14.5,,50.5,,,
401422978,2022,regular,1,2022-09-03 22:00:00+00:00,2083,Bucknell,119,Towson,consensus,18,,49.5,,,
401422978,2022,regular,1,2022-09-03 22:00:00+00:00,2083,Bucknell,119,Towson,William Hill (New Jersey),18,,49.5,,,
401413208,2022,regular,7,2022-10-15 17:30:00+00:00,2747,Wofford,2643,The Citadel,consensus,-3.5,,33.5,,,
401413208,2022,regular,7,2022-10-15 17:30:00+00:00,2747,Wofford,2643,The Citadel,William Hill (New Jersey),-3.5,,33.5,,,
401421131,2022,regular,7,2022-10-15 17:30:00+00:00,236,Chattanooga,2678,VMI,consensus,-25,,48.5,,,
401421131,2022,regular,7,2022-10-15 17:30:00+00:00,236,Chattanooga,2678,VMI,William Hill (New Jersey),-25,,48.5,,,
401431403,2022,regular,1,2022-09-03 16:00:00+00:00,2368,Marist,46,Georgetown,William Hill (New Jersey),0,,43,,,
401423918,2022,regular,1,2022-09-03 23:00:00+00:00,2504,Prairie View A&M,2640,Texas Southern,consensus,-11,,60.5,,,
401423918,2022,regular,1,2022-09-03 23:00:00+00:00,2504,Prairie View A&M,2640,Texas Southern,William Hill (New Jersey),-11,,60.5,,,
401420844,2022,regular,6,2022-10-08 19:00:00+00:00,93,Murray State,2630,UT Martin,consensus,15.5,,56.5,,,
401420844,2022,regular,6,2022-10-08 19:00:00+00:00,93,Murray State,2630,UT Martin,William Hill (New Jersey),15.5,,56.5,,,
401422980,2022,regular,6,2022-10-08 20:00:00+00:00,107,Holy Cross,2083,Bucknell,consensus,-33.5,,47.5,,,
401422980,2022,regular,6,2022-10-08 20:00:00+00:00,107,Holy Cross,2083,Bucknell,William Hill (New Jersey),-34.5,,48.5,,,
401422924,2022,regular,6,2022-10-08 20:00:00+00:00,2382,Mercer,2717,Western Carolina,consensus,-11.5,,64.5,,,
401422924,2022,regular,6,2022-10-08 20:00:00+00:00,2382,Mercer,2717,Western Carolina,William Hill (New Jersey),-11,,64.5,,,
401423927,2022,regular,6,2022-10-08 21:00:00+00:00,2504,Prairie View A&M,2582,Southern,consensus,-4.5,,49.5,,,
401423927,2022,regular,6,2022-10-08 21:00:00+00:00,2504,Prairie View A&M,2582,Southern,William Hill (New Jersey),-4.5,,49.5,,,
401423920,2022,regular,6,2022-10-08 19:00:00+00:00,2029,Arkansas-Pine Bluff,2640,Texas Southern,consensus,13,,63.5,,,
401423920,2022,regular,6,2022-10-08 19:00:00+00:00,2029,Arkansas-Pine Bluff,2640,Texas Southern,William Hill (New Jersey),13,,63.5,,,
401424368,2022,regular,6,2022-10-08 19:30:00+00:00,2729,William & Mary,48,Delaware,William Hill (New Jersey),-2.5,,45.5,,,
401424433,2022,regular,6,2022-10-08 19:30:00+00:00,160,New Hampshire,2619,Stony Brook,consensus,-8.5,,42.5,,,
401424433,2022,regular,6,2022-10-08 19:30:00+00:00,160,New Hampshire,2619,Stony Brook,William Hill (New Jersey),-8.5,,42.5,,,
401425453,2022,regular,6,2022-10-08 19:00:00+00:00,2546,Southeast Missouri State,2635,Tennessee Tech,consensus,-17,,61.5,,,
401425453,2022,regular,6,2022-10-08 19:00:00+00:00,2546,Southeast Missouri State,2635,Tennessee Tech,William Hill (New Jersey),-17,,61,,,
401413211,2022,regular,11,2022-11-12 18:30:00+00:00,2747,Wofford,2678,VMI,William Hill (New Jersey),-9,,49.5,,,
401428201,2022,regular,6,2022-10-08 16:00:00+00:00,2523,Robert Morris,2241,Gardner-Webb,consensus,16.5,,48,,,
401428201,2022,regular,6,2022-10-08 16:00:00+00:00,2523,Robert Morris,2241,Gardner-Webb,William Hill (New Jersey),16.5,,48,,,
401413222,2022,regular,11,2022-11-12 19:00:00+00:00,55,Jacksonville State,2198,Eastern Kentucky,William Hill (New Jersey),-4,,63.5,,,
401423421,2022,regular,9,2022-10-29 16:00:00+00:00,2529,Sacred Heart,2598,St. Francis (PA),consensus,6,,46,,,
401423421,2022,regular,9,2022-10-29 16:00:00+00:00,2529,Sacred Heart,2598,St. Francis (PA),William Hill (New Jersey),6,,46,,,
401423436,2022,regular,9,2022-10-29 16:00:00+00:00,2115,Central Connecticut,2681,Wagner,consensus,-8.5,,46.5,,,
401423436,2022,regular,9,2022-10-29 16:00:00+00:00,2115,Central Connecticut,2681,Wagner,William Hill (New Jersey),-9,,46,,,
401422983,2022,regular,9,2022-10-29 17:00:00+00:00,2083,Bucknell,2142,Colgate,consensus,7.5,,42.5,,,
401422983,2022,regular,9,2022-10-29 17:00:00+00:00,2083,Bucknell,2142,Colgate,William Hill (New Jersey),7.5,,42,,,
401423950,2022,regular,9,2022-10-29 18:00:00+00:00,2296,Jackson State,2582,Southern,consensus,-17.5,,56,,,
401423950,2022,regular,9,2022-10-29 18:00:00+00:00,2296,Jackson State,2582,Southern,William Hill (New Jersey),-18,,57,,,
401420786,2022,regular,11,2022-11-12 19:00:00+00:00,2169,Delaware State,2415,Morgan State,William Hill (New Jersey),-2.5,,41,,,
401420839,2022,regular,11,2022-11-12 19:00:00+00:00,79,Southern Illinois,2449,North Dakota State,William Hill (New Jersey),7,,54,,,
401421135,2022,regular,11,2022-11-12 18:30:00+00:00,236,Chattanooga,2535,Samford,consensus,-4.5,,54,,,
401421135,2022,regular,11,2022-11-12 18:30:00+00:00,236,Chattanooga,2535,Samford,William Hill (New Jersey),-4.5,,54,,,
401426572,2022,regular,4,2022-09-24 19:30:00+00:00,2636,UTSA,2640,Texas Southern,consensus,-42,,65.5,,,
401426572,2022,regular,4,2022-09-24 19:30:00+00:00,2636,UTSA,2640,Texas Southern,William Hill (New Jersey),-42,,65,,,
401415221,2022,regular,4,2022-09-24 20:00:00+00:00,36,Colorado State,16,Sacramento State,consensus,4.5,,59.5,,,
401415221,2022,regular,4,2022-09-24 20:00:00+00:00,36,Colorado State,16,Sacramento State,William Hill (New Jersey),4.5,,59.5,,,
401403908,2022,regular,5,2022-09-29 23:00:00+00:00,2579,South Carolina,2569,South Carolina State,consensus,-40.5,,57,,,
401403908,2022,regular,5,2022-09-29 23:00:00+00:00,2579,South Carolina,2569,South Carolina State,William Hill (New Jersey),-40.5,,56,,,
401423928,2022,regular,7,2022-10-15 23:00:00+00:00,2582,Southern,2016,Alcorn State,consensus,-8,,55.5,,,
401423928,2022,regular,7,2022-10-15 23:00:00+00:00,2582,Southern,2016,Alcorn State,William Hill (New Jersey),-8,,55.5,,,
401462226,2022,regular,10,2022-11-05 19:00:00+00:00,2916,Incarnate Word,2277,Houston Christian,consensus,-38.5,,65,,,
401462226,2022,regular,10,2022-11-05 19:00:00+00:00,2916,Incarnate Word,2277,Houston Christian,William Hill (New Jersey),-39,,65,,,
401462228,2022,regular,10,2022-11-05 20:00:00+00:00,2320,Lamar,2545,SE Louisiana,consensus,24.5,,60.5,,,
401462228,2022,regular,10,2022-11-05 20:00:00+00:00,2320,Lamar,2545,SE Louisiana,William Hill (New Jersey),24.5,,60.5,,,
401462531,2022,regular,11,2022-11-12 22:00:00+00:00,2545,SE Louisiana,2466,Northwestern State,William Hill (New Jersey),-24,,66.5,,,
401462519,2022,regular,10,2022-11-06 00:00:00+00:00,2627,Tarleton State,2000,Abilene Christian,consensus,4,,53.5,,,
401462519,2022,regular,10,2022-11-06 00:00:00+00:00,2627,Tarleton State,2000,Abilene Christian,William Hill (New Jersey),4,,53.5,,,
401423428,2022,regular,7,2022-10-15 17:00:00+00:00,2341,Long Island University,2598,St. Francis (PA),William Hill (New Jersey),14,,50.5,,,
401424436,2022,regular,7,2022-10-15 22:00:00+00:00,2230,Fordham,2619,Stony Brook,consensus,-15.5,,66.5,,,
401424436,2022,regular,7,2022-10-15 22:00:00+00:00,2230,Fordham,2619,Stony Brook,William Hill (New Jersey),-15.5,,67,,,
401424939,2022,regular,7,2022-10-15 20:00:00+00:00,2065,Bethune-Cookman,2296,Jackson State,consensus,28.5,,59.5,,,
401424939,2022,regular,7,2022-10-15 20:00:00+00:00,2065,Bethune-Cookman,2296,Jackson State,William Hill (New Jersey),28.5,,59.5,,,
401423456,2022,regular,13,2022-11-24 20:00:00+00:00,2011,Alabama State,2029,Arkansas-Pine Bluff,William Hill (New Jersey),-18,,46.5,,,
401413234,2022,regular,12,2022-11-20 01:00:00+00:00,13,Cal Poly,2502,Portland State,consensus,10.5,,64,,,
401413234,2022,regular,12,2022-11-20 01:00:00+00:00,13,Cal Poly,2502,Portland State,William Hill (New Jersey),10.5,,64,,,
401413253,2022,regular,12,2022-11-19 20:00:00+00:00,304,Idaho State,70,Idaho,William Hill (New Jersey),24.5,,56,,,
401413212,2022,regular,12,2022-11-19 17:00:00+00:00,231,Furman,2747,Wofford,consensus,-19.5,,46.5,,,
401413212,2022,regular,12,2022-11-19 17:00:00+00:00,231,Furman,2747,Wofford,William Hill (New Jersey),-17,,46.5,,,
401413223,2022,regular,12,2022-11-19 22:00:00+00:00,2110,Central Arkansas,55,Jacksonville State,consensus,3.5,,63,,,
401413223,2022,regular,12,2022-11-19 22:00:00+00:00,2110,Central Arkansas,55,Jacksonville State,William Hill (New Jersey),3.5,,63,,,
401403946,2022,regular,12,2022-11-19 17:00:00+00:00,333,Alabama,2046,Austin Peay,consensus,-45,,58,,,
401403946,2022,regular,12,2022-11-19 17:00:00+00:00,333,Alabama,2046,Austin Peay,William Hill (New Jersey),-44.5,,59,,,
401403951,2022,regular,12,2022-11-19 17:00:00+00:00,344,Mississippi State,2193,East Tennessee State,consensus,-39,,62.5,,,
401403951,2022,regular,12,2022-11-19 17:00:00+00:00,344,Mississippi State,2193,East Tennessee State,William Hill (New Jersey),-39,,62.5,,,
401415185,2022,regular,12,2022-11-19 22:00:00+00:00,16,Sacramento State,302,UC Davis,consensus,-8.5,,66.5,,,
401415185,2022,regular,12,2022-11-19 22:00:00+00:00,16,Sacramento State,302,UC Davis,William Hill (New Jersey),-8,,66.5,,,
401420796,2022,regular,12,2022-11-19 18:30:00+00:00,2569,South Carolina State,2450,Norfolk State,William Hill (New Jersey),-15.5,,50,,,
401418844,2022,regular,12,2022-11-19 18:00:00+00:00,282,Indiana State,2623,Missouri State,William Hill (New Jersey),10.5,,49,,,
401418791,2022,regular,12,2022-11-19 20:30:00+00:00,2000,Abilene Christian,2617,Stephen F. Austin,William Hill (New Jersey),-8.5,,58.5,,,
401420805,2022,regular,12,2022-11-19 19:30:00+00:00,2635,Tennessee Tech,2428,North Carolina Central,William Hill (New Jersey),2.5,,60.5,,,
401420820,2022,regular,12,2022-11-19 20:30:00+00:00,2449,North Dakota State,155,North Dakota,William Hill (New Jersey),-12.5,,55.5,,,
401420827,2022,regular,12,2022-11-19 17:00:00+00:00,2754,Youngstown State,79,Southern Illinois,consensus,3,,55.5,,,
401420827,2022,regular,12,2022-11-19 17:00:00+00:00,2754,Youngstown State,79,Southern Illinois,William Hill (New Jersey),3,,55.5,,,
401420845,2022,regular,12,2022-11-19 20:00:00+00:00,2630,UT Martin,2197,Eastern Illinois,William Hill (New Jersey),-22,,58.5,,,
401423432,2022,regular,12,2022-11-19 17:00:00+00:00,2771,Merrimack,2598,St. Francis (PA),William Hill (New Jersey),9,,47.5,,,
401420868,2022,regular,12,2022-11-20 01:00:00+00:00,2377,McNeese,2320,Lamar,William Hill (New Jersey),-14.5,,57,,,
401420854,2022,regular,12,2022-11-19 19:00:00+00:00,2466,Northwestern State,2916,Incarnate Word,William Hill (New Jersey),28.5,,71.5,,,
401420872,2022,regular,12,2022-11-19 18:00:00+00:00,2534,Sam Houston,253,Southern Utah,William Hill (New Jersey),-11,,49,,,
401421102,2022,regular,12,2022-11-19 17:00:00+00:00,2413,Morehead State,301,San Diego,consensus,14.5,,57.5,,,
401421102,2022,regular,12,2022-11-19 17:00:00+00:00,2413,Morehead State,301,San Diego,William Hill (New Jersey),14,,57.5,,,
401424942,2022,regular,12,2022-11-19 19:30:00+00:00,50,Florida A&M,2065,Bethune-Cookman,William Hill (New Jersey),14,,57,,,
401425421,2022,regular,12,2022-11-19 19:00:00+00:00,2400,Mississippi Valley State,2504,Prairie View A&M,William Hill (New Jersey),19.5,,50,,,
401415662,2022,regular,12,2022-11-19 19:00:00+00:00,235,Memphis,2453,North Alabama,consensus,-36,,67.5,,,
401415662,2022,regular,12,2022-11-19 19:00:00+00:00,235,Memphis,2453,North Alabama,William Hill (New Jersey),-36,,67.5,,,
401413243,2022,regular,12,2022-11-19 21:00:00+00:00,331,Eastern Washington,2458,Northern Colorado,consensus,-10.5,,66,,,
401413243,2022,regular,12,2022-11-19 21:00:00+00:00,331,Eastern Washington,2458,Northern Colorado,William Hill (New Jersey),-10.5,,66,,,
401418801,2022,regular,12,2022-11-19 20:00:00+00:00,2627,Tarleton State,2277,Houston Christian,William Hill (New Jersey),-18,,58.5,,,
401421145,2022,regular,12,2022-11-19 17:00:00+00:00,2678,VMI,2643,The Citadel,consensus,3.5,,42.5,,,
401421145,2022,regular,12,2022-11-19 17:00:00+00:00,2678,VMI,2643,The Citadel,William Hill (New Jersey),3.5,,43.5,,,
401404057,2022,regular,1,2022-09-03 18:00:00+00:00,66,Iowa State,2546,Southeast Missouri State,consensus,-33.5,,54.5,,,
401404057,2022,regular,1,2022-09-03 18:00:00+00:00,66,Iowa State,2546,Southeast Missouri State,William Hill (New Jersey),-33.5,,54.5,,,
401413206,2022,regular,5,2022-10-01 17:30:00+00:00,2747,Wofford,2382,Mercer,consensus,15,,45.5,,,
401413206,2022,regular,5,2022-10-01 17:30:00+00:00,2747,Wofford,2382,Mercer,William Hill (New Jersey),15.5,,45.5,,,
401418633,2022,regular,5,2022-10-01 21:00:00+00:00,2110,Central Arkansas,2046,Austin Peay,consensus,6.5,,55,,,
401418633,2022,regular,5,2022-10-01 21:00:00+00:00,2110,Central Arkansas,2046,Austin Peay,William Hill (New Jersey),6.5,,55,,,
401421123,2022,regular,5,2022-10-01 23:00:00+00:00,2545,SE Louisiana,93,Murray State,consensus,-24.5,,60.5,,,
401421123,2022,regular,5,2022-10-01 23:00:00+00:00,2545,SE Louisiana,93,Murray State,William Hill (New Jersey),-24.5,,60.5,,,
401428383,2022,regular,5,2022-10-01 22:00:00+00:00,2169,Delaware State,2523,Robert Morris,consensus,3,,43,,,
401428383,2022,regular,5,2022-10-01 22:00:00+00:00,2169,Delaware State,2523,Robert Morris,William Hill (New Jersey),3,,43,,,
401435076,2022,regular,5,2022-10-01 17:00:00+00:00,2771,Merrimack,2341,Long Island University,consensus,-13,,50.5,,,
401435076,2022,regular,5,2022-10-01 17:00:00+00:00,2771,Merrimack,2341,Long Island University,William Hill (New Jersey),-13,,51,,,
401415175,2022,regular,12,2022-11-19 20:00:00+00:00,2464,Northern Arizona,2692,Weber State,William Hill (New Jersey),17,,51,,,
401421136,2022,regular,12,2022-11-19 18:00:00+00:00,2717,Western Carolina,236,Chattanooga,William Hill (New Jersey),7.5,,58.5,,,
401422986,2022,regular,12,2022-11-19 18:00:00+00:00,2083,Bucknell,2368,Marist,William Hill (New Jersey),-8,,42.5,,,
401425518,2022,regular,12,2022-11-19 19:00:00+00:00,2169,Delaware State,2097,Campbell,William Hill (New Jersey),18,,51,,,
401428221,2022,regular,12,2022-11-19 17:00:00+00:00,2241,Gardner-Webb,2448,North Carolina A&T,William Hill (New Jersey),-10.5,,56.5,,,
401428482,2022,regular,12,2022-11-19 18:00:00+00:00,2230,Fordham,2142,Colgate,William Hill (New Jersey),-22.5,,70,,,
401428474,2022,regular,12,2022-11-19 17:00:00+00:00,2523,Robert Morris,2803,Bryant,William Hill (New Jersey),18.5,,52.5,,,
401462532,2022,regular,12,2022-11-18 00:00:00+00:00,2447,Nicholls,2545,SE Louisiana,consensus,13.5,,57.5,,,
401462532,2022,regular,12,2022-11-18 00:00:00+00:00,2447,Nicholls,2545,SE Louisiana,William Hill (New Jersey),13.5,,57.5,,,
401422995,2022,regular,12,2022-11-19 17:30:00+00:00,322,Lafayette,2329,Lehigh,William Hill (New Jersey),-3,,32.5,,,
401423151,2022,regular,12,2022-11-19 18:00:00+00:00,2166,Davidson,2168,Dayton,William Hill (New Jersey),-8.5,,58.5,,,
401423417,2022,regular,12,2022-11-19 18:00:00+00:00,56,Stetson,2506,Presbyterian,William Hill (New Jersey),-20.5,,56,,,
401423424,2022,regular,12,2022-11-19 17:00:00+00:00,2529,Sacred Heart,2341,Long Island University,William Hill (New Jersey),-10,,54,,,
401423438,2022,regular,12,2022-11-19 17:00:00+00:00,2184,Duquesne,2681,Wagner,William Hill (New Jersey),-20,,50.5,,,
401423447,2022,regular,12,2022-11-19 19:00:00+00:00,2010,Alabama A&M,2640,Texas Southern,William Hill (New Jersey),2.5,,54.5,,,
401423917,2022,regular,12,2022-11-19 18:00:00+00:00,163,Princeton,219,Pennsylvania,Caesars Sportsbook (Colorado),-11.5,,42.5,,,
401424393,2022,regular,12,2022-11-19 17:00:00+00:00,257,Richmond,2729,William & Mary,William Hill (New Jersey),-1.5,,53,,,
401424450,2022,regular,12,2022-11-19 18:00:00+00:00,227,Rhode Island,399,UAlbany,William Hill (New Jersey),-10,,59.5,,,
401424451,2022,regular,12,2022-11-19 18:00:00+00:00,222,Villanova,48,Delaware,consensus,7.5,,44.5,,,
401424451,2022,regular,12,2022-11-19 18:00:00+00:00,222,Villanova,48,Delaware,William Hill (New Jersey),8,,46,,,
401424452,2022,regular,12,2022-11-19 18:00:00+00:00,119,Towson,2261,Hampton,William Hill (New Jersey),-7.5,,48,,,
401424935,2022,regular,12,2022-11-19 20:00:00+00:00,2016,Alcorn State,2296,Jackson State,consensus,19.5,,44,,,
401424935,2022,regular,12,2022-11-19 20:00:00+00:00,2016,Alcorn State,2296,Jackson State,William Hill (New Jersey),19.5,,44,,,
401425417,2022,regular,12,2022-11-19 17:30:00+00:00,46,Georgetown,107,Holy Cross,consensus,28,,61.5,,,
401425417,2022,regular,12,2022-11-19 17:30:00+00:00,46,Georgetown,107,Holy Cross,William Hill (New Jersey),28,,62,,,
401422927,2022,regular,12,2022-11-19 18:00:00+00:00,2535,Samford,2382,Mercer,William Hill (New Jersey),0,,57.5,,,
401418790,2022,regular,11,2022-11-12 18:00:00+00:00,2534,Sam Houston,2000,Abilene Christian,William Hill (New Jersey),-8,,39.5,,,
401423444,2022,regular,9,2022-10-29 19:30:00+00:00,2011,Alabama State,2010,Alabama A&M,consensus,2.5,,47.5,,,
401423444,2022,regular,9,2022-10-29 19:30:00+00:00,2011,Alabama State,2010,Alabama A&M,William Hill (New Jersey),2.5,,48,,,
401425427,2022,regular,8,2022-10-22 16:00:00+00:00,2115,Central Connecticut,2184,Duquesne,consensus,5.5,,44,,,
401425427,2022,regular,8,2022-10-22 16:00:00+00:00,2115,Central Connecticut,2184,Duquesne,William Hill (New Jersey),4.5,,44,,,
401505433,2022,regular,13,2022-11-26 21:00:00+00:00,2692,Weber State,155,North Dakota,William Hill (New Jersey),-11,,57.5,,,
401505434,2022,regular,13,2022-11-27 03:00:00+00:00,149,Montana,2546,Southeast Missouri State,consensus,-13,,56,,,
401505434,2022,regular,13,2022-11-27 03:00:00+00:00,149,Montana,2546,Southeast Missouri State,William Hill (New Jersey),-13,,56,,,
401505436,2022,regular,13,2022-11-26 17:00:00+00:00,231,Furman,2210,Elon,consensus,-4.5,,48,,,
401505436,2022,regular,13,2022-11-26 17:00:00+00:00,231,Furman,2210,Elon,William Hill (New Jersey),-4.5,,48,,,
401505430,2022,regular,13,2022-11-26 19:00:00+00:00,48,Delaware,2598,St. Francis (PA),consensus,-7,,47.5,,,
401505430,2022,regular,13,2022-11-26 19:00:00+00:00,48,Delaware,2598,St. Francis (PA),William Hill (New Jersey),-7,,47.5,,,
401423953,2022,regular,13,2022-11-26 19:00:00+00:00,2582,Southern,2755,Grambling,William Hill (New Jersey),-10,,53,,,
401423953,2022,regular,13,2022-11-26 19:00:00+00:00,2582,Southern,2755,Grambling,consensus,-10,,53,,,
401505437,2022,regular,13,2022-11-26 19:00:00+00:00,257,Richmond,2166,Davidson,consensus,-22,,56.5,,,
401505437,2022,regular,13,2022-11-26 19:00:00+00:00,257,Richmond,2166,Davidson,William Hill (New Jersey),-22,,56.5,,,
401505431,2022,regular,13,2022-11-26 19:00:00+00:00,160,New Hampshire,2230,Fordham,consensus,1,,76.5,,,
401505431,2022,regular,13,2022-11-26 19:00:00+00:00,160,New Hampshire,2230,Fordham,William Hill (New Jersey),0,,76.5,,,
401505435,2022,regular,13,2022-11-27 00:00:00+00:00,2545,SE Louisiana,70,Idaho,consensus,4,,61.5,,,
401505435,2022,regular,13,2022-11-27 00:00:00+00:00,2545,SE Louisiana,70,Idaho,William Hill (New Jersey),4,,61.5,,,
401506578,2022,regular,14,2022-12-03 20:00:00+00:00,2571,South Dakota State,48,Delaware,William Hill (New Jersey),-17,,47.5,,,
401506655,2022,regular,14,2022-12-03 20:00:00+00:00,2535,Samford,2545,SE Louisiana,William Hill (New Jersey),-7,,65.5,,,
401506577,2022,regular,14,2022-12-03 22:00:00+00:00,16,Sacramento State,257,Richmond,William Hill (New Jersey),-14.5,,54,,,
401506611,2022,regular,14,2022-12-03 20:00:00+00:00,147,Montana State,2692,Weber State,William Hill (New Jersey),-6.5,,62.5,,,
401424946,2022,regular,11,2022-11-12 20:00:00+00:00,2029,Arkansas-Pine Bluff,2504,Prairie View A&M,William Hill (New Jersey),17,,55.5,,,
401506610,2022,regular,14,2022-12-03 17:00:00+00:00,107,Holy Cross,160,New Hampshire,William Hill (New Jersey),-7,,55.5,,,
401506690,2022,regular,14,2022-12-03 20:30:00+00:00,2449,North Dakota State,149,Montana,William Hill (New Jersey),-9,,52,,,
401506571,2022,regular,14,2022-12-03 19:00:00+00:00,2916,Incarnate Word,231,Furman,William Hill (New Jersey),-9.5,,64.5,,,
401506630,2022,regular,14,2022-12-03 19:00:00+00:00,2729,William & Mary,2241,Gardner-Webb,William Hill (New Jersey),-10,,61.5,,,
401418600,2022,regular,9,2022-10-29 17:30:00+00:00,159,Dartmouth,108,Harvard,William Hill (New Jersey),2.5,,53.5,,,
401418641,2022,regular,9,2022-10-29 18:00:00+00:00,2546,Southeast Missouri State,2198,Eastern Kentucky,William Hill (New Jersey),-6,,71.5,,,
401420803,2022,regular,9,2022-10-29 18:00:00+00:00,2169,Delaware State,2428,North Carolina Central,William Hill (New Jersey),13,,48,,,
401420826,2022,regular,9,2022-10-29 18:00:00+00:00,2754,Youngstown State,233,South Dakota,William Hill (New Jersey),-3.5,,47.5,,,
401421099,2022,regular,9,2022-10-29 17:00:00+00:00,2900,St. Thomas (MN),301,San Diego,William Hill (New Jersey),-6.5,,44,,,
401421133,2022,regular,9,2022-10-29 18:00:00+00:00,231,Furman,236,Chattanooga,William Hill (New Jersey),7,,44.5,,,
401422926,2022,regular,9,2022-10-29 17:30:00+00:00,2678,VMI,2382,Mercer,William Hill (New Jersey),27.5,,55.5,,,
401428193,2022,regular,9,2022-10-29 17:00:00+00:00,2448,North Carolina A&T,2097,Campbell,consensus,3,,52,,,
401428193,2022,regular,9,2022-10-29 17:00:00+00:00,2448,North Carolina A&T,2097,Campbell,William Hill (New Jersey),3,,51.5,,,
401428220,2022,regular,9,2022-10-29 17:30:00+00:00,2241,Gardner-Webb,2803,Bryant,William Hill (New Jersey),-17,,50.5,,,
401415177,2022,regular,2,2022-09-10 20:00:00+00:00,2751,Wyoming,2458,Northern Colorado,consensus,-23.5,,54.5,,,
401415177,2022,regular,2,2022-09-10 20:00:00+00:00,2751,Wyoming,2458,Northern Colorado,William Hill (New Jersey),-23.5,,54.5,,,
401505432,2022,regular,13,2022-11-26 22:00:00+00:00,2198,Eastern Kentucky,2241,Gardner-Webb,consensus,-3.5,,65,,,
401505432,2022,regular,13,2022-11-26 22:00:00+00:00,2198,Eastern Kentucky,2241,Gardner-Webb,William Hill (New Jersey),-3.5,,65,,,
401423446,2022,regular,11,2022-11-12 22:00:00+00:00,2296,Jackson State,2010,Alabama A&M,Caesars Sportsbook (Colorado),-28.5,,55,,,
401416595,2022,regular,2,2022-09-10 20:00:00+00:00,189,Bowling Green,2198,Eastern Kentucky,consensus,-7.5,,57,,,
401416595,2022,regular,2,2022-09-10 20:00:00+00:00,189,Bowling Green,2198,Eastern Kentucky,William Hill (New Jersey),-7.5,,57,,,
401418814,2022,regular,8,2022-10-22 18:00:00+00:00,2466,Northwestern State,2546,Southeast Missouri State,consensus,16.5,,65.5,,,
401418814,2022,regular,8,2022-10-22 18:00:00+00:00,2466,Northwestern State,2546,Southeast Missouri State,William Hill (New Jersey),16.5,,65,,,
401413209,2022,regular,9,2022-10-29 17:30:00+00:00,2747,Wofford,2193,East Tennessee State,consensus,7.5,,51,,,
401413209,2022,regular,9,2022-10-29 17:30:00+00:00,2747,Wofford,2193,East Tennessee State,William Hill (New Jersey),7.5,,51,,,
401405081,2022,regular,2,2022-09-10 20:00:00+00:00,164,Rutgers,2681,Wagner,consensus,-48.5,,55.5,,,
401405081,2022,regular,2,2022-09-10 20:00:00+00:00,164,Rutgers,2681,Wagner,Caesars Sportsbook (Colorado),-48.5,,55.5,,,
401422970,2022,regular,8,2022-10-22 19:30:00+00:00,2193,East Tennessee State,2535,Samford,William Hill (New Jersey),2.5,,49,,,
401422982,2022,regular,8,2022-10-22 16:00:00+00:00,2329,Lehigh,2083,Bucknell,consensus,-10,,36,,,
401422982,2022,regular,8,2022-10-22 16:00:00+00:00,2329,Lehigh,2083,Bucknell,William Hill (New Jersey),-8.5,,36,,,
401423435,2022,regular,8,2022-10-21 23:00:00+00:00,2681,Wagner,2341,Long Island University,consensus,3.5,,54,,,
401423435,2022,regular,8,2022-10-21 23:00:00+00:00,2681,Wagner,2341,Long Island University,William Hill (New Jersey),3,,54,,,
401423916,2022,regular,8,2022-10-22 17:00:00+00:00,219,Pennsylvania,43,Yale,consensus,-4.5,,45.5,,,
401423916,2022,regular,8,2022-10-22 17:00:00+00:00,219,Pennsylvania,43,Yale,William Hill (New Jersey),-5,,44.5,,,
401424438,2022,regular,8,2022-10-22 18:00:00+00:00,2261,Hampton,257,Richmond,consensus,20,,50,,,
401424438,2022,regular,8,2022-10-22 18:00:00+00:00,2261,Hampton,257,Richmond,William Hill (New Jersey),20,,50,,,
401420825,2022,regular,8,2022-10-22 20:00:00+00:00,2710,Western Illinois,2754,Youngstown State,consensus,12.5,,58,,,
401420825,2022,regular,8,2022-10-22 20:00:00+00:00,2710,Western Illinois,2754,Youngstown State,William Hill (New Jersey),11,,58,,,
401420830,2022,regular,8,2022-10-22 19:00:00+00:00,233,South Dakota,79,Southern Illinois,consensus,3.5,,45.5,,,
401420830,2022,regular,8,2022-10-22 19:00:00+00:00,233,South Dakota,79,Southern Illinois,William Hill (New Jersey),4,,45.5,,,
401420866,2022,regular,8,2022-10-22 21:00:00+00:00,2320,Lamar,2504,Prairie View A&M,consensus,10,,48,,,
401420866,2022,regular,8,2022-10-22 21:00:00+00:00,2320,Lamar,2504,Prairie View A&M,William Hill (New Jersey),10,,47.5,,,
401421107,2022,regular,8,2022-10-22 18:00:00+00:00,2413,Morehead State,2674,Valparaiso,consensus,3,,55.5,,,
401421107,2022,regular,8,2022-10-22 18:00:00+00:00,2413,Morehead State,2674,Valparaiso,William Hill (New Jersey),4,,55.5,,,
401413226,2022,regular,3,2022-09-17 18:00:00+00:00,233,South Dakota,13,Cal Poly,consensus,-18,,49.5,,,
401413226,2022,regular,3,2022-09-17 18:00:00+00:00,233,South Dakota,13,Cal Poly,William Hill (New Jersey),-18,,50.5,,,
401420847,2022,regular,3,2022-09-17 23:00:00+00:00,2504,Prairie View A&M,2916,Incarnate Word,consensus,19,,66.5,,,
401420847,2022,regular,3,2022-09-17 23:00:00+00:00,2504,Prairie View A&M,2916,Incarnate Word,William Hill (New Jersey),19,,66.5,,,
401424394,2022,regular,3,2022-09-17 22:00:00+00:00,2210,Elon,2241,Gardner-Webb,consensus,-13.5,,55,,,
401424394,2022,regular,3,2022-09-17 22:00:00+00:00,2210,Elon,2241,Gardner-Webb,William Hill (New Jersey),-13.5,,55,,,
401413258,2022,regular,3,2022-09-17 19:00:00+00:00,304,Idaho State,2110,Central Arkansas,William Hill (New Jersey),7,,54.5,,,
401418802,2022,regular,3,2022-09-18 00:00:00+00:00,2377,McNeese,2016,Alcorn State,William Hill (New Jersey),-7,,50.5,,,
401420832,2022,regular,3,2022-09-17 23:00:00+00:00,2571,South Dakota State,2086,Butler,consensus,-51.5,,59.5,,,
401420832,2022,regular,3,2022-09-17 23:00:00+00:00,2571,South Dakota State,2086,Butler,William Hill (New Jersey),-51.5,,59.5,,,
401413246,2022,regular,3,2022-09-17 19:00:00+00:00,70,Idaho,2181,Drake,consensus,-31,,48,,,
401413246,2022,regular,3,2022-09-17 19:00:00+00:00,70,Idaho,2181,Drake,William Hill (New Jersey),-31,,48,,,
401418631,2022,regular,3,2022-09-17 19:00:00+00:00,2010,Alabama A&M,2046,Austin Peay,consensus,20,,65.5,,,
401418631,2022,regular,3,2022-09-17 19:00:00+00:00,2010,Alabama A&M,2046,Austin Peay,William Hill (New Jersey),19,,65.5,,,
401413264,2022,regular,11,2022-11-12 20:00:00+00:00,2692,Weber State,304,Idaho State,William Hill (New Jersey),-32,,49.5,,,
401418635,2022,regular,10,2022-11-05 21:00:00+00:00,2453,North Alabama,2046,Austin Peay,consensus,12.5,,64,,,
401418635,2022,regular,10,2022-11-05 21:00:00+00:00,2453,North Alabama,2046,Austin Peay,William Hill (New Jersey),13.5,,63,,,
401418807,2022,regular,10,2022-11-06 00:00:00+00:00,2377,McNeese,2197,Eastern Illinois,consensus,-4.5,,55.5,,,
401418807,2022,regular,10,2022-11-06 00:00:00+00:00,2377,McNeese,2197,Eastern Illinois,William Hill (New Jersey),-5,,55.5,,,
401423951,2022,regular,10,2022-11-05 22:00:00+00:00,50,Florida A&M,2582,Southern,consensus,-3.5,,47.5,,,
401423951,2022,regular,10,2022-11-05 22:00:00+00:00,50,Florida A&M,2582,Southern,William Hill (New Jersey),-3.5,,47.5,,,
401413233,2022,regular,11,2022-11-13 01:00:00+00:00,13,Cal Poly,147,Montana State,William Hill (New Jersey),25.5,,68,,,
401413242,2022,regular,11,2022-11-12 20:00:00+00:00,149,Montana,331,Eastern Washington,William Hill (New Jersey),-24,,62.5,,,
401413252,2022,regular,11,2022-11-13 00:00:00+00:00,70,Idaho,302,UC Davis,consensus,-3,,59,,,
401413252,2022,regular,11,2022-11-13 00:00:00+00:00,70,Idaho,302,UC Davis,William Hill (New Jersey),-2.5,,59,,,
401415174,2022,regular,11,2022-11-12 19:00:00+00:00,2458,Northern Colorado,2464,Northern Arizona,William Hill (New Jersey),11,,54.5,,,
401415194,2022,regular,11,2022-11-12 17:00:00+00:00,225,Brown,171,Columbia,consensus,4,,55.5,,,
401415194,2022,regular,11,2022-11-12 17:00:00+00:00,225,Brown,171,Columbia,William Hill (New Jersey),4,,55.5,,,
401418841,2022,regular,9,2022-10-29 19:00:00+00:00,2571,South Dakota State,282,Indiana State,consensus,-26.5,,49,,,
401418841,2022,regular,9,2022-10-29 19:00:00+00:00,2571,South Dakota State,282,Indiana State,William Hill (New Jersey),-26.5,,49,,,
401420812,2022,regular,9,2022-10-29 19:00:00+00:00,2623,Missouri State,2710,Western Illinois,William Hill (New Jersey),-17.5,,56.5,,,
401420879,2022,regular,6,2022-10-09 00:00:00+00:00,253,Southern Utah,2627,Tarleton State,consensus,-2.5,,58.5,,,
401420879,2022,regular,6,2022-10-09 00:00:00+00:00,253,Southern Utah,2627,Tarleton State,William Hill (New Jersey),-2.5,,58.5,,,
401420791,2022,regular,5,2022-10-01 17:00:00+00:00,2529,Sacred Heart,2450,Norfolk State,consensus,-13.5,,41,,,
401420791,2022,regular,5,2022-10-01 17:00:00+00:00,2529,Sacred Heart,2450,Norfolk State,William Hill (New Jersey),-14,,41,,,
401420801,2022,regular,5,2022-10-01 16:00:00+00:00,2097,Campbell,2428,North Carolina Central,consensus,-5.5,,51.5,,,
401420801,2022,regular,5,2022-10-01 16:00:00+00:00,2097,Campbell,2428,North Carolina Central,William Hill (New Jersey),-4,,51.5,,,
401422993,2022,regular,10,2022-11-05 17:00:00+00:00,2142,Colgate,322,Lafayette,consensus,-4.5,,35.5,,,
401422993,2022,regular,10,2022-11-05 17:00:00+00:00,2142,Colgate,322,Lafayette,William Hill (New Jersey),-4.5,,36,,,
401423002,2022,regular,10,2022-11-05 16:00:00+00:00,107,Holy Cross,2329,Lehigh,consensus,-30,,48.5,,,
401423002,2022,regular,10,2022-11-05 16:00:00+00:00,107,Holy Cross,2329,Lehigh,William Hill (New Jersey),-29,,48.5,,,
401423153,2022,regular,4,2022-09-24 18:00:00+00:00,2181,Drake,2368,Marist,consensus,-7,,42.5,,,
401423153,2022,regular,4,2022-09-24 18:00:00+00:00,2181,Drake,2368,Marist,William Hill (New Jersey),-7,,42,,,
401423450,2022,regular,4,2022-09-24 22:00:00+00:00,2011,Alabama State,2504,Prairie View A&M,William Hill (New Jersey),6.5,,42.5,,,
401424937,2022,regular,4,2022-09-24 18:00:00+00:00,2065,Bethune-Cookman,2755,Grambling,William Hill (New Jersey),-2.5,,56.5,,,
401423160,2022,regular,10,2022-11-05 20:00:00+00:00,2413,Morehead State,2368,Marist,consensus,3,,55,,,
401423160,2022,regular,10,2022-11-05 20:00:00+00:00,2413,Morehead State,2368,Marist,William Hill (New Jersey),3,,55,,,
401423422,2022,regular,10,2022-11-05 16:00:00+00:00,2184,Duquesne,2529,Sacred Heart,consensus,-2.5,,44.5,,,
401423422,2022,regular,10,2022-11-05 16:00:00+00:00,2184,Duquesne,2529,Sacred Heart,William Hill (New Jersey),-2,,44.5,,,
401420793,2022,regular,9,2022-10-29 18:00:00+00:00,2450,Norfolk State,47,Howard,consensus,7,,52,,,
401420793,2022,regular,9,2022-10-29 18:00:00+00:00,2450,Norfolk State,47,Howard,William Hill (New Jersey),7,,52,,,
401415200,2022,regular,7,2022-10-15 17:00:00+00:00,219,Pennsylvania,171,Columbia,consensus,-7,,39,,,
401415200,2022,regular,7,2022-10-15 17:00:00+00:00,219,Pennsylvania,171,Columbia,William Hill (New Jersey),-7,,39,,,
401413221,2022,regular,9,2022-10-29 20:00:00+00:00,2046,Austin Peay,55,Jacksonville State,consensus,-4.5,,58.5,,,
401413221,2022,regular,9,2022-10-29 20:00:00+00:00,2046,Austin Peay,55,Jacksonville State,William Hill (New Jersey),-4.5,,59,,,
401418789,2022,regular,9,2022-10-29 20:00:00+00:00,155,North Dakota,2000,Abilene Christian,consensus,-11.5,,51,,,
401418789,2022,regular,9,2022-10-29 20:00:00+00:00,155,North Dakota,2000,Abilene Christian,William Hill (New Jersey),-11.5,,51,,,
401424944,2022,regular,9,2022-10-29 20:00:00+00:00,50,Florida A&M,2029,Arkansas-Pine Bluff,William Hill (New Jersey),-18.5,,54.5,,,
401413241,2022,regular,10,2022-11-05 19:00:00+00:00,70,Idaho,331,Eastern Washington,William Hill (New Jersey),-17,,67,,,
401420870,2022,regular,5,2022-10-01 19:30:00+00:00,2534,Sam Houston,2617,Stephen F. Austin,consensus,-6.5,,54,,,
401420870,2022,regular,5,2022-10-01 19:30:00+00:00,2534,Sam Houston,2617,Stephen F. Austin,William Hill (New Jersey),-6,,54,,,
401413232,2022,regular,10,2022-11-06 00:00:00+00:00,149,Montana,13,Cal Poly,consensus,-31.5,,54.5,,,
401413232,2022,regular,10,2022-11-06 00:00:00+00:00,149,Montana,13,Cal Poly,William Hill (New Jersey),-30.5,,54.5,,,
401413263,2022,regular,10,2022-11-05 23:00:00+00:00,302,UC Davis,304,Idaho State,consensus,-28,,56,,,
401413263,2022,regular,10,2022-11-05 23:00:00+00:00,302,UC Davis,304,Idaho State,William Hill (New Jersey),-28,,56,,,
401413345,2022,regular,10,2022-11-05 20:00:00+00:00,2464,Northern Arizona,147,Montana State,consensus,16,,57,,,
401413345,2022,regular,10,2022-11-05 20:00:00+00:00,2464,Northern Arizona,147,Montana State,William Hill (New Jersey),16,,57,,,
401415181,2022,regular,10,2022-11-05 21:00:00+00:00,2502,Portland State,2458,Northern Colorado,consensus,-13,,60.5,,,
401415181,2022,regular,10,2022-11-05 21:00:00+00:00,2502,Portland State,2458,Northern Colorado,William Hill (New Jersey),-13,,60.5,,,
401425429,2022,regular,11,2022-11-12 17:00:00+00:00,2115,Central Connecticut,2771,Merrimack,consensus,8,,43.5,,,
401425429,2022,regular,11,2022-11-12 17:00:00+00:00,2115,Central Connecticut,2771,Merrimack,William Hill (New Jersey),8,,42.5,,,
401425470,2022,regular,11,2022-11-12 22:00:00+00:00,2634,Tennessee State,2630,UT Martin,William Hill (New Jersey),13.5,,54.5,,,
401425458,2022,regular,11,2022-11-12 02:00:00+00:00,2502,Portland State,16,Sacramento State,consensus,21,,67.5,,,
401425458,2022,regular,11,2022-11-12 02:00:00+00:00,2502,Portland State,16,Sacramento State,William Hill (New Jersey),21,,67.5,,,
401421140,2022,regular,5,2022-10-01 19:30:00+00:00,2026,App State,2643,The Citadel,consensus,-39,,54.5,,,
401421140,2022,regular,5,2022-10-01 19:30:00+00:00,2026,App State,2643,The Citadel,William Hill (New Jersey),-40,,54.5,,,
401426339,2022,regular,5,2022-10-01 19:30:00+00:00,276,Marshall,2241,Gardner-Webb,consensus,-31,,56,,,
401426339,2022,regular,5,2022-10-01 19:30:00+00:00,276,Marshall,2241,Gardner-Webb,William Hill (New Jersey),-31,,56,,,
401420828,2022,regular,4,2022-09-24 18:00:00+00:00,233,South Dakota,2449,North Dakota State,consensus,16.5,,47.5,,,
401426256,2022,regular,7,2022-10-15 19:00:00+00:00,2197,Eastern Illinois,2815,Lindenwood,William Hill (New Jersey),-6.5,,65.5,,,
401428477,2022,regular,8,2022-10-22 18:00:00+00:00,2815,Lindenwood,93,Murray State,consensus,-10,,63.5,,,
401428477,2022,regular,8,2022-10-22 18:00:00+00:00,2815,Lindenwood,93,Murray State,William Hill (New Jersey),-11,,63.5,,,
401415410,2022,regular,10,2022-11-05 17:00:00+00:00,172,Cornell,219,Pennsylvania,consensus,10.5,,46.5,,,
401415410,2022,regular,10,2022-11-05 17:00:00+00:00,172,Cornell,219,Pennsylvania,William Hill (New Jersey),10.5,,46,,,
401416596,2022,regular,2,2022-09-10 22:00:00+00:00,2084,Buffalo,107,Holy Cross,consensus,-6,,51.5,,,
401416596,2022,regular,2,2022-09-10 22:00:00+00:00,2084,Buffalo,107,Holy Cross,William Hill (New Jersey),-6,,51.5,,,
401426332,2022,regular,2,2022-09-10 22:00:00+00:00,324,Coastal Carolina,2241,Gardner-Webb,consensus,-32.5,,66.5,,,
401426332,2022,regular,2,2022-09-10 22:00:00+00:00,324,Coastal Carolina,2241,Gardner-Webb,William Hill (New Jersey),-32.5,,66.5,,,
401507088,2022,regular,14,2022-12-03 20:00:00+00:00,166,New Mexico State,2674,Valparaiso,William Hill (New Jersey),-31.5,,55,,,
