game_id,season,season_type,week,start_date,home_team_id,home_team,away_team_id,away_team,provider,spread,spread_open,over_under,over_under_open,home_moneyline,away_moneyline
401777329,2025,regular,15,2025-12-06 17:00:00+00:00,2711,Western Michigan,193,Miami (OH),DraftKings,-2.5,,44.5,43.5,-142,120
401777329,2025,regular,15,2025-12-06 17:00:00+00:00,2711,Western Michigan,193,Miami (OH),ESPN Bet,-2.5,-2.5,43.5,43.5,-140,115
401777329,2025,regular,15,2025-12-06 17:00:00+00:00,2711,Western Michigan,193,Miami (OH),DraftKings,-2.5,,44.5,,,
401777329,2025,regular,15,2025-12-06 17:00:00+00:00,2711,Western Michigan,193,Miami (OH),Bovada,-2,-2.5,44,43.5,-130,110
401777325,2025,regular,15,2025-12-06 00:00:00+00:00,55,Jacksonville State,338,Kennesaw State,Bovada,3,-1,62.5,57.5,120,-140
401777325,2025,regular,15,2025-12-06 00:00:00+00:00,55,Jacksonville State,338,Kennesaw State,DraftKings,3,,62.5,58.5,136,-162
401777325,2025,regular,15,2025-12-06 00:00:00+00:00,55,Jacksonville State,338,Kennesaw State,DraftKings,3,,62.5,,,
401777325,2025,regular,15,2025-12-06 00:00:00+00:00,55,Jacksonville State,338,Kennesaw State,ESPN Bet,-1.5,-1.5,58.5,58.5,-115,-105
401777327,2025,regular,15,2025-12-06 17:00:00+00:00,2641,Texas Tech,252,BYU,DraftKings,-12.5,,50.5,,-550,410
401777327,2025,regular,15,2025-12-06 17:00:00+00:00,2641,Texas Tech,252,BYU,DraftKings,-12.5,,50.5,,,
401777327,2025,regular,15,2025-12-06 17:00:00+00:00,2641,Texas Tech,252,BYU,Bovada,-12.5,-12.5,49,50.5,-525,375
401777327,2025,regular,15,2025-12-06 17:00:00+00:00,2641,Texas Tech,252,BYU,ESPN Bet,-13.5,-11.5,50.5,50.5,-650,425
401777353,2025,regular,15,2025-12-07 01:00:00+00:00,194,Ohio State,84,Indiana,DraftKings,-3.5,,45.5,48.5,-180,150
401777353,2025,regular,15,2025-12-07 01:00:00+00:00,194,Ohio State,84,Indiana,DraftKings,-3.5,,45.5,,,
401777353,2025,regular,15,2025-12-07 01:00:00+00:00,194,Ohio State,84,Indiana,ESPN Bet,-5.5,-6.5,48.5,48.5,-210,175
401777353,2025,regular,15,2025-12-07 01:00:00+00:00,194,Ohio State,84,Indiana,Bovada,-3.5,-5.5,46,48.5,-195,165
401777326,2025,regular,15,2025-12-06 01:00:00+00:00,68,Boise State,2439,UNLV,Bovada,-6,-3,60,57.5,-180,155
401777326,2025,regular,15,2025-12-06 01:00:00+00:00,68,Boise State,2439,UNLV,DraftKings,-6,,59.5,,,
401777326,2025,regular,15,2025-12-06 01:00:00+00:00,68,Boise State,2439,UNLV,ESPN Bet,-3.5,-3.5,57.5,57.5,-165,140
401777326,2025,regular,15,2025-12-06 01:00:00+00:00,68,Boise State,2439,UNLV,DraftKings,-6,-3,59.5,,-245,200
401777328,2025,regular,15,2025-12-07 01:00:00+00:00,258,Virginia,150,Duke,DraftKings,-3.5,,58.5,,-175,145
401777328,2025,regular,15,2025-12-07 01:00:00+00:00,258,Virginia,150,Duke,ESPN Bet,,,,,,
401777328,2025,regular,15,2025-12-07 01:00:00+00:00,258,Virginia,150,Duke,DraftKings,-3.5,,58.5,,,
401777328,2025,regular,15,2025-12-07 01:00:00+00:00,258,Virginia,150,Duke,Bovada,-3.5,-2.5,58.5,57.5,-175,150
401756961,2025,regular,14,2025-11-29 02:00:00+00:00,9,Arizona State,12,Arizona,Bovada,2,0,48.5,48,100,-120
401756961,2025,regular,14,2025-11-29 02:00:00+00:00,9,Arizona State,12,Arizona,DraftKings,1.5,1.5,48.5,,102,-122
401756961,2025,regular,14,2025-11-29 02:00:00+00:00,9,Arizona State,12,Arizona,ESPN Bet,2.5,1.5,47.5,50.5,105,-125
401777351,2025,regular,15,2025-12-06 21:00:00+00:00,333,Alabama,61,Georgia,DraftKings,1.5,,48.5,,,
401777351,2025,regular,15,2025-12-06 21:00:00+00:00,333,Alabama,61,Georgia,ESPN Bet,2.5,2.5,47.5,47.5,115,-135
401777351,2025,regular,15,2025-12-06 21:00:00+00:00,333,Alabama,61,Georgia,DraftKings,1.5,,48.5,,105,-125
401777351,2025,regular,15,2025-12-06 21:00:00+00:00,333,Alabama,61,Georgia,Bovada,1.5,1.5,48.5,47.5,115,-135
401836055,2025,regular,14,2025-11-29 17:00:00+00:00,222,Villanova,108,Harvard,ESPN Bet,2,,53.5,,,
401833969,2025,regular,14,2025-11-29 18:00:00+00:00,2000,Abilene Christian,2320,Lamar,ESPN Bet,-12.5,,45.5,,,
401836115,2025,regular,14,2025-11-29 18:00:00+00:00,2635,Tennessee Tech,155,North Dakota,ESPN Bet,2,,48.5,,,
401836195,2025,regular,14,2025-11-29 18:00:00+00:00,233,South Dakota,2181,Drake,ESPN Bet,-21,,46.5,,,
401833975,2025,regular,14,2025-11-29 17:00:00+00:00,2754,Youngstown State,43,Yale,ESPN Bet,-4.5,,61.5,,,
401767420,2025,regular,14,2025-11-29 19:00:00+00:00,2582,Southern,2755,Grambling,ESPN Bet,-13.5,,48.5,,,
401762521,2025,regular,16,2025-12-13 20:00:00+00:00,2426,Navy,349,Army,DraftKings,-6.5,,37.5,,-250,205
401762521,2025,regular,16,2025-12-13 20:00:00+00:00,2426,Navy,349,Army,Bovada,-6,-4.5,38,37.5,-200,170
401762521,2025,regular,16,2025-12-13 20:00:00+00:00,2426,Navy,349,Army,DraftKings,-6,,37.5,,,
401762521,2025,regular,16,2025-12-13 20:00:00+00:00,2426,Navy,349,Army,ESPN Bet,-3.5,-3.5,39.5,39.5,-145,125
401762517,2025,regular,14,2025-11-29 20:00:00+00:00,202,Tulsa,5,UAB,Bovada,-9,-8.5,56.5,59.5,-330,265
401762517,2025,regular,14,2025-11-29 20:00:00+00:00,202,Tulsa,5,UAB,ESPN Bet,-9.5,-7.5,56.5,60.5,-320,260
401762517,2025,regular,14,2025-11-29 20:00:00+00:00,202,Tulsa,5,UAB,DraftKings,-9.5,-7.5,56.5,,-325,260
401777324,2025,regular,15,2025-12-06 01:00:00+00:00,2655,Tulane,249,North Texas,DraftKings,1.5,,66.5,,,
401777324,2025,regular,15,2025-12-06 01:00:00+00:00,2655,Tulane,249,North Texas,Bovada,1,3,66.5,66,115,-135
401777324,2025,regular,15,2025-12-06 01:00:00+00:00,2655,Tulane,249,North Texas,DraftKings,1.5,,66.5,66.5,100,-120
401777324,2025,regular,15,2025-12-06 01:00:00+00:00,2655,Tulane,249,North Texas,ESPN Bet,2.5,2.5,67.5,66.5,110,-130
401756966,2025,regular,14,2025-11-29 17:00:00+00:00,197,Oklahoma State,66,Iowa State,ESPN Bet,13.5,14.5,47.5,49.5,450,-700
401756966,2025,regular,14,2025-11-29 17:00:00+00:00,197,Oklahoma State,66,Iowa State,Bovada,14,14.5,46.5,49.5,430,-625
401756966,2025,regular,14,2025-11-29 17:00:00+00:00,197,Oklahoma State,66,Iowa State,DraftKings,14,16.5,46.5,,455,-625
401752924,2025,regular,14,2025-11-29 00:30:00+00:00,2509,Purdue,84,Indiana,DraftKings,28.5,27.5,53.5,,1800,-5000
401752924,2025,regular,14,2025-11-29 00:30:00+00:00,2509,Purdue,84,Indiana,ESPN Bet,28.5,28.5,54.5,52.5,2000,-7500
401752924,2025,regular,14,2025-11-29 00:30:00+00:00,2509,Purdue,84,Indiana,Bovada,28.5,28.5,54.5,54.5,,
401836102,2025,regular,14,2025-11-29 17:00:00+00:00,227,Rhode Island,2115,Central Connecticut,ESPN Bet,-19.5,,52.5,,,
401761664,2025,regular,14,2025-11-29 19:00:00+00:00,295,Old Dominion,2247,Georgia State,Bovada,-29,-26.5,58.5,59.5,-5000,1300
401761664,2025,regular,14,2025-11-29 19:00:00+00:00,295,Old Dominion,2247,Georgia State,ESPN Bet,-28.5,-26.5,58.5,58.5,-6000,1800
401761664,2025,regular,14,2025-11-29 19:00:00+00:00,295,Old Dominion,2247,Georgia State,DraftKings,-28.5,-23.5,58.5,,-8000,2200
401767428,2025,regular,14,2025-11-29 20:00:00+00:00,2400,Mississippi Valley State,50,Florida A&M,ESPN Bet,13.5,,51.5,,,
401777352,2025,regular,15,2025-12-06 00:00:00+00:00,256,James Madison,2653,Troy,DraftKings,-24.5,,47.5,,,
401777352,2025,regular,15,2025-12-06 00:00:00+00:00,256,James Madison,2653,Troy,Bovada,-24.5,-21.5,47.5,47.5,-2800,1100
401777352,2025,regular,15,2025-12-06 00:00:00+00:00,256,James Madison,2653,Troy,DraftKings,-24.5,,47.5,,-3600,1500
401777352,2025,regular,15,2025-12-06 00:00:00+00:00,256,James Madison,2653,Troy,ESPN Bet,-22.5,-21.5,47.5,47.5,-4000,1300
401752717,2025,regular,5,2025-09-27 16:00:00+00:00,8,Arkansas,87,Notre Dame,DraftKings,5.5,10.5,64.5,,180,-218
401752717,2025,regular,5,2025-09-27 16:00:00+00:00,8,Arkansas,87,Notre Dame,ESPN Bet,5.5,6.5,62.5,58.5,170,-200
401752717,2025,regular,5,2025-09-27 16:00:00+00:00,8,Arkansas,87,Notre Dame,Bovada,5,6,63.5,64.5,185,-225
401752846,2025,regular,4,2025-09-20 19:30:00+00:00,158,Nebraska,130,Michigan,DraftKings,1.5,3.5,47.5,,-102,-118
401752846,2025,regular,4,2025-09-20 19:30:00+00:00,158,Nebraska,130,Michigan,ESPN Bet,1.5,3,48.5,44.5,-105,-115
401752846,2025,regular,4,2025-09-20 19:30:00+00:00,158,Nebraska,130,Michigan,Bovada,-1,1.5,47.5,44.5,105,-125
401752842,2025,regular,4,2025-09-20 23:30:00+00:00,265,Washington State,264,Washington,DraftKings,21,12.5,51.5,,900,-1600
401752842,2025,regular,4,2025-09-20 23:30:00+00:00,265,Washington State,264,Washington,Bovada,21,20.5,52,53.5,750,-1400
401752842,2025,regular,4,2025-09-20 23:30:00+00:00,265,Washington State,264,Washington,ESPN Bet,20.5,20.5,52.5,53.5,900,-1800
401752852,2025,regular,5,2025-09-27 19:30:00+00:00,264,Washington,194,Ohio State,DraftKings,9.5,13.5,52.5,,295,-375
401752852,2025,regular,5,2025-09-27 19:30:00+00:00,264,Washington,194,Ohio State,ESPN Bet,9.5,11.5,52.5,48.5,290,-380
401752852,2025,regular,5,2025-09-27 19:30:00+00:00,264,Washington,194,Ohio State,Bovada,9,9.5,53.5,52.5,260,-320
401752719,2025,regular,5,2025-09-27 19:30:00+00:00,145,Ole Miss,99,LSU,DraftKings,-2.5,2.5,57.5,,-142,120
401752719,2025,regular,5,2025-09-27 19:30:00+00:00,145,Ole Miss,99,LSU,ESPN Bet,-3.5,2,58.5,56.5,-140,120
401752719,2025,regular,5,2025-09-27 19:30:00+00:00,145,Ole Miss,99,LSU,Bovada,-2.5,-1.5,58,55.5,-125,105
401756847,2025,regular,1,2025-08-23 22:30:00+00:00,2305,Kansas,278,Fresno State,DraftKings,-14,-14,51.5,51.5,-550,410
401756847,2025,regular,1,2025-08-23 22:30:00+00:00,2305,Kansas,278,Fresno State,ESPN Bet,-14.5,-13.5,50.5,51.5,-650,425
401756847,2025,regular,1,2025-08-23 22:30:00+00:00,2305,Kansas,278,Fresno State,Bovada,-14,-14.5,50,51.5,-575,400
401757218,2025,regular,1,2025-08-23 23:00:00+00:00,98,Western Kentucky,2534,Sam Houston,DraftKings,-9.5,-9.5,60.5,60.5,-360,285
401757218,2025,regular,1,2025-08-23 23:00:00+00:00,98,Western Kentucky,2534,Sam Houston,ESPN Bet,-10.5,-9.5,60.5,61.5,-400,300
401757218,2025,regular,1,2025-08-23 23:00:00+00:00,98,Western Kentucky,2534,Sam Houston,Bovada,-9.5,-7,60,61.5,-390,295
401754516,2025,regular,1,2025-08-23 23:30:00+00:00,62,Hawai'i,24,Stanford,DraftKings,-1.5,-1.5,53.5,53.5,-118,-102
401754516,2025,regular,1,2025-08-23 23:30:00+00:00,62,Hawai'i,24,Stanford,ESPN Bet,-1.5,-1.5,50.5,53.5,-120,110
401754516,2025,regular,1,2025-08-23 23:30:00+00:00,62,Hawai'i,24,Stanford,Bovada,-2,2.5,50,55.5,115,-135
401762522,2025,regular,1,2025-08-28 21:30:00+00:00,58,South Florida,68,Boise State,DraftKings,8.5,8.5,63.5,63.5,250,-310
401762522,2025,regular,1,2025-08-28 21:30:00+00:00,58,South Florida,68,Boise State,ESPN Bet,5.5,8.5,60.5,63.5,175,-210
401762522,2025,regular,1,2025-08-28 21:30:00+00:00,58,South Florida,68,Boise State,Bovada,4.5,9.5,62,63.5,240,-290
401752794,2025,regular,1,2025-08-28 22:00:00+00:00,164,Rutgers,195,Ohio,DraftKings,-11.5,-11.5,46.5,46.5,-455,350
401752794,2025,regular,1,2025-08-28 22:00:00+00:00,164,Rutgers,195,Ohio,ESPN Bet,-15.5,-11.5,53.5,46.5,-750,475
401752794,2025,regular,1,2025-08-28 22:00:00+00:00,164,Rutgers,195,Ohio,Bovada,-15.5,-10.5,52,47.5,-510,370
401756848,2025,regular,1,2025-08-28 23:00:00+00:00,2116,UCF,55,Jacksonville State,DraftKings,-16.5,-16.5,53.5,53.5,-750,525
401756848,2025,regular,1,2025-08-28 23:00:00+00:00,2116,UCF,55,Jacksonville State,ESPN Bet,-20.5,-16.5,52.5,53.5,-1800,900
401756848,2025,regular,1,2025-08-28 23:00:00+00:00,2116,UCF,55,Jacksonville State,Bovada,-20.5,-16.5,52.5,56.5,-800,525
401754373,2025,regular,1,2025-08-28 23:00:00+00:00,152,NC State,151,East Carolina,DraftKings,-12.5,-12.5,58.5,58.5,-440,340
401754373,2025,regular,1,2025-08-28 23:00:00+00:00,152,NC State,151,East Carolina,ESPN Bet,-13.5,-12.5,61.5,58.5,-650,425
401754373,2025,regular,1,2025-08-28 23:00:00+00:00,152,NC State,151,East Carolina,Bovada,-14,-14,61,56.5,-435,325
401762789,2025,regular,1,2025-08-28 23:00:00+00:00,2006,Akron,2751,Wyoming,DraftKings,8.5,8.5,49.5,49.5,260,-325
401762789,2025,regular,1,2025-08-28 23:00:00+00:00,2006,Akron,2751,Wyoming,ESPN Bet,4.5,7.5,47.5,49.5,170,-200
401762789,2025,regular,1,2025-08-28 23:00:00+00:00,2006,Akron,2751,Wyoming,Bovada,5,9.5,48,49.5,250,-300
401752793,2025,regular,1,2025-08-29 00:00:00+00:00,135,Minnesota,2084,Buffalo,DraftKings,-16.5,-16.5,45.5,45.5,-900,600
401752793,2025,regular,1,2025-08-29 00:00:00+00:00,135,Minnesota,2084,Buffalo,ESPN Bet,-16.5,-17,41.5,45.5,-900,550
401752793,2025,regular,1,2025-08-29 00:00:00+00:00,135,Minnesota,2084,Buffalo,Bovada,-18.5,-18.5,43,45.5,-900,575
401762791,2025,regular,1,2025-08-29 01:00:00+00:00,275,Wisconsin,193,Miami (OH),DraftKings,-17.5,-17.5,40.5,40.5,-1100,700
401762791,2025,regular,1,2025-08-29 01:00:00+00:00,275,Wisconsin,193,Miami (OH),ESPN Bet,-18.5,-17.5,41.5,40.5,-1400,750
401762791,2025,regular,1,2025-08-29 01:00:00+00:00,275,Wisconsin,193,Miami (OH),Bovada,-18,-17.5,41,41.5,-1200,700
401752796,2025,regular,1,2025-08-29 01:00:00+00:00,2132,Cincinnati,158,Nebraska,DraftKings,6.5,6.5,52.5,52.5,220,-270
401752796,2025,regular,1,2025-08-29 01:00:00+00:00,2132,Cincinnati,158,Nebraska,ESPN Bet,5.5,7,50.5,52.5,195,-230
401752796,2025,regular,1,2025-08-29 01:00:00+00:00,2132,Cincinnati,158,Nebraska,Bovada,6,6.5,50.5,50.5,210,-250
401752802,2025,regular,1,2025-08-29 23:00:00+00:00,127,Michigan State,2711,Western Michigan,DraftKings,-18.5,-18.5,49.5,49.5,-950,625
401752802,2025,regular,1,2025-08-29 23:00:00+00:00,127,Michigan State,2711,Western Michigan,ESPN Bet,-22.5,-18.5,50.5,49.5,-2000,1000
401752802,2025,regular,1,2025-08-29 23:00:00+00:00,127,Michigan State,2711,Western Michigan,Bovada,-21.5,-17.5,50,49.5,-1600,800
401754374,2025,regular,1,2025-08-29 23:00:00+00:00,154,Wake Forest,338,Kennesaw State,DraftKings,-17.5,-17.5,51.5,51.5,-1000,650
401754374,2025,regular,1,2025-08-29 23:00:00+00:00,154,Wake Forest,338,Kennesaw State,ESPN Bet,-18.5,-18,51.5,51.5,-1200,700
401754374,2025,regular,1,2025-08-29 23:00:00+00:00,154,Wake Forest,338,Kennesaw State,Bovada,-18.5,-17.5,51,53.5,-1200,700
401761589,2025,regular,1,2025-08-29 23:00:00+00:00,2429,Charlotte,2026,App State,DraftKings,8.5,8.5,53.5,53.5,260,-325
401761589,2025,regular,1,2025-08-29 23:00:00+00:00,2429,Charlotte,2026,App State,ESPN Bet,19.5,8,,53.5,135,-155
401761589,2025,regular,1,2025-08-29 23:00:00+00:00,2429,Charlotte,2026,App State,Bovada,3,8.5,49,53.5,250,-300
401754375,2025,regular,1,2025-08-30 00:00:00+00:00,38,Colorado,59,Georgia Tech,DraftKings,4,4,55.5,55.5,160,-192
401754375,2025,regular,1,2025-08-30 00:00:00+00:00,38,Colorado,59,Georgia Tech,ESPN Bet,3.5,4,50.5,55.5,145,-170
401754375,2025,regular,1,2025-08-30 00:00:00+00:00,38,Colorado,59,Georgia Tech,Bovada,3.5,3.5,50,57.5,150,-175
401752667,2025,regular,1,2025-08-30 00:00:00+00:00,239,Baylor,2,Auburn,DraftKings,1.5,1.5,57.5,57.5,-105,-115
401752667,2025,regular,1,2025-08-30 00:00:00+00:00,239,Baylor,2,Auburn,ESPN Bet,-1.5,1,56.5,57.5,-105,-115
401752667,2025,regular,1,2025-08-30 00:00:00+00:00,239,Baylor,2,Auburn,Bovada,1,1.5,56.5,56.5,-110,-110
401757224,2025,regular,1,2025-08-30 01:30:00+00:00,2534,Sam Houston,2439,UNLV,DraftKings,13.5,13.5,58.5,58.5,380,-500
401757224,2025,regular,1,2025-08-30 01:30:00+00:00,2534,Sam Houston,2439,UNLV,ESPN Bet,8.5,13,60.5,58.5,250,-300
401757224,2025,regular,1,2025-08-30 01:30:00+00:00,2534,Sam Houston,2439,UNLV,Bovada,9,13.5,60.5,58.5,370,-510
401760358,2025,regular,1,2025-08-30 02:30:00+00:00,23,San José State,2117,Central Michigan,DraftKings,-11.5,-11.5,50.5,50.5,-425,330
401760358,2025,regular,1,2025-08-30 02:30:00+00:00,23,San José State,2117,Central Michigan,ESPN Bet,-14.5,-11.5,51.5,50.5,-650,425
401760358,2025,regular,1,2025-08-30 02:30:00+00:00,23,San José State,2117,Central Michigan,Bovada,-14.5,-10.5,51.5,51,-460,340
401752801,2025,regular,1,2025-08-30 16:00:00+00:00,2509,Purdue,2050,Ball State,DraftKings,-16.5,-16.5,50.5,50.5,-850,575
401752801,2025,regular,1,2025-08-30 16:00:00+00:00,2509,Purdue,2050,Ball State,ESPN Bet,-16.5,-17,48.5,50.5,-800,500
401752801,2025,regular,1,2025-08-30 16:00:00+00:00,2509,Purdue,2050,Ball State,Bovada,-16.5,-16.5,48.5,50.5,-900,575
401752797,2025,regular,1,2025-08-30 16:00:00+00:00,120,Maryland,2226,Florida Atlantic,DraftKings,-16.5,-16.5,57.5,57.5,-700,500
401752797,2025,regular,1,2025-08-30 16:00:00+00:00,120,Maryland,2226,Florida Atlantic,ESPN Bet,-13.5,-16.5,59.5,57.5,-450,340
401752797,2025,regular,1,2025-08-30 16:00:00+00:00,120,Maryland,2226,Florida Atlantic,Bovada,-12.5,-17.5,60,57.5,-850,550
401752673,2025,regular,1,2025-08-30 16:00:00+00:00,2572,Southern Miss,344,Mississippi State,DraftKings,11.5,11.5,59.5,59.5,340,-440
401752673,2025,regular,1,2025-08-30 16:00:00+00:00,2572,Southern Miss,344,Mississippi State,ESPN Bet,15.5,12.5,59.5,59.5,450,-700
401752673,2025,regular,1,2025-08-30 16:00:00+00:00,2572,Southern Miss,344,Mississippi State,Bovada,14.5,15.5,60,57.5,305,-410
401752803,2025,regular,1,2025-08-30 16:00:00+00:00,2655,Tulane,77,Northwestern,DraftKings,-6.5,-6.5,47.5,47.5,-245,200
401752803,2025,regular,1,2025-08-30 16:00:00+00:00,2655,Tulane,77,Northwestern,ESPN Bet,-6.5,-6.5,45.5,46.5,-200,170
401752803,2025,regular,1,2025-08-30 16:00:00+00:00,2655,Tulane,77,Northwestern,Bovada,-5,-7.5,46,47.5,-230,190
401752670,2025,regular,1,2025-08-30 16:45:00+00:00,96,Kentucky,2649,Toledo,DraftKings,-10,-10,48.5,48.5,-345,275
401752670,2025,regular,1,2025-08-30 16:45:00+00:00,96,Kentucky,2649,Toledo,ESPN Bet,-9.5,-9.5,48.5,48.5,-360,280
401752670,2025,regular,1,2025-08-30 16:45:00+00:00,96,Kentucky,2649,Toledo,Bovada,-10,-12.5,49,48.5,-350,275
401752806,2025,regular,1,2025-08-30 18:30:00+00:00,84,Indiana,295,Old Dominion,DraftKings,-23.5,-23.5,54.5,54.5,-2400,1200
401752806,2025,regular,1,2025-08-30 18:30:00+00:00,84,Indiana,295,Old Dominion,ESPN Bet,-23.5,-23.5,53.5,54.5,-3000,1200
401752806,2025,regular,1,2025-08-30 18:30:00+00:00,84,Indiana,295,Old Dominion,Bovada,-23,-23.5,53,54.5,-3300,1100
401752665,2025,regular,1,2025-08-30 19:30:00+00:00,52,Florida State,333,Alabama,DraftKings,13.5,13.5,50.5,50.5,380,-500
401752665,2025,regular,1,2025-08-30 19:30:00+00:00,52,Florida State,333,Alabama,ESPN Bet,13.5,13.5,46.5,50.5,450,-700
401752665,2025,regular,1,2025-08-30 19:30:00+00:00,52,Florida State,333,Alabama,Bovada,13.5,9.5,47,50.5,400,-575
401752669,2025,regular,1,2025-08-30 19:30:00+00:00,61,Georgia,276,Marshall,DraftKings,-39.5,-39.5,55.5,55.5,,
401752669,2025,regular,1,2025-08-30 19:30:00+00:00,61,Georgia,276,Marshall,ESPN Bet,-38.5,-39.5,51.5,55.5,,
401752669,2025,regular,1,2025-08-30 19:30:00+00:00,61,Georgia,276,Marshall,Bovada,-38.5,-38.5,51.5,55.5,,
401752807,2025,regular,1,2025-08-30 19:30:00+00:00,213,Penn State,2440,Nevada,DraftKings,-45.5,-45.5,58.5,58.5,,
401752807,2025,regular,1,2025-08-30 19:30:00+00:00,213,Penn State,2440,Nevada,ESPN Bet,-43.5,-45.5,54.5,58.5,,
401752807,2025,regular,1,2025-08-30 19:30:00+00:00,213,Penn State,2440,Nevada,Bovada,-43.5,-43.5,54.5,60.5,,
401762456,2025,regular,1,2025-08-30 19:30:00+00:00,113,Massachusetts,218,Temple,DraftKings,3,3,51.5,51.5,124,-148
401762456,2025,regular,1,2025-08-30 19:30:00+00:00,113,Massachusetts,218,Temple,ESPN Bet,2.5,3,48.5,51.5,110,-130
401762456,2025,regular,1,2025-08-30 19:30:00+00:00,113,Massachusetts,218,Temple,Bovada,1.5,-1.5,48.5,52.5,140,-165
401754616,2025,regular,1,2025-08-30 22:00:00+00:00,258,Virginia,324,Coastal Carolina,DraftKings,-12.5,-12.5,57.5,57.5,-470,360
401754616,2025,regular,1,2025-08-30 22:00:00+00:00,258,Virginia,324,Coastal Carolina,ESPN Bet,-13.5,-12.5,54.5,57.5,-550,380
401754616,2025,regular,1,2025-08-30 22:00:00+00:00,258,Virginia,324,Coastal Carolina,Bovada,-13.5,-12.5,55,57.5,-470,345
401752678,2025,regular,1,2025-08-30 23:00:00+00:00,245,Texas A&M,2636,UTSA,DraftKings,-21.5,-21.5,56.5,56.5,-1650,950
401752678,2025,regular,1,2025-08-30 23:00:00+00:00,245,Texas A&M,2636,UTSA,ESPN Bet,-23.5,-21.5,59.5,,-2500,1100
401752678,2025,regular,1,2025-08-30 23:00:00+00:00,245,Texas A&M,2636,UTSA,Bovada,-24,-21,58.5,56.5,-2800,1100
401752671,2025,regular,1,2025-08-30 23:30:00+00:00,228,Clemson,99,LSU,DraftKings,-3.5,-3.5,57.5,57.5,-170,142
401752671,2025,regular,1,2025-08-30 23:30:00+00:00,228,Clemson,99,LSU,ESPN Bet,-5.5,-3.5,55.5,57.5,-200,170
401752671,2025,regular,1,2025-08-30 23:30:00+00:00,228,Clemson,99,LSU,Bovada,-5.5,-2.5,55.5,56.5,-150,130
401752808,2025,regular,1,2025-08-30 23:30:00+00:00,130,Michigan,167,New Mexico,DraftKings,-36.5,-36.5,52.5,52.5,,
401752808,2025,regular,1,2025-08-30 23:30:00+00:00,130,Michigan,167,New Mexico,ESPN Bet,-34.5,-36,49.5,52.5,-50000,3500
401752808,2025,regular,1,2025-08-30 23:30:00+00:00,130,Michigan,167,New Mexico,Bovada,-34.5,-34.5,49.5,52.5,,
401752798,2025,regular,1,2025-08-30 23:30:00+00:00,30,USC,2623,Missouri State,DraftKings,-34.5,-34.5,59.5,59.5,,
401752798,2025,regular,1,2025-08-30 23:30:00+00:00,30,USC,2623,Missouri State,ESPN Bet,-36.5,-35.5,60.5,58.5,,
401752798,2025,regular,1,2025-08-30 23:30:00+00:00,30,USC,2623,Missouri State,Bovada,-36.5,-31.5,60,59.5,,
401757225,2025,regular,1,2025-08-30 23:30:00+00:00,328,Utah State,2638,UTEP,DraftKings,-3.5,-3.5,59.5,59.5,-180,150
401757225,2025,regular,1,2025-08-30 23:30:00+00:00,328,Utah State,2638,UTEP,ESPN Bet,-4.5,-3.5,58.5,58.5,-200,170
401757225,2025,regular,1,2025-08-30 23:30:00+00:00,328,Utah State,2638,UTEP,Bovada,-5.5,-3.5,58.5,59.5,-165,140
401752672,2025,regular,1,2025-08-30 23:45:00+00:00,145,Ole Miss,2247,Georgia State,DraftKings,-38.5,-38.5,62.5,62.5,,
401752672,2025,regular,1,2025-08-30 23:45:00+00:00,145,Ole Miss,2247,Georgia State,ESPN Bet,-33.5,-38.5,61.5,62.5,-50000,3500
401752672,2025,regular,1,2025-08-30 23:45:00+00:00,145,Ole Miss,2247,Georgia State,Bovada,-33.5,-35.5,61,62.5,,
401761592,2025,regular,1,2025-08-31 00:00:00+00:00,309,Louisiana,242,Rice,DraftKings,-14.5,-14.5,49.5,49.5,-625,455
401761592,2025,regular,1,2025-08-31 00:00:00+00:00,309,Louisiana,242,Rice,ESPN Bet,-9.5,-14,48.5,49.5,-400,300
401761592,2025,regular,1,2025-08-31 00:00:00+00:00,309,Louisiana,242,Rice,Bovada,-9.5,-14.5,48,51.5,-600,425
401761594,2025,regular,1,2025-08-31 00:00:00+00:00,326,Texas State,2199,Eastern Michigan,DraftKings,-14,-14,58.5,58.5,-600,440
401761594,2025,regular,1,2025-08-31 00:00:00+00:00,326,Texas State,2199,Eastern Michigan,ESPN Bet,-13.5,-14,56.5,58.5,-600,400
401761594,2025,regular,1,2025-08-31 00:00:00+00:00,326,Texas State,2199,Eastern Michigan,Bovada,-14,-14.5,56,58.5,-525,375
401760361,2025,regular,1,2025-08-31 01:30:00+00:00,278,Fresno State,290,Georgia Southern,DraftKings,-2.5,-2.5,54.5,54.5,-135,114
401760361,2025,regular,1,2025-08-31 01:30:00+00:00,278,Fresno State,290,Georgia Southern,ESPN Bet,1.5,-2,51.5,53.5,105,-125
401760361,2025,regular,1,2025-08-31 01:30:00+00:00,278,Fresno State,290,Georgia Southern,Bovada,-2,-1.5,49.5,55.5,-130,110
401756849,2025,regular,1,2025-08-31 02:30:00+00:00,12,Arizona,62,Hawai'i,DraftKings,-13.5,-13.5,55.5,55.5,-550,410
401756849,2025,regular,1,2025-08-31 02:30:00+00:00,12,Arizona,62,Hawai'i,ESPN Bet,-15.5,-13.5,55.5,56.5,-700,450
401756849,2025,regular,1,2025-08-31 02:30:00+00:00,12,Arizona,62,Hawai'i,Bovada,-15.5,-10.5,55,53.5,-575,400
401752936,2025,regular,1,2025-08-31 02:30:00+00:00,204,Oregon State,25,California,DraftKings,-3,-3,51.5,51.5,-148,124
401752936,2025,regular,1,2025-08-31 02:30:00+00:00,204,Oregon State,25,California,ESPN Bet,2.5,-2.5,48.5,51.5,120,-140
401752936,2025,regular,1,2025-08-31 02:30:00+00:00,204,Oregon State,25,California,Bovada,3,-1.5,48,52.5,-150,130
401752805,2025,regular,1,2025-08-31 03:00:00+00:00,264,Washington,36,Colorado State,DraftKings,-20.5,-20.5,52.5,52.5,-1450,850
401752805,2025,regular,1,2025-08-31 03:00:00+00:00,264,Washington,36,Colorado State,ESPN Bet,-22.5,-19.5,51.5,52.5,-2500,1100
401752805,2025,regular,1,2025-08-31 03:00:00+00:00,264,Washington,36,Colorado State,Bovada,-22.5,-18.5,52,52.5,-1600,800
401752800,2025,regular,1,2025-08-31 03:00:00+00:00,26,UCLA,254,Utah,DraftKings,6.5,6.5,50.5,50.5,195,-238
401752800,2025,regular,1,2025-08-31 03:00:00+00:00,26,UCLA,254,Utah,ESPN Bet,6.5,6.5,48.5,50.5,210,-250
401752800,2025,regular,1,2025-08-31 03:00:00+00:00,26,UCLA,254,Utah,Bovada,6.5,3,49,48.5,100,-120
401754522,2025,regular,1,2025-08-31 23:30:00+00:00,2390,Miami,87,Notre Dame,DraftKings,2.5,2.5,53.5,53.5,114,-135
401754522,2025,regular,1,2025-08-31 23:30:00+00:00,2390,Miami,87,Notre Dame,ESPN Bet,2.5,2.5,50.5,52.5,120,-140
401754522,2025,regular,1,2025-08-31 23:30:00+00:00,2390,Miami,87,Notre Dame,Bovada,3,2.5,50.5,54.5,115,-135
401754523,2025,regular,1,2025-09-02 00:00:00+00:00,153,North Carolina,2628,TCU,DraftKings,3,3,59.5,59.5,130,-155
401754523,2025,regular,1,2025-09-02 00:00:00+00:00,153,North Carolina,2628,TCU,ESPN Bet,3.5,3,54.5,59.5,150,-175
401754523,2025,regular,1,2025-09-02 00:00:00+00:00,153,North Carolina,2628,TCU,Bovada,3.5,-2.5,55,58.5,140,-165
401752822,2025,regular,2,2025-09-06 16:00:00+00:00,66,Iowa State,2294,Iowa,DraftKings,-1.5,-1.5,,,,
401752822,2025,regular,2,2025-09-06 16:00:00+00:00,66,Iowa State,2294,Iowa,Bovada,-3,-3,43,43,-150,130
401752822,2025,regular,2,2025-09-06 16:00:00+00:00,66,Iowa State,2294,Iowa,ESPN Bet,-3.5,-2.5,43.5,44.5,-155,135
401752689,2025,regular,2,2025-09-06 19:30:00+00:00,142,Missouri,2305,Kansas,DraftKings,-7,-7,,,,
401752689,2025,regular,2,2025-09-06 19:30:00+00:00,142,Missouri,2305,Kansas,Bovada,-5.5,-6.5,51,54.5,-240,200
401752689,2025,regular,2,2025-09-06 19:30:00+00:00,142,Missouri,2305,Kansas,ESPN Bet,-6.5,-6.5,49.5,51.5,-200,170
401752690,2025,regular,2,2025-09-06 23:30:00+00:00,201,Oklahoma,130,Michigan,DraftKings,-3,-3,47.5,47.5,-148,124
401752690,2025,regular,2,2025-09-06 23:30:00+00:00,201,Oklahoma,130,Michigan,Bovada,-4,-5.5,44,48,-220,180
401752690,2025,regular,2,2025-09-06 23:30:00+00:00,201,Oklahoma,130,Michigan,ESPN Bet,-3.5,-2.5,44.5,46.5,-175,150
401836116,2025,regular,14,2025-11-29 18:00:00+00:00,2571,South Dakota State,160,New Hampshire,ESPN Bet,-11,,43.5,,,
401752680,2025,regular,1,2025-08-31 19:00:00+00:00,2579,South Carolina,259,Virginia Tech,DraftKings,-8.5,-8.5,48.5,48.5,-340,270
401752680,2025,regular,1,2025-08-31 19:00:00+00:00,2579,South Carolina,259,Virginia Tech,ESPN Bet,-7.5,-8,51.5,47.5,-260,215
401752680,2025,regular,1,2025-08-31 19:00:00+00:00,2579,South Carolina,259,Virginia Tech,Bovada,-7,-10.5,52,45.5,-350,275
401752676,2025,regular,1,2025-08-30 16:00:00+00:00,2633,Tennessee,183,Syracuse,DraftKings,-13.5,-13.5,53.5,53.5,-550,410
401752676,2025,regular,1,2025-08-30 16:00:00+00:00,2633,Tennessee,183,Syracuse,ESPN Bet,-13.5,-14,51.5,53.5,-600,400
401752676,2025,regular,1,2025-08-30 16:00:00+00:00,2633,Tennessee,183,Syracuse,Bovada,-13.5,-14.5,51.5,56.5,-550,390
401752841,2025,regular,4,2025-09-20 19:00:00+00:00,2483,Oregon,204,Oregon State,DraftKings,-33.5,-26.5,58.5,,,
401752841,2025,regular,4,2025-09-20 19:00:00+00:00,2483,Oregon,204,Oregon State,Bovada,-34,-35,58,56.5,,
401752841,2025,regular,4,2025-09-20 19:00:00+00:00,2483,Oregon,204,Oregon State,ESPN Bet,-34.5,-34.5,58.5,56.5,,
401752727,2025,regular,6,2025-10-04 19:30:00+00:00,57,Florida,251,Texas,DraftKings,4.5,6.5,42.5,,170,-205
401752727,2025,regular,6,2025-10-04 19:30:00+00:00,57,Florida,251,Texas,ESPN Bet,4.5,6.5,42.5,53.5,175,-210
401752727,2025,regular,6,2025-10-04 19:30:00+00:00,57,Florida,251,Texas,Bovada,4.5,7,42.5,44,220,-270
401756901,2025,regular,4,2025-09-20 16:00:00+00:00,254,Utah,2641,Texas Tech,DraftKings,-3.5,-3.5,58.5,,-175,145
401756901,2025,regular,4,2025-09-20 16:00:00+00:00,254,Utah,2641,Texas Tech,Bovada,-3.5,-4,58,55.5,-175,150
401756901,2025,regular,4,2025-09-20 16:00:00+00:00,254,Utah,2641,Texas Tech,ESPN Bet,-3.5,-4.5,58.5,55.5,-175,150
401752843,2025,regular,4,2025-09-20 23:30:00+00:00,84,Indiana,356,Illinois,DraftKings,-7,-2.5,51.5,,-265,215
401752843,2025,regular,4,2025-09-20 23:30:00+00:00,84,Indiana,356,Illinois,Bovada,-6.5,-4.5,51,52.5,-210,175
401752843,2025,regular,4,2025-09-20 23:30:00+00:00,84,Indiana,356,Illinois,ESPN Bet,-7.5,-4.5,50.5,52.5,-270,220
401756922,2025,regular,7,2025-10-12 02:15:00+00:00,254,Utah,9,Arizona State,DraftKings,-9.5,-2.5,44.5,,-355,280
401756922,2025,regular,7,2025-10-12 02:15:00+00:00,254,Utah,9,Arizona State,Bovada,-9.5,-5.5,44.5,49.5,-195,165
401756922,2025,regular,7,2025-10-12 02:15:00+00:00,254,Utah,9,Arizona State,ESPN Bet,-8.5,-4.5,42.5,48.5,-320,260
401754553,2025,regular,6,2025-10-04 23:30:00+00:00,52,Florida State,2390,Miami,DraftKings,3.5,7,54.5,,142,-170
401754553,2025,regular,6,2025-10-04 23:30:00+00:00,52,Florida State,2390,Miami,ESPN Bet,2.5,6.5,54.5,53.5,150,-175
401754553,2025,regular,6,2025-10-04 23:30:00+00:00,52,Florida State,2390,Miami,Bovada,3.5,5.5,54.5,53.5,175,-210
401752871,2025,regular,8,2025-10-18 23:30:00+00:00,87,Notre Dame,30,USC,DraftKings,-10.5,-10.5,60.5,,-395,310
401752871,2025,regular,8,2025-10-18 23:30:00+00:00,87,Notre Dame,30,USC,ESPN Bet,-10.5,-10,60.5,53.5,-400,300
401752871,2025,regular,8,2025-10-18 23:30:00+00:00,87,Notre Dame,30,USC,Bovada,-11,-8,60.5,61.5,-310,255
401754564,2025,regular,8,2025-10-17 23:00:00+00:00,2390,Miami,97,Louisville,DraftKings,-10.5,-6.5,49.5,,-440,340
401754564,2025,regular,8,2025-10-17 23:00:00+00:00,2390,Miami,97,Louisville,ESPN Bet,-10.5,-13.5,49.5,54.5,-425,320
401754564,2025,regular,8,2025-10-17 23:00:00+00:00,2390,Miami,97,Louisville,Bovada,-10.5,-13,49.5,53.5,-550,390
401752718,2025,regular,5,2025-09-27 23:30:00+00:00,61,Georgia,333,Alabama,DraftKings,-2.5,-4,53.5,,-142,120
401752718,2025,regular,5,2025-09-27 23:30:00+00:00,61,Georgia,333,Alabama,ESPN Bet,-2.5,-4,52.5,52.5,-130,110
401752718,2025,regular,5,2025-09-27 23:30:00+00:00,61,Georgia,333,Alabama,Bovada,-2,-3,54,53.5,-160,135
401752736,2025,regular,7,2025-10-11 19:30:00+00:00,251,Texas,201,Oklahoma,DraftKings,-2.5,-9.5,44.5,,-142,120
401752736,2025,regular,7,2025-10-11 19:30:00+00:00,251,Texas,201,Oklahoma,ESPN Bet,-2.5,-9.5,43.5,56.5,-140,120
401752736,2025,regular,7,2025-10-11 19:30:00+00:00,251,Texas,201,Oklahoma,Bovada,-2.5,-3,44.5,42.5,-145,125
401754591,2025,regular,12,2025-11-15 00:30:00+00:00,97,Louisville,228,Clemson,DraftKings,-1.5,6.5,50.5,60.5,-122,102
401754591,2025,regular,12,2025-11-15 00:30:00+00:00,97,Louisville,228,Clemson,ESPN Bet,-2.5,5.5,50.5,60.5,-125,105
401754591,2025,regular,12,2025-11-15 00:30:00+00:00,97,Louisville,228,Clemson,Bovada,-1.5,-3.5,51,51.5,-145,145
401752751,2025,regular,9,2025-10-25 19:30:00+00:00,2579,South Carolina,333,Alabama,DraftKings,11.5,7.5,47.5,,350,-455
401752751,2025,regular,9,2025-10-25 19:30:00+00:00,2579,South Carolina,333,Alabama,ESPN Bet,12.5,13.5,47.5,46.5,360,-500
401752751,2025,regular,9,2025-10-25 19:30:00+00:00,2579,South Carolina,333,Alabama,Bovada,11.5,13,48,47,390,-550
401757165,2025,regular,6,2025-10-04 19:30:00+00:00,87,Notre Dame,68,Boise State,DraftKings,-21.5,-16.5,63.5,,-1600,900
401757165,2025,regular,6,2025-10-04 19:30:00+00:00,87,Notre Dame,68,Boise State,ESPN Bet,-21.5,-16.5,63.5,53.5,-1600,800
401757165,2025,regular,6,2025-10-04 19:30:00+00:00,87,Notre Dame,68,Boise State,Bovada,-21.5,-18,63,64.5,-950,600
401754552,2025,regular,6,2025-10-04 16:00:00+00:00,153,North Carolina,228,Clemson,DraftKings,15.5,13.5,47.5,,470,-650
401754552,2025,regular,6,2025-10-04 16:00:00+00:00,153,North Carolina,228,Clemson,ESPN Bet,15.5,13.5,47.5,48.5,500,-800
401754552,2025,regular,6,2025-10-04 16:00:00+00:00,153,North Carolina,228,Clemson,Bovada,14.5,13.5,48,46.5,390,-550
401752766,2025,regular,12,2025-11-16 00:30:00+00:00,61,Georgia,251,Texas,DraftKings,-3.5,-2.5,50.5,,-180,150
401752766,2025,regular,12,2025-11-16 00:30:00+00:00,61,Georgia,251,Texas,ESPN Bet,-3.5,-2,50.5,51.5,-190,160
401752766,2025,regular,12,2025-11-16 00:30:00+00:00,61,Georgia,251,Texas,Bovada,-4,-6.5,50.5,47.5,-220,180
401752870,2025,regular,7,2025-10-11 19:30:00+00:00,2483,Oregon,84,Indiana,DraftKings,-7,-14.5,51.5,,-278,225
401752870,2025,regular,7,2025-10-11 19:30:00+00:00,2483,Oregon,84,Indiana,ESPN Bet,-7.5,-14,51.5,55.5,-270,220
401752870,2025,regular,7,2025-10-11 19:30:00+00:00,2483,Oregon,84,Indiana,Bovada,-6.5,-9.5,51,54.5,-310,255
401752742,2025,regular,8,2025-10-18 19:30:00+00:00,61,Georgia,145,Ole Miss,DraftKings,-7.5,-10.5,56.5,,-285,230
401752742,2025,regular,8,2025-10-18 19:30:00+00:00,61,Georgia,145,Ole Miss,ESPN Bet,-7.5,-10.5,56.5,53.5,-280,230
401752742,2025,regular,8,2025-10-18 19:30:00+00:00,61,Georgia,145,Ole Miss,Bovada,-7.5,-6.5,56.5,54,-230,190
401756932,2025,regular,9,2025-10-25 16:00:00+00:00,2305,Kansas,2306,Kansas State,DraftKings,-3.5,4,55.5,,-180,150
401756932,2025,regular,9,2025-10-25 16:00:00+00:00,2305,Kansas,2306,Kansas State,ESPN Bet,-3.5,3.5,55.5,53.5,-170,145
401756932,2025,regular,9,2025-10-25 16:00:00+00:00,2305,Kansas,2306,Kansas State,Bovada,-3.5,-2.5,56,55,-140,120
401756923,2025,regular,8,2025-10-18 20:00:00+00:00,9,Arizona State,2641,Texas Tech,DraftKings,7.5,-4,52.5,,260,-325
401756923,2025,regular,8,2025-10-18 20:00:00+00:00,9,Arizona State,2641,Texas Tech,Bovada,8,10.5,52,49.5,225,-275
401756923,2025,regular,8,2025-10-18 20:00:00+00:00,9,Arizona State,2641,Texas Tech,ESPN Bet,8.5,10.5,52.5,49.5,240,-290
401752755,2025,regular,10,2025-11-01 19:30:00+00:00,57,Florida,61,Georgia,DraftKings,7,7.5,50.5,,225,-278
401752755,2025,regular,10,2025-11-01 19:30:00+00:00,57,Florida,61,Georgia,ESPN Bet,6.5,8,50.5,51.5,230,-280
401752755,2025,regular,10,2025-11-01 19:30:00+00:00,57,Florida,61,Georgia,Bovada,7,7.5,50,50.5,240,-290
401752881,2025,regular,9,2025-10-25 23:30:00+00:00,127,Michigan State,130,Michigan,DraftKings,13.5,8.5,47.5,,390,-520
401752881,2025,regular,9,2025-10-25 23:30:00+00:00,127,Michigan State,130,Michigan,ESPN Bet,13.5,8,47.5,46.5,450,-700
401752881,2025,regular,9,2025-10-25 23:30:00+00:00,127,Michigan State,130,Michigan,Bovada,13.5,13.5,47.5,49,425,-600
401752889,2025,regular,10,2025-11-01 16:00:00+00:00,194,Ohio State,213,Penn State,DraftKings,-17.5,-4,45.5,,-1050,675
401752889,2025,regular,10,2025-11-01 16:00:00+00:00,194,Ohio State,213,Penn State,ESPN Bet,-17.5,-4,45.5,50.5,-1600,800
401752889,2025,regular,10,2025-11-01 16:00:00+00:00,194,Ohio State,213,Penn State,Bovada,-18,-21,45.5,43.5,-1600,800
401752748,2025,regular,9,2025-10-25 23:30:00+00:00,99,LSU,245,Texas A&M,DraftKings,1.5,-5.5,50.5,,102,-122
401752748,2025,regular,9,2025-10-25 23:30:00+00:00,99,LSU,245,Texas A&M,ESPN Bet,1.5,-5.5,49.5,53.5,105,-125
401752748,2025,regular,9,2025-10-25 23:30:00+00:00,99,LSU,245,Texas A&M,Bovada,1.5,2.5,50.5,48.5,110,-130
401754586,2025,regular,11,2025-11-09 00:00:00+00:00,228,Clemson,52,Florida State,DraftKings,-1.5,-16.5,56.5,55.5,-118,-102
401754586,2025,regular,11,2025-11-09 00:00:00+00:00,228,Clemson,52,Florida State,ESPN Bet,-1.5,-16.5,57.5,55.5,-120,-105
401754586,2025,regular,11,2025-11-09 00:00:00+00:00,228,Clemson,52,Florida State,Bovada,-1.5,-2.5,56.5,56,-135,115
401754581,2025,regular,10,2025-11-01 16:00:00+00:00,2567,SMU,2390,Miami,DraftKings,8.5,1.5,50.5,,260,-325
401754581,2025,regular,10,2025-11-01 16:00:00+00:00,2567,SMU,2390,Miami,ESPN Bet,6.5,10.5,46.5,50.5,280,-360
401754581,2025,regular,10,2025-11-01 16:00:00+00:00,2567,SMU,2390,Miami,Bovada,8.5,10.5,50.5,50.5,325,-435
401752765,2025,regular,12,2025-11-15 20:30:00+00:00,333,Alabama,201,Oklahoma,DraftKings,-6.5,-12.5,45.5,56.5,-250,205
401752765,2025,regular,12,2025-11-15 20:30:00+00:00,333,Alabama,201,Oklahoma,ESPN Bet,-6.5,-12.5,46.5,56.5,-250,215
401752765,2025,regular,12,2025-11-15 20:30:00+00:00,333,Alabama,201,Oklahoma,Bovada,-6.5,-7,45.5,45.5,-260,215
401752792,2025,regular,14,2025-11-29 00:30:00+00:00,251,Texas,245,Texas A&M,DraftKings,2.5,2.5,54.5,,120,-142
401752792,2025,regular,14,2025-11-29 00:30:00+00:00,251,Texas,245,Texas A&M,ESPN Bet,2.5,-10,54.5,51.5,122,-140
401752792,2025,regular,14,2025-11-29 00:30:00+00:00,251,Texas,245,Texas A&M,Bovada,2.5,3,54.5,51.5,115,-135
401761665,2025,regular,14,2025-11-29 20:00:00+00:00,309,Louisiana,2433,UL Monroe,ESPN Bet,-10.5,-13.5,47.5,48.5,-500,360
401761665,2025,regular,14,2025-11-29 20:00:00+00:00,309,Louisiana,2433,UL Monroe,Bovada,-11,-12.5,47.5,48.5,-470,345
401761665,2025,regular,14,2025-11-29 20:00:00+00:00,309,Louisiana,2433,UL Monroe,DraftKings,-11.5,-13.5,47.5,,-485,370
401836095,2025,regular,14,2025-11-29 18:00:00+00:00,2545,SE Louisiana,2287,Illinois State,ESPN Bet,-2.5,,54.5,,,
401756956,2025,regular,13,2025-11-23 01:00:00+00:00,38,Colorado,9,Arizona State,DraftKings,7,4.5,47.5,,215,-265
401756956,2025,regular,13,2025-11-23 01:00:00+00:00,38,Colorado,9,Arizona State,Bovada,7,7.5,47.5,49,220,-270
401756956,2025,regular,13,2025-11-23 01:00:00+00:00,38,Colorado,9,Arizona State,ESPN Bet,6.5,8.5,47.5,48.5,200,-240
401752911,2025,regular,13,2025-11-22 20:30:00+00:00,2483,Oregon,30,USC,DraftKings,-10.5,-13.5,59.5,,-410,320
401752911,2025,regular,13,2025-11-22 20:30:00+00:00,2483,Oregon,30,USC,ESPN Bet,-12.5,-12,60.5,55.5,-425,320
401752911,2025,regular,13,2025-11-22 20:30:00+00:00,2483,Oregon,30,USC,Bovada,-11,-9.5,59,60,-380,290
401752775,2025,regular,13,2025-11-23 00:30:00+00:00,57,Florida,2633,Tennessee,DraftKings,3.5,-4,57.5,,145,-175
401752775,2025,regular,13,2025-11-23 00:30:00+00:00,57,Florida,2633,Tennessee,Bovada,3,3.5,58,57.5,165,-195
401752775,2025,regular,13,2025-11-23 00:30:00+00:00,57,Florida,2633,Tennessee,ESPN Bet,3.5,3.5,57.5,57.5,145,-170
401752823,2025,regular,2,2025-09-07 00:00:00+00:00,2439,UNLV,26,UCLA,Bovada,2.5,2,54.5,56.5,105,-125
401752823,2025,regular,2,2025-09-07 00:00:00+00:00,2439,UNLV,26,UCLA,ESPN Bet,2.5,2.5,54.5,55.5,115,-135
401760371,2025,regular,1,2025-08-23 20:00:00+00:00,2439,UNLV,304,Idaho State,Bovada,-30.5,-24.5,67,64.5,-3500,1100
401760371,2025,regular,1,2025-08-23 20:00:00+00:00,2439,UNLV,304,Idaho State,ESPN Bet,-30.5,-24.5,67.5,64.5,-10000,2500
401752688,2025,regular,2,2025-09-06 23:30:00+00:00,344,Mississippi State,9,Arizona State,Bovada,6,7,58.5,59,225,-275
401752688,2025,regular,2,2025-09-06 23:30:00+00:00,344,Mississippi State,9,Arizona State,ESPN Bet,5.5,6.5,58.5,59.5,170,-200
401752948,2025,regular,2,2025-09-07 02:15:00+00:00,265,Washington State,21,San Diego State,Bovada,-2,-3,46.5,45,-150,130
401752948,2025,regular,2,2025-09-07 02:15:00+00:00,265,Washington State,21,San Diego State,ESPN Bet,-2.5,-1.5,46.5,45.5,-125,105
401754528,2025,regular,2,2025-09-05 23:00:00+00:00,97,Louisville,256,James Madison,Bovada,-15,-15,57,57.5,-700,475
401754528,2025,regular,2,2025-09-05 23:00:00+00:00,97,Louisville,256,James Madison,ESPN Bet,-15.5,-14.5,56.5,57.5,-750,475
401767476,2025,regular,1,2025-08-23 17:00:00+00:00,2447,Nicholls,2916,Incarnate Word,Bovada,13.5,13.5,51.5,51.5,-480,350
401767476,2025,regular,1,2025-08-23 17:00:00+00:00,2447,Nicholls,2916,Incarnate Word,ESPN Bet,13.5,,50.5,,,
401752826,2025,regular,2,2025-09-05 23:30:00+00:00,120,Maryland,2459,Northern Illinois,Bovada,-17,-15.5,44.5,48.5,-750,500
401752826,2025,regular,2,2025-09-05 23:30:00+00:00,120,Maryland,2459,Northern Illinois,ESPN Bet,-16.5,-16.5,44.5,48.5,-900,550
401762518,2025,regular,14,2025-11-30 00:30:00+00:00,2655,Tulane,2429,Charlotte,ESPN Bet,-31.5,-29.5,52.5,52.5,-100000,4000
401762518,2025,regular,14,2025-11-30 00:30:00+00:00,2655,Tulane,2429,Charlotte,Bovada,-31,-30,52.5,52.5,,
401762518,2025,regular,14,2025-11-30 00:30:00+00:00,2655,Tulane,2429,Charlotte,DraftKings,-30.5,-28.5,51.5,,-8000,2200
401762790,2025,regular,1,2025-08-28 22:00:00+00:00,189,Bowling Green,322,Lafayette,Bovada,-21,-14.5,53,52.5,-1300,725
401762790,2025,regular,1,2025-08-28 22:00:00+00:00,189,Bowling Green,322,Lafayette,ESPN Bet,-21.5,-21.5,53.5,52.5,-1600,800
401752709,2025,regular,4,2025-09-20 23:30:00+00:00,2390,Miami,57,Florida,ESPN Bet,-8.5,-3,51.5,55.5,-320,260
401752709,2025,regular,4,2025-09-20 23:30:00+00:00,2390,Miami,57,Florida,DraftKings,-8.5,-3.5,51.5,,-340,270
401752709,2025,regular,4,2025-09-20 23:30:00+00:00,2390,Miami,57,Florida,Bovada,-8.5,-9.5,51,52.5,-290,240
401752873,2025,regular,8,2025-10-18 16:00:00+00:00,130,Michigan,264,Washington,ESPN Bet,-4.5,-10.5,50.5,47.5,-175,150
401752873,2025,regular,8,2025-10-18 16:00:00+00:00,130,Michigan,264,Washington,Bovada,-4,-6,50.5,51,-220,180
401752873,2025,regular,8,2025-10-18 16:00:00+00:00,130,Michigan,264,Washington,DraftKings,-4,-10.5,50.5,,-192,160
401752804,2025,regular,1,2025-08-30 20:00:00+00:00,2483,Oregon,147,Montana State,Bovada,-28,-26.5,56.5,55.5,,
401752804,2025,regular,1,2025-08-30 20:00:00+00:00,2483,Oregon,147,Montana State,ESPN Bet,-28.5,-27.5,55.5,56.5,-10000,2500
401754618,2025,regular,2,2025-09-06 16:00:00+00:00,183,Syracuse,41,UConn,Bovada,-7,-9,57.5,59,-350,275
401754618,2025,regular,2,2025-09-06 16:00:00+00:00,183,Syracuse,41,UConn,ESPN Bet,-7.5,-7.5,57.5,59.5,-275,225
401754525,2025,regular,2,2025-09-06 16:00:00+00:00,2567,SMU,239,Baylor,Bovada,-3,-4,65.5,65,-185,160
401754525,2025,regular,2,2025-09-06 16:00:00+00:00,2567,SMU,239,Baylor,ESPN Bet,-2.5,-4.5,65.5,60.5,-150,130
401752825,2025,regular,2,2025-09-06 16:00:00+00:00,150,Duke,356,Illinois,Bovada,2.5,2.5,49,50,110,-130
401752825,2025,regular,2,2025-09-06 16:00:00+00:00,150,Duke,356,Illinois,ESPN Bet,2.5,2.5,49.5,49.5,115,-135
401752811,2025,regular,2,2025-09-06 16:00:00+00:00,213,Penn State,2229,Florida International,Bovada,-42,-42,53.5,54.5,,
401752811,2025,regular,2,2025-09-06 16:00:00+00:00,213,Penn State,2229,Florida International,ESPN Bet,-41.5,-41.5,53.5,54.5,,
401752699,2025,regular,3,2025-09-13 23:30:00+00:00,99,LSU,57,Florida,ESPN Bet,-5.5,-5.5,47.5,54.5,-210,175
401752699,2025,regular,3,2025-09-13 23:30:00+00:00,99,LSU,57,Florida,Bovada,-5,-9.5,47,50.5,-360,280
401752699,2025,regular,3,2025-09-13 23:30:00+00:00,99,LSU,57,Florida,DraftKings,-4.5,-5.5,47.5,54.5,-218,180
401752684,2025,regular,2,2025-09-06 20:15:00+00:00,57,Florida,58,South Florida,Bovada,-18.5,-18,58,55,-900,575
401752684,2025,regular,2,2025-09-06 20:15:00+00:00,57,Florida,58,South Florida,ESPN Bet,-18.5,-16.5,58.5,54.5,-1000,600
401767256,2025,regular,1,2025-08-29 23:00:00+00:00,2142,Colgate,2405,Monmouth,ESPN Bet,14.5,,65.5,,,
401762432,2025,regular,1,2025-08-29 22:00:00+00:00,349,Army,2627,Tarleton State,ESPN Bet,-14.5,-13.5,47.5,48.5,-600,400
401762432,2025,regular,1,2025-08-29 22:00:00+00:00,349,Army,2627,Tarleton State,Bovada,-14,-16.5,47.5,51.5,-750,500
401757167,2025,regular,1,2025-08-30 18:00:00+00:00,41,UConn,2115,Central Connecticut,ESPN Bet,-29.5,-25.5,51.5,51.5,-7500,2000
401757167,2025,regular,1,2025-08-30 18:00:00+00:00,41,UConn,2115,Central Connecticut,Bovada,-28,-26.5,51.5,51.5,,
401756846,2025,regular,1,2025-08-23 16:00:00+00:00,2306,Kansas State,66,Iowa State,ESPN Bet,-2.5,-3,51.5,49.5,-145,125
401756846,2025,regular,1,2025-08-23 16:00:00+00:00,2306,Kansas State,66,Iowa State,DraftKings,-3.5,-3.5,49.5,49.5,-162,136
401756846,2025,regular,1,2025-08-23 16:00:00+00:00,2306,Kansas State,66,Iowa State,Bovada,-3,-2.5,51,49.5,-165,140
401757219,2025,regular,1,2025-08-28 23:00:00+00:00,48,Delaware,2169,Delaware State,Bovada,-30.5,-29.5,55.5,54.5,,
401757219,2025,regular,1,2025-08-28 23:00:00+00:00,48,Delaware,2169,Delaware State,ESPN Bet,-30.5,-30,55.5,55.5,-10000,2500
401762434,2025,regular,1,2025-08-30 16:00:00+00:00,2426,Navy,2678,VMI,ESPN Bet,-42.5,-40.5,54.5,50.5,,
401762434,2025,regular,1,2025-08-30 16:00:00+00:00,2426,Navy,2678,VMI,Bovada,-42,-41,53,53,,
401752816,2025,regular,2,2025-09-06 23:30:00+00:00,127,Michigan State,103,Boston College,Bovada,-3.5,-3,45.5,49.5,-150,130
401752816,2025,regular,2,2025-09-06 23:30:00+00:00,127,Michigan State,103,Boston College,ESPN Bet,-3.5,-3.5,45.5,46.5,-165,140
401756876,2025,regular,1,2025-08-28 23:30:00+00:00,197,Oklahoma State,2630,UT Martin,Bovada,-26,-19.5,56.5,55.5,-1300,725
401756876,2025,regular,1,2025-08-28 23:30:00+00:00,197,Oklahoma State,2630,UT Martin,ESPN Bet,,-22.5,56.5,55.5,-4000,1300
401752677,2025,regular,1,2025-08-30 16:00:00+00:00,194,Ohio State,251,Texas,ESPN Bet,-1.5,-2.5,46.5,48.5,-125,105
401752677,2025,regular,1,2025-08-30 16:00:00+00:00,194,Ohio State,251,Texas,DraftKings,-3,-3,47.5,,-135,114
401752677,2025,regular,1,2025-08-30 16:00:00+00:00,194,Ohio State,251,Texas,Bovada,-2,-3,46.5,50.5,-140,120
401767140,2025,regular,1,2025-08-29 22:00:00+00:00,227,Rhode Island,2097,Campbell,ESPN Bet,-11.5,,56.5,,,
401779329,2025,regular,1,2025-08-29 23:00:00+00:00,2368,Marist,2441,New Haven,ESPN Bet,3.5,,48.5,,,
401752668,2025,regular,1,2025-08-30 23:00:00+00:00,57,Florida,2341,Long Island University,ESPN Bet,-46.5,-45.5,56.5,56.5,,
401752668,2025,regular,1,2025-08-30 23:00:00+00:00,57,Florida,2341,Long Island University,Bovada,-47,-45.5,56.5,56.5,,
401752666,2025,regular,1,2025-08-30 20:15:00+00:00,8,Arkansas,2010,Alabama A&M,ESPN Bet,-45.5,-46.5,62.5,62.5,,
401752666,2025,regular,1,2025-08-30 20:15:00+00:00,8,Arkansas,2010,Alabama A&M,Bovada,-48.5,-46.5,65,62.5,,
401761603,2025,regular,2,2025-09-06 19:30:00+00:00,2636,UTSA,326,Texas State,ESPN Bet,-4.5,-4.5,64.5,66.5,-190,160
401761603,2025,regular,2,2025-09-06 19:30:00+00:00,2636,UTSA,326,Texas State,Bovada,-4.5,-5,64.5,64.5,-210,175
401754517,2025,regular,1,2025-08-28 23:30:00+00:00,150,Duke,2210,Elon,Bovada,-36.5,-33.5,51.5,47.5,,
401754517,2025,regular,1,2025-08-28 23:30:00+00:00,150,Duke,2210,Elon,ESPN Bet,,-33.5,50.5,47.5,,
401752686,2025,regular,2,2025-09-06 19:30:00+00:00,96,Kentucky,145,Ole Miss,Bovada,8,8.5,51.5,51.5,265,-330
401752686,2025,regular,2,2025-09-06 19:30:00+00:00,96,Kentucky,145,Ole Miss,ESPN Bet,7.5,9.5,51.5,52.5,270,-340
401756885,2025,regular,2,2025-09-06 16:00:00+00:00,2641,Texas Tech,2309,Kent State,Bovada,-48.5,-49,60,60.5,,
401756885,2025,regular,2,2025-09-06 16:00:00+00:00,2641,Texas Tech,2309,Kent State,ESPN Bet,-47.5,-48.5,59.5,60.5,,
401767126,2025,regular,1,2025-08-23 20:30:00+00:00,2502,Portland State,2627,Tarleton State,Bovada,17.5,17.5,60.5,60.5,550,-850
401767126,2025,regular,1,2025-08-23 20:30:00+00:00,2502,Portland State,2627,Tarleton State,ESPN Bet,16.5,,55.5,,,
401754529,2025,regular,2,2025-09-06 16:00:00+00:00,221,Pittsburgh,2117,Central Michigan,Bovada,-21.5,-21.5,48.5,53,-1800,850
401754529,2025,regular,2,2025-09-06 16:00:00+00:00,221,Pittsburgh,2117,Central Michigan,ESPN Bet,-21.5,-21.5,48.5,53.5,-2000,1000
401752812,2025,regular,2,2025-09-06 16:00:00+00:00,84,Indiana,338,Kennesaw State,Bovada,-35.5,-35.5,51.5,51,,
401752812,2025,regular,2,2025-09-06 16:00:00+00:00,84,Indiana,338,Kennesaw State,ESPN Bet,-35.5,-35.5,51.5,50.5,,
401757227,2025,regular,2,2025-09-06 16:00:00+00:00,55,Jacksonville State,2335,Liberty,Bovada,6,6,50.5,51,195,-235
401757227,2025,regular,2,2025-09-06 16:00:00+00:00,55,Jacksonville State,2335,Liberty,ESPN Bet,6.5,5.5,50.5,52.5,180,-215
401761588,2025,regular,1,2025-08-28 23:00:00+00:00,2433,UL Monroe,2598,St. Francis (PA),Bovada,-31,-23.5,47,45.5,-3500,1100
401761588,2025,regular,1,2025-08-28 23:00:00+00:00,2433,UL Monroe,2598,St. Francis (PA),ESPN Bet,-30.5,-30.5,47.5,46.5,,
401752674,2025,regular,1,2025-08-28 23:30:00+00:00,142,Missouri,2110,Central Arkansas,Bovada,-38.5,-36.5,52.5,51.5,,
401752674,2025,regular,1,2025-08-28 23:30:00+00:00,142,Missouri,2110,Central Arkansas,ESPN Bet,-39.5,-40.5,53.5,52.5,,
401756880,2025,regular,2,2025-09-06 19:30:00+00:00,2132,Cincinnati,189,Bowling Green,ESPN Bet,-21.5,-20.5,46.5,46.5,-2000,1000
401756880,2025,regular,2,2025-09-06 19:30:00+00:00,2132,Cincinnati,189,Bowling Green,Bovada,-22.5,-18,46.5,49.5,-950,600
401752705,2025,regular,3,2025-09-13 19:30:00+00:00,2633,Tennessee,61,Georgia,ESPN Bet,3.5,7,50.5,50.5,145,-170
401752705,2025,regular,3,2025-09-13 19:30:00+00:00,2633,Tennessee,61,Georgia,DraftKings,3.5,7.5,50.5,50.5,140,-166
401752705,2025,regular,3,2025-09-13 19:30:00+00:00,2633,Tennessee,61,Georgia,Bovada,3.5,6.5,50.5,50.5,150,-210
401754623,2025,regular,3,2025-09-13 16:00:00+00:00,59,Georgia Tech,228,Clemson,ESPN Bet,2.5,9.5,49.5,58.5,130,-150
401754623,2025,regular,3,2025-09-13 16:00:00+00:00,59,Georgia Tech,228,Clemson,DraftKings,3,8.5,51.5,,120,-142
401754623,2025,regular,3,2025-09-13 16:00:00+00:00,59,Georgia Tech,228,Clemson,Bovada,3,6.5,51,52.5,175,-210
401756960,2025,regular,13,2025-11-22 21:00:00+00:00,254,Utah,2306,Kansas State,ESPN Bet,-18.5,-1.5,52.5,54.5,-1200,700
401756960,2025,regular,13,2025-11-22 21:00:00+00:00,254,Utah,2306,Kansas State,DraftKings,-17.5,-16.5,52.5,,-850,575
401756960,2025,regular,13,2025-11-22 21:00:00+00:00,254,Utah,2306,Kansas State,Bovada,-17.5,-17,52.5,52.5,-900,575
401754520,2025,regular,1,2025-08-30 16:00:00+00:00,221,Pittsburgh,2184,Duquesne,ESPN Bet,-39.5,-38.5,58.5,55.5,,
401754520,2025,regular,1,2025-08-30 16:00:00+00:00,221,Pittsburgh,2184,Duquesne,Bovada,-39,-39,58,57,,
401754519,2025,regular,1,2025-08-30 19:00:00+00:00,97,Louisville,2198,Eastern Kentucky,ESPN Bet,-37.5,-38,57.5,56.5,-7500,2000
401754519,2025,regular,1,2025-08-30 19:00:00+00:00,97,Louisville,2198,Eastern Kentucky,Bovada,-38,-37.5,56.5,56.5,,
401756877,2025,regular,1,2025-08-30 23:30:00+00:00,2641,Texas Tech,2029,Arkansas-Pine Bluff,ESPN Bet,,-53,62.5,62.5,,
401756877,2025,regular,1,2025-08-30 23:30:00+00:00,2641,Texas Tech,2029,Arkansas-Pine Bluff,Bovada,-54.5,-52.5,63.5,62.5,,
401833985,2025,regular,16,2025-12-13 02:00:00+00:00,147,Montana State,2617,Stephen F. Austin,DraftKings,-15.5,,56.5,,,
401833986,2025,regular,16,2025-12-13 17:00:00+00:00,2627,Tarleton State,222,Villanova,DraftKings,-14.5,,54.5,,,
401833987,2025,regular,16,2025-12-13 20:30:00+00:00,149,Montana,233,South Dakota,DraftKings,-7.5,,59.5,,,
401836219,2025,regular,16,2025-12-13 22:00:00+00:00,302,UC Davis,2287,Illinois State,DraftKings,-3,,57.5,,,
401754526,2025,regular,2,2025-09-07 02:15:00+00:00,252,BYU,24,Stanford,Bovada,-20.5,-18.5,44.5,48,-1000,625
401754526,2025,regular,2,2025-09-07 02:15:00+00:00,252,BYU,24,Stanford,ESPN Bet,-20.5,-17.5,43.5,47.5,-1600,800
401756883,2025,regular,2,2025-09-06 20:00:00+00:00,195,Ohio,277,West Virginia,ESPN Bet,3.5,2.5,58.5,60.5,150,-175
401756883,2025,regular,2,2025-09-06 20:00:00+00:00,195,Ohio,277,West Virginia,Bovada,3.5,3,58.5,57.5,130,-150
401760357,2025,regular,1,2025-08-29 02:00:00+00:00,21,San Diego State,2619,Stony Brook,Bovada,-19.5,-18.5,53.5,53.5,-1000,625
401760357,2025,regular,1,2025-08-29 02:00:00+00:00,21,San Diego State,2619,Stony Brook,ESPN Bet,,-16,53.5,53.5,-1600,800
401756850,2025,regular,1,2025-08-31 02:00:00+00:00,9,Arizona State,2464,Northern Arizona,ESPN Bet,-29.5,-28.5,52.5,52.5,,
401756850,2025,regular,1,2025-08-31 02:00:00+00:00,9,Arizona State,2464,Northern Arizona,Bovada,-30.5,-28.5,52.5,52.5,,
401762457,2025,regular,1,2025-08-31 00:00:00+00:00,202,Tulsa,2000,Abilene Christian,Bovada,-5,-4.5,59.5,62.5,-210,175
401762457,2025,regular,1,2025-08-31 00:00:00+00:00,202,Tulsa,2000,Abilene Christian,ESPN Bet,-5.5,-5.5,59.5,59.5,-200,170
401752759,2025,regular,11,2025-11-09 00:30:00+00:00,333,Alabama,99,LSU,ESPN Bet,-10.5,-4.5,49.5,54.5,-380,290
401752759,2025,regular,11,2025-11-09 00:30:00+00:00,333,Alabama,99,LSU,Bovada,-10,-11,49.5,49.5,-410,305
401752759,2025,regular,11,2025-11-09 00:30:00+00:00,333,Alabama,99,LSU,DraftKings,-10,-5.5,49.5,,-380,300
401752893,2025,regular,11,2025-11-08 17:00:00+00:00,213,Penn State,84,Indiana,ESPN Bet,13.5,-17,50.5,53.5,400,-600
401752893,2025,regular,11,2025-11-08 17:00:00+00:00,213,Penn State,84,Indiana,DraftKings,14.5,11.5,49.5,,440,-600
401752893,2025,regular,11,2025-11-08 17:00:00+00:00,213,Penn State,84,Indiana,Bovada,14,13.5,50.5,49.5,410,-585
401754638,2025,regular,3,2025-09-13 19:30:00+00:00,277,West Virginia,221,Pittsburgh,ESPN Bet,6.5,2.5,54.5,57.5,230,-280
401754638,2025,regular,3,2025-09-13 19:30:00+00:00,277,West Virginia,221,Pittsburgh,DraftKings,7,2.5,55.5,,220,-270
401754638,2025,regular,3,2025-09-13 19:30:00+00:00,277,West Virginia,221,Pittsburgh,Bovada,7,4.5,55,58,175,-210
401752693,2025,regular,2,2025-09-06 16:00:00+00:00,251,Texas,23,San José State,Bovada,-37,-36,52.5,51,,
401752693,2025,regular,2,2025-09-06 16:00:00+00:00,251,Texas,23,San José State,ESPN Bet,-36.5,-35.5,52.5,51.5,,
401754524,2025,regular,2,2025-09-06 16:00:00+00:00,152,NC State,258,Virginia,Bovada,-3,-3,53,55.5,-150,130
401754524,2025,regular,2,2025-09-06 16:00:00+00:00,152,NC State,258,Virginia,ESPN Bet,-2.5,-2.5,52.5,54.5,-150,130
401752694,2025,regular,2,2025-09-06 16:45:00+00:00,245,Texas A&M,328,Utah State,Bovada,-34.5,-29.5,57.5,55.5,-20000,1800
401752694,2025,regular,2,2025-09-06 16:45:00+00:00,245,Texas A&M,328,Utah State,ESPN Bet,-34.5,-30.5,57.5,56.5,,
401752682,2025,regular,2,2025-09-06 21:00:00+00:00,8,Arkansas,2032,Arkansas State,Bovada,-23.5,-21.5,62,64.5,-1800,850
401752682,2025,regular,2,2025-09-06 21:00:00+00:00,8,Arkansas,2032,Arkansas State,ESPN Bet,-24.5,-23.5,61.5,63.5,-3000,1200
401762461,2025,regular,2,2025-09-06 19:30:00+00:00,2711,Western Michigan,249,North Texas,Bovada,12,10,56,60,285,-370
401762461,2025,regular,2,2025-09-06 19:30:00+00:00,2711,Western Michigan,249,North Texas,ESPN Bet,12.5,10.5,56.5,60.5,300,-400
401754518,2025,regular,1,2025-08-30 18:00:00+00:00,103,Boston College,2230,Fordham,Bovada,-35,-34.5,53.5,53.5,,
401754518,2025,regular,1,2025-08-30 18:00:00+00:00,103,Boston College,2230,Fordham,ESPN Bet,-34.5,-36.5,52.5,53.5,-100000,4000
401756878,2025,regular,1,2025-08-30 18:00:00+00:00,277,West Virginia,2523,Robert Morris,Bovada,-40,-37.5,56.5,55.5,,
401756878,2025,regular,1,2025-08-30 18:00:00+00:00,277,West Virginia,2523,Robert Morris,ESPN Bet,-43.5,-38.5,58.5,55.5,,
401756884,2025,regular,2,2025-09-06 23:00:00+00:00,242,Rice,248,Houston,Bovada,13.5,13.5,38.5,41.5,390,-550
401756884,2025,regular,2,2025-09-06 23:00:00+00:00,242,Rice,248,Houston,ESPN Bet,13.5,12.5,38.5,40.5,450,-700
401756853,2025,regular,1,2025-08-30 19:30:00+00:00,66,Iowa State,233,South Dakota,Bovada,-16.5,-14.5,47.5,46.5,,
401756853,2025,regular,1,2025-08-30 19:30:00+00:00,66,Iowa State,233,South Dakota,ESPN Bet,-13.5,-15.5,47.5,46.5,-800,500
401761598,2025,regular,2,2025-09-06 23:00:00+00:00,2247,Georgia State,235,Memphis,Bovada,14.5,14,57.5,54,425,-600
401761598,2025,regular,2,2025-09-06 23:00:00+00:00,2247,Georgia State,235,Memphis,ESPN Bet,15.5,13.5,57.5,54.5,500,-800
401752820,2025,regular,2,2025-09-06 20:00:00+00:00,275,Wisconsin,2393,Middle Tennessee,Bovada,-28.5,-27.5,45.5,46.5,-6500,1300
401752820,2025,regular,2,2025-09-06 20:00:00+00:00,275,Wisconsin,2393,Middle Tennessee,ESPN Bet,-28.5,-28.5,44.5,46.5,,
401752789,2025,regular,14,2025-11-29 20:30:00+00:00,201,Oklahoma,99,LSU,DraftKings,-11.5,-8.5,36.5,,-500,380
401752789,2025,regular,14,2025-11-29 20:30:00+00:00,201,Oklahoma,99,LSU,Bovada,-11.5,-10,36,38.5,-470,345
401752789,2025,regular,14,2025-11-29 20:30:00+00:00,201,Oklahoma,99,LSU,ESPN Bet,-11.5,-10.5,36.5,38.5,-500,400
401752795,2025,regular,1,2025-08-29 23:30:00+00:00,356,Illinois,2710,Western Illinois,Bovada,-48.5,-45.5,62.5,63.5,,
401752795,2025,regular,1,2025-08-29 23:30:00+00:00,356,Illinois,2710,Western Illinois,ESPN Bet,-48.5,-45.5,63.5,61.5,,
401757311,2025,regular,14,2025-11-29 18:00:00+00:00,2534,Sam Houston,2229,Florida International,ESPN Bet,10.5,10.5,50.5,51.5,340,-450
401757311,2025,regular,14,2025-11-29 18:00:00+00:00,2534,Sam Houston,2229,Florida International,Bovada,10.5,10,51,51.5,285,-370
401757311,2025,regular,14,2025-11-29 18:00:00+00:00,2534,Sam Houston,2229,Florida International,DraftKings,10.5,10.5,50.5,,320,-410
401762792,2025,regular,1,2025-08-30 16:00:00+00:00,2309,Kent State,2771,Merrimack,Bovada,-5.5,-6.5,50.5,50.5,,
401752818,2025,regular,2,2025-09-06 19:30:00+00:00,164,Rutgers,193,Miami (OH),Bovada,-15.5,-14,45.5,48,-585,410
401752818,2025,regular,2,2025-09-06 19:30:00+00:00,164,Rutgers,193,Miami (OH),ESPN Bet,-15.5,-13.5,45.5,48.5,-750,475
401757221,2025,regular,1,2025-08-30 23:30:00+00:00,2348,Louisiana Tech,2545,SE Louisiana,ESPN Bet,-14.5,-13.5,50.5,48.5,-750,475
401757221,2025,regular,1,2025-08-30 23:30:00+00:00,2348,Louisiana Tech,2545,SE Louisiana,Bovada,-14.5,-14.5,51,50,-700,475
401757223,2025,regular,1,2025-08-31 01:00:00+00:00,166,New Mexico State,2803,Bryant,ESPN Bet,-19.5,-19.5,52.5,53.5,-1200,700
401757223,2025,regular,1,2025-08-31 01:00:00+00:00,166,New Mexico State,2803,Bryant,Bovada,-19.5,-19.5,53.5,53.5,,
401752824,2025,regular,2,2025-09-06 19:30:00+00:00,2483,Oregon,197,Oklahoma State,Bovada,-28.5,-28,55.5,58.5,-10000,1600
401752824,2025,regular,2,2025-09-06 19:30:00+00:00,2483,Oregon,197,Oklahoma State,ESPN Bet,-28.5,-27.5,55.5,58.5,,
401752947,2025,regular,1,2025-08-31 02:00:00+00:00,265,Washington State,70,Idaho,ESPN Bet,-16.5,-9.5,50.5,50.5,-1000,600
401752947,2025,regular,1,2025-08-31 02:00:00+00:00,265,Washington State,70,Idaho,Bovada,-17,-14.5,51,50.5,-850,550
401757228,2025,regular,2,2025-09-06 22:00:00+00:00,276,Marshall,2623,Missouri State,Bovada,-7,-10,53.5,56.5,-410,305
401757228,2025,regular,2,2025-09-06 22:00:00+00:00,276,Marshall,2623,Missouri State,ESPN Bet,-7.5,-9.5,53.5,56.5,-280,230
401756881,2025,regular,2,2025-09-06 19:30:00+00:00,38,Colorado,48,Delaware,Bovada,-23.5,-23.5,49.5,50,-2500,1000
401756881,2025,regular,2,2025-09-06 19:30:00+00:00,38,Colorado,48,Delaware,ESPN Bet,-23.5,-24.5,49.5,50.5,-3000,1200
401752937,2025,regular,2,2025-09-06 19:30:00+00:00,204,Oregon State,278,Fresno State,Bovada,-1,-2,45.5,48.5,-125,105
401752937,2025,regular,2,2025-09-06 19:30:00+00:00,204,Oregon State,278,Fresno State,ESPN Bet,-1.5,-2.5,44.5,48.5,-120,-110
401754637,2025,regular,2,2025-09-06 19:30:00+00:00,228,Clemson,2653,Troy,Bovada,-31,-32,51.5,51.5,-20000,1800
401754637,2025,regular,2,2025-09-06 19:30:00+00:00,228,Clemson,2653,Troy,ESPN Bet,-29.5,-31.5,51.5,51.5,,
401762458,2025,regular,2,2025-09-06 19:30:00+00:00,2426,Navy,5,UAB,Bovada,-20.5,-21,59,58.5,-1600,800
401762458,2025,regular,2,2025-09-06 19:30:00+00:00,2426,Navy,5,UAB,ESPN Bet,-22.5,-21.5,58.5,59.5,-1600,800
401756882,2025,regular,2,2025-09-06 23:00:00+00:00,2306,Kansas State,349,Army,Bovada,-17,-14.5,48.5,49,-650,450
401756882,2025,regular,2,2025-09-06 23:00:00+00:00,2306,Kansas State,349,Army,ESPN Bet,-16.5,-17.5,48.5,46.5,-800,500
401752675,2025,regular,1,2025-08-30 22:00:00+00:00,201,Oklahoma,2287,Illinois State,Bovada,-39.5,-35.5,61,61.5,,
401752675,2025,regular,1,2025-08-30 22:00:00+00:00,201,Oklahoma,2287,Illinois State,ESPN Bet,-38.5,-35.5,60.5,60.5,-20000,3000
401757220,2025,regular,1,2025-08-30 20:00:00+00:00,2335,Liberty,311,Maine,Bovada,-25.5,-25.5,51,52.5,,
401757220,2025,regular,1,2025-08-30 20:00:00+00:00,2335,Liberty,311,Maine,ESPN Bet,-25.5,-25.5,50.5,52.5,-5000,1500
401756851,2025,regular,1,2025-08-31 00:00:00+00:00,252,BYU,2502,Portland State,Bovada,-43.5,-43.5,61.5,61.5,,
401756851,2025,regular,1,2025-08-31 00:00:00+00:00,252,BYU,2502,Portland State,ESPN Bet,-44.5,-34.5,62.5,56.5,-50000,3500
401754521,2025,regular,1,2025-08-31 01:00:00+00:00,2567,SMU,2837,East Texas A&M,Bovada,-51,-50.5,65,63.5,,
401754521,2025,regular,1,2025-08-31 01:00:00+00:00,2567,SMU,2837,East Texas A&M,ESPN Bet,-50.5,-50.5,64.5,63.5,,
401756855,2025,regular,1,2025-08-30 23:00:00+00:00,2306,Kansas State,155,North Dakota,Bovada,-27.5,-25.5,55.5,55.5,,
401756855,2025,regular,1,2025-08-30 23:00:00+00:00,2306,Kansas State,155,North Dakota,ESPN Bet,-27.5,-28.5,55.5,57.5,-5000,1500
401757226,2025,regular,1,2025-08-30 23:00:00+00:00,98,Western Kentucky,2453,North Alabama,Bovada,-27.5,-28.5,60.5,60.5,,
401757226,2025,regular,1,2025-08-30 23:00:00+00:00,98,Western Kentucky,2453,North Alabama,ESPN Bet,-27.5,-28,60.5,60.5,-4000,1300
401762433,2025,regular,1,2025-08-30 20:30:00+00:00,235,Memphis,236,Chattanooga,Bovada,-30.5,-28,55.5,55.5,,
401762433,2025,regular,1,2025-08-30 20:30:00+00:00,235,Memphis,236,Chattanooga,ESPN Bet,-30.5,-27.5,55.5,55.5,-10000,2500
401752784,2025,regular,14,2025-11-30 00:30:00+00:00,2,Auburn,333,Alabama,DraftKings,7,6.5,48.5,,220,-270
401752784,2025,regular,14,2025-11-30 00:30:00+00:00,2,Auburn,333,Alabama,ESPN Bet,6.5,5.5,48.5,51.5,238,-280
401752784,2025,regular,14,2025-11-30 00:30:00+00:00,2,Auburn,333,Alabama,Bovada,7,5.5,48,48.5,185,-225
401756852,2025,regular,1,2025-08-29 00:00:00+00:00,248,Houston,2617,Stephen F. Austin,Bovada,-24.5,-22.5,54.5,55.5,-2200,1000
401756852,2025,regular,1,2025-08-29 00:00:00+00:00,248,Houston,2617,Stephen F. Austin,ESPN Bet,-23.5,-22.5,54.5,55.5,-3000,1200
401767410,2025,regular,1,2025-08-23 23:30:00+00:00,2582,Southern,2428,North Carolina Central,ESPN Bet,10.5,,47.5,,,
401752679,2025,regular,1,2025-08-30 23:00:00+00:00,238,Vanderbilt,2127,Charleston Southern,Bovada,-37.5,-37.5,49.5,48.5,,
401752679,2025,regular,1,2025-08-30 23:00:00+00:00,238,Vanderbilt,2127,Charleston Southern,ESPN Bet,-38.5,-36,50.5,48.5,,
401761595,2025,regular,1,2025-08-30 23:00:00+00:00,2653,Troy,2447,Nicholls,ESPN Bet,-16.5,-22.5,46.5,50.5,-2500,1100
401761595,2025,regular,1,2025-08-30 23:00:00+00:00,2653,Troy,2447,Nicholls,Bovada,-19.5,-21.5,47.5,48.5,,
401761593,2025,regular,1,2025-08-30 23:00:00+00:00,6,South Alabama,2415,Morgan State,Bovada,-28.5,-28.5,51.5,51.5,,
401761593,2025,regular,1,2025-08-30 23:00:00+00:00,6,South Alabama,2415,Morgan State,ESPN Bet,-28.5,-28.5,50.5,51.5,,
401762435,2025,regular,1,2025-08-31 00:00:00+00:00,249,North Texas,2320,Lamar,Bovada,-27.5,-24.5,63.5,63.5,,
401762435,2025,regular,1,2025-08-31 00:00:00+00:00,249,North Texas,2320,Lamar,ESPN Bet,-27.5,-27.5,62.5,63.5,-7500,2000
401761601,2025,regular,2,2025-09-06 23:00:00+00:00,6,South Alabama,2655,Tulane,Bovada,13.5,10,51.5,51.5,295,-390
401761601,2025,regular,2,2025-09-06 23:00:00+00:00,6,South Alabama,2655,Tulane,ESPN Bet,13.5,10.5,51.5,51.5,400,-600
401761590,2025,regular,1,2025-08-30 22:00:00+00:00,256,James Madison,2692,Weber State,Bovada,-26.5,-27.5,54.5,54.5,,
401761590,2025,regular,1,2025-08-30 22:00:00+00:00,256,James Madison,2692,Weber State,ESPN Bet,-27.5,-25.5,54.5,54.5,-6000,1800
401757222,2025,regular,1,2025-08-30 23:00:00+00:00,2393,Middle Tennessee,2046,Austin Peay,Bovada,-14.5,-13.5,53.5,53.5,-675,460
401757222,2025,regular,1,2025-08-30 23:00:00+00:00,2393,Middle Tennessee,2046,Austin Peay,ESPN Bet,-16.5,-9.5,53.5,53.5,-800,500
401756941,2025,regular,10,2025-11-01 19:30:00+00:00,2306,Kansas State,2641,Texas Tech,ESPN Bet,7.5,-4.5,51.5,60.5,225,-275
401756941,2025,regular,10,2025-11-01 19:30:00+00:00,2306,Kansas State,2641,Texas Tech,DraftKings,7.5,-4.5,51.5,,225,-278
401756941,2025,regular,10,2025-11-01 19:30:00+00:00,2306,Kansas State,2641,Texas Tech,Bovada,7,7,52,52.5,240,-290
401762430,2025,regular,1,2025-08-29 00:30:00+00:00,5,UAB,2011,Alabama State,Bovada,-21,-20,53.5,53.5,-1200,700
401762430,2025,regular,1,2025-08-29 00:30:00+00:00,5,UAB,2011,Alabama State,ESPN Bet,-21.5,-20.5,53.5,53.5,-2000,1000
401752687,2025,regular,2,2025-09-06 23:30:00+00:00,99,LSU,2348,Louisiana Tech,Bovada,-36.5,-38,49.5,52.5,,
401752687,2025,regular,2,2025-09-06 23:30:00+00:00,99,LSU,2348,Louisiana Tech,ESPN Bet,-36.5,-32.5,49.5,52.5,,
401752814,2025,regular,2,2025-09-06 23:30:00+00:00,30,USC,290,Georgia Southern,Bovada,-29,-28,61.5,64,-10000,1600
401752814,2025,regular,2,2025-09-06 23:30:00+00:00,30,USC,290,Georgia Southern,ESPN Bet,-28.5,-27.5,62.5,64.5,,
401760359,2025,regular,1,2025-08-30 19:30:00+00:00,2005,Air Force,2083,Bucknell,Bovada,-31,-32,54.5,54.5,,
401760359,2025,regular,1,2025-08-30 19:30:00+00:00,2005,Air Force,2083,Bucknell,ESPN Bet,-30.5,-31,53.5,56.5,-10000,2500
401752683,2025,regular,2,2025-09-06 23:30:00+00:00,2,Auburn,2050,Ball State,Bovada,-43,-43.5,52.5,55.5,,
401752683,2025,regular,2,2025-09-06 23:30:00+00:00,2,Auburn,2050,Ball State,ESPN Bet,-42.5,-42.5,52.5,54.5,,
401757232,2025,regular,2,2025-09-06 23:00:00+00:00,2649,Toledo,98,Western Kentucky,Bovada,-8.5,-5.5,57.5,59.5,-220,180
401757232,2025,regular,2,2025-09-06 23:00:00+00:00,2649,Toledo,98,Western Kentucky,ESPN Bet,-7.5,-6.5,56.5,58.5,-300,250
401761591,2025,regular,1,2025-08-30 23:00:00+00:00,2032,Arkansas State,2546,Southeast Missouri State,ESPN Bet,-15.5,-10.5,59.5,59.5,-750,475
401752810,2025,regular,2,2025-09-06 23:30:00+00:00,158,Nebraska,2006,Akron,Bovada,-34,-34,47.5,48,,
401752810,2025,regular,2,2025-09-06 23:30:00+00:00,158,Nebraska,2006,Akron,ESPN Bet,-33.5,-33.5,47.5,47.5,,
401752681,2025,regular,2,2025-09-06 23:45:00+00:00,333,Alabama,2433,UL Monroe,Bovada,-34,-37.5,50,50,,
401752681,2025,regular,2,2025-09-06 23:45:00+00:00,333,Alabama,2433,UL Monroe,ESPN Bet,-34.5,-36.5,50.5,51.5,,
401757229,2025,regular,2,2025-09-07 01:00:00+00:00,166,New Mexico State,202,Tulsa,Bovada,3,2.5,52.5,53.5,110,-130
401757229,2025,regular,2,2025-09-07 01:00:00+00:00,166,New Mexico State,202,Tulsa,ESPN Bet,3.5,3.5,53.5,52.5,145,-170
401762793,2025,regular,1,2025-08-30 19:30:00+00:00,2459,Northern Illinois,107,Holy Cross,Bovada,-13.5,-13,48.5,51.5,,
401762793,2025,regular,1,2025-08-30 19:30:00+00:00,2459,Northern Illinois,107,Holy Cross,ESPN Bet,-13.5,-11,48.5,51.5,-550,380
401757230,2025,regular,2,2025-09-07 03:59:00+00:00,62,Hawai'i,2534,Sam Houston,Bovada,-7,-10,47.5,49,-370,285
401757230,2025,regular,2,2025-09-07 03:59:00+00:00,62,Hawai'i,2534,Sam Houston,ESPN Bet,-7.5,-7.5,48.5,49.5,-275,225
401752707,2025,regular,3,2025-09-13 23:30:00+00:00,87,Notre Dame,245,Texas A&M,ESPN Bet,-7.5,-7,48.5,49.5,-250,210
401752707,2025,regular,3,2025-09-13 23:30:00+00:00,87,Notre Dame,245,Texas A&M,DraftKings,-6.5,-7,49.5,49.5,-245,200
401752707,2025,regular,3,2025-09-13 23:30:00+00:00,87,Notre Dame,245,Texas A&M,Bovada,-6.5,-6.5,50,48.5,-240,200
401752923,2025,regular,14,2025-11-30 00:00:00+00:00,127,Michigan State,120,Maryland,Bovada,-4,-4.5,49.5,48.5,-185,160
401752923,2025,regular,14,2025-11-30 00:00:00+00:00,127,Michigan State,120,Maryland,ESPN Bet,-4.5,-3.5,48.5,47.5,-185,155
401752923,2025,regular,14,2025-11-30 00:00:00+00:00,127,Michigan State,120,Maryland,DraftKings,-4,-4.5,49.5,,-192,160
401754614,2025,regular,14,2025-11-30 03:30:00+00:00,24,Stanford,87,Notre Dame,Bovada,32.5,32.5,50.5,52.5,,
401754614,2025,regular,14,2025-11-30 03:30:00+00:00,24,Stanford,87,Notre Dame,DraftKings,32.5,29.5,49.5,,2500,-9000
401754614,2025,regular,14,2025-11-30 03:30:00+00:00,24,Stanford,87,Notre Dame,ESPN Bet,33.5,32.5,49.5,51.5,3000,-20000
401760424,2025,regular,14,2025-11-30 04:00:00+00:00,62,Hawai'i,2751,Wyoming,Bovada,-8.5,-10.5,45,44.5,-350,275
401760424,2025,regular,14,2025-11-30 04:00:00+00:00,62,Hawai'i,2751,Wyoming,ESPN Bet,-8.5,-10.5,44.5,44.5,-380,290
401760424,2025,regular,14,2025-11-30 04:00:00+00:00,62,Hawai'i,2751,Wyoming,DraftKings,-8.5,-10.5,44.5,,-380,300
401752917,2025,regular,14,2025-11-29 20:30:00+00:00,264,Washington,2483,Oregon,ESPN Bet,6.5,10.5,51.5,52.5,220,-260
401752917,2025,regular,14,2025-11-29 20:30:00+00:00,264,Washington,2483,Oregon,DraftKings,6.5,7,51.5,,210,-258
401752917,2025,regular,14,2025-11-29 20:30:00+00:00,264,Washington,2483,Oregon,Bovada,7,7.5,51,52.5,220,-270
401767080,2025,regular,1,2025-08-31 00:30:00+00:00,253,Southern Utah,304,Idaho State,Bovada,-4.5,-4.5,63.5,63.5,,
401767080,2025,regular,1,2025-08-31 00:30:00+00:00,253,Southern Utah,304,Idaho State,ESPN Bet,-4.5,,62.5,,,
401752922,2025,regular,14,2025-11-30 00:30:00+00:00,356,Illinois,77,Northwestern,DraftKings,-7,-7,44.5,,-270,220
401752922,2025,regular,14,2025-11-30 00:30:00+00:00,356,Illinois,77,Northwestern,Bovada,-7,-7,44,47.5,-270,220
401752922,2025,regular,14,2025-11-30 00:30:00+00:00,356,Illinois,77,Northwestern,ESPN Bet,-7.5,-6.5,44.5,47.5,-270,220
401761667,2025,regular,14,2025-11-29 20:00:00+00:00,326,Texas State,6,South Alabama,ESPN Bet,-9.5,-9.5,62.5,63.5,-320,260
401761667,2025,regular,14,2025-11-29 20:00:00+00:00,326,Texas State,6,South Alabama,Bovada,-10,-9,62.5,63.5,-340,270
401761667,2025,regular,14,2025-11-29 20:00:00+00:00,326,Texas State,6,South Alabama,DraftKings,-9.5,-8.5,62.5,,-360,285
401752916,2025,regular,14,2025-11-28 17:00:00+00:00,158,Nebraska,2294,Iowa,ESPN Bet,5.5,-2.5,38.5,44.5,190,-225
401752916,2025,regular,14,2025-11-28 17:00:00+00:00,158,Nebraska,2294,Iowa,Bovada,6,5,39.5,39.5,200,-240
401752916,2025,regular,14,2025-11-28 17:00:00+00:00,158,Nebraska,2294,Iowa,DraftKings,5.5,4,38.5,,185,-225
401752695,2025,regular,2,2025-09-06 23:30:00+00:00,259,Virginia Tech,238,Vanderbilt,ESPN Bet,-2.5,-1.5,46.5,47.5,-130,110
401752695,2025,regular,2,2025-09-06 23:30:00+00:00,259,Virginia Tech,238,Vanderbilt,Bovada,-1.5,-1,44.5,47.5,-115,-105
401752786,2025,regular,14,2025-11-28 20:30:00+00:00,59,Georgia Tech,61,Georgia,ESPN Bet,15.5,13.5,59.5,53.5,530,-725
401752786,2025,regular,14,2025-11-28 20:30:00+00:00,59,Georgia Tech,61,Georgia,Bovada,16.5,13,59.5,59.5,425,-600
401752786,2025,regular,14,2025-11-28 20:30:00+00:00,59,Georgia Tech,61,Georgia,DraftKings,16.5,12.5,60.5,,525,-750
401756934,2025,regular,9,2025-10-26 02:15:00+00:00,254,Utah,38,Colorado,ESPN Bet,-14.5,-9.5,50.5,55.5,-700,450
401756934,2025,regular,9,2025-10-26 02:15:00+00:00,254,Utah,38,Colorado,DraftKings,-14,-14.5,49.5,,-625,455
401756934,2025,regular,9,2025-10-26 02:15:00+00:00,254,Utah,38,Colorado,Bovada,-14,-15.5,50,51,-700,475
401767602,2025,regular,1,2025-08-30 17:00:00+00:00,2166,Davidson,46,Georgetown,ESPN Bet,3.5,,55.5,,,
401762868,2025,regular,14,2025-11-25 21:30:00+00:00,113,Massachusetts,189,Bowling Green,DraftKings,14,16.5,44.5,,400,-535
401762868,2025,regular,14,2025-11-25 21:30:00+00:00,113,Massachusetts,189,Bowling Green,Bovada,14,14.5,44.5,45.5,475,-700
401762868,2025,regular,14,2025-11-25 21:30:00+00:00,113,Massachusetts,189,Bowling Green,ESPN Bet,14.5,15.5,44.5,44.5,450,-700
401761666,2025,regular,14,2025-11-29 20:30:00+00:00,2572,Southern Miss,2653,Troy,ESPN Bet,-6.5,-6.5,50.5,50.5,-240,200
401761666,2025,regular,14,2025-11-29 20:30:00+00:00,2572,Southern Miss,2653,Troy,Bovada,-7,-6.5,50,49.5,-245,205
401761666,2025,regular,14,2025-11-29 20:30:00+00:00,2572,Southern Miss,2653,Troy,DraftKings,-7,-5.5,50.5,,-265,215
401756854,2025,regular,1,2025-08-29 23:30:00+00:00,2305,Kansas,2681,Wagner,ESPN Bet,-45.5,-45.5,57.5,56.5,,
401756854,2025,regular,1,2025-08-29 23:30:00+00:00,2305,Kansas,2681,Wagner,Bovada,-46.5,-46.5,57.5,56.5,,
401766898,2025,regular,1,2025-08-29 23:00:00+00:00,2229,Florida International,2065,Bethune-Cookman,ESPN Bet,-26.5,-31,54.5,54.5,-5000,1500
401752738,2025,regular,8,2025-10-18 23:30:00+00:00,333,Alabama,2633,Tennessee,ESPN Bet,-8.5,-11.5,60.5,53.5,-340,270
401752738,2025,regular,8,2025-10-18 23:30:00+00:00,333,Alabama,2633,Tennessee,Bovada,-9,-8,60.5,60.5,-300,250
401752738,2025,regular,8,2025-10-18 23:30:00+00:00,333,Alabama,2633,Tennessee,DraftKings,-8.5,-12.5,61.5,,-340,270
401767339,2025,regular,1,2025-08-30 18:00:00+00:00,231,Furman,2729,William & Mary,ESPN Bet,-2.5,,49.5,,,
401767657,2025,regular,1,2025-08-30 18:00:00+00:00,2529,Sacred Heart,284,Stonehill,ESPN Bet,-6.5,,45.5,,,
401752799,2025,regular,1,2025-08-30 22:00:00+00:00,2294,Iowa,399,UAlbany,ESPN Bet,-39.5,-37.5,48.5,48.5,,
401756965,2025,regular,14,2025-11-29 17:00:00+00:00,2306,Kansas State,38,Colorado,ESPN Bet,-16.5,-17.5,50.5,51.5,-1000,600
401756965,2025,regular,14,2025-11-29 17:00:00+00:00,2306,Kansas State,38,Colorado,Bovada,-16.5,-17,49.5,51.5,-950,600
401756965,2025,regular,14,2025-11-29 17:00:00+00:00,2306,Kansas State,38,Colorado,DraftKings,-16.5,-16.5,49.5,,-800,550
401752910,2025,regular,13,2025-11-23 03:30:00+00:00,26,UCLA,264,Washington,ESPN Bet,10.5,11.5,51.5,51.5,340,-450
401752910,2025,regular,13,2025-11-23 03:30:00+00:00,26,UCLA,264,Washington,DraftKings,10.5,10.5,51.5,,330,-425
401752910,2025,regular,13,2025-11-23 03:30:00+00:00,26,UCLA,264,Washington,Bovada,11,10.5,51,52.5,300,-400
401767536,2025,regular,1,2025-08-30 18:00:00+00:00,2460,Northern Iowa,2086,Butler,ESPN Bet,-16.5,,53.5,,,
401767179,2025,regular,1,2025-08-30 19:00:00+00:00,2296,Jackson State,2261,Hampton,ESPN Bet,-18.5,,58.5,,,
401767549,2025,regular,1,2025-08-28 22:00:00+00:00,2754,Youngstown State,2385,Mercyhurst,ESPN Bet,-24,,59.5,,,
401752778,2025,regular,13,2025-11-22 17:00:00+00:00,201,Oklahoma,142,Missouri,ESPN Bet,-4.5,-7.5,42.5,54.5,-210,175
401752778,2025,regular,13,2025-11-22 17:00:00+00:00,201,Oklahoma,142,Missouri,DraftKings,-4.5,-10.5,42.5,,-218,180
401752778,2025,regular,13,2025-11-22 17:00:00+00:00,201,Oklahoma,142,Missouri,Bovada,-4.5,-9.5,42.5,42.5,-320,260
401754600,2025,regular,13,2025-11-22 20:30:00+00:00,153,North Carolina,150,Duke,ESPN Bet,6.5,1.5,50.5,51.5,215,-260
401754600,2025,regular,13,2025-11-22 20:30:00+00:00,153,North Carolina,150,Duke,DraftKings,7,-1.5,50.5,,205,-250
401754600,2025,regular,13,2025-11-22 20:30:00+00:00,153,North Carolina,150,Duke,Bovada,7,6.5,50,52,200,-240
401752875,2025,regular,8,2025-10-18 23:00:00+00:00,2294,Iowa,213,Penn State,ESPN Bet,-3.5,10.5,41.5,45.5,-155,135
401752875,2025,regular,8,2025-10-18 23:00:00+00:00,2294,Iowa,213,Penn State,DraftKings,-3,-1.5,41.5,,-162,136
401752875,2025,regular,8,2025-10-18 23:00:00+00:00,2294,Iowa,213,Penn State,Bovada,-3,-3,41,38.5,-145,125
401762516,2025,regular,14,2025-11-28 00:30:00+00:00,235,Memphis,2426,Navy,ESPN Bet,-3.5,-5.5,57.5,57.5,-175,150
401762516,2025,regular,14,2025-11-28 00:30:00+00:00,235,Memphis,2426,Navy,Bovada,-3.5,-6,57.5,59.5,-170,145
401762516,2025,regular,14,2025-11-28 00:30:00+00:00,235,Memphis,2426,Navy,DraftKings,-4,-4.5,57.5,,-185,154
401767350,2025,regular,1,2025-08-30 20:00:00+00:00,50,Florida A&M,47,Howard,ESPN Bet,-7.5,,48.5,,,
401767209,2025,regular,1,2025-08-28 23:00:00+00:00,2900,St. Thomas (MN),2815,Lindenwood,ESPN Bet,6.5,,51.5,,,
401760421,2025,regular,14,2025-11-28 20:00:00+00:00,36,Colorado State,2005,Air Force,ESPN Bet,2.5,2.5,47.5,50.5,115,-135
401760421,2025,regular,14,2025-11-28 20:00:00+00:00,36,Colorado State,2005,Air Force,Bovada,2.5,3,47.5,48.5,110,-130
401760421,2025,regular,14,2025-11-28 20:00:00+00:00,36,Colorado State,2005,Air Force,DraftKings,2.5,,47.5,49.5,114,-135
401756964,2025,regular,14,2025-11-28 17:00:00+00:00,2305,Kansas,254,Utah,ESPN Bet,10.5,13.5,59.5,58.5,340,-450
401756964,2025,regular,14,2025-11-28 17:00:00+00:00,2305,Kansas,254,Utah,Bovada,10,13.5,60.5,60.5,340,-460
401756964,2025,regular,14,2025-11-28 17:00:00+00:00,2305,Kansas,254,Utah,DraftKings,10,13.5,60.5,,330,-425
401762875,2025,regular,14,2025-11-29 17:00:00+00:00,193,Miami (OH),2050,Ball State,ESPN Bet,-16.5,-17.5,40.5,41.5,-900,550
401762875,2025,regular,14,2025-11-29 17:00:00+00:00,193,Miami (OH),2050,Ball State,Bovada,-17,-17.5,40.5,42.5,-950,600
401762875,2025,regular,14,2025-11-29 17:00:00+00:00,193,Miami (OH),2050,Ball State,DraftKings,-16.5,-17.5,40.5,,-850,575
401762441,2025,regular,14,2025-11-29 20:30:00+00:00,2636,UTSA,349,Army,ESPN Bet,-8.5,-6.5,50.5,51.5,-320,260
401762441,2025,regular,14,2025-11-29 20:30:00+00:00,2636,UTSA,349,Army,Bovada,-8.5,-7,50,52.5,-300,250
401762441,2025,regular,14,2025-11-29 20:30:00+00:00,2636,UTSA,349,Army,DraftKings,-8.5,-6.5,50.5,,-325,260
401752731,2025,regular,7,2025-10-11 23:30:00+00:00,2,Auburn,61,Georgia,ESPN Bet,4.5,7,45.5,50.5,175,-210
401752731,2025,regular,7,2025-10-11 23:30:00+00:00,2,Auburn,61,Georgia,DraftKings,4.5,7,46.5,,180,-218
401752731,2025,regular,7,2025-10-11 23:30:00+00:00,2,Auburn,61,Georgia,Bovada,4.5,3.5,46.5,46.5,145,-170
401767171,2025,regular,1,2025-08-28 23:00:00+00:00,2197,Eastern Illinois,2168,Dayton,ESPN Bet,-9.5,,47.5,,,
401767223,2025,regular,1,2025-08-30 20:30:00+00:00,2634,Tennessee State,2448,North Carolina A&T,ESPN Bet,-6.5,,50.5,,,
401760422,2025,regular,14,2025-11-28 21:00:00+00:00,328,Utah State,68,Boise State,ESPN Bet,1.5,4.5,54.5,55.5,105,-120
401760422,2025,regular,14,2025-11-28 21:00:00+00:00,328,Utah State,68,Boise State,Bovada,2,3,55,55.5,130,-150
401760422,2025,regular,14,2025-11-28 21:00:00+00:00,328,Utah State,68,Boise State,DraftKings,1.5,,54.5,55.5,102,-122
401757310,2025,regular,14,2025-11-29 18:00:00+00:00,48,Delaware,2638,UTEP,ESPN Bet,-4.5,-6.5,55.5,54.5,-190,160
401757310,2025,regular,14,2025-11-29 18:00:00+00:00,48,Delaware,2638,UTEP,Bovada,-4.5,-5,55.5,55,-195,165
401757310,2025,regular,14,2025-11-29 18:00:00+00:00,48,Delaware,2638,UTEP,DraftKings,-4.5,-3.5,55.5,,-198,164
401752865,2025,regular,7,2025-10-11 16:00:00+00:00,356,Illinois,194,Ohio State,ESPN Bet,15.5,13.5,51.5,50.5,500,-800
401752865,2025,regular,7,2025-10-11 16:00:00+00:00,356,Illinois,194,Ohio State,DraftKings,14.5,13.5,51.5,,525,-750
401752865,2025,regular,7,2025-10-11 16:00:00+00:00,356,Illinois,194,Ohio State,Bovada,15,14.5,51,50.5,475,-700
401767327,2025,regular,1,2025-08-28 23:00:00+00:00,2450,Norfolk State,119,Towson,ESPN Bet,8.5,,49.5,,,
401767454,2025,regular,1,2025-08-30 21:30:00+00:00,2193,East Tennessee State,93,Murray State,ESPN Bet,-31,,54.5,,,
401754613,2025,regular,14,2025-11-30 00:00:00+00:00,258,Virginia,259,Virginia Tech,ESPN Bet,-9.5,-11.5,53.5,52.5,-360,280
401754613,2025,regular,14,2025-11-30 00:00:00+00:00,258,Virginia,259,Virginia Tech,Bovada,-8,-10.5,52.5,52.5,-340,270
401754613,2025,regular,14,2025-11-30 00:00:00+00:00,258,Virginia,259,Virginia Tech,DraftKings,-8.5,-10.5,52.5,,-340,270
401762520,2025,regular,14,2025-11-30 00:00:00+00:00,58,South Florida,242,Rice,ESPN Bet,-28.5,-26.5,57.5,59.5,-6000,1800
401762520,2025,regular,14,2025-11-30 00:00:00+00:00,58,South Florida,242,Rice,Bovada,-28,-26,57.5,59.5,-5000,1300
401762520,2025,regular,14,2025-11-30 00:00:00+00:00,58,South Florida,242,Rice,DraftKings,-28.5,-24.5,57.5,,-6500,2000
401754612,2025,regular,14,2025-11-30 00:30:00+00:00,152,NC State,153,North Carolina,DraftKings,-7,-7.5,48.5,,-278,225
401754612,2025,regular,14,2025-11-30 00:30:00+00:00,152,NC State,153,North Carolina,Bovada,-7,-7.5,49,47.5,-275,225
401754612,2025,regular,14,2025-11-30 00:30:00+00:00,152,NC State,153,North Carolina,ESPN Bet,-7.5,-2.5,49.5,53.5,-270,220
401761663,2025,regular,14,2025-11-29 18:30:00+00:00,276,Marshall,290,Georgia Southern,ESPN Bet,-10.5,-6.5,61.5,60.5,-425,320
401761663,2025,regular,14,2025-11-29 18:30:00+00:00,276,Marshall,290,Georgia Southern,Bovada,-10,-7,62.5,62,-340,270
401761663,2025,regular,14,2025-11-29 18:30:00+00:00,276,Marshall,290,Georgia Southern,DraftKings,-10.5,-6.5,62.5,,-425,330
401754608,2025,regular,14,2025-11-29 20:00:00+00:00,183,Syracuse,103,Boston College,ESPN Bet,2.5,3.5,54.5,53.5,125,-145
401754608,2025,regular,14,2025-11-29 20:00:00+00:00,183,Syracuse,103,Boston College,Bovada,3,3,54,53,125,-145
401754608,2025,regular,14,2025-11-29 20:00:00+00:00,183,Syracuse,103,Boston College,DraftKings,3,3,53.5,,120,-142
401752854,2025,regular,5,2025-09-27 23:30:00+00:00,213,Penn State,2483,Oregon,ESPN Bet,-4.5,-6.5,52.5,52.5,-190,160
401752854,2025,regular,5,2025-09-27 23:30:00+00:00,213,Penn State,2483,Oregon,DraftKings,-3.5,-5.5,53.5,52.5,-180,150
401752854,2025,regular,5,2025-09-27 23:30:00+00:00,213,Penn State,2483,Oregon,Bovada,-4,-3.5,53,52.5,-160,135
401752920,2025,regular,14,2025-11-29 20:30:00+00:00,164,Rutgers,213,Penn State,ESPN Bet,14.5,10.5,55.5,55.5,450,-700
401752920,2025,regular,14,2025-11-29 20:30:00+00:00,164,Rutgers,213,Penn State,Bovada,14,10.5,55.5,55.5,400,-575
401752920,2025,regular,14,2025-11-29 20:30:00+00:00,164,Rutgers,213,Penn State,DraftKings,14,11.5,55.5,,440,-600
401754611,2025,regular,14,2025-11-29 17:00:00+00:00,221,Pittsburgh,2390,Miami,ESPN Bet,6.5,6.5,49.5,51.5,210,-250
401754611,2025,regular,14,2025-11-29 17:00:00+00:00,221,Pittsburgh,2390,Miami,Bovada,6.5,7,49,51.5,215,-260
401754611,2025,regular,14,2025-11-29 17:00:00+00:00,221,Pittsburgh,2390,Miami,DraftKings,6.5,7.5,48.5,,205,-250
401767425,2025,regular,1,2025-08-30 21:00:00+00:00,2400,Mississippi Valley State,2582,Southern,ESPN Bet,12.5,,49.5,,,
401767298,2025,regular,1,2025-08-28 23:30:00+00:00,2535,Samford,2698,West Georgia,ESPN Bet,-6.5,,55.5,,,
401762519,2025,regular,14,2025-11-29 17:00:00+00:00,2226,Florida Atlantic,151,East Carolina,ESPN Bet,6.5,6.5,66.5,66.5,210,-250
401762519,2025,regular,14,2025-11-29 17:00:00+00:00,2226,Florida Atlantic,151,East Carolina,Bovada,7,6.5,66,67.5,210,-250
401762519,2025,regular,14,2025-11-29 17:00:00+00:00,2226,Florida Atlantic,151,East Carolina,DraftKings,7,7,66.5,,215,-265
401767369,2025,regular,1,2025-08-29 00:00:00+00:00,2466,Northwestern State,2016,Alcorn State,ESPN Bet,10.5,,49.5,,,
401767572,2025,regular,1,2025-08-30 22:00:00+00:00,2382,Mercer,2506,Presbyterian,ESPN Bet,-22.5,,51.5,,,
401752790,2025,regular,14,2025-11-29 17:00:00+00:00,2579,South Carolina,228,Clemson,DraftKings,-2.5,2.5,45.5,,-135,114
401752790,2025,regular,14,2025-11-29 17:00:00+00:00,2579,South Carolina,228,Clemson,Bovada,-2.5,-2,46,46.5,-140,120
401752790,2025,regular,14,2025-11-29 17:00:00+00:00,2579,South Carolina,228,Clemson,ESPN Bet,-2.5,4.5,45.5,53.5,-130,110
401767265,2025,regular,1,2025-08-30 22:00:00+00:00,2428,North Carolina Central,160,New Hampshire,ESPN Bet,-4.5,,50.5,,,
401752785,2025,regular,14,2025-11-29 21:30:00+00:00,57,Florida,52,Florida State,ESPN Bet,1.5,-2.5,48.5,51.5,-105,-115
401752785,2025,regular,14,2025-11-29 21:30:00+00:00,57,Florida,52,Florida State,DraftKings,1.5,-1.5,49.5,,-108,-112
401752785,2025,regular,14,2025-11-29 21:30:00+00:00,57,Florida,52,Florida State,Bovada,1,-2.5,49,50.5,-115,-105
401767415,2025,regular,1,2025-08-30 22:00:00+00:00,2569,South Carolina State,2747,Wofford,ESPN Bet,-9.5,,49.5,,,
401756968,2025,regular,14,2025-11-29 17:00:00+00:00,277,West Virginia,2641,Texas Tech,ESPN Bet,24.5,20.5,53.5,52.5,1200,-3000
401756968,2025,regular,14,2025-11-29 17:00:00+00:00,277,West Virginia,2641,Texas Tech,Bovada,24,21,53,53.5,1000,-2200
401756968,2025,regular,14,2025-11-29 17:00:00+00:00,277,West Virginia,2641,Texas Tech,DraftKings,24.5,19.5,53.5,,1100,-2100
401752726,2025,regular,6,2025-10-04 19:30:00+00:00,333,Alabama,238,Vanderbilt,ESPN Bet,-13.5,-22.5,58.5,51.5,-550,380
401752726,2025,regular,6,2025-10-04 19:30:00+00:00,333,Alabama,238,Vanderbilt,DraftKings,-13.5,-13.5,57.5,,-535,400
401752726,2025,regular,6,2025-10-04 19:30:00+00:00,333,Alabama,238,Vanderbilt,Bovada,-13.5,-10.5,57.5,56.5,-430,320
401767059,2025,regular,1,2025-08-30 23:00:00+00:00,2916,Incarnate Word,331,Eastern Washington,ESPN Bet,-10,,57.5,,,
401760426,2025,regular,14,2025-11-28 20:30:00+00:00,167,New Mexico,21,San Diego State,ESPN Bet,1.5,1.5,41.5,41.5,-115,-105
401760426,2025,regular,14,2025-11-28 20:30:00+00:00,167,New Mexico,21,San Diego State,Bovada,1,1.5,41.5,41.5,100,-120
401760426,2025,regular,14,2025-11-28 20:30:00+00:00,167,New Mexico,21,San Diego State,DraftKings,1.5,3,41.5,,-105,-115
401767201,2025,regular,1,2025-08-30 22:00:00+00:00,2717,Western Carolina,2241,Gardner-Webb,ESPN Bet,-6.5,,57.5,,,
401767130,2025,regular,1,2025-08-30 23:00:00+00:00,2571,South Dakota State,16,Sacramento State,ESPN Bet,-11.5,,57.5,,,
401767070,2025,regular,1,2025-08-31 00:00:00+00:00,301,San Diego,13,Cal Poly,ESPN Bet,-1.5,,49.5,,,
401767431,2025,regular,1,2025-08-31 00:00:00+00:00,2640,Texas Southern,2504,Prairie View A&M,ESPN Bet,-1.5,,47.5,,,
401767156,2025,regular,1,2025-08-31 02:00:00+00:00,3101,Utah Tech,302,UC Davis,ESPN Bet,18.5,,56.5,,,
401760363,2025,regular,2,2025-09-06 01:00:00+00:00,68,Boise State,331,Eastern Washington,ESPN Bet,-33.5,-29,60.5,55.5,-10000,2500
401760363,2025,regular,2,2025-09-06 01:00:00+00:00,68,Boise State,331,Eastern Washington,Bovada,-33,-29.5,59.5,56.5,-10000,1600
401752817,2025,regular,2,2025-09-05 23:30:00+00:00,77,Northwestern,2710,Western Illinois,ESPN Bet,-30.5,-28,48.5,51.5,-50000,3500
401752817,2025,regular,2,2025-09-05 23:30:00+00:00,77,Northwestern,2710,Western Illinois,Bovada,-31.5,-28.5,49.5,51.5,-10000,1600
401752813,2025,regular,2,2025-09-06 16:00:00+00:00,135,Minnesota,2466,Northwestern State,Bovada,-43,-43,50.5,50.5,,
401752813,2025,regular,2,2025-09-06 16:00:00+00:00,135,Minnesota,2466,Northwestern State,ESPN Bet,,-43.5,51.5,50.5,,
401762462,2025,regular,2,2025-09-06 18:00:00+00:00,218,Temple,47,Howard,Bovada,-28,-27.5,47,46.5,,
401762462,2025,regular,2,2025-09-06 18:00:00+00:00,218,Temple,47,Howard,ESPN Bet,-27.5,-25.5,45.5,46.5,-10000,2500
401752692,2025,regular,2,2025-09-06 19:30:00+00:00,2633,Tennessee,2193,East Tennessee State,Bovada,-39.5,-41,58.5,56.5,,
401752692,2025,regular,2,2025-09-06 19:30:00+00:00,2633,Tennessee,2193,East Tennessee State,ESPN Bet,-40.5,-41,58.5,56.5,,
401752685,2025,regular,2,2025-09-06 19:30:00+00:00,61,Georgia,2046,Austin Peay,Bovada,-47,-48,55.5,55.5,,
401752685,2025,regular,2,2025-09-06 19:30:00+00:00,61,Georgia,2046,Austin Peay,ESPN Bet,-46.5,-48.5,56.5,55.5,,
401762459,2025,regular,2,2025-09-06 22:00:00+00:00,151,East Carolina,2097,Campbell,Bovada,-30,-29.5,56,52.5,,
401762459,2025,regular,2,2025-09-06 22:00:00+00:00,151,East Carolina,2097,Campbell,ESPN Bet,-30.5,-30,55.5,52.5,-7500,2000
401752919,2025,regular,14,2025-11-30 00:30:00+00:00,30,USC,26,UCLA,Bovada,-21,-21,59,60.5,-1800,850
401752919,2025,regular,14,2025-11-30 00:30:00+00:00,30,USC,26,UCLA,DraftKings,-21.5,-19.5,58.5,,-1650,950
401752919,2025,regular,14,2025-11-30 00:30:00+00:00,30,USC,26,UCLA,ESPN Bet,-21.5,-20.5,59.5,61.5,-1800,900
401752788,2025,regular,14,2025-11-28 17:00:00+00:00,344,Mississippi State,145,Ole Miss,ESPN Bet,7.5,13.5,62.5,59.5,235,-279
401752788,2025,regular,14,2025-11-28 17:00:00+00:00,344,Mississippi State,145,Ole Miss,Bovada,7,8,63,63.5,215,-260
401752788,2025,regular,14,2025-11-28 17:00:00+00:00,344,Mississippi State,145,Ole Miss,DraftKings,7.5,9.5,62.5,,245,-305
401756963,2025,regular,14,2025-11-29 18:00:00+00:00,252,BYU,2116,UCF,Bovada,-17.5,-17.5,46.5,48.5,-1300,725
401756963,2025,regular,14,2025-11-29 18:00:00+00:00,252,BYU,2116,UCF,ESPN Bet,-17.5,-18.5,46.5,47.5,-1400,750
401756963,2025,regular,14,2025-11-29 18:00:00+00:00,252,BYU,2116,UCF,DraftKings,-17.5,-18.5,46.5,,-1100,700
401760367,2025,regular,2,2025-09-06 20:00:00+00:00,2751,Wyoming,2460,Northern Iowa,Bovada,-14,-13.5,47.5,47.5,-575,400
401760367,2025,regular,2,2025-09-06 20:00:00+00:00,2751,Wyoming,2460,Northern Iowa,ESPN Bet,-13.5,-13.5,45.5,47.5,-800,500
401760366,2025,regular,2,2025-09-06 19:00:00+00:00,167,New Mexico,304,Idaho State,Bovada,-17.5,-15.5,60,63.5,-900,575
401760366,2025,regular,2,2025-09-06 19:00:00+00:00,167,New Mexico,304,Idaho State,ESPN Bet,-17.5,-17,60.5,63.5,-900,550
401762794,2025,regular,2,2025-09-06 19:30:00+00:00,2084,Buffalo,2598,St. Francis (PA),Bovada,-37,-35.5,48,49.5,,
401762794,2025,regular,2,2025-09-06 19:30:00+00:00,2084,Buffalo,2598,St. Francis (PA),ESPN Bet,-37.5,-36.5,48.5,49.5,,
401761602,2025,regular,2,2025-09-06 21:00:00+00:00,2572,Southern Miss,2296,Jackson State,Bovada,-13.5,-14,53,52.5,-600,425
401761602,2025,regular,2,2025-09-06 21:00:00+00:00,2572,Southern Miss,2296,Jackson State,ESPN Bet,-13.5,-15.5,52.5,52.5,-650,425
401761599,2025,regular,2,2025-09-06 22:00:00+00:00,295,Old Dominion,2428,North Carolina Central,Bovada,-22,-20,50.5,50.5,-1400,750
401761599,2025,regular,2,2025-09-06 22:00:00+00:00,295,Old Dominion,2428,North Carolina Central,ESPN Bet,-21.5,-20,48.5,50.5,-2500,1100
401762460,2025,regular,2,2025-09-06 22:00:00+00:00,2226,Florida Atlantic,50,Florida A&M,Bovada,-21,-20,51,46.5,-1400,750
401762460,2025,regular,2,2025-09-06 22:00:00+00:00,2226,Florida Atlantic,50,Florida A&M,ESPN Bet,-21.5,-21.5,50.5,45.5,-2000,1000
401757315,2025,regular,14,2025-11-29 20:00:00+00:00,166,New Mexico State,2393,Middle Tennessee,Bovada,-3.5,-4.5,52,54.5,-170,145
401757315,2025,regular,14,2025-11-29 20:00:00+00:00,166,New Mexico State,2393,Middle Tennessee,DraftKings,-3,-4.5,52.5,,-162,136
401757315,2025,regular,14,2025-11-29 20:00:00+00:00,166,New Mexico State,2393,Middle Tennessee,ESPN Bet,-3.5,-4.5,51.5,54.5,-155,135
401756887,2025,regular,2,2025-09-06 22:00:00+00:00,254,Utah,13,Cal Poly,Bovada,-42.5,-41.5,53.5,52,,
401756887,2025,regular,2,2025-09-06 22:00:00+00:00,254,Utah,13,Cal Poly,ESPN Bet,-42.5,-42,52.5,51.5,,
401762869,2025,regular,14,2025-11-26 00:30:00+00:00,2199,Eastern Michigan,2711,Western Michigan,Bovada,10,6.5,49,46.5,190,-230
401762869,2025,regular,14,2025-11-26 00:30:00+00:00,2199,Eastern Michigan,2711,Western Michigan,DraftKings,10,5.5,49.5,,300,-380
401762869,2025,regular,14,2025-11-26 00:30:00+00:00,2199,Eastern Michigan,2711,Western Michigan,ESPN Bet,9.5,6.5,49.5,45.5,340,-450
401757231,2025,regular,2,2025-09-07 01:00:00+00:00,2638,UTEP,2630,UT Martin,Bovada,-7.5,-6.5,49.5,51.5,-230,190
401757231,2025,regular,2,2025-09-07 01:00:00+00:00,2638,UTEP,2630,UT Martin,ESPN Bet,-7.5,-6.5,49.5,51.5,-300,250
401761597,2025,regular,2,2025-09-06 23:30:00+00:00,324,Coastal Carolina,2127,Charleston Southern,Bovada,-28.5,-28.5,49,49.5,,
401761597,2025,regular,2,2025-09-06 23:30:00+00:00,324,Coastal Carolina,2127,Charleston Southern,ESPN Bet,-27.5,-28.5,48.5,49.5,-10000,2500
401761600,2025,regular,2,2025-09-07 00:00:00+00:00,309,Louisiana,2377,McNeese,Bovada,-19,-20.5,50,52.5,-1500,775
401761600,2025,regular,2,2025-09-07 00:00:00+00:00,309,Louisiana,2377,McNeese,ESPN Bet,-19.5,-20,49.5,51.5,-1600,800
401752819,2025,regular,2,2025-09-06 23:30:00+00:00,2509,Purdue,79,Southern Illinois,Bovada,-19.5,-20,52,51.5,-1400,750
401752819,2025,regular,2,2025-09-06 23:30:00+00:00,2509,Purdue,79,Southern Illinois,ESPN Bet,-22.5,-19.5,52.5,51.5,-1400,750
401757314,2025,regular,14,2025-11-29 19:00:00+00:00,2623,Missouri State,2348,Louisiana Tech,Bovada,-2.5,-3,45,51.5,-135,115
401757314,2025,regular,14,2025-11-29 19:00:00+00:00,2623,Missouri State,2348,Louisiana Tech,ESPN Bet,-2.5,-3.5,45.5,51.5,-130,110
401757314,2025,regular,14,2025-11-29 19:00:00+00:00,2623,Missouri State,2348,Louisiana Tech,DraftKings,-2.5,-3,45.5,,-135,114
401752791,2025,regular,14,2025-11-29 20:30:00+00:00,2633,Tennessee,238,Vanderbilt,DraftKings,-2.5,-5.5,66.5,,-130,110
401752791,2025,regular,14,2025-11-29 20:30:00+00:00,2633,Tennessee,238,Vanderbilt,Bovada,-2,-3.5,66.5,64.5,-140,120
401752791,2025,regular,14,2025-11-29 20:30:00+00:00,2633,Tennessee,238,Vanderbilt,ESPN Bet,-2.5,-3.5,66.5,64.5,-133,116
401752921,2025,regular,14,2025-11-29 17:00:00+00:00,130,Michigan,194,Ohio State,ESPN Bet,9.5,5.5,43.5,47.5,330,-400
401752921,2025,regular,14,2025-11-29 17:00:00+00:00,130,Michigan,194,Ohio State,DraftKings,9.5,5.5,42.5,,295,-375
401752921,2025,regular,14,2025-11-29 17:00:00+00:00,130,Michigan,194,Ohio State,Bovada,9.5,5.5,43,47.5,305,-410
401754620,2025,regular,2,2025-09-06 18:00:00+00:00,154,Wake Forest,2717,Western Carolina,Bovada,-17.5,-20,60.5,61.5,-1400,750
401754620,2025,regular,2,2025-09-06 18:00:00+00:00,154,Wake Forest,2717,Western Carolina,ESPN Bet,-17.5,-20.5,59.5,61.5,-1000,600
401752787,2025,regular,14,2025-11-29 17:00:00+00:00,97,Louisville,96,Kentucky,Bovada,-1,-4,45.5,47.5,-150,130
401752787,2025,regular,14,2025-11-29 17:00:00+00:00,97,Louisville,96,Kentucky,DraftKings,1.5,-6.5,45.5,,-105,-115
401752787,2025,regular,14,2025-11-29 17:00:00+00:00,97,Louisville,96,Kentucky,ESPN Bet,1.5,-4.5,45.5,47.5,105,-125
401754610,2025,regular,14,2025-11-29 20:30:00+00:00,150,Duke,154,Wake Forest,Bovada,-2.5,-3,54,55,-140,120
401754610,2025,regular,14,2025-11-29 20:30:00+00:00,150,Duke,154,Wake Forest,ESPN Bet,-2.5,-3.5,53.5,54.5,-130,110
401754610,2025,regular,14,2025-11-29 20:30:00+00:00,150,Duke,154,Wake Forest,DraftKings,-2.5,-3.5,53.5,,-130,110
401757313,2025,regular,14,2025-11-29 20:30:00+00:00,2335,Liberty,338,Kennesaw State,ESPN Bet,2.5,2.5,55.5,54.5,125,-145
401757313,2025,regular,14,2025-11-29 20:30:00+00:00,2335,Liberty,338,Kennesaw State,Bovada,2.5,2,55.5,54.5,105,-125
401757313,2025,regular,14,2025-11-29 20:30:00+00:00,2335,Liberty,338,Kennesaw State,DraftKings,2.5,1.5,55.5,,120,-142
401756962,2025,regular,14,2025-11-29 17:00:00+00:00,239,Baylor,248,Houston,ESPN Bet,-2.5,-2.5,57.5,60.5,-135,115
401756962,2025,regular,14,2025-11-29 17:00:00+00:00,239,Baylor,248,Houston,Bovada,-2.5,-2.5,57,61.5,-140,120
401756962,2025,regular,14,2025-11-29 17:00:00+00:00,239,Baylor,248,Houston,DraftKings,-2.5,-1.5,56.5,,-148,124
401752815,2025,regular,2,2025-09-06 19:30:00+00:00,194,Ohio State,2755,Grambling,Bovada,-55.5,-55.5,62.5,62.5,,
401752815,2025,regular,2,2025-09-06 19:30:00+00:00,194,Ohio State,2755,Grambling,ESPN Bet,-51.5,-55.5,64.5,62.5,,
401762872,2025,regular,14,2025-11-29 17:00:00+00:00,2117,Central Michigan,2649,Toledo,Bovada,11.5,9.5,46.5,44.5,295,-390
401762872,2025,regular,14,2025-11-29 17:00:00+00:00,2117,Central Michigan,2649,Toledo,ESPN Bet,10.5,9.5,46.5,44.5,340,-450
401762872,2025,regular,14,2025-11-29 17:00:00+00:00,2117,Central Michigan,2649,Toledo,DraftKings,11.5,10,46.5,,330,-425
401761596,2025,regular,2,2025-09-06 19:30:00+00:00,2026,App State,2815,Lindenwood,Bovada,-31.5,-31,56,53,,
401761596,2025,regular,2,2025-09-06 19:30:00+00:00,2026,App State,2815,Lindenwood,ESPN Bet,-29.5,-31.5,54.5,52.5,,
401754622,2025,regular,2,2025-09-06 19:30:00+00:00,59,Georgia Tech,2241,Gardner-Webb,Bovada,-37.5,-37.5,60.5,58.5,,
401754622,2025,regular,2,2025-09-06 19:30:00+00:00,59,Georgia Tech,2241,Gardner-Webb,ESPN Bet,-37.5,-37.5,58.5,58.5,,
401754530,2025,regular,2,2025-09-06 22:00:00+00:00,25,California,2640,Texas Southern,Bovada,-44.5,-45,54.5,54,,
401754530,2025,regular,2,2025-09-06 22:00:00+00:00,25,California,2640,Texas Southern,ESPN Bet,-44.5,-45,54.5,53.5,,
401752783,2025,regular,14,2025-11-29 20:30:00+00:00,8,Arkansas,142,Missouri,Bovada,4.5,2,54.5,57.5,165,-195
401752783,2025,regular,14,2025-11-29 20:30:00+00:00,8,Arkansas,142,Missouri,ESPN Bet,4.5,2.5,54.5,58.5,175,-210
401752783,2025,regular,14,2025-11-29 20:30:00+00:00,8,Arkansas,142,Missouri,DraftKings,4.5,2.5,54.5,,170,-205
401762442,2025,regular,14,2025-11-28 20:30:00+00:00,249,North Texas,218,Temple,Bovada,-20,-19.5,65.5,66.5,-1300,725
401762442,2025,regular,14,2025-11-28 20:30:00+00:00,249,North Texas,218,Temple,ESPN Bet,-20.5,-19.5,65.5,64.5,-1800,900
401762442,2025,regular,14,2025-11-28 20:30:00+00:00,249,North Texas,218,Temple,DraftKings,-20.5,-18.5,65.5,,-1350,800
401762795,2025,regular,2,2025-09-06 23:00:00+00:00,2199,Eastern Michigan,2341,Long Island University,Bovada,-22.5,-22.5,54.5,54.5,-2000,950
401762795,2025,regular,2,2025-09-06 23:00:00+00:00,2199,Eastern Michigan,2341,Long Island University,ESPN Bet,-21.5,-23.5,53.5,54.5,-2000,1000
401752836,2025,regular,3,2025-09-12 22:30:00+00:00,84,Indiana,282,Indiana State,Bovada,-47.5,-48.5,60,59.5,,
401752836,2025,regular,3,2025-09-12 22:30:00+00:00,84,Indiana,282,Indiana State,ESPN Bet,,-48.5,60.5,59.5,,
401752836,2025,regular,3,2025-09-12 22:30:00+00:00,84,Indiana,282,Indiana State,DraftKings,-47.5,,60.5,59.5,,
401756879,2025,regular,2,2025-09-07 02:00:00+00:00,12,Arizona,2692,Weber State,Bovada,-31.5,-31.5,56.5,56.5,,
401756879,2025,regular,2,2025-09-07 02:00:00+00:00,12,Arizona,2692,Weber State,ESPN Bet,-31.5,-31.5,56.5,56.5,-10000,2500
401760365,2025,regular,2,2025-09-06 21:00:00+00:00,2440,Nevada,16,Sacramento State,Bovada,-8,-7.5,56,54.5,-285,235
401760365,2025,regular,2,2025-09-06 21:00:00+00:00,2440,Nevada,16,Sacramento State,ESPN Bet,-9.5,-7.5,55.5,54.5,-270,220
401756893,2025,regular,3,2025-09-12 23:30:00+00:00,248,Houston,38,Colorado,DraftKings,-4,,45.5,,-192,160
401756893,2025,regular,3,2025-09-12 23:30:00+00:00,248,Houston,38,Colorado,ESPN Bet,-3.5,-3.5,45.5,43.5,-190,160
401756893,2025,regular,3,2025-09-12 23:30:00+00:00,248,Houston,38,Colorado,Bovada,-4,-4.5,45,43.5,-185,160
401756888,2025,regular,3,2025-09-13 01:00:00+00:00,12,Arizona,2306,Kansas State,DraftKings,1.5,,55.5,,-102,-118
401756888,2025,regular,3,2025-09-13 01:00:00+00:00,12,Arizona,2306,Kansas State,ESPN Bet,1.5,1.5,56.5,54.5,105,-120
401756888,2025,regular,3,2025-09-13 01:00:00+00:00,12,Arizona,2306,Kansas State,Bovada,1.5,0,55.5,54.5,-110,-110
401754531,2025,regular,3,2025-09-11 23:30:00+00:00,154,Wake Forest,152,NC State,DraftKings,7.5,,52.5,,240,-298
401754531,2025,regular,3,2025-09-11 23:30:00+00:00,154,Wake Forest,152,NC State,ESPN Bet,7.5,7.5,52.5,55.5,230,-280
401754531,2025,regular,3,2025-09-11 23:30:00+00:00,154,Wake Forest,152,NC State,Bovada,7,7,53,54.5,225,-275
401756886,2025,regular,2,2025-09-06 23:00:00+00:00,2116,UCF,2448,North Carolina A&T,Bovada,-38,-39.5,51,50.5,,
401756886,2025,regular,2,2025-09-06 23:00:00+00:00,2116,UCF,2448,North Carolina A&T,ESPN Bet,-37,-40,51.5,50.5,,
401752837,2025,regular,3,2025-09-13 02:00:00+00:00,26,UCLA,167,New Mexico,DraftKings,-15.5,,52.5,,-675,490
401752837,2025,regular,3,2025-09-13 02:00:00+00:00,26,UCLA,167,New Mexico,ESPN Bet,-15.5,-14.5,52.5,52.5,-700,450
401752837,2025,regular,3,2025-09-13 02:00:00+00:00,26,UCLA,167,New Mexico,Bovada,-15.5,-15,53,53,-700,475
401762816,2025,regular,2,2025-09-06 19:30:00+00:00,113,Massachusetts,2803,Bryant,Bovada,-14.5,-13,52,52.5,-575,400
401762816,2025,regular,2,2025-09-06 19:30:00+00:00,113,Massachusetts,2803,Bryant,ESPN Bet,-16.5,-13.5,52.5,52.5,-800,500
401752691,2025,regular,2,2025-09-06 23:00:00+00:00,2579,South Carolina,2569,South Carolina State,Bovada,-43,-42.5,54,52.5,,
401752691,2025,regular,2,2025-09-06 23:00:00+00:00,2579,South Carolina,2569,South Carolina State,ESPN Bet,-42.5,-42,54.5,52.5,,
401752821,2025,regular,2,2025-09-07 03:00:00+00:00,264,Washington,302,UC Davis,Bovada,-28,-28.5,54,53.5,,
401752821,2025,regular,2,2025-09-07 03:00:00+00:00,264,Washington,302,UC Davis,ESPN Bet,-29.5,-28,54.5,53.5,-5000,1500
401754621,2025,regular,2,2025-09-06 16:00:00+00:00,52,Florida State,2837,East Texas A&M,ESPN Bet,-43.5,-44.5,56.5,57.5,,
401754621,2025,regular,2,2025-09-06 16:00:00+00:00,52,Florida State,2837,East Texas A&M,Bovada,-45.5,-43.5,58.5,57.5,,
401756967,2025,regular,14,2025-11-29 20:30:00+00:00,2628,TCU,2132,Cincinnati,Bovada,-3,-4.5,58.5,58,-150,130
401756967,2025,regular,14,2025-11-29 20:30:00+00:00,2628,TCU,2132,Cincinnati,ESPN Bet,-3.5,-4.5,58.5,58.5,-145,125
401756967,2025,regular,14,2025-11-29 20:30:00+00:00,2628,TCU,2132,Cincinnati,DraftKings,-3,-3,58.5,,-148,124
401761661,2025,regular,14,2025-11-29 19:30:00+00:00,2026,App State,2032,Arkansas State,Bovada,-1,-2,54.5,56.5,-105,-115
401761661,2025,regular,14,2025-11-29 19:30:00+00:00,2026,App State,2032,Arkansas State,ESPN Bet,1.5,-1.5,54.5,56.5,-105,-120
401761661,2025,regular,14,2025-11-29 19:30:00+00:00,2026,App State,2032,Arkansas State,DraftKings,1.5,-1.5,54.5,,-112,-108
401752831,2025,regular,3,2025-09-13 16:00:00+00:00,77,Northwestern,2483,Oregon,DraftKings,25.5,,50.5,,1400,-3200
401752831,2025,regular,3,2025-09-13 16:00:00+00:00,77,Northwestern,2483,Oregon,Bovada,26.5,28,50.5,51.5,1300,-6500
401752831,2025,regular,3,2025-09-13 16:00:00+00:00,77,Northwestern,2483,Oregon,ESPN Bet,24.5,27.5,50.5,51.5,1800,-6000
401754527,2025,regular,2,2025-09-06 23:00:00+00:00,2429,Charlotte,153,North Carolina,ESPN Bet,16.5,16.5,49.5,47.5,500,-800
401754527,2025,regular,2,2025-09-06 23:00:00+00:00,2429,Charlotte,153,North Carolina,Bovada,15,13,49.5,49.5,390,-550
401754534,2025,regular,3,2025-09-14 00:00:00+00:00,2655,Tulane,150,Duke,DraftKings,-1.5,,52.5,,-120,100
401754534,2025,regular,3,2025-09-14 00:00:00+00:00,2655,Tulane,150,Duke,Bovada,-1.5,-2.5,52.5,52.5,-150,130
401754534,2025,regular,3,2025-09-14 00:00:00+00:00,2655,Tulane,150,Duke,ESPN Bet,1.5,-2.5,53.5,52.5,-110,-110
401752703,2025,regular,3,2025-09-13 16:00:00+00:00,218,Temple,201,Oklahoma,DraftKings,23.5,,50.5,,1200,-2400
401752703,2025,regular,3,2025-09-13 16:00:00+00:00,218,Temple,201,Oklahoma,Bovada,23.5,24.5,51,51.5,1100,-3300
401752703,2025,regular,3,2025-09-13 16:00:00+00:00,218,Temple,201,Oklahoma,ESPN Bet,24.5,25.5,51.5,51.5,1250,-3000
401761608,2025,regular,3,2025-09-13 16:00:00+00:00,2653,Troy,235,Memphis,DraftKings,4.5,,51.5,,160,-192
401761608,2025,regular,3,2025-09-13 16:00:00+00:00,2653,Troy,235,Memphis,Bovada,4.5,6.5,51,51.5,190,-230
401761608,2025,regular,3,2025-09-13 16:00:00+00:00,2653,Troy,235,Memphis,ESPN Bet,4.5,,51.5,50.5,160,-190
401752696,2025,regular,3,2025-09-13 16:00:00+00:00,333,Alabama,275,Wisconsin,DraftKings,-17.5,,45.5,,-1200,750
401752696,2025,regular,3,2025-09-13 16:00:00+00:00,333,Alabama,275,Wisconsin,ESPN Bet,-18.5,-22.5,45.5,46.5,-1600,800
401752696,2025,regular,3,2025-09-13 16:00:00+00:00,333,Alabama,275,Wisconsin,Bovada,-19.5,-20,45,47,-1500,775
401754532,2025,regular,3,2025-09-12 23:00:00+00:00,183,Syracuse,2142,Colgate,Bovada,-36.5,-37.5,64,66.5,,
401754532,2025,regular,3,2025-09-12 23:00:00+00:00,183,Syracuse,2142,Colgate,ESPN Bet,-37.5,-37.5,64.5,66.5,-50000,3500
401754532,2025,regular,3,2025-09-12 23:00:00+00:00,183,Syracuse,2142,Colgate,DraftKings,-36.5,-37.5,64.5,,,
401752938,2025,regular,3,2025-09-13 19:30:00+00:00,2641,Texas Tech,204,Oregon State,DraftKings,-24.5,,61.5,,-2400,1200
401752938,2025,regular,3,2025-09-13 19:30:00+00:00,2641,Texas Tech,204,Oregon State,Bovada,-24,-24,61.5,60.5,-2800,1100
401752938,2025,regular,3,2025-09-13 19:30:00+00:00,2641,Texas Tech,204,Oregon State,ESPN Bet,-23.5,-24.5,61.5,60.5,-3000,1200
401752949,2025,regular,3,2025-09-13 19:30:00+00:00,249,North Texas,265,Washington State,DraftKings,-6.5,,57.5,,-278,225
401752949,2025,regular,3,2025-09-13 19:30:00+00:00,249,North Texas,265,Washington State,Bovada,-6.5,-5.5,57.5,58,-210,175
401752949,2025,regular,3,2025-09-13 19:30:00+00:00,249,North Texas,265,Washington State,ESPN Bet,-6.5,-5.5,58.5,58.5,-280,230
401754536,2025,regular,3,2025-09-13 23:00:00+00:00,259,Virginia Tech,295,Old Dominion,DraftKings,-5.5,,50.5,,-225,185
401754536,2025,regular,3,2025-09-13 23:00:00+00:00,259,Virginia Tech,295,Old Dominion,Bovada,-5.5,-8,51,50.5,-300,250
401754536,2025,regular,3,2025-09-13 23:00:00+00:00,259,Virginia Tech,295,Old Dominion,ESPN Bet,-5.5,-6.5,50.5,51.5,-215,180
401752832,2025,regular,3,2025-09-13 19:30:00+00:00,2509,Purdue,30,USC,DraftKings,20.5,,59.5,,850,-1450
401752832,2025,regular,3,2025-09-13 19:30:00+00:00,2509,Purdue,30,USC,Bovada,20.5,21,59,58,850,-1800
401752832,2025,regular,3,2025-09-13 19:30:00+00:00,2509,Purdue,30,USC,ESPN Bet,20.5,21.5,59.5,58.5,1000,-2000
401752835,2025,regular,3,2025-09-13 19:30:00+00:00,213,Penn State,222,Villanova,DraftKings,-46.5,-47.5,57.5,,,
401752835,2025,regular,3,2025-09-13 19:30:00+00:00,213,Penn State,222,Villanova,ESPN Bet,-47.5,-47.5,56.5,55.5,,
401752835,2025,regular,3,2025-09-13 19:30:00+00:00,213,Penn State,222,Villanova,Bovada,-47.5,-48.5,56.5,55.5,,
401752830,2025,regular,3,2025-09-13 23:30:00+00:00,2294,Iowa,113,Massachusetts,DraftKings,-35.5,-35.5,44.5,,,
401752830,2025,regular,3,2025-09-13 23:30:00+00:00,2294,Iowa,113,Massachusetts,Bovada,-35,-33.5,44,44.5,,
401752830,2025,regular,3,2025-09-13 23:30:00+00:00,2294,Iowa,113,Massachusetts,ESPN Bet,-35.5,-33.5,44.5,44.5,-100000,4000
401752704,2025,regular,3,2025-09-13 23:45:00+00:00,2579,South Carolina,238,Vanderbilt,DraftKings,-3,,48.5,,-155,130
401752704,2025,regular,3,2025-09-13 23:45:00+00:00,2579,South Carolina,238,Vanderbilt,Bovada,-3,-5.5,48.5,47.5,-220,180
401752704,2025,regular,3,2025-09-13 23:45:00+00:00,2579,South Carolina,238,Vanderbilt,ESPN Bet,-2.5,-5.5,48.5,47.5,-145,125
401756895,2025,regular,3,2025-09-14 00:00:00+00:00,2751,Wyoming,254,Utah,DraftKings,24.5,,47.5,,1400,-3200
401756895,2025,regular,3,2025-09-14 00:00:00+00:00,2751,Wyoming,254,Utah,Bovada,24.5,22.5,47,48,1000,-2200
401756895,2025,regular,3,2025-09-14 00:00:00+00:00,2751,Wyoming,254,Utah,ESPN Bet,24.5,22.5,47.5,47.5,1300,-4000
401762465,2025,regular,3,2025-09-14 00:00:00+00:00,202,Tulsa,2426,Navy,DraftKings,14,,52.5,,425,-575
401762465,2025,regular,3,2025-09-14 00:00:00+00:00,202,Tulsa,2426,Navy,Bovada,13.5,14.5,52,54,450,-650
401762465,2025,regular,3,2025-09-14 00:00:00+00:00,202,Tulsa,2426,Navy,ESPN Bet,13.5,14.5,53.5,53.5,450,-700
401752838,2025,regular,3,2025-09-13 16:00:00+00:00,120,Maryland,119,Towson,ESPN Bet,-28.5,-28.5,53.5,50.5,-7500,2000
401752838,2025,regular,3,2025-09-13 16:00:00+00:00,120,Maryland,119,Towson,DraftKings,-28.5,,53.5,,-6500,2000
401752838,2025,regular,3,2025-09-13 16:00:00+00:00,120,Maryland,119,Towson,Bovada,-28.5,-29.5,52.5,50.5,-10000,1600
401754535,2025,regular,3,2025-09-13 20:30:00+00:00,2390,Miami,58,South Florida,DraftKings,-17.5,,56.5,,-800,550
401754535,2025,regular,3,2025-09-13 20:30:00+00:00,2390,Miami,58,South Florida,Bovada,-18,-16,56.5,54.5,-800,525
401754535,2025,regular,3,2025-09-13 20:30:00+00:00,2390,Miami,58,South Florida,ESPN Bet,-17.5,-15.5,56.5,54.5,-800,500
401762817,2025,regular,3,2025-09-13 16:00:00+00:00,2309,Kent State,2084,Buffalo,DraftKings,23.5,,48.5,,1300,-2800
401762817,2025,regular,3,2025-09-13 16:00:00+00:00,2309,Kent State,2084,Buffalo,ESPN Bet,24.5,22.5,47.5,48.5,1300,-4000
401762817,2025,regular,3,2025-09-13 16:00:00+00:00,2309,Kent State,2084,Buffalo,Bovada,24,23,48.5,49,1100,-2800
401752839,2025,regular,3,2025-09-13 16:00:00+00:00,130,Michigan,2117,Central Michigan,DraftKings,-27.5,,42.5,,-4500,1700
401752839,2025,regular,3,2025-09-13 16:00:00+00:00,130,Michigan,2117,Central Michigan,Bovada,-28,-27.5,43,42.5,-4000,1200
401752839,2025,regular,3,2025-09-13 16:00:00+00:00,130,Michigan,2117,Central Michigan,ESPN Bet,-27.5,-27.5,42.5,41.5,-4000,1300
401760364,2025,regular,2,2025-09-06 23:00:00+00:00,36,Colorado State,2458,Northern Colorado,Bovada,-35,-35,52.5,52.5,,
401760364,2025,regular,2,2025-09-06 23:00:00+00:00,36,Colorado State,2458,Northern Colorado,ESPN Bet,-34.5,-34.5,52.5,52.5,-100000,4000
401757168,2025,regular,3,2025-09-13 19:00:00+00:00,48,Delaware,41,UConn,DraftKings,8.5,,52.5,,245,-305
401757168,2025,regular,3,2025-09-13 19:00:00+00:00,48,Delaware,41,UConn,Bovada,8,10,52.5,51.5,285,-370
401757168,2025,regular,3,2025-09-13 19:00:00+00:00,48,Delaware,41,UConn,ESPN Bet,9.5,10.5,51.5,51.5,270,-340
401752918,2025,regular,14,2025-11-29 20:30:00+00:00,135,Minnesota,275,Wisconsin,Bovada,2.5,-2,38.5,37.5,110,-130
401752918,2025,regular,14,2025-11-29 20:30:00+00:00,135,Minnesota,275,Wisconsin,ESPN Bet,2.5,-2.5,38.5,38.5,125,-145
401752918,2025,regular,14,2025-11-29 20:30:00+00:00,135,Minnesota,275,Wisconsin,DraftKings,2.5,-2.5,38.5,,120,-142
401761662,2025,regular,14,2025-11-29 20:45:00+00:00,324,Coastal Carolina,256,James Madison,Bovada,24,22.5,54.5,53.5,1000,-2200
401761662,2025,regular,14,2025-11-29 20:45:00+00:00,324,Coastal Carolina,256,James Madison,ESPN Bet,23.5,21.5,53.5,53.5,1300,-4000
401761662,2025,regular,14,2025-11-29 20:45:00+00:00,324,Coastal Carolina,256,James Madison,DraftKings,24.5,21,54.5,,1300,-2800
401752697,2025,regular,3,2025-09-13 16:45:00+00:00,2,Auburn,6,South Alabama,DraftKings,-26.5,,56.5,,-3600,1500
401752697,2025,regular,3,2025-09-13 16:45:00+00:00,2,Auburn,6,South Alabama,Bovada,-26,-26,56,53.5,-4000,1200
401752697,2025,regular,3,2025-09-13 16:45:00+00:00,2,Auburn,6,South Alabama,ESPN Bet,-26.5,-25.5,55.5,53.5,-4000,1300
401754615,2025,regular,3,2025-09-13 19:30:00+00:00,2623,Missouri State,2567,SMU,DraftKings,29.5,,60.5,,1800,-5000
401754615,2025,regular,3,2025-09-13 19:30:00+00:00,2623,Missouri State,2567,SMU,ESPN Bet,28.5,27.5,59.5,61.5,2500,-10000
401754615,2025,regular,3,2025-09-13 19:30:00+00:00,2623,Missouri State,2567,SMU,Bovada,28.5,28,61,61.5,1300,-5000
401756890,2025,regular,3,2025-09-13 20:00:00+00:00,2032,Arkansas State,66,Iowa State,DraftKings,21,,55.5,,850,-1450
401756890,2025,regular,3,2025-09-13 20:00:00+00:00,2032,Arkansas State,66,Iowa State,Bovada,21.5,21,56,55.5,800,-1600
401756890,2025,regular,3,2025-09-13 20:00:00+00:00,2032,Arkansas State,66,Iowa State,ESPN Bet,20.5,21.5,55.5,54.5,1000,-2000
401761607,2025,regular,3,2025-09-13 23:00:00+00:00,2572,Southern Miss,2026,App State,DraftKings,3,,55.5,,130,-155
401761607,2025,regular,3,2025-09-13 23:00:00+00:00,2572,Southern Miss,2026,App State,Bovada,3,1,56.5,51.5,-105,-115
401761607,2025,regular,3,2025-09-13 23:00:00+00:00,2572,Southern Miss,2026,App State,ESPN Bet,2.5,-2.5,56.5,53.5,135,-155
401754639,2025,regular,3,2025-09-13 19:30:00+00:00,153,North Carolina,257,Richmond,ESPN Bet,-24.5,-21,47.5,46.5,-5000,1500
401754639,2025,regular,3,2025-09-13 19:30:00+00:00,153,North Carolina,257,Richmond,DraftKings,-24.5,,47.5,,-2800,1300
401754639,2025,regular,3,2025-09-13 19:30:00+00:00,153,North Carolina,257,Richmond,Bovada,-24.5,-21.5,48,46.5,-2800,1100
401757257,2025,regular,3,2025-09-13 23:30:00+00:00,2348,Louisiana Tech,166,New Mexico State,DraftKings,-10,,42.5,42.5,-345,275
401757257,2025,regular,3,2025-09-13 23:30:00+00:00,2348,Louisiana Tech,166,New Mexico State,Bovada,-10,-10,43,42.5,-410,305
401757257,2025,regular,3,2025-09-13 23:30:00+00:00,2348,Louisiana Tech,166,New Mexico State,ESPN Bet,-10.5,-12.5,42.5,46.5,-380,290
401752702,2025,regular,3,2025-09-13 17:00:00+00:00,142,Missouri,309,Louisiana,DraftKings,-27.5,-27.5,47.5,,-4500,1700
401752702,2025,regular,3,2025-09-13 17:00:00+00:00,142,Missouri,309,Louisiana,Bovada,-27.5,-24.5,47.5,48,-4000,1200
401752702,2025,regular,3,2025-09-13 17:00:00+00:00,142,Missouri,309,Louisiana,ESPN Bet,-27.5,-22.5,46.5,50.5,-4000,1300
401756891,2025,regular,3,2025-09-13 16:00:00+00:00,239,Baylor,2535,Samford,DraftKings,-51.5,,65.5,58.5,,
401756891,2025,regular,3,2025-09-13 16:00:00+00:00,239,Baylor,2535,Samford,ESPN Bet,-52.5,-47.5,64.5,58.5,,
401756891,2025,regular,3,2025-09-13 16:00:00+00:00,239,Baylor,2535,Samford,Bovada,-52,-48.5,64.5,59.5,,
401752946,2025,regular,14,2025-11-29 23:30:00+00:00,265,Washington State,204,Oregon State,Bovada,-14,-13.5,42.5,43.5,-600,425
401752946,2025,regular,14,2025-11-29 23:30:00+00:00,265,Washington State,204,Oregon State,DraftKings,-14,-12.5,42.5,,-650,470
401752946,2025,regular,14,2025-11-29 23:30:00+00:00,265,Washington State,204,Oregon State,ESPN Bet,-14.5,-12.5,42.5,43.5,-700,450
401752698,2025,regular,3,2025-09-13 23:30:00+00:00,96,Kentucky,2199,Eastern Michigan,DraftKings,-26.5,,49.5,,-4000,1600
401752698,2025,regular,3,2025-09-13 23:30:00+00:00,96,Kentucky,2199,Eastern Michigan,Bovada,-27,-25.5,49.5,46.5,-4000,1200
401752698,2025,regular,3,2025-09-13 23:30:00+00:00,96,Kentucky,2199,Eastern Michigan,ESPN Bet,-26.5,-25.5,50.5,48.5,-3000,1200
401752700,2025,regular,3,2025-09-13 23:00:00+00:00,145,Ole Miss,8,Arkansas,DraftKings,-3.5,,60.5,,-175,145
401752700,2025,regular,3,2025-09-13 23:00:00+00:00,145,Ole Miss,8,Arkansas,Bovada,-3.5,-8.5,60.5,63.5,-350,275
401752700,2025,regular,3,2025-09-13 23:00:00+00:00,145,Ole Miss,8,Arkansas,ESPN Bet,-4.5,-8.5,60.5,60.5,-175,150
401754609,2025,regular,14,2025-11-30 01:00:00+00:00,25,California,2567,SMU,Bovada,13.5,11,53.5,53,390,-550
401754609,2025,regular,14,2025-11-30 01:00:00+00:00,25,California,2567,SMU,DraftKings,13.5,10,53.5,,400,-535
401754609,2025,regular,14,2025-11-30 01:00:00+00:00,25,California,2567,SMU,ESPN Bet,13.5,10.5,52.5,54.5,400,-600
401752840,2025,regular,3,2025-09-14 02:30:00+00:00,25,California,135,Minnesota,DraftKings,3,,41.5,,136,-162
401752840,2025,regular,3,2025-09-14 02:30:00+00:00,25,California,135,Minnesota,Bovada,3,2.5,40.5,44,105,-125
401752840,2025,regular,3,2025-09-14 02:30:00+00:00,25,California,135,Minnesota,ESPN Bet,3.5,2.5,39.5,43.5,140,-165
401760423,2025,regular,14,2025-11-30 03:30:00+00:00,23,San José State,278,Fresno State,Bovada,3.5,2.5,46,47.5,150,-175
401760423,2025,regular,14,2025-11-30 03:30:00+00:00,23,San José State,278,Fresno State,DraftKings,3,2.5,45.5,,136,-162
401760423,2025,regular,14,2025-11-30 03:30:00+00:00,23,San José State,278,Fresno State,ESPN Bet,3.5,2.5,44.5,46.5,140,-165
401760425,2025,regular,14,2025-11-30 02:00:00+00:00,2440,Nevada,2439,UNLV,Bovada,7.5,9.5,53,53.5,240,-290
401760425,2025,regular,14,2025-11-30 02:00:00+00:00,2440,Nevada,2439,UNLV,ESPN Bet,7.5,9.5,52.5,52.5,260,-320
401760425,2025,regular,14,2025-11-30 02:00:00+00:00,2440,Nevada,2439,UNLV,DraftKings,7.5,9.5,52.5,,250,-310
401754619,2025,regular,3,2025-09-13 16:00:00+00:00,258,Virginia,2729,William & Mary,DraftKings,-30.5,,54.5,,-6500,2000
401754619,2025,regular,3,2025-09-13 16:00:00+00:00,258,Virginia,2729,William & Mary,ESPN Bet,-29.5,-26.5,52.5,51.5,-7500,2000
401754619,2025,regular,3,2025-09-13 16:00:00+00:00,258,Virginia,2729,William & Mary,Bovada,-31,-26.5,53.5,51.5,-5000,1300
401762871,2025,regular,14,2025-11-28 17:00:00+00:00,2459,Northern Illinois,2309,Kent State,Bovada,-5,-5,45,45,-220,180
401762871,2025,regular,14,2025-11-28 17:00:00+00:00,2459,Northern Illinois,2309,Kent State,DraftKings,-4.5,-4.5,44.5,,-205,170
401762871,2025,regular,14,2025-11-28 17:00:00+00:00,2459,Northern Illinois,2309,Kent State,ESPN Bet,-5.5,-4.5,44.5,44.5,-200,170
401752706,2025,regular,3,2025-09-13 20:15:00+00:00,251,Texas,2638,UTEP,DraftKings,-39.5,,52.5,50.5,,
401752706,2025,regular,3,2025-09-13 20:15:00+00:00,251,Texas,2638,UTEP,Bovada,-39.5,-41.5,52,51,,
401752706,2025,regular,3,2025-09-13 20:15:00+00:00,251,Texas,2638,UTEP,ESPN Bet,-40.5,-36.5,52.5,54.5,,
401760368,2025,regular,3,2025-09-14 01:45:00+00:00,328,Utah State,2005,Air Force,DraftKings,4,,51.5,,154,-185
401760368,2025,regular,3,2025-09-14 01:45:00+00:00,328,Utah State,2005,Air Force,Bovada,4.5,3.5,51.5,51.5,155,-180
401760368,2025,regular,3,2025-09-14 01:45:00+00:00,328,Utah State,2005,Air Force,ESPN Bet,3.5,3.5,51.5,51.5,160,-190
401757258,2025,regular,3,2025-09-13 21:00:00+00:00,2440,Nevada,2393,Middle Tennessee,Bovada,-9,-8.5,50,46.5,-350,275
401757258,2025,regular,3,2025-09-13 21:00:00+00:00,2440,Nevada,2393,Middle Tennessee,DraftKings,-9.5,,49.5,,-345,275
401757258,2025,regular,3,2025-09-13 21:00:00+00:00,2440,Nevada,2393,Middle Tennessee,ESPN Bet,-9.5,-9.5,49.5,44.5,-320,260
401752828,2025,regular,3,2025-09-13 16:00:00+00:00,158,Nebraska,2277,Houston Christian,DraftKings,-48.5,-42.5,58.5,,,
401752828,2025,regular,3,2025-09-13 16:00:00+00:00,158,Nebraska,2277,Houston Christian,ESPN Bet,-46.5,-42,57.5,54.5,,
401752828,2025,regular,3,2025-09-13 16:00:00+00:00,158,Nebraska,2277,Houston Christian,Bovada,-48.5,-42.5,59,54.5,,
401757256,2025,regular,3,2025-09-13 21:00:00+00:00,189,Bowling Green,2335,Liberty,DraftKings,6,,51.5,51.5,180,-218
401757256,2025,regular,3,2025-09-13 21:00:00+00:00,189,Bowling Green,2335,Liberty,Bovada,5.5,6.5,51.5,51,200,-240
401757256,2025,regular,3,2025-09-13 21:00:00+00:00,189,Bowling Green,2335,Liberty,ESPN Bet,6.5,7.5,51.5,51.5,190,-225
401757233,2025,regular,3,2025-09-13 22:00:00+00:00,2229,Florida International,2226,Florida Atlantic,Bovada,-2,-1.5,56.5,57,-125,105
401757233,2025,regular,3,2025-09-13 22:00:00+00:00,2229,Florida International,2226,Florida Atlantic,DraftKings,-2.5,,56.5,,-125,105
401757233,2025,regular,3,2025-09-13 22:00:00+00:00,2229,Florida International,2226,Florida Atlantic,ESPN Bet,-1.5,-4.5,56.5,54.5,-125,105
401752827,2025,regular,3,2025-09-13 23:00:00+00:00,194,Ohio State,195,Ohio,Bovada,-28,-33.5,49,53.5,-20000,1700
401752827,2025,regular,3,2025-09-13 23:00:00+00:00,194,Ohio State,195,Ohio,DraftKings,-28.5,,49.5,51.5,-4500,1700
401752827,2025,regular,3,2025-09-13 23:00:00+00:00,194,Ohio State,195,Ohio,ESPN Bet,-28.5,-25.5,49.5,58.5,-50000,3500
401757234,2025,regular,3,2025-09-13 23:00:00+00:00,290,Georgia Southern,55,Jacksonville State,Bovada,-3,-3.5,59,56.5,-175,150
401757234,2025,regular,3,2025-09-13 23:00:00+00:00,290,Georgia Southern,55,Jacksonville State,DraftKings,-3,-4,58.5,,-170,142
401757234,2025,regular,3,2025-09-13 23:00:00+00:00,290,Georgia Southern,55,Jacksonville State,ESPN Bet,-3.5,-2.5,57.5,54.5,-170,145
401752829,2025,regular,3,2025-09-13 23:00:00+00:00,356,Illinois,2711,Western Michigan,DraftKings,-27.5,,50.5,,-5000,1800
401752829,2025,regular,3,2025-09-13 23:00:00+00:00,356,Illinois,2711,Western Michigan,Bovada,-27.5,-28,51,51.5,-7500,1400
401752829,2025,regular,3,2025-09-13 23:00:00+00:00,356,Illinois,2711,Western Michigan,ESPN Bet,-27.5,-28.5,50.5,51.5,-5000,1500
401756889,2025,regular,3,2025-09-14 02:30:00+00:00,9,Arizona State,326,Texas State,Bovada,-18.5,-14.5,61.5,59.5,-650,450
401756889,2025,regular,3,2025-09-14 02:30:00+00:00,9,Arizona State,326,Texas State,DraftKings,-18.5,,61.5,,-1050,675
401756889,2025,regular,3,2025-09-14 02:30:00+00:00,9,Arizona State,326,Texas State,ESPN Bet,-18.5,-14.5,61.5,58.5,-1000,600
401754533,2025,regular,3,2025-09-14 02:30:00+00:00,24,Stanford,103,Boston College,Bovada,14,10.5,44.5,44.5,335,-450
401754533,2025,regular,3,2025-09-14 02:30:00+00:00,24,Stanford,103,Boston College,DraftKings,14,12.5,44.5,,425,-575
401754533,2025,regular,3,2025-09-14 02:30:00+00:00,24,Stanford,103,Boston College,ESPN Bet,13.5,10.5,46.5,43.5,425,-650
401761604,2025,regular,3,2025-09-13 23:30:00+00:00,324,Coastal Carolina,151,East Carolina,Bovada,7,6,58,55.5,205,-245
401761604,2025,regular,3,2025-09-13 23:30:00+00:00,324,Coastal Carolina,151,East Carolina,DraftKings,7,,57.5,,220,-270
401761604,2025,regular,3,2025-09-13 23:30:00+00:00,324,Coastal Carolina,151,East Carolina,ESPN Bet,7.5,6.5,56.5,55.5,225,-275
401762818,2025,regular,3,2025-09-13 18:00:00+00:00,2050,Ball State,160,New Hampshire,DraftKings,-3,,46.5,,-148,124
401762818,2025,regular,3,2025-09-13 18:00:00+00:00,2050,Ball State,160,New Hampshire,ESPN Bet,-2.5,-1,46.5,47.5,-145,125
401762818,2025,regular,3,2025-09-13 18:00:00+00:00,2050,Ball State,160,New Hampshire,Bovada,-3,-3,46.5,48,-145,125
401762463,2025,regular,3,2025-09-14 00:30:00+00:00,5,UAB,2006,Akron,DraftKings,-12.5,,58.5,,-440,340
401762463,2025,regular,3,2025-09-14 00:30:00+00:00,5,UAB,2006,Akron,Bovada,-12,-11.5,59,52.5,-470,345
401762463,2025,regular,3,2025-09-14 00:30:00+00:00,5,UAB,2006,Akron,ESPN Bet,-13.5,-11.5,59.5,53.5,-500,360
401762870,2025,regular,14,2025-11-28 17:00:00+00:00,2084,Buffalo,195,Ohio,Bovada,7,6,44.5,47.5,210,-250
401762870,2025,regular,14,2025-11-28 17:00:00+00:00,2084,Buffalo,195,Ohio,ESPN Bet,7.5,6.5,45.5,47.5,200,-240
401762870,2025,regular,14,2025-11-28 17:00:00+00:00,2084,Buffalo,195,Ohio,DraftKings,7,4.5,44.5,,210,-258
401756892,2025,regular,3,2025-09-13 19:30:00+00:00,2132,Cincinnati,2466,Northwestern State,DraftKings,-48.5,-45.5,55.5,,,
401756892,2025,regular,3,2025-09-13 19:30:00+00:00,2132,Cincinnati,2466,Northwestern State,ESPN Bet,,,56.5,52.5,,
401756892,2025,regular,3,2025-09-13 19:30:00+00:00,2132,Cincinnati,2466,Northwestern State,Bovada,-48.5,-46.5,55.5,53.5,,
401762464,2025,regular,3,2025-09-13 22:00:00+00:00,2429,Charlotte,2405,Monmouth,DraftKings,-3,,66.5,,-155,130
401762464,2025,regular,3,2025-09-13 22:00:00+00:00,2429,Charlotte,2405,Monmouth,ESPN Bet,-2.5,-3.5,65.5,67.5,-140,120
401762464,2025,regular,3,2025-09-13 22:00:00+00:00,2429,Charlotte,2405,Monmouth,Bovada,-2.5,-3.5,66,67.5,-175,150
401762466,2025,regular,3,2025-09-13 23:00:00+00:00,242,Rice,2504,Prairie View A&M,DraftKings,-29.5,,48.5,,-6500,2000
401762466,2025,regular,3,2025-09-13 23:00:00+00:00,242,Rice,2504,Prairie View A&M,Bovada,-28,-29.5,48,48.5,-10000,1600
401762466,2025,regular,3,2025-09-13 23:00:00+00:00,242,Rice,2504,Prairie View A&M,ESPN Bet,-29.5,-28.5,48.5,48.5,-10000,2500
401754641,2025,regular,2,2025-09-06 23:00:00+00:00,2390,Miami,2065,Bethune-Cookman,ESPN Bet,-54.5,-56.5,64.5,64.5,,
401756894,2025,regular,3,2025-09-14 00:00:00+00:00,2628,TCU,2000,Abilene Christian,DraftKings,-42.5,-38.5,60.5,,,
401756894,2025,regular,3,2025-09-14 00:00:00+00:00,2628,TCU,2000,Abilene Christian,ESPN Bet,-41.5,-38.5,58.5,56.5,,
401756894,2025,regular,3,2025-09-14 00:00:00+00:00,2628,TCU,2000,Abilene Christian,Bovada,-42,-37.5,60.5,56.5,,
401752844,2025,regular,4,2025-09-20 00:00:00+00:00,164,Rutgers,2294,Iowa,DraftKings,2.5,3,46.5,,110,-130
401752844,2025,regular,4,2025-09-20 00:00:00+00:00,164,Rutgers,2294,Iowa,ESPN Bet,2.5,2.5,46.5,46.5,115,-135
401752844,2025,regular,4,2025-09-20 00:00:00+00:00,164,Rutgers,2294,Iowa,Bovada,2,2,46.5,45.5,105,-125
401760369,2025,regular,3,2025-09-14 02:00:00+00:00,278,Fresno State,2582,Southern,DraftKings,-37.5,-35.5,51.5,,,
401760369,2025,regular,3,2025-09-14 02:00:00+00:00,278,Fresno State,2582,Southern,ESPN Bet,-35.5,-35,50.5,48.5,,
401760369,2025,regular,3,2025-09-14 02:00:00+00:00,278,Fresno State,2582,Southern,Bovada,-38.5,-35.5,51,48.5,,
401760370,2025,regular,3,2025-09-14 03:59:00+00:00,62,Hawai'i,2502,Portland State,DraftKings,-35.5,-38.5,54.5,,,
401760370,2025,regular,3,2025-09-14 03:59:00+00:00,62,Hawai'i,2502,Portland State,ESPN Bet,-36.5,-38.5,54.5,52.5,,
401760370,2025,regular,3,2025-09-14 03:59:00+00:00,62,Hawai'i,2502,Portland State,Bovada,-37.5,-38,54.5,53.5,,
401754636,2025,regular,4,2025-09-20 16:00:00+00:00,2628,TCU,2567,SMU,DraftKings,-6.5,-4,63.5,,-238,195
401754636,2025,regular,4,2025-09-20 16:00:00+00:00,2628,TCU,2567,SMU,Bovada,-6.5,-7,63.5,63,-245,205
401754636,2025,regular,4,2025-09-20 16:00:00+00:00,2628,TCU,2567,SMU,ESPN Bet,-6.5,-6.5,63.5,63.5,-225,190
401757312,2025,regular,14,2025-11-29 19:00:00+00:00,55,Jacksonville State,98,Western Kentucky,Bovada,1.5,2.5,56.5,54.5,115,-135
401757312,2025,regular,14,2025-11-29 19:00:00+00:00,55,Jacksonville State,98,Western Kentucky,DraftKings,1.5,3,56.5,,105,-125
401757312,2025,regular,14,2025-11-29 19:00:00+00:00,55,Jacksonville State,98,Western Kentucky,ESPN Bet,1.5,2.5,56.5,55.5,105,-125
401752834,2025,regular,3,2025-09-13 19:30:00+00:00,127,Michigan State,2754,Youngstown State,DraftKings,-23.5,,55.5,,-2100,1100
401752834,2025,regular,3,2025-09-13 19:30:00+00:00,127,Michigan State,2754,Youngstown State,ESPN Bet,-27.5,-23.5,56.5,52.5,-3000,1200
401752834,2025,regular,3,2025-09-13 19:30:00+00:00,127,Michigan State,2754,Youngstown State,Bovada,-23.5,-23.5,55,52.5,-2800,1100
401752833,2025,regular,3,2025-09-13 19:30:00+00:00,164,Rutgers,2450,Norfolk State,DraftKings,-44.5,,56.5,51.5,,
401752833,2025,regular,3,2025-09-13 19:30:00+00:00,164,Rutgers,2450,Norfolk State,Bovada,-44.5,-44,56,51.5,,
401752833,2025,regular,3,2025-09-13 19:30:00+00:00,164,Rutgers,2450,Norfolk State,ESPN Bet,-45.5,-44.5,55.5,55.5,,
401762467,2025,regular,3,2025-09-13 19:30:00+00:00,2636,UTSA,2916,Incarnate Word,DraftKings,-21,,62.5,,-1450,850
401762467,2025,regular,3,2025-09-13 19:30:00+00:00,2636,UTSA,2916,Incarnate Word,ESPN Bet,-21.5,-16.5,62.5,61.5,-1600,800
401762467,2025,regular,3,2025-09-13 19:30:00+00:00,2636,UTSA,2916,Incarnate Word,Bovada,-21,-17.5,62,61.5,-850,550
401756896,2025,regular,4,2025-09-20 23:30:00+00:00,239,Baylor,9,Arizona State,DraftKings,-3,-2.5,60.5,,-142,120
401756896,2025,regular,4,2025-09-20 23:30:00+00:00,239,Baylor,9,Arizona State,Bovada,-3,-2.5,60.5,59.5,-130,110
401756896,2025,regular,4,2025-09-20 23:30:00+00:00,239,Baylor,9,Arizona State,ESPN Bet,-1.5,-2.5,61.5,58.5,-140,120
401779511,2025,regular,2,2025-09-06 16:00:00+00:00,2385,Mercyhurst,2441,New Haven,ESPN Bet,-12.5,,52.5,,,
401762819,2025,regular,3,2025-09-13 19:30:00+00:00,2649,Toledo,2415,Morgan State,DraftKings,-33.5,-34.5,54.5,,,
401762819,2025,regular,3,2025-09-13 19:30:00+00:00,2649,Toledo,2415,Morgan State,ESPN Bet,-33.5,-34.5,54.5,51.5,-100000,4000
401762819,2025,regular,3,2025-09-13 19:30:00+00:00,2649,Toledo,2415,Morgan State,Bovada,-34,-33.5,54.5,53.5,,
401752845,2025,regular,4,2025-09-20 16:00:00+00:00,275,Wisconsin,120,Maryland,DraftKings,-10.5,-7.5,44.5,,-410,320
401752845,2025,regular,4,2025-09-20 16:00:00+00:00,275,Wisconsin,120,Maryland,Bovada,-10.5,-7,44.5,43.5,-320,260
401752845,2025,regular,4,2025-09-20 16:00:00+00:00,275,Wisconsin,120,Maryland,ESPN Bet,-10.5,-6.5,44.5,43.5,-400,300
401752714,2025,regular,4,2025-09-20 19:30:00+00:00,201,Oklahoma,2,Auburn,DraftKings,-6.5,-4.5,47.5,,-245,200
401752714,2025,regular,4,2025-09-20 19:30:00+00:00,201,Oklahoma,2,Auburn,Bovada,-6.5,-6,47.5,49.5,-240,200
401752714,2025,regular,4,2025-09-20 19:30:00+00:00,201,Oklahoma,2,Auburn,ESPN Bet,-6.5,-6.5,47.5,49.5,-250,210
401752847,2025,regular,4,2025-09-21 03:00:00+00:00,30,USC,127,Michigan State,DraftKings,-18.5,-14.5,55.5,,-950,625
401752847,2025,regular,4,2025-09-21 03:00:00+00:00,30,USC,127,Michigan State,Bovada,-18.5,-15.5,55.5,55.5,-700,475
401752847,2025,regular,4,2025-09-21 03:00:00+00:00,30,USC,127,Michigan State,ESPN Bet,-18.5,-16.5,55.5,56.5,-1000,600
401761606,2025,regular,3,2025-09-13 22:00:00+00:00,276,Marshall,2198,Eastern Kentucky,DraftKings,-14.5,,49.5,,-625,455
401761606,2025,regular,3,2025-09-13 22:00:00+00:00,276,Marshall,2198,Eastern Kentucky,ESPN Bet,-17.5,-14.5,51.5,50.5,-800,500
401761606,2025,regular,3,2025-09-13 22:00:00+00:00,276,Marshall,2198,Eastern Kentucky,Bovada,-15,-14,49,50.5,-550,390
401752848,2025,regular,4,2025-09-20 19:30:00+00:00,87,Notre Dame,2509,Purdue,DraftKings,-24.5,-30.5,51.5,,-2400,1200
401752848,2025,regular,4,2025-09-20 19:30:00+00:00,87,Notre Dame,2509,Purdue,Bovada,-24.5,-27,51.5,52.5,-5000,1300
401752848,2025,regular,4,2025-09-20 19:30:00+00:00,87,Notre Dame,2509,Purdue,ESPN Bet,-24.5,-26.5,51.5,52.5,-3000,1200
401752713,2025,regular,4,2025-09-20 23:00:00+00:00,142,Missouri,2579,South Carolina,DraftKings,-10,-3,48.5,,-355,280
401752713,2025,regular,4,2025-09-20 23:00:00+00:00,142,Missouri,2579,South Carolina,Bovada,-10,-11.5,48.5,46.5,-550,390
401752713,2025,regular,4,2025-09-20 23:00:00+00:00,142,Missouri,2579,South Carolina,ESPN Bet,-10.5,-12.5,48.5,45.5,-360,280
401767658,2025,regular,2,2025-09-06 16:00:00+00:00,2329,Lehigh,2529,Sacred Heart,ESPN Bet,-20,,42.5,,,
401757235,2025,regular,3,2025-09-13 22:00:00+00:00,338,Kennesaw State,2771,Merrimack,DraftKings,-17.5,,44.5,44.5,-950,625
401757235,2025,regular,3,2025-09-13 22:00:00+00:00,338,Kennesaw State,2771,Merrimack,ESPN Bet,-17.5,-10,44.5,44.5,-1200,700
401757235,2025,regular,3,2025-09-13 22:00:00+00:00,338,Kennesaw State,2771,Merrimack,Bovada,-17,-10.5,44.5,44.5,-400,300
401767771,2025,regular,2,2025-09-06 17:00:00+00:00,284,Stonehill,322,Lafayette,ESPN Bet,14,,45.5,,,
401761605,2025,regular,3,2025-09-13 23:00:00+00:00,2247,Georgia State,93,Murray State,DraftKings,-31.5,,63.5,,-10000,3000
401761605,2025,regular,3,2025-09-13 23:00:00+00:00,2247,Georgia State,93,Murray State,Bovada,-32,-28.5,63.5,63.5,-7500,1400
401761605,2025,regular,3,2025-09-13 23:00:00+00:00,2247,Georgia State,93,Murray State,ESPN Bet,-31.5,-32,63.5,63.5,,
401752701,2025,regular,3,2025-09-13 22:00:00+00:00,344,Mississippi State,2016,Alcorn State,DraftKings,-42.5,-38.5,56.5,,,
401752701,2025,regular,3,2025-09-13 22:00:00+00:00,344,Mississippi State,2016,Alcorn State,Bovada,-43,-39.5,55.5,52.5,,
401752701,2025,regular,3,2025-09-13 22:00:00+00:00,344,Mississippi State,2016,Alcorn State,ESPN Bet,,-42.5,54.5,52.5,,
401767626,2025,regular,2,2025-09-06 17:00:00+00:00,2368,Marist,2083,Bucknell,ESPN Bet,12,,56.5,,,
401767231,2025,regular,2,2025-09-06 17:00:00+00:00,2635,Tennessee Tech,236,Chattanooga,ESPN Bet,-5.5,,48.5,,,
401767172,2025,regular,2,2025-09-06 17:00:00+00:00,282,Indiana State,2197,Eastern Illinois,ESPN Bet,-3.5,,50.5,,,
401767550,2025,regular,2,2025-09-06 18:00:00+00:00,2754,Youngstown State,2523,Robert Morris,ESPN Bet,-19.5,,50.5,,,
401767224,2025,regular,2,2025-09-06 18:30:00+00:00,2634,Tennessee State,2449,North Dakota State,ESPN Bet,32.5,,49.5,,,
401767719,2025,regular,2,2025-09-06 17:00:00+00:00,46,Georgetown,2681,Wagner,ESPN Bet,-16,,48.5,,,
401767579,2025,regular,2,2025-09-06 19:30:00+00:00,2535,Samford,2643,The Citadel,ESPN Bet,-2.5,,45.5,,,
401767565,2025,regular,2,2025-09-06 18:00:00+00:00,231,Furman,2506,Presbyterian,ESPN Bet,-8.5,,44.5,,,
401767089,2025,regular,2,2025-09-06 20:00:00+00:00,70,Idaho,2900,St. Thomas (MN),ESPN Bet,-21.5,,47.5,,,
401767112,2025,regular,2,2025-09-06 21:00:00+00:00,2464,Northern Arizona,3101,Utah Tech,ESPN Bet,-21,,55.5,,,
401767332,2025,regular,2,2025-09-06 17:00:00+00:00,2169,Delaware State,399,UAlbany,ESPN Bet,12.5,,50.5,,,
401767336,2025,regular,2,2025-09-06 22:00:00+00:00,222,Villanova,2142,Colgate,ESPN Bet,-20,,50.5,,,
401767277,2025,regular,2,2025-09-06 22:00:00+00:00,2198,Eastern Kentucky,2277,Houston Christian,ESPN Bet,-18,,53.5,,,
401767257,2025,regular,2,2025-09-06 22:00:00+00:00,2230,Fordham,2405,Monmouth,ESPN Bet,14.5,,65.5,,,
401767482,2025,regular,2,2025-09-06 23:00:00+00:00,2320,Lamar,233,South Dakota,ESPN Bet,17,,51.5,,,
401767127,2025,regular,2,2025-09-06 23:00:00+00:00,155,North Dakota,2502,Portland State,ESPN Bet,-36.5,,58.5,,,
401767266,2025,regular,2,2025-09-06 22:00:00+00:00,160,New Hampshire,107,Holy Cross,ESPN Bet,-1.5,,46.5,,,
401767328,2025,regular,2,2025-09-06 23:00:00+00:00,2415,Morgan State,119,Towson,ESPN Bet,10,,48.5,,,
401767681,2025,regular,6,2025-10-03 23:30:00+00:00,163,Princeton,171,Columbia,ESPN Bet,-3.5,,48.5,,,
401767320,2025,regular,6,2025-10-03 23:00:00+00:00,225,Brown,227,Rhode Island,ESPN Bet,14.5,,48.5,,,
401762470,2025,regular,4,2025-09-20 16:00:00+00:00,58,South Florida,2569,South Carolina State,Bovada,-36,-33.5,56.5,56,,
401762470,2025,regular,4,2025-09-20 16:00:00+00:00,58,South Florida,2569,South Carolina State,DraftKings,-36.5,,58.5,,-20000,3500
401762470,2025,regular,4,2025-09-20 16:00:00+00:00,58,South Florida,2569,South Carolina State,ESPN Bet,-35.5,-30,58.5,56.5,-100000,4000
401754543,2025,regular,5,2025-09-26 23:00:00+00:00,258,Virginia,52,Florida State,DraftKings,7,7.5,59.5,,220,-270
401754543,2025,regular,5,2025-09-26 23:00:00+00:00,258,Virginia,52,Florida State,ESPN Bet,6.5,7.5,60.5,51.5,230,-280
401754543,2025,regular,5,2025-09-26 23:00:00+00:00,258,Virginia,52,Florida State,Bovada,7,7,60.5,57.5,215,-260
401752939,2025,regular,5,2025-09-27 02:30:00+00:00,204,Oregon State,248,Houston,ESPN Bet,11.5,12.5,48.5,,360,-500
401752939,2025,regular,5,2025-09-27 02:30:00+00:00,204,Oregon State,248,Houston,DraftKings,11.5,12.5,48.5,,360,-470
401752939,2025,regular,5,2025-09-27 02:30:00+00:00,204,Oregon State,248,Houston,Bovada,12.5,12.5,47.5,48.5,375,-525
401754562,2025,regular,7,2025-10-11 19:30:00+00:00,87,Notre Dame,152,NC State,DraftKings,-23.5,-21.5,59.5,,-2800,1300
401754562,2025,regular,7,2025-10-11 19:30:00+00:00,87,Notre Dame,152,NC State,Bovada,-23.5,-22.5,59.5,62.5,-2000,950
401754562,2025,regular,7,2025-10-11 19:30:00+00:00,87,Notre Dame,152,NC State,ESPN Bet,-24.5,-22.5,59.5,62.5,-2500,1100
401761631,2025,regular,8,2025-10-18 19:30:00+00:00,256,James Madison,295,Old Dominion,DraftKings,-3,-1.5,47.5,,-155,130
401761631,2025,regular,8,2025-10-18 19:30:00+00:00,256,James Madison,295,Old Dominion,Bovada,-3,-2.5,47.5,47.5,-120,100
401761631,2025,regular,8,2025-10-18 19:30:00+00:00,256,James Madison,295,Old Dominion,ESPN Bet,-3.5,-2.5,47.5,47.5,-145,125
401754617,2025,regular,4,2025-09-20 16:00:00+00:00,259,Virginia Tech,2747,Wofford,Bovada,-35.5,-35.5,51.5,49,,
401754617,2025,regular,4,2025-09-20 16:00:00+00:00,259,Virginia Tech,2747,Wofford,DraftKings,-34.5,-35.5,51.5,,,
401754617,2025,regular,4,2025-09-20 16:00:00+00:00,259,Virginia Tech,2747,Wofford,ESPN Bet,,-34.5,51.5,48.5,-100000,4000
401757278,2025,regular,7,2025-10-08 23:30:00+00:00,2393,Middle Tennessee,2623,Missouri State,ESPN Bet,2.5,2.5,52.5,,125,-145
401757278,2025,regular,7,2025-10-08 23:30:00+00:00,2393,Middle Tennessee,2623,Missouri State,DraftKings,3,3.5,51.5,,130,-155
401757278,2025,regular,7,2025-10-08 23:30:00+00:00,2393,Middle Tennessee,2623,Missouri State,Bovada,3,3,51.5,52,130,-150
401762481,2025,regular,7,2025-10-10 23:30:00+00:00,249,North Texas,58,South Florida,ESPN Bet,-2.5,-1.5,68.5,,-135,115
401762481,2025,regular,7,2025-10-10 23:30:00+00:00,249,North Texas,58,South Florida,DraftKings,-2.5,-2.5,68.5,,-135,114
401762481,2025,regular,7,2025-10-10 23:30:00+00:00,249,North Texas,58,South Florida,Bovada,-2.5,-1.5,68.5,66,-125,105
401752862,2025,regular,7,2025-10-11 01:00:00+00:00,264,Washington,164,Rutgers,ESPN Bet,-9.5,-10.5,62.5,,-360,280
401752862,2025,regular,7,2025-10-11 01:00:00+00:00,264,Washington,164,Rutgers,DraftKings,-9.5,-10,62.5,,-360,285
401752862,2025,regular,7,2025-10-11 01:00:00+00:00,264,Washington,164,Rutgers,Bovada,-9.5,-10,62,59,-360,280
401762828,2025,regular,5,2025-09-27 22:30:00+00:00,2711,Western Michigan,227,Rhode Island,Bovada,-7.5,-7.5,45.5,43.5,-300,250
401762828,2025,regular,5,2025-09-27 22:30:00+00:00,2711,Western Michigan,227,Rhode Island,DraftKings,-7,,45.5,43.5,-270,220
401762828,2025,regular,5,2025-09-27 22:30:00+00:00,2711,Western Michigan,227,Rhode Island,ESPN Bet,-8.5,-7.5,44.5,46.5,-290,240
401767691,2025,regular,7,2025-10-10 23:00:00+00:00,108,Harvard,172,Cornell,ESPN Bet,-32.5,,58.5,,,
401762822,2025,regular,4,2025-09-20 17:00:00+00:00,2117,Central Michigan,2681,Wagner,Bovada,-29,-29.5,47,45.5,,
401762822,2025,regular,4,2025-09-20 17:00:00+00:00,2117,Central Michigan,2681,Wagner,DraftKings,-29.5,,46.5,,-9000,2500
401762822,2025,regular,4,2025-09-20 17:00:00+00:00,2117,Central Michigan,2681,Wagner,ESPN Bet,-30.5,-28.5,46.5,45.5,-10000,2500
401767251,2025,regular,7,2025-10-11 22:00:00+00:00,2198,Eastern Kentucky,2046,Austin Peay,ESPN Bet,10,,46.5,,,
401762827,2025,regular,5,2025-09-27 19:30:00+00:00,193,Miami (OH),2815,Lindenwood,DraftKings,-22.5,,49.5,,-2100,1100
401762827,2025,regular,5,2025-09-27 19:30:00+00:00,193,Miami (OH),2815,Lindenwood,Bovada,-22,-20,49,49,-1500,775
401762827,2025,regular,5,2025-09-27 19:30:00+00:00,193,Miami (OH),2815,Lindenwood,ESPN Bet,-22.5,-21,49.5,49.5,-2500,1100
401767034,2025,regular,7,2025-10-10 23:00:00+00:00,2803,Bryant,225,Brown,ESPN Bet,4.5,,54.5,,,
401767776,2025,regular,7,2025-10-11 16:00:00+00:00,2681,Wagner,2385,Mercyhurst,ESPN Bet,6,,46.5,,,
401767744,2025,regular,7,2025-10-11 18:00:00+00:00,2523,Robert Morris,2115,Central Connecticut,ESPN Bet,9.5,,45.5,,,
401767596,2025,regular,7,2025-10-11 17:00:00+00:00,2086,Butler,2506,Presbyterian,ESPN Bet,10.5,,51.5,,,
401756902,2025,regular,5,2025-09-27 01:00:00+00:00,9,Arizona State,2628,TCU,ESPN Bet,-2.5,-2.5,54.5,,-150,130
401756902,2025,regular,5,2025-09-27 01:00:00+00:00,9,Arizona State,2628,TCU,DraftKings,-3,-1.5,54.5,,-148,124
401756902,2025,regular,5,2025-09-27 01:00:00+00:00,9,Arizona State,2628,TCU,Bovada,-3,-2.5,54.5,55.5,-130,110
401767614,2025,regular,5,2025-09-27 16:00:00+00:00,2168,Dayton,56,Stetson,ESPN Bet,-25.5,,49.5,,,
401762480,2025,regular,7,2025-10-09 23:30:00+00:00,2655,Tulane,151,East Carolina,DraftKings,-7,-7,53.5,,-270,220
401762480,2025,regular,7,2025-10-09 23:30:00+00:00,2655,Tulane,151,East Carolina,ESPN Bet,-6.5,-7.5,53.5,53.5,-270,220
401762480,2025,regular,7,2025-10-09 23:30:00+00:00,2655,Tulane,151,East Carolina,Bovada,-7,-7,53.5,54.5,-250,210
401752728,2025,regular,6,2025-10-04 16:00:00+00:00,61,Georgia,96,Kentucky,DraftKings,-19.5,-20.5,48.5,,-1450,850
401752728,2025,regular,6,2025-10-04 16:00:00+00:00,61,Georgia,96,Kentucky,ESPN Bet,-19.5,,49.5,50.5,-1600,800
401752728,2025,regular,6,2025-10-04 16:00:00+00:00,61,Georgia,96,Kentucky,Bovada,-20,-21,49,48.5,-1800,850
401754557,2025,regular,6,2025-10-04 18:00:00+00:00,152,NC State,2097,Campbell,Bovada,-42.5,-42.5,61.5,61,,
401754557,2025,regular,6,2025-10-04 18:00:00+00:00,152,NC State,2097,Campbell,DraftKings,-42.5,-42.5,61.5,,,
401754557,2025,regular,6,2025-10-04 18:00:00+00:00,152,NC State,2097,Campbell,ESPN Bet,-41.5,-42.5,60.5,61.5,,
401752856,2025,regular,6,2025-10-04 16:00:00+00:00,130,Michigan,275,Wisconsin,DraftKings,-17.5,-16.5,42.5,,-800,550
401752856,2025,regular,6,2025-10-04 16:00:00+00:00,130,Michigan,275,Wisconsin,ESPN Bet,-17.5,-16.5,42.5,41.5,-900,550
401752856,2025,regular,6,2025-10-04 16:00:00+00:00,130,Michigan,275,Wisconsin,Bovada,-17,-17,42.5,41.5,-850,550
401760396,2025,regular,8,2025-10-18 01:00:00+00:00,328,Utah State,23,San José State,DraftKings,-3,-3.5,63.5,,-155,130
401760396,2025,regular,8,2025-10-18 01:00:00+00:00,328,Utah State,23,San José State,Bovada,-3,-4,63.5,54,-185,160
401760396,2025,regular,8,2025-10-18 01:00:00+00:00,328,Utah State,23,San José State,ESPN Bet,-3.5,-4.5,62.5,63.5,-155,135
401752745,2025,regular,8,2025-10-18 16:00:00+00:00,238,Vanderbilt,99,LSU,DraftKings,-1.5,3.5,48.5,,-122,102
401752745,2025,regular,8,2025-10-18 16:00:00+00:00,238,Vanderbilt,99,LSU,Bovada,-1.5,-1.5,48,49.5,-145,125
401752745,2025,regular,8,2025-10-18 16:00:00+00:00,238,Vanderbilt,99,LSU,ESPN Bet,-1.5,-2.5,48.5,48.5,-125,105
401767437,2025,regular,2,2025-09-06 23:00:00+00:00,2287,Illinois State,2413,Morehead State,ESPN Bet,-31.5,,52.5,,,
401760375,2025,regular,4,2025-09-20 21:00:00+00:00,23,San José State,70,Idaho,Bovada,-14.5,-14.5,51.5,50.5,-675,460
401760375,2025,regular,4,2025-09-20 21:00:00+00:00,23,San José State,70,Idaho,DraftKings,-14,,51.5,,-600,440
401760375,2025,regular,4,2025-09-20 21:00:00+00:00,23,San José State,70,Idaho,ESPN Bet,-13.5,-14,51.5,50.5,-700,450
401756906,2025,regular,5,2025-09-27 16:00:00+00:00,2306,Kansas State,2116,UCF,ESPN Bet,-5.5,-5.5,48.5,,-210,175
401756906,2025,regular,5,2025-09-27 16:00:00+00:00,2306,Kansas State,2116,UCF,DraftKings,-6,-6.5,48.5,,-225,185
401756906,2025,regular,5,2025-09-27 16:00:00+00:00,2306,Kansas State,2116,UCF,Bovada,-6,-5.5,48.5,49,-220,180
401752710,2025,regular,4,2025-09-20 23:45:00+00:00,99,LSU,2545,SE Louisiana,Bovada,-49,-40.5,60,51.5,,
401752710,2025,regular,4,2025-09-20 23:45:00+00:00,99,LSU,2545,SE Louisiana,ESPN Bet,-48.5,,60.5,51.5,,
401767551,2025,regular,4,2025-09-20 16:00:00+00:00,225,Brown,46,Georgetown,ESPN Bet,3.5,,57.5,,,
401760377,2025,regular,4,2025-09-21 00:00:00+00:00,328,Utah State,2377,McNeese,Bovada,-23.5,-23.5,63,61.5,-2500,1000
401760377,2025,regular,4,2025-09-21 00:00:00+00:00,328,Utah State,2377,McNeese,DraftKings,-24.5,,63.5,,-3200,1400
401760377,2025,regular,4,2025-09-21 00:00:00+00:00,328,Utah State,2377,McNeese,ESPN Bet,-23.5,-23.5,62.5,61.5,-2500,1100
401762823,2025,regular,4,2025-09-20 19:30:00+00:00,195,Ohio,2241,Gardner-Webb,Bovada,-30.5,-28,55,51.5,,
401762823,2025,regular,4,2025-09-20 19:30:00+00:00,195,Ohio,2241,Gardner-Webb,ESPN Bet,-29.5,-25,54.5,51.5,-10000,2500
401762823,2025,regular,4,2025-09-20 19:30:00+00:00,195,Ohio,2241,Gardner-Webb,DraftKings,-30.5,,55.5,,-6500,2000
401761612,2025,regular,4,2025-09-21 00:00:00+00:00,326,Texas State,2447,Nicholls,Bovada,-32.5,-29.5,57,54.5,,
401761612,2025,regular,4,2025-09-21 00:00:00+00:00,326,Texas State,2447,Nicholls,DraftKings,-32.5,,57.5,,-9000,2500
401761612,2025,regular,4,2025-09-21 00:00:00+00:00,326,Texas State,2447,Nicholls,ESPN Bet,-32.5,-29.5,56.5,54.5,-20000,3000
401767406,2025,regular,5,2025-09-27 16:00:00+00:00,2681,Wagner,2450,Norfolk State,ESPN Bet,2.5,,47.5,,,
401752859,2025,regular,6,2025-10-04 23:30:00+00:00,194,Ohio State,135,Minnesota,DraftKings,-23.5,-21,42.5,,-2800,1300
401752859,2025,regular,6,2025-10-04 23:30:00+00:00,194,Ohio State,135,Minnesota,Bovada,-23.5,-24,42,44.5,-2800,1100
401752859,2025,regular,6,2025-10-04 23:30:00+00:00,194,Ohio State,135,Minnesota,ESPN Bet,-23.5,-24.5,42.5,44.5,-2500,1100
401760393,2025,regular,8,2025-10-18 19:30:00+00:00,68,Boise State,2439,UNLV,DraftKings,-12.5,-8.5,60.5,,-485,370
401760393,2025,regular,8,2025-10-18 19:30:00+00:00,68,Boise State,2439,UNLV,Bovada,-13,-10.5,61,63.5,-400,300
401760393,2025,regular,8,2025-10-18 19:30:00+00:00,68,Boise State,2439,UNLV,ESPN Bet,-13.5,-10.5,61.5,62.5,-500,360
401767270,2025,regular,7,2025-10-11 17:00:00+00:00,227,Rhode Island,160,New Hampshire,ESPN Bet,-9.5,,45.5,,,
401752869,2025,regular,7,2025-10-11 23:00:00+00:00,275,Wisconsin,2294,Iowa,DraftKings,5.5,2.5,37.5,,190,-230
401752869,2025,regular,7,2025-10-11 23:00:00+00:00,275,Wisconsin,2294,Iowa,Bovada,5,4.5,37.5,37.5,160,-185
401752869,2025,regular,7,2025-10-11 23:00:00+00:00,275,Wisconsin,2294,Iowa,ESPN Bet,4.5,3.5,37.5,37.5,190,-225
401752734,2025,regular,7,2025-10-11 16:00:00+00:00,142,Missouri,333,Alabama,ESPN Bet,3.5,5.5,50.5,,140,-165
401752734,2025,regular,7,2025-10-11 16:00:00+00:00,142,Missouri,333,Alabama,DraftKings,3,6.5,50.5,,130,-155
401752734,2025,regular,7,2025-10-11 16:00:00+00:00,142,Missouri,333,Alabama,Bovada,3,4,52,53.5,160,-185
401767576,2025,regular,7,2025-10-11 16:00:00+00:00,163,Princeton,2382,Mercer,ESPN Bet,9.5,,53.5,,,
401767739,2025,regular,7,2025-10-11 17:00:00+00:00,2142,Colgate,257,Richmond,ESPN Bet,-1.5,,55.5,,,
401767418,2025,regular,7,2025-10-11 23:00:00+00:00,2755,Grambling,2640,Texas Southern,ESPN Bet,-3.5,,49.5,,,
401767567,2025,regular,7,2025-10-11 18:30:00+00:00,2717,Western Carolina,231,Furman,ESPN Bet,-3.5,,67.5,,,
401767629,2025,regular,7,2025-10-10 23:00:00+00:00,219,Pennsylvania,2368,Marist,ESPN Bet,-16.5,,52.5,,,
401762840,2025,regular,8,2025-10-18 18:30:00+00:00,113,Massachusetts,2084,Buffalo,DraftKings,16.5,17,47.5,,550,-800
401762840,2025,regular,8,2025-10-18 18:30:00+00:00,113,Massachusetts,2084,Buffalo,Bovada,16.5,17.5,47.5,45.5,575,-900
401762840,2025,regular,8,2025-10-18 18:30:00+00:00,113,Massachusetts,2084,Buffalo,ESPN Bet,16.5,17.5,47.5,44.5,600,-1000
401757260,2025,regular,4,2025-09-20 23:00:00+00:00,55,Jacksonville State,93,Murray State,Bovada,-35.5,-35.5,60.5,60.5,,
401757260,2025,regular,4,2025-09-20 23:00:00+00:00,55,Jacksonville State,93,Murray State,DraftKings,-35.5,-35.5,60.5,,,
401757260,2025,regular,4,2025-09-20 23:00:00+00:00,55,Jacksonville State,93,Murray State,ESPN Bet,-35.5,-38.5,60.5,60.5,-100000,4000
401767455,2025,regular,2,2025-09-06 23:00:00+00:00,93,Murray State,2545,SE Louisiana,ESPN Bet,21.5,,51.5,,,
401767742,2025,regular,3,2025-09-13 16:00:00+00:00,2115,Central Connecticut,2598,St. Francis (PA),ESPN Bet,-11.5,,44.5,,,
401761609,2025,regular,4,2025-09-20 23:00:00+00:00,290,Georgia Southern,311,Maine,Bovada,-22,-22,57.5,55.5,-2000,950
401761609,2025,regular,4,2025-09-20 23:00:00+00:00,290,Georgia Southern,311,Maine,ESPN Bet,-20.5,-24,57.5,55.5,-4000,1300
401761609,2025,regular,4,2025-09-20 23:00:00+00:00,290,Georgia Southern,311,Maine,DraftKings,-23.5,,57.5,,-2100,1100
401767726,2025,regular,4,2025-09-20 16:00:00+00:00,43,Yale,107,Holy Cross,ESPN Bet,-6.5,,44.5,,,
401767735,2025,regular,6,2025-10-04 16:00:00+00:00,2329,Lehigh,43,Yale,ESPN Bet,-4.5,,50.5,,,
401756904,2025,regular,5,2025-09-27 23:00:00+00:00,66,Iowa State,12,Arizona,DraftKings,-4,-7,48.5,,-180,150
401756904,2025,regular,5,2025-09-27 23:00:00+00:00,66,Iowa State,12,Arizona,ESPN Bet,-4.5,-7.5,48.5,49.5,-170,145
401756904,2025,regular,5,2025-09-27 23:00:00+00:00,66,Iowa State,12,Arizona,Bovada,-3.5,-6.5,48.5,49.5,-220,180
401757265,2025,regular,4,2025-09-20 23:00:00+00:00,2623,Missouri State,2630,UT Martin,Bovada,-14,-13.5,55.5,52.5,-575,400
401757265,2025,regular,4,2025-09-20 23:00:00+00:00,2623,Missouri State,2630,UT Martin,DraftKings,-14.5,,55.5,,-600,440
401757265,2025,regular,4,2025-09-20 23:00:00+00:00,2623,Missouri State,2630,UT Martin,ESPN Bet,-14.5,-14,54.5,52.5,,
401762471,2025,regular,5,2025-09-25 23:30:00+00:00,151,East Carolina,349,Army,DraftKings,-3.5,-2.5,52.5,,-175,145
401762471,2025,regular,5,2025-09-25 23:30:00+00:00,151,East Carolina,349,Army,Bovada,-3.5,-3,52.5,52.5,-160,135
401762471,2025,regular,5,2025-09-25 23:30:00+00:00,151,East Carolina,349,Army,ESPN Bet,-3.5,-3.5,52.5,52.5,-170,145
401762821,2025,regular,4,2025-09-20 22:00:00+00:00,2006,Akron,2184,Duquesne,Bovada,-10.5,-9,51,51.5,-340,270
401762821,2025,regular,4,2025-09-20 22:00:00+00:00,2006,Akron,2184,Duquesne,ESPN Bet,-10.5,-8,51.5,51.5,-450,340
401762821,2025,regular,4,2025-09-20 22:00:00+00:00,2006,Akron,2184,Duquesne,DraftKings,-10.5,,51.5,,-425,330
401779328,2025,regular,5,2025-09-27 16:00:00+00:00,2184,Duquesne,2441,New Haven,ESPN Bet,-18,,54.5,,,
401752735,2025,regular,7,2025-10-11 20:15:00+00:00,2633,Tennessee,8,Arkansas,DraftKings,-10,-13.5,68.5,,-425,330
401752735,2025,regular,7,2025-10-11 20:15:00+00:00,2633,Tennessee,8,Arkansas,Bovada,-10,-13.5,68.5,69.5,-500,360
401752735,2025,regular,7,2025-10-11 20:15:00+00:00,2633,Tennessee,8,Arkansas,ESPN Bet,-10.5,-12.5,68.5,69.5,-425,320
401756914,2025,regular,6,2025-10-04 23:30:00+00:00,2628,TCU,38,Colorado,DraftKings,-13.5,-13.5,57.5,,-550,410
401756914,2025,regular,6,2025-10-04 23:30:00+00:00,2628,TCU,38,Colorado,Bovada,-13.5,-14.5,57,58,-650,450
401756914,2025,regular,6,2025-10-04 23:30:00+00:00,2628,TCU,38,Colorado,ESPN Bet,-14.5,-15.5,56.5,59.5,-600,400
401767084,2025,regular,7,2025-10-11 19:00:00+00:00,147,Montana State,304,Idaho State,ESPN Bet,-22.5,,58.5,,,
401760388,2025,regular,7,2025-10-11 01:00:00+00:00,36,Colorado State,278,Fresno State,DraftKings,5.5,7,47.5,,170,-205
401760388,2025,regular,7,2025-10-11 01:00:00+00:00,36,Colorado State,278,Fresno State,Bovada,6,6.5,47.5,45.5,185,-225
401760388,2025,regular,7,2025-10-11 01:00:00+00:00,36,Colorado State,278,Fresno State,ESPN Bet,5.5,,48.5,45.5,170,-200
401767116,2025,regular,7,2025-10-11 23:00:00+00:00,302,UC Davis,2464,Northern Arizona,ESPN Bet,-7,,62.5,,,
401767353,2025,regular,7,2025-10-11 17:00:00+00:00,2529,Sacred Heart,47,Howard,ESPN Bet,-2.5,,47.5,,,
401762841,2025,regular,8,2025-10-18 16:00:00+00:00,193,Miami (OH),2199,Eastern Michigan,DraftKings,-12.5,-11.5,47.5,,-470,360
401762841,2025,regular,8,2025-10-18 16:00:00+00:00,193,Miami (OH),2199,Eastern Michigan,Bovada,-12.5,-11.5,47,47.5,-550,390
401762841,2025,regular,8,2025-10-18 16:00:00+00:00,193,Miami (OH),2199,Eastern Michigan,ESPN Bet,-11.5,-13.5,47.5,48.5,-500,360
401752740,2025,regular,8,2025-10-18 23:45:00+00:00,2,Auburn,142,Missouri,DraftKings,1.5,-1.5,43.5,,-102,-118
401752740,2025,regular,8,2025-10-18 23:45:00+00:00,2,Auburn,142,Missouri,Bovada,1.5,-1.5,44,44.5,-115,-105
401752740,2025,regular,8,2025-10-18 23:45:00+00:00,2,Auburn,142,Missouri,ESPN Bet,1.5,-2.5,43.5,44.5,110,-130
401767666,2025,regular,6,2025-10-04 16:00:00+00:00,2083,Bucknell,257,Richmond,ESPN Bet,5,,50.5,,,
401752720,2025,regular,5,2025-09-27 20:15:00+00:00,344,Mississippi State,2633,Tennessee,DraftKings,7.5,10,63.5,,235,-290
401752720,2025,regular,5,2025-09-27 20:15:00+00:00,344,Mississippi State,2633,Tennessee,Bovada,7.5,9,63.5,62.5,235,-285
401752720,2025,regular,5,2025-09-27 20:15:00+00:00,344,Mississippi State,2633,Tennessee,ESPN Bet,7.5,8.5,63.5,62.5,220,-270
401752730,2025,regular,6,2025-10-04 23:30:00+00:00,245,Texas A&M,344,Mississippi State,DraftKings,-17.5,-13.5,57.5,,-900,600
401752730,2025,regular,6,2025-10-04 23:30:00+00:00,245,Texas A&M,344,Mississippi State,Bovada,-17.5,-14,56.5,58,-600,425
401752730,2025,regular,6,2025-10-04 23:30:00+00:00,245,Texas A&M,344,Mississippi State,ESPN Bet,-17.5,-14.5,57.5,58.5,-900,550
401767379,2025,regular,2,2025-09-06 23:00:00+00:00,2110,Central Arkansas,2029,Arkansas-Pine Bluff,ESPN Bet,-27,,55.5,,,
401767659,2025,regular,3,2025-09-13 16:00:00+00:00,2341,Long Island University,2529,Sacred Heart,ESPN Bet,-13.5,,42.5,,,
401767644,2025,regular,4,2025-09-20 16:00:00+00:00,163,Princeton,301,San Diego,ESPN Bet,-7.5,,48.5,,,
401767697,2025,regular,5,2025-09-27 16:00:00+00:00,2115,Central Connecticut,159,Dartmouth,ESPN Bet,7.5,,45.5,,,
401761614,2025,regular,5,2025-09-27 17:30:00+00:00,256,James Madison,290,Georgia Southern,DraftKings,-14.5,-12.5,54.5,,-675,490
401761614,2025,regular,5,2025-09-27 17:30:00+00:00,256,James Madison,290,Georgia Southern,Bovada,-15,-16,54.5,54,-850,550
401761614,2025,regular,5,2025-09-27 17:30:00+00:00,256,James Madison,290,Georgia Southern,ESPN Bet,-16.5,-16.5,54.5,53.5,-800,500
401757277,2025,regular,7,2025-10-09 00:00:00+00:00,2638,UTEP,2335,Liberty,DraftKings,1.5,3,46.5,,105,-125
401757277,2025,regular,7,2025-10-09 00:00:00+00:00,2638,UTEP,2335,Liberty,ESPN Bet,1.5,2.5,47.5,46.5,105,-125
401757277,2025,regular,7,2025-10-09 00:00:00+00:00,2638,UTEP,2335,Liberty,Bovada,2,2.5,46.5,47,120,-140
401756913,2025,regular,6,2025-10-04 23:00:00+00:00,248,Houston,2641,Texas Tech,DraftKings,13.5,8.5,51.5,,390,-520
401756913,2025,regular,6,2025-10-04 23:00:00+00:00,248,Houston,2641,Texas Tech,Bovada,13,12,51.5,50,355,-490
401756913,2025,regular,6,2025-10-04 23:00:00+00:00,248,Houston,2641,Texas Tech,ESPN Bet,11.5,12.5,51.5,50.5,400,-600
401762837,2025,regular,7,2025-10-11 18:30:00+00:00,2309,Kent State,113,Massachusetts,DraftKings,-1.5,-3,49.5,,-115,-105
401762837,2025,regular,7,2025-10-11 18:30:00+00:00,2309,Kent State,113,Massachusetts,Bovada,-1,-2.5,50,48,-135,115
401762837,2025,regular,7,2025-10-11 18:30:00+00:00,2309,Kent State,113,Massachusetts,ESPN Bet,-1.5,-2.5,49.5,49.5,-105,-115
401767637,2025,regular,7,2025-10-11 17:00:00+00:00,56,Stetson,2413,Morehead State,ESPN Bet,7,,54.5,,,
401752737,2025,regular,7,2025-10-11 23:00:00+00:00,245,Texas A&M,57,Florida,DraftKings,-7,-9.5,47.5,,-258,210
401752737,2025,regular,7,2025-10-11 23:00:00+00:00,245,Texas A&M,57,Florida,Bovada,-7,-7.5,48,45,-310,255
401752737,2025,regular,7,2025-10-11 23:00:00+00:00,245,Texas A&M,57,Florida,ESPN Bet,-6.5,-8.5,48.5,47.5,-250,210
401756924,2025,regular,8,2025-10-19 00:00:00+00:00,252,BYU,254,Utah,DraftKings,4,2.5,49.5,,170,-205
401756924,2025,regular,8,2025-10-19 00:00:00+00:00,252,BYU,254,Utah,Bovada,4,3.5,49.5,47.5,135,-160
401756924,2025,regular,8,2025-10-19 00:00:00+00:00,252,BYU,254,Utah,ESPN Bet,5.5,3.5,49.5,47.5,175,-210
401767470,2025,regular,7,2025-10-11 23:00:00+00:00,2277,Houston Christian,2466,Northwestern State,ESPN Bet,-12.5,,52.5,,,
401767196,2025,regular,7,2025-10-11 19:00:00+00:00,2197,Eastern Illinois,2241,Gardner-Webb,ESPN Bet,4.5,,58.5,,,
401761629,2025,regular,8,2025-10-18 19:30:00+00:00,2026,App State,324,Coastal Carolina,DraftKings,-10.5,-9.5,48.5,,-395,310
401761629,2025,regular,8,2025-10-18 19:30:00+00:00,2026,App State,324,Coastal Carolina,Bovada,-10.5,-11.5,48,49.5,-450,335
401761629,2025,regular,8,2025-10-18 19:30:00+00:00,2026,App State,324,Coastal Carolina,ESPN Bet,-10.5,-11.5,47.5,49.5,-425,320
401769868,2025,regular,2,2025-09-06 23:00:00+00:00,2447,Nicholls,2698,West Georgia,ESPN Bet,-6.5,,44.5,,,
401767733,2025,regular,3,2025-09-13 16:00:00+00:00,2184,Duquesne,2329,Lehigh,ESPN Bet,7.5,,44.5,,,
401767660,2025,regular,6,2025-10-04 16:00:00+00:00,2115,Central Connecticut,2529,Sacred Heart,ESPN Bet,-5.5,,45.5,,,
401752853,2025,regular,5,2025-09-27 19:30:00+00:00,2294,Iowa,84,Indiana,DraftKings,9.5,3,47.5,,270,-340
401752853,2025,regular,5,2025-09-27 19:30:00+00:00,2294,Iowa,84,Indiana,ESPN Bet,8.5,2.5,47.5,48.5,260,-320
401752853,2025,regular,5,2025-09-27 19:30:00+00:00,2294,Iowa,84,Indiana,Bovada,9.5,7.5,47.5,50,240,-290
401767721,2025,regular,5,2025-09-27 16:00:00+00:00,171,Columbia,46,Georgetown,ESPN Bet,-11.5,,50.5,,,
401757280,2025,regular,7,2025-10-09 23:00:00+00:00,338,Kennesaw State,2348,Louisiana Tech,DraftKings,4.5,5.5,46.5,,170,-205
401757280,2025,regular,7,2025-10-09 23:00:00+00:00,338,Kennesaw State,2348,Louisiana Tech,ESPN Bet,5.5,5.5,45.5,45.5,165,-195
401757280,2025,regular,7,2025-10-09 23:00:00+00:00,338,Kennesaw State,2348,Louisiana Tech,Bovada,4.5,6.5,46.5,45.5,215,-260
401756917,2025,regular,7,2025-10-11 16:00:00+00:00,2132,Cincinnati,2116,UCF,DraftKings,-10,-10.5,55.5,,-395,310
401756917,2025,regular,7,2025-10-11 16:00:00+00:00,2132,Cincinnati,2116,UCF,Bovada,-10.5,-10.5,55.5,55.5,-410,305
401756917,2025,regular,7,2025-10-11 16:00:00+00:00,2132,Cincinnati,2116,UCF,ESPN Bet,-10.5,-10.5,55.5,56.5,-400,300
401756908,2025,regular,5,2025-09-27 19:30:00+00:00,277,West Virginia,254,Utah,DraftKings,13.5,12.5,46.5,,400,-535
401756908,2025,regular,5,2025-09-27 19:30:00+00:00,277,West Virginia,254,Utah,Bovada,13.5,10.5,47,50.5,290,-380
401756908,2025,regular,5,2025-09-27 19:30:00+00:00,277,West Virginia,254,Utah,ESPN Bet,12.5,9.5,46.5,49.5,400,-600
401767772,2025,regular,4,2025-09-20 17:00:00+00:00,284,Stonehill,219,Pennsylvania,ESPN Bet,17.5,,49.5,,,
401752857,2025,regular,6,2025-10-04 19:30:00+00:00,120,Maryland,264,Washington,DraftKings,5.5,7.5,52.5,,185,-225
401752857,2025,regular,6,2025-10-04 19:30:00+00:00,120,Maryland,264,Washington,Bovada,5.5,4.5,52,53.5,185,-225
401752857,2025,regular,6,2025-10-04 19:30:00+00:00,120,Maryland,264,Washington,ESPN Bet,5.5,5.5,53.5,52.5,170,-200
401752732,2025,regular,7,2025-10-11 23:45:00+00:00,99,LSU,2579,South Carolina,DraftKings,-8.5,-10.5,44.5,,-325,260
401752732,2025,regular,7,2025-10-11 23:45:00+00:00,99,LSU,2579,South Carolina,Bovada,-8,-10,44.5,44.5,-370,285
401752732,2025,regular,7,2025-10-11 23:45:00+00:00,99,LSU,2579,South Carolina,ESPN Bet,-8.5,-9.5,44.5,44.5,-340,270
401756928,2025,regular,8,2025-10-18 17:00:00+00:00,2116,UCF,277,West Virginia,DraftKings,-6.5,-9.5,46.5,,-238,195
401756928,2025,regular,8,2025-10-18 17:00:00+00:00,2116,UCF,277,West Virginia,ESPN Bet,-6.5,-7.5,47.5,49.5,-230,195
401756928,2025,regular,8,2025-10-18 17:00:00+00:00,2116,UCF,277,West Virginia,Bovada,-6.5,-7,46,48.5,-275,225
401767439,2025,regular,7,2025-10-11 23:00:00+00:00,93,Murray State,2287,Illinois State,ESPN Bet,23.5,,58.5,,,
401767537,2025,regular,7,2025-10-11 19:00:00+00:00,2571,South Dakota State,2460,Northern Iowa,ESPN Bet,-28.5,,47.5,,,
401767448,2025,regular,7,2025-10-11 17:00:00+00:00,282,Indiana State,233,South Dakota,ESPN Bet,15.5,,56.5,,,
401767359,2025,regular,2,2025-09-06 23:00:00+00:00,2582,Southern,2011,Alabama State,ESPN Bet,6.5,,56.5,,,
401767627,2025,regular,3,2025-09-13 17:00:00+00:00,2681,Wagner,2368,Marist,ESPN Bet,-7.5,,50.5,,,
401752850,2025,regular,5,2025-09-27 16:00:00+00:00,356,Illinois,30,USC,DraftKings,6.5,1.5,62.5,,205,-250
401752850,2025,regular,5,2025-09-27 16:00:00+00:00,356,Illinois,30,USC,ESPN Bet,6.5,1.5,62.5,56.5,195,-230
401752850,2025,regular,5,2025-09-27 16:00:00+00:00,356,Illinois,30,USC,Bovada,6.5,6.5,62,58.5,200,-240
401762825,2025,regular,5,2025-09-27 16:00:00+00:00,195,Ohio,189,Bowling Green,DraftKings,-7.5,-10,49.5,,-325,260
401762825,2025,regular,5,2025-09-27 16:00:00+00:00,195,Ohio,189,Bowling Green,Bovada,-8,-11,50,51,-430,320
401762825,2025,regular,5,2025-09-27 16:00:00+00:00,195,Ohio,189,Bowling Green,ESPN Bet,-7.5,-10.5,49.5,50.5,-300,250
401767734,2025,regular,5,2025-09-27 16:00:00+00:00,2329,Lehigh,219,Pennsylvania,ESPN Bet,-9.5,,47.5,,,
401767751,2025,regular,6,2025-10-04 16:00:00+00:00,2184,Duquesne,284,Stonehill,ESPN Bet,-7.5,,49.5,,,
401767267,2025,regular,4,2025-09-20 17:00:00+00:00,159,Dartmouth,160,New Hampshire,ESPN Bet,2,,45.5,,,
401757279,2025,regular,7,2025-10-10 00:00:00+00:00,2534,Sam Houston,55,Jacksonville State,DraftKings,7,8.5,53.5,,225,-278
401757279,2025,regular,7,2025-10-10 00:00:00+00:00,2534,Sam Houston,55,Jacksonville State,ESPN Bet,7.5,9.5,52.5,55.5,240,-290
401757279,2025,regular,7,2025-10-10 00:00:00+00:00,2534,Sam Houston,55,Jacksonville State,Bovada,7,9,54,55.5,280,-360
401761622,2025,regular,7,2025-10-10 00:00:00+00:00,290,Georgia Southern,2572,Southern Miss,DraftKings,3,1.5,59.5,,120,-142
401761622,2025,regular,7,2025-10-10 00:00:00+00:00,290,Georgia Southern,2572,Southern Miss,ESPN Bet,2.5,-1.5,60.5,59.5,130,-150
401761622,2025,regular,7,2025-10-10 00:00:00+00:00,290,Georgia Southern,2572,Southern Miss,Bovada,3,2.5,60,60.5,115,-135
401761625,2025,regular,7,2025-10-11 16:00:00+00:00,256,James Madison,309,Louisiana,DraftKings,-18.5,-17.5,44.5,,-1050,675
401761625,2025,regular,7,2025-10-11 16:00:00+00:00,256,James Madison,309,Louisiana,Bovada,-18.5,-17.5,45,46.5,-850,550
401761625,2025,regular,7,2025-10-11 16:00:00+00:00,256,James Madison,309,Louisiana,ESPN Bet,-18.5,-16.5,45.5,46.5,-1200,700
401767390,2025,regular,7,2025-10-11 19:00:00+00:00,2065,Bethune-Cookman,2582,Southern,ESPN Bet,-1,,53.5,,,
401767461,2025,regular,7,2025-10-11 23:00:00+00:00,2837,East Texas A&M,2320,Lamar,ESPN Bet,7.5,,53.5,,,
401767667,2025,regular,7,2025-10-11 16:30:00+00:00,322,Lafayette,2083,Bucknell,ESPN Bet,-10,,62.5,,,
401762843,2025,regular,8,2025-10-18 19:30:00+00:00,195,Ohio,2459,Northern Illinois,DraftKings,-10.5,-12.5,41.5,,-425,330
401762843,2025,regular,8,2025-10-18 19:30:00+00:00,195,Ohio,2459,Northern Illinois,Bovada,-10.5,-12,41.5,43.5,-470,345
401762843,2025,regular,8,2025-10-18 19:30:00+00:00,195,Ohio,2459,Northern Illinois,ESPN Bet,-11.5,-11.5,42.5,43.5,-400,300
401754569,2025,regular,8,2025-10-18 16:00:00+00:00,103,Boston College,41,UConn,DraftKings,2.5,-2.5,58.5,,110,-130
401754569,2025,regular,8,2025-10-18 16:00:00+00:00,103,Boston College,41,UConn,Bovada,2.5,-2,58,55.5,-120,100
401754569,2025,regular,8,2025-10-18 16:00:00+00:00,103,Boston College,41,UConn,ESPN Bet,2.5,-1.5,58.5,56.5,110,-130
401762483,2025,regular,7,2025-10-11 16:00:00+00:00,349,Army,2429,Charlotte,DraftKings,-17.5,-20.5,45.5,,-850,575
401762483,2025,regular,7,2025-10-11 16:00:00+00:00,349,Army,2429,Charlotte,ESPN Bet,-17.5,-20.5,44.5,,-900,550
401762483,2025,regular,7,2025-10-11 16:00:00+00:00,349,Army,2429,Charlotte,Bovada,-17.5,-17.5,45.5,47,-900,575
401767304,2025,regular,2,2025-09-06 23:00:00+00:00,2627,Tarleton State,2400,Mississippi Valley State,ESPN Bet,-44.5,,57.5,,,
401767232,2025,regular,3,2025-09-13 17:00:00+00:00,2635,Tennessee Tech,2166,Davidson,ESPN Bet,-40.5,,65.5,,,
401767307,2025,regular,7,2025-10-12 00:00:00+00:00,3101,Utah Tech,2627,Tarleton State,ESPN Bet,28,,59.5,,,
401767313,2025,regular,7,2025-10-11 19:00:00+00:00,2010,Alabama A&M,2400,Mississippi Valley State,ESPN Bet,-21,,60.5,,,
401752724,2025,regular,5,2025-09-27 19:30:00+00:00,245,Texas A&M,2,Auburn,DraftKings,-6.5,-6.5,51.5,,-238,195
401752724,2025,regular,5,2025-09-27 19:30:00+00:00,245,Texas A&M,2,Auburn,ESPN Bet,-6.5,-6.5,51.5,46.5,-225,190
401752724,2025,regular,5,2025-09-27 19:30:00+00:00,245,Texas A&M,2,Auburn,Bovada,-6.5,-7,51.5,51.5,-240,200
401767653,2025,regular,4,2025-09-20 17:00:00+00:00,56,Stetson,108,Harvard,ESPN Bet,35.5,,56.5,,,
401767192,2025,regular,7,2025-10-11 17:00:00+00:00,2771,Merrimack,311,Maine,ESPN Bet,2.5,,45.5,,,
401757271,2025,regular,5,2025-09-27 22:00:00+00:00,295,Old Dominion,2335,Liberty,DraftKings,-14.5,-8.5,53.5,,-675,490
401757271,2025,regular,5,2025-09-27 22:00:00+00:00,295,Old Dominion,2335,Liberty,Bovada,-14.5,-15.5,53.5,51,-650,450
401757271,2025,regular,5,2025-09-27 22:00:00+00:00,295,Old Dominion,2335,Liberty,ESPN Bet,-14.5,-15.5,53.5,52.5,-700,450
401767343,2025,regular,5,2025-09-27 16:00:00+00:00,2529,Sacred Heart,2169,Delaware State,ESPN Bet,5,,54.5,,,
401767628,2025,regular,6,2025-10-04 16:00:00+00:00,2368,Marist,301,San Diego,ESPN Bet,8.5,,51.5,,,
401767216,2025,regular,2,2025-09-06 23:00:00+00:00,2546,Southeast Missouri State,2453,North Alabama,ESPN Bet,-15.5,,55.5,,,
401767720,2025,regular,3,2025-09-13 17:00:00+00:00,46,Georgetown,322,Lafayette,ESPN Bet,-1.5,,53.5,,,
401762824,2025,regular,5,2025-09-27 19:30:00+00:00,2649,Toledo,2006,Akron,DraftKings,-21.5,-21,50.5,,-2100,1100
401762824,2025,regular,5,2025-09-27 19:30:00+00:00,2649,Toledo,2006,Akron,Bovada,-21,-21,50,48.5,-1800,850
401762824,2025,regular,5,2025-09-27 19:30:00+00:00,2649,Toledo,2006,Akron,ESPN Bet,-22.5,-21.5,49.5,47.5,-2000,1000
401767689,2025,regular,5,2025-09-27 16:00:00+00:00,43,Yale,172,Cornell,ESPN Bet,-19.5,,48.5,,,
401767674,2025,regular,6,2025-10-04 16:30:00+00:00,322,Lafayette,2230,Fordham,ESPN Bet,-15.5,,55.5,,,
401752744,2025,regular,8,2025-10-18 16:45:00+00:00,2579,South Carolina,201,Oklahoma,DraftKings,4.5,3.5,42.5,,160,-192
401752744,2025,regular,8,2025-10-18 16:45:00+00:00,2579,South Carolina,201,Oklahoma,ESPN Bet,4.5,4.5,43.5,42.5,165,-195
401752744,2025,regular,8,2025-10-18 16:45:00+00:00,2579,South Carolina,201,Oklahoma,Bovada,4,5,43,42.5,185,-225
401762842,2025,regular,8,2025-10-18 18:00:00+00:00,2649,Toledo,2309,Kent State,DraftKings,-25.5,-23.5,48.5,,-4000,1600
401762842,2025,regular,8,2025-10-18 18:00:00+00:00,2649,Toledo,2309,Kent State,Bovada,-25,-24.5,48.5,52.5,-3500,1100
401762842,2025,regular,8,2025-10-18 18:00:00+00:00,2649,Toledo,2309,Kent State,ESPN Bet,-25.5,-24.5,48.5,52.5,-3000,1200
401767672,2025,regular,4,2025-09-20 17:00:00+00:00,2142,Colgate,2230,Fordham,ESPN Bet,-7,,59.5,,,
401761626,2025,regular,7,2025-10-11 19:30:00+00:00,276,Marshall,295,Old Dominion,DraftKings,14.5,12.5,57.5,,440,-600
401761626,2025,regular,7,2025-10-11 19:30:00+00:00,276,Marshall,295,Old Dominion,Bovada,14.5,14,57.5,55,410,-585
401761626,2025,regular,7,2025-10-11 19:30:00+00:00,276,Marshall,295,Old Dominion,ESPN Bet,14.5,14.5,57.5,55.5,475,-750
401752867,2025,regular,7,2025-10-11 19:30:00+00:00,120,Maryland,158,Nebraska,DraftKings,7,5.5,47.5,,225,-278
401752867,2025,regular,7,2025-10-11 19:30:00+00:00,120,Maryland,158,Nebraska,Bovada,7,5.5,47,48,170,-200
401752867,2025,regular,7,2025-10-11 19:30:00+00:00,120,Maryland,158,Nebraska,ESPN Bet,6.5,5.5,47.5,47.5,240,-290
401767413,2025,regular,7,2025-10-11 19:00:00+00:00,50,Florida A&M,2428,North Carolina Central,ESPN Bet,12,,51.5,,,
401767605,2025,regular,7,2025-10-11 17:00:00+00:00,2166,Davidson,2900,St. Thomas (MN),ESPN Bet,21.5,,56.5,,,
401767309,2025,regular,2,2025-09-06 23:00:00+00:00,2010,Alabama A&M,2016,Alcorn State,ESPN Bet,-3.5,,49.5,,,
401767318,2025,regular,3,2025-09-13 18:00:00+00:00,107,Holy Cross,227,Rhode Island,ESPN Bet,3.5,,46.5,,,
401767269,2025,regular,6,2025-10-04 17:00:00+00:00,160,New Hampshire,222,Villanova,ESPN Bet,5.5,,47.5,,,
401752739,2025,regular,8,2025-10-18 19:30:00+00:00,8,Arkansas,245,Texas A&M,DraftKings,7.5,8.5,57.5,,230,-285
401752739,2025,regular,8,2025-10-18 19:30:00+00:00,8,Arkansas,245,Texas A&M,Bovada,7,8,57.5,61,250,-300
401752739,2025,regular,8,2025-10-18 19:30:00+00:00,8,Arkansas,245,Texas A&M,ESPN Bet,8.5,7.5,57.5,62.5,240,-290
401767258,2025,regular,4,2025-09-20 17:00:00+00:00,2405,Monmouth,222,Villanova,ESPN Bet,-3.5,,65.5,,,
401761630,2025,regular,8,2025-10-18 23:00:00+00:00,290,Georgia Southern,2247,Georgia State,DraftKings,-6.5,-6,58.5,,-238,195
401761630,2025,regular,8,2025-10-18 23:00:00+00:00,290,Georgia Southern,2247,Georgia State,Bovada,-6.5,-6.5,59,58,-240,200
401761630,2025,regular,8,2025-10-18 23:00:00+00:00,290,Georgia Southern,2247,Georgia State,ESPN Bet,-6.5,-6.5,58.5,57.5,-215,180
401754559,2025,regular,7,2025-10-11 16:00:00+00:00,52,Florida State,221,Pittsburgh,DraftKings,-10.5,-8.5,56.5,,-410,320
401754559,2025,regular,7,2025-10-11 16:00:00+00:00,52,Florida State,221,Pittsburgh,Bovada,-10.5,-9.5,57,58,-360,280
401754559,2025,regular,7,2025-10-11 16:00:00+00:00,52,Florida State,221,Pittsburgh,ESPN Bet,-11.5,-9.5,57.5,58.5,-400,300
401762484,2025,regular,7,2025-10-11 20:00:00+00:00,218,Temple,2426,Navy,DraftKings,10,9.5,52.5,,280,-355
401762484,2025,regular,7,2025-10-11 20:00:00+00:00,218,Temple,2426,Navy,Bovada,10,7.5,52.5,52.5,240,-290
401762484,2025,regular,7,2025-10-11 20:00:00+00:00,218,Temple,2426,Navy,ESPN Bet,10.5,8.5,52.5,53.5,280,-360
401767752,2025,regular,7,2025-10-11 17:00:00+00:00,2184,Duquesne,2598,St. Francis (PA),ESPN Bet,-14.5,,48.5,,,
401767511,2025,regular,7,2025-10-11 19:30:00+00:00,2449,North Dakota State,79,Southern Illinois,ESPN Bet,-20,,58.5,,,
401762472,2025,regular,5,2025-09-27 23:00:00+00:00,2226,Florida Atlantic,235,Memphis,DraftKings,14,14,62.5,,425,-575
401762472,2025,regular,5,2025-09-27 23:00:00+00:00,2226,Florida Atlantic,235,Memphis,Bovada,14,13.5,63,61.5,410,-585
401762472,2025,regular,5,2025-09-27 23:00:00+00:00,2226,Florida Atlantic,235,Memphis,ESPN Bet,13.5,13.5,62.5,61.5,450,-700
401767268,2025,regular,5,2025-09-27 17:00:00+00:00,160,New Hampshire,399,UAlbany,ESPN Bet,-13,,44.5,,,
401767593,2025,regular,2,2025-09-06 22:00:00+00:00,2747,Wofford,257,Richmond,ESPN Bet,6.5,,40.5,,,
401767120,2025,regular,3,2025-09-13 18:00:00+00:00,233,South Dakota,2458,Northern Colorado,ESPN Bet,-21.5,,50.5,,,
401762489,2025,regular,8,2025-10-18 19:30:00+00:00,2429,Charlotte,218,Temple,DraftKings,10,12.5,47.5,,310,-395
401762489,2025,regular,8,2025-10-18 19:30:00+00:00,2429,Charlotte,218,Temple,Bovada,9.5,11,48,47.5,325,-435
401762489,2025,regular,8,2025-10-18 19:30:00+00:00,2429,Charlotte,218,Temple,ESPN Bet,9.5,11.5,46.5,46.5,320,-425
401762482,2025,regular,7,2025-10-11 22:00:00+00:00,2226,Florida Atlantic,5,UAB,DraftKings,-4.5,-4.5,66.5,,-205,170
401762482,2025,regular,7,2025-10-11 22:00:00+00:00,2226,Florida Atlantic,5,UAB,Bovada,-4.5,-5.5,66,69.5,-200,170
401762482,2025,regular,7,2025-10-11 22:00:00+00:00,2226,Florida Atlantic,5,UAB,ESPN Bet,-5.5,-4.5,65.5,69.5,-195,165
401767274,2025,regular,7,2025-10-11 17:00:00+00:00,2448,North Carolina A&T,2569,South Carolina State,ESPN Bet,9.5,,58.5,,,
401754544,2025,regular,5,2025-09-27 19:30:00+00:00,103,Boston College,25,California,DraftKings,-6,-4.5,54.5,,-230,190
401754544,2025,regular,5,2025-09-27 19:30:00+00:00,103,Boston College,25,California,Bovada,-6,-6,53.5,52,-225,185
401754544,2025,regular,5,2025-09-27 19:30:00+00:00,103,Boston College,25,California,ESPN Bet,-6.5,-6.5,54.5,51.5,-200,170
401767342,2025,regular,4,2025-09-20 17:00:00+00:00,2598,St. Francis (PA),2169,Delaware State,ESPN Bet,7.5,,47.5,,,
401767758,2025,regular,5,2025-09-27 17:00:00+00:00,284,Stonehill,2341,Long Island University,ESPN Bet,6,,46.5,,,
401767615,2025,regular,6,2025-10-04 17:00:00+00:00,2413,Morehead State,2168,Dayton,ESPN Bet,9.5,,46.5,,,
401767133,2025,regular,7,2025-10-12 00:00:00+00:00,2692,Weber State,16,Sacramento State,ESPN Bet,8.5,,55.5,,,
401767236,2025,regular,7,2025-10-11 19:00:00+00:00,2630,UT Martin,2710,Western Illinois,ESPN Bet,-14.5,,62.5,,,
401767149,2025,regular,2,2025-09-06 22:00:00+00:00,2210,Elon,2166,Davidson,ESPN Bet,-27.5,,59.5,,,
401767106,2025,regular,3,2025-09-13 19:00:00+00:00,147,Montana State,301,San Diego,ESPN Bet,-31,,52.5,,,
401767574,2025,regular,4,2025-09-20 18:00:00+00:00,2643,The Citadel,2382,Mercer,ESPN Bet,2.5,,42.5,,,
401767604,2025,regular,6,2025-10-04 17:00:00+00:00,56,Stetson,2166,Davidson,ESPN Bet,6.5,,61.5,,,
401752741,2025,regular,8,2025-10-18 20:15:00+00:00,57,Florida,344,Mississippi State,DraftKings,-9.5,-9.5,50.5,,-360,285
401752741,2025,regular,8,2025-10-18 20:15:00+00:00,57,Florida,344,Mississippi State,Bovada,-9.5,-10,51,52.5,-390,295
401752741,2025,regular,8,2025-10-18 20:15:00+00:00,57,Florida,344,Mississippi State,ESPN Bet,-9.5,-9.5,51.5,52.5,-360,280
401761624,2025,regular,7,2025-10-11 19:30:00+00:00,2247,Georgia State,2026,App State,DraftKings,3,4.5,55.5,,130,-155
401761624,2025,regular,7,2025-10-11 19:30:00+00:00,2247,Georgia State,2026,App State,Bovada,3,3,55.5,55,130,-150
401761624,2025,regular,7,2025-10-11 19:30:00+00:00,2247,Georgia State,2026,App State,ESPN Bet,2.5,3.5,55.5,56.5,130,-150
401767560,2025,regular,7,2025-10-11 19:30:00+00:00,2193,East Tennessee State,2678,VMI,ESPN Bet,-16.5,,55.5,,,
401767699,2025,regular,7,2025-10-11 17:30:00+00:00,159,Dartmouth,43,Yale,ESPN Bet,-2.5,,53.5,,,
401761633,2025,regular,8,2025-10-18 19:00:00+00:00,2433,UL Monroe,2653,Troy,DraftKings,4.5,4.5,45.5,,170,-205
401761633,2025,regular,8,2025-10-18 19:00:00+00:00,2433,UL Monroe,2653,Troy,Bovada,4.5,5.5,46,46.5,190,-230
401761633,2025,regular,8,2025-10-18 19:00:00+00:00,2433,UL Monroe,2653,Troy,ESPN Bet,5.5,5.5,45.5,46.5,170,-200
401760380,2025,regular,5,2025-09-27 19:30:00+00:00,2459,Northern Illinois,21,San Diego State,DraftKings,1.5,2.5,41.5,,105,-125
401760380,2025,regular,5,2025-09-27 19:30:00+00:00,2459,Northern Illinois,21,San Diego State,Bovada,2,3,42,43,125,-145
401760380,2025,regular,5,2025-09-27 19:30:00+00:00,2459,Northern Illinois,21,San Diego State,ESPN Bet,1.5,2.5,42.5,42.5,115,-135
401767636,2025,regular,5,2025-09-27 17:00:00+00:00,2506,Presbyterian,2413,Morehead State,ESPN Bet,-23.5,,54.5,,,
401761632,2025,regular,8,2025-10-18 19:30:00+00:00,276,Marshall,326,Texas State,DraftKings,3,5.5,65.5,,130,-155
401761632,2025,regular,8,2025-10-18 19:30:00+00:00,276,Marshall,326,Texas State,Bovada,3,4,66,65,130,-150
401761632,2025,regular,8,2025-10-18 19:30:00+00:00,276,Marshall,326,Texas State,ESPN Bet,2.5,3.5,65.5,64.5,125,-145
401767238,2025,regular,2,2025-09-07 00:00:00+00:00,2000,Abilene Christian,2617,Stephen F. Austin,ESPN Bet,2.5,,51.5,,,
401767150,2025,regular,3,2025-09-13 18:30:00+00:00,2717,Western Carolina,2210,Elon,ESPN Bet,2.5,,59.5,,,
401767541,2025,regular,4,2025-09-20 18:00:00+00:00,233,South Dakota,2181,Drake,ESPN Bet,-17,,46.5,,,
401752849,2025,regular,5,2025-09-27 16:00:00+00:00,135,Minnesota,164,Rutgers,ESPN Bet,-3.5,-3.5,51.5,,-175,150
401752849,2025,regular,5,2025-09-27 16:00:00+00:00,135,Minnesota,164,Rutgers,DraftKings,-3.5,-4.5,51.5,,-175,145
401752849,2025,regular,5,2025-09-27 16:00:00+00:00,135,Minnesota,164,Rutgers,Bovada,-4,-5.5,51.5,51.5,-220,180
401767032,2025,regular,5,2025-09-27 17:00:00+00:00,2803,Bryant,119,Towson,ESPN Bet,9.5,,54.5,,,
401752878,2025,regular,8,2025-10-18 19:30:00+00:00,84,Indiana,127,Michigan State,DraftKings,-26.5,-25.5,49.5,,-3600,1500
401752878,2025,regular,8,2025-10-18 19:30:00+00:00,84,Indiana,127,Michigan State,Bovada,-26.5,-26.5,49.5,52.5,-5000,1300
401752878,2025,regular,8,2025-10-18 19:30:00+00:00,84,Indiana,127,Michigan State,ESPN Bet,-26.5,-26.5,49.5,53.5,,
401767763,2025,regular,6,2025-10-04 17:00:00+00:00,2771,Merrimack,2523,Robert Morris,ESPN Bet,-8,,44.5,,,
401752866,2025,regular,7,2025-10-11 19:30:00+00:00,213,Penn State,77,Northwestern,DraftKings,-20.5,-21.5,46.5,,-1350,800
401752866,2025,regular,7,2025-10-11 19:30:00+00:00,213,Penn State,77,Northwestern,Bovada,-20.5,-22.5,46.5,48.5,-1600,800
401752866,2025,regular,7,2025-10-11 19:30:00+00:00,213,Penn State,77,Northwestern,ESPN Bet,-20.5,-21.5,46.5,48.5,-1600,800
401767407,2025,regular,7,2025-10-11 17:30:00+00:00,2747,Wofford,2450,Norfolk State,ESPN Bet,-7.5,,44.5,,,
401767363,2025,regular,7,2025-10-11 19:30:00+00:00,2296,Jackson State,2011,Alabama State,ESPN Bet,-8.5,,56.5,,,
401752876,2025,regular,8,2025-10-18 22:30:00+00:00,164,Rutgers,2483,Oregon,DraftKings,17.5,16.5,62.5,,650,-1000
401752876,2025,regular,8,2025-10-18 22:30:00+00:00,164,Rutgers,2483,Oregon,Bovada,17.5,15.5,62,59,525,-800
401752876,2025,regular,8,2025-10-18 22:30:00+00:00,164,Rutgers,2483,Oregon,ESPN Bet,18.5,15.5,61.5,58.5,600,-1000
401767173,2025,regular,3,2025-09-13 19:00:00+00:00,2197,Eastern Illinois,2287,Illinois State,ESPN Bet,20.5,,50.5,,,
401757282,2025,regular,8,2025-10-14 23:00:00+00:00,2335,Liberty,166,New Mexico State,DraftKings,-10.5,-9.5,48.5,,-440,340
401757282,2025,regular,8,2025-10-14 23:00:00+00:00,2335,Liberty,166,New Mexico State,ESPN Bet,-11.5,-10.5,48.5,48.5,-425,320
401757282,2025,regular,8,2025-10-14 23:00:00+00:00,2335,Liberty,166,New Mexico State,Bovada,-10.5,-10.5,47.5,46.5,-400,320
401762839,2025,regular,8,2025-10-18 16:00:00+00:00,189,Bowling Green,2117,Central Michigan,DraftKings,-3,-5.5,43.5,,-155,130
401762839,2025,regular,8,2025-10-18 16:00:00+00:00,189,Bowling Green,2117,Central Michigan,Bovada,-3,-6,43.5,43.5,-225,185
401762839,2025,regular,8,2025-10-18 16:00:00+00:00,189,Bowling Green,2117,Central Michigan,ESPN Bet,-3.5,-6.5,44.5,43.5,-155,135
401767613,2025,regular,4,2025-09-20 18:00:00+00:00,2523,Robert Morris,2168,Dayton,ESPN Bet,-2.5,,41.5,,,
401767189,2025,regular,2,2025-09-06 22:00:00+00:00,2729,William & Mary,311,Maine,ESPN Bet,-7,,48.5,,,
401754546,2025,regular,5,2025-09-27 16:00:00+00:00,154,Wake Forest,59,Georgia Tech,DraftKings,13.5,17,53.5,,410,-550
401754546,2025,regular,5,2025-09-27 16:00:00+00:00,154,Wake Forest,59,Georgia Tech,Bovada,13,15.5,53,54,460,-675
401754546,2025,regular,5,2025-09-27 16:00:00+00:00,154,Wake Forest,59,Georgia Tech,ESPN Bet,11.5,14.5,53.5,53.5,400,-600
401762838,2025,regular,8,2025-10-18 19:30:00+00:00,2050,Ball State,2006,Akron,DraftKings,2.5,-1.5,44.5,,105,-125
401762838,2025,regular,8,2025-10-18 19:30:00+00:00,2050,Ball State,2006,Akron,Bovada,2,-1.5,44,43.5,-115,-105
401762838,2025,regular,8,2025-10-18 19:30:00+00:00,2050,Ball State,2006,Akron,ESPN Bet,-1.5,-1.5,43.5,43.5,105,-125
401757170,2025,regular,5,2025-09-27 19:30:00+00:00,2084,Buffalo,41,UConn,DraftKings,3,2.5,51.5,,130,-155
401757170,2025,regular,5,2025-09-27 19:30:00+00:00,2084,Buffalo,41,UConn,Bovada,3,3,51,51.5,120,-140
401757170,2025,regular,5,2025-09-27 19:30:00+00:00,2084,Buffalo,41,UConn,ESPN Bet,2.5,2.5,51.5,51.5,125,-145
401767673,2025,regular,5,2025-09-27 17:00:00+00:00,2230,Fordham,107,Holy Cross,ESPN Bet,14.5,,45.5,,,
401767594,2025,regular,5,2025-09-27 17:00:00+00:00,2086,Butler,2368,Marist,ESPN Bet,-6.5,,47.5,,,
401767698,2025,regular,6,2025-10-04 17:00:00+00:00,219,Pennsylvania,159,Dartmouth,ESPN Bet,3,,56.5,,,
401754560,2025,regular,7,2025-10-11 19:30:00+00:00,59,Georgia Tech,259,Virginia Tech,DraftKings,-14,-14.5,55.5,,-600,440
401754560,2025,regular,7,2025-10-11 19:30:00+00:00,59,Georgia Tech,259,Virginia Tech,Bovada,-14,-14.5,55.5,55.5,-675,460
401754560,2025,regular,7,2025-10-11 19:30:00+00:00,59,Georgia Tech,259,Virginia Tech,ESPN Bet,-14.5,-14.5,55.5,55.5,-600,400
401767154,2025,regular,7,2025-10-11 18:00:00+00:00,2210,Elon,222,Villanova,ESPN Bet,6.5,,50.5,,,
401767079,2025,regular,7,2025-10-11 20:00:00+00:00,149,Montana,13,Cal Poly,ESPN Bet,-17.5,,63.5,,,
401767105,2025,regular,2,2025-09-07 00:00:00+00:00,147,Montana State,2571,South Dakota State,ESPN Bet,3,,50.5,,,
401767098,2025,regular,3,2025-09-13 19:00:00+00:00,149,Montana,155,North Dakota,ESPN Bet,-1.5,,54.5,,,
401752863,2025,regular,7,2025-10-11 16:00:00+00:00,127,Michigan State,26,UCLA,DraftKings,-7,-8.5,51.5,,-270,220
401752863,2025,regular,7,2025-10-11 16:00:00+00:00,127,Michigan State,26,UCLA,Bovada,-7,-7.5,52,55.5,-290,240
401752863,2025,regular,7,2025-10-11 16:00:00+00:00,127,Michigan State,26,UCLA,ESPN Bet,-6.5,-7.5,51.5,55.5,-260,215
401767242,2025,regular,7,2025-10-11 18:00:00+00:00,2698,West Georgia,2000,Abilene Christian,ESPN Bet,-1.5,,53.5,,,
401767504,2025,regular,7,2025-10-11 20:00:00+00:00,155,North Dakota,2754,Youngstown State,ESPN Bet,-9,,63.5,,,
401767107,2025,regular,4,2025-09-20 19:00:00+00:00,147,Montana State,2385,Mercyhurst,ESPN Bet,-29.5,,60.5,,,
401752874,2025,regular,8,2025-10-18 19:00:00+00:00,77,Northwestern,2509,Purdue,DraftKings,-3,-3,47.5,,-162,136
401752874,2025,regular,8,2025-10-18 19:00:00+00:00,77,Northwestern,2509,Purdue,Bovada,-3.5,-3.5,47,48.5,-165,140
401752874,2025,regular,8,2025-10-18 19:00:00+00:00,77,Northwestern,2509,Purdue,ESPN Bet,-3.5,-3.5,46.5,48.5,-155,135
401754568,2025,regular,8,2025-10-18 23:30:00+00:00,183,Syracuse,221,Pittsburgh,DraftKings,9.5,10.5,54.5,,280,-355
401754568,2025,regular,8,2025-10-18 23:30:00+00:00,183,Syracuse,221,Pittsburgh,Bovada,9.5,11.5,54.5,57,330,-440
401754568,2025,regular,8,2025-10-18 23:30:00+00:00,183,Syracuse,221,Pittsburgh,ESPN Bet,8.5,11.5,54.5,56.5,300,-400
401754545,2025,regular,5,2025-09-27 16:00:00+00:00,183,Syracuse,150,Duke,DraftKings,4,6.5,59.5,,160,-192
401754545,2025,regular,5,2025-09-27 16:00:00+00:00,183,Syracuse,150,Duke,Bovada,4.5,5.5,59.5,59,180,-220
401754545,2025,regular,5,2025-09-27 16:00:00+00:00,183,Syracuse,150,Duke,ESPN Bet,3.5,5.5,59.5,58.5,165,-195
401767510,2025,regular,5,2025-09-27 18:00:00+00:00,2449,North Dakota State,233,South Dakota,ESPN Bet,-25.5,,50.5,,,
401767621,2025,regular,6,2025-10-04 17:00:00+00:00,2181,Drake,2674,Valparaiso,ESPN Bet,-25,,47.5,,,
401767317,2025,regular,2,2025-09-06 22:00:00+00:00,2619,Stony Brook,227,Rhode Island,ESPN Bet,7,,47.5,,,
401767141,2025,regular,3,2025-09-13 19:30:00+00:00,2097,Campbell,231,Furman,ESPN Bet,1.5,,53.5,,,
401754547,2025,regular,5,2025-09-27 16:00:00+00:00,221,Pittsburgh,97,Louisville,DraftKings,3,5.5,53.5,,130,-155
401754547,2025,regular,5,2025-09-27 16:00:00+00:00,221,Pittsburgh,97,Louisville,Bovada,3,3.5,54,56.5,140,-165
401754547,2025,regular,5,2025-09-27 16:00:00+00:00,221,Pittsburgh,97,Louisville,ESPN Bet,3.5,3.5,52.5,55.5,140,-165
401767249,2025,regular,5,2025-09-27 18:00:00+00:00,2046,Austin Peay,3101,Utah Tech,ESPN Bet,-14,,46.5,,,
401767757,2025,regular,6,2025-10-04 17:00:00+00:00,2385,Mercyhurst,2341,Long Island University,ESPN Bet,-3.5,,50.5,,,
401767099,2025,regular,4,2025-09-20 19:00:00+00:00,149,Montana,282,Indiana State,ESPN Bet,-21,,56.5,,,
401762835,2025,regular,7,2025-10-11 16:00:00+00:00,189,Bowling Green,2649,Toledo,DraftKings,10.5,7,45.5,,320,-410
401762835,2025,regular,7,2025-10-11 16:00:00+00:00,189,Bowling Green,2649,Toledo,Bovada,11,8.5,46,49.5,275,-350
401762835,2025,regular,7,2025-10-11 16:00:00+00:00,189,Bowling Green,2649,Toledo,ESPN Bet,10.5,9.5,45.5,49.5,320,-425
401767143,2025,regular,7,2025-10-11 18:00:00+00:00,2261,Hampton,2097,Campbell,ESPN Bet,3.5,,56.5,,,
401767165,2025,regular,7,2025-10-11 20:00:00+00:00,2127,Charleston Southern,2635,Tennessee Tech,ESPN Bet,30.5,,53.5,,,
401760394,2025,regular,8,2025-10-18 23:00:00+00:00,36,Colorado State,62,Hawai'i,DraftKings,-2.5,1.5,53.5,,-135,114
401760394,2025,regular,8,2025-10-18 23:00:00+00:00,36,Colorado State,62,Hawai'i,Bovada,-3,0,53.5,53.5,-120,100
401760394,2025,regular,8,2025-10-18 23:00:00+00:00,36,Colorado State,62,Hawai'i,ESPN Bet,-2.5,1.5,53.5,54.5,-130,110
401761628,2025,regular,8,2025-10-14 23:30:00+00:00,6,South Alabama,2032,Arkansas State,DraftKings,-8.5,-6,57.5,,-325,260
401761628,2025,regular,8,2025-10-14 23:30:00+00:00,6,South Alabama,2032,Arkansas State,ESPN Bet,-8.5,-7.5,57.5,58.5,-300,250
401761628,2025,regular,8,2025-10-14 23:30:00+00:00,6,South Alabama,2032,Arkansas State,Bovada,-8.5,-7.5,57,60.5,-290,240
401767292,2025,regular,2,2025-09-07 01:00:00+00:00,301,San Diego,253,Southern Utah,ESPN Bet,20.5,,53.5,,,
401767322,2025,regular,3,2025-09-13 19:30:00+00:00,2619,Stony Brook,2230,Fordham,ESPN Bet,-4,,54.5,,,
401767286,2025,regular,4,2025-09-20 17:00:00+00:00,2287,Illinois State,2453,North Alabama,ESPN Bet,-17,,58.5,,,
401767352,2025,regular,5,2025-09-27 18:00:00+00:00,257,Richmond,47,Howard,ESPN Bet,-16,,43.5,,,
401754548,2025,regular,5,2025-09-27 23:00:00+00:00,152,NC State,259,Virginia Tech,DraftKings,-10,-7.5,57.5,,-360,285
401754548,2025,regular,5,2025-09-27 23:00:00+00:00,152,NC State,259,Virginia Tech,Bovada,-10,-10.5,57.5,57,-410,305
401754548,2025,regular,5,2025-09-27 23:00:00+00:00,152,NC State,259,Virginia Tech,ESPN Bet,-10.5,-10.5,56.5,58.5,-380,290
401767259,2025,regular,6,2025-10-04 17:00:00+00:00,2405,Monmouth,2169,Delaware State,ESPN Bet,-21.5,,76.5,,,
401761623,2025,regular,7,2025-10-11 23:00:00+00:00,324,Coastal Carolina,2433,UL Monroe,DraftKings,3,2.5,46.5,,124,-148
401761623,2025,regular,7,2025-10-11 23:00:00+00:00,324,Coastal Carolina,2433,UL Monroe,Bovada,3,2.5,46.5,44.5,110,-130
401761623,2025,regular,7,2025-10-11 23:00:00+00:00,324,Coastal Carolina,2433,UL Monroe,ESPN Bet,2.5,2.5,45.5,43.5,130,-150
401767260,2025,regular,7,2025-10-11 18:00:00+00:00,119,Towson,2405,Monmouth,ESPN Bet,7,,75.5,,,
401767220,2025,regular,7,2025-10-11 20:00:00+00:00,2546,Southeast Missouri State,2634,Tennessee State,ESPN Bet,-16.5,,50.5,,,
401756925,2025,regular,8,2025-10-18 16:00:00+00:00,248,Houston,12,Arizona,DraftKings,1.5,-2.5,47.5,,100,-120
401756925,2025,regular,8,2025-10-18 16:00:00+00:00,248,Houston,12,Arizona,Bovada,2,-2,47,47,-130,110
401756925,2025,regular,8,2025-10-18 16:00:00+00:00,248,Houston,12,Arizona,ESPN Bet,2.5,-1.5,47.5,46.5,110,-130
401767217,2025,regular,3,2025-09-13 19:30:00+00:00,2449,North Dakota State,2546,Southeast Missouri State,ESPN Bet,-31.5,,54.5,,,
401767502,2025,regular,4,2025-09-20 20:00:00+00:00,155,North Dakota,2674,Valparaiso,ESPN Bet,-44,,59.5,,,
401762833,2025,regular,7,2025-10-11 16:00:00+00:00,2006,Akron,193,Miami (OH),DraftKings,11.5,9.5,47.5,,350,-455
401762833,2025,regular,7,2025-10-11 16:00:00+00:00,2006,Akron,193,Miami (OH),ESPN Bet,11.5,9.5,47.5,,360,-500
401762833,2025,regular,7,2025-10-11 16:00:00+00:00,2006,Akron,193,Miami (OH),Bovada,12,10,47.5,45.5,290,-380
401767616,2025,regular,7,2025-10-11 18:00:00+00:00,2674,Valparaiso,2168,Dayton,ESPN Bet,15,,44.5,,,
401767287,2025,regular,7,2025-10-11 20:00:00+00:00,2453,North Alabama,2110,Central Arkansas,ESPN Bet,4,,59.5,,,
401752725,2025,regular,5,2025-09-27 16:45:00+00:00,238,Vanderbilt,328,Utah State,DraftKings,-23.5,-21.5,57.5,,-2100,1100
401752725,2025,regular,5,2025-09-27 16:45:00+00:00,238,Vanderbilt,328,Utah State,Bovada,-23,-22.5,57.5,59.5,-2000,950
401752725,2025,regular,5,2025-09-27 16:45:00+00:00,238,Vanderbilt,328,Utah State,ESPN Bet,-24.5,-22.5,58.5,59.5,-2000,1000
401760378,2025,regular,5,2025-09-27 20:00:00+00:00,2005,Air Force,62,Hawai'i,DraftKings,-7,-5.5,52.5,,-278,225
401760378,2025,regular,5,2025-09-27 20:00:00+00:00,2005,Air Force,62,Hawai'i,Bovada,-7,-4.5,52,54,-210,175
401760378,2025,regular,5,2025-09-27 20:00:00+00:00,2005,Air Force,62,Hawai'i,ESPN Bet,-6.5,-4.5,52.5,53.5,-250,210
401767152,2025,regular,5,2025-09-27 18:00:00+00:00,2210,Elon,2261,Hampton,ESPN Bet,-17.5,,55.5,,,
401767399,2025,regular,6,2025-10-04 17:00:00+00:00,46,Georgetown,2415,Morgan State,ESPN Bet,2.5,,47.5,,,
401757283,2025,regular,8,2025-10-15 23:00:00+00:00,55,Jacksonville State,48,Delaware,DraftKings,3,2.5,55.5,,130,-155
401757283,2025,regular,8,2025-10-15 23:00:00+00:00,55,Jacksonville State,48,Delaware,ESPN Bet,2.5,2.5,55.5,,130,-150
401757283,2025,regular,8,2025-10-15 23:00:00+00:00,55,Jacksonville State,48,Delaware,Bovada,3,1.5,56,57.5,105,-125
401757284,2025,regular,8,2025-10-15 23:00:00+00:00,2534,Sam Houston,2638,UTEP,DraftKings,3.5,-2.5,46.5,,145,-175
401757284,2025,regular,8,2025-10-15 23:00:00+00:00,2534,Sam Houston,2638,UTEP,ESPN Bet,3.5,-2.5,47.5,47.5,140,-165
401757284,2025,regular,8,2025-10-15 23:00:00+00:00,2534,Sam Houston,2638,UTEP,Bovada,3.5,2.5,46.5,47.5,115,-135
401762486,2025,regular,8,2025-10-16 23:30:00+00:00,151,East Carolina,202,Tulsa,DraftKings,-16.5,-15.5,54.5,,-750,525
401762486,2025,regular,8,2025-10-16 23:30:00+00:00,151,East Carolina,202,Tulsa,ESPN Bet,-16.5,-16.5,54.5,52.5,-900,550
401762486,2025,regular,8,2025-10-16 23:30:00+00:00,151,East Carolina,202,Tulsa,Bovada,-16.5,-16.5,55,54.5,-800,525
401756927,2025,regular,8,2025-10-18 16:00:00+00:00,2628,TCU,239,Baylor,DraftKings,-3.5,-3,66.5,,-162,136
401756927,2025,regular,8,2025-10-18 16:00:00+00:00,2628,TCU,239,Baylor,Bovada,-3.5,-3,66.5,66.5,-150,130
401756927,2025,regular,8,2025-10-18 16:00:00+00:00,2628,TCU,239,Baylor,ESPN Bet,-3.5,-3.5,67.5,66.5,-165,140
401767588,2025,regular,3,2025-09-13 19:30:00+00:00,2083,Bucknell,2678,VMI,ESPN Bet,-8.5,,53.5,,,
401756921,2025,regular,7,2025-10-11 23:30:00+00:00,2641,Texas Tech,2305,Kansas,DraftKings,-13.5,-14,58.5,,-600,440
401756921,2025,regular,7,2025-10-11 23:30:00+00:00,2641,Texas Tech,2305,Kansas,Bovada,-13.5,-14.5,58.5,60.5,-650,450
401756921,2025,regular,7,2025-10-11 23:30:00+00:00,2641,Texas Tech,2305,Kansas,ESPN Bet,-13.5,-14.5,58.5,60.5,-650,425
401767622,2025,regular,7,2025-10-11 21:00:00+00:00,301,San Diego,2181,Drake,ESPN Bet,-1.5,,,,,
401767182,2025,regular,4,2025-09-20 20:00:00+00:00,47,Howard,2261,Hampton,ESPN Bet,3,,46.5,,,
401752872,2025,regular,8,2025-10-18 00:00:00+00:00,135,Minnesota,158,Nebraska,DraftKings,7,5.5,47.5,,210,-258
401752872,2025,regular,8,2025-10-18 00:00:00+00:00,135,Minnesota,158,Nebraska,ESPN Bet,6.5,5.5,48.5,47.5,210,-250
401752872,2025,regular,8,2025-10-18 00:00:00+00:00,135,Minnesota,158,Nebraska,Bovada,7,6.5,47.5,48,200,-240
401767545,2025,regular,5,2025-09-27 19:00:00+00:00,2571,South Dakota State,2385,Mercyhurst,ESPN Bet,-32.5,,58.5,,,
401767233,2025,regular,6,2025-10-04 17:00:00+00:00,2635,Tennessee Tech,2710,Western Illinois,ESPN Bet,-35.5,,66.5,,,
401762491,2025,regular,8,2025-10-18 19:30:00+00:00,249,North Texas,2636,UTSA,DraftKings,-4,-5.5,64.5,,-192,160
401762491,2025,regular,8,2025-10-18 19:30:00+00:00,249,North Texas,2636,UTSA,Bovada,-4,-5.5,64,67.5,-220,180
401762491,2025,regular,8,2025-10-18 19:30:00+00:00,249,North Texas,2636,UTSA,ESPN Bet,-3.5,-5.5,63.5,67.5,-175,150
401767090,2025,regular,3,2025-09-13 20:00:00+00:00,70,Idaho,3101,Utah Tech,ESPN Bet,-16.5,,52.5,,,
401767272,2025,regular,4,2025-09-20 20:00:00+00:00,2448,North Carolina A&T,2428,North Carolina Central,ESPN Bet,13,,48.5,,,
401762836,2025,regular,7,2025-10-11 17:00:00+00:00,2199,Eastern Michigan,2459,Northern Illinois,DraftKings,1.5,-1.5,48.5,,-102,-118
401762836,2025,regular,7,2025-10-11 17:00:00+00:00,2199,Eastern Michigan,2459,Northern Illinois,Bovada,1.5,-1,48,48.5,100,-120
401762836,2025,regular,7,2025-10-11 17:00:00+00:00,2199,Eastern Michigan,2459,Northern Illinois,ESPN Bet,1.5,1.5,48.5,49.5,110,-120
401767122,2025,regular,7,2025-10-11 21:00:00+00:00,70,Idaho,2458,Northern Colorado,ESPN Bet,-18.5,,47.5,,,
401761668,2025,regular,8,2025-10-18 21:00:00+00:00,309,Louisiana,2572,Southern Miss,DraftKings,4.5,2.5,54.5,,164,-198
401761668,2025,regular,8,2025-10-18 21:00:00+00:00,309,Louisiana,2572,Southern Miss,Bovada,4,4,54.5,54.5,160,-185
401761668,2025,regular,8,2025-10-18 21:00:00+00:00,309,Louisiana,2572,Southern Miss,ESPN Bet,4.5,4.5,54.5,53.5,155,-185
401760379,2025,regular,5,2025-09-27 23:30:00+00:00,68,Boise State,2026,App State,DraftKings,-16.5,-17.5,59.5,,-900,600
401760379,2025,regular,5,2025-09-27 23:30:00+00:00,68,Boise State,2026,App State,Bovada,-16.5,-17.5,59.5,58.5,-850,550
401760379,2025,regular,5,2025-09-27 23:30:00+00:00,68,Boise State,2026,App State,ESPN Bet,-17.5,-16.5,59.5,61.5,-900,550
401767191,2025,regular,5,2025-09-27 19:30:00+00:00,311,Maine,2448,North Carolina A&T,ESPN Bet,-13.5,,48.5,,,
401767592,2025,regular,6,2025-10-04 17:30:00+00:00,2747,Wofford,2717,Western Carolina,ESPN Bet,10.5,,53.5,,,
401754371,2025,regular,8,2025-10-18 02:30:00+00:00,25,California,153,North Carolina,DraftKings,-7.5,-12.5,45.5,,-340,270
401754371,2025,regular,8,2025-10-18 02:30:00+00:00,25,California,153,North Carolina,Bovada,-7.5,-11.5,46.5,47.5,-415,310
401754371,2025,regular,8,2025-10-18 02:30:00+00:00,25,California,153,North Carolina,ESPN Bet,-8.5,-12.5,47.5,46.5,-320,260
401767161,2025,regular,3,2025-09-13 20:00:00+00:00,2127,Charleston Southern,2815,Lindenwood,ESPN Bet,2.5,,47.5,,,
401767679,2025,regular,4,2025-09-19 22:00:00+00:00,322,Lafayette,171,Columbia,ESPN Bet,-3.5,,54.5,,,
401767405,2025,regular,4,2025-09-20 20:00:00+00:00,2450,Norfolk State,2529,Sacred Heart,ESPN Bet,-1,,47.5,,,
401752733,2025,regular,7,2025-10-11 16:45:00+00:00,145,Ole Miss,265,Washington State,DraftKings,-33.5,-32.5,58.5,,,
401752733,2025,regular,7,2025-10-11 16:45:00+00:00,145,Ole Miss,265,Washington State,Bovada,-33,-32.5,58.5,59,,
401752733,2025,regular,7,2025-10-11 16:45:00+00:00,145,Ole Miss,265,Washington State,ESPN Bet,-32.5,-32.5,58.5,59.5,,
401762488,2025,regular,8,2025-10-18 16:00:00+00:00,2655,Tulane,349,Army,DraftKings,-10,-10.5,44.5,,-360,285
401762488,2025,regular,8,2025-10-18 16:00:00+00:00,2655,Tulane,349,Army,Bovada,-9.5,-10.5,44.5,46.5,-415,310
401762488,2025,regular,8,2025-10-18 16:00:00+00:00,2655,Tulane,349,Army,ESPN Bet,-10.5,-10.5,44.5,46.5,-360,280
401762826,2025,regular,5,2025-09-27 17:00:00+00:00,2117,Central Michigan,2199,Eastern Michigan,DraftKings,-3,-4.5,55.5,,-162,136
401762826,2025,regular,5,2025-09-27 17:00:00+00:00,2117,Central Michigan,2199,Eastern Michigan,Bovada,-3,-6,54.5,54,-220,180
401762826,2025,regular,5,2025-09-27 17:00:00+00:00,2117,Central Michigan,2199,Eastern Michigan,ESPN Bet,-3.5,-5.5,55.5,54.5,-145,125
401767311,2025,regular,5,2025-09-27 19:00:00+00:00,2065,Bethune-Cookman,2010,Alabama A&M,ESPN Bet,4.5,,58.5,,,
401767531,2025,regular,6,2025-10-04 17:30:00+00:00,2678,VMI,236,Chattanooga,ESPN Bet,8,,52.5,,,
401767225,2025,regular,3,2025-09-13 20:30:00+00:00,2634,Tennessee State,2010,Alabama A&M,ESPN Bet,1,,55.5,,,
401752877,2025,regular,8,2025-10-18 19:30:00+00:00,275,Wisconsin,194,Ohio State,DraftKings,24.5,28.5,41.5,,1300,-2800
401752877,2025,regular,8,2025-10-18 19:30:00+00:00,275,Wisconsin,194,Ohio State,Bovada,24.5,27,41,42,1300,-6500
401752877,2025,regular,8,2025-10-18 19:30:00+00:00,275,Wisconsin,194,Ohio State,ESPN Bet,24.5,26.5,41.5,40.5,,
401757281,2025,regular,8,2025-10-15 00:00:00+00:00,98,Western Kentucky,2229,Florida International,ESPN Bet,-9.5,-8.5,55.5,55.5,-380,290
401757281,2025,regular,8,2025-10-15 00:00:00+00:00,98,Western Kentucky,2229,Florida International,DraftKings,-10,-8.5,55.5,,-375,295
401757281,2025,regular,8,2025-10-15 00:00:00+00:00,98,Western Kentucky,2229,Florida International,Bovada,-10,-8.5,55.5,57.5,-300,250
401767589,2025,regular,4,2025-09-20 18:00:00+00:00,257,Richmond,2678,VMI,ESPN Bet,-17,,42.5,,,
401756918,2025,regular,7,2025-10-11 19:30:00+00:00,38,Colorado,66,Iowa State,DraftKings,3,4.5,52.5,,124,-148
401756918,2025,regular,7,2025-10-11 19:30:00+00:00,38,Colorado,66,Iowa State,Bovada,3,5,52.5,51.5,175,-210
401756918,2025,regular,7,2025-10-11 19:30:00+00:00,38,Colorado,66,Iowa State,ESPN Bet,2.5,4.5,52.5,53.5,130,-150
401752851,2025,regular,5,2025-09-27 19:30:00+00:00,77,Northwestern,26,UCLA,DraftKings,-6,-5.5,45.5,,-218,180
401752851,2025,regular,5,2025-09-27 19:30:00+00:00,77,Northwestern,26,UCLA,Bovada,-6,-6.5,46,46,-220,190
401752851,2025,regular,5,2025-09-27 19:30:00+00:00,77,Northwestern,26,UCLA,ESPN Bet,-6.5,-6.5,46.5,45.5,-200,170
401767082,2025,regular,5,2025-09-27 19:00:00+00:00,2458,Northern Colorado,304,Idaho State,ESPN Bet,3.5,,54.5,,,
401767164,2025,regular,6,2025-10-04 17:30:00+00:00,2241,Gardner-Webb,2127,Charleston Southern,ESPN Bet,-13.5,,51.5,,,
401767060,2025,regular,3,2025-09-13 21:00:00+00:00,2460,Northern Iowa,331,Eastern Washington,ESPN Bet,-4.5,,54.5,,,
401767033,2025,regular,6,2025-10-04 18:00:00+00:00,2803,Bryant,311,Maine,ESPN Bet,-2.5,,49.5,,,
401767114,2025,regular,4,2025-09-20 21:00:00+00:00,2464,Northern Arizona,2916,Incarnate Word,ESPN Bet,-5.5,,54.5,,,
401756905,2025,regular,5,2025-09-27 16:00:00+00:00,2305,Kansas,2132,Cincinnati,DraftKings,-5.5,-6,55.5,,-218,180
401756905,2025,regular,5,2025-09-27 16:00:00+00:00,2305,Kansas,2132,Cincinnati,Bovada,-5.5,-6,56,55.5,-225,185
401756905,2025,regular,5,2025-09-27 16:00:00+00:00,2305,Kansas,2132,Cincinnati,ESPN Bet,-4.5,-5.5,57.5,54.5,-200,170
401769866,2025,regular,5,2025-09-27 19:30:00+00:00,322,Lafayette,163,Princeton,ESPN Bet,-7,,60.5,,,
401762834,2025,regular,7,2025-10-11 19:30:00+00:00,2711,Western Michigan,2050,Ball State,DraftKings,-9.5,-10,43.5,,-340,270
401762834,2025,regular,7,2025-10-11 19:30:00+00:00,2711,Western Michigan,2050,Ball State,Bovada,-9.5,-9.5,43,43,-350,275
401762834,2025,regular,7,2025-10-11 19:30:00+00:00,2711,Western Michigan,2050,Ball State,ESPN Bet,-9.5,-9.5,42.5,43.5,-360,280
401762487,2025,regular,8,2025-10-18 20:00:00+00:00,5,UAB,235,Memphis,DraftKings,23.5,21.5,59.5,,1100,-2100
401762487,2025,regular,8,2025-10-18 20:00:00+00:00,5,UAB,235,Memphis,Bovada,23.5,21.5,59.5,64.5,850,-1800
401762487,2025,regular,8,2025-10-18 20:00:00+00:00,5,UAB,235,Memphis,ESPN Bet,23.5,21.5,59.5,64.5,1200,-3000
401767190,2025,regular,3,2025-09-13 22:00:00+00:00,311,Maine,284,Stonehill,ESPN Bet,-21,,51.5,,,
401762473,2025,regular,5,2025-09-27 19:30:00+00:00,2426,Navy,242,Rice,DraftKings,-14,-14,45.5,,-600,440
401762473,2025,regular,5,2025-09-27 19:30:00+00:00,2426,Navy,242,Rice,Bovada,-14,-14.5,46,45.5,-625,430
401762473,2025,regular,5,2025-09-27 19:30:00+00:00,2426,Navy,242,Rice,ESPN Bet,-14.5,-14.5,45.5,45.5,-650,425
401767319,2025,regular,4,2025-09-20 22:00:00+00:00,227,Rhode Island,2341,Long Island University,ESPN Bet,-16.5,,45.5,,,
401767361,2025,regular,5,2025-09-27 19:00:00+00:00,50,Florida A&M,2011,Alabama State,ESPN Bet,4,,50.5,,,
401767211,2025,regular,6,2025-10-04 18:00:00+00:00,2815,Lindenwood,2630,UT Martin,ESPN Bet,1.5,,52.5,,,
401756926,2025,regular,8,2025-10-19 00:00:00+00:00,197,Oklahoma State,2132,Cincinnati,DraftKings,23.5,21.5,57.5,,1200,-2400
401756926,2025,regular,8,2025-10-19 00:00:00+00:00,197,Oklahoma State,2132,Cincinnati,Bovada,24,20.5,58,57,850,-1800
401756926,2025,regular,8,2025-10-19 00:00:00+00:00,197,Oklahoma State,2132,Cincinnati,ESPN Bet,23.5,20.5,57.5,58.5,1200,-3000
401756916,2025,regular,7,2025-10-12 00:00:00+00:00,12,Arizona,252,BYU,DraftKings,2.5,3,46.5,,120,-142
401756916,2025,regular,7,2025-10-12 00:00:00+00:00,12,Arizona,252,BYU,Bovada,2.5,2.5,47,48.5,110,-130
401756916,2025,regular,7,2025-10-12 00:00:00+00:00,12,Arizona,252,BYU,ESPN Bet,2.5,2.5,46.5,47.5,120,-140
401767736,2025,regular,7,2025-10-11 16:00:00+00:00,171,Columbia,2329,Lehigh,ESPN Bet,12.5,,46.5,,,
401767529,2025,regular,3,2025-09-13 22:00:00+00:00,236,Chattanooga,56,Stetson,ESPN Bet,-27.5,,54.5,,,
401767580,2025,regular,4,2025-09-20 18:30:00+00:00,2717,Western Carolina,2535,Samford,ESPN Bet,-10.5,,58.5,,,
401760387,2025,regular,7,2025-10-12 01:45:00+00:00,68,Boise State,167,New Mexico,DraftKings,-14.5,-16.5,58.5,,-650,470
401760387,2025,regular,7,2025-10-12 01:45:00+00:00,68,Boise State,167,New Mexico,Bovada,-14.5,-16.5,58.5,59.5,-850,550
401760387,2025,regular,7,2025-10-12 01:45:00+00:00,68,Boise State,167,New Mexico,ESPN Bet,-15.5,-16.5,57.5,60.5,-750,475
401757274,2025,regular,5,2025-09-27 20:00:00+00:00,167,New Mexico,166,New Mexico State,DraftKings,-16.5,-10,53.5,,-750,525
401757274,2025,regular,5,2025-09-27 20:00:00+00:00,167,New Mexico,166,New Mexico State,Bovada,-16.5,-14,53.5,54.5,-575,400
401757274,2025,regular,5,2025-09-27 20:00:00+00:00,167,New Mexico,166,New Mexico State,ESPN Bet,-17.5,-13.5,53.5,54.5,-750,475
401767323,2025,regular,5,2025-09-27 19:30:00+00:00,2619,Stony Brook,2771,Merrimack,ESPN Bet,-7,,47.5,,,
401767595,2025,regular,6,2025-10-04 18:00:00+00:00,2900,St. Thomas (MN),2086,Butler,ESPN Bet,-6.5,,48.5,,,
401760392,2025,regular,8,2025-10-18 19:30:00+00:00,2005,Air Force,2751,Wyoming,DraftKings,-4,-6,56.5,,-180,150
401760392,2025,regular,8,2025-10-18 19:30:00+00:00,2005,Air Force,2751,Wyoming,Bovada,-4,-5,56.5,58.5,-220,180
401760392,2025,regular,8,2025-10-18 19:30:00+00:00,2005,Air Force,2751,Wyoming,ESPN Bet,-3.5,-5.5,56.5,58.5,-175,150
401767573,2025,regular,3,2025-09-13 22:00:00+00:00,2382,Mercer,2747,Wofford,ESPN Bet,-10.5,,42.5,,,
401767329,2025,regular,4,2025-09-20 22:00:00+00:00,119,Towson,2754,Youngstown State,ESPN Bet,3,,54.5,,,
401757269,2025,regular,5,2025-09-27 23:00:00+00:00,2572,Southern Miss,55,Jacksonville State,DraftKings,-4.5,-2.5,55.5,,-192,160
401757269,2025,regular,5,2025-09-27 23:00:00+00:00,2572,Southern Miss,55,Jacksonville State,Bovada,-4.5,-3.5,56,57,-185,160
401757269,2025,regular,5,2025-09-27 23:00:00+00:00,2572,Southern Miss,55,Jacksonville State,ESPN Bet,-5.5,-4.5,55.5,57.5,-195,165
401767337,2025,regular,5,2025-09-27 19:30:00+00:00,222,Villanova,2729,William & Mary,ESPN Bet,-6.5,,50.5,,,
401767690,2025,regular,6,2025-10-04 18:00:00+00:00,172,Cornell,2142,Colgate,ESPN Bet,1.5,,54.5,,,
401752951,2025,regular,8,2025-10-18 22:30:00+00:00,258,Virginia,265,Washington State,DraftKings,-16.5,-19.5,56.5,,-800,550
401752951,2025,regular,8,2025-10-18 22:30:00+00:00,258,Virginia,265,Washington State,Bovada,-16.5,-18,56.5,56.5,-1000,625
401752951,2025,regular,8,2025-10-18 22:30:00+00:00,258,Virginia,265,Washington State,ESPN Bet,-16.5,-16.5,56.5,57.5,-900,550
401754561,2025,regular,7,2025-10-11 16:00:00+00:00,2567,SMU,24,Stanford,DraftKings,-19.5,-18.5,55.5,,-1050,675
401754561,2025,regular,7,2025-10-11 16:00:00+00:00,2567,SMU,24,Stanford,Bovada,-19.5,-18,55.5,56.5,-1000,625
401754561,2025,regular,7,2025-10-11 16:00:00+00:00,2567,SMU,24,Stanford,ESPN Bet,-19.5,-17.5,55.5,56.5,-1200,700
401767300,2025,regular,3,2025-09-13 22:00:00+00:00,2698,West Georgia,2193,East Tennessee State,ESPN Bet,-5.5,,52.5,,,
401767278,2025,regular,4,2025-09-20 22:00:00+00:00,2698,West Georgia,2198,Eastern Kentucky,ESPN Bet,-10.5,,49.5,,,
401767566,2025,regular,5,2025-09-27 19:30:00+00:00,2535,Samford,231,Furman,ESPN Bet,7,,54.5,,,
401767559,2025,regular,6,2025-10-04 18:00:00+00:00,231,Furman,2193,East Tennessee State,ESPN Bet,-0.5,,54.5,,,
401761627,2025,regular,7,2025-10-12 00:00:00+00:00,326,Texas State,2653,Troy,DraftKings,-7.5,-10,53.5,,-298,240
401761627,2025,regular,7,2025-10-12 00:00:00+00:00,326,Texas State,2653,Troy,Bovada,-7.5,-10.5,53.5,53.5,-415,310
401761627,2025,regular,7,2025-10-12 00:00:00+00:00,326,Texas State,2653,Troy,ESPN Bet,-7.5,-10.5,53.5,54.5,-290,240
401752743,2025,regular,8,2025-10-18 23:00:00+00:00,96,Kentucky,251,Texas,DraftKings,12.5,13.5,45.5,,360,-470
401752743,2025,regular,8,2025-10-18 23:00:00+00:00,96,Kentucky,251,Texas,Bovada,12,12,45,43.5,345,-470
401752743,2025,regular,8,2025-10-18 23:00:00+00:00,96,Kentucky,251,Texas,ESPN Bet,13.5,12.5,45.5,43.5,400,-600
401767388,2025,regular,3,2025-09-13 22:00:00+00:00,2569,South Carolina State,2065,Bethune-Cookman,ESPN Bet,-18,,47.5,,,
401767664,2025,regular,4,2025-09-20 22:00:00+00:00,2083,Bucknell,2329,Lehigh,ESPN Bet,14,,54.5,,,
401762474,2025,regular,5,2025-09-27 20:00:00+00:00,202,Tulsa,2655,Tulane,DraftKings,14.5,14.5,52.5,,500,-700
401762474,2025,regular,5,2025-09-27 20:00:00+00:00,202,Tulsa,2655,Tulane,Bovada,14.5,13.5,52,55,390,-550
401762474,2025,regular,5,2025-09-27 20:00:00+00:00,202,Tulsa,2655,Tulane,ESPN Bet,14.5,13.5,52.5,53.5,475,-750
401767142,2025,regular,5,2025-09-27 19:30:00+00:00,2097,Campbell,2717,Western Carolina,ESPN Bet,6.5,,68.5,,,
401767727,2025,regular,6,2025-10-04 18:00:00+00:00,107,Holy Cross,108,Harvard,ESPN Bet,14,,48.5,,,
401756920,2025,regular,7,2025-10-11 16:00:00+00:00,197,Oklahoma State,248,Houston,DraftKings,14.5,14,47.5,,470,-650
401756920,2025,regular,7,2025-10-11 16:00:00+00:00,197,Oklahoma State,248,Houston,Bovada,14.5,13.5,48,47.5,410,-585
401756920,2025,regular,7,2025-10-11 16:00:00+00:00,197,Oklahoma State,248,Houston,ESPN Bet,14.5,14.5,47.5,46.5,475,-750
401754567,2025,regular,8,2025-10-19 02:30:00+00:00,24,Stanford,52,Florida State,DraftKings,17.5,16.5,55.5,,575,-850
401754567,2025,regular,8,2025-10-19 02:30:00+00:00,24,Stanford,52,Florida State,Bovada,17.5,17.5,55,54.5,625,-1000
401754567,2025,regular,8,2025-10-19 02:30:00+00:00,24,Stanford,52,Florida State,ESPN Bet,17.5,17.5,55.5,54.5,750,-1400
401767426,2025,regular,3,2025-09-13 23:00:00+00:00,2545,SE Louisiana,2400,Mississippi Valley State,ESPN Bet,-32.5,,51.5,,,
401767743,2025,regular,4,2025-09-20 22:00:00+00:00,2771,Merrimack,2115,Central Connecticut,ESPN Bet,-1.5,,42.5,,,
401760395,2025,regular,8,2025-10-19 01:45:00+00:00,167,New Mexico,2440,Nevada,DraftKings,-14,-10.5,49.5,,-550,410
401760395,2025,regular,8,2025-10-19 01:45:00+00:00,167,New Mexico,2440,Nevada,Bovada,-14,-10.5,49.5,48.5,-400,-400
401760395,2025,regular,8,2025-10-19 01:45:00+00:00,167,New Mexico,2440,Nevada,ESPN Bet,-14.5,-10.5,49.5,48.5,-650,425
401752722,2025,regular,5,2025-09-27 23:45:00+00:00,2579,South Carolina,96,Kentucky,DraftKings,-5.5,-6,46.5,,-218,180
401752722,2025,regular,5,2025-09-27 23:45:00+00:00,2579,South Carolina,96,Kentucky,Bovada,-5,-6.5,47,47,-225,185
401752722,2025,regular,5,2025-09-27 23:45:00+00:00,2579,South Carolina,96,Kentucky,ESPN Bet,-6.5,-6.5,46.5,47.5,-200,170
401767062,2025,regular,5,2025-09-27 20:00:00+00:00,147,Montana State,331,Eastern Washington,ESPN Bet,-21,,57.5,,,
401767175,2025,regular,6,2025-10-04 19:00:00+00:00,2197,Eastern Illinois,2634,Tennessee State,ESPN Bet,-5,,50.5,,,
401767202,2025,regular,3,2025-09-13 23:00:00+00:00,2241,Gardner-Webb,2643,The Citadel,ESPN Bet,-3.5,,54.5,,,
401767333,2025,regular,4,2025-09-20 23:00:00+00:00,399,UAlbany,172,Cornell,ESPN Bet,3,,50.5,,,
401761617,2025,regular,5,2025-09-27 16:00:00+00:00,249,North Texas,6,South Alabama,DraftKings,-13.5,-10.5,63.5,,-500,380
401761617,2025,regular,5,2025-09-27 16:00:00+00:00,249,North Texas,6,South Alabama,Bovada,-13,-13,63.5,63,-500,360
401761617,2025,regular,5,2025-09-27 16:00:00+00:00,249,North Texas,6,South Alabama,ESPN Bet,-11.5,-12.5,63.5,63.5,-500,360
401767645,2025,regular,5,2025-09-27 20:00:00+00:00,301,San Diego,2900,St. Thomas (MN),ESPN Bet,-1,,53.5,,,
401767241,2025,regular,6,2025-10-04 19:00:00+00:00,2000,Abilene Christian,2453,North Alabama,ESPN Bet,-11.5,,58.5,,,
401754563,2025,regular,7,2025-10-11 19:30:00+00:00,204,Oregon State,154,Wake Forest,DraftKings,1.5,2.5,47.5,,100,-120
401754563,2025,regular,7,2025-10-11 19:30:00+00:00,204,Oregon State,154,Wake Forest,Bovada,1.5,2.5,48,52.5,110,-130
401754563,2025,regular,7,2025-10-11 19:30:00+00:00,204,Oregon State,154,Wake Forest,ESPN Bet,1.5,2.5,47.5,52.5,110,-130
401767235,2025,regular,3,2025-09-13 23:00:00+00:00,2630,UT Martin,79,Southern Illinois,ESPN Bet,3,,52.5,,,
401767210,2025,regular,4,2025-09-20 23:00:00+00:00,2815,Lindenwood,2619,Stony Brook,ESPN Bet,3.5,,58.5,,,
401760386,2025,regular,7,2025-10-11 19:30:00+00:00,2439,UNLV,2005,Air Force,DraftKings,-7,-7,65.5,,-250,205
401760386,2025,regular,7,2025-10-11 19:30:00+00:00,2439,UNLV,2005,Air Force,Bovada,-7,-7,65.5,68.5,-270,220
401760386,2025,regular,7,2025-10-11 19:30:00+00:00,2439,UNLV,2005,Air Force,ESPN Bet,-7.5,-7.5,66.5,68.5,-240,200
401756907,2025,regular,5,2025-09-27 19:30:00+00:00,197,Oklahoma State,239,Baylor,DraftKings,21,17.5,58.5,,850,-1450
401756907,2025,regular,5,2025-09-27 19:30:00+00:00,197,Oklahoma State,239,Baylor,Bovada,21,20.5,59,59.5,775,-1500
401756907,2025,regular,5,2025-09-27 19:30:00+00:00,197,Oklahoma State,239,Baylor,ESPN Bet,21.5,20.5,58.5,59.5,1000,-2000
401767174,2025,regular,5,2025-09-27 20:00:00+00:00,2710,Western Illinois,2197,Eastern Illinois,ESPN Bet,-2.5,,62.5,,,
401767362,2025,regular,6,2025-10-04 19:00:00+00:00,2011,Alabama State,2065,Bethune-Cookman,ESPN Bet,-13,,57.5,,,
401762490,2025,regular,8,2025-10-18 23:30:00+00:00,58,South Florida,2226,Florida Atlantic,DraftKings,-20.5,-18.5,72.5,,-1450,850
401762490,2025,regular,8,2025-10-18 23:30:00+00:00,58,South Florida,2226,Florida Atlantic,Bovada,-20.5,-22.5,72.5,73,-1900,900
401762490,2025,regular,8,2025-10-18 23:30:00+00:00,58,South Florida,2226,Florida Atlantic,ESPN Bet,-20.5,-22.5,72.5,74.5,-1600,800
401767248,2025,regular,3,2025-09-13 23:00:00+00:00,2046,Austin Peay,2413,Morehead State,ESPN Bet,-25.5,,49.5,,,
401767031,2025,regular,4,2025-09-20 22:00:00+00:00,2097,Campbell,2803,Bryant,ESPN Bet,1.5,,51.5,,,
401754565,2025,regular,8,2025-10-18 19:30:00+00:00,228,Clemson,2567,SMU,DraftKings,-3.5,-11.5,49.5,,-180,150
401754565,2025,regular,8,2025-10-18 19:30:00+00:00,228,Clemson,2567,SMU,Bovada,-3.5,-10,50,55,-350,275
401754565,2025,regular,8,2025-10-18 19:30:00+00:00,228,Clemson,2567,SMU,ESPN Bet,-5.5,-9.5,49.5,54.5,-175,150
401756919,2025,regular,7,2025-10-11 19:30:00+00:00,2306,Kansas State,2628,TCU,DraftKings,3,2.5,54.5,,124,-148
401756919,2025,regular,7,2025-10-11 19:30:00+00:00,2306,Kansas State,2628,TCU,Bovada,3,1.5,54.5,57.5,100,-120
401756919,2025,regular,7,2025-10-11 19:30:00+00:00,2306,Kansas State,2628,TCU,ESPN Bet,2.5,1.5,54.5,57.5,120,-140
401761615,2025,regular,5,2025-09-28 00:00:00+00:00,309,Louisiana,276,Marshall,DraftKings,2.5,-3.5,47.5,,110,-130
401761615,2025,regular,5,2025-09-28 00:00:00+00:00,309,Louisiana,276,Marshall,Bovada,2.5,-2.5,48,46.5,-130,110
401761615,2025,regular,5,2025-09-28 00:00:00+00:00,309,Louisiana,276,Marshall,ESPN Bet,1.5,-2.5,48.5,46.5,115,-135
401767115,2025,regular,5,2025-09-27 21:00:00+00:00,2502,Portland State,2464,Northern Arizona,ESPN Bet,21,,54.5,,,
401767273,2025,regular,6,2025-10-04 19:30:00+00:00,2729,William & Mary,2448,North Carolina A&T,ESPN Bet,-20.5,,53.5,,,
401767544,2025,regular,3,2025-09-13 23:00:00+00:00,2571,South Dakota State,2181,Drake,ESPN Bet,-34,,47.5,,,
401767218,2025,regular,4,2025-09-20 23:00:00+00:00,2546,Southeast Missouri State,79,Southern Illinois,ESPN Bet,5.5,,54.5,,,
401761616,2025,regular,5,2025-09-27 19:00:00+00:00,2433,UL Monroe,2032,Arkansas State,DraftKings,-1.5,-1.5,55.5,,-115,-105
401761616,2025,regular,5,2025-09-27 19:00:00+00:00,2433,UL Monroe,2032,Arkansas State,Bovada,-1.5,-3,55.5,56.5,-175,150
401761616,2025,regular,5,2025-09-27 19:00:00+00:00,2433,UL Monroe,2032,Arkansas State,ESPN Bet,-1.5,-3.5,55.5,56.5,-115,-105
401767226,2025,regular,5,2025-09-27 20:30:00+00:00,2634,Tennessee State,2635,Tennessee Tech,ESPN Bet,31.5,,56.5,,,
401767324,2025,regular,6,2025-10-04 19:30:00+00:00,399,UAlbany,2619,Stony Brook,ESPN Bet,7,,48.5,,,
401762485,2025,regular,7,2025-10-11 23:30:00+00:00,2636,UTSA,242,Rice,DraftKings,-8.5,-10.5,48.5,,-340,270
401762485,2025,regular,7,2025-10-11 23:30:00+00:00,2636,UTSA,242,Rice,Bovada,-9.5,-13,48.5,49.5,-510,370
401762485,2025,regular,7,2025-10-11 23:30:00+00:00,2636,UTSA,242,Rice,ESPN Bet,-9.5,-12.5,48.5,49.5,-360,280
401767458,2025,regular,3,2025-09-13 23:00:00+00:00,2640,Texas Southern,2320,Lamar,ESPN Bet,9.5,,45.5,,,
401767433,2025,regular,4,2025-09-20 23:00:00+00:00,2504,Prairie View A&M,2466,Northwestern State,ESPN Bet,-10.5,,46.5,,,
401752721,2025,regular,5,2025-09-27 23:30:00+00:00,142,Missouri,113,Massachusetts,DraftKings,-44.5,-42.5,57.5,,,
401752721,2025,regular,5,2025-09-27 23:30:00+00:00,142,Missouri,113,Massachusetts,Bovada,-44.5,-42.5,57,55,,
401752721,2025,regular,5,2025-09-27 23:30:00+00:00,142,Missouri,113,Massachusetts,ESPN Bet,-44.5,-43.5,56.5,55.5,,
401767427,2025,regular,5,2025-09-27 21:00:00+00:00,2400,Mississippi Valley State,2640,Texas Southern,ESPN Bet,13.5,,47.5,,,
401767484,2025,regular,6,2025-10-04 20:00:00+00:00,2320,Lamar,2447,Nicholls,ESPN Bet,-3.5,,41.5,,,
401760389,2025,regular,7,2025-10-12 03:59:00+00:00,62,Hawai'i,328,Utah State,DraftKings,1.5,-1.5,57.5,,-102,-118
401760389,2025,regular,7,2025-10-12 03:59:00+00:00,62,Hawai'i,328,Utah State,Bovada,2,-2,56.5,58.5,-115,-105
401760389,2025,regular,7,2025-10-12 03:59:00+00:00,62,Hawai'i,328,Utah State,ESPN Bet,1.5,-1.5,57.5,58.5,105,-125
401767305,2025,regular,3,2025-09-13 23:00:00+00:00,2110,Central Arkansas,2627,Tarleton State,ESPN Bet,13,,56.5,,,
401767306,2025,regular,4,2025-09-20 23:00:00+00:00,2627,Tarleton State,236,Chattanooga,ESPN Bet,-27,,55.5,,,
401767558,2025,regular,5,2025-09-27 21:30:00+00:00,2193,East Tennessee State,2382,Mercer,ESPN Bet,2,,52.5,,,
401757272,2025,regular,5,2025-09-28 01:00:00+00:00,2638,UTEP,2348,Louisiana Tech,DraftKings,3.5,4,48.5,,154,-185
401757272,2025,regular,5,2025-09-28 01:00:00+00:00,2638,UTEP,2348,Louisiana Tech,Bovada,3.5,3,48,48.5,140,-165
401757272,2025,regular,5,2025-09-28 01:00:00+00:00,2638,UTEP,2348,Louisiana Tech,ESPN Bet,3.5,3.5,47.5,48.5,160,-190
401767371,2025,regular,6,2025-10-04 20:00:00+00:00,2016,Alcorn State,2504,Prairie View A&M,ESPN Bet,3,,47.5,,,
401760391,2025,regular,7,2025-10-11 23:00:00+00:00,2751,Wyoming,23,San José State,DraftKings,1.5,1.5,50.5,,102,-122
401760391,2025,regular,7,2025-10-11 23:00:00+00:00,2751,Wyoming,23,San José State,Bovada,1.5,1.5,49.5,49.5,105,-125
401760391,2025,regular,7,2025-10-11 23:00:00+00:00,2751,Wyoming,23,San José State,ESPN Bet,1.5,2.5,49.5,49.5,105,-125
401767159,2025,regular,3,2025-09-13 23:00:00+00:00,2377,McNeese,2692,Weber State,ESPN Bet,3,,52.5,,,
401767416,2025,regular,4,2025-09-20 23:00:00+00:00,2755,Grambling,2837,East Texas A&M,ESPN Bet,3.5,,54.5,,,
401757273,2025,regular,5,2025-09-27 23:00:00+00:00,2623,Missouri State,98,Western Kentucky,DraftKings,3.5,7,59.5,,145,-175
401757273,2025,regular,5,2025-09-27 23:00:00+00:00,2623,Missouri State,98,Western Kentucky,Bovada,3.5,5.5,59.5,59.5,175,-210
401757273,2025,regular,5,2025-09-27 23:00:00+00:00,2623,Missouri State,98,Western Kentucky,ESPN Bet,3.5,5.5,59.5,60.5,160,-190
401757270,2025,regular,5,2025-09-27 22:00:00+00:00,338,Kennesaw State,2393,Middle Tennessee,DraftKings,-7,-7,54.5,,-250,205
401757270,2025,regular,5,2025-09-27 22:00:00+00:00,338,Kennesaw State,2393,Middle Tennessee,Bovada,-7,-6.5,53.5,51,-230,190
401757270,2025,regular,5,2025-09-27 22:00:00+00:00,338,Kennesaw State,2393,Middle Tennessee,ESPN Bet,-7.5,-6.5,54.5,52.5,-225,190
401767530,2025,regular,5,2025-09-27 22:00:00+00:00,236,Chattanooga,2643,The Citadel,ESPN Bet,-15.5,,47.5,,,
401767183,2025,regular,6,2025-10-04 20:00:00+00:00,2261,Hampton,2450,Norfolk State,ESPN Bet,-4.5,,54.5,,,
401752864,2025,regular,7,2025-10-11 23:30:00+00:00,135,Minnesota,2509,Purdue,DraftKings,-7.5,-10.5,49.5,,-298,240
401752864,2025,regular,7,2025-10-11 23:30:00+00:00,135,Minnesota,2509,Purdue,Bovada,-7,-10,49.5,51.5,-370,285
401752864,2025,regular,7,2025-10-11 23:30:00+00:00,135,Minnesota,2509,Purdue,ESPN Bet,-7.5,-9.5,49.5,52.5,-300,250
401760390,2025,regular,7,2025-10-12 02:30:00+00:00,2440,Nevada,21,San Diego State,DraftKings,6.5,7,42.5,,200,-245
401760390,2025,regular,7,2025-10-12 02:30:00+00:00,2440,Nevada,21,San Diego State,Bovada,6.5,6.5,42.5,41.5,200,-240
401760390,2025,regular,7,2025-10-12 02:30:00+00:00,2440,Nevada,21,San Diego State,ESPN Bet,6.5,6.5,42.5,42.5,190,-225
401783278,2025,regular,3,2025-09-13 23:00:00+00:00,399,UAlbany,2441,New Haven,ESPN Bet,-19.5,,45.5,,,
401767121,2025,regular,4,2025-09-20 23:00:00+00:00,2277,Houston Christian,2458,Northern Colorado,ESPN Bet,-1.5,,47.5,,,
401754573,2025,regular,9,2025-10-25 16:00:00+00:00,153,North Carolina,258,Virginia,ESPN Bet,12.5,9.5,51.5,51.5,320,-425
401754573,2025,regular,9,2025-10-25 16:00:00+00:00,153,North Carolina,258,Virginia,DraftKings,11.5,10,50.5,,340,-440
401754573,2025,regular,9,2025-10-25 16:00:00+00:00,153,North Carolina,258,Virginia,Bovada,11,9,50.5,53,270,-340
401752941,2025,regular,8,2025-10-19 02:00:00+00:00,204,Oregon State,322,Lafayette,Bovada,-21,-22.5,56.5,54.5,-2000,950
401752941,2025,regular,8,2025-10-19 02:00:00+00:00,204,Oregon State,322,Lafayette,DraftKings,-21,,56.5,,-2100,1100
401752941,2025,regular,8,2025-10-19 02:00:00+00:00,204,Oregon State,322,Lafayette,ESPN Bet,-21.5,-23.5,55.5,54.5,-1800,900
401756903,2025,regular,5,2025-09-28 02:15:00+00:00,38,Colorado,252,BYU,DraftKings,6.5,4,48.5,,205,-250
401756903,2025,regular,5,2025-09-28 02:15:00+00:00,38,Colorado,252,BYU,Bovada,6.5,6.5,49,47.5,190,-230
401756903,2025,regular,5,2025-09-28 02:15:00+00:00,38,Colorado,252,BYU,ESPN Bet,6.5,6.5,48.5,47.5,200,-240
401767552,2025,regular,5,2025-09-27 22:00:00+00:00,108,Harvard,225,Brown,ESPN Bet,-16.5,,57.5,,,
401767503,2025,regular,6,2025-10-04 21:00:00+00:00,2460,Northern Iowa,155,North Dakota,ESPN Bet,15,,53.5,,,
401767597,2025,regular,8,2025-10-18 16:00:00+00:00,2168,Dayton,2086,Butler,ESPN Bet,-2.5,,46.5,,,
401754566,2025,regular,8,2025-10-18 16:00:00+00:00,150,Duke,59,Georgia Tech,Bovada,-3.5,-2.5,60.5,61,-145,125
401754566,2025,regular,8,2025-10-18 16:00:00+00:00,150,Duke,59,Georgia Tech,DraftKings,-3.5,1.5,60.5,,-175,145
401754566,2025,regular,8,2025-10-18 16:00:00+00:00,150,Duke,59,Georgia Tech,ESPN Bet,-3.5,-2.5,61.5,60.5,-165,140
401752879,2025,regular,8,2025-10-18 23:00:00+00:00,26,UCLA,120,Maryland,Bovada,-3.5,-2.5,52.5,52.5,-145,125
401752879,2025,regular,8,2025-10-18 23:00:00+00:00,26,UCLA,120,Maryland,DraftKings,-4,1.5,52.5,,-185,154
401752879,2025,regular,8,2025-10-18 23:00:00+00:00,26,UCLA,120,Maryland,ESPN Bet,-4.5,-3.5,52.5,52.5,-185,155
401767701,2025,regular,9,2025-10-24 22:00:00+00:00,159,Dartmouth,171,Columbia,ESPN Bet,-12.5,,46.5,,,
401757288,2025,regular,9,2025-10-23 01:00:00+00:00,166,New Mexico State,2623,Missouri State,ESPN Bet,2.5,2.5,51.5,52.5,120,-140
401757288,2025,regular,9,2025-10-23 01:00:00+00:00,166,New Mexico State,2623,Missouri State,DraftKings,2.5,1.5,51.5,,114,-135
401757288,2025,regular,9,2025-10-23 01:00:00+00:00,166,New Mexico State,2623,Missouri State,Bovada,2.5,2,51.5,52,105,-125
401752885,2025,regular,9,2025-10-25 16:00:00+00:00,84,Indiana,26,UCLA,DraftKings,-26.5,-23.5,53.5,,-4000,1600
401752885,2025,regular,9,2025-10-25 16:00:00+00:00,84,Indiana,26,UCLA,ESPN Bet,-27.5,-24.5,53.5,,-4000,1300
401752885,2025,regular,9,2025-10-25 16:00:00+00:00,84,Indiana,26,UCLA,Bovada,-27.5,-24.5,53.5,54.5,-2800,1100
401767408,2025,regular,9,2025-10-25 18:00:00+00:00,2450,Norfolk State,2569,South Carolina State,ESPN Bet,14.5,,53.5,,,
401767101,2025,regular,9,2025-10-25 02:30:00+00:00,16,Sacramento State,149,Montana,ESPN Bet,6,,61.5,,,
401767493,2025,regular,9,2025-10-25 20:00:00+00:00,2447,Nicholls,2377,McNeese,ESPN Bet,-5.5,,43.5,,,
401767617,2025,regular,9,2025-10-25 16:00:00+00:00,2168,Dayton,2506,Presbyterian,ESPN Bet,8.5,,50.5,,,
401767252,2025,regular,9,2025-10-25 20:00:00+00:00,2046,Austin Peay,2453,North Alabama,ESPN Bet,-19.5,,57.5,,,
401767486,2025,regular,9,2025-10-25 19:00:00+00:00,2466,Northwestern State,2320,Lamar,ESPN Bet,24.5,,47.5,,,
401767555,2025,regular,10,2025-10-31 23:00:00+00:00,219,Pennsylvania,225,Brown,ESPN Bet,-11.5,,50.5,,,
401752887,2025,regular,10,2025-11-01 19:30:00+00:00,120,Maryland,84,Indiana,DraftKings,21,16.5,50.5,,1100,-2100
401752887,2025,regular,10,2025-11-01 19:30:00+00:00,120,Maryland,84,Indiana,ESPN Bet,21.5,21.5,50.5,51.5,1100,-2500
401752887,2025,regular,10,2025-11-01 19:30:00+00:00,120,Maryland,84,Indiana,Bovada,21,21,51,51.5,850,-1800
401767094,2025,regular,10,2025-11-01 02:30:00+00:00,2464,Northern Arizona,70,Idaho,ESPN Bet,-5.5,,52.5,,,
401767346,2025,regular,10,2025-10-30 23:00:00+00:00,2169,Delaware State,2450,Norfolk State,ESPN Bet,-17.5,,57.5,,,
401767181,2025,regular,3,2025-09-13 23:00:00+00:00,2448,North Carolina A&T,2261,Hampton,ESPN Bet,3,,48.5,,,
401767061,2025,regular,4,2025-09-20 23:00:00+00:00,331,Eastern Washington,2710,Western Illinois,ESPN Bet,-13,,58.5,,,
401754571,2025,regular,9,2025-10-25 16:00:00+00:00,59,Georgia Tech,183,Syracuse,ESPN Bet,-17.5,-17.5,53.5,54.5,-1000,600
401754571,2025,regular,9,2025-10-25 16:00:00+00:00,59,Georgia Tech,183,Syracuse,DraftKings,-17.5,-18.5,52.5,,-1000,650
401754571,2025,regular,9,2025-10-25 16:00:00+00:00,59,Georgia Tech,183,Syracuse,Bovada,-17.5,-18,52.5,55,-1000,625
401767774,2025,regular,9,2025-10-25 16:00:00+00:00,2385,Mercyhurst,284,Stonehill,ESPN Bet,-7.5,,44.5,,,
401754558,2025,regular,7,2025-10-11 23:30:00+00:00,103,Boston College,228,Clemson,DraftKings,14,12.5,54.5,,455,-625
401754558,2025,regular,7,2025-10-11 23:30:00+00:00,103,Boston College,228,Clemson,Bovada,14,13.5,54,53.5,400,-575
401754558,2025,regular,7,2025-10-11 23:30:00+00:00,103,Boston College,228,Clemson,ESPN Bet,13.5,14.5,54.5,55.5,450,-700
401767759,2025,regular,8,2025-10-18 16:00:00+00:00,2341,Long Island University,2523,Robert Morris,ESPN Bet,-9.5,,42.5,,,
401752758,2025,regular,10,2025-11-01 16:00:00+00:00,251,Texas,238,Vanderbilt,DraftKings,-3.5,-3.5,48.5,,-175,145
401752758,2025,regular,10,2025-11-01 16:00:00+00:00,251,Texas,238,Vanderbilt,ESPN Bet,-3.5,-2.5,48.5,45.5,-150,130
401752758,2025,regular,10,2025-11-01 16:00:00+00:00,251,Texas,238,Vanderbilt,Bovada,-3.5,-3,48.5,45.5,-120,100
401760401,2025,regular,10,2025-11-01 16:00:00+00:00,2005,Air Force,349,Army,DraftKings,1.5,1.5,48.5,,-110,-110
401760401,2025,regular,10,2025-11-01 16:00:00+00:00,2005,Air Force,349,Army,ESPN Bet,1.5,1.5,48.5,49.5,-105,-115
401760401,2025,regular,10,2025-11-01 16:00:00+00:00,2005,Air Force,349,Army,Bovada,1,1,48.5,49.5,-110,-110
401752757,2025,regular,10,2025-11-01 23:30:00+00:00,2633,Tennessee,201,Oklahoma,DraftKings,-3,-2.5,55.5,,-155,130
401752757,2025,regular,10,2025-11-01 23:30:00+00:00,2633,Tennessee,201,Oklahoma,ESPN Bet,-2.5,-3.5,55.5,56.5,-130,110
401752757,2025,regular,10,2025-11-01 23:30:00+00:00,2633,Tennessee,201,Oklahoma,Bovada,-3,-3.5,56,56,-170,145
401754579,2025,regular,10,2025-11-01 23:30:00+00:00,152,NC State,59,Georgia Tech,DraftKings,4.5,4.5,58.5,,164,-198
401754579,2025,regular,10,2025-11-01 23:30:00+00:00,152,NC State,59,Georgia Tech,ESPN Bet,4.5,6.5,58.5,57.5,170,-200
401754579,2025,regular,10,2025-11-01 23:30:00+00:00,152,NC State,59,Georgia Tech,Bovada,4,6.5,58.5,57.5,190,-230
401752950,2025,regular,5,2025-09-27 23:30:00+00:00,36,Colorado State,265,Washington State,DraftKings,-4.5,-4,48.5,,-205,170
401752950,2025,regular,5,2025-09-27 23:30:00+00:00,36,Colorado State,265,Washington State,Bovada,-4.5,-4.5,48.5,50.5,-200,170
401752950,2025,regular,5,2025-09-27 23:30:00+00:00,36,Colorado State,265,Washington State,ESPN Bet,-6.5,-4.5,48.5,50.5,-200,170
401767279,2025,regular,5,2025-09-27 22:00:00+00:00,2198,Eastern Kentucky,2447,Nicholls,ESPN Bet,-2.5,,42.5,,,
401767108,2025,regular,6,2025-10-04 21:00:00+00:00,2464,Northern Arizona,147,Montana State,ESPN Bet,7.5,,59.5,,,
401757289,2025,regular,10,2025-10-29 00:00:00+00:00,338,Kennesaw State,2638,UTEP,ESPN Bet,-12.5,-8.5,53.5,48.5,-550,380
401757289,2025,regular,10,2025-10-29 00:00:00+00:00,338,Kennesaw State,2638,UTEP,Bovada,-11.5,-9.5,53,51,-380,290
401757289,2025,regular,10,2025-10-29 00:00:00+00:00,338,Kennesaw State,2638,UTEP,DraftKings,-12.5,-10,52.5,,-440,340
401762501,2025,regular,11,2025-11-08 02:00:00+00:00,235,Memphis,2655,Tulane,DraftKings,-3,-4.5,53.5,,-155,130
401762501,2025,regular,11,2025-11-08 02:00:00+00:00,235,Memphis,2655,Tulane,ESPN Bet,-3.5,-7.5,53.5,57.5,-150,130
401762501,2025,regular,11,2025-11-08 02:00:00+00:00,235,Memphis,2655,Tulane,Bovada,-3,-6.5,54,55.5,-230,190
401752750,2025,regular,9,2025-10-25 16:00:00+00:00,201,Oklahoma,145,Ole Miss,DraftKings,-5.5,-2.5,52.5,,-198,164
401752750,2025,regular,9,2025-10-25 16:00:00+00:00,201,Oklahoma,145,Ole Miss,ESPN Bet,-5.5,-3.5,52.5,50.5,-195,165
401752750,2025,regular,9,2025-10-25 16:00:00+00:00,201,Oklahoma,145,Ole Miss,Bovada,-5.5,-4.5,52.5,51.5,-200,170
401752752,2025,regular,9,2025-10-25 19:30:00+00:00,238,Vanderbilt,142,Missouri,DraftKings,-3,-1.5,52.5,,-162,136
401752752,2025,regular,9,2025-10-25 19:30:00+00:00,238,Vanderbilt,142,Missouri,ESPN Bet,-3.5,-2.5,52.5,,-145,125
401752752,2025,regular,9,2025-10-25 19:30:00+00:00,238,Vanderbilt,142,Missouri,Bovada,-3,-3,52.5,52.5,-150,130
401752749,2025,regular,9,2025-10-25 20:15:00+00:00,344,Mississippi State,251,Texas,DraftKings,8.5,8.5,48.5,,260,-325
401752749,2025,regular,9,2025-10-25 20:15:00+00:00,344,Mississippi State,251,Texas,ESPN Bet,8.5,6.5,49.5,45.5,270,-340
401752749,2025,regular,9,2025-10-25 20:15:00+00:00,344,Mississippi State,251,Texas,Bovada,8,6.5,48.5,46,190,-230
401767237,2025,regular,3,2025-09-13 23:00:00+00:00,2710,Western Illinois,2674,Valparaiso,ESPN Bet,-17,,49.5,,,
401767308,2025,regular,4,2025-09-21 00:00:00+00:00,3101,Utah Tech,2460,Northern Iowa,ESPN Bet,6.5,,49.5,,,
401752761,2025,regular,11,2025-11-08 18:00:00+00:00,145,Ole Miss,2643,The Citadel,DraftKings,-51.5,-51.5,63.5,,,
401752761,2025,regular,11,2025-11-08 18:00:00+00:00,145,Ole Miss,2643,The Citadel,ESPN Bet,-52.5,-51.5,63.5,63.5,,
401752761,2025,regular,11,2025-11-08 18:00:00+00:00,145,Ole Miss,2643,The Citadel,Bovada,-51.5,-52.5,63.5,63.5,,
401762494,2025,regular,9,2025-10-25 16:00:00+00:00,235,Memphis,58,South Florida,DraftKings,3.5,-3,58.5,,145,-175
401762494,2025,regular,9,2025-10-25 16:00:00+00:00,235,Memphis,58,South Florida,ESPN Bet,3.5,3.5,58.5,68.5,135,-155
401762494,2025,regular,9,2025-10-25 16:00:00+00:00,235,Memphis,58,South Florida,Bovada,3.5,3.5,59.5,65.5,160,-185
401752880,2025,regular,9,2025-10-25 19:30:00+00:00,264,Washington,356,Illinois,DraftKings,-3.5,-4.5,54.5,,-166,140
401752880,2025,regular,9,2025-10-25 19:30:00+00:00,264,Washington,356,Illinois,ESPN Bet,-3.5,-4.5,54.5,55.5,-150,130
401752880,2025,regular,9,2025-10-25 19:30:00+00:00,264,Washington,356,Illinois,Bovada,-3,-5,54.5,56.5,-210,175
401757287,2025,regular,9,2025-10-22 23:30:00+00:00,48,Delaware,2393,Middle Tennessee,ESPN Bet,-9.5,-10.5,55.5,52.5,-340,270
401757287,2025,regular,9,2025-10-22 23:30:00+00:00,48,Delaware,2393,Middle Tennessee,DraftKings,-8.5,-10.5,55.5,,-345,275
401757287,2025,regular,9,2025-10-22 23:30:00+00:00,48,Delaware,2393,Middle Tennessee,Bovada,-8,-10,55,55,-390,295
401752884,2025,regular,9,2025-10-25 16:00:00+00:00,2509,Purdue,164,Rutgers,ESPN Bet,-2.5,2.5,60.5,57.5,-135,115
401752884,2025,regular,9,2025-10-25 16:00:00+00:00,2509,Purdue,164,Rutgers,DraftKings,-2.5,2.5,60.5,,-142,120
401752884,2025,regular,9,2025-10-25 16:00:00+00:00,2509,Purdue,164,Rutgers,Bovada,-2.5,2.5,60,59.5,110,-130
401767754,2025,regular,9,2025-10-25 16:00:00+00:00,2681,Wagner,2184,Duquesne,ESPN Bet,23.5,,47.5,,,
401757295,2025,regular,11,2025-11-08 20:00:00+00:00,48,Delaware,2348,Louisiana Tech,ESPN Bet,5.5,5.5,57.5,57.5,180,-215
401757295,2025,regular,11,2025-11-08 20:00:00+00:00,48,Delaware,2348,Louisiana Tech,DraftKings,5.5,4.5,56.5,,180,-218
401757295,2025,regular,11,2025-11-08 20:00:00+00:00,48,Delaware,2348,Louisiana Tech,Bovada,5.5,4.5,56.5,57.5,185,-225
401767706,2025,regular,11,2025-11-08 00:00:00+00:00,171,Columbia,108,Harvard,ESPN Bet,29.5,,48.5,,,
401767316,2025,regular,11,2025-11-08 17:00:00+00:00,2619,Stony Brook,2448,North Carolina A&T,ESPN Bet,-18.5,,53.5,,,
401767095,2025,regular,11,2025-11-09 00:00:00+00:00,70,Idaho,302,UC Davis,ESPN Bet,2.5,,59.5,,,
401767669,2025,regular,11,2025-11-08 18:00:00+00:00,2230,Fordham,2083,Bucknell,ESPN Bet,-3.5,,56.5,,,
401767077,2025,regular,11,2025-11-08 23:00:00+00:00,304,Idaho State,13,Cal Poly,ESPN Bet,-7.5,,62.5,,,
401767117,2025,regular,11,2025-11-08 23:00:00+00:00,2464,Northern Arizona,2458,Northern Colorado,ESPN Bet,-12.5,,56.5,,,
401754549,2025,regular,5,2025-09-27 23:30:00+00:00,24,Stanford,23,San José State,DraftKings,-3,-1.5,49.5,,-148,124
401754549,2025,regular,5,2025-09-27 23:30:00+00:00,24,Stanford,23,San José State,Bovada,-3,-1.5,50,49.5,-125,105
401754549,2025,regular,5,2025-09-27 23:30:00+00:00,24,Stanford,23,San José State,ESPN Bet,-3.5,-2.5,49.5,49.5,-140,120
401767665,2025,regular,5,2025-09-27 22:00:00+00:00,2083,Bucknell,2598,St. Francis (PA),ESPN Bet,-18.5,,49.5,,,
401767312,2025,regular,6,2025-10-04 21:00:00+00:00,2010,Alabama A&M,2296,Jackson State,ESPN Bet,14.5,,55.5,,,
401767347,2025,regular,11,2025-11-08 00:00:00+00:00,2415,Morgan State,2169,Delaware State,ESPN Bet,3.5,,54.5,,,
401754575,2025,regular,10,2025-10-31 23:30:00+00:00,183,Syracuse,153,North Carolina,DraftKings,-1.5,,45.5,,-115,-105
401754575,2025,regular,10,2025-10-31 23:30:00+00:00,183,Syracuse,153,North Carolina,ESPN Bet,-1.5,-1.5,45.5,48.5,-120,-105
401754575,2025,regular,10,2025-10-31 23:30:00+00:00,183,Syracuse,153,North Carolina,Bovada,-1.5,-2,45.5,46,-130,110
401767773,2025,regular,8,2025-10-18 16:00:00+00:00,43,Yale,284,Stonehill,ESPN Bet,-21.5,,44.5,,,
401754597,2025,regular,12,2025-11-15 17:00:00+00:00,221,Pittsburgh,87,Notre Dame,DraftKings,12.5,10,55.5,,370,-485
401754597,2025,regular,12,2025-11-15 17:00:00+00:00,221,Pittsburgh,87,Notre Dame,ESPN Bet,12.5,11.5,54.5,56.5,380,-550
401754597,2025,regular,12,2025-11-15 17:00:00+00:00,221,Pittsburgh,87,Notre Dame,Bovada,13,10.5,55,56.5,305,-410
401754593,2025,regular,12,2025-11-15 20:30:00+00:00,150,Duke,258,Virginia,DraftKings,-5.5,-5.5,59.5,,-218,180
401754593,2025,regular,12,2025-11-15 20:30:00+00:00,150,Duke,258,Virginia,ESPN Bet,-5.5,-6.5,60.5,59.5,-215,180
401754593,2025,regular,12,2025-11-15 20:30:00+00:00,150,Duke,258,Virginia,Bovada,-5,-6.5,60,58.5,-230,190
401756949,2025,regular,12,2025-11-16 00:00:00+00:00,239,Baylor,254,Utah,DraftKings,9.5,9.5,60.5,,285,-360
401756949,2025,regular,12,2025-11-16 00:00:00+00:00,239,Baylor,254,Utah,ESPN Bet,9.5,7.5,61.5,60.5,280,-360
401756949,2025,regular,12,2025-11-16 00:00:00+00:00,239,Baylor,254,Utah,Bovada,9.5,9,60.5,60.5,,275
401752904,2025,regular,12,2025-11-15 02:00:00+00:00,2483,Oregon,135,Minnesota,ESPN Bet,-26.5,-21.5,45.5,44.5,-6000,1800
401752904,2025,regular,12,2025-11-15 02:00:00+00:00,2483,Oregon,135,Minnesota,DraftKings,-26.5,-22.5,46.5,,-3600,1500
401752904,2025,regular,12,2025-11-15 02:00:00+00:00,2483,Oregon,135,Minnesota,Bovada,-27,-23,46,45.5,-2500,1000
401760414,2025,regular,12,2025-11-16 00:00:00+00:00,2439,UNLV,328,Utah State,ESPN Bet,-4.5,-5.5,68.5,69.5,-195,165
401760414,2025,regular,12,2025-11-16 00:00:00+00:00,2439,UNLV,328,Utah State,DraftKings,-4.5,,68.5,,-198,164
401760414,2025,regular,12,2025-11-16 00:00:00+00:00,2439,UNLV,328,Utah State,Bovada,-5,-4.5,68.5,71.5,-185,160
401756942,2025,regular,10,2025-11-02 02:15:00+00:00,254,Utah,2132,Cincinnati,DraftKings,-11.5,-5.5,57.5,,-410,320
401756942,2025,regular,10,2025-11-02 02:15:00+00:00,254,Utah,2132,Cincinnati,ESPN Bet,-9.5,-7.5,58.5,57.5,-425,320
401756942,2025,regular,10,2025-11-02 02:15:00+00:00,254,Utah,2132,Cincinnati,Bovada,-11,-7,57.5,56,-285,235
401767102,2025,regular,10,2025-11-01 19:00:00+00:00,2692,Weber State,149,Montana,ESPN Bet,19.5,,61.5,,,
401767746,2025,regular,10,2025-11-01 16:00:00+00:00,2115,Central Connecticut,2341,Long Island University,ESPN Bet,-5.5,,42.5,,,
401767723,2025,regular,10,2025-11-01 16:00:00+00:00,2329,Lehigh,46,Georgetown,ESPN Bet,-24,,47.5,,,
401752762,2025,regular,11,2025-11-08 17:00:00+00:00,344,Mississippi State,61,Georgia,DraftKings,9.5,9.5,56.5,,275,-345
401752762,2025,regular,11,2025-11-08 17:00:00+00:00,344,Mississippi State,61,Georgia,ESPN Bet,9.5,8.5,56.5,57.5,290,-380
401752762,2025,regular,11,2025-11-08 17:00:00+00:00,344,Mississippi State,61,Georgia,Bovada,9.5,7.5,56.5,57.5,240,-290
401767113,2025,regular,3,2025-09-14 00:30:00+00:00,253,Southern Utah,2464,Northern Arizona,ESPN Bet,3.5,,55.5,,,
401767072,2025,regular,4,2025-09-21 00:00:00+00:00,2617,Stephen F. Austin,13,Cal Poly,ESPN Bet,-10.5,,54.5,,,
401762860,2025,regular,12,2025-11-13 00:00:00+00:00,193,Miami (OH),2649,Toledo,ESPN Bet,6.5,2.5,44.5,,200,-240
401762860,2025,regular,12,2025-11-13 00:00:00+00:00,193,Miami (OH),2649,Toledo,DraftKings,5.5,3,44.5,,190,-230
401762860,2025,regular,12,2025-11-13 00:00:00+00:00,193,Miami (OH),2649,Toledo,Bovada,5.5,3,44,44.5,135,-160
401767747,2025,regular,11,2025-11-08 17:00:00+00:00,2115,Central Connecticut,284,Stonehill,ESPN Bet,-10,,41.5,,,
401767146,2025,regular,11,2025-11-08 19:00:00+00:00,2097,Campbell,2729,William & Mary,ESPN Bet,6.5,,56.5,,,
401752945,2025,regular,12,2025-11-15 18:00:00+00:00,202,Tulsa,204,Oregon State,ESPN Bet,-1.5,-1.5,50.5,50.5,-125,105
401752945,2025,regular,12,2025-11-15 18:00:00+00:00,202,Tulsa,204,Oregon State,DraftKings,-1.5,,50.5,,-115,-105
401752945,2025,regular,12,2025-11-15 18:00:00+00:00,202,Tulsa,204,Oregon State,Bovada,-1,1,50.5,50.5,,-105
401767163,2025,regular,5,2025-09-27 22:00:00+00:00,2127,Charleston Southern,2569,South Carolina State,ESPN Bet,10.5,,51.5,,,
401767546,2025,regular,6,2025-10-04 22:00:00+00:00,2754,Youngstown State,2571,South Dakota State,ESPN Bet,15,,55.5,,,
401762857,2025,regular,12,2025-11-12 01:00:00+00:00,2711,Western Michigan,195,Ohio,ESPN Bet,-1.5,1.5,46.5,,-120,-110
401762857,2025,regular,12,2025-11-12 01:00:00+00:00,2711,Western Michigan,195,Ohio,DraftKings,-1.5,2.5,47.5,,-120,100
401762857,2025,regular,12,2025-11-12 01:00:00+00:00,2711,Western Michigan,195,Ohio,Bovada,-1.5,1.5,47,47.5,105,-125
401752868,2025,regular,7,2025-10-11 23:30:00+00:00,30,USC,130,Michigan,DraftKings,-3,1.5,58.5,,-166,140
401752868,2025,regular,7,2025-10-11 23:30:00+00:00,30,USC,130,Michigan,Bovada,-3,-2.5,58,54.5,-125,105
401752868,2025,regular,7,2025-10-11 23:30:00+00:00,30,USC,130,Michigan,ESPN Bet,-2.5,-1.5,57.5,57.5,-145,125
401756931,2025,regular,9,2025-10-25 19:30:00+00:00,66,Iowa State,252,BYU,DraftKings,-2.5,1.5,48.5,,-142,120
401756931,2025,regular,9,2025-10-25 19:30:00+00:00,66,Iowa State,252,BYU,ESPN Bet,-2.5,-2.5,49.5,48.5,-130,110
401756931,2025,regular,9,2025-10-25 19:30:00+00:00,66,Iowa State,252,BYU,Bovada,-2.5,-2,49,49,-130,110
401762499,2025,regular,10,2025-11-01 16:00:00+00:00,249,North Texas,2426,Navy,DraftKings,-6.5,-4.5,68.5,,-245,200
401762499,2025,regular,10,2025-11-01 16:00:00+00:00,249,North Texas,2426,Navy,ESPN Bet,-6.5,-5.5,68.5,63.5,-240,200
401762499,2025,regular,10,2025-11-01 16:00:00+00:00,249,North Texas,2426,Navy,Bovada,-6.5,-6.5,68.5,64,-210,175
401767705,2025,regular,9,2025-10-25 16:00:00+00:00,163,Princeton,108,Harvard,ESPN Bet,17.5,,53.5,,,
401761639,2025,regular,10,2025-10-29 00:00:00+00:00,326,Texas State,256,James Madison,ESPN Bet,7.5,6.5,55.5,59.5,220,-270
401761639,2025,regular,10,2025-10-29 00:00:00+00:00,326,Texas State,256,James Madison,Bovada,7.5,6,55,58.5,195,-235
401761639,2025,regular,10,2025-10-29 00:00:00+00:00,326,Texas State,256,James Madison,DraftKings,7,6.5,55.5,,235,-290
401767315,2025,regular,10,2025-11-01 19:00:00+00:00,2755,Grambling,2010,Alabama A&M,ESPN Bet,-3.5,,56.5,,,
401767768,2025,regular,10,2025-11-01 16:00:00+00:00,2598,St. Francis (PA),2681,Wagner,ESPN Bet,6.5,,37.5,,,
401767553,2025,regular,8,2025-10-18 16:00:00+00:00,225,Brown,163,Princeton,ESPN Bet,-3.5,,51.5,,,
401752769,2025,regular,12,2025-11-16 00:00:00+00:00,145,Ole Miss,57,Florida,DraftKings,-10.5,-7.5,53.5,,-440,340
401752769,2025,regular,12,2025-11-16 00:00:00+00:00,145,Ole Miss,57,Florida,Bovada,-10.5,-14,53.5,53,-750,500
401752769,2025,regular,12,2025-11-16 00:00:00+00:00,145,Ole Miss,57,Florida,ESPN Bet,-11.5,-13.5,53.5,52.5,-460,370
401762510,2025,regular,12,2025-11-15 17:00:00+00:00,2426,Navy,58,South Florida,ESPN Bet,8.5,10.5,62.5,63.5,270,-340
401762510,2025,regular,12,2025-11-15 17:00:00+00:00,2426,Navy,58,South Florida,DraftKings,9.5,10,62.5,,270,-340
401762510,2025,regular,12,2025-11-15 17:00:00+00:00,2426,Navy,58,South Florida,Bovada,8.5,10,63,64.5,295,-390
401762858,2025,regular,12,2025-11-13 00:00:00+00:00,2117,Central Michigan,2084,Buffalo,ESPN Bet,-2.5,-2.5,44.5,43.5,-130,110
401762858,2025,regular,12,2025-11-13 00:00:00+00:00,2117,Central Michigan,2084,Buffalo,DraftKings,-2.5,-2.5,44.5,,-135,114
401762858,2025,regular,12,2025-11-13 00:00:00+00:00,2117,Central Michigan,2084,Buffalo,Bovada,-2,-2,45,43.5,-130,110
401762859,2025,regular,12,2025-11-13 00:00:00+00:00,113,Massachusetts,2459,Northern Illinois,ESPN Bet,8.5,10.5,43.5,42.5,290,-380
401762859,2025,regular,12,2025-11-13 00:00:00+00:00,113,Massachusetts,2459,Northern Illinois,DraftKings,9.5,11.5,43.5,,285,-360
401762859,2025,regular,12,2025-11-13 00:00:00+00:00,113,Massachusetts,2459,Northern Illinois,Bovada,9.5,11,43,43,305,-410
401767131,2025,regular,3,2025-09-14 01:00:00+00:00,16,Sacramento State,2385,Mercyhurst,ESPN Bet,-21.5,,57.5,,,
401767568,2025,regular,8,2025-10-18 16:00:00+00:00,2747,Wofford,231,Furman,ESPN Bet,-2.5,,41.5,,,
401767240,2025,regular,5,2025-09-27 23:00:00+00:00,2916,Incarnate Word,2000,Abilene Christian,ESPN Bet,-2,,56.5,,,
401767294,2025,regular,6,2025-10-04 23:00:00+00:00,2627,Tarleton State,253,Southern Utah,ESPN Bet,-20.5,,64.5,,,
401752901,2025,regular,12,2025-11-15 17:00:00+00:00,84,Indiana,275,Wisconsin,DraftKings,-28.5,-30.5,43.5,,-4500,1700
401752901,2025,regular,12,2025-11-15 17:00:00+00:00,84,Indiana,275,Wisconsin,ESPN Bet,-27.5,-30.5,43.5,43.5,-10000,2500
401752901,2025,regular,12,2025-11-15 17:00:00+00:00,84,Indiana,275,Wisconsin,Bovada,-28,-30.5,43.5,44.5,,
401754595,2025,regular,12,2025-11-15 20:30:00+00:00,2390,Miami,152,NC State,DraftKings,-16.5,-14.5,54.5,,-700,500
401754595,2025,regular,12,2025-11-15 20:30:00+00:00,2390,Miami,152,NC State,Bovada,-15.5,-14.5,55,55,-625,430
401754595,2025,regular,12,2025-11-15 20:30:00+00:00,2390,Miami,152,NC State,ESPN Bet,-16.5,-14.5,54.5,55.5,-900,550
401756952,2025,regular,12,2025-11-15 17:00:00+00:00,197,Oklahoma State,2306,Kansas State,ESPN Bet,19.5,19.5,50.5,54.5,800,-1600
401756952,2025,regular,12,2025-11-15 17:00:00+00:00,197,Oklahoma State,2306,Kansas State,DraftKings,19.5,20.5,50.5,,800,-1350
401756952,2025,regular,12,2025-11-15 17:00:00+00:00,197,Oklahoma State,2306,Kansas State,Bovada,19.5,20,50,54.5,725,-1300
401762856,2025,regular,12,2025-11-12 00:30:00+00:00,2006,Akron,2309,Kent State,ESPN Bet,-7.5,-4.5,49.5,,-290,240
401762856,2025,regular,12,2025-11-12 00:30:00+00:00,2006,Akron,2309,Kent State,DraftKings,-7.5,-4.5,49.5,,-310,250
401762856,2025,regular,12,2025-11-12 00:30:00+00:00,2006,Akron,2309,Kent State,Bovada,-7.5,-5,49.5,47.5,-220,180
401761649,2025,regular,12,2025-11-14 00:30:00+00:00,295,Old Dominion,2653,Troy,ESPN Bet,-9.5,-10.5,53.5,53.5,-400,300
401761649,2025,regular,12,2025-11-14 00:30:00+00:00,295,Old Dominion,2653,Troy,Bovada,-10,-11.5,53,53,-450,335
401761649,2025,regular,12,2025-11-14 00:30:00+00:00,295,Old Dominion,2653,Troy,DraftKings,-9.5,-10,53.5,,-355,280
401756930,2025,regular,9,2025-10-25 20:00:00+00:00,2132,Cincinnati,239,Baylor,DraftKings,-3.5,-3.5,68.5,,-175,145
401756930,2025,regular,9,2025-10-25 20:00:00+00:00,2132,Cincinnati,239,Baylor,ESPN Bet,-3.5,-5.5,69.5,66.5,-155,135
401756930,2025,regular,9,2025-10-25 20:00:00+00:00,2132,Cincinnati,239,Baylor,Bovada,-3.5,-5.5,68.5,66.5,-220,180
401767607,2025,regular,9,2025-10-25 16:00:00+00:00,2166,Davidson,301,San Diego,ESPN Bet,28.5,,56.5,,,
401756944,2025,regular,11,2025-11-08 20:30:00+00:00,2628,TCU,66,Iowa State,DraftKings,-7.5,-3,58.5,,-298,240
401756944,2025,regular,11,2025-11-08 20:30:00+00:00,2628,TCU,66,Iowa State,Bovada,-7.5,-6.5,58,57.5,-230,190
401756944,2025,regular,11,2025-11-08 20:30:00+00:00,2628,TCU,66,Iowa State,ESPN Bet,-7.5,-6.5,58.5,57.5,-275,225
401767239,2025,regular,4,2025-09-21 00:00:00+00:00,2000,Abilene Christian,2046,Austin Peay,ESPN Bet,2,,54.5,,,
401752892,2025,regular,10,2025-11-01 23:30:00+00:00,158,Nebraska,30,USC,DraftKings,4.5,4.5,59.5,,154,-185
401752892,2025,regular,10,2025-11-01 23:30:00+00:00,158,Nebraska,30,USC,ESPN Bet,4.5,6.5,58.5,58.5,150,-175
401752892,2025,regular,10,2025-11-01 23:30:00+00:00,158,Nebraska,30,USC,Bovada,4.5,6,60,58,205,-245
401762443,2025,regular,10,2025-10-30 23:30:00+00:00,2636,UTSA,2655,Tulane,ESPN Bet,5.5,5.5,54.5,55.5,190,-225
401762443,2025,regular,10,2025-10-30 23:30:00+00:00,2636,UTSA,2655,Tulane,DraftKings,6,3.5,54.5,,195,-238
401762443,2025,regular,10,2025-10-30 23:30:00+00:00,2636,UTSA,2655,Tulane,Bovada,6,4,54,55.5,160,160
401767364,2025,regular,10,2025-11-01 19:00:00+00:00,2504,Prairie View A&M,2011,Alabama State,ESPN Bet,10.5,,52.5,,,
401767685,2025,regular,10,2025-11-01 16:00:00+00:00,43,Yale,171,Columbia,ESPN Bet,-21.5,,46.5,,,
401767755,2025,regular,11,2025-11-08 17:00:00+00:00,2341,Long Island University,2184,Duquesne,ESPN Bet,7,,43.5,,,
401752905,2025,regular,12,2025-11-15 17:00:00+00:00,77,Northwestern,130,Michigan,DraftKings,10,10,41.5,,320,-410
401752905,2025,regular,12,2025-11-15 17:00:00+00:00,77,Northwestern,130,Michigan,ESPN Bet,10.5,10.5,42.5,40.5,360,-500
401752905,2025,regular,12,2025-11-15 17:00:00+00:00,77,Northwestern,130,Michigan,Bovada,10,10,42,40.5,375,-525
401762497,2025,regular,10,2025-10-31 23:00:00+00:00,242,Rice,235,Memphis,ESPN Bet,13.5,13.5,48.5,54.5,450,-700
401762497,2025,regular,10,2025-10-31 23:00:00+00:00,242,Rice,235,Memphis,Bovada,14,14,48,49.5,450,-650
401762497,2025,regular,10,2025-10-31 23:00:00+00:00,242,Rice,235,Memphis,DraftKings,14,17.5,48.5,,490,-675
401767704,2025,regular,8,2025-10-18 16:00:00+00:00,108,Harvard,2771,Merrimack,ESPN Bet,-27.5,,49.5,,,
401767198,2025,regular,10,2025-11-01 19:00:00+00:00,2197,Eastern Illinois,2630,UT Martin,ESPN Bet,4.5,,50.5,,,
401767661,2025,regular,10,2025-11-01 16:00:00+00:00,2529,Sacred Heart,2441,New Haven,ESPN Bet,-15.5,,49.5,,,
401767219,2025,regular,5,2025-09-27 23:00:00+00:00,2630,UT Martin,2546,Southeast Missouri State,ESPN Bet,3,,56.5,,,
401767151,2025,regular,4,2025-09-20 21:30:00+00:00,2193,East Tennessee State,2210,Elon,ESPN Bet,-2,,56.5,,,
401756900,2025,regular,4,2025-09-19 23:30:00+00:00,197,Oklahoma State,202,Tulsa,ESPN Bet,-10.5,-13.5,54.5,55.5,-425,320
401756900,2025,regular,4,2025-09-19 23:30:00+00:00,197,Oklahoma State,202,Tulsa,DraftKings,-10,-13.5,54.5,,-375,295
401756900,2025,regular,4,2025-09-19 23:30:00+00:00,197,Oklahoma State,202,Tulsa,Bovada,-10,-13.5,55,56.5,-510,370
401767460,2025,regular,6,2025-10-04 23:00:00+00:00,2466,Northwestern State,2837,East Texas A&M,ESPN Bet,7,,54.5,,,
401767262,2025,regular,11,2025-11-08 17:00:00+00:00,2405,Monmouth,160,New Hampshire,ESPN Bet,-12.5,,61.5,,,
401761634,2025,regular,9,2025-10-23 23:30:00+00:00,2247,Georgia State,6,South Alabama,ESPN Bet,5.5,6.5,54.5,53.5,180,-215
401761634,2025,regular,9,2025-10-23 23:30:00+00:00,2247,Georgia State,6,South Alabama,DraftKings,6,6.5,53.5,,185,-225
401761634,2025,regular,9,2025-10-23 23:30:00+00:00,2247,Georgia State,6,South Alabama,Bovada,6,6,54,55.5,190,-230
401752942,2025,regular,9,2025-10-25 16:00:00+00:00,154,Wake Forest,2567,SMU,ESPN Bet,5.5,3.5,52.5,56.5,195,-230
401752942,2025,regular,9,2025-10-25 16:00:00+00:00,154,Wake Forest,2567,SMU,DraftKings,5.5,4.5,52.5,,180,-218
401752942,2025,regular,9,2025-10-25 16:00:00+00:00,154,Wake Forest,2567,SMU,Bovada,5.5,3.5,53,53.5,150,-175
401788997,2025,regular,9,2025-10-25 16:00:00+00:00,43,Yale,219,Pennsylvania,ESPN Bet,-6.5,,53.5,,,
401756953,2025,regular,12,2025-11-15 20:30:00+00:00,2641,Texas Tech,2116,UCF,ESPN Bet,-24.5,-23.5,48.5,47.5,-3000,1200
401756953,2025,regular,12,2025-11-15 20:30:00+00:00,2641,Texas Tech,2116,UCF,DraftKings,-24.5,,48.5,47.5,-2800,1300
401756953,2025,regular,12,2025-11-15 20:30:00+00:00,2641,Texas Tech,2116,UCF,Bovada,-24,-23.5,48.5,48.5,-2500,1000
401752906,2025,regular,12,2025-11-15 20:30:00+00:00,356,Illinois,120,Maryland,ESPN Bet,-15.5,-14.5,51.5,,-900,550
401752906,2025,regular,12,2025-11-15 20:30:00+00:00,356,Illinois,120,Maryland,DraftKings,-16.5,-13.5,51.5,,-750,525
401752906,2025,regular,12,2025-11-15 20:30:00+00:00,356,Illinois,120,Maryland,Bovada,-16.5,-14,52,53.5,-600,425
401752772,2025,regular,12,2025-11-15 17:00:00+00:00,245,Texas A&M,2579,South Carolina,ESPN Bet,-16.5,-17.5,49.5,48.5,-800,500
401752772,2025,regular,12,2025-11-15 17:00:00+00:00,245,Texas A&M,2579,South Carolina,DraftKings,-16.5,-18.5,49.5,,-900,600
401752772,2025,regular,12,2025-11-15 17:00:00+00:00,245,Texas A&M,2579,South Carolina,Bovada,-16.5,-18.5,49.5,48,-1300,725
401752907,2025,regular,12,2025-11-15 20:30:00+00:00,30,USC,2294,Iowa,ESPN Bet,-6.5,-6.5,48.5,49.5,-230,200
401752907,2025,regular,12,2025-11-15 20:30:00+00:00,30,USC,2294,Iowa,DraftKings,-6.5,-6.5,48.5,,-230,190
401752907,2025,regular,12,2025-11-15 20:30:00+00:00,30,USC,2294,Iowa,Bovada,-6.5,-6.5,48.5,49.5,-245,205
401752763,2025,regular,11,2025-11-08 20:30:00+00:00,142,Missouri,245,Texas A&M,DraftKings,7,6.5,48.5,,215,-265
401752763,2025,regular,11,2025-11-08 20:30:00+00:00,142,Missouri,245,Texas A&M,ESPN Bet,6.5,4.5,48.5,49.5,225,-275
401752763,2025,regular,11,2025-11-08 20:30:00+00:00,142,Missouri,245,Texas A&M,Bovada,7,6,48,49.5,190,-230
401756950,2025,regular,12,2025-11-16 03:15:00+00:00,252,BYU,2628,TCU,DraftKings,-3,-4.5,51.5,,-155,130
401756950,2025,regular,12,2025-11-16 03:15:00+00:00,252,BYU,2628,TCU,ESPN Bet,-2.5,-5.5,51.5,51.5,-155,135
401756950,2025,regular,12,2025-11-16 03:15:00+00:00,252,BYU,2628,TCU,Bovada,-3,-6,52,52.5,-210,175
401767769,2025,regular,11,2025-11-08 17:00:00+00:00,2598,St. Francis (PA),2385,Mercyhurst,ESPN Bet,10,,43.5,,,
401767385,2025,regular,10,2025-11-01 19:00:00+00:00,2029,Arkansas-Pine Bluff,2582,Southern,ESPN Bet,1,,52.5,,,
401767275,2025,regular,10,2025-11-01 16:00:00+00:00,2448,North Carolina A&T,119,Towson,ESPN Bet,7.5,,49.5,,,
401752900,2025,regular,12,2025-11-16 00:30:00+00:00,194,Ohio State,26,UCLA,DraftKings,-33.5,-31.5,46.5,,-6500,2000
401752900,2025,regular,12,2025-11-16 00:30:00+00:00,194,Ohio State,26,UCLA,ESPN Bet,-32.5,-30.5,46.5,48.5,-20000,3000
401752900,2025,regular,12,2025-11-16 00:30:00+00:00,194,Ohio State,26,UCLA,Bovada,-33,-31.5,46.5,48.5,,
401756951,2025,regular,12,2025-11-15 17:00:00+00:00,2132,Cincinnati,12,Arizona,ESPN Bet,-6.5,-5.5,56.5,56.5,-210,175
401756951,2025,regular,12,2025-11-15 17:00:00+00:00,2132,Cincinnati,12,Arizona,DraftKings,-5.5,,56.5,,-205,170
401756951,2025,regular,12,2025-11-15 17:00:00+00:00,2132,Cincinnati,12,Arizona,Bovada,-6,-6,56,56.5,-225,185
401767483,2025,regular,5,2025-09-27 23:00:00+00:00,2320,Lamar,2110,Central Arkansas,ESPN Bet,-6.5,,48.5,,,
401767381,2025,regular,6,2025-10-04 23:00:00+00:00,2640,Texas Southern,2029,Arkansas-Pine Bluff,ESPN Bet,-6,,48.5,,,
401752902,2025,regular,12,2025-11-16 00:00:00+00:00,264,Washington,2509,Purdue,ESPN Bet,-14.5,-15.5,51.5,52.5,-1200,700
401752902,2025,regular,12,2025-11-16 00:00:00+00:00,264,Washington,2509,Purdue,DraftKings,-14.5,-16.5,51.5,,-750,525
401752902,2025,regular,12,2025-11-16 00:00:00+00:00,264,Washington,2509,Purdue,Bovada,-15.5,-16.5,51,55,-900,575
401767505,2025,regular,8,2025-10-18 17:00:00+00:00,79,Southern Illinois,155,North Dakota,ESPN Bet,3,,59.5,,,
401767132,2025,regular,4,2025-09-21 01:00:00+00:00,16,Sacramento State,2110,Central Arkansas,ESPN Bet,-15.5,,59.5,,,
401754372,2025,regular,9,2025-10-24 23:30:00+00:00,259,Virginia Tech,25,California,ESPN Bet,-6.5,-2.5,50.5,49.5,-230,195
401754372,2025,regular,9,2025-10-24 23:30:00+00:00,259,Virginia Tech,25,California,Bovada,-6,-4.5,51,49.5,-185,160
401754372,2025,regular,9,2025-10-24 23:30:00+00:00,259,Virginia Tech,25,California,DraftKings,-6,-2.5,50.5,,-225,185
401779510,2025,regular,9,2025-10-25 16:00:00+00:00,2341,Long Island University,2441,New Haven,ESPN Bet,-10,,46.5,,,
401756945,2025,regular,11,2025-11-08 17:00:00+00:00,2641,Texas Tech,252,BYU,DraftKings,-13.5,-8.5,50.5,,-500,380
401756945,2025,regular,11,2025-11-08 17:00:00+00:00,2641,Texas Tech,252,BYU,ESPN Bet,-13.5,-10.5,,52.5,-500,360
401756945,2025,regular,11,2025-11-08 17:00:00+00:00,2641,Texas Tech,252,BYU,Bovada,-13.5,-10.5,50,53.5,-400,300
401767160,2025,regular,4,2025-09-21 01:00:00+00:00,2692,Weber State,2086,Butler,ESPN Bet,-16,,53.5,,,
401767641,2025,regular,8,2025-10-18 17:00:00+00:00,2506,Presbyterian,56,Stetson,ESPN Bet,-34.5,,56.5,,,
401767523,2025,regular,5,2025-09-27 23:00:00+00:00,2545,SE Louisiana,292,UT Rio Grande Valley,ESPN Bet,-18,,53.5,,,
401767063,2025,regular,6,2025-10-04 23:00:00+00:00,331,Eastern Washington,2502,Portland State,ESPN Bet,-11,,59.5,,,
401767136,2025,regular,10,2025-11-01 17:00:00+00:00,2803,Bryant,2405,Monmouth,ESPN Bet,14,,59.5,,,
401767375,2025,regular,10,2025-11-01 19:00:00+00:00,2640,Texas Southern,2016,Alcorn State,ESPN Bet,-6.5,,47.5,,,
401752764,2025,regular,11,2025-11-08 21:00:00+00:00,238,Vanderbilt,2,Auburn,DraftKings,-6,-5.5,46.5,,-230,190
401752764,2025,regular,11,2025-11-08 21:00:00+00:00,238,Vanderbilt,2,Auburn,Bovada,-6,-7.5,46,45.5,-275,225
401752764,2025,regular,11,2025-11-08 21:00:00+00:00,238,Vanderbilt,2,Auburn,ESPN Bet,-5.5,-7.5,46.5,45.5,-230,195
401767623,2025,regular,9,2025-10-25 16:00:00+00:00,2368,Marist,2181,Drake,ESPN Bet,12.5,,47.5,,,
401752898,2025,regular,11,2025-11-08 20:30:00+00:00,2294,Iowa,2483,Oregon,DraftKings,4.5,7.5,41.5,,164,-198
401752898,2025,regular,11,2025-11-08 20:30:00+00:00,2294,Iowa,2483,Oregon,Bovada,4.5,6,41,43.5,190,-230
401752898,2025,regular,11,2025-11-08 20:30:00+00:00,2294,Iowa,2483,Oregon,ESPN Bet,4.5,5.5,42.5,43.5,165,-195
401767731,2025,regular,11,2025-11-08 17:00:00+00:00,2329,Lehigh,107,Holy Cross,ESPN Bet,-20,,45.5,,,
401762506,2025,regular,12,2025-11-15 19:00:00+00:00,5,UAB,249,North Texas,ESPN Bet,17.5,17.5,69.5,69.5,600,-1000
401762506,2025,regular,12,2025-11-15 19:00:00+00:00,5,UAB,249,North Texas,DraftKings,17.5,19.5,68.5,,650,-1000
401762506,2025,regular,12,2025-11-15 19:00:00+00:00,5,UAB,249,North Texas,Bovada,17.5,18,69,69.5,625,-1000
401754596,2025,regular,12,2025-11-15 21:30:00+00:00,154,Wake Forest,153,North Carolina,ESPN Bet,-3.5,-6.5,37.5,38.5,-170,145
401754596,2025,regular,12,2025-11-15 21:30:00+00:00,154,Wake Forest,153,North Carolina,DraftKings,-3.5,-5.5,37.5,,-175,145
401754596,2025,regular,12,2025-11-15 21:30:00+00:00,154,Wake Forest,153,North Carolina,Bovada,-3.5,-6,38,39.5,-165,140
401767157,2025,regular,4,2025-09-21 02:00:00+00:00,302,UC Davis,253,Southern Utah,ESPN Bet,-6.5,,61.5,,,
401762468,2025,regular,4,2025-09-18 23:30:00+00:00,2429,Charlotte,242,Rice,ESPN Bet,1.5,5.5,41.5,46.5,110,-130
401762468,2025,regular,4,2025-09-18 23:30:00+00:00,2429,Charlotte,242,Rice,DraftKings,1.5,6.5,42.5,,102,-122
401762468,2025,regular,4,2025-09-18 23:30:00+00:00,2429,Charlotte,242,Rice,Bovada,2,4.5,42,42.5,180,-220
401767417,2025,regular,5,2025-09-27 23:00:00+00:00,2504,Prairie View A&M,2755,Grambling,ESPN Bet,3,,52.5,,,
401767083,2025,regular,6,2025-10-05 00:00:00+00:00,304,Idaho State,149,Montana,ESPN Bet,13.5,,62.5,,,
401767700,2025,regular,8,2025-10-18 17:00:00+00:00,2230,Fordham,159,Dartmouth,ESPN Bet,12.5,,54.5,,,
401761635,2025,regular,9,2025-10-25 16:00:00+00:00,295,Old Dominion,2026,App State,ESPN Bet,-12.5,-13.5,60.5,58.5,-550,380
401761635,2025,regular,9,2025-10-25 16:00:00+00:00,295,Old Dominion,2026,App State,DraftKings,-13.5,-13.5,62.5,,-500,380
401761635,2025,regular,9,2025-10-25 16:00:00+00:00,295,Old Dominion,2026,App State,Bovada,-13.5,-13,62.5,62,-575,400
401767668,2025,regular,9,2025-10-25 16:00:00+00:00,2083,Bucknell,46,Georgetown,ESPN Bet,-1.5,,57.5,,,
401761642,2025,regular,10,2025-11-01 19:30:00+00:00,6,South Alabama,309,Louisiana,DraftKings,-3.5,-4.5,52.5,,-180,150
401761642,2025,regular,10,2025-11-01 19:30:00+00:00,6,South Alabama,309,Louisiana,ESPN Bet,-3.5,-5.5,52.5,54.5,-175,150
401761642,2025,regular,10,2025-11-01 19:30:00+00:00,6,South Alabama,309,Louisiana,Bovada,-3.5,-4,53,55,-180,155
401767391,2025,regular,10,2025-11-01 19:00:00+00:00,2065,Bethune-Cookman,2400,Mississippi Valley State,ESPN Bet,-22,,58.5,,,
401767598,2025,regular,10,2025-11-01 17:00:00+00:00,2086,Butler,2181,Drake,ESPN Bet,6.5,,47.5,,,
401757166,2025,regular,11,2025-11-09 00:30:00+00:00,87,Notre Dame,2426,Navy,DraftKings,-30.5,-24.5,54.5,,-6500,2000
401757166,2025,regular,11,2025-11-09 00:30:00+00:00,87,Notre Dame,2426,Navy,Bovada,-30.5,-24.5,55,56.5,-3500,1100
401757166,2025,regular,11,2025-11-09 00:30:00+00:00,87,Notre Dame,2426,Navy,ESPN Bet,-30.5,-24.5,54.5,56.5,-7500,2000
401767676,2025,regular,11,2025-11-08 17:00:00+00:00,225,Brown,43,Yale,ESPN Bet,13.5,,50.5,,,
401754594,2025,regular,12,2025-11-16 00:30:00+00:00,52,Florida State,259,Virginia Tech,ESPN Bet,-13.5,-10.5,53.5,54.5,-700,450
401754594,2025,regular,12,2025-11-16 00:30:00+00:00,52,Florida State,259,Virginia Tech,DraftKings,-14.5,-12.5,55.5,,-575,425
401754594,2025,regular,12,2025-11-16 00:30:00+00:00,52,Florida State,259,Virginia Tech,Bovada,-14,-11.5,55,54.5,-575,400
401752895,2025,regular,11,2025-11-09 02:00:00+00:00,26,UCLA,158,Nebraska,DraftKings,-1.5,4.5,45.5,,-125,105
401752895,2025,regular,11,2025-11-09 02:00:00+00:00,26,UCLA,158,Nebraska,Bovada,-2,-3,46,44,-150,130
401752895,2025,regular,11,2025-11-09 02:00:00+00:00,26,UCLA,158,Nebraska,ESPN Bet,-2.5,-2.5,45.5,43.5,-125,105
401760408,2025,regular,11,2025-11-09 04:00:00+00:00,62,Hawai'i,21,San Diego State,DraftKings,6.5,2.5,48.5,,210,-258
401760408,2025,regular,11,2025-11-09 04:00:00+00:00,62,Hawai'i,21,San Diego State,Bovada,6.5,4.5,48,51.5,175,-210
401760408,2025,regular,11,2025-11-09 04:00:00+00:00,62,Hawai'i,21,San Diego State,ESPN Bet,6.5,5.5,47.5,50.5,210,-250
401762498,2025,regular,10,2025-11-01 18:00:00+00:00,218,Temple,151,East Carolina,DraftKings,5.5,4.5,58.5,,185,-225
401762498,2025,regular,10,2025-11-01 18:00:00+00:00,218,Temple,151,East Carolina,ESPN Bet,5.5,4.5,58.5,57.5,180,-215
401762498,2025,regular,10,2025-11-01 18:00:00+00:00,218,Temple,151,East Carolina,Bovada,5,4.5,58,57.5,170,-200
401767162,2025,regular,4,2025-09-20 20:00:00+00:00,2729,William & Mary,2127,Charleston Southern,ESPN Bet,-11.5,,45.5,,,
401767513,2025,regular,10,2025-11-01 19:30:00+00:00,2449,North Dakota State,2754,Youngstown State,ESPN Bet,-26.5,,60.5,,,
401767765,2025,regular,10,2025-11-01 17:00:00+00:00,284,Stonehill,2523,Robert Morris,ESPN Bet,-6.5,,40.5,,,
401767184,2025,regular,8,2025-10-18 17:00:00+00:00,222,Villanova,2261,Hampton,ESPN Bet,-24.5,,55.5,,,
401767535,2025,regular,11,2025-11-08 17:00:00+00:00,236,Chattanooga,231,Furman,ESPN Bet,-6,,51.5,,,
401752770,2025,regular,12,2025-11-16 00:45:00+00:00,142,Missouri,344,Mississippi State,ESPN Bet,-7.5,-5.5,50.5,51.5,-250,210
401752770,2025,regular,12,2025-11-16 00:45:00+00:00,142,Missouri,344,Mississippi State,DraftKings,-7.5,,50.5,50.5,-278,225
401752770,2025,regular,12,2025-11-16 00:45:00+00:00,142,Missouri,344,Mississippi State,Bovada,-7,-6.5,50,51.5,-245,205
401767412,2025,regular,5,2025-09-27 23:00:00+00:00,2837,East Texas A&M,2428,North Carolina Central,ESPN Bet,14.5,,56.5,,,
401752746,2025,regular,9,2025-10-25 16:45:00+00:00,8,Arkansas,2,Auburn,ESPN Bet,-2.5,-1.5,55.5,,-125,105
401752746,2025,regular,9,2025-10-25 16:45:00+00:00,8,Arkansas,2,Auburn,DraftKings,-2.5,-1.5,56.5,,-135,114
401752746,2025,regular,9,2025-10-25 16:45:00+00:00,8,Arkansas,2,Auburn,Bovada,-2.5,0,56,57,100,-120
401767176,2025,regular,9,2025-10-25 17:00:00+00:00,311,Maine,2210,Elon,ESPN Bet,4.5,,49.5,,,
401767422,2025,regular,5,2025-09-27 23:00:00+00:00,2582,Southern,2296,Jackson State,ESPN Bet,9.5,,50.5,,,
401767271,2025,regular,9,2025-10-25 17:00:00+00:00,160,New Hampshire,2729,William & Mary,ESPN Bet,-1.5,,48.5,,,
401762849,2025,regular,10,2025-11-01 16:00:00+00:00,189,Bowling Green,2084,Buffalo,DraftKings,-2.5,-1.5,44.5,,-130,110
401762849,2025,regular,10,2025-11-01 16:00:00+00:00,189,Bowling Green,2084,Buffalo,ESPN Bet,-2.5,-2.5,44.5,43.5,-145,125
401762849,2025,regular,10,2025-11-01 16:00:00+00:00,189,Bowling Green,2084,Buffalo,Bovada,-2.5,-2,44,43.5,-125,105
401767606,2025,regular,8,2025-10-18 17:00:00+00:00,2181,Drake,2166,Davidson,ESPN Bet,-33.5,,58.5,,,
401760376,2025,regular,4,2025-09-20 16:00:00+00:00,193,Miami (OH),2439,UNLV,DraftKings,2.5,5.5,49.5,,110,-130
401760376,2025,regular,4,2025-09-20 16:00:00+00:00,193,Miami (OH),2439,UNLV,ESPN Bet,1.5,3.5,49.5,,110,-130
401760376,2025,regular,4,2025-09-20 16:00:00+00:00,193,Miami (OH),2439,UNLV,Bovada,1.5,3.5,49,48.5,145,-170
401767335,2025,regular,10,2025-11-01 19:30:00+00:00,2729,William & Mary,399,UAlbany,ESPN Bet,-19,,50.5,,,
401767608,2025,regular,10,2025-11-01 17:00:00+00:00,2413,Morehead State,2166,Davidson,ESPN Bet,-10.5,,58.5,,,
401767766,2025,regular,11,2025-11-08 17:00:00+00:00,2523,Robert Morris,2681,Wagner,ESPN Bet,-2.5,,37.5,,,
401761650,2025,regular,12,2025-11-15 23:00:00+00:00,290,Georgia Southern,324,Coastal Carolina,DraftKings,-3,-1.5,59.5,,-155,130
401761650,2025,regular,12,2025-11-15 23:00:00+00:00,290,Georgia Southern,324,Coastal Carolina,Bovada,-3,-3,59.5,58,-135,115
401761650,2025,regular,12,2025-11-15 23:00:00+00:00,290,Georgia Southern,324,Coastal Carolina,ESPN Bet,-3.5,-2.5,58.5,57.5,-150,130
401767675,2025,regular,9,2025-10-25 17:00:00+00:00,2230,Fordham,2329,Lehigh,ESPN Bet,24.5,,51.5,,,
401754583,2025,regular,10,2025-11-01 19:30:00+00:00,103,Boston College,87,Notre Dame,DraftKings,31.5,27.5,55.5,,2000,-6500
401754583,2025,regular,10,2025-11-01 19:30:00+00:00,103,Boston College,87,Notre Dame,ESPN Bet,30.5,29.5,55.5,,3000,-20000
401754583,2025,regular,10,2025-11-01 19:30:00+00:00,103,Boston College,87,Notre Dame,Bovada,31,28.5,55,57.5,,
401767355,2025,regular,10,2025-11-01 19:30:00+00:00,47,Howard,2428,North Carolina Central,ESPN Bet,15,,51.5,,,
401767642,2025,regular,10,2025-11-01 17:00:00+00:00,2506,Presbyterian,2674,Valparaiso,ESPN Bet,-31.5,,51.5,,,
401767624,2025,regular,11,2025-11-08 18:00:00+00:00,2181,Drake,2900,St. Thomas (MN),ESPN Bet,-2.5,,47.5,,,
401762469,2025,regular,4,2025-09-20 16:00:00+00:00,349,Army,249,North Texas,DraftKings,2.5,-1.5,50.5,,120,-142
401762469,2025,regular,4,2025-09-20 16:00:00+00:00,349,Army,249,North Texas,ESPN Bet,2.5,-1.5,50.5,53.5,115,-135
401762469,2025,regular,4,2025-09-20 16:00:00+00:00,349,Army,249,North Texas,Bovada,2.5,1,51,52,-110,-110
401767197,2025,regular,8,2025-10-18 17:00:00+00:00,2546,Southeast Missouri State,2197,Eastern Illinois,ESPN Bet,-7.5,,52.5,,,
401767370,2025,regular,5,2025-09-27 23:00:00+00:00,2016,Alcorn State,2029,Arkansas-Pine Bluff,ESPN Bet,7,,50.5,,,
401757174,2025,regular,12,2025-11-15 17:00:00+00:00,41,UConn,2005,Air Force,DraftKings,-7.5,-7,64.5,,-305,245
401757174,2025,regular,12,2025-11-15 17:00:00+00:00,41,UConn,2005,Air Force,ESPN Bet,-7.5,-8.5,64.5,63.5,-290,240
401757174,2025,regular,12,2025-11-15 17:00:00+00:00,41,UConn,2005,Air Force,Bovada,-7.5,-8,64.5,63.5,-320,260
401754574,2025,regular,9,2025-10-25 19:30:00+00:00,221,Pittsburgh,152,NC State,ESPN Bet,-5.5,-7.5,52.5,55.5,-190,160
401754574,2025,regular,9,2025-10-25 19:30:00+00:00,221,Pittsburgh,152,NC State,DraftKings,-4.5,-7.5,52.5,,-205,170
401754574,2025,regular,9,2025-10-25 19:30:00+00:00,221,Pittsburgh,152,NC State,Bovada,-5,-8.5,53,58.5,-310,255
401762507,2025,regular,12,2025-11-15 17:00:00+00:00,2429,Charlotte,2636,UTSA,DraftKings,16.5,18.5,57.5,,525,-750
401762507,2025,regular,12,2025-11-15 17:00:00+00:00,2429,Charlotte,2636,UTSA,Bovada,17,18,57.5,61,625,-1000
401762507,2025,regular,12,2025-11-15 17:00:00+00:00,2429,Charlotte,2636,UTSA,ESPN Bet,17.5,17.5,57.5,60.5,550,-900
401754578,2025,regular,10,2025-11-01 23:30:00+00:00,52,Florida State,154,Wake Forest,DraftKings,-12.5,-7,50.5,,-440,340
401754578,2025,regular,10,2025-11-01 23:30:00+00:00,52,Florida State,154,Wake Forest,ESPN Bet,-12.5,-8.5,50.5,52.5,-425,320
401754578,2025,regular,10,2025-11-01 23:30:00+00:00,52,Florida State,154,Wake Forest,Bovada,-13,-7.5,51,52,-290,240
401767618,2025,regular,10,2025-11-01 20:00:00+00:00,301,San Diego,2168,Dayton,ESPN Bet,-3.5,,48.5,,,
401767693,2025,regular,10,2025-11-01 17:00:00+00:00,172,Cornell,163,Princeton,ESPN Bet,3.5,,50.5,,,
401767186,2025,regular,11,2025-11-08 18:00:00+00:00,2261,Hampton,311,Maine,ESPN Bet,14.5,,50.5,,,
401761610,2025,regular,4,2025-09-20 19:30:00+00:00,2199,Eastern Michigan,309,Louisiana,DraftKings,2.5,6.5,51.5,,114,-135
401761610,2025,regular,4,2025-09-20 19:30:00+00:00,2199,Eastern Michigan,309,Louisiana,Bovada,2.5,3,51,52,140,-165
401761610,2025,regular,4,2025-09-20 19:30:00+00:00,2199,Eastern Michigan,309,Louisiana,ESPN Bet,1.5,2.5,51.5,51.5,120,-140
401767692,2025,regular,8,2025-10-18 17:00:00+00:00,172,Cornell,2083,Bucknell,ESPN Bet,-4,,60.5,,,
401767491,2025,regular,5,2025-09-28 00:00:00+00:00,2617,Stephen F. Austin,2377,McNeese,ESPN Bet,-13.5,,55.5,,,
401767638,2025,regular,9,2025-10-25 17:00:00+00:00,2674,Valparaiso,2413,Morehead State,ESPN Bet,6.5,,48.5,,,
401754580,2025,regular,10,2025-11-01 19:00:00+00:00,259,Virginia Tech,97,Louisville,DraftKings,10.5,11.5,52.5,,310,-395
401754580,2025,regular,10,2025-11-01 19:00:00+00:00,259,Virginia Tech,97,Louisville,ESPN Bet,10.5,10.5,52.5,53.5,300,-400
401754580,2025,regular,10,2025-11-01 19:00:00+00:00,259,Virginia Tech,97,Louisville,Bovada,10.5,10,52.5,54,295,-390
401767205,2025,regular,10,2025-11-01 17:00:00+00:00,2635,Tennessee Tech,2241,Gardner-Webb,ESPN Bet,-19,,62.5,,,
401767473,2025,regular,10,2025-11-01 20:00:00+00:00,2447,Nicholls,2277,Houston Christian,ESPN Bet,-11.5,,41.5,,,
401767293,2025,regular,5,2025-09-28 00:30:00+00:00,253,Southern Utah,2698,West Georgia,ESPN Bet,1,,59.5,,,
401754640,2025,regular,4,2025-09-20 19:30:00+00:00,2116,UCF,153,North Carolina,DraftKings,-7,-3.5,46.5,,-245,200
401754640,2025,regular,4,2025-09-20 19:30:00+00:00,2116,UCF,153,North Carolina,Bovada,-7,-6.5,47,50,-240,200
401754640,2025,regular,4,2025-09-20 19:30:00+00:00,2116,UCF,153,North Carolina,ESPN Bet,-7.5,-6.5,45.5,50.5,-270,220
401769849,2025,regular,11,2025-11-08 17:30:00+00:00,322,Lafayette,2142,Colgate,ESPN Bet,-6.5,,58.5,,,
401762844,2025,regular,9,2025-10-25 17:00:00+00:00,2084,Buffalo,2006,Akron,DraftKings,-10,-10,48.5,,-395,310
401762844,2025,regular,9,2025-10-25 17:00:00+00:00,2084,Buffalo,2006,Akron,ESPN Bet,-10.5,-10.5,48.5,47.5,-400,300
401762844,2025,regular,9,2025-10-25 17:00:00+00:00,2084,Buffalo,2006,Akron,Bovada,-10,-11,49,47.5,-415,310
401767261,2025,regular,8,2025-10-18 17:00:00+00:00,2405,Monmouth,2619,Stony Brook,ESPN Bet,-9,,73.5,,,
401767650,2025,regular,9,2025-10-25 17:00:00+00:00,56,Stetson,2900,St. Thomas (MN),ESPN Bet,25.5,,54.5,,,
401761651,2025,regular,12,2025-11-15 19:00:00+00:00,2247,Georgia State,276,Marshall,DraftKings,9.5,5.5,59.5,,270,-340
401761651,2025,regular,12,2025-11-15 19:00:00+00:00,2247,Georgia State,276,Marshall,Bovada,9.5,6.5,60.5,63.5,220,-270
401761651,2025,regular,12,2025-11-15 19:00:00+00:00,2247,Georgia State,276,Marshall,ESPN Bet,9.5,6.5,59.5,62.5,280,-360
401752860,2025,regular,6,2025-10-04 20:00:00+00:00,158,Nebraska,127,Michigan State,DraftKings,-12.5,-10,48.5,,-485,370
401752860,2025,regular,6,2025-10-04 20:00:00+00:00,158,Nebraska,127,Michigan State,Bovada,-13.5,-10.5,48.5,53.5,-410,305
401752860,2025,regular,6,2025-10-04 20:00:00+00:00,158,Nebraska,127,Michigan State,ESPN Bet,-12.5,-10.5,49.5,53.5,-550,380
401754551,2025,regular,6,2025-10-05 02:30:00+00:00,25,California,150,Duke,DraftKings,3.5,1.5,54.5,,145,-175
401754551,2025,regular,6,2025-10-05 02:30:00+00:00,25,California,150,Duke,Bovada,3.5,3,54.5,56,125,-145
401754551,2025,regular,6,2025-10-05 02:30:00+00:00,25,California,150,Duke,ESPN Bet,3.5,3.5,55.5,56.5,140,-165
401761652,2025,regular,12,2025-11-15 20:30:00+00:00,256,James Madison,2026,App State,DraftKings,-21,-19.5,53.5,,-1800,1000
401761652,2025,regular,12,2025-11-15 20:30:00+00:00,256,James Madison,2026,App State,Bovada,-21.5,-19.5,53.5,54,-1500,775
401761652,2025,regular,12,2025-11-15 20:30:00+00:00,256,James Madison,2026,App State,ESPN Bet,-19.5,-19.5,54.5,53.5,-2000,1000
401752890,2025,regular,10,2025-11-01 23:00:00+00:00,130,Michigan,2509,Purdue,DraftKings,-21,-20.5,48.5,,-1800,1000
401752890,2025,regular,10,2025-11-01 23:00:00+00:00,130,Michigan,2509,Purdue,ESPN Bet,-22.5,-21.5,48.5,50.5,-2000,1000
401752890,2025,regular,10,2025-11-01 23:00:00+00:00,130,Michigan,2509,Purdue,Bovada,-21,-21,49,51.5,-2000,950
401754542,2025,regular,4,2025-09-20 20:30:00+00:00,59,Georgia Tech,218,Temple,DraftKings,-24.5,-24.5,52.5,,-2400,1200
401754542,2025,regular,4,2025-09-20 20:30:00+00:00,59,Georgia Tech,218,Temple,Bovada,-24.5,-24,53.5,53.5,-2500,1000
401754542,2025,regular,4,2025-09-20 20:30:00+00:00,59,Georgia Tech,218,Temple,ESPN Bet,-24.5,-23.5,52.5,53.5,-3000,1200
401767066,2025,regular,10,2025-11-01 20:00:00+00:00,331,Eastern Washington,16,Sacramento State,ESPN Bet,8.5,,59.5,,,
401767730,2025,regular,10,2025-11-01 17:00:00+00:00,107,Holy Cross,322,Lafayette,ESPN Bet,3,,49.5,,,
401767199,2025,regular,11,2025-11-08 18:00:00+00:00,2197,Eastern Illinois,2635,Tennessee Tech,ESPN Bet,24.5,,52.5,,,
401756935,2025,regular,9,2025-10-25 22:00:00+00:00,277,West Virginia,2628,TCU,DraftKings,16.5,14.5,55.5,,525,-750
401756935,2025,regular,9,2025-10-25 22:00:00+00:00,277,West Virginia,2628,TCU,ESPN Bet,16.5,14.5,55.5,55.5,450,-700
401756935,2025,regular,9,2025-10-25 22:00:00+00:00,277,West Virginia,2628,TCU,Bovada,16.5,15,55.5,57,460,-675
401767035,2025,regular,9,2025-10-25 17:00:00+00:00,227,Rhode Island,2803,Bryant,ESPN Bet,-18.5,,,,,
401767722,2025,regular,8,2025-10-18 17:00:00+00:00,46,Georgetown,2142,Colgate,ESPN Bet,7,,55.5,,,
401762847,2025,regular,9,2025-10-25 19:30:00+00:00,2117,Central Michigan,113,Massachusetts,DraftKings,-16.5,-16.5,46.5,,-800,550
401762847,2025,regular,9,2025-10-25 19:30:00+00:00,2117,Central Michigan,113,Massachusetts,Bovada,-16.5,-16,46.5,47,-700,475
401762847,2025,regular,9,2025-10-25 19:30:00+00:00,2117,Central Michigan,113,Massachusetts,ESPN Bet,-17.5,-16.5,46.5,46.5,-900,550
401767145,2025,regular,9,2025-10-25 17:00:00+00:00,2448,North Carolina A&T,2097,Campbell,ESPN Bet,3,,55.5,,,
401752891,2025,regular,10,2025-11-01 16:00:00+00:00,356,Illinois,164,Rutgers,DraftKings,-13.5,-10.5,63.5,,-500,380
401752891,2025,regular,10,2025-11-01 16:00:00+00:00,356,Illinois,164,Rutgers,ESPN Bet,-12.5,-13.5,63.5,62.5,-500,360
401752891,2025,regular,10,2025-11-01 16:00:00+00:00,356,Illinois,164,Rutgers,Bovada,-13,-13,63.5,63.5,-470,345
401767193,2025,regular,10,2025-11-01 17:00:00+00:00,311,Maine,2619,Stony Brook,ESPN Bet,-1,,46.5,,,
401767086,2025,regular,10,2025-11-01 20:00:00+00:00,302,UC Davis,304,Idaho State,ESPN Bet,-11.5,,64.5,,,
401767440,2025,regular,8,2025-10-18 17:00:00+00:00,2287,Illinois State,2754,Youngstown State,ESPN Bet,-2,,56.5,,,
401767609,2025,regular,11,2025-11-08 18:00:00+00:00,2166,Davidson,2506,Presbyterian,ESPN Bet,22.5,,57.5,,,
401767073,2025,regular,5,2025-09-28 01:00:00+00:00,16,Sacramento State,13,Cal Poly,ESPN Bet,-18,,57.5,,,
401754642,2025,regular,4,2025-09-20 16:00:00+00:00,97,Louisville,189,Bowling Green,DraftKings,-26.5,-27.5,50.5,,-4000,1600
401754642,2025,regular,4,2025-09-20 16:00:00+00:00,97,Louisville,189,Bowling Green,Bovada,-26.5,-27,51,52,-6500,1300
401754642,2025,regular,4,2025-09-20 16:00:00+00:00,97,Louisville,189,Bowling Green,ESPN Bet,-25.5,-27.5,50.5,52.5,-5000,1500
401762508,2025,regular,12,2025-11-15 21:00:00+00:00,151,East Carolina,235,Memphis,DraftKings,-3,-2.5,56.5,,-148,124
401762508,2025,regular,12,2025-11-15 21:00:00+00:00,151,East Carolina,235,Memphis,Bovada,-3,-3,57,60.5,-145,125
401762508,2025,regular,12,2025-11-15 21:00:00+00:00,151,East Carolina,235,Memphis,ESPN Bet,-2.5,-2.5,57.5,60.5,-150,130
401769068,2025,regular,10,2025-11-01 17:00:00+00:00,2142,Colgate,2771,Merrimack,ESPN Bet,-7,,47.5,,,
401767534,2025,regular,10,2025-11-01 20:00:00+00:00,236,Chattanooga,2717,Western Carolina,ESPN Bet,3.5,,62.5,,,
401767703,2025,regular,11,2025-11-08 18:00:00+00:00,159,Dartmouth,163,Princeton,ESPN Bet,-10.5,,49.5,,,
401754554,2025,regular,6,2025-10-04 19:30:00+00:00,97,Louisville,258,Virginia,DraftKings,-6.5,-7.5,59.5,,-250,205
401754554,2025,regular,6,2025-10-04 19:30:00+00:00,97,Louisville,258,Virginia,Bovada,-6.5,-6,60,61.5,-225,185
401754554,2025,regular,6,2025-10-04 19:30:00+00:00,97,Louisville,258,Virginia,ESPN Bet,-6.5,-6.5,61.5,62.5,-215,180
401754592,2025,regular,12,2025-11-15 20:30:00+00:00,103,Boston College,59,Georgia Tech,DraftKings,16.5,16.5,61.5,,575,-850
401754592,2025,regular,12,2025-11-15 20:30:00+00:00,103,Boston College,59,Georgia Tech,Bovada,16.5,16.5,61,58,550,-850
401754592,2025,regular,12,2025-11-15 20:30:00+00:00,103,Boston College,59,Georgia Tech,ESPN Bet,16.5,16.5,61.5,57.5,570,-800
401756898,2025,regular,4,2025-09-20 23:30:00+00:00,151,East Carolina,252,BYU,DraftKings,6.5,9.5,49.5,,200,-245
401756898,2025,regular,4,2025-09-20 23:30:00+00:00,151,East Carolina,252,BYU,Bovada,6.5,7,50,49.5,195,-235
401756898,2025,regular,4,2025-09-20 23:30:00+00:00,151,East Carolina,252,BYU,ESPN Bet,5.5,7.5,49.5,48.5,200,-240
401762861,2025,regular,12,2025-11-15 17:00:00+00:00,2050,Ball State,2199,Eastern Michigan,DraftKings,2.5,3,48.5,,120,-142
401762861,2025,regular,12,2025-11-15 17:00:00+00:00,2050,Ball State,2199,Eastern Michigan,Bovada,3,3,49,50.5,115,-135
401762861,2025,regular,12,2025-11-15 17:00:00+00:00,2050,Ball State,2199,Eastern Michigan,ESPN Bet,2.5,2.5,48.5,49.5,125,-145
401767203,2025,regular,8,2025-10-18 17:30:00+00:00,2241,Gardner-Webb,2630,UT Martin,ESPN Bet,-8,,55.5,,,
401752888,2025,regular,10,2025-11-01 19:30:00+00:00,135,Minnesota,127,Michigan State,DraftKings,-4.5,-5.5,44.5,,-198,164
401752888,2025,regular,10,2025-11-01 19:30:00+00:00,135,Minnesota,127,Michigan State,ESPN Bet,-5.5,-5.5,44.5,44.5,-200,170
401752888,2025,regular,10,2025-11-01 19:30:00+00:00,135,Minnesota,127,Michigan State,Bovada,-3.5,-4,44.5,43.5,-165,140
401757172,2025,regular,9,2025-10-25 19:00:00+00:00,242,Rice,41,UConn,DraftKings,10.5,9.5,48.5,,295,-375
401757172,2025,regular,9,2025-10-25 19:00:00+00:00,242,Rice,41,UConn,ESPN Bet,9.5,9.5,48.5,48.5,300,-400
401757172,2025,regular,9,2025-10-25 19:00:00+00:00,242,Rice,41,UConn,Bovada,10,10,48.5,48.5,290,-380
401767729,2025,regular,9,2025-10-25 17:00:00+00:00,107,Holy Cross,2142,Colgate,ESPN Bet,-3,,51.5,,,
401767345,2025,regular,9,2025-10-25 17:00:00+00:00,2428,North Carolina Central,2169,Delaware State,ESPN Bet,-18,,63.5,,,
401756912,2025,regular,6,2025-10-04 16:00:00+00:00,2132,Cincinnati,66,Iowa State,DraftKings,-1.5,3.5,55.5,,-125,105
401756912,2025,regular,6,2025-10-04 16:00:00+00:00,2132,Cincinnati,66,Iowa State,Bovada,-2,-1.5,55.5,51.5,-115,-105
401756912,2025,regular,6,2025-10-04 16:00:00+00:00,2132,Cincinnati,66,Iowa State,ESPN Bet,-1.5,-1.5,55.5,51.5,-125,105
401767581,2025,regular,8,2025-10-18 17:30:00+00:00,2678,VMI,2535,Samford,ESPN Bet,3.5,,53.5,,,
401752903,2025,regular,12,2025-11-15 20:30:00+00:00,127,Michigan State,213,Penn State,DraftKings,7,7.5,48.5,,210,-258
401752903,2025,regular,12,2025-11-15 20:30:00+00:00,127,Michigan State,213,Penn State,Bovada,7,7,49,50.5,205,-245
401752903,2025,regular,12,2025-11-15 20:30:00+00:00,127,Michigan State,213,Penn State,ESPN Bet,6.5,7.5,49.5,48.5,215,-260
401754537,2025,regular,4,2025-09-20 16:00:00+00:00,228,Clemson,183,Syracuse,DraftKings,-17.5,-17.5,53.5,,-850,575
401754537,2025,regular,4,2025-09-20 16:00:00+00:00,228,Clemson,183,Syracuse,Bovada,-17.5,-17,54.5,55,-850,550
401754537,2025,regular,4,2025-09-20 16:00:00+00:00,228,Clemson,183,Syracuse,ESPN Bet,-17.5,-16.5,53.5,54.5,-900,550
401762850,2025,regular,10,2025-11-01 20:00:00+00:00,2711,Western Michigan,2117,Central Michigan,DraftKings,-6,-6,43.5,,-205,170
401762850,2025,regular,10,2025-11-01 20:00:00+00:00,2711,Western Michigan,2117,Central Michigan,ESPN Bet,-5.5,-6.5,43.5,41.5,-200,170
401762850,2025,regular,10,2025-11-01 20:00:00+00:00,2711,Western Michigan,2117,Central Michigan,Bovada,-5.5,-5.5,43,41.5,-185,160
401767288,2025,regular,10,2025-11-01 20:00:00+00:00,3101,Utah Tech,2453,North Alabama,ESPN Bet,-3.5,,54.5,,,
401767582,2025,regular,10,2025-11-01 17:30:00+00:00,2747,Wofford,2535,Samford,ESPN Bet,-12.5,,47.5,,,
401767443,2025,regular,11,2025-11-08 18:00:00+00:00,282,Indiana State,2287,Illinois State,ESPN Bet,10.5,,58.5,,,
401767221,2025,regular,9,2025-10-25 17:00:00+00:00,2635,Tennessee Tech,2546,Southeast Missouri State,ESPN Bet,-21.5,,60.5,,,
401767683,2025,regular,8,2025-10-18 17:30:00+00:00,171,Columbia,219,Pennsylvania,ESPN Bet,7.5,,46.5,,,
401760381,2025,regular,6,2025-10-04 16:00:00+00:00,2426,Navy,2005,Air Force,DraftKings,-13.5,-11.5,50.5,,-520,390
401760381,2025,regular,6,2025-10-04 16:00:00+00:00,2426,Navy,2005,Air Force,ESPN Bet,-13.5,-12.5,51.5,,-500,360
401760381,2025,regular,6,2025-10-04 16:00:00+00:00,2426,Navy,2005,Air Force,Bovada,-13.5,-10,51,49,-370,285
401756939,2025,regular,10,2025-11-01 17:00:00+00:00,66,Iowa State,9,Arizona State,DraftKings,-7.5,-3,48.5,,-290,235
401756939,2025,regular,10,2025-11-01 17:00:00+00:00,66,Iowa State,9,Arizona State,ESPN Bet,-8.5,-3.5,48.5,50.5,-290,240
401756939,2025,regular,10,2025-11-01 17:00:00+00:00,66,Iowa State,9,Arizona State,Bovada,-7.5,-4,48.5,50.5,-220,180
401761613,2025,regular,4,2025-09-20 19:30:00+00:00,2084,Buffalo,2653,Troy,DraftKings,-5.5,-1.5,43.5,,-225,185
401761613,2025,regular,4,2025-09-20 19:30:00+00:00,2084,Buffalo,2653,Troy,Bovada,-5.5,-7,44,43.5,-230,190
401761613,2025,regular,4,2025-09-20 19:30:00+00:00,2084,Buffalo,2653,Troy,ESPN Bet,-6.5,-6.5,43.5,42.5,-210,175
401767631,2025,regular,10,2025-11-01 18:00:00+00:00,2900,St. Thomas (MN),2368,Marist,ESPN Bet,-14,,50.5,,,
401767244,2025,regular,10,2025-11-01 20:00:00+00:00,2000,Abilene Christian,2627,Tarleton State,ESPN Bet,13.5,,60.5,,,
401767632,2025,regular,11,2025-11-08 18:00:00+00:00,2368,Marist,56,Stetson,ESPN Bet,-12.5,,47.5,,,
401767091,2025,regular,5,2025-09-28 02:15:00+00:00,149,Montana,70,Idaho,ESPN Bet,-7.5,,55.5,,,
401754541,2025,regular,4,2025-09-20 19:30:00+00:00,52,Florida State,2309,Kent State,DraftKings,-44.5,-45.5,56.5,,,
401754541,2025,regular,4,2025-09-20 19:30:00+00:00,52,Florida State,2309,Kent State,Bovada,-45,-43.5,56,56,,
401754541,2025,regular,4,2025-09-20 19:30:00+00:00,52,Florida State,2309,Kent State,ESPN Bet,-45.5,-42.5,56.5,55.5,,
401767649,2025,regular,8,2025-10-18 18:00:00+00:00,2900,St. Thomas (MN),2674,Valparaiso,ESPN Bet,-27.5,,48.5,,,
401767554,2025,regular,9,2025-10-25 17:00:00+00:00,172,Cornell,225,Brown,ESPN Bet,2.5,,50.5,,,
401757173,2025,regular,10,2025-11-01 16:00:00+00:00,41,UConn,5,UAB,DraftKings,-10,-12.5,61.5,,-375,295
401757173,2025,regular,10,2025-11-01 16:00:00+00:00,41,UConn,5,UAB,ESPN Bet,-10.5,-11.5,61.5,64.5,-380,290
401757173,2025,regular,10,2025-11-01 16:00:00+00:00,41,UConn,5,UAB,Bovada,-10.5,-11.5,61.5,64,-470,345
401767213,2025,regular,10,2025-11-01 20:30:00+00:00,2634,Tennessee State,2815,Lindenwood,ESPN Bet,3.5,,47.5,,,
401767506,2025,regular,10,2025-11-01 18:00:00+00:00,233,South Dakota,155,North Dakota,ESPN Bet,13.5,,51.5,,,
401767694,2025,regular,11,2025-11-08 18:00:00+00:00,219,Pennsylvania,172,Cornell,ESPN Bet,-8,,50.5,,,
401756936,2025,regular,10,2025-11-01 16:00:00+00:00,239,Baylor,2116,UCF,DraftKings,-3,-4.5,58.5,,-155,130
401756936,2025,regular,10,2025-11-01 16:00:00+00:00,239,Baylor,2116,UCF,ESPN Bet,-3.5,-4.5,58.5,60.5,-155,135
401756936,2025,regular,10,2025-11-01 16:00:00+00:00,239,Baylor,2116,UCF,Bovada,-3,-4.5,58.5,60.5,-210,-195
401762820,2025,regular,4,2025-09-20 19:30:00+00:00,2711,Western Michigan,2649,Toledo,DraftKings,13.5,11.5,48.5,,380,-500
401762820,2025,regular,4,2025-09-20 19:30:00+00:00,2711,Western Michigan,2649,Toledo,Bovada,13,13,48.5,51.5,430,-625
401762820,2025,regular,4,2025-09-20 19:30:00+00:00,2711,Western Michigan,2649,Toledo,ESPN Bet,11.5,13.5,48.5,52.5,380,-550
401767499,2025,regular,10,2025-11-01 21:00:00+00:00,93,Murray State,79,Southern Illinois,ESPN Bet,24.5,,58.5,,,
401767570,2025,regular,10,2025-11-01 18:00:00+00:00,231,Furman,2382,Mercer,ESPN Bet,15.5,,52.5,,,
401767599,2025,regular,11,2025-11-08 18:00:00+00:00,2413,Morehead State,2086,Butler,ESPN Bet,12.5,,47.5,,,
401754570,2025,regular,9,2025-10-25 23:30:00+00:00,97,Louisville,103,Boston College,DraftKings,-25.5,-22.5,54.5,,-2800,1300
401754570,2025,regular,9,2025-10-25 23:30:00+00:00,97,Louisville,103,Boston College,ESPN Bet,-25.5,-24.5,54.5,55.5,-4000,1500
401754570,2025,regular,9,2025-10-25 23:30:00+00:00,97,Louisville,103,Boston College,Bovada,-25.5,-24.5,54.5,55.5,-2800,1100
401767158,2025,regular,5,2025-09-28 02:00:00+00:00,302,UC Davis,2692,Weber State,ESPN Bet,-16.5,,63.5,,,
401767569,2025,regular,9,2025-10-25 18:00:00+00:00,231,Furman,2643,The Citadel,ESPN Bet,-2.5,,47.5,,,
401767630,2025,regular,8,2025-10-18 18:00:00+00:00,2413,Morehead State,2368,Marist,ESPN Bet,8.5,,46.5,,,
401767532,2025,regular,8,2025-10-18 17:30:00+00:00,236,Chattanooga,2193,East Tennessee State,ESPN Bet,4.5,,52.5,,,
401754538,2025,regular,4,2025-09-20 20:00:00+00:00,150,Duke,152,NC State,DraftKings,-3,-3,57.5,,-155,130
401754538,2025,regular,4,2025-09-20 20:00:00+00:00,150,Duke,152,NC State,Bovada,-3,-2.5,57,59.5,-130,110
401754538,2025,regular,4,2025-09-20 20:00:00+00:00,150,Duke,152,NC State,ESPN Bet,-3.5,-2.5,57.5,58.5,-150,130
401762475,2025,regular,6,2025-10-03 23:00:00+00:00,58,South Florida,2429,Charlotte,ESPN Bet,-28.5,-28.5,54.5,,-5000,1500
401762475,2025,regular,6,2025-10-03 23:00:00+00:00,58,South Florida,2429,Charlotte,DraftKings,-27.5,-26.5,54.5,,-5000,1800
401762475,2025,regular,6,2025-10-03 23:00:00+00:00,58,South Florida,2429,Charlotte,Bovada,-28,-27.5,55.5,55,-6500,1300
401752943,2025,regular,10,2025-11-01 23:30:00+00:00,204,Oregon State,265,Washington State,DraftKings,3.5,3,47.5,,142,-170
401752943,2025,regular,10,2025-11-01 23:30:00+00:00,204,Oregon State,265,Washington State,ESPN Bet,3.5,3.5,47.5,49.5,135,-155
401752943,2025,regular,10,2025-11-01 23:30:00+00:00,204,Oregon State,265,Washington State,Bovada,3,4.5,47.5,49.5,160,-185
401767716,2025,regular,10,2025-11-01 18:00:00+00:00,257,Richmond,2230,Fordham,ESPN Bet,-13.5,,48.5,,,
401767282,2025,regular,10,2025-11-01 21:00:00+00:00,2110,Central Arkansas,2198,Eastern Kentucky,ESPN Bet,-6.5,,52.5,,,
401767646,2025,regular,11,2025-11-08 18:00:00+00:00,2674,Valparaiso,301,San Diego,ESPN Bet,23.5,,48.5,,,
401754572,2025,regular,9,2025-10-25 23:00:00+00:00,2390,Miami,24,Stanford,DraftKings,-28.5,-30.5,45.5,,,
401754572,2025,regular,9,2025-10-25 23:00:00+00:00,2390,Miami,24,Stanford,ESPN Bet,-28.5,-29.5,45.5,48.5,,
401754572,2025,regular,9,2025-10-25 23:00:00+00:00,2390,Miami,24,Stanford,Bovada,-30,-30,46,48.5,,
401752883,2025,regular,9,2025-10-25 16:00:00+00:00,158,Nebraska,77,Northwestern,ESPN Bet,-7.5,-9.5,44.5,43.5,-270,220
401752883,2025,regular,9,2025-10-25 16:00:00+00:00,158,Nebraska,77,Northwestern,DraftKings,-7,-8.5,44.5,,-278,225
401752883,2025,regular,9,2025-10-25 16:00:00+00:00,158,Nebraska,77,Northwestern,Bovada,-7,-7.5,44.5,44,-285,235
401767167,2025,regular,9,2025-10-25 18:00:00+00:00,2127,Charleston Southern,2197,Eastern Illinois,ESPN Bet,-3,,46.5,,,
401761654,2025,regular,12,2025-11-15 20:30:00+00:00,2572,Southern Miss,326,Texas State,DraftKings,-3,-6.5,65.5,,-162,136
401761654,2025,regular,12,2025-11-15 20:30:00+00:00,2572,Southern Miss,326,Texas State,Bovada,-3,-6.5,66,65,-225,185
401761654,2025,regular,12,2025-11-15 20:30:00+00:00,2572,Southern Miss,326,Texas State,ESPN Bet,-3.5,-6.5,65.5,64.5,-155,135
401752715,2025,regular,4,2025-09-20 16:45:00+00:00,2633,Tennessee,5,UAB,DraftKings,-39.5,-41.5,69.5,,,
401752715,2025,regular,4,2025-09-20 16:45:00+00:00,2633,Tennessee,5,UAB,Bovada,-39,-38,68.5,67,,
401752715,2025,regular,4,2025-09-20 16:45:00+00:00,2633,Tennessee,5,UAB,ESPN Bet,-38.5,-37.5,68.5,68.5,,
401762846,2025,regular,9,2025-10-25 16:00:00+00:00,2309,Kent State,189,Bowling Green,DraftKings,7.5,10,47.5,,250,-310
401762846,2025,regular,9,2025-10-25 16:00:00+00:00,2309,Kent State,189,Bowling Green,ESPN Bet,7.5,8.5,46.5,50.5,280,-360
401762846,2025,regular,9,2025-10-25 16:00:00+00:00,2309,Kent State,189,Bowling Green,Bovada,7.5,8.5,48,51,260,-320
401767441,2025,regular,9,2025-10-25 18:00:00+00:00,233,South Dakota,2287,Illinois State,ESPN Bet,-3.5,,54.5,,,
401767497,2025,regular,8,2025-10-18 18:00:00+00:00,93,Murray State,2571,South Dakota State,ESPN Bet,37.5,,56.5,,,
401756909,2025,regular,6,2025-10-04 02:30:00+00:00,252,BYU,277,West Virginia,ESPN Bet,-19.5,-20.5,46.5,49.5,-1400,750
401756909,2025,regular,6,2025-10-04 02:30:00+00:00,252,BYU,277,West Virginia,DraftKings,-19.5,-18.5,46.5,,-1450,850
401756909,2025,regular,6,2025-10-04 02:30:00+00:00,252,BYU,277,West Virginia,Bovada,-20,-19.5,47,48,-1200,700
401757300,2025,regular,12,2025-11-16 00:00:00+00:00,2534,Sam Houston,48,Delaware,DraftKings,11.5,7,56.5,,350,-455
401757300,2025,regular,12,2025-11-16 00:00:00+00:00,2534,Sam Houston,48,Delaware,Bovada,11.5,8.5,56,56.5,270,-340
401757300,2025,regular,12,2025-11-16 00:00:00+00:00,2534,Sam Houston,48,Delaware,ESPN Bet,13.5,8.5,56.5,56.5,380,-550
401760402,2025,regular,10,2025-11-01 19:30:00+00:00,68,Boise State,278,Fresno State,DraftKings,-17.5,-17.5,47.5,,-1000,650
401760402,2025,regular,10,2025-11-01 19:30:00+00:00,68,Boise State,278,Fresno State,ESPN Bet,-17.5,-17.5,47.5,51.5,-1400,750
401760402,2025,regular,10,2025-11-01 19:30:00+00:00,68,Boise State,278,Fresno State,Bovada,-17.5,-18.5,48,51,-1100,650
401767076,2025,regular,10,2025-11-01 21:00:00+00:00,13,Cal Poly,2502,Portland State,ESPN Bet,-18,,54.5,,,
401767109,2025,regular,10,2025-11-01 18:00:00+00:00,2458,Northern Colorado,147,Montana State,ESPN Bet,23.5,,52.5,,,
401767137,2025,regular,11,2025-11-08 18:00:00+00:00,399,UAlbany,2803,Bryant,ESPN Bet,3.5,,44.5,,,
401761611,2025,regular,4,2025-09-20 23:00:00+00:00,6,South Alabama,324,Coastal Carolina,DraftKings,-14.5,-14,51.5,,-675,490
401761611,2025,regular,4,2025-09-20 23:00:00+00:00,6,South Alabama,324,Coastal Carolina,Bovada,-15,-14.5,51.5,51.5,-625,430
401761611,2025,regular,4,2025-09-20 23:00:00+00:00,6,South Alabama,324,Coastal Carolina,ESPN Bet,-14.5,-14.5,52.5,51.5,-700,450
401757275,2025,regular,6,2025-10-03 01:00:00+00:00,166,New Mexico State,2534,Sam Houston,ESPN Bet,1.5,,53.5,51.5,105,-120
401757275,2025,regular,6,2025-10-03 01:00:00+00:00,166,New Mexico State,2534,Sam Houston,DraftKings,2.5,2.5,52.5,,110,-130
401757275,2025,regular,6,2025-10-03 01:00:00+00:00,166,New Mexico State,2534,Sam Houston,Bovada,2,1.5,52,53,100,-120
401767728,2025,regular,8,2025-10-18 18:00:00+00:00,257,Richmond,107,Holy Cross,ESPN Bet,-5.5,,42.5,,,
401767498,2025,regular,9,2025-10-25 18:00:00+00:00,2754,Youngstown State,93,Murray State,ESPN Bet,-24.5,,,,,
401767464,2025,regular,10,2025-11-01 23:00:00+00:00,2545,SE Louisiana,2837,East Texas A&M,ESPN Bet,-17.5,,55.5,,,
401767585,2025,regular,10,2025-11-01 18:00:00+00:00,2643,The Citadel,2678,VMI,ESPN Bet,-14,,48.5,,,
401756897,2025,regular,4,2025-09-21 02:15:00+00:00,38,Colorado,2751,Wyoming,DraftKings,-12.5,-15.5,45.5,,-470,360
401756897,2025,regular,4,2025-09-21 02:15:00+00:00,38,Colorado,2751,Wyoming,Bovada,-12,-13.5,46,44,-550,390
401756897,2025,regular,4,2025-09-21 02:15:00+00:00,38,Colorado,2751,Wyoming,ESPN Bet,-12.5,-13.5,45.5,43.5,-450,340
401760373,2025,regular,4,2025-09-21 01:30:00+00:00,36,Colorado State,2636,UTSA,DraftKings,4.5,4.5,58.5,,180,-218
401760373,2025,regular,4,2025-09-21 01:30:00+00:00,36,Colorado State,2636,UTSA,Bovada,5,4,58.5,58,160,-185
401760373,2025,regular,4,2025-09-21 01:30:00+00:00,36,Colorado State,2636,UTSA,ESPN Bet,5.5,3.5,58.5,58.5,180,-215
401754550,2025,regular,6,2025-10-04 16:00:00+00:00,221,Pittsburgh,103,Boston College,ESPN Bet,-6.5,-4.5,54.5,54.5,-250,210
401754550,2025,regular,6,2025-10-04 16:00:00+00:00,221,Pittsburgh,103,Boston College,DraftKings,-7,-4.5,54.5,,-250,205
401754550,2025,regular,6,2025-10-04 16:00:00+00:00,221,Pittsburgh,103,Boston College,Bovada,-6.5,-6,55,57.5,-240,200
401756938,2025,regular,10,2025-11-01 16:00:00+00:00,248,Houston,277,West Virginia,DraftKings,-13.5,-15.5,48.5,,-575,425
401756938,2025,regular,10,2025-11-01 16:00:00+00:00,248,Houston,277,West Virginia,ESPN Bet,-12.5,-15.5,49.5,49.5,-650,425
401756938,2025,regular,10,2025-11-01 16:00:00+00:00,248,Houston,277,West Virginia,Bovada,-13,-14.5,48.5,49.5,-650,450
401767168,2025,regular,10,2025-11-01 18:00:00+00:00,2546,Southeast Missouri State,2127,Charleston Southern,ESPN Bet,-10.5,,50.5,,,
401767494,2025,regular,10,2025-11-01 23:00:00+00:00,2377,McNeese,2466,Northwestern State,ESPN Bet,-16.5,,48.5,,,
401767330,2025,regular,11,2025-11-08 18:00:00+00:00,119,Towson,222,Villanova,ESPN Bet,3.5,,51.5,,,
401762845,2025,regular,9,2025-10-25 19:30:00+00:00,2459,Northern Illinois,2050,Ball State,DraftKings,-6.5,-6,41.5,,-250,205
401762845,2025,regular,9,2025-10-25 19:30:00+00:00,2459,Northern Illinois,2050,Ball State,ESPN Bet,-6.5,-4.5,42.5,41.5,-240,200
401762845,2025,regular,9,2025-10-25 19:30:00+00:00,2459,Northern Illinois,2050,Ball State,Bovada,-6.5,-5,42,41.5,-220,180
401767538,2025,regular,8,2025-10-18 18:00:00+00:00,2460,Northern Iowa,233,South Dakota,ESPN Bet,6.5,,46.5,,,
401767302,2025,regular,9,2025-10-25 18:00:00+00:00,2698,West Georgia,2110,Central Arkansas,ESPN Bet,-5.5,,53.5,,,
401762874,2025,regular,9,2025-10-25 19:30:00+00:00,193,Miami (OH),2711,Western Michigan,DraftKings,-2.5,-3.5,40.5,,-125,105
401762874,2025,regular,9,2025-10-25 19:30:00+00:00,193,Miami (OH),2711,Western Michigan,ESPN Bet,-2.5,-2.5,40.5,41.5,-135,115
401762874,2025,regular,9,2025-10-25 19:30:00+00:00,193,Miami (OH),2711,Western Michigan,Bovada,-2.5,-2,40,41.5,-130,110
401767185,2025,regular,9,2025-10-25 18:00:00+00:00,2261,Hampton,2405,Monmouth,ESPN Bet,25,,68.5,,,
401767100,2025,regular,8,2025-10-18 19:00:00+00:00,149,Montana,2529,Sacred Heart,ESPN Bet,-26.5,,57.5,,,
401756899,2025,regular,4,2025-09-20 22:00:00+00:00,2305,Kansas,277,West Virginia,DraftKings,-12.5,-10.5,54.5,,-455,350
401756899,2025,regular,4,2025-09-20 22:00:00+00:00,2305,Kansas,277,West Virginia,Bovada,-12.5,-13,54,55,-460,340
401756899,2025,regular,4,2025-09-20 22:00:00+00:00,2305,Kansas,277,West Virginia,ESPN Bet,-13.5,-12.5,54.5,54.5,-500,360
401754576,2025,regular,10,2025-11-01 19:45:00+00:00,25,California,258,Virginia,DraftKings,6.5,4,52.5,,190,-230
401754576,2025,regular,10,2025-11-01 19:45:00+00:00,25,California,258,Virginia,ESPN Bet,5.5,3.5,52.5,54.5,180,-215
401754576,2025,regular,10,2025-11-01 19:45:00+00:00,25,California,258,Virginia,Bovada,6.5,4.5,52,54,160,-185
401761643,2025,regular,10,2025-11-02 00:00:00+00:00,2653,Troy,2032,Arkansas State,DraftKings,-7.5,-7,52.5,,-310,250
401761643,2025,regular,10,2025-11-02 00:00:00+00:00,2653,Troy,2032,Arkansas State,ESPN Bet,-7.5,-7.5,52.5,55.5,-320,260
401761643,2025,regular,10,2025-11-02 00:00:00+00:00,2653,Troy,2032,Arkansas State,Bovada,-8,-8,52.5,54,-285,235
401767401,2025,regular,10,2025-11-01 18:00:00+00:00,2569,South Carolina State,2415,Morgan State,ESPN Bet,-11.5,,53.5,,,
401767525,2025,regular,10,2025-11-01 23:00:00+00:00,2617,Stephen F. Austin,292,UT Rio Grande Valley,ESPN Bet,-10,,55.5,,,
401767724,2025,regular,11,2025-11-08 18:00:00+00:00,46,Georgetown,257,Richmond,ESPN Bet,5.5,,45.5,,,
401762848,2025,regular,9,2025-10-25 16:00:00+00:00,2199,Eastern Michigan,195,Ohio,DraftKings,11.5,10,60.5,,350,-455
401762848,2025,regular,9,2025-10-25 16:00:00+00:00,2199,Eastern Michigan,195,Ohio,ESPN Bet,13.5,10.5,60.5,59.5,320,-425
401762848,2025,regular,9,2025-10-25 16:00:00+00:00,2199,Eastern Michigan,195,Ohio,Bovada,12,10.5,60,59,310,-415
401767281,2025,regular,9,2025-10-25 19:00:00+00:00,2198,Eastern Kentucky,2627,Tarleton State,ESPN Bet,24,,58.5,,,
401752768,2025,regular,12,2025-11-15 17:45:00+00:00,99,LSU,8,Arkansas,DraftKings,-4,-6.5,58.5,,-185,154
401752768,2025,regular,12,2025-11-15 17:45:00+00:00,99,LSU,8,Arkansas,Bovada,-4,-6.5,58,55.5,-220,180
401752768,2025,regular,12,2025-11-15 17:45:00+00:00,99,LSU,8,Arkansas,ESPN Bet,-4.5,-5.5,58.5,55.5,-185,155
401760404,2025,regular,10,2025-11-01 19:00:00+00:00,2439,UNLV,167,New Mexico,DraftKings,-3.5,-5.5,61.5,,-180,150
401760404,2025,regular,10,2025-11-01 19:00:00+00:00,2439,UNLV,167,New Mexico,ESPN Bet,-4.5,-5.5,60.5,62.5,-150,130
401760404,2025,regular,10,2025-11-01 19:00:00+00:00,2439,UNLV,167,New Mexico,Bovada,-3.5,-5,61.5,62,-220,180
401752711,2025,regular,4,2025-09-20 19:30:00+00:00,145,Ole Miss,2655,Tulane,DraftKings,-12.5,-13.5,61.5,,-440,340
401752711,2025,regular,4,2025-09-20 19:30:00+00:00,145,Ole Miss,2655,Tulane,Bovada,-12.5,-12.5,61.5,60.5,-470,345
401752711,2025,regular,4,2025-09-20 19:30:00+00:00,145,Ole Miss,2655,Tulane,ESPN Bet,-11.5,-12.5,61.5,61.5,-500,360
401767449,2025,regular,8,2025-10-18 17:00:00+00:00,282,Indiana State,2449,North Dakota State,ESPN Bet,33.5,,56.5,,,
401754582,2025,regular,10,2025-11-01 19:30:00+00:00,24,Stanford,221,Pittsburgh,DraftKings,13.5,15.5,51.5,,425,-575
401754582,2025,regular,10,2025-11-01 19:30:00+00:00,24,Stanford,221,Pittsburgh,ESPN Bet,13.5,13.5,52.5,52.5,380,-550
401754582,2025,regular,10,2025-11-01 19:30:00+00:00,24,Stanford,221,Pittsburgh,Bovada,13.5,14,51.5,51.5,410,-585
401767442,2025,regular,10,2025-11-01 19:00:00+00:00,2287,Illinois State,2460,Northern Iowa,ESPN Bet,-12.5,,49.5,,,
401767423,2025,regular,10,2025-11-01 23:00:00+00:00,50,Florida A&M,2296,Jackson State,ESPN Bet,17,,53.5,,,
401767590,2025,regular,11,2025-11-08 18:30:00+00:00,2678,VMI,2747,Wofford,ESPN Bet,11,,44.5,,,
401767155,2025,regular,8,2025-10-18 19:30:00+00:00,2729,William & Mary,2210,Elon,ESPN Bet,1.5,,53.5,,,
401752754,2025,regular,10,2025-11-01 23:30:00+00:00,2,Auburn,96,Kentucky,DraftKings,-11.5,-10,44.5,,-470,360
401752754,2025,regular,10,2025-11-01 23:30:00+00:00,2,Auburn,96,Kentucky,ESPN Bet,-11.5,-10.5,44.5,46.5,-500,340
401752754,2025,regular,10,2025-11-01 23:30:00+00:00,2,Auburn,96,Kentucky,Bovada,-12,-10,44.5,47.5,-390,-420
401767253,2025,regular,10,2025-11-02 00:30:00+00:00,253,Southern Utah,2046,Austin Peay,ESPN Bet,1.5,,61.5,,,
401767479,2025,regular,10,2025-11-01 19:00:00+00:00,2916,Incarnate Word,2320,Lamar,ESPN Bet,-2.5,,52.5,,,
401761638,2025,regular,9,2025-10-25 23:00:00+00:00,2653,Troy,309,Louisiana,DraftKings,-7,-8.5,47.5,,-290,235
401761638,2025,regular,9,2025-10-25 23:00:00+00:00,2653,Troy,309,Louisiana,ESPN Bet,-7.5,-8.5,47.5,50.5,-275,225
401761638,2025,regular,9,2025-10-25 23:00:00+00:00,2653,Troy,309,Louisiana,Bovada,-7,-9.5,47,51,-350,275
401767764,2025,regular,9,2025-10-25 19:00:00+00:00,2598,St. Francis (PA),2523,Robert Morris,ESPN Bet,2.5,,39.5,,,
401767396,2025,regular,11,2025-11-08 18:30:00+00:00,2569,South Carolina State,47,Howard,ESPN Bet,-15.5,,49.5,,,
401752708,2025,regular,4,2025-09-20 16:00:00+00:00,235,Memphis,8,Arkansas,DraftKings,7,5.5,59.5,,220,-270
401752708,2025,regular,4,2025-09-20 16:00:00+00:00,235,Memphis,8,Arkansas,ESPN Bet,7.5,6.5,59.5,62.5,225,-275
401752708,2025,regular,4,2025-09-20 16:00:00+00:00,235,Memphis,8,Arkansas,Bovada,7,6.5,60,62.5,195,-235
401757276,2025,regular,6,2025-10-03 23:00:00+00:00,48,Delaware,98,Western Kentucky,DraftKings,-2.5,1.5,62.5,,-142,120
401757276,2025,regular,6,2025-10-03 23:00:00+00:00,48,Delaware,98,Western Kentucky,Bovada,-3,-2,63,61.5,-125,105
401757276,2025,regular,6,2025-10-03 23:00:00+00:00,48,Delaware,98,Western Kentucky,ESPN Bet,-2.5,-1.5,63.5,62.5,-130,110
401761653,2025,regular,12,2025-11-15 20:30:00+00:00,2433,UL Monroe,6,South Alabama,DraftKings,4,3.5,49.5,,154,-185
401761653,2025,regular,12,2025-11-15 20:30:00+00:00,2433,UL Monroe,6,South Alabama,Bovada,3.5,4,49.5,51.5,160,-185
401761653,2025,regular,12,2025-11-15 20:30:00+00:00,2433,UL Monroe,6,South Alabama,ESPN Bet,4.5,3.5,50.5,51.5,170,-200
401767229,2025,regular,11,2025-11-08 19:00:00+00:00,2630,UT Martin,2634,Tennessee State,ESPN Bet,-14.5,,48.5,,,
401762509,2025,regular,12,2025-11-15 21:00:00+00:00,2655,Tulane,2226,Florida Atlantic,DraftKings,-16.5,-16.5,60.5,,-800,550
401762509,2025,regular,12,2025-11-15 21:00:00+00:00,2655,Tulane,2226,Florida Atlantic,Bovada,-16.5,-16.5,60.5,63.5,-800,525
401762509,2025,regular,12,2025-11-15 21:00:00+00:00,2655,Tulane,2226,Florida Atlantic,ESPN Bet,-17.5,-16.5,61.5,62.5,-750,475
401767144,2025,regular,8,2025-10-18 19:30:00+00:00,2097,Campbell,160,New Hampshire,ESPN Bet,2.5,,52.5,,,
401757293,2025,regular,10,2025-11-01 19:30:00+00:00,2335,Liberty,48,Delaware,DraftKings,-3.5,-2.5,52.5,,-170,142
401757293,2025,regular,10,2025-11-01 19:30:00+00:00,2335,Liberty,48,Delaware,ESPN Bet,-3.5,-3.5,52.5,51.5,-185,155
401757293,2025,regular,10,2025-11-01 19:30:00+00:00,2335,Liberty,48,Delaware,Bovada,-3.5,-3,52,51,-175,150
401757169,2025,regular,4,2025-09-20 19:30:00+00:00,41,UConn,2050,Ball State,DraftKings,-21,-18.5,53.5,,-1800,1000
401757169,2025,regular,4,2025-09-20 19:30:00+00:00,41,UConn,2050,Ball State,Bovada,-21.5,-21,54,52.5,-1400,750
401757169,2025,regular,4,2025-09-20 19:30:00+00:00,41,UConn,2050,Ball State,ESPN Bet,-20.5,-20.5,53.5,52.5,-1800,900
401767228,2025,regular,9,2025-10-25 18:30:00+00:00,2634,Tennessee State,2710,Western Illinois,ESPN Bet,-3,,54.5,,,
401767702,2025,regular,10,2025-11-01 19:00:00+00:00,108,Harvard,159,Dartmouth,ESPN Bet,-11.5,,48.5,,,
401762851,2025,regular,11,2025-11-05 00:00:00+00:00,2006,Akron,113,Massachusetts,DraftKings,-12.5,-9.5,51.5,,-485,370
401762851,2025,regular,11,2025-11-05 00:00:00+00:00,2006,Akron,113,Massachusetts,ESPN Bet,-12.5,-10.5,51.5,48.5,-500,360
401762851,2025,regular,11,2025-11-05 00:00:00+00:00,2006,Akron,113,Massachusetts,Bovada,-11.5,-10,51,49,-400,300
401760384,2025,regular,6,2025-10-04 02:00:00+00:00,23,San José State,167,New Mexico,DraftKings,-1.5,-3.5,58.5,,-120,100
401760384,2025,regular,6,2025-10-04 02:00:00+00:00,23,San José State,167,New Mexico,Bovada,-2,-2.5,59.5,55.5,-140,120
401760384,2025,regular,6,2025-10-04 02:00:00+00:00,23,San José State,167,New Mexico,ESPN Bet,-2.5,-2.5,58.5,57.5,-125,105
401761637,2025,regular,9,2025-10-25 19:30:00+00:00,2572,Southern Miss,2433,UL Monroe,DraftKings,-14,-10,48.5,,-600,440
401761637,2025,regular,9,2025-10-25 19:30:00+00:00,2572,Southern Miss,2433,UL Monroe,ESPN Bet,-13.5,-10.5,48.5,48.5,-600,400
401761637,2025,regular,9,2025-10-25 19:30:00+00:00,2572,Southern Miss,2433,UL Monroe,Bovada,-14,-11.5,49,50.5,-480,350
401767472,2025,regular,9,2025-10-25 19:00:00+00:00,2277,Houston Christian,2545,SE Louisiana,ESPN Bet,21.5,,52.5,,,
401752712,2025,regular,4,2025-09-20 20:15:00+00:00,344,Mississippi State,2459,Northern Illinois,DraftKings,-23.5,-21.5,48.5,,-2400,1200
401752712,2025,regular,4,2025-09-20 20:15:00+00:00,344,Mississippi State,2459,Northern Illinois,Bovada,-24,-22,48,49,-1900,900
401752712,2025,regular,4,2025-09-20 20:15:00+00:00,344,Mississippi State,2459,Northern Illinois,ESPN Bet,-24.5,-22.5,48.5,49.5,-2500,1100
401767321,2025,regular,8,2025-10-18 19:30:00+00:00,399,UAlbany,227,Rhode Island,ESPN Bet,13.5,,47.5,,,
401762853,2025,regular,11,2025-11-06 00:00:00+00:00,2050,Ball State,2309,Kent State,DraftKings,-3,-3,48.5,,-155,130
401762853,2025,regular,11,2025-11-06 00:00:00+00:00,2050,Ball State,2309,Kent State,ESPN Bet,-3.5,-3.5,48.5,46.5,-155,135
401762853,2025,regular,11,2025-11-06 00:00:00+00:00,2050,Ball State,2309,Kent State,Bovada,-3,-2.5,48,45.5,-130,110
401767206,2025,regular,11,2025-11-08 18:30:00+00:00,2241,Gardner-Webb,2546,Southeast Missouri State,ESPN Bet,-4.5,,56.5,,,
401752756,2025,regular,10,2025-11-01 23:00:00+00:00,145,Ole Miss,2579,South Carolina,DraftKings,-12.5,-13.5,55.5,,-500,380
401752756,2025,regular,10,2025-11-01 23:00:00+00:00,145,Ole Miss,2579,South Carolina,ESPN Bet,-13.5,-14.5,56.5,53.5,-550,380
401752756,2025,regular,10,2025-11-01 23:00:00+00:00,145,Ole Miss,2579,South Carolina,Bovada,-13,-13.5,55.5,54.5,-490,355
401767451,2025,regular,10,2025-11-01 19:00:00+00:00,2571,South Dakota State,282,Indiana State,ESPN Bet,-31,,53.5,,,
401760400,2025,regular,9,2025-10-25 19:00:00+00:00,167,New Mexico,328,Utah State,DraftKings,-3,-1.5,61.5,,-155,130
401760400,2025,regular,9,2025-10-25 19:00:00+00:00,167,New Mexico,328,Utah State,ESPN Bet,-2.5,-1.5,60.5,62.5,-145,125
401760400,2025,regular,9,2025-10-25 19:00:00+00:00,167,New Mexico,328,Utah State,Bovada,-3,-2.5,61,62.5,-130,110
401767539,2025,regular,9,2025-10-25 19:00:00+00:00,79,Southern Illinois,2460,Northern Iowa,ESPN Bet,-15,,50.5,,,
401754539,2025,regular,4,2025-09-20 23:30:00+00:00,258,Virginia,24,Stanford,DraftKings,-16.5,-14.5,48.5,,-750,525
401754539,2025,regular,4,2025-09-20 23:30:00+00:00,258,Virginia,24,Stanford,Bovada,-15.5,-16,48.5,49,-800,525
401754539,2025,regular,4,2025-09-20 23:30:00+00:00,258,Virginia,24,Stanford,ESPN Bet,-16.5,-16.5,49.5,48.5,-800,500
401767166,2025,regular,8,2025-10-18 20:00:00+00:00,2710,Western Illinois,2127,Charleston Southern,ESPN Bet,2,,55.5,,,
401757294,2025,regular,10,2025-11-01 19:30:00+00:00,98,Western Kentucky,166,New Mexico State,DraftKings,-7.5,-9.5,53.5,,-298,240
401757294,2025,regular,10,2025-11-01 19:30:00+00:00,98,Western Kentucky,166,New Mexico State,ESPN Bet,-7.5,-9.5,54.5,53.5,-290,240
401757294,2025,regular,10,2025-11-01 19:30:00+00:00,98,Western Kentucky,166,New Mexico State,Bovada,-7.5,-8.5,53.5,54.5,-340,270
401762500,2025,regular,11,2025-11-07 00:30:00+00:00,58,South Florida,2636,UTSA,DraftKings,-14,-12.5,66.5,,-600,440
401762500,2025,regular,11,2025-11-07 00:30:00+00:00,58,South Florida,2636,UTSA,ESPN Bet,-13.5,-13.5,66.5,67.5,-650,425
401762500,2025,regular,11,2025-11-07 00:30:00+00:00,58,South Florida,2636,UTSA,Bovada,-14,-13,68,68.5,-525,375
401767177,2025,regular,11,2025-11-08 19:00:00+00:00,2210,Elon,227,Rhode Island,ESPN Bet,4.5,,49.5,,,
401756948,2025,regular,12,2025-11-15 18:00:00+00:00,9,Arizona State,277,West Virginia,DraftKings,-10,-10.5,46.5,,-380,300
401756948,2025,regular,12,2025-11-15 18:00:00+00:00,9,Arizona State,277,West Virginia,Bovada,-10,-11,46.5,47.5,-435,325
401756948,2025,regular,12,2025-11-15 18:00:00+00:00,9,Arizona State,277,West Virginia,ESPN Bet,-9.5,-10.5,46.5,47.5,-380,290
401761644,2025,regular,11,2025-11-07 00:30:00+00:00,2026,App State,290,Georgia Southern,DraftKings,-4.5,-5.5,62.5,,-198,164
401761644,2025,regular,11,2025-11-07 00:30:00+00:00,2026,App State,290,Georgia Southern,ESPN Bet,-4.5,-5.5,61.5,62.5,-190,160
401761644,2025,regular,11,2025-11-07 00:30:00+00:00,2026,App State,290,Georgia Southern,Bovada,-5,-6,61.5,62.5,-220,180
401767500,2025,regular,11,2025-11-08 19:00:00+00:00,2460,Northern Iowa,93,Murray State,ESPN Bet,-12.5,,49.5,,,
401761641,2025,regular,10,2025-11-01 19:30:00+00:00,2433,UL Monroe,295,Old Dominion,DraftKings,16.5,14,55.5,,575,-850
401761641,2025,regular,10,2025-11-01 19:30:00+00:00,2433,UL Monroe,295,Old Dominion,ESPN Bet,16.5,14.5,55.5,53.5,550,-900
401761641,2025,regular,10,2025-11-01 19:30:00+00:00,2433,UL Monroe,295,Old Dominion,Bovada,17,15,55.5,53.5,550,-850
401757262,2025,regular,4,2025-09-20 19:30:00+00:00,2335,Liberty,256,James Madison,DraftKings,7.5,10.5,46.5,,240,-298
401757262,2025,regular,4,2025-09-20 19:30:00+00:00,2335,Liberty,256,James Madison,Bovada,7.5,10.5,47,48.5,290,-380
401757262,2025,regular,4,2025-09-20 19:30:00+00:00,2335,Liberty,256,James Madison,ESPN Bet,7.5,11.5,46.5,49.5,260,-320
401760374,2025,regular,4,2025-09-21 03:59:00+00:00,62,Hawai'i,278,Fresno State,DraftKings,2.5,3.5,47.5,,110,-130
401760374,2025,regular,4,2025-09-21 03:59:00+00:00,62,Hawai'i,278,Fresno State,Bovada,2.5,3.5,47,47.5,145,-170
401760374,2025,regular,4,2025-09-21 03:59:00+00:00,62,Hawai'i,278,Fresno State,ESPN Bet,2.5,3.5,47.5,47.5,115,-135
401767065,2025,regular,9,2025-10-25 19:00:00+00:00,2692,Weber State,331,Eastern Washington,ESPN Bet,1.5,,57.5,,,
401760382,2025,regular,6,2025-10-04 02:30:00+00:00,21,San Diego State,36,Colorado State,DraftKings,-4.5,-5.5,40.5,,-192,160
401760382,2025,regular,6,2025-10-04 02:30:00+00:00,21,San Diego State,36,Colorado State,Bovada,-4.5,-6,40.5,39,-200,170
401760382,2025,regular,6,2025-10-04 02:30:00+00:00,21,San Diego State,36,Colorado State,ESPN Bet,-4.5,-5.5,40.5,38.5,-190,160
401767485,2025,regular,8,2025-10-18 20:00:00+00:00,2320,Lamar,292,UT Rio Grande Valley,ESPN Bet,-3.5,,51.5,,,
401760411,2025,regular,12,2025-11-15 20:00:00+00:00,167,New Mexico,36,Colorado State,DraftKings,-15.5,-12.5,53.5,,-700,500
401760411,2025,regular,12,2025-11-15 20:00:00+00:00,167,New Mexico,36,Colorado State,Bovada,-15,-14.5,54,53.5,,-625
401760411,2025,regular,12,2025-11-15 20:00:00+00:00,167,New Mexico,36,Colorado State,ESPN Bet,-15.5,-14.5,53.5,53.5,-1000,600
401756940,2025,regular,10,2025-11-01 20:00:00+00:00,2305,Kansas,197,Oklahoma State,DraftKings,-24.5,-24.5,54.5,,-2800,1300
401756940,2025,regular,10,2025-11-01 20:00:00+00:00,2305,Kansas,197,Oklahoma State,ESPN Bet,-24.5,-24.5,53.5,55.5,-4000,1300
401756940,2025,regular,10,2025-11-01 20:00:00+00:00,2305,Kansas,197,Oklahoma State,Bovada,-25,-24.5,54.5,58,-3500,1100
401760399,2025,regular,9,2025-10-25 19:30:00+00:00,278,Fresno State,21,San Diego State,DraftKings,3,2.5,46.5,,130,-155
401760399,2025,regular,9,2025-10-25 19:30:00+00:00,278,Fresno State,21,San Diego State,ESPN Bet,3.5,2.5,45.5,48.5,135,-155
401760399,2025,regular,9,2025-10-25 19:30:00+00:00,278,Fresno State,21,San Diego State,Bovada,3,2.5,46,48.5,140,-165
401752940,2025,regular,6,2025-10-04 19:30:00+00:00,2026,App State,204,Oregon State,DraftKings,-1.5,-1.5,53.5,,-122,102
401752940,2025,regular,6,2025-10-04 19:30:00+00:00,2026,App State,204,Oregon State,Bovada,-2,1.5,53.5,55,100,-120
401752940,2025,regular,6,2025-10-04 19:30:00+00:00,2026,App State,204,Oregon State,ESPN Bet,-2.5,-2.5,54.5,54.5,-125,105
401767577,2025,regular,9,2025-10-25 19:00:00+00:00,2382,Mercer,2678,VMI,ESPN Bet,-27.5,,51.5,,,
401757259,2025,regular,4,2025-09-20 22:00:00+00:00,2229,Florida International,48,Delaware,DraftKings,-4,-2.5,54.5,,-180,150
401757259,2025,regular,4,2025-09-20 22:00:00+00:00,2229,Florida International,48,Delaware,Bovada,-4,-4.5,55.5,54.5,-200,170
401757259,2025,regular,4,2025-09-20 22:00:00+00:00,2229,Florida International,48,Delaware,ESPN Bet,-5.5,-4.5,54.5,54.5,-190,160
401767373,2025,regular,8,2025-10-18 20:00:00+00:00,50,Florida A&M,2016,Alcorn State,ESPN Bet,-4.5,,45.5,,,
401757302,2025,regular,12,2025-11-16 01:00:00+00:00,55,Jacksonville State,338,Kennesaw State,DraftKings,3.5,2.5,56.5,,160,-192
401757302,2025,regular,12,2025-11-16 01:00:00+00:00,55,Jacksonville State,338,Kennesaw State,Bovada,4,2.5,56,51.5,110,-130
401757302,2025,regular,12,2025-11-16 01:00:00+00:00,55,Jacksonville State,338,Kennesaw State,ESPN Bet,3.5,2.5,55.5,51.5,140,-165
401762854,2025,regular,11,2025-11-06 00:00:00+00:00,2649,Toledo,2459,Northern Illinois,DraftKings,-14.5,-14.5,42.5,,-650,470
401762854,2025,regular,11,2025-11-06 00:00:00+00:00,2649,Toledo,2459,Northern Illinois,ESPN Bet,-15.5,-14.5,41.5,42.5,-750,475
401762854,2025,regular,11,2025-11-06 00:00:00+00:00,2649,Toledo,2459,Northern Illinois,Bovada,-15.5,-14.5,42,41.5,-625,430
401767480,2025,regular,11,2025-11-08 19:00:00+00:00,2466,Northwestern State,2916,Incarnate Word,ESPN Bet,24.5,,54.5,,,
401757261,2025,regular,4,2025-09-20 22:00:00+00:00,338,Kennesaw State,2032,Arkansas State,DraftKings,4.5,6.5,57.5,,160,-192
401757261,2025,regular,4,2025-09-20 22:00:00+00:00,338,Kennesaw State,2032,Arkansas State,Bovada,4.5,7,58,54.5,210,-250
401757261,2025,regular,4,2025-09-20 22:00:00+00:00,338,Kennesaw State,2032,Arkansas State,ESPN Bet,4.5,7.5,58.5,54.5,165,-195
401767212,2025,regular,8,2025-10-18 18:00:00+00:00,2815,Lindenwood,2635,Tennessee Tech,ESPN Bet,16.5,,54.5,,,
401767124,2025,regular,9,2025-10-25 19:00:00+00:00,2458,Northern Colorado,302,UC Davis,ESPN Bet,8.5,,57.5,,,
401752886,2025,regular,9,2025-10-25 23:00:00+00:00,2483,Oregon,275,Wisconsin,DraftKings,-31.5,-33.5,44.5,,,
401752886,2025,regular,9,2025-10-25 23:00:00+00:00,2483,Oregon,275,Wisconsin,ESPN Bet,-31.5,-34.5,45.5,43.5,,
401752886,2025,regular,9,2025-10-25 23:00:00+00:00,2483,Oregon,275,Wisconsin,Bovada,-31,-34,45,46,,
401767204,2025,regular,9,2025-10-25 19:00:00+00:00,2815,Lindenwood,2241,Gardner-Webb,ESPN Bet,1.5,,57.5,,,
401757304,2025,regular,12,2025-11-15 20:00:00+00:00,2623,Missouri State,2638,UTEP,DraftKings,-6.5,-4.5,47.5,,-258,210
401757304,2025,regular,12,2025-11-15 20:00:00+00:00,2623,Missouri State,2638,UTEP,Bovada,-6.5,-4,48.5,50.5,-195,165
401757304,2025,regular,12,2025-11-15 20:00:00+00:00,2623,Missouri State,2638,UTEP,ESPN Bet,-7.5,-4.5,48.5,50.5,-250,210
401760405,2025,regular,10,2025-11-01 23:00:00+00:00,21,San Diego State,2751,Wyoming,DraftKings,-10,-10,42.5,,-375,295
401760405,2025,regular,10,2025-11-01 23:00:00+00:00,21,San Diego State,2751,Wyoming,ESPN Bet,-10.5,-10.5,41.5,42.5,-450,340
401760405,2025,regular,10,2025-11-01 23:00:00+00:00,21,San Diego State,2751,Wyoming,Bovada,-9.5,-11,42,41.5,-440,330
401761619,2025,regular,6,2025-10-04 22:00:00+00:00,295,Old Dominion,324,Coastal Carolina,DraftKings,-18.5,-15,53.5,,-1000,650
401761619,2025,regular,6,2025-10-04 22:00:00+00:00,295,Old Dominion,324,Coastal Carolina,Bovada,-20,-17.5,53,55,-950,600
401761619,2025,regular,6,2025-10-04 22:00:00+00:00,295,Old Dominion,324,Coastal Carolina,ESPN Bet,-18.5,-17.5,53.5,55.5,-1200,700
401752896,2025,regular,11,2025-11-08 02:00:00+00:00,30,USC,77,Northwestern,DraftKings,-14.5,-16.5,54.5,,-650,470
401752896,2025,regular,11,2025-11-08 02:00:00+00:00,30,USC,77,Northwestern,ESPN Bet,-14.5,-15.5,54.5,51.5,-800,500
401752896,2025,regular,11,2025-11-08 02:00:00+00:00,30,USC,77,Northwestern,Bovada,-14.5,-15,54,51.5,-650,450
401767521,2025,regular,8,2025-10-18 21:00:00+00:00,2545,SE Louisiana,2466,Northwestern State,ESPN Bet,-31,,53.5,,,
401757268,2025,regular,4,2025-09-20 23:00:00+00:00,98,Western Kentucky,2440,Nevada,DraftKings,-8.5,-12.5,54.5,,-325,260
401757268,2025,regular,4,2025-09-20 23:00:00+00:00,98,Western Kentucky,2440,Nevada,Bovada,-7.5,-11.5,54.5,54.5,-430,320
401757268,2025,regular,4,2025-09-20 23:00:00+00:00,98,Western Kentucky,2440,Nevada,ESPN Bet,-7.5,-10.5,54.5,54.5,-320,260
401767507,2025,regular,11,2025-11-08 19:00:00+00:00,155,North Dakota,2449,North Dakota State,ESPN Bet,10.5,,53.5,,,
401767384,2025,regular,9,2025-10-25 19:00:00+00:00,2065,Bethune-Cookman,2029,Arkansas-Pine Bluff,ESPN Bet,-13.5,,56.5,,,
401760403,2025,regular,10,2025-11-02 02:30:00+00:00,23,San José State,62,Hawai'i,DraftKings,-2.5,-1.5,55.5,,-130,110
401760403,2025,regular,10,2025-11-02 02:30:00+00:00,23,San José State,62,Hawai'i,ESPN Bet,-2.5,-2.5,55.5,55.5,-130,110
401760403,2025,regular,10,2025-11-02 02:30:00+00:00,23,San José State,62,Hawai'i,Bovada,-2.5,-2.5,56,57,-130,110
401752760,2025,regular,11,2025-11-09 00:30:00+00:00,96,Kentucky,57,Florida,DraftKings,4.5,4.5,44.5,,170,-205
401752760,2025,regular,11,2025-11-09 00:30:00+00:00,96,Kentucky,57,Florida,ESPN Bet,5.5,4.5,44.5,44.5,160,-190
401752760,2025,regular,11,2025-11-09 00:30:00+00:00,96,Kentucky,57,Florida,Bovada,4.5,3.5,44.5,45.5,145,-170
401767214,2025,regular,11,2025-11-08 19:00:00+00:00,2710,Western Illinois,2815,Lindenwood,ESPN Bet,7.5,,57.5,,,
401760372,2025,regular,4,2025-09-20 23:00:00+00:00,2005,Air Force,68,Boise State,DraftKings,10.5,8.5,51.5,,300,-380
401760372,2025,regular,4,2025-09-20 23:00:00+00:00,2005,Air Force,68,Boise State,Bovada,11,9,52,51.5,275,-350
401760372,2025,regular,4,2025-09-20 23:00:00+00:00,2005,Air Force,68,Boise State,ESPN Bet,11.5,8.5,51.5,51.5,320,-425
401752952,2025,regular,9,2025-10-25 19:30:00+00:00,265,Washington State,2649,Toledo,DraftKings,1.5,1.5,44.5,,105,-125
401752952,2025,regular,9,2025-10-25 19:30:00+00:00,265,Washington State,2649,Toledo,ESPN Bet,1.5,-1.5,45.5,50.5,105,-125
401752952,2025,regular,9,2025-10-25 19:30:00+00:00,265,Washington State,2649,Toledo,Bovada,2,-1.5,44.5,51,-120,100
401767434,2025,regular,8,2025-10-18 21:00:00+00:00,2582,Southern,2504,Prairie View A&M,ESPN Bet,8.5,,46.5,,,
401760410,2025,regular,12,2025-11-16 03:30:00+00:00,21,San Diego State,68,Boise State,DraftKings,-1.5,-1.5,41.5,,-125,105
401760410,2025,regular,12,2025-11-16 03:30:00+00:00,21,San Diego State,68,Boise State,Bovada,-2,-2.5,41.5,42.5,-140,120
401760410,2025,regular,12,2025-11-16 03:30:00+00:00,21,San Diego State,68,Boise State,ESPN Bet,-2.5,-2.5,43.5,41.5,-125,105
401760413,2025,regular,12,2025-11-15 20:30:00+00:00,2440,Nevada,23,San José State,DraftKings,10,8.5,49.5,,295,-375
401760413,2025,regular,12,2025-11-15 20:30:00+00:00,2440,Nevada,23,San José State,Bovada,9.5,8.5,49.5,52.5,255,-310
401760413,2025,regular,12,2025-11-15 20:30:00+00:00,2440,Nevada,23,San José State,ESPN Bet,9.5,8.5,49.5,52.5,300,-400
401767548,2025,regular,11,2025-11-08 19:00:00+00:00,2754,Youngstown State,79,Southern Illinois,ESPN Bet,-5,,59.5,,,
401762830,2025,regular,6,2025-10-04 16:00:00+00:00,2050,Ball State,195,Ohio,DraftKings,14,17.5,52.5,,440,-600
401762830,2025,regular,6,2025-10-04 16:00:00+00:00,2050,Ball State,195,Ohio,Bovada,14,16.5,51.5,51.5,500,-750
401762830,2025,regular,6,2025-10-04 16:00:00+00:00,2050,Ball State,195,Ohio,ESPN Bet,14.5,16.5,52.5,51.5,475,-750
401767128,2025,regular,8,2025-10-18 21:00:00+00:00,2502,Portland State,2692,Weber State,ESPN Bet,6,,53.5,,,
401756937,2025,regular,10,2025-11-01 23:00:00+00:00,38,Colorado,12,Arizona,DraftKings,4,4.5,52.5,,154,-185
401756937,2025,regular,10,2025-11-01 23:00:00+00:00,38,Colorado,12,Arizona,ESPN Bet,3.5,5.5,51.5,53.5,155,-185
401756937,2025,regular,10,2025-11-01 23:00:00+00:00,38,Colorado,12,Arizona,Bovada,3.5,4.5,52.5,52.5,175,-210
401752771,2025,regular,12,2025-11-15 21:15:00+00:00,2633,Tennessee,166,New Mexico State,DraftKings,-41.5,-39.5,59.5,,,
401752771,2025,regular,12,2025-11-15 21:15:00+00:00,2633,Tennessee,166,New Mexico State,Bovada,-41.5,-38.5,60,61.5,,
401752771,2025,regular,12,2025-11-15 21:15:00+00:00,2633,Tennessee,166,New Mexico State,ESPN Bet,-41.5,-38.5,60.5,61.5,,
401752716,2025,regular,4,2025-09-20 23:30:00+00:00,238,Vanderbilt,2247,Georgia State,DraftKings,-27.5,-26.5,53.5,,-4500,1700
401752716,2025,regular,4,2025-09-20 23:30:00+00:00,238,Vanderbilt,2247,Georgia State,Bovada,-28,-27,53.5,53,-5000,1300
401752716,2025,regular,4,2025-09-20 23:30:00+00:00,238,Vanderbilt,2247,Georgia State,ESPN Bet,-26.5,-26.5,52.5,53.5,-5000,1500
401762493,2025,regular,9,2025-10-25 19:30:00+00:00,2426,Navy,2226,Florida Atlantic,DraftKings,-14.5,-14.5,63.5,,-675,490
401762493,2025,regular,9,2025-10-25 19:30:00+00:00,2426,Navy,2226,Florida Atlantic,ESPN Bet,-14.5,-14.5,63.5,62.5,-700,450
401762493,2025,regular,9,2025-10-25 19:30:00+00:00,2426,Navy,2226,Florida Atlantic,Bovada,-14.5,-14,63.5,63,-625,430
401767561,2025,regular,9,2025-10-25 19:30:00+00:00,2193,East Tennessee State,2747,Wofford,ESPN Bet,-9,,50.5,,,
401752897,2025,regular,11,2025-11-08 18:00:00+00:00,2509,Purdue,194,Ohio State,DraftKings,29.5,28.5,49.5,,1700,-4500
401752897,2025,regular,11,2025-11-08 18:00:00+00:00,2509,Purdue,194,Ohio State,ESPN Bet,30.5,,49.5,48.5,3000,-20000
401752897,2025,regular,11,2025-11-08 18:00:00+00:00,2509,Purdue,194,Ohio State,Bovada,29,28.5,50,48.5,,
401767409,2025,regular,11,2025-11-08 19:00:00+00:00,2428,North Carolina Central,2450,Norfolk State,ESPN Bet,-25.5,,56.5,,,
401757263,2025,regular,4,2025-09-20 23:30:00+00:00,2348,Louisiana Tech,2572,Southern Miss,DraftKings,-3,-3,51.5,,-155,130
401757263,2025,regular,4,2025-09-20 23:30:00+00:00,2348,Louisiana Tech,2572,Southern Miss,Bovada,-3,-1.5,51.5,51.5,-145,125
401757263,2025,regular,4,2025-09-20 23:30:00+00:00,2348,Louisiana Tech,2572,Southern Miss,ESPN Bet,-3.5,-2.5,50.5,51.5,-150,130
401757303,2025,regular,12,2025-11-15 20:30:00+00:00,98,Western Kentucky,2393,Middle Tennessee,DraftKings,-13.5,-13.5,51.5,,-550,410
401757303,2025,regular,12,2025-11-15 20:30:00+00:00,98,Western Kentucky,2393,Middle Tennessee,Bovada,-13.5,-14,52.5,56,-550,390
401757303,2025,regular,12,2025-11-15 20:30:00+00:00,98,Western Kentucky,2393,Middle Tennessee,ESPN Bet,-13.5,-13.5,51.5,56.5,-600,400
401756933,2025,regular,9,2025-10-25 20:00:00+00:00,2641,Texas Tech,197,Oklahoma State,DraftKings,-37.5,-36.5,56.5,,,
401756933,2025,regular,9,2025-10-25 20:00:00+00:00,2641,Texas Tech,197,Oklahoma State,ESPN Bet,-35.5,-38.5,56.5,56.5,,
401756933,2025,regular,9,2025-10-25 20:00:00+00:00,2641,Texas Tech,197,Oklahoma State,Bovada,-38,-39,56,57,,
401762829,2025,regular,6,2025-10-04 19:30:00+00:00,2006,Akron,2117,Central Michigan,DraftKings,7,7,47.5,,220,-270
401762829,2025,regular,6,2025-10-04 19:30:00+00:00,2006,Akron,2117,Central Michigan,Bovada,7.5,6.5,47.5,45.5,210,-250
401762829,2025,regular,6,2025-10-04 19:30:00+00:00,2006,Akron,2117,Central Michigan,ESPN Bet,6.5,7.5,47.5,44.5,220,-270
401767383,2025,regular,8,2025-10-18 19:00:00+00:00,2029,Arkansas-Pine Bluff,2755,Grambling,ESPN Bet,8,,54.5,,,
401767325,2025,regular,9,2025-10-25 19:30:00+00:00,2619,Stony Brook,119,Towson,ESPN Bet,-3,,52.5,,,
401752753,2025,regular,10,2025-11-01 20:00:00+00:00,8,Arkansas,344,Mississippi State,DraftKings,-5.5,-3.5,66.5,,-205,170
401752753,2025,regular,10,2025-11-01 20:00:00+00:00,8,Arkansas,344,Mississippi State,ESPN Bet,-5.5,-3.5,66.5,67.5,-195,165
401752753,2025,regular,10,2025-11-01 20:00:00+00:00,8,Arkansas,344,Mississippi State,Bovada,-5,-4.5,66.5,68.5,-180,155
401762852,2025,regular,11,2025-11-05 00:00:00+00:00,195,Ohio,193,Miami (OH),ESPN Bet,-2.5,-3.5,50.5,50.5,-140,120
401762852,2025,regular,11,2025-11-05 00:00:00+00:00,195,Ohio,193,Miami (OH),Bovada,-3,-3.5,51,49.5,-175,150
401762852,2025,regular,11,2025-11-05 00:00:00+00:00,195,Ohio,193,Miami (OH),DraftKings,-2.5,-3.5,50.5,,-148,124
401760412,2025,regular,12,2025-11-16 03:30:00+00:00,278,Fresno State,2751,Wyoming,DraftKings,-3,-4.5,40.5,,-148,124
401760412,2025,regular,12,2025-11-16 03:30:00+00:00,278,Fresno State,2751,Wyoming,Bovada,-3,-4,40.5,39.5,-195,165
401760412,2025,regular,12,2025-11-16 03:30:00+00:00,278,Fresno State,2751,Wyoming,ESPN Bet,-2.5,-4.5,40.5,39.5,-140,120
401761636,2025,regular,9,2025-10-25 23:00:00+00:00,2032,Arkansas State,290,Georgia Southern,DraftKings,1.5,-3,59.5,,-110,-110
401761636,2025,regular,9,2025-10-25 23:00:00+00:00,2032,Arkansas State,290,Georgia Southern,ESPN Bet,-1.5,-2.5,59.5,62.5,-105,-115
401761636,2025,regular,9,2025-10-25 23:00:00+00:00,2032,Arkansas State,290,Georgia Southern,Bovada,1,-2,59.5,62.5,-135,115
401767334,2025,regular,9,2025-10-25 19:30:00+00:00,222,Villanova,399,UAlbany,ESPN Bet,-31.5,,51.5,,,
401761640,2025,regular,10,2025-10-30 23:30:00+00:00,324,Coastal Carolina,276,Marshall,ESPN Bet,7.5,4.5,55.5,55.5,220,-270
401761640,2025,regular,10,2025-10-30 23:30:00+00:00,324,Coastal Carolina,276,Marshall,Bovada,7,4,54.5,54,155,-180
401761640,2025,regular,10,2025-10-30 23:30:00+00:00,324,Coastal Carolina,276,Marshall,DraftKings,7,3,55.5,,220,-270
401767365,2025,regular,11,2025-11-08 20:00:00+00:00,2011,Alabama State,2640,Texas Southern,ESPN Bet,-17.5,,53.5,,,
401762831,2025,regular,6,2025-10-04 19:30:00+00:00,2084,Buffalo,2199,Eastern Michigan,DraftKings,-9.5,-9.5,53.5,,-325,260
401762831,2025,regular,6,2025-10-04 19:30:00+00:00,2084,Buffalo,2199,Eastern Michigan,Bovada,-9.5,-9.5,53.5,48.5,-350,275
401762831,2025,regular,6,2025-10-04 19:30:00+00:00,2084,Buffalo,2199,Eastern Michigan,ESPN Bet,-9.5,-10.5,53.5,,-380,290
401767753,2025,regular,8,2025-10-18 22:00:00+00:00,2385,Mercyhurst,2184,Duquesne,ESPN Bet,3,,51.5,,,
401757264,2025,regular,4,2025-09-20 23:00:00+00:00,2393,Middle Tennessee,276,Marshall,DraftKings,2.5,4.5,46.5,,114,-135
401757264,2025,regular,4,2025-09-20 23:00:00+00:00,2393,Middle Tennessee,276,Marshall,Bovada,2.5,3,46.5,47,115,-135
401757264,2025,regular,4,2025-09-20 23:00:00+00:00,2393,Middle Tennessee,276,Marshall,ESPN Bet,2.5,3.5,45.5,46.5,110,-130
401757301,2025,regular,12,2025-11-15 22:00:00+00:00,2229,Florida International,2335,Liberty,DraftKings,2.5,4,51.5,,110,-130
401757301,2025,regular,12,2025-11-15 22:00:00+00:00,2229,Florida International,2335,Liberty,Bovada,2.5,3,51.5,54.5,120,-140
401757301,2025,regular,12,2025-11-15 22:00:00+00:00,2229,Florida International,2335,Liberty,ESPN Bet,4.5,2.5,53.5,53.5,120,-140
401752723,2025,regular,4,2025-09-21 00:00:00+00:00,251,Texas,2534,Sam Houston,DraftKings,-39.5,-40.5,51.5,,,
401752723,2025,regular,4,2025-09-21 00:00:00+00:00,251,Texas,2534,Sam Houston,Bovada,-39.5,-41.5,51.5,51.5,,
401752723,2025,regular,4,2025-09-21 00:00:00+00:00,251,Texas,2534,Sam Houston,ESPN Bet,-39.5,-41.5,51.5,51.5,,
401754556,2025,regular,6,2025-10-04 17:00:00+00:00,259,Virginia Tech,154,Wake Forest,DraftKings,-4.5,-5.5,51.5,,-198,164
401754556,2025,regular,6,2025-10-04 17:00:00+00:00,259,Virginia Tech,154,Wake Forest,Bovada,-6,-5,51,50.5,-220,180
401754556,2025,regular,6,2025-10-04 17:00:00+00:00,259,Virginia Tech,154,Wake Forest,ESPN Bet,-4.5,-6.5,51.5,50.5,-190,160
401767227,2025,regular,8,2025-10-18 21:30:00+00:00,2634,Tennessee State,47,Howard,ESPN Bet,2,,41.5,,,
401760398,2025,regular,9,2025-10-25 23:30:00+00:00,2751,Wyoming,36,Colorado State,DraftKings,-5.5,-3.5,46.5,,-218,180
401760398,2025,regular,9,2025-10-25 23:30:00+00:00,2751,Wyoming,36,Colorado State,ESPN Bet,-5.5,-4.5,46.5,45.5,-210,175
401760398,2025,regular,9,2025-10-25 23:30:00+00:00,2751,Wyoming,36,Colorado State,Bovada,-6,-5,46.5,46.5,-220,180
401767533,2025,regular,9,2025-10-25 19:30:00+00:00,2535,Samford,236,Chattanooga,ESPN Bet,10,,54.5,,,
401767283,2025,regular,11,2025-11-08 20:00:00+00:00,2198,Eastern Kentucky,253,Southern Utah,ESPN Bet,6.5,,55.5,,,
401752953,2025,regular,12,2025-11-16 03:00:00+00:00,265,Washington State,2348,Louisiana Tech,DraftKings,-10,-3.5,43.5,,-410,320
401752953,2025,regular,12,2025-11-16 03:00:00+00:00,265,Washington State,2348,Louisiana Tech,ESPN Bet,-10.5,-6.5,43.5,47.5,-425,320
401752953,2025,regular,12,2025-11-16 03:00:00+00:00,265,Washington State,2348,Louisiana Tech,Bovada,-10,-6.5,43.5,47,-270,220
401757267,2025,regular,4,2025-09-21 01:00:00+00:00,2638,UTEP,2433,UL Monroe,DraftKings,-5.5,-1.5,47.5,,-218,180
401757267,2025,regular,4,2025-09-21 01:00:00+00:00,2638,UTEP,2433,UL Monroe,Bovada,-5,-4.5,47,47.5,-220,180
401757267,2025,regular,4,2025-09-21 01:00:00+00:00,2638,UTEP,2433,UL Monroe,ESPN Bet,-5.5,-4.5,46.5,46.5,-215,180
401762832,2025,regular,6,2025-10-04 18:30:00+00:00,113,Massachusetts,2711,Western Michigan,DraftKings,12.5,10.5,46.5,,360,-470
401762832,2025,regular,6,2025-10-04 18:30:00+00:00,113,Massachusetts,2711,Western Michigan,Bovada,12,11.5,46.5,47.5,340,-460
401762832,2025,regular,6,2025-10-04 18:30:00+00:00,113,Massachusetts,2711,Western Michigan,ESPN Bet,12.5,12.5,45.5,45.5,380,-550
401767462,2025,regular,8,2025-10-18 21:30:00+00:00,2916,Incarnate Word,2837,East Texas A&M,ESPN Bet,-18.5,,56.5,,,
401767374,2025,regular,9,2025-10-25 19:00:00+00:00,2016,Alcorn State,2400,Mississippi Valley State,ESPN Bet,-10.5,,50.5,,,
401757292,2025,regular,10,2025-10-29 23:30:00+00:00,2393,Middle Tennessee,55,Jacksonville State,Bovada,4.5,6.5,54,54.5,185,-225
401757292,2025,regular,10,2025-10-29 23:30:00+00:00,2393,Middle Tennessee,55,Jacksonville State,DraftKings,4,6.5,53.5,,164,-198
401757292,2025,regular,10,2025-10-29 23:30:00+00:00,2393,Middle Tennessee,55,Jacksonville State,ESPN Bet,4.5,5.5,54.5,53.5,165,-195
401767245,2025,regular,11,2025-11-08 20:00:00+00:00,2000,Abilene Christian,3101,Utah Tech,ESPN Bet,-20.5,,53.5,,,
401754577,2025,regular,10,2025-11-01 16:00:00+00:00,228,Clemson,150,Duke,ESPN Bet,-4.5,-3.5,55.5,53.5,-185,155
401754577,2025,regular,10,2025-11-01 16:00:00+00:00,228,Clemson,150,Duke,Bovada,-4,-3.5,55,56,-170,145
401754577,2025,regular,10,2025-11-01 16:00:00+00:00,228,Clemson,150,Duke,DraftKings,-4,-3.5,54.5,,-180,150
401761621,2025,regular,6,2025-10-04 23:00:00+00:00,2653,Troy,6,South Alabama,DraftKings,2.5,-3,46.5,,105,-125
401761621,2025,regular,6,2025-10-04 23:00:00+00:00,2653,Troy,6,South Alabama,Bovada,2.5,-3,47,47.5,-135,115
401761621,2025,regular,6,2025-10-04 23:00:00+00:00,2653,Troy,6,South Alabama,ESPN Bet,2.5,-2.5,46.5,46.5,115,-135
401767471,2025,regular,8,2025-10-18 23:00:00+00:00,2377,McNeese,2277,Houston Christian,ESPN Bet,-6.5,,49.5,,,
401767474,2025,regular,11,2025-11-08 20:00:00+00:00,2277,Houston Christian,2617,Stephen F. Austin,ESPN Bet,24.5,,48.5,,,
401767354,2025,regular,9,2025-10-25 19:30:00+00:00,47,Howard,2415,Morgan State,ESPN Bet,1,,44.5,,,
401752882,2025,regular,9,2025-10-25 19:30:00+00:00,2294,Iowa,135,Minnesota,ESPN Bet,-7.5,-8.5,39.5,38.5,-300,250
401752882,2025,regular,9,2025-10-25 19:30:00+00:00,2294,Iowa,135,Minnesota,DraftKings,-7.5,-7,39.5,,-285,230
401752882,2025,regular,9,2025-10-25 19:30:00+00:00,2294,Iowa,135,Minnesota,Bovada,-7,-7.5,38.5,38.5,-330,265
401754540,2025,regular,4,2025-09-21 02:30:00+00:00,21,San Diego State,25,California,DraftKings,14,11.5,47.5,,425,-575
401754540,2025,regular,4,2025-09-21 02:30:00+00:00,21,San Diego State,25,California,Bovada,14,13.5,47,48.5,370,-510
401754540,2025,regular,4,2025-09-21 02:30:00+00:00,21,San Diego State,25,California,ESPN Bet,13.5,13.5,45.5,48.5,425,-650
401767314,2025,regular,9,2025-10-25 19:30:00+00:00,2010,Alabama A&M,2011,Alabama State,ESPN Bet,14,,61.5,,,
401761618,2025,regular,6,2025-10-04 19:30:00+00:00,2247,Georgia State,256,James Madison,DraftKings,19.5,17.5,52.5,,800,-1350
401761618,2025,regular,6,2025-10-04 19:30:00+00:00,2247,Georgia State,256,James Madison,Bovada,20,20,53,54,725,-1300
401761618,2025,regular,6,2025-10-04 19:30:00+00:00,2247,Georgia State,256,James Madison,ESPN Bet,18.5,19.5,52.5,53.5,900,-1800
401767301,2025,regular,8,2025-10-18 23:00:00+00:00,2627,Tarleton State,2698,West Georgia,ESPN Bet,-20,,56.5,,,
401756946,2025,regular,11,2025-11-08 01:00:00+00:00,2116,UCF,248,Houston,ESPN Bet,-1.5,2.5,47.5,48.5,-115,-105
401756946,2025,regular,11,2025-11-08 01:00:00+00:00,2116,UCF,248,Houston,DraftKings,-1.5,2.5,47.5,,-118,-102
401756946,2025,regular,11,2025-11-08 01:00:00+00:00,2116,UCF,248,Houston,Bovada,-1,0,47.5,47.5,-110,-110
401767110,2025,regular,11,2025-11-08 20:00:00+00:00,147,Montana State,2692,Weber State,ESPN Bet,-28.5,,57.5,,,
401762478,2025,regular,6,2025-10-05 00:00:00+00:00,235,Memphis,202,Tulsa,DraftKings,-21,-21,54.5,,-1650,950
401762478,2025,regular,6,2025-10-05 00:00:00+00:00,235,Memphis,202,Tulsa,Bovada,-21,-21,54.5,56.5,-1600,800
401762478,2025,regular,6,2025-10-05 00:00:00+00:00,235,Memphis,202,Tulsa,ESPN Bet,-21.5,-21.5,52.5,55.5,-1800,900
401767092,2025,regular,8,2025-10-18 23:00:00+00:00,331,Eastern Washington,70,Idaho,ESPN Bet,7.5,,59.5,,,
401767069,2025,regular,11,2025-11-08 20:00:00+00:00,149,Montana,331,Eastern Washington,ESPN Bet,-27,,62.5,,,
401767093,2025,regular,9,2025-10-25 20:00:00+00:00,70,Idaho,2502,Portland State,ESPN Bet,-21.5,,55.5,,,
401752858,2025,regular,6,2025-10-04 19:30:00+00:00,77,Northwestern,2433,UL Monroe,DraftKings,-12.5,-9.5,43.5,,-440,340
401752858,2025,regular,6,2025-10-04 19:30:00+00:00,77,Northwestern,2433,UL Monroe,Bovada,-12.5,-12,43,40.5,-435,325
401752858,2025,regular,6,2025-10-04 19:30:00+00:00,77,Northwestern,2433,UL Monroe,ESPN Bet,-13.5,-10.5,43.5,40.5,-550,380
401752861,2025,regular,6,2025-10-04 16:00:00+00:00,2509,Purdue,356,Illinois,ESPN Bet,7.5,7.5,55.5,54.5,260,-320
401752861,2025,regular,6,2025-10-04 16:00:00+00:00,2509,Purdue,356,Illinois,DraftKings,7,12.5,54.5,,250,-310
401752861,2025,regular,6,2025-10-04 16:00:00+00:00,2509,Purdue,356,Illinois,Bovada,7,10,54.5,55.5,295,-390
401767280,2025,regular,8,2025-10-18 23:00:00+00:00,2453,North Alabama,2198,Eastern Kentucky,ESPN Bet,11.5,,51.5,,,
401754584,2025,regular,11,2025-11-08 17:00:00+00:00,103,Boston College,2567,SMU,ESPN Bet,10.5,12.5,54.5,51.5,320,-425
401754584,2025,regular,11,2025-11-08 17:00:00+00:00,103,Boston College,2567,SMU,DraftKings,10.5,13.5,54.5,,330,-425
401754584,2025,regular,11,2025-11-08 17:00:00+00:00,103,Boston College,2567,SMU,Bovada,10.5,12,54.5,55,345,-470
401767578,2025,regular,11,2025-11-08 19:30:00+00:00,2717,Western Carolina,2382,Mercer,ESPN Bet,8,,65.5,,,
401757291,2025,regular,10,2025-10-30 00:00:00+00:00,2623,Missouri State,2229,Florida International,Bovada,-3,-4,50,51.5,-185,160
401757291,2025,regular,10,2025-10-30 00:00:00+00:00,2623,Missouri State,2229,Florida International,DraftKings,-3,-2.5,49.5,,-148,124
401757291,2025,regular,10,2025-10-30 00:00:00+00:00,2623,Missouri State,2229,Florida International,ESPN Bet,-3.5,-3.5,50.5,52.5,-155,135
401767450,2025,regular,9,2025-10-25 20:00:00+00:00,155,North Dakota,282,Indiana State,ESPN Bet,-30,,55.5,,,
401757290,2025,regular,10,2025-11-01 00:00:00+00:00,2348,Louisiana Tech,2534,Sam Houston,Bovada,-16.5,-17,48,50,-900,575
401757290,2025,regular,10,2025-11-01 00:00:00+00:00,2348,Louisiana Tech,2534,Sam Houston,DraftKings,-16.5,-17.5,47.5,,-850,575
401757290,2025,regular,10,2025-11-01 00:00:00+00:00,2348,Louisiana Tech,2534,Sam Houston,ESPN Bet,-16.5,-16.5,48.5,49.5,-900,550
401767243,2025,regular,8,2025-10-19 00:30:00+00:00,253,Southern Utah,2000,Abilene Christian,ESPN Bet,3,,62.5,,,
401760397,2025,regular,9,2025-10-25 02:00:00+00:00,2440,Nevada,68,Boise State,ESPN Bet,20.5,21.5,51.5,52.5,1000,-2000
401760397,2025,regular,9,2025-10-25 02:00:00+00:00,2440,Nevada,68,Boise State,Bovada,21,22,50.5,51.5,900,-1900
401760397,2025,regular,9,2025-10-25 02:00:00+00:00,2440,Nevada,68,Boise State,DraftKings,21,21.5,50.5,,850,-1450
401767456,2025,regular,9,2025-10-25 21:00:00+00:00,2582,Southern,50,Florida A&M,ESPN Bet,3,,48.5,,,
401756947,2025,regular,11,2025-11-08 17:00:00+00:00,277,West Virginia,38,Colorado,ESPN Bet,-6.5,-5.5,51.5,53.5,-240,200
401756947,2025,regular,11,2025-11-08 17:00:00+00:00,277,West Virginia,38,Colorado,DraftKings,-6.5,-4.5,51.5,,-245,200
401756947,2025,regular,11,2025-11-08 17:00:00+00:00,277,West Virginia,38,Colorado,Bovada,-6.5,-6.5,51.5,56.5,-220,180
401767424,2025,regular,11,2025-11-08 20:00:00+00:00,2400,Mississippi Valley State,2296,Jackson State,ESPN Bet,27.5,,56.5,,,
401767085,2025,regular,9,2025-10-25 22:00:00+00:00,304,Idaho State,2464,Northern Arizona,ESPN Bet,3,,62.5,,,
401762503,2025,regular,11,2025-11-08 17:00:00+00:00,349,Army,218,Temple,ESPN Bet,-7.5,-5.5,45.5,46.5,-260,215
401762503,2025,regular,11,2025-11-08 17:00:00+00:00,349,Army,218,Temple,DraftKings,-7,-6.5,45.5,,-290,235
401762503,2025,regular,11,2025-11-08 17:00:00+00:00,349,Army,218,Temple,Bovada,-7,-6.5,45,47.5,-250,210
401767386,2025,regular,11,2025-11-08 20:00:00+00:00,2029,Arkansas-Pine Bluff,50,Florida A&M,ESPN Bet,3.5,,52.5,,,
401756910,2025,regular,6,2025-10-04 19:00:00+00:00,12,Arizona,197,Oklahoma State,DraftKings,-21.5,-17.5,56.5,,-1600,900
401756910,2025,regular,6,2025-10-04 19:00:00+00:00,12,Arizona,197,Oklahoma State,Bovada,-21.5,-18.5,56.5,55.5,-1100,650
401756910,2025,regular,6,2025-10-04 19:00:00+00:00,12,Arizona,197,Oklahoma State,ESPN Bet,-23.5,-18.5,56.5,56.5,-1600,800
401767123,2025,regular,8,2025-10-19 01:00:00+00:00,16,Sacramento State,2458,Northern Colorado,ESPN Bet,-15,,54.5,,,
401762495,2025,regular,9,2025-10-25 19:30:00+00:00,202,Tulsa,218,Temple,DraftKings,4.5,6,52.5,,164,-198
401762495,2025,regular,9,2025-10-25 19:30:00+00:00,202,Tulsa,218,Temple,ESPN Bet,3.5,6.5,52.5,53.5,160,-190
401762495,2025,regular,9,2025-10-25 19:30:00+00:00,202,Tulsa,218,Temple,Bovada,5,6,52.5,53.5,185,-225
401762873,2025,regular,6,2025-10-04 19:30:00+00:00,2459,Northern Illinois,193,Miami (OH),DraftKings,4.5,1.5,38.5,,160,-192
401762873,2025,regular,6,2025-10-04 19:30:00+00:00,2459,Northern Illinois,193,Miami (OH),Bovada,5,3.5,37.5,39.5,165,-195
401762873,2025,regular,6,2025-10-04 19:30:00+00:00,2459,Northern Illinois,193,Miami (OH),ESPN Bet,4.5,3.5,39.5,38.5,165,-195
401767419,2025,regular,9,2025-10-25 22:00:00+00:00,2755,Grambling,2296,Jackson State,ESPN Bet,21,,56.5,,,
401767356,2025,regular,11,2025-11-08 20:00:00+00:00,2010,Alabama A&M,2504,Prairie View A&M,ESPN Bet,3.5,,52.5,,,
401767295,2025,regular,9,2025-10-26 00:00:00+00:00,3101,Utah Tech,253,Southern Utah,ESPN Bet,9.5,,59.5,,,
401762477,2025,regular,6,2025-10-04 23:00:00+00:00,242,Rice,2226,Florida Atlantic,DraftKings,-4.5,-5.5,54.5,,-198,164
401762477,2025,regular,6,2025-10-04 23:00:00+00:00,242,Rice,2226,Florida Atlantic,Bovada,-5,-4,55,52.5,-185,160
401762477,2025,regular,6,2025-10-04 23:00:00+00:00,242,Rice,2226,Florida Atlantic,ESPN Bet,-4.5,-5.5,55.5,52.5,-195,165
401767562,2025,regular,11,2025-11-08 20:30:00+00:00,2535,Samford,2193,East Tennessee State,ESPN Bet,18.5,,56.5,,,
401752855,2025,regular,6,2025-10-04 19:30:00+00:00,26,UCLA,213,Penn State,DraftKings,24.5,27.5,48.5,,1200,-2400
401752855,2025,regular,6,2025-10-04 19:30:00+00:00,26,UCLA,213,Penn State,Bovada,24.5,25,48,50,1100,-3500
401752855,2025,regular,6,2025-10-04 19:30:00+00:00,26,UCLA,213,Penn State,ESPN Bet,24.5,25.5,47.5,49.5,1500,-5000
401762492,2025,regular,9,2025-10-24 23:00:00+00:00,2429,Charlotte,249,North Texas,ESPN Bet,25.5,26.5,60.5,58.5,,
401762492,2025,regular,9,2025-10-24 23:00:00+00:00,2429,Charlotte,249,North Texas,Bovada,25,27,61.5,59,1300,-5000
401762492,2025,regular,9,2025-10-24 23:00:00+00:00,2429,Charlotte,249,North Texas,DraftKings,25.5,27.5,60.5,,1300,-2800
401767463,2025,regular,9,2025-10-25 23:00:00+00:00,2837,East Texas A&M,2617,Stephen F. Austin,ESPN Bet,14,,59.5,,,
401762505,2025,regular,11,2025-11-08 20:00:00+00:00,2226,Florida Atlantic,202,Tulsa,ESPN Bet,-4.5,-6.5,60.5,65.5,-170,145
401762505,2025,regular,11,2025-11-08 20:00:00+00:00,2226,Florida Atlantic,202,Tulsa,DraftKings,-4.5,-5.5,60.5,,-198,164
401762505,2025,regular,11,2025-11-08 20:00:00+00:00,2226,Florida Atlantic,202,Tulsa,Bovada,-4.5,-4.5,61.5,65.5,-200,170
401767392,2025,regular,11,2025-11-08 20:00:00+00:00,2755,Grambling,2065,Bethune-Cookman,ESPN Bet,-1.5,,53.5,,,
401783279,2025,regular,11,2025-11-08 20:30:00+00:00,2441,New Haven,2771,Merrimack,ESPN Bet,9.5,,44.5,,,
401754555,2025,regular,6,2025-10-04 19:30:00+00:00,2567,SMU,183,Syracuse,DraftKings,-17.5,-16.5,56.5,,-750,525
401754555,2025,regular,6,2025-10-04 19:30:00+00:00,2567,SMU,183,Syracuse,Bovada,-17.5,-16.5,57,58.5,-750,500
401754555,2025,regular,6,2025-10-04 19:30:00+00:00,2567,SMU,183,Syracuse,ESPN Bet,-17.5,-16.5,56.5,58.5,-900,550
401767512,2025,regular,9,2025-10-26 00:00:00+00:00,2571,South Dakota State,2449,North Dakota State,ESPN Bet,9,,45.5,,,
401767075,2025,regular,9,2025-10-26 00:00:00+00:00,13,Cal Poly,147,Montana State,ESPN Bet,21.5,,55.5,,,
401762504,2025,regular,11,2025-11-08 20:00:00+00:00,151,East Carolina,2429,Charlotte,ESPN Bet,-29.5,-26.5,56.5,55.5,-10000,2500
401762504,2025,regular,11,2025-11-08 20:00:00+00:00,151,East Carolina,2429,Charlotte,DraftKings,-27.5,-28.5,56.5,,-4000,1600
401762504,2025,regular,11,2025-11-08 20:00:00+00:00,151,East Carolina,2429,Charlotte,Bovada,-28,-28.5,56.5,55.5,,
401756929,2025,regular,9,2025-10-26 00:00:00+00:00,9,Arizona State,248,Houston,DraftKings,-7,-7,46.5,,-298,240
401756929,2025,regular,9,2025-10-26 00:00:00+00:00,9,Arizona State,248,Houston,ESPN Bet,-7.5,-8.5,47.5,47.5,-270,220
401756929,2025,regular,9,2025-10-26 00:00:00+00:00,9,Arizona State,248,Houston,Bovada,-7.5,-8.5,47,47.5,-320,260
401752747,2025,regular,9,2025-10-25 23:45:00+00:00,96,Kentucky,2633,Tennessee,DraftKings,7.5,9.5,55.5,,235,-290
401752747,2025,regular,9,2025-10-25 23:45:00+00:00,96,Kentucky,2633,Tennessee,ESPN Bet,7.5,8.5,54.5,53.5,240,-290
401752747,2025,regular,9,2025-10-25 23:45:00+00:00,96,Kentucky,2633,Tennessee,Bovada,7.5,9,55,52.5,275,-350
401767478,2025,regular,9,2025-10-26 00:00:00+00:00,292,UT Rio Grande Valley,2916,Incarnate Word,ESPN Bet,4.5,,54.5,,,
401767487,2025,regular,11,2025-11-08 21:00:00+00:00,2320,Lamar,2545,SE Louisiana,ESPN Bet,8,,49.5,,,
401756911,2025,regular,6,2025-10-04 16:00:00+00:00,239,Baylor,2306,Kansas State,DraftKings,-4.5,-5.5,59.5,,-192,160
401756911,2025,regular,6,2025-10-04 16:00:00+00:00,239,Baylor,2306,Kansas State,ESPN Bet,-4.5,-5.5,60.5,,-185,155
401756911,2025,regular,6,2025-10-04 16:00:00+00:00,239,Baylor,2306,Kansas State,Bovada,-5,-6.5,60,61.5,-240,200
401752767,2025,regular,12,2025-11-15 18:30:00+00:00,96,Kentucky,2635,Tennessee Tech,ESPN Bet,-22.5,-22.5,52.5,52.5,-2000,1000
401752767,2025,regular,12,2025-11-15 18:30:00+00:00,96,Kentucky,2635,Tennessee Tech,DraftKings,-22.5,,52.5,,-2800,1300
401752767,2025,regular,12,2025-11-15 18:30:00+00:00,96,Kentucky,2635,Tennessee Tech,Bovada,-23.5,-22.5,51,52,-2000,950
401767670,2025,regular,12,2025-11-15 17:00:00+00:00,2083,Bucknell,107,Holy Cross,ESPN Bet,-2.5,,52.5,,,
401767488,2025,regular,12,2025-11-15 22:00:00+00:00,2617,Stephen F. Austin,2320,Lamar,ESPN Bet,-11,,45.5,,,
401767067,2025,regular,12,2025-11-15 21:00:00+00:00,331,Eastern Washington,2458,Northern Colorado,ESPN Bet,-3.5,,54.5,,,
401767760,2025,regular,12,2025-11-15 17:00:00+00:00,2598,St. Francis (PA),2341,Long Island University,ESPN Bet,14,,37.5,,,
401767414,2025,regular,12,2025-11-14 22:30:00+00:00,2428,North Carolina Central,2569,South Carolina State,ESPN Bet,-7,,57.5,,,
401754587,2025,regular,11,2025-11-08 20:30:00+00:00,2390,Miami,183,Syracuse,ESPN Bet,-28.5,-27.5,47.5,46.5,-10000,2500
401754587,2025,regular,11,2025-11-08 20:30:00+00:00,2390,Miami,183,Syracuse,DraftKings,-28.5,-28.5,46.5,,-5000,1800
401754587,2025,regular,11,2025-11-08 20:30:00+00:00,2390,Miami,183,Syracuse,Bovada,-28.5,-28,46.5,46.5,,
401767542,2025,regular,11,2025-11-08 21:00:00+00:00,233,South Dakota,2571,South Dakota State,ESPN Bet,7.5,,46.5,,,
401762476,2025,regular,6,2025-10-04 16:00:00+00:00,5,UAB,349,Army,DraftKings,6.5,9.5,55.5,,195,-238
401762476,2025,regular,6,2025-10-04 16:00:00+00:00,5,UAB,349,Army,ESPN Bet,6.5,7.5,55.5,58.5,200,-240
401762476,2025,regular,6,2025-10-04 16:00:00+00:00,5,UAB,349,Army,Bovada,6.5,7,55.5,57.5,220,-270
401757285,2025,regular,9,2025-10-21 23:00:00+00:00,2229,Florida International,338,Kennesaw State,DraftKings,3,1.5,48.5,,130,-155
401757285,2025,regular,9,2025-10-21 23:00:00+00:00,2229,Florida International,338,Kennesaw State,Bovada,3,1.5,48.5,48.5,105,-125
401757285,2025,regular,9,2025-10-21 23:00:00+00:00,2229,Florida International,338,Kennesaw State,ESPN Bet,2.5,1.5,49.5,48.5,125,-145
401752781,2025,regular,13,2025-11-22 17:00:00+00:00,245,Texas A&M,2535,Samford,DraftKings,-54.5,-54.5,59.5,,,
401752781,2025,regular,13,2025-11-22 17:00:00+00:00,245,Texas A&M,2535,Samford,Bovada,-54.5,-54.5,59.5,59.5,,
401752781,2025,regular,13,2025-11-22 17:00:00+00:00,245,Texas A&M,2535,Samford,ESPN Bet,-53.5,,58.5,59.5,,
401754598,2025,regular,13,2025-11-22 01:00:00+00:00,152,NC State,52,Florida State,DraftKings,7,2.5,58.5,,205,-250
401754598,2025,regular,13,2025-11-22 01:00:00+00:00,152,NC State,52,Florida State,ESPN Bet,6.5,4.5,59.5,61.5,210,-250
401754598,2025,regular,13,2025-11-22 01:00:00+00:00,152,NC State,52,Florida State,Bovada,6.5,5.5,58.5,61.5,165,-195
401760418,2025,regular,13,2025-11-22 03:30:00+00:00,2439,UNLV,62,Hawai'i,DraftKings,-2.5,-3,64.5,,-135,114
401760418,2025,regular,13,2025-11-22 03:30:00+00:00,2439,UNLV,62,Hawai'i,ESPN Bet,-2.5,-3.5,64.5,64.5,-135,115
401760418,2025,regular,13,2025-11-22 03:30:00+00:00,2439,UNLV,62,Hawai'i,Bovada,-2.5,-2.5,64.5,64.5,-145,125
401757286,2025,regular,9,2025-10-21 23:30:00+00:00,2348,Louisiana Tech,98,Western Kentucky,DraftKings,-5.5,-3,49.5,,-238,195
401757286,2025,regular,9,2025-10-21 23:30:00+00:00,2348,Louisiana Tech,98,Western Kentucky,Bovada,-5,-3,50,50,-160,135
401757286,2025,regular,9,2025-10-21 23:30:00+00:00,2348,Louisiana Tech,98,Western Kentucky,ESPN Bet,-4.5,-2.5,48.5,50.5,-225,190
401767289,2025,regular,11,2025-11-08 21:00:00+00:00,2453,North Alabama,2698,West Georgia,ESPN Bet,9.5,,57.5,,,
401752729,2025,regular,6,2025-10-04 20:00:00+00:00,201,Oklahoma,2309,Kent State,DraftKings,-46.5,-45.5,53.5,,,
401752729,2025,regular,6,2025-10-04 20:00:00+00:00,201,Oklahoma,2309,Kent State,Bovada,-46.5,-45.5,54,53.5,,
401752729,2025,regular,6,2025-10-04 20:00:00+00:00,201,Oklahoma,2309,Kent State,ESPN Bet,-46.5,-45.5,53.5,53.5,,
401752773,2025,regular,13,2025-11-22 19:00:00+00:00,333,Alabama,2197,Eastern Illinois,DraftKings,-50.5,-50.5,57.5,,,
401752773,2025,regular,13,2025-11-22 19:00:00+00:00,333,Alabama,2197,Eastern Illinois,Bovada,-49,-50.5,57,57,,
401752773,2025,regular,13,2025-11-22 19:00:00+00:00,333,Alabama,2197,Eastern Illinois,ESPN Bet,-54.5,-50.5,59.5,57.5,,
401767619,2025,regular,12,2025-11-15 17:00:00+00:00,2168,Dayton,2181,Drake,ESPN Bet,3.5,,43.5,,,
401767078,2025,regular,12,2025-11-15 21:00:00+00:00,2464,Northern Arizona,13,Cal Poly,ESPN Bet,-11.5,,57.5,,,
401767103,2025,regular,12,2025-11-15 22:00:00+00:00,2502,Portland State,149,Montana,ESPN Bet,30.5,,60.5,,,
401752774,2025,regular,13,2025-11-22 19:00:00+00:00,2,Auburn,2382,Mercer,DraftKings,-26.5,,51.5,,-5000,1800
401752774,2025,regular,13,2025-11-22 19:00:00+00:00,2,Auburn,2382,Mercer,Bovada,-26,-27.5,50.5,50.5,,
401752774,2025,regular,13,2025-11-22 19:00:00+00:00,2,Auburn,2382,Mercer,ESPN Bet,-26.5,-27.5,49.5,50.5,-5000,1500
401767366,2025,regular,12,2025-11-15 22:00:00+00:00,2400,Mississippi Valley State,2011,Alabama State,ESPN Bet,29.5,,54.5,,,
401767767,2025,regular,12,2025-11-15 17:00:00+00:00,2385,Mercyhurst,2523,Robert Morris,ESPN Bet,-4.5,,37.5,,,
401757171,2025,regular,6,2025-10-04 19:30:00+00:00,41,UConn,2229,Florida International,DraftKings,-7,-10,52.5,,-270,220
401757171,2025,regular,6,2025-10-04 19:30:00+00:00,41,UConn,2229,Florida International,Bovada,-7,-8.5,52,54.5,-320,260
401757171,2025,regular,6,2025-10-04 19:30:00+00:00,41,UConn,2229,Florida International,ESPN Bet,-6.5,-7.5,51.5,54.5,-270,220
401767376,2025,regular,11,2025-11-08 21:00:00+00:00,2016,Alcorn State,2582,Southern,ESPN Bet,-11,,47.5,,,
401752913,2025,regular,13,2025-11-22 20:30:00+00:00,2294,Iowa,127,Michigan State,Bovada,-17.5,-16.5,43,42.5,-900,575
401752913,2025,regular,13,2025-11-22 20:30:00+00:00,2294,Iowa,127,Michigan State,ESPN Bet,-17.5,-16.5,43.5,42.5,-1200,700
401752913,2025,regular,13,2025-11-22 20:30:00+00:00,2294,Iowa,127,Michigan State,DraftKings,-17.5,-15.5,42.5,,-850,575
401754606,2025,regular,13,2025-11-22 17:00:00+00:00,154,Wake Forest,48,Delaware,DraftKings,-17.5,-17.5,49.5,,-1050,675
401754606,2025,regular,13,2025-11-22 17:00:00+00:00,154,Wake Forest,48,Delaware,Bovada,-17.5,-18,49.5,52,-950,600
401754606,2025,regular,13,2025-11-22 17:00:00+00:00,154,Wake Forest,48,Delaware,ESPN Bet,-17.5,-18.5,48.5,53.5,-1400,750
401756957,2025,regular,13,2025-11-22 21:00:00+00:00,248,Houston,2628,TCU,Bovada,1.5,-2.5,55.5,55,-115,-105
401756957,2025,regular,13,2025-11-22 21:00:00+00:00,248,Houston,2628,TCU,DraftKings,1.5,-2.5,56.5,,102,-122
401756957,2025,regular,13,2025-11-22 21:00:00+00:00,248,Houston,2628,TCU,ESPN Bet,1.5,-2.5,55.5,54.5,-110,-120
401767775,2025,regular,12,2025-11-15 17:00:00+00:00,2681,Wagner,284,Stonehill,ESPN Bet,-1,,38.5,,,
401767466,2025,regular,12,2025-11-15 22:00:00+00:00,2837,East Texas A&M,2277,Houston Christian,ESPN Bet,-9.5,,51.5,,,
401767254,2025,regular,11,2025-11-08 21:00:00+00:00,2046,Austin Peay,2110,Central Arkansas,ESPN Bet,-13.5,,55.5,,,
401760385,2025,regular,6,2025-10-04 23:00:00+00:00,2751,Wyoming,2439,UNLV,DraftKings,4.5,4.5,50.5,,164,-198
401760385,2025,regular,6,2025-10-04 23:00:00+00:00,2751,Wyoming,2439,UNLV,Bovada,4,6,51,53,190,-230
401760385,2025,regular,6,2025-10-04 23:00:00+00:00,2751,Wyoming,2439,UNLV,ESPN Bet,4.5,5.5,53.5,52.5,165,-195
401754605,2025,regular,13,2025-11-22 21:30:00+00:00,228,Clemson,231,Furman,DraftKings,-41.5,-41.5,55.5,,,
401754605,2025,regular,13,2025-11-22 21:30:00+00:00,228,Clemson,231,Furman,Bovada,-41.5,-41.5,55,54.5,,
401754605,2025,regular,13,2025-11-22 21:30:00+00:00,228,Clemson,231,Furman,ESPN Bet,-43.5,-41.5,55.5,55.5,,
401761620,2025,regular,6,2025-10-04 20:00:00+00:00,2032,Arkansas State,326,Texas State,DraftKings,14,8.5,63.5,,425,-575
401761620,2025,regular,6,2025-10-04 20:00:00+00:00,2032,Arkansas State,326,Texas State,Bovada,14,12.5,63.5,64.5,360,-500
401761620,2025,regular,6,2025-10-04 20:00:00+00:00,2032,Arkansas State,326,Texas State,ESPN Bet,14.5,12.5,63.5,64.5,425,-650
401761646,2025,regular,11,2025-11-08 17:00:00+00:00,276,Marshall,256,James Madison,DraftKings,13.5,12.5,53.5,,425,-575
401761646,2025,regular,11,2025-11-08 17:00:00+00:00,276,Marshall,256,James Madison,ESPN Bet,13.5,12.5,52.5,54.5,425,-650
401761646,2025,regular,11,2025-11-08 17:00:00+00:00,276,Marshall,256,James Madison,Bovada,13.5,12.5,53.5,56.5,360,-500
401767129,2025,regular,11,2025-11-08 22:00:00+00:00,2502,Portland State,16,Sacramento State,ESPN Bet,20.5,,59.5,,,
401788998,2025,regular,12,2025-11-15 17:00:00+00:00,163,Princeton,43,Yale,ESPN Bet,8.5,,51.5,,,
401767087,2025,regular,12,2025-11-15 23:00:00+00:00,304,Idaho State,2692,Weber State,ESPN Bet,-13.5,,59.5,,,
401761645,2025,regular,11,2025-11-08 21:00:00+00:00,324,Coastal Carolina,2247,Georgia State,DraftKings,-7,-6.5,56.5,,-285,230
401761645,2025,regular,11,2025-11-08 21:00:00+00:00,324,Coastal Carolina,2247,Georgia State,Bovada,-7,-7.5,57,56.5,-290,240
401761645,2025,regular,11,2025-11-08 21:00:00+00:00,324,Coastal Carolina,2247,Georgia State,ESPN Bet,-7.5,-7.5,56.5,56.5,-275,225
401767465,2025,regular,11,2025-11-08 22:00:00+00:00,2837,East Texas A&M,2377,McNeese,ESPN Bet,-2.5,,53.5,,,
401760383,2025,regular,6,2025-10-05 02:30:00+00:00,278,Fresno State,2440,Nevada,DraftKings,-12.5,-15.5,45.5,,-520,390
401760383,2025,regular,6,2025-10-05 02:30:00+00:00,278,Fresno State,2440,Nevada,Bovada,-11.5,-12.5,45.5,44,-500,360
401760383,2025,regular,6,2025-10-05 02:30:00+00:00,278,Fresno State,2440,Nevada,ESPN Bet,-13.5,-13.5,46.5,44.5,-600,400
401767290,2025,regular,12,2025-11-16 00:00:00+00:00,2627,Tarleton State,2453,North Alabama,ESPN Bet,-33.5,,61.5,,,
401767677,2025,regular,12,2025-11-15 17:00:00+00:00,171,Columbia,225,Brown,ESPN Bet,2.5,,47.5,,,
401756959,2025,regular,13,2025-11-22 21:00:00+00:00,2116,UCF,197,Oklahoma State,DraftKings,-13.5,-14,47.5,,-550,410
401756959,2025,regular,13,2025-11-22 21:00:00+00:00,2116,UCF,197,Oklahoma State,Bovada,-13.5,-14.5,47.5,48.5,-600,425
401756959,2025,regular,13,2025-11-22 21:00:00+00:00,2116,UCF,197,Oklahoma State,ESPN Bet,-12.5,-13.5,47.5,47.5,-650,425
401761656,2025,regular,13,2025-11-22 19:30:00+00:00,2026,App State,276,Marshall,Bovada,4,3,56.5,53.5,165,-195
401761656,2025,regular,13,2025-11-22 19:30:00+00:00,2026,App State,276,Marshall,DraftKings,4,3.5,56.5,,154,-185
401761656,2025,regular,13,2025-11-22 19:30:00+00:00,2026,App State,276,Marshall,ESPN Bet,3.5,4.5,57.5,54.5,155,-185
401754604,2025,regular,13,2025-11-22 20:30:00+00:00,87,Notre Dame,183,Syracuse,DraftKings,-36.5,-34.5,51.5,,,
401754604,2025,regular,13,2025-11-22 20:30:00+00:00,87,Notre Dame,183,Syracuse,Bovada,-37,-35,51,51.5,,
401754604,2025,regular,13,2025-11-22 20:30:00+00:00,87,Notre Dame,183,Syracuse,ESPN Bet,-36.5,-35.5,50.5,51.5,-100000,
401752914,2025,regular,13,2025-11-22 21:00:00+00:00,120,Maryland,130,Michigan,DraftKings,14,11.5,46.5,,390,-520
401752914,2025,regular,13,2025-11-22 21:00:00+00:00,120,Maryland,130,Michigan,ESPN Bet,13.5,13.5,46.5,45.5,475,-750
401752914,2025,regular,13,2025-11-22 21:00:00+00:00,120,Maryland,130,Michigan,Bovada,14,11.5,46.5,45.5,400,-575
401767296,2025,regular,12,2025-11-16 01:30:00+00:00,253,Southern Utah,2110,Central Arkansas,ESPN Bet,-12.5,,63.5,,,
401767138,2025,regular,12,2025-11-15 17:00:00+00:00,2803,Bryant,160,New Hampshire,ESPN Bet,11,,46.5,,,
401762512,2025,regular,13,2025-11-22 17:00:00+00:00,349,Army,202,Tulsa,DraftKings,-10,-10.5,43.5,,-375,295
401762512,2025,regular,13,2025-11-22 17:00:00+00:00,349,Army,202,Tulsa,Bovada,-10,-11,43.5,46.5,-410,305
401762512,2025,regular,13,2025-11-22 17:00:00+00:00,349,Army,202,Tulsa,ESPN Bet,-9.5,-10.5,43.5,46.5,-400,300
401754601,2025,regular,13,2025-11-23 00:00:00+00:00,59,Georgia Tech,221,Pittsburgh,DraftKings,-2.5,-3,61.5,,-135,114
401754601,2025,regular,13,2025-11-23 00:00:00+00:00,59,Georgia Tech,221,Pittsburgh,ESPN Bet,-2.5,-2.5,61.5,61.5,-140,120
401754601,2025,regular,13,2025-11-23 00:00:00+00:00,59,Georgia Tech,221,Pittsburgh,Bovada,-2.5,-2.5,60,62,-135,115
401752908,2025,regular,13,2025-11-23 00:00:00+00:00,213,Penn State,158,Nebraska,ESPN Bet,-7.5,-9.5,45.5,44.5,-260,215
401752908,2025,regular,13,2025-11-23 00:00:00+00:00,213,Penn State,158,Nebraska,Bovada,-7,-9.5,45,43.5,-360,280
401752908,2025,regular,13,2025-11-23 00:00:00+00:00,213,Penn State,158,Nebraska,DraftKings,-7,-7.5,45.5,,-285,230
401762479,2025,regular,6,2025-10-04 17:00:00+00:00,218,Temple,2636,UTSA,DraftKings,6.5,6.5,58.5,,205,-250
401762479,2025,regular,6,2025-10-04 17:00:00+00:00,218,Temple,2636,UTSA,Bovada,6.5,6.5,58.5,58.5,190,-230
401762479,2025,regular,6,2025-10-04 17:00:00+00:00,218,Temple,2636,UTSA,ESPN Bet,6.5,6.5,57.5,58.5,210,-250
401767517,2025,regular,8,2025-10-18 23:00:00+00:00,2617,Stephen F. Austin,2447,Nicholls,ESPN Bet,-13.5,,47.5,,,
401767501,2025,regular,12,2025-11-15 17:00:00+00:00,93,Murray State,155,North Dakota,ESPN Bet,34,,55.5,,,
401756915,2025,regular,6,2025-10-04 23:30:00+00:00,2116,UCF,2305,Kansas,DraftKings,4,3,53.5,,160,-192
401756915,2025,regular,6,2025-10-04 23:30:00+00:00,2116,UCF,2305,Kansas,Bovada,4,4,54,55.5,160,-185
401756915,2025,regular,6,2025-10-04 23:30:00+00:00,2116,UCF,2305,Kansas,ESPN Bet,3.5,3.5,52.5,55.5,155,-185
401767096,2025,regular,12,2025-11-16 02:00:00+00:00,16,Sacramento State,70,Idaho,ESPN Bet,-7,,59.5,,,
401767610,2025,regular,12,2025-11-15 17:00:00+00:00,2368,Marist,2166,Davidson,ESPN Bet,-14,,55.5,,,
401762867,2025,regular,13,2025-11-22 19:00:00+00:00,2649,Toledo,2050,Ball State,Bovada,-29.5,-27.5,45.5,48,,
401762867,2025,regular,13,2025-11-22 19:00:00+00:00,2649,Toledo,2050,Ball State,DraftKings,-29.5,-22.5,45.5,,-9000,2500
401762867,2025,regular,13,2025-11-22 19:00:00+00:00,2649,Toledo,2050,Ball State,ESPN Bet,-28.5,-26.5,45.5,47.5,-6000,1800
401757175,2025,regular,13,2025-11-22 20:00:00+00:00,2226,Florida Atlantic,41,UConn,Bovada,6,7,64,67.5,220,-270
401757175,2025,regular,13,2025-11-22 20:00:00+00:00,2226,Florida Atlantic,41,UConn,DraftKings,6,7.5,63.5,,190,-230
401757175,2025,regular,13,2025-11-22 20:00:00+00:00,2226,Florida Atlantic,41,UConn,ESPN Bet,5.5,7.5,64.5,67.5,175,-210
401767263,2025,regular,12,2025-11-15 17:00:00+00:00,2448,North Carolina A&T,2405,Monmouth,ESPN Bet,21.5,,58.5,,,
401752776,2025,regular,13,2025-11-22 17:45:00+00:00,61,Georgia,2429,Charlotte,DraftKings,-42.5,-44.5,53.5,,,
401752776,2025,regular,13,2025-11-22 17:45:00+00:00,61,Georgia,2429,Charlotte,Bovada,-42.5,-45,53,54,,
401752776,2025,regular,13,2025-11-22 17:45:00+00:00,61,Georgia,2429,Charlotte,ESPN Bet,-42.5,-44.5,53.5,55.5,,
401762515,2025,regular,13,2025-11-22 20:45:00+00:00,218,Temple,2655,Tulane,DraftKings,7.5,8.5,54.5,,220,-270
401762515,2025,regular,13,2025-11-22 20:45:00+00:00,218,Temple,2655,Tulane,Bovada,7.5,8,54,55,255,-310
401762515,2025,regular,13,2025-11-22 20:45:00+00:00,218,Temple,2655,Tulane,ESPN Bet,7.5,8.5,54.5,54.5,250,-300
401754599,2025,regular,13,2025-11-23 00:30:00+00:00,24,Stanford,25,California,DraftKings,4.5,4.5,47.5,,160,-192
401754599,2025,regular,13,2025-11-23 00:30:00+00:00,24,Stanford,25,California,Bovada,4.5,3,47.5,49.5,125,-145
401754599,2025,regular,13,2025-11-23 00:30:00+00:00,24,Stanford,25,California,ESPN Bet,4.5,2.5,47.5,50.5,155,-185
401754585,2025,regular,11,2025-11-09 00:00:00+00:00,97,Louisville,25,California,DraftKings,-18.5,-17.5,48.5,,-1100,700
401754585,2025,regular,11,2025-11-09 00:00:00+00:00,97,Louisville,25,California,ESPN Bet,-18.5,-18.5,49.5,49.5,-1200,700
401754585,2025,regular,11,2025-11-09 00:00:00+00:00,97,Louisville,25,California,Bovada,-18,-18.5,49,50.5,-1200,700
401767452,2025,regular,12,2025-11-15 17:00:00+00:00,2754,Youngstown State,282,Indiana State,ESPN Bet,-20.5,,61.5,,,
401752909,2025,regular,13,2025-11-22 17:00:00+00:00,77,Northwestern,135,Minnesota,Bovada,-4,-5.5,41,40.5,-185,160
401752909,2025,regular,13,2025-11-22 17:00:00+00:00,77,Northwestern,135,Minnesota,DraftKings,-4,-4,40.5,,-192,160
401752909,2025,regular,13,2025-11-22 17:00:00+00:00,77,Northwestern,135,Minnesota,ESPN Bet,-4.5,-3.5,41.5,41.5,-195,165
401752782,2025,regular,13,2025-11-22 20:30:00+00:00,238,Vanderbilt,96,Kentucky,DraftKings,-7,-7.5,53.5,,-298,240
401752782,2025,regular,13,2025-11-22 20:30:00+00:00,238,Vanderbilt,96,Kentucky,Bovada,-7,-10,53.5,53.5,-390,295
401752782,2025,regular,13,2025-11-22 20:30:00+00:00,238,Vanderbilt,96,Kentucky,ESPN Bet,-6.5,-10.5,53.5,52.5,-260,215
401754588,2025,regular,11,2025-11-08 21:30:00+00:00,153,North Carolina,24,Stanford,DraftKings,-8.5,-7.5,41.5,,-325,260
401754588,2025,regular,11,2025-11-08 21:30:00+00:00,153,North Carolina,24,Stanford,ESPN Bet,-8.5,-8.5,41.5,42.5,-320,260
401754588,2025,regular,11,2025-11-08 21:30:00+00:00,153,North Carolina,24,Stanford,Bovada,-8.5,-9,42,43.5,-320,260
401767402,2025,regular,12,2025-11-15 17:00:00+00:00,2450,Norfolk State,2415,Morgan State,ESPN Bet,5.5,,50.5,,,
401762864,2025,regular,13,2025-11-19 00:00:00+00:00,2459,Northern Illinois,2711,Western Michigan,DraftKings,7,5.5,39.5,,225,-278
401762864,2025,regular,13,2025-11-19 00:00:00+00:00,2459,Northern Illinois,2711,Western Michigan,ESPN Bet,6.5,6.5,38.5,38.5,230,-280
401762864,2025,regular,13,2025-11-19 00:00:00+00:00,2459,Northern Illinois,2711,Western Michigan,Bovada,7,6,39.5,38.5,220,-270
401762862,2025,regular,13,2025-11-19 00:00:00+00:00,189,Bowling Green,2006,Akron,DraftKings,-2.5,-4.5,47.5,,-135,114
401762862,2025,regular,13,2025-11-19 00:00:00+00:00,189,Bowling Green,2006,Akron,ESPN Bet,-2.5,-4.5,47.5,47.5,-145,125
401762862,2025,regular,13,2025-11-19 00:00:00+00:00,189,Bowling Green,2006,Akron,Bovada,-2,-4,48,47,-140,120
401762863,2025,regular,13,2025-11-19 00:00:00+00:00,195,Ohio,113,Massachusetts,DraftKings,-33.5,-29.5,53.5,,-10000,3000
401762863,2025,regular,13,2025-11-19 00:00:00+00:00,195,Ohio,113,Massachusetts,Bovada,-33.5,-32.5,53,51,,
401762863,2025,regular,13,2025-11-19 00:00:00+00:00,195,Ohio,113,Massachusetts,ESPN Bet,-34.5,-31.5,53.5,51.5,-100000,
401752779,2025,regular,13,2025-11-22 21:15:00+00:00,2579,South Carolina,324,Coastal Carolina,Bovada,-24,-23,50,53,-2200,1000
401752779,2025,regular,13,2025-11-22 21:15:00+00:00,2579,South Carolina,324,Coastal Carolina,DraftKings,-23.5,-23.5,49.5,,-3200,1400
401752779,2025,regular,13,2025-11-22 21:15:00+00:00,2579,South Carolina,324,Coastal Carolina,ESPN Bet,-24.5,-23.5,50.5,53.5,-4000,1300
401752912,2025,regular,13,2025-11-22 17:00:00+00:00,194,Ohio State,164,Rutgers,Bovada,-29,-32.5,54,56,,
401752912,2025,regular,13,2025-11-22 17:00:00+00:00,194,Ohio State,164,Rutgers,DraftKings,-28.5,-32.5,54.5,,-4500,1700
401752912,2025,regular,13,2025-11-22 17:00:00+00:00,194,Ohio State,164,Rutgers,ESPN Bet,-28.5,-33.5,54.5,55.5,-50000,3500
401761655,2025,regular,13,2025-11-21 00:30:00+00:00,2032,Arkansas State,309,Louisiana,DraftKings,-2.5,-3.5,54.5,,-130,110
401761655,2025,regular,13,2025-11-21 00:30:00+00:00,2032,Arkansas State,309,Louisiana,ESPN Bet,-2.5,-3.5,54.5,53.5,-130,110
401761655,2025,regular,13,2025-11-21 00:30:00+00:00,2032,Arkansas State,309,Louisiana,Bovada,-2.5,-3,54,54.5,-140,120
401757306,2025,regular,13,2025-11-22 19:00:00+00:00,338,Kennesaw State,2623,Missouri State,Bovada,-6.5,-6.5,54,58.5,-235,195
401757306,2025,regular,13,2025-11-22 19:00:00+00:00,338,Kennesaw State,2623,Missouri State,DraftKings,-6.5,-4,54.5,,-225,185
401757306,2025,regular,13,2025-11-22 19:00:00+00:00,338,Kennesaw State,2623,Missouri State,ESPN Bet,-6.5,-6.5,54.5,58.5,-210,175
401757299,2025,regular,11,2025-11-08 18:00:00+00:00,2335,Liberty,2623,Missouri State,DraftKings,-7.5,-6.5,51.5,,-290,235
401757299,2025,regular,11,2025-11-08 18:00:00+00:00,2335,Liberty,2623,Missouri State,Bovada,-8,-8,51.5,50.5,-300,250
401757299,2025,regular,11,2025-11-08 18:00:00+00:00,2335,Liberty,2623,Missouri State,ESPN Bet,-7.5,-7.5,51.5,50.5,-290,240
401767707,2025,regular,12,2025-11-15 17:00:00+00:00,108,Harvard,219,Pennsylvania,ESPN Bet,-23,,51.5,,,
401762866,2025,regular,13,2025-11-20 00:00:00+00:00,2309,Kent State,2117,Central Michigan,DraftKings,7.5,7,50.5,,245,-305
401762866,2025,regular,13,2025-11-20 00:00:00+00:00,2309,Kent State,2117,Central Michigan,ESPN Bet,7.5,7.5,50.5,47.5,240,-290
401762866,2025,regular,13,2025-11-20 00:00:00+00:00,2309,Kent State,2117,Central Michigan,Bovada,7.5,8,50.5,46.5,270,-340
401762865,2025,regular,13,2025-11-20 00:00:00+00:00,2084,Buffalo,193,Miami (OH),DraftKings,2.5,-2.5,38.5,,110,-130
401762865,2025,regular,13,2025-11-20 00:00:00+00:00,2084,Buffalo,193,Miami (OH),ESPN Bet,2.5,-2.5,38.5,39.5,110,-130
401762865,2025,regular,13,2025-11-20 00:00:00+00:00,2084,Buffalo,193,Miami (OH),Bovada,2.5,-2,38.5,39.5,100,-120
401754603,2025,regular,13,2025-11-22 17:00:00+00:00,259,Virginia Tech,2390,Miami,Bovada,18.5,17,49,48.5,600,-950
401754603,2025,regular,13,2025-11-22 17:00:00+00:00,259,Virginia Tech,2390,Miami,DraftKings,17.5,15.5,49.5,,650,-1000
401754603,2025,regular,13,2025-11-22 17:00:00+00:00,259,Virginia Tech,2390,Miami,ESPN Bet,17.5,16.5,48.5,49.5,600,-1000
401761657,2025,regular,13,2025-11-22 18:00:00+00:00,290,Georgia Southern,295,Old Dominion,Bovada,10,10,62,62,350,-480
401761657,2025,regular,13,2025-11-22 18:00:00+00:00,290,Georgia Southern,295,Old Dominion,DraftKings,10,10,61.5,,295,-375
401761657,2025,regular,13,2025-11-22 18:00:00+00:00,290,Georgia Southern,295,Old Dominion,ESPN Bet,10.5,9.5,62.5,63.5,300,-400
401762855,2025,regular,11,2025-11-08 18:00:00+00:00,2199,Eastern Michigan,189,Bowling Green,DraftKings,-3,-1.5,49.5,,-162,136
401762855,2025,regular,11,2025-11-08 18:00:00+00:00,2199,Eastern Michigan,189,Bowling Green,ESPN Bet,-3.5,-2.5,49.5,51.5,-140,120
401762855,2025,regular,11,2025-11-08 18:00:00+00:00,2199,Eastern Michigan,189,Bowling Green,Bovada,-3,-1.5,49,51.5,-125,105
401767748,2025,regular,12,2025-11-15 17:00:00+00:00,2184,Duquesne,2115,Central Connecticut,ESPN Bet,1.5,,46.5,,,
401756954,2025,regular,13,2025-11-22 18:00:00+00:00,12,Arizona,239,Baylor,DraftKings,-6.5,-6.5,61.5,,-238,195
401756954,2025,regular,13,2025-11-22 18:00:00+00:00,12,Arizona,239,Baylor,Bovada,-6.5,-6.5,61.5,63,-245,205
401756954,2025,regular,13,2025-11-22 18:00:00+00:00,12,Arizona,239,Baylor,ESPN Bet,-6.5,-6.5,60.5,62.5,-210,175
401762513,2025,regular,13,2025-11-22 20:30:00+00:00,2636,UTSA,151,East Carolina,Bovada,2,3,62.5,62,115,-135
401762513,2025,regular,13,2025-11-22 20:30:00+00:00,2636,UTSA,151,East Carolina,DraftKings,1.5,4,62.5,,-102,-118
401762513,2025,regular,13,2025-11-22 20:30:00+00:00,2636,UTSA,151,East Carolina,ESPN Bet,2.5,3.5,61.5,61.5,-115,-105
401760419,2025,regular,13,2025-11-22 19:00:00+00:00,2751,Wyoming,2440,Nevada,DraftKings,-6,-10,39.5,,-230,190
401760419,2025,regular,13,2025-11-22 19:00:00+00:00,2751,Wyoming,2440,Nevada,Bovada,-6.5,-6.5,39.5,41.5,-250,210
401760419,2025,regular,13,2025-11-22 19:00:00+00:00,2751,Wyoming,2440,Nevada,ESPN Bet,-6.5,-6.5,40.5,41.5,-215,180
401754589,2025,regular,11,2025-11-09 00:00:00+00:00,258,Virginia,154,Wake Forest,DraftKings,-7,-6.5,48.5,,-258,210
401754589,2025,regular,11,2025-11-09 00:00:00+00:00,258,Virginia,154,Wake Forest,Bovada,-7,-7,48.5,48.5,-230,190
401754589,2025,regular,11,2025-11-09 00:00:00+00:00,258,Virginia,154,Wake Forest,ESPN Bet,-7.5,-6.5,48.5,49.5,-260,215
401767111,2025,regular,12,2025-11-16 03:30:00+00:00,147,Montana State,302,UC Davis,ESPN Bet,-19,,61.5,,,
401767563,2025,regular,12,2025-11-15 17:00:00+00:00,2717,Western Carolina,2193,East Tennessee State,ESPN Bet,-6,,69.5,,,
401761658,2025,regular,13,2025-11-22 20:30:00+00:00,6,South Alabama,2572,Southern Miss,Bovada,2.5,3,53,55.5,105,-125
401761658,2025,regular,13,2025-11-22 20:30:00+00:00,6,South Alabama,2572,Southern Miss,DraftKings,2.5,3,53.5,,110,-130
401761658,2025,regular,13,2025-11-22 20:30:00+00:00,6,South Alabama,2572,Southern Miss,ESPN Bet,2.5,2.5,53.5,56.5,-105,-120
401756955,2025,regular,13,2025-11-23 01:00:00+00:00,2132,Cincinnati,252,BYU,DraftKings,2.5,-3.5,56.5,,120,-142
401756955,2025,regular,13,2025-11-23 01:00:00+00:00,2132,Cincinnati,252,BYU,ESPN Bet,2.5,2.5,57.5,53.5,130,-150
401756955,2025,regular,13,2025-11-23 01:00:00+00:00,2132,Cincinnati,252,BYU,Bovada,2.5,2,56.5,54,115,-135
401760420,2025,regular,13,2025-11-23 03:30:00+00:00,21,San Diego State,23,San José State,DraftKings,-10,-12.5,50.5,,-380,300
401760420,2025,regular,13,2025-11-23 03:30:00+00:00,21,San Diego State,23,San José State,Bovada,-10,-12,51.5,49.5,-525,375
401760420,2025,regular,13,2025-11-23 03:30:00+00:00,21,San Diego State,23,San José State,ESPN Bet,-9.5,-11.5,51.5,49.5,-400,300
401757307,2025,regular,13,2025-11-22 20:00:00+00:00,2348,Louisiana Tech,2335,Liberty,ESPN Bet,1.5,-1.5,45.5,45.5,-105,-120
401757307,2025,regular,13,2025-11-22 20:00:00+00:00,2348,Louisiana Tech,2335,Liberty,DraftKings,1.5,1.5,45.5,,-105,-115
401757307,2025,regular,13,2025-11-22 20:00:00+00:00,2348,Louisiana Tech,2335,Liberty,Bovada,1,0,45,45,100,-120
401752894,2025,regular,11,2025-11-08 19:30:00+00:00,164,Rutgers,120,Maryland,DraftKings,-1.5,-1.5,56.5,,-122,102
401752894,2025,regular,11,2025-11-08 19:30:00+00:00,164,Rutgers,120,Maryland,ESPN Bet,-1.5,-2.5,56.5,59.5,-120,110
401752894,2025,regular,11,2025-11-08 19:30:00+00:00,164,Rutgers,120,Maryland,Bovada,-1.5,-1,57,58.5,105,-125
401767663,2025,regular,12,2025-11-15 17:00:00+00:00,2529,Sacred Heart,2771,Merrimack,ESPN Bet,-6.5,,45.5,,,
401757308,2025,regular,13,2025-11-22 20:00:00+00:00,2393,Middle Tennessee,2534,Sam Houston,DraftKings,-6.5,-4.5,53.5,,-245,200
401757308,2025,regular,13,2025-11-22 20:00:00+00:00,2393,Middle Tennessee,2534,Sam Houston,ESPN Bet,-6.5,-6.5,53.5,53.5,-240,200
401757308,2025,regular,13,2025-11-22 20:00:00+00:00,2393,Middle Tennessee,2534,Sam Houston,Bovada,-7,-6.5,53.5,54,-245,205
401752954,2025,regular,13,2025-11-22 18:00:00+00:00,256,James Madison,265,Washington State,Bovada,-15,-13.5,44.5,44.5,-585,410
401752954,2025,regular,13,2025-11-22 18:00:00+00:00,256,James Madison,265,Washington State,DraftKings,-15.5,-13.5,44.5,,-650,470
401752954,2025,regular,13,2025-11-22 18:00:00+00:00,256,James Madison,265,Washington State,ESPN Bet,-15.5,-13.5,45.5,41.5,-800,500
401767194,2025,regular,12,2025-11-15 18:00:00+00:00,311,Maine,227,Rhode Island,ESPN Bet,4,,49.5,,,
401762511,2025,regular,13,2025-11-22 20:00:00+00:00,5,UAB,58,South Florida,DraftKings,21.5,21.5,68.5,,1000,-1800
401762511,2025,regular,13,2025-11-22 20:00:00+00:00,5,UAB,58,South Florida,Bovada,21,21,69,69,850,-1800
401762511,2025,regular,13,2025-11-22 20:00:00+00:00,5,UAB,58,South Florida,ESPN Bet,22.5,21.5,68.5,69.5,1200,-3000
401752777,2025,regular,13,2025-11-23 00:45:00+00:00,99,LSU,98,Western Kentucky,Bovada,-24.5,-21.5,52,50.5,-1800,850
401752777,2025,regular,13,2025-11-23 00:45:00+00:00,99,LSU,98,Western Kentucky,DraftKings,-24.5,-22.5,52.5,,-3200,1400
401752777,2025,regular,13,2025-11-23 00:45:00+00:00,99,LSU,98,Western Kentucky,ESPN Bet,-25.5,-22.5,53.5,51.5,-5000,1500
401762502,2025,regular,11,2025-11-08 19:00:00+00:00,242,Rice,5,UAB,DraftKings,1.5,-4.5,51.5,,-108,-112
401762502,2025,regular,11,2025-11-08 19:00:00+00:00,242,Rice,5,UAB,Bovada,-1,-3,51.5,53.5,-150,130
401762502,2025,regular,11,2025-11-08 19:00:00+00:00,242,Rice,5,UAB,ESPN Bet,-1.5,-3.5,51.5,54.5,-110,-110
401767187,2025,regular,12,2025-11-15 18:00:00+00:00,2261,Hampton,2729,William & Mary,ESPN Bet,18.5,,53.5,,,
401767695,2025,regular,12,2025-11-15 18:00:00+00:00,159,Dartmouth,172,Cornell,ESPN Bet,-10,,47.5,,,
401761648,2025,regular,11,2025-11-08 22:00:00+00:00,309,Louisiana,326,Texas State,DraftKings,3.5,3,62.5,,145,-175
401761648,2025,regular,11,2025-11-08 22:00:00+00:00,309,Louisiana,326,Texas State,Bovada,3.5,2.5,63.5,64.5,110,-130
401761648,2025,regular,11,2025-11-08 22:00:00+00:00,309,Louisiana,326,Texas State,ESPN Bet,3.5,2.5,63.5,64.5,135,-155
401752780,2025,regular,13,2025-11-22 20:30:00+00:00,251,Texas,8,Arkansas,ESPN Bet,-10.5,-10.5,57.5,56.5,-320,260
401752780,2025,regular,13,2025-11-22 20:30:00+00:00,251,Texas,8,Arkansas,DraftKings,-8.5,-10.5,58.5,,-340,270
401752780,2025,regular,13,2025-11-22 20:30:00+00:00,251,Texas,8,Arkansas,Bovada,-8.5,-10,58,56.5,-370,285
401767326,2025,regular,12,2025-11-15 18:00:00+00:00,222,Villanova,2619,Stony Brook,ESPN Bet,-10.5,,51.5,,,
401762514,2025,regular,13,2025-11-23 00:30:00+00:00,242,Rice,249,North Texas,Bovada,18.5,18,57,54.5,650,-1100
401762514,2025,regular,13,2025-11-23 00:30:00+00:00,242,Rice,249,North Texas,ESPN Bet,18.5,17.5,56.5,55.5,750,-1400
401762514,2025,regular,13,2025-11-23 00:30:00+00:00,242,Rice,249,North Texas,DraftKings,18.5,17.5,57.5,,675,-1050
401757309,2025,regular,13,2025-11-22 20:00:00+00:00,2638,UTEP,166,New Mexico State,DraftKings,-4,-2.5,44.5,,-192,160
401757309,2025,regular,13,2025-11-22 20:00:00+00:00,2638,UTEP,166,New Mexico State,Bovada,-4,-3,44.5,45,-160,135
401757309,2025,regular,13,2025-11-22 20:00:00+00:00,2638,UTEP,166,New Mexico State,ESPN Bet,-4.5,-3.5,45.5,45.5,-190,160
401752899,2025,regular,11,2025-11-08 21:30:00+00:00,275,Wisconsin,264,Washington,DraftKings,10.5,13.5,44.5,,320,-410
401752899,2025,regular,11,2025-11-08 21:30:00+00:00,275,Wisconsin,264,Washington,Bovada,10.5,11,44.5,45.5,315,-420
401752899,2025,regular,11,2025-11-08 21:30:00+00:00,275,Wisconsin,264,Washington,ESPN Bet,10.5,11.5,44.5,45.5,360,-500
401767571,2025,regular,12,2025-11-15 18:00:00+00:00,231,Furman,2678,VMI,ESPN Bet,-20.5,,51.5,,,
401756943,2025,regular,11,2025-11-08 20:30:00+00:00,12,Arizona,2305,Kansas,DraftKings,-5.5,-3.5,56.5,,-218,180
401756943,2025,regular,11,2025-11-08 20:30:00+00:00,12,Arizona,2305,Kansas,Bovada,-5.5,-6,56.5,56.5,-220,180
401756943,2025,regular,11,2025-11-08 20:30:00+00:00,12,Arizona,2305,Kansas,ESPN Bet,-6.5,-5.5,56.5,56.5,-225,190
401767654,2025,regular,12,2025-11-15 18:00:00+00:00,2674,Valparaiso,56,Stetson,ESPN Bet,-2.5,,48.5,,,
401761659,2025,regular,13,2025-11-22 22:00:00+00:00,326,Texas State,2433,UL Monroe,DraftKings,-20.5,-17.5,59.5,,-1600,900
401761659,2025,regular,13,2025-11-22 22:00:00+00:00,326,Texas State,2433,UL Monroe,Bovada,-20.5,-19.5,59.5,56,-1100,650
401761659,2025,regular,13,2025-11-22 22:00:00+00:00,326,Texas State,2433,UL Monroe,ESPN Bet,-20.5,-18.5,60.5,55.5,-1400,750
401760407,2025,regular,11,2025-11-09 02:30:00+00:00,36,Colorado State,2439,UNLV,DraftKings,5.5,6.5,60.5,,180,-218
401760407,2025,regular,11,2025-11-09 02:30:00+00:00,36,Colorado State,2439,UNLV,Bovada,5.5,6,61,61.5,185,-225
401760407,2025,regular,11,2025-11-09 02:30:00+00:00,36,Colorado State,2439,UNLV,ESPN Bet,4.5,5.5,61.5,61.5,170,-200
401767717,2025,regular,12,2025-11-15 18:00:00+00:00,46,Georgetown,2230,Fordham,ESPN Bet,-5.5,,49.5,,,
401767393,2025,regular,12,2025-11-15 18:00:00+00:00,2296,Jackson State,2065,Bethune-Cookman,ESPN Bet,-23.5,,59.5,,,
401756958,2025,regular,13,2025-11-22 17:00:00+00:00,66,Iowa State,2305,Kansas,DraftKings,-3,-4.5,55.5,,-162,136
401756958,2025,regular,13,2025-11-22 17:00:00+00:00,66,Iowa State,2305,Kansas,Bovada,-3.5,-4,55.5,56,-195,165
401756958,2025,regular,13,2025-11-22 17:00:00+00:00,66,Iowa State,2305,Kansas,ESPN Bet,-3.5,-3.5,55.5,54.5,-165,140
401757296,2025,regular,11,2025-11-08 20:00:00+00:00,2393,Middle Tennessee,2229,Florida International,DraftKings,-1.5,1.5,50.5,,-118,-102
401757296,2025,regular,11,2025-11-08 20:00:00+00:00,2393,Middle Tennessee,2229,Florida International,Bovada,-2,1,51,52.5,-105,-115
401757296,2025,regular,11,2025-11-08 20:00:00+00:00,2393,Middle Tennessee,2229,Florida International,ESPN Bet,-1.5,1.5,50.5,51.5,-110,-110
401754602,2025,regular,13,2025-11-22 17:00:00+00:00,2567,SMU,97,Louisville,DraftKings,-4,-1.5,49.5,,-185,154
401754602,2025,regular,13,2025-11-22 17:00:00+00:00,2567,SMU,97,Louisville,ESPN Bet,-3.5,-3.5,50.5,53.5,-165,140
401754602,2025,regular,13,2025-11-22 17:00:00+00:00,2567,SMU,97,Louisville,Bovada,-4,-3,49.5,53,-135,115
401767348,2025,regular,12,2025-11-15 18:00:00+00:00,2169,Delaware State,47,Howard,ESPN Bet,-13.5,,50.5,,,
401757297,2025,regular,11,2025-11-08 20:00:00+00:00,2638,UTEP,55,Jacksonville State,DraftKings,1.5,1.5,46.5,,-105,-115
401757297,2025,regular,11,2025-11-08 20:00:00+00:00,2638,UTEP,55,Jacksonville State,Bovada,1.5,1.5,46.5,49,100,-120
401757297,2025,regular,11,2025-11-08 20:00:00+00:00,2638,UTEP,55,Jacksonville State,ESPN Bet,1.5,2.5,46.5,49.5,105,-125
401760406,2025,regular,11,2025-11-08 23:00:00+00:00,23,San José State,2005,Air Force,DraftKings,-6,-2.5,67.5,,-250,205
401760406,2025,regular,11,2025-11-08 23:00:00+00:00,23,San José State,2005,Air Force,Bovada,-6,-3.5,67.5,65.5,-200,170
401760406,2025,regular,11,2025-11-08 23:00:00+00:00,23,San José State,2005,Air Force,ESPN Bet,-6.5,-3.5,68.5,66.5,-225,190
401767331,2025,regular,12,2025-11-15 18:00:00+00:00,399,UAlbany,119,Towson,ESPN Bet,13.5,,47.5,,,
401752915,2025,regular,13,2025-11-23 00:30:00+00:00,275,Wisconsin,356,Illinois,DraftKings,8.5,9.5,42.5,,275,-345
401752915,2025,regular,13,2025-11-23 00:30:00+00:00,275,Wisconsin,356,Illinois,ESPN Bet,8.5,9.5,41.5,42.5,280,-360
401752915,2025,regular,13,2025-11-23 00:30:00+00:00,275,Wisconsin,356,Illinois,Bovada,9.5,9,42,41,255,-310
401767761,2025,regular,13,2025-11-22 17:00:00+00:00,2341,Long Island University,2681,Wagner,ESPN Bet,-10,,36.5,,,
401761647,2025,regular,11,2025-11-08 17:00:00+00:00,2032,Arkansas State,2572,Southern Miss,DraftKings,6.5,3.5,54.5,,195,-238
401761647,2025,regular,11,2025-11-08 17:00:00+00:00,2032,Arkansas State,2572,Southern Miss,Bovada,6.5,6,55,59.5,190,-230
401761647,2025,regular,11,2025-11-08 17:00:00+00:00,2032,Arkansas State,2572,Southern Miss,ESPN Bet,6.5,5.5,54.5,59.5,200,-240
401767543,2025,regular,12,2025-11-15 18:00:00+00:00,79,Southern Illinois,233,South Dakota,ESPN Bet,-4.5,,50.5,,,
401760415,2025,regular,13,2025-11-23 00:00:00+00:00,2005,Air Force,167,New Mexico,ESPN Bet,3.5,2.5,53.5,58.5,135,-155
401760415,2025,regular,13,2025-11-23 00:00:00+00:00,2005,Air Force,167,New Mexico,DraftKings,3.5,1.5,52.5,,136,-162
401760415,2025,regular,13,2025-11-23 00:00:00+00:00,2005,Air Force,167,New Mexico,Bovada,3.5,2,53.5,58,135,-160
401767749,2025,regular,13,2025-11-22 17:00:00+00:00,2115,Central Connecticut,2385,Mercyhurst,ESPN Bet,-10.5,,47.5,,,
401754590,2025,regular,11,2025-11-08 20:30:00+00:00,41,UConn,150,Duke,DraftKings,7.5,10.5,63.5,,250,-310
401754590,2025,regular,11,2025-11-08 20:30:00+00:00,41,UConn,150,Duke,Bovada,8,8.5,63,66.5,255,-310
401754590,2025,regular,11,2025-11-08 20:30:00+00:00,41,UConn,150,Duke,ESPN Bet,7.5,8.5,62.5,66.5,250,-300
401767737,2025,regular,12,2025-11-15 18:00:00+00:00,2142,Colgate,2329,Lehigh,ESPN Bet,18.5,,54.5,,,
401760417,2025,regular,13,2025-11-23 03:30:00+00:00,278,Fresno State,328,Utah State,DraftKings,-1.5,-1.5,50.5,,-125,105
401760417,2025,regular,13,2025-11-23 03:30:00+00:00,278,Fresno State,328,Utah State,Bovada,-2,-2.5,50,50.5,-145,125
401760417,2025,regular,13,2025-11-23 03:30:00+00:00,278,Fresno State,328,Utah State,ESPN Bet,-1.5,-2.5,50.5,51.5,-125,105
401760409,2025,regular,11,2025-11-09 00:30:00+00:00,328,Utah State,2440,Nevada,DraftKings,-10,-10.5,52.5,,-380,300
401760409,2025,regular,11,2025-11-09 00:30:00+00:00,328,Utah State,2440,Nevada,Bovada,-10,-11,52,52.5,-380,290
401760409,2025,regular,11,2025-11-09 00:30:00+00:00,328,Utah State,2440,Nevada,ESPN Bet,-9.5,-11.5,52.5,53.5,-380,290
401767169,2025,regular,12,2025-11-15 19:00:00+00:00,2630,UT Martin,2127,Charleston Southern,ESPN Bet,-10,,45.5,,,
401757305,2025,regular,13,2025-11-22 20:30:00+00:00,2229,Florida International,55,Jacksonville State,DraftKings,-2.5,1.5,55.5,,-125,105
401757305,2025,regular,13,2025-11-22 20:30:00+00:00,2229,Florida International,55,Jacksonville State,Bovada,-2.5,-1,56,56.5,-105,-115
401757305,2025,regular,13,2025-11-22 20:30:00+00:00,2229,Florida International,55,Jacksonville State,ESPN Bet,-2.5,-1.5,56.5,55.5,-135,115
401767139,2025,regular,13,2025-11-22 17:00:00+00:00,2619,Stony Brook,2803,Bryant,ESPN Bet,-18.5,,52.5,,,
401757298,2025,regular,11,2025-11-08 21:00:00+00:00,166,New Mexico State,338,Kennesaw State,DraftKings,11.5,6.5,52.5,,330,-425
401757298,2025,regular,11,2025-11-08 21:00:00+00:00,166,New Mexico State,338,Kennesaw State,Bovada,10.5,7,52,54.5,220,-270
401757298,2025,regular,11,2025-11-08 21:00:00+00:00,166,New Mexico State,338,Kennesaw State,ESPN Bet,11.5,7.5,52.5,53.5,340,-450
401767643,2025,regular,12,2025-11-15 19:00:00+00:00,2900,St. Thomas (MN),2506,Presbyterian,ESPN Bet,-5.5,,47.5,,,
401761660,2025,regular,13,2025-11-22 21:00:00+00:00,2653,Troy,2247,Georgia State,Bovada,-9.5,-10.5,51,51,-480,350
401761660,2025,regular,13,2025-11-22 21:00:00+00:00,2653,Troy,2247,Georgia State,DraftKings,-9.5,-10.5,50.5,,-360,285
401761660,2025,regular,13,2025-11-22 21:00:00+00:00,2653,Troy,2247,Georgia State,ESPN Bet,-10.5,-11.5,51.5,51.5,-380,290
401767678,2025,regular,13,2025-11-22 17:00:00+00:00,225,Brown,159,Dartmouth,ESPN Bet,8,,51.5,,,
401752944,2025,regular,11,2025-11-09 03:00:00+00:00,204,Oregon State,2534,Sam Houston,DraftKings,-21,-17.5,52.5,,-1450,850
401752944,2025,regular,11,2025-11-09 03:00:00+00:00,204,Oregon State,2534,Sam Houston,Bovada,-21,-18.5,51.5,51.5,-1200,700
401752944,2025,regular,11,2025-11-09 03:00:00+00:00,204,Oregon State,2534,Sam Houston,ESPN Bet,-21.5,-18.5,52.5,51.5,-2500,1100
401767147,2025,regular,12,2025-11-15 19:00:00+00:00,2097,Campbell,2210,Elon,ESPN Bet,4,,52.5,,,
401767255,2025,regular,12,2025-11-15 19:00:00+00:00,2046,Austin Peay,2535,Samford,ESPN Bet,-25.5,,55.5,,,
401767264,2025,regular,13,2025-11-22 17:00:00+00:00,2405,Monmouth,399,UAlbany,ESPN Bet,-29.5,,62.5,,,
401760416,2025,regular,13,2025-11-23 00:00:00+00:00,68,Boise State,36,Colorado State,ESPN Bet,-17.5,-16.5,46.5,45.5,-1000,600
401760416,2025,regular,13,2025-11-23 00:00:00+00:00,68,Boise State,36,Colorado State,DraftKings,-17.5,-17.5,45.5,,-950,625
401760416,2025,regular,13,2025-11-23 00:00:00+00:00,68,Boise State,36,Colorado State,Bovada,-17,-16.5,45.5,45.5,-750,500
401767303,2025,regular,12,2025-11-15 19:00:00+00:00,2698,West Georgia,3101,Utah Tech,ESPN Bet,-15,,48.5,,,
401767586,2025,regular,12,2025-11-15 19:00:00+00:00,2643,The Citadel,2747,Wofford,ESPN Bet,3.5,,43.5,,,
401767740,2025,regular,12,2025-11-15 19:00:00+00:00,257,Richmond,322,Lafayette,ESPN Bet,3.5,,49.5,,,
401767222,2025,regular,12,2025-11-15 19:00:00+00:00,2710,Western Illinois,2546,Southeast Missouri State,ESPN Bet,8,,57.5,,,
401767207,2025,regular,12,2025-11-15 19:30:00+00:00,2634,Tennessee State,2241,Gardner-Webb,ESPN Bet,15,,50.5,,,
401767591,2025,regular,13,2025-11-22 17:00:00+00:00,2678,VMI,2717,Western Carolina,ESPN Bet,25.5,,63.5,,,
401767708,2025,regular,13,2025-11-22 17:00:00+00:00,43,Yale,108,Harvard,ESPN Bet,6.5,,50.5,,,
401767246,2025,regular,12,2025-11-15 20:00:00+00:00,2198,Eastern Kentucky,2000,Abilene Christian,ESPN Bet,9,,48.5,,,
401767481,2025,regular,12,2025-11-15 20:00:00+00:00,2916,Incarnate Word,2545,SE Louisiana,ESPN Bet,5.5,,54.5,,,
401767200,2025,regular,12,2025-11-15 20:00:00+00:00,2815,Lindenwood,2197,Eastern Illinois,ESPN Bet,-5.5,,49.5,,,
401767403,2025,regular,13,2025-11-22 17:00:00+00:00,2415,Morgan State,2428,North Carolina Central,ESPN Bet,9.5,,54.5,,,
401767718,2025,regular,13,2025-11-22 17:00:00+00:00,2771,Merrimack,2230,Fordham,ESPN Bet,-5.5,,45.5,,,
401767387,2025,regular,12,2025-11-15 20:00:00+00:00,2504,Prairie View A&M,2029,Arkansas-Pine Bluff,ESPN Bet,-21,,50.5,,,
401767556,2025,regular,12,2025-11-15 20:00:00+00:00,2382,Mercer,236,Chattanooga,ESPN Bet,-15.5,,57.5,,,
401767457,2025,regular,12,2025-11-15 20:00:00+00:00,2582,Southern,2640,Texas Southern,ESPN Bet,6.5,,52.5,,,
401767738,2025,regular,13,2025-11-22 17:30:00+00:00,322,Lafayette,2329,Lehigh,ESPN Bet,10,,52.5,,,
401767357,2025,regular,12,2025-11-15 20:00:00+00:00,2010,Alabama A&M,50,Florida A&M,ESPN Bet,2.5,,54.5,,,
401767444,2025,regular,12,2025-11-15 20:00:00+00:00,2571,South Dakota State,2287,Illinois State,ESPN Bet,-3.5,,50.5,,,
401767625,2025,regular,13,2025-11-22 18:00:00+00:00,2181,Drake,2413,Morehead State,ESPN Bet,-21.5,,49.5,,,
401767514,2025,regular,12,2025-11-15 20:30:00+00:00,2449,North Dakota State,2460,Northern Iowa,ESPN Bet,-34,,47.5,,,
401767377,2025,regular,12,2025-11-15 20:00:00+00:00,2016,Alcorn State,2755,Grambling,ESPN Bet,1.5,,45.5,,,
401767770,2025,regular,13,2025-11-22 18:00:00+00:00,284,Stonehill,2598,St. Francis (PA),ESPN Bet,-7.5,,37.5,,,
401767600,2025,regular,12,2025-11-15 21:00:00+00:00,301,San Diego,2086,Butler,ESPN Bet,-7.5,,46.5,,,
401767519,2025,regular,12,2025-11-15 21:00:00+00:00,2447,Nicholls,2466,Northwestern State,ESPN Bet,-23.5,,45.5,,,
401767338,2025,regular,13,2025-11-22 18:00:00+00:00,222,Villanova,2529,Sacred Heart,ESPN Bet,-16,,54.5,,,
401788996,2025,regular,13,2025-11-22 18:00:00+00:00,219,Pennsylvania,163,Princeton,ESPN Bet,-3.5,,50.5,,,
401767148,2025,regular,13,2025-11-22 18:00:00+00:00,119,Towson,2097,Campbell,ESPN Bet,-8.5,,54.5,,,
401767611,2025,regular,13,2025-11-22 18:00:00+00:00,2166,Davidson,2168,Dayton,ESPN Bet,17.5,,51.5,,,
401767445,2025,regular,13,2025-11-22 18:00:00+00:00,2287,Illinois State,79,Southern Illinois,ESPN Bet,-4.5,,59.5,,,
401767671,2025,regular,13,2025-11-22 18:00:00+00:00,2142,Colgate,2083,Bucknell,ESPN Bet,-9.5,,60.5,,,
401767647,2025,regular,13,2025-11-22 18:00:00+00:00,56,Stetson,301,San Diego,ESPN Bet,22,,53.5,,,
401767696,2025,regular,13,2025-11-22 18:00:00+00:00,172,Cornell,171,Columbia,ESPN Bet,-9.5,,43.5,,,
401767349,2025,regular,13,2025-11-22 18:00:00+00:00,2169,Delaware State,2569,South Carolina State,ESPN Bet,5.5,,56.5,,,
401767195,2025,regular,13,2025-11-22 18:00:00+00:00,160,New Hampshire,311,Maine,ESPN Bet,-7.5,,47.5,,,
401767188,2025,regular,13,2025-11-22 18:00:00+00:00,227,Rhode Island,2261,Hampton,ESPN Bet,-31.5,,52.5,,,
401767520,2025,regular,13,2025-11-21 00:00:00+00:00,2545,SE Louisiana,2447,Nicholls,ESPN Bet,-17.5,,49.5,,,
401767234,2025,regular,13,2025-11-22 18:00:00+00:00,2635,Tennessee Tech,2630,UT Martin,ESPN Bet,-17.5,,55.5,,,
401767601,2025,regular,13,2025-11-22 18:00:00+00:00,2086,Butler,2674,Valparaiso,ESPN Bet,-16.5,,48.5,,,
401767508,2025,regular,13,2025-11-22 19:00:00+00:00,155,North Dakota,2571,South Dakota State,ESPN Bet,-9.5,,48.5,,,
401767178,2025,regular,13,2025-11-22 19:00:00+00:00,2210,Elon,2448,North Carolina A&T,ESPN Bet,-21,,54.5,,,
401767522,2025,regular,13,2025-11-21 00:30:00+00:00,2466,Northwestern State,2617,Stephen F. Austin,ESPN Bet,37.5,,50.5,,,
401767453,2025,regular,13,2025-11-22 18:00:00+00:00,282,Indiana State,93,Murray State,ESPN Bet,-13,,58.5,,,
401767394,2025,regular,13,2025-11-22 20:30:00+00:00,50,Florida A&M,2065,Bethune-Cookman,ESPN Bet,-2.5,,56.5,,,
401767633,2025,regular,13,2025-11-22 18:00:00+00:00,2506,Presbyterian,2368,Marist,ESPN Bet,-17.5,,49.5,,,
401767564,2025,regular,13,2025-11-22 18:00:00+00:00,2193,East Tennessee State,2643,The Citadel,ESPN Bet,-11.5,,54.5,,,
401767557,2025,regular,13,2025-11-22 18:30:00+00:00,2747,Wofford,236,Chattanooga,ESPN Bet,-4.5,,47.5,,,
401767340,2025,regular,13,2025-11-22 18:00:00+00:00,2729,William & Mary,257,Richmond,ESPN Bet,-6.5,,49.5,,,
401767367,2025,regular,13,2025-11-22 18:00:00+00:00,2011,Alabama State,2029,Arkansas-Pine Bluff,ESPN Bet,-26.5,,59.5,,,
401767125,2025,regular,13,2025-11-22 19:00:00+00:00,2458,Northern Colorado,2502,Portland State,ESPN Bet,-10.5,,56.5,,,
401767208,2025,regular,13,2025-11-22 18:30:00+00:00,2241,Gardner-Webb,2710,Western Illinois,ESPN Bet,-13.5,,59.5,,,
401767215,2025,regular,13,2025-11-22 19:00:00+00:00,2546,Southeast Missouri State,2815,Lindenwood,ESPN Bet,1.5,,52.5,,,
401767104,2025,regular,13,2025-11-22 19:00:00+00:00,149,Montana,147,Montana State,ESPN Bet,4.5,,59.5,,,
401767170,2025,regular,13,2025-11-22 19:00:00+00:00,2127,Charleston Southern,2634,Tennessee State,ESPN Bet,-12.5,,43.5,,,
401767540,2025,regular,13,2025-11-22 19:00:00+00:00,2460,Northern Iowa,2754,Youngstown State,ESPN Bet,14,,57.5,,,
401767756,2025,regular,13,2025-11-22 19:00:00+00:00,2523,Robert Morris,2184,Duquesne,ESPN Bet,13.5,,42.5,,,
401767291,2025,regular,13,2025-11-22 19:00:00+00:00,2453,North Alabama,253,Southern Utah,ESPN Bet,18,,58.5,,,
401767118,2025,regular,13,2025-11-22 20:00:00+00:00,2692,Weber State,2464,Northern Arizona,ESPN Bet,14,,58.5,,,
401767475,2025,regular,13,2025-11-22 20:00:00+00:00,2277,Houston Christian,2916,Incarnate Word,ESPN Bet,17.5,,49.5,,,
401767430,2025,regular,13,2025-11-22 20:00:00+00:00,2504,Prairie View A&M,2400,Mississippi Valley State,ESPN Bet,-29.5,,50.5,,,
401767358,2025,regular,13,2025-11-22 20:00:00+00:00,2640,Texas Southern,2010,Alabama A&M,ESPN Bet,-3.5,,52.5,,,
401767515,2025,regular,13,2025-11-22 20:30:00+00:00,2449,North Dakota State,2900,St. Thomas (MN),ESPN Bet,-33.5,,51.5,,,
401767378,2025,regular,13,2025-11-22 20:30:00+00:00,2016,Alcorn State,2296,Jackson State,ESPN Bet,-19.5,,51.5,,,
401767284,2025,regular,13,2025-11-22 21:00:00+00:00,3101,Utah Tech,2198,Eastern Kentucky,ESPN Bet,6.5,,45.5,,,
401767134,2025,regular,13,2025-11-22 21:00:00+00:00,302,UC Davis,16,Sacramento State,ESPN Bet,-5,,63.5,,,
401767397,2025,regular,13,2025-11-22 20:30:00+00:00,47,Howard,2450,Norfolk State,ESPN Bet,-3.5,,48.5,,,
401767088,2025,regular,13,2025-11-22 21:00:00+00:00,70,Idaho,304,Idaho State,ESPN Bet,-2.5,,59.5,,,
401767489,2025,regular,13,2025-11-22 21:00:00+00:00,2320,Lamar,2377,McNeese,ESPN Bet,-13.5,,47.5,,,
401767725,2025,regular,13,2025-11-22 21:00:00+00:00,107,Holy Cross,46,Georgetown,ESPN Bet,-5.5,,45.5,,,
401767247,2025,regular,13,2025-11-22 22:00:00+00:00,2110,Central Arkansas,2000,Abilene Christian,ESPN Bet,9.5,,54.5,,,
401767068,2025,regular,13,2025-11-22 22:00:00+00:00,13,Cal Poly,331,Eastern Washington,ESPN Bet,-2.5,,56.5,,,
401767276,2025,regular,13,2025-11-22 22:00:00+00:00,2627,Tarleton State,2046,Austin Peay,ESPN Bet,-18.5,,60.5,,,
