game_id,season,season_type,week,start_date,home_team_id,home_team,away_team_id,away_team,spread_provider_count,consensus_spread,spread_mean,spread_median,spread_min,spread_max,spread_range,spread_stddev,spread_open_provider_count,consensus_spread_open,spread_open_mean,spread_open_median,spread_open_min,spread_open_max,spread_open_range,spread_open_stddev,total_provider_count,consensus_total,total_mean,total_median,total_min,total_max,total_range,total_stddev,total_open_provider_count,consensus_total_open,total_open_mean,total_open_median,total_open_min,total_open_max,total_open_range,total_open_stddev
401012246,2018,regular,1,2018-09-02 00:00:00+00:00,333,Alabama,97,Louisville,4,-23.75,-23.75,-23.75,-24.0,-23.5,0.5,0.28867513459481287,0,,,,,,,,4,61.25,61.375,61.25,60.5,62.5,2.0,1.0307764064044151,0,,,,,,,
401012247,2018,regular,1,2018-09-01 20:00:00+00:00,8,Arkansas,2197,Eastern Illinois,2,-34.5,-34.5,-34.5,-35.0,-34.0,1.0,0.7071067811865476,0,,,,,,,,1,58.5,58.5,58.5,58.5,58.5,0.0,0.0,0,,,,,,,
401012248,2018,regular,1,2018-09-01 19:30:00+00:00,2,Auburn,264,Washington,4,-1.25,-1.5,-1.25,-2.5,-1.0,1.5,0.7071067811865476,0,,,,,,,,4,49.75,49.625,49.75,48.5,50.5,2.0,1.0307764064044151,0,,,,,,,
401012249,2018,regular,1,2018-09-01 23:30:00+00:00,57,Florida,2127,Charleston Southern,1,-43.0,-43.0,-43.0,-43.0,-43.0,0.0,0.0,0,,,,,,,,0,,,,,,,,0,,,,,,,
401012250,2018,regular,1,2018-09-01 19:30:00+00:00,61,Georgia,2046,Austin Peay,2,-46.0,-46.0,-46.0,-48.0,-44.0,4.0,2.8284271247461903,0,,,,,,,,1,59.5,59.5,59.5,59.5,59.5,0.0,0.0,0,,,,,,,
401012251,2018,regular,1,2018-09-01 19:30:00+00:00,96,Kentucky,2117,Central Michigan,2,-17.5,-17.5,-17.5,-17.5,-17.5,0.0,0.0,0,,,,,,,,2,49.0,49.0,49.0,49.0,49.0,0.0,0.0,0,,,,,,,
401012253,2018,regular,1,2018-09-01 16:00:00+00:00,2641,Texas Tech,145,Ole Miss,4,2.25,2.125,2.25,1.5,2.5,1.0,0.47871355387816905,0,,,,,,,,4,69.25,69.25,69.25,67.0,71.5,4.5,2.598076211353316,0,,,,,,,
401012254,2018,regular,1,2018-09-01 23:30:00+00:00,344,Mississippi State,2617,Stephen F. Austin,2,-44.25,-44.25,-44.25,-47.5,-41.0,6.5,4.596194077712559,0,,,,,,,,1,53.0,53.0,53.0,53.0,53.0,0.0,0.0,0,,,,,,,
401012255,2018,regular,1,2018-09-01 20:00:00+00:00,142,Missouri,2630,UT Martin,1,-35.0,-35.0,-35.0,-35.0,-35.0,0.0,0.0,0,,,,,,,,1,57.0,57.0,57.0,57.0,57.0,0.0,0.0,0,,,,,,,
401012256,2018,regular,1,2018-09-01 16:00:00+00:00,2579,South Carolina,324,Coastal Carolina,4,-30.75,-30.75,-30.75,-31.0,-30.5,0.5,0.28867513459481287,0,,,,,,,,4,56.25,56.25,56.25,55.5,57.0,1.5,0.8660254037844386,0,,,,,,,
401012257,2018,regular,1,2018-09-01 19:30:00+00:00,2633,Tennessee,277,West Virginia,4,10.0,9.875,10.0,9.5,10.0,0.5,0.25,0,,,,,,,,4,60.75,60.625,60.75,59.5,61.5,2.0,0.8539125638299665,0,,,,,,,
401012258,2018,regular,1,2018-08-31 00:30:00+00:00,245,Texas A&M,2466,Northwestern State,1,-47.0,-47.0,-47.0,-47.0,-47.0,0.0,0.0,0,,,,,,,,1,63.5,63.5,63.5,63.5,63.5,0.0,0.0,0,,,,,,,
401012259,2018,regular,1,2018-09-01 23:30:00+00:00,238,Vanderbilt,2393,Middle Tennessee,4,-3.0,-3.0,-3.0,-3.0,-3.0,0.0,0.0,0,,,,,,,,4,56.75,56.875,56.75,56.5,57.5,1.0,0.47871355387816905,0,,,,,,,
401012260,2018,regular,2,2018-09-08 19:30:00+00:00,333,Alabama,2032,Arkansas State,4,-37.0,-36.875,-37.0,-37.0,-36.5,0.5,0.25,0,,,,,,,,4,63.0,63.125,63.0,63.0,63.5,0.5,0.25,0,,,,,,,
401012261,2018,regular,2,2018-09-08 23:30:00+00:00,36,Colorado State,8,Arkansas,4,14.0,14.0,14.0,14.0,14.0,0.0,0.0,0,,,,,,,,4,70.0,70.0,70.0,69.5,70.5,1.0,0.408248290463863,0,,,,,,,
401012262,2018,regular,2,2018-09-08 23:30:00+00:00,2,Auburn,2011,Alabama State,1,-62.0,-62.0,-62.0,-62.0,-62.0,0.0,0.0,0,,,,,,,,1,59.5,59.5,59.5,59.5,59.5,0.0,0.0,0,,,,,,,
401012263,2018,regular,2,2018-09-08 23:30:00+00:00,57,Florida,96,Kentucky,4,-13.5,-13.5,-13.5,-13.5,-13.5,0.0,0.0,0,,,,,,,,4,52.0,52.0,52.0,51.5,52.5,1.0,0.5773502691896257,0,,,,,,,
401012264,2018,regular,2,2018-09-08 23:00:00+00:00,99,LSU,2545,SE Louisiana,1,-42.0,-42.0,-42.0,-42.0,-42.0,0.0,0.0,0,,,,,,,,1,57.5,57.5,57.5,57.5,57.5,0.0,0.0,0,,,,,,,
401012265,2018,regular,2,2018-09-08 20:00:00+00:00,145,Ole Miss,79,Southern Illinois,1,-28.0,-28.0,-28.0,-28.0,-28.0,0.0,0.0,0,,,,,,,,1,65.5,65.5,65.5,65.5,65.5,0.0,0.0,0,,,,,,,
401012266,2018,regular,2,2018-09-08 16:00:00+00:00,2306,Kansas State,344,Mississippi State,4,7.0,6.875,7.0,6.5,7.0,0.5,0.25,0,,,,,,,,4,52.0,52.0,52.0,51.5,52.5,1.0,0.408248290463863,0,,,,,,,
401012267,2018,regular,2,2018-09-08 23:00:00+00:00,142,Missouri,2751,Wyoming,4,-19.5,-19.5,-19.5,-20.0,-19.0,1.0,0.408248290463863,0,,,,,,,,4,52.5,52.625,52.5,52.5,53.0,0.5,0.25,0,,,,,,,
401012268,2018,regular,2,2018-09-08 19:30:00+00:00,2579,South Carolina,61,Georgia,4,8.75,8.875,8.75,8.5,9.5,1.0,0.47871355387816905,0,,,,,,,,4,53.75,53.625,53.75,52.5,54.5,2.0,1.0307764064044151,0,,,,,,,
401012269,2018,regular,2,2018-09-08 20:00:00+00:00,2633,Tennessee,2193,East Tennessee State,1,-37.0,-37.0,-37.0,-37.0,-37.0,0.0,0.0,0,,,,,,,,1,51.5,51.5,51.5,51.5,51.5,0.0,0.0,0,,,,,,,
401012270,2018,regular,2,2018-09-08 23:00:00+00:00,245,Texas A&M,228,Clemson,4,12.25,12.25,12.25,12.0,12.5,0.5,0.28867513459481287,0,,,,,,,,4,51.0,50.875,51.0,50.5,51.0,0.5,0.25,0,,,,,,,
401012271,2018,regular,2,2018-09-08 16:00:00+00:00,238,Vanderbilt,2440,Nevada,4,-10.0,-10.0,-10.0,-10.0,-10.0,0.0,0.0,0,,,,,,,,4,59.75,59.75,59.75,59.5,60.0,0.5,0.28867513459481287,0,,,,,,,
401012272,2018,regular,3,2018-09-15 20:00:00+00:00,8,Arkansas,249,North Texas,4,-5.5,-5.5,-5.5,-5.5,-5.5,0.0,0.0,0,,,,,,,,4,64.0,64.0,64.0,63.5,64.5,1.0,0.5773502691896257,0,,,,,,,
401012273,2018,regular,3,2018-09-15 19:30:00+00:00,2,Auburn,99,LSU,4,-10.0,-10.0,-10.0,-10.0,-10.0,0.0,0.0,0,,,,,,,,4,45.0,45.0,45.0,44.5,45.5,1.0,0.408248290463863,0,,,,,,,
401012274,2018,regular,3,2018-09-15 20:00:00+00:00,57,Florida,36,Colorado State,4,-21.25,-21.25,-21.25,-21.5,-21.0,0.5,0.28867513459481287,0,,,,,,,,4,59.75,59.625,59.75,59.0,60.0,1.0,0.47871355387816905,0,,,,,,,
401012275,2018,regular,3,2018-09-15 16:00:00+00:00,61,Georgia,2393,Middle Tennessee,4,-34.0,-34.125,-34.0,-34.5,-34.0,0.5,0.25,0,,,,,,,,4,59.5,59.375,59.5,58.5,60.0,1.5,0.6291528696058958,0,,,,,,,
401012276,2018,regular,3,2018-09-15 16:00:00+00:00,96,Kentucky,93,Murray State,1,-41.0,-41.0,-41.0,-41.0,-41.0,0.0,0.0,0,,,,,,,,1,56.5,56.5,56.5,56.5,56.5,0.0,0.0,0,,,,,,,
401012277,2018,regular,3,2018-09-15 23:00:00+00:00,145,Ole Miss,333,Alabama,4,22.5,22.625,22.5,22.5,23.0,0.5,0.25,0,,,,,,,,4,71.5,71.375,71.5,71.0,71.5,0.5,0.25,0,,,,,,,
401012278,2018,regular,3,2018-09-15 23:30:00+00:00,344,Mississippi State,309,Louisiana,4,-34.0,-34.125,-34.0,-34.5,-34.0,0.5,0.25,0,,,,,,,,4,63.25,63.125,63.25,62.5,63.5,1.0,0.47871355387816905,0,,,,,,,
401012279,2018,regular,3,2018-09-15 23:30:00+00:00,2509,Purdue,142,Missouri,4,5.25,5.25,5.25,5.0,5.5,0.5,0.28867513459481287,0,,,,,,,,4,67.75,67.625,67.75,67.0,68.0,1.0,0.47871355387816905,0,,,,,,,
401012281,2018,regular,3,2018-09-15 16:00:00+00:00,2633,Tennessee,2638,UTEP,4,-33.5,-33.375,-33.5,-33.5,-33.0,0.5,0.25,0,,,,,,,,4,51.5,51.375,51.5,51.0,51.5,0.5,0.25,0,,,,,,,
401012282,2018,regular,3,2018-09-15 23:30:00+00:00,245,Texas A&M,2433,UL Monroe,3,-27.5,-27.666666666666668,-27.5,-28.0,-27.5,0.5,0.28867513459481287,0,,,,,,,,4,66.0,66.125,66.0,66.0,66.5,0.5,0.25,0,,,,,,,
401012283,2018,regular,3,2018-09-15 18:30:00+00:00,87,Notre Dame,238,Vanderbilt,4,-14.0,-13.875,-14.0,-14.0,-13.5,0.5,0.25,0,,,,,,,,4,52.0,51.875,52.0,51.5,52.0,0.5,0.25,0,,,,,,,
401012284,2018,regular,4,2018-09-22 19:30:00+00:00,333,Alabama,245,Texas A&M,4,-24.5,-24.625,-24.5,-25.5,-24.0,1.5,0.6291528696058958,0,,,,,,,,4,58.75,58.75,58.75,58.5,59.0,0.5,0.28867513459481287,0,,,,,,,
401012285,2018,regular,4,2018-09-22 23:30:00+00:00,2,Auburn,8,Arkansas,4,-30.0,-30.0,-30.0,-30.0,-30.0,0.0,0.0,0,,,,,,,,4,57.5,57.375,57.5,57.0,57.5,0.5,0.25,0,,,,,,,
401012286,2018,regular,4,2018-09-22 23:00:00+00:00,96,Kentucky,344,Mississippi State,4,10.0,9.875,10.0,9.5,10.0,0.5,0.25,0,,,,,,,,4,56.0,55.875,56.0,55.5,56.0,0.5,0.25,0,,,,,,,
401012287,2018,regular,4,2018-09-22 23:00:00+00:00,99,LSU,2348,Louisiana Tech,4,-19.5,-19.375,-19.5,-19.5,-19.0,0.5,0.25,0,,,,,,,,4,51.0,51.0,51.0,51.0,51.0,0.0,0.0,0,,,,,,,
401012288,2018,regular,4,2018-09-22 16:00:00+00:00,145,Ole Miss,2309,Kent State,4,-28.5,-28.5,-28.5,-28.5,-28.5,0.0,0.0,0,,,,,,,,4,75.25,75.25,75.25,75.0,75.5,0.5,0.28867513459481287,0,,,,,,,
401012289,2018,regular,4,2018-09-22 16:00:00+00:00,142,Missouri,61,Georgia,4,14.75,14.75,14.75,14.5,15.0,0.5,0.28867513459481287,0,,,,,,,,4,68.25,68.25,68.25,68.0,68.5,0.5,0.28867513459481287,0,,,,,,,
401012290,2018,regular,4,2018-09-22 23:00:00+00:00,2633,Tennessee,57,Florida,4,3.5,3.625,3.5,3.5,4.0,0.5,0.25,0,,,,,,,,4,46.5,46.5,46.5,46.0,47.0,1.0,0.408248290463863,0,,,,,,,
401012291,2018,regular,4,2018-09-22 20:00:00+00:00,238,Vanderbilt,2579,South Carolina,4,1.5,1.5,1.5,1.5,1.5,0.0,0.0,0,,,,,,,,4,53.25,53.0,53.25,52.0,53.5,1.5,0.7071067811865476,0,,,,,,,
401012292,2018,regular,5,2018-09-29 16:00:00+00:00,333,Alabama,309,Louisiana,4,-49.0,-48.875,-49.0,-49.0,-48.5,0.5,0.25,0,,,,,,,,4,69.0,69.25,69.0,69.0,70.0,1.0,0.5,0,,,,,,,
401012293,2018,regular,5,2018-09-29 16:00:00+00:00,245,Texas A&M,8,Arkansas,3,-20.0,-20.0,-20.0,-20.5,-19.5,1.0,0.5,0,,,,,,,,4,56.25,56.25,56.25,56.0,56.5,0.5,0.28867513459481287,0,,,,,,,
401012294,2018,regular,5,2018-09-29 20:00:00+00:00,2,Auburn,2572,Southern Miss,4,-27.0,-27.125,-27.0,-27.5,-27.0,0.5,0.25,0,,,,,,,,4,52.0,52.0,52.0,51.0,53.0,2.0,0.816496580927726,0,,,,,,,
401012295,2018,regular,5,2018-09-29 19:30:00+00:00,61,Georgia,2633,Tennessee,4,-30.0,-30.125,-30.0,-30.5,-30.0,0.5,0.25,0,,,,,,,,4,54.5,54.625,54.5,54.5,55.0,0.5,0.25,0,,,,,,,
401012296,2018,regular,5,2018-09-29 23:30:00+00:00,96,Kentucky,2579,South Carolina,3,1.0,1.0,1.0,1.0,1.0,0.0,0.0,0,,,,,,,,4,51.5,51.625,51.5,51.5,52.0,0.5,0.25,0,,,,,,,
401012297,2018,regular,5,2018-09-30 01:00:00+00:00,99,LSU,145,Ole Miss,4,-11.0,-10.875,-11.0,-11.0,-10.5,0.5,0.25,0,,,,,,,,4,60.5,60.5,60.5,60.0,61.0,1.0,0.408248290463863,0,,,,,,,
401012298,2018,regular,5,2018-09-29 22:00:00+00:00,344,Mississippi State,57,Florida,4,-6.5,-6.5,-6.5,-6.5,-6.5,0.0,0.0,0,,,,,,,,4,50.0,49.875,50.0,49.5,50.0,0.5,0.25,0,,,,,,,
401012299,2018,regular,5,2018-09-29 20:00:00+00:00,238,Vanderbilt,2634,Tennessee State,1,-28.0,-28.0,-28.0,-28.0,-28.0,0.0,0.0,0,,,,,,,,0,,,,,,,,0,,,,,,,
401012300,2018,regular,6,2018-10-06 16:00:00+00:00,8,Arkansas,333,Alabama,4,35.0,35.0,35.0,35.0,35.0,0.0,0.0,0,,,,,,,,4,58.75,58.25,58.75,56.5,59.0,2.5,1.1902380714238083,0,,,,,,,
401012301,2018,regular,6,2018-10-06 19:30:00+00:00,57,Florida,99,LSU,4,1.0,1.25,1.0,1.0,2.0,1.0,0.5,0,,,,,,,,4,44.25,44.25,44.25,44.0,44.5,0.5,0.28867513459481287,0,,,,,,,
401012302,2018,regular,6,2018-10-06 23:30:00+00:00,61,Georgia,238,Vanderbilt,4,-26.25,-26.25,-26.25,-26.5,-26.0,0.5,0.28867513459481287,0,,,,,,,,4,56.0,56.125,56.0,56.0,56.5,0.5,0.25,0,,,,,,,
401012303,2018,regular,6,2018-10-06 20:00:00+00:00,145,Ole Miss,2433,UL Monroe,4,-23.25,-23.25,-23.25,-23.5,-23.0,0.5,0.28867513459481287,0,,,,,,,,4,76.0,75.875,76.0,75.5,76.0,0.5,0.25,0,,,,,,,
401012304,2018,regular,6,2018-10-06 23:30:00+00:00,344,Mississippi State,2,Auburn,4,3.0,3.0,3.0,3.0,3.0,0.0,0.0,0,,,,,,,,4,45.0,44.875,45.0,44.5,45.0,0.5,0.25,0,,,,,,,
401012305,2018,regular,6,2018-10-06 16:00:00+00:00,2579,South Carolina,142,Missouri,4,1.0,1.0,1.0,1.0,1.0,0.0,0.0,0,,,,,,,,4,62.5,62.75,62.5,62.5,63.5,1.0,0.5,0,,,,,,,
401012306,2018,regular,6,2018-10-06 23:00:00+00:00,245,Texas A&M,96,Kentucky,3,-5.5,-5.333333333333333,-5.5,-5.5,-5.0,0.5,0.28867513459481287,0,,,,,,,,4,48.75,48.875,48.75,48.5,49.5,1.0,0.47871355387816905,0,,,,,,,
401012307,2018,regular,7,2018-10-13 23:00:00+00:00,333,Alabama,142,Missouri,4,-28.5,-28.375,-28.5,-28.5,-28.0,0.5,0.25,0,,,,,,,,4,73.5,73.25,73.5,72.5,73.5,1.0,0.5,0,,,,,,,
401012308,2018,regular,7,2018-10-13 23:30:00+00:00,8,Arkansas,145,Ole Miss,4,6.5,6.5,6.5,6.5,6.5,0.0,0.0,0,,,,,,,,4,66.25,66.25,66.25,66.0,66.5,0.5,0.28867513459481287,0,,,,,,,
401012309,2018,regular,7,2018-10-13 16:00:00+00:00,2,Auburn,2633,Tennessee,4,-15.5,-15.25,-15.5,-15.5,-14.5,1.0,0.5,0,,,,,,,,4,46.75,46.625,46.75,46.0,47.0,1.0,0.47871355387816905,0,,,,,,,
401012310,2018,regular,7,2018-10-13 19:30:00+00:00,99,LSU,61,Georgia,4,7.0,6.875,7.0,6.5,7.0,0.5,0.25,0,,,,,,,,4,49.25,49.25,49.25,48.5,50.0,1.5,0.8660254037844386,0,,,,,,,
401012311,2018,regular,7,2018-10-13 19:30:00+00:00,2579,South Carolina,245,Texas A&M,4,2.5,2.5,2.5,2.5,2.5,0.0,0.0,0,,,,,,,,4,50.5,50.5,50.5,50.0,51.0,1.0,0.408248290463863,0,,,,,,,
401012312,2018,regular,7,2018-10-13 16:00:00+00:00,238,Vanderbilt,57,Florida,4,9.5,9.5,9.5,9.5,9.5,0.0,0.0,0,,,,,,,,4,51.0,51.125,51.0,51.0,51.5,0.5,0.25,0,,,,,,,
401012313,2018,regular,8,2018-10-20 16:00:00+00:00,8,Arkansas,202,Tulsa,3,-7.0,-6.833333333333333,-7.0,-7.5,-6.0,1.5,0.7637626158259734,0,,,,,,,,3,53.5,53.666666666666664,53.5,52.0,55.5,3.5,1.755942292142123,0,,,,,,,
401012314,2018,regular,8,2018-10-20 23:30:00+00:00,96,Kentucky,238,Vanderbilt,4,-10.5,-10.625,-10.5,-11.0,-10.5,0.5,0.25,0,,,,,,,,4,45.25,45.25,45.25,45.0,45.5,0.5,0.28867513459481287,0,,,,,,,
401012315,2018,regular,8,2018-10-20 23:00:00+00:00,99,LSU,344,Mississippi State,4,-5.75,-5.625,-5.75,-6.0,-5.0,1.0,0.47871355387816905,0,,,,,,,,4,45.0,45.125,45.0,45.0,45.5,0.5,0.25,0,,,,,,,
401012316,2018,regular,8,2018-10-20 16:00:00+00:00,145,Ole Miss,2,Auburn,4,5.0,5.0,5.0,4.5,5.5,1.0,0.408248290463863,0,,,,,,,,4,64.0,64.0,64.0,64.0,64.0,0.0,0.0,0,,,,,,,
401012317,2018,regular,8,2018-10-20 20:00:00+00:00,142,Missouri,235,Memphis,4,-9.25,-9.125,-9.25,-9.5,-8.5,1.0,0.47871355387816905,0,,,,,,,,3,70.5,71.33333333333333,70.5,69.5,74.0,4.5,2.3629078131263044,0,,,,,,,
401012318,2018,regular,8,2018-10-20 19:30:00+00:00,2633,Tennessee,333,Alabama,4,29.25,29.25,29.25,29.0,29.5,0.5,0.28867513459481287,0,,,,,,,,4,57.75,57.75,57.75,57.5,58.0,0.5,0.28867513459481287,0,,,,,,,
401012319,2018,regular,9,2018-10-27 16:00:00+00:00,8,Arkansas,238,Vanderbilt,4,-1.0,-0.5,-1.0,-1.0,1.0,2.0,1.0,0,,,,,,,,4,51.75,51.75,51.75,51.5,52.0,0.5,0.28867513459481287,0,,,,,,,
401012320,2018,regular,9,2018-10-27 19:30:00+00:00,61,Georgia,57,Florida,4,-7.0,-5.5,-7.0,-7.0,-1.0,6.0,3.0,0,,,,,,,,3,52.5,52.5,52.5,52.0,53.0,1.0,0.5,0,,,,,,,
401012321,2018,regular,9,2018-10-27 23:00:00+00:00,344,Mississippi State,245,Texas A&M,4,-1.0,-0.625,-1.0,-1.5,1.0,2.5,1.1086778913041726,0,,,,,,,,4,42.75,42.75,42.75,42.5,43.0,0.5,0.28867513459481287,0,,,,,,,
401012322,2018,regular,9,2018-10-27 20:00:00+00:00,142,Missouri,96,Kentucky,4,-7.5,-7.5,-7.5,-7.5,-7.5,0.0,0.0,0,,,,,,,,4,54.5,54.5,54.5,54.5,54.5,0.0,0.0,0,,,,,,,
401012323,2018,regular,9,2018-10-27 23:30:00+00:00,2579,South Carolina,2633,Tennessee,4,-10.0,-9.875,-10.0,-10.5,-9.0,1.5,0.6291528696058958,0,,,,,,,,4,53.0,53.125,53.0,53.0,53.5,0.5,0.25,0,,,,,,,
401012324,2018,regular,10,2018-11-03 16:00:00+00:00,2,Auburn,245,Texas A&M,4,-3.5,-3.5,-3.5,-3.5,-3.5,0.0,0.0,0,,,,,,,,4,47.5,47.375,47.5,47.0,47.5,0.5,0.25,0,,,,,,,
401012325,2018,regular,10,2018-11-03 20:00:00+00:00,57,Florida,142,Missouri,4,-6.0,-6.0,-6.0,-6.0,-6.0,0.0,0.0,0,,,,,,,,4,59.0,58.75,59.0,57.5,59.5,2.0,0.8660254037844386,0,,,,,,,
401012326,2018,regular,10,2018-11-03 19:30:00+00:00,96,Kentucky,61,Georgia,4,9.25,9.25,9.25,9.0,9.5,0.5,0.28867513459481287,0,,,,,,,,4,47.25,47.125,47.25,46.5,47.5,1.0,0.47871355387816905,0,,,,,,,
401012327,2018,regular,10,2018-11-04 00:00:00+00:00,99,LSU,333,Alabama,4,14.0,14.0,14.0,14.0,14.0,0.0,0.0,0,,,,,,,,4,51.5,51.5,51.5,51.5,51.5,0.0,0.0,0,,,,,,,
401012328,2018,regular,10,2018-11-03 16:00:00+00:00,145,Ole Miss,2579,South Carolina,4,-2.0,-2.0,-2.0,-2.0,-2.0,0.0,0.0,0,,,,,,,,4,69.0,69.25,69.0,69.0,70.0,1.0,0.5,0,,,,,,,
401012329,2018,regular,10,2018-11-03 23:30:00+00:00,344,Mississippi State,2348,Louisiana Tech,4,-23.0,-23.125,-23.0,-23.5,-23.0,0.5,0.25,0,,,,,,,,4,48.5,48.625,48.5,48.5,49.0,0.5,0.25,0,,,,,,,
401012330,2018,regular,10,2018-11-03 20:00:00+00:00,2633,Tennessee,2429,Charlotte,4,-21.5,-21.625,-21.5,-22.5,-21.0,1.5,0.6291528696058958,0,,,,,,,,4,46.5,46.625,46.5,46.0,47.5,1.5,0.75,0,,,,,,,
401012331,2018,regular,11,2018-11-10 20:30:00+00:00,333,Alabama,344,Mississippi State,4,-22.0,-22.0,-22.0,-22.5,-21.5,1.0,0.408248290463863,0,,,,,,,,4,50.5,50.5,50.5,50.0,51.0,1.0,0.408248290463863,0,,,,,,,
401012332,2018,regular,11,2018-11-11 00:30:00+00:00,8,Arkansas,99,LSU,4,12.5,12.625,12.5,12.5,13.0,0.5,0.25,0,,,,,,,,4,49.5,49.5,49.5,49.5,49.5,0.0,0.0,0,,,,,,,
401012333,2018,regular,11,2018-11-10 17:00:00+00:00,57,Florida,2579,South Carolina,4,-6.5,-6.625,-6.5,-7.0,-6.5,0.5,0.25,0,,,,,,,,4,55.0,55.0,55.0,54.5,55.5,1.0,0.408248290463863,0,,,,,,,
401012334,2018,regular,11,2018-11-11 00:00:00+00:00,61,Georgia,2,Auburn,4,-13.0,-13.125,-13.0,-14.0,-12.5,1.5,0.6291528696058958,0,,,,,,,,4,52.5,52.625,52.5,52.5,53.0,0.5,0.25,0,,,,,,,
401012335,2018,regular,11,2018-11-10 17:00:00+00:00,142,Missouri,238,Vanderbilt,4,-14.5,-14.375,-14.5,-15.0,-13.5,1.5,0.6291528696058958,0,,,,,,,,4,65.0,65.125,65.0,65.0,65.5,0.5,0.25,0,,,,,,,
401012336,2018,regular,11,2018-11-10 20:30:00+00:00,2633,Tennessee,96,Kentucky,4,5.0,5.0,5.0,5.0,5.0,0.0,0.0,0,,,,,,,,4,42.75,42.625,42.75,42.0,43.0,1.0,0.47871355387816905,0,,,,,,,
401012337,2018,regular,11,2018-11-10 17:00:00+00:00,245,Texas A&M,145,Ole Miss,3,-13.0,-13.0,-13.0,-13.0,-13.0,0.0,0.0,0,,,,,,,,4,68.0,68.125,68.0,68.0,68.5,0.5,0.25,0,,,,,,,
401012338,2018,regular,12,2018-11-17 17:00:00+00:00,333,Alabama,2643,The Citadel,1,-54.5,-54.5,-54.5,-54.5,-54.5,0.0,0.0,0,,,,,,,,1,62.5,62.5,62.5,62.5,62.5,0.0,0.0,0,,,,,,,
401012339,2018,regular,12,2018-11-17 21:00:00+00:00,2,Auburn,2335,Liberty,4,-29.5,-29.5,-29.5,-29.5,-29.5,0.0,0.0,0,,,,,,,,4,64.5,64.375,64.5,63.5,65.0,1.5,0.6291528696058958,0,,,,,,,
401012340,2018,regular,12,2018-11-17 17:00:00+00:00,57,Florida,70,Idaho,1,-43.0,-43.0,-43.0,-43.0,-43.0,0.0,0.0,0,,,,,,,,1,59.0,59.0,59.0,59.0,59.0,0.0,0.0,0,,,,,,,
401012341,2018,regular,12,2018-11-17 21:00:00+00:00,61,Georgia,113,Massachusetts,4,-41.5,-41.5,-41.5,-41.5,-41.5,0.0,0.0,0,,,,,,,,4,67.0,67.0,67.0,66.5,67.5,1.0,0.408248290463863,0,,,,,,,
401012342,2018,regular,12,2018-11-17 17:00:00+00:00,96,Kentucky,2393,Middle Tennessee,4,-16.25,-16.25,-16.25,-16.5,-16.0,0.5,0.28867513459481287,0,,,,,,,,4,48.5,48.5,48.5,48.0,49.0,1.0,0.408248290463863,0,,,,,,,
401012343,2018,regular,12,2018-11-18 00:30:00+00:00,99,LSU,242,Rice,4,-41.5,-41.625,-41.5,-42.0,-41.5,0.5,0.25,0,,,,,,,,4,51.75,51.875,51.75,51.5,52.5,1.0,0.47871355387816905,0,,,,,,,
401012344,2018,regular,12,2018-11-17 17:00:00+00:00,344,Mississippi State,8,Arkansas,4,-22.75,-22.75,-22.75,-23.0,-22.5,0.5,0.28867513459481287,0,,,,,,,,4,48.5,48.625,48.5,48.5,49.0,0.5,0.25,0,,,,,,,
401012345,2018,regular,12,2018-11-18 00:30:00+00:00,2579,South Carolina,236,Chattanooga,1,-31.0,-31.0,-31.0,-31.0,-31.0,0.0,0.0,0,,,,,,,,1,49.5,49.5,49.5,49.5,49.5,0.0,0.0,0,,,,,,,
401012346,2018,regular,12,2018-11-17 20:30:00+00:00,2633,Tennessee,142,Missouri,4,5.75,5.75,5.75,5.5,6.0,0.5,0.28867513459481287,0,,,,,,,,4,57.25,57.25,57.25,56.5,58.0,1.5,0.6454972243679028,0,,,,,,,
401012347,2018,regular,12,2018-11-18 00:00:00+00:00,245,Texas A&M,5,UAB,3,-17.0,-17.0,-17.0,-17.0,-17.0,0.0,0.0,0,,,,,,,,4,45.75,45.875,45.75,45.5,46.5,1.0,0.47871355387816905,0,,,,,,,
401012348,2018,regular,12,2018-11-18 00:30:00+00:00,238,Vanderbilt,145,Ole Miss,4,-3.0,-3.0,-3.0,-3.0,-3.0,0.0,0.0,0,,,,,,,,4,73.0,73.0,73.0,72.5,73.5,1.0,0.408248290463863,0,,,,,,,
401012349,2018,regular,13,2018-11-23 00:30:00+00:00,145,Ole Miss,344,Mississippi State,4,12.5,12.5,12.5,12.5,12.5,0.0,0.0,0,,,,,,,,4,61.0,60.875,61.0,60.5,61.0,0.5,0.25,0,,,,,,,
401012350,2018,regular,13,2018-11-24 20:30:00+00:00,333,Alabama,2,Auburn,4,-26.25,-26.125,-26.25,-26.5,-25.5,1.0,0.47871355387816905,0,,,,,,,,4,53.0,53.0,53.0,53.0,53.0,0.0,0.0,0,,,,,,,
401012351,2018,regular,13,2018-11-24 17:00:00+00:00,52,Florida State,57,Florida,4,8.25,8.5,8.25,8.0,9.5,1.5,0.7071067811865476,0,,,,,,,,4,51.5,51.625,51.5,51.5,52.0,0.5,0.25,0,,,,,,,
401012352,2018,regular,13,2018-11-24 17:00:00+00:00,61,Georgia,59,Georgia Tech,4,-17.0,-17.0,-17.0,-17.0,-17.0,0.0,0.0,0,,,,,,,,4,59.5,59.625,59.5,59.5,60.0,0.5,0.25,0,,,,,,,
401012353,2018,regular,13,2018-11-25 00:00:00+00:00,97,Louisville,96,Kentucky,4,17.0,17.0,17.0,17.0,17.0,0.0,0.0,0,,,,,,,,4,53.0,53.0,53.0,52.5,53.5,1.0,0.408248290463863,0,,,,,,,
401012354,2018,regular,13,2018-11-23 19:30:00+00:00,142,Missouri,8,Arkansas,4,-24.0,-24.0,-24.0,-24.5,-23.5,1.0,0.408248290463863,0,,,,,,,,4,59.25,59.25,59.25,59.0,59.5,0.5,0.28867513459481287,0,,,,,,,
401012355,2018,regular,13,2018-11-25 00:00:00+00:00,228,Clemson,2579,South Carolina,4,-26.0,-25.875,-26.0,-26.0,-25.5,0.5,0.25,0,,,,,,,,4,58.5,58.5,58.5,58.5,58.5,0.0,0.0,0,,,,,,,
401012356,2018,regular,13,2018-11-25 00:30:00+00:00,245,Texas A&M,99,LSU,3,-3.0,-3.0,-3.0,-3.0,-3.0,0.0,0.0,0,,,,,,,,4,46.0,46.0,46.0,45.5,46.5,1.0,0.5773502691896257,0,,,,,,,
401012357,2018,regular,13,2018-11-24 21:00:00+00:00,238,Vanderbilt,2633,Tennessee,4,-3.0,-3.125,-3.0,-3.5,-3.0,0.5,0.25,0,,,,,,,,4,51.75,51.625,51.75,51.0,52.0,1.0,0.47871355387816905,0,,,,,,,
401012675,2018,regular,1,2018-08-31 00:00:00+00:00,254,Utah,2692,Weber State,1,-30.5,-30.5,-30.5,-30.5,-30.5,0.0,0.0,0,,,,,,,,1,49.5,49.5,49.5,49.5,49.5,0.0,0.0,0,,,,,,,
401012676,2018,regular,1,2018-09-02 02:45:00+00:00,12,Arizona,252,BYU,4,-10.5,-10.5,-10.5,-11.0,-10.0,1.0,0.5773502691896257,0,,,,,,,,4,60.5,60.375,60.5,60.0,60.5,0.5,0.25,0,,,,,,,
401012677,2018,regular,1,2018-09-02 02:30:00+00:00,9,Arizona State,2636,UTSA,4,-17.25,-17.25,-17.25,-17.5,-17.0,0.5,0.28867513459481287,0,,,,,,,,4,53.5,53.125,53.5,52.0,53.5,1.5,0.75,0,,,,,,,
401012678,2018,regular,1,2018-09-01 20:00:00+00:00,30,USC,2439,UNLV,4,-24.5,-24.625,-24.5,-25.5,-24.0,1.5,0.75,0,,,,,,,,4,62.25,61.625,62.25,58.5,63.5,5.0,2.3935677693908453,0,,,,,,,
401012679,2018,regular,1,2018-09-01 23:00:00+00:00,26,UCLA,2132,Cincinnati,2,-14.25,-14.25,-14.25,-14.5,-14.0,0.5,0.3535533905932738,0,,,,,,,,2,62.25,62.25,62.25,62.0,62.5,0.5,0.3535533905932738,0,,,,,,,
401012680,2018,regular,1,2018-09-01 01:30:00+00:00,36,Colorado State,38,Colorado,4,7.0,3.5,7.0,-7.0,7.0,14.0,7.0,0,,,,,,,,4,65.75,65.75,65.75,65.5,66.0,0.5,0.28867513459481287,0,,,,,,,
401012681,2018,regular,1,2018-09-02 00:00:00+00:00,2483,Oregon,189,Bowling Green,4,-34.25,-34.25,-34.25,-34.5,-34.0,0.5,0.28867513459481287,0,,,,,,,,4,72.0,71.875,72.0,71.0,72.5,1.5,0.6291528696058958,0,,,,,,,
401012682,2018,regular,1,2018-09-01 16:00:00+00:00,194,Ohio State,204,Oregon State,4,-40.0,-40.0,-40.0,-40.0,-40.0,0.0,0.0,0,,,,,,,,4,63.25,63.0,63.25,62.0,63.5,1.5,0.7071067811865476,0,,,,,,,
401012683,2018,regular,1,2018-09-01 19:30:00+00:00,2751,Wyoming,265,Washington State,4,3.0,3.125,3.0,3.0,3.5,0.5,0.25,0,,,,,,,,4,45.0,44.875,45.0,44.0,45.5,1.5,0.6291528696058958,0,,,,,,,
401012684,2018,regular,1,2018-09-01 20:00:00+00:00,25,California,153,North Carolina,4,-7.0,-7.0,-7.0,-7.0,-7.0,0.0,0.0,0,,,,,,,,4,58.5,58.625,58.5,57.5,60.0,2.5,1.1086778913041726,0,,,,,,,
401012726,2018,regular,2,2018-09-08 16:00:00+00:00,248,Houston,12,Arizona,4,-3.25,-3.25,-3.25,-3.5,-3.0,0.5,0.28867513459481287,0,,,,,,,,4,71.25,71.0,71.25,70.0,71.5,1.5,0.7071067811865476,0,,,,,,,
401012727,2018,regular,2,2018-09-09 02:45:00+00:00,9,Arizona State,127,Michigan State,4,4.5,4.625,4.5,4.5,5.0,0.5,0.25,0,,,,,,,,4,54.0,54.0,54.0,54.0,54.0,0.0,0.0,0,,,,,,,
401012728,2018,regular,2,2018-09-08 17:00:00+00:00,201,Oklahoma,26,UCLA,4,-31.0,-31.0,-31.0,-31.0,-31.0,0.0,0.0,0,,,,,,,,4,65.75,65.5,65.75,64.5,66.0,1.5,0.7071067811865476,0,,,,,,,
401012729,2018,regular,2,2018-09-08 19:30:00+00:00,158,Nebraska,38,Colorado,4,-3.25,-3.25,-3.25,-3.5,-3.0,0.5,0.28867513459481287,0,,,,,,,,4,63.5,63.375,63.5,62.0,64.5,2.5,1.1086778913041726,0,,,,,,,
401012730,2018,regular,2,2018-09-08 23:30:00+00:00,2459,Northern Illinois,254,Utah,4,12.25,12.0,12.25,11.0,12.5,1.5,0.7071067811865476,0,,,,,,,,4,47.25,47.125,47.25,46.5,47.5,1.0,0.47871355387816905,0,,,,,,,
401012731,2018,regular,2,2018-09-08 18:00:00+00:00,2483,Oregon,2502,Portland State,1,-49.5,-49.5,-49.5,-49.5,-49.5,0.0,0.0,0,,,,,,,,0,,,,,,,,0,,,,,,,
401012732,2018,regular,2,2018-09-09 00:00:00+00:00,204,Oregon State,253,Southern Utah,1,-11.0,-11.0,-11.0,-11.0,-11.0,0.0,0.0,0,,,,,,,,1,70.0,70.0,70.0,70.0,70.0,0.0,0.0,0,,,,,,,
401012734,2018,regular,2,2018-09-09 03:00:00+00:00,265,Washington State,23,San José State,2,-32.25,-32.25,-32.25,-32.5,-32.0,0.5,0.3535533905932738,0,,,,,,,,2,63.75,63.75,63.75,63.5,64.0,0.5,0.3535533905932738,0,,,,,,,
401012735,2018,regular,2,2018-09-09 02:15:00+00:00,252,BYU,25,California,4,-2.5,-2.375,-2.5,-2.5,-2.0,0.5,0.25,0,,,,,,,,4,47.25,47.25,47.25,47.0,47.5,0.5,0.28867513459481287,0,,,,,,,
401012736,2018,regular,2,2018-09-09 00:30:00+00:00,24,Stanford,30,USC,4,-4.75,-4.875,-4.75,-5.5,-4.5,1.0,0.47871355387816905,0,,,,,,,,4,54.25,54.375,54.25,54.0,55.0,1.0,0.47871355387816905,0,,,,,,,
401012737,2018,regular,3,2018-09-16 03:00:00+00:00,12,Arizona,253,Southern Utah,1,-26.5,-26.5,-26.5,-26.5,-26.5,0.0,0.0,0,,,,,,,,1,70.5,70.5,70.5,70.5,70.5,0.0,0.0,0,,,,,,,
401012738,2018,regular,3,2018-09-16 02:30:00+00:00,21,San Diego State,9,Arizona State,4,5.0,4.875,5.0,4.5,5.0,0.5,0.25,0,,,,,,,,4,48.25,48.25,48.25,48.0,48.5,0.5,0.28867513459481287,0,,,,,,,
401012739,2018,regular,3,2018-09-16 00:00:00+00:00,251,Texas,30,USC,4,-3.0,-3.25,-3.0,-4.0,-3.0,1.0,0.5,0,,,,,,,,4,47.0,47.125,47.0,47.0,47.5,0.5,0.25,0,,,,,,,
401012740,2018,regular,3,2018-09-16 02:30:00+00:00,26,UCLA,278,Fresno State,4,2.5,2.625,2.5,2.5,3.0,0.5,0.25,0,,,,,,,,4,51.75,51.5,51.75,50.5,52.0,1.5,0.7071067811865476,0,,,,,,,
401012741,2018,regular,3,2018-09-15 21:00:00+00:00,38,Colorado,160,New Hampshire,1,-37.0,-37.0,-37.0,-37.0,-37.0,0.0,0.0,0,,,,,,,,1,53.0,53.0,53.0,53.0,53.0,0.0,0.0,0,,,,,,,
401012742,2018,regular,3,2018-09-16 02:10:00+00:00,254,Utah,264,Washington,4,4.0,4.125,4.0,4.0,4.5,0.5,0.25,0,,,,,,,,4,45.5,45.625,45.5,45.5,46.0,0.5,0.25,0,,,,,,,
401012743,2018,regular,3,2018-09-15 21:00:00+00:00,2483,Oregon,23,San José State,2,-42.75,-42.75,-42.75,-43.0,-42.5,0.5,0.3535533905932738,0,,,,,,,,2,70.25,70.25,70.25,70.0,70.5,0.5,0.3535533905932738,0,,,,,,,
401012744,2018,regular,3,2018-09-15 23:00:00+00:00,2440,Nevada,204,Oregon State,4,-3.75,-3.75,-3.75,-4.0,-3.5,0.5,0.28867513459481287,0,,,,,,,,4,67.5,67.5,67.5,67.0,68.0,1.0,0.408248290463863,0,,,,,,,
401012745,2018,regular,3,2018-09-16 00:00:00+00:00,265,Washington State,331,Eastern Washington,1,-20.0,-20.0,-20.0,-20.0,-20.0,0.0,0.0,0,,,,,,,,0,,,,,,,,0,,,,,,,
401012746,2018,regular,3,2018-09-15 22:00:00+00:00,25,California,304,Idaho State,1,-36.5,-36.5,-36.5,-36.5,-36.5,0.0,0.0,0,,,,,,,,1,58.5,58.5,58.5,58.5,58.5,0.0,0.0,0,,,,,,,
401012747,2018,regular,3,2018-09-15 18:00:00+00:00,24,Stanford,302,UC Davis,1,-31.0,-31.0,-31.0,-31.0,-31.0,0.0,0.0,0,,,,,,,,1,66.5,66.5,66.5,66.5,66.5,0.0,0.0,0,,,,,,,
401012748,2018,regular,4,2018-09-22 02:30:00+00:00,30,USC,265,Washington State,4,-4.5,-4.5,-4.5,-4.5,-4.5,0.0,0.0,0,,,,,,,,4,51.0,51.0,51.0,51.0,51.0,0.0,0.0,0,,,,,,,
401012749,2018,regular,4,2018-09-23 00:00:00+00:00,2483,Oregon,24,Stanford,4,2.75,2.75,2.75,2.5,3.0,0.5,0.28867513459481287,0,,,,,,,,4,59.0,59.0,59.0,59.0,59.0,0.0,0.0,0,,,,,,,
401012750,2018,regular,4,2018-09-22 20:00:00+00:00,204,Oregon State,12,Arizona,4,4.25,4.375,4.25,4.0,5.0,1.0,0.47871355387816905,0,,,,,,,,4,73.25,73.625,73.25,72.5,75.5,3.0,1.3149778198382918,0,,,,,,,
401012751,2018,regular,4,2018-09-23 02:30:00+00:00,264,Washington,9,Arizona State,4,-18.0,-18.0,-18.0,-18.5,-17.5,1.0,0.408248290463863,0,,,,,,,,4,53.0,53.0,53.0,52.5,53.5,1.0,0.408248290463863,0,,,,,,,
401012752,2018,regular,5,2018-09-29 01:00:00+00:00,38,Colorado,26,UCLA,4,-9.0,-9.0,-9.0,-9.5,-8.5,1.0,0.408248290463863,0,,,,,,,,4,57.0,56.875,57.0,56.5,57.0,0.5,0.25,0,,,,,,,
401012753,2018,regular,5,2018-09-30 02:30:00+00:00,12,Arizona,30,USC,4,3.5,3.375,3.5,3.0,3.5,0.5,0.25,0,,,,,,,,4,61.25,61.5,61.25,61.0,62.5,1.5,0.7071067811865476,0,,,,,,,
401012754,2018,regular,5,2018-09-30 02:00:00+00:00,9,Arizona State,204,Oregon State,4,-21.5,-21.5,-21.5,-21.5,-21.5,0.0,0.0,0,,,,,,,,4,64.0,64.0,64.0,64.0,64.0,0.0,0.0,0,,,,,,,
401012755,2018,regular,5,2018-09-30 00:30:00+00:00,264,Washington,252,BYU,4,-18.5,-18.375,-18.5,-18.5,-18.0,0.5,0.25,0,,,,,,,,4,47.5,47.75,47.5,47.5,48.5,1.0,0.5,0,,,,,,,
401012756,2018,regular,5,2018-09-29 22:00:00+00:00,265,Washington State,254,Utah,4,1.5,1.5,1.5,1.5,1.5,0.0,0.0,0,,,,,,,,4,49.75,49.875,49.75,49.5,50.5,1.0,0.47871355387816905,0,,,,,,,
401012757,2018,regular,5,2018-09-30 02:30:00+00:00,25,California,2483,Oregon,4,1.75,1.75,1.75,1.5,2.0,0.5,0.28867513459481287,0,,,,,,,,4,58.5,58.375,58.5,58.0,58.5,0.5,0.25,0,,,,,,,
401012758,2018,regular,5,2018-09-29 23:30:00+00:00,87,Notre Dame,24,Stanford,4,-4.5,-4.5,-4.5,-4.5,-4.5,0.0,0.0,0,,,,,,,,4,52.5,52.625,52.5,52.5,53.0,0.5,0.25,0,,,,,,,
401012759,2018,regular,6,2018-10-07 02:00:00+00:00,12,Arizona,25,California,4,2.25,2.125,2.25,1.5,2.5,1.0,0.47871355387816905,0,,,,,,,,4,56.5,56.25,56.5,54.5,57.5,3.0,1.5,0,,,,,,,
401012760,2018,regular,6,2018-10-06 23:30:00+00:00,26,UCLA,264,Washington,4,21.0,21.0,21.0,21.0,21.0,0.0,0.0,0,,,,,,,,4,53.5,53.625,53.5,53.5,54.0,0.5,0.25,0,,,,,,,
401012761,2018,regular,6,2018-10-06 20:00:00+00:00,38,Colorado,9,Arizona State,4,-2.5,-2.375,-2.5,-2.5,-2.0,0.5,0.25,0,,,,,,,,4,64.0,63.875,64.0,63.5,64.0,0.5,0.25,0,,,,,,,
401012762,2018,regular,6,2018-10-07 01:00:00+00:00,204,Oregon State,265,Washington State,4,17.75,17.75,17.75,17.0,18.5,1.5,0.8660254037844386,0,,,,,,,,4,64.75,64.875,64.75,64.5,65.5,1.0,0.47871355387816905,0,,,,,,,
401012763,2018,regular,6,2018-10-07 02:30:00+00:00,24,Stanford,254,Utah,4,-3.75,-3.75,-3.75,-4.0,-3.5,0.5,0.28867513459481287,0,,,,,,,,4,44.75,44.75,44.75,44.5,45.0,0.5,0.28867513459481287,0,,,,,,,
401012764,2018,regular,7,2018-10-13 02:00:00+00:00,254,Utah,12,Arizona,4,-14.0,-14.0,-14.0,-14.5,-13.5,1.0,0.408248290463863,0,,,,,,,,4,53.5,53.375,53.5,53.0,53.5,0.5,0.25,0,,,,,,,
401012765,2018,regular,7,2018-10-14 02:30:00+00:00,30,USC,38,Colorado,4,-7.0,-7.0,-7.0,-7.0,-7.0,0.0,0.0,0,,,,,,,,4,57.25,57.25,57.25,57.0,57.5,0.5,0.28867513459481287,0,,,,,,,
401012766,2018,regular,7,2018-10-13 19:30:00+00:00,2483,Oregon,264,Washington,4,3.5,3.625,3.5,3.5,4.0,0.5,0.25,0,,,,,,,,4,59.5,59.625,59.5,59.0,60.5,1.5,0.6291528696058958,0,,,,,,,
401012767,2018,regular,7,2018-10-13 23:00:00+00:00,25,California,26,UCLA,4,-7.0,-6.875,-7.0,-7.0,-6.5,0.5,0.25,0,,,,,,,,4,53.5,53.375,53.5,52.5,54.0,1.5,0.6291528696058958,0,,,,,,,
401012768,2018,regular,8,2018-10-19 01:00:00+00:00,9,Arizona State,24,Stanford,4,2.0,2.0,2.0,2.0,2.0,0.0,0.0,0,,,,,,,,4,57.5,57.5,57.5,57.5,57.5,0.0,0.0,0,,,,,,,
401012769,2018,regular,8,2018-10-21 02:30:00+00:00,26,UCLA,12,Arizona,4,-10.0,-10.0,-10.0,-10.0,-10.0,0.0,0.0,0,,,,,,,,4,55.75,55.75,55.75,55.0,56.5,1.5,0.6454972243679028,0,,,,,,,
401012770,2018,regular,8,2018-10-21 00:00:00+00:00,254,Utah,30,USC,4,-6.5,-6.625,-6.5,-7.0,-6.5,0.5,0.25,0,,,,,,,,3,48.0,48.0,48.0,48.0,48.0,0.0,0.0,0,,,,,,,
401012771,2018,regular,8,2018-10-20 20:00:00+00:00,204,Oregon State,25,California,4,7.5,7.5,7.5,6.5,8.5,2.0,0.9128709291752769,0,,,,,,,,4,58.25,58.375,58.25,58.0,59.0,1.0,0.47871355387816905,0,,,,,,,
401012772,2018,regular,8,2018-10-20 19:30:00+00:00,264,Washington,38,Colorado,4,-17.0,-17.25,-17.0,-18.0,-17.0,1.0,0.5,0,,,,,,,,4,50.25,50.25,50.25,50.0,50.5,0.5,0.28867513459481287,0,,,,,,,
401012773,2018,regular,8,2018-10-20 23:30:00+00:00,265,Washington State,2483,Oregon,4,-3.0,-3.0,-3.0,-3.0,-3.0,0.0,0.0,0,,,,,,,,4,69.5,69.625,69.5,69.5,70.0,0.5,0.25,0,,,,,,,
401012774,2018,regular,9,2018-10-27 02:30:00+00:00,26,UCLA,254,Utah,3,10.5,10.333333333333334,10.5,10.0,10.5,0.5,0.28867513459481287,0,,,,,,,,3,54.5,54.833333333333336,54.5,54.0,56.0,2.0,1.0408329997330663,0,,,,,,,
401012775,2018,regular,9,2018-10-28 02:30:00+00:00,12,Arizona,2483,Oregon,4,7.75,7.75,7.75,7.5,8.0,0.5,0.28867513459481287,0,,,,,,,,4,65.0,65.125,65.0,64.5,66.0,1.5,0.6291528696058958,0,,,,,,,
401012776,2018,regular,9,2018-10-27 19:30:00+00:00,30,USC,9,Arizona State,4,-3.0,-3.0,-3.0,-3.0,-3.0,0.0,0.0,0,,,,,,,,4,52.75,52.75,52.75,52.0,53.5,1.5,0.6454972243679028,0,,,,,,,
401012777,2018,regular,9,2018-10-27 19:00:00+00:00,38,Colorado,204,Oregon State,3,-25.0,-25.0,-25.0,-26.5,-23.5,3.0,1.5,0,,,,,,,,3,59.5,60.833333333333336,59.5,59.5,63.5,4.0,2.309401076758503,0,,,,,,,
401012778,2018,regular,9,2018-10-27 22:30:00+00:00,25,California,264,Washington,4,12.0,12.25,12.0,12.0,13.0,1.0,0.5,0,,,,,,,,4,46.0,45.875,46.0,45.5,46.0,0.5,0.25,0,,,,,,,
401012779,2018,regular,9,2018-10-27 23:00:00+00:00,24,Stanford,265,Washington State,4,-2.5,-2.5,-2.5,-2.5,-2.5,0.0,0.0,0,,,,,,,,4,55.0,55.125,55.0,55.0,55.5,0.5,0.25,0,,,,,,,
401012780,2018,regular,10,2018-11-03 02:30:00+00:00,12,Arizona,38,Colorado,4,-3.0,-3.0,-3.0,-3.5,-2.5,1.0,0.408248290463863,0,,,,,,,,4,57.0,57.0,57.0,57.0,57.0,0.0,0.0,0,,,,,,,
401012781,2018,regular,10,2018-11-03 20:00:00+00:00,9,Arizona State,254,Utah,2,7.5,7.5,7.5,7.5,7.5,0.0,0.0,0,,,,,,,,2,54.5,54.5,54.5,54.0,55.0,1.0,0.7071067811865476,0,,,,,,,
401012782,2018,regular,10,2018-11-03 23:30:00+00:00,2483,Oregon,26,UCLA,4,-10.5,-10.375,-10.5,-11.0,-9.5,1.5,0.6291528696058958,0,,,,,,,,4,59.75,59.5,59.75,58.5,60.0,1.5,0.7071067811865476,0,,,,,,,
401012783,2018,regular,10,2018-11-04 02:00:00+00:00,204,Oregon State,30,USC,2,14.75,14.75,14.75,14.5,15.0,0.5,0.3535533905932738,0,,,,,,,,2,64.75,64.75,64.75,64.5,65.0,0.5,0.3535533905932738,0,,,,,,,
401012784,2018,regular,10,2018-11-04 01:00:00+00:00,264,Washington,24,Stanford,4,-9.5,-9.375,-9.5,-9.5,-9.0,0.5,0.25,0,,,,,,,,4,44.0,43.875,44.0,43.5,44.0,0.5,0.25,0,,,,,,,
401012785,2018,regular,10,2018-11-04 02:45:00+00:00,265,Washington State,25,California,4,-7.5,-7.375,-7.5,-7.5,-7.0,0.5,0.25,0,,,,,,,,4,51.25,51.25,51.25,51.0,51.5,0.5,0.28867513459481287,0,,,,,,,
401012786,2018,regular,11,2018-11-10 19:00:00+00:00,9,Arizona State,26,UCLA,4,-12.0,-12.0,-12.0,-12.5,-11.5,1.0,0.408248290463863,0,,,,,,,,4,64.75,64.5,64.75,63.5,65.0,1.5,0.7071067811865476,0,,,,,,,
401012787,2018,regular,11,2018-11-11 03:30:00+00:00,30,USC,25,California,4,-4.75,-4.875,-4.75,-5.5,-4.5,1.0,0.47871355387816905,0,,,,,,,,4,45.75,45.875,45.75,45.5,46.5,1.0,0.47871355387816905,0,,,,,,,
401012788,2018,regular,11,2018-11-10 20:30:00+00:00,38,Colorado,265,Washington State,4,5.5,5.5,5.5,5.5,5.5,0.0,0.0,0,,,,,,,,4,59.5,59.5,59.5,59.0,60.0,1.0,0.408248290463863,0,,,,,,,
401012789,2018,regular,11,2018-11-10 22:30:00+00:00,254,Utah,2483,Oregon,3,-4.5,-4.5,-4.5,-5.5,-3.5,2.0,1.0,0,,,,,,,,3,51.0,52.833333333333336,51.0,51.0,56.5,5.5,3.1754264805429417,0,,,,,,,
401012790,2018,regular,11,2018-11-11 02:00:00+00:00,24,Stanford,204,Oregon State,2,-23.75,-23.75,-23.75,-24.0,-23.5,0.5,0.3535533905932738,0,,,,,,,,2,61.5,61.5,61.5,61.5,61.5,0.0,0.0,0,,,,,,,
401012791,2018,regular,12,2018-11-17 20:30:00+00:00,26,UCLA,30,USC,4,2.75,2.75,2.75,2.5,3.0,0.5,0.28867513459481287,0,,,,,,,,4,55.0,55.0,55.0,55.0,55.0,0.0,0.0,0,,,,,,,
401012792,2018,regular,12,2018-11-17 18:30:00+00:00,38,Colorado,254,Utah,3,7.0,7.0,7.0,7.0,7.0,0.0,0.0,0,,,,,,,,3,47.0,46.666666666666664,47.0,46.0,47.0,1.0,0.5773502691896257,0,,,,,,,
401012793,2018,regular,12,2018-11-18 03:30:00+00:00,2483,Oregon,9,Arizona State,4,-3.5,-3.5,-3.5,-3.5,-3.5,0.0,0.0,0,,,,,,,,4,65.25,65.125,65.25,64.0,66.0,2.0,1.0307764064044151,0,,,,,,,
401012794,2018,regular,12,2018-11-17 21:30:00+00:00,264,Washington,204,Oregon State,4,-32.5,-32.625,-32.5,-33.0,-32.5,0.5,0.25,0,,,,,,,,3,58.0,58.0,58.0,57.5,58.5,1.0,0.5,0,,,,,,,
401012795,2018,regular,12,2018-11-18 03:30:00+00:00,265,Washington State,12,Arizona,4,-10.5,-10.5,-10.5,-10.5,-10.5,0.0,0.0,0,,,,,,,,4,63.75,63.875,63.75,63.5,64.5,1.0,0.47871355387816905,0,,,,,,,
401012797,2018,regular,13,2018-11-23 21:00:00+00:00,204,Oregon State,2483,Oregon,4,18.0,17.875,18.0,17.5,18.0,0.5,0.25,0,,,,,,,,4,70.5,70.5,70.5,70.0,71.0,1.0,0.5773502691896257,0,,,,,,,
401012798,2018,regular,13,2018-11-24 01:30:00+00:00,265,Washington State,264,Washington,4,-2.75,-2.75,-2.75,-3.0,-2.5,0.5,0.28867513459481287,0,,,,,,,,4,50.0,50.25,50.0,50.0,51.0,1.0,0.5,0,,,,,,,
401012799,2018,regular,13,2018-11-24 20:30:00+00:00,12,Arizona,9,Arizona State,4,1.5,1.375,1.5,1.0,1.5,0.5,0.25,0,,,,,,,,4,65.25,65.25,65.25,64.5,66.0,1.5,0.8660254037844386,0,,,,,,,
401012800,2018,regular,13,2018-11-25 01:00:00+00:00,30,USC,87,Notre Dame,4,13.25,13.25,13.25,12.5,14.0,1.5,0.8660254037844386,0,,,,,,,,4,54.5,54.5,54.5,54.0,55.0,1.0,0.5773502691896257,0,,,,,,,
401012801,2018,regular,13,2018-11-24 20:00:00+00:00,26,UCLA,24,Stanford,4,7.0,7.0,7.0,7.0,7.0,0.0,0.0,0,,,,,,,,4,61.0,60.875,61.0,60.5,61.0,0.5,0.25,0,,,,,,,
401012802,2018,regular,13,2018-11-25 03:00:00+00:00,254,Utah,252,BYU,4,-10.5,-10.5,-10.5,-10.5,-10.5,0.0,0.0,0,,,,,,,,4,44.5,44.5,44.5,44.5,44.5,0.0,0.0,0,,,,,,,
401012803,2018,regular,13,2018-11-25 00:00:00+00:00,25,California,38,Colorado,4,-10.5,-10.625,-10.5,-11.0,-10.5,0.5,0.25,0,,,,,,,,4,44.25,44.375,44.25,44.0,45.0,1.0,0.47871355387816905,0,,,,,,,
401012804,2018,regular,1,2018-09-01 16:00:00+00:00,356,Illinois,2309,Kent State,4,-18.0,-18.125,-18.0,-18.5,-18.0,0.5,0.25,0,,,,,,,,4,56.5,56.625,56.5,55.5,58.0,2.5,1.3149778198382918,0,,,,,,,
401012806,2018,regular,3,2018-09-15 19:30:00+00:00,356,Illinois,58,South Florida,4,14.0,14.0,14.0,14.0,14.0,0.0,0.0,0,,,,,,,,4,58.5,58.5,58.5,58.0,59.0,1.0,0.5773502691896257,0,,,,,,,
401012807,2018,regular,4,2018-09-22 01:00:00+00:00,356,Illinois,213,Penn State,4,26.5,26.5,26.5,26.5,26.5,0.0,0.0,0,,,,,,,,4,60.5,60.5,60.5,60.0,61.0,1.0,0.5773502691896257,0,,,,,,,
401012808,2018,regular,6,2018-10-06 16:00:00+00:00,164,Rutgers,356,Illinois,3,4.5,4.666666666666667,4.5,4.5,5.0,0.5,0.28867513459481287,0,,,,,,,,3,50.0,49.833333333333336,50.0,49.5,50.0,0.5,0.28867513459481287,0,,,,,,,
401012809,2018,regular,7,2018-10-13 19:30:00+00:00,356,Illinois,2509,Purdue,4,10.5,10.5,10.5,10.5,10.5,0.0,0.0,0,,,,,,,,4,62.5,62.75,62.5,62.0,64.0,2.0,0.9574271077563381,0,,,,,,,
401012810,2018,regular,8,2018-10-20 16:00:00+00:00,275,Wisconsin,356,Illinois,4,-24.0,-24.0,-24.0,-24.0,-24.0,0.0,0.0,0,,,,,,,,4,53.0,53.0,53.0,52.5,53.5,1.0,0.408248290463863,0,,,,,,,
401012811,2018,regular,9,2018-10-27 19:30:00+00:00,120,Maryland,356,Illinois,4,-16.5,-16.375,-16.5,-16.5,-16.0,0.5,0.25,0,,,,,,,,4,54.75,54.875,54.75,54.0,56.0,2.0,0.8539125638299665,0,,,,,,,
401012812,2018,regular,10,2018-11-03 19:30:00+00:00,356,Illinois,135,Minnesota,4,8.5,8.75,8.5,8.5,9.5,1.0,0.5,0,,,,,,,,4,61.5,61.75,61.5,61.5,62.5,1.0,0.5,0,,,,,,,
401012813,2018,regular,11,2018-11-10 17:00:00+00:00,158,Nebraska,356,Illinois,4,-17.25,-17.25,-17.25,-17.5,-17.0,0.5,0.28867513459481287,0,,,,,,,,4,71.5,71.625,71.5,71.0,72.5,1.5,0.6291528696058958,0,,,,,,,
401012814,2018,regular,12,2018-11-17 20:30:00+00:00,356,Illinois,2294,Iowa,4,15.25,15.25,15.25,14.5,16.0,1.5,0.6454972243679028,0,,,,,,,,4,60.0,59.875,60.0,59.5,60.0,0.5,0.25,0,,,,,,,
401012815,2018,regular,13,2018-11-24 20:30:00+00:00,77,Northwestern,356,Illinois,4,-16.0,-15.625,-16.0,-16.0,-14.5,1.5,0.75,0,,,,,,,,4,57.75,57.5,57.75,56.0,58.5,2.5,1.0801234497346435,0,,,,,,,
401012820,2018,regular,1,2018-09-01 16:00:00+00:00,164,Rutgers,326,Texas State,4,-16.5,-16.5,-16.5,-16.5,-16.5,0.0,0.0,0,,,,,,,,4,47.5,47.5,47.5,47.0,48.0,1.0,0.5773502691896257,0,,,,,,,
401012821,2018,regular,2,2018-09-08 19:30:00+00:00,194,Ohio State,164,Rutgers,4,-34.75,-34.875,-34.75,-35.5,-34.5,1.0,0.47871355387816905,0,,,,,,,,4,58.25,59.375,58.25,57.0,64.0,7.0,3.1457643480294792,0,,,,,,,
401012822,2018,regular,3,2018-09-15 16:00:00+00:00,2305,Kansas,164,Rutgers,3,-1.0,-1.1666666666666667,-1.0,-1.5,-1.0,0.5,0.28867513459481287,0,,,,,,,,3,44.0,43.833333333333336,44.0,43.5,44.0,0.5,0.28867513459481287,0,,,,,,,
401012823,2018,regular,4,2018-09-22 16:00:00+00:00,164,Rutgers,2084,Buffalo,1,6.0,6.0,6.0,6.0,6.0,0.0,0.0,0,,,,,,,,1,54.0,54.0,54.0,54.0,54.0,0.0,0.0,0,,,,,,,
401012824,2018,regular,5,2018-09-29 16:00:00+00:00,164,Rutgers,84,Indiana,3,15.0,14.833333333333334,15.0,14.5,15.0,0.5,0.28867513459481287,0,,,,,,,,3,51.0,51.0,51.0,50.5,51.5,1.0,0.5,0,,,,,,,
401012825,2018,regular,7,2018-10-13 16:00:00+00:00,120,Maryland,164,Rutgers,3,-23.5,-23.666666666666668,-23.5,-24.0,-23.5,0.5,0.28867513459481287,0,,,,,,,,3,51.0,51.0,51.0,51.0,51.0,0.0,0.0,0,,,,,,,
401012846,2018,regular,8,2018-10-20 16:00:00+00:00,164,Rutgers,77,Northwestern,4,20.5,20.375,20.5,20.0,20.5,0.5,0.25,0,,,,,,,,4,48.5,48.5,48.5,48.5,48.5,0.0,0.0,0,,,,,,,
401012847,2018,regular,10,2018-11-03 16:00:00+00:00,275,Wisconsin,164,Rutgers,3,-29.0,-29.166666666666668,-29.0,-29.5,-29.0,0.5,0.28867513459481287,0,,,,,,,,3,51.5,51.166666666666664,51.5,50.5,51.5,1.0,0.5773502691896257,0,,,,,,,
401012848,2018,regular,11,2018-11-10 20:30:00+00:00,164,Rutgers,130,Michigan,3,37.0,37.0,37.0,36.5,37.5,1.0,0.5,0,,,,,,,,3,45.0,44.833333333333336,45.0,44.5,45.0,0.5,0.28867513459481287,0,,,,,,,
401012849,2018,regular,12,2018-11-17 17:00:00+00:00,164,Rutgers,213,Penn State,3,27.0,27.5,27.0,27.0,28.5,1.5,0.8660254037844386,0,,,,,,,,2,51.0,51.0,51.0,49.5,52.5,3.0,2.1213203435596424,0,,,,,,,
401012850,2018,regular,13,2018-11-24 21:00:00+00:00,127,Michigan State,164,Rutgers,4,-24.5,-25.125,-24.5,-27.0,-24.5,2.5,1.25,0,,,,,,,,4,37.25,37.25,37.25,36.5,38.0,1.5,0.6454972243679028,0,,,,,,,
401012851,2018,regular,1,2018-09-01 23:00:00+00:00,2229,Florida International,84,Indiana,4,13.0,13.0,13.0,13.0,13.0,0.0,0.0,0,,,,,,,,4,55.0,55.5,55.0,54.5,57.5,3.0,1.35400640077266,0,,,,,,,
401012852,2018,regular,2,2018-09-08 23:30:00+00:00,84,Indiana,258,Virginia,3,-5.0,-5.0,-5.0,-5.0,-5.0,0.0,0.0,0,,,,,,,,3,50.0,49.5,50.0,48.5,50.0,1.5,0.8660254037844386,0,,,,,,,
401012853,2018,regular,3,2018-09-15 16:00:00+00:00,84,Indiana,2050,Ball State,3,-15.5,-15.666666666666666,-15.5,-16.0,-15.5,0.5,0.28867513459481287,0,,,,,,,,3,60.5,60.833333333333336,60.5,60.5,61.5,1.0,0.5773502691896257,0,,,,,,,
401012854,2018,regular,4,2018-09-22 23:30:00+00:00,84,Indiana,127,Michigan State,3,6.0,6.0,6.0,5.5,6.5,1.0,0.5,0,,,,,,,,3,51.5,51.333333333333336,51.5,51.0,51.5,0.5,0.28867513459481287,0,,,,,,,
401012855,2018,regular,6,2018-10-06 20:00:00+00:00,194,Ohio State,84,Indiana,4,-27.5,-27.375,-27.5,-27.5,-27.0,0.5,0.25,0,,,,,,,,4,64.5,64.125,64.5,63.0,64.5,1.5,0.75,0,,,,,,,
401012856,2018,regular,7,2018-10-13 16:00:00+00:00,84,Indiana,2294,Iowa,3,3.5,3.5,3.5,3.5,3.5,0.0,0.0,0,,,,,,,,3,52.0,52.0,52.0,52.0,52.0,0.0,0.0,0,,,,,,,
401012857,2018,regular,8,2018-10-20 19:30:00+00:00,84,Indiana,213,Penn State,3,14.0,14.166666666666666,14.0,14.0,14.5,0.5,0.28867513459481287,0,,,,,,,,3,58.0,57.5,58.0,56.5,58.0,1.5,0.8660254037844386,0,,,,,,,
401012858,2018,regular,9,2018-10-27 00:00:00+00:00,135,Minnesota,84,Indiana,4,2.25,2.25,2.25,2.0,2.5,0.5,0.28867513459481287,0,,,,,,,,4,54.0,54.0,54.0,54.0,54.0,0.0,0.0,0,,,,,,,
401012859,2018,regular,11,2018-11-10 17:00:00+00:00,84,Indiana,120,Maryland,3,-1.0,-1.0,-1.0,-1.0,-1.0,0.0,0.0,0,,,,,,,,3,54.0,54.333333333333336,54.0,54.0,55.0,1.0,0.5773502691896257,0,,,,,,,
401012860,2018,regular,12,2018-11-17 21:00:00+00:00,130,Michigan,84,Indiana,4,-28.0,-28.0,-28.0,-28.0,-28.0,0.0,0.0,0,,,,,,,,3,53.5,53.666666666666664,53.5,53.5,54.0,0.5,0.28867513459481287,0,,,,,,,
401012861,2018,regular,13,2018-11-24 17:00:00+00:00,84,Indiana,2509,Purdue,3,3.5,3.3333333333333335,3.5,3.0,3.5,0.5,0.28867513459481287,0,,,,,,,,3,64.5,64.66666666666667,64.5,64.5,65.0,0.5,0.28867513459481287,0,,,,,,,
401012862,2018,regular,1,2018-09-01 19:40:00+00:00,2294,Iowa,2459,Northern Illinois,4,-9.5,-9.25,-9.5,-10.0,-8.0,2.0,0.8660254037844386,0,,,,,,,,4,46.5,46.5,46.5,46.0,47.0,1.0,0.408248290463863,0,,,,,,,
401012863,2018,regular,2,2018-09-08 21:00:00+00:00,2294,Iowa,66,Iowa State,4,-3.5,-3.5,-3.5,-3.5,-3.5,0.0,0.0,0,,,,,,,,4,46.5,46.625,46.5,46.5,47.0,0.5,0.25,0,,,,,,,
401012864,2018,regular,3,2018-09-15 23:30:00+00:00,2294,Iowa,2460,Northern Iowa,1,-21.0,-21.0,-21.0,-21.0,-21.0,0.0,0.0,0,,,,,,,,1,43.5,43.5,43.5,43.5,43.5,0.0,0.0,0,,,,,,,
401012865,2018,regular,4,2018-09-23 00:35:00+00:00,2294,Iowa,275,Wisconsin,4,3.0,3.0,3.0,3.0,3.0,0.0,0.0,0,,,,,,,,4,43.5,43.5,43.5,43.5,43.5,0.0,0.0,0,,,,,,,
401012866,2018,regular,6,2018-10-06 19:30:00+00:00,135,Minnesota,2294,Iowa,4,7.0,7.0,7.0,7.0,7.0,0.0,0.0,0,,,,,,,,4,41.75,41.75,41.75,41.5,42.0,0.5,0.28867513459481287,0,,,,,,,
401012867,2018,regular,8,2018-10-20 16:00:00+00:00,2294,Iowa,120,Maryland,4,-9.5,-9.375,-9.5,-9.5,-9.0,0.5,0.25,0,,,,,,,,4,43.75,43.875,43.75,43.5,44.5,1.0,0.47871355387816905,0,,,,,,,
401012868,2018,regular,9,2018-10-27 19:30:00+00:00,213,Penn State,2294,Iowa,4,-5.0,-5.0,-5.0,-5.5,-4.5,1.0,0.408248290463863,0,,,,,,,,4,51.0,51.0,51.0,50.0,52.0,2.0,0.816496580927726,0,,,,,,,
401012869,2018,regular,10,2018-11-03 19:30:00+00:00,2509,Purdue,2294,Iowa,4,-1.75,-1.625,-1.75,-2.0,-1.0,1.0,0.47871355387816905,0,,,,,,,,4,51.75,51.875,51.75,51.5,52.5,1.0,0.47871355387816905,0,,,,,,,
401012870,2018,regular,11,2018-11-10 20:30:00+00:00,2294,Iowa,77,Northwestern,4,-10.5,-10.5,-10.5,-11.0,-10.0,1.0,0.5773502691896257,0,,,,,,,,4,45.0,45.125,45.0,44.0,46.5,2.5,1.0307764064044151,0,,,,,,,
401012871,2018,regular,13,2018-11-23 17:00:00+00:00,2294,Iowa,158,Nebraska,4,-8.25,-8.375,-8.25,-9.5,-7.5,2.0,0.8539125638299665,0,,,,,,,,4,52.5,52.375,52.5,52.0,52.5,0.5,0.25,0,,,,,,,
401012872,2018,regular,1,2018-09-01 16:00:00+00:00,120,Maryland,251,Texas,4,12.75,12.625,12.75,12.0,13.0,1.0,0.47871355387816905,0,,,,,,,,4,54.0,54.125,54.0,54.0,54.5,0.5,0.25,0,,,,,,,
401012873,2018,regular,2,2018-09-08 22:00:00+00:00,189,Bowling Green,120,Maryland,4,13.5,13.625,13.5,13.5,14.0,0.5,0.25,0,,,,,,,,4,65.5,65.25,65.5,64.0,66.0,2.0,0.8660254037844386,0,,,,,,,
401012874,2018,regular,3,2018-09-15 16:00:00+00:00,120,Maryland,218,Temple,4,-15.5,-15.5,-15.5,-16.0,-15.0,1.0,0.408248290463863,0,,,,,,,,4,56.0,56.125,56.0,56.0,56.5,0.5,0.25,0,,,,,,,
401012875,2018,regular,4,2018-09-22 16:00:00+00:00,120,Maryland,135,Minnesota,4,-2.0,-2.0,-2.0,-2.5,-1.5,1.0,0.408248290463863,0,,,,,,,,4,46.75,46.75,46.75,46.5,47.0,0.5,0.28867513459481287,0,,,,,,,
401012876,2018,regular,6,2018-10-06 16:00:00+00:00,130,Michigan,120,Maryland,4,-17.5,-17.5,-17.5,-17.5,-17.5,0.0,0.0,0,,,,,,,,4,44.0,44.0,44.0,44.0,44.0,0.0,0.0,0,,,,,,,
401012877,2018,regular,10,2018-11-03 16:00:00+00:00,120,Maryland,127,Michigan State,4,3.25,3.25,3.25,3.0,3.5,0.5,0.28867513459481287,0,,,,,,,,4,43.0,43.0,43.0,43.0,43.0,0.0,0.0,0,,,,,,,
401012878,2018,regular,12,2018-11-17 17:00:00+00:00,120,Maryland,194,Ohio State,4,14.0,13.875,14.0,13.5,14.0,0.5,0.25,0,,,,,,,,4,61.5,61.5,61.5,61.5,61.5,0.0,0.0,0,,,,,,,
401012879,2018,regular,13,2018-11-24 20:30:00+00:00,213,Penn State,120,Maryland,4,-12.25,-12.375,-12.25,-13.0,-12.0,1.0,0.47871355387816905,0,,,,,,,,4,51.5,51.625,51.5,51.0,52.5,1.5,0.6291528696058958,0,,,,,,,
401012880,2018,regular,1,2018-08-31 23:00:00+00:00,127,Michigan State,328,Utah State,4,-23.5,-23.5,-23.5,-23.5,-23.5,0.0,0.0,0,,,,,,,,4,52.5,52.375,52.5,52.0,52.5,0.5,0.25,0,,,,,,,
401012881,2018,regular,5,2018-09-29 16:00:00+00:00,127,Michigan State,2117,Central Michigan,2,-27.75,-27.75,-27.75,-28.0,-27.5,0.5,0.3535533905932738,0,,,,,,,,2,46.0,46.0,46.0,46.0,46.0,0.0,0.0,0,,,,,,,
401012882,2018,regular,6,2018-10-06 16:00:00+00:00,127,Michigan State,77,Northwestern,4,-10.5,-10.5,-10.5,-10.5,-10.5,0.0,0.0,0,,,,,,,,4,43.25,43.25,43.25,42.5,44.0,1.5,0.6454972243679028,0,,,,,,,
401012883,2018,regular,7,2018-10-13 19:30:00+00:00,213,Penn State,127,Michigan State,4,-13.5,-13.5,-13.5,-13.5,-13.5,0.0,0.0,0,,,,,,,,4,53.25,53.5,53.25,53.0,54.5,1.5,0.7071067811865476,0,,,,,,,
401012884,2018,regular,8,2018-10-20 16:00:00+00:00,127,Michigan State,130,Michigan,4,7.5,7.375,7.5,7.0,7.5,0.5,0.25,0,,,,,,,,4,38.75,38.75,38.75,38.5,39.0,0.5,0.28867513459481287,0,,,,,,,
401012885,2018,regular,9,2018-10-27 16:00:00+00:00,127,Michigan State,2509,Purdue,4,2.5,2.5,2.5,2.5,2.5,0.0,0.0,0,,,,,,,,4,48.75,48.75,48.75,48.5,49.0,0.5,0.28867513459481287,0,,,,,,,
401012886,2018,regular,11,2018-11-10 17:00:00+00:00,127,Michigan State,194,Ohio State,4,3.5,3.375,3.5,3.0,3.5,0.5,0.25,0,,,,,,,,4,49.5,49.5,49.5,49.0,50.0,1.0,0.5773502691896257,0,,,,,,,
401012887,2018,regular,12,2018-11-17 17:00:00+00:00,158,Nebraska,127,Michigan State,3,-1.0,-1.1666666666666667,-1.0,-1.5,-1.0,0.5,0.28867513459481287,0,,,,,,,,4,48.25,48.25,48.25,48.0,48.5,0.5,0.28867513459481287,0,,,,,,,
401012888,2018,regular,1,2018-09-01 23:30:00+00:00,87,Notre Dame,130,Michigan,4,3.0,2.875,3.0,2.5,3.0,0.5,0.25,0,,,,,,,,4,46.5,46.375,46.5,46.0,46.5,0.5,0.25,0,,,,,,,
401012889,2018,regular,2,2018-09-08 16:00:00+00:00,130,Michigan,2711,Western Michigan,4,-28.0,-27.875,-28.0,-28.0,-27.5,0.5,0.25,0,,,,,,,,4,54.5,54.625,54.5,54.5,55.0,0.5,0.25,0,,,,,,,
401012890,2018,regular,3,2018-09-15 19:30:00+00:00,130,Michigan,2567,SMU,4,-36.75,-36.75,-36.75,-37.0,-36.5,0.5,0.28867513459481287,0,,,,,,,,4,54.5,54.5,54.5,54.0,55.0,1.0,0.408248290463863,0,,,,,,,
401012891,2018,regular,4,2018-09-22 16:00:00+00:00,130,Michigan,158,Nebraska,4,-18.0,-18.0,-18.0,-18.0,-18.0,0.0,0.0,0,,,,,,,,4,52.0,52.125,52.0,52.0,52.5,0.5,0.25,0,,,,,,,
401012892,2018,regular,5,2018-09-29 20:47:00+00:00,77,Northwestern,130,Michigan,4,14.5,14.625,14.5,14.5,15.0,0.5,0.25,0,,,,,,,,4,46.75,46.75,46.75,46.5,47.0,0.5,0.28867513459481287,0,,,,,,,
401012893,2018,regular,7,2018-10-13 23:30:00+00:00,130,Michigan,275,Wisconsin,4,-10.0,-9.875,-10.0,-10.0,-9.5,0.5,0.25,0,,,,,,,,4,47.5,47.5,47.5,47.5,47.5,0.0,0.0,0,,,,,,,
401012894,2018,regular,10,2018-11-03 19:45:00+00:00,130,Michigan,213,Penn State,4,-13.0,-12.875,-13.0,-13.5,-12.0,1.5,0.6291528696058958,0,,,,,,,,4,49.5,49.125,49.5,48.0,49.5,1.5,0.75,0,,,,,,,
401012895,2018,regular,13,2018-11-24 17:00:00+00:00,194,Ohio State,130,Michigan,4,4.25,4.25,4.25,4.0,4.5,0.5,0.28867513459481287,0,,,,,,,,4,52.75,52.375,52.75,51.0,53.0,2.0,0.9464847243000456,0,,,,,,,
401013026,2018,regular,1,2018-09-02 00:00:00+00:00,239,Baylor,2000,Abilene Christian,1,-41.0,-41.0,-41.0,-41.0,-41.0,0.0,0.0,0,,,,,,,,0,,,,,,,,0,,,,,,,
401013027,2018,regular,2,2018-09-08 23:00:00+00:00,2636,UTSA,239,Baylor,4,17.0,17.0,17.0,17.0,17.0,0.0,0.0,0,,,,,,,,4,55.0,55.125,55.0,55.0,55.5,0.5,0.25,0,,,,,,,
401013028,2018,regular,3,2018-09-15 19:30:00+00:00,239,Baylor,150,Duke,4,-2.25,-2.375,-2.25,-3.0,-2.0,1.0,0.47871355387816905,0,,,,,,,,4,49.5,49.75,49.5,49.5,50.5,1.0,0.5,0,,,,,,,
401013029,2018,regular,4,2018-09-22 19:30:00+00:00,239,Baylor,2305,Kansas,4,-7.5,-7.5,-7.5,-7.5,-7.5,0.0,0.0,0,,,,,,,,4,54.5,54.375,54.5,53.5,55.0,1.5,0.6291528696058958,0,,,,,,,
401013030,2018,regular,5,2018-09-29 19:30:00+00:00,201,Oklahoma,239,Baylor,4,-21.25,-21.5,-21.25,-22.5,-21.0,1.5,0.7071067811865476,0,,,,,,,,4,68.5,68.625,68.5,68.5,69.0,0.5,0.25,0,,,,,,,
401013031,2018,regular,6,2018-10-06 19:30:00+00:00,239,Baylor,2306,Kansas State,4,-3.75,-3.75,-3.75,-4.0,-3.5,0.5,0.28867513459481287,0,,,,,,,,4,53.5,53.625,53.5,53.5,54.0,0.5,0.25,0,,,,,,,
401013032,2018,regular,7,2018-10-13 19:30:00+00:00,251,Texas,239,Baylor,4,-14.0,-14.0,-14.0,-14.0,-14.0,0.0,0.0,0,,,,,,,,4,58.5,58.5,58.5,58.0,59.0,1.0,0.408248290463863,0,,,,,,,
401013033,2018,regular,9,2018-10-25 23:00:00+00:00,277,West Virginia,239,Baylor,4,-14.5,-14.25,-14.5,-14.5,-13.5,1.0,0.5,0,,,,,,,,4,67.25,67.25,67.25,67.0,67.5,0.5,0.28867513459481287,0,,,,,,,
401013034,2018,regular,10,2018-11-03 16:00:00+00:00,239,Baylor,197,Oklahoma State,4,6.0,6.0,6.0,6.0,6.0,0.0,0.0,0,,,,,,,,4,68.75,68.625,68.75,68.0,69.0,1.0,0.47871355387816905,0,,,,,,,
401013035,2018,regular,11,2018-11-10 20:30:00+00:00,66,Iowa State,239,Baylor,4,-17.0,-17.0,-17.0,-17.0,-17.0,0.0,0.0,0,,,,,,,,4,51.0,51.0,51.0,51.0,51.0,0.0,0.0,0,,,,,,,
401013036,2018,regular,12,2018-11-17 17:00:00+00:00,239,Baylor,2628,TCU,2,0.0,0.0,0.0,-1.0,1.0,2.0,1.4142135623730951,0,,,,,,,,4,50.5,50.25,50.5,49.5,50.5,1.0,0.5,0,,,,,,,
401013037,2018,regular,13,2018-11-24 17:00:00+00:00,2641,Texas Tech,239,Baylor,4,-6.0,-5.875,-6.0,-6.0,-5.5,0.5,0.25,0,,,,,,,,4,63.75,63.625,63.75,63.0,64.0,1.0,0.47871355387816905,0,,,,,,,
401013039,2018,regular,3,2018-09-15 16:00:00+00:00,66,Iowa State,201,Oklahoma,4,18.5,18.5,18.5,18.5,18.5,0.0,0.0,0,,,,,,,,4,55.0,55.0,55.0,54.5,55.5,1.0,0.408248290463863,0,,,,,,,
401013040,2018,regular,4,2018-09-22 16:00:00+00:00,66,Iowa State,2006,Akron,4,-19.5,-19.5,-19.5,-19.5,-19.5,0.0,0.0,0,,,,,,,,4,47.75,47.75,47.75,47.0,48.5,1.5,0.6454972243679028,0,,,,,,,
401013041,2018,regular,5,2018-09-29 23:00:00+00:00,2628,TCU,66,Iowa State,4,-11.0,-11.125,-11.0,-11.5,-11.0,0.5,0.25,0,,,,,,,,4,45.0,45.0,45.0,44.5,45.5,1.0,0.408248290463863,0,,,,,,,
401013042,2018,regular,6,2018-10-06 19:30:00+00:00,197,Oklahoma State,66,Iowa State,4,-10.0,-10.0,-10.0,-10.0,-10.0,0.0,0.0,0,,,,,,,,4,55.5,55.375,55.5,55.0,55.5,0.5,0.25,0,,,,,,,
401013043,2018,regular,7,2018-10-13 23:00:00+00:00,66,Iowa State,277,West Virginia,4,4.5,4.375,4.5,4.0,4.5,0.5,0.25,0,,,,,,,,4,55.0,55.125,55.0,54.5,56.0,1.5,0.6291528696058958,0,,,,,,,
401013044,2018,regular,9,2018-10-27 16:00:00+00:00,66,Iowa State,2641,Texas Tech,4,-5.5,-5.625,-5.5,-6.0,-5.5,0.5,0.25,0,,,,,,,,4,57.5,57.375,57.5,57.0,57.5,0.5,0.25,0,,,,,,,
401013045,2018,regular,10,2018-11-03 16:00:00+00:00,2305,Kansas,66,Iowa State,4,18.25,18.25,18.25,18.0,18.5,0.5,0.28867513459481287,0,,,,,,,,4,46.5,46.375,46.5,46.0,46.5,0.5,0.25,0,,,,,,,
401013046,2018,regular,12,2018-11-18 01:00:00+00:00,251,Texas,66,Iowa State,4,-2.5,-2.375,-2.5,-2.5,-2.0,0.5,0.25,0,,,,,,,,4,49.5,49.25,49.5,47.5,50.5,3.0,1.2583057392117916,0,,,,,,,
401013047,2018,regular,13,2018-11-25 00:00:00+00:00,66,Iowa State,2306,Kansas State,4,-10.5,-10.375,-10.5,-10.5,-10.0,0.5,0.25,0,,,,,,,,4,41.5,41.5,41.5,41.0,42.0,1.0,0.5773502691896257,0,,,,,,,
401013048,2018,regular,1,2018-09-01 23:00:00+00:00,2305,Kansas,2447,Nicholls,1,-8.0,-8.0,-8.0,-8.0,-8.0,0.0,0.0,0,,,,,,,,1,57.0,57.0,57.0,57.0,57.0,0.0,0.0,0,,,,,,,
401013049,2018,regular,2,2018-09-08 19:00:00+00:00,2117,Central Michigan,2305,Kansas,2,-3.0,-3.0,-3.0,-3.0,-3.0,0.0,0.0,0,,,,,,,,2,48.25,48.25,48.25,48.0,48.5,0.5,0.3535533905932738,0,,,,,,,
401013050,2018,regular,5,2018-09-29 16:00:00+00:00,2305,Kansas,197,Oklahoma State,4,17.25,17.25,17.25,17.0,17.5,0.5,0.28867513459481287,0,,,,,,,,4,56.25,56.25,56.25,55.5,57.0,1.5,0.6454972243679028,0,,,,,,,
401013051,2018,regular,6,2018-10-06 16:00:00+00:00,277,West Virginia,2305,Kansas,4,-27.5,-27.5,-27.5,-28.0,-27.0,1.0,0.408248290463863,0,,,,,,,,4,62.5,62.25,62.5,61.0,63.0,2.0,0.8660254037844386,0,,,,,,,
401013052,2018,regular,8,2018-10-20 19:30:00+00:00,2641,Texas Tech,2305,Kansas,4,-17.5,-17.625,-17.5,-18.0,-17.5,0.5,0.25,0,,,,,,,,4,59.0,59.25,59.0,59.0,60.0,1.0,0.5,0,,,,,,,
401013053,2018,regular,9,2018-10-27 19:00:00+00:00,2305,Kansas,2628,TCU,4,13.25,13.25,13.25,13.0,13.5,0.5,0.28867513459481287,0,,,,,,,,4,47.0,46.875,47.0,46.5,47.0,0.5,0.25,0,,,,,,,
401013054,2018,regular,11,2018-11-10 17:00:00+00:00,2306,Kansas State,2305,Kansas,4,-9.0,-9.25,-9.0,-10.0,-9.0,1.0,0.5,0,,,,,,,,4,45.5,45.5,45.5,45.0,46.0,1.0,0.408248290463863,0,,,,,,,
401013055,2018,regular,12,2018-11-18 00:30:00+00:00,201,Oklahoma,2305,Kansas,4,-35.0,-35.0,-35.0,-35.0,-35.0,0.0,0.0,0,,,,,,,,4,69.25,69.375,69.25,69.0,70.0,1.0,0.47871355387816905,0,,,,,,,
401013056,2018,regular,13,2018-11-23 17:00:00+00:00,2305,Kansas,251,Texas,4,15.25,15.125,15.25,14.5,15.5,1.0,0.47871355387816905,0,,,,,,,,4,50.5,50.625,50.5,50.5,51.0,0.5,0.25,0,,,,,,,
401013057,2018,regular,1,2018-09-01 23:00:00+00:00,2306,Kansas State,233,South Dakota,1,-24.0,-24.0,-24.0,-24.0,-24.0,0.0,0.0,0,,,,,,,,1,63.0,63.0,63.0,63.0,63.0,0.0,0.0,0,,,,,,,
401013058,2018,regular,3,2018-09-15 20:00:00+00:00,2306,Kansas State,2636,UTSA,4,-21.0,-20.875,-21.0,-21.0,-20.5,0.5,0.25,0,,,,,,,,4,46.0,46.125,46.0,46.0,46.5,0.5,0.25,0,,,,,,,
401013059,2018,regular,4,2018-09-22 19:30:00+00:00,277,West Virginia,2306,Kansas State,4,-16.0,-15.875,-16.0,-16.0,-15.5,0.5,0.25,0,,,,,,,,4,60.75,60.75,60.75,60.5,61.0,0.5,0.28867513459481287,0,,,,,,,
401013060,2018,regular,5,2018-09-29 19:30:00+00:00,2306,Kansas State,251,Texas,4,8.5,8.625,8.5,8.5,9.0,0.5,0.25,0,,,,,,,,4,48.5,48.5,48.5,48.5,48.5,0.0,0.0,0,,,,,,,
401013061,2018,regular,7,2018-10-13 16:00:00+00:00,2306,Kansas State,197,Oklahoma State,4,8.5,8.5,8.5,8.0,9.0,1.0,0.5773502691896257,0,,,,,,,,4,61.5,61.625,61.5,61.5,62.0,0.5,0.25,0,,,,,,,
401013062,2018,regular,9,2018-10-27 19:30:00+00:00,201,Oklahoma,2306,Kansas State,4,-24.0,-23.875,-24.0,-24.0,-23.5,0.5,0.25,0,,,,,,,,4,64.5,64.5,64.5,63.5,65.5,2.0,0.9128709291752769,0,,,,,,,
401013063,2018,regular,10,2018-11-03 19:30:00+00:00,2628,TCU,2306,Kansas State,4,-10.0,-9.875,-10.0,-10.0,-9.5,0.5,0.25,0,,,,,,,,4,44.5,44.625,44.5,44.5,45.0,0.5,0.25,0,,,,,,,
401013064,2018,regular,12,2018-11-17 20:30:00+00:00,2306,Kansas State,2641,Texas Tech,4,6.5,6.5,6.5,6.5,6.5,0.0,0.0,0,,,,,,,,4,55.0,55.125,55.0,55.0,55.5,0.5,0.25,0,,,,,,,
401013065,2018,regular,1,2018-09-01 16:00:00+00:00,201,Oklahoma,2226,Florida Atlantic,4,-19.0,-18.875,-19.0,-19.0,-18.5,0.5,0.25,0,,,,,,,,4,70.25,69.875,70.25,67.0,72.0,5.0,2.3228933107943925,0,,,,,,,
401013066,2018,regular,4,2018-09-22 23:00:00+00:00,201,Oklahoma,349,Army,4,-29.25,-29.25,-29.25,-30.0,-28.5,1.5,0.6454972243679028,0,,,,,,,,4,60.0,59.875,60.0,59.5,60.0,0.5,0.25,0,,,,,,,
401013067,2018,regular,6,2018-10-06 16:00:00+00:00,201,Oklahoma,251,Texas,4,-7.0,-7.125,-7.0,-7.5,-7.0,0.5,0.25,0,,,,,,,,4,60.25,60.0,60.25,59.0,60.5,1.5,0.7071067811865476,0,,,,,,,
401013068,2018,regular,8,2018-10-20 16:00:00+00:00,2628,TCU,201,Oklahoma,4,8.0,8.0,8.0,7.5,8.5,1.0,0.408248290463863,0,,,,,,,,4,61.75,61.625,61.75,61.0,62.0,1.0,0.47871355387816905,0,,,,,,,
401013069,2018,regular,10,2018-11-04 00:00:00+00:00,2641,Texas Tech,201,Oklahoma,4,14.0,14.0,14.0,14.0,14.0,0.0,0.0,0,,,,,,,,4,78.5,78.5,78.5,78.5,78.5,0.0,0.0,0,,,,,,,
401013070,2018,regular,11,2018-11-10 20:30:00+00:00,201,Oklahoma,197,Oklahoma State,4,-21.75,-21.625,-21.75,-22.0,-21.0,1.0,0.47871355387816905,0,,,,,,,,4,80.0,80.125,80.0,80.0,80.5,0.5,0.25,0,,,,,,,
401013071,2018,regular,13,2018-11-24 01:00:00+00:00,277,West Virginia,201,Oklahoma,4,3.0,3.0,3.0,3.0,3.0,0.0,0.0,0,,,,,,,,4,87.25,87.125,87.25,86.0,88.0,2.0,1.0307764064044151,0,,,,,,,
401013072,2018,regular,1,2018-09-01 16:00:00+00:00,2628,TCU,2582,Southern,1,-49.0,-49.0,-49.0,-49.0,-49.0,0.0,0.0,0,,,,,,,,1,57.5,57.5,57.5,57.5,57.5,0.0,0.0,0,,,,,,,
401013074,2018,regular,3,2018-09-16 00:00:00+00:00,2628,TCU,194,Ohio State,4,12.75,12.75,12.75,12.5,13.0,0.5,0.28867513459481287,0,,,,,,,,4,59.25,59.25,59.25,58.5,60.0,1.5,0.6454972243679028,0,,,,,,,
401013075,2018,regular,4,2018-09-22 20:30:00+00:00,251,Texas,2628,TCU,4,3.0,2.875,3.0,2.5,3.0,0.5,0.25,0,,,,,,,,4,50.0,49.875,50.0,49.0,50.5,1.5,0.6291528696058958,0,,,,,,,
401013076,2018,regular,7,2018-10-11 23:30:00+00:00,2628,TCU,2641,Texas Tech,4,-7.5,-7.5,-7.5,-7.5,-7.5,0.0,0.0,0,,,,,,,,4,57.5,57.5,57.5,57.0,58.0,1.0,0.408248290463863,0,,,,,,,
401013077,2018,regular,11,2018-11-10 17:00:00+00:00,277,West Virginia,2628,TCU,4,-13.25,-13.125,-13.25,-13.5,-12.5,1.0,0.47871355387816905,0,,,,,,,,4,55.5,55.5,55.5,55.5,55.5,0.0,0.0,0,,,,,,,
401013078,2018,regular,13,2018-11-25 01:00:00+00:00,2628,TCU,197,Oklahoma State,4,5.75,5.75,5.75,5.5,6.0,0.5,0.28867513459481287,0,,,,,,,,4,53.0,53.125,53.0,52.5,54.0,1.5,0.75,0,,,,,,,
401013086,2018,regular,1,2018-08-31 00:00:00+00:00,2655,Tulane,154,Wake Forest,4,7.25,7.25,7.25,7.0,7.5,0.5,0.28867513459481287,0,,,,,,,,4,56.0,56.125,56.0,56.0,56.5,0.5,0.25,0,,,,,,,
401013087,2018,regular,1,2018-09-01 17:00:00+00:00,103,Boston College,113,Massachusetts,4,-20.5,-20.375,-20.5,-20.5,-20.0,0.5,0.25,0,,,,,,,,4,62.5,62.625,62.5,62.5,63.0,0.5,0.25,0,,,,,,,
401013088,2018,regular,1,2018-09-01 16:20:00+00:00,228,Clemson,231,Furman,1,-50.5,-50.5,-50.5,-50.5,-50.5,0.0,0.0,0,,,,,,,,1,58.5,58.5,58.5,58.5,58.5,0.0,0.0,0,,,,,,,
401013089,2018,regular,1,2018-08-31 23:00:00+00:00,150,Duke,349,Army,4,-14.0,-13.875,-14.0,-14.0,-13.5,0.5,0.25,0,,,,,,,,4,45.75,45.875,45.75,45.5,46.5,1.0,0.47871355387816905,0,,,,,,,
401013090,2018,regular,1,2018-09-01 16:30:00+00:00,59,Georgia Tech,2016,Alcorn State,1,-43.0,-43.0,-43.0,-43.0,-43.0,0.0,0.0,0,,,,,,,,1,58.5,58.5,58.5,58.5,58.5,0.0,0.0,0,,,,,,,
401013091,2018,regular,1,2018-09-01 16:00:00+00:00,152,NC State,256,James Madison,1,-14.5,-14.5,-14.5,-14.5,-14.5,0.0,0.0,0,,,,,,,,1,56.5,56.5,56.5,56.5,56.5,0.0,0.0,0,,,,,,,
401013092,2018,regular,1,2018-09-01 19:30:00+00:00,221,Pittsburgh,399,UAlbany,1,-27.0,-27.0,-27.0,-27.0,-27.0,0.0,0.0,0,,,,,,,,1,43.5,43.5,43.5,43.5,43.5,0.0,0.0,0,,,,,,,
401013094,2018,regular,1,2018-09-01 22:00:00+00:00,258,Virginia,257,Richmond,1,-14.5,-14.5,-14.5,-14.5,-14.5,0.0,0.0,0,,,,,,,,1,55.5,55.5,55.5,55.5,55.5,0.0,0.0,0,,,,,,,
401013095,2018,regular,1,2018-09-02 23:30:00+00:00,99,LSU,2390,Miami,4,3.0,3.125,3.0,3.0,3.5,0.5,0.25,0,,,,,,,,4,47.25,47.25,47.25,47.0,47.5,0.5,0.28867513459481287,0,,,,,,,
401013096,2018,regular,1,2018-09-04 00:00:00+00:00,52,Florida State,259,Virginia Tech,4,-7.0,-7.125,-7.0,-7.5,-7.0,0.5,0.25,0,,,,,,,,4,54.75,54.75,54.75,54.0,55.5,1.5,0.8660254037844386,0,,,,,,,
401013098,2018,regular,2,2018-09-08 16:00:00+00:00,77,Northwestern,150,Duke,4,-2.5,-2.5,-2.5,-2.5,-2.5,0.0,0.0,0,,,,,,,,4,47.5,47.5,47.5,47.5,47.5,0.0,0.0,0,,,,,,,
401013099,2018,regular,2,2018-09-08 23:20:00+00:00,52,Florida State,2535,Samford,1,-33.0,-33.0,-33.0,-33.0,-33.0,0.0,0.0,0,,,,,,,,1,56.5,56.5,56.5,56.5,56.5,0.0,0.0,0,,,,,,,
401013100,2018,regular,2,2018-09-08 16:00:00+00:00,58,South Florida,59,Georgia Tech,4,3.0,3.125,3.0,3.0,3.5,0.5,0.25,0,,,,,,,,4,60.0,60.25,60.0,60.0,61.0,1.0,0.5,0,,,,,,,
401013102,2018,regular,2,2018-09-08 22:00:00+00:00,2390,Miami,2542,Savannah St,1,-62.0,-62.0,-62.0,-62.0,-62.0,0.0,0.0,0,,,,,,,,1,63.5,63.5,63.5,63.5,63.5,0.0,0.0,0,,,,,,,
401013103,2018,regular,2,2018-09-08 19:30:00+00:00,151,East Carolina,153,North Carolina,4,15.75,15.75,15.75,15.0,16.5,1.5,0.6454972243679028,0,,,,,,,,4,59.5,59.5,59.5,59.0,60.0,1.0,0.408248290463863,0,,,,,,,
401013104,2018,regular,2,2018-09-08 16:30:00+00:00,152,NC State,2247,Georgia State,2,-24.75,-24.75,-24.75,-25.0,-24.5,0.5,0.3535533905932738,0,,,,,,,,2,56.5,56.5,56.5,56.5,56.5,0.0,0.0,0,,,,,,,
401013105,2018,regular,2,2018-09-09 00:00:00+00:00,221,Pittsburgh,213,Penn State,4,7.5,7.5,7.5,7.5,7.5,0.0,0.0,0,,,,,,,,4,50.75,50.75,50.75,50.5,51.0,0.5,0.28867513459481287,0,,,,,,,
401013107,2018,regular,2,2018-09-08 18:00:00+00:00,259,Virginia Tech,2729,William & Mary,1,-42.0,-42.0,-42.0,-42.0,-42.0,0.0,0.0,0,,,,,,,,0,,,,,,,,0,,,,,,,
401013108,2018,regular,2,2018-09-08 16:00:00+00:00,154,Wake Forest,119,Towson,1,-34.0,-34.0,-34.0,-34.0,-34.0,0.0,0.0,0,,,,,,,,1,57.5,57.5,57.5,57.5,57.5,0.0,0.0,0,,,,,,,
401013109,2018,regular,3,2018-09-13 21:30:00+00:00,154,Wake Forest,103,Boston College,4,6.0,6.125,6.0,6.0,6.5,0.5,0.25,0,,,,,,,,4,58.5,58.375,58.5,58.0,58.5,0.5,0.25,0,,,,,,,
401013110,2018,regular,3,2018-09-15 16:00:00+00:00,228,Clemson,290,Georgia Southern,4,-32.0,-31.875,-32.0,-32.0,-31.5,0.5,0.25,0,,,,,,,,4,49.5,49.625,49.5,49.5,50.0,0.5,0.25,0,,,,,,,
401013111,2018,regular,3,2018-09-15 16:00:00+00:00,183,Syracuse,52,Florida State,4,3.5,3.5,3.5,3.5,3.5,0.0,0.0,0,,,,,,,,4,69.5,69.375,69.5,69.0,69.5,0.5,0.25,0,,,,,,,
401013112,2018,regular,3,2018-09-15 16:30:00+00:00,221,Pittsburgh,59,Georgia Tech,4,3.5,3.375,3.5,3.0,3.5,0.5,0.25,0,,,,,,,,4,54.5,54.5,54.5,54.0,55.0,1.0,0.408248290463863,0,,,,,,,
401013113,2018,regular,3,2018-09-15 23:30:00+00:00,97,Louisville,98,Western Kentucky,4,-23.75,-23.875,-23.75,-24.5,-23.5,1.0,0.47871355387816905,0,,,,,,,,4,53.75,53.75,53.75,53.0,54.5,1.5,0.6454972243679028,0,,,,,,,
401013114,2018,regular,3,2018-09-15 16:00:00+00:00,2649,Toledo,2390,Miami,4,12.0,12.0,12.0,12.0,12.0,0.0,0.0,0,,,,,,,,4,58.25,58.25,58.25,58.0,58.5,0.5,0.28867513459481287,0,,,,,,,
401013117,2018,regular,3,2018-09-15 20:30:00+00:00,258,Virginia,195,Ohio,4,-4.75,-2.375,-4.75,-5.0,5.0,10.0,4.9223131418741195,0,,,,,,,,4,54.5,54.5,54.5,54.5,54.5,0.0,0.0,0,,,,,,,
401013119,2018,regular,4,2018-09-22 16:00:00+00:00,2509,Purdue,103,Boston College,4,6.5,6.5,6.5,6.5,6.5,0.0,0.0,0,,,,,,,,4,62.5,62.5,62.5,62.5,62.5,0.0,0.0,0,,,,,,,
401013120,2018,regular,4,2018-09-22 19:30:00+00:00,59,Georgia Tech,228,Clemson,4,16.0,16.125,16.0,16.0,16.5,0.5,0.25,0,,,,,,,,4,55.0,55.125,55.0,55.0,55.5,0.5,0.25,0,,,,,,,
401013121,2018,regular,4,2018-09-22 19:30:00+00:00,150,Duke,2428,North Carolina Central,1,-46.0,-46.0,-46.0,-46.0,-46.0,0.0,0.0,0,,,,,,,,1,55.5,55.5,55.5,55.5,55.5,0.0,0.0,0,,,,,,,
401013122,2018,regular,4,2018-09-22 19:30:00+00:00,52,Florida State,2459,Northern Illinois,4,-9.75,-9.75,-9.75,-10.0,-9.5,0.5,0.28867513459481287,0,,,,,,,,4,44.75,45.0,44.75,44.5,46.0,1.5,0.7071067811865476,0,,,,,,,
401013123,2018,regular,4,2018-09-22 16:30:00+00:00,258,Virginia,97,Louisville,4,-4.75,-4.75,-4.75,-5.0,-4.5,0.5,0.28867513459481287,0,,,,,,,,4,51.75,51.75,51.75,51.5,52.0,0.5,0.28867513459481287,0,,,,,,,
401013124,2018,regular,4,2018-09-22 19:30:00+00:00,2390,Miami,2229,Florida International,4,-26.25,-26.25,-26.25,-26.5,-26.0,0.5,0.28867513459481287,0,,,,,,,,4,57.75,57.625,57.75,57.0,58.0,1.0,0.47871355387816905,0,,,,,,,
401013125,2018,regular,4,2018-09-22 16:20:00+00:00,153,North Carolina,221,Pittsburgh,4,3.0,3.0,3.0,3.0,3.0,0.0,0.0,0,,,,,,,,4,48.75,48.625,48.75,48.0,49.0,1.0,0.47871355387816905,0,,,,,,,
401013126,2018,regular,4,2018-09-22 23:00:00+00:00,276,Marshall,152,NC State,4,6.0,6.0,6.0,6.0,6.0,0.0,0.0,0,,,,,,,,4,56.25,56.25,56.25,56.0,56.5,0.5,0.28867513459481287,0,,,,,,,
401013127,2018,regular,4,2018-09-22 20:00:00+00:00,183,Syracuse,41,UConn,4,-30.5,-30.375,-30.5,-30.5,-30.0,0.5,0.25,0,,,,,,,,4,75.0,75.0,75.0,74.5,75.5,1.0,0.408248290463863,0,,,,,,,
401013128,2018,regular,4,2018-09-22 19:30:00+00:00,295,Old Dominion,259,Virginia Tech,4,28.5,28.25,28.5,27.5,28.5,1.0,0.5,0,,,,,,,,4,52.5,52.375,52.5,52.0,52.5,0.5,0.25,0,,,,,,,
401013129,2018,regular,4,2018-09-22 16:00:00+00:00,154,Wake Forest,87,Notre Dame,4,6.5,6.375,6.5,6.0,6.5,0.5,0.25,0,,,,,,,,4,59.5,59.5,59.5,59.5,59.5,0.0,0.0,0,,,,,,,
401013130,2018,regular,5,2018-09-29 16:00:00+00:00,103,Boston College,218,Temple,4,-13.0,-13.0,-13.0,-13.0,-13.0,0.0,0.0,0,,,,,,,,4,54.0,53.875,54.0,53.5,54.0,0.5,0.25,0,,,,,,,
401013131,2018,regular,5,2018-09-29 16:00:00+00:00,228,Clemson,183,Syracuse,4,-24.5,-24.5,-24.5,-24.5,-24.5,0.0,0.0,0,,,,,,,,4,64.75,64.875,64.75,64.5,65.5,1.0,0.47871355387816905,0,,,,,,,
401013132,2018,regular,5,2018-09-29 23:00:00+00:00,150,Duke,259,Virginia Tech,4,-6.5,-6.5,-6.5,-6.5,-6.5,0.0,0.0,0,,,,,,,,4,51.5,51.5,51.5,51.0,52.0,1.0,0.408248290463863,0,,,,,,,
401013133,2018,regular,5,2018-09-29 19:30:00+00:00,97,Louisville,52,Florida State,4,5.25,5.125,5.25,4.5,5.5,1.0,0.47871355387816905,0,,,,,,,,4,47.0,47.0,47.0,46.5,47.5,1.0,0.408248290463863,0,,,,,,,
401013134,2018,regular,5,2018-09-29 16:00:00+00:00,59,Georgia Tech,189,Bowling Green,4,-28.0,-28.0,-28.0,-28.0,-28.0,0.0,0.0,0,,,,,,,,4,65.25,65.25,65.25,65.0,65.5,0.5,0.28867513459481287,0,,,,,,,
401013135,2018,regular,5,2018-09-29 16:20:00+00:00,152,NC State,258,Virginia,4,-6.0,-6.0,-6.0,-6.5,-5.5,1.0,0.5773502691896257,0,,,,,,,,4,52.75,52.75,52.75,52.5,53.0,0.5,0.28867513459481287,0,,,,,,,
401013136,2018,regular,5,2018-09-29 19:30:00+00:00,2116,UCF,221,Pittsburgh,2,-13.0,-13.0,-13.0,-13.0,-13.0,0.0,0.0,0,,,,,,,,2,65.5,65.5,65.5,65.5,65.5,0.0,0.0,0,,,,,,,
401013137,2018,regular,5,2018-09-29 19:30:00+00:00,154,Wake Forest,242,Rice,4,-28.0,-28.0,-28.0,-28.0,-28.0,0.0,0.0,0,,,,,,,,4,66.5,66.5,66.5,66.0,67.0,1.0,0.5773502691896257,0,,,,,,,
401013138,2018,regular,6,2018-10-05 23:00:00+00:00,97,Louisville,59,Georgia Tech,4,5.5,5.5,5.5,5.5,5.5,0.0,0.0,0,,,,,,,,4,56.5,56.375,56.5,56.0,56.5,0.5,0.25,0,,,,,,,
401013139,2018,regular,6,2018-10-06 16:30:00+00:00,152,NC State,103,Boston College,4,-6.5,-6.375,-6.5,-6.5,-6.0,0.5,0.25,0,,,,,,,,4,60.75,60.75,60.75,60.5,61.0,0.5,0.28867513459481287,0,,,,,,,
401013140,2018,regular,6,2018-10-06 19:30:00+00:00,154,Wake Forest,228,Clemson,4,20.5,20.5,20.5,20.5,20.5,0.0,0.0,0,,,,,,,,4,61.0,60.875,61.0,60.0,61.5,1.5,0.6291528696058958,0,,,,,,,
401013141,2018,regular,6,2018-10-06 19:30:00+00:00,2390,Miami,52,Florida State,4,-14.0,-14.0,-14.0,-14.0,-14.0,0.0,0.0,0,,,,,,,,4,48.5,48.375,48.5,48.0,48.5,0.5,0.25,0,,,,,,,
401013142,2018,regular,6,2018-10-06 16:20:00+00:00,221,Pittsburgh,183,Syracuse,4,3.5,3.625,3.5,3.5,4.0,0.5,0.25,0,,,,,,,,4,58.0,58.0,58.0,58.0,58.0,0.0,0.0,0,,,,,,,
401013143,2018,regular,6,2018-10-07 00:00:00+00:00,259,Virginia Tech,87,Notre Dame,4,6.5,6.5,6.5,6.5,6.5,0.0,0.0,0,,,,,,,,4,55.0,55.0,55.0,54.5,55.5,1.0,0.5773502691896257,0,,,,,,,
401013144,2018,regular,7,2018-10-13 16:30:00+00:00,103,Boston College,97,Louisville,4,-11.75,-11.625,-11.75,-12.0,-11.0,1.0,0.47871355387816905,0,,,,,,,,4,56.5,56.625,56.5,56.5,57.0,0.5,0.25,0,,,,,,,
401013145,2018,regular,7,2018-10-13 16:20:00+00:00,59,Georgia Tech,150,Duke,4,-1.5,-1.625,-1.5,-2.0,-1.5,0.5,0.25,0,,,,,,,,4,55.0,55.125,55.0,55.0,55.5,0.5,0.25,0,,,,,,,
401013146,2018,regular,7,2018-10-13 23:00:00+00:00,258,Virginia,2390,Miami,4,7.0,7.0,7.0,7.0,7.0,0.0,0.0,0,,,,,,,,4,46.75,46.75,46.75,46.5,47.0,0.5,0.28867513459481287,0,,,,,,,
401013147,2018,regular,7,2018-10-13 23:00:00+00:00,153,North Carolina,259,Virginia Tech,4,6.5,6.375,6.5,6.0,6.5,0.5,0.25,0,,,,,,,,4,57.5,57.375,57.5,57.0,57.5,0.5,0.25,0,,,,,,,
401013148,2018,regular,7,2018-10-13 18:30:00+00:00,87,Notre Dame,221,Pittsburgh,4,-21.0,-21.0,-21.0,-21.0,-21.0,0.0,0.0,0,,,,,,,,4,56.0,55.75,56.0,55.0,56.0,1.0,0.5,0,,,,,,,
401013149,2018,regular,8,2018-10-20 19:30:00+00:00,228,Clemson,152,NC State,4,-18.25,-18.25,-18.25,-19.0,-17.5,1.5,0.6454972243679028,0,,,,,,,,4,58.0,57.875,58.0,57.5,58.0,0.5,0.25,0,,,,,,,
401013150,2018,regular,8,2018-10-20 16:30:00+00:00,150,Duke,258,Virginia,4,-6.5,-6.5,-6.5,-6.5,-6.5,0.0,0.0,0,,,,,,,,4,45.5,45.25,45.5,44.5,45.5,1.0,0.5,0,,,,,,,
401013151,2018,regular,8,2018-10-20 19:30:00+00:00,52,Florida State,154,Wake Forest,4,-10.25,-10.25,-10.25,-10.5,-10.0,0.5,0.28867513459481287,0,,,,,,,,4,58.25,58.125,58.25,57.5,58.5,1.0,0.47871355387816905,0,,,,,,,
401013152,2018,regular,8,2018-10-20 16:20:00+00:00,183,Syracuse,153,North Carolina,4,-10.0,-9.875,-10.0,-10.0,-9.5,0.5,0.25,0,,,,,,,,4,67.0,66.875,67.0,66.5,67.0,0.5,0.25,0,,,,,,,
401013153,2018,regular,9,2018-10-25 23:30:00+00:00,259,Virginia Tech,59,Georgia Tech,4,-3.0,-3.125,-3.0,-3.5,-3.0,0.5,0.25,0,,,,,,,,4,58.5,58.5,58.5,58.5,58.5,0.0,0.0,0,,,,,,,
401013154,2018,regular,9,2018-10-26 23:00:00+00:00,103,Boston College,2390,Miami,4,3.5,3.625,3.5,3.5,4.0,0.5,0.25,0,,,,,,,,4,49.25,49.25,49.25,49.0,49.5,0.5,0.28867513459481287,0,,,,,,,
401013155,2018,regular,9,2018-10-27 16:00:00+00:00,52,Florida State,228,Clemson,4,18.0,18.0,18.0,18.0,18.0,0.0,0.0,0,,,,,,,,4,49.5,49.5,49.5,49.5,49.5,0.0,0.0,0,,,,,,,
401013156,2018,regular,9,2018-10-27 19:30:00+00:00,221,Pittsburgh,150,Duke,4,3.0,3.0,3.0,3.0,3.0,0.0,0.0,0,,,,,,,,4,46.0,45.875,46.0,45.0,46.5,1.5,0.6291528696058958,0,,,,,,,
401013157,2018,regular,9,2018-10-27 16:00:00+00:00,97,Louisville,154,Wake Forest,4,-3.0,-2.875,-3.0,-3.0,-2.5,0.5,0.25,0,,,,,,,,4,67.75,67.75,67.75,67.5,68.0,0.5,0.28867513459481287,0,,,,,,,
401013158,2018,regular,9,2018-10-27 16:20:00+00:00,258,Virginia,153,North Carolina,4,-7.5,-7.625,-7.5,-8.0,-7.5,0.5,0.25,0,,,,,,,,4,51.0,51.0,51.0,51.0,51.0,0.0,0.0,0,,,,,,,
401013159,2018,regular,9,2018-10-27 23:00:00+00:00,183,Syracuse,152,NC State,4,1.75,1.75,1.75,1.5,2.0,0.5,0.28867513459481287,0,,,,,,,,4,65.0,64.875,65.0,64.5,65.0,0.5,0.25,0,,,,,,,
401013160,2018,regular,10,2018-11-02 23:30:00+00:00,258,Virginia,221,Pittsburgh,4,-7.0,-7.0,-7.0,-7.0,-7.0,0.0,0.0,0,,,,,,,,4,46.0,46.0,46.0,45.5,46.5,1.0,0.5773502691896257,0,,,,,,,
401013161,2018,regular,10,2018-11-03 19:45:00+00:00,259,Virginia Tech,103,Boston College,4,2.0,2.0,2.0,2.0,2.0,0.0,0.0,0,,,,,,,,4,57.0,57.125,57.0,57.0,57.5,0.5,0.25,0,,,,,,,
401013162,2018,regular,10,2018-11-03 16:00:00+00:00,228,Clemson,97,Louisville,4,-38.75,-38.625,-38.75,-39.0,-38.0,1.0,0.47871355387816905,0,,,,,,,,4,61.0,61.125,61.0,61.0,61.5,0.5,0.25,0,,,,,,,
401013163,2018,regular,10,2018-11-03 23:00:00+00:00,2390,Miami,150,Duke,4,-9.25,-9.25,-9.25,-9.5,-9.0,0.5,0.28867513459481287,0,,,,,,,,4,50.5,50.625,50.5,50.5,51.0,0.5,0.25,0,,,,,,,
401013164,2018,regular,10,2018-11-03 19:30:00+00:00,152,NC State,52,Florida State,4,-9.5,-9.375,-9.5,-9.5,-9.0,0.5,0.25,0,,,,,,,,4,51.5,51.625,51.5,51.5,52.0,0.5,0.25,0,,,,,,,
401013165,2018,regular,10,2018-11-03 16:15:00+00:00,153,North Carolina,59,Georgia Tech,4,4.0,4.0,4.0,4.0,4.0,0.0,0.0,0,,,,,,,,4,65.5,65.375,65.5,64.5,66.0,1.5,0.6291528696058958,0,,,,,,,
401013166,2018,regular,10,2018-11-03 16:00:00+00:00,154,Wake Forest,183,Syracuse,4,6.25,6.25,6.25,6.0,6.5,0.5,0.28867513459481287,0,,,,,,,,4,78.75,78.5,78.75,77.0,79.5,2.5,1.0801234497346435,0,,,,,,,
401013167,2018,regular,11,2018-11-09 00:30:00+00:00,152,NC State,154,Wake Forest,4,-18.75,-18.5,-18.75,-19.5,-17.0,2.5,1.0801234497346435,0,,,,,,,,4,67.5,67.875,67.5,67.5,69.0,1.5,0.75,0,,,,,,,
401013168,2018,regular,11,2018-11-10 00:00:00+00:00,183,Syracuse,97,Louisville,4,-20.5,-20.375,-20.5,-20.5,-20.0,0.5,0.25,0,,,,,,,,4,69.0,69.0,69.0,68.5,69.5,1.0,0.408248290463863,0,,,,,,,
401013169,2018,regular,11,2018-11-11 01:00:00+00:00,103,Boston College,228,Clemson,4,17.5,17.625,17.5,17.5,18.0,0.5,0.25,0,,,,,,,,4,51.5,51.5,51.5,51.0,52.0,1.0,0.408248290463863,0,,,,,,,
401013170,2018,regular,11,2018-11-10 17:20:00+00:00,150,Duke,153,North Carolina,4,-7.5,-7.5,-7.5,-7.5,-7.5,0.0,0.0,0,,,,,,,,4,58.5,58.5,58.5,58.5,58.5,0.0,0.0,0,,,,,,,
401013171,2018,regular,11,2018-11-11 00:30:00+00:00,87,Notre Dame,52,Florida State,4,-16.75,-16.75,-16.75,-17.0,-16.5,0.5,0.28867513459481287,0,,,,,,,,4,50.5,50.375,50.5,49.0,51.5,2.5,1.3149778198382918,0,,,,,,,
401013172,2018,regular,11,2018-11-11 00:00:00+00:00,59,Georgia Tech,2390,Miami,4,-1.5,-1.625,-1.5,-2.5,-1.0,1.5,0.6291528696058958,0,,,,,,,,4,51.25,51.125,51.25,50.5,51.5,1.0,0.47871355387816905,0,,,,,,,
401013173,2018,regular,11,2018-11-10 20:30:00+00:00,221,Pittsburgh,259,Virginia Tech,4,-3.75,-3.75,-3.75,-4.0,-3.5,0.5,0.28867513459481287,0,,,,,,,,4,53.5,53.25,53.5,52.0,54.0,2.0,0.8660254037844386,0,,,,,,,
401013174,2018,regular,11,2018-11-10 20:00:00+00:00,258,Virginia,2335,Liberty,4,-24.0,-24.0,-24.0,-24.0,-24.0,0.0,0.0,0,,,,,,,,4,58.0,58.0,58.0,57.5,58.5,1.0,0.408248290463863,0,,,,,,,
401013175,2018,regular,12,2018-11-17 20:30:00+00:00,52,Florida State,103,Boston College,4,2.75,2.75,2.75,2.5,3.0,0.5,0.28867513459481287,0,,,,,,,,4,48.75,48.625,48.75,47.5,49.5,2.0,0.8539125638299665,0,,,,,,,
401013176,2018,regular,12,2018-11-18 00:00:00+00:00,228,Clemson,150,Duke,4,-28.75,-28.75,-28.75,-29.5,-28.0,1.5,0.8660254037844386,0,,,,,,,,3,59.0,59.166666666666664,59.0,58.5,60.0,1.5,0.7637626158259734,0,,,,,,,
401013177,2018,regular,12,2018-11-17 20:30:00+00:00,59,Georgia Tech,258,Virginia,4,-6.25,-6.25,-6.25,-6.5,-6.0,0.5,0.28867513459481287,0,,,,,,,,4,52.5,52.25,52.5,51.5,52.5,1.0,0.5,0,,,,,,,
401013178,2018,regular,12,2018-11-17 17:20:00+00:00,97,Louisville,152,NC State,4,16.0,16.0,16.0,16.0,16.0,0.0,0.0,0,,,,,,,,4,65.0,65.125,65.0,65.0,65.5,0.5,0.25,0,,,,,,,
401013179,2018,regular,12,2018-11-17 20:30:00+00:00,259,Virginia Tech,2390,Miami,4,6.5,6.5,6.5,6.5,6.5,0.0,0.0,0,,,,,,,,4,53.0,52.875,53.0,52.0,53.5,1.5,0.6291528696058958,0,,,,,,,
401013180,2018,regular,12,2018-11-17 20:00:00+00:00,153,North Carolina,2717,Western Carolina,1,-31.0,-31.0,-31.0,-31.0,-31.0,0.0,0.0,0,,,,,,,,1,81.5,81.5,81.5,81.5,81.5,0.0,0.0,0,,,,,,,
401013181,2018,regular,12,2018-11-17 17:00:00+00:00,154,Wake Forest,221,Pittsburgh,4,5.25,5.25,5.25,5.0,5.5,0.5,0.28867513459481287,0,,,,,,,,4,62.5,62.375,62.5,62.0,62.5,0.5,0.25,0,,,,,,,
401013182,2018,regular,12,2018-11-17 19:30:00+00:00,87,Notre Dame,183,Syracuse,4,-10.0,-10.0,-10.0,-10.0,-10.0,0.0,0.0,0,,,,,,,,4,64.5,64.5,64.5,64.5,64.5,0.0,0.0,0,,,,,,,
401013183,2018,regular,13,2018-11-23 20:30:00+00:00,259,Virginia Tech,258,Virginia,4,5.25,5.0,5.25,4.0,5.5,1.5,0.7071067811865476,0,,,,,,,,4,49.5,49.5,49.5,49.5,49.5,0.0,0.0,0,,,,,,,
401013184,2018,regular,13,2018-11-24 17:00:00+00:00,103,Boston College,183,Syracuse,4,-5.0,-5.0,-5.0,-5.5,-4.5,1.0,0.408248290463863,0,,,,,,,,4,60.0,60.0,60.0,58.5,61.5,3.0,1.2909944487358056,0,,,,,,,
401013185,2018,regular,13,2018-11-24 17:30:00+00:00,150,Duke,154,Wake Forest,4,-9.75,-9.625,-9.75,-10.0,-9.0,1.0,0.47871355387816905,0,,,,,,,,4,61.25,61.625,61.25,61.0,63.0,2.0,0.9464847243000456,0,,,,,,,
401013186,2018,regular,13,2018-11-24 20:30:00+00:00,2390,Miami,221,Pittsburgh,4,-5.5,-5.625,-5.5,-6.0,-5.5,0.5,0.25,0,,,,,,,,4,45.5,45.5,45.5,45.0,46.0,1.0,0.408248290463863,0,,,,,,,
401013187,2018,regular,13,2018-11-24 17:20:00+00:00,153,North Carolina,152,NC State,4,7.0,7.125,7.0,7.0,7.5,0.5,0.25,0,,,,,,,,4,61.5,60.875,61.5,59.0,61.5,2.5,1.25,0,,,,,,,
401013188,2018,regular,10,2018-11-03 19:30:00+00:00,251,Texas,277,West Virginia,4,1.0,1.0,1.0,1.0,1.0,0.0,0.0,0,,,,,,,,4,58.25,58.25,58.25,58.0,58.5,0.5,0.28867513459481287,0,,,,,,,
401013189,2018,regular,9,2018-10-28 00:00:00+00:00,2426,Navy,87,Notre Dame,4,22.0,21.875,22.0,21.5,22.0,0.5,0.25,0,,,,,,,,4,56.0,55.875,56.0,55.0,56.5,1.5,0.75,0,,,,,,,
401013319,2018,regular,2,2018-09-09 00:00:00+00:00,251,Texas,202,Tulsa,4,-22.25,-22.125,-22.25,-22.5,-21.5,1.0,0.47871355387816905,0,,,,,,,,4,60.25,60.125,60.25,59.5,60.5,1.0,0.47871355387816905,0,,,,,,,
401013320,2018,regular,9,2018-10-28 00:00:00+00:00,197,Oklahoma State,251,Texas,4,2.5,2.25,2.5,1.5,2.5,1.0,0.5,0,,,,,,,,4,61.0,60.875,61.0,60.5,61.0,0.5,0.25,0,,,,,,,
401013321,2018,regular,11,2018-11-11 00:30:00+00:00,2641,Texas Tech,251,Texas,4,2.0,2.0,2.0,2.0,2.0,0.0,0.0,0,,,,,,,,4,62.5,62.625,62.5,62.5,63.0,0.5,0.25,0,,,,,,,
401013322,2018,regular,2,2018-09-08 20:00:00+00:00,2641,Texas Tech,2320,Lamar,1,-49.0,-49.0,-49.0,-49.0,-49.0,0.0,0.0,0,,,,,,,,1,71.5,71.5,71.5,71.5,71.5,0.0,0.0,0,,,,,,,
401013323,2018,regular,3,2018-09-15 20:15:00+00:00,2641,Texas Tech,248,Houston,3,-1.0,-0.16666666666666666,-1.0,-1.0,1.5,2.5,1.4433756729740643,0,,,,,,,,4,68.75,68.625,68.75,68.0,69.0,1.0,0.47871355387816905,0,,,,,,,
401013324,2018,regular,4,2018-09-22 23:00:00+00:00,197,Oklahoma State,2641,Texas Tech,4,-14.5,-14.5,-14.5,-14.5,-14.5,0.0,0.0,0,,,,,,,,4,76.75,76.625,76.75,76.0,77.0,1.0,0.47871355387816905,0,,,,,,,
401013325,2018,regular,5,2018-09-29 16:00:00+00:00,2641,Texas Tech,277,West Virginia,4,3.5,3.5,3.5,3.5,3.5,0.0,0.0,0,,,,,,,,4,75.0,74.75,75.0,73.0,76.0,3.0,1.2583057392117916,0,,,,,,,
401013326,2018,regular,2,2018-09-08 22:00:00+00:00,277,West Virginia,2754,Youngstown State,1,-33.5,-33.5,-33.5,-33.5,-33.5,0.0,0.0,0,,,,,,,,1,63.5,63.5,63.5,63.5,63.5,0.0,0.0,0,,,,,,,
401013327,2018,regular,12,2018-11-17 20:30:00+00:00,197,Oklahoma State,277,West Virginia,4,6.0,6.0,6.0,6.0,6.0,0.0,0.0,0,,,,,,,,4,74.0,74.125,74.0,74.0,74.5,0.5,0.25,0,,,,,,,
401013328,2018,regular,1,2018-08-30 23:00:00+00:00,135,Minnesota,166,New Mexico State,2,-21.5,-21.5,-21.5,-21.5,-21.5,0.0,0.0,0,,,,,,,,2,48.0,48.0,48.0,47.0,49.0,2.0,1.4142135623730951,0,,,,,,,
401013329,2018,regular,2,2018-09-08 23:30:00+00:00,135,Minnesota,278,Fresno State,3,1.0,0.3333333333333333,1.0,-1.0,1.0,2.0,1.1547005383792515,0,,,,,,,,4,50.25,50.25,50.25,50.0,50.5,0.5,0.28867513459481287,0,,,,,,,
401013330,2018,regular,3,2018-09-15 19:30:00+00:00,135,Minnesota,193,Miami (OH),4,-13.75,-13.625,-13.75,-14.0,-13.0,1.0,0.47871355387816905,0,,,,,,,,4,46.5,46.625,46.5,46.5,47.0,0.5,0.25,0,,,,,,,
401013331,2018,regular,7,2018-10-13 16:00:00+00:00,194,Ohio State,135,Minnesota,4,-29.5,-29.625,-29.5,-30.0,-29.5,0.5,0.25,0,,,,,,,,4,61.75,61.5,61.75,60.5,62.0,1.5,0.7071067811865476,0,,,,,,,
401013332,2018,regular,8,2018-10-20 19:30:00+00:00,158,Nebraska,135,Minnesota,4,-4.75,-4.75,-4.75,-5.0,-4.5,0.5,0.28867513459481287,0,,,,,,,,4,55.0,55.125,55.0,54.5,56.0,1.5,0.75,0,,,,,,,
401013333,2018,regular,11,2018-11-10 20:30:00+00:00,135,Minnesota,2509,Purdue,4,10.0,10.125,10.0,10.0,10.5,0.5,0.25,0,,,,,,,,4,58.5,58.5,58.5,58.0,59.0,1.0,0.408248290463863,0,,,,,,,
401013334,2018,regular,12,2018-11-17 17:00:00+00:00,135,Minnesota,77,Northwestern,4,-3.0,-3.125,-3.0,-3.5,-3.0,0.5,0.25,0,,,,,,,,4,48.5,48.375,48.5,47.5,49.0,1.5,0.6291528696058958,0,,,,,,,
401013335,2018,regular,13,2018-11-24 20:30:00+00:00,275,Wisconsin,135,Minnesota,4,-12.0,-11.75,-12.0,-12.5,-10.5,2.0,0.9574271077563381,0,,,,,,,,4,53.0,53.5,53.0,53.0,55.0,2.0,1.0,0,,,,,,,
401013337,2018,regular,3,2018-09-15 16:00:00+00:00,158,Nebraska,2653,Troy,4,-10.0,-10.75,-10.0,-13.0,-10.0,3.0,1.5,0,,,,,,,,4,56.25,56.0,56.25,55.0,56.5,1.5,0.7071067811865476,0,,,,,,,
401013338,2018,regular,5,2018-09-29 19:30:00+00:00,158,Nebraska,2509,Purdue,4,3.5,3.5,3.5,3.5,3.5,0.0,0.0,0,,,,,,,,4,58.25,58.25,58.25,58.0,58.5,0.5,0.28867513459481287,0,,,,,,,
401013339,2018,regular,6,2018-10-06 23:30:00+00:00,275,Wisconsin,158,Nebraska,4,-18.0,-18.125,-18.0,-18.5,-18.0,0.5,0.25,0,,,,,,,,4,60.5,60.5,60.5,60.5,60.5,0.0,0.0,0,,,,,,,
401013340,2018,regular,7,2018-10-13 16:00:00+00:00,77,Northwestern,158,Nebraska,4,-3.25,-3.25,-3.25,-3.5,-3.0,0.5,0.28867513459481287,0,,,,,,,,4,58.5,58.625,58.5,58.5,59.0,0.5,0.25,0,,,,,,,
401013341,2018,regular,10,2018-11-03 16:00:00+00:00,194,Ohio State,158,Nebraska,4,-17.5,-17.375,-17.5,-17.5,-17.0,0.5,0.25,0,,,,,,,,4,75.5,75.625,75.5,75.5,76.0,0.5,0.25,0,,,,,,,
401013342,2018,regular,1,2018-08-31 00:00:00+00:00,2509,Purdue,77,Northwestern,4,-1.0,-1.0,-1.0,-1.0,-1.0,0.0,0.0,0,,,,,,,,4,51.75,51.625,51.75,50.5,52.5,2.0,1.0307764064044151,0,,,,,,,
401013343,2018,regular,3,2018-09-15 23:30:00+00:00,77,Northwestern,2006,Akron,4,-21.0,-21.125,-21.0,-21.5,-21.0,0.5,0.25,0,,,,,,,,4,47.0,46.75,47.0,45.5,47.5,2.0,0.9574271077563381,0,,,,,,,
401013344,2018,regular,9,2018-10-27 16:00:00+00:00,77,Northwestern,275,Wisconsin,4,4.25,4.375,4.25,4.0,5.0,1.0,0.47871355387816905,0,,,,,,,,4,50.25,50.25,50.25,50.0,50.5,0.5,0.28867513459481287,0,,,,,,,
401013345,2018,regular,10,2018-11-03 23:15:00+00:00,77,Northwestern,87,Notre Dame,4,10.0,10.0,10.0,10.0,10.0,0.0,0.0,0,,,,,,,,4,49.75,49.625,49.75,49.0,50.0,1.0,0.47871355387816905,0,,,,,,,
401013346,2018,regular,4,2018-09-22 19:30:00+00:00,194,Ohio State,2655,Tulane,4,-37.5,-37.5,-37.5,-37.5,-37.5,0.0,0.0,0,,,,,,,,4,66.75,66.625,66.75,66.0,67.0,1.0,0.47871355387816905,0,,,,,,,
401013347,2018,regular,5,2018-09-29 23:30:00+00:00,213,Penn State,194,Ohio State,4,3.5,3.375,3.5,3.0,3.5,0.5,0.25,0,,,,,,,,4,69.0,69.0,69.0,68.0,70.0,2.0,0.9128709291752769,0,,,,,,,
401013348,2018,regular,8,2018-10-20 23:30:00+00:00,2509,Purdue,194,Ohio State,4,12.5,12.375,12.5,12.0,12.5,0.5,0.25,0,,,,,,,,4,65.75,65.625,65.75,65.0,66.0,1.0,0.47871355387816905,0,,,,,,,
401013349,2018,regular,1,2018-09-01 19:30:00+00:00,213,Penn State,2026,App State,4,-24.25,-24.5,-24.25,-25.5,-24.0,1.5,0.7071067811865476,0,,,,,,,,4,54.0,53.875,54.0,53.5,54.0,0.5,0.25,0,,,,,,,
401013350,2018,regular,3,2018-09-15 16:00:00+00:00,213,Penn State,2309,Kent State,4,-35.5,-35.375,-35.5,-35.5,-35.0,0.5,0.25,0,,,,,,,,4,64.5,64.25,64.5,63.5,64.5,1.0,0.5,0,,,,,,,
401013351,2018,regular,11,2018-11-10 17:00:00+00:00,213,Penn State,275,Wisconsin,4,-7.5,-7.5,-7.5,-7.5,-7.5,0.0,0.0,0,,,,,,,,4,53.25,53.0,53.25,52.0,53.5,1.5,0.7071067811865476,0,,,,,,,
401013352,2018,regular,2,2018-09-08 16:00:00+00:00,2509,Purdue,2199,Eastern Michigan,4,-15.5,-15.375,-15.5,-15.5,-15.0,0.5,0.25,0,,,,,,,,4,50.25,50.0,50.25,49.0,50.5,1.5,0.7071067811865476,0,,,,,,,
401013353,2018,regular,12,2018-11-17 20:30:00+00:00,2509,Purdue,275,Wisconsin,4,-3.5,-3.625,-3.5,-4.0,-3.5,0.5,0.25,0,,,,,,,,4,55.25,55.25,55.25,54.5,56.0,1.5,0.6454972243679028,0,,,,,,,
401013354,2018,regular,1,2018-09-01 01:00:00+00:00,275,Wisconsin,98,Western Kentucky,4,-36.25,-36.25,-36.25,-36.5,-36.0,0.5,0.28867513459481287,0,,,,,,,,4,52.0,51.875,52.0,51.5,52.0,0.5,0.25,0,,,,,,,
401013355,2018,regular,2,2018-09-08 16:00:00+00:00,275,Wisconsin,167,New Mexico,4,-35.75,-35.75,-35.75,-36.0,-35.5,0.5,0.28867513459481287,0,,,,,,,,4,58.5,58.5,58.5,58.0,59.0,1.0,0.408248290463863,0,,,,,,,
401013356,2018,regular,3,2018-09-15 19:30:00+00:00,275,Wisconsin,252,BYU,4,-23.5,-23.375,-23.5,-23.5,-23.0,0.5,0.25,0,,,,,,,,4,51.25,51.0,51.25,49.5,52.0,2.5,1.0801234497346435,0,,,,,,,
401013357,2018,regular,1,2018-08-25 21:30:00+00:00,113,Massachusetts,2184,Duquesne,1,-21.0,-21.0,-21.0,-21.0,-21.0,0.0,0.0,0,,,,,,,,1,68.0,68.0,68.0,68.0,68.0,0.0,0.0,0,,,,,,,
401013358,2018,regular,2,2018-09-08 22:00:00+00:00,290,Georgia Southern,113,Massachusetts,4,-1.5,-1.5,-1.5,-1.5,-1.5,0.0,0.0,0,,,,,,,,4,61.0,60.875,61.0,60.5,61.0,0.5,0.25,0,,,,,,,
401013359,2018,regular,3,2018-09-15 23:30:00+00:00,2229,Florida International,113,Massachusetts,4,-3.5,-3.5,-3.5,-3.5,-3.5,0.0,0.0,0,,,,,,,,4,65.5,65.625,65.5,65.5,66.0,0.5,0.25,0,,,,,,,
401013360,2018,regular,4,2018-09-22 19:30:00+00:00,113,Massachusetts,2429,Charlotte,4,-6.25,-6.25,-6.25,-6.5,-6.0,0.5,0.28867513459481287,0,,,,,,,,4,56.0,56.25,56.0,55.5,57.5,2.0,0.8660254037844386,0,,,,,,,
401013361,2018,regular,5,2018-09-29 18:00:00+00:00,195,Ohio,113,Massachusetts,4,-11.5,-11.625,-11.5,-12.0,-11.5,0.5,0.25,0,,,,,,,,4,69.25,69.25,69.25,68.5,70.0,1.5,0.6454972243679028,0,,,,,,,
401013362,2018,regular,6,2018-10-06 19:30:00+00:00,113,Massachusetts,58,South Florida,4,14.75,14.875,14.75,14.0,16.0,2.0,0.8539125638299665,0,,,,,,,,4,71.75,71.75,71.75,71.5,72.0,0.5,0.28867513459481287,0,,,,,,,
401013363,2018,regular,8,2018-10-20 19:30:00+00:00,113,Massachusetts,324,Coastal Carolina,4,-2.5,-2.625,-2.5,-3.0,-2.5,0.5,0.25,0,,,,,,,,4,74.75,74.625,74.75,74.0,75.0,1.0,0.47871355387816905,0,,,,,,,
401013364,2018,regular,9,2018-10-27 16:00:00+00:00,41,UConn,113,Massachusetts,4,3.5,3.5,3.5,3.5,3.5,0.0,0.0,0,,,,,,,,4,63.75,63.75,63.75,63.0,64.5,1.5,0.6454972243679028,0,,,,,,,
401013365,2018,regular,10,2018-11-03 19:30:00+00:00,113,Massachusetts,2335,Liberty,3,1.5,1.3333333333333333,1.5,1.0,1.5,0.5,0.28867513459481287,0,,,,,,,,4,66.75,66.625,66.75,66.0,67.0,1.0,0.47871355387816905,0,,,,,,,
401013366,2018,regular,11,2018-11-10 17:00:00+00:00,113,Massachusetts,252,BYU,4,14.0,14.0,14.0,14.0,14.0,0.0,0.0,0,,,,,,,,4,56.75,56.5,56.75,55.5,57.0,1.5,0.7071067811865476,0,,,,,,,
401013367,2018,regular,2,2018-09-08 16:00:00+00:00,349,Army,2335,Liberty,4,-7.5,-7.5,-7.5,-7.5,-7.5,0.0,0.0,0,,,,,,,,4,57.75,57.625,57.75,57.0,58.0,1.0,0.47871355387816905,0,,,,,,,
401013368,2018,regular,3,2018-09-15 16:00:00+00:00,349,Army,62,Hawai'i,4,-7.0,-6.875,-7.0,-7.0,-6.5,0.5,0.25,0,,,,,,,,4,62.5,62.5,62.5,62.5,62.5,0.0,0.0,0,,,,,,,
401013369,2018,regular,5,2018-09-29 16:00:00+00:00,2084,Buffalo,349,Army,2,-7.25,-7.25,-7.25,-7.5,-7.0,0.5,0.3535533905932738,0,,,,,,,,2,54.5,54.5,54.5,54.5,54.5,0.0,0.0,0,,,,,,,
401013370,2018,regular,7,2018-10-13 19:30:00+00:00,23,San José State,349,Army,2,17.5,17.5,17.5,17.5,17.5,0.0,0.0,0,,,,,,,,2,50.25,50.25,50.25,50.0,50.5,0.5,0.3535533905932738,0,,,,,,,
401013371,2018,regular,8,2018-10-20 16:00:00+00:00,349,Army,193,Miami (OH),4,-6.5,-6.5,-6.5,-6.5,-6.5,0.0,0.0,0,,,,,,,,4,47.0,47.0,47.0,46.5,47.5,1.0,0.408248290463863,0,,,,,,,
401013372,2018,regular,9,2018-10-27 16:00:00+00:00,2199,Eastern Michigan,349,Army,4,1.5,1.5,1.5,1.5,1.5,0.0,0.0,0,,,,,,,,4,47.75,47.75,47.75,47.5,48.0,0.5,0.28867513459481287,0,,,,,,,
401013373,2018,regular,10,2018-11-03 12:00:00+00:00,349,Army,2005,Air Force,4,-5.25,-5.125,-5.25,-5.5,-4.5,1.0,0.47871355387816905,0,,,,,,,,4,41.5,41.5,41.5,41.5,41.5,0.0,0.0,0,,,,,,,
401013374,2018,regular,11,2018-11-10 17:00:00+00:00,349,Army,322,Lafayette,1,-46.0,-46.0,-46.0,-46.0,-46.0,0.0,0.0,0,,,,,,,,1,53.5,53.5,53.5,53.5,53.5,0.0,0.0,0,,,,,,,
401013375,2018,regular,12,2018-11-17 17:00:00+00:00,349,Army,2142,Colgate,1,-10.0,-10.0,-10.0,-10.0,-10.0,0.0,0.0,0,,,,,,,,1,37.0,37.0,37.0,37.0,37.0,0.0,0.0,0,,,,,,,
401013376,2018,regular,15,2018-12-08 20:00:00+00:00,349,Army,2426,Navy,4,-7.25,-7.25,-7.25,-7.5,-7.0,0.5,0.28867513459481287,0,,,,,,,,4,38.75,38.5,38.75,37.5,39.0,1.5,0.7071067811865476,0,,,,,,,
401013377,2018,regular,2,2018-09-08 19:30:00+00:00,87,Notre Dame,2050,Ball State,4,-34.0,-34.125,-34.0,-34.5,-34.0,0.5,0.25,0,,,,,,,,4,60.5,60.625,60.5,60.5,61.0,0.5,0.25,0,,,,,,,
401013437,2018,regular,1,2018-08-26 02:00:00+00:00,166,New Mexico State,2751,Wyoming,2,5.0,5.0,5.0,5.0,5.0,0.0,0.0,0,,,,,,,,2,47.0,47.0,47.0,47.0,47.0,0.0,0.0,0,,,,,,,
401013438,2018,regular,2,2018-09-09 00:00:00+00:00,328,Utah State,166,New Mexico State,2,-23.25,-23.25,-23.25,-23.5,-23.0,0.5,0.3535533905932738,0,,,,,,,,2,62.0,62.0,62.0,62.0,62.0,0.0,0.0,0,,,,,,,
401013439,2018,regular,3,2018-09-16 00:00:00+00:00,166,New Mexico State,167,New Mexico,2,3.0,3.0,3.0,3.0,3.0,0.0,0.0,0,,,,,,,,2,60.75,60.75,60.75,60.5,61.0,0.5,0.3535533905932738,0,,,,,,,
401013440,2018,regular,4,2018-09-22 23:30:00+00:00,2638,UTEP,166,New Mexico State,2,5.0,5.0,5.0,4.5,5.5,1.0,0.7071067811865476,0,,,,,,,,2,50.5,50.5,50.5,50.5,50.5,0.0,0.0,0,,,,,,,
401013441,2018,regular,6,2018-10-07 00:00:00+00:00,166,New Mexico State,2335,Liberty,2,3.0,3.0,3.0,3.0,3.0,0.0,0.0,0,,,,,,,,2,64.0,64.0,64.0,64.0,64.0,0.0,0.0,0,,,,,,,
401013442,2018,regular,7,2018-10-13 21:00:00+00:00,309,Louisiana,166,New Mexico State,2,-7.5,-7.5,-7.5,-7.5,-7.5,0.0,0.0,0,,,,,,,,2,66.5,66.5,66.5,66.5,66.5,0.0,0.0,0,,,,,,,
401013443,2018,regular,8,2018-10-20 22:00:00+00:00,166,New Mexico State,290,Georgia Southern,4,9.5,9.625,9.5,9.5,10.0,0.5,0.25,0,,,,,,,,4,52.75,52.875,52.75,52.5,53.5,1.0,0.47871355387816905,0,,,,,,,
401013444,2018,regular,9,2018-10-27 23:00:00+00:00,326,Texas State,166,New Mexico State,3,1.0,0.3333333333333333,1.0,-1.0,1.0,2.0,1.1547005383792515,0,,,,,,,,4,56.75,56.625,56.75,56.0,57.0,1.0,0.47871355387816905,0,,,,,,,
401013445,2018,regular,10,2018-11-03 20:00:00+00:00,166,New Mexico State,2016,Alcorn State,1,-13.0,-13.0,-13.0,-13.0,-13.0,0.0,0.0,0,,,,,,,,0,,,,,,,,0,,,,,,,
401013446,2018,regular,12,2018-11-18 03:15:00+00:00,252,BYU,166,New Mexico State,2,-25.5,-25.5,-25.5,-25.5,-25.5,0.0,0.0,0,,,,,,,,2,58.0,58.0,58.0,58.0,58.0,0.0,0.0,0,,,,,,,
401013447,2018,regular,13,2018-11-24 19:00:00+00:00,2335,Liberty,166,New Mexico State,2,-7.0,-7.0,-7.0,-7.0,-7.0,0.0,0.0,0,,,,,,,,2,72.5,72.5,72.5,72.5,72.5,0.0,0.0,0,,,,,,,
401013448,2018,regular,1,2018-09-01 22:00:00+00:00,2335,Liberty,295,Old Dominion,4,5.0,5.125,5.0,5.0,5.5,0.5,0.25,0,,,,,,,,4,58.0,58.25,58.0,58.0,59.0,1.0,0.5,0,,,,,,,
401013450,2018,regular,4,2018-09-22 22:00:00+00:00,2335,Liberty,249,North Texas,4,10.75,10.75,10.75,10.5,11.0,0.5,0.28867513459481287,0,,,,,,,,4,68.25,68.125,68.25,67.5,68.5,1.0,0.47871355387816905,0,,,,,,,
401013451,2018,regular,5,2018-09-29 22:00:00+00:00,167,New Mexico,2335,Liberty,4,-7.0,-7.0,-7.0,-7.0,-7.0,0.0,0.0,0,,,,,,,,4,65.75,65.625,65.75,65.0,66.0,1.0,0.47871355387816905,0,,,,,,,
401013452,2018,regular,7,2018-10-13 18:00:00+00:00,2335,Liberty,2653,Troy,4,11.5,11.5,11.5,11.0,12.0,1.0,0.408248290463863,0,,,,,,,,4,62.5,62.75,62.5,62.5,63.5,1.0,0.5,0,,,,,,,
401013453,2018,regular,8,2018-10-20 18:00:00+00:00,2335,Liberty,304,Idaho State,1,-7.5,-7.5,-7.5,-7.5,-7.5,0.0,0.0,0,,,,,,,,0,,,,,,,,0,,,,,,,
401013466,2018,regular,5,2018-09-28 00:00:00+00:00,2390,Miami,153,North Carolina,4,-18.0,-18.0,-18.0,-18.5,-17.5,1.0,0.5773502691896257,0,,,,,,,,4,56.0,55.75,56.0,55.0,56.0,1.0,0.5,0,,,,,,,
401013489,2018,regular,1,2018-08-31 00:00:00+00:00,197,Oklahoma State,2623,Missouri State,1,-46.0,-46.0,-46.0,-46.0,-46.0,0.0,0.0,0,,,,,,,,1,73.0,73.0,73.0,73.0,73.0,0.0,0.0,0,,,,,,,
401013490,2018,regular,2,2018-09-09 00:00:00+00:00,197,Oklahoma State,6,South Alabama,4,-30.5,-30.75,-30.5,-31.5,-30.5,1.0,0.5,0,,,,,,,,4,64.0,63.875,64.0,63.5,64.0,0.5,0.25,0,,,,,,,
401013491,2018,regular,3,2018-09-15 19:30:00+00:00,197,Oklahoma State,68,Boise State,4,2.0,2.125,2.0,2.0,2.5,0.5,0.25,0,,,,,,,,4,67.0,66.625,67.0,65.5,67.0,1.5,0.75,0,,,,,,,
401014972,2018,regular,1,2018-08-25 23:00:00+00:00,242,Rice,2504,Prairie View A&M,1,-22.5,-22.5,-22.5,-22.5,-22.5,0.0,0.0,0,,,,,,,,1,58.5,58.5,58.5,58.5,58.5,0.0,0.0,0,,,,,,,
401014973,2018,regular,1,2018-09-01 22:00:00+00:00,2429,Charlotte,2230,Fordham,1,-16.5,-16.5,-16.5,-16.5,-16.5,0.0,0.0,0,,,,,,,,1,56.0,56.0,56.0,56.0,56.0,0.0,0.0,0,,,,,,,
401014974,2018,regular,1,2018-09-01 23:00:00+00:00,6,South Alabama,2348,Louisiana Tech,4,10.5,10.375,10.5,10.0,10.5,0.5,0.25,0,,,,,,,,4,51.0,51.5,51.0,51.0,53.0,2.0,1.0,0,,,,,,,
401014975,2018,regular,1,2018-09-01 22:00:00+00:00,193,Miami (OH),276,Marshall,4,-1.5,-1.375,-1.5,-1.5,-1.0,0.5,0.25,0,,,,,,,,4,51.25,51.25,51.25,51.0,51.5,0.5,0.28867513459481287,0,,,,,,,
401014976,2018,regular,1,2018-09-01 23:30:00+00:00,249,North Texas,2567,SMU,4,-3.5,-3.5,-3.5,-3.5,-3.5,0.0,0.0,0,,,,,,,,4,71.0,71.0,71.0,70.5,71.5,1.0,0.408248290463863,0,,,,,,,
401014977,2018,regular,1,2018-09-01 16:00:00+00:00,242,Rice,248,Houston,4,26.0,25.875,26.0,25.5,26.0,0.5,0.25,0,,,,,,,,4,55.5,55.625,55.5,55.5,56.0,0.5,0.25,0,,,,,,,
401014978,2018,regular,1,2018-09-01 23:00:00+00:00,2572,Southern Miss,2296,Jackson State,2,-34.5,-34.5,-34.5,-36.0,-33.0,3.0,2.1213203435596424,0,,,,,,,,1,51.0,51.0,51.0,51.0,51.0,0.0,0.0,0,,,,,,,
401014979,2018,regular,1,2018-08-31 00:00:00+00:00,5,UAB,2542,Savannah St,1,-39.0,-39.0,-39.0,-39.0,-39.0,0.0,0.0,0,,,,,,,,1,54.5,54.5,54.5,54.5,54.5,0.0,0.0,0,,,,,,,
401014980,2018,regular,1,2018-09-01 23:30:00+00:00,2638,UTEP,2464,Northern Arizona,1,7.0,7.0,7.0,7.0,7.0,0.0,0.0,0,,,,,,,,1,52.5,52.5,52.5,52.5,52.5,0.0,0.0,0,,,,,,,
401014981,2018,regular,2,2018-09-08 22:00:00+00:00,2429,Charlotte,2026,App State,4,15.0,15.0,15.0,14.5,15.5,1.0,0.408248290463863,0,,,,,,,,4,48.5,48.375,48.5,48.0,48.5,0.5,0.25,0,,,,,,,
401014982,2018,regular,2,2018-09-08 23:30:00+00:00,295,Old Dominion,2229,Florida International,4,3.0,2.75,3.0,2.0,3.0,1.0,0.5,0,,,,,,,,4,51.5,51.625,51.5,51.5,52.0,0.5,0.25,0,,,,,,,
401014983,2018,regular,2,2018-09-08 18:00:00+00:00,2226,Florida Atlantic,2005,Air Force,4,-8.0,-8.125,-8.0,-8.5,-8.0,0.5,0.25,0,,,,,,,,4,61.0,60.875,61.0,60.5,61.0,0.5,0.25,0,,,,,,,
401014984,2018,regular,2,2018-09-08 23:00:00+00:00,2348,Louisiana Tech,2582,Southern,1,-34.0,-34.0,-34.0,-34.0,-34.0,0.0,0.0,0,,,,,,,,1,64.5,64.5,64.5,64.5,64.5,0.0,0.0,0,,,,,,,
401014985,2018,regular,2,2018-09-08 22:30:00+00:00,276,Marshall,2198,Eastern Kentucky,1,-32.5,-32.5,-32.5,-32.5,-32.5,0.0,0.0,0,,,,,,,,0,,,,,,,,0,,,,,,,
401014986,2018,regular,2,2018-09-08 23:00:00+00:00,2393,Middle Tennessee,2630,UT Martin,1,-19.0,-19.0,-19.0,-19.0,-19.0,0.0,0.0,0,,,,,,,,1,46.5,46.5,46.5,46.5,46.5,0.0,0.0,0,,,,,,,
401014987,2018,regular,2,2018-09-08 23:30:00+00:00,249,North Texas,2916,Incarnate Word,1,-43.5,-43.5,-43.5,-43.5,-43.5,0.0,0.0,0,,,,,,,,1,79.0,79.0,79.0,79.0,79.0,0.0,0.0,0,,,,,,,
401014988,2018,regular,2,2018-09-09 03:59:00+00:00,62,Hawai'i,242,Rice,4,-17.5,-17.375,-17.5,-17.5,-17.0,0.5,0.25,0,,,,,,,,4,69.0,69.25,69.0,69.0,70.0,1.0,0.5,0,,,,,,,
401014989,2018,regular,2,2018-09-08 23:00:00+00:00,2572,Southern Miss,2433,UL Monroe,4,-5.25,-5.25,-5.25,-5.5,-5.0,0.5,0.28867513459481287,0,,,,,,,,4,67.5,67.5,67.5,67.5,67.5,0.0,0.0,0,,,,,,,
401014990,2018,regular,2,2018-09-08 23:00:00+00:00,324,Coastal Carolina,5,UAB,4,9.0,8.875,9.0,8.5,9.0,0.5,0.25,0,,,,,,,,4,54.5,54.625,54.5,54.5,55.0,0.5,0.25,0,,,,,,,
401014991,2018,regular,2,2018-09-09 01:00:00+00:00,2439,UNLV,2638,UTEP,4,-22.5,-22.375,-22.5,-23.0,-21.5,1.5,0.6291528696058958,0,,,,,,,,4,54.5,54.375,54.5,53.5,55.0,1.5,0.6291528696058958,0,,,,,,,
401014992,2018,regular,2,2018-09-08 23:30:00+00:00,98,Western Kentucky,311,Maine,1,-10.0,-10.0,-10.0,-10.0,-10.0,0.0,0.0,0,,,,,,,,1,50.5,50.5,50.5,50.5,50.5,0.0,0.0,0,,,,,,,
401014993,2018,regular,3,2018-09-13 20:00:00+00:00,2429,Charlotte,295,Old Dominion,4,1.25,0.75,1.25,-1.0,1.5,2.5,1.1902380714238083,0,,,,,,,,3,47.5,47.5,47.5,47.5,47.5,0.0,0.0,0,,,,,,,
401014994,2018,regular,3,2018-09-15 22:00:00+00:00,2226,Florida Atlantic,2065,Bethune-Cookman,1,-41.0,-41.0,-41.0,-41.0,-41.0,0.0,0.0,0,,,,,,,,0,,,,,,,,0,,,,,,,
401014996,2018,regular,3,2018-09-15 17:00:00+00:00,5,UAB,2655,Tulane,4,3.5,3.625,3.5,3.5,4.0,0.5,0.25,0,,,,,,,,4,57.25,57.25,57.25,57.0,57.5,0.5,0.28867513459481287,0,,,,,,,
401014998,2018,regular,4,2018-09-22 23:00:00+00:00,2572,Southern Miss,242,Rice,4,-13.5,-13.625,-13.5,-14.0,-13.5,0.5,0.25,0,,,,,,,,4,55.0,54.875,55.0,54.0,55.5,1.5,0.6291528696058958,0,,,,,,,
401014999,2018,regular,4,2018-09-22 23:00:00+00:00,2636,UTSA,326,Texas State,4,-7.0,-7.0,-7.0,-7.0,-7.0,0.0,0.0,0,,,,,,,,4,49.0,49.125,49.0,49.0,49.5,0.5,0.25,0,,,,,,,
401015000,2018,regular,4,2018-09-22 19:00:00+00:00,2050,Ball State,98,Western Kentucky,4,-3.0,-3.0,-3.0,-3.0,-3.0,0.0,0.0,0,,,,,,,,4,52.5,52.5,52.5,52.5,52.5,0.0,0.0,0,,,,,,,
401015001,2018,regular,5,2018-09-29 23:00:00+00:00,5,UAB,2429,Charlotte,4,-15.5,-15.375,-15.5,-15.5,-15.0,0.5,0.25,0,,,,,,,,4,52.5,52.5,52.5,52.5,52.5,0.0,0.0,0,,,,,,,
401015002,2018,regular,5,2018-09-29 23:30:00+00:00,2229,Florida International,2029,Arkansas-Pine Bluff,1,-59.0,-59.0,-59.0,-59.0,-59.0,0.0,0.0,0,,,,,,,,0,,,,,,,,0,,,,,,,
401015003,2018,regular,5,2018-09-29 23:00:00+00:00,2393,Middle Tennessee,2226,Florida Atlantic,3,2.5,2.5,2.5,2.5,2.5,0.0,0.0,0,,,,,,,,3,63.5,63.5,63.5,63.5,63.5,0.0,0.0,0,,,,,,,
401015004,2018,regular,5,2018-09-29 23:30:00+00:00,249,North Texas,2348,Louisiana Tech,4,-7.25,-7.25,-7.25,-7.5,-7.0,0.5,0.28867513459481287,0,,,,,,,,4,62.75,62.75,62.75,62.0,63.5,1.5,0.6454972243679028,0,,,,,,,
401015005,2018,regular,5,2018-09-29 23:30:00+00:00,98,Western Kentucky,276,Marshall,4,3.5,3.5,3.5,3.5,3.5,0.0,0.0,0,,,,,,,,4,51.75,51.75,51.75,51.5,52.0,0.5,0.28867513459481287,0,,,,,,,
401015006,2018,regular,5,2018-09-29 19:30:00+00:00,151,East Carolina,295,Old Dominion,4,-7.0,-7.0,-7.0,-7.0,-7.0,0.0,0.0,0,,,,,,,,4,60.5,60.75,60.5,60.5,61.5,1.0,0.5,0,,,,,,,
401015007,2018,regular,5,2018-09-29 23:00:00+00:00,2636,UTSA,2638,UTEP,4,-10.0,-10.125,-10.0,-10.5,-10.0,0.5,0.25,0,,,,,,,,4,46.0,46.125,46.0,46.0,46.5,0.5,0.25,0,,,,,,,
401015008,2018,regular,6,2018-10-06 21:00:00+00:00,2226,Florida Atlantic,295,Old Dominion,4,-13.5,-13.5,-13.5,-13.5,-13.5,0.0,0.0,0,,,,,,,,4,63.5,63.5,63.5,63.5,63.5,0.0,0.0,0,,,,,,,
401015009,2018,regular,6,2018-10-06 23:00:00+00:00,2348,Louisiana Tech,5,UAB,4,-7.0,-7.125,-7.0,-7.5,-7.0,0.5,0.25,0,,,,,,,,4,56.75,56.75,56.75,56.5,57.0,0.5,0.28867513459481287,0,,,,,,,
401015010,2018,regular,6,2018-10-05 23:30:00+00:00,276,Marshall,2393,Middle Tennessee,4,-3.0,-3.25,-3.0,-4.0,-3.0,1.0,0.5,0,,,,,,,,4,50.5,50.5,50.5,50.5,50.5,0.0,0.0,0,,,,,,,
401015011,2018,regular,6,2018-10-06 23:30:00+00:00,2638,UTEP,249,North Texas,4,26.25,26.25,26.25,26.0,26.5,0.5,0.28867513459481287,0,,,,,,,,4,53.0,53.125,53.0,52.5,54.0,1.5,0.75,0,,,,,,,
401015012,2018,regular,6,2018-10-06 23:00:00+00:00,242,Rice,2636,UTSA,4,-1.0,-1.0,-1.0,-1.0,-1.0,0.0,0.0,0,,,,,,,,4,50.0,50.125,50.0,50.0,50.5,0.5,0.25,0,,,,,,,
401015013,2018,regular,7,2018-10-13 19:30:00+00:00,2429,Charlotte,98,Western Kentucky,4,9.5,9.5,9.5,9.5,9.5,0.0,0.0,0,,,,,,,,4,44.0,43.75,44.0,43.0,44.0,1.0,0.5,0,,,,,,,
401015014,2018,regular,7,2018-10-13 23:30:00+00:00,2229,Florida International,2393,Middle Tennessee,4,-2.0,-2.125,-2.0,-2.5,-2.0,0.5,0.25,0,,,,,,,,4,60.75,60.625,60.75,60.0,61.0,1.0,0.47871355387816905,0,,,,,,,
401015015,2018,regular,7,2018-10-13 23:00:00+00:00,2636,UTSA,2348,Louisiana Tech,4,12.75,12.625,12.75,12.0,13.0,1.0,0.47871355387816905,0,,,,,,,,4,45.25,45.25,45.25,45.0,45.5,0.5,0.28867513459481287,0,,,,,,,
401015016,2018,regular,7,2018-10-13 19:30:00+00:00,295,Old Dominion,276,Marshall,4,3.5,3.5,3.5,3.5,3.5,0.0,0.0,0,,,,,,,,4,56.75,56.75,56.75,56.5,57.0,0.5,0.28867513459481287,0,,,,,,,
401015017,2018,regular,7,2018-10-13 18:00:00+00:00,249,North Texas,2572,Southern Miss,4,-7.0,-7.0,-7.0,-7.0,-7.0,0.0,0.0,0,,,,,,,,4,52.5,52.625,52.5,52.0,53.5,1.5,0.6291528696058958,0,,,,,,,
401015018,2018,regular,7,2018-10-13 17:00:00+00:00,242,Rice,5,UAB,4,17.0,17.0,17.0,17.0,17.0,0.0,0.0,0,,,,,,,,4,52.5,52.5,52.5,52.0,53.0,1.0,0.408248290463863,0,,,,,,,
401015019,2018,regular,8,2018-10-20 19:00:00+00:00,2393,Middle Tennessee,2429,Charlotte,3,-15.5,-15.833333333333334,-15.5,-17.0,-15.0,2.0,1.0408329997330663,0,,,,,,,,3,50.0,50.166666666666664,50.0,50.0,50.5,0.5,0.28867513459481287,0,,,,,,,
401015020,2018,regular,8,2018-10-20 23:30:00+00:00,2229,Florida International,242,Rice,4,-23.75,-23.75,-23.75,-24.0,-23.5,0.5,0.28867513459481287,0,,,,,,,,4,53.5,53.5,53.5,53.5,53.5,0.0,0.0,0,,,,,,,
401015021,2018,regular,8,2018-10-20 18:30:00+00:00,276,Marshall,2226,Florida Atlantic,4,2.5,2.25,2.5,1.5,2.5,1.0,0.5,0,,,,,,,,4,60.5,60.375,60.5,59.5,61.0,1.5,0.6291528696058958,0,,,,,,,
401015022,2018,regular,8,2018-10-20 19:30:00+00:00,2348,Louisiana Tech,2638,UTEP,4,-21.75,-21.75,-21.75,-22.5,-21.0,1.5,0.6454972243679028,0,,,,,,,,4,49.75,49.75,49.75,48.5,51.0,2.5,1.1902380714238083,0,,,,,,,
401015023,2018,regular,8,2018-10-20 23:30:00+00:00,5,UAB,249,North Texas,4,-1.5,-1.625,-1.5,-2.0,-1.5,0.5,0.25,0,,,,,,,,4,52.75,52.75,52.75,52.5,53.0,0.5,0.28867513459481287,0,,,,,,,
401015024,2018,regular,8,2018-10-20 23:30:00+00:00,98,Western Kentucky,295,Old Dominion,4,-4.0,-4.0,-4.0,-4.0,-4.0,0.0,0.0,0,,,,,,,,4,55.0,55.25,55.0,55.0,56.0,1.0,0.5,0,,,,,,,
401015025,2018,regular,8,2018-10-20 23:00:00+00:00,2572,Southern Miss,2636,UTSA,4,-15.75,-15.75,-15.75,-16.0,-15.5,0.5,0.28867513459481287,0,,,,,,,,4,44.5,44.375,44.5,44.0,44.5,0.5,0.25,0,,,,,,,
401015026,2018,regular,9,2018-10-27 18:00:00+00:00,2429,Charlotte,2572,Southern Miss,4,6.5,6.5,6.5,6.5,6.5,0.0,0.0,0,,,,,,,,4,45.0,44.875,45.0,44.5,45.0,0.5,0.25,0,,,,,,,
401015027,2018,regular,9,2018-10-27 23:30:00+00:00,98,Western Kentucky,2229,Florida International,4,3.0,3.0,3.0,3.0,3.0,0.0,0.0,0,,,,,,,,4,54.0,54.0,54.0,54.0,54.0,0.0,0.0,0,,,,,,,
401015028,2018,regular,9,2018-10-26 22:30:00+00:00,2226,Florida Atlantic,2348,Louisiana Tech,4,-3.5,-3.625,-3.5,-4.0,-3.5,0.5,0.25,0,,,,,,,,4,58.5,58.5,58.5,58.0,59.0,1.0,0.408248290463863,0,,,,,,,
401015029,2018,regular,9,2018-10-27 19:30:00+00:00,295,Old Dominion,2393,Middle Tennessee,4,4.0,4.0,4.0,4.0,4.0,0.0,0.0,0,,,,,,,,4,62.0,62.0,62.0,61.5,62.5,1.0,0.408248290463863,0,,,,,,,
401015030,2018,regular,9,2018-10-27 20:00:00+00:00,249,North Texas,242,Rice,4,-30.0,-29.875,-30.0,-30.0,-29.5,0.5,0.25,0,,,,,,,,4,58.25,58.25,58.25,58.0,58.5,0.5,0.28867513459481287,0,,,,,,,
401015031,2018,regular,9,2018-10-27 23:30:00+00:00,2638,UTEP,5,UAB,4,14.75,14.875,14.75,14.5,15.5,1.0,0.47871355387816905,0,,,,,,,,4,50.0,50.0,50.0,50.0,50.0,0.0,0.0,0,,,,,,,
401015032,2018,regular,10,2018-11-03 23:30:00+00:00,2229,Florida International,2226,Florida Atlantic,4,-2.0,-2.0,-2.0,-2.0,-2.0,0.0,0.0,0,,,,,,,,4,59.25,59.125,59.25,58.5,59.5,1.0,0.47871355387816905,0,,,,,,,
401015033,2018,regular,10,2018-11-03 19:00:00+00:00,2572,Southern Miss,276,Marshall,4,2.75,2.75,2.75,2.5,3.0,0.5,0.28867513459481287,0,,,,,,,,4,47.5,47.375,47.5,47.0,47.5,0.5,0.25,0,,,,,,,
401015034,2018,regular,10,2018-11-03 00:00:00+00:00,2393,Middle Tennessee,98,Western Kentucky,3,-13.5,-13.5,-13.5,-13.5,-13.5,0.0,0.0,0,,,,,,,,3,53.0,53.166666666666664,53.0,53.0,53.5,0.5,0.28867513459481287,0,,,,,,,
401015035,2018,regular,10,2018-11-03 19:30:00+00:00,242,Rice,2638,UTEP,4,1.5,1.5,1.5,1.0,2.0,1.0,0.408248290463863,0,,,,,,,,4,45.0,45.0,45.0,45.0,45.0,0.0,0.0,0,,,,,,,
401015036,2018,regular,10,2018-11-03 23:30:00+00:00,5,UAB,2636,UTSA,4,-21.5,-21.75,-21.5,-22.5,-21.5,1.0,0.5,0,,,,,,,,4,42.0,42.125,42.0,42.0,42.5,0.5,0.25,0,,,,,,,
401015037,2018,regular,11,2018-11-10 19:30:00+00:00,276,Marshall,2429,Charlotte,4,-12.5,-12.625,-12.5,-13.0,-12.5,0.5,0.25,0,,,,,,,,4,42.0,42.0,42.0,42.0,42.0,0.0,0.0,0,,,,,,,
401015038,2018,regular,11,2018-11-11 00:00:00+00:00,2636,UTSA,2229,Florida International,4,10.5,10.375,10.5,10.0,10.5,0.5,0.25,0,,,,,,,,4,47.25,47.125,47.25,46.5,47.5,1.0,0.47871355387816905,0,,,,,,,
401015039,2018,regular,11,2018-11-10 22:00:00+00:00,2226,Florida Atlantic,98,Western Kentucky,4,-17.75,-17.875,-17.75,-19.0,-17.0,2.0,0.8539125638299665,0,,,,,,,,4,59.25,59.125,59.25,58.5,59.5,1.0,0.47871355387816905,0,,,,,,,
401015040,2018,regular,11,2018-11-11 00:00:00+00:00,2348,Louisiana Tech,242,Rice,4,-24.0,-24.0,-24.0,-24.0,-24.0,0.0,0.0,0,,,,,,,,4,52.25,52.375,52.25,52.0,53.0,1.0,0.47871355387816905,0,,,,,,,
401015041,2018,regular,11,2018-11-10 20:00:00+00:00,2638,UTEP,2393,Middle Tennessee,4,13.5,13.5,13.5,13.5,13.5,0.0,0.0,0,,,,,,,,4,48.25,48.375,48.25,48.0,49.0,1.0,0.47871355387816905,0,,,,,,,
401015042,2018,regular,11,2018-11-10 20:30:00+00:00,295,Old Dominion,249,North Texas,4,14.25,14.25,14.25,14.0,14.5,0.5,0.28867513459481287,0,,,,,,,,4,67.25,67.375,67.25,67.0,68.0,1.0,0.47871355387816905,0,,,,,,,
401015043,2018,regular,11,2018-11-11 00:30:00+00:00,5,UAB,2572,Southern Miss,4,-13.5,-13.375,-13.5,-13.5,-13.0,0.5,0.25,0,,,,,,,,4,45.5,45.375,45.5,45.0,45.5,0.5,0.25,0,,,,,,,
401015044,2018,regular,12,2018-11-17 19:00:00+00:00,2429,Charlotte,2229,Florida International,4,3.75,3.75,3.75,3.5,4.0,0.5,0.28867513459481287,0,,,,,,,,4,45.0,45.0,45.0,44.5,45.5,1.0,0.408248290463863,0,,,,,,,
401015045,2018,regular,12,2018-11-16 02:30:00+00:00,249,North Texas,2226,Florida Atlantic,4,-4.25,-4.25,-4.25,-4.5,-4.0,0.5,0.28867513459481287,0,,,,,,,,4,63.75,63.75,63.75,63.5,64.0,0.5,0.28867513459481287,0,,,,,,,
401015046,2018,regular,12,2018-11-17 20:30:00+00:00,2572,Southern Miss,2348,Louisiana Tech,4,-2.0,-2.125,-2.0,-2.5,-2.0,0.5,0.25,0,,,,,,,,4,45.5,45.625,45.5,45.5,46.0,0.5,0.25,0,,,,,,,
401015047,2018,regular,12,2018-11-17 19:30:00+00:00,276,Marshall,2636,UTSA,4,-27.5,-27.625,-27.5,-28.0,-27.5,0.5,0.25,0,,,,,,,,4,47.5,47.5,47.5,47.0,48.0,1.0,0.408248290463863,0,,,,,,,
401015048,2018,regular,12,2018-11-17 19:00:00+00:00,295,Old Dominion,2678,VMI,1,-31.5,-31.5,-31.5,-31.5,-31.5,0.0,0.0,0,,,,,,,,1,73.5,73.5,73.5,73.5,73.5,0.0,0.0,0,,,,,,,
401015049,2018,regular,12,2018-11-18 00:30:00+00:00,98,Western Kentucky,2638,UTEP,4,-6.5,-6.625,-6.5,-7.0,-6.5,0.5,0.25,0,,,,,,,,4,47.5,47.5,47.5,47.5,47.5,0.0,0.0,0,,,,,,,
401015050,2018,regular,13,2018-11-24 23:00:00+00:00,2226,Florida Atlantic,2429,Charlotte,4,-16.5,-16.625,-16.5,-17.0,-16.5,0.5,0.25,0,,,,,,,,4,54.25,54.125,54.25,53.5,54.5,1.0,0.47871355387816905,0,,,,,,,
401015051,2018,regular,13,2018-11-24 17:00:00+00:00,2229,Florida International,276,Marshall,4,3.5,3.5,3.5,3.5,3.5,0.0,0.0,0,,,,,,,,4,52.5,52.375,52.5,52.0,52.5,0.5,0.25,0,,,,,,,
401015052,2018,regular,13,2018-11-24 17:00:00+00:00,2348,Louisiana Tech,98,Western Kentucky,4,-10.5,-10.625,-10.5,-11.0,-10.5,0.5,0.25,0,,,,,,,,4,49.75,49.875,49.75,49.0,51.0,2.0,0.8539125638299665,0,,,,,,,
401015053,2018,regular,13,2018-11-24 20:00:00+00:00,2393,Middle Tennessee,5,UAB,3,3.0,3.0,3.0,3.0,3.0,0.0,0.0,0,,,,,,,,3,51.5,51.5,51.5,51.5,51.5,0.0,0.0,0,,,,,,,
401015054,2018,regular,13,2018-11-25 00:00:00+00:00,2636,UTSA,249,North Texas,4,24.75,24.75,24.75,24.5,25.0,0.5,0.28867513459481287,0,,,,,,,,4,51.5,51.625,51.5,51.5,52.0,0.5,0.25,0,,,,,,,
401015055,2018,regular,13,2018-11-24 18:00:00+00:00,242,Rice,295,Old Dominion,4,7.75,7.75,7.75,7.5,8.0,0.5,0.28867513459481287,0,,,,,,,,4,61.5,61.5,61.5,61.5,61.5,0.0,0.0,0,,,,,,,
401015056,2018,regular,13,2018-11-24 20:00:00+00:00,2638,UTEP,2572,Southern Miss,4,13.75,13.75,13.75,13.5,14.0,0.5,0.28867513459481287,0,,,,,,,,4,44.75,44.75,44.75,44.5,45.0,0.5,0.28867513459481287,0,,,,,,,
401016406,2018,regular,4,2018-09-22 22:00:00+00:00,252,BYU,2377,McNeese,1,-24.5,-24.5,-24.5,-24.5,-24.5,0.0,0.0,0,,,,,,,,1,41.5,41.5,41.5,41.5,41.5,0.0,0.0,0,,,,,,,
401016407,2018,regular,6,2018-10-06 01:00:00+00:00,252,BYU,328,Utah State,3,-1.0,-0.3333333333333333,-1.0,-1.0,1.0,2.0,1.1547005383792515,0,,,,,,,,4,55.0,55.125,55.0,55.0,55.5,0.5,0.25,0,,,,,,,
401016408,2018,regular,7,2018-10-14 02:15:00+00:00,252,BYU,62,Hawai'i,4,-10.5,-10.625,-10.5,-11.0,-10.5,0.5,0.25,0,,,,,,,,4,57.75,57.75,57.75,57.5,58.0,0.5,0.28867513459481287,0,,,,,,,
401016409,2018,regular,9,2018-10-27 19:30:00+00:00,252,BYU,2459,Northern Illinois,4,-6.5,-6.5,-6.5,-6.5,-6.5,0.0,0.0,0,,,,,,,,4,43.75,43.875,43.75,43.5,44.5,1.0,0.47871355387816905,0,,,,,,,
401016410,2018,regular,10,2018-11-04 02:15:00+00:00,68,Boise State,252,BYU,4,-12.5,-12.5,-12.5,-13.0,-12.0,1.0,0.408248290463863,0,,,,,,,,4,53.5,53.5,53.5,53.0,54.0,1.0,0.408248290463863,0,,,,,,,
401019470,2018,regular,1,2018-08-30 23:00:00+00:00,41,UConn,2116,UCF,4,23.25,23.25,23.25,22.5,24.0,1.5,0.8660254037844386,0,,,,,,,,2,70.0,70.0,70.0,70.0,70.0,0.0,0.0,0,,,,,,,
401019472,2018,regular,1,2018-09-01 22:00:00+00:00,58,South Florida,2210,Elon,1,-27.0,-27.0,-27.0,-27.0,-27.0,0.0,0.0,0,,,,,,,,1,56.5,56.5,56.5,56.5,56.5,0.0,0.0,0,,,,,,,
401019473,2018,regular,1,2018-09-01 16:00:00+00:00,218,Temple,222,Villanova,1,-15.0,-15.0,-15.0,-15.0,-15.0,0.0,0.0,0,,,,,,,,1,38.5,38.5,38.5,38.5,38.5,0.0,0.0,0,,,,,,,
401019475,2018,regular,1,2018-09-02 03:00:00+00:00,62,Hawai'i,2426,Navy,4,13.0,12.5,13.0,10.5,13.5,3.0,1.4142135623730951,0,,,,,,,,4,62.25,62.25,62.25,62.0,62.5,0.5,0.28867513459481287,0,,,,,,,
401019476,2018,regular,1,2018-09-01 23:00:00+00:00,202,Tulsa,2110,Central Arkansas,1,-11.5,-11.5,-11.5,-11.5,-11.5,0.0,0.0,0,,,,,,,,1,62.0,62.0,62.0,62.0,62.0,0.0,0.0,0,,,,,,,
401019477,2018,regular,2,2018-09-08 00:00:00+00:00,2567,SMU,2628,TCU,4,23.5,23.625,23.5,23.5,24.0,0.5,0.25,0,,,,,,,,4,60.0,60.0,60.0,59.5,60.5,1.0,0.408248290463863,0,,,,,,,
401019478,2018,regular,2,2018-09-08 19:30:00+00:00,218,Temple,2084,Buffalo,2,-4.0,-4.0,-4.0,-4.0,-4.0,0.0,0.0,0,,,,,,,,2,52.25,52.25,52.25,52.0,52.5,0.5,0.3535533905932738,0,,,,,,,
401019479,2018,regular,2,2018-09-08 19:30:00+00:00,2426,Navy,235,Memphis,4,7.0,6.875,7.0,6.5,7.0,0.5,0.25,0,,,,,,,,4,67.0,67.125,67.0,67.0,67.5,0.5,0.25,0,,,,,,,
401019480,2018,regular,2,2018-09-09 00:00:00+00:00,2655,Tulane,2447,Nicholls,1,-17.0,-17.0,-17.0,-17.0,-17.0,0.0,0.0,0,,,,,,,,1,49.5,49.5,49.5,49.5,49.5,0.0,0.0,0,,,,,,,
401019482,2018,regular,2,2018-09-09 00:00:00+00:00,193,Miami (OH),2132,Cincinnati,2,-1.5,-1.5,-1.5,-1.5,-1.5,0.0,0.0,0,,,,,,,,2,47.25,47.25,47.25,46.5,48.0,1.5,1.0606601717798212,0,,,,,,,
401019483,2018,regular,2,2018-09-09 02:15:00+00:00,68,Boise State,41,UConn,4,-33.5,-33.5,-33.5,-34.0,-33.0,1.0,0.408248290463863,0,,,,,,,,4,63.5,63.375,63.5,63.0,63.5,0.5,0.25,0,,,,,,,
401019484,2018,regular,3,2018-09-14 23:00:00+00:00,235,Memphis,2247,Georgia State,2,-28.75,-28.75,-28.75,-29.0,-28.5,0.5,0.3535533905932738,0,,,,,,,,2,63.0,63.0,63.0,63.0,63.0,0.0,0.0,0,,,,,,,
401019487,2018,regular,3,2018-09-15 19:30:00+00:00,2426,Navy,2329,Lehigh,1,-33.0,-33.0,-33.0,-33.0,-33.0,0.0,0.0,0,,,,,,,,1,57.5,57.5,57.5,57.5,57.5,0.0,0.0,0,,,,,,,
401019488,2018,regular,3,2018-09-15 23:00:00+00:00,202,Tulsa,2032,Arkansas State,4,-1.5,-1.625,-1.5,-2.0,-1.5,0.5,0.25,0,,,,,,,,3,71.5,71.5,71.5,71.0,72.0,1.0,0.5,0,,,,,,,
401019489,2018,regular,4,2018-09-20 23:30:00+00:00,218,Temple,202,Tulsa,4,-6.5,-6.375,-6.5,-6.5,-6.0,0.5,0.25,0,,,,,,,,4,54.25,54.25,54.25,54.0,54.5,0.5,0.28867513459481287,0,,,,,,,
401019490,2018,regular,4,2018-09-21 23:00:00+00:00,2116,UCF,2226,Florida Atlantic,2,-14.0,-14.0,-14.0,-14.0,-14.0,0.0,0.0,0,,,,,,,,2,74.75,74.75,74.75,74.5,75.0,0.5,0.3535533905932738,0,,,,,,,
401019491,2018,regular,4,2018-09-22 16:00:00+00:00,2132,Cincinnati,195,Ohio,2,-7.0,-7.0,-7.0,-7.0,-7.0,0.0,0.0,0,,,,,,,,2,56.25,56.25,56.25,56.0,56.5,0.5,0.3535533905932738,0,,,,,,,
401019492,2018,regular,4,2018-09-23 00:00:00+00:00,58,South Florida,151,East Carolina,4,-20.25,-20.125,-20.25,-20.5,-19.5,1.0,0.47871355387816905,0,,,,,,,,4,67.75,67.75,67.75,67.5,68.0,0.5,0.28867513459481287,0,,,,,,,
401019493,2018,regular,4,2018-09-23 00:00:00+00:00,248,Houston,2640,Texas Southern,1,-55.0,-55.0,-55.0,-55.0,-55.0,0.0,0.0,0,,,,,,,,1,65.5,65.5,65.5,65.5,65.5,0.0,0.0,0,,,,,,,
401019494,2018,regular,4,2018-09-23 00:00:00+00:00,235,Memphis,6,South Alabama,4,-31.5,-31.5,-31.5,-31.5,-31.5,0.0,0.0,0,,,,,,,,4,66.0,66.125,66.0,65.5,67.0,1.5,0.6291528696058958,0,,,,,,,
401019495,2018,regular,4,2018-09-22 16:00:00+00:00,2567,SMU,2426,Navy,4,6.5,6.5,6.5,6.5,6.5,0.0,0.0,0,,,,,,,,4,57.75,57.625,57.75,57.0,58.0,1.0,0.47871355387816905,0,,,,,,,
401019496,2018,regular,5,2018-09-29 00:00:00+00:00,2655,Tulane,235,Memphis,4,14.5,14.375,14.5,14.0,14.5,0.5,0.25,0,,,,,,,,4,66.0,66.125,66.0,66.0,66.5,0.5,0.25,0,,,,,,,
401019497,2018,regular,5,2018-09-29 19:30:00+00:00,41,UConn,2132,Cincinnati,2,16.25,16.25,16.25,15.5,17.0,1.5,1.0606601717798212,0,,,,,,,,2,62.25,62.25,62.25,62.0,62.5,0.5,0.3535533905932738,0,,,,,,,
401019498,2018,regular,5,2018-09-29 23:00:00+00:00,2567,SMU,2277,Houston Christian,1,-44.5,-44.5,-44.5,-44.5,-44.5,0.0,0.0,0,,,,,,,,0,,,,,,,,0,,,,,,,
401019499,2018,regular,6,2018-10-05 00:00:00+00:00,248,Houston,202,Tulsa,4,-18.0,-17.875,-18.0,-18.0,-17.5,0.5,0.25,0,,,,,,,,4,71.0,70.875,71.0,70.0,71.5,1.5,0.6291528696058958,0,,,,,,,
401019500,2018,regular,6,2018-10-06 23:00:00+00:00,2116,UCF,2567,SMU,2,-25.25,-25.25,-25.25,-25.5,-25.0,0.5,0.3535533905932738,0,,,,,,,,2,73.5,73.5,73.5,73.5,73.5,0.0,0.0,0,,,,,,,
401019501,2018,regular,6,2018-10-06 16:00:00+00:00,2132,Cincinnati,2655,Tulane,2,-7.0,-7.0,-7.0,-7.0,-7.0,0.0,0.0,0,,,,,,,,2,48.0,48.0,48.0,48.0,48.0,0.0,0.0,0,,,,,,,
401019502,2018,regular,6,2018-10-06 23:00:00+00:00,235,Memphis,41,UConn,4,-36.0,-36.0,-36.0,-36.0,-36.0,0.0,0.0,0,,,,,,,,4,77.5,77.5,77.5,77.0,78.0,1.0,0.408248290463863,0,,,,,,,
401019503,2018,regular,6,2018-10-06 16:00:00+00:00,218,Temple,151,East Carolina,4,-10.0,-10.0,-10.0,-10.0,-10.0,0.0,0.0,0,,,,,,,,4,53.0,53.125,53.0,53.0,53.5,0.5,0.25,0,,,,,,,
401019504,2018,regular,6,2018-10-06 19:30:00+00:00,2005,Air Force,2426,Navy,4,2.5,2.5,2.5,2.5,2.5,0.0,0.0,0,,,,,,,,4,47.0,47.0,47.0,47.0,47.0,0.0,0.0,0,,,,,,,
401019505,2018,regular,7,2018-10-12 23:00:00+00:00,202,Tulsa,58,South Florida,4,9.5,9.625,9.5,9.5,10.0,0.5,0.25,0,,,,,,,,4,61.0,60.875,61.0,60.5,61.0,0.5,0.25,0,,,,,,,
401019506,2018,regular,7,2018-10-13 19:30:00+00:00,235,Memphis,2116,UCF,2,5.25,5.25,5.25,5.0,5.5,0.5,0.3535533905932738,0,,,,,,,,2,80.5,80.5,80.5,80.5,80.5,0.0,0.0,0,,,,,,,
401019507,2018,regular,7,2018-10-13 23:00:00+00:00,151,East Carolina,248,Houston,4,16.0,15.875,16.0,15.5,16.0,0.5,0.25,0,,,,,,,,4,69.5,69.75,69.5,69.5,70.5,1.0,0.5,0,,,,,,,
401019508,2018,regular,7,2018-10-13 19:30:00+00:00,2426,Navy,218,Temple,4,6.5,6.625,6.5,6.5,7.0,0.5,0.25,0,,,,,,,,4,49.0,49.0,49.0,49.0,49.0,0.0,0.0,0,,,,,,,
401019509,2018,regular,8,2018-10-20 23:00:00+00:00,151,East Carolina,2116,UCF,4,21.75,21.75,21.75,21.5,22.0,0.5,0.28867513459481287,0,,,,,,,,4,65.25,65.375,65.25,65.0,66.0,1.0,0.47871355387816905,0,,,,,,,
401019510,2018,regular,8,2018-10-20 16:00:00+00:00,218,Temple,2132,Cincinnati,4,-2.5,-2.5,-2.5,-2.5,-2.5,0.0,0.0,0,,,,,,,,4,47.0,47.125,47.0,47.0,47.5,0.5,0.25,0,,,,,,,
401019511,2018,regular,8,2018-10-20 23:00:00+00:00,58,South Florida,41,UConn,4,-32.5,-32.375,-32.5,-33.0,-31.5,1.5,0.75,0,,,,,,,,4,68.0,67.875,68.0,67.5,68.0,0.5,0.25,0,,,,,,,
401019512,2018,regular,8,2018-10-20 19:30:00+00:00,2426,Navy,248,Houston,4,11.5,11.375,11.5,11.0,11.5,0.5,0.25,0,,,,,,,,4,59.25,59.375,59.25,58.5,60.5,2.0,0.8539125638299665,0,,,,,,,
401019513,2018,regular,8,2018-10-20 19:30:00+00:00,2655,Tulane,2567,SMU,4,-7.25,-7.25,-7.25,-7.5,-7.0,0.5,0.28867513459481287,0,,,,,,,,4,55.75,55.75,55.75,55.5,56.0,0.5,0.28867513459481287,0,,,,,,,
401019514,2018,regular,9,2018-10-27 19:30:00+00:00,2567,SMU,2132,Cincinnati,4,9.0,9.125,9.0,9.0,9.5,0.5,0.25,0,,,,,,,,4,50.0,49.875,50.0,49.5,50.0,0.5,0.25,0,,,,,,,
401019515,2018,regular,9,2018-10-27 19:30:00+00:00,248,Houston,58,South Florida,4,-10.0,-9.875,-10.0,-10.0,-9.5,0.5,0.25,0,,,,,,,,4,77.0,76.875,77.0,76.0,77.5,1.5,0.6291528696058958,0,,,,,,,
401019516,2018,regular,9,2018-10-27 23:00:00+00:00,202,Tulsa,2655,Tulane,4,-0.75,-0.75,-0.75,-2.5,1.0,3.5,2.0207259421636903,0,,,,,,,,3,49.0,49.333333333333336,49.0,48.5,50.5,2.0,1.0408329997330663,0,,,,,,,
401019517,2018,regular,10,2018-11-01 23:30:00+00:00,2116,UCF,218,Temple,4,-10.5,-10.5,-10.5,-10.5,-10.5,0.0,0.0,0,,,,,,,,4,59.0,59.0,59.0,58.5,59.5,1.0,0.408248290463863,0,,,,,,,
401019518,2018,regular,10,2018-11-03 19:30:00+00:00,2132,Cincinnati,2426,Navy,4,-12.5,-12.375,-12.5,-13.0,-11.5,1.5,0.75,0,,,,,,,,4,48.0,47.75,48.0,47.0,48.0,1.0,0.5,0,,,,,,,
401019519,2018,regular,10,2018-11-03 23:00:00+00:00,202,Tulsa,41,UConn,2,-18.5,-18.5,-18.5,-18.5,-18.5,0.0,0.0,0,,,,,,,,2,59.75,59.75,59.75,59.5,60.0,0.5,0.3535533905932738,0,,,,,,,
401019520,2018,regular,10,2018-11-03 16:00:00+00:00,151,East Carolina,235,Memphis,2,11.0,11.0,11.0,11.0,11.0,0.0,0.0,0,,,,,,,,2,66.75,66.75,66.75,66.5,67.0,0.5,0.3535533905932738,0,,,,,,,
401019521,2018,regular,10,2018-11-03 19:30:00+00:00,58,South Florida,2655,Tulane,4,-6.0,-6.0,-6.0,-6.0,-6.0,0.0,0.0,0,,,,,,,,4,60.5,60.625,60.5,60.5,61.0,0.5,0.25,0,,,,,,,
401019522,2018,regular,10,2018-11-03 23:00:00+00:00,2567,SMU,248,Houston,4,14.0,14.0,14.0,14.0,14.0,0.0,0.0,0,,,,,,,,4,71.0,71.0,71.0,71.0,71.0,0.0,0.0,0,,,,,,,
401019523,2018,regular,11,2018-11-10 17:00:00+00:00,2116,UCF,2426,Navy,4,-23.5,-23.625,-23.5,-24.0,-23.5,0.5,0.25,0,,,,,,,,4,68.0,68.125,68.0,68.0,68.5,0.5,0.25,0,,,,,,,
401019524,2018,regular,11,2018-11-11 00:00:00+00:00,2132,Cincinnati,58,South Florida,4,-14.0,-14.0,-14.0,-14.0,-14.0,0.0,0.0,0,,,,,,,,4,53.0,52.875,53.0,52.0,53.5,1.5,0.6291528696058958,0,,,,,,,
401019525,2018,regular,11,2018-11-10 17:00:00+00:00,41,UConn,2567,SMU,4,17.75,17.625,17.75,17.0,18.0,1.0,0.47871355387816905,0,,,,,,,,4,66.0,66.125,66.0,66.0,66.5,0.5,0.25,0,,,,,,,
401019526,2018,regular,11,2018-11-10 21:00:00+00:00,2655,Tulane,151,East Carolina,4,-10.5,-10.375,-10.5,-10.5,-10.0,0.5,0.25,0,,,,,,,,4,53.0,52.875,53.0,52.5,53.0,0.5,0.25,0,,,,,,,
401019527,2018,regular,11,2018-11-11 00:00:00+00:00,248,Houston,218,Temple,4,-3.5,-3.5,-3.5,-3.5,-3.5,0.0,0.0,0,,,,,,,,4,69.75,69.875,69.75,69.5,70.5,1.0,0.47871355387816905,0,,,,,,,
401019528,2018,regular,11,2018-11-10 17:00:00+00:00,235,Memphis,202,Tulsa,3,-16.5,-16.166666666666668,-16.5,-16.5,-15.5,1.0,0.5773502691896257,0,,,,,,,,3,65.5,65.66666666666667,65.5,65.5,66.0,0.5,0.28867513459481287,0,,,,,,,
401019529,2018,regular,12,2018-11-16 01:00:00+00:00,248,Houston,2655,Tulane,4,-7.5,-7.5,-7.5,-7.5,-7.5,0.0,0.0,0,,,,,,,,4,68.75,68.625,68.75,68.0,69.0,1.0,0.47871355387816905,0,,,,,,,
401019530,2018,regular,12,2018-11-17 02:00:00+00:00,2567,SMU,235,Memphis,4,7.5,7.625,7.5,7.5,8.0,0.5,0.25,0,,,,,,,,4,75.0,74.875,75.0,74.5,75.0,0.5,0.25,0,,,,,,,
401019531,2018,regular,12,2018-11-18 01:00:00+00:00,2116,UCF,2132,Cincinnati,2,-7.25,-7.25,-7.25,-7.5,-7.0,0.5,0.3535533905932738,0,,,,,,,,2,60.25,60.25,60.25,60.0,60.5,0.5,0.3535533905932738,0,,,,,,,
401019532,2018,regular,12,2018-11-18 00:00:00+00:00,151,East Carolina,41,UConn,4,-17.0,-17.125,-17.0,-17.5,-17.0,0.5,0.25,0,,,,,,,,4,71.75,71.5,71.75,70.5,72.0,1.5,0.7071067811865476,0,,,,,,,
401019533,2018,regular,12,2018-11-17 17:00:00+00:00,218,Temple,58,South Florida,4,-14.0,-14.0,-14.0,-14.0,-14.0,0.0,0.0,0,,,,,,,,4,63.0,63.125,63.0,63.0,63.5,0.5,0.25,0,,,,,,,
401019534,2018,regular,12,2018-11-17 20:30:00+00:00,2426,Navy,202,Tulsa,4,-5.25,-5.375,-5.25,-6.0,-5.0,1.0,0.47871355387816905,0,,,,,,,,4,51.5,51.25,51.5,50.5,51.5,1.0,0.5,0,,,,,,,
401019535,2018,regular,13,2018-11-23 21:15:00+00:00,58,South Florida,2116,UCF,2,16.25,16.25,16.25,16.0,16.5,0.5,0.3535533905932738,0,,,,,,,,2,69.75,69.75,69.75,69.5,70.0,0.5,0.3535533905932738,0,,,,,,,
401019536,2018,regular,13,2018-11-23 20:30:00+00:00,2132,Cincinnati,151,East Carolina,2,-15.75,-15.75,-15.75,-16.0,-15.5,0.5,0.3535533905932738,0,,,,,,,,2,49.5,49.5,49.5,49.5,49.5,0.0,0.0,0,,,,,,,
401019537,2018,regular,13,2018-11-23 17:00:00+00:00,235,Memphis,248,Houston,4,-9.5,-9.0,-9.5,-9.5,-7.5,2.0,1.0,0,,,,,,,,4,75.75,75.875,75.75,75.0,77.0,2.0,0.8539125638299665,0,,,,,,,
401019538,2018,regular,13,2018-11-24 20:30:00+00:00,41,UConn,218,Temple,4,30.5,30.875,30.5,30.5,32.0,1.5,0.75,0,,,,,,,,4,68.0,68.125,68.0,68.0,68.5,0.5,0.25,0,,,,,,,
401019539,2018,regular,13,2018-11-24 17:00:00+00:00,2655,Tulane,2426,Navy,4,-6.25,-6.0,-6.25,-6.5,-5.0,1.5,0.7071067811865476,0,,,,,,,,4,52.5,52.5,52.5,51.5,53.5,2.0,0.816496580927726,0,,,,,,,
401019540,2018,regular,13,2018-11-24 20:30:00+00:00,202,Tulsa,2567,SMU,4,2.5,2.625,2.5,2.5,3.0,0.5,0.25,0,,,,,,,,4,53.75,53.75,53.75,52.5,55.0,2.5,1.1902380714238083,0,,,,,,,
401020671,2018,regular,1,2018-08-30 23:00:00+00:00,2050,Ball State,2115,Central Connecticut,1,-19.5,-19.5,-19.5,-19.5,-19.5,0.0,0.0,0,,,,,,,,1,61.5,61.5,61.5,61.5,61.5,0.0,0.0,0,,,,,,,
401020672,2018,regular,1,2018-08-31 22:30:00+00:00,2199,Eastern Michigan,2405,Monmouth,1,-23.5,-23.5,-23.5,-23.5,-23.5,0.0,0.0,0,,,,,,,,1,60.5,60.5,60.5,60.5,60.5,0.0,0.0,0,,,,,,,
401020673,2018,regular,1,2018-08-31 22:00:00+00:00,2711,Western Michigan,183,Syracuse,4,5.0,5.0,5.0,5.0,5.0,0.0,0.0,0,,,,,,,,4,66.25,66.125,66.25,65.5,66.5,1.0,0.47871355387816905,0,,,,,,,
401020675,2018,regular,1,2018-09-01 18:00:00+00:00,195,Ohio,47,Howard,1,-31.0,-31.0,-31.0,-31.0,-31.0,0.0,0.0,0,,,,,,,,1,62.0,62.0,62.0,62.0,62.0,0.0,0.0,0,,,,,,,
401020676,2018,regular,1,2018-09-01 23:00:00+00:00,2649,Toledo,2678,VMI,1,-48.5,-48.5,-48.5,-48.5,-48.5,0.0,0.0,0,,,,,,,,1,53.0,53.0,53.0,53.0,53.0,0.0,0.0,0,,,,,,,
401020677,2018,regular,2,2018-09-08 19:30:00+00:00,2309,Kent State,47,Howard,1,-9.5,-9.5,-9.5,-9.5,-9.5,0.0,0.0,0,,,,,,,,0,,,,,,,,0,,,,,,,
401020678,2018,regular,2,2018-09-08 19:30:00+00:00,2006,Akron,2415,Morgan State,1,-42.5,-42.5,-42.5,-42.5,-42.5,0.0,0.0,0,,,,,,,,0,,,,,,,,0,,,,,,,
401020679,2018,regular,3,2018-09-15 19:30:00+00:00,2459,Northern Illinois,2117,Central Michigan,2,-13.75,-13.75,-13.75,-14.0,-13.5,0.5,0.3535533905932738,0,,,,,,,,2,47.0,47.0,47.0,46.0,48.0,2.0,1.4142135623730951,0,,,,,,,
401020680,2018,regular,3,2018-09-15 23:00:00+00:00,2711,Western Michigan,2169,Delaware State,1,-47.0,-47.0,-47.0,-47.0,-47.0,0.0,0.0,0,,,,,,,,0,,,,,,,,0,,,,,,,
401020681,2018,regular,3,2018-09-15 20:00:00+00:00,189,Bowling Green,2198,Eastern Kentucky,1,-14.0,-14.0,-14.0,-14.0,-14.0,0.0,0.0,0,,,,,,,,1,65.0,65.0,65.0,65.0,65.0,0.0,0.0,0,,,,,,,
401020682,2018,regular,3,2018-09-15 22:00:00+00:00,2084,Buffalo,2199,Eastern Michigan,2,-3.0,-3.0,-3.0,-3.0,-3.0,0.0,0.0,0,,,,,,,,2,54.0,54.0,54.0,54.0,54.0,0.0,0.0,0,,,,,,,
401020683,2018,regular,4,2018-09-23 02:30:00+00:00,21,San Diego State,2199,Eastern Michigan,4,-11.75,-11.75,-11.75,-13.0,-10.5,2.5,1.4433756729740643,0,,,,,,,,4,48.5,48.625,48.5,48.5,49.0,0.5,0.25,0,,,,,,,
401020685,2018,regular,4,2018-09-22 16:00:00+00:00,2649,Toledo,2440,Nevada,4,-10.5,-10.5,-10.5,-10.5,-10.5,0.0,0.0,0,,,,,,,,4,68.0,67.875,68.0,67.5,68.0,0.5,0.25,0,,,,,,,
401020686,2018,regular,4,2018-09-22 18:00:00+00:00,2247,Georgia State,2711,Western Michigan,2,8.25,8.25,8.25,8.0,8.5,0.5,0.3535533905932738,0,,,,,,,,2,61.0,61.0,61.0,61.0,61.0,0.0,0.0,0,,,,,,,
401020687,2018,regular,5,2018-09-29 19:00:00+00:00,2050,Ball State,2309,Kent State,4,-7.0,-7.125,-7.0,-7.5,-7.0,0.5,0.25,0,,,,,,,,4,61.5,61.375,61.5,60.5,62.0,1.5,0.6291528696058958,0,,,,,,,
401020688,2018,regular,5,2018-09-29 22:00:00+00:00,2199,Eastern Michigan,2459,Northern Illinois,4,-3.5,-3.625,-3.5,-4.0,-3.5,0.5,0.25,0,,,,,,,,4,49.75,49.875,49.75,49.5,50.5,1.0,0.47871355387816905,0,,,,,,,
401020689,2018,regular,5,2018-09-30 02:30:00+00:00,278,Fresno State,2649,Toledo,4,-10.0,-10.0,-10.0,-10.0,-10.0,0.0,0.0,0,,,,,,,,4,61.25,61.25,61.25,61.0,61.5,0.5,0.28867513459481287,0,,,,,,,
401020750,2018,regular,5,2018-09-29 19:30:00+00:00,193,Miami (OH),2711,Western Michigan,4,2.75,2.75,2.75,2.5,3.0,0.5,0.28867513459481287,0,,,,,,,,4,53.0,52.875,53.0,52.5,53.0,0.5,0.25,0,,,,,,,
401020751,2018,regular,6,2018-10-06 19:30:00+00:00,2649,Toledo,189,Bowling Green,4,-22.5,-22.5,-22.5,-23.0,-22.0,1.0,0.5773502691896257,0,,,,,,,,4,71.25,71.125,71.25,70.0,72.0,2.0,0.8539125638299665,0,,,,,,,
401020752,2018,regular,6,2018-10-06 16:00:00+00:00,2117,Central Michigan,2084,Buffalo,2,6.5,6.5,6.5,6.5,6.5,0.0,0.0,0,,,,,,,,2,51.5,51.5,51.5,51.0,52.0,1.0,0.7071067811865476,0,,,,,,,
401020753,2018,regular,6,2018-10-06 16:00:00+00:00,2711,Western Michigan,2199,Eastern Michigan,4,-4.5,-4.625,-4.5,-5.0,-4.5,0.5,0.25,0,,,,,,,,4,58.5,58.375,58.5,57.5,59.0,1.5,0.6291528696058958,0,,,,,,,
401020754,2018,regular,6,2018-10-06 19:00:00+00:00,2050,Ball State,2459,Northern Illinois,4,3.0,3.0,3.0,3.0,3.0,0.0,0.0,0,,,,,,,,4,52.5,52.625,52.5,52.5,53.0,0.5,0.25,0,,,,,,,
401020755,2018,regular,6,2018-10-06 19:30:00+00:00,2309,Kent State,195,Ohio,4,11.25,11.375,11.25,11.0,12.0,1.0,0.47871355387816905,0,,,,,,,,4,69.0,69.125,69.0,69.0,69.5,0.5,0.25,0,,,,,,,
401020756,2018,regular,7,2018-10-13 16:00:00+00:00,2084,Buffalo,2006,Akron,2,-12.0,-12.0,-12.0,-12.0,-12.0,0.0,0.0,0,,,,,,,,2,54.5,54.5,54.5,54.0,55.0,1.0,0.7071067811865476,0,,,,,,,
401020757,2018,regular,7,2018-10-13 19:00:00+00:00,2117,Central Michigan,2050,Ball State,2,-2.5,-2.5,-2.5,-2.5,-2.5,0.0,0.0,0,,,,,,,,2,54.5,54.5,54.5,54.5,54.5,0.0,0.0,0,,,,,,,
401020758,2018,regular,7,2018-10-13 19:30:00+00:00,2459,Northern Illinois,195,Ohio,4,-5.5,-5.5,-5.5,-5.5,-5.5,0.0,0.0,0,,,,,,,,4,51.75,51.75,51.75,51.5,52.0,0.5,0.28867513459481287,0,,,,,,,
401020759,2018,regular,7,2018-10-13 16:00:00+00:00,2199,Eastern Michigan,2649,Toledo,4,2.0,2.125,2.0,2.0,2.5,0.5,0.25,0,,,,,,,,4,62.0,62.0,62.0,62.0,62.0,0.0,0.0,0,,,,,,,
401020760,2018,regular,7,2018-10-13 19:00:00+00:00,189,Bowling Green,2711,Western Michigan,4,14.5,14.625,14.5,14.5,15.0,0.5,0.25,0,,,,,,,,4,68.75,68.75,68.75,68.5,69.0,0.5,0.28867513459481287,0,,,,,,,
401020761,2018,regular,8,2018-10-20 19:30:00+00:00,2309,Kent State,2006,Akron,4,4.5,4.375,4.5,4.0,4.5,0.5,0.25,0,,,,,,,,4,49.5,49.5,49.5,49.0,50.0,1.0,0.408248290463863,0,,,,,,,
401020762,2018,regular,8,2018-10-20 18:00:00+00:00,195,Ohio,189,Bowling Green,4,-16.5,-16.375,-16.5,-16.5,-16.0,0.5,0.25,0,,,,,,,,4,67.25,67.25,67.25,67.0,67.5,0.5,0.28867513459481287,0,,,,,,,
401020763,2018,regular,8,2018-10-20 16:00:00+00:00,2649,Toledo,2084,Buffalo,4,-3.0,-3.0,-3.0,-3.0,-3.0,0.0,0.0,0,,,,,,,,4,62.5,62.375,62.5,61.5,63.0,1.5,0.75,0,,,,,,,
401020764,2018,regular,8,2018-10-20 19:00:00+00:00,2050,Ball State,2199,Eastern Michigan,4,2.75,2.75,2.75,2.5,3.0,0.5,0.28867513459481287,0,,,,,,,,4,44.75,44.625,44.75,44.0,45.0,1.0,0.47871355387816905,0,,,,,,,
401020765,2018,regular,8,2018-10-20 19:00:00+00:00,2117,Central Michigan,2711,Western Michigan,4,6.0,6.0,6.0,5.0,7.0,2.0,0.9128709291752769,0,,,,,,,,4,54.0,53.875,54.0,53.5,54.0,0.5,0.25,0,,,,,,,
401020766,2018,regular,9,2018-10-25 23:00:00+00:00,195,Ohio,2050,Ball State,4,-10.5,-10.5,-10.5,-10.5,-10.5,0.0,0.0,0,,,,,,,,4,65.5,65.625,65.5,65.5,66.0,0.5,0.25,0,,,,,,,
401020767,2018,regular,9,2018-10-25 23:00:00+00:00,2711,Western Michigan,2649,Toledo,4,-4.5,-4.625,-4.5,-5.5,-4.0,1.5,0.6291528696058958,0,,,,,,,,4,69.0,68.75,69.0,68.0,69.0,1.0,0.5,0,,,,,,,
401020768,2018,regular,9,2018-10-27 16:00:00+00:00,2006,Akron,2117,Central Michigan,4,-4.75,-4.75,-4.75,-5.5,-4.0,1.5,0.8660254037844386,0,,,,,,,,4,43.5,43.375,43.5,42.5,44.0,1.5,0.6291528696058958,0,,,,,,,
401020769,2018,regular,10,2018-10-31 00:00:00+00:00,189,Bowling Green,2309,Kent State,4,-1.5,-1.375,-1.5,-1.5,-1.0,0.5,0.25,0,,,,,,,,4,68.0,68.0,68.0,67.5,68.5,1.0,0.408248290463863,0,,,,,,,
401020770,2018,regular,10,2018-10-31 00:00:00+00:00,2084,Buffalo,193,Miami (OH),4,-7.0,-7.0,-7.0,-7.0,-7.0,0.0,0.0,0,,,,,,,,4,53.0,53.125,53.0,53.0,53.5,0.5,0.25,0,,,,,,,
401020771,2018,regular,10,2018-10-31 23:30:00+00:00,2649,Toledo,2050,Ball State,4,-19.5,-19.5,-19.5,-19.5,-19.5,0.0,0.0,0,,,,,,,,4,64.0,64.0,64.0,64.0,64.0,0.0,0.0,0,,,,,,,
401020772,2018,regular,10,2018-11-01 23:00:00+00:00,2006,Akron,2459,Northern Illinois,4,6.0,6.0,6.0,6.0,6.0,0.0,0.0,0,,,,,,,,4,37.25,37.0,37.25,36.0,37.5,1.5,0.7071067811865476,0,,,,,,,
401020773,2018,regular,10,2018-11-01 23:00:00+00:00,2711,Western Michigan,195,Ohio,4,3.5,3.375,3.5,3.0,3.5,0.5,0.25,0,,,,,,,,4,65.0,64.875,65.0,64.0,65.5,1.5,0.6291528696058958,0,,,,,,,
401020774,2018,regular,10,2018-11-03 16:00:00+00:00,2199,Eastern Michigan,2117,Central Michigan,4,-14.0,-13.875,-14.0,-14.0,-13.5,0.5,0.25,0,,,,,,,,4,46.5,46.375,46.5,46.0,46.5,0.5,0.25,0,,,,,,,
401020775,2018,regular,11,2018-11-07 00:30:00+00:00,2084,Buffalo,2309,Kent State,4,-17.0,-17.125,-17.0,-17.5,-17.0,0.5,0.25,0,,,,,,,,4,46.25,46.5,46.25,44.5,49.0,4.5,2.345207879911715,0,,,,,,,
401020776,2018,regular,11,2018-11-08 00:00:00+00:00,193,Miami (OH),195,Ohio,4,4.5,4.5,4.5,4.5,4.5,0.0,0.0,0,,,,,,,,4,59.25,59.25,59.25,59.0,59.5,0.5,0.28867513459481287,0,,,,,,,
401020777,2018,regular,11,2018-11-08 01:00:00+00:00,2459,Northern Illinois,2649,Toledo,4,-3.5,-3.375,-3.5,-3.5,-3.0,0.5,0.25,0,,,,,,,,4,53.75,53.625,53.75,53.0,54.0,1.0,0.47871355387816905,0,,,,,,,
401020778,2018,regular,11,2018-11-10 17:00:00+00:00,2199,Eastern Michigan,2006,Akron,4,-11.25,-11.375,-11.25,-12.0,-11.0,1.0,0.47871355387816905,0,,,,,,,,4,41.25,41.125,41.25,40.5,41.5,1.0,0.47871355387816905,0,,,,,,,
401020779,2018,regular,11,2018-11-10 20:00:00+00:00,2117,Central Michigan,189,Bowling Green,4,-7.5,-7.5,-7.5,-7.5,-7.5,0.0,0.0,0,,,,,,,,4,49.75,50.125,49.75,49.5,51.5,2.0,0.9464847243000456,0,,,,,,,
401020780,2018,regular,12,2018-11-13 23:00:00+00:00,2050,Ball State,2711,Western Michigan,4,9.5,9.625,9.5,9.5,10.0,0.5,0.25,0,,,,,,,,4,57.75,57.625,57.75,57.0,58.0,1.0,0.47871355387816905,0,,,,,,,
401020781,2018,regular,12,2018-11-15 00:00:00+00:00,195,Ohio,2084,Buffalo,2,-2.5,-2.5,-2.5,-2.5,-2.5,0.0,0.0,0,,,,,,,,2,66.0,66.0,66.0,66.0,66.0,0.0,0.0,0,,,,,,,
401020782,2018,regular,12,2018-11-15 01:00:00+00:00,2459,Northern Illinois,193,Miami (OH),4,-6.25,-6.25,-6.25,-6.5,-6.0,0.5,0.28867513459481287,0,,,,,,,,4,48.0,47.875,48.0,47.5,48.0,0.5,0.25,0,,,,,,,
401020783,2018,regular,12,2018-11-15 23:00:00+00:00,2309,Kent State,2649,Toledo,4,11.5,11.5,11.5,11.5,11.5,0.0,0.0,0,,,,,,,,4,57.5,57.25,57.5,56.5,57.5,1.0,0.5,0,,,,,,,
401020784,2018,regular,12,2018-11-17 20:30:00+00:00,2006,Akron,189,Bowling Green,4,-6.25,-6.25,-6.25,-6.5,-6.0,0.5,0.28867513459481287,0,,,,,,,,4,48.0,48.125,48.0,48.0,48.5,0.5,0.25,0,,,,,,,
401020785,2018,regular,13,2018-11-21 00:00:00+00:00,193,Miami (OH),2050,Ball State,4,-16.25,-16.125,-16.25,-17.0,-15.0,2.0,0.8539125638299665,0,,,,,,,,4,55.25,55.125,55.25,54.5,55.5,1.0,0.47871355387816905,0,,,,,,,
401020786,2018,regular,13,2018-11-21 00:00:00+00:00,2711,Western Michigan,2459,Northern Illinois,4,6.5,6.5,6.5,6.5,6.5,0.0,0.0,0,,,,,,,,4,49.0,48.875,49.0,48.5,49.0,0.5,0.25,0,,,,,,,
401020787,2018,regular,13,2018-11-23 17:00:00+00:00,195,Ohio,2006,Akron,4,-24.0,-24.0,-24.0,-24.0,-24.0,0.0,0.0,0,,,,,,,,4,56.75,56.75,56.75,56.5,57.0,0.5,0.28867513459481287,0,,,,,,,
401020788,2018,regular,13,2018-11-23 17:00:00+00:00,189,Bowling Green,2084,Buffalo,2,15.75,15.75,15.75,15.5,16.0,0.5,0.3535533905932738,0,,,,,,,,2,62.5,62.5,62.5,62.0,63.0,1.0,0.7071067811865476,0,,,,,,,
401020789,2018,regular,13,2018-11-23 17:00:00+00:00,2649,Toledo,2117,Central Michigan,2,-19.0,-19.0,-19.0,-19.0,-19.0,0.0,0.0,0,,,,,,,,2,58.25,58.25,58.25,58.0,58.5,0.5,0.3535533905932738,0,,,,,,,
401020790,2018,regular,13,2018-11-23 17:00:00+00:00,2309,Kent State,2199,Eastern Michigan,4,13.25,13.125,13.25,12.5,13.5,1.0,0.47871355387816905,0,,,,,,,,4,52.25,52.25,52.25,52.0,52.5,0.5,0.28867513459481287,0,,,,,,,
401020810,2018,regular,7,2018-10-13 18:30:00+00:00,193,Miami (OH),2309,Kent State,4,-11.0,-11.125,-11.0,-11.5,-11.0,0.5,0.25,0,,,,,,,,4,58.25,58.375,58.25,58.0,59.0,1.0,0.47871355387816905,0,,,,,,,
401020811,2018,regular,4,2018-09-22 19:00:00+00:00,189,Bowling Green,193,Miami (OH),4,6.5,6.5,6.5,6.5,6.5,0.0,0.0,0,,,,,,,,4,55.0,55.0,55.0,54.5,55.5,1.0,0.408248290463863,0,,,,,,,
401020812,2018,regular,6,2018-10-06 19:30:00+00:00,2006,Akron,193,Miami (OH),4,-5.0,-5.0,-5.0,-5.0,-5.0,0.0,0.0,0,,,,,,,,4,47.5,47.5,47.5,47.5,47.5,0.0,0.0,0,,,,,,,
401021652,2018,regular,1,2018-09-01 23:00:00+00:00,2032,Arkansas State,2546,Southeast Missouri State,1,-32.5,-32.5,-32.5,-32.5,-32.5,0.0,0.0,0,,,,,,,,1,56.0,56.0,56.0,56.0,56.0,0.0,0.0,0,,,,,,,
401021653,2018,regular,1,2018-09-01 22:00:00+00:00,290,Georgia Southern,2569,South Carolina State,1,-28.0,-28.0,-28.0,-28.0,-28.0,0.0,0.0,0,,,,,,,,1,46.5,46.5,46.5,46.5,46.5,0.0,0.0,0,,,,,,,
401021654,2018,regular,1,2018-09-01 23:00:00+00:00,309,Louisiana,2755,Grambling,1,-14.0,-14.0,-14.0,-14.0,-14.0,0.0,0.0,0,,,,,,,,1,61.0,61.0,61.0,61.0,61.0,0.0,0.0,0,,,,,,,
401021655,2018,regular,1,2018-08-31 00:00:00+00:00,2433,UL Monroe,2545,SE Louisiana,1,-21.0,-21.0,-21.0,-21.0,-21.0,0.0,0.0,0,,,,,,,,1,74.0,74.0,74.0,74.0,74.0,0.0,0.0,0,,,,,,,
401021656,2018,regular,1,2018-09-01 22:00:00+00:00,2653,Troy,68,Boise State,4,9.25,9.125,9.25,8.5,9.5,1.0,0.47871355387816905,0,,,,,,,,4,48.0,48.125,48.0,48.0,48.5,0.5,0.25,0,,,,,,,
401021657,2018,regular,2,2018-09-08 23:00:00+00:00,326,Texas State,2640,Texas Southern,1,-34.0,-34.0,-34.0,-34.0,-34.0,0.0,0.0,0,,,,,,,,1,52.5,52.5,52.5,52.5,52.5,0.0,0.0,0,,,,,,,
401021658,2018,regular,2,2018-09-08 23:00:00+00:00,2653,Troy,50,Florida A&M,1,-34.5,-34.5,-34.5,-34.5,-34.5,0.0,0.0,0,,,,,,,,1,59.5,59.5,59.5,59.5,59.5,0.0,0.0,0,,,,,,,
401021660,2018,regular,3,2018-09-15 23:00:00+00:00,6,South Alabama,326,Texas State,4,-9.5,-9.625,-9.5,-10.0,-9.5,0.5,0.25,0,,,,,,,,4,49.0,49.0,49.0,49.0,49.0,0.0,0.0,0,,,,,,,
401021661,2018,regular,4,2018-09-22 19:30:00+00:00,2026,App State,2241,Gardner-Webb,1,-45.0,-45.0,-45.0,-45.0,-45.0,0.0,0.0,0,,,,,,,,1,56.0,56.0,56.0,56.0,56.0,0.0,0.0,0,,,,,,,
401021662,2018,regular,4,2018-09-22 23:00:00+00:00,2032,Arkansas State,2439,UNLV,4,-8.0,-7.875,-8.0,-8.0,-7.5,0.5,0.25,0,,,,,,,,4,65.75,65.75,65.75,65.0,66.5,1.5,0.6454972243679028,0,,,,,,,
401021663,2018,regular,4,2018-09-22 23:00:00+00:00,309,Louisiana,324,Coastal Carolina,4,-3.0,-2.875,-3.0,-3.0,-2.5,0.5,0.25,0,,,,,,,,4,63.0,62.625,63.0,61.5,63.0,1.5,0.75,0,,,,,,,
401021664,2018,regular,4,2018-09-22 23:00:00+00:00,2433,UL Monroe,2653,Troy,4,4.5,4.5,4.5,4.5,4.5,0.0,0.0,0,,,,,,,,4,58.75,58.5,58.75,57.5,59.0,1.5,0.7071067811865476,0,,,,,,,
401021665,2018,regular,5,2018-09-29 19:30:00+00:00,2026,App State,6,South Alabama,4,-25.0,-25.125,-25.0,-25.5,-25.0,0.5,0.25,0,,,,,,,,4,56.75,56.625,56.75,55.5,57.5,2.0,0.8539125638299665,0,,,,,,,
401021666,2018,regular,5,2018-09-29 22:00:00+00:00,290,Georgia Southern,2032,Arkansas State,4,3.0,3.0,3.0,3.0,3.0,0.0,0.0,0,,,,,,,,4,53.5,53.5,53.5,53.0,54.0,1.0,0.408248290463863,0,,,,,,,
401021667,2018,regular,5,2018-09-29 19:30:00+00:00,2653,Troy,324,Coastal Carolina,4,-14.0,-13.875,-14.0,-14.0,-13.5,0.5,0.25,0,,,,,,,,4,56.5,56.75,56.5,56.5,57.5,1.0,0.5,0,,,,,,,
401021668,2018,regular,5,2018-09-29 18:00:00+00:00,2247,Georgia State,2433,UL Monroe,2,6.0,6.0,6.0,6.0,6.0,0.0,0.0,0,,,,,,,,2,65.0,65.0,65.0,65.0,65.0,0.0,0.0,0,,,,,,,
401021669,2018,regular,6,2018-10-04 23:30:00+00:00,2653,Troy,2247,Georgia State,2,-17.0,-17.0,-17.0,-17.0,-17.0,0.0,0.0,0,,,,,,,,2,55.5,55.5,55.5,55.5,55.5,0.0,0.0,0,,,,,,,
401021670,2018,regular,6,2018-10-06 19:30:00+00:00,290,Georgia Southern,6,South Alabama,4,-12.75,-12.75,-12.75,-13.0,-12.5,0.5,0.28867513459481287,0,,,,,,,,4,56.75,56.625,56.75,56.0,57.0,1.0,0.47871355387816905,0,,,,,,,
401021671,2018,regular,6,2018-10-06 23:00:00+00:00,326,Texas State,309,Louisiana,4,3.0,3.0,3.0,3.0,3.0,0.0,0.0,0,,,,,,,,4,57.5,57.5,57.5,57.5,57.5,0.0,0.0,0,,,,,,,
401021672,2018,regular,7,2018-10-10 00:00:00+00:00,2032,Arkansas State,2026,App State,4,10.5,10.5,10.5,10.5,10.5,0.0,0.0,0,,,,,,,,4,59.5,59.5,59.5,59.5,59.5,0.0,0.0,0,,,,,,,
401021673,2018,regular,7,2018-10-11 23:30:00+00:00,326,Texas State,290,Georgia Southern,4,17.25,17.125,17.25,16.5,17.5,1.0,0.47871355387816905,0,,,,,,,,4,51.75,51.875,51.75,51.5,52.5,1.0,0.47871355387816905,0,,,,,,,
401021674,2018,regular,7,2018-10-13 22:00:00+00:00,324,Coastal Carolina,2433,UL Monroe,4,-6.5,-6.625,-6.5,-7.0,-6.5,0.5,0.25,0,,,,,,,,4,66.75,66.625,66.75,66.0,67.0,1.0,0.47871355387816905,0,,,,,,,
401021675,2018,regular,7,2018-10-13 21:00:00+00:00,6,South Alabama,2011,Alabama State,1,-27.5,-27.5,-27.5,-27.5,-27.5,0.0,0.0,0,,,,,,,,1,55.5,55.5,55.5,55.5,55.5,0.0,0.0,0,,,,,,,
401021676,2018,regular,8,2018-10-18 23:30:00+00:00,2032,Arkansas State,2247,Georgia State,4,-13.5,-13.375,-13.5,-13.5,-13.0,0.5,0.25,0,,,,,,,,4,56.0,56.0,56.0,55.5,56.5,1.0,0.5773502691896257,0,,,,,,,
401021677,2018,regular,8,2018-10-20 19:30:00+00:00,2026,App State,309,Louisiana,4,-25.25,-25.25,-25.25,-25.5,-25.0,0.5,0.28867513459481287,0,,,,,,,,4,65.0,65.375,65.0,65.0,66.5,1.5,0.75,0,,,,,,,
401021678,2018,regular,8,2018-10-20 23:00:00+00:00,2433,UL Monroe,326,Texas State,4,-10.5,-10.5,-10.5,-10.5,-10.5,0.0,0.0,0,,,,,,,,4,60.0,59.875,60.0,59.5,60.0,0.5,0.25,0,,,,,,,
401021679,2018,regular,9,2018-10-24 00:00:00+00:00,6,South Alabama,2653,Troy,4,11.0,11.0,11.0,11.0,11.0,0.0,0.0,0,,,,,,,,4,52.5,52.625,52.5,52.5,53.0,0.5,0.25,0,,,,,,,
401021680,2018,regular,9,2018-10-25 23:30:00+00:00,290,Georgia Southern,2026,App State,4,10.75,10.625,10.75,10.0,11.0,1.0,0.47871355387816905,0,,,,,,,,4,47.75,48.25,47.75,47.5,50.0,2.5,1.1902380714238083,0,,,,,,,
401021681,2018,regular,9,2018-10-27 23:00:00+00:00,309,Louisiana,2032,Arkansas State,4,3.0,3.0,3.0,3.0,3.0,0.0,0.0,0,,,,,,,,4,69.0,69.0,69.0,68.5,69.5,1.0,0.408248290463863,0,,,,,,,
401021682,2018,regular,9,2018-10-27 18:00:00+00:00,2247,Georgia State,324,Coastal Carolina,4,2.5,2.375,2.5,2.0,2.5,0.5,0.25,0,,,,,,,,4,60.0,60.125,60.0,59.5,61.0,1.5,0.6291528696058958,0,,,,,,,
401021683,2018,regular,10,2018-11-03 21:00:00+00:00,324,Coastal Carolina,2026,App State,4,13.25,13.25,13.25,13.0,13.5,0.5,0.28867513459481287,0,,,,,,,,4,52.0,52.0,52.0,52.0,52.0,0.0,0.0,0,,,,,,,
401021684,2018,regular,10,2018-11-03 19:00:00+00:00,2032,Arkansas State,6,South Alabama,4,-14.0,-14.125,-14.0,-14.5,-14.0,0.5,0.25,0,,,,,,,,4,61.75,61.75,61.75,61.5,62.0,0.5,0.28867513459481287,0,,,,,,,
401021685,2018,regular,10,2018-11-03 19:00:00+00:00,2433,UL Monroe,290,Georgia Southern,4,7.0,7.0,7.0,7.0,7.0,0.0,0.0,0,,,,,,,,4,60.5,60.375,60.5,60.0,60.5,0.5,0.25,0,,,,,,,
401021686,2018,regular,10,2018-11-03 18:00:00+00:00,2247,Georgia State,326,Texas State,4,-7.0,-7.0,-7.0,-7.0,-7.0,0.0,0.0,0,,,,,,,,4,52.75,52.5,52.75,51.5,53.0,1.5,0.7071067811865476,0,,,,,,,
401021687,2018,regular,10,2018-11-03 19:30:00+00:00,2653,Troy,309,Louisiana,4,-7.75,-7.75,-7.75,-8.0,-7.5,0.5,0.28867513459481287,0,,,,,,,,4,64.5,64.375,64.5,64.0,64.5,0.5,0.25,0,,,,,,,
401021688,2018,regular,11,2018-11-10 22:00:00+00:00,324,Coastal Carolina,2032,Arkansas State,4,6.25,6.25,6.25,6.0,6.5,0.5,0.28867513459481287,0,,,,,,,,4,62.0,61.875,62.0,61.5,62.0,0.5,0.25,0,,,,,,,
401021689,2018,regular,11,2018-11-10 18:00:00+00:00,290,Georgia Southern,2653,Troy,4,2.25,2.25,2.25,2.0,2.5,0.5,0.28867513459481287,0,,,,,,,,4,44.5,44.5,44.5,44.5,44.5,0.0,0.0,0,,,,,,,
401021690,2018,regular,11,2018-11-10 22:00:00+00:00,309,Louisiana,2247,Georgia State,4,-13.75,-13.625,-13.75,-14.0,-13.0,1.0,0.47871355387816905,0,,,,,,,,4,69.25,69.0,69.25,67.5,70.0,2.5,1.0801234497346435,0,,,,,,,
401021691,2018,regular,11,2018-11-10 22:00:00+00:00,6,South Alabama,2433,UL Monroe,4,7.5,7.5,7.5,7.5,7.5,0.0,0.0,0,,,,,,,,4,62.25,62.25,62.25,61.5,63.0,1.5,0.6454972243679028,0,,,,,,,
401021692,2018,regular,12,2018-11-17 19:30:00+00:00,2026,App State,2247,Georgia State,2,-27.75,-27.75,-27.75,-28.0,-27.5,0.5,0.3535533905932738,0,,,,,,,,2,54.5,54.5,54.5,54.5,54.5,0.0,0.0,0,,,,,,,
401021693,2018,regular,12,2018-11-17 20:00:00+00:00,2032,Arkansas State,2433,UL Monroe,4,-7.75,-7.75,-7.75,-8.0,-7.5,0.5,0.28867513459481287,0,,,,,,,,4,68.25,68.25,68.25,68.0,68.5,0.5,0.28867513459481287,0,,,,,,,
401021694,2018,regular,12,2018-11-17 22:00:00+00:00,324,Coastal Carolina,290,Georgia Southern,4,7.5,7.375,7.5,7.0,7.5,0.5,0.25,0,,,,,,,,4,53.25,53.125,53.25,52.5,53.5,1.0,0.47871355387816905,0,,,,,,,
401021695,2018,regular,12,2018-11-17 22:00:00+00:00,309,Louisiana,6,South Alabama,4,-19.25,-19.25,-19.25,-20.0,-18.5,1.5,0.6454972243679028,0,,,,,,,,4,66.0,66.125,66.0,66.0,66.5,0.5,0.25,0,,,,,,,
401021696,2018,regular,12,2018-11-17 20:30:00+00:00,2653,Troy,326,Texas State,4,-22.5,-22.5,-22.5,-23.0,-22.0,1.0,0.408248290463863,0,,,,,,,,4,48.0,48.0,48.0,47.5,48.5,1.0,0.408248290463863,0,,,,,,,
401021697,2018,regular,13,2018-11-24 19:30:00+00:00,2026,App State,2653,Troy,4,-11.0,-11.25,-11.0,-12.0,-11.0,1.0,0.5,0,,,,,,,,4,45.25,45.375,45.25,45.0,46.0,1.0,0.47871355387816905,0,,,,,,,
401021698,2018,regular,13,2018-11-24 21:00:00+00:00,326,Texas State,2032,Arkansas State,4,13.25,13.25,13.25,13.0,13.5,0.5,0.28867513459481287,0,,,,,,,,4,48.75,48.875,48.75,48.5,49.5,1.0,0.47871355387816905,0,,,,,,,
401021699,2018,regular,13,2018-11-23 20:00:00+00:00,6,South Alabama,324,Coastal Carolina,4,-1.0,-0.5,-1.0,-1.0,1.0,2.0,1.0,0,,,,,,,,4,58.25,58.25,58.25,58.0,58.5,0.5,0.28867513459481287,0,,,,,,,
401021700,2018,regular,13,2018-11-24 19:00:00+00:00,2247,Georgia State,290,Georgia Southern,2,10.0,10.0,10.0,10.0,10.0,0.0,0.0,0,,,,,,,,2,59.75,59.75,59.75,59.5,60.0,0.5,0.3535533905932738,0,,,,,,,
401021701,2018,regular,13,2018-11-24 20:00:00+00:00,2433,UL Monroe,309,Louisiana,4,-1.5,-1.5,-1.5,-1.5,-1.5,0.0,0.0,0,,,,,,,,4,71.0,71.0,71.0,71.0,71.0,0.0,0.0,0,,,,,,,
401021702,2018,regular,11,2018-11-10 21:00:00+00:00,326,Texas State,2026,App State,4,19.0,19.0,19.0,18.5,19.5,1.0,0.408248290463863,0,,,,,,,,4,46.5,46.5,46.5,46.0,47.0,1.0,0.408248290463863,0,,,,,,,
401022510,2018,regular,1,2018-08-25 23:30:00+00:00,36,Colorado State,62,Hawai'i,4,-17.0,-17.125,-17.0,-17.5,-17.0,0.5,0.25,0,,,,,,,,4,57.75,57.875,57.75,57.5,58.5,1.0,0.47871355387816905,0,,,,,,,
401022512,2018,regular,1,2018-09-01 01:00:00+00:00,24,Stanford,21,San Diego State,4,-13.75,-13.75,-13.75,-14.0,-13.5,0.5,0.28867513459481287,0,,,,,,,,4,49.5,49.5,49.5,49.5,49.5,0.0,0.0,0,,,,,,,
401022514,2018,regular,1,2018-09-01 18:00:00+00:00,2005,Air Force,2619,Stony Brook,1,-14.5,-14.5,-14.5,-14.5,-14.5,0.0,0.0,0,,,,,,,,1,57.5,57.5,57.5,57.5,57.5,0.0,0.0,0,,,,,,,
401022515,2018,regular,1,2018-09-02 00:00:00+00:00,167,New Mexico,2916,Incarnate Word,1,-36.0,-36.0,-36.0,-36.0,-36.0,0.0,0.0,0,,,,,,,,1,63.5,63.5,63.5,63.5,63.5,0.0,0.0,0,,,,,,,
401022516,2018,regular,1,2018-09-02 02:00:00+00:00,278,Fresno State,70,Idaho,1,-24.5,-24.5,-24.5,-24.5,-24.5,0.0,0.0,0,,,,,,,,1,43.0,43.0,43.0,43.0,43.0,0.0,0.0,0,,,,,,,
401022517,2018,regular,1,2018-09-01 01:00:00+00:00,2440,Nevada,2502,Portland State,1,-28.0,-28.0,-28.0,-28.0,-28.0,0.0,0.0,0,,,,,,,,1,71.0,71.0,71.0,71.0,71.0,0.0,0.0,0,,,,,,,
401022518,2018,regular,2,2018-09-09 01:00:00+00:00,21,San Diego State,16,Sacramento State,1,-25.5,-25.5,-25.5,-25.5,-25.5,0.0,0.0,0,,,,,,,,1,58.5,58.5,58.5,58.5,58.5,0.0,0.0,0,,,,,,,
401022520,2018,regular,3,2018-09-15 20:00:00+00:00,2751,Wyoming,2747,Wofford,1,-14.0,-14.0,-14.0,-14.0,-14.0,0.0,0.0,0,,,,,,,,1,47.5,47.5,47.5,47.5,47.5,0.0,0.0,0,,,,,,,
401022521,2018,regular,3,2018-09-16 02:00:00+00:00,2439,UNLV,2504,Prairie View A&M,1,-32.0,-32.0,-32.0,-32.0,-32.0,0.0,0.0,0,,,,,,,,1,67.0,67.0,67.0,67.0,67.0,0.0,0.0,0,,,,,,,
401022522,2018,regular,4,2018-09-23 02:30:00+00:00,328,Utah State,2005,Air Force,4,-10.0,-10.0,-10.0,-10.0,-10.0,0.0,0.0,0,,,,,,,,4,60.25,60.25,60.25,59.5,61.0,1.5,0.8660254037844386,0,,,,,,,
401022523,2018,regular,4,2018-09-22 19:00:00+00:00,36,Colorado State,2287,Illinois State,1,-4.0,-4.0,-4.0,-4.0,-4.0,0.0,0.0,0,,,,,,,,1,58.5,58.5,58.5,58.5,58.5,0.0,0.0,0,,,,,,,
401022524,2018,regular,4,2018-09-23 03:59:00+00:00,62,Hawai'i,2184,Duquesne,1,-39.0,-39.0,-39.0,-39.0,-39.0,0.0,0.0,0,,,,,,,,1,73.0,73.0,73.0,73.0,73.0,0.0,0.0,0,,,,,,,
401022525,2018,regular,5,2018-09-29 20:00:00+00:00,2005,Air Force,2440,Nevada,4,-3.5,-3.5,-3.5,-3.5,-3.5,0.0,0.0,0,,,,,,,,4,63.5,63.5,63.5,63.0,64.0,1.0,0.5773502691896257,0,,,,,,,
401022526,2018,regular,5,2018-09-29 23:00:00+00:00,2751,Wyoming,68,Boise State,4,15.75,15.75,15.75,15.5,16.0,0.5,0.28867513459481287,0,,,,,,,,4,47.5,47.375,47.5,47.0,47.5,0.5,0.25,0,,,,,,,
401022527,2018,regular,5,2018-09-29 23:00:00+00:00,23,San José State,62,Hawai'i,2,9.25,9.25,9.25,9.0,9.5,0.5,0.3535533905932738,0,,,,,,,,2,63.75,63.75,63.75,63.5,64.0,0.5,0.3535533905932738,0,,,,,,,
401022528,2018,regular,6,2018-10-06 19:30:00+00:00,68,Boise State,21,San Diego State,4,-13.5,-13.375,-13.5,-13.5,-13.0,0.5,0.25,0,,,,,,,,4,50.75,50.625,50.75,50.0,51.0,1.0,0.47871355387816905,0,,,,,,,
401022529,2018,regular,6,2018-10-07 02:30:00+00:00,23,San José State,36,Colorado State,2,2.75,2.75,2.75,2.5,3.0,0.5,0.3535533905932738,0,,,,,,,,2,59.25,59.25,59.25,59.0,59.5,0.5,0.3535533905932738,0,,,,,,,
401022530,2018,regular,6,2018-10-06 20:00:00+00:00,2439,UNLV,167,New Mexico,4,-8.0,-8.125,-8.0,-8.5,-8.0,0.5,0.25,0,,,,,,,,4,63.0,63.0,63.0,62.5,63.5,1.0,0.408248290463863,0,,,,,,,
401022531,2018,regular,6,2018-10-07 03:59:00+00:00,62,Hawai'i,2751,Wyoming,4,1.25,1.0,1.25,-2.0,3.5,5.5,2.9154759474226504,0,,,,,,,,4,53.0,53.25,53.0,52.0,55.0,3.0,1.5,0,,,,,,,
401022532,2018,regular,6,2018-10-07 02:30:00+00:00,2440,Nevada,278,Fresno State,4,15.5,15.5,15.5,15.0,16.0,1.0,0.5773502691896257,0,,,,,,,,4,59.0,58.875,59.0,58.5,59.0,0.5,0.25,0,,,,,,,
401022533,2018,regular,7,2018-10-13 01:00:00+00:00,21,San Diego State,2005,Air Force,4,-11.0,-10.875,-11.0,-11.0,-10.5,0.5,0.25,0,,,,,,,,4,43.0,43.0,43.0,42.5,43.5,1.0,0.5773502691896257,0,,,,,,,
401022534,2018,regular,7,2018-10-14 02:30:00+00:00,2440,Nevada,68,Boise State,4,14.5,14.625,14.5,14.0,15.5,1.5,0.75,0,,,,,,,,4,59.5,59.25,59.5,58.5,59.5,1.0,0.5,0,,,,,,,
401022535,2018,regular,7,2018-10-13 20:00:00+00:00,36,Colorado State,167,New Mexico,4,0.0,0.125,0.0,-1.0,1.5,2.5,1.3149778198382918,0,,,,,,,,4,62.5,62.5,62.5,62.0,63.0,1.0,0.408248290463863,0,,,,,,,
401022536,2018,regular,7,2018-10-13 20:00:00+00:00,328,Utah State,2439,UNLV,4,-27.0,-27.0,-27.0,-27.0,-27.0,0.0,0.0,0,,,,,,,,4,65.5,65.375,65.5,65.0,65.5,0.5,0.25,0,,,,,,,
401022537,2018,regular,7,2018-10-14 02:30:00+00:00,278,Fresno State,2751,Wyoming,4,-18.0,-17.875,-18.0,-18.0,-17.5,0.5,0.25,0,,,,,,,,4,44.0,44.0,44.0,44.0,44.0,0.0,0.0,0,,,,,,,
401022538,2018,regular,8,2018-10-20 01:00:00+00:00,68,Boise State,36,Colorado State,4,-23.75,-23.625,-23.75,-24.0,-23.0,1.0,0.47871355387816905,0,,,,,,,,4,62.75,62.625,62.75,61.5,63.5,2.0,1.0307764064044151,0,,,,,,,
401022539,2018,regular,8,2018-10-20 02:00:00+00:00,2439,UNLV,2005,Air Force,4,9.5,9.375,9.5,9.0,9.5,0.5,0.25,0,,,,,,,,4,54.5,54.625,54.5,54.0,55.5,1.5,0.75,0,,,,,,,
401022540,2018,regular,8,2018-10-20 18:30:00+00:00,2751,Wyoming,328,Utah State,4,13.5,13.5,13.5,13.5,13.5,0.0,0.0,0,,,,,,,,4,49.25,49.375,49.25,49.0,50.0,1.0,0.47871355387816905,0,,,,,,,
401022541,2018,regular,8,2018-10-20 23:30:00+00:00,167,New Mexico,278,Fresno State,4,14.0,14.0,14.0,14.0,14.0,0.0,0.0,0,,,,,,,,4,52.5,52.625,52.5,52.5,53.0,0.5,0.25,0,,,,,,,
401022542,2018,regular,8,2018-10-21 03:59:00+00:00,62,Hawai'i,2440,Nevada,4,-2.75,-2.625,-2.75,-3.0,-2.0,1.0,0.47871355387816905,0,,,,,,,,4,67.5,67.5,67.5,67.0,68.0,1.0,0.408248290463863,0,,,,,,,
401022543,2018,regular,8,2018-10-21 02:30:00+00:00,21,San Diego State,23,San José State,2,-25.75,-25.75,-25.75,-26.0,-25.5,0.5,0.3535533905932738,0,,,,,,,,2,44.5,44.5,44.5,44.5,44.5,0.0,0.0,0,,,,,,,
401022544,2018,regular,9,2018-10-27 23:00:00+00:00,2005,Air Force,68,Boise State,4,10.0,9.875,10.0,9.5,10.0,0.5,0.25,0,,,,,,,,4,57.75,57.75,57.75,57.5,58.0,0.5,0.28867513459481287,0,,,,,,,
401022545,2018,regular,9,2018-10-27 20:00:00+00:00,328,Utah State,167,New Mexico,4,-20.0,-19.875,-20.0,-20.0,-19.5,0.5,0.25,0,,,,,,,,4,64.75,64.75,64.75,64.0,65.5,1.5,0.6454972243679028,0,,,,,,,
401022546,2018,regular,9,2018-10-27 02:00:00+00:00,36,Colorado State,2751,Wyoming,4,3.0,3.125,3.0,3.0,3.5,0.5,0.25,0,,,,,,,,4,47.25,47.25,47.25,47.0,47.5,0.5,0.28867513459481287,0,,,,,,,
401022547,2018,regular,9,2018-10-28 02:30:00+00:00,278,Fresno State,62,Hawai'i,4,-25.0,-25.0,-25.0,-25.5,-24.5,1.0,0.408248290463863,0,,,,,,,,4,59.5,59.5,59.5,59.5,59.5,0.0,0.0,0,,,,,,,
401022548,2018,regular,9,2018-10-28 02:30:00+00:00,2440,Nevada,21,San Diego State,4,1.0,0.5,1.0,-1.0,1.0,2.0,1.0,0,,,,,,,,4,45.25,45.25,45.25,45.0,45.5,0.5,0.28867513459481287,0,,,,,,,
401022549,2018,regular,9,2018-10-27 22:30:00+00:00,23,San José State,2439,UNLV,2,-2.5,-2.5,-2.5,-2.5,-2.5,0.0,0.0,0,,,,,,,,2,57.25,57.25,57.25,57.0,57.5,0.5,0.3535533905932738,0,,,,,,,
401022550,2018,regular,10,2018-11-04 02:15:00+00:00,167,New Mexico,21,San Diego State,4,12.25,12.25,12.25,12.0,12.5,0.5,0.28867513459481287,0,,,,,,,,4,45.0,45.125,45.0,45.0,45.5,0.5,0.25,0,,,,,,,
401022551,2018,regular,10,2018-11-04 03:59:00+00:00,62,Hawai'i,328,Utah State,4,17.75,18.0,17.75,17.5,19.0,1.5,0.7071067811865476,0,,,,,,,,4,72.25,72.125,72.25,71.0,73.0,2.0,1.0307764064044151,0,,,,,,,
401022552,2018,regular,10,2018-11-03 18:00:00+00:00,2751,Wyoming,23,San José State,2,-17.5,-17.5,-17.5,-17.5,-17.5,0.0,0.0,0,,,,,,,,2,38.0,38.0,38.0,38.0,38.0,0.0,0.0,0,,,,,,,
401022553,2018,regular,10,2018-11-04 02:30:00+00:00,2439,UNLV,278,Fresno State,4,27.0,27.0,27.0,27.0,27.0,0.0,0.0,0,,,,,,,,4,59.5,59.25,59.5,58.5,59.5,1.0,0.5,0,,,,,,,
401022554,2018,regular,11,2018-11-10 20:30:00+00:00,2005,Air Force,167,New Mexico,4,-13.5,-13.625,-13.5,-14.0,-13.5,0.5,0.25,0,,,,,,,,4,55.0,55.0,55.0,55.0,55.0,0.0,0.0,0,,,,,,,
401022555,2018,regular,11,2018-11-11 03:30:00+00:00,2440,Nevada,36,Colorado State,4,-14.0,-14.125,-14.0,-14.5,-14.0,0.5,0.25,0,,,,,,,,4,61.5,61.625,61.5,61.5,62.0,0.5,0.25,0,,,,,,,
401022556,2018,regular,11,2018-11-10 03:15:00+00:00,68,Boise State,278,Fresno State,4,2.5,2.5,2.5,2.5,2.5,0.0,0.0,0,,,,,,,,4,55.75,55.75,55.75,55.5,56.0,0.5,0.28867513459481287,0,,,,,,,
401022557,2018,regular,11,2018-11-10 21:00:00+00:00,328,Utah State,23,San José State,2,-31.0,-31.0,-31.0,-31.0,-31.0,0.0,0.0,0,,,,,,,,2,63.25,63.25,63.25,63.0,63.5,0.5,0.3535533905932738,0,,,,,,,
401022558,2018,regular,11,2018-11-11 03:30:00+00:00,21,San Diego State,2439,UNLV,4,-24.0,-23.875,-24.0,-24.0,-23.5,0.5,0.25,0,,,,,,,,4,51.75,51.875,51.75,51.5,52.5,1.0,0.47871355387816905,0,,,,,,,
401022559,2018,regular,12,2018-11-17 21:00:00+00:00,2751,Wyoming,2005,Air Force,4,-3.0,-2.875,-3.0,-3.0,-2.5,0.5,0.25,0,,,,,,,,4,42.25,42.125,42.25,41.5,42.5,1.0,0.47871355387816905,0,,,,,,,
401022560,2018,regular,12,2018-11-17 02:00:00+00:00,167,New Mexico,68,Boise State,4,21.25,21.25,21.25,21.0,21.5,0.5,0.28867513459481287,0,,,,,,,,4,61.25,61.5,61.25,61.0,62.5,1.5,0.7071067811865476,0,,,,,,,
401022561,2018,regular,12,2018-11-17 19:00:00+00:00,36,Colorado State,328,Utah State,4,29.75,29.625,29.75,28.5,30.5,2.0,0.8539125638299665,0,,,,,,,,4,66.5,66.125,66.5,65.0,66.5,1.5,0.75,0,,,,,,,
401022562,2018,regular,12,2018-11-17 20:00:00+00:00,23,San José State,2440,Nevada,2,14.5,14.5,14.5,14.5,14.5,0.0,0.0,0,,,,,,,,2,59.5,59.5,59.5,59.5,59.5,0.0,0.0,0,,,,,,,
401022563,2018,regular,12,2018-11-18 03:30:00+00:00,278,Fresno State,21,San Diego State,4,-13.0,-12.375,-13.0,-13.0,-10.5,2.5,1.25,0,,,,,,,,4,42.25,42.25,42.25,42.0,42.5,0.5,0.28867513459481287,0,,,,,,,
401022564,2018,regular,12,2018-11-18 04:00:00+00:00,62,Hawai'i,2439,UNLV,4,-6.5,-6.5,-6.5,-7.0,-6.0,1.0,0.5773502691896257,0,,,,,,,,4,71.25,71.25,71.25,70.5,72.0,1.5,0.6454972243679028,0,,,,,,,
401022565,2018,regular,13,2018-11-22 20:30:00+00:00,2005,Air Force,36,Colorado State,4,-14.5,-14.5,-14.5,-14.5,-14.5,0.0,0.0,0,,,,,,,,4,64.0,64.125,64.0,64.0,64.5,0.5,0.25,0,,,,,,,
401022566,2018,regular,13,2018-11-25 03:15:00+00:00,68,Boise State,328,Utah State,4,-2.5,-2.5,-2.5,-2.5,-2.5,0.0,0.0,0,,,,,,,,4,64.75,64.75,64.75,64.5,65.0,0.5,0.28867513459481287,0,,,,,,,
401022567,2018,regular,13,2018-11-24 19:30:00+00:00,167,New Mexico,2751,Wyoming,4,7.0,7.0,7.0,7.0,7.0,0.0,0.0,0,,,,,,,,4,43.25,43.25,43.25,43.0,43.5,0.5,0.28867513459481287,0,,,,,,,
401022568,2018,regular,13,2018-11-25 03:30:00+00:00,21,San Diego State,62,Hawai'i,4,-17.75,-17.75,-17.75,-18.0,-17.5,0.5,0.28867513459481287,0,,,,,,,,4,53.75,53.75,53.75,53.5,54.0,0.5,0.28867513459481287,0,,,,,,,
401022569,2018,regular,13,2018-11-25 02:30:00+00:00,2439,UNLV,2440,Nevada,4,14.0,14.0,14.0,14.0,14.0,0.0,0.0,0,,,,,,,,4,60.75,60.75,60.75,60.5,61.0,0.5,0.28867513459481287,0,,,,,,,
401022570,2018,regular,13,2018-11-25 00:00:00+00:00,278,Fresno State,23,San José State,2,-31.5,-31.5,-31.5,-31.5,-31.5,0.0,0.0,0,,,,,,,,2,51.0,51.0,51.0,51.0,51.0,0.0,0.0,0,,,,,,,
401032054,2018,postseason,1,2018-12-15 19:00:00+00:00,249,North Texas,328,Utah State,4,7.0,7.0,7.0,7.0,7.0,0.0,0.0,0,,,,,,,,4,67.5,67.625,67.5,67.5,68.0,0.5,0.25,0,,,,,,,
401032055,2018,postseason,1,2018-12-15 20:30:00+00:00,278,Fresno State,9,Arizona State,4,-6.0,-6.0,-6.0,-6.0,-6.0,0.0,0.0,0,,,,,,,,4,54.0,54.125,54.0,54.0,54.5,0.5,0.25,0,,,,,,,
401032056,2018,postseason,1,2018-12-15 22:30:00+00:00,2199,Eastern Michigan,290,Georgia Southern,4,2.75,2.75,2.75,2.5,3.0,0.5,0.28867513459481287,0,,,,,,,,4,45.5,45.5,45.5,45.5,45.5,0.0,0.0,0,,,,,,,
401032057,2018,postseason,1,2018-12-16 02:00:00+00:00,2026,App State,2393,Middle Tennessee,4,-6.5,-6.5,-6.5,-6.5,-6.5,0.0,0.0,0,,,,,,,,4,48.0,48.375,48.0,48.0,49.5,1.5,0.75,0,,,,,,,
401032058,2018,postseason,1,2018-12-19 00:00:00+00:00,2459,Northern Illinois,5,UAB,3,1.5,1.5,1.5,1.0,2.0,1.0,0.5,0,,,,,,,,4,41.5,41.5,41.5,41.5,41.5,0.0,0.0,0,,,,,,,
401032059,2018,postseason,1,2018-12-20 01:00:00+00:00,195,Ohio,21,San Diego State,4,-2.25,-2.25,-2.25,-2.5,-2.0,0.5,0.28867513459481287,0,,,,,,,,4,48.5,48.75,48.5,48.0,50.0,2.0,0.9574271077563381,0,,,,,,,
401032060,2018,postseason,1,2018-12-21 01:00:00+00:00,58,South Florida,276,Marshall,4,3.25,3.25,3.25,3.0,3.5,0.5,0.28867513459481287,0,,,,,,,,4,50.5,50.625,50.5,50.0,51.5,1.5,0.75,0,,,,,,,
401032061,2018,postseason,1,2018-12-21 17:30:00+00:00,2649,Toledo,2229,Florida International,4,-7.0,-7.0,-7.0,-7.0,-7.0,0.0,0.0,0,,,,,,,,4,57.5,57.375,57.5,57.0,57.5,0.5,0.25,0,,,,,,,
401032062,2018,postseason,1,2018-12-21 21:00:00+00:00,252,BYU,2711,Western Michigan,4,-10.0,-10.125,-10.0,-10.5,-10.0,0.5,0.25,0,,,,,,,,4,52.0,52.0,52.0,52.0,52.0,0.0,0.0,0,,,,,,,
401032063,2018,postseason,1,2018-12-22 17:00:00+00:00,154,Wake Forest,235,Memphis,4,2.5,2.375,2.5,2.0,2.5,0.5,0.25,0,,,,,,,,4,71.5,71.5,71.5,71.0,72.0,1.0,0.5773502691896257,0,,,,,,,
401032064,2018,postseason,1,2018-12-22 20:30:00+00:00,349,Army,248,Houston,4,-6.5,-6.5,-6.5,-6.5,-6.5,0.0,0.0,0,,,,,,,,4,57.0,56.875,57.0,56.0,57.5,1.5,0.6291528696058958,0,,,,,,,
401032065,2018,postseason,1,2018-12-23 00:00:00+00:00,2653,Troy,2084,Buffalo,2,2.0,2.0,2.0,2.0,2.0,0.0,0.0,0,,,,,,,,2,50.75,50.75,50.75,50.5,51.0,0.5,0.3535533905932738,0,,,,,,,
401032066,2018,postseason,1,2018-12-23 03:30:00+00:00,2348,Louisiana Tech,62,Hawai'i,4,-1.5,-1.5,-1.5,-2.0,-1.0,1.0,0.5773502691896257,0,,,,,,,,4,61.25,61.25,61.25,60.5,62.0,1.5,0.6454972243679028,0,,,,,,,
401032068,2018,postseason,1,2018-12-26 22:15:00+00:00,59,Georgia Tech,135,Minnesota,4,-5.75,-5.75,-5.75,-6.0,-5.5,0.5,0.28867513459481287,0,,,,,,,,4,56.75,56.75,56.75,56.5,57.0,0.5,0.28867513459481287,0,,,,,,,
401032069,2018,postseason,1,2018-12-27 02:00:00+00:00,2628,TCU,25,California,3,-1.5,-0.5,-1.5,-1.5,1.5,3.0,1.7320508075688772,0,,,,,,,,4,38.5,38.5,38.5,38.5,38.5,0.0,0.0,0,,,,,,,
401032070,2018,postseason,1,2018-12-27 18:30:00+00:00,150,Duke,218,Temple,4,3.5,3.375,3.5,3.0,3.5,0.5,0.25,0,,,,,,,,4,55.5,55.25,55.5,53.5,56.5,3.0,1.3228756555322954,0,,,,,,,
401032071,2018,postseason,1,2018-12-27 22:15:00+00:00,275,Wisconsin,2390,Miami,4,2.5,2.625,2.5,2.5,3.0,0.5,0.25,0,,,,,,,,4,44.0,44.375,44.0,43.5,46.0,2.5,1.1086778913041726,0,,,,,,,
401032072,2018,postseason,1,2018-12-28 02:00:00+00:00,238,Vanderbilt,239,Baylor,4,-4.0,-4.125,-4.0,-4.5,-4.0,0.5,0.25,0,,,,,,,,4,56.75,56.5,56.75,55.5,57.0,1.5,0.7071067811865476,0,,,,,,,
401032073,2018,postseason,1,2018-12-28 18:30:00+00:00,2,Auburn,2509,Purdue,4,-3.5,-3.5,-3.5,-3.5,-3.5,0.0,0.0,0,,,,,,,,4,57.75,57.625,57.75,55.5,59.5,4.0,1.75,0,,,,,,,
401032074,2018,postseason,1,2018-12-28 22:15:00+00:00,183,Syracuse,277,West Virginia,4,-3.0,-2.625,-3.0,-3.0,-1.5,1.5,0.75,0,,,,,,,,4,67.0,66.875,67.0,66.0,67.5,1.5,0.75,0,,,,,,,
401032075,2018,postseason,1,2018-12-29 02:00:00+00:00,265,Washington State,66,Iowa State,4,-2.5,-2.5,-2.5,-3.0,-2.0,1.0,0.408248290463863,0,,,,,,,,4,56.25,56.25,56.25,56.0,56.5,0.5,0.28867513459481287,0,,,,,,,
401032076,2018,postseason,1,2018-12-29 17:00:00+00:00,130,Michigan,57,Florida,4,-4.25,-4.625,-4.25,-6.0,-4.0,2.0,0.9464847243000456,0,,,,,,,,4,51.0,51.0,51.0,50.5,51.5,1.0,0.408248290463863,0,,,,,,,
401032077,2018,postseason,1,2018-12-29 17:00:00+00:00,258,Virginia,2579,South Carolina,4,3.5,4.0,3.5,3.5,5.5,2.0,1.0,0,,,,,,,,4,53.75,53.75,53.75,53.5,54.0,0.5,0.28867513459481287,0,,,,,,,
401032078,2018,postseason,1,2018-12-30 01:00:00+00:00,333,Alabama,201,Oklahoma,3,-14.5,-14.166666666666666,-14.5,-14.5,-13.5,1.0,0.5773502691896257,0,,,,,,,,3,80.5,79.66666666666667,80.5,77.0,81.5,4.5,2.3629078131263044,0,,,,,,,
401032079,2018,postseason,1,2018-12-29 21:00:00+00:00,228,Clemson,87,Notre Dame,3,-10.5,-11.0,-10.5,-12.0,-10.5,1.5,0.8660254037844386,0,,,,,,,,3,58.0,57.333333333333336,58.0,56.0,58.0,2.0,1.1547005383792515,0,,,,,,,
401032080,2018,postseason,1,2018-12-31 17:00:00+00:00,259,Virginia Tech,2132,Cincinnati,2,5.5,5.5,5.5,5.5,5.5,0.0,0.0,0,,,,,,,,2,49.0,49.0,49.0,48.5,49.5,1.0,0.7071067811865476,0,,,,,,,
401032081,2018,postseason,1,2018-12-31 20:45:00+00:00,197,Oklahoma State,142,Missouri,4,9.25,9.125,9.25,8.5,9.5,1.0,0.47871355387816905,0,,,,,,,,4,72.75,73.0,72.75,72.0,74.5,2.5,1.0801234497346435,0,,,,,,,
401032082,2018,postseason,1,2019-01-01 00:30:00+00:00,245,Texas A&M,152,NC State,4,-7.25,-7.25,-7.25,-7.5,-7.0,0.5,0.28867513459481287,0,,,,,,,,4,58.25,58.125,58.25,57.5,58.5,1.0,0.47871355387816905,0,,,,,,,
401032083,2018,postseason,1,2019-01-01 17:00:00+00:00,2294,Iowa,344,Mississippi State,4,7.0,7.125,7.0,7.0,7.5,0.5,0.25,0,,,,,,,,4,40.0,40.75,40.0,39.5,43.5,4.0,1.8484227510682363,0,,,,,,,
401032084,2018,postseason,1,2019-01-01 18:00:00+00:00,2116,UCF,99,LSU,2,7.5,7.5,7.5,7.5,7.5,0.0,0.0,0,,,,,,,,2,57.75,57.75,57.75,57.5,58.0,0.5,0.3535533905932738,0,,,,,,,
401032085,2018,postseason,1,2019-01-01 22:00:00+00:00,194,Ohio State,264,Washington,3,-5.5,-5.666666666666667,-5.5,-6.5,-5.0,1.5,0.7637626158259734,0,,,,,,,,4,55.5,56.125,55.5,55.5,58.0,2.5,1.25,0,,,,,,,
401032086,2018,postseason,1,2019-01-02 01:45:00+00:00,61,Georgia,251,Texas,4,-12.5,-12.625,-12.5,-13.5,-12.0,1.5,0.75,0,,,,,,,,4,59.25,59.125,59.25,58.0,60.0,2.0,0.8539125638299665,0,,,,,,,
401032087,2018,postseason,1,2019-01-08 01:00:00+00:00,333,Alabama,228,Clemson,3,-5.5,-5.5,-5.5,-5.5,-5.5,0.0,0.0,0,,,,,,,,3,56.5,56.833333333333336,56.5,56.5,57.5,1.0,0.5773502691896257,0,,,,,,,
401032088,2018,postseason,1,2019-01-01 18:00:00+00:00,213,Penn State,96,Kentucky,4,-4.75,-5.125,-4.75,-6.5,-4.5,2.0,0.9464847243000456,0,,,,,,,,4,47.5,47.625,47.5,47.5,48.0,0.5,0.25,0,,,,,,,
401035250,2018,postseason,1,2019-01-01 00:00:00+00:00,254,Utah,77,Northwestern,4,-6.75,-6.75,-6.75,-7.0,-6.5,0.5,0.28867513459481287,0,,,,,,,,4,43.5,44.0,43.5,43.0,46.0,3.0,1.4142135623730951,0,,,,,,,
401035251,2018,postseason,1,2018-12-31 19:00:00+00:00,221,Pittsburgh,24,Stanford,4,3.5,3.875,3.5,3.0,5.5,2.5,1.1086778913041726,0,,,,,,,,4,52.25,52.375,52.25,52.0,53.0,1.0,0.47871355387816905,0,,,,,,,
401035252,2018,postseason,1,2018-12-29 18:15:00+00:00,2440,Nevada,2032,Arkansas State,4,-1.5,-0.875,-1.5,-2.0,1.5,3.5,1.6007810593582121,0,,,,,,,,4,56.5,56.75,56.5,56.0,58.0,2.0,0.8660254037844386,0,,,,,,,
401035253,2018,postseason,1,2018-12-15 18:30:00+00:00,309,Louisiana,2655,Tulane,4,3.0,3.125,3.0,3.0,3.5,0.5,0.25,0,,,,,,,,4,60.5,60.375,60.5,60.0,60.5,0.5,0.25,0,,,,,,,
401035254,2018,postseason,1,2018-12-31 20:00:00+00:00,2483,Oregon,127,Michigan State,4,0.75,0.125,0.75,-2.5,1.5,4.0,1.796988221070652,0,,,,,,,,4,47.5,47.125,47.5,45.5,48.0,2.5,1.1814539065631522,0,,,,,,,
401056696,2018,regular,14,2018-12-01 00:00:00+00:00,2084,Buffalo,2459,Northern Illinois,2,-3.25,-3.25,-3.25,-3.5,-3.0,0.5,0.3535533905932738,0,,,,,,,,2,51.0,51.0,51.0,51.0,51.0,0.0,0.0,0,,,,,,,
401056697,2018,regular,14,2018-12-02 01:00:00+00:00,221,Pittsburgh,228,Clemson,4,27.75,27.625,27.75,27.0,28.0,1.0,0.47871355387816905,0,,,,,,,,4,53.0,52.75,53.0,52.0,53.0,1.0,0.5,0,,,,,,,
401056698,2018,regular,14,2018-12-01 17:00:00+00:00,201,Oklahoma,251,Texas,4,-9.5,-9.5,-9.5,-9.5,-9.5,0.0,0.0,0,,,,,,,,4,79.75,79.875,79.75,79.5,80.5,1.0,0.47871355387816905,0,,,,,,,
401056699,2018,regular,14,2018-12-01 20:45:00+00:00,2116,UCF,235,Memphis,2,-2.25,-2.25,-2.25,-3.5,-1.0,2.5,1.7677669529663689,0,,,,,,,,2,64.5,64.5,64.5,64.0,65.0,1.0,0.7071067811865476,0,,,,,,,
401056700,2018,regular,14,2018-12-02 00:45:00+00:00,68,Boise State,278,Fresno State,4,-1.75,-1.625,-1.75,-2.0,-1.0,1.0,0.47871355387816905,0,,,,,,,,4,51.0,51.0,51.0,50.5,51.5,1.0,0.5773502691896257,0,,,,,,,
401056701,2018,regular,14,2018-12-01 17:00:00+00:00,2026,App State,309,Louisiana,4,-17.25,-17.25,-17.25,-17.5,-17.0,0.5,0.28867513459481287,0,,,,,,,,4,55.0,54.875,55.0,54.0,55.5,1.5,0.6291528696058958,0,,,,,,,
401056702,2018,regular,14,2018-12-02 01:00:00+00:00,194,Ohio State,77,Northwestern,4,-16.5,-16.5,-16.5,-16.5,-16.5,0.0,0.0,0,,,,,,,,4,63.0,63.0,63.0,62.5,63.5,1.0,0.5773502691896257,0,,,,,,,
401056703,2018,regular,14,2018-12-01 18:30:00+00:00,2393,Middle Tennessee,5,UAB,3,-1.0,-1.1666666666666667,-1.0,-1.5,-1.0,0.5,0.28867513459481287,0,,,,,,,,3,44.0,44.0,44.0,44.0,44.0,0.0,0.0,0,,,,,,,
401056704,2018,regular,14,2018-12-01 01:00:00+00:00,264,Washington,254,Utah,4,-4.75,-4.875,-4.75,-5.5,-4.5,1.0,0.47871355387816905,0,,,,,,,,4,45.0,44.75,45.0,43.5,45.5,2.0,0.8660254037844386,0,,,,,,,
401056705,2018,regular,14,2018-12-01 21:00:00+00:00,61,Georgia,333,Alabama,4,12.0,11.75,12.0,11.0,12.0,1.0,0.5,0,,,,,,,,4,62.5,62.5,62.5,62.0,63.0,1.0,0.5773502691896257,0,,,,,,,
401079833,2018,regular,1,2018-09-02 19:30:00+00:00,151,East Carolina,2448,North Carolina A&T,1,-13.0,-13.0,-13.0,-13.0,-13.0,0.0,0.0,0,,,,,,,,1,64.5,64.5,64.5,64.5,64.5,0.0,0.0,0,,,,,,,
401081953,2018,regular,14,2018-12-01 19:00:00+00:00,2335,Liberty,2450,Norfolk State,1,-30.5,-30.5,-30.5,-30.5,-30.5,0.0,0.0,0,,,,,,,,0,,,,,,,,0,,,,,,,
401082044,2018,regular,14,2018-12-01 17:00:00+00:00,66,Iowa State,2181,Drake,1,-41.0,-41.0,-41.0,-41.0,-41.0,0.0,0.0,0,,,,,,,,0,,,,,,,,0,,,,,,,
401085385,2018,regular,9,2018-10-27 16:00:00+00:00,158,Nebraska,2065,Bethune-Cookman,1,-48.0,-48.0,-48.0,-48.0,-48.0,0.0,0.0,0,,,,,,,,0,,,,,,,,0,,,,,,,
401088766,2018,regular,14,2018-12-01 17:00:00+00:00,152,NC State,151,East Carolina,4,-25.25,-25.125,-25.25,-25.5,-24.5,1.0,0.47871355387816905,0,,,,,,,,4,61.0,60.625,61.0,59.5,61.0,1.5,0.75,0,,,,,,,
401098253,2018,regular,14,2018-12-01 17:00:00+00:00,2579,South Carolina,2006,Akron,4,-28.75,-28.75,-28.75,-29.0,-28.5,0.5,0.28867513459481287,0,,,,,,,,3,56.0,55.833333333333336,56.0,55.0,56.5,1.5,0.7637626158259734,0,,,,,,,
401099853,2018,regular,14,2018-12-01 20:00:00+00:00,25,California,24,Stanford,4,3.0,3.0,3.0,3.0,3.0,0.0,0.0,0,,,,,,,,4,46.0,46.0,46.0,45.5,46.5,1.0,0.408248290463863,0,,,,,,,
401100159,2018,regular,14,2018-12-01 17:00:00+00:00,259,Virginia Tech,276,Marshall,4,-3.5,-3.5,-3.5,-3.5,-3.5,0.0,0.0,0,,,,,,,,4,51.25,51.25,51.25,51.0,51.5,0.5,0.28867513459481287,0,,,,,,,
