game_id,season,season_type,week,start_date,home_team_id,home_team,away_team_id,away_team,spread_provider_count,consensus_spread,spread_mean,spread_median,spread_min,spread_max,spread_range,spread_stddev,spread_open_provider_count,consensus_spread_open,spread_open_mean,spread_open_median,spread_open_min,spread_open_max,spread_open_range,spread_open_stddev,total_provider_count,consensus_total,total_mean,total_median,total_min,total_max,total_range,total_stddev,total_open_provider_count,consensus_total_open,total_open_mean,total_open_median,total_open_min,total_open_max,total_open_range,total_open_stddev
401207098,2020,regular,1,2020-09-05 23:30:00+00:00,249,North Texas,2277,Houston Christian,2,-23.0,-23.0,-23.0,-23.0,-23.0,0.0,0.0,0,,,,,,,,2,74.25,74.25,74.25,74.0,74.5,0.5,0.3535533905932738,0,,,,,,,
401207101,2020,regular,1,2020-09-04 01:00:00+00:00,2572,Southern Miss,6,South Alabama,5,-12.5,-12.4,-12.5,-12.5,-12.0,0.5,0.22360679774997896,0,,,,,,,,5,55.0,54.9,55.0,54.5,55.5,1.0,0.4183300132670378,0,,,,,,,
401207102,2020,regular,8,2020-10-24 20:00:00+00:00,98,Western Kentucky,236,Chattanooga,2,-14.0,-14.0,-14.0,-14.0,-14.0,0.0,0.0,0,,,,,,,,2,53.25,53.25,53.25,53.0,53.5,0.5,0.3535533905932738,0,,,,,,,
401207106,2020,regular,3,2020-09-19 23:30:00+00:00,2572,Southern Miss,2348,Louisiana Tech,5,-7.0,-6.9,-7.0,-7.0,-6.5,0.5,0.22360679774997896,0,,,,,,,,5,59.0,58.9,59.0,58.5,59.5,1.0,0.4183300132670378,0,,,,,,,
401207113,2020,regular,2,2020-09-12 19:30:00+00:00,326,Texas State,2636,UTSA,5,-6.0,-6.2,-6.0,-6.5,-6.0,0.5,0.27386127875258304,0,,,,,,,,5,56.5,56.5,56.5,56.5,56.5,0.0,0.0,0,,,,,,,
401207120,2020,regular,3,2020-09-19 22:00:00+00:00,249,North Texas,2567,SMU,5,14.5,14.7,14.5,14.5,15.0,0.5,0.27386127875258304,0,,,,,,,,5,71.5,71.9,71.5,71.5,72.5,1.0,0.5477225575051661,0,,,,,,,
401207124,2020,regular,3,2020-09-19 16:00:00+00:00,98,Western Kentucky,2335,Liberty,5,-14.5,-14.8,-14.5,-15.5,-14.5,1.0,0.4472135954999579,0,,,,,,,,5,51.5,51.7,51.5,51.5,52.0,0.5,0.27386127875258304,0,,,,,,,
401207126,2020,regular,4,2020-09-26 17:00:00+00:00,2335,Liberty,2229,Florida International,5,-9.5,-9.7,-9.5,-10.0,-9.5,0.5,0.27386127875258304,0,,,,,,,,5,60.5,60.6,60.5,60.5,61.0,0.5,0.22360679774997896,0,,,,,,,
401207132,2020,regular,4,2020-09-24 23:30:00+00:00,6,South Alabama,5,UAB,5,7.5,7.6,7.5,7.5,8.0,0.5,0.22360679774997896,0,,,,,,,,5,47.5,47.6,47.5,47.5,48.0,0.5,0.22360679774997896,0,,,,,,,
401207134,2020,regular,4,2020-09-26 00:00:00+00:00,2636,UTSA,2393,Middle Tennessee,4,-6.0,-6.125,-6.0,-6.5,-6.0,0.5,0.25,0,,,,,,,,4,58.75,58.875,58.75,58.5,59.5,1.0,0.47871355387816905,0,,,,,,,
401207136,2020,regular,5,2020-10-03 20:00:00+00:00,2226,Florida Atlantic,2429,Charlotte,5,-5.0,-5.1,-5.0,-5.5,-5.0,0.5,0.22360679774997896,0,,,,,,,,5,62.5,62.5,62.5,62.0,63.0,1.0,0.3535533905932738,0,,,,,,,
401207138,2020,regular,5,2020-10-03 21:00:00+00:00,2393,Middle Tennessee,98,Western Kentucky,5,7.0,7.1,7.0,7.0,7.5,0.5,0.22360679774997896,0,,,,,,,,5,52.5,52.3,52.5,52.0,52.5,0.5,0.27386127875258304,0,,,,,,,
401207139,2020,regular,5,2020-10-03 23:30:00+00:00,249,North Texas,2572,Southern Miss,5,-1.5,-1.7,-1.5,-2.5,-1.0,1.5,0.570087712549569,0,,,,,,,,5,74.0,74.0,74.0,73.5,74.5,1.0,0.3535533905932738,0,,,,,,,
401207141,2020,regular,5,2020-10-03 16:30:00+00:00,5,UAB,2636,UTSA,4,-21.5,-21.625,-21.5,-22.5,-21.0,1.5,0.6291528696058958,0,,,,,,,,4,55.5,55.375,55.5,55.0,55.5,0.5,0.25,0,,,,,,,
401207142,2020,regular,6,2020-10-11 00:00:00+00:00,249,North Texas,2429,Charlotte,5,3.0,2.9,3.0,2.5,3.0,0.5,0.22360679774997896,0,,,,,,,,5,66.0,66.6,66.0,66.0,68.5,2.5,1.08397416943394,0,,,,,,,
401207143,2020,regular,6,2020-10-10 20:00:00+00:00,2229,Florida International,2393,Middle Tennessee,6,-6.5,-6.083333333333333,-6.5,-7.0,-3.5,3.5,1.2812754062521714,0,,,,,,,,6,56.75,56.833333333333336,56.75,56.5,57.5,1.0,0.408248290463863,0,,,,,,,
401207145,2020,regular,6,2020-10-10 23:30:00+00:00,2348,Louisiana Tech,2638,UTEP,6,-14.5,-14.416666666666666,-14.5,-14.5,-14.0,0.5,0.2041241452319315,0,,,,,,,,6,55.5,54.916666666666664,55.5,51.5,56.0,4.5,1.6857243744653712,0,,,,,,,
401207146,2020,regular,6,2020-10-10 23:30:00+00:00,98,Western Kentucky,276,Marshall,6,6.5,6.666666666666667,6.5,6.5,7.0,0.5,0.25819888974716115,0,,,,,,,,6,43.0,43.25,43.0,43.0,44.5,1.5,0.6123724356957945,0,,,,,,,
401207149,2020,regular,7,2020-10-17 22:00:00+00:00,2348,Louisiana Tech,276,Marshall,5,12.0,11.8,12.0,11.5,12.0,0.5,0.27386127875258304,0,,,,,,,,5,48.0,48.1,48.0,47.5,48.5,1.0,0.4183300132670378,0,,,,,,,
401207150,2020,regular,7,2020-10-17 21:00:00+00:00,2393,Middle Tennessee,249,North Texas,5,-3.5,-3.5,-3.5,-3.5,-3.5,0.0,0.0,0,,,,,,,,5,71.5,71.5,71.5,70.5,72.0,1.5,0.6123724356957945,0,,,,,,,
401207153,2020,regular,7,2020-10-17 17:30:00+00:00,5,UAB,98,Western Kentucky,6,-11.5,-11.25,-11.5,-11.5,-10.5,1.0,0.4183300132670378,0,,,,,,,,6,44.0,43.833333333333336,44.0,43.5,44.0,0.5,0.25819888974716115,0,,,,,,,
401207154,2020,regular,8,2020-10-24 16:00:00+00:00,2429,Charlotte,2638,UTEP,6,-17.5,-17.416666666666668,-17.5,-17.5,-17.0,0.5,0.2041241452319315,0,,,,,,,,6,50.0,49.833333333333336,50.0,49.5,50.0,0.5,0.25819888974716115,0,,,,,,,
401207156,2020,regular,8,2020-10-24 18:30:00+00:00,276,Marshall,2226,Florida Atlantic,6,-19.0,-19.0,-19.0,-20.0,-18.0,2.0,0.7071067811865476,0,,,,,,,,6,51.0,50.833333333333336,51.0,50.5,51.0,0.5,0.25819888974716115,0,,,,,,,
401207157,2020,regular,8,2020-10-25 00:00:00+00:00,2636,UTSA,2348,Louisiana Tech,5,2.5,2.4,2.5,2.0,2.5,0.5,0.22360679774997896,0,,,,,,,,5,53.5,53.5,53.5,52.5,54.0,1.5,0.6123724356957945,0,,,,,,,
401207158,2020,regular,8,2020-10-24 19:30:00+00:00,242,Rice,2393,Middle Tennessee,6,-3.75,-3.8333333333333335,-3.75,-4.5,-3.5,1.0,0.408248290463863,0,,,,,,,,6,48.25,48.416666666666664,48.25,48.0,49.0,1.0,0.4915960401250875,0,,,,,,,
401207160,2020,regular,8,2020-10-24 17:00:00+00:00,2335,Liberty,2572,Southern Miss,6,-14.0,-14.166666666666666,-14.0,-14.5,-14.0,0.5,0.25819888974716115,0,,,,,,,,6,59.5,59.583333333333336,59.5,58.5,60.5,2.0,0.6645800679125629,0,,,,,,,
401207162,2020,regular,9,2020-10-31 16:00:00+00:00,2226,Florida Atlantic,2636,UTSA,5,-4.5,-4.7,-4.5,-5.0,-4.5,0.5,0.27386127875258304,0,,,,,,,,5,47.0,46.5,47.0,45.5,47.0,1.5,0.7071067811865476,0,,,,,,,
401207163,2020,regular,9,2020-10-31 19:30:00+00:00,2348,Louisiana Tech,5,UAB,6,12.75,12.333333333333334,12.75,10.0,13.0,3.0,1.1690451944500122,0,,,,,,,,5,47.0,47.1,47.0,46.5,47.5,1.0,0.4183300132670378,0,,,,,,,
401207166,2020,regular,9,2020-10-31 19:00:00+00:00,2572,Southern Miss,242,Rice,5,1.0,0.2,1.0,-3.0,1.5,4.5,1.8907670401189036,0,,,,,,,,4,58.75,58.875,58.75,58.5,59.5,1.0,0.47871355387816905,0,,,,,,,
401207169,2020,regular,10,2020-11-07 23:00:00+00:00,2226,Florida Atlantic,98,Western Kentucky,5,-7.0,-6.8,-7.0,-7.0,-6.5,0.5,0.27386127875258304,0,,,,,,,,5,38.0,38.6,38.0,37.5,41.0,3.5,1.3874436925511608,0,,,,,,,
401207174,2020,regular,11,2020-11-14 00:00:00+00:00,2229,Florida International,2226,Florida Atlantic,5,9.5,9.5,9.5,9.5,9.5,0.0,0.0,0,,,,,,,,5,42.0,41.8,42.0,41.5,42.0,0.5,0.27386127875258304,0,,,,,,,
401207176,2020,regular,11,2020-11-14 17:00:00+00:00,276,Marshall,2393,Middle Tennessee,5,-23.5,-23.7,-23.5,-24.0,-23.5,0.5,0.27386127875258304,0,,,,,,,,5,55.5,55.5,55.5,55.5,55.5,0.0,0.0,0,,,,,,,
401207178,2020,regular,11,2020-11-14 20:30:00+00:00,98,Western Kentucky,2572,Southern Miss,5,-7.5,-7.7,-7.5,-8.0,-7.5,0.5,0.27386127875258304,0,,,,,,,,5,45.0,44.9,45.0,44.5,45.0,0.5,0.22360679774997896,0,,,,,,,
401207179,2020,regular,11,2020-11-14 20:00:00+00:00,2636,UTSA,2638,UTEP,5,-6.0,-5.8,-6.0,-6.0,-5.5,0.5,0.27386127875258304,0,,,,,,,,5,45.5,45.3,45.5,45.0,45.5,0.5,0.27386127875258304,0,,,,,,,
401207181,2020,regular,12,2020-11-21 19:00:00+00:00,98,Western Kentucky,2229,Florida International,5,-7.0,-7.0,-7.0,-7.5,-6.5,1.0,0.3535533905932738,0,,,,,,,,5,42.0,41.9,42.0,41.5,42.5,1.0,0.4183300132670378,0,,,,,,,
401207184,2020,regular,12,2020-11-21 19:00:00+00:00,249,North Texas,242,Rice,4,-2.5,-2.5,-2.5,-2.5,-2.5,0.0,0.0,0,,,,,,,,4,65.5,65.375,65.5,65.0,65.5,0.5,0.25,0,,,,,,,
401207185,2020,regular,12,2020-11-21 20:00:00+00:00,2572,Southern Miss,2636,UTSA,5,9.0,9.2,9.0,9.0,9.5,0.5,0.27386127875258304,0,,,,,,,,5,52.5,52.4,52.5,51.5,53.0,1.5,0.5477225575051661,0,,,,,,,
401207191,2020,regular,13,2020-11-28 20:00:00+00:00,2636,UTSA,249,North Texas,5,-1.5,-1.5,-1.5,-2.0,-1.0,1.0,0.3535533905932738,0,,,,,,,,5,67.0,67.2,67.0,67.0,67.5,0.5,0.27386127875258304,0,,,,,,,
401207200,2020,regular,11,2020-11-14 17:00:00+00:00,2655,Tulane,349,Army,5,-3.0,-3.1,-3.0,-3.5,-3.0,0.5,0.22360679774997896,0,,,,,,,,5,46.5,46.4,46.5,46.0,46.5,0.5,0.22360679774997896,0,,,,,,,
401207203,2020,regular,15,2020-12-12 20:00:00+00:00,349,Army,2426,Navy,5,-7.5,-7.5,-7.5,-7.5,-7.5,0.0,0.0,0,,,,,,,,5,35.5,35.7,35.5,35.5,36.0,0.5,0.27386127875258304,0,,,,,,,
401207215,2020,regular,6,2020-10-10 16:00:00+00:00,2335,Liberty,2433,UL Monroe,5,-17.0,-17.6,-17.0,-19.5,-17.0,2.5,1.08397416943394,0,,,,,,,,5,63.5,62.9,63.5,60.5,63.5,3.0,1.3416407864998738,0,,,,,,,
401207218,2020,regular,11,2020-11-14 17:00:00+00:00,2335,Liberty,2717,Western Carolina,1,-39.0,-39.0,-39.0,-39.0,-39.0,0.0,0.0,0,,,,,,,,1,63.0,63.0,63.0,63.0,63.0,0.0,0.0,0,,,,,,,
401209818,2020,regular,12,2020-11-21 20:00:00+00:00,252,BYU,2453,North Alabama,1,-50.0,-50.0,-50.0,-50.0,-50.0,0.0,0.0,0,,,,,,,,1,63.0,63.0,63.0,63.0,63.0,0.0,0.0,0,,,,,,,
401212476,2020,regular,5,2020-10-03 19:30:00+00:00,2132,Cincinnati,58,South Florida,5,-22.0,-22.2,-22.0,-22.5,-22.0,0.5,0.27386127875258304,0,,,,,,,,5,45.5,45.3,45.5,44.5,45.5,1.0,0.4472135954999579,0,,,,,,,
401212477,2020,regular,6,2020-10-10 23:00:00+00:00,58,South Florida,151,East Carolina,5,-5.5,-5.4,-5.5,-6.0,-4.5,1.5,0.5477225575051661,0,,,,,,,,5,58.0,57.5,58.0,54.5,58.5,4.0,1.695582495781317,0,,,,,,,
401212478,2020,regular,7,2020-10-17 16:00:00+00:00,218,Temple,58,South Florida,6,-14.0,-13.833333333333334,-14.0,-14.5,-13.0,1.5,0.5163977794943223,0,,,,,,,,6,52.75,52.833333333333336,52.75,52.5,53.5,1.0,0.408248290463863,0,,,,,,,
401212479,2020,regular,8,2020-10-23 23:30:00+00:00,58,South Florida,202,Tulsa,6,11.75,11.583333333333334,11.75,10.5,12.0,1.5,0.5845225972250061,0,,,,,,,,6,51.5,51.333333333333336,51.5,50.5,51.5,1.0,0.408248290463863,0,,,,,,,
401212480,2020,regular,10,2020-11-07 17:00:00+00:00,235,Memphis,58,South Florida,5,-17.5,-17.8,-17.5,-18.5,-17.5,1.0,0.4472135954999579,0,,,,,,,,5,67.5,66.9,67.5,65.0,67.5,2.5,1.08397416943394,0,,,,,,,
401212481,2020,regular,11,2020-11-14 20:30:00+00:00,248,Houston,58,South Florida,5,-14.5,-14.6,-14.5,-15.0,-14.5,0.5,0.22360679774997896,0,,,,,,,,5,58.5,58.5,58.5,58.5,58.5,0.0,0.0,0,,,,,,,
401212483,2020,regular,13,2020-11-27 20:30:00+00:00,58,South Florida,2116,UCF,5,25.5,25.4,25.5,25.0,26.0,1.0,0.4183300132670378,0,,,,,,,,5,70.5,70.3,70.5,69.5,70.5,1.0,0.4472135954999579,0,,,,,,,
401212484,2020,regular,1,2020-09-05 20:30:00+00:00,326,Texas State,2567,SMU,5,24.5,24.8,24.5,24.5,25.5,1.0,0.4472135954999579,0,,,,,,,,5,70.0,70.0,70.0,69.5,70.5,1.0,0.3535533905932738,0,,,,,,,
401212485,2020,regular,4,2020-09-26 23:00:00+00:00,2567,SMU,2617,Stephen F. Austin,1,-38.5,-38.5,-38.5,-38.5,-38.5,0.0,0.0,0,,,,,,,,1,63.5,63.5,63.5,63.5,63.5,0.0,0.0,0,,,,,,,
401212486,2020,regular,5,2020-10-03 19:30:00+00:00,2567,SMU,235,Memphis,5,-2.0,-2.1,-2.0,-2.5,-1.5,1.0,0.4183300132670378,0,,,,,,,,5,75.0,74.9,75.0,74.5,75.5,1.0,0.4183300132670378,0,,,,,,,
401212487,2020,regular,7,2020-10-16 22:00:00+00:00,2655,Tulane,2567,SMU,6,6.5,6.5,6.5,6.5,6.5,0.0,0.0,0,,,,,,,,6,65.0,65.16666666666667,65.0,64.5,66.0,1.5,0.5163977794943223,0,,,,,,,
401212488,2020,regular,8,2020-10-25 01:00:00+00:00,2567,SMU,2132,Cincinnati,5,-1.0,-1.0,-1.0,-1.5,0.0,1.5,0.6123724356957945,0,,,,,,,,5,57.0,56.8,57.0,56.5,57.0,0.5,0.27386127875258304,0,,,,,,,
401212489,2020,regular,9,2020-10-31 23:30:00+00:00,2567,SMU,2426,Navy,6,-13.25,-13.416666666666666,-13.25,-14.0,-13.0,1.0,0.4915960401250875,0,,,,,,,,5,58.5,58.6,58.5,58.5,59.0,0.5,0.22360679774997896,0,,,,,,,
401212490,2020,regular,10,2020-11-07 17:00:00+00:00,218,Temple,2567,SMU,4,17.25,17.125,17.25,16.5,17.5,1.0,0.47871355387816905,0,,,,,,,,4,63.75,63.875,63.75,63.5,64.5,1.0,0.47871355387816905,0,,,,,,,
401212491,2020,regular,11,2020-11-15 00:00:00+00:00,202,Tulsa,2567,SMU,5,1.0,1.1,1.0,-0.5,2.0,2.5,1.02469507659596,0,,,,,,,,5,64.5,64.3,64.5,63.5,65.0,1.5,0.570087712549569,0,,,,,,,
401212513,2020,regular,13,2020-11-28 17:00:00+00:00,151,East Carolina,2567,SMU,5,12.0,11.8,12.0,11.5,12.0,0.5,0.27386127875258304,0,,,,,,,,5,72.0,71.7,72.0,70.5,72.0,1.5,0.6708203932499369,0,,,,,,,
401212515,2020,regular,6,2020-10-10 22:00:00+00:00,2426,Navy,218,Temple,4,4.0,3.875,4.0,3.5,4.0,0.5,0.25,0,,,,,,,,4,51.0,50.875,51.0,50.5,51.0,0.5,0.25,0,,,,,,,
401212516,2020,regular,8,2020-10-24 16:00:00+00:00,235,Memphis,218,Temple,6,-14.0,-14.083333333333334,-14.0,-14.5,-13.5,1.0,0.3763863263545405,0,,,,,,,,6,70.0,70.08333333333333,70.0,70.0,70.5,0.5,0.2041241452319315,0,,,,,,,
401212517,2020,regular,9,2020-10-31 16:00:00+00:00,2655,Tulane,218,Temple,6,-6.75,-6.166666666666667,-6.75,-7.0,-3.0,4.0,1.570562531918633,0,,,,,,,,5,57.5,57.4,57.5,56.0,58.5,2.5,1.140175425099138,0,,,,,,,
401212518,2020,regular,11,2020-11-15 00:30:00+00:00,2116,UCF,218,Temple,5,-29.0,-28.4,-29.0,-29.0,-26.5,2.5,1.08397416943394,0,,,,,,,,5,72.5,73.5,72.5,72.5,76.5,4.0,1.7320508075688772,0,,,,,,,
401212519,2020,regular,12,2020-11-21 17:00:00+00:00,218,Temple,151,East Carolina,5,7.0,6.8,7.0,6.5,7.0,0.5,0.27386127875258304,0,,,,,,,,5,53.0,53.4,53.0,53.0,54.5,1.5,0.6519202405202649,0,,,,,,,
401212522,2020,regular,3,2020-09-19 16:00:00+00:00,2655,Tulane,2426,Navy,5,-5.5,-5.4,-5.5,-5.5,-5.0,0.5,0.22360679774997896,0,,,,,,,,5,45.0,45.1,45.0,44.5,46.5,2.0,0.8215838362577492,0,,,,,,,
401212523,2020,regular,6,2020-10-08 23:30:00+00:00,248,Houston,2655,Tulane,6,-6.5,-6.416666666666667,-6.5,-6.5,-6.0,0.5,0.2041241452319315,0,,,,,,,,6,58.25,58.25,58.25,58.0,58.5,0.5,0.27386127875258304,0,,,,,,,
401212524,2020,regular,8,2020-10-24 18:00:00+00:00,2116,UCF,2655,Tulane,5,-21.0,-21.1,-21.0,-21.5,-21.0,0.5,0.22360679774997896,0,,,,,,,,5,71.0,70.9,71.0,70.5,71.0,0.5,0.22360679774997896,0,,,,,,,
401212525,2020,regular,10,2020-11-07 17:00:00+00:00,151,East Carolina,2655,Tulane,5,3.5,3.8,3.5,3.5,5.0,1.5,0.6708203932499369,0,,,,,,,,5,63.5,62.9,63.5,60.5,63.5,3.0,1.3416407864998738,0,,,,,,,
401212526,2020,regular,12,2020-11-20 00:30:00+00:00,202,Tulsa,2655,Tulane,5,-5.0,-5.2,-5.0,-5.5,-5.0,0.5,0.27386127875258304,0,,,,,,,,5,56.0,55.9,56.0,55.5,56.5,1.0,0.4183300132670378,0,,,,,,,
401212531,2020,regular,5,2020-10-03 23:30:00+00:00,2116,UCF,202,Tulsa,4,-20.5,-20.375,-20.5,-21.0,-19.5,1.5,0.6291528696058958,0,,,,,,,,4,70.0,70.125,70.0,70.0,70.5,0.5,0.25,0,,,,,,,
401212533,2020,regular,9,2020-10-31 01:00:00+00:00,202,Tulsa,151,East Carolina,6,-17.0,-17.083333333333332,-17.0,-18.0,-16.5,1.5,0.4915960401250875,0,,,,,,,,5,59.5,59.5,59.5,59.5,59.5,0.0,0.0,0,,,,,,,
401212536,2020,regular,4,2020-09-26 16:00:00+00:00,151,East Carolina,2116,UCF,5,28.0,28.2,28.0,28.0,28.5,0.5,0.27386127875258304,0,,,,,,,,5,77.5,77.6,77.5,77.5,78.0,0.5,0.22360679774997896,0,,,,,,,
401212537,2020,regular,7,2020-10-17 19:30:00+00:00,235,Memphis,2116,UCF,6,3.0,2.9166666666666665,3.0,2.5,3.0,0.5,0.2041241452319315,0,,,,,,,,6,76.75,76.75,76.75,76.5,77.0,0.5,0.27386127875258304,0,,,,,,,
401212538,2020,regular,9,2020-10-31 18:00:00+00:00,248,Houston,2116,UCF,6,3.0,3.1666666666666665,3.0,3.0,3.5,0.5,0.25819888974716115,0,,,,,,,,5,81.5,81.6,81.5,81.0,82.5,1.5,0.5477225575051661,0,,,,,,,
401212540,2020,regular,12,2020-11-21 20:30:00+00:00,2116,UCF,2132,Cincinnati,5,4.5,4.3,4.5,3.5,4.5,1.0,0.4472135954999579,0,,,,,,,,5,65.5,65.8,65.5,65.5,66.5,1.0,0.4472135954999579,0,,,,,,,
401212541,2020,regular,3,2020-09-19 16:00:00+00:00,2132,Cincinnati,2046,Austin Peay,1,-39.5,-39.5,-39.5,-39.5,-39.5,0.0,0.0,0,,,,,,,,1,54.0,54.0,54.0,54.0,54.0,0.0,0.0,0,,,,,,,
401212543,2020,regular,9,2020-10-31 16:00:00+00:00,2132,Cincinnati,235,Memphis,6,-6.5,-6.583333333333333,-6.5,-7.0,-6.5,0.5,0.2041241452319315,0,,,,,,,,5,57.5,56.9,57.5,55.5,57.5,2.0,0.8944271909999159,0,,,,,,,
401212544,2020,regular,10,2020-11-07 20:30:00+00:00,2132,Cincinnati,248,Houston,5,-12.5,-12.5,-12.5,-13.5,-11.5,2.0,0.7071067811865476,0,,,,,,,,5,51.5,52.6,51.5,51.5,57.0,5.5,2.4596747752497685,0,,,,,,,
401212545,2020,regular,11,2020-11-14 00:30:00+00:00,2132,Cincinnati,151,East Carolina,5,-27.5,-27.5,-27.5,-27.5,-27.5,0.0,0.0,0,,,,,,,,5,56.5,56.8,56.5,56.5,57.5,1.0,0.4472135954999579,0,,,,,,,
401212547,2020,regular,5,2020-10-03 16:00:00+00:00,2247,Georgia State,151,East Carolina,5,1.5,1.2,1.5,-0.5,2.0,2.5,0.9746794344808964,0,,,,,,,,5,70.0,70.0,70.0,69.5,70.5,1.0,0.3535533905932738,0,,,,,,,
401212548,2020,regular,7,2020-10-17 16:00:00+00:00,151,East Carolina,2426,Navy,5,3.5,3.4,3.5,3.0,3.5,0.5,0.22360679774997896,0,,,,,,,,5,55.5,55.5,55.5,55.0,56.0,1.0,0.3535533905932738,0,,,,,,,
401212551,2020,regular,7,2020-10-17 01:30:00+00:00,248,Houston,252,BYU,5,3.0,3.2,3.0,3.0,3.5,0.5,0.27386127875258304,0,,,,,,,,5,62.5,62.3,62.5,62.0,62.5,0.5,0.27386127875258304,0,,,,,,,
401212552,2020,regular,8,2020-10-24 19:30:00+00:00,2426,Navy,248,Houston,6,15.5,15.333333333333334,15.5,14.5,15.5,1.0,0.408248290463863,0,,,,,,,,6,56.0,55.916666666666664,56.0,55.5,56.5,1.0,0.3763863263545405,0,,,,,,,
401212553,2020,regular,1,2020-09-06 00:00:00+00:00,235,Memphis,2032,Arkansas State,5,-18.5,-18.5,-18.5,-18.5,-18.5,0.0,0.0,0,,,,,,,,5,72.0,72.0,72.0,71.5,72.5,1.0,0.5,0,,,,,,,
401212557,2020,regular,5,2020-10-03 22:00:00+00:00,2005,Air Force,2426,Navy,5,6.5,6.5,6.5,6.5,6.5,0.0,0.0,0,,,,,,,,5,46.5,46.7,46.5,46.5,47.0,0.5,0.27386127875258304,0,,,,,,,
401215298,2020,regular,2,2020-09-12 20:14:00+00:00,290,Georgia Southern,2097,Campbell,2,-29.25,-29.25,-29.25,-31.0,-27.5,3.5,2.4748737341529163,0,,,,,,,,2,58.5,58.5,58.5,58.5,58.5,0.0,0.0,0,,,,,,,
401215301,2020,regular,3,2020-09-19 16:00:00+00:00,2247,Georgia State,309,Louisiana,4,17.0,17.125,17.0,17.0,17.5,0.5,0.25,0,,,,,,,,4,57.5,57.5,57.5,57.5,57.5,0.0,0.0,0,,,,,,,
401215302,2020,regular,3,2020-09-19 23:30:00+00:00,2433,UL Monroe,326,Texas State,5,3.0,3.2,3.0,3.0,3.5,0.5,0.27386127875258304,0,,,,,,,,5,58.0,58.2,58.0,58.0,58.5,0.5,0.27386127875258304,0,,,,,,,
401215303,2020,regular,4,2020-09-26 16:00:00+00:00,309,Louisiana,290,Georgia Southern,4,-11.5,-11.625,-11.5,-12.0,-11.5,0.5,0.25,0,,,,,,,,4,49.0,48.875,49.0,48.5,49.0,0.5,0.25,0,,,,,,,
401215304,2020,regular,5,2020-10-03 16:00:00+00:00,324,Coastal Carolina,2032,Arkansas State,5,3.5,3.5,3.5,3.5,3.5,0.0,0.0,0,,,,,,,,5,64.5,64.5,64.5,64.5,64.5,0.0,0.0,0,,,,,,,
401215305,2020,regular,5,2020-10-03 23:00:00+00:00,2433,UL Monroe,290,Georgia Southern,5,19.5,19.5,19.5,19.5,19.5,0.0,0.0,0,,,,,,,,5,50.5,50.2,50.5,48.5,51.0,2.5,0.9746794344808964,0,,,,,,,
401215308,2020,regular,6,2020-10-10 19:30:00+00:00,2653,Troy,326,Texas State,5,-7.0,-7.1,-7.0,-7.5,-7.0,0.5,0.22360679774997896,0,,,,,,,,5,59.5,59.4,59.5,59.0,59.5,0.5,0.22360679774997896,0,,,,,,,
401215309,2020,regular,15,2020-12-12 23:00:00+00:00,290,Georgia Southern,2026,App State,5,9.5,9.3,9.5,9.0,9.5,0.5,0.27386127875258304,0,,,,,,,,5,45.0,45.1,45.0,45.0,45.5,0.5,0.22360679774997896,0,,,,,,,
401215310,2020,regular,7,2020-10-15 23:30:00+00:00,2032,Arkansas State,2247,Georgia State,6,-3.5,-3.5,-3.5,-3.5,-3.5,0.0,0.0,0,,,,,,,,6,72.5,72.5,72.5,72.5,72.5,0.0,0.0,0,,,,,,,
401215311,2020,regular,7,2020-10-14 23:30:00+00:00,309,Louisiana,324,Coastal Carolina,5,-9.0,-8.9,-9.0,-9.5,-7.5,2.0,0.8215838362577492,0,,,,,,,,5,58.5,56.7,58.5,49.5,58.5,9.0,4.024922359499621,0,,,,,,,
401215313,2020,regular,7,2020-10-17 16:00:00+00:00,6,South Alabama,326,Texas State,5,-4.5,-4.7,-4.5,-5.0,-4.5,0.5,0.27386127875258304,0,,,,,,,,5,57.5,57.4,57.5,56.5,58.0,1.5,0.5477225575051661,0,,,,,,,
401215316,2020,regular,8,2020-10-24 16:00:00+00:00,324,Coastal Carolina,290,Georgia Southern,6,-1.25,-1.6666666666666667,-1.25,-4.0,-1.0,3.0,1.1690451944500122,0,,,,,,,,6,49.0,48.75,49.0,48.0,49.0,1.0,0.4183300132670378,0,,,,,,,
401215317,2020,regular,8,2020-10-24 20:00:00+00:00,2653,Troy,2247,Georgia State,6,-2.5,-2.3333333333333335,-2.5,-2.5,-1.5,1.0,0.408248290463863,0,,,,,,,,6,68.5,68.5,68.5,68.5,68.5,0.0,0.0,0,,,,,,,
401215318,2020,regular,9,2020-10-31 16:00:00+00:00,2247,Georgia State,324,Coastal Carolina,6,3.5,3.5833333333333335,3.5,3.5,4.0,0.5,0.2041241452319315,0,,,,,,,,5,60.5,60.6,60.5,60.0,61.5,1.5,0.5477225575051661,0,,,,,,,
401215319,2020,regular,9,2020-10-31 20:00:00+00:00,2433,UL Monroe,2026,App State,5,29.0,29.4,29.0,28.5,31.5,3.0,1.2449899597988732,0,,,,,,,,4,56.5,56.625,56.5,56.0,57.5,1.5,0.6291528696058958,0,,,,,,,
401215320,2020,regular,9,2020-10-31 19:00:00+00:00,2032,Arkansas State,2653,Troy,6,-3.5,-3.5,-3.5,-3.5,-3.5,0.0,0.0,0,,,,,,,,5,69.5,69.6,69.5,69.5,70.0,0.5,0.22360679774997896,0,,,,,,,
401215321,2020,regular,9,2020-10-29 23:30:00+00:00,290,Georgia Southern,6,South Alabama,5,-3.5,-4.1,-3.5,-7.0,-3.0,4.0,1.6355427233796127,0,,,,,,,,4,52.0,52.0,52.0,51.5,52.5,1.0,0.408248290463863,0,,,,,,,
401215322,2020,regular,9,2020-11-01 00:00:00+00:00,326,Texas State,309,Louisiana,5,16.5,16.5,16.5,16.0,17.0,1.0,0.3535533905932738,0,,,,,,,,4,56.75,56.75,56.75,56.5,57.0,0.5,0.28867513459481287,0,,,,,,,
401215324,2020,regular,10,2020-11-07 20:00:00+00:00,326,Texas State,2026,App State,5,21.5,20.7,21.5,17.5,21.5,4.0,1.7888543819998317,0,,,,,,,,5,58.5,58.2,58.5,57.5,58.5,1.0,0.4472135954999579,0,,,,,,,
401215325,2020,regular,10,2020-11-08 01:00:00+00:00,324,Coastal Carolina,6,South Alabama,5,-17.0,-16.7,-17.0,-17.0,-15.5,1.5,0.6708203932499369,0,,,,,,,,5,57.0,56.5,57.0,54.0,57.5,3.5,1.4577379737113252,0,,,,,,,
401215326,2020,regular,10,2020-11-07 18:00:00+00:00,290,Georgia Southern,2653,Troy,5,3.0,3.0,3.0,2.5,3.5,1.0,0.3535533905932738,0,,,,,,,,5,52.0,52.0,52.0,51.5,52.5,1.0,0.3535533905932738,0,,,,,,,
401215327,2020,regular,10,2020-11-07 17:00:00+00:00,2247,Georgia State,2433,UL Monroe,5,-18.5,-18.5,-18.5,-19.0,-18.0,1.0,0.3535533905932738,0,,,,,,,,5,59.0,59.2,59.0,58.5,60.0,1.5,0.570087712549569,0,,,,,,,
401215328,2020,regular,11,2020-11-14 19:30:00+00:00,2026,App State,2247,Georgia State,5,-18.0,-17.8,-18.0,-18.0,-17.5,0.5,0.27386127875258304,0,,,,,,,,5,63.0,63.1,63.0,63.0,63.5,0.5,0.22360679774997896,0,,,,,,,
401215331,2020,regular,11,2020-11-14 20:30:00+00:00,290,Georgia Southern,326,Texas State,5,-12.0,-11.9,-12.0,-12.5,-11.0,1.5,0.6519202405202649,0,,,,,,,,5,49.5,49.7,49.5,49.5,50.0,0.5,0.27386127875258304,0,,,,,,,
401215332,2020,regular,11,2020-11-14 19:00:00+00:00,309,Louisiana,6,South Alabama,5,-14.0,-14.1,-14.0,-14.5,-14.0,0.5,0.22360679774997896,0,,,,,,,,5,53.5,53.3,53.5,53.0,53.5,0.5,0.27386127875258304,0,,,,,,,
401215333,2020,regular,12,2020-11-21 17:00:00+00:00,324,Coastal Carolina,2026,App State,5,-3.0,-3.2,-3.0,-3.5,-3.0,0.5,0.27386127875258304,0,,,,,,,,5,48.5,48.3,48.5,47.5,48.5,1.0,0.4472135954999579,0,,,,,,,
401215334,2020,regular,12,2020-11-21 17:00:00+00:00,326,Texas State,2032,Arkansas State,5,4.5,4.5,4.5,4.5,4.5,0.0,0.0,0,,,,,,,,5,69.0,69.0,69.0,68.5,69.5,1.0,0.3535533905932738,0,,,,,,,
401215335,2020,regular,12,2020-11-21 20:30:00+00:00,6,South Alabama,2247,Georgia State,5,3.5,3.7,3.5,3.5,4.0,0.5,0.27386127875258304,0,,,,,,,,5,58.5,58.8,58.5,58.5,59.5,1.0,0.4472135954999579,0,,,,,,,
401215336,2020,regular,13,2020-11-28 20:30:00+00:00,2026,App State,2653,Troy,5,-14.0,-13.9,-14.0,-14.0,-13.5,0.5,0.22360679774997896,0,,,,,,,,5,50.5,50.6,50.5,50.5,51.0,0.5,0.22360679774997896,0,,,,,,,
401215337,2020,regular,13,2020-11-28 20:00:00+00:00,2032,Arkansas State,6,South Alabama,5,-7.5,-7.4,-7.5,-7.5,-7.0,0.5,0.22360679774997896,0,,,,,,,,5,63.5,63.3,63.5,62.5,64.0,1.5,0.570087712549569,0,,,,,,,
401215338,2020,regular,13,2020-11-28 20:00:00+00:00,326,Texas State,324,Coastal Carolina,5,16.5,16.9,16.5,16.5,17.5,1.0,0.5477225575051661,0,,,,,,,,5,58.5,58.5,58.5,58.0,59.0,1.0,0.3535533905932738,0,,,,,,,
401215339,2020,regular,13,2020-11-28 17:00:00+00:00,2247,Georgia State,290,Georgia Southern,5,-2.5,-2.6,-2.5,-3.0,-2.5,0.5,0.22360679774997896,0,,,,,,,,5,51.0,51.2,51.0,51.0,51.5,0.5,0.27386127875258304,0,,,,,,,
401215340,2020,regular,13,2020-11-28 20:00:00+00:00,2433,UL Monroe,309,Louisiana,5,29.5,29.2,29.5,28.5,29.5,1.0,0.4472135954999579,0,,,,,,,,5,58.0,58.3,58.0,58.0,59.0,1.0,0.4472135954999579,0,,,,,,,
401232157,2020,regular,4,2020-09-26 23:00:00+00:00,2348,Louisiana Tech,2277,Houston Christian,1,-23.5,-23.5,-23.5,-23.5,-23.5,0.0,0.0,0,,,,,,,,1,75.5,75.5,75.5,75.5,75.5,0.0,0.0,0,,,,,,,
401234559,2020,regular,2,2020-09-11 00:00:00+00:00,2390,Miami,5,UAB,5,-15.5,-15.8,-15.5,-16.5,-15.5,1.0,0.4472135954999579,0,,,,,,,,5,55.0,55.1,55.0,55.0,55.5,0.5,0.22360679774997896,0,,,,,,,
401234562,2020,regular,2,2020-09-12 23:30:00+00:00,154,Wake Forest,228,Clemson,5,34.5,34.7,34.5,34.0,36.0,2.0,0.758287544405155,0,,,,,,,,5,58.5,58.7,58.5,58.5,59.0,0.5,0.27386127875258304,0,,,,,,,
401234563,2020,regular,2,2020-09-12 20:00:00+00:00,52,Florida State,59,Georgia Tech,4,-13.25,-13.125,-13.25,-13.5,-12.5,1.0,0.47871355387816905,0,,,,,,,,4,49.25,49.5,49.25,49.0,50.5,1.5,0.7071067811865476,0,,,,,,,
401234564,2020,regular,2,2020-09-13 00:00:00+00:00,97,Louisville,98,Western Kentucky,5,-13.0,-13.2,-13.0,-13.5,-13.0,0.5,0.27386127875258304,0,,,,,,,,5,55.0,55.0,55.0,54.5,55.5,1.0,0.3535533905932738,0,,,,,,,
401234565,2020,regular,2,2020-09-12 16:00:00+00:00,153,North Carolina,183,Syracuse,5,-24.0,-24.1,-24.0,-24.5,-23.5,1.0,0.4183300132670378,0,,,,,,,,5,66.5,66.7,66.5,66.5,67.0,0.5,0.27386127875258304,0,,,,,,,
401234566,2020,regular,4,2020-09-27 00:00:00+00:00,259,Virginia Tech,152,NC State,4,-6.0,-6.0,-6.0,-6.5,-5.5,1.0,0.408248290463863,0,,,,,,,,4,56.5,56.75,56.5,56.5,57.5,1.0,0.5,0,,,,,,,
401234567,2020,regular,3,2020-09-19 16:00:00+00:00,150,Duke,103,Boston College,5,-3.5,-3.6,-3.5,-4.0,-3.5,0.5,0.22360679774997896,0,,,,,,,,5,50.5,50.3,50.5,49.5,50.5,1.0,0.4472135954999579,0,,,,,,,
401234568,2020,regular,3,2020-09-19 19:30:00+00:00,59,Georgia Tech,2116,UCF,5,9.5,9.3,9.5,8.5,9.5,1.0,0.4472135954999579,0,,,,,,,,5,63.5,63.2,63.5,62.5,63.5,1.0,0.4472135954999579,0,,,,,,,
401234569,2020,regular,3,2020-09-19 23:30:00+00:00,97,Louisville,2390,Miami,5,2.5,2.1,2.5,1.5,2.5,1.0,0.5477225575051661,0,,,,,,,,5,65.5,65.5,65.5,65.5,65.5,0.0,0.0,0,,,,,,,
401234570,2020,regular,3,2020-09-20 00:00:00+00:00,152,NC State,154,Wake Forest,5,2.0,1.9,2.0,1.5,2.0,0.5,0.22360679774997896,0,,,,,,,,5,53.0,53.2,53.0,52.5,54.0,1.5,0.570087712549569,0,,,,,,,
401234571,2020,regular,3,2020-09-19 16:00:00+00:00,221,Pittsburgh,183,Syracuse,5,-21.0,-21.1,-21.0,-21.5,-20.5,1.0,0.4183300132670378,0,,,,,,,,5,47.0,47.1,47.0,46.5,47.5,1.0,0.4183300132670378,0,,,,,,,
401234572,2020,regular,15,2020-12-13 01:00:00+00:00,259,Virginia Tech,258,Virginia,5,-3.0,-2.9,-3.0,-3.0,-2.5,0.5,0.22360679774997896,0,,,,,,,,5,64.0,64.2,64.0,64.0,64.5,0.5,0.27386127875258304,0,,,,,,,
401234574,2020,regular,2,2020-09-12 18:30:00+00:00,87,Notre Dame,150,Duke,5,-21.5,-21.6,-21.5,-22.5,-21.0,1.5,0.5477225575051661,0,,,,,,,,5,51.0,51.1,51.0,50.5,51.5,1.0,0.4183300132670378,0,,,,,,,
401234576,2020,regular,1,2020-09-08 00:00:00+00:00,2426,Navy,252,BYU,5,1.0,1.2,1.0,1.0,1.5,0.5,0.27386127875258304,0,,,,,,,,5,48.5,48.3,48.5,48.0,48.5,0.5,0.27386127875258304,0,,,,,,,
401234593,2020,regular,4,2020-09-26 23:30:00+00:00,2390,Miami,52,Florida State,5,-12.0,-12.0,-12.0,-12.5,-11.5,1.0,0.5,0,,,,,,,,5,53.5,53.6,53.5,53.5,54.0,0.5,0.22360679774997896,0,,,,,,,
401234594,2020,regular,4,2020-09-26 16:00:00+00:00,183,Syracuse,59,Georgia Tech,5,7.5,7.5,7.5,7.5,7.5,0.0,0.0,0,,,,,,,,5,52.0,52.0,52.0,51.5,52.5,1.0,0.3535533905932738,0,,,,,,,
401234595,2020,regular,4,2020-09-26 16:00:00+00:00,221,Pittsburgh,97,Louisville,5,-2.5,-2.7,-2.5,-3.0,-2.5,0.5,0.27386127875258304,0,,,,,,,,5,53.5,53.6,53.5,53.0,54.0,1.0,0.4183300132670378,0,,,,,,,
401234597,2020,regular,5,2020-10-03 19:30:00+00:00,103,Boston College,153,North Carolina,5,14.5,14.7,14.5,14.5,15.5,1.0,0.4472135954999579,0,,,,,,,,5,52.5,52.3,52.5,51.5,52.5,1.0,0.4472135954999579,0,,,,,,,
401234598,2020,regular,5,2020-10-04 00:00:00+00:00,228,Clemson,258,Virginia,5,-28.0,-28.2,-28.0,-28.5,-28.0,0.5,0.27386127875258304,0,,,,,,,,5,55.5,55.4,55.5,55.0,56.0,1.0,0.4183300132670378,0,,,,,,,
401234599,2020,regular,5,2020-10-03 20:00:00+00:00,150,Duke,259,Virginia Tech,5,11.0,11.6,11.0,10.5,14.0,3.5,1.3874436925511608,0,,,,,,,,5,54.0,54.0,54.0,53.5,54.5,1.0,0.3535533905932738,0,,,,,,,
401234600,2020,regular,5,2020-10-03 16:00:00+00:00,221,Pittsburgh,152,NC State,5,-14.0,-13.9,-14.0,-14.0,-13.5,0.5,0.22360679774997896,0,,,,,,,,5,46.0,46.0,46.0,45.5,46.5,1.0,0.3535533905932738,0,,,,,,,
401234601,2020,regular,6,2020-10-09 23:00:00+00:00,59,Georgia Tech,97,Louisville,6,4.5,4.583333333333333,4.5,4.0,5.0,1.0,0.3763863263545405,0,,,,,,,,6,63.0,62.916666666666664,63.0,62.0,63.5,1.5,0.4915960401250875,0,,,,,,,
401234603,2020,regular,6,2020-10-10 20:00:00+00:00,103,Boston College,221,Pittsburgh,6,6.5,6.333333333333333,6.5,6.0,6.5,0.5,0.25819888974716115,0,,,,,,,,6,42.5,42.75,42.5,42.5,43.5,1.0,0.4183300132670378,0,,,,,,,
401234604,2020,regular,6,2020-10-10 23:30:00+00:00,228,Clemson,2390,Miami,6,-14.25,-14.25,-14.25,-14.5,-14.0,0.5,0.27386127875258304,0,,,,,,,,6,60.25,60.083333333333336,60.25,58.5,61.5,3.0,1.0206207261596576,0,,,,,,,
401234605,2020,regular,6,2020-10-10 16:30:00+00:00,183,Syracuse,150,Duke,6,2.5,2.4166666666666665,2.5,2.0,2.5,0.5,0.2041241452319315,0,,,,,,,,6,52.5,52.5,52.5,51.5,53.5,2.0,0.6324555320336759,0,,,,,,,
401234606,2020,regular,6,2020-10-10 23:30:00+00:00,87,Notre Dame,52,Florida State,6,-20.5,-20.583333333333332,-20.5,-21.0,-20.5,0.5,0.2041241452319315,0,,,,,,,,6,53.5,53.083333333333336,53.5,51.5,54.0,2.5,0.917423929634859,0,,,,,,,
401234607,2020,regular,6,2020-10-10 16:00:00+00:00,153,North Carolina,259,Virginia Tech,6,-3.5,-3.4166666666666665,-3.5,-4.5,-2.5,2.0,0.6645800679125629,0,,,,,,,,6,58.75,58.666666666666664,58.75,57.5,59.5,2.0,0.6831300510639732,0,,,,,,,
401234608,2020,regular,6,2020-10-10 16:00:00+00:00,258,Virginia,152,NC State,6,-7.0,-7.416666666666667,-7.0,-9.5,-7.0,2.5,1.0206207261596576,0,,,,,,,,6,58.75,59.5,58.75,58.5,63.5,5.0,1.9748417658131499,0,,,,,,,
401234609,2020,regular,7,2020-10-18 00:00:00+00:00,259,Virginia Tech,103,Boston College,6,-13.0,-13.0,-13.0,-13.5,-12.5,1.0,0.31622776601683794,0,,,,,,,,6,61.75,61.833333333333336,61.75,61.5,62.5,1.0,0.408248290463863,0,,,,,,,
401234610,2020,regular,7,2020-10-17 16:00:00+00:00,59,Georgia Tech,228,Clemson,5,26.5,26.7,26.5,26.5,27.0,0.5,0.27386127875258304,0,,,,,,,,5,64.5,64.6,64.5,64.0,65.5,1.5,0.5477225575051661,0,,,,,,,
401234611,2020,regular,7,2020-10-17 19:30:00+00:00,152,NC State,150,Duke,5,-3.5,-3.7,-3.5,-4.5,-3.5,1.0,0.4472135954999579,0,,,,,,,,5,59.5,59.6,59.5,59.5,60.0,0.5,0.22360679774997896,0,,,,,,,
401234612,2020,regular,7,2020-10-17 23:30:00+00:00,52,Florida State,153,North Carolina,5,13.5,13.6,13.5,13.5,14.0,0.5,0.22360679774997896,0,,,,,,,,5,65.0,64.9,65.0,64.5,65.5,1.0,0.4183300132670378,0,,,,,,,
401234613,2020,regular,7,2020-10-17 18:30:00+00:00,87,Notre Dame,97,Louisville,5,-16.0,-15.9,-16.0,-16.5,-15.5,1.0,0.4183300132670378,0,,,,,,,,5,62.0,62.2,62.0,62.0,62.5,0.5,0.27386127875258304,0,,,,,,,
401234614,2020,regular,7,2020-10-17 16:00:00+00:00,2390,Miami,221,Pittsburgh,6,-12.0,-12.25,-12.0,-13.5,-11.5,2.0,0.8803408430829505,0,,,,,,,,6,47.0,47.166666666666664,47.0,46.5,48.0,1.5,0.5163977794943223,0,,,,,,,
401234615,2020,regular,7,2020-10-17 16:00:00+00:00,183,Syracuse,2335,Liberty,6,3.0,2.8333333333333335,3.0,2.5,3.0,0.5,0.25819888974716115,0,,,,,,,,6,54.0,54.166666666666664,54.0,53.5,55.0,1.5,0.5163977794943223,0,,,,,,,
401234616,2020,regular,7,2020-10-17 20:00:00+00:00,154,Wake Forest,258,Virginia,6,-2.5,-2.25,-2.5,-2.5,-1.5,1.0,0.4183300132670378,0,,,,,,,,6,57.0,56.833333333333336,57.0,55.5,57.5,2.0,0.752772652709081,0,,,,,,,
401234617,2020,regular,8,2020-10-24 20:00:00+00:00,103,Boston College,59,Georgia Tech,6,-3.5,-3.5,-3.5,-3.5,-3.5,0.0,0.0,0,,,,,,,,6,57.25,57.083333333333336,57.25,56.5,57.5,1.0,0.4915960401250875,0,,,,,,,
401234618,2020,regular,8,2020-10-24 16:00:00+00:00,228,Clemson,183,Syracuse,6,-47.5,-47.666666666666664,-47.5,-48.0,-47.5,0.5,0.25819888974716115,0,,,,,,,,6,63.5,63.583333333333336,63.5,63.0,64.5,1.5,0.5845225972250061,0,,,,,,,
401234619,2020,regular,8,2020-10-24 16:00:00+00:00,97,Louisville,52,Florida State,6,-5.5,-5.416666666666667,-5.5,-6.0,-5.0,1.0,0.3763863263545405,0,,,,,,,,6,62.25,62.083333333333336,62.25,60.5,63.0,2.5,0.8612007121842542,0,,,,,,,
401234620,2020,regular,8,2020-10-25 00:00:00+00:00,2390,Miami,258,Virginia,5,-13.5,-13.7,-13.5,-14.0,-13.5,0.5,0.27386127875258304,0,,,,,,,,5,54.0,54.0,54.0,53.5,54.5,1.0,0.3535533905932738,0,,,,,,,
401234621,2020,regular,8,2020-10-24 16:00:00+00:00,153,North Carolina,152,NC State,6,-14.75,-14.916666666666666,-14.75,-16.0,-14.5,1.5,0.5845225972250061,0,,,,,,,,6,61.5,61.416666666666664,61.5,60.5,62.0,1.5,0.4915960401250875,0,,,,,,,
401234622,2020,regular,8,2020-10-24 19:41:00+00:00,221,Pittsburgh,87,Notre Dame,6,10.0,9.833333333333334,10.0,9.5,10.0,0.5,0.25819888974716115,0,,,,,,,,6,43.5,43.5,43.5,43.5,43.5,0.0,0.0,0,,,,,,,
401234623,2020,regular,8,2020-10-24 19:30:00+00:00,154,Wake Forest,259,Virginia Tech,6,10.5,10.583333333333334,10.5,10.5,11.0,0.5,0.2041241452319315,0,,,,,,,,6,68.5,68.58333333333333,68.5,68.0,69.0,1.0,0.3763863263545405,0,,,,,,,
401234624,2020,regular,9,2020-10-31 16:00:00+00:00,228,Clemson,103,Boston College,6,-26.5,-27.166666666666668,-26.5,-31.5,-26.0,5.5,2.136976056643281,0,,,,,,,,5,56.0,56.4,56.0,55.5,58.5,3.0,1.1937336386313322,0,,,,,,,
401234625,2020,regular,9,2020-10-31 23:00:00+00:00,150,Duke,2429,Charlotte,6,-10.75,-10.916666666666666,-10.75,-11.5,-10.5,1.0,0.4915960401250875,0,,,,,,,,5,55.0,54.9,55.0,54.5,55.0,0.5,0.22360679774997896,0,,,,,,,
401234626,2020,regular,9,2020-10-31 19:30:00+00:00,59,Georgia Tech,87,Notre Dame,6,20.5,20.25,20.5,19.5,20.5,1.0,0.4183300132670378,0,,,,,,,,5,58.5,58.4,58.5,58.0,58.5,0.5,0.22360679774997896,0,,,,,,,
401234627,2020,regular,9,2020-10-31 20:00:00+00:00,97,Louisville,259,Virginia Tech,5,4.0,4.1,4.0,3.0,5.0,2.0,0.8944271909999159,0,,,,,,,,4,67.5,67.5,67.5,67.5,67.5,0.0,0.0,0,,,,,,,
401234628,2020,regular,9,2020-11-01 00:00:00+00:00,258,Virginia,153,North Carolina,5,7.5,7.4,7.5,7.0,7.5,0.5,0.22360679774997896,0,,,,,,,,4,61.0,61.125,61.0,61.0,61.5,0.5,0.25,0,,,,,,,
401234629,2020,regular,9,2020-10-31 16:00:00+00:00,183,Syracuse,154,Wake Forest,6,14.0,13.416666666666666,14.0,11.0,14.0,3.0,1.2006942436218584,0,,,,,,,,5,59.5,59.5,59.5,58.5,60.5,2.0,0.7071067811865476,0,,,,,,,
401234630,2020,regular,10,2020-11-07 00:30:00+00:00,152,NC State,2390,Miami,5,10.0,10.1,10.0,9.5,10.5,1.0,0.4183300132670378,0,,,,,,,,5,58.5,58.3,58.5,57.5,58.5,1.0,0.4472135954999579,0,,,,,,,
401234631,2020,regular,10,2020-11-07 19:00:00+00:00,183,Syracuse,103,Boston College,5,14.5,14.4,14.5,14.0,15.0,1.0,0.4183300132670378,0,,,,,,,,5,54.0,53.9,54.0,53.5,54.5,1.0,0.4183300132670378,0,,,,,,,
401234632,2020,regular,10,2020-11-08 00:30:00+00:00,87,Notre Dame,228,Clemson,5,5.0,5.3,5.0,5.0,6.0,1.0,0.4472135954999579,0,,,,,,,,5,50.5,50.7,50.5,50.0,52.0,2.0,0.758287544405155,0,,,,,,,
401234633,2020,regular,10,2020-11-07 17:00:00+00:00,150,Duke,153,North Carolina,5,11.5,11.3,11.5,10.5,11.5,1.0,0.4472135954999579,0,,,,,,,,5,63.5,63.2,63.5,62.5,63.5,1.0,0.4472135954999579,0,,,,,,,
401234634,2020,regular,10,2020-11-07 21:00:00+00:00,52,Florida State,221,Pittsburgh,5,1.5,0.8,1.5,-2.5,2.0,4.5,1.857417562100671,0,,,,,,,,5,52.5,52.4,52.5,51.0,53.5,2.5,0.8944271909999159,0,,,,,,,
401234636,2020,regular,10,2020-11-07 17:00:00+00:00,259,Virginia Tech,2335,Liberty,5,-17.0,-16.5,-17.0,-17.5,-14.5,3.0,1.1726039399558574,0,,,,,,,,5,67.5,67.4,67.5,66.5,68.0,1.5,0.5477225575051661,0,,,,,,,
401234637,2020,regular,11,2020-11-14 20:30:00+00:00,103,Boston College,87,Notre Dame,5,13.0,12.9,13.0,12.5,13.0,0.5,0.22360679774997896,0,,,,,,,,5,51.5,51.7,51.5,51.5,52.0,0.5,0.27386127875258304,0,,,,,,,
401234638,2020,regular,4,2020-09-26 20:00:00+00:00,258,Virginia,150,Duke,4,-4.0,-3.875,-4.0,-4.0,-3.5,0.5,0.25,0,,,,,,,,4,45.5,45.25,45.5,44.5,45.5,1.0,0.5,0,,,,,,,
401234639,2020,regular,11,2020-11-15 00:30:00+00:00,152,NC State,52,Florida State,5,-11.5,-11.4,-11.5,-12.0,-10.5,1.5,0.5477225575051661,0,,,,,,,,5,61.0,61.1,61.0,60.5,61.5,1.0,0.4183300132670378,0,,,,,,,
401234641,2020,regular,11,2020-11-14 17:00:00+00:00,259,Virginia Tech,2390,Miami,5,-2.0,-2.1,-2.0,-2.5,-2.0,0.5,0.22360679774997896,0,,,,,,,,5,68.0,67.9,68.0,67.5,68.5,1.0,0.4183300132670378,0,,,,,,,
401234642,2020,regular,11,2020-11-14 17:00:00+00:00,153,North Carolina,154,Wake Forest,5,-13.0,-12.8,-13.0,-13.0,-12.5,0.5,0.27386127875258304,0,,,,,,,,5,70.5,70.7,70.5,70.5,71.5,1.0,0.4472135954999579,0,,,,,,,
401234643,2020,regular,12,2020-11-21 00:00:00+00:00,97,Louisville,183,Syracuse,5,-19.5,-19.7,-19.5,-20.5,-19.5,1.0,0.4472135954999579,0,,,,,,,,5,55.5,55.3,55.5,54.5,55.5,1.0,0.4472135954999579,0,,,,,,,
401234647,2020,regular,12,2020-11-22 00:30:00+00:00,152,NC State,2335,Liberty,5,-4.0,-4.2,-4.0,-4.5,-4.0,0.5,0.27386127875258304,0,,,,,,,,5,66.5,66.6,66.5,66.5,67.0,0.5,0.22360679774997896,0,,,,,,,
401234648,2020,regular,12,2020-11-21 21:00:00+00:00,221,Pittsburgh,259,Virginia Tech,5,6.5,6.4,6.5,6.0,6.5,0.5,0.22360679774997896,0,,,,,,,,5,53.0,52.9,53.0,52.5,53.5,1.0,0.4183300132670378,0,,,,,,,
401234649,2020,regular,13,2020-11-28 21:00:00+00:00,103,Boston College,97,Louisville,5,-1.0,-1.1,-1.0,-1.5,-1.0,0.5,0.22360679774997896,0,,,,,,,,5,56.5,56.3,56.5,55.5,57.0,1.5,0.570087712549569,0,,,,,,,
401234650,2020,regular,13,2020-11-27 20:30:00+00:00,153,North Carolina,87,Notre Dame,5,4.5,4.8,4.5,4.5,5.5,1.0,0.4472135954999579,0,,,,,,,,5,69.5,69.7,69.5,68.5,71.0,2.5,0.9082951062292475,0,,,,,,,
401234651,2020,regular,13,2020-11-28 20:30:00+00:00,228,Clemson,221,Pittsburgh,5,-24.0,-23.8,-24.0,-24.0,-23.5,0.5,0.27386127875258304,0,,,,,,,,5,58.5,58.7,58.5,58.5,59.0,0.5,0.27386127875258304,0,,,,,,,
401234652,2020,regular,13,2020-11-29 00:00:00+00:00,59,Georgia Tech,150,Duke,5,2.5,2.2,2.5,1.5,2.5,1.0,0.4472135954999579,0,,,,,,,,5,57.5,57.6,57.5,57.0,58.0,1.0,0.4183300132670378,0,,,,,,,
401234655,2020,regular,13,2020-11-28 17:00:00+00:00,183,Syracuse,152,NC State,5,17.0,17.2,17.0,17.0,17.5,0.5,0.27386127875258304,0,,,,,,,,5,50.5,50.3,50.5,50.0,50.5,0.5,0.27386127875258304,0,,,,,,,
401234656,2020,regular,14,2020-12-05 20:30:00+00:00,258,Virginia,103,Boston College,5,-6.5,-6.3,-6.5,-6.5,-6.0,0.5,0.27386127875258304,0,,,,,,,,5,54.0,53.6,54.0,52.5,54.5,2.0,0.8215838362577492,0,,,,,,,
401234657,2020,regular,14,2020-12-06 00:30:00+00:00,259,Virginia Tech,228,Clemson,5,23.5,23.4,23.5,23.0,23.5,0.5,0.22360679774997896,0,,,,,,,,5,67.0,66.9,67.0,66.5,67.5,1.0,0.4183300132670378,0,,,,,,,
401234659,2020,regular,14,2020-12-05 21:00:00+00:00,152,NC State,59,Georgia Tech,5,-7.0,-6.9,-7.0,-7.0,-6.5,0.5,0.22360679774997896,0,,,,,,,,5,61.0,60.9,61.0,60.5,61.5,1.0,0.4183300132670378,0,,,,,,,
401234661,2020,regular,15,2020-12-12 20:30:00+00:00,2390,Miami,153,North Carolina,5,-3.0,-2.9,-3.0,-3.0,-2.5,0.5,0.22360679774997896,0,,,,,,,,5,72.0,71.9,72.0,71.0,72.5,1.5,0.6519202405202649,0,,,,,,,
401234662,2020,regular,14,2020-12-05 19:30:00+00:00,87,Notre Dame,183,Syracuse,5,-34.0,-34.2,-34.0,-34.5,-34.0,0.5,0.27386127875258304,0,,,,,,,,5,51.0,50.9,51.0,50.5,51.0,0.5,0.22360679774997896,0,,,,,,,
401234734,2020,regular,4,2020-09-26 23:00:00+00:00,2572,Southern Miss,2655,Tulane,5,3.5,3.5,3.5,3.5,3.5,0.0,0.0,0,,,,,,,,5,54.5,54.5,54.5,54.5,54.5,0.0,0.0,0,,,,,,,
401235700,2020,regular,1,2020-09-05 17:30:00+00:00,349,Army,2393,Middle Tennessee,5,-3.5,-3.6,-3.5,-4.0,-3.5,0.5,0.22360679774997896,0,,,,,,,,5,54.0,53.8,54.0,53.0,54.5,1.5,0.570087712549569,0,,,,,,,
401235975,2020,regular,12,2020-11-21 17:00:00+00:00,349,Army,290,Georgia Southern,5,-3.5,-3.4,-3.5,-3.5,-3.0,0.5,0.22360679774997896,0,,,,,,,,5,38.5,38.6,38.5,38.5,39.0,0.5,0.22360679774997896,0,,,,,,,
401235993,2020,regular,4,2020-09-26 23:30:00+00:00,239,Baylor,2305,Kansas,5,-17.0,-17.0,-17.0,-17.5,-16.5,1.0,0.3535533905932738,0,,,,,,,,5,61.0,60.8,61.0,60.5,61.0,0.5,0.27386127875258304,0,,,,,,,
401235994,2020,regular,4,2020-09-26 17:30:00+00:00,2628,TCU,66,Iowa State,5,4.0,4.0,4.0,3.5,4.5,1.0,0.5,0,,,,,,,,5,43.5,43.3,43.5,42.5,43.5,1.0,0.4472135954999579,0,,,,,,,
401235995,2020,regular,4,2020-09-26 19:30:00+00:00,2641,Texas Tech,251,Texas,5,17.5,17.5,17.5,17.0,18.0,1.0,0.3535533905932738,0,,,,,,,,5,71.0,71.2,71.0,71.0,71.5,0.5,0.27386127875258304,0,,,,,,,
401235996,2020,regular,4,2020-09-26 16:00:00+00:00,201,Oklahoma,2306,Kansas State,5,-27.5,-27.7,-27.5,-28.0,-27.5,0.5,0.27386127875258304,0,,,,,,,,5,61.5,61.7,61.5,61.5,62.5,1.0,0.4472135954999579,0,,,,,,,
401235997,2020,regular,4,2020-09-26 19:30:00+00:00,197,Oklahoma State,277,West Virginia,5,-6.0,-6.1,-6.0,-6.5,-5.5,1.0,0.4183300132670378,0,,,,,,,,5,49.5,49.6,49.5,49.0,50.0,1.0,0.4183300132670378,0,,,,,,,
401235998,2020,regular,5,2020-10-03 16:00:00+00:00,277,West Virginia,239,Baylor,5,1.5,1.4,1.5,1.0,1.5,0.5,0.22360679774997896,0,,,,,,,,5,54.0,54.0,54.0,53.5,54.5,1.0,0.3535533905932738,0,,,,,,,
401235999,2020,regular,5,2020-10-03 23:30:00+00:00,66,Iowa State,201,Oklahoma,5,8.0,7.8,8.0,7.5,8.0,0.5,0.27386127875258304,0,,,,,,,,5,62.5,62.2,62.5,61.5,63.0,1.5,0.6708203932499369,0,,,,,,,
401236000,2020,regular,5,2020-10-03 19:30:00+00:00,2305,Kansas,197,Oklahoma State,5,21.5,21.7,21.5,21.5,22.5,1.0,0.4472135954999579,0,,,,,,,,5,53.0,53.1,53.0,53.0,53.5,0.5,0.22360679774997896,0,,,,,,,
401236001,2020,regular,5,2020-10-03 19:30:00+00:00,2306,Kansas State,2641,Texas Tech,5,-1.0,-0.2,-1.0,-1.0,1.5,2.5,1.1510864433221337,0,,,,,,,,5,62.5,62.3,62.5,61.5,63.0,1.5,0.758287544405155,0,,,,,,,
401236002,2020,regular,5,2020-10-03 16:00:00+00:00,251,Texas,2628,TCU,5,-10.5,-10.5,-10.5,-10.5,-10.5,0.0,0.0,0,,,,,,,,5,61.5,61.5,61.5,61.0,62.0,1.0,0.3535533905932738,0,,,,,,,
401236003,2020,regular,6,2020-10-10 19:30:00+00:00,66,Iowa State,2641,Texas Tech,5,-10.0,-10.5,-10.0,-12.5,-9.5,3.0,1.1726039399558574,0,,,,,,,,5,63.0,63.1,63.0,62.5,63.5,1.0,0.4183300132670378,0,,,,,,,
401236004,2020,regular,6,2020-10-10 20:00:00+00:00,2628,TCU,2306,Kansas State,6,-10.75,-10.666666666666666,-10.75,-11.5,-9.5,2.0,0.6831300510639732,0,,,,,,,,6,49.5,49.666666666666664,49.5,49.5,50.5,1.0,0.408248290463863,0,,,,,,,
401236005,2020,regular,6,2020-10-10 16:00:00+00:00,201,Oklahoma,251,Texas,6,-3.0,-2.9166666666666665,-3.0,-3.0,-2.5,0.5,0.2041241452319315,0,,,,,,,,6,74.5,74.16666666666667,74.5,72.5,75.0,2.5,0.8755950357709131,0,,,,,,,
401236007,2020,regular,7,2020-10-17 16:00:00+00:00,277,West Virginia,2305,Kansas,5,-21.0,-21.0,-21.0,-21.5,-20.5,1.0,0.3535533905932738,0,,,,,,,,5,49.0,49.1,49.0,48.5,49.5,1.0,0.4183300132670378,0,,,,,,,
401236008,2020,regular,8,2020-10-24 19:30:00+00:00,251,Texas,239,Baylor,6,-11.0,-10.833333333333334,-11.0,-11.0,-10.5,0.5,0.25819888974716115,0,,,,,,,,6,61.5,61.333333333333336,61.5,60.5,61.5,1.0,0.408248290463863,0,,,,,,,
401236009,2020,regular,8,2020-10-24 19:30:00+00:00,197,Oklahoma State,66,Iowa State,6,-2.75,-2.75,-2.75,-3.0,-2.5,0.5,0.27386127875258304,0,,,,,,,,6,53.5,53.333333333333336,53.5,52.0,54.0,2.0,0.752772652709081,0,,,,,,,
401236010,2020,regular,8,2020-10-24 16:00:00+00:00,2306,Kansas State,2305,Kansas,6,-19.0,-18.916666666666668,-19.0,-19.5,-18.5,1.0,0.3763863263545405,0,,,,,,,,6,46.0,46.166666666666664,46.0,46.0,46.5,0.5,0.25819888974716115,0,,,,,,,
401236011,2020,regular,8,2020-10-24 16:00:00+00:00,2628,TCU,201,Oklahoma,6,6.5,6.583333333333333,6.5,6.5,7.0,0.5,0.2041241452319315,0,,,,,,,,6,59.0,59.0,59.0,58.5,59.5,1.0,0.31622776601683794,0,,,,,,,
401236012,2020,regular,8,2020-10-24 21:30:00+00:00,2641,Texas Tech,277,West Virginia,5,2.5,2.6,2.5,2.5,3.0,0.5,0.22360679774997896,0,,,,,,,,5,54.0,54.1,54.0,54.0,54.5,0.5,0.22360679774997896,0,,,,,,,
401236013,2020,regular,9,2020-10-31 19:30:00+00:00,239,Baylor,2628,TCU,6,2.5,2.5833333333333335,2.5,2.5,3.0,0.5,0.2041241452319315,0,,,,,,,,5,47.5,47.4,47.5,47.0,47.5,0.5,0.22360679774997896,0,,,,,,,
401236014,2020,regular,9,2020-10-31 16:00:00+00:00,2305,Kansas,66,Iowa State,6,27.5,27.666666666666668,27.5,27.0,28.5,1.5,0.5163977794943223,0,,,,,,,,5,49.5,49.5,49.5,48.5,50.5,2.0,0.7071067811865476,0,,,,,,,
401236015,2020,regular,9,2020-10-31 16:00:00+00:00,277,West Virginia,2306,Kansas State,6,-5.0,-4.666666666666667,-5.0,-5.5,-3.0,2.5,0.8755950357709131,0,,,,,,,,5,46.0,46.1,46.0,46.0,46.5,0.5,0.22360679774997896,0,,,,,,,
401236016,2020,regular,9,2020-11-01 00:00:00+00:00,2641,Texas Tech,201,Oklahoma,5,16.0,15.6,16.0,14.5,16.0,1.5,0.6519202405202649,0,,,,,,,,4,66.5,66.25,66.5,65.5,66.5,1.0,0.5,0,,,,,,,
401236017,2020,regular,9,2020-10-31 20:00:00+00:00,197,Oklahoma State,251,Texas,6,-3.5,-3.5,-3.5,-3.5,-3.5,0.0,0.0,0,,,,,,,,5,58.5,58.1,58.5,57.5,58.5,1.0,0.5477225575051661,0,,,,,,,
401236018,2020,regular,10,2020-11-08 00:00:00+00:00,66,Iowa State,239,Baylor,5,-14.0,-13.9,-14.0,-14.0,-13.5,0.5,0.22360679774997896,0,,,,,,,,5,47.0,47.0,47.0,46.5,48.0,1.5,0.6123724356957945,0,,,,,,,
401236019,2020,regular,10,2020-11-07 20:30:00+00:00,201,Oklahoma,2305,Kansas,5,-38.5,-38.4,-38.5,-38.5,-38.0,0.5,0.22360679774997896,0,,,,,,,,5,63.0,63.4,63.0,62.0,65.5,3.5,1.2942179105544784,0,,,,,,,
401236020,2020,regular,10,2020-11-07 21:00:00+00:00,2306,Kansas State,197,Oklahoma State,5,14.0,13.6,14.0,12.5,14.0,1.5,0.6519202405202649,0,,,,,,,,5,48.5,48.1,48.5,46.5,48.5,2.0,0.8944271909999159,0,,,,,,,
401236021,2020,regular,10,2020-11-07 20:30:00+00:00,2628,TCU,2641,Texas Tech,5,-9.5,-9.5,-9.5,-9.5,-9.5,0.0,0.0,0,,,,,,,,5,60.0,60.2,60.0,59.5,61.5,2.0,0.758287544405155,0,,,,,,,
401236022,2020,regular,10,2020-11-07 17:00:00+00:00,251,Texas,277,West Virginia,5,-6.5,-6.4,-6.5,-6.5,-6.0,0.5,0.22360679774997896,0,,,,,,,,5,55.0,55.2,55.0,55.0,55.5,0.5,0.27386127875258304,0,,,,,,,
401236023,2020,regular,11,2020-11-14 21:00:00+00:00,2641,Texas Tech,239,Baylor,5,-1.0,-0.5,-1.0,-1.0,1.0,2.0,0.8660254037844386,0,,,,,,,,5,54.5,54.5,54.5,54.5,54.5,0.0,0.0,0,,,,,,,
401236024,2020,regular,11,2020-11-14 17:00:00+00:00,277,West Virginia,2628,TCU,5,-3.0,-2.9,-3.0,-3.0,-2.5,0.5,0.22360679774997896,0,,,,,,,,5,44.5,44.4,44.5,44.0,44.5,0.5,0.22360679774997896,0,,,,,,,
401236025,2020,regular,12,2020-11-21 21:00:00+00:00,66,Iowa State,2306,Kansas State,5,-13.5,-13.5,-13.5,-13.5,-13.5,0.0,0.0,0,,,,,,,,5,48.0,47.8,48.0,47.5,48.0,0.5,0.27386127875258304,0,,,,,,,
401236027,2020,regular,12,2020-11-22 00:30:00+00:00,201,Oklahoma,197,Oklahoma State,5,-6.5,-6.6,-6.5,-7.5,-5.5,2.0,0.7416198487095663,0,,,,,,,,5,60.5,60.2,60.5,59.5,61.0,1.5,0.6708203932499369,0,,,,,,,
401236028,2020,regular,13,2020-11-29 00:00:00+00:00,239,Baylor,2306,Kansas State,5,-5.5,-5.6,-5.5,-6.5,-5.0,1.5,0.5477225575051661,0,,,,,,,,5,44.5,44.5,44.5,44.5,44.5,0.0,0.0,0,,,,,,,
401236029,2020,regular,13,2020-11-27 17:00:00+00:00,251,Texas,66,Iowa State,5,1.5,1.7,1.5,1.5,2.0,0.5,0.27386127875258304,0,,,,,,,,5,58.0,58.0,58.0,57.5,59.0,1.5,0.6123724356957945,0,,,,,,,
401236030,2020,regular,13,2020-11-29 01:00:00+00:00,2305,Kansas,2628,TCU,5,23.0,23.2,23.0,23.0,23.5,0.5,0.27386127875258304,0,,,,,,,,5,51.5,51.4,51.5,51.0,51.5,0.5,0.22360679774997896,0,,,,,,,
401236032,2020,regular,13,2020-11-28 17:00:00+00:00,197,Oklahoma State,2641,Texas Tech,5,-12.0,-11.9,-12.0,-12.5,-11.5,1.0,0.4183300132670378,0,,,,,,,,5,57.0,57.0,57.0,56.5,57.5,1.0,0.3535533905932738,0,,,,,,,
401236033,2020,regular,14,2020-12-06 01:00:00+00:00,201,Oklahoma,239,Baylor,5,-23.0,-23.0,-23.0,-24.0,-22.0,2.0,0.7905694150420949,0,,,,,,,,5,61.0,61.0,61.0,60.5,61.5,1.0,0.3535533905932738,0,,,,,,,
401236034,2020,regular,14,2020-12-05 20:30:00+00:00,66,Iowa State,277,West Virginia,5,-6.0,-5.8,-6.0,-6.0,-5.5,0.5,0.27386127875258304,0,,,,,,,,5,48.0,47.8,48.0,47.5,48.0,0.5,0.27386127875258304,0,,,,,,,
401236035,2020,regular,14,2020-12-05 17:00:00+00:00,2641,Texas Tech,2305,Kansas,5,-26.5,-26.6,-26.5,-27.0,-26.5,0.5,0.22360679774997896,0,,,,,,,,5,63.5,63.6,63.5,63.5,64.0,0.5,0.22360679774997896,0,,,,,,,
401236036,2020,regular,14,2020-12-05 17:00:00+00:00,2306,Kansas State,251,Texas,5,7.0,7.2,7.0,7.0,7.5,0.5,0.27386127875258304,0,,,,,,,,5,53.5,53.3,53.5,52.5,53.5,1.0,0.4472135954999579,0,,,,,,,
401236037,2020,regular,14,2020-12-05 17:00:00+00:00,2628,TCU,197,Oklahoma State,5,2.5,2.5,2.5,2.5,2.5,0.0,0.0,0,,,,,,,,5,52.5,52.6,52.5,52.5,53.0,0.5,0.22360679774997896,0,,,,,,,
401236038,2020,regular,2,2020-09-12 16:00:00+00:00,277,West Virginia,2198,Eastern Kentucky,2,-41.0,-41.0,-41.0,-41.0,-41.0,0.0,0.0,0,,,,,,,,2,59.0,59.0,59.0,58.5,59.5,1.0,0.7071067811865476,0,,,,,,,
401236039,2020,regular,2,2020-09-13 00:00:00+00:00,2641,Texas Tech,2277,Houston Christian,2,-40.0,-40.0,-40.0,-40.0,-40.0,0.0,0.0,0,,,,,,,,2,80.5,80.5,80.5,80.0,81.0,1.0,0.7071067811865476,0,,,,,,,
401236041,2020,regular,3,2020-09-19 16:00:00+00:00,197,Oklahoma State,202,Tulsa,5,-24.0,-24.1,-24.0,-24.5,-23.5,1.0,0.4183300132670378,0,,,,,,,,5,67.0,67.1,67.0,66.5,68.5,2.0,0.8215838362577492,0,,,,,,,
401236053,2020,regular,2,2020-09-12 16:00:00+00:00,2306,Kansas State,2032,Arkansas State,5,-15.0,-15.0,-15.0,-15.5,-14.5,1.0,0.5,0,,,,,,,,5,55.5,55.2,55.5,53.5,56.5,3.0,1.2041594578792296,0,,,,,,,
401236054,2020,regular,2,2020-09-12 23:00:00+00:00,201,Oklahoma,2623,Missouri State,2,-49.25,-49.25,-49.25,-50.5,-48.0,2.5,1.7677669529663689,0,,,,,,,,2,72.0,72.0,72.0,72.0,72.0,0.0,0.0,0,,,,,,,
401236081,2020,regular,2,2020-09-12 16:00:00+00:00,2026,App State,2429,Charlotte,5,-16.5,-16.7,-16.5,-17.0,-16.5,0.5,0.27386127875258304,0,,,,,,,,5,59.5,59.6,59.5,59.0,60.0,1.0,0.4183300132670378,0,,,,,,,
401236221,2020,regular,2,2020-09-12 16:00:00+00:00,66,Iowa State,309,Louisiana,5,-13.0,-12.6,-13.0,-13.5,-11.0,2.5,0.9617692030835673,0,,,,,,,,5,56.5,56.2,56.5,55.5,56.5,1.0,0.4472135954999579,0,,,,,,,
401236222,2020,regular,2,2020-09-13 00:00:00+00:00,251,Texas,2638,UTEP,5,-44.5,-44.5,-44.5,-45.0,-44.0,1.0,0.5,0,,,,,,,,5,55.5,55.5,55.5,55.0,56.0,1.0,0.5,0,,,,,,,
401236223,2020,regular,4,2020-09-27 02:15:00+00:00,252,BYU,2653,Troy,5,-14.5,-14.5,-14.5,-14.5,-14.5,0.0,0.0,0,,,,,,,,5,58.5,58.6,58.5,58.5,59.0,0.5,0.22360679774997896,0,,,,,,,
401236253,2020,regular,4,2020-09-26 16:00:00+00:00,2026,App State,2097,Campbell,1,-33.5,-33.5,-33.5,-33.5,-33.5,0.0,0.0,0,,,,,,,,1,54.0,54.0,54.0,54.0,54.0,0.0,0.0,0,,,,,,,
401236658,2020,regular,2,2020-09-13 02:00:00+00:00,2305,Kansas,324,Coastal Carolina,5,-6.0,-5.9,-6.0,-6.5,-5.5,1.0,0.4183300132670378,0,,,,,,,,5,55.5,55.7,55.5,55.0,56.5,1.5,0.570087712549569,0,,,,,,,
401236939,2020,regular,3,2020-09-19 19:30:00+00:00,276,Marshall,2026,App State,5,6.0,5.7,6.0,4.5,6.0,1.5,0.6708203932499369,0,,,,,,,,5,60.5,60.4,60.5,59.5,61.0,1.5,0.5477225575051661,0,,,,,,,
401236951,2020,regular,4,2020-09-26 23:00:00+00:00,142,Missouri,333,Alabama,5,29.0,28.9,29.0,28.5,29.5,1.0,0.4183300132670378,0,,,,,,,,5,55.5,55.3,55.5,54.5,56.0,1.5,0.570087712549569,0,,,,,,,
401236952,2020,regular,4,2020-09-26 16:00:00+00:00,145,Ole Miss,57,Florida,5,14.0,14.0,14.0,13.5,14.5,1.0,0.3535533905932738,0,,,,,,,,5,59.5,59.8,59.5,59.5,60.5,1.0,0.4472135954999579,0,,,,,,,
401237033,2020,regular,4,2020-09-26 20:00:00+00:00,8,Arkansas,61,Georgia,5,28.0,27.9,28.0,27.5,28.0,0.5,0.22360679774997896,0,,,,,,,,5,53.0,52.9,53.0,52.5,53.0,0.5,0.22360679774997896,0,,,,,,,
401237034,2020,regular,4,2020-09-26 16:00:00+00:00,2,Auburn,96,Kentucky,5,-6.0,-6.1,-6.0,-6.5,-5.5,1.0,0.4183300132670378,0,,,,,,,,4,46.75,46.875,46.75,46.5,47.5,1.0,0.47871355387816905,0,,,,,,,
401237035,2020,regular,4,2020-09-26 19:30:00+00:00,99,LSU,344,Mississippi State,5,-14.5,-14.5,-14.5,-14.5,-14.5,0.0,0.0,0,,,,,,,,5,57.0,57.0,57.0,56.5,57.5,1.0,0.3535533905932738,0,,,,,,,
401237036,2020,regular,4,2020-09-26 23:30:00+00:00,2579,South Carolina,2633,Tennessee,5,4.0,4.2,4.0,3.5,5.0,1.5,0.570087712549569,0,,,,,,,,5,45.0,45.2,45.0,45.0,45.5,0.5,0.27386127875258304,0,,,,,,,
401237037,2020,regular,4,2020-09-26 23:30:00+00:00,245,Texas A&M,238,Vanderbilt,5,-31.5,-31.4,-31.5,-31.5,-31.0,0.5,0.22360679774997896,0,,,,,,,,5,46.0,46.2,46.0,46.0,46.5,0.5,0.27386127875258304,0,,,,,,,
401237074,2020,regular,16,2020-12-20 01:00:00+00:00,57,Florida,333,Alabama,5,16.5,16.5,16.5,16.0,17.5,1.5,0.6123724356957945,0,,,,,,,,5,74.5,74.3,74.5,74.0,74.5,0.5,0.27386127875258304,0,,,,,,,
401237093,2020,regular,5,2020-10-03 19:30:00+00:00,333,Alabama,245,Texas A&M,5,-18.0,-18.0,-18.0,-18.5,-17.5,1.0,0.3535533905932738,0,,,,,,,,5,53.5,53.7,53.5,53.5,54.0,0.5,0.27386127875258304,0,,,,,,,
401237094,2020,regular,5,2020-10-03 23:30:00+00:00,344,Mississippi State,8,Arkansas,5,-16.5,-16.7,-16.5,-17.0,-16.5,0.5,0.27386127875258304,0,,,,,,,,5,68.5,68.5,68.5,68.0,69.0,1.0,0.3535533905932738,0,,,,,,,
401237095,2020,regular,5,2020-10-03 23:30:00+00:00,61,Georgia,2,Auburn,5,-7.5,-7.5,-7.5,-8.0,-7.0,1.0,0.3535533905932738,0,,,,,,,,5,44.5,44.4,44.5,43.5,45.0,1.5,0.5477225575051661,0,,,,,,,
401237096,2020,regular,5,2020-10-03 16:00:00+00:00,57,Florida,2579,South Carolina,5,-14.5,-14.6,-14.5,-15.0,-14.5,0.5,0.22360679774997896,0,,,,,,,,5,57.0,56.7,57.0,55.5,57.5,2.0,0.758287544405155,0,,,,,,,
401237097,2020,regular,5,2020-10-03 20:00:00+00:00,96,Kentucky,145,Ole Miss,5,-7.0,-6.8,-7.0,-7.0,-6.5,0.5,0.27386127875258304,0,,,,,,,,5,63.0,63.1,63.0,63.0,63.5,0.5,0.22360679774997896,0,,,,,,,
401237098,2020,regular,5,2020-10-03 23:30:00+00:00,238,Vanderbilt,99,LSU,5,21.0,21.2,21.0,21.0,21.5,0.5,0.27386127875258304,0,,,,,,,,5,49.5,49.7,49.5,49.5,50.0,0.5,0.27386127875258304,0,,,,,,,
401237099,2020,regular,5,2020-10-03 16:00:00+00:00,2633,Tennessee,142,Missouri,5,-10.0,-10.1,-10.0,-10.5,-10.0,0.5,0.22360679774997896,0,,,,,,,,5,49.0,48.8,49.0,48.5,49.0,0.5,0.27386127875258304,0,,,,,,,
401237100,2020,regular,6,2020-10-10 23:30:00+00:00,145,Ole Miss,333,Alabama,6,24.0,24.0,24.0,23.5,24.5,1.0,0.31622776601683794,0,,,,,,,,6,74.0,73.66666666666667,74.0,72.5,74.0,1.5,0.6055300708194983,0,,,,,,,
401237101,2020,regular,6,2020-10-10 20:00:00+00:00,2,Auburn,8,Arkansas,6,-13.5,-13.5,-13.5,-14.0,-13.0,1.0,0.31622776601683794,0,,,,,,,,6,46.0,46.083333333333336,46.0,45.5,46.5,1.0,0.3763863263545405,0,,,,,,,
401237102,2020,regular,6,2020-10-10 16:00:00+00:00,245,Texas A&M,57,Florida,5,6.0,6.0,6.0,5.5,6.5,1.0,0.3535533905932738,0,,,,,,,,5,59.0,59.2,59.0,57.5,61.0,3.5,1.2549900398011133,0,,,,,,,
401237103,2020,regular,6,2020-10-10 19:30:00+00:00,61,Georgia,2633,Tennessee,5,-12.0,-12.2,-12.0,-12.5,-12.0,0.5,0.27386127875258304,0,,,,,,,,5,43.0,43.4,43.0,43.0,44.5,1.5,0.6519202405202649,0,,,,,,,
401237104,2020,regular,6,2020-10-10 23:30:00+00:00,96,Kentucky,344,Mississippi State,6,-3.5,-3.0833333333333335,-3.5,-3.5,-1.5,2.0,0.801040989379861,0,,,,,,,,6,57.5,57.75,57.5,57.5,58.5,1.0,0.4183300132670378,0,,,,,,,
401237105,2020,regular,6,2020-10-10 16:00:00+00:00,99,LSU,142,Missouri,5,-14.0,-11.0,-14.0,-20.5,14.0,34.5,14.348344852281743,0,,,,,,,,5,53.0,52.4,53.0,50.5,53.0,2.5,1.08397416943394,0,,,,,,,
401237106,2020,regular,6,2020-10-10 16:00:00+00:00,238,Vanderbilt,2579,South Carolina,5,14.0,13.8,14.0,12.5,14.5,2.0,0.758287544405155,0,,,,,,,,5,40.5,40.9,40.5,40.5,41.5,1.0,0.5477225575051661,0,,,,,,,
401237107,2020,regular,7,2020-10-18 00:00:00+00:00,333,Alabama,61,Georgia,6,-6.0,-5.833333333333333,-6.0,-6.0,-5.5,0.5,0.25819888974716115,0,,,,,,,,6,57.25,57.25,57.25,56.5,58.5,2.0,0.758287544405155,0,,,,,,,
401237108,2020,regular,7,2020-10-17 19:30:00+00:00,8,Arkansas,145,Ole Miss,5,-1.0,-0.3,-1.0,-1.0,1.0,2.0,0.9746794344808964,0,,,,,,,,5,77.5,77.6,77.5,77.0,78.5,1.5,0.5477225575051661,0,,,,,,,
401237109,2020,regular,7,2020-10-17 16:00:00+00:00,2579,South Carolina,2,Auburn,5,2.5,2.6,2.5,2.5,3.0,0.5,0.22360679774997896,0,,,,,,,,5,53.5,53.6,53.5,53.5,54.0,0.5,0.22360679774997896,0,,,,,,,
401237111,2020,regular,7,2020-10-17 16:00:00+00:00,2633,Tennessee,96,Kentucky,6,-6.5,-6.333333333333333,-6.5,-6.5,-6.0,0.5,0.25819888974716115,0,,,,,,,,6,45.5,45.5,45.5,44.5,46.5,2.0,0.8944271909999159,0,,,,,,,
401237112,2020,regular,7,2020-10-17 20:00:00+00:00,344,Mississippi State,245,Texas A&M,6,4.5,4.25,4.5,3.5,4.5,1.0,0.4183300132670378,0,,,,,,,,6,55.75,55.75,55.75,55.5,56.0,0.5,0.27386127875258304,0,,,,,,,
401237114,2020,regular,8,2020-10-24 19:30:00+00:00,2633,Tennessee,333,Alabama,6,21.5,21.916666666666668,21.5,21.5,23.0,1.5,0.6645800679125629,0,,,,,,,,6,66.5,66.58333333333333,66.5,66.0,67.0,1.0,0.3763863263545405,0,,,,,,,
401237115,2020,regular,8,2020-10-24 16:00:00+00:00,145,Ole Miss,2,Auburn,6,3.5,3.5833333333333335,3.5,3.5,4.0,0.5,0.2041241452319315,0,,,,,,,,6,73.25,73.16666666666667,73.25,72.0,74.0,2.0,0.6831300510639732,0,,,,,,,
401237116,2020,regular,9,2020-10-31 23:30:00+00:00,57,Florida,142,Missouri,5,-13.5,-13.4,-13.5,-13.5,-13.0,0.5,0.22360679774997896,0,,,,,,,,4,63.75,63.875,63.75,63.5,64.5,1.0,0.47871355387816905,0,,,,,,,
401237117,2020,regular,9,2020-10-31 16:00:00+00:00,96,Kentucky,61,Georgia,6,17.0,16.583333333333332,17.0,14.5,17.5,3.0,1.0684880283216405,0,,,,,,,,5,42.0,42.3,42.0,42.0,43.0,1.0,0.4472135954999579,0,,,,,,,
401237118,2020,regular,8,2020-10-24 23:00:00+00:00,99,LSU,2579,South Carolina,5,-4.5,-4.5,-4.5,-4.5,-4.5,0.0,0.0,0,,,,,,,,5,54.5,54.6,54.5,54.0,55.0,1.0,0.4183300132670378,0,,,,,,,
401237119,2020,regular,9,2020-10-31 23:00:00+00:00,333,Alabama,344,Mississippi State,6,-29.5,-29.833333333333332,-29.5,-32.0,-28.5,3.5,1.1690451944500122,0,,,,,,,,5,63.5,63.5,63.5,63.5,63.5,0.0,0.0,0,,,,,,,
401237120,2020,regular,9,2020-10-31 23:30:00+00:00,245,Texas A&M,8,Arkansas,5,-14.5,-13.6,-14.5,-14.5,-10.5,4.0,1.746424919657298,0,,,,,,,,4,54.25,54.125,54.25,53.5,54.5,1.0,0.47871355387816905,0,,,,,,,
401237121,2020,regular,9,2020-10-31 19:30:00+00:00,2,Auburn,99,LSU,5,-0.5,-0.1,-0.5,-1.0,2.0,3.0,1.2449899597988732,0,,,,,,,,4,63.5,63.5,63.5,63.5,63.5,0.0,0.0,0,,,,,,,
401237122,2020,regular,8,2020-10-24 20:00:00+00:00,142,Missouri,96,Kentucky,5,3.0,3.2,3.0,3.0,3.5,0.5,0.27386127875258304,0,,,,,,,,5,47.0,46.7,47.0,45.5,47.0,1.5,0.6708203932499369,0,,,,,,,
401237123,2020,regular,9,2020-10-31 20:00:00+00:00,238,Vanderbilt,145,Ole Miss,5,17.0,17.1,17.0,16.5,18.0,1.5,0.5477225575051661,0,,,,,,,,4,63.5,63.375,63.5,63.0,63.5,0.5,0.25,0,,,,,,,
401237124,2020,regular,10,2020-11-08 00:30:00+00:00,8,Arkansas,2633,Tennessee,5,2.0,2.1,2.0,1.5,2.5,1.0,0.4183300132670378,0,,,,,,,,5,54.5,54.2,54.5,52.5,55.0,2.5,1.036822067666386,0,,,,,,,
401237125,2020,regular,10,2020-11-07 20:30:00+00:00,61,Georgia,57,Florida,5,-3.0,-2.9,-3.0,-3.5,-2.5,1.0,0.4183300132670378,0,,,,,,,,5,54.5,54.4,54.5,54.0,54.5,0.5,0.22360679774997896,0,,,,,,,
401237126,2020,regular,10,2020-11-07 20:30:00+00:00,344,Mississippi State,238,Vanderbilt,5,-18.0,-18.3,-18.0,-19.5,-17.5,2.0,0.758287544405155,0,,,,,,,,5,45.0,45.7,45.0,45.0,48.0,3.0,1.3038404810405297,0,,,,,,,
401237127,2020,regular,10,2020-11-08 00:00:00+00:00,2579,South Carolina,245,Texas A&M,5,9.5,9.6,9.5,9.5,10.0,0.5,0.22360679774997896,0,,,,,,,,5,58.0,58.1,58.0,57.5,58.5,1.0,0.4183300132670378,0,,,,,,,
401237129,2020,regular,11,2020-11-15 00:00:00+00:00,57,Florida,8,Arkansas,5,-17.0,-16.9,-17.0,-17.0,-16.5,0.5,0.22360679774997896,0,,,,,,,,5,61.5,61.7,61.5,61.5,62.0,0.5,0.27386127875258304,0,,,,,,,
401237132,2020,regular,11,2020-11-14 17:00:00+00:00,96,Kentucky,238,Vanderbilt,5,-17.5,-17.4,-17.5,-17.5,-17.0,0.5,0.22360679774997896,0,,,,,,,,5,41.5,41.5,41.5,41.5,41.5,0.0,0.0,0,,,,,,,
401237133,2020,regular,11,2020-11-15 00:30:00+00:00,145,Ole Miss,2579,South Carolina,5,-12.5,-12.7,-12.5,-13.0,-12.5,0.5,0.27386127875258304,0,,,,,,,,5,72.0,71.7,72.0,70.5,73.0,2.5,1.1510864433221337,0,,,,,,,
401237135,2020,regular,12,2020-11-21 21:00:00+00:00,333,Alabama,96,Kentucky,5,-31.5,-31.6,-31.5,-32.0,-31.5,0.5,0.22360679774997896,0,,,,,,,,5,57.5,57.6,57.5,57.5,58.0,0.5,0.22360679774997896,0,,,,,,,
401237136,2020,regular,12,2020-11-21 17:00:00+00:00,8,Arkansas,99,LSU,5,1.5,1.4,1.5,1.0,1.5,0.5,0.22360679774997896,0,,,,,,,,5,65.0,65.0,65.0,64.5,65.5,1.0,0.3535533905932738,0,,,,,,,
401237137,2020,regular,12,2020-11-22 00:00:00+00:00,2,Auburn,2633,Tennessee,5,-10.5,-10.5,-10.5,-10.5,-10.5,0.0,0.0,0,,,,,,,,5,51.0,50.9,51.0,50.5,51.5,1.0,0.4183300132670378,0,,,,,,,
401237138,2020,regular,12,2020-11-21 17:00:00+00:00,238,Vanderbilt,57,Florida,5,31.5,31.6,31.5,31.0,32.5,1.5,0.5477225575051661,0,,,,,,,,5,68.5,68.5,68.5,68.5,68.5,0.0,0.0,0,,,,,,,
401237139,2020,regular,12,2020-11-22 00:30:00+00:00,61,Georgia,344,Mississippi State,5,-26.0,-26.0,-26.0,-26.5,-25.5,1.0,0.5,0,,,,,,,,5,44.0,44.2,44.0,44.0,44.5,0.5,0.27386127875258304,0,,,,,,,
401237141,2020,regular,12,2020-11-22 00:30:00+00:00,2579,South Carolina,142,Missouri,5,4.5,4.8,4.5,4.5,5.5,1.0,0.4472135954999579,0,,,,,,,,5,57.5,57.4,57.5,57.0,57.5,0.5,0.22360679774997896,0,,,,,,,
401237142,2020,regular,13,2020-11-28 20:30:00+00:00,333,Alabama,2,Auburn,5,-24.5,-24.5,-24.5,-24.5,-24.5,0.0,0.0,0,,,,,,,,5,65.0,64.6,65.0,62.5,66.0,3.5,1.2942179105544784,0,,,,,,,
401237143,2020,regular,13,2020-11-28 17:00:00+00:00,142,Missouri,238,Vanderbilt,5,-14.0,-7.8,-14.0,-14.5,2.0,16.5,8.948463555270257,0,,,,,,,,5,51.5,51.8,51.5,51.0,52.5,1.5,0.6708203932499369,0,,,,,,,
401237144,2020,regular,13,2020-11-28 17:00:00+00:00,57,Florida,96,Kentucky,5,-24.0,-23.8,-24.0,-24.0,-23.5,0.5,0.27386127875258304,0,,,,,,,,5,60.5,60.5,60.5,60.0,61.0,1.0,0.3535533905932738,0,,,,,,,
401237145,2020,regular,13,2020-11-29 00:30:00+00:00,2579,South Carolina,61,Georgia,5,22.0,22.1,22.0,22.0,22.5,0.5,0.22360679774997896,0,,,,,,,,5,50.0,50.1,50.0,49.5,51.0,1.5,0.6519202405202649,0,,,,,,,
401237146,2020,regular,13,2020-11-29 00:00:00+00:00,245,Texas A&M,99,LSU,5,-15.5,-15.6,-15.5,-16.0,-15.5,0.5,0.22360679774997896,0,,,,,,,,5,60.5,60.6,60.5,60.5,61.0,0.5,0.22360679774997896,0,,,,,,,
401237147,2020,regular,13,2020-11-28 21:00:00+00:00,145,Ole Miss,344,Mississippi State,5,-9.5,-9.6,-9.5,-10.0,-9.5,0.5,0.22360679774997896,0,,,,,,,,5,70.5,70.5,70.5,70.0,71.0,1.0,0.3535533905932738,0,,,,,,,
401237150,2020,regular,14,2020-12-05 17:00:00+00:00,2,Auburn,245,Texas A&M,5,6.0,5.7,6.0,5.0,6.0,1.0,0.4472135954999579,0,,,,,,,,5,48.5,48.7,48.5,48.5,49.0,0.5,0.27386127875258304,0,,,,,,,
401237151,2020,regular,14,2020-12-05 20:30:00+00:00,2633,Tennessee,57,Florida,5,18.5,18.3,18.5,18.0,18.5,0.5,0.27386127875258304,0,,,,,,,,5,63.0,62.9,63.0,62.5,63.5,1.0,0.4183300132670378,0,,,,,,,
401237153,2020,regular,14,2020-12-06 00:30:00+00:00,96,Kentucky,2579,South Carolina,5,-11.5,-11.7,-11.5,-12.0,-11.5,0.5,0.27386127875258304,0,,,,,,,,5,46.5,46.6,46.5,46.0,47.0,1.0,0.4183300132670378,0,,,,,,,
401237353,2020,regular,1,2020-09-05 17:00:00+00:00,276,Marshall,2198,Eastern Kentucky,2,-25.75,-25.75,-25.75,-26.0,-25.5,0.5,0.3535533905932738,0,,,,,,,,2,55.0,55.0,55.0,55.0,55.0,0.0,0.0,0,,,,,,,
401237492,2020,regular,3,2020-09-19 20:00:00+00:00,228,Clemson,2643,The Citadel,1,-50.5,-50.5,-50.5,-50.5,-50.5,0.0,0.0,0,,,,,,,,1,57.0,57.0,57.0,57.0,57.0,0.0,0.0,0,,,,,,,
401237513,2020,regular,5,2020-10-03 17:00:00+00:00,2335,Liberty,2453,North Alabama,1,-33.0,-33.0,-33.0,-33.0,-33.0,0.0,0.0,0,,,,,,,,1,65.0,65.0,65.0,65.0,65.0,0.0,0.0,0,,,,,,,
401237514,2020,regular,14,2020-12-05 22:30:00+00:00,324,Coastal Carolina,252,BYU,5,10.5,6.1,10.5,-11.0,10.5,21.5,9.561642118381132,0,,,,,,,,5,62.5,60.8,62.5,53.5,63.0,9.5,4.08656334834051,0,,,,,,,
401238034,2020,regular,5,2020-10-03 20:00:00+00:00,52,Florida State,55,Jacksonville State,1,-27.0,-27.0,-27.0,-27.0,-27.0,0.0,0.0,0,,,,,,,,1,52.5,52.5,52.5,52.5,52.5,0.0,0.0,0,,,,,,,
401238035,2020,regular,1,2020-09-04 00:00:00+00:00,5,UAB,2110,Central Arkansas,2,-21.0,-21.0,-21.0,-21.0,-21.0,0.0,0.0,0,,,,,,,,2,49.75,49.75,49.75,49.5,50.0,0.5,0.3535533905932738,0,,,,,,,
401238036,2020,regular,8,2020-10-24 00:00:00+00:00,5,UAB,309,Louisiana,6,2.5,2.5,2.5,2.5,2.5,0.0,0.0,0,,,,,,,,6,50.5,50.166666666666664,50.5,49.5,50.5,1.0,0.5163977794943223,0,,,,,,,
401239872,2020,regular,7,2020-10-17 19:30:00+00:00,2653,Troy,2198,Eastern Kentucky,2,-29.25,-29.25,-29.25,-30.0,-28.5,1.5,1.0606601717798212,0,,,,,,,,1,60.0,60.0,60.0,60.0,60.0,0.0,0.0,0,,,,,,,
401239884,2020,regular,1,2020-09-06 01:00:00+00:00,2638,UTEP,2617,Stephen F. Austin,2,-4.0,-4.0,-4.0,-4.0,-4.0,0.0,0.0,0,,,,,,,,2,54.0,54.0,54.0,54.0,54.0,0.0,0.0,0,,,,,,,
401239885,2020,regular,3,2020-09-20 01:00:00+00:00,2638,UTEP,2000,Abilene Christian,1,-8.5,-8.5,-8.5,-8.5,-8.5,0.0,0.0,0,,,,,,,,1,47.5,47.5,47.5,47.5,47.5,0.0,0.0,0,,,,,,,
401239887,2020,regular,9,2020-11-01 02:15:00+00:00,252,BYU,98,Western Kentucky,6,-30.5,-30.333333333333332,-30.5,-31.0,-28.5,2.5,0.9309493362512627,0,,,,,,,,5,52.5,52.3,52.5,52.0,52.5,0.5,0.27386127875258304,0,,,,,,,
401239973,2020,regular,2,2020-09-12 23:30:00+00:00,6,South Alabama,2655,Tulane,5,11.5,11.2,11.5,10.5,11.5,1.0,0.4472135954999579,0,,,,,,,,5,51.5,51.5,51.5,51.5,51.5,0.0,0.0,0,,,,,,,
401240035,2020,regular,10,2020-11-07 20:00:00+00:00,2572,Southern Miss,2453,North Alabama,1,-17.5,-17.5,-17.5,-17.5,-17.5,0.0,0.0,0,,,,,,,,1,51.5,51.5,51.5,51.5,51.5,0.0,0.0,0,,,,,,,
401240039,2020,regular,2,2020-09-12 23:00:00+00:00,58,South Florida,2643,The Citadel,2,-17.5,-17.5,-17.5,-17.5,-17.5,0.0,0.0,0,,,,,,,,2,52.0,52.0,52.0,51.5,52.5,1.0,0.7071067811865476,0,,,,,,,
401240040,2020,regular,5,2020-10-03 17:30:00+00:00,349,Army,2000,Abilene Christian,1,-31.0,-31.0,-31.0,-31.0,-31.0,0.0,0.0,0,,,,,,,,1,49.5,49.5,49.5,49.5,49.5,0.0,0.0,0,,,,,,,
401240041,2020,regular,3,2020-09-19 19:30:00+00:00,2636,UTSA,2617,Stephen F. Austin,1,-18.0,-18.0,-18.0,-18.0,-18.0,0.0,0.0,0,,,,,,,,1,54.5,54.5,54.5,54.5,54.5,0.0,0.0,0,,,,,,,
401240101,2020,regular,16,2020-12-19 00:00:00+00:00,276,Marshall,5,UAB,4,-4.5,-4.5,-4.5,-4.5,-4.5,0.0,0.0,0,,,,,,,,4,44.75,44.5,44.75,43.5,45.0,1.5,0.7071067811865476,0,,,,,,,
401240113,2020,regular,2,2020-09-12 17:30:00+00:00,349,Army,2433,UL Monroe,5,-24.0,-24.2,-24.0,-25.0,-23.5,1.5,0.570087712549569,0,,,,,,,,5,53.5,53.5,53.5,53.5,53.5,0.0,0.0,0,,,,,,,
401240114,2020,regular,6,2020-10-10 17:30:00+00:00,349,Army,2643,The Citadel,2,-30.75,-30.75,-30.75,-31.0,-30.5,0.5,0.3535533905932738,0,,,,,,,,2,46.25,46.25,46.25,46.0,46.5,0.5,0.3535533905932738,0,,,,,,,
401240115,2020,regular,7,2020-10-17 17:30:00+00:00,2636,UTSA,349,Army,4,8.5,8.625,8.5,8.5,9.0,0.5,0.25,0,,,,,,,,4,47.0,47.25,47.0,46.5,48.5,2.0,0.8660254037844386,0,,,,,,,
401240126,2020,regular,3,2020-09-18 23:30:00+00:00,324,Coastal Carolina,2097,Campbell,1,-27.5,-27.5,-27.5,-27.5,-27.5,0.0,0.0,0,,,,,,,,1,60.5,60.5,60.5,60.5,60.5,0.0,0.0,0,,,,,,,
401240152,2020,postseason,1,2021-01-01 21:00:00+00:00,333,Alabama,87,Notre Dame,5,-18.5,-18.8,-18.5,-20.0,-18.5,1.5,0.6708203932499369,0,,,,,,,,5,65.5,65.6,65.5,65.5,66.0,0.5,0.22360679774997896,0,,,,,,,
401240173,2020,postseason,1,2021-01-02 01:00:00+00:00,228,Clemson,194,Ohio State,5,-7.0,-7.2,-7.0,-7.5,-7.0,0.5,0.27386127875258304,0,,,,,,,,5,68.5,68.0,68.5,66.5,68.5,2.0,0.8660254037844386,0,,,,,,,
401240174,2020,postseason,1,2021-01-12 01:00:00+00:00,333,Alabama,194,Ohio State,4,-9.0,-9.0,-9.0,-9.5,-8.5,1.0,0.5773502691896257,0,,,,,,,,4,74.75,74.75,74.75,74.5,75.0,0.5,0.28867513459481287,0,,,,,,,
401240194,2020,regular,4,2020-09-26 19:30:00+00:00,2433,UL Monroe,2638,UTEP,5,-9.5,-9.6,-9.5,-10.0,-9.5,0.5,0.22360679774997896,0,,,,,,,,5,49.5,49.4,49.5,48.5,50.0,1.5,0.6519202405202649,0,,,,,,,
401240233,2020,regular,2,2020-09-12 20:00:00+00:00,221,Pittsburgh,2046,Austin Peay,2,-30.75,-30.75,-30.75,-31.0,-30.5,0.5,0.3535533905932738,0,,,,,,,,2,48.75,48.75,48.75,48.5,49.0,0.5,0.3535533905932738,0,,,,,,,
401240282,2020,regular,5,2020-10-02 23:00:00+00:00,154,Wake Forest,2097,Campbell,1,-34.5,-34.5,-34.5,-34.5,-34.5,0.0,0.0,0,,,,,,,,1,68.5,68.5,68.5,68.5,68.5,0.0,0.0,0,,,,,,,
401240640,2020,regular,3,2020-09-19 19:30:00+00:00,2393,Middle Tennessee,2653,Troy,5,2.5,3.2,2.5,2.0,6.5,4.5,1.857417562100671,0,,,,,,,,5,66.0,66.7,66.0,65.5,70.5,5.0,2.138924963620744,0,,,,,,,
401240641,2020,regular,12,2020-11-21 20:30:00+00:00,2653,Troy,2393,Middle Tennessee,5,-11.0,-11.1,-11.0,-11.5,-10.5,1.0,0.4183300132670378,0,,,,,,,,5,60.5,60.4,60.5,60.0,60.5,0.5,0.22360679774997896,0,,,,,,,
401240642,2020,regular,8,2020-10-22 23:30:00+00:00,2026,App State,2032,Arkansas State,6,-13.5,-13.583333333333334,-13.5,-14.0,-13.5,0.5,0.2041241452319315,0,,,,,,,,6,69.5,69.66666666666667,69.5,69.5,70.5,1.0,0.408248290463863,0,,,,,,,
401240996,2020,regular,4,2020-09-26 19:30:00+00:00,2132,Cincinnati,349,Army,5,-12.5,-12.2,-12.5,-12.5,-11.5,1.0,0.4472135954999579,0,,,,,,,,5,44.5,44.4,44.5,44.0,44.5,0.5,0.22360679774997896,0,,,,,,,
401240997,2020,regular,6,2020-10-10 19:30:00+00:00,252,BYU,2636,UTSA,4,-34.0,-34.125,-34.0,-34.5,-34.0,0.5,0.25,0,,,,,,,,4,63.5,63.375,63.5,63.0,63.5,0.5,0.25,0,,,,,,,
401240998,2020,regular,8,2020-10-25 02:15:00+00:00,252,BYU,326,Texas State,6,-30.0,-29.833333333333332,-30.0,-30.5,-29.0,1.5,0.5163977794943223,0,,,,,,,,6,61.75,61.833333333333336,61.75,61.5,62.5,1.0,0.408248290463863,0,,,,,,,
401241282,2020,regular,3,2020-09-19 18:30:00+00:00,87,Notre Dame,58,South Florida,5,-23.0,-23.0,-23.0,-23.5,-22.5,1.0,0.5,0,,,,,,,,5,49.0,49.0,49.0,48.5,49.5,1.0,0.3535533905932738,0,,,,,,,
401241303,2020,regular,4,2020-09-26 22:00:00+00:00,103,Boston College,326,Texas State,5,-21.5,-21.5,-21.5,-21.5,-21.5,0.0,0.0,0,,,,,,,,5,57.5,57.4,57.5,57.0,58.0,1.0,0.4183300132670378,0,,,,,,,
401246275,2020,regular,5,2020-10-03 01:00:00+00:00,252,BYU,2348,Louisiana Tech,5,-24.0,-24.1,-24.0,-24.5,-24.0,0.5,0.22360679774997896,0,,,,,,,,5,61.0,61.2,61.0,60.5,62.0,1.5,0.570087712549569,0,,,,,,,
401246425,2020,regular,6,2020-10-10 19:30:00+00:00,2032,Arkansas State,2110,Central Arkansas,1,-15.5,-15.5,-15.5,-15.5,-15.5,0.0,0.0,0,,,,,,,,1,56.0,56.0,56.0,56.0,56.0,0.0,0.0,0,,,,,,,
401247293,2020,regular,8,2020-10-24 16:00:00+00:00,194,Ohio State,158,Nebraska,6,-27.75,-27.833333333333332,-27.75,-28.5,-27.5,1.0,0.408248290463863,0,,,,,,,,6,69.5,69.08333333333333,69.5,68.0,69.5,1.5,0.6645800679125629,0,,,,,,,
401247294,2020,regular,8,2020-10-24 23:30:00+00:00,135,Minnesota,130,Michigan,6,3.0,2.9166666666666665,3.0,2.5,3.0,0.5,0.2041241452319315,0,,,,,,,,6,53.25,53.5,53.25,53.0,54.5,1.5,0.6324555320336759,0,,,,,,,
401247295,2020,regular,8,2020-10-24 19:30:00+00:00,84,Indiana,213,Penn State,6,6.5,6.583333333333333,6.5,6.0,7.0,1.0,0.3763863263545405,0,,,,,,,,6,61.75,61.75,61.75,61.5,62.0,0.5,0.27386127875258304,0,,,,,,,
401247296,2020,regular,8,2020-10-24 19:30:00+00:00,2509,Purdue,2294,Iowa,6,3.5,3.4166666666666665,3.5,3.0,3.5,0.5,0.2041241452319315,0,,,,,,,,6,52.0,51.833333333333336,52.0,51.5,52.0,0.5,0.25819888974716115,0,,,,,,,
401247297,2020,regular,8,2020-10-24 00:00:00+00:00,275,Wisconsin,356,Illinois,5,-20.5,-20.4,-20.5,-20.5,-20.0,0.5,0.22360679774997896,0,,,,,,,,5,51.5,51.6,51.5,51.5,52.0,0.5,0.22360679774997896,0,,,,,,,
401247298,2020,regular,8,2020-10-24 23:30:00+00:00,77,Northwestern,120,Maryland,6,-13.0,-13.083333333333334,-13.0,-14.0,-12.5,1.5,0.4915960401250875,0,,,,,,,,6,52.5,52.25,52.5,51.0,53.0,2.0,0.689202437604511,0,,,,,,,
401247299,2020,regular,8,2020-10-24 16:00:00+00:00,127,Michigan State,164,Rutgers,4,-9.5,-9.5,-9.5,-9.5,-9.5,0.0,0.0,0,,,,,,,,4,44.75,44.875,44.75,44.5,45.5,1.0,0.47871355387816905,0,,,,,,,
401247300,2020,regular,9,2020-10-31 19:30:00+00:00,164,Rutgers,84,Indiana,4,11.5,11.625,11.5,11.5,12.0,0.5,0.25,0,,,,,,,,3,54.0,53.5,54.0,52.5,54.0,1.5,0.8660254037844386,0,,,,,,,
401247301,2020,regular,9,2020-10-31 16:00:00+00:00,356,Illinois,2509,Purdue,6,9.5,9.25,9.5,7.0,10.0,3.0,1.1291589790636214,0,,,,,,,,5,55.5,55.5,55.5,54.5,56.5,2.0,0.7071067811865476,0,,,,,,,
401247302,2020,regular,9,2020-10-30 23:30:00+00:00,120,Maryland,135,Minnesota,6,18.5,18.583333333333332,18.5,17.5,20.5,3.0,1.0206207261596576,0,,,,,,,,5,60.5,60.4,60.5,60.0,60.5,0.5,0.22360679774997896,0,,,,,,,
401247303,2020,regular,9,2020-10-31 19:30:00+00:00,2294,Iowa,77,Northwestern,5,1.0,0.1,1.0,-3.0,1.0,4.0,1.746424919657298,0,,,,,,,,4,42.5,42.375,42.5,42.0,42.5,0.5,0.25,0,,,,,,,
401247305,2020,regular,9,2020-10-31 16:00:00+00:00,130,Michigan,127,Michigan State,6,-21.5,-22.166666666666668,-21.5,-25.0,-21.5,3.5,1.4023789311975086,0,,,,,,,,5,51.5,51.5,51.5,51.5,51.5,0.0,0.0,0,,,,,,,
401247306,2020,regular,9,2020-10-31 23:30:00+00:00,213,Penn State,194,Ohio State,6,10.25,10.666666666666666,10.25,10.0,13.0,3.0,1.1690451944500122,0,,,,,,,,5,63.0,63.1,63.0,63.0,63.5,0.5,0.22360679774997896,0,,,,,,,
401247307,2020,regular,10,2020-11-07 17:00:00+00:00,77,Northwestern,158,Nebraska,5,-4.0,-4.0,-4.0,-4.5,-3.5,1.0,0.3535533905932738,0,,,,,,,,5,54.0,54.1,54.0,53.0,55.0,2.0,0.7416198487095663,0,,,,,,,
401247308,2020,regular,10,2020-11-07 20:30:00+00:00,356,Illinois,135,Minnesota,5,7.5,7.4,7.5,7.0,7.5,0.5,0.22360679774997896,0,,,,,,,,5,65.0,64.3,65.0,61.5,65.5,4.0,1.6046806535881213,0,,,,,,,
401247309,2020,regular,10,2020-11-07 17:00:00+00:00,84,Indiana,130,Michigan,5,4.5,4.1,4.5,3.0,4.5,1.5,0.6519202405202649,0,,,,,,,,5,55.0,54.3,55.0,51.5,55.5,4.0,1.6046806535881213,0,,,,,,,
401247310,2020,regular,10,2020-11-08 00:30:00+00:00,194,Ohio State,164,Rutgers,4,-37.5,-37.625,-37.5,-38.0,-37.5,0.5,0.25,0,,,,,,,,4,62.5,62.875,62.5,62.0,64.5,2.5,1.1086778913041726,0,,,,,,,
401247312,2020,regular,10,2020-11-07 20:30:00+00:00,213,Penn State,120,Maryland,5,-27.5,-26.9,-27.5,-27.5,-25.0,2.5,1.08397416943394,0,,,,,,,,5,63.0,62.9,63.0,62.0,63.5,1.5,0.6519202405202649,0,,,,,,,
401247313,2020,regular,10,2020-11-07 17:00:00+00:00,2294,Iowa,127,Michigan State,5,-5.5,-5.5,-5.5,-6.5,-4.5,2.0,0.7071067811865476,0,,,,,,,,5,46.0,46.1,46.0,45.5,47.0,1.5,0.5477225575051661,0,,,,,,,
401247314,2020,regular,11,2020-11-14 18:00:00+00:00,164,Rutgers,356,Illinois,4,-5.5,-5.25,-5.5,-5.5,-4.5,1.0,0.5,0,,,,,,,,4,51.5,51.5,51.5,51.5,51.5,0.0,0.0,0,,,,,,,
401247315,2020,regular,11,2020-11-14 22:00:00+00:00,2509,Purdue,77,Northwestern,5,3.5,3.5,3.5,3.5,3.5,0.0,0.0,0,,,,,,,,5,48.0,48.2,48.0,48.0,48.5,0.5,0.27386127875258304,0,,,,,,,
401247316,2020,regular,11,2020-11-14 17:00:00+00:00,127,Michigan State,84,Indiana,5,7.5,7.5,7.5,7.5,7.5,0.0,0.0,0,,,,,,,,5,52.5,52.6,52.5,52.5,53.0,0.5,0.22360679774997896,0,,,,,,,
401247317,2020,regular,11,2020-11-14 00:00:00+00:00,135,Minnesota,2294,Iowa,5,3.0,3.1,3.0,3.0,3.5,0.5,0.22360679774997896,0,,,,,,,,5,58.0,58.1,58.0,58.0,58.5,0.5,0.22360679774997896,0,,,,,,,
401247319,2020,regular,11,2020-11-15 00:30:00+00:00,130,Michigan,275,Wisconsin,5,7.0,6.9,7.0,6.5,7.0,0.5,0.22360679774997896,0,,,,,,,,5,51.5,51.6,51.5,51.5,52.0,0.5,0.22360679774997896,0,,,,,,,
401247320,2020,regular,11,2020-11-14 17:00:00+00:00,158,Nebraska,213,Penn State,5,2.5,2.5,2.5,2.0,3.0,1.0,0.3535533905932738,0,,,,,,,,5,57.5,57.5,57.5,57.5,57.5,0.0,0.0,0,,,,,,,
401247321,2020,regular,12,2020-11-21 17:00:00+00:00,158,Nebraska,356,Illinois,5,-16.5,-16.6,-16.5,-17.0,-16.5,0.5,0.22360679774997896,0,,,,,,,,5,61.0,60.9,61.0,60.5,61.5,1.0,0.4183300132670378,0,,,,,,,
401247323,2020,regular,12,2020-11-21 20:30:00+00:00,77,Northwestern,275,Wisconsin,5,7.5,7.7,7.5,7.5,8.5,1.0,0.4472135954999579,0,,,,,,,,5,43.5,43.6,43.5,42.5,44.5,2.0,0.8944271909999159,0,,,,,,,
401247324,2020,regular,12,2020-11-22 00:30:00+00:00,164,Rutgers,130,Michigan,4,12.25,12.5,12.25,12.0,13.5,1.5,0.7071067811865476,0,,,,,,,,4,52.5,52.375,52.5,52.0,52.5,0.5,0.25,0,,,,,,,
401247325,2020,regular,12,2020-11-21 00:30:00+00:00,135,Minnesota,2509,Purdue,4,2.25,1.625,2.25,-0.5,2.5,3.0,1.4361406616345072,0,,,,,,,,4,61.0,61.0,61.0,60.5,61.5,1.0,0.5773502691896257,0,,,,,,,
401247326,2020,regular,12,2020-11-21 17:00:00+00:00,194,Ohio State,84,Indiana,5,-21.0,-21.2,-21.0,-21.5,-21.0,0.5,0.27386127875258304,0,,,,,,,,5,67.5,67.2,67.5,66.5,67.5,1.0,0.4472135954999579,0,,,,,,,
401247327,2020,regular,12,2020-11-21 20:30:00+00:00,213,Penn State,2294,Iowa,5,0.5,0.4,0.5,-1.0,1.5,2.5,0.9617692030835673,0,,,,,,,,5,45.5,45.5,45.5,45.5,45.5,0.0,0.0,0,,,,,,,
401247328,2020,regular,13,2020-11-28 21:00:00+00:00,2509,Purdue,164,Rutgers,4,-12.5,-12.375,-12.5,-12.5,-12.0,0.5,0.25,0,,,,,,,,4,61.0,60.875,61.0,60.5,61.0,0.5,0.25,0,,,,,,,
401247329,2020,regular,13,2020-11-28 17:00:00+00:00,84,Indiana,120,Maryland,5,-11.5,-11.4,-11.5,-11.5,-11.0,0.5,0.22360679774997896,0,,,,,,,,5,65.0,64.2,65.0,62.5,66.0,3.5,1.6046806535881213,0,,,,,,,
401247330,2020,regular,13,2020-11-28 20:30:00+00:00,127,Michigan State,77,Northwestern,5,13.5,13.6,13.5,13.5,14.0,0.5,0.22360679774997896,0,,,,,,,,5,40.5,40.7,40.5,40.0,41.5,1.5,0.570087712549569,0,,,,,,,
401247332,2020,regular,13,2020-11-27 18:00:00+00:00,2294,Iowa,158,Nebraska,5,-12.5,-12.5,-12.5,-13.0,-11.5,1.5,0.6123724356957945,0,,,,,,,,5,53.5,53.5,53.5,53.0,54.0,1.0,0.3535533905932738,0,,,,,,,
401247333,2020,regular,13,2020-11-28 17:00:00+00:00,130,Michigan,213,Penn State,5,-0.5,-0.5,-0.5,-1.0,0.0,1.0,0.5,0,,,,,,,,5,56.5,56.3,56.5,56.0,56.5,0.5,0.27386127875258304,0,,,,,,,
401247335,2020,regular,14,2020-12-05 17:00:00+00:00,2509,Purdue,158,Nebraska,5,-1.0,-0.8,-1.0,-1.5,0.5,2.0,0.758287544405155,0,,,,,,,,5,64.0,64.2,64.0,64.0,64.5,0.5,0.27386127875258304,0,,,,,,,
401247336,2020,regular,14,2020-12-05 17:00:00+00:00,164,Rutgers,213,Penn State,4,13.0,12.875,13.0,12.5,13.0,0.5,0.25,0,,,,,,,,4,51.25,51.25,51.25,51.0,51.5,0.5,0.28867513459481287,0,,,,,,,
401247337,2020,regular,14,2020-12-05 20:30:00+00:00,356,Illinois,2294,Iowa,5,14.0,13.9,14.0,13.5,14.5,1.0,0.4183300132670378,0,,,,,,,,5,52.5,52.6,52.5,52.5,53.0,0.5,0.22360679774997896,0,,,,,,,
401247338,2020,regular,14,2020-12-05 20:30:00+00:00,275,Wisconsin,84,Indiana,5,-13.0,-13.0,-13.0,-13.5,-12.5,1.0,0.5,0,,,,,,,,5,44.5,44.5,44.5,44.5,44.5,0.0,0.0,0,,,,,,,
401247340,2020,regular,14,2020-12-05 17:00:00+00:00,127,Michigan State,194,Ohio State,5,22.5,22.4,22.5,22.0,22.5,0.5,0.22360679774997896,0,,,,,,,,5,59.0,58.9,59.0,58.5,59.0,0.5,0.22360679774997896,0,,,,,,,
401247342,2020,regular,15,2020-12-12 17:00:00+00:00,120,Maryland,164,Rutgers,5,-3.0,-3.1,-3.0,-3.5,-3.0,0.5,0.22360679774997896,0,,,,,,,,5,54.5,54.5,54.5,54.0,55.0,1.0,0.3535533905932738,0,,,,,,,
401247344,2020,regular,15,2020-12-12 17:00:00+00:00,77,Northwestern,356,Illinois,5,-13.5,-13.3,-13.5,-13.5,-13.0,0.5,0.27386127875258304,0,,,,,,,,5,41.5,41.6,41.5,41.0,42.0,1.0,0.4183300132670378,0,,,,,,,
401247345,2020,regular,15,2020-12-12 17:00:00+00:00,158,Nebraska,135,Minnesota,5,-9.5,-9.3,-9.5,-10.5,-8.5,2.0,0.8366600265340756,0,,,,,,,,5,61.5,61.1,61.5,59.5,61.5,2.0,0.8944271909999159,0,,,,,,,
401247346,2020,regular,15,2020-12-12 17:00:00+00:00,213,Penn State,127,Michigan State,5,-14.5,-14.5,-14.5,-14.5,-14.5,0.0,0.0,0,,,,,,,,5,46.0,45.9,46.0,45.5,46.5,1.0,0.4183300132670378,0,,,,,,,
401247347,2020,regular,15,2020-12-12 20:30:00+00:00,2294,Iowa,275,Wisconsin,5,1.0,1.3,1.0,0.5,2.0,1.5,0.6708203932499369,0,,,,,,,,5,40.5,40.3,40.5,39.0,41.0,2.0,0.8366600265340756,0,,,,,,,
401247349,2020,regular,16,2020-12-19 17:00:00+00:00,194,Ohio State,77,Northwestern,5,-16.5,-17.4,-16.5,-21.0,-16.5,4.5,2.0124611797498106,0,,,,,,,,5,56.5,56.8,56.5,56.5,57.5,1.0,0.4472135954999579,0,,,,,,,
401247374,2020,regular,12,2020-11-21 17:00:00+00:00,235,Memphis,2617,Stephen F. Austin,1,-31.0,-31.0,-31.0,-31.0,-31.0,0.0,0.0,0,,,,,,,,1,61.0,61.0,61.0,61.0,61.0,0.0,0.0,0,,,,,,,
401248275,2020,regular,12,2020-11-21 21:00:00+00:00,258,Virginia,2000,Abilene Christian,1,-38.5,-38.5,-38.5,-38.5,-38.5,0.0,0.0,0,,,,,,,,1,61.5,61.5,61.5,61.5,61.5,0.0,0.0,0,,,,,,,
401248781,2020,regular,14,2020-12-05 17:00:00+00:00,153,North Carolina,2717,Western Carolina,2,-49.25,-49.25,-49.25,-50.0,-48.5,1.5,1.0606601717798212,0,,,,,,,,2,69.25,69.25,69.25,69.0,69.5,0.5,0.3535533905932738,0,,,,,,,
401248993,2020,regular,8,2020-10-25 02:30:00+00:00,23,San José State,2005,Air Force,5,7.5,7.5,7.5,7.5,7.5,0.0,0.0,0,,,,,,,,5,64.0,63.8,64.0,63.5,64.0,0.5,0.27386127875258304,0,,,,,,,
401248994,2020,regular,8,2020-10-24 23:30:00+00:00,278,Fresno State,62,Hawai'i,6,-2.75,-2.75,-2.75,-3.0,-2.5,0.5,0.27386127875258304,0,,,,,,,,6,64.5,64.66666666666667,64.5,64.5,65.5,1.0,0.408248290463863,0,,,,,,,
401248996,2020,regular,8,2020-10-25 02:30:00+00:00,21,San Diego State,2439,UNLV,5,-14.0,-14.1,-14.0,-14.5,-14.0,0.5,0.22360679774997896,0,,,,,,,,5,50.5,50.6,50.5,50.0,51.0,1.0,0.4183300132670378,0,,,,,,,
401248997,2020,regular,8,2020-10-24 23:00:00+00:00,68,Boise State,328,Utah State,5,-17.0,-17.1,-17.0,-17.5,-17.0,0.5,0.22360679774997896,0,,,,,,,,5,51.5,51.4,51.5,51.0,51.5,0.5,0.22360679774997896,0,,,,,,,
401248998,2020,regular,8,2020-10-24 23:00:00+00:00,2440,Nevada,2751,Wyoming,5,3.0,2.9,3.0,2.5,3.0,0.5,0.22360679774997896,0,,,,,,,,5,54.0,54.1,54.0,54.0,54.5,0.5,0.22360679774997896,0,,,,,,,
401248999,2020,regular,9,2020-10-31 22:00:00+00:00,2005,Air Force,68,Boise State,6,13.5,13.0,13.5,10.5,14.5,4.0,1.378404875209022,0,,,,,,,,5,49.0,48.9,49.0,48.5,49.0,0.5,0.22360679774997896,0,,,,,,,
401249000,2020,regular,9,2020-10-30 02:00:00+00:00,278,Fresno State,36,Colorado State,5,2.5,2.3,2.5,1.5,2.5,1.0,0.4472135954999579,0,,,,,,,,4,58.25,58.25,58.25,58.0,58.5,0.5,0.28867513459481287,0,,,,,,,
401249001,2020,regular,9,2020-10-31 01:45:00+00:00,2751,Wyoming,62,Hawai'i,5,2.5,2.4,2.5,1.5,3.0,1.5,0.6519202405202649,0,,,,,,,,4,60.0,60.125,60.0,60.0,60.5,0.5,0.25,0,,,,,,,
401249002,2020,regular,9,2020-11-01 02:30:00+00:00,2439,UNLV,2440,Nevada,6,13.5,13.0,13.5,10.5,13.5,3.0,1.224744871391589,0,,,,,,,,5,59.5,59.5,59.5,59.0,60.0,1.0,0.3535533905932738,0,,,,,,,
401249003,2020,regular,9,2020-10-31 23:00:00+00:00,167,New Mexico,23,San José State,6,-13.5,-9.666666666666666,-13.5,-13.5,9.5,23.0,9.38971068066885,0,,,,,,,,5,56.0,56.2,56.0,55.5,57.5,2.0,0.8366600265340756,0,,,,,,,
401249004,2020,regular,9,2020-11-01 01:30:00+00:00,328,Utah State,21,San Diego State,6,8.75,8.5,8.75,7.5,9.0,1.5,0.6324555320336759,0,,,,,,,,5,41.5,41.8,41.5,40.5,43.5,3.0,1.2041594578792296,0,,,,,,,
401249005,2020,regular,10,2020-11-07 02:45:00+00:00,68,Boise State,252,BYU,5,4.5,4.2,4.5,3.0,5.0,2.0,0.758287544405155,0,,,,,,,,5,62.5,62.0,62.5,59.0,63.5,4.5,1.7320508075688772,0,,,,,,,
401249006,2020,regular,10,2020-11-07 20:30:00+00:00,2439,UNLV,278,Fresno State,5,11.5,11.3,11.5,11.0,11.5,0.5,0.27386127875258304,0,,,,,,,,5,57.5,57.7,57.5,57.5,58.0,0.5,0.27386127875258304,0,,,,,,,
401249007,2020,regular,10,2020-11-08 04:00:00+00:00,62,Hawai'i,167,New Mexico,5,-14.5,-14.6,-14.5,-15.5,-14.0,1.5,0.6519202405202649,0,,,,,,,,5,65.5,63.9,65.5,61.5,65.5,4.0,2.1908902300206643,0,,,,,,,
401249008,2020,regular,10,2020-11-07 02:00:00+00:00,21,San Diego State,23,San José State,5,-10.5,-10.1,-10.5,-10.5,-9.0,1.5,0.6519202405202649,0,,,,,,,,5,50.0,49.7,50.0,48.0,50.5,2.5,1.036822067666386,0,,,,,,,
401249009,2020,regular,10,2020-11-06 00:00:00+00:00,2440,Nevada,328,Utah State,5,-17.0,-16.9,-17.0,-17.5,-16.0,1.5,0.5477225575051661,0,,,,,,,,5,57.5,57.5,57.5,56.0,58.5,2.5,0.9354143466934853,0,,,,,,,
401249010,2020,regular,10,2020-11-06 02:00:00+00:00,36,Colorado State,2751,Wyoming,5,3.5,3.3,3.5,2.5,4.0,1.5,0.570087712549569,0,,,,,,,,5,53.5,53.5,53.5,52.5,54.5,2.0,0.7905694150420949,0,,,,,,,
401249012,2020,regular,11,2020-11-13 01:00:00+00:00,68,Boise State,36,Colorado State,5,-14.0,-14.0,-14.0,-14.5,-13.5,1.0,0.3535533905932738,0,,,,,,,,5,62.5,62.3,62.5,61.5,63.0,1.5,0.570087712549569,0,,,,,,,
401249013,2020,regular,11,2020-11-14 19:30:00+00:00,328,Utah State,278,Fresno State,5,11.0,10.8,11.0,10.5,11.0,0.5,0.27386127875258304,0,,,,,,,,5,51.5,51.5,51.5,51.5,51.5,0.0,0.0,0,,,,,,,
401249014,2020,regular,11,2020-11-14 21:00:00+00:00,21,San Diego State,62,Hawai'i,5,-10.0,-9.8,-10.0,-10.0,-9.5,0.5,0.27386127875258304,0,,,,,,,,5,51.0,50.9,51.0,50.5,51.0,0.5,0.22360679774997896,0,,,,,,,
401249015,2020,regular,11,2020-11-14 23:30:00+00:00,167,New Mexico,2440,Nevada,5,17.5,17.4,17.5,17.0,17.5,0.5,0.22360679774997896,0,,,,,,,,5,62.5,62.5,62.5,62.0,63.0,1.0,0.3535533905932738,0,,,,,,,
401249016,2020,regular,11,2020-11-15 03:30:00+00:00,23,San José State,2439,UNLV,5,-17.0,-16.7,-17.0,-17.0,-16.0,1.0,0.4472135954999579,0,,,,,,,,5,61.0,60.2,61.0,58.0,62.0,4.0,1.823458252881047,0,,,,,,,
401249017,2020,regular,12,2020-11-22 04:00:00+00:00,62,Hawai'i,68,Boise State,5,13.5,13.6,13.5,13.5,14.0,0.5,0.22360679774997896,0,,,,,,,,5,55.5,55.6,55.5,55.5,56.0,0.5,0.22360679774997896,0,,,,,,,
401249018,2020,regular,12,2020-11-21 02:30:00+00:00,2005,Air Force,167,New Mexico,5,-8.0,-8.4,-8.0,-9.5,-8.0,1.5,0.6519202405202649,0,,,,,,,,5,55.5,55.8,55.5,55.0,56.5,1.5,0.6708203932499369,0,,,,,,,
401249019,2020,regular,12,2020-11-21 20:30:00+00:00,2440,Nevada,21,San Diego State,5,1.5,1.5,1.5,1.5,1.5,0.0,0.0,0,,,,,,,,5,46.5,46.3,46.5,45.5,46.5,1.0,0.4472135954999579,0,,,,,,,
401249024,2020,regular,13,2020-11-29 04:00:00+00:00,62,Hawai'i,2440,Nevada,5,7.0,7.2,7.0,7.0,7.5,0.5,0.27386127875258304,0,,,,,,,,5,63.0,62.4,63.0,61.5,63.0,1.5,0.8215838362577492,0,,,,,,,
401249025,2020,regular,13,2020-11-27 00:00:00+00:00,328,Utah State,167,New Mexico,5,6.0,5.9,6.0,5.5,6.0,0.5,0.22360679774997896,0,,,,,,,,5,49.0,49.5,49.0,49.0,51.5,2.5,1.118033988749895,0,,,,,,,
401249028,2020,regular,13,2020-11-27 21:00:00+00:00,2439,UNLV,2751,Wyoming,5,16.5,16.8,16.5,16.5,17.5,1.0,0.4472135954999579,0,,,,,,,,5,52.0,52.1,52.0,52.0,52.5,0.5,0.22360679774997896,0,,,,,,,
401249029,2020,regular,14,2020-12-04 02:30:00+00:00,328,Utah State,2005,Air Force,5,13.5,13.4,13.5,13.0,13.5,0.5,0.22360679774997896,0,,,,,,,,5,51.5,51.4,51.5,51.0,52.0,1.0,0.4183300132670378,0,,,,,,,
401249031,2020,regular,14,2020-12-06 00:00:00+00:00,21,San Diego State,36,Colorado State,5,-7.5,-7.5,-7.5,-7.5,-7.5,0.0,0.0,0,,,,,,,,5,45.5,45.7,45.5,45.0,46.5,1.5,0.570087712549569,0,,,,,,,
401249032,2020,regular,14,2020-12-06 02:00:00+00:00,2440,Nevada,278,Fresno State,5,-6.5,-6.5,-6.5,-6.5,-6.5,0.0,0.0,0,,,,,,,,5,59.0,59.1,59.0,59.0,59.5,0.5,0.22360679774997896,0,,,,,,,
401249033,2020,regular,14,2020-12-05 23:00:00+00:00,23,San José State,62,Hawai'i,5,2.5,0.9,2.5,-6.0,3.0,9.0,3.8632887544163714,0,,,,,,,,5,59.5,59.5,59.5,59.0,60.0,1.0,0.3535533905932738,0,,,,,,,
401249034,2020,regular,14,2020-12-06 03:30:00+00:00,167,New Mexico,2751,Wyoming,5,16.0,16.6,16.0,15.0,18.5,3.5,1.5572411502397436,0,,,,,,,,5,51.0,51.3,51.0,51.0,52.0,1.0,0.4472135954999579,0,,,,,,,
401249035,2020,regular,15,2020-12-12 23:00:00+00:00,2751,Wyoming,68,Boise State,5,9.5,9.4,9.5,9.0,9.5,0.5,0.22360679774997896,0,,,,,,,,5,46.5,46.8,46.5,46.5,47.5,1.0,0.4472135954999579,0,,,,,,,
401249036,2020,regular,15,2020-12-13 03:30:00+00:00,167,New Mexico,278,Fresno State,5,14.5,14.6,14.5,14.5,15.0,0.5,0.22360679774997896,0,,,,,,,,5,56.5,56.2,56.5,55.5,57.0,1.5,0.6708203932499369,0,,,,,,,
401249037,2020,regular,15,2020-12-12 03:00:00+00:00,23,San José State,2440,Nevada,5,2.5,1.7,2.5,-0.5,2.5,3.0,1.3038404810405297,0,,,,,,,,5,61.5,60.9,61.5,59.5,61.5,2.0,0.8944271909999159,0,,,,,,,
401249038,2020,regular,15,2020-12-13 04:00:00+00:00,62,Hawai'i,2439,UNLV,5,-19.5,-19.2,-19.5,-19.5,-18.5,1.0,0.4472135954999579,0,,,,,,,,5,60.0,60.1,60.0,60.0,60.5,0.5,0.22360679774997896,0,,,,,,,
401249043,2020,regular,16,2020-12-19 21:40:00+00:00,23,San José State,68,Boise State,5,6.5,6.5,6.5,6.5,6.5,0.0,0.0,0,,,,,,,,5,58.5,58.2,58.5,56.0,59.5,3.5,1.3038404810405297,0,,,,,,,
401249397,2020,regular,10,2020-11-08 03:30:00+00:00,204,Oregon State,265,Washington State,5,-3.0,-3.1,-3.0,-3.5,-2.5,1.0,0.4183300132670378,0,,,,,,,,5,63.5,63.5,63.5,62.5,64.5,2.0,0.7071067811865476,0,,,,,,,
401249399,2020,regular,10,2020-11-08 00:30:00+00:00,2483,Oregon,24,Stanford,5,-11.5,-11.3,-11.5,-12.0,-10.5,1.5,0.758287544405155,0,,,,,,,,5,50.0,50.4,50.0,49.0,52.5,3.5,1.5572411502397436,0,,,,,,,
401249400,2020,regular,10,2020-11-07 17:00:00+00:00,30,USC,9,Arizona State,5,-11.5,-11.4,-11.5,-11.5,-11.0,0.5,0.22360679774997896,0,,,,,,,,5,57.5,57.4,57.5,56.5,58.0,1.5,0.5477225575051661,0,,,,,,,
401249402,2020,regular,10,2020-11-08 00:00:00+00:00,38,Colorado,26,UCLA,5,6.5,6.5,6.5,6.5,6.5,0.0,0.0,0,,,,,,,,5,56.5,56.4,56.5,55.5,57.0,1.5,0.5477225575051661,0,,,,,,,
401249403,2020,regular,11,2020-11-14 20:30:00+00:00,12,Arizona,30,USC,5,15.0,15.0,15.0,14.5,15.5,1.0,0.3535533905932738,0,,,,,,,,5,67.5,67.5,67.5,67.0,68.0,1.0,0.3535533905932738,0,,,,,,,
401249404,2020,regular,11,2020-11-15 04:00:00+00:00,264,Washington,204,Oregon State,5,-13.5,-13.6,-13.5,-14.0,-13.5,0.5,0.22360679774997896,0,,,,,,,,5,51.0,51.1,51.0,50.5,51.5,1.0,0.4183300132670378,0,,,,,,,
401249405,2020,regular,11,2020-11-15 00:00:00+00:00,265,Washington State,2483,Oregon,5,10.5,10.4,10.5,9.5,11.0,1.5,0.5477225575051661,0,,,,,,,,5,57.5,57.5,57.5,56.5,58.0,1.5,0.6123724356957945,0,,,,,,,
401249406,2020,regular,11,2020-11-14 20:30:00+00:00,24,Stanford,38,Colorado,5,-9.5,-9.5,-9.5,-9.5,-9.5,0.0,0.0,0,,,,,,,,5,55.0,55.1,55.0,54.5,55.5,1.0,0.4183300132670378,0,,,,,,,
401249410,2020,regular,12,2020-11-22 03:30:00+00:00,254,Utah,30,USC,5,1.0,1.2,1.0,-1.0,2.5,3.5,1.4404860290887933,0,,,,,,,,5,59.0,58.4,59.0,57.5,59.0,1.5,0.8215838362577492,0,,,,,,,
401249411,2020,regular,12,2020-11-21 20:30:00+00:00,204,Oregon State,25,California,5,1.0,1.0,1.0,0.5,1.5,1.0,0.3535533905932738,0,,,,,,,,5,46.5,46.2,46.5,45.5,47.0,1.5,0.6708203932499369,0,,,,,,,
401249413,2020,regular,12,2020-11-22 01:00:00+00:00,264,Washington,12,Arizona,5,-11.5,-11.7,-11.5,-12.0,-11.5,0.5,0.27386127875258304,0,,,,,,,,5,53.5,53.6,53.5,53.5,54.0,0.5,0.22360679774997896,0,,,,,,,
401249415,2020,regular,12,2020-11-21 20:30:00+00:00,2483,Oregon,26,UCLA,5,-17.5,-17.9,-17.5,-18.5,-17.5,1.0,0.5477225575051661,0,,,,,,,,5,61.5,61.6,61.5,61.5,62.0,0.5,0.22360679774997896,0,,,,,,,
401249417,2020,regular,13,2020-11-27 21:30:00+00:00,25,California,24,Stanford,5,2.0,1.9,2.0,1.5,2.5,1.0,0.4183300132670378,0,,,,,,,,5,51.5,51.3,51.5,51.0,51.5,0.5,0.27386127875258304,0,,,,,,,
401249418,2020,regular,13,2020-11-28 00:30:00+00:00,204,Oregon State,2483,Oregon,5,13.0,13.0,13.0,12.5,13.5,1.0,0.3535533905932738,0,,,,,,,,5,64.5,64.6,64.5,64.5,65.0,0.5,0.22360679774997896,0,,,,,,,
401249421,2020,regular,13,2020-11-29 01:00:00+00:00,26,UCLA,12,Arizona,5,-10.0,-9.3,-10.0,-10.5,-7.5,3.0,1.2549900398011133,0,,,,,,,,5,70.5,70.4,70.5,70.0,71.0,1.0,0.4183300132670378,0,,,,,,,
401249422,2020,regular,14,2020-12-06 03:30:00+00:00,254,Utah,204,Oregon State,5,-13.5,-13.7,-13.5,-14.0,-13.5,0.5,0.27386127875258304,0,,,,,,,,5,51.0,51.1,51.0,50.5,51.5,1.0,0.4183300132670378,0,,,,,,,
401249423,2020,regular,14,2020-12-06 00:00:00+00:00,25,California,2483,Oregon,5,9.5,9.3,9.5,9.0,9.5,0.5,0.27386127875258304,0,,,,,,,,5,59.5,59.5,59.5,59.0,60.0,1.0,0.3535533905932738,0,,,,,,,
401249424,2020,regular,14,2020-12-05 21:00:00+00:00,264,Washington,24,Stanford,5,-12.0,-12.1,-12.0,-12.5,-12.0,0.5,0.22360679774997896,0,,,,,,,,5,49.5,49.6,49.5,49.5,50.0,0.5,0.22360679774997896,0,,,,,,,
401249425,2020,regular,14,2020-12-06 03:30:00+00:00,9,Arizona State,26,UCLA,5,-2.5,-2.7,-2.5,-3.0,-2.5,0.5,0.27386127875258304,0,,,,,,,,5,57.5,57.1,57.5,56.0,58.0,2.0,0.8215838362577492,0,,,,,,,
401249426,2020,regular,14,2020-12-06 00:00:00+00:00,12,Arizona,38,Colorado,5,9.5,9.0,9.5,7.5,9.5,2.0,0.8660254037844386,0,,,,,,,,5,57.0,56.9,57.0,56.0,57.5,1.5,0.6519202405202649,0,,,,,,,
401249427,2020,regular,14,2020-12-07 00:30:00+00:00,30,USC,265,Washington State,5,-11.0,-11.2,-11.0,-11.5,-11.0,0.5,0.27386127875258304,0,,,,,,,,5,68.5,68.5,68.5,68.5,68.5,0.0,0.0,0,,,,,,,
401249428,2020,regular,15,2020-12-12 17:00:00+00:00,38,Colorado,254,Utah,5,2.5,2.6,2.5,2.5,3.0,0.5,0.22360679774997896,0,,,,,,,,5,49.0,49.1,49.0,48.5,49.5,1.0,0.4183300132670378,0,,,,,,,
401249429,2020,regular,15,2020-12-12 00:00:00+00:00,12,Arizona,9,Arizona State,5,9.0,9.1,9.0,8.0,11.0,3.0,1.140175425099138,0,,,,,,,,5,56.5,56.7,56.5,55.5,58.0,2.5,0.9082951062292475,0,,,,,,,
401249431,2020,regular,15,2020-12-13 00:30:00+00:00,26,UCLA,30,USC,5,3.5,3.5,3.5,3.5,3.5,0.0,0.0,0,,,,,,,,5,65.0,64.5,65.0,63.5,65.0,1.5,0.7071067811865476,0,,,,,,,
401249432,2020,regular,15,2020-12-13 03:00:00+00:00,204,Oregon State,24,Stanford,5,2.5,2.5,2.5,2.5,2.5,0.0,0.0,0,,,,,,,,5,55.0,55.1,55.0,54.5,55.5,1.0,0.4183300132670378,0,,,,,,,
401249434,2020,regular,16,2020-12-19 01:00:00+00:00,30,USC,2483,Oregon,4,-3.0,-3.125,-3.0,-3.5,-3.0,0.5,0.25,0,,,,,,,,4,65.5,65.5,65.5,65.5,65.5,0.0,0.0,0,,,,,,,
401249435,2020,regular,15,2020-12-13 03:00:00+00:00,252,BYU,21,San Diego State,5,-16.5,-16.6,-16.5,-17.0,-16.5,0.5,0.22360679774997896,0,,,,,,,,5,47.5,47.4,47.5,47.0,47.5,0.5,0.22360679774997896,0,,,,,,,
401249854,2020,regular,16,2020-12-19 00:30:00+00:00,2084,Buffalo,2050,Ball State,4,-12.5,-12.625,-12.5,-13.0,-12.5,0.5,0.25,0,,,,,,,,4,69.75,69.75,69.75,69.5,70.0,0.5,0.28867513459481287,0,,,,,,,
401249856,2020,regular,10,2020-11-04 23:00:00+00:00,2309,Kent State,2199,Eastern Michigan,5,-4.5,-5.0,-4.5,-6.0,-4.5,1.5,0.7071067811865476,0,,,,,,,,5,65.5,64.8,65.5,62.0,65.5,3.5,1.5652475842498528,0,,,,,,,
401249857,2020,regular,10,2020-11-04 23:00:00+00:00,2006,Akron,2711,Western Michigan,5,20.5,19.9,20.5,18.0,20.5,2.5,1.08397416943394,0,,,,,,,,5,52.0,52.3,52.0,51.5,54.0,2.5,0.9746794344808964,0,,,,,,,
401249858,2020,regular,10,2020-11-05 01:00:00+00:00,2649,Toledo,189,Bowling Green,5,-24.0,-23.5,-24.0,-24.0,-22.0,2.0,0.8660254037844386,0,,,,,,,,5,63.0,62.9,63.0,62.0,63.5,1.5,0.6519202405202649,0,,,,,,,
401249859,2020,regular,10,2020-11-05 00:00:00+00:00,2459,Northern Illinois,2084,Buffalo,5,14.5,13.7,14.5,11.0,14.5,3.5,1.5247950681976907,0,,,,,,,,5,53.0,53.0,53.0,52.0,53.5,1.5,0.6123724356957945,0,,,,,,,
401249860,2020,regular,10,2020-11-05 00:00:00+00:00,2117,Central Michigan,195,Ohio,5,2.5,2.4,2.5,1.0,3.0,2.0,0.8215838362577492,0,,,,,,,,5,54.0,55.0,54.0,53.5,59.0,5.5,2.2638462845343543,0,,,,,,,
401249861,2020,regular,11,2020-11-11 00:00:00+00:00,195,Ohio,2006,Akron,5,-27.0,-27.1,-27.0,-27.5,-26.5,1.0,0.4183300132670378,0,,,,,,,,5,59.0,58.7,59.0,58.0,59.0,1.0,0.4472135954999579,0,,,,,,,
401249862,2020,regular,11,2020-11-11 00:30:00+00:00,189,Bowling Green,2309,Kent State,5,20.5,20.7,20.5,20.5,21.0,0.5,0.27386127875258304,0,,,,,,,,5,55.0,55.1,55.0,55.0,55.5,0.5,0.22360679774997896,0,,,,,,,
401249864,2020,regular,11,2020-11-12 01:00:00+00:00,2459,Northern Illinois,2117,Central Michigan,5,6.0,6.2,6.0,6.0,6.5,0.5,0.27386127875258304,0,,,,,,,,5,57.5,57.6,57.5,57.5,58.0,0.5,0.22360679774997896,0,,,,,,,
401249865,2020,regular,11,2020-11-12 00:00:00+00:00,2050,Ball State,2199,Eastern Michigan,5,-8.5,-8.3,-8.5,-8.5,-8.0,0.5,0.27386127875258304,0,,,,,,,,5,61.5,61.5,61.5,61.0,62.0,1.0,0.3535533905932738,0,,,,,,,
401249866,2020,regular,11,2020-11-12 01:00:00+00:00,2711,Western Michigan,2649,Toledo,5,-1.5,-1.5,-1.5,-1.5,-1.5,0.0,0.0,0,,,,,,,,5,58.5,58.8,58.5,58.5,59.5,1.0,0.4472135954999579,0,,,,,,,
401249867,2020,regular,12,2020-11-18 01:00:00+00:00,2309,Kent State,2006,Akron,5,-26.0,-26.1,-26.0,-26.5,-25.5,1.0,0.4183300132670378,0,,,,,,,,5,60.0,59.7,60.0,59.0,60.0,1.0,0.4472135954999579,0,,,,,,,
401249868,2020,regular,12,2020-11-18 00:00:00+00:00,189,Bowling Green,2084,Buffalo,5,31.5,31.6,31.5,31.5,32.0,0.5,0.22360679774997896,0,,,,,,,,5,58.5,58.3,58.5,57.5,58.5,1.0,0.4472135954999579,0,,,,,,,
401249870,2020,regular,12,2020-11-19 00:00:00+00:00,2050,Ball State,2459,Northern Illinois,5,-14.5,-14.5,-14.5,-14.5,-14.5,0.0,0.0,0,,,,,,,,5,60.0,59.9,60.0,59.5,60.5,1.0,0.4183300132670378,0,,,,,,,
401249871,2020,regular,12,2020-11-19 00:00:00+00:00,2199,Eastern Michigan,2649,Toledo,5,6.5,6.6,6.5,6.5,7.0,0.5,0.22360679774997896,0,,,,,,,,5,62.0,62.1,62.0,61.5,62.5,1.0,0.4183300132670378,0,,,,,,,
401249872,2020,regular,12,2020-11-19 00:00:00+00:00,2117,Central Michigan,2711,Western Michigan,5,1.0,0.7,1.0,0.0,1.0,1.0,0.4472135954999579,0,,,,,,,,5,59.5,59.6,59.5,59.5,60.0,0.5,0.22360679774997896,0,,,,,,,
401249873,2020,regular,13,2020-11-28 17:00:00+00:00,2649,Toledo,2050,Ball State,5,-10.0,-9.8,-10.0,-10.0,-9.5,0.5,0.27386127875258304,0,,,,,,,,5,67.0,67.1,67.0,66.5,67.5,1.0,0.4183300132670378,0,,,,,,,
401249874,2020,regular,13,2020-11-27 21:00:00+00:00,2199,Eastern Michigan,2117,Central Michigan,5,6.5,6.4,6.5,6.0,6.5,0.5,0.22360679774997896,0,,,,,,,,5,59.0,58.9,59.0,58.5,59.0,0.5,0.22360679774997896,0,,,,,,,
401249875,2020,regular,13,2020-11-28 17:00:00+00:00,2711,Western Michigan,2459,Northern Illinois,5,-18.5,-18.8,-18.5,-19.5,-18.5,1.0,0.4472135954999579,0,,,,,,,,5,64.5,64.5,64.5,64.5,64.5,0.0,0.0,0,,,,,,,
401249876,2020,regular,13,2020-11-28 17:00:00+00:00,195,Ohio,189,Bowling Green,5,-22.5,-22.7,-22.5,-23.0,-22.5,0.5,0.27386127875258304,0,,,,,,,,5,54.5,54.7,54.5,54.5,55.0,0.5,0.27386127875258304,0,,,,,,,
401249877,2020,regular,13,2020-11-28 17:00:00+00:00,2084,Buffalo,2309,Kent State,5,-7.5,-7.4,-7.5,-7.5,-7.0,0.5,0.22360679774997896,0,,,,,,,,5,69.5,69.7,69.5,69.5,70.0,0.5,0.27386127875258304,0,,,,,,,
401249878,2020,regular,14,2020-12-05 19:00:00+00:00,2117,Central Michigan,2050,Ball State,5,2.5,2.6,2.5,2.5,3.0,0.5,0.22360679774997896,0,,,,,,,,5,63.0,63.0,63.0,62.5,63.5,1.0,0.3535533905932738,0,,,,,,,
401249879,2020,regular,14,2020-12-05 19:00:00+00:00,2711,Western Michigan,2199,Eastern Michigan,5,-13.5,-13.5,-13.5,-13.5,-13.5,0.0,0.0,0,,,,,,,,5,67.5,67.4,67.5,67.0,67.5,0.5,0.22360679774997896,0,,,,,,,
401249880,2020,regular,14,2020-12-05 17:00:00+00:00,2459,Northern Illinois,2649,Toledo,5,9.5,9.6,9.5,9.0,10.0,1.0,0.4183300132670378,0,,,,,,,,5,53.5,53.6,53.5,53.5,54.0,0.5,0.22360679774997896,0,,,,,,,
401249881,2020,regular,14,2020-12-05 19:00:00+00:00,2006,Akron,189,Bowling Green,5,-2.5,-2.6,-2.5,-3.0,-2.5,0.5,0.22360679774997896,0,,,,,,,,5,55.0,54.9,55.0,54.5,55.5,1.0,0.4183300132670378,0,,,,,,,
401249883,2020,regular,15,2020-12-12 20:00:00+00:00,2649,Toledo,2117,Central Michigan,5,-10.5,-10.5,-10.5,-11.0,-10.0,1.0,0.5,0,,,,,,,,5,54.5,54.4,54.5,54.0,54.5,0.5,0.22360679774997896,0,,,,,,,
401249884,2020,regular,15,2020-12-12 17:00:00+00:00,2199,Eastern Michigan,2459,Northern Illinois,5,-6.5,-6.2,-6.5,-6.5,-5.5,1.0,0.4472135954999579,0,,,,,,,,5,55.5,55.5,55.5,55.5,55.5,0.0,0.0,0,,,,,,,
401249885,2020,regular,15,2020-12-12 17:00:00+00:00,2050,Ball State,2711,Western Michigan,5,2.0,2.1,2.0,2.0,2.5,0.5,0.22360679774997896,0,,,,,,,,5,66.0,66.1,66.0,65.5,66.5,1.0,0.4183300132670378,0,,,,,,,
401249886,2020,regular,15,2020-12-12 19:30:00+00:00,2084,Buffalo,2006,Akron,5,-33.0,-33.1,-33.0,-33.5,-32.5,1.0,0.4183300132670378,0,,,,,,,,5,58.5,58.6,58.5,58.5,59.0,0.5,0.22360679774997896,0,,,,,,,
401249889,2020,regular,10,2020-11-05 00:00:00+00:00,193,Miami (OH),2050,Ball State,5,1.0,0.3,1.0,-2.0,1.0,3.0,1.3038404810405297,0,,,,,,,,5,56.0,56.0,56.0,55.5,56.5,1.0,0.5,0,,,,,,,
401249890,2020,regular,11,2020-11-11 01:00:00+00:00,2084,Buffalo,193,Miami (OH),5,-7.5,-7.7,-7.5,-8.5,-7.5,1.0,0.4472135954999579,0,,,,,,,,5,56.0,56.0,56.0,55.0,57.0,2.0,0.7905694150420949,0,,,,,,,
401249892,2020,regular,13,2020-11-28 18:00:00+00:00,2006,Akron,193,Miami (OH),5,14.0,14.1,14.0,14.0,14.5,0.5,0.22360679774997896,0,,,,,,,,5,55.5,55.3,55.5,55.0,55.5,0.5,0.27386127875258304,0,,,,,,,
401250215,2020,regular,7,2020-10-17 20:00:00+00:00,290,Georgia Southern,113,Massachusetts,5,-30.5,-30.6,-30.5,-31.0,-30.0,1.0,0.4183300132670378,0,,,,,,,,5,62.0,61.8,62.0,61.5,62.0,0.5,0.27386127875258304,0,,,,,,,
401250713,2020,regular,15,2020-12-12 20:30:00+00:00,239,Baylor,197,Oklahoma State,5,6.0,5.8,6.0,4.5,6.5,2.0,0.758287544405155,0,,,,,,,,5,49.0,49.1,49.0,48.5,49.5,1.0,0.4183300132670378,0,,,,,,,
401250783,2020,regular,8,2020-10-23 23:00:00+00:00,2229,Florida International,55,Jacksonville State,1,-10.5,-10.5,-10.5,-10.5,-10.5,0.0,0.0,0,,,,,,,,1,55.5,55.5,55.5,55.5,55.5,0.0,0.0,0,,,,,,,
401250784,2020,regular,8,2020-10-24 23:00:00+00:00,6,South Alabama,2433,UL Monroe,4,-14.5,-14.5,-14.5,-14.5,-14.5,0.0,0.0,0,,,,,,,,4,56.75,56.75,56.75,56.5,57.0,0.5,0.28867513459481287,0,,,,,,,
401251100,2020,regular,15,2020-12-13 00:00:00+00:00,57,Florida,99,LSU,5,-23.0,-23.0,-23.0,-23.5,-22.5,1.0,0.3535533905932738,0,,,,,,,,5,66.0,66.0,66.0,65.5,66.5,1.0,0.5,0,,,,,,,
401251926,2020,regular,13,2020-11-27 17:00:00+00:00,2335,Liberty,113,Massachusetts,5,-35.5,-35.6,-35.5,-36.0,-35.0,1.0,0.4183300132670378,0,,,,,,,,5,57.5,57.6,57.5,57.0,58.5,1.5,0.5477225575051661,0,,,,,,,
401251931,2020,regular,10,2020-11-07 19:30:00+00:00,276,Marshall,113,Massachusetts,5,-44.5,-44.5,-44.5,-44.5,-44.5,0.0,0.0,0,,,,,,,,5,55.5,55.5,55.5,55.0,56.0,1.0,0.3535533905932738,0,,,,,,,
401252117,2020,regular,14,2020-12-05 01:30:00+00:00,2026,App State,309,Louisiana,5,-3.0,-2.9,-3.0,-3.0,-2.5,0.5,0.22360679774997896,0,,,,,,,,5,51.5,51.8,51.5,51.0,53.0,2.0,0.758287544405155,0,,,,,,,
401253924,2020,regular,10,2020-11-07 17:00:00+00:00,309,Louisiana,2032,Arkansas State,4,-14.25,-14.125,-14.25,-14.5,-13.5,1.0,0.47871355387816905,0,,,,,,,,4,68.25,68.0,68.25,66.0,69.5,3.5,1.4719601443879744,0,,,,,,,
401256001,2020,regular,16,2020-12-19 21:00:00+00:00,87,Notre Dame,228,Clemson,5,11.0,10.7,11.0,10.0,11.0,1.0,0.4472135954999579,0,,,,,,,,5,58.5,58.6,58.5,58.0,60.0,2.0,0.8215838362577492,0,,,,,,,
401256108,2020,postseason,1,2021-01-01 17:00:00+00:00,61,Georgia,2132,Cincinnati,5,7.5,1.7,7.5,-9.5,9.0,18.5,9.141936337560002,0,,,,,,,,5,53.0,52.5,53.0,50.0,53.5,3.5,1.4142135623730951,0,,,,,,,
401256109,2020,postseason,1,2021-01-02 17:00:00+00:00,96,Kentucky,152,NC State,4,-3.0,-3.0,-3.0,-3.5,-2.5,1.0,0.408248290463863,0,,,,,,,,5,50.5,50.5,50.5,49.5,51.5,2.0,0.7071067811865476,0,,,,,,,
401256110,2020,postseason,1,2021-01-02 17:30:00+00:00,84,Indiana,145,Ole Miss,5,-7.5,-8.1,-7.5,-10.5,-6.5,4.0,1.51657508881031,0,,,,,,,,5,66.5,66.8,66.5,66.5,67.5,1.0,0.4472135954999579,0,,,,,,,
401256111,2020,postseason,1,2021-01-02 21:00:00+00:00,66,Iowa State,2483,Oregon,5,-4.5,-4.7,-4.5,-5.5,-4.5,1.0,0.4472135954999579,0,,,,,,,,5,57.5,57.7,57.5,57.5,58.5,1.0,0.4472135954999579,0,,,,,,,
401256112,2020,postseason,1,2021-01-03 01:00:00+00:00,153,North Carolina,245,Texas A&M,5,9.5,8.8,9.5,7.0,10.0,3.0,1.4404860290887933,0,,,,,,,,5,65.5,65.9,65.5,65.5,67.5,2.0,0.8944271909999159,0,,,,,,,
401256135,2020,postseason,1,2020-12-21 19:30:00+00:00,249,North Texas,2026,App State,4,21.5,19.75,21.5,14.5,21.5,7.0,3.5,0,,,,,,,,4,67.5,65.875,67.5,60.5,68.0,7.5,3.5910769044025406,0,,,,,,,
401256136,2020,postseason,1,2020-12-22 20:30:00+00:00,2440,Nevada,2655,Tulane,4,1.25,1.25,1.25,1.0,1.5,0.5,0.28867513459481287,0,,,,,,,,4,56.5,56.5,56.5,56.5,56.5,0.0,0.0,0,,,,,,,
401256137,2020,postseason,1,2020-12-23 00:00:00+00:00,252,BYU,2116,UCF,4,-6.0,-6.125,-6.0,-6.5,-6.0,0.5,0.25,0,,,,,,,,4,79.5,79.5,79.5,79.0,80.0,1.0,0.408248290463863,0,,,,,,,
401256138,2020,postseason,1,2020-12-23 20:00:00+00:00,290,Georgia Southern,2348,Louisiana Tech,4,-7.25,-7.25,-7.25,-7.5,-7.0,0.5,0.28867513459481287,0,,,,,,,,4,48.0,47.875,48.0,47.5,48.0,0.5,0.25,0,,,,,,,
401256139,2020,postseason,1,2020-12-24 00:00:00+00:00,2226,Florida Atlantic,235,Memphis,4,9.0,9.125,9.0,9.0,9.5,0.5,0.25,0,,,,,,,,4,52.75,52.875,52.75,52.5,53.5,1.0,0.47871355387816905,0,,,,,,,
401256140,2020,postseason,1,2020-12-24 20:30:00+00:00,248,Houston,62,Hawai'i,4,-7.0,-7.125,-7.0,-7.5,-7.0,0.5,0.25,0,,,,,,,,4,60.5,60.5,60.5,60.5,60.5,0.0,0.0,0,,,,,,,
401256141,2020,postseason,1,2020-12-25 19:30:00+00:00,2084,Buffalo,276,Marshall,4,-5.5,-5.25,-5.5,-5.5,-4.5,1.0,0.5,0,,,,,,,,4,53.5,53.625,53.5,53.5,54.0,0.5,0.25,0,,,,,,,
401256143,2020,postseason,1,2020-12-27 00:30:00+00:00,324,Coastal Carolina,2335,Liberty,4,-6.5,-6.5,-6.5,-6.5,-6.5,0.0,0.0,0,,,,,,,,4,60.25,60.25,60.25,60.0,60.5,0.5,0.28867513459481287,0,,,,,,,
401256144,2020,postseason,1,2020-12-26 20:30:00+00:00,2636,UTSA,309,Louisiana,4,14.0,14.125,14.0,14.0,14.5,0.5,0.25,0,,,,,,,,4,54.5,54.625,54.5,54.5,55.0,0.5,0.25,0,,,,,,,
401256145,2020,postseason,1,2020-12-26 20:30:00+00:00,2247,Georgia State,98,Western Kentucky,4,-3.25,-3.25,-3.25,-3.5,-3.0,0.5,0.28867513459481287,0,,,,,,,,4,50.5,50.375,50.5,50.0,50.5,0.5,0.25,0,,,,,,,
401256150,2020,postseason,1,2020-12-29 22:30:00+00:00,2390,Miami,197,Oklahoma State,5,1.0,0.8,1.0,-1.5,2.5,4.0,1.4404860290887933,0,,,,,,,,5,63.0,62.0,63.0,58.5,63.0,4.5,1.9685019685029528,0,,,,,,,
401256151,2020,postseason,1,2020-12-30 02:00:00+00:00,38,Colorado,251,Texas,5,8.5,8.7,8.5,8.0,9.5,1.5,0.570087712549569,0,,,,,,,,5,65.5,65.6,65.5,63.5,67.5,4.0,1.4317821063276353,0,,,,,,,
401256152,2020,postseason,1,2020-12-30 17:00:00+00:00,275,Wisconsin,154,Wake Forest,5,-10.0,-9.5,-10.0,-10.5,-7.0,3.5,1.4142135623730951,0,,,,,,,,5,51.5,51.5,51.5,51.5,51.5,0.0,0.0,0,,,,,,,
401256194,2020,postseason,1,2020-12-31 01:00:00+00:00,201,Oklahoma,57,Florida,5,-7.5,-2.6,-7.5,-8.5,8.5,17.0,7.877182237323192,0,,,,,,,,5,65.0,66.2,65.0,64.5,72.0,7.5,3.2519225083018197,0,,,,,,,
401256196,2020,postseason,1,2020-12-31 17:00:00+00:00,344,Mississippi State,202,Tulsa,5,-1.0,-0.5,-1.0,-1.5,2.5,4.0,1.695582495781317,0,,,,,,,,5,45.5,45.6,45.5,44.5,48.0,3.5,1.4317821063276353,0,,,,,,,
401256197,2020,postseason,1,2020-12-31 21:00:00+00:00,349,Army,277,West Virginia,4,9.75,9.75,9.75,9.5,10.0,0.5,0.28867513459481287,0,,,,,,,,4,40.5,40.5,40.5,40.5,40.5,0.0,0.0,0,,,,,,,
401256199,2020,postseason,1,2021-01-01 18:00:00+00:00,77,Northwestern,2,Auburn,5,-3.5,-3.7,-3.5,-4.0,-3.5,0.5,0.27386127875258304,0,,,,,,,,5,45.0,44.7,45.0,43.5,45.5,2.0,0.758287544405155,0,,,,,,,
401257812,2020,regular,14,2020-12-05 17:00:00+00:00,276,Marshall,242,Rice,5,-24.5,-24.0,-24.5,-24.5,-22.5,2.0,0.8660254037844386,0,,,,,,,,5,42.5,42.7,42.5,42.5,43.0,0.5,0.27386127875258304,0,,,,,,,
401257813,2020,regular,15,2020-12-10 23:30:00+00:00,2572,Southern Miss,2226,Florida Atlantic,5,9.5,9.4,9.5,9.0,9.5,0.5,0.22360679774997896,0,,,,,,,,5,43.5,43.5,43.5,43.0,44.0,1.0,0.5,0,,,,,,,
401257815,2020,regular,15,2020-12-12 18:00:00+00:00,242,Rice,5,UAB,5,7.0,6.9,7.0,6.5,7.0,0.5,0.22360679774997896,0,,,,,,,,5,42.5,42.5,42.5,42.5,42.5,0.0,0.0,0,,,,,,,
401257816,2020,regular,15,2020-12-11 23:00:00+00:00,2638,UTEP,249,North Texas,4,10.0,5.125,10.0,-10.0,10.5,20.5,10.086087778056795,0,,,,,,,,4,66.5,66.125,66.5,64.5,67.0,2.5,1.1086778913041726,0,,,,,,,
401257934,2020,regular,11,2020-11-14 20:30:00+00:00,258,Virginia,97,Louisville,4,-5.75,-5.75,-5.75,-6.0,-5.5,0.5,0.28867513459481287,0,,,,,,,,4,63.5,63.75,63.5,63.5,64.5,1.0,0.5,0,,,,,,,
401259671,2020,regular,15,2020-12-12 20:00:00+00:00,2653,Troy,324,Coastal Carolina,4,12.75,12.625,12.75,11.5,13.5,2.0,0.8539125638299665,0,,,,,,,,4,52.5,52.5,52.5,51.5,53.5,2.0,0.816496580927726,0,,,,,,,
401260157,2020,regular,15,2020-12-13 00:30:00+00:00,344,Mississippi State,2,Auburn,4,5.5,5.5,5.5,5.5,5.5,0.0,0.0,0,,,,,,,,4,50.5,50.625,50.5,50.5,51.0,0.5,0.25,0,,,,,,,
401260158,2020,regular,16,2020-12-19 17:00:00+00:00,2633,Tennessee,245,Texas A&M,5,13.5,13.6,13.5,13.5,14.0,0.5,0.22360679774997896,0,,,,,,,,5,49.5,50.0,49.5,49.5,51.5,2.0,0.8660254037844386,0,,,,,,,
401261245,2020,regular,15,2020-12-11 00:00:00+00:00,59,Georgia Tech,221,Pittsburgh,4,7.5,7.375,7.5,7.0,7.5,0.5,0.25,0,,,,,,,,4,55.5,55.375,55.5,55.0,55.5,0.5,0.25,0,,,,,,,
401261454,2020,regular,11,2020-11-15 17:00:00+00:00,26,UCLA,25,California,5,3.5,3.4,3.5,3.0,3.5,0.5,0.22360679774997896,0,,,,,,,,5,57.5,57.4,57.5,56.5,58.0,1.5,0.5477225575051661,0,,,,,,,
401261674,2020,regular,12,2020-11-21 01:00:00+00:00,2226,Florida Atlantic,113,Massachusetts,5,-34.0,-33.8,-34.0,-34.0,-33.5,0.5,0.27386127875258304,0,,,,,,,,5,50.5,50.6,50.5,50.5,51.0,0.5,0.22360679774997896,0,,,,,,,
401261675,2020,regular,14,2020-12-05 23:00:00+00:00,290,Georgia Southern,2226,Florida Atlantic,5,2.5,2.4,2.5,2.0,2.5,0.5,0.22360679774997896,0,,,,,,,,5,40.5,40.6,40.5,40.5,41.0,0.5,0.22360679774997896,0,,,,,,,
401262060,2020,regular,16,2020-12-19 17:00:00+00:00,66,Iowa State,201,Oklahoma,5,5.5,5.5,5.5,5.5,5.5,0.0,0.0,0,,,,,,,,5,59.5,59.4,59.5,58.5,60.0,1.5,0.5477225575051661,0,,,,,,,
401262493,2020,regular,14,2020-12-05 20:00:00+00:00,2032,Arkansas State,2433,UL Monroe,4,-20.25,-20.25,-20.25,-20.5,-20.0,0.5,0.28867513459481287,0,,,,,,,,4,71.0,71.125,71.0,71.0,71.5,0.5,0.25,0,,,,,,,
401262494,2020,regular,14,2020-12-05 19:00:00+00:00,6,South Alabama,2653,Troy,3,4.0,4.166666666666667,4.0,4.0,4.5,0.5,0.28867513459481287,0,,,,,,,,3,54.0,53.833333333333336,54.0,53.5,54.0,0.5,0.28867513459481287,0,,,,,,,
401264080,2020,regular,13,2020-11-29 00:00:00+00:00,2426,Navy,235,Memphis,5,13.5,13.4,13.5,13.0,13.5,0.5,0.22360679774997896,0,,,,,,,,5,62.5,62.7,62.5,62.5,63.0,0.5,0.27386127875258304,0,,,,,,,
401264082,2020,regular,14,2020-12-05 17:00:00+00:00,2655,Tulane,235,Memphis,4,-3.0,-3.0,-3.0,-3.5,-2.5,1.0,0.408248290463863,0,,,,,,,,4,64.0,63.875,64.0,63.5,64.0,0.5,0.25,0,,,,,,,
401264083,2020,regular,14,2020-12-05 20:30:00+00:00,2426,Navy,202,Tulsa,5,12.0,11.9,12.0,11.5,12.0,0.5,0.22360679774997896,0,,,,,,,,5,45.5,45.5,45.5,45.0,46.0,1.0,0.3535533905932738,0,,,,,,,
401264084,2020,regular,15,2020-12-12 20:30:00+00:00,235,Memphis,248,Houston,4,6.5,6.625,6.5,6.0,7.5,1.5,0.6291528696058958,0,,,,,,,,4,64.5,64.375,64.5,63.5,65.0,1.5,0.6291528696058958,0,,,,,,,
401264085,2020,regular,16,2020-12-20 01:00:00+00:00,2132,Cincinnati,202,Tulsa,5,-14.0,-13.9,-14.0,-14.5,-13.5,1.0,0.4183300132670378,0,,,,,,,,5,44.5,44.7,44.5,44.5,45.5,1.0,0.4472135954999579,0,,,,,,,
401265458,2020,regular,13,2020-11-29 00:30:00+00:00,264,Washington,254,Utah,5,-8.5,-8.5,-8.5,-9.5,-7.5,2.0,0.7905694150420949,0,,,,,,,,5,47.0,47.1,47.0,46.5,47.5,1.0,0.4183300132670378,0,,,,,,,
401265699,2020,regular,16,2020-12-19 20:00:00+00:00,349,Army,2005,Air Force,5,2.5,2.7,2.5,2.5,3.0,0.5,0.27386127875258304,0,,,,,,,,5,37.5,37.3,37.5,37.0,37.5,0.5,0.27386127875258304,0,,,,,,,
401265703,2020,regular,14,2020-12-03 23:00:00+00:00,249,North Texas,2348,Louisiana Tech,5,1.0,0.7,1.0,-0.5,1.0,1.5,0.6708203932499369,0,,,,,,,,5,65.5,65.3,65.5,64.5,65.5,1.0,0.4472135954999579,0,,,,,,,
401265734,2020,regular,13,2020-11-28 22:37:00+00:00,38,Colorado,21,San Diego State,5,-6.0,-5.7,-6.0,-6.0,-5.0,1.0,0.4472135954999579,0,,,,,,,,5,51.0,51.1,51.0,50.5,51.5,1.0,0.4183300132670378,0,,,,,,,
401265817,2020,regular,14,2020-12-06 01:00:00+00:00,99,LSU,333,Alabama,5,29.0,29.0,29.0,28.5,29.5,1.0,0.5,0,,,,,,,,5,64.5,64.4,64.5,64.0,65.0,1.0,0.4183300132670378,0,,,,,,,
401265818,2020,regular,14,2020-12-05 17:00:00+00:00,142,Missouri,8,Arkansas,5,-2.5,-2.4,-2.5,-2.5,-2.0,0.5,0.22360679774997896,0,,,,,,,,5,55.0,54.9,55.0,54.5,55.5,1.0,0.4183300132670378,0,,,,,,,
401266134,2020,regular,14,2020-12-06 01:00:00+00:00,150,Duke,2390,Miami,5,15.0,14.9,15.0,14.5,15.5,1.0,0.4183300132670378,0,,,,,,,,5,62.5,62.5,62.5,62.0,63.0,1.0,0.3535533905932738,0,,,,,,,
401266694,2020,regular,15,2020-12-12 21:00:00+00:00,52,Florida State,150,Duke,5,-3.0,-3.0,-3.0,-3.5,-2.5,1.0,0.3535533905932738,0,,,,,,,,5,57.0,57.0,57.0,56.5,57.5,1.0,0.3535533905932738,0,,,,,,,
401266696,2020,regular,15,2020-12-12 17:00:00+00:00,97,Louisville,154,Wake Forest,4,-0.25,-0.375,-0.25,-2.5,1.5,4.0,1.9311050377094112,0,,,,,,,,4,62.25,62.125,62.25,61.5,62.5,1.0,0.47871355387816905,0,,,,,,,
401266711,2020,regular,15,2020-12-13 00:00:00+00:00,2628,TCU,2348,Louisiana Tech,5,-21.5,-21.5,-21.5,-21.5,-21.5,0.0,0.0,0,,,,,,,,5,50.0,50.1,50.0,50.0,50.5,0.5,0.22360679774997896,0,,,,,,,
401266789,2020,regular,14,2020-12-06 17:00:00+00:00,2429,Charlotte,98,Western Kentucky,5,-2.5,-2.4,-2.5,-3.0,-1.5,1.5,0.5477225575051661,0,,,,,,,,5,46.5,46.5,46.5,46.0,47.0,1.0,0.3535533905932738,0,,,,,,,
401267161,2020,regular,15,2020-12-12 17:00:00+00:00,142,Missouri,61,Georgia,5,14.0,13.9,14.0,13.5,14.0,0.5,0.22360679774997896,0,,,,,,,,5,54.5,54.3,54.5,53.5,54.5,1.0,0.4472135954999579,0,,,,,,,
401267163,2020,regular,15,2020-12-12 21:00:00+00:00,238,Vanderbilt,2633,Tennessee,5,15.0,15.0,15.0,14.5,15.5,1.0,0.5,0,,,,,,,,5,50.5,50.7,50.5,50.5,51.0,0.5,0.27386127875258304,0,,,,,,,
401267164,2020,regular,15,2020-12-12 17:00:00+00:00,8,Arkansas,333,Alabama,5,29.5,29.2,29.5,28.5,30.0,1.5,0.6708203932499369,0,,,,,,,,5,69.5,69.5,69.5,68.5,70.5,2.0,0.7071067811865476,0,,,,,,,
401267165,2020,regular,16,2020-12-19 20:30:00+00:00,99,LSU,145,Ole Miss,5,0.5,0.5,0.5,0.0,1.0,1.0,0.5,0,,,,,,,,5,74.5,74.6,74.5,74.5,75.0,0.5,0.22360679774997896,0,,,,,,,
401267166,2020,regular,16,2020-12-19 20:30:00+00:00,344,Mississippi State,142,Missouri,5,1.5,1.2,1.5,0.5,1.5,1.0,0.4472135954999579,0,,,,,,,,5,49.0,49.2,49.0,49.0,49.5,0.5,0.27386127875258304,0,,,,,,,
401268773,2020,postseason,1,2020-12-31 19:00:00+00:00,23,San José State,2050,Ball State,5,-9.0,-9.1,-9.0,-9.5,-8.5,1.0,0.4183300132670378,0,,,,,,,,5,65.5,65.1,65.5,63.0,66.0,3.0,1.1937336386313322,0,,,,,,,
401269375,2020,regular,16,2020-12-19 18:30:00+00:00,254,Utah,265,Washington State,5,-11.5,-11.4,-11.5,-12.0,-10.5,1.5,0.5477225575051661,0,,,,,,,,5,55.0,55.1,55.0,54.5,56.5,2.0,0.8215838362577492,0,,,,,,,
401269376,2020,regular,16,2020-12-20 00:00:00+00:00,26,UCLA,24,Stanford,5,-6.5,-6.7,-6.5,-7.0,-6.5,0.5,0.27386127875258304,0,,,,,,,,5,59.5,60.0,59.5,59.0,61.0,2.0,0.9354143466934853,0,,,,,,,
401269378,2020,regular,16,2020-12-20 03:30:00+00:00,204,Oregon State,9,Arizona State,5,7.5,7.6,7.5,7.5,8.0,0.5,0.22360679774997896,0,,,,,,,,5,54.5,54.2,54.5,53.5,55.0,1.5,0.6708203932499369,0,,,,,,,
401269381,2020,regular,16,2020-12-19 22:30:00+00:00,213,Penn State,356,Illinois,5,-16.0,-15.9,-16.0,-16.5,-15.0,1.5,0.5477225575051661,0,,,,,,,,5,53.5,53.2,53.5,52.0,54.5,2.5,0.9746794344808964,0,,,,,,,
401269382,2020,regular,16,2020-12-19 00:30:00+00:00,164,Rutgers,158,Nebraska,4,6.5,6.5,6.5,6.5,6.5,0.0,0.0,0,,,,,,,,4,52.0,52.0,52.0,51.5,52.5,1.0,0.408248290463863,0,,,,,,,
401269384,2020,regular,16,2020-12-19 21:00:00+00:00,275,Wisconsin,135,Minnesota,5,-11.0,-11.0,-11.0,-12.0,-10.0,2.0,0.7905694150420949,0,,,,,,,,5,47.0,47.2,47.0,47.0,47.5,0.5,0.27386127875258304,0,,,,,,,
