game_id,season,season_type,week,start_date,home_team_id,home_team,away_team_id,away_team,spread_provider_count,consensus_spread,spread_mean,spread_median,spread_min,spread_max,spread_range,spread_stddev,spread_open_provider_count,consensus_spread_open,spread_open_mean,spread_open_median,spread_open_min,spread_open_max,spread_open_range,spread_open_stddev,total_provider_count,consensus_total,total_mean,total_median,total_min,total_max,total_range,total_stddev,total_open_provider_count,consensus_total_open,total_open_mean,total_open_median,total_open_min,total_open_max,total_open_range,total_open_stddev
401281942,2021,regular,1,2021-09-04 19:30:00+00:00,2390,Miami,333,Alabama,5,19.5,19.5,19.5,19.5,19.5,0.0,0.0,1,18.5,18.5,18.5,18.5,18.5,0.0,0.0,5,61.5,61.5,61.5,61.5,61.5,0.0,0.0,1,64.5,64.5,64.5,64.5,64.5,0.0,0.0
401281943,2021,regular,1,2021-09-04 18:00:00+00:00,8,Arkansas,242,Rice,5,-19.5,-19.6,-19.5,-20.0,-19.5,0.5,0.22360679774997896,1,-21.5,-21.5,-21.5,-21.5,-21.5,0.0,0.0,5,50.0,49.9,50.0,49.5,50.0,0.5,0.22360679774997896,1,51.0,51.0,51.0,51.0,51.0,0.0,0.0
401281944,2021,regular,1,2021-09-04 23:00:00+00:00,2,Auburn,2006,Akron,5,-37.5,-37.3,-37.5,-37.5,-37.0,0.5,0.27386127875258304,1,-35.5,-35.5,-35.5,-35.5,-35.5,0.0,0.0,5,56.0,56.0,56.0,55.5,56.5,1.0,0.3535533905932738,1,55.0,55.0,55.0,55.0,55.0,0.0,0.0
401281945,2021,regular,1,2021-09-04 23:30:00+00:00,57,Florida,2226,Florida Atlantic,5,-23.5,-23.5,-23.5,-23.5,-23.5,0.0,0.0,1,-25.5,-25.5,-25.5,-25.5,-25.5,0.0,0.0,5,52.0,51.8,52.0,51.5,52.0,0.5,0.27386127875258304,1,53.0,53.0,53.0,53.0,53.0,0.0,0.0
401281946,2021,regular,1,2021-09-04 23:30:00+00:00,228,Clemson,61,Georgia,5,-2.5,-2.6,-2.5,-3.0,-2.5,0.5,0.22360679774997896,1,-4.5,-4.5,-4.5,-4.5,-4.5,0.0,0.0,5,51.5,51.5,51.5,51.5,51.5,0.0,0.0,1,52.0,52.0,52.0,52.0,52.0,0.0,0.0
401281947,2021,regular,1,2021-09-04 16:00:00+00:00,96,Kentucky,2433,UL Monroe,5,-31.0,-31.1,-31.0,-31.5,-31.0,0.5,0.22360679774997896,1,-28.5,-28.5,-28.5,-28.5,-28.5,0.0,0.0,5,54.0,54.1,54.0,54.0,54.5,0.5,0.22360679774997896,1,54.0,54.0,54.0,54.0,54.0,0.0,0.0
401281948,2021,regular,1,2021-09-05 00:30:00+00:00,26,UCLA,99,LSU,5,2.0,1.9,2.0,1.5,2.5,1.0,0.4183300132670378,1,4.0,4.0,4.0,4.0,4.0,0.0,0.0,5,63.5,63.7,63.5,63.5,64.0,0.5,0.27386127875258304,1,69.0,69.0,69.0,69.0,69.0,0.0,0.0
401281949,2021,regular,1,2021-09-04 20:00:00+00:00,344,Mississippi State,2348,Louisiana Tech,5,-20.5,-20.9,-20.5,-21.5,-20.5,1.0,0.5477225575051661,1,-27.5,-27.5,-27.5,-27.5,-27.5,0.0,0.0,5,52.5,52.7,52.5,52.5,53.0,0.5,0.27386127875258304,1,52.5,52.5,52.5,52.5,52.5,0.0,0.0
401281950,2021,regular,1,2021-09-04 20:00:00+00:00,142,Missouri,2117,Central Michigan,5,-14.0,-13.8,-14.0,-14.0,-13.5,0.5,0.27386127875258304,1,-11.0,-11.0,-11.0,-11.0,-11.0,0.0,0.0,5,59.0,58.9,59.0,58.5,59.0,0.5,0.22360679774997896,1,60.5,60.5,60.5,60.5,60.5,0.0,0.0
401281951,2021,regular,1,2021-09-04 23:00:00+00:00,2579,South Carolina,2197,Eastern Illinois,3,-31.5,-31.333333333333332,-31.5,-31.5,-31.0,0.5,0.28867513459481287,1,-31.5,-31.5,-31.5,-31.5,-31.5,0.0,0.0,3,55.5,55.5,55.5,55.5,55.5,0.0,0.0,1,55.5,55.5,55.5,55.5,55.5,0.0,0.0
401281952,2021,regular,1,2021-09-03 00:00:00+00:00,2633,Tennessee,189,Bowling Green,5,-37.0,-37.3,-37.0,-38.5,-37.0,1.5,0.6708203932499369,1,-30.5,-30.5,-30.5,-30.5,-30.5,0.0,0.0,5,60.5,60.7,60.5,60.5,61.5,1.0,0.4472135954999579,1,58.5,58.5,58.5,58.5,58.5,0.0,0.0
401282049,2021,regular,1,2021-08-29 01:30:00+00:00,166,New Mexico State,2638,UTEP,5,9.5,9.6,9.5,9.5,10.0,0.5,0.22360679774997896,1,8.0,8.0,8.0,8.0,8.0,0.0,0.0,5,59.5,59.2,59.5,58.5,59.5,1.0,0.4472135954999579,1,54.0,54.0,54.0,54.0,54.0,0.0,0.0
401282050,2021,regular,1,2021-09-01 23:30:00+00:00,55,Jacksonville State,5,UAB,3,16.0,16.166666666666668,16.0,16.0,16.5,0.5,0.28867513459481287,1,16.5,16.5,16.5,16.5,16.5,0.0,0.0,3,52.0,52.0,52.0,52.0,52.0,0.0,0.0,1,51.5,51.5,51.5,51.5,51.5,0.0,0.0
401282051,2021,regular,1,2021-09-03 00:05:00+00:00,2229,Florida International,2341,Long Island University,2,-35.0,-35.0,-35.0,-35.0,-35.0,0.0,0.0,1,-33.5,-33.5,-33.5,-33.5,-33.5,0.0,0.0,2,49.0,49.0,49.0,49.0,49.0,0.0,0.0,1,49.5,49.5,49.5,49.5,49.5,0.0,0.0
401282052,2021,regular,1,2021-09-03 23:00:00+00:00,2429,Charlotte,150,Duke,5,6.5,6.4,6.5,6.0,6.5,0.5,0.22360679774997896,1,7.5,7.5,7.5,7.5,7.5,0.0,0.0,5,60.0,60.0,60.0,59.5,60.5,1.0,0.3535533905932738,1,60.0,60.0,60.0,60.0,60.0,0.0,0.0
401282053,2021,regular,1,2021-09-05 00:00:00+00:00,245,Texas A&M,2309,Kent State,5,-29.5,-29.5,-29.5,-29.5,-29.5,0.0,0.0,1,-28.5,-28.5,-28.5,-28.5,-28.5,0.0,0.0,5,67.0,66.7,67.0,66.0,67.5,1.5,0.6708203932499369,1,66.0,66.0,66.0,66.0,66.0,0.0,0.0
401282054,2021,regular,1,2021-09-05 00:00:00+00:00,238,Vanderbilt,2193,East Tennessee State,3,-21.0,-21.0,-21.0,-21.0,-21.0,0.0,0.0,1,-21.0,-21.0,-21.0,-21.0,-21.0,0.0,0.0,3,45.0,45.0,45.0,45.0,45.0,0.0,0.0,1,44.5,44.5,44.5,44.5,44.5,0.0,0.0
401282055,2021,regular,1,2021-09-07 00:00:00+00:00,145,Ole Miss,97,Louisville,5,-9.0,-8.9,-9.0,-9.0,-8.5,0.5,0.22360679774997896,1,-7.5,-7.5,-7.5,-7.5,-7.5,0.0,0.0,5,74.5,74.3,74.5,74.0,74.5,0.5,0.27386127875258304,1,75.0,75.0,75.0,75.0,75.0,0.0,0.0
401282056,2021,regular,2,2021-09-11 20:00:00+00:00,333,Alabama,2382,Mercer,1,-54.0,-54.0,-54.0,-54.0,-54.0,0.0,0.0,1,-54.0,-54.0,-54.0,-54.0,-54.0,0.0,0.0,1,60.5,60.5,60.5,60.5,60.5,0.0,0.0,1,60.0,60.0,60.0,60.0,60.0,0.0,0.0
401282057,2021,regular,2,2021-09-11 23:00:00+00:00,8,Arkansas,251,Texas,5,6.0,6.1,6.0,5.5,7.0,1.5,0.5477225575051661,1,6.0,6.0,6.0,6.0,6.0,0.0,0.0,5,57.5,57.3,57.5,56.5,57.5,1.0,0.4472135954999579,1,58.5,58.5,58.5,58.5,58.5,0.0,0.0
401282058,2021,regular,2,2021-09-11 16:00:00+00:00,2,Auburn,2011,Alabama State,3,-49.5,-49.5,-49.5,-49.5,-49.5,0.0,0.0,1,-49.5,-49.5,-49.5,-49.5,-49.5,0.0,0.0,3,60.0,60.333333333333336,60.0,60.0,61.0,1.0,0.5773502691896257,1,60.0,60.0,60.0,60.0,60.0,0.0,0.0
401282059,2021,regular,2,2021-09-11 17:00:00+00:00,58,South Florida,57,Florida,5,29.0,28.8,29.0,28.5,29.0,0.5,0.27386127875258304,1,29.0,29.0,29.0,29.0,29.0,0.0,0.0,5,57.0,57.2,57.0,56.5,58.0,1.5,0.570087712549569,1,56.5,56.5,56.5,56.5,56.5,0.0,0.0
401282060,2021,regular,2,2021-09-11 19:30:00+00:00,61,Georgia,5,UAB,5,-22.5,-22.7,-22.5,-23.5,-22.5,1.0,0.4472135954999579,1,-27.0,-27.0,-27.0,-27.0,-27.0,0.0,0.0,5,44.0,43.9,44.0,43.5,44.0,0.5,0.22360679774997896,1,44.5,44.5,44.5,44.5,44.5,0.0,0.0
401282061,2021,regular,2,2021-09-11 23:30:00+00:00,96,Kentucky,142,Missouri,5,-5.5,-5.5,-5.5,-5.5,-5.5,0.0,0.0,1,-6.0,-6.0,-6.0,-6.0,-6.0,0.0,0.0,5,56.5,56.6,56.5,56.5,57.0,0.5,0.22360679774997896,1,53.0,53.0,53.0,53.0,53.0,0.0,0.0
401282062,2021,regular,2,2021-09-12 00:00:00+00:00,99,LSU,2377,McNeese,3,-39.0,-39.0,-39.0,-39.0,-39.0,0.0,0.0,1,-39.0,-39.0,-39.0,-39.0,-39.0,0.0,0.0,3,66.0,66.0,66.0,66.0,66.0,0.0,0.0,1,67.0,67.0,67.0,67.0,67.0,0.0,0.0
401282063,2021,regular,2,2021-09-11 23:30:00+00:00,145,Ole Miss,2046,Austin Peay,3,-37.0,-36.5,-37.0,-37.0,-35.5,1.5,0.8660254037844386,1,-34.5,-34.5,-34.5,-34.5,-34.5,0.0,0.0,3,69.5,69.5,69.5,69.5,69.5,0.0,0.0,1,69.5,69.5,69.5,69.5,69.5,0.0,0.0
401282064,2021,regular,2,2021-09-11 23:00:00+00:00,344,Mississippi State,152,NC State,5,1.5,1.4,1.5,1.0,1.5,0.5,0.22360679774997896,1,2.0,2.0,2.0,2.0,2.0,0.0,0.0,5,55.5,55.4,55.5,55.0,55.5,0.5,0.22360679774997896,1,55.5,55.5,55.5,55.5,55.5,0.0,0.0
401282065,2021,regular,2,2021-09-11 16:00:00+00:00,151,East Carolina,2579,South Carolina,5,3.0,2.8,3.0,2.5,3.0,0.5,0.27386127875258304,1,-2.0,-2.0,-2.0,-2.0,-2.0,0.0,0.0,5,56.5,56.5,56.5,56.5,56.5,0.0,0.0,1,55.0,55.0,55.0,55.0,55.0,0.0,0.0
401282066,2021,regular,2,2021-09-11 16:00:00+00:00,2633,Tennessee,221,Pittsburgh,5,3.5,3.6,3.5,3.5,4.0,0.5,0.22360679774997896,1,2.5,2.5,2.5,2.5,2.5,0.0,0.0,5,56.0,55.9,56.0,55.5,56.0,0.5,0.22360679774997896,1,53.0,53.0,53.0,53.0,53.0,0.0,0.0
401282067,2021,regular,2,2021-09-11 19:30:00+00:00,38,Colorado,245,Texas A&M,5,17.0,17.2,17.0,17.0,17.5,0.5,0.27386127875258304,1,17.0,17.0,17.0,17.0,17.0,0.0,0.0,5,50.0,50.3,50.0,50.0,51.0,1.0,0.4472135954999579,1,52.0,52.0,52.0,52.0,52.0,0.0,0.0
401282068,2021,regular,2,2021-09-12 02:00:00+00:00,36,Colorado State,238,Vanderbilt,5,-6.5,-6.6,-6.5,-7.0,-6.5,0.5,0.22360679774997896,1,-5.5,-5.5,-5.5,-5.5,-5.5,0.0,0.0,5,52.0,51.9,52.0,51.5,52.5,1.0,0.4183300132670378,1,48.5,48.5,48.5,48.5,48.5,0.0,0.0
401282069,2021,regular,3,2021-09-18 20:00:00+00:00,8,Arkansas,290,Georgia Southern,5,-23.0,-23.1,-23.0,-23.5,-23.0,0.5,0.22360679774997896,1,-23.0,-23.0,-23.0,-23.0,-23.0,0.0,0.0,5,52.5,52.8,52.5,52.5,53.5,1.0,0.4472135954999579,1,52.5,52.5,52.5,52.5,52.5,0.0,0.0
401282070,2021,regular,3,2021-09-18 23:30:00+00:00,213,Penn State,2,Auburn,5,-4.0,-4.5,-4.0,-5.5,-4.0,1.5,0.7071067811865476,1,-6.5,-6.5,-6.5,-6.5,-6.5,0.0,0.0,5,52.5,52.7,52.5,52.5,53.0,0.5,0.27386127875258304,1,53.0,53.0,53.0,53.0,53.0,0.0,0.0
401282071,2021,regular,3,2021-09-18 19:30:00+00:00,57,Florida,333,Alabama,5,14.0,14.4,14.0,14.0,15.5,1.5,0.6519202405202649,1,15.5,15.5,15.5,15.5,15.5,0.0,0.0,5,60.0,59.7,60.0,58.5,60.5,2.0,0.758287544405155,1,57.5,57.5,57.5,57.5,57.5,0.0,0.0
401282072,2021,regular,3,2021-09-18 23:00:00+00:00,61,Georgia,2579,South Carolina,5,-31.5,-31.3,-31.5,-31.5,-30.5,1.0,0.4472135954999579,1,-30.5,-30.5,-30.5,-30.5,-30.5,0.0,0.0,5,47.5,47.7,47.5,47.5,48.5,1.0,0.4472135954999579,1,48.0,48.0,48.0,48.0,48.0,0.0,0.0
401282073,2021,regular,3,2021-09-18 16:00:00+00:00,96,Kentucky,236,Chattanooga,3,-33.5,-33.333333333333336,-33.5,-33.5,-33.0,0.5,0.28867513459481287,1,-32.0,-32.0,-32.0,-32.0,-32.0,0.0,0.0,3,48.0,47.833333333333336,48.0,47.5,48.0,0.5,0.28867513459481287,1,47.5,47.5,47.5,47.5,47.5,0.0,0.0
401282074,2021,regular,3,2021-09-18 23:30:00+00:00,99,LSU,2117,Central Michigan,5,-19.5,-19.5,-19.5,-19.5,-19.5,0.0,0.0,1,-20.5,-20.5,-20.5,-20.5,-20.5,0.0,0.0,5,60.5,60.7,60.5,60.5,61.0,0.5,0.27386127875258304,1,61.5,61.5,61.5,61.5,61.5,0.0,0.0
401282075,2021,regular,3,2021-09-19 00:00:00+00:00,145,Ole Miss,2655,Tulane,5,-14.0,-14.2,-14.0,-14.5,-14.0,0.5,0.27386127875258304,1,-14.0,-14.0,-14.0,-14.0,-14.0,0.0,0.0,5,77.0,76.5,77.0,74.5,77.0,2.5,1.118033988749895,1,73.0,73.0,73.0,73.0,73.0,0.0,0.0
401282076,2021,regular,3,2021-09-18 20:00:00+00:00,235,Memphis,344,Mississippi State,5,3.5,3.3,3.5,3.0,3.5,0.5,0.27386127875258304,1,3.0,3.0,3.0,3.0,3.0,0.0,0.0,5,63.5,63.7,63.5,63.0,64.5,1.5,0.570087712549569,1,64.0,64.0,64.0,64.0,64.0,0.0,0.0
401282077,2021,regular,3,2021-09-18 16:00:00+00:00,142,Missouri,2546,Southeast Missouri State,2,-35.0,-35.0,-35.0,-35.5,-34.5,1.0,0.7071067811865476,0,,,,,,,,2,59.0,59.0,59.0,59.0,59.0,0.0,0.0,0,,,,,,,
401282078,2021,regular,3,2021-09-18 16:00:00+00:00,2633,Tennessee,2635,Tennessee Tech,3,-38.0,-38.166666666666664,-38.0,-38.5,-38.0,0.5,0.28867513459481287,1,-40.5,-40.5,-40.5,-40.5,-40.5,0.0,0.0,3,53.0,53.0,53.0,53.0,53.0,0.0,0.0,1,51.5,51.5,51.5,51.5,51.5,0.0,0.0
401282079,2021,regular,3,2021-09-18 16:00:00+00:00,245,Texas A&M,167,New Mexico,5,-30.0,-29.9,-30.0,-30.5,-28.5,2.0,0.8215838362577492,1,-28.0,-28.0,-28.0,-28.0,-28.0,0.0,0.0,5,49.5,49.7,49.5,49.5,50.5,1.0,0.4472135954999579,1,51.0,51.0,51.0,51.0,51.0,0.0,0.0
401282080,2021,regular,3,2021-09-19 00:00:00+00:00,238,Vanderbilt,24,Stanford,5,13.0,12.4,13.0,10.5,13.0,2.5,1.08397416943394,1,11.0,11.0,11.0,11.0,11.0,0.0,0.0,5,49.0,49.0,49.0,48.5,49.5,1.0,0.3535533905932738,1,48.5,48.5,48.5,48.5,48.5,0.0,0.0
401282081,2021,regular,4,2021-09-25 23:30:00+00:00,333,Alabama,2572,Southern Miss,4,-45.0,-45.0,-45.0,-45.0,-45.0,0.0,0.0,1,-45.0,-45.0,-45.0,-45.0,-45.0,0.0,0.0,4,57.75,57.875,57.75,57.5,58.5,1.0,0.47871355387816905,1,57.0,57.0,57.0,57.0,57.0,0.0,0.0
401282082,2021,regular,4,2021-09-25 19:30:00+00:00,8,Arkansas,245,Texas A&M,4,4.5,4.375,4.5,4.0,4.5,0.5,0.25,1,5.5,5.5,5.5,5.5,5.5,0.0,0.0,4,47.0,47.0,47.0,47.0,47.0,0.0,0.0,1,47.5,47.5,47.5,47.5,47.5,0.0,0.0
401282083,2021,regular,4,2021-09-25 20:00:00+00:00,2,Auburn,2247,Georgia State,4,-27.5,-27.5,-27.5,-27.5,-27.5,0.0,0.0,1,-27.0,-27.0,-27.0,-27.0,-27.0,0.0,0.0,4,57.5,57.375,57.5,57.0,57.5,0.5,0.25,1,57.0,57.0,57.0,57.0,57.0,0.0,0.0
401282084,2021,regular,4,2021-09-25 23:00:00+00:00,57,Florida,2633,Tennessee,4,-19.0,-19.0,-19.0,-19.0,-19.0,0.0,0.0,1,-20.0,-20.0,-20.0,-20.0,-20.0,0.0,0.0,4,64.75,64.75,64.75,64.5,65.0,0.5,0.28867513459481287,1,60.5,60.5,60.5,60.5,60.5,0.0,0.0
401282085,2021,regular,4,2021-09-25 16:00:00+00:00,344,Mississippi State,99,LSU,4,1.5,1.375,1.5,1.0,1.5,0.5,0.25,1,3.0,3.0,3.0,3.0,3.0,0.0,0.0,4,55.0,55.0,55.0,54.5,55.5,1.0,0.408248290463863,1,57.5,57.5,57.5,57.5,57.5,0.0,0.0
401282086,2021,regular,4,2021-09-25 16:00:00+00:00,103,Boston College,142,Missouri,4,-1.0,-1.0,-1.0,-1.0,-1.0,0.0,0.0,1,2.0,2.0,2.0,2.0,2.0,0.0,0.0,4,58.0,58.125,58.0,58.0,58.5,0.5,0.25,1,59.0,59.0,59.0,59.0,59.0,0.0,0.0
401282087,2021,regular,4,2021-09-25 23:00:00+00:00,2579,South Carolina,96,Kentucky,4,4.5,4.625,4.5,4.5,5.0,0.5,0.25,1,6.0,6.0,6.0,6.0,6.0,0.0,0.0,4,49.0,48.875,49.0,48.5,49.0,0.5,0.25,1,49.0,49.0,49.0,49.0,49.0,0.0,0.0
401282088,2021,regular,4,2021-09-25 16:00:00+00:00,238,Vanderbilt,61,Georgia,4,36.0,36.25,36.0,36.0,37.0,1.0,0.5,1,34.0,34.0,34.0,34.0,34.0,0.0,0.0,4,54.25,54.25,54.25,54.0,54.5,0.5,0.28867513459481287,1,51.0,51.0,51.0,51.0,51.0,0.0,0.0
401282089,2021,regular,5,2021-10-02 19:30:00+00:00,333,Alabama,145,Ole Miss,4,-15.0,-14.875,-15.0,-15.0,-14.5,0.5,0.25,1,-14.5,-14.5,-14.5,-14.5,-14.5,0.0,0.0,4,79.5,79.375,79.5,79.0,79.5,0.5,0.25,1,76.0,76.0,76.0,76.0,76.0,0.0,0.0
401282090,2021,regular,5,2021-10-02 16:00:00+00:00,61,Georgia,8,Arkansas,4,-16.5,-16.375,-16.5,-16.5,-16.0,0.5,0.25,1,-19.5,-19.5,-19.5,-19.5,-19.5,0.0,0.0,4,48.5,48.375,48.5,48.0,48.5,0.5,0.25,1,48.5,48.5,48.5,48.5,48.5,0.0,0.0
401282091,2021,regular,5,2021-10-02 22:00:00+00:00,96,Kentucky,57,Florida,4,7.5,7.5,7.5,7.5,7.5,0.0,0.0,1,8.0,8.0,8.0,8.0,8.0,0.0,0.0,4,56.5,56.5,56.5,56.5,56.5,0.0,0.0,1,55.0,55.0,55.0,55.0,55.0,0.0,0.0
401282092,2021,regular,5,2021-10-03 01:00:00+00:00,99,LSU,2,Auburn,4,-3.0,-2.875,-3.0,-3.0,-2.5,0.5,0.25,1,-3.5,-3.5,-3.5,-3.5,-3.5,0.0,0.0,4,56.0,56.25,56.0,56.0,57.0,1.0,0.5,1,53.5,53.5,53.5,53.5,53.5,0.0,0.0
401282093,2021,regular,5,2021-10-02 16:00:00+00:00,142,Missouri,2633,Tennessee,4,-2.5,-2.5,-2.5,-2.5,-2.5,0.0,0.0,1,-3.0,-3.0,-3.0,-3.0,-3.0,0.0,0.0,4,66.25,66.25,66.25,66.0,66.5,0.5,0.28867513459481287,1,63.0,63.0,63.0,63.0,63.0,0.0,0.0
401282094,2021,regular,5,2021-10-02 19:30:00+00:00,2579,South Carolina,2653,Troy,4,-6.5,-6.5,-6.5,-6.5,-6.5,0.0,0.0,1,-7.0,-7.0,-7.0,-7.0,-7.0,0.0,0.0,4,43.5,43.375,43.5,43.0,43.5,0.5,0.25,1,44.0,44.0,44.0,44.0,44.0,0.0,0.0
401282095,2021,regular,5,2021-10-02 23:00:00+00:00,245,Texas A&M,344,Mississippi State,4,-7.0,-7.0,-7.0,-7.0,-7.0,0.0,0.0,1,-9.5,-9.5,-9.5,-9.5,-9.5,0.0,0.0,4,45.5,45.5,45.5,45.5,45.5,0.0,0.0,1,47.0,47.0,47.0,47.0,47.0,0.0,0.0
401282096,2021,regular,5,2021-10-02 23:30:00+00:00,238,Vanderbilt,41,UConn,4,-14.5,-14.625,-14.5,-15.0,-14.5,0.5,0.25,1,-14.0,-14.0,-14.0,-14.0,-14.0,0.0,0.0,4,51.25,51.25,51.25,51.0,51.5,0.5,0.28867513459481287,1,52.0,52.0,52.0,52.0,52.0,0.0,0.0
401282097,2021,regular,6,2021-10-09 19:30:00+00:00,2,Auburn,61,Georgia,4,14.5,14.75,14.5,14.5,15.5,1.0,0.5,1,14.5,14.5,14.5,14.5,14.5,0.0,0.0,4,45.5,45.625,45.5,45.5,46.0,0.5,0.25,1,45.0,45.0,45.0,45.0,45.0,0.0,0.0
401282098,2021,regular,6,2021-10-09 16:00:00+00:00,57,Florida,238,Vanderbilt,4,-39.0,-39.0,-39.0,-39.0,-39.0,0.0,0.0,1,-39.0,-39.0,-39.0,-39.0,-39.0,0.0,0.0,4,60.0,60.125,60.0,60.0,60.5,0.5,0.25,1,57.5,57.5,57.5,57.5,57.5,0.0,0.0
401282099,2021,regular,6,2021-10-09 23:30:00+00:00,96,Kentucky,99,LSU,4,-2.0,-2.125,-2.0,-2.5,-2.0,0.5,0.25,1,-3.5,-3.5,-3.5,-3.5,-3.5,0.0,0.0,4,50.5,50.5,50.5,50.5,50.5,0.0,0.0,1,52.5,52.5,52.5,52.5,52.5,0.0,0.0
401282100,2021,regular,6,2021-10-09 16:00:00+00:00,145,Ole Miss,8,Arkansas,4,-5.0,-5.0,-5.0,-5.0,-5.0,0.0,0.0,1,-6.0,-6.0,-6.0,-6.0,-6.0,0.0,0.0,4,66.5,66.625,66.5,66.5,67.0,0.5,0.25,1,66.0,66.0,66.0,66.0,66.0,0.0,0.0
401282101,2021,regular,6,2021-10-09 20:00:00+00:00,142,Missouri,249,North Texas,4,-18.5,-18.625,-18.5,-19.0,-18.5,0.5,0.25,1,-20.0,-20.0,-20.0,-20.0,-20.0,0.0,0.0,4,69.0,69.125,69.0,69.0,69.5,0.5,0.25,1,66.5,66.5,66.5,66.5,66.5,0.0,0.0
401282102,2021,regular,6,2021-10-09 16:00:00+00:00,2633,Tennessee,2579,South Carolina,4,-10.5,-10.625,-10.5,-11.0,-10.5,0.5,0.25,1,-10.0,-10.0,-10.0,-10.0,-10.0,0.0,0.0,4,56.5,56.625,56.5,56.5,57.0,0.5,0.25,1,53.0,53.0,53.0,53.0,53.0,0.0,0.0
401282103,2021,regular,6,2021-10-10 00:00:00+00:00,245,Texas A&M,333,Alabama,4,18.5,18.5,18.5,18.5,18.5,0.0,0.0,1,17.5,17.5,17.5,17.5,17.5,0.0,0.0,4,50.75,50.75,50.75,50.5,51.0,0.5,0.28867513459481287,1,51.0,51.0,51.0,51.0,51.0,0.0,0.0
401282104,2021,regular,7,2021-10-16 16:00:00+00:00,8,Arkansas,2,Auburn,4,-4.5,-4.375,-4.5,-4.5,-4.0,0.5,0.25,1,-3.5,-3.5,-3.5,-3.5,-3.5,0.0,0.0,4,54.5,54.375,54.5,54.0,54.5,0.5,0.25,1,53.0,53.0,53.0,53.0,53.0,0.0,0.0
401282105,2021,regular,7,2021-10-16 19:30:00+00:00,61,Georgia,96,Kentucky,4,-21.5,-21.5,-21.5,-21.5,-21.5,0.0,0.0,1,-23.5,-23.5,-23.5,-23.5,-23.5,0.0,0.0,4,44.5,44.5,44.5,44.5,44.5,0.0,0.0,1,44.5,44.5,44.5,44.5,44.5,0.0,0.0
401282106,2021,regular,7,2021-10-16 16:00:00+00:00,99,LSU,57,Florida,4,12.5,12.625,12.5,12.5,13.0,0.5,0.25,1,10.0,10.0,10.0,10.0,10.0,0.0,0.0,4,61.0,61.0,61.0,61.0,61.0,0.0,0.0,1,58.0,58.0,58.0,58.0,58.0,0.0,0.0
401282107,2021,regular,7,2021-10-16 23:00:00+00:00,344,Mississippi State,333,Alabama,4,17.5,17.5,17.5,17.5,17.5,0.0,0.0,1,17.0,17.0,17.0,17.0,17.0,0.0,0.0,4,59.5,59.25,59.5,58.5,59.5,1.0,0.5,1,59.0,59.0,59.0,59.0,59.0,0.0,0.0
401282108,2021,regular,7,2021-10-16 16:00:00+00:00,142,Missouri,245,Texas A&M,4,11.5,11.5,11.5,11.5,11.5,0.0,0.0,1,9.0,9.0,9.0,9.0,9.0,0.0,0.0,4,59.25,59.25,59.25,59.0,59.5,0.5,0.28867513459481287,1,61.0,61.0,61.0,61.0,61.0,0.0,0.0
401282109,2021,regular,7,2021-10-16 20:00:00+00:00,2579,South Carolina,238,Vanderbilt,4,-18.75,-18.75,-18.75,-19.0,-18.5,0.5,0.28867513459481287,1,-20.0,-20.0,-20.0,-20.0,-20.0,0.0,0.0,4,50.0,50.25,50.0,50.0,51.0,1.0,0.5,1,51.0,51.0,51.0,51.0,51.0,0.0,0.0
401282110,2021,regular,7,2021-10-16 23:30:00+00:00,2633,Tennessee,145,Ole Miss,4,1.0,1.0,1.0,1.0,1.0,0.0,0.0,1,3.0,3.0,3.0,3.0,3.0,0.0,0.0,4,82.25,82.25,82.25,82.0,82.5,0.5,0.28867513459481287,1,78.0,78.0,78.0,78.0,78.0,0.0,0.0
401282111,2021,regular,8,2021-10-23 23:00:00+00:00,333,Alabama,2633,Tennessee,4,-25.5,-25.25,-25.5,-25.5,-24.5,1.0,0.5,1,-27.5,-27.5,-27.5,-27.5,-27.5,0.0,0.0,4,68.0,68.0,68.0,68.0,68.0,0.0,0.0,1,67.0,67.0,67.0,67.0,67.0,0.0,0.0
401282112,2021,regular,8,2021-10-23 16:00:00+00:00,8,Arkansas,2029,Arkansas-Pine Bluff,2,-50.5,-50.5,-50.5,-50.5,-50.5,0.0,0.0,0,,,,,,,,2,59.5,59.5,59.5,59.5,59.5,0.0,0.0,0,,,,,,,
401282113,2021,regular,8,2021-10-23 19:30:00+00:00,145,Ole Miss,99,LSU,4,-9.0,-9.0,-9.0,-9.0,-9.0,0.0,0.0,1,-10.5,-10.5,-10.5,-10.5,-10.5,0.0,0.0,4,76.75,76.75,76.75,76.5,77.0,0.5,0.28867513459481287,1,76.0,76.0,76.0,76.0,76.0,0.0,0.0
401282114,2021,regular,8,2021-10-23 23:30:00+00:00,245,Texas A&M,2579,South Carolina,4,-19.5,-19.375,-19.5,-19.5,-19.0,0.5,0.25,1,-19.5,-19.5,-19.5,-19.5,-19.5,0.0,0.0,4,46.0,45.875,46.0,45.5,46.0,0.5,0.25,1,44.5,44.5,44.5,44.5,44.5,0.0,0.0
401282115,2021,regular,8,2021-10-23 20:00:00+00:00,238,Vanderbilt,344,Mississippi State,4,20.5,20.625,20.5,20.5,21.0,0.5,0.25,1,23.0,23.0,23.0,23.0,23.0,0.0,0.0,4,53.0,53.0,53.0,53.0,53.0,0.0,0.0,1,51.5,51.5,51.5,51.5,51.5,0.0,0.0
401282116,2021,regular,9,2021-10-30 23:00:00+00:00,2,Auburn,145,Ole Miss,4,-3.0,-3.0,-3.0,-3.0,-3.0,0.0,0.0,1,-1.0,-1.0,-1.0,-1.0,-1.0,0.0,0.0,4,67.5,67.5,67.5,67.5,67.5,0.0,0.0,1,66.5,66.5,66.5,66.5,66.5,0.0,0.0
401282117,2021,regular,9,2021-10-30 19:30:00+00:00,57,Florida,61,Georgia,4,14.0,14.125,14.0,14.0,14.5,0.5,0.25,1,14.5,14.5,14.5,14.5,14.5,0.0,0.0,4,50.5,50.5,50.5,50.0,51.0,1.0,0.408248290463863,1,50.0,50.0,50.0,50.0,50.0,0.0,0.0
401282118,2021,regular,9,2021-10-30 23:00:00+00:00,344,Mississippi State,96,Kentucky,4,-1.0,-1.125,-1.0,-1.5,-1.0,0.5,0.25,1,1.0,1.0,1.0,1.0,1.0,0.0,0.0,4,47.0,47.0,47.0,47.0,47.0,0.0,0.0,1,47.0,47.0,47.0,47.0,47.0,0.0,0.0
401282119,2021,regular,9,2021-10-30 19:00:00+00:00,238,Vanderbilt,142,Missouri,4,16.0,16.125,16.0,16.0,16.5,0.5,0.25,1,17.0,17.0,17.0,17.0,17.0,0.0,0.0,4,62.5,62.5,62.5,62.5,62.5,0.0,0.0,1,62.5,62.5,62.5,62.5,62.5,0.0,0.0
401282120,2021,regular,10,2021-11-06 23:00:00+00:00,333,Alabama,99,LSU,4,-29.0,-29.125,-29.0,-29.5,-29.0,0.5,0.25,1,-28.5,-28.5,-28.5,-28.5,-28.5,0.0,0.0,4,67.0,66.875,67.0,66.5,67.0,0.5,0.25,1,65.0,65.0,65.0,65.0,65.0,0.0,0.0
401282121,2021,regular,10,2021-11-06 20:00:00+00:00,8,Arkansas,344,Mississippi State,4,-4.0,-4.0,-4.0,-4.0,-4.0,0.0,0.0,1,-5.5,-5.5,-5.5,-5.5,-5.5,0.0,0.0,4,53.5,53.625,53.5,53.5,54.0,0.5,0.25,1,56.0,56.0,56.0,56.0,56.0,0.0,0.0
401282122,2021,regular,10,2021-11-06 16:00:00+00:00,61,Georgia,142,Missouri,4,-40.0,-40.0,-40.0,-40.0,-40.0,0.0,0.0,1,-37.5,-37.5,-37.5,-37.5,-37.5,0.0,0.0,4,59.0,59.125,59.0,59.0,59.5,0.5,0.25,1,59.5,59.5,59.5,59.5,59.5,0.0,0.0
401282123,2021,regular,10,2021-11-06 23:00:00+00:00,96,Kentucky,2633,Tennessee,4,1.0,1.0,1.0,1.0,1.0,0.0,0.0,1,-3.0,-3.0,-3.0,-3.0,-3.0,0.0,0.0,4,57.5,57.375,57.5,57.0,57.5,0.5,0.25,1,58.5,58.5,58.5,58.5,58.5,0.0,0.0
401282124,2021,regular,10,2021-11-06 16:00:00+00:00,145,Ole Miss,2335,Liberty,4,-7.5,-7.875,-7.5,-9.0,-7.5,1.5,0.75,1,-10.0,-10.0,-10.0,-10.0,-10.0,0.0,0.0,4,67.0,67.0,67.0,66.5,67.5,1.0,0.408248290463863,1,68.5,68.5,68.5,68.5,68.5,0.0,0.0
401282125,2021,regular,10,2021-11-06 23:30:00+00:00,2579,South Carolina,57,Florida,4,20.5,20.625,20.5,20.5,21.0,0.5,0.25,1,18.5,18.5,18.5,18.5,18.5,0.0,0.0,4,52.0,52.0,52.0,52.0,52.0,0.0,0.0,1,52.5,52.5,52.5,52.5,52.5,0.0,0.0
401282126,2021,regular,10,2021-11-06 19:30:00+00:00,245,Texas A&M,2,Auburn,4,-4.5,-4.5,-4.5,-4.5,-4.5,0.0,0.0,1,-4.5,-4.5,-4.5,-4.5,-4.5,0.0,0.0,4,49.5,49.375,49.5,49.0,49.5,0.5,0.25,1,50.0,50.0,50.0,50.0,50.0,0.0,0.0
401282127,2021,regular,11,2021-11-13 17:00:00+00:00,333,Alabama,166,New Mexico State,4,-50.25,-50.25,-50.25,-50.5,-50.0,0.5,0.28867513459481287,1,-51.5,-51.5,-51.5,-51.5,-51.5,0.0,0.0,4,67.0,67.0,67.0,67.0,67.0,0.0,0.0,1,67.0,67.0,67.0,67.0,67.0,0.0,0.0
401282128,2021,regular,11,2021-11-13 17:00:00+00:00,2,Auburn,344,Mississippi State,4,-5.75,-5.75,-5.75,-6.0,-5.5,0.5,0.28867513459481287,1,-5.5,-5.5,-5.5,-5.5,-5.5,0.0,0.0,4,51.0,51.0,51.0,51.0,51.0,0.0,0.0,1,51.0,51.0,51.0,51.0,51.0,0.0,0.0
401282129,2021,regular,11,2021-11-13 17:00:00+00:00,57,Florida,2535,Samford,3,-36.5,-36.5,-36.5,-37.0,-36.0,1.0,0.5,1,-35.5,-35.5,-35.5,-35.5,-35.5,0.0,0.0,3,68.5,68.66666666666667,68.5,68.5,69.0,0.5,0.28867513459481287,1,69.0,69.0,69.0,69.0,69.0,0.0,0.0
401282130,2021,regular,11,2021-11-14 00:30:00+00:00,99,LSU,8,Arkansas,4,3.0,3.0,3.0,3.0,3.0,0.0,0.0,1,1.5,1.5,1.5,1.5,1.5,0.0,0.0,4,59.5,59.375,59.5,59.0,59.5,0.5,0.25,1,58.5,58.5,58.5,58.5,58.5,0.0,0.0
401282131,2021,regular,11,2021-11-14 00:00:00+00:00,145,Ole Miss,245,Texas A&M,4,1.25,1.5,1.25,1.0,2.5,1.5,0.7071067811865476,1,1.5,1.5,1.5,1.5,1.5,0.0,0.0,4,57.5,57.375,57.5,57.0,57.5,0.5,0.25,1,55.0,55.0,55.0,55.0,55.0,0.0,0.0
401282132,2021,regular,11,2021-11-13 21:00:00+00:00,142,Missouri,2579,South Carolina,4,0.75,0.5,0.75,-1.0,1.5,2.5,1.224744871391589,1,-1.5,-1.5,-1.5,-1.5,-1.5,0.0,0.0,4,55.75,55.75,55.75,55.0,56.5,1.5,0.8660254037844386,1,54.5,54.5,54.5,54.5,54.5,0.0,0.0
401282133,2021,regular,11,2021-11-13 20:30:00+00:00,2633,Tennessee,61,Georgia,4,19.5,19.5,19.5,19.0,20.0,1.0,0.408248290463863,1,20.5,20.5,20.5,20.5,20.5,0.0,0.0,4,55.75,55.75,55.75,55.5,56.0,0.5,0.28867513459481287,1,54.5,54.5,54.5,54.5,54.5,0.0,0.0
401282134,2021,regular,11,2021-11-14 00:00:00+00:00,238,Vanderbilt,96,Kentucky,4,21.5,21.5,21.5,21.5,21.5,0.0,0.0,1,21.5,21.5,21.5,21.5,21.5,0.0,0.0,4,52.5,52.625,52.5,52.5,53.0,0.5,0.25,1,52.5,52.5,52.5,52.5,52.5,0.0,0.0
401282135,2021,regular,12,2021-11-20 20:30:00+00:00,333,Alabama,8,Arkansas,4,-20.5,-20.625,-20.5,-21.0,-20.5,0.5,0.25,1,-20.5,-20.5,-20.5,-20.5,-20.5,0.0,0.0,4,58.5,58.375,58.5,58.0,58.5,0.5,0.25,1,56.0,56.0,56.0,56.0,56.0,0.0,0.0
401282136,2021,regular,12,2021-11-20 17:00:00+00:00,61,Georgia,2127,Charleston Southern,3,-52.5,-52.5,-52.5,-53.0,-52.0,1.0,0.5,1,-51.0,-51.0,-51.0,-51.0,-51.0,0.0,0.0,3,59.0,59.0,59.0,58.5,59.5,1.0,0.5,1,58.5,58.5,58.5,58.5,58.5,0.0,0.0
401282137,2021,regular,12,2021-11-20 17:00:00+00:00,96,Kentucky,166,New Mexico State,4,-35.5,-35.625,-35.5,-36.0,-35.5,0.5,0.25,1,-36.0,-36.0,-36.0,-36.0,-36.0,0.0,0.0,4,61.0,61.0,61.0,61.0,61.0,0.0,0.0,1,59.5,59.5,59.5,59.5,59.5,0.0,0.0
401282138,2021,regular,12,2021-11-21 02:00:00+00:00,99,LSU,2433,UL Monroe,4,-29.0,-29.0,-29.0,-29.0,-29.0,0.0,0.0,1,-29.0,-29.0,-29.0,-29.0,-29.0,0.0,0.0,4,57.5,57.5,57.5,57.5,57.5,0.0,0.0,1,56.5,56.5,56.5,56.5,56.5,0.0,0.0
401282139,2021,regular,12,2021-11-21 00:30:00+00:00,145,Ole Miss,238,Vanderbilt,4,-35.75,-35.75,-35.75,-36.0,-35.5,0.5,0.28867513459481287,1,-37.0,-37.0,-37.0,-37.0,-37.0,0.0,0.0,4,65.5,65.625,65.5,65.0,66.5,1.5,0.6291528696058958,1,64.0,64.0,64.0,64.0,64.0,0.0,0.0
401282140,2021,regular,12,2021-11-20 17:00:00+00:00,344,Mississippi State,2634,Tennessee State,3,-44.0,-44.0,-44.0,-44.0,-44.0,0.0,0.0,1,-44.0,-44.0,-44.0,-44.0,-44.0,0.0,0.0,3,56.5,56.333333333333336,56.5,56.0,56.5,0.5,0.28867513459481287,1,56.0,56.0,56.0,56.0,56.0,0.0,0.0
401282141,2021,regular,12,2021-11-20 21:00:00+00:00,142,Missouri,57,Florida,4,9.0,9.125,9.0,9.0,9.5,0.5,0.25,1,7.5,7.5,7.5,7.5,7.5,0.0,0.0,4,69.0,68.875,69.0,68.5,69.0,0.5,0.25,1,69.5,69.5,69.5,69.5,69.5,0.0,0.0
401282142,2021,regular,12,2021-11-21 00:00:00+00:00,2579,South Carolina,2,Auburn,4,7.0,7.125,7.0,7.0,7.5,0.5,0.25,1,10.5,10.5,10.5,10.5,10.5,0.0,0.0,4,45.25,45.25,45.25,45.0,45.5,0.5,0.28867513459481287,1,47.5,47.5,47.5,47.5,47.5,0.0,0.0
401282143,2021,regular,12,2021-11-21 00:30:00+00:00,2633,Tennessee,6,South Alabama,4,-28.25,-28.25,-28.25,-28.5,-28.0,0.5,0.28867513459481287,1,-27.5,-27.5,-27.5,-27.5,-27.5,0.0,0.0,4,61.5,61.5,61.5,61.0,62.0,1.0,0.408248290463863,1,64.0,64.0,64.0,64.0,64.0,0.0,0.0
401282144,2021,regular,12,2021-11-20 17:00:00+00:00,245,Texas A&M,2504,Prairie View A&M,3,-41.5,-41.5,-41.5,-41.5,-41.5,0.0,0.0,1,-41.5,-41.5,-41.5,-41.5,-41.5,0.0,0.0,3,50.0,50.166666666666664,50.0,50.0,50.5,0.5,0.28867513459481287,1,50.5,50.5,50.5,50.5,50.5,0.0,0.0
401282145,2021,regular,13,2021-11-26 20:30:00+00:00,8,Arkansas,142,Missouri,4,-14.5,-14.5,-14.5,-14.5,-14.5,0.0,0.0,1,-14.5,-14.5,-14.5,-14.5,-14.5,0.0,0.0,4,63.25,63.25,63.25,63.0,63.5,0.5,0.28867513459481287,1,62.5,62.5,62.5,62.5,62.5,0.0,0.0
401282146,2021,regular,13,2021-11-27 20:30:00+00:00,2,Auburn,333,Alabama,4,20.5,20.625,20.5,20.5,21.0,0.5,0.25,1,19.5,19.5,19.5,19.5,19.5,0.0,0.0,4,57.0,57.125,57.0,57.0,57.5,0.5,0.25,1,55.0,55.0,55.0,55.0,55.0,0.0,0.0
401282147,2021,regular,13,2021-11-27 17:00:00+00:00,57,Florida,52,Florida State,4,-4.0,-4.0,-4.0,-4.0,-4.0,0.0,0.0,1,-1.5,-1.5,-1.5,-1.5,-1.5,0.0,0.0,4,58.5,58.5,58.5,58.5,58.5,0.0,0.0,1,59.0,59.0,59.0,59.0,59.0,0.0,0.0
401282148,2021,regular,13,2021-11-27 17:00:00+00:00,59,Georgia Tech,61,Georgia,4,35.5,35.625,35.5,35.5,36.0,0.5,0.25,1,35.0,35.0,35.0,35.0,35.0,0.0,0.0,4,54.5,54.625,54.5,54.5,55.0,0.5,0.25,1,54.5,54.5,54.5,54.5,54.5,0.0,0.0
401282149,2021,regular,13,2021-11-28 00:30:00+00:00,97,Louisville,96,Kentucky,4,-3.0,-3.0,-3.0,-3.0,-3.0,0.0,0.0,1,-2.5,-2.5,-2.5,-2.5,-2.5,0.0,0.0,4,57.75,57.75,57.75,57.5,58.0,0.5,0.28867513459481287,1,57.0,57.0,57.0,57.0,57.0,0.0,0.0
401282150,2021,regular,13,2021-11-28 00:00:00+00:00,99,LSU,245,Texas A&M,4,6.25,6.25,6.25,6.0,6.5,0.5,0.28867513459481287,1,6.5,6.5,6.5,6.5,6.5,0.0,0.0,4,46.75,46.75,46.75,46.5,47.0,0.5,0.28867513459481287,1,45.5,45.5,45.5,45.5,45.5,0.0,0.0
401282151,2021,regular,13,2021-11-26 00:30:00+00:00,344,Mississippi State,145,Ole Miss,4,-2.0,-2.125,-2.0,-2.5,-2.0,0.5,0.25,1,-1.0,-1.0,-1.0,-1.0,-1.0,0.0,0.0,4,65.0,65.0,65.0,65.0,65.0,0.0,0.0,1,60.5,60.5,60.5,60.5,60.5,0.0,0.0
401282152,2021,regular,13,2021-11-28 00:30:00+00:00,2579,South Carolina,228,Clemson,4,11.5,11.375,11.5,11.0,11.5,0.5,0.25,1,11.0,11.0,11.0,11.0,11.0,0.0,0.0,4,42.5,42.625,42.5,42.5,43.0,0.5,0.25,1,43.0,43.0,43.0,43.0,43.0,0.0,0.0
401282153,2021,regular,13,2021-11-27 20:45:00+00:00,2633,Tennessee,238,Vanderbilt,4,-32.0,-32.125,-32.0,-33.0,-31.5,1.5,0.6291528696058958,1,-31.0,-31.0,-31.0,-31.0,-31.0,0.0,0.0,4,64.5,64.625,64.5,64.5,65.0,0.5,0.25,1,62.5,62.5,62.5,62.5,62.5,0.0,0.0
401282154,2021,regular,14,2021-12-04 21:00:00+00:00,333,Alabama,61,Georgia,4,6.25,6.25,6.25,6.0,6.5,0.5,0.28867513459481287,1,4.0,4.0,4.0,4.0,4.0,0.0,0.0,4,48.75,48.75,48.75,48.5,49.0,0.5,0.28867513459481287,1,52.0,52.0,52.0,52.0,52.0,0.0,0.0
401282156,2021,regular,14,2021-12-04 00:00:00+00:00,2636,UTSA,98,Western Kentucky,4,3.25,3.25,3.25,3.0,3.5,0.5,0.28867513459481287,1,1.0,1.0,1.0,1.0,1.0,0.0,0.0,4,74.5,74.5,74.5,74.5,74.5,0.0,0.0,1,72.0,72.0,72.0,72.0,72.0,0.0,0.0
401282173,2021,regular,1,2021-09-04 23:00:00+00:00,2393,Middle Tennessee,2405,Monmouth,2,-8.5,-8.5,-8.5,-8.5,-8.5,0.0,0.0,1,-8.0,-8.0,-8.0,-8.0,-8.0,0.0,0.0,2,58.25,58.25,58.25,58.0,58.5,0.5,0.3535533905932738,1,55.5,55.5,55.5,55.5,55.5,0.0,0.0
401282174,2021,regular,1,2021-09-04 19:30:00+00:00,2426,Navy,276,Marshall,5,3.0,3.2,3.0,3.0,3.5,0.5,0.27386127875258304,1,2.5,2.5,2.5,2.5,2.5,0.0,0.0,5,46.5,46.6,46.5,46.5,47.0,0.5,0.22360679774997896,1,45.5,45.5,45.5,45.5,45.5,0.0,0.0
401282175,2021,regular,1,2021-09-04 23:30:00+00:00,249,North Texas,2466,Northwestern State,3,-20.0,-20.166666666666668,-20.0,-20.5,-20.0,0.5,0.28867513459481287,1,-20.0,-20.0,-20.0,-20.0,-20.0,0.0,0.0,3,66.0,66.0,66.0,66.0,66.0,0.0,0.0,1,65.0,65.0,65.0,65.0,65.0,0.0,0.0
401282177,2021,regular,1,2021-09-05 00:00:00+00:00,6,South Alabama,2572,Southern Miss,5,-2.0,-2.1,-2.0,-2.5,-2.0,0.5,0.22360679774997896,1,2.5,2.5,2.5,2.5,2.5,0.0,0.0,5,56.5,56.6,56.5,56.5,57.0,0.5,0.22360679774997896,1,55.0,55.0,55.0,55.0,55.0,0.0,0.0
401282178,2021,regular,1,2021-09-05 01:00:00+00:00,2638,UTEP,2065,Bethune-Cookman,1,-20.5,-20.5,-20.5,-20.5,-20.5,0.0,0.0,0,,,,,,,,1,52.5,52.5,52.5,52.5,52.5,0.0,0.0,0,,,,,,,
401282179,2021,regular,1,2021-09-04 23:30:00+00:00,356,Illinois,2636,UTSA,5,-4.5,-4.5,-4.5,-4.5,-4.5,0.0,0.0,1,-6.0,-6.0,-6.0,-6.0,-6.0,0.0,0.0,5,52.0,51.8,52.0,51.5,52.0,0.5,0.27386127875258304,1,53.0,53.0,53.0,53.0,53.0,0.0,0.0
401282180,2021,regular,1,2021-09-03 00:00:00+00:00,98,Western Kentucky,2630,UT Martin,1,-24.0,-24.0,-24.0,-24.0,-24.0,0.0,0.0,0,,,,,,,,1,58.5,58.5,58.5,58.5,58.5,0.0,0.0,0,,,,,,,
401282181,2021,regular,2,2021-09-11 22:00:00+00:00,2429,Charlotte,2241,Gardner-Webb,1,-23.0,-23.0,-23.0,-23.0,-23.0,0.0,0.0,0,,,,,,,,1,58.0,58.0,58.0,58.0,58.0,0.0,0.0,0,,,,,,,
401282182,2021,regular,2,2021-09-11 23:00:00+00:00,2229,Florida International,326,Texas State,5,-2.0,-1.9,-2.0,-2.0,-1.5,0.5,0.22360679774997896,1,-1.0,-1.0,-1.0,-1.0,-1.0,0.0,0.0,5,55.5,55.4,55.5,55.0,55.5,0.5,0.22360679774997896,1,54.0,54.0,54.0,54.0,54.0,0.0,0.0
401282183,2021,regular,2,2021-09-11 19:30:00+00:00,2226,Florida Atlantic,290,Georgia Southern,5,-7.0,-6.8,-7.0,-7.0,-6.5,0.5,0.27386127875258304,1,-7.0,-7.0,-7.0,-7.0,-7.0,0.0,0.0,5,48.5,48.4,48.5,48.0,48.5,0.5,0.22360679774997896,1,48.0,48.0,48.0,48.0,48.0,0.0,0.0
401282184,2021,regular,2,2021-09-11 23:00:00+00:00,2348,Louisiana Tech,2545,SE Louisiana,3,-11.5,-11.5,-11.5,-11.5,-11.5,0.0,0.0,1,-11.5,-11.5,-11.5,-11.5,-11.5,0.0,0.0,3,70.5,70.5,70.5,70.5,70.5,0.0,0.0,1,70.5,70.5,70.5,70.5,70.5,0.0,0.0
401282185,2021,regular,2,2021-09-11 22:30:00+00:00,276,Marshall,2428,North Carolina Central,3,-43.0,-43.0,-43.0,-43.5,-42.5,1.0,0.5,1,-43.5,-43.5,-43.5,-43.5,-43.5,0.0,0.0,3,53.5,52.666666666666664,53.5,51.0,53.5,2.5,1.4433756729740643,1,50.0,50.0,50.0,50.0,50.0,0.0,0.0
401282186,2021,regular,2,2021-09-11 18:00:00+00:00,259,Virginia Tech,2393,Middle Tennessee,5,-20.0,-19.9,-20.0,-20.0,-19.5,0.5,0.22360679774997896,1,-20.0,-20.0,-20.0,-20.0,-20.0,0.0,0.0,5,54.5,54.6,54.5,54.5,55.0,0.5,0.22360679774997896,1,54.5,54.5,54.5,54.5,54.5,0.0,0.0
401282187,2021,regular,2,2021-09-11 23:00:00+00:00,2567,SMU,249,North Texas,5,-22.5,-22.5,-22.5,-22.5,-22.5,0.0,0.0,1,-21.5,-21.5,-21.5,-21.5,-21.5,0.0,0.0,5,75.5,74.8,75.5,73.5,75.5,2.0,0.9746794344808964,1,72.5,72.5,72.5,72.5,72.5,0.0,0.0
401282188,2021,regular,2,2021-09-11 23:00:00+00:00,295,Old Dominion,2261,Hampton,3,-21.5,-21.166666666666668,-21.5,-21.5,-20.5,1.0,0.5773502691896257,1,-20.0,-20.0,-20.0,-20.0,-20.0,0.0,0.0,3,55.0,55.0,55.0,55.0,55.0,0.0,0.0,1,55.0,55.0,55.0,55.0,55.0,0.0,0.0
401282189,2021,regular,2,2021-09-11 22:30:00+00:00,242,Rice,248,Houston,5,7.5,7.6,7.5,7.5,8.0,0.5,0.22360679774997896,1,9.0,9.0,9.0,9.0,9.0,0.0,0.0,5,50.5,50.5,50.5,50.0,51.0,1.0,0.3535533905932738,1,54.5,54.5,54.5,54.5,54.5,0.0,0.0
401282190,2021,regular,2,2021-09-11 23:00:00+00:00,2572,Southern Miss,2755,Grambling,3,-23.0,-23.166666666666668,-23.0,-23.5,-23.0,0.5,0.28867513459481287,1,-23.5,-23.5,-23.5,-23.5,-23.5,0.0,0.0,3,47.5,47.666666666666664,47.5,47.5,48.0,0.5,0.28867513459481287,1,47.5,47.5,47.5,47.5,47.5,0.0,0.0
401282191,2021,regular,2,2021-09-11 01:30:00+00:00,68,Boise State,2638,UTEP,5,-25.0,-25.1,-25.0,-25.5,-25.0,0.5,0.22360679774997896,1,-27.0,-27.0,-27.0,-27.0,-27.0,0.0,0.0,5,56.5,56.3,56.5,56.0,56.5,0.5,0.27386127875258304,1,55.0,55.0,55.0,55.0,55.0,0.0,0.0
401282192,2021,regular,2,2021-09-11 22:00:00+00:00,2636,UTSA,2320,Lamar,3,-38.0,-38.666666666666664,-38.0,-40.0,-38.0,2.0,1.1547005383792515,1,-37.5,-37.5,-37.5,-37.5,-37.5,0.0,0.0,3,65.0,65.0,65.0,65.0,65.0,0.0,0.0,1,65.0,65.0,65.0,65.0,65.0,0.0,0.0
401282193,2021,regular,2,2021-09-11 15:30:00+00:00,349,Army,98,Western Kentucky,5,-6.0,-6.1,-6.0,-6.5,-6.0,0.5,0.22360679774997896,1,-5.0,-5.0,-5.0,-5.0,-5.0,0.0,0.0,5,52.0,51.8,52.0,51.5,52.0,0.5,0.27386127875258304,1,54.5,54.5,54.5,54.5,54.5,0.0,0.0
401282194,2021,regular,3,2021-09-18 22:00:00+00:00,2636,UTSA,2393,Middle Tennessee,5,-11.5,-11.8,-11.5,-13.5,-11.0,2.5,0.9746794344808964,1,-13.0,-13.0,-13.0,-13.0,-13.0,0.0,0.0,5,59.5,59.6,59.5,59.5,60.0,0.5,0.22360679774997896,1,57.5,57.5,57.5,57.5,57.5,0.0,0.0
401282195,2021,regular,3,2021-09-18 23:30:00+00:00,249,North Texas,5,UAB,5,12.5,12.4,12.5,11.5,13.0,1.5,0.5477225575051661,1,13.5,13.5,13.5,13.5,13.5,0.0,0.0,5,58.0,57.8,58.0,56.5,58.5,2.0,0.758287544405155,1,57.0,57.0,57.0,57.0,57.0,0.0,0.0
401282196,2021,regular,3,2021-09-18 23:00:00+00:00,2247,Georgia State,2429,Charlotte,5,-4.5,-4.3,-4.5,-4.5,-3.5,1.0,0.4472135954999579,1,-2.5,-2.5,-2.5,-2.5,-2.5,0.0,0.0,5,63.0,63.0,63.0,62.5,63.5,1.0,0.3535533905932738,1,64.5,64.5,64.5,64.5,64.5,0.0,0.0
401282197,2021,regular,3,2021-09-18 23:00:00+00:00,2641,Texas Tech,2229,Florida International,5,-20.5,-20.4,-20.5,-20.5,-20.0,0.5,0.22360679774997896,1,-21.0,-21.0,-21.0,-21.0,-21.0,0.0,0.0,5,54.0,53.9,54.0,53.5,54.0,0.5,0.22360679774997896,1,55.5,55.5,55.5,55.5,55.5,0.0,0.0
401282198,2021,regular,3,2021-09-18 22:00:00+00:00,2226,Florida Atlantic,2230,Fordham,3,-31.0,-31.0,-31.0,-31.0,-31.0,0.0,0.0,1,-32.0,-32.0,-32.0,-32.0,-32.0,0.0,0.0,3,51.5,51.166666666666664,51.5,50.5,51.5,1.0,0.5773502691896257,1,48.0,48.0,48.0,48.0,48.0,0.0,0.0
401282199,2021,regular,3,2021-09-18 19:30:00+00:00,2348,Louisiana Tech,2567,SMU,5,11.0,11.3,11.0,11.0,12.5,1.5,0.6708203932499369,1,13.5,13.5,13.5,13.5,13.5,0.0,0.0,5,65.5,65.6,65.5,65.0,66.5,1.5,0.5477225575051661,1,65.5,65.5,65.5,65.5,65.5,0.0,0.0
401282200,2021,regular,3,2021-09-18 22:00:00+00:00,276,Marshall,151,East Carolina,5,-10.0,-10.1,-10.0,-11.0,-9.5,1.5,0.5477225575051661,1,-9.5,-9.5,-9.5,-9.5,-9.5,0.0,0.0,5,58.5,57.8,58.5,55.5,58.5,3.0,1.3038404810405297,1,53.5,53.5,53.5,53.5,53.5,0.0,0.0
401282201,2021,regular,3,2021-09-18 22:00:00+00:00,2335,Liberty,295,Old Dominion,5,-27.5,-27.3,-27.5,-27.5,-26.5,1.0,0.4472135954999579,1,-26.0,-26.0,-26.0,-26.0,-26.0,0.0,0.0,5,53.0,53.3,53.0,52.5,54.5,2.0,0.758287544405155,1,54.0,54.0,54.0,54.0,54.0,0.0,0.0
401282202,2021,regular,3,2021-09-19 00:00:00+00:00,251,Texas,242,Rice,5,-26.0,-26.0,-26.0,-26.5,-25.5,1.0,0.3535533905932738,1,-25.0,-25.0,-25.0,-25.0,-25.0,0.0,0.0,5,52.0,52.1,52.0,51.5,53.5,2.0,0.8215838362577492,1,52.5,52.5,52.5,52.5,52.5,0.0,0.0
401282203,2021,regular,3,2021-09-18 23:00:00+00:00,2572,Southern Miss,2653,Troy,5,11.0,10.9,11.0,10.5,11.0,0.5,0.22360679774997896,1,8.0,8.0,8.0,8.0,8.0,0.0,0.0,5,49.5,49.9,49.5,49.0,51.5,2.5,0.9617692030835673,1,51.5,51.5,51.5,51.5,51.5,0.0,0.0
401282204,2021,regular,4,2021-09-24 22:30:00+00:00,2429,Charlotte,2393,Middle Tennessee,4,-2.5,-2.625,-2.5,-3.0,-2.5,0.5,0.25,1,-2.5,-2.5,-2.5,-2.5,-2.5,0.0,0.0,4,55.5,55.625,55.5,55.5,56.0,0.5,0.25,1,56.0,56.0,56.0,56.0,56.0,0.0,0.0
401282205,2021,regular,4,2021-09-25 23:00:00+00:00,2348,Louisiana Tech,249,North Texas,4,-10.0,-10.125,-10.0,-11.0,-9.5,1.5,0.75,1,-12.5,-12.5,-12.5,-12.5,-12.5,0.0,0.0,4,65.25,65.25,65.25,65.0,65.5,0.5,0.28867513459481287,1,64.5,64.5,64.5,64.5,64.5,0.0,0.0
401282206,2021,regular,4,2021-09-25 16:00:00+00:00,2117,Central Michigan,2229,Florida International,4,-12.0,-12.125,-12.0,-12.5,-12.0,0.5,0.25,1,-11.5,-11.5,-11.5,-11.5,-11.5,0.0,0.0,4,55.5,55.375,55.5,55.0,55.5,0.5,0.25,1,56.5,56.5,56.5,56.5,56.5,0.0,0.0
401282207,2021,regular,4,2021-09-26 00:00:00+00:00,2005,Air Force,2226,Florida Atlantic,4,-3.5,-3.625,-3.5,-4.0,-3.5,0.5,0.25,1,-5.0,-5.0,-5.0,-5.0,-5.0,0.0,0.0,4,54.0,54.0,54.0,54.0,54.0,0.0,0.0,1,50.5,50.5,50.5,50.5,50.5,0.0,0.0
401282208,2021,regular,4,2021-09-23 23:30:00+00:00,2026,App State,276,Marshall,4,-7.0,-7.125,-7.0,-7.5,-7.0,0.5,0.25,1,-7.0,-7.0,-7.0,-7.0,-7.0,0.0,0.0,4,59.25,59.25,59.25,59.0,59.5,0.5,0.28867513459481287,1,56.5,56.5,56.5,56.5,56.5,0.0,0.0
401282209,2021,regular,4,2021-09-25 22:00:00+00:00,295,Old Dominion,2084,Buffalo,4,13.0,13.0,13.0,13.0,13.0,0.0,0.0,1,12.5,12.5,12.5,12.5,12.5,0.0,0.0,4,50.5,50.5,50.5,50.5,50.5,0.0,0.0,1,54.0,54.0,54.0,54.0,54.0,0.0,0.0
401282210,2021,regular,4,2021-09-25 22:30:00+00:00,242,Rice,2640,Texas Southern,3,-37.0,-37.166666666666664,-37.0,-37.5,-37.0,0.5,0.28867513459481287,1,-34.0,-34.0,-34.0,-34.0,-34.0,0.0,0.0,3,53.5,53.5,53.5,53.5,53.5,0.0,0.0,1,53.5,53.5,53.5,53.5,53.5,0.0,0.0
401282211,2021,regular,4,2021-09-26 00:00:00+00:00,2655,Tulane,5,UAB,4,-2.5,-2.625,-2.5,-3.0,-2.5,0.5,0.25,1,-4.0,-4.0,-4.0,-4.0,-4.0,0.0,0.0,4,54.5,54.625,54.5,54.5,55.0,0.5,0.25,1,56.5,56.5,56.5,56.5,56.5,0.0,0.0
401282212,2021,regular,4,2021-09-26 01:00:00+00:00,2638,UTEP,167,New Mexico,4,2.5,2.375,2.5,2.0,2.5,0.5,0.25,1,-1.5,-1.5,-1.5,-1.5,-1.5,0.0,0.0,4,54.0,54.0,54.0,53.5,54.5,1.0,0.408248290463863,1,53.5,53.5,53.5,53.5,53.5,0.0,0.0
401282213,2021,regular,4,2021-09-25 19:30:00+00:00,235,Memphis,2636,UTSA,4,-3.0,-3.0,-3.0,-3.0,-3.0,0.0,0.0,1,-3.5,-3.5,-3.5,-3.5,-3.5,0.0,0.0,4,66.5,66.5,66.5,66.5,66.5,0.0,0.0,1,64.5,64.5,64.5,64.5,64.5,0.0,0.0
401282214,2021,regular,4,2021-09-26 00:00:00+00:00,98,Western Kentucky,84,Indiana,4,9.5,9.375,9.5,9.0,9.5,0.5,0.25,1,9.5,9.5,9.5,9.5,9.5,0.0,0.0,4,62.75,63.0,62.75,62.5,64.0,1.5,0.7071067811865476,1,62.5,62.5,62.5,62.5,62.5,0.0,0.0
401282215,2021,regular,5,2021-10-02 19:30:00+00:00,2226,Florida Atlantic,2229,Florida International,4,-10.5,-10.5,-10.5,-10.5,-10.5,0.0,0.0,1,-10.5,-10.5,-10.5,-10.5,-10.5,0.0,0.0,4,52.0,52.0,52.0,52.0,52.0,0.0,0.0,1,51.5,51.5,51.5,51.5,51.5,0.0,0.0
401282216,2021,regular,5,2021-10-02 23:00:00+00:00,2393,Middle Tennessee,276,Marshall,4,11.0,11.0,11.0,10.5,11.5,1.0,0.408248290463863,1,10.0,10.0,10.0,10.0,10.0,0.0,0.0,4,65.75,65.75,65.75,65.5,66.0,0.5,0.28867513459481287,1,64.5,64.5,64.5,64.5,64.5,0.0,0.0
401282217,2021,regular,5,2021-10-03 01:00:00+00:00,2638,UTEP,295,Old Dominion,4,-5.5,-5.5,-5.5,-5.5,-5.5,0.0,0.0,1,-4.0,-4.0,-4.0,-4.0,-4.0,0.0,0.0,4,48.5,48.5,48.5,48.5,48.5,0.0,0.0,1,49.5,49.5,49.5,49.5,49.5,0.0,0.0
401282218,2021,regular,5,2021-10-02 22:30:00+00:00,242,Rice,2572,Southern Miss,4,-1.25,-1.25,-1.25,-1.5,-1.0,0.5,0.28867513459481287,1,-3.0,-3.0,-3.0,-3.0,-3.0,0.0,0.0,4,45.0,44.875,45.0,44.5,45.0,0.5,0.25,1,45.5,45.5,45.5,45.5,45.5,0.0,0.0
401282219,2021,regular,5,2021-10-02 16:00:00+00:00,356,Illinois,2429,Charlotte,4,-10.0,-10.125,-10.0,-10.5,-10.0,0.5,0.25,1,-9.5,-9.5,-9.5,-9.5,-9.5,0.0,0.0,4,54.0,54.0,54.0,54.0,54.0,0.0,0.0,1,54.5,54.5,54.5,54.5,54.5,0.0,0.0
401282220,2021,regular,5,2021-10-02 22:00:00+00:00,152,NC State,2348,Louisiana Tech,4,-17.75,-17.875,-17.75,-18.5,-17.5,1.0,0.47871355387816905,1,-19.5,-19.5,-19.5,-19.5,-19.5,0.0,0.0,4,56.0,56.0,56.0,56.0,56.0,0.0,0.0,1,55.0,55.0,55.0,55.0,55.0,0.0,0.0
401282221,2021,regular,5,2021-10-02 23:00:00+00:00,5,UAB,2335,Liberty,4,-3.0,-3.0,-3.0,-3.0,-3.0,0.0,0.0,1,-2.0,-2.0,-2.0,-2.0,-2.0,0.0,0.0,4,49.0,49.125,49.0,49.0,49.5,0.5,0.25,1,49.5,49.5,49.5,49.5,49.5,0.0,0.0
401282222,2021,regular,5,2021-10-02 22:00:00+00:00,2636,UTSA,2439,UNLV,4,-21.5,-21.5,-21.5,-21.5,-21.5,0.0,0.0,1,-20.0,-20.0,-20.0,-20.0,-20.0,0.0,0.0,4,55.5,55.5,55.5,55.5,55.5,0.0,0.0,1,56.5,56.5,56.5,56.5,56.5,0.0,0.0
401282223,2021,regular,5,2021-10-02 23:30:00+00:00,127,Michigan State,98,Western Kentucky,4,-10.5,-10.625,-10.5,-11.0,-10.5,0.5,0.25,1,-10.0,-10.0,-10.0,-10.0,-10.0,0.0,0.0,4,66.5,66.5,66.5,66.5,66.5,0.0,0.0,1,60.0,60.0,60.0,60.0,60.0,0.0,0.0
401282224,2021,regular,6,2021-10-08 23:00:00+00:00,2229,Florida International,2429,Charlotte,4,3.5,3.5,3.5,3.5,3.5,0.0,0.0,1,3.5,3.5,3.5,3.5,3.5,0.0,0.0,4,60.75,60.75,60.75,60.5,61.0,0.5,0.28867513459481287,1,59.0,59.0,59.0,59.0,59.0,0.0,0.0
401282225,2021,regular,6,2021-10-09 19:30:00+00:00,5,UAB,2226,Florida Atlantic,4,-3.5,-3.5,-3.5,-3.5,-3.5,0.0,0.0,1,-6.0,-6.0,-6.0,-6.0,-6.0,0.0,0.0,4,49.0,48.875,49.0,48.5,49.0,0.5,0.25,1,49.0,49.0,49.0,49.0,49.0,0.0,0.0
401282226,2021,regular,6,2021-10-09 18:00:00+00:00,276,Marshall,295,Old Dominion,4,-21.0,-21.125,-21.0,-21.5,-21.0,0.5,0.25,1,-19.5,-19.5,-19.5,-19.5,-19.5,0.0,0.0,4,62.5,62.375,62.5,62.0,62.5,0.5,0.25,1,64.0,64.0,64.0,64.0,64.0,0.0,0.0
401282227,2021,regular,6,2021-10-09 23:00:00+00:00,2572,Southern Miss,2638,UTEP,4,1.25,1.375,1.25,1.0,2.0,1.0,0.47871355387816905,1,-1.0,-1.0,-1.0,-1.0,-1.0,0.0,0.0,4,46.25,46.125,46.25,45.5,46.5,1.0,0.47871355387816905,1,45.5,45.5,45.5,45.5,45.5,0.0,0.0
401282228,2021,regular,6,2021-10-09 23:00:00+00:00,98,Western Kentucky,2636,UTSA,4,-3.5,-3.5,-3.5,-3.5,-3.5,0.0,0.0,1,-3.0,-3.0,-3.0,-3.0,-3.0,0.0,0.0,4,71.25,71.25,71.25,71.0,71.5,0.5,0.28867513459481287,1,68.5,68.5,68.5,68.5,68.5,0.0,0.0
401282229,2021,regular,6,2021-10-09 19:30:00+00:00,2335,Liberty,2393,Middle Tennessee,4,-20.0,-19.875,-20.0,-20.0,-19.5,0.5,0.25,1,-19.5,-19.5,-19.5,-19.5,-19.5,0.0,0.0,4,58.75,58.75,58.75,58.5,59.0,0.5,0.28867513459481287,1,58.0,58.0,58.0,58.0,58.0,0.0,0.0
401282230,2021,regular,7,2021-10-17 01:00:00+00:00,2638,UTEP,2348,Louisiana Tech,4,6.5,6.5,6.5,6.5,6.5,0.0,0.0,1,9.0,9.0,9.0,9.0,9.0,0.0,0.0,4,55.5,55.5,55.5,55.5,55.5,0.0,0.0,1,55.0,55.0,55.0,55.0,55.0,0.0,0.0
401282231,2021,regular,7,2021-10-15 23:00:00+00:00,249,North Texas,276,Marshall,4,11.0,11.0,11.0,11.0,11.0,0.0,0.0,1,10.5,10.5,10.5,10.5,10.5,0.0,0.0,4,66.0,66.125,66.0,66.0,66.5,0.5,0.25,1,64.5,64.5,64.5,64.5,64.5,0.0,0.0
401282232,2021,regular,7,2021-10-16 19:30:00+00:00,295,Old Dominion,98,Western Kentucky,4,13.5,13.5,13.5,13.5,13.5,0.0,0.0,1,13.0,13.0,13.0,13.0,13.0,0.0,0.0,4,66.75,66.75,66.75,66.5,67.0,0.5,0.28867513459481287,1,68.5,68.5,68.5,68.5,68.5,0.0,0.0
401282233,2021,regular,7,2021-10-16 22:00:00+00:00,2636,UTSA,242,Rice,4,-17.0,-17.0,-17.0,-17.0,-17.0,0.0,0.0,1,-18.5,-18.5,-18.5,-18.5,-18.5,0.0,0.0,4,53.0,53.0,53.0,52.5,53.5,1.0,0.408248290463863,1,53.5,53.5,53.5,53.5,53.5,0.0,0.0
401282234,2021,regular,7,2021-10-16 19:30:00+00:00,2572,Southern Miss,5,UAB,4,17.0,16.875,17.0,16.5,17.0,0.5,0.25,1,16.0,16.0,16.0,16.0,16.0,0.0,0.0,4,43.25,43.25,43.25,43.0,43.5,0.5,0.28867513459481287,1,43.5,43.5,43.5,43.5,43.5,0.0,0.0
401282235,2021,regular,8,2021-10-21 23:30:00+00:00,2429,Charlotte,2226,Florida Atlantic,4,6.5,6.5,6.5,6.5,6.5,0.0,0.0,1,5.0,5.0,5.0,5.0,5.0,0.0,0.0,4,58.0,58.0,58.0,58.0,58.0,0.0,0.0,1,55.0,55.0,55.0,55.0,55.0,0.0,0.0
401282236,2021,regular,8,2021-10-23 23:00:00+00:00,2229,Florida International,98,Western Kentucky,4,16.5,16.375,16.5,16.0,16.5,0.5,0.25,1,17.0,17.0,17.0,17.0,17.0,0.0,0.0,4,77.75,77.625,77.75,77.0,78.0,1.0,0.47871355387816905,1,75.5,75.5,75.5,75.5,75.5,0.0,0.0
401282237,2021,regular,8,2021-10-23 23:00:00+00:00,2348,Louisiana Tech,2636,UTSA,4,5.5,5.625,5.5,5.5,6.0,0.5,0.25,1,6.0,6.0,6.0,6.0,6.0,0.0,0.0,4,59.5,59.625,59.5,59.5,60.0,0.5,0.25,1,58.5,58.5,58.5,58.5,58.5,0.0,0.0
401282238,2021,regular,8,2021-10-23 19:30:00+00:00,5,UAB,242,Rice,4,-23.75,-23.75,-23.75,-24.0,-23.5,0.5,0.28867513459481287,1,-23.0,-23.0,-23.0,-23.0,-23.0,0.0,0.0,4,44.5,44.5,44.5,44.5,44.5,0.0,0.0,1,45.0,45.0,45.0,45.0,45.0,0.0,0.0
401282239,2021,regular,8,2021-10-22 22:00:00+00:00,41,UConn,2393,Middle Tennessee,4,14.0,14.0,14.0,14.0,14.0,0.0,0.0,1,15.0,15.0,15.0,15.0,15.0,0.0,0.0,4,54.0,54.0,54.0,54.0,54.0,0.0,0.0,1,54.0,54.0,54.0,54.0,54.0,0.0,0.0
401282240,2021,regular,8,2021-10-23 20:00:00+00:00,249,North Texas,2335,Liberty,4,21.0,21.0,21.0,21.0,21.0,0.0,0.0,1,21.5,21.5,21.5,21.5,21.5,0.0,0.0,4,61.0,61.0,61.0,61.0,61.0,0.0,0.0,1,60.5,60.5,60.5,60.5,60.5,0.0,0.0
401282241,2021,regular,9,2021-10-30 20:00:00+00:00,98,Western Kentucky,2429,Charlotte,4,-19.5,-19.0,-19.5,-19.5,-17.5,2.0,1.0,1,-18.5,-18.5,-18.5,-18.5,-18.5,0.0,0.0,4,71.75,72.0,71.75,71.5,73.0,1.5,0.7071067811865476,1,73.0,73.0,73.0,73.0,73.0,0.0,0.0
401282242,2021,regular,9,2021-10-30 19:30:00+00:00,276,Marshall,2229,Florida International,4,-21.5,-21.5,-21.5,-21.5,-21.5,0.0,0.0,1,-22.0,-22.0,-22.0,-22.0,-22.0,0.0,0.0,4,64.0,64.0,64.0,64.0,64.0,0.0,0.0,1,66.0,66.0,66.0,66.0,66.0,0.0,0.0
401282243,2021,regular,9,2021-10-30 22:00:00+00:00,2226,Florida Atlantic,2638,UTEP,4,-11.0,-10.875,-11.0,-11.0,-10.5,0.5,0.25,1,-12.0,-12.0,-12.0,-12.0,-12.0,0.0,0.0,4,49.0,48.875,49.0,48.5,49.0,0.5,0.25,1,48.0,48.0,48.0,48.0,48.0,0.0,0.0
401282244,2021,regular,9,2021-10-30 19:30:00+00:00,295,Old Dominion,2348,Louisiana Tech,4,4.0,4.0,4.0,4.0,4.0,0.0,0.0,1,5.5,5.5,5.5,5.5,5.5,0.0,0.0,4,52.25,52.25,52.25,52.0,52.5,0.5,0.28867513459481287,1,53.0,53.0,53.0,53.0,53.0,0.0,0.0
401282245,2021,regular,9,2021-10-30 19:30:00+00:00,2393,Middle Tennessee,2572,Southern Miss,4,-12.5,-12.625,-12.5,-13.0,-12.5,0.5,0.25,1,-14.0,-14.0,-14.0,-14.0,-14.0,0.0,0.0,4,47.25,47.25,47.25,47.0,47.5,0.5,0.28867513459481287,1,48.0,48.0,48.0,48.0,48.0,0.0,0.0
401282246,2021,regular,9,2021-10-30 18:00:00+00:00,242,Rice,249,North Texas,4,-1.5,-1.5,-1.5,-1.5,-1.5,0.0,0.0,1,-2.0,-2.0,-2.0,-2.0,-2.0,0.0,0.0,4,55.0,55.0,55.0,55.0,55.0,0.0,0.0,1,55.0,55.0,55.0,55.0,55.0,0.0,0.0
401282247,2021,regular,10,2021-11-06 19:30:00+00:00,2429,Charlotte,242,Rice,4,-6.5,-6.5,-6.5,-6.5,-6.5,0.0,0.0,1,-3.5,-3.5,-3.5,-3.5,-3.5,0.0,0.0,4,52.25,52.125,52.25,51.5,52.5,1.0,0.47871355387816905,1,53.0,53.0,53.0,53.0,53.0,0.0,0.0
401282248,2021,regular,10,2021-11-06 23:00:00+00:00,2229,Florida International,295,Old Dominion,4,3.0,3.0,3.0,3.0,3.0,0.0,0.0,1,1.5,1.5,1.5,1.5,1.5,0.0,0.0,4,50.0,50.0,50.0,50.0,50.0,0.0,0.0,1,52.0,52.0,52.0,52.0,52.0,0.0,0.0
401282249,2021,regular,10,2021-11-06 22:00:00+00:00,2226,Florida Atlantic,276,Marshall,4,1.5,1.375,1.5,1.0,1.5,0.5,0.25,1,1.5,1.5,1.5,1.5,1.5,0.0,0.0,4,57.75,57.75,57.75,57.5,58.0,0.5,0.28867513459481287,1,57.5,57.5,57.5,57.5,57.5,0.0,0.0
401282250,2021,regular,10,2021-11-06 16:00:00+00:00,5,UAB,2348,Louisiana Tech,4,-13.75,-13.75,-13.75,-14.0,-13.5,0.5,0.28867513459481287,1,-13.0,-13.0,-13.0,-13.0,-13.0,0.0,0.0,4,49.0,49.125,49.0,49.0,49.5,0.5,0.25,1,50.5,50.5,50.5,50.5,50.5,0.0,0.0
401282251,2021,regular,10,2021-11-06 19:30:00+00:00,98,Western Kentucky,2393,Middle Tennessee,4,-17.5,-17.625,-17.5,-18.0,-17.5,0.5,0.25,1,-15.0,-15.0,-15.0,-15.0,-15.0,0.0,0.0,4,66.5,66.625,66.5,66.5,67.0,0.5,0.25,1,68.0,68.0,68.0,68.0,68.0,0.0,0.0
401282252,2021,regular,10,2021-11-06 19:00:00+00:00,2572,Southern Miss,249,North Texas,4,5.25,5.25,5.25,5.0,5.5,0.5,0.28867513459481287,1,4.5,4.5,4.5,4.5,4.5,0.0,0.0,4,49.0,49.0,49.0,49.0,49.0,0.0,0.0,1,47.0,47.0,47.0,47.0,47.0,0.0,0.0
401282253,2021,regular,10,2021-11-07 02:15:00+00:00,2638,UTEP,2636,UTSA,4,11.5,11.625,11.5,11.5,12.0,0.5,0.25,1,12.5,12.5,12.5,12.5,12.5,0.0,0.0,4,53.0,53.125,53.0,53.0,53.5,0.5,0.25,1,52.0,52.0,52.0,52.0,52.0,0.0,0.0
401282254,2021,regular,11,2021-11-13 20:30:00+00:00,2348,Louisiana Tech,2429,Charlotte,4,-7.0,-7.0,-7.0,-7.0,-7.0,0.0,0.0,1,-6.0,-6.0,-6.0,-6.0,-6.0,0.0,0.0,4,58.25,58.125,58.25,57.5,58.5,1.0,0.47871355387816905,1,57.0,57.0,57.0,57.0,57.0,0.0,0.0
401282255,2021,regular,11,2021-11-13 20:30:00+00:00,2393,Middle Tennessee,2229,Florida International,4,-10.5,-10.375,-10.5,-10.5,-10.0,0.5,0.25,1,-10.0,-10.0,-10.0,-10.0,-10.0,0.0,0.0,4,55.0,54.75,55.0,54.0,55.0,1.0,0.5,1,56.0,56.0,56.0,56.0,56.0,0.0,0.0
401282256,2021,regular,11,2021-11-13 20:30:00+00:00,295,Old Dominion,2226,Florida Atlantic,4,6.5,6.5,6.5,6.5,6.5,0.0,0.0,1,6.5,6.5,6.5,6.5,6.5,0.0,0.0,4,48.0,48.0,48.0,48.0,48.0,0.0,0.0,1,49.5,49.5,49.5,49.5,49.5,0.0,0.0
401282257,2021,regular,11,2021-11-13 20:30:00+00:00,276,Marshall,5,UAB,4,-4.5,-4.5,-4.5,-4.5,-4.5,0.0,0.0,1,-6.0,-6.0,-6.0,-6.0,-6.0,0.0,0.0,4,55.5,55.375,55.5,55.0,55.5,0.5,0.25,1,55.5,55.5,55.5,55.5,55.5,0.0,0.0
401282258,2021,regular,11,2021-11-13 21:00:00+00:00,249,North Texas,2638,UTEP,4,-0.5,-0.25,-0.5,-1.0,1.0,2.0,0.9574271077563381,1,2.0,2.0,2.0,2.0,2.0,0.0,0.0,4,55.0,55.125,55.0,55.0,55.5,0.5,0.25,1,55.5,55.5,55.5,55.5,55.5,0.0,0.0
401282259,2021,regular,11,2021-11-13 19:00:00+00:00,242,Rice,98,Western Kentucky,4,19.0,19.0,19.0,19.0,19.0,0.0,0.0,1,19.0,19.0,19.0,19.0,19.0,0.0,0.0,4,61.5,61.375,61.5,61.0,61.5,0.5,0.25,1,63.0,63.0,63.0,63.0,63.0,0.0,0.0
401282260,2021,regular,11,2021-11-13 20:30:00+00:00,2636,UTSA,2572,Southern Miss,4,-32.5,-32.625,-32.5,-33.0,-32.5,0.5,0.25,1,-32.5,-32.5,-32.5,-32.5,-32.5,0.0,0.0,4,54.5,54.375,54.5,54.0,54.5,0.5,0.25,1,55.0,55.0,55.0,55.0,55.0,0.0,0.0
401282261,2021,regular,12,2021-11-20 20:30:00+00:00,2429,Charlotte,276,Marshall,4,14.5,14.375,14.5,14.0,14.5,0.5,0.25,1,14.5,14.5,14.5,14.5,14.5,0.0,0.0,4,62.0,62.25,62.0,62.0,63.0,1.0,0.5,1,61.5,61.5,61.5,61.5,61.5,0.0,0.0
401282262,2021,regular,12,2021-11-21 00:00:00+00:00,2229,Florida International,249,North Texas,4,10.0,10.125,10.0,10.0,10.5,0.5,0.25,1,9.5,9.5,9.5,9.5,9.5,0.0,0.0,4,57.25,57.25,57.25,57.0,57.5,0.5,0.28867513459481287,1,59.0,59.0,59.0,59.0,59.0,0.0,0.0
401282263,2021,regular,12,2021-11-20 17:00:00+00:00,98,Western Kentucky,2226,Florida Atlantic,4,-11.25,-11.125,-11.25,-11.5,-10.5,1.0,0.47871355387816905,1,-10.5,-10.5,-10.5,-10.5,-10.5,0.0,0.0,4,64.0,64.0,64.0,64.0,64.0,0.0,0.0,1,64.5,64.5,64.5,64.5,64.5,0.0,0.0
401282264,2021,regular,12,2021-11-20 01:00:00+00:00,2348,Louisiana Tech,2572,Southern Miss,4,-15.5,-15.375,-15.5,-15.5,-15.0,0.5,0.25,1,-17.0,-17.0,-17.0,-17.0,-17.0,0.0,0.0,4,47.5,47.75,47.5,47.5,48.5,1.0,0.5,1,51.0,51.0,51.0,51.0,51.0,0.0,0.0
401282265,2021,regular,12,2021-11-20 20:30:00+00:00,2393,Middle Tennessee,295,Old Dominion,4,-3.0,-3.0,-3.0,-3.0,-3.0,0.0,0.0,1,-3.5,-3.5,-3.5,-3.5,-3.5,0.0,0.0,4,48.5,48.5,48.5,48.0,49.0,1.0,0.408248290463863,1,50.5,50.5,50.5,50.5,50.5,0.0,0.0
401282266,2021,regular,12,2021-11-20 21:00:00+00:00,2638,UTEP,242,Rice,4,-9.0,-9.0,-9.0,-9.0,-9.0,0.0,0.0,1,-10.0,-10.0,-10.0,-10.0,-10.0,0.0,0.0,4,47.0,47.0,47.0,47.0,47.0,0.0,0.0,1,47.5,47.5,47.5,47.5,47.5,0.0,0.0
401282267,2021,regular,12,2021-11-20 20:30:00+00:00,2636,UTSA,5,UAB,4,-3.75,-3.75,-3.75,-4.0,-3.5,0.5,0.28867513459481287,1,-5.5,-5.5,-5.5,-5.5,-5.5,0.0,0.0,4,53.5,53.625,53.5,53.5,54.0,0.5,0.25,1,53.0,53.0,53.0,53.0,53.0,0.0,0.0
401282268,2021,regular,13,2021-11-27 19:00:00+00:00,295,Old Dominion,2429,Charlotte,4,-8.5,-8.75,-8.5,-9.5,-8.5,1.0,0.5,1,-10.0,-10.0,-10.0,-10.0,-10.0,0.0,0.0,4,55.75,55.75,55.75,55.5,56.0,0.5,0.28867513459481287,1,56.0,56.0,56.0,56.0,56.0,0.0,0.0
401282269,2021,regular,13,2021-11-27 20:00:00+00:00,2572,Southern Miss,2229,Florida International,4,-14.5,-14.5,-14.5,-15.0,-14.0,1.0,0.408248290463863,1,-10.0,-10.0,-10.0,-10.0,-10.0,0.0,0.0,4,46.0,45.875,46.0,45.5,46.0,0.5,0.25,1,46.0,46.0,46.0,46.0,46.0,0.0,0.0
401282270,2021,regular,13,2021-11-28 00:00:00+00:00,2226,Florida Atlantic,2393,Middle Tennessee,4,-3.5,-3.5,-3.5,-3.5,-3.5,0.0,0.0,1,-4.0,-4.0,-4.0,-4.0,-4.0,0.0,0.0,4,49.5,49.625,49.5,49.5,50.0,0.5,0.25,1,49.5,49.5,49.5,49.5,49.5,0.0,0.0
401282271,2021,regular,13,2021-11-27 18:00:00+00:00,242,Rice,2348,Louisiana Tech,4,4.0,3.875,4.0,3.5,4.0,0.5,0.25,1,3.5,3.5,3.5,3.5,3.5,0.0,0.0,4,52.5,52.625,52.5,52.5,53.0,0.5,0.25,1,53.5,53.5,53.5,53.5,53.5,0.0,0.0
401282272,2021,regular,13,2021-11-27 20:30:00+00:00,276,Marshall,98,Western Kentucky,4,-0.75,-0.5,-0.75,-1.5,1.0,2.5,1.224744871391589,1,-1.0,-1.0,-1.0,-1.0,-1.0,0.0,0.0,4,75.0,75.125,75.0,75.0,75.5,0.5,0.25,1,75.5,75.5,75.5,75.5,75.5,0.0,0.0
401282273,2021,regular,13,2021-11-27 19:00:00+00:00,249,North Texas,2636,UTSA,4,8.5,8.5,8.5,8.5,8.5,0.0,0.0,1,12.0,12.0,12.0,12.0,12.0,0.0,0.0,4,59.5,59.625,59.5,59.5,60.0,0.5,0.25,1,59.5,59.5,59.5,59.5,59.5,0.0,0.0
401282274,2021,regular,13,2021-11-26 19:00:00+00:00,5,UAB,2638,UTEP,4,-13.5,-13.5,-13.5,-13.5,-13.5,0.0,0.0,1,-13.0,-13.0,-13.0,-13.0,-13.0,0.0,0.0,4,49.75,49.875,49.75,49.5,50.5,1.0,0.47871355387816905,1,49.5,49.5,49.5,49.5,49.5,0.0,0.0
401282607,2021,regular,1,2021-09-02 23:30:00+00:00,152,NC State,58,South Florida,5,-20.0,-19.7,-20.0,-20.0,-19.0,1.0,0.4472135954999579,1,-16.5,-16.5,-16.5,-16.5,-16.5,0.0,0.0,5,58.0,57.9,58.0,57.5,58.0,0.5,0.22360679774997896,1,60.0,60.0,60.0,60.0,60.0,0.0,0.0
401282608,2021,regular,1,2021-09-03 23:00:00+00:00,154,Wake Forest,295,Old Dominion,5,-32.5,-32.5,-32.5,-33.0,-32.0,1.0,0.3535533905932738,1,-32.0,-32.0,-32.0,-32.0,-32.0,0.0,0.0,5,61.5,61.4,61.5,61.0,61.5,0.5,0.22360679774997896,1,65.0,65.0,65.0,65.0,65.0,0.0,0.0
401282609,2021,regular,1,2021-09-04 16:00:00+00:00,103,Boston College,2142,Colgate,3,-42.5,-42.5,-42.5,-42.5,-42.5,0.0,0.0,1,-45.0,-45.0,-45.0,-45.0,-45.0,0.0,0.0,3,56.5,56.333333333333336,56.5,56.0,56.5,0.5,0.28867513459481287,1,56.5,56.5,56.5,56.5,56.5,0.0,0.0
401282610,2021,regular,1,2021-09-04 23:30:00+00:00,59,Georgia Tech,2459,Northern Illinois,5,-19.0,-18.9,-19.0,-19.0,-18.5,0.5,0.22360679774997896,1,-15.5,-15.5,-15.5,-15.5,-15.5,0.0,0.0,5,57.0,57.1,57.0,57.0,57.5,0.5,0.22360679774997896,1,57.0,57.0,57.0,57.0,57.0,0.0,0.0
401282611,2021,regular,1,2021-09-04 23:00:00+00:00,195,Ohio,183,Syracuse,5,-2.0,-2.1,-2.0,-2.5,-2.0,0.5,0.22360679774997896,1,0.0,0.0,0.0,0.0,0.0,0.0,0.0,5,55.5,55.5,55.5,55.5,55.5,0.0,0.0,1,56.0,56.0,56.0,56.0,56.0,0.0,0.0
401282612,2021,regular,1,2021-09-04 20:00:00+00:00,221,Pittsburgh,113,Massachusetts,5,-37.5,-37.6,-37.5,-38.0,-37.5,0.5,0.22360679774997896,1,-35.5,-35.5,-35.5,-35.5,-35.5,0.0,0.0,5,56.0,55.9,56.0,55.5,56.0,0.5,0.22360679774997896,1,56.5,56.5,56.5,56.5,56.5,0.0,0.0
401282613,2021,regular,1,2021-09-04 23:30:00+00:00,258,Virginia,2729,William & Mary,3,-30.5,-30.666666666666668,-30.5,-31.0,-30.5,0.5,0.28867513459481287,1,-31.5,-31.5,-31.5,-31.5,-31.5,0.0,0.0,3,52.5,52.5,52.5,52.5,52.5,0.0,0.0,1,52.5,52.5,52.5,52.5,52.5,0.0,0.0
401282614,2021,regular,1,2021-09-05 23:30:00+00:00,52,Florida State,87,Notre Dame,5,7.5,7.3,7.5,7.0,7.5,0.5,0.27386127875258304,1,10.5,10.5,10.5,10.5,10.5,0.0,0.0,5,53.5,53.6,53.5,53.5,54.0,0.5,0.22360679774997896,1,55.5,55.5,55.5,55.5,55.5,0.0,0.0
401282615,2021,regular,2,2021-09-11 21:00:00+00:00,228,Clemson,2569,South Carolina State,3,-50.5,-50.333333333333336,-50.5,-50.5,-50.0,0.5,0.28867513459481287,1,-49.0,-49.0,-49.0,-49.0,-49.0,0.0,0.0,3,56.0,56.0,56.0,56.0,56.0,0.0,0.0,1,56.0,56.0,56.0,56.0,56.0,0.0,0.0
401282616,2021,regular,2,2021-09-11 00:00:00+00:00,150,Duke,2448,North Carolina A&T,3,-22.5,-22.666666666666668,-22.5,-23.0,-22.5,0.5,0.28867513459481287,1,-21.0,-21.0,-21.0,-21.0,-21.0,0.0,0.0,3,56.0,55.833333333333336,56.0,55.5,56.0,0.5,0.28867513459481287,1,55.5,55.5,55.5,55.5,55.5,0.0,0.0
401282617,2021,regular,2,2021-09-12 00:00:00+00:00,52,Florida State,55,Jacksonville State,3,-27.5,-27.333333333333332,-27.5,-27.5,-27.0,0.5,0.28867513459481287,1,-26.5,-26.5,-26.5,-26.5,-26.5,0.0,0.0,3,56.5,56.5,56.5,56.5,56.5,0.0,0.0,1,56.5,56.5,56.5,56.5,56.5,0.0,0.0
401282618,2021,regular,2,2021-09-11 16:00:00+00:00,59,Georgia Tech,338,Kennesaw State,1,-20.0,-20.0,-20.0,-20.0,-20.0,0.0,0.0,1,-18.0,-18.0,-18.0,-18.0,-18.0,0.0,0.0,1,53.0,53.0,53.0,53.0,53.0,0.0,0.0,1,53.0,53.0,53.0,53.0,53.0,0.0,0.0
401282619,2021,regular,2,2021-09-11 23:00:00+00:00,97,Louisville,2198,Eastern Kentucky,3,-30.0,-30.0,-30.0,-30.0,-30.0,0.0,0.0,1,-30.0,-30.0,-30.0,-30.0,-30.0,0.0,0.0,3,62.5,62.5,62.5,62.5,62.5,0.0,0.0,1,62.5,62.5,62.5,62.5,62.5,0.0,0.0
401282620,2021,regular,2,2021-09-11 23:00:00+00:00,2390,Miami,2026,App State,5,-7.5,-7.6,-7.5,-8.0,-7.5,0.5,0.22360679774997896,1,-8.0,-8.0,-8.0,-8.0,-8.0,0.0,0.0,5,54.5,54.7,54.5,54.5,55.0,0.5,0.27386127875258304,1,54.0,54.0,54.0,54.0,54.0,0.0,0.0
401282621,2021,regular,2,2021-09-11 23:30:00+00:00,153,North Carolina,2247,Georgia State,5,-26.0,-25.9,-26.0,-26.0,-25.5,0.5,0.22360679774997896,1,-25.5,-25.5,-25.5,-25.5,-25.5,0.0,0.0,5,65.5,65.4,65.5,65.0,65.5,0.5,0.22360679774997896,1,61.0,61.0,61.0,61.0,61.0,0.0,0.0
401282622,2021,regular,2,2021-09-11 18:00:00+00:00,183,Syracuse,164,Rutgers,5,2.5,2.5,2.5,2.5,2.5,0.0,0.0,1,2.0,2.0,2.0,2.0,2.0,0.0,0.0,5,50.5,50.6,50.5,50.0,51.0,1.0,0.4183300132670378,1,52.0,52.0,52.0,52.0,52.0,0.0,0.0
401282623,2021,regular,2,2021-09-11 19:30:00+00:00,113,Massachusetts,103,Boston College,5,39.0,38.7,39.0,38.0,39.0,1.0,0.4472135954999579,1,37.0,37.0,37.0,37.0,37.0,0.0,0.0,5,57.0,57.1,57.0,57.0,57.5,0.5,0.22360679774997896,1,59.0,59.0,59.0,59.0,59.0,0.0,0.0
401282624,2021,regular,2,2021-09-11 15:00:00+00:00,258,Virginia,356,Illinois,5,-10.5,-10.5,-10.5,-10.5,-10.5,0.0,0.0,1,-10.5,-10.5,-10.5,-10.5,-10.5,0.0,0.0,5,57.0,56.8,57.0,56.0,57.5,1.5,0.570087712549569,1,54.5,54.5,54.5,54.5,54.5,0.0,0.0
401282625,2021,regular,2,2021-09-11 16:00:00+00:00,154,Wake Forest,2450,Norfolk State,3,-43.0,-43.0,-43.0,-43.0,-43.0,0.0,0.0,1,-43.0,-43.0,-43.0,-43.0,-43.0,0.0,0.0,3,58.0,58.166666666666664,58.0,58.0,58.5,0.5,0.28867513459481287,1,58.5,58.5,58.5,58.5,58.5,0.0,0.0
401282626,2021,regular,3,2021-09-17 23:30:00+00:00,97,Louisville,2116,UCF,5,7.0,7.1,7.0,7.0,7.5,0.5,0.22360679774997896,1,7.5,7.5,7.5,7.5,7.5,0.0,0.0,5,67.5,67.7,67.5,67.5,68.5,1.0,0.4472135954999579,1,67.0,67.0,67.0,67.0,67.0,0.0,0.0
401282627,2021,regular,3,2021-09-18 19:30:00+00:00,228,Clemson,59,Georgia Tech,5,-27.5,-27.8,-27.5,-28.5,-27.5,1.0,0.4472135954999579,1,-29.0,-29.0,-29.0,-29.0,-29.0,0.0,0.0,5,52.5,52.1,52.5,50.5,52.5,2.0,0.8944271909999159,1,51.0,51.0,51.0,51.0,51.0,0.0,0.0
401282628,2021,regular,3,2021-09-18 20:00:00+00:00,150,Duke,77,Northwestern,5,2.5,2.5,2.5,2.5,2.5,0.0,0.0,1,3.0,3.0,3.0,3.0,3.0,0.0,0.0,5,50.0,49.8,50.0,49.5,50.0,0.5,0.27386127875258304,1,50.0,50.0,50.0,50.0,50.0,0.0,0.0
401282629,2021,regular,3,2021-09-18 16:00:00+00:00,2390,Miami,127,Michigan State,4,-7.0,-7.0,-7.0,-7.0,-7.0,0.0,0.0,1,-6.5,-6.5,-6.5,-6.5,-6.5,0.0,0.0,4,57.5,57.625,57.5,57.5,58.0,0.5,0.25,1,54.5,54.5,54.5,54.5,54.5,0.0,0.0
401282630,2021,regular,3,2021-09-18 23:30:00+00:00,152,NC State,231,Furman,3,-27.5,-27.5,-27.5,-27.5,-27.5,0.0,0.0,1,-27.5,-27.5,-27.5,-27.5,-27.5,0.0,0.0,3,45.0,45.0,45.0,45.0,45.0,0.0,0.0,1,43.0,43.0,43.0,43.0,43.0,0.0,0.0
401282631,2021,regular,3,2021-09-18 23:30:00+00:00,153,North Carolina,258,Virginia,5,-7.5,-7.7,-7.5,-8.5,-7.5,1.0,0.4472135954999579,1,-9.0,-9.0,-9.0,-9.0,-9.0,0.0,0.0,5,66.5,66.2,66.5,64.5,67.0,2.5,0.9746794344808964,1,64.5,64.5,64.5,64.5,64.5,0.0,0.0
401282632,2021,regular,3,2021-09-18 16:00:00+00:00,221,Pittsburgh,2711,Western Michigan,5,-14.5,-14.6,-14.5,-15.5,-14.0,1.5,0.5477225575051661,1,-15.0,-15.0,-15.0,-15.0,-15.0,0.0,0.0,5,58.5,59.2,58.5,58.5,61.5,3.0,1.3038404810405297,1,60.5,60.5,60.5,60.5,60.5,0.0,0.0
401282633,2021,regular,3,2021-09-18 16:00:00+00:00,183,Syracuse,399,UAlbany,3,-21.5,-21.666666666666668,-21.5,-22.0,-21.5,0.5,0.28867513459481287,1,-22.0,-22.0,-22.0,-22.0,-22.0,0.0,0.0,3,41.0,41.0,41.0,41.0,41.0,0.0,0.0,1,41.5,41.5,41.5,41.5,41.5,0.0,0.0
401282634,2021,regular,3,2021-09-18 16:00:00+00:00,218,Temple,103,Boston College,5,15.0,15.1,15.0,15.0,15.5,0.5,0.22360679774997896,1,16.5,16.5,16.5,16.5,16.5,0.0,0.0,5,55.5,56.1,55.5,55.5,58.5,3.0,1.3416407864998738,1,60.0,60.0,60.0,60.0,60.0,0.0,0.0
401282635,2021,regular,3,2021-09-18 19:30:00+00:00,154,Wake Forest,52,Florida State,5,-4.5,-4.7,-4.5,-5.5,-4.5,1.0,0.4472135954999579,1,-6.5,-6.5,-6.5,-6.5,-6.5,0.0,0.0,5,62.5,62.4,62.5,61.5,63.0,1.5,0.5477225575051661,1,61.5,61.5,61.5,61.5,61.5,0.0,0.0
401282636,2021,regular,3,2021-09-18 16:00:00+00:00,277,West Virginia,259,Virginia Tech,5,-2.0,-2.1,-2.0,-2.5,-2.0,0.5,0.22360679774997896,1,-3.0,-3.0,-3.0,-3.0,-3.0,0.0,0.0,5,49.5,49.7,49.5,49.5,50.5,1.0,0.4472135954999579,1,50.5,50.5,50.5,50.5,50.5,0.0,0.0
401282637,2021,regular,4,2021-09-25 00:00:00+00:00,183,Syracuse,2335,Liberty,4,6.5,6.625,6.5,6.5,7.0,0.5,0.25,1,6.5,6.5,6.5,6.5,6.5,0.0,0.0,4,54.0,54.0,54.0,54.0,54.0,0.0,0.0,1,52.5,52.5,52.5,52.5,52.5,0.0,0.0
401282638,2021,regular,4,2021-09-24 23:00:00+00:00,258,Virginia,154,Wake Forest,4,-3.5,-3.5,-3.5,-3.5,-3.5,0.0,0.0,1,-4.0,-4.0,-4.0,-4.0,-4.0,0.0,0.0,4,71.0,70.75,71.0,70.0,71.0,1.0,0.5,1,66.5,66.5,66.5,66.5,66.5,0.0,0.0
401282639,2021,regular,4,2021-09-25 20:00:00+00:00,150,Duke,2305,Kansas,4,-16.25,-16.25,-16.25,-16.5,-16.0,0.5,0.28867513459481287,1,-15.0,-15.0,-15.0,-15.0,-15.0,0.0,0.0,4,57.5,57.5,57.5,57.5,57.5,0.0,0.0,1,58.0,58.0,58.0,58.0,58.0,0.0,0.0
401282640,2021,regular,4,2021-09-25 19:30:00+00:00,52,Florida State,97,Louisville,4,-1.25,-0.75,-1.25,-1.5,1.0,2.5,1.1902380714238083,1,2.5,2.5,2.5,2.5,2.5,0.0,0.0,4,60.75,60.75,60.75,60.5,61.0,0.5,0.28867513459481287,1,61.0,61.0,61.0,61.0,61.0,0.0,0.0
401282641,2021,regular,4,2021-09-25 23:30:00+00:00,59,Georgia Tech,153,North Carolina,4,14.5,14.375,14.5,14.0,14.5,0.5,0.25,1,12.0,12.0,12.0,12.0,12.0,0.0,0.0,4,65.25,65.375,65.25,65.0,66.0,1.0,0.47871355387816905,1,63.0,63.0,63.0,63.0,63.0,0.0,0.0
401282642,2021,regular,4,2021-09-25 16:30:00+00:00,2390,Miami,2115,Central Connecticut,3,-46.0,-46.166666666666664,-46.0,-46.5,-46.0,0.5,0.28867513459481287,1,-44.0,-44.0,-44.0,-44.0,-44.0,0.0,0.0,3,55.5,55.5,55.5,55.5,55.5,0.0,0.0,1,55.5,55.5,55.5,55.5,55.5,0.0,0.0
401282643,2021,regular,4,2021-09-25 19:30:00+00:00,152,NC State,228,Clemson,4,10.5,10.5,10.5,10.5,10.5,0.0,0.0,1,10.0,10.0,10.0,10.0,10.0,0.0,0.0,4,47.5,47.25,47.5,46.5,47.5,1.0,0.5,1,47.0,47.0,47.0,47.0,47.0,0.0,0.0
401282644,2021,regular,4,2021-09-25 16:00:00+00:00,221,Pittsburgh,160,New Hampshire,3,-29.0,-29.0,-29.0,-29.0,-29.0,0.0,0.0,1,-29.0,-29.0,-29.0,-29.0,-29.0,0.0,0.0,3,53.0,53.0,53.0,53.0,53.0,0.0,0.0,1,54.0,54.0,54.0,54.0,54.0,0.0,0.0
401282645,2021,regular,4,2021-09-25 16:00:00+00:00,259,Virginia Tech,257,Richmond,3,-29.0,-29.0,-29.0,-29.0,-29.0,0.0,0.0,1,-29.5,-29.5,-29.5,-29.5,-29.5,0.0,0.0,3,50.0,50.0,50.0,50.0,50.0,0.0,0.0,1,50.5,50.5,50.5,50.5,50.5,0.0,0.0
401282646,2021,regular,5,2021-09-30 23:30:00+00:00,2390,Miami,258,Virginia,4,-3.5,-3.5,-3.5,-3.5,-3.5,0.0,0.0,1,-3.0,-3.0,-3.0,-3.0,-3.0,0.0,0.0,4,63.5,63.625,63.5,63.5,64.0,0.5,0.25,1,62.0,62.0,62.0,62.0,62.0,0.0,0.0
401282647,2021,regular,5,2021-10-02 23:30:00+00:00,228,Clemson,103,Boston College,4,-14.5,-14.5,-14.5,-14.5,-14.5,0.0,0.0,1,-16.0,-16.0,-16.0,-16.0,-16.0,0.0,0.0,4,46.5,46.375,46.5,46.0,46.5,0.5,0.25,1,46.5,46.5,46.5,46.5,46.5,0.0,0.0
401282648,2021,regular,5,2021-10-02 19:30:00+00:00,52,Florida State,183,Syracuse,4,-5.5,-5.5,-5.5,-5.5,-5.5,0.0,0.0,1,-4.5,-4.5,-4.5,-4.5,-4.5,0.0,0.0,4,50.25,50.375,50.25,50.0,51.0,1.0,0.47871355387816905,1,52.0,52.0,52.0,52.0,52.0,0.0,0.0
401282649,2021,regular,5,2021-10-02 16:00:00+00:00,59,Georgia Tech,221,Pittsburgh,4,3.0,3.0,3.0,3.0,3.0,0.0,0.0,1,3.0,3.0,3.0,3.0,3.0,0.0,0.0,4,57.5,57.625,57.5,57.5,58.0,0.5,0.25,1,57.0,57.0,57.0,57.0,57.0,0.0,0.0
401282650,2021,regular,5,2021-10-02 16:00:00+00:00,153,North Carolina,150,Duke,4,-19.5,-19.5,-19.5,-19.5,-19.5,0.0,0.0,1,-18.0,-18.0,-18.0,-18.0,-18.0,0.0,0.0,4,74.0,74.0,74.0,73.5,74.5,1.0,0.408248290463863,1,69.0,69.0,69.0,69.0,69.0,0.0,0.0
401282651,2021,regular,5,2021-10-02 16:30:00+00:00,154,Wake Forest,97,Louisville,4,-7.0,-7.0,-7.0,-7.0,-7.0,0.0,0.0,1,-7.0,-7.0,-7.0,-7.0,-7.0,0.0,0.0,4,64.5,64.375,64.5,64.0,64.5,0.5,0.25,1,60.5,60.5,60.5,60.5,60.5,0.0,0.0
401282652,2021,regular,6,2021-10-09 16:30:00+00:00,150,Duke,59,Georgia Tech,4,4.5,4.5,4.5,4.5,4.5,0.0,0.0,1,3.0,3.0,3.0,3.0,3.0,0.0,0.0,4,60.5,60.5,60.5,60.5,60.5,0.0,0.0,1,59.0,59.0,59.0,59.0,59.0,0.0,0.0
401282653,2021,regular,6,2021-10-09 19:00:00+00:00,97,Louisville,258,Virginia,4,-2.5,-2.5,-2.5,-2.5,-2.5,0.0,0.0,1,-3.0,-3.0,-3.0,-3.0,-3.0,0.0,0.0,4,69.5,69.625,69.5,69.5,70.0,0.5,0.25,1,65.5,65.5,65.5,65.5,65.5,0.0,0.0
401282654,2021,regular,6,2021-10-09 19:30:00+00:00,153,North Carolina,52,Florida State,4,-17.5,-17.5,-17.5,-17.5,-17.5,0.0,0.0,1,-16.5,-16.5,-16.5,-16.5,-16.5,0.0,0.0,4,64.5,64.5,64.5,64.5,64.5,0.0,0.0,1,63.5,63.5,63.5,63.5,63.5,0.0,0.0
401282655,2021,regular,6,2021-10-09 19:30:00+00:00,183,Syracuse,154,Wake Forest,4,6.0,5.875,6.0,5.5,6.0,0.5,0.25,1,6.5,6.5,6.5,6.5,6.5,0.0,0.0,4,58.5,58.625,58.5,58.5,59.0,0.5,0.25,1,57.5,57.5,57.5,57.5,57.5,0.0,0.0
401282656,2021,regular,6,2021-10-09 23:30:00+00:00,259,Virginia Tech,87,Notre Dame,4,-1.0,-0.75,-1.0,-1.0,0.0,1.0,0.5,1,1.5,1.5,1.5,1.5,1.5,0.0,0.0,4,47.0,46.875,47.0,46.5,47.0,0.5,0.25,1,46.5,46.5,46.5,46.5,46.5,0.0,0.0
401282657,2021,regular,7,2021-10-15 23:00:00+00:00,183,Syracuse,228,Clemson,4,13.5,13.25,13.5,12.5,13.5,1.0,0.5,1,14.0,14.0,14.0,14.0,14.0,0.0,0.0,4,44.0,43.875,44.0,43.5,44.0,0.5,0.25,1,45.5,45.5,45.5,45.5,45.5,0.0,0.0
401282658,2021,regular,7,2021-10-16 23:30:00+00:00,103,Boston College,152,NC State,4,3.0,3.0,3.0,3.0,3.0,0.0,0.0,1,2.0,2.0,2.0,2.0,2.0,0.0,0.0,4,51.0,51.0,51.0,51.0,51.0,0.0,0.0,1,51.5,51.5,51.5,51.5,51.5,0.0,0.0
401282659,2021,regular,7,2021-10-16 19:30:00+00:00,153,North Carolina,2390,Miami,4,-7.5,-7.5,-7.5,-7.5,-7.5,0.0,0.0,1,-6.0,-6.0,-6.0,-6.0,-6.0,0.0,0.0,4,63.5,63.5,63.5,63.5,63.5,0.0,0.0,1,61.5,61.5,61.5,61.5,61.5,0.0,0.0
401282660,2021,regular,7,2021-10-16 16:30:00+00:00,258,Virginia,150,Duke,4,-10.5,-10.5,-10.5,-10.5,-10.5,0.0,0.0,1,-11.5,-11.5,-11.5,-11.5,-11.5,0.0,0.0,4,69.5,69.5,69.5,69.5,69.5,0.0,0.0,1,69.0,69.0,69.0,69.0,69.0,0.0,0.0
401282661,2021,regular,7,2021-10-16 19:30:00+00:00,259,Virginia Tech,221,Pittsburgh,4,6.25,6.25,6.25,6.0,6.5,0.5,0.28867513459481287,1,4.5,4.5,4.5,4.5,4.5,0.0,0.0,4,55.75,55.75,55.75,55.5,56.0,0.5,0.28867513459481287,1,57.0,57.0,57.0,57.0,57.0,0.0,0.0
401282662,2021,regular,8,2021-10-23 16:00:00+00:00,349,Army,154,Wake Forest,4,3.0,3.0,3.0,3.0,3.0,0.0,0.0,1,3.5,3.5,3.5,3.5,3.5,0.0,0.0,4,53.75,53.75,53.75,53.5,54.0,0.5,0.28867513459481287,1,52.0,52.0,52.0,52.0,52.0,0.0,0.0
401282663,2021,regular,8,2021-10-23 16:00:00+00:00,52,Florida State,113,Massachusetts,4,-35.25,-35.25,-35.25,-35.5,-35.0,0.5,0.28867513459481287,1,-35.5,-35.5,-35.5,-35.5,-35.5,0.0,0.0,4,59.0,59.0,59.0,59.0,59.0,0.0,0.0,1,61.0,61.0,61.0,61.0,61.0,0.0,0.0
401282664,2021,regular,8,2021-10-23 20:00:00+00:00,97,Louisville,103,Boston College,4,-4.0,-4.25,-4.0,-5.0,-4.0,1.0,0.5,1,-7.0,-7.0,-7.0,-7.0,-7.0,0.0,0.0,4,57.5,57.5,57.5,57.5,57.5,0.0,0.0,1,57.0,57.0,57.0,57.0,57.0,0.0,0.0
401282665,2021,regular,8,2021-10-23 23:30:00+00:00,2390,Miami,152,NC State,4,3.5,3.5,3.5,3.5,3.5,0.0,0.0,1,3.5,3.5,3.5,3.5,3.5,0.0,0.0,4,54.5,54.25,54.5,53.5,54.5,1.0,0.5,1,53.0,53.0,53.0,53.0,53.0,0.0,0.0
401282666,2021,regular,8,2021-10-23 19:30:00+00:00,221,Pittsburgh,228,Clemson,4,-3.5,-3.5,-3.5,-3.5,-3.5,0.0,0.0,1,-3.0,-3.0,-3.0,-3.0,-3.0,0.0,0.0,4,47.0,47.0,47.0,47.0,47.0,0.0,0.0,1,47.0,47.0,47.0,47.0,47.0,0.0,0.0
401282667,2021,regular,8,2021-10-23 23:30:00+00:00,258,Virginia,59,Georgia Tech,4,-6.5,-6.5,-6.5,-6.5,-6.5,0.0,0.0,1,-7.0,-7.0,-7.0,-7.0,-7.0,0.0,0.0,4,65.5,65.625,65.5,65.5,66.0,0.5,0.25,1,61.0,61.0,61.0,61.0,61.0,0.0,0.0
401282668,2021,regular,8,2021-10-23 16:30:00+00:00,259,Virginia Tech,183,Syracuse,4,-3.5,-3.5,-3.5,-3.5,-3.5,0.0,0.0,1,-4.0,-4.0,-4.0,-4.0,-4.0,0.0,0.0,4,45.5,45.5,45.5,45.5,45.5,0.0,0.0,1,46.0,46.0,46.0,46.0,46.0,0.0,0.0
401282669,2021,regular,9,2021-10-31 02:15:00+00:00,252,BYU,258,Virginia,4,-2.5,-2.375,-2.5,-2.5,-2.0,0.5,0.25,1,-2.5,-2.5,-2.5,-2.5,-2.5,0.0,0.0,4,66.5,66.5,66.5,66.0,67.0,1.0,0.408248290463863,1,64.0,64.0,64.0,64.0,64.0,0.0,0.0
401282670,2021,regular,9,2021-10-30 19:30:00+00:00,228,Clemson,52,Florida State,4,-9.5,-9.375,-9.5,-9.5,-9.0,0.5,0.25,1,-10.0,-10.0,-10.0,-10.0,-10.0,0.0,0.0,4,47.5,47.5,47.5,47.5,47.5,0.0,0.0,1,46.0,46.0,46.0,46.0,46.0,0.0,0.0
401282671,2021,regular,9,2021-10-30 16:00:00+00:00,59,Georgia Tech,259,Virginia Tech,4,-3.5,-3.375,-3.5,-3.5,-3.0,0.5,0.25,1,-3.5,-3.5,-3.5,-3.5,-3.5,0.0,0.0,4,55.25,55.25,55.25,55.0,55.5,0.5,0.28867513459481287,1,55.0,55.0,55.0,55.0,55.0,0.0,0.0
401282672,2021,regular,9,2021-10-30 23:30:00+00:00,152,NC State,97,Louisville,4,-6.0,-6.0,-6.0,-6.0,-6.0,0.0,0.0,1,-7.0,-7.0,-7.0,-7.0,-7.0,0.0,0.0,4,57.0,56.75,57.0,56.0,57.0,1.0,0.5,1,59.0,59.0,59.0,59.0,59.0,0.0,0.0
401282673,2021,regular,9,2021-10-30 23:30:00+00:00,87,Notre Dame,153,North Carolina,4,-3.5,-3.5,-3.5,-3.5,-3.5,0.0,0.0,1,-3.5,-3.5,-3.5,-3.5,-3.5,0.0,0.0,4,62.5,62.625,62.5,62.5,63.0,0.5,0.25,1,62.5,62.5,62.5,62.5,62.5,0.0,0.0
401282674,2021,regular,9,2021-10-30 16:00:00+00:00,221,Pittsburgh,2390,Miami,4,-9.5,-9.625,-9.5,-10.0,-9.5,0.5,0.25,1,-11.5,-11.5,-11.5,-11.5,-11.5,0.0,0.0,4,61.0,61.0,61.0,61.0,61.0,0.0,0.0,1,62.0,62.0,62.0,62.0,62.0,0.0,0.0
401282675,2021,regular,9,2021-10-30 19:30:00+00:00,183,Syracuse,103,Boston College,4,-6.5,-6.5,-6.5,-6.5,-6.5,0.0,0.0,1,-4.5,-4.5,-4.5,-4.5,-4.5,0.0,0.0,4,51.5,51.375,51.5,51.0,51.5,0.5,0.25,1,51.5,51.5,51.5,51.5,51.5,0.0,0.0
401282676,2021,regular,9,2021-10-30 20:00:00+00:00,154,Wake Forest,150,Duke,4,-16.5,-16.5,-16.5,-16.5,-16.5,0.0,0.0,1,-16.0,-16.0,-16.0,-16.0,-16.0,0.0,0.0,4,71.5,71.5,71.5,71.5,71.5,0.0,0.0,1,69.0,69.0,69.0,69.0,69.0,0.0,0.0
401282677,2021,regular,10,2021-11-05 23:30:00+00:00,103,Boston College,259,Virginia Tech,4,1.0,1.375,1.0,1.0,2.5,1.5,0.75,1,3.0,3.0,3.0,3.0,3.0,0.0,0.0,4,51.0,50.875,51.0,50.5,51.0,0.5,0.25,1,47.0,47.0,47.0,47.0,47.0,0.0,0.0
401282678,2021,regular,10,2021-11-06 16:00:00+00:00,150,Duke,221,Pittsburgh,4,21.0,21.125,21.0,21.0,21.5,0.5,0.25,1,20.5,20.5,20.5,20.5,20.5,0.0,0.0,4,64.25,64.25,64.25,64.0,64.5,0.5,0.28867513459481287,1,64.0,64.0,64.0,64.0,64.0,0.0,0.0
401282679,2021,regular,10,2021-11-06 20:00:00+00:00,52,Florida State,152,NC State,4,3.0,3.0,3.0,3.0,3.0,0.0,0.0,1,3.0,3.0,3.0,3.0,3.0,0.0,0.0,4,55.0,55.125,55.0,55.0,55.5,0.5,0.25,1,56.0,56.0,56.0,56.0,56.0,0.0,0.0
401282680,2021,regular,10,2021-11-06 23:30:00+00:00,97,Louisville,228,Clemson,4,3.5,3.5,3.5,3.5,3.5,0.0,0.0,1,3.5,3.5,3.5,3.5,3.5,0.0,0.0,4,46.5,46.375,46.5,46.0,46.5,0.5,0.25,1,45.5,45.5,45.5,45.5,45.5,0.0,0.0
401282681,2021,regular,10,2021-11-06 16:30:00+00:00,2390,Miami,59,Georgia Tech,4,-10.0,-10.0,-10.0,-10.0,-10.0,0.0,0.0,1,-9.0,-9.0,-9.0,-9.0,-9.0,0.0,0.0,4,63.0,62.875,63.0,62.5,63.0,0.5,0.25,1,63.5,63.5,63.5,63.5,63.5,0.0,0.0
401282682,2021,regular,10,2021-11-06 16:00:00+00:00,153,North Carolina,154,Wake Forest,4,-2.5,-2.5,-2.5,-2.5,-2.5,0.0,0.0,1,-2.5,-2.5,-2.5,-2.5,-2.5,0.0,0.0,4,78.0,78.0,78.0,78.0,78.0,0.0,0.0,1,75.5,75.5,75.5,75.5,75.5,0.0,0.0
401282683,2021,regular,11,2021-11-12 00:30:00+00:00,221,Pittsburgh,153,North Carolina,4,-6.5,-6.5,-6.5,-6.5,-6.5,0.0,0.0,1,-6.0,-6.0,-6.0,-6.0,-6.0,0.0,0.0,4,72.0,72.125,72.0,72.0,72.5,0.5,0.25,1,75.0,75.0,75.0,75.0,75.0,0.0,0.0
401282684,2021,regular,11,2021-11-13 17:00:00+00:00,228,Clemson,41,UConn,4,-40.5,-40.375,-40.5,-40.5,-40.0,0.5,0.25,1,-39.5,-39.5,-39.5,-39.5,-39.5,0.0,0.0,4,50.5,50.625,50.5,50.5,51.0,0.5,0.25,1,49.0,49.0,49.0,49.0,49.0,0.0,0.0
401282685,2021,regular,11,2021-11-13 20:30:00+00:00,52,Florida State,2390,Miami,4,2.5,2.625,2.5,2.5,3.0,0.5,0.25,1,2.5,2.5,2.5,2.5,2.5,0.0,0.0,4,61.25,61.25,61.25,61.0,61.5,0.5,0.28867513459481287,1,60.0,60.0,60.0,60.0,60.0,0.0,0.0
401282686,2021,regular,11,2021-11-13 20:30:00+00:00,59,Georgia Tech,103,Boston College,4,1.75,1.125,1.75,-1.0,2.0,3.0,1.4361406616345072,1,-2.0,-2.0,-2.0,-2.0,-2.0,0.0,0.0,4,55.0,55.125,55.0,55.0,55.5,0.5,0.25,1,52.0,52.0,52.0,52.0,52.0,0.0,0.0
401282687,2021,regular,11,2021-11-13 17:00:00+00:00,97,Louisville,183,Syracuse,4,-3.0,-3.125,-3.0,-3.5,-3.0,0.5,0.25,1,-3.0,-3.0,-3.0,-3.0,-3.0,0.0,0.0,4,55.5,55.5,55.5,55.5,55.5,0.0,0.0,1,55.5,55.5,55.5,55.5,55.5,0.0,0.0
401282688,2021,regular,11,2021-11-14 00:30:00+00:00,258,Virginia,87,Notre Dame,4,8.0,8.125,8.0,7.5,9.0,1.5,0.75,1,5.0,5.0,5.0,5.0,5.0,0.0,0.0,4,62.25,62.375,62.25,62.0,63.0,1.0,0.47871355387816905,1,64.5,64.5,64.5,64.5,64.5,0.0,0.0
401282689,2021,regular,11,2021-11-13 20:30:00+00:00,259,Virginia Tech,150,Duke,4,-13.0,-12.625,-13.0,-13.5,-11.0,2.5,1.1086778913041726,1,-10.5,-10.5,-10.5,-10.5,-10.5,0.0,0.0,4,50.5,50.75,50.5,50.5,51.5,1.0,0.5,1,48.0,48.0,48.0,48.0,48.0,0.0,0.0
401282690,2021,regular,11,2021-11-14 00:30:00+00:00,154,Wake Forest,152,NC State,4,-1.0,-1.125,-1.0,-1.5,-1.0,0.5,0.25,1,-3.0,-3.0,-3.0,-3.0,-3.0,0.0,0.0,4,64.5,64.625,64.5,64.5,65.0,0.5,0.25,1,66.5,66.5,66.5,66.5,66.5,0.0,0.0
401282691,2021,regular,12,2021-11-19 00:30:00+00:00,150,Duke,97,Louisville,4,20.0,20.125,20.0,20.0,20.5,0.5,0.25,1,19.5,19.5,19.5,19.5,19.5,0.0,0.0,4,60.5,60.375,60.5,60.0,60.5,0.5,0.25,1,59.5,59.5,59.5,59.5,59.5,0.0,0.0
401282692,2021,regular,12,2021-11-20 17:00:00+00:00,103,Boston College,52,Florida State,4,-3.0,-3.0,-3.0,-3.0,-3.0,0.0,0.0,1,-2.5,-2.5,-2.5,-2.5,-2.5,0.0,0.0,4,55.5,55.5,55.5,55.5,55.5,0.0,0.0,1,54.0,54.0,54.0,54.0,54.0,0.0,0.0
401282693,2021,regular,12,2021-11-20 17:00:00+00:00,228,Clemson,154,Wake Forest,4,-3.5,-3.5,-3.5,-3.5,-3.5,0.0,0.0,1,-4.0,-4.0,-4.0,-4.0,-4.0,0.0,0.0,4,57.0,57.0,57.0,57.0,57.0,0.0,0.0,1,55.0,55.0,55.0,55.0,55.0,0.0,0.0
401282694,2021,regular,12,2021-11-21 00:30:00+00:00,2390,Miami,259,Virginia Tech,4,-7.0,-7.0,-7.0,-7.0,-7.0,0.0,0.0,1,-7.0,-7.0,-7.0,-7.0,-7.0,0.0,0.0,4,55.5,55.625,55.5,55.5,56.0,0.5,0.25,1,55.0,55.0,55.0,55.0,55.0,0.0,0.0
401282695,2021,regular,12,2021-11-20 21:00:00+00:00,152,NC State,183,Syracuse,4,-11.5,-11.375,-11.5,-11.5,-11.0,0.5,0.25,1,-11.5,-11.5,-11.5,-11.5,-11.5,0.0,0.0,4,49.5,49.5,49.5,49.5,49.5,0.0,0.0,1,50.5,50.5,50.5,50.5,50.5,0.0,0.0
401282696,2021,regular,12,2021-11-20 17:00:00+00:00,153,North Carolina,2747,Wofford,3,-37.0,-37.0,-37.0,-37.0,-37.0,0.0,0.0,1,-37.0,-37.0,-37.0,-37.0,-37.0,0.0,0.0,3,62.0,62.0,62.0,62.0,62.0,0.0,0.0,1,64.0,64.0,64.0,64.0,64.0,0.0,0.0
401282697,2021,regular,12,2021-11-20 19:30:00+00:00,87,Notre Dame,59,Georgia Tech,4,-18.0,-17.875,-18.0,-18.0,-17.5,0.5,0.25,1,-15.5,-15.5,-15.5,-15.5,-15.5,0.0,0.0,4,57.75,57.75,57.75,57.5,58.0,0.5,0.28867513459481287,1,60.0,60.0,60.0,60.0,60.0,0.0,0.0
401282698,2021,regular,12,2021-11-20 20:30:00+00:00,221,Pittsburgh,258,Virginia,4,-13.0,-13.5,-13.0,-15.5,-12.5,3.0,1.4142135623730951,1,-13.5,-13.5,-13.5,-13.5,-13.5,0.0,0.0,4,67.5,67.5,67.5,66.0,69.0,3.0,1.4719601443879744,1,66.5,66.5,66.5,66.5,66.5,0.0,0.0
401282699,2021,regular,13,2021-11-27 00:00:00+00:00,152,NC State,153,North Carolina,4,-6.0,-5.875,-6.0,-6.5,-5.0,1.5,0.75,1,-7.0,-7.0,-7.0,-7.0,-7.0,0.0,0.0,4,61.25,61.375,61.25,61.0,62.0,1.0,0.47871355387816905,1,63.0,63.0,63.0,63.0,63.0,0.0,0.0
401282700,2021,regular,13,2021-11-27 17:00:00+00:00,103,Boston College,154,Wake Forest,4,6.5,6.25,6.5,5.5,6.5,1.0,0.5,1,4.5,4.5,4.5,4.5,4.5,0.0,0.0,4,64.0,64.125,64.0,64.0,64.5,0.5,0.25,1,64.5,64.5,64.5,64.5,64.5,0.0,0.0
401282701,2021,regular,13,2021-11-27 17:30:00+00:00,150,Duke,2390,Miami,4,20.5,20.625,20.5,20.5,21.0,0.5,0.25,1,21.0,21.0,21.0,21.0,21.0,0.0,0.0,4,67.0,67.0,67.0,67.0,67.0,0.0,0.0,1,68.0,68.0,68.0,68.0,68.0,0.0,0.0
401282702,2021,regular,13,2021-11-28 00:30:00+00:00,183,Syracuse,221,Pittsburgh,4,12.25,12.125,12.25,11.5,12.5,1.0,0.47871355387816905,1,11.0,11.0,11.0,11.0,11.0,0.0,0.0,4,58.25,58.125,58.25,57.5,58.5,1.0,0.47871355387816905,1,58.5,58.5,58.5,58.5,58.5,0.0,0.0
401282703,2021,regular,13,2021-11-27 20:45:00+00:00,258,Virginia,259,Virginia Tech,4,-7.0,-7.0,-7.0,-7.0,-7.0,0.0,0.0,1,-7.5,-7.5,-7.5,-7.5,-7.5,0.0,0.0,4,63.5,63.625,63.5,63.5,64.0,0.5,0.25,1,62.5,62.5,62.5,62.5,62.5,0.0,0.0
401282705,2021,regular,2,2021-09-11 18:30:00+00:00,87,Notre Dame,2649,Toledo,5,-16.5,-16.6,-16.5,-17.0,-16.5,0.5,0.22360679774997896,1,-18.5,-18.5,-18.5,-18.5,-18.5,0.0,0.0,5,55.5,55.5,55.5,55.0,56.0,1.0,0.3535533905932738,1,53.0,53.0,53.0,53.0,53.0,0.0,0.0
401282706,2021,regular,3,2021-09-18 18:30:00+00:00,87,Notre Dame,2509,Purdue,5,-7.5,-7.5,-7.5,-7.5,-7.5,0.0,0.0,1,-7.0,-7.0,-7.0,-7.0,-7.0,0.0,0.0,5,58.5,58.3,58.5,58.0,58.5,0.5,0.27386127875258304,1,58.5,58.5,58.5,58.5,58.5,0.0,0.0
401282707,2021,regular,4,2021-09-25 16:00:00+00:00,275,Wisconsin,87,Notre Dame,4,-6.0,-6.0,-6.0,-6.0,-6.0,0.0,0.0,1,-5.5,-5.5,-5.5,-5.5,-5.5,0.0,0.0,4,44.0,43.875,44.0,43.5,44.0,0.5,0.25,1,46.5,46.5,46.5,46.5,46.5,0.0,0.0
401282708,2021,regular,5,2021-10-02 18:30:00+00:00,87,Notre Dame,2132,Cincinnati,4,2.0,2.125,2.0,2.0,2.5,0.5,0.25,1,2.0,2.0,2.0,2.0,2.0,0.0,0.0,4,50.0,50.125,50.0,50.0,50.5,0.5,0.25,1,51.0,51.0,51.0,51.0,51.0,0.0,0.0
401282709,2021,regular,8,2021-10-23 23:30:00+00:00,87,Notre Dame,30,USC,4,-7.5,-7.625,-7.5,-8.0,-7.5,0.5,0.25,1,-6.5,-6.5,-6.5,-6.5,-6.5,0.0,0.0,4,59.5,59.375,59.5,59.0,59.5,0.5,0.25,1,57.5,57.5,57.5,57.5,57.5,0.0,0.0
401282710,2021,regular,10,2021-11-06 19:30:00+00:00,87,Notre Dame,2426,Navy,4,-21.0,-21.0,-21.0,-21.0,-21.0,0.0,0.0,1,-21.0,-21.0,-21.0,-21.0,-21.0,0.0,0.0,4,47.5,47.625,47.5,47.5,48.0,0.5,0.25,1,47.5,47.5,47.5,47.5,47.5,0.0,0.0
401282711,2021,regular,13,2021-11-28 01:00:00+00:00,24,Stanford,87,Notre Dame,4,20.75,20.625,20.75,20.0,21.0,1.0,0.47871355387816905,1,17.5,17.5,17.5,17.5,17.5,0.0,0.0,4,53.0,53.0,53.0,53.0,53.0,0.0,0.0,1,52.5,52.5,52.5,52.5,52.5,0.0,0.0
401282714,2021,regular,1,2021-08-28 17:20:00+00:00,356,Illinois,158,Nebraska,5,6.5,6.6,6.5,6.5,7.0,0.5,0.22360679774997896,1,8.5,8.5,8.5,8.5,8.5,0.0,0.0,5,52.5,52.3,52.5,52.0,52.5,0.5,0.27386127875258304,1,55.0,55.0,55.0,55.0,55.0,0.0,0.0
401282715,2021,regular,3,2021-09-18 01:00:00+00:00,356,Illinois,120,Maryland,5,7.0,7.2,7.0,7.0,7.5,0.5,0.27386127875258304,1,7.5,7.5,7.5,7.5,7.5,0.0,0.0,5,61.5,61.1,61.5,59.5,61.5,2.0,0.8944271909999159,1,59.5,59.5,59.5,59.5,59.5,0.0,0.0
401282716,2021,regular,4,2021-09-25 19:30:00+00:00,2509,Purdue,356,Illinois,4,-10.5,-10.625,-10.5,-11.0,-10.5,0.5,0.25,1,-11.0,-11.0,-11.0,-11.0,-11.0,0.0,0.0,4,53.25,53.25,53.25,53.0,53.5,0.5,0.28867513459481287,1,55.0,55.0,55.0,55.0,55.0,0.0,0.0
401282717,2021,regular,8,2021-10-23 16:00:00+00:00,213,Penn State,356,Illinois,4,-24.5,-24.5,-24.5,-24.5,-24.5,0.0,0.0,1,-24.0,-24.0,-24.0,-24.0,-24.0,0.0,0.0,4,45.5,45.625,45.5,45.5,46.0,0.5,0.25,1,45.5,45.5,45.5,45.5,45.5,0.0,0.0
401282718,2021,regular,6,2021-10-09 19:30:00+00:00,356,Illinois,275,Wisconsin,4,12.0,12.125,12.0,12.0,12.5,0.5,0.25,1,9.0,9.0,9.0,9.0,9.0,0.0,0.0,4,42.0,42.0,42.0,42.0,42.0,0.0,0.0,1,43.0,43.0,43.0,43.0,43.0,0.0,0.0
401282719,2021,regular,9,2021-10-30 16:00:00+00:00,356,Illinois,164,Rutgers,4,1.5,1.5,1.5,1.5,1.5,0.0,0.0,1,0.0,0.0,0.0,0.0,0.0,0.0,0.0,4,41.5,41.375,41.5,41.0,41.5,0.5,0.25,1,42.0,42.0,42.0,42.0,42.0,0.0,0.0
401282720,2021,regular,10,2021-11-06 16:00:00+00:00,135,Minnesota,356,Illinois,4,-14.5,-14.625,-14.5,-15.0,-14.5,0.5,0.25,1,-14.5,-14.5,-14.5,-14.5,-14.5,0.0,0.0,4,44.0,44.125,44.0,44.0,44.5,0.5,0.25,1,43.5,43.5,43.5,43.5,43.5,0.0,0.0
401282721,2021,regular,12,2021-11-20 19:00:00+00:00,2294,Iowa,356,Illinois,4,-12.0,-11.875,-12.0,-12.0,-11.5,0.5,0.25,1,-12.0,-12.0,-12.0,-12.0,-12.0,0.0,0.0,4,38.25,38.125,38.25,37.5,38.5,1.0,0.47871355387816905,1,37.5,37.5,37.5,37.5,37.5,0.0,0.0
401282722,2021,regular,13,2021-11-27 20:30:00+00:00,356,Illinois,77,Northwestern,4,-7.0,-6.875,-7.0,-7.0,-6.5,0.5,0.25,1,-6.5,-6.5,-6.5,-6.5,-6.5,0.0,0.0,4,44.5,44.625,44.5,44.5,45.0,0.5,0.25,1,42.5,42.5,42.5,42.5,42.5,0.0,0.0
401282723,2021,regular,1,2021-09-04 19:30:00+00:00,2294,Iowa,84,Indiana,5,-3.5,-3.5,-3.5,-3.5,-3.5,0.0,0.0,1,-4.0,-4.0,-4.0,-4.0,-4.0,0.0,0.0,5,45.5,45.8,45.5,45.5,46.5,1.0,0.4472135954999579,1,47.5,47.5,47.5,47.5,47.5,0.0,0.0
401282724,2021,regular,2,2021-09-11 23:30:00+00:00,84,Indiana,70,Idaho,1,-31.5,-31.5,-31.5,-31.5,-31.5,0.0,0.0,1,-30.5,-30.5,-30.5,-30.5,-30.5,0.0,0.0,1,52.5,52.5,52.5,52.5,52.5,0.0,0.0,1,52.0,52.0,52.0,52.0,52.0,0.0,0.0
401282725,2021,regular,3,2021-09-18 16:00:00+00:00,84,Indiana,2132,Cincinnati,4,4.0,4.0,4.0,4.0,4.0,0.0,0.0,1,3.0,3.0,3.0,3.0,3.0,0.0,0.0,4,50.0,49.875,50.0,49.5,50.0,0.5,0.25,1,50.5,50.5,50.5,50.5,50.5,0.0,0.0
401282726,2021,regular,9,2021-10-30 16:00:00+00:00,120,Maryland,84,Indiana,4,-3.5,-3.625,-3.5,-4.0,-3.5,0.5,0.25,1,-2.5,-2.5,-2.5,-2.5,-2.5,0.0,0.0,4,48.0,48.0,48.0,48.0,48.0,0.0,0.0,1,50.5,50.5,50.5,50.5,50.5,0.0,0.0
401282727,2021,regular,10,2021-11-06 23:30:00+00:00,130,Michigan,84,Indiana,4,-20.5,-20.625,-20.5,-21.0,-20.5,0.5,0.25,1,-19.0,-19.0,-19.0,-19.0,-19.0,0.0,0.0,4,51.0,50.875,51.0,50.5,51.0,0.5,0.25,1,51.0,51.0,51.0,51.0,51.0,0.0,0.0
401282728,2021,regular,11,2021-11-13 17:00:00+00:00,84,Indiana,164,Rutgers,4,-6.5,-6.375,-6.5,-6.5,-6.0,0.5,0.25,1,-6.5,-6.5,-6.5,-6.5,-6.5,0.0,0.0,4,42.5,42.625,42.5,42.5,43.0,0.5,0.25,1,43.5,43.5,43.5,43.5,43.5,0.0,0.0
401282729,2021,regular,5,2021-10-02 23:30:00+00:00,213,Penn State,84,Indiana,4,-12.25,-12.25,-12.25,-12.5,-12.0,0.5,0.28867513459481287,1,-11.5,-11.5,-11.5,-11.5,-11.5,0.0,0.0,4,54.0,54.0,54.0,53.5,54.5,1.0,0.408248290463863,1,51.5,51.5,51.5,51.5,51.5,0.0,0.0
401282730,2021,regular,8,2021-10-23 23:30:00+00:00,84,Indiana,194,Ohio State,4,21.0,21.0,21.0,21.0,21.0,0.0,0.0,1,19.5,19.5,19.5,19.5,19.5,0.0,0.0,4,59.0,59.0,59.0,59.0,59.0,0.0,0.0,1,60.0,60.0,60.0,60.0,60.0,0.0,0.0
401282731,2021,regular,7,2021-10-16 16:00:00+00:00,84,Indiana,127,Michigan State,4,3.5,3.625,3.5,3.5,4.0,0.5,0.25,1,3.5,3.5,3.5,3.5,3.5,0.0,0.0,4,48.5,48.375,48.5,48.0,48.5,0.5,0.25,1,52.0,52.0,52.0,52.0,52.0,0.0,0.0
401282732,2021,regular,12,2021-11-20 20:30:00+00:00,84,Indiana,135,Minnesota,4,7.5,7.5,7.5,7.5,7.5,0.0,0.0,1,6.5,6.5,6.5,6.5,6.5,0.0,0.0,4,43.25,43.25,43.25,43.0,43.5,0.5,0.28867513459481287,1,43.5,43.5,43.5,43.5,43.5,0.0,0.0
401282753,2021,regular,13,2021-11-27 20:30:00+00:00,2509,Purdue,84,Indiana,4,-17.5,-17.0,-17.5,-18.0,-15.0,3.0,1.35400640077266,1,-15.0,-15.0,-15.0,-15.0,-15.0,0.0,0.0,4,50.5,50.5,50.5,50.5,50.5,0.0,0.0,1,50.0,50.0,50.0,50.0,50.0,0.0,0.0
401282754,2021,regular,2,2021-09-11 20:30:00+00:00,66,Iowa State,2294,Iowa,5,-4.0,-4.2,-4.0,-4.5,-4.0,0.5,0.27386127875258304,1,-3.5,-3.5,-3.5,-3.5,-3.5,0.0,0.0,5,45.0,45.3,45.0,45.0,46.0,1.0,0.4472135954999579,1,44.5,44.5,44.5,44.5,44.5,0.0,0.0
401282755,2021,regular,3,2021-09-18 19:30:00+00:00,2294,Iowa,2309,Kent State,5,-22.5,-22.5,-22.5,-23.0,-22.0,1.0,0.3535533905932738,1,-22.0,-22.0,-22.0,-22.0,-22.0,0.0,0.0,5,55.5,55.3,55.5,54.5,55.5,1.0,0.4472135954999579,1,54.5,54.5,54.5,54.5,54.5,0.0,0.0
401282756,2021,regular,4,2021-09-25 19:30:00+00:00,2294,Iowa,36,Colorado State,4,-23.5,-23.625,-23.5,-24.0,-23.5,0.5,0.25,1,-22.5,-22.5,-22.5,-22.5,-22.5,0.0,0.0,4,43.75,43.75,43.75,43.5,44.0,0.5,0.28867513459481287,1,44.5,44.5,44.5,44.5,44.5,0.0,0.0
401282757,2021,regular,10,2021-11-06 23:00:00+00:00,77,Northwestern,2294,Iowa,4,11.75,11.75,11.75,11.5,12.0,0.5,0.28867513459481287,1,11.5,11.5,11.5,11.5,11.5,0.0,0.0,4,40.5,40.5,40.5,40.5,40.5,0.0,0.0,1,40.5,40.5,40.5,40.5,40.5,0.0,0.0
401282758,2021,regular,6,2021-10-09 20:00:00+00:00,2294,Iowa,213,Penn State,4,-2.5,-2.5,-2.5,-2.5,-2.5,0.0,0.0,1,-3.0,-3.0,-3.0,-3.0,-3.0,0.0,0.0,4,41.0,41.0,41.0,41.0,41.0,0.0,0.0,1,42.5,42.5,42.5,42.5,42.5,0.0,0.0
401282759,2021,regular,5,2021-10-02 00:00:00+00:00,120,Maryland,2294,Iowa,4,3.0,3.0,3.0,3.0,3.0,0.0,0.0,1,4.0,4.0,4.0,4.0,4.0,0.0,0.0,4,47.5,47.5,47.5,47.5,47.5,0.0,0.0,1,45.5,45.5,45.5,45.5,45.5,0.0,0.0
401282760,2021,regular,7,2021-10-16 19:30:00+00:00,2294,Iowa,2509,Purdue,4,-11.0,-11.125,-11.0,-11.5,-11.0,0.5,0.25,1,-12.5,-12.5,-12.5,-12.5,-12.5,0.0,0.0,4,42.5,42.5,42.5,42.5,42.5,0.0,0.0,1,43.0,43.0,43.0,43.0,43.0,0.0,0.0
401282761,2021,regular,13,2021-11-26 18:30:00+00:00,158,Nebraska,2294,Iowa,4,-1.25,-1.25,-1.25,-1.5,-1.0,0.5,0.28867513459481287,1,-3.5,-3.5,-3.5,-3.5,-3.5,0.0,0.0,4,41.0,41.0,41.0,41.0,41.0,0.0,0.0,1,44.5,44.5,44.5,44.5,44.5,0.0,0.0
401282762,2021,regular,11,2021-11-13 20:30:00+00:00,2294,Iowa,135,Minnesota,4,-4.0,-4.0,-4.0,-4.0,-4.0,0.0,0.0,1,-7.0,-7.0,-7.0,-7.0,-7.0,0.0,0.0,4,37.0,37.125,37.0,37.0,37.5,0.5,0.25,1,36.5,36.5,36.5,36.5,36.5,0.0,0.0
401282763,2021,regular,9,2021-10-30 16:00:00+00:00,275,Wisconsin,2294,Iowa,4,-3.0,-3.0,-3.0,-3.0,-3.0,0.0,0.0,1,-3.5,-3.5,-3.5,-3.5,-3.5,0.0,0.0,4,35.75,35.75,35.75,35.5,36.0,0.5,0.28867513459481287,1,37.0,37.0,37.0,37.0,37.0,0.0,0.0
401282764,2021,regular,1,2021-09-04 19:30:00+00:00,120,Maryland,277,West Virginia,5,2.5,2.5,2.5,2.5,2.5,0.0,0.0,1,4.0,4.0,4.0,4.0,4.0,0.0,0.0,5,57.0,56.7,57.0,56.0,57.0,1.0,0.4472135954999579,1,55.0,55.0,55.0,55.0,55.0,0.0,0.0
401282765,2021,regular,4,2021-09-25 19:30:00+00:00,120,Maryland,2309,Kent State,4,-13.0,-13.125,-13.0,-13.5,-13.0,0.5,0.25,1,-14.5,-14.5,-14.5,-14.5,-14.5,0.0,0.0,4,71.5,71.375,71.5,71.0,71.5,0.5,0.25,1,66.5,66.5,66.5,66.5,66.5,0.0,0.0
401282766,2021,regular,13,2021-11-27 17:00:00+00:00,164,Rutgers,120,Maryland,4,-2.0,-1.875,-2.0,-2.0,-1.5,0.5,0.25,1,1.5,1.5,1.5,1.5,1.5,0.0,0.0,4,53.0,53.0,53.0,53.0,53.0,0.0,0.0,1,53.0,53.0,53.0,53.0,53.0,0.0,0.0
401282767,2021,regular,8,2021-10-23 19:30:00+00:00,135,Minnesota,120,Maryland,4,-4.0,-4.0,-4.0,-4.0,-4.0,0.0,0.0,1,-5.0,-5.0,-5.0,-5.0,-5.0,0.0,0.0,4,53.0,52.875,53.0,52.5,53.0,0.5,0.25,1,54.0,54.0,54.0,54.0,54.0,0.0,0.0
401282768,2021,regular,10,2021-11-06 19:30:00+00:00,120,Maryland,213,Penn State,4,10.0,10.0,10.0,10.0,10.0,0.0,0.0,1,11.0,11.0,11.0,11.0,11.0,0.0,0.0,4,56.5,56.375,56.5,56.0,56.5,0.5,0.25,1,55.0,55.0,55.0,55.0,55.0,0.0,0.0
401282769,2021,regular,6,2021-10-09 16:00:00+00:00,194,Ohio State,120,Maryland,4,-21.75,-21.75,-21.75,-22.0,-21.5,0.5,0.28867513459481287,1,-20.0,-20.0,-20.0,-20.0,-20.0,0.0,0.0,4,71.5,71.5,71.5,71.5,71.5,0.0,0.0,1,68.0,68.0,68.0,68.0,68.0,0.0,0.0
401282770,2021,regular,12,2021-11-20 20:30:00+00:00,120,Maryland,130,Michigan,4,16.0,15.875,16.0,15.5,16.0,0.5,0.25,1,15.0,15.0,15.0,15.0,15.0,0.0,0.0,4,57.75,57.875,57.75,57.5,58.5,1.0,0.47871355387816905,1,55.0,55.0,55.0,55.0,55.0,0.0,0.0
401282771,2021,regular,11,2021-11-13 21:00:00+00:00,127,Michigan State,120,Maryland,4,-11.5,-11.625,-11.5,-12.0,-11.5,0.5,0.25,1,-13.5,-13.5,-13.5,-13.5,-13.5,0.0,0.0,4,60.5,60.625,60.5,60.0,61.5,1.5,0.6291528696058958,1,62.5,62.5,62.5,62.5,62.5,0.0,0.0
401282772,2021,regular,1,2021-09-04 16:00:00+00:00,130,Michigan,2711,Western Michigan,5,-16.5,-16.5,-16.5,-16.5,-16.5,0.0,0.0,1,-16.5,-16.5,-16.5,-16.5,-16.5,0.0,0.0,5,65.5,65.5,65.5,65.5,65.5,0.0,0.0,1,67.0,67.0,67.0,67.0,67.0,0.0,0.0
401282773,2021,regular,2,2021-09-12 00:00:00+00:00,130,Michigan,264,Washington,5,-6.5,-6.5,-6.5,-6.5,-6.5,0.0,0.0,1,-6.0,-6.0,-6.0,-6.0,-6.0,0.0,0.0,5,47.5,47.5,47.5,47.5,47.5,0.0,0.0,1,50.5,50.5,50.5,50.5,50.5,0.0,0.0
401282774,2021,regular,3,2021-09-18 16:00:00+00:00,130,Michigan,2459,Northern Illinois,5,-27.5,-27.3,-27.5,-27.5,-26.5,1.0,0.4472135954999579,1,-27.0,-27.0,-27.0,-27.0,-27.0,0.0,0.0,5,55.0,54.8,55.0,54.5,55.0,0.5,0.27386127875258304,1,54.5,54.5,54.5,54.5,54.5,0.0,0.0
401282775,2021,regular,4,2021-09-25 19:30:00+00:00,130,Michigan,164,Rutgers,4,-20.25,-20.25,-20.25,-20.5,-20.0,0.5,0.28867513459481287,1,-18.5,-18.5,-18.5,-18.5,-18.5,0.0,0.0,4,50.0,50.0,50.0,50.0,50.0,0.0,0.0,1,53.0,53.0,53.0,53.0,53.0,0.0,0.0
401282776,2021,regular,5,2021-10-02 16:00:00+00:00,275,Wisconsin,130,Michigan,4,-2.0,-2.0,-2.0,-2.5,-1.5,1.0,0.408248290463863,1,1.0,1.0,1.0,1.0,1.0,0.0,0.0,4,43.5,43.5,43.5,43.5,43.5,0.0,0.0,1,43.5,43.5,43.5,43.5,43.5,0.0,0.0
401282777,2021,regular,9,2021-10-30 16:00:00+00:00,127,Michigan State,130,Michigan,4,4.0,4.0,4.0,4.0,4.0,0.0,0.0,1,4.0,4.0,4.0,4.0,4.0,0.0,0.0,4,50.5,50.375,50.5,50.0,50.5,0.5,0.25,1,51.0,51.0,51.0,51.0,51.0,0.0,0.0
401282778,2021,regular,6,2021-10-09 23:30:00+00:00,158,Nebraska,130,Michigan,4,2.5,2.625,2.5,2.5,3.0,0.5,0.25,1,3.0,3.0,3.0,3.0,3.0,0.0,0.0,4,50.0,50.0,50.0,49.5,50.5,1.0,0.408248290463863,1,52.0,52.0,52.0,52.0,52.0,0.0,0.0
401282779,2021,regular,8,2021-10-23 16:00:00+00:00,130,Michigan,77,Northwestern,4,-23.5,-23.5,-23.5,-23.5,-23.5,0.0,0.0,1,-21.5,-21.5,-21.5,-21.5,-21.5,0.0,0.0,4,51.0,51.125,51.0,51.0,51.5,0.5,0.25,1,50.5,50.5,50.5,50.5,50.5,0.0,0.0
401282780,2021,regular,11,2021-11-13 17:00:00+00:00,213,Penn State,130,Michigan,4,2.5,2.5,2.5,2.5,2.5,0.0,0.0,1,0.0,0.0,0.0,0.0,0.0,0.0,0.0,4,48.0,48.125,48.0,48.0,48.5,0.5,0.25,1,48.5,48.5,48.5,48.5,48.5,0.0,0.0
401282781,2021,regular,13,2021-11-27 17:00:00+00:00,130,Michigan,194,Ohio State,4,6.5,6.625,6.5,6.5,7.0,0.5,0.25,1,7.5,7.5,7.5,7.5,7.5,0.0,0.0,4,64.5,64.25,64.5,63.5,64.5,1.0,0.5,1,66.0,66.0,66.0,66.0,66.0,0.0,0.0
401282782,2021,regular,1,2021-09-04 01:00:00+00:00,77,Northwestern,127,Michigan State,5,-3.0,-3.1,-3.0,-3.5,-3.0,0.5,0.22360679774997896,1,-7.0,-7.0,-7.0,-7.0,-7.0,0.0,0.0,5,45.5,45.4,45.5,45.0,45.5,0.5,0.22360679774997896,1,45.0,45.0,45.0,45.0,45.0,0.0,0.0
401282783,2021,regular,2,2021-09-11 16:00:00+00:00,127,Michigan State,2754,Youngstown State,3,-28.5,-28.333333333333332,-28.5,-28.5,-28.0,0.5,0.28867513459481287,1,-27.0,-27.0,-27.0,-27.0,-27.0,0.0,0.0,3,52.0,52.0,52.0,52.0,52.0,0.0,0.0,1,52.5,52.5,52.5,52.5,52.5,0.0,0.0
401282784,2021,regular,4,2021-09-25 23:00:00+00:00,127,Michigan State,158,Nebraska,4,-3.5,-3.625,-3.5,-4.0,-3.5,0.5,0.25,1,-4.0,-4.0,-4.0,-4.0,-4.0,0.0,0.0,4,54.75,54.625,54.75,54.0,55.0,1.0,0.47871355387816905,1,51.0,51.0,51.0,51.0,51.0,0.0,0.0
401282785,2021,regular,13,2021-11-27 20:30:00+00:00,127,Michigan State,213,Penn State,4,4.5,4.5,4.5,3.5,5.5,2.0,0.816496580927726,1,0.0,0.0,0.0,0.0,0.0,0.0,0.0,4,51.5,51.5,51.5,51.5,51.5,0.0,0.0,1,52.0,52.0,52.0,52.0,52.0,0.0,0.0
401282786,2021,regular,12,2021-11-20 17:00:00+00:00,194,Ohio State,127,Michigan State,4,-19.5,-19.375,-19.5,-19.5,-19.0,0.5,0.25,1,-20.0,-20.0,-20.0,-20.0,-20.0,0.0,0.0,4,70.5,70.375,70.5,70.0,70.5,0.5,0.25,1,67.5,67.5,67.5,67.5,67.5,0.0,0.0
401282787,2021,regular,10,2021-11-06 19:30:00+00:00,2509,Purdue,127,Michigan State,4,2.5,2.625,2.5,2.5,3.0,0.5,0.25,1,3.0,3.0,3.0,3.0,3.0,0.0,0.0,4,53.5,53.375,53.5,53.0,53.5,0.5,0.25,1,52.0,52.0,52.0,52.0,52.0,0.0,0.0
401282788,2021,regular,6,2021-10-09 16:00:00+00:00,164,Rutgers,127,Michigan State,4,4.0,4.125,4.0,4.0,4.5,0.5,0.25,1,5.0,5.0,5.0,5.0,5.0,0.0,0.0,4,50.0,49.875,50.0,49.5,50.0,0.5,0.25,1,50.0,50.0,50.0,50.0,50.0,0.0,0.0
401282789,2021,regular,1,2021-09-03 00:00:00+00:00,135,Minnesota,194,Ohio State,5,14.0,13.9,14.0,13.5,14.0,0.5,0.22360679774997896,1,14.0,14.0,14.0,14.0,14.0,0.0,0.0,5,62.0,62.0,62.0,61.5,62.5,1.0,0.3535533905932738,1,66.5,66.5,66.5,66.5,66.5,0.0,0.0
401282790,2021,regular,2,2021-09-11 16:00:00+00:00,135,Minnesota,193,Miami (OH),5,-19.0,-18.9,-19.0,-19.5,-18.5,1.0,0.4183300132670378,1,-21.0,-21.0,-21.0,-21.0,-21.0,0.0,0.0,5,55.0,55.1,55.0,55.0,55.5,0.5,0.22360679774997896,1,56.0,56.0,56.0,56.0,56.0,0.0,0.0
401282791,2021,regular,3,2021-09-18 17:00:00+00:00,38,Colorado,135,Minnesota,5,-2.5,-2.5,-2.5,-2.5,-2.5,0.0,0.0,1,-1.5,-1.5,-1.5,-1.5,-1.5,0.0,0.0,5,49.0,49.1,49.0,48.0,50.5,2.5,0.8944271909999159,1,50.0,50.0,50.0,50.0,50.0,0.0,0.0
401282792,2021,regular,4,2021-09-25 16:00:00+00:00,135,Minnesota,189,Bowling Green,4,-30.5,-30.625,-30.5,-31.0,-30.5,0.5,0.25,1,-31.0,-31.0,-31.0,-31.0,-31.0,0.0,0.0,4,51.0,51.375,51.0,51.0,52.5,1.5,0.75,1,50.5,50.5,50.5,50.5,50.5,0.0,0.0
401282793,2021,regular,5,2021-10-02 16:00:00+00:00,2509,Purdue,135,Minnesota,4,-2.5,-2.375,-2.5,-2.5,-2.0,0.5,0.25,1,-2.0,-2.0,-2.0,-2.0,-2.0,0.0,0.0,4,46.0,46.125,46.0,46.0,46.5,0.5,0.25,1,47.5,47.5,47.5,47.5,47.5,0.0,0.0
401282794,2021,regular,13,2021-11-27 21:00:00+00:00,135,Minnesota,275,Wisconsin,4,7.0,7.0,7.0,7.0,7.0,0.0,0.0,1,6.5,6.5,6.5,6.5,6.5,0.0,0.0,4,39.0,39.0,39.0,39.0,39.0,0.0,0.0,1,38.5,38.5,38.5,38.5,38.5,0.0,0.0
401282795,2021,regular,9,2021-10-30 19:30:00+00:00,77,Northwestern,135,Minnesota,4,7.5,7.5,7.5,7.5,7.5,0.0,0.0,1,7.5,7.5,7.5,7.5,7.5,0.0,0.0,4,43.5,43.625,43.5,43.5,44.0,0.5,0.25,1,43.5,43.5,43.5,43.5,43.5,0.0,0.0
401282796,2021,regular,7,2021-10-16 16:00:00+00:00,135,Minnesota,158,Nebraska,4,4.5,4.5,4.5,4.5,4.5,0.0,0.0,1,2.5,2.5,2.5,2.5,2.5,0.0,0.0,4,48.5,48.5,48.5,48.5,48.5,0.0,0.0,1,47.5,47.5,47.5,47.5,47.5,0.0,0.0
401282797,2021,regular,2,2021-09-11 19:30:00+00:00,158,Nebraska,2084,Buffalo,5,-13.5,-13.6,-13.5,-14.0,-13.5,0.5,0.22360679774997896,1,-12.0,-12.0,-12.0,-12.0,-12.0,0.0,0.0,5,54.5,54.4,54.5,54.0,54.5,0.5,0.22360679774997896,1,52.0,52.0,52.0,52.0,52.0,0.0,0.0
401282798,2021,regular,3,2021-09-18 16:00:00+00:00,201,Oklahoma,158,Nebraska,5,-22.5,-22.6,-22.5,-23.0,-22.5,0.5,0.22360679774997896,1,-22.0,-22.0,-22.0,-22.0,-22.0,0.0,0.0,5,62.5,62.5,62.5,61.5,63.0,1.5,0.6123724356957945,1,61.5,61.5,61.5,61.5,61.5,0.0,0.0
401282799,2021,regular,10,2021-11-06 16:00:00+00:00,158,Nebraska,194,Ohio State,4,14.0,14.125,14.0,14.0,14.5,0.5,0.25,1,14.5,14.5,14.5,14.5,14.5,0.0,0.0,4,67.75,67.875,67.75,67.5,68.5,1.0,0.47871355387816905,1,63.0,63.0,63.0,63.0,63.0,0.0,0.0
401282800,2021,regular,5,2021-10-02 23:30:00+00:00,158,Nebraska,77,Northwestern,4,-11.25,-11.25,-11.25,-11.5,-11.0,0.5,0.28867513459481287,1,-10.0,-10.0,-10.0,-10.0,-10.0,0.0,0.0,4,51.5,51.5,51.5,51.5,51.5,0.0,0.0,1,50.0,50.0,50.0,50.0,50.0,0.0,0.0
401282801,2021,regular,9,2021-10-30 19:30:00+00:00,158,Nebraska,2509,Purdue,4,-7.5,-7.5,-7.5,-7.5,-7.5,0.0,0.0,1,-7.0,-7.0,-7.0,-7.0,-7.0,0.0,0.0,4,54.0,53.875,54.0,53.5,54.0,0.5,0.25,1,48.5,48.5,48.5,48.5,48.5,0.0,0.0
401282803,2021,regular,12,2021-11-20 20:30:00+00:00,275,Wisconsin,158,Nebraska,4,-10.0,-9.875,-10.0,-10.0,-9.5,0.5,0.25,1,-10.0,-10.0,-10.0,-10.0,-10.0,0.0,0.0,4,43.5,43.5,43.5,43.5,43.5,0.0,0.0,1,42.0,42.0,42.0,42.0,42.0,0.0,0.0
401282804,2021,regular,2,2021-09-11 16:00:00+00:00,77,Northwestern,282,Indiana State,3,-28.5,-28.5,-28.5,-28.5,-28.5,0.0,0.0,1,-28.5,-28.5,-28.5,-28.5,-28.5,0.0,0.0,3,46.0,46.0,46.0,46.0,46.0,0.0,0.0,1,46.5,46.5,46.5,46.5,46.5,0.0,0.0
401282805,2021,regular,4,2021-09-25 16:00:00+00:00,77,Northwestern,195,Ohio,4,-13.5,-13.625,-13.5,-14.0,-13.5,0.5,0.25,1,-15.0,-15.0,-15.0,-15.0,-15.0,0.0,0.0,4,47.5,47.5,47.5,47.5,47.5,0.0,0.0,1,47.0,47.0,47.0,47.0,47.0,0.0,0.0
401282806,2021,regular,11,2021-11-13 17:00:00+00:00,275,Wisconsin,77,Northwestern,4,-25.5,-25.625,-25.5,-26.0,-25.5,0.5,0.25,1,-24.0,-24.0,-24.0,-24.0,-24.0,0.0,0.0,4,41.5,41.625,41.5,41.5,42.0,0.5,0.25,1,41.0,41.0,41.0,41.0,41.0,0.0,0.0
401282807,2021,regular,7,2021-10-16 16:00:00+00:00,77,Northwestern,164,Rutgers,4,2.5,2.375,2.5,2.0,2.5,0.5,0.25,1,0.0,0.0,0.0,0.0,0.0,0.0,0.0,4,45.0,45.0,45.0,45.0,45.0,0.0,0.0,1,47.0,47.0,47.0,47.0,47.0,0.0,0.0
401282808,2021,regular,12,2021-11-20 17:00:00+00:00,77,Northwestern,2509,Purdue,4,11.0,11.0,11.0,11.0,11.0,0.0,0.0,1,11.5,11.5,11.5,11.5,11.5,0.0,0.0,4,47.5,47.5,47.5,47.5,47.5,0.0,0.0,1,48.5,48.5,48.5,48.5,48.5,0.0,0.0
401282809,2021,regular,2,2021-09-11 16:00:00+00:00,194,Ohio State,2483,Oregon,5,-14.5,-14.6,-14.5,-15.0,-14.5,0.5,0.22360679774997896,1,-14.0,-14.0,-14.0,-14.0,-14.0,0.0,0.0,5,65.0,64.7,65.0,63.5,65.0,1.5,0.6708203932499369,1,63.5,63.5,63.5,63.5,63.5,0.0,0.0
401282810,2021,regular,3,2021-09-18 19:30:00+00:00,194,Ohio State,202,Tulsa,5,-24.5,-25.1,-24.5,-26.5,-24.5,2.0,0.8944271909999159,1,-25.0,-25.0,-25.0,-25.0,-25.0,0.0,0.0,5,60.5,60.7,60.5,60.5,61.5,1.0,0.4472135954999579,1,61.0,61.0,61.0,61.0,61.0,0.0,0.0
401282811,2021,regular,4,2021-09-25 23:30:00+00:00,194,Ohio State,2006,Akron,4,-48.25,-48.25,-48.25,-48.5,-48.0,0.5,0.28867513459481287,1,-50.0,-50.0,-50.0,-50.0,-50.0,0.0,0.0,4,66.5,66.5,66.5,66.5,66.5,0.0,0.0,1,67.5,67.5,67.5,67.5,67.5,0.0,0.0
401282812,2021,regular,11,2021-11-13 20:30:00+00:00,194,Ohio State,2509,Purdue,4,-19.0,-19.125,-19.0,-19.5,-19.0,0.5,0.25,1,-20.5,-20.5,-20.5,-20.5,-20.5,0.0,0.0,4,65.0,65.125,65.0,65.0,65.5,0.5,0.25,1,61.5,61.5,61.5,61.5,61.5,0.0,0.0
401282813,2021,regular,5,2021-10-02 19:30:00+00:00,164,Rutgers,194,Ohio State,4,15.0,14.875,15.0,14.5,15.0,0.5,0.25,1,15.5,15.5,15.5,15.5,15.5,0.0,0.0,4,58.0,58.0,58.0,58.0,58.0,0.0,0.0,1,56.5,56.5,56.5,56.5,56.5,0.0,0.0
401282814,2021,regular,9,2021-10-30 23:30:00+00:00,194,Ohio State,213,Penn State,4,-18.5,-18.75,-18.5,-19.5,-18.5,1.0,0.5,1,-17.5,-17.5,-17.5,-17.5,-17.5,0.0,0.0,4,60.5,60.5,60.5,60.5,60.5,0.0,0.0,1,59.5,59.5,59.5,59.5,59.5,0.0,0.0
401282815,2021,regular,1,2021-09-04 16:00:00+00:00,275,Wisconsin,213,Penn State,5,-5.5,-5.5,-5.5,-5.5,-5.5,0.0,0.0,1,-4.0,-4.0,-4.0,-4.0,-4.0,0.0,0.0,5,48.5,48.6,48.5,48.5,49.0,0.5,0.22360679774997896,1,51.5,51.5,51.5,51.5,51.5,0.0,0.0
401282816,2021,regular,2,2021-09-11 19:30:00+00:00,213,Penn State,2050,Ball State,5,-22.5,-22.6,-22.5,-23.0,-22.5,0.5,0.22360679774997896,1,-22.5,-22.5,-22.5,-22.5,-22.5,0.0,0.0,5,58.0,57.9,58.0,57.5,58.0,0.5,0.22360679774997896,1,53.5,53.5,53.5,53.5,53.5,0.0,0.0
401282817,2021,regular,4,2021-09-25 16:00:00+00:00,213,Penn State,222,Villanova,3,-29.5,-29.666666666666668,-29.5,-30.0,-29.5,0.5,0.28867513459481287,1,-30.0,-30.0,-30.0,-30.0,-30.0,0.0,0.0,3,53.0,53.0,53.0,53.0,53.0,0.0,0.0,1,54.5,54.5,54.5,54.5,54.5,0.0,0.0
401282818,2021,regular,12,2021-11-20 17:00:00+00:00,213,Penn State,164,Rutgers,4,-14.0,-14.0,-14.0,-14.0,-14.0,0.0,0.0,1,-17.5,-17.5,-17.5,-17.5,-17.5,0.0,0.0,4,45.0,44.875,45.0,44.5,45.0,0.5,0.25,1,47.5,47.5,47.5,47.5,47.5,0.0,0.0
401282819,2021,regular,1,2021-09-04 23:00:00+00:00,2509,Purdue,204,Oregon State,5,-7.0,-7.1,-7.0,-7.5,-7.0,0.5,0.22360679774997896,1,-7.0,-7.0,-7.0,-7.0,-7.0,0.0,0.0,5,68.0,67.8,68.0,67.0,68.5,1.5,0.570087712549569,1,65.0,65.0,65.0,65.0,65.0,0.0,0.0
401282820,2021,regular,2,2021-09-11 19:00:00+00:00,41,UConn,2509,Purdue,5,35.0,34.9,35.0,34.5,35.0,0.5,0.22360679774997896,1,33.5,33.5,33.5,33.5,33.5,0.0,0.0,5,57.0,56.9,57.0,56.5,57.5,1.0,0.4183300132670378,1,56.5,56.5,56.5,56.5,56.5,0.0,0.0
401282821,2021,regular,8,2021-10-23 19:00:00+00:00,2509,Purdue,275,Wisconsin,4,3.5,3.5,3.5,3.5,3.5,0.0,0.0,1,3.0,3.0,3.0,3.0,3.0,0.0,0.0,4,41.0,41.0,41.0,41.0,41.0,0.0,0.0,1,39.0,39.0,39.0,39.0,39.0,0.0,0.0
401282822,2021,regular,1,2021-09-04 16:00:00+00:00,164,Rutgers,218,Temple,5,-14.0,-14.2,-14.0,-14.5,-14.0,0.5,0.27386127875258304,1,-13.0,-13.0,-13.0,-13.0,-13.0,0.0,0.0,5,52.0,52.1,52.0,52.0,52.5,0.5,0.22360679774997896,1,51.0,51.0,51.0,51.0,51.0,0.0,0.0
401282823,2021,regular,3,2021-09-18 19:30:00+00:00,164,Rutgers,48,Delaware,3,-20.0,-19.833333333333332,-20.0,-20.0,-19.5,0.5,0.28867513459481287,1,-21.5,-21.5,-21.5,-21.5,-21.5,0.0,0.0,3,45.0,45.0,45.0,45.0,45.0,0.0,0.0,1,46.0,46.0,46.0,46.0,46.0,0.0,0.0
401282824,2021,regular,10,2021-11-06 19:30:00+00:00,164,Rutgers,275,Wisconsin,4,13.0,13.125,13.0,13.0,13.5,0.5,0.25,1,11.5,11.5,11.5,11.5,11.5,0.0,0.0,4,37.5,37.625,37.5,37.5,38.0,0.5,0.25,1,37.5,37.5,37.5,37.5,37.5,0.0,0.0
401282825,2021,regular,2,2021-09-11 23:00:00+00:00,275,Wisconsin,2199,Eastern Michigan,5,-26.0,-26.2,-26.0,-26.5,-26.0,0.5,0.27386127875258304,1,-24.5,-24.5,-24.5,-24.5,-24.5,0.0,0.0,5,52.0,51.9,52.0,51.5,52.0,0.5,0.22360679774997896,1,51.5,51.5,51.5,51.5,51.5,0.0,0.0
401282826,2021,regular,7,2021-10-17 00:00:00+00:00,275,Wisconsin,349,Army,4,-14.0,-14.0,-14.0,-14.0,-14.0,0.0,0.0,1,-11.5,-11.5,-11.5,-11.5,-11.5,0.0,0.0,4,37.5,37.5,37.5,37.5,37.5,0.0,0.0,1,42.5,42.5,42.5,42.5,42.5,0.0,0.0
401286187,2021,regular,1,2021-08-28 18:00:00+00:00,278,Fresno State,41,UConn,5,-27.5,-27.7,-27.5,-28.0,-27.5,0.5,0.27386127875258304,1,-27.5,-27.5,-27.5,-27.5,-27.5,0.0,0.0,5,63.5,63.5,63.5,63.5,63.5,0.0,0.0,1,62.5,62.5,62.5,62.5,62.5,0.0,0.0
401286188,2021,regular,1,2021-09-04 16:00:00+00:00,41,UConn,107,Holy Cross,3,-3.0,-3.0,-3.0,-3.0,-3.0,0.0,0.0,1,-3.0,-3.0,-3.0,-3.0,-3.0,0.0,0.0,3,49.5,49.666666666666664,49.5,49.5,50.0,0.5,0.28867513459481287,1,51.0,51.0,51.0,51.0,51.0,0.0,0.0
401286189,2021,regular,3,2021-09-18 16:00:00+00:00,349,Army,41,UConn,5,-34.5,-34.4,-34.5,-35.0,-33.5,1.5,0.5477225575051661,1,-33.0,-33.0,-33.0,-33.0,-33.0,0.0,0.0,5,48.0,48.4,48.0,47.5,50.5,3.0,1.1937336386313322,1,51.5,51.5,51.5,51.5,51.5,0.0,0.0
401286190,2021,regular,4,2021-09-25 19:30:00+00:00,41,UConn,2751,Wyoming,4,31.5,31.375,31.5,31.0,31.5,0.5,0.25,1,30.0,30.0,30.0,30.0,30.0,0.0,0.0,4,53.5,53.5,53.5,53.5,53.5,0.0,0.0,1,56.0,56.0,56.0,56.0,56.0,0.0,0.0
401286191,2021,regular,6,2021-10-09 19:30:00+00:00,113,Massachusetts,41,UConn,4,3.0,3.0,3.0,3.0,3.0,0.0,0.0,1,2.0,2.0,2.0,2.0,2.0,0.0,0.0,4,57.0,57.0,57.0,57.0,57.0,0.0,0.0,1,55.0,55.0,55.0,55.0,55.0,0.0,0.0
401286192,2021,regular,7,2021-10-16 16:00:00+00:00,41,UConn,43,Yale,3,3.5,3.6666666666666665,3.5,3.5,4.0,0.5,0.28867513459481287,1,3.0,3.0,3.0,3.0,3.0,0.0,0.0,3,46.5,46.333333333333336,46.5,46.0,46.5,0.5,0.28867513459481287,1,46.5,46.5,46.5,46.5,46.5,0.0,0.0
401286207,2021,regular,2,2021-09-11 23:30:00+00:00,120,Maryland,47,Howard,3,-48.5,-48.333333333333336,-48.5,-48.5,-48.0,0.5,0.28867513459481287,1,-48.0,-48.0,-48.0,-48.0,-48.0,0.0,0.0,3,56.0,55.833333333333336,56.0,55.5,56.0,0.5,0.28867513459481287,1,55.5,55.5,55.5,55.5,55.5,0.0,0.0
401286293,2021,regular,12,2021-11-20 21:00:00+00:00,2116,UCF,41,UConn,4,-30.0,-30.125,-30.0,-30.5,-30.0,0.5,0.25,1,-30.0,-30.0,-30.0,-30.0,-30.0,0.0,0.0,4,55.75,55.75,55.75,55.5,56.0,0.5,0.28867513459481287,1,56.5,56.5,56.5,56.5,56.5,0.0,0.0
401286294,2021,regular,1,2021-09-04 22:00:00+00:00,2335,Liberty,2097,Campbell,3,-35.0,-35.0,-35.0,-35.0,-35.0,0.0,0.0,1,-35.0,-35.0,-35.0,-35.0,-35.0,0.0,0.0,3,65.0,65.0,65.0,65.0,65.0,0.0,0.0,1,65.0,65.0,65.0,65.0,65.0,0.0,0.0
401286295,2021,regular,2,2021-09-11 23:00:00+00:00,2653,Troy,2335,Liberty,5,3.0,3.4,3.0,3.0,4.5,1.5,0.6519202405202649,1,5.5,5.5,5.5,5.5,5.5,0.0,0.0,5,62.5,62.6,62.5,62.0,63.5,1.5,0.5477225575051661,1,59.5,59.5,59.5,59.5,59.5,0.0,0.0
401286296,2021,regular,7,2021-10-16 23:00:00+00:00,2433,UL Monroe,2335,Liberty,4,32.5,32.625,32.5,32.5,33.0,0.5,0.25,1,32.0,32.0,32.0,32.0,32.0,0.0,0.0,4,56.75,56.875,56.75,56.5,57.5,1.0,0.47871355387816905,1,54.5,54.5,54.5,54.5,54.5,0.0,0.0
401286297,2021,regular,9,2021-10-30 16:00:00+00:00,2335,Liberty,113,Massachusetts,4,-35.5,-35.5,-35.5,-35.5,-35.5,0.0,0.0,1,-36.5,-36.5,-36.5,-36.5,-36.5,0.0,0.0,4,56.0,56.0,56.0,56.0,56.0,0.0,0.0,1,60.0,60.0,60.0,60.0,60.0,0.0,0.0
401286298,2021,regular,12,2021-11-20 21:00:00+00:00,2335,Liberty,309,Louisiana,4,-4.25,-4.25,-4.25,-4.5,-4.0,0.5,0.28867513459481287,1,-4.0,-4.0,-4.0,-4.0,-4.0,0.0,0.0,4,53.5,53.5,53.5,53.5,53.5,0.0,0.0,1,53.0,53.0,53.0,53.0,53.0,0.0,0.0
401286299,2021,regular,13,2021-11-27 17:00:00+00:00,2335,Liberty,349,Army,4,-3.0,-3.125,-3.0,-3.5,-3.0,0.5,0.25,1,-4.0,-4.0,-4.0,-4.0,-4.0,0.0,0.0,4,51.75,51.875,51.75,51.5,52.5,1.0,0.47871355387816905,1,54.0,54.0,54.0,54.0,54.0,0.0,0.0
401286300,2021,regular,3,2021-09-18 19:30:00+00:00,113,Massachusetts,2199,Eastern Michigan,5,22.0,21.1,22.0,17.5,22.0,4.5,2.0124611797498106,1,18.0,18.0,18.0,18.0,18.0,0.0,0.0,5,56.5,56.2,56.5,55.5,56.5,1.0,0.4472135954999579,1,55.5,55.5,55.5,55.5,55.5,0.0,0.0
401286301,2021,regular,4,2021-09-25 17:00:00+00:00,324,Coastal Carolina,113,Massachusetts,4,-36.0,-36.0,-36.0,-36.0,-36.0,0.0,0.0,1,-35.5,-35.5,-35.5,-35.5,-35.5,0.0,0.0,4,66.0,66.0,66.0,66.0,66.0,0.0,0.0,1,67.0,67.0,67.0,67.0,67.0,0.0,0.0
401286302,2021,regular,5,2021-10-02 16:00:00+00:00,113,Massachusetts,2649,Toledo,4,27.0,26.875,27.0,26.5,27.0,0.5,0.25,1,26.5,26.5,26.5,26.5,26.5,0.0,0.0,4,56.5,56.5,56.5,56.5,56.5,0.0,0.0,1,58.0,58.0,58.0,58.0,58.0,0.0,0.0
401286303,2021,regular,10,2021-11-06 19:30:00+00:00,113,Massachusetts,227,Rhode Island,3,-2.5,-2.0,-2.5,-2.5,-1.0,1.5,0.8660254037844386,1,-1.0,-1.0,-1.0,-1.0,-1.0,0.0,0.0,3,55.5,55.333333333333336,55.5,55.0,55.5,0.5,0.28867513459481287,1,57.0,57.0,57.0,57.0,57.0,0.0,0.0
401286304,2021,regular,11,2021-11-13 17:00:00+00:00,113,Massachusetts,311,Maine,3,5.0,5.333333333333333,5.0,5.0,6.0,1.0,0.5773502691896257,1,4.5,4.5,4.5,4.5,4.5,0.0,0.0,3,58.5,58.5,58.5,58.5,58.5,0.0,0.0,1,58.5,58.5,58.5,58.5,58.5,0.0,0.0
401286305,2021,regular,12,2021-11-20 17:00:00+00:00,349,Army,113,Massachusetts,4,-37.0,-37.125,-37.0,-37.5,-37.0,0.5,0.25,1,-37.5,-37.5,-37.5,-37.5,-37.5,0.0,0.0,4,56.0,56.0,56.0,56.0,56.0,0.0,0.0,1,57.0,57.0,57.0,57.0,57.0,0.0,0.0
401286306,2021,regular,13,2021-11-27 20:00:00+00:00,166,New Mexico State,113,Massachusetts,4,-7.0,-7.0,-7.0,-7.0,-7.0,0.0,0.0,1,-6.0,-6.0,-6.0,-6.0,-6.0,0.0,0.0,4,59.0,58.875,59.0,58.5,59.0,0.5,0.25,1,58.0,58.0,58.0,58.0,58.0,0.0,0.0
401287886,2021,regular,1,2021-09-04 23:00:00+00:00,248,Houston,2641,Texas Tech,5,-2.5,-2.5,-2.5,-2.5,-2.5,0.0,0.0,1,4.0,4.0,4.0,4.0,4.0,0.0,0.0,5,63.0,63.3,63.0,63.0,64.0,1.0,0.4472135954999579,1,65.0,65.0,65.0,65.0,65.0,0.0,0.0
401287887,2021,regular,1,2021-09-04 20:30:00+00:00,66,Iowa State,2460,Northern Iowa,3,-28.5,-28.666666666666668,-28.5,-29.0,-28.5,0.5,0.28867513459481287,1,-31.5,-31.5,-31.5,-31.5,-31.5,0.0,0.0,3,50.0,50.0,50.0,50.0,50.0,0.0,0.0,1,50.0,50.0,50.0,50.0,50.0,0.0,0.0
401287888,2021,regular,1,2021-09-04 00:00:00+00:00,2305,Kansas,233,South Dakota,3,-11.5,-11.5,-11.5,-11.5,-11.5,0.0,0.0,1,-13.0,-13.0,-13.0,-13.0,-13.0,0.0,0.0,3,55.0,54.833333333333336,55.0,54.0,55.5,1.5,0.7637626158259734,1,55.5,55.5,55.5,55.5,55.5,0.0,0.0
401287889,2021,regular,1,2021-09-04 16:00:00+00:00,2306,Kansas State,24,Stanford,5,-3.0,-3.2,-3.0,-3.5,-3.0,0.5,0.27386127875258304,1,0.0,0.0,0.0,0.0,0.0,0.0,0.0,5,54.0,54.2,54.0,54.0,54.5,0.5,0.27386127875258304,1,52.5,52.5,52.5,52.5,52.5,0.0,0.0
401287890,2021,regular,1,2021-09-04 23:00:00+00:00,197,Oklahoma State,2623,Missouri State,1,-38.0,-38.0,-38.0,-38.0,-38.0,0.0,0.0,1,-38.0,-38.0,-38.0,-38.0,-38.0,0.0,0.0,1,55.0,55.0,55.0,55.0,55.0,0.0,0.0,1,55.0,55.0,55.0,55.0,55.0,0.0,0.0
401287891,2021,regular,1,2021-09-05 00:00:00+00:00,2628,TCU,2184,Duquesne,3,-42.0,-42.333333333333336,-42.0,-43.0,-42.0,1.0,0.5773502691896257,1,-43.0,-43.0,-43.0,-43.0,-43.0,0.0,0.0,3,54.5,54.5,54.5,54.5,54.5,0.0,0.0,1,56.0,56.0,56.0,56.0,56.0,0.0,0.0
401287892,2021,regular,1,2021-09-04 20:30:00+00:00,251,Texas,309,Louisiana,5,-8.5,-8.7,-8.5,-9.5,-8.5,1.0,0.4472135954999579,1,-12.0,-12.0,-12.0,-12.0,-12.0,0.0,0.0,5,58.0,58.1,58.0,58.0,58.5,0.5,0.22360679774997896,1,59.0,59.0,59.0,59.0,59.0,0.0,0.0
401287893,2021,regular,1,2021-09-04 23:00:00+00:00,326,Texas State,239,Baylor,5,13.5,13.6,13.5,13.5,14.0,0.5,0.22360679774997896,1,12.0,12.0,12.0,12.0,12.0,0.0,0.0,5,52.5,52.7,52.5,52.5,53.0,0.5,0.27386127875258304,1,55.5,55.5,55.5,55.5,55.5,0.0,0.0
401287894,2021,regular,1,2021-09-04 16:00:00+00:00,201,Oklahoma,2655,Tulane,4,-31.25,-31.25,-31.25,-31.5,-31.0,0.5,0.28867513459481287,1,-22.0,-22.0,-22.0,-22.0,-22.0,0.0,0.0,4,66.5,66.625,66.5,66.5,67.0,0.5,0.25,1,70.0,70.0,70.0,70.0,70.0,0.0,0.0
401287895,2021,regular,2,2021-09-11 23:00:00+00:00,239,Baylor,2640,Texas Southern,3,-44.5,-44.5,-44.5,-44.5,-44.5,0.0,0.0,1,-44.5,-44.5,-44.5,-44.5,-44.5,0.0,0.0,3,53.0,53.0,53.0,53.0,53.0,0.0,0.0,1,53.0,53.0,53.0,53.0,53.0,0.0,0.0
401287896,2021,regular,2,2021-09-10 23:30:00+00:00,324,Coastal Carolina,2305,Kansas,5,-27.0,-26.8,-27.0,-27.0,-26.5,0.5,0.27386127875258304,1,-27.0,-27.0,-27.0,-27.0,-27.0,0.0,0.0,5,52.0,52.3,52.0,52.0,53.0,1.0,0.4472135954999579,1,53.0,53.0,53.0,53.0,53.0,0.0,0.0
401287897,2021,regular,2,2021-09-11 23:00:00+00:00,2306,Kansas State,79,Southern Illinois,3,-17.0,-17.0,-17.0,-17.0,-17.0,0.0,0.0,1,-17.0,-17.0,-17.0,-17.0,-17.0,0.0,0.0,3,55.0,55.0,55.0,55.0,55.0,0.0,0.0,1,55.0,55.0,55.0,55.0,55.0,0.0,0.0
401287898,2021,regular,2,2021-09-11 23:00:00+00:00,201,Oklahoma,2717,Western Carolina,3,-52.5,-51.833333333333336,-52.5,-52.5,-50.5,2.0,1.1547005383792515,1,-50.5,-50.5,-50.5,-50.5,-50.5,0.0,0.0,3,66.0,65.66666666666667,66.0,65.0,66.0,1.0,0.5773502691896257,1,65.0,65.0,65.0,65.0,65.0,0.0,0.0
401287899,2021,regular,2,2021-09-11 16:00:00+00:00,197,Oklahoma State,202,Tulsa,5,-11.5,-11.7,-11.5,-12.0,-11.5,0.5,0.27386127875258304,1,-12.5,-12.5,-12.5,-12.5,-12.5,0.0,0.0,5,51.0,51.1,51.0,51.0,51.5,0.5,0.22360679774997896,1,51.0,51.0,51.0,51.0,51.0,0.0,0.0
401287900,2021,regular,2,2021-09-11 19:30:00+00:00,2628,TCU,25,California,5,-11.5,-11.5,-11.5,-11.5,-11.5,0.0,0.0,1,-9.5,-9.5,-9.5,-9.5,-9.5,0.0,0.0,5,46.5,46.6,46.5,46.5,47.0,0.5,0.22360679774997896,1,48.5,48.5,48.5,48.5,48.5,0.0,0.0
401287901,2021,regular,2,2021-09-11 23:00:00+00:00,2641,Texas Tech,2617,Stephen F. Austin,3,-32.0,-31.833333333333332,-32.0,-32.0,-31.5,0.5,0.28867513459481287,1,-31.5,-31.5,-31.5,-31.5,-31.5,0.0,0.0,3,51.5,51.5,51.5,51.5,51.5,0.0,0.0,1,51.5,51.5,51.5,51.5,51.5,0.0,0.0
401287902,2021,regular,2,2021-09-11 21:00:00+00:00,277,West Virginia,2341,Long Island University,2,-49.5,-49.5,-49.5,-50.0,-49.0,1.0,0.7071067811865476,1,-48.5,-48.5,-48.5,-48.5,-48.5,0.0,0.0,2,56.0,56.0,56.0,56.0,56.0,0.0,0.0,1,56.0,56.0,56.0,56.0,56.0,0.0,0.0
401287903,2021,regular,3,2021-09-19 01:00:00+00:00,68,Boise State,197,Oklahoma State,5,-3.5,-3.7,-3.5,-4.5,-3.5,1.0,0.4472135954999579,1,-4.0,-4.0,-4.0,-4.0,-4.0,0.0,0.0,5,58.0,57.8,58.0,57.0,58.5,1.5,0.570087712549569,1,57.5,57.5,57.5,57.5,57.5,0.0,0.0
401287904,2021,regular,3,2021-09-18 19:30:00+00:00,2305,Kansas,239,Baylor,5,17.0,17.2,17.0,17.0,17.5,0.5,0.27386127875258304,1,17.0,17.0,17.0,17.0,17.0,0.0,0.0,5,48.5,48.8,48.5,48.5,49.5,1.0,0.4472135954999579,1,49.5,49.5,49.5,49.5,49.5,0.0,0.0
401287905,2021,regular,3,2021-09-18 18:00:00+00:00,2306,Kansas State,2440,Nevada,5,1.5,1.5,1.5,1.5,1.5,0.0,0.0,1,2.5,2.5,2.5,2.5,2.5,0.0,0.0,5,51.0,51.1,51.0,50.5,51.5,1.0,0.4183300132670378,1,49.0,49.0,49.0,49.0,49.0,0.0,0.0
401287906,2021,regular,3,2021-09-19 02:30:00+00:00,2439,UNLV,66,Iowa State,5,32.0,31.8,32.0,30.5,32.5,2.0,0.758287544405155,1,30.5,30.5,30.5,30.5,30.5,0.0,0.0,5,52.5,52.5,52.5,51.5,53.0,1.5,0.6123724356957945,1,52.0,52.0,52.0,52.0,52.0,0.0,0.0
401287907,2021,regular,4,2021-09-25 19:30:00+00:00,239,Baylor,66,Iowa State,4,7.0,7.0,7.0,7.0,7.0,0.0,0.0,1,6.5,6.5,6.5,6.5,6.5,0.0,0.0,4,46.0,46.125,46.0,46.0,46.5,0.5,0.25,1,48.5,48.5,48.5,48.5,48.5,0.0,0.0
401287908,2021,regular,4,2021-09-25 23:30:00+00:00,201,Oklahoma,277,West Virginia,4,-17.5,-17.375,-17.5,-17.5,-17.0,0.5,0.25,1,-15.0,-15.0,-15.0,-15.0,-15.0,0.0,0.0,4,56.5,56.375,56.5,56.0,56.5,0.5,0.25,1,58.5,58.5,58.5,58.5,58.5,0.0,0.0
401287909,2021,regular,4,2021-09-25 23:00:00+00:00,197,Oklahoma State,2306,Kansas State,4,-6.0,-5.75,-6.0,-6.0,-5.0,1.0,0.5,1,-7.5,-7.5,-7.5,-7.5,-7.5,0.0,0.0,4,47.5,47.5,47.5,47.5,47.5,0.0,0.0,1,45.5,45.5,45.5,45.5,45.5,0.0,0.0
401287910,2021,regular,4,2021-09-25 16:00:00+00:00,2628,TCU,2567,SMU,4,-9.5,-9.125,-9.5,-9.5,-8.0,1.5,0.75,1,-10.0,-10.0,-10.0,-10.0,-10.0,0.0,0.0,4,65.5,65.625,65.5,65.5,66.0,0.5,0.25,1,64.0,64.0,64.0,64.0,64.0,0.0,0.0
401287911,2021,regular,4,2021-09-25 16:00:00+00:00,251,Texas,2641,Texas Tech,4,-9.0,-9.0,-9.0,-9.0,-9.0,0.0,0.0,1,-10.0,-10.0,-10.0,-10.0,-10.0,0.0,0.0,4,62.75,62.75,62.75,62.5,63.0,0.5,0.28867513459481287,1,61.0,61.0,61.0,61.0,61.0,0.0,0.0
401287912,2021,regular,5,2021-10-02 23:00:00+00:00,66,Iowa State,2305,Kansas,4,-34.5,-34.5,-34.5,-34.5,-34.5,0.0,0.0,1,-33.5,-33.5,-33.5,-33.5,-33.5,0.0,0.0,4,57.0,57.125,57.0,57.0,57.5,0.5,0.25,1,57.5,57.5,57.5,57.5,57.5,0.0,0.0
401287913,2021,regular,5,2021-10-02 19:30:00+00:00,2306,Kansas State,201,Oklahoma,4,12.5,12.5,12.5,12.0,13.0,1.0,0.408248290463863,1,10.5,10.5,10.5,10.5,10.5,0.0,0.0,4,53.0,53.125,53.0,53.0,53.5,0.5,0.25,1,52.5,52.5,52.5,52.5,52.5,0.0,0.0
401287914,2021,regular,5,2021-10-02 23:00:00+00:00,197,Oklahoma State,239,Baylor,4,-4.0,-3.875,-4.0,-4.0,-3.5,0.5,0.25,1,-4.0,-4.0,-4.0,-4.0,-4.0,0.0,0.0,4,47.0,47.0,47.0,47.0,47.0,0.0,0.0,1,49.5,49.5,49.5,49.5,49.5,0.0,0.0
401287915,2021,regular,5,2021-10-02 16:00:00+00:00,2628,TCU,251,Texas,4,4.0,3.875,4.0,3.5,4.0,0.5,0.25,1,4.0,4.0,4.0,4.0,4.0,0.0,0.0,4,65.5,65.5,65.5,65.5,65.5,0.0,0.0,1,67.0,67.0,67.0,67.0,67.0,0.0,0.0
401287916,2021,regular,5,2021-10-02 19:30:00+00:00,277,West Virginia,2641,Texas Tech,4,-7.5,-7.375,-7.5,-7.5,-7.0,0.5,0.25,1,-7.5,-7.5,-7.5,-7.5,-7.5,0.0,0.0,4,55.25,55.25,55.25,55.0,55.5,0.5,0.28867513459481287,1,57.0,57.0,57.0,57.0,57.0,0.0,0.0
401287917,2021,regular,6,2021-10-09 16:00:00+00:00,239,Baylor,277,West Virginia,4,-1.0,-1.0,-1.0,-1.0,-1.0,0.0,0.0,1,-3.0,-3.0,-3.0,-3.0,-3.0,0.0,0.0,4,45.0,45.0,45.0,45.0,45.0,0.0,0.0,1,44.5,44.5,44.5,44.5,44.5,0.0,0.0
401287918,2021,regular,6,2021-10-09 16:00:00+00:00,251,Texas,201,Oklahoma,4,4.0,4.0,4.0,4.0,4.0,0.0,0.0,1,3.5,3.5,3.5,3.5,3.5,0.0,0.0,4,65.5,65.5,65.5,65.0,66.0,1.0,0.408248290463863,1,63.5,63.5,63.5,63.5,63.5,0.0,0.0
401287919,2021,regular,6,2021-10-09 23:00:00+00:00,2641,Texas Tech,2628,TCU,4,2.5,2.5,2.5,2.5,2.5,0.0,0.0,1,2.0,2.0,2.0,2.0,2.0,0.0,0.0,4,60.5,60.375,60.5,60.0,60.5,0.5,0.25,1,62.0,62.0,62.0,62.0,62.0,0.0,0.0
401287920,2021,regular,7,2021-10-16 19:30:00+00:00,239,Baylor,252,BYU,4,-5.5,-5.375,-5.5,-5.5,-5.0,0.5,0.25,1,-5.0,-5.0,-5.0,-5.0,-5.0,0.0,0.0,4,52.5,52.375,52.5,52.0,52.5,0.5,0.25,1,48.0,48.0,48.0,48.0,48.0,0.0,0.0
401287921,2021,regular,7,2021-10-16 20:00:00+00:00,2305,Kansas,2641,Texas Tech,4,18.5,18.5,18.5,18.5,18.5,0.0,0.0,1,15.5,15.5,15.5,15.5,15.5,0.0,0.0,4,68.0,68.0,68.0,67.5,68.5,1.0,0.5773502691896257,1,67.0,67.0,67.0,67.0,67.0,0.0,0.0
401287922,2021,regular,7,2021-10-16 23:30:00+00:00,2306,Kansas State,66,Iowa State,4,6.5,6.5,6.5,6.5,6.5,0.0,0.0,1,4.5,4.5,4.5,4.5,4.5,0.0,0.0,4,51.0,50.875,51.0,50.5,51.0,0.5,0.25,1,51.5,51.5,51.5,51.5,51.5,0.0,0.0
401287923,2021,regular,7,2021-10-16 23:30:00+00:00,201,Oklahoma,2628,TCU,4,-12.5,-12.75,-12.5,-13.5,-12.5,1.0,0.5,1,-12.0,-12.0,-12.0,-12.0,-12.0,0.0,0.0,4,64.5,64.375,64.5,64.0,64.5,0.5,0.25,1,65.5,65.5,65.5,65.5,65.5,0.0,0.0
401287924,2021,regular,7,2021-10-16 16:00:00+00:00,251,Texas,197,Oklahoma State,4,-3.25,-3.25,-3.25,-3.5,-3.0,0.5,0.28867513459481287,1,-5.0,-5.0,-5.0,-5.0,-5.0,0.0,0.0,4,61.0,61.125,61.0,61.0,61.5,0.5,0.25,1,60.5,60.5,60.5,60.5,60.5,0.0,0.0
401287925,2021,regular,8,2021-10-23 19:30:00+00:00,66,Iowa State,197,Oklahoma State,4,-7.0,-7.125,-7.0,-7.5,-7.0,0.5,0.25,1,-6.5,-6.5,-6.5,-6.5,-6.5,0.0,0.0,4,47.0,47.0,47.0,47.0,47.0,0.0,0.0,1,47.0,47.0,47.0,47.0,47.0,0.0,0.0
401287926,2021,regular,8,2021-10-23 16:00:00+00:00,2305,Kansas,201,Oklahoma,4,38.5,38.5,38.5,38.0,39.0,1.0,0.408248290463863,1,39.0,39.0,39.0,39.0,39.0,0.0,0.0,4,66.5,66.5,66.5,66.5,66.5,0.0,0.0,1,67.5,67.5,67.5,67.5,67.5,0.0,0.0
401287927,2021,regular,8,2021-10-23 23:30:00+00:00,2628,TCU,277,West Virginia,4,-4.5,-4.625,-4.5,-5.0,-4.5,0.5,0.25,1,-4.5,-4.5,-4.5,-4.5,-4.5,0.0,0.0,4,58.0,57.75,58.0,57.0,58.0,1.0,0.5,1,58.0,58.0,58.0,58.0,58.0,0.0,0.0
401287928,2021,regular,8,2021-10-23 16:00:00+00:00,2641,Texas Tech,2306,Kansas State,4,1.0,1.0,1.0,1.0,1.0,0.0,0.0,1,-1.0,-1.0,-1.0,-1.0,-1.0,0.0,0.0,4,60.5,60.5,60.5,60.5,60.5,0.0,0.0,1,60.5,60.5,60.5,60.5,60.5,0.0,0.0
401287929,2021,regular,9,2021-10-30 16:00:00+00:00,239,Baylor,251,Texas,4,-2.25,-2.25,-2.25,-2.5,-2.0,0.5,0.28867513459481287,1,-2.5,-2.5,-2.5,-2.5,-2.5,0.0,0.0,4,61.5,61.625,61.5,61.5,62.0,0.5,0.25,1,62.0,62.0,62.0,62.0,62.0,0.0,0.0
401287930,2021,regular,9,2021-10-30 19:30:00+00:00,2306,Kansas State,2628,TCU,4,-3.5,-3.5,-3.5,-3.5,-3.5,0.0,0.0,1,-3.5,-3.5,-3.5,-3.5,-3.5,0.0,0.0,4,58.5,58.375,58.5,58.0,58.5,0.5,0.25,1,59.5,59.5,59.5,59.5,59.5,0.0,0.0
401287931,2021,regular,9,2021-10-30 19:30:00+00:00,201,Oklahoma,2641,Texas Tech,4,-19.0,-18.875,-19.0,-19.0,-18.5,0.5,0.25,1,-19.0,-19.0,-19.0,-19.0,-19.0,0.0,0.0,4,67.0,67.125,67.0,67.0,67.5,0.5,0.25,1,68.5,68.5,68.5,68.5,68.5,0.0,0.0
401287932,2021,regular,9,2021-10-30 23:00:00+00:00,197,Oklahoma State,2305,Kansas,4,-29.0,-28.875,-29.0,-29.0,-28.5,0.5,0.25,1,-31.0,-31.0,-31.0,-31.0,-31.0,0.0,0.0,4,54.5,54.5,54.5,54.5,54.5,0.0,0.0,1,57.5,57.5,57.5,57.5,57.5,0.0,0.0
401287933,2021,regular,9,2021-10-30 18:00:00+00:00,277,West Virginia,66,Iowa State,4,7.5,7.5,7.5,7.5,7.5,0.0,0.0,1,7.0,7.0,7.0,7.0,7.0,0.0,0.0,4,49.0,49.0,49.0,49.0,49.0,0.0,0.0,1,47.0,47.0,47.0,47.0,47.0,0.0,0.0
401287934,2021,regular,10,2021-11-06 23:30:00+00:00,66,Iowa State,251,Texas,4,-6.0,-6.125,-6.0,-6.5,-6.0,0.5,0.25,1,-6.5,-6.5,-6.5,-6.5,-6.5,0.0,0.0,4,59.5,59.5,59.5,59.5,59.5,0.0,0.0,1,60.0,60.0,60.0,60.0,60.0,0.0,0.0
401287935,2021,regular,10,2021-11-06 16:00:00+00:00,2305,Kansas,2306,Kansas State,4,24.0,24.0,24.0,24.0,24.0,0.0,0.0,1,23.5,23.5,23.5,23.5,23.5,0.0,0.0,4,55.75,55.75,55.75,55.5,56.0,0.5,0.28867513459481287,1,56.5,56.5,56.5,56.5,56.5,0.0,0.0
401287936,2021,regular,10,2021-11-06 19:30:00+00:00,2628,TCU,239,Baylor,4,7.5,7.375,7.5,7.0,7.5,0.5,0.25,1,5.0,5.0,5.0,5.0,5.0,0.0,0.0,4,57.0,57.25,57.0,57.0,58.0,1.0,0.5,1,59.0,59.0,59.0,59.0,59.0,0.0,0.0
401287937,2021,regular,10,2021-11-06 19:30:00+00:00,277,West Virginia,197,Oklahoma State,4,3.5,3.5,3.5,3.5,3.5,0.0,0.0,1,3.0,3.0,3.0,3.0,3.0,0.0,0.0,4,49.0,48.875,49.0,48.5,49.0,0.5,0.25,1,49.0,49.0,49.0,49.0,49.0,0.0,0.0
401287938,2021,regular,11,2021-11-13 17:00:00+00:00,239,Baylor,201,Oklahoma,4,4.0,3.875,4.0,3.5,4.0,0.5,0.25,1,6.0,6.0,6.0,6.0,6.0,0.0,0.0,4,63.0,63.125,63.0,62.5,64.0,1.5,0.6291528696058958,1,64.0,64.0,64.0,64.0,64.0,0.0,0.0
401287939,2021,regular,11,2021-11-13 17:00:00+00:00,2306,Kansas State,277,West Virginia,4,-6.0,-6.0,-6.0,-6.0,-6.0,0.0,0.0,1,-6.0,-6.0,-6.0,-6.0,-6.0,0.0,0.0,4,47.0,47.0,47.0,46.5,47.5,1.0,0.408248290463863,1,47.0,47.0,47.0,47.0,47.0,0.0,0.0
401287940,2021,regular,11,2021-11-14 01:00:00+00:00,197,Oklahoma State,2628,TCU,4,-11.0,-11.25,-11.0,-12.0,-11.0,1.0,0.5,1,-13.0,-13.0,-13.0,-13.0,-13.0,0.0,0.0,4,54.0,53.875,54.0,53.5,54.0,0.5,0.25,1,54.5,54.5,54.5,54.5,54.5,0.0,0.0
401287941,2021,regular,11,2021-11-14 00:30:00+00:00,251,Texas,2305,Kansas,4,-31.0,-31.0,-31.0,-31.0,-31.0,0.0,0.0,1,-30.0,-30.0,-30.0,-30.0,-30.0,0.0,0.0,4,61.5,61.625,61.5,61.5,62.0,0.5,0.25,1,60.5,60.5,60.5,60.5,60.5,0.0,0.0
401287942,2021,regular,11,2021-11-13 20:30:00+00:00,2641,Texas Tech,66,Iowa State,4,12.5,12.125,12.5,10.5,13.0,2.5,1.1086778913041726,1,10.5,10.5,10.5,10.5,10.5,0.0,0.0,4,55.5,55.75,55.5,55.5,56.5,1.0,0.5,1,58.0,58.0,58.0,58.0,58.0,0.0,0.0
401287943,2021,regular,12,2021-11-20 22:30:00+00:00,2306,Kansas State,239,Baylor,4,-2.5,-2.5,-2.5,-2.5,-2.5,0.0,0.0,1,-1.0,-1.0,-1.0,-1.0,-1.0,0.0,0.0,4,50.0,49.875,50.0,49.5,50.0,0.5,0.25,1,50.0,50.0,50.0,50.0,50.0,0.0,0.0
401287944,2021,regular,12,2021-11-20 17:00:00+00:00,201,Oklahoma,66,Iowa State,4,-3.0,-3.0,-3.0,-3.0,-3.0,0.0,0.0,1,-4.0,-4.0,-4.0,-4.0,-4.0,0.0,0.0,4,59.0,59.0,59.0,59.0,59.0,0.0,0.0,1,60.0,60.0,60.0,60.0,60.0,0.0,0.0
401287945,2021,regular,12,2021-11-20 21:00:00+00:00,2628,TCU,2305,Kansas,4,-21.0,-21.0,-21.0,-21.0,-21.0,0.0,0.0,1,-21.5,-21.5,-21.5,-21.5,-21.5,0.0,0.0,4,64.5,64.375,64.5,64.0,64.5,0.5,0.25,1,66.5,66.5,66.5,66.5,66.5,0.0,0.0
401287946,2021,regular,12,2021-11-21 01:00:00+00:00,2641,Texas Tech,197,Oklahoma State,4,10.0,10.0,10.0,10.0,10.0,0.0,0.0,1,10.5,10.5,10.5,10.5,10.5,0.0,0.0,4,55.0,55.0,55.0,55.0,55.0,0.0,0.0,1,56.5,56.5,56.5,56.5,56.5,0.0,0.0
401287947,2021,regular,12,2021-11-20 17:00:00+00:00,277,West Virginia,251,Texas,4,-2.25,-2.25,-2.25,-2.5,-2.0,0.5,0.28867513459481287,1,-2.5,-2.5,-2.5,-2.5,-2.5,0.0,0.0,4,56.5,56.375,56.5,56.0,56.5,0.5,0.25,1,58.0,58.0,58.0,58.0,58.0,0.0,0.0
401287948,2021,regular,13,2021-11-27 17:00:00+00:00,239,Baylor,2641,Texas Tech,4,-14.0,-14.0,-14.0,-14.0,-14.0,0.0,0.0,1,-14.5,-14.5,-14.5,-14.5,-14.5,0.0,0.0,4,51.5,51.5,51.5,51.5,51.5,0.0,0.0,1,52.0,52.0,52.0,52.0,52.0,0.0,0.0
401287949,2021,regular,13,2021-11-26 21:30:00+00:00,66,Iowa State,2628,TCU,4,-15.5,-15.5,-15.5,-16.0,-15.0,1.0,0.408248290463863,1,-14.5,-14.5,-14.5,-14.5,-14.5,0.0,0.0,4,61.25,61.25,61.25,61.0,61.5,0.5,0.28867513459481287,1,58.5,58.5,58.5,58.5,58.5,0.0,0.0
401287950,2021,regular,13,2021-11-28 00:00:00+00:00,2305,Kansas,277,West Virginia,4,15.5,15.5,15.5,15.5,15.5,0.0,0.0,1,15.0,15.0,15.0,15.0,15.0,0.0,0.0,4,55.5,55.5,55.5,55.5,55.5,0.0,0.0,1,55.5,55.5,55.5,55.5,55.5,0.0,0.0
401287951,2021,regular,13,2021-11-28 00:30:00+00:00,197,Oklahoma State,201,Oklahoma,4,-4.0,-4.125,-4.0,-4.5,-4.0,0.5,0.25,1,-3.5,-3.5,-3.5,-3.5,-3.5,0.0,0.0,4,49.75,49.625,49.75,49.0,50.0,1.0,0.47871355387816905,1,50.5,50.5,50.5,50.5,50.5,0.0,0.0
401287952,2021,regular,13,2021-11-26 17:00:00+00:00,251,Texas,2306,Kansas State,4,-3.0,-2.875,-3.0,-3.0,-2.5,0.5,0.25,1,-2.0,-2.0,-2.0,-2.0,-2.0,0.0,0.0,4,54.5,54.5,54.5,54.5,54.5,0.0,0.0,1,52.0,52.0,52.0,52.0,52.0,0.0,0.0
401287953,2021,regular,14,2021-12-04 17:00:00+00:00,197,Oklahoma State,239,Baylor,4,-7.0,-7.0,-7.0,-7.0,-7.0,0.0,0.0,1,-6.5,-6.5,-6.5,-6.5,-6.5,0.0,0.0,4,45.0,45.125,45.0,45.0,45.5,0.5,0.25,1,48.0,48.0,48.0,48.0,48.0,0.0,0.0
401300993,2021,regular,1,2021-09-02 23:30:00+00:00,2026,App State,151,East Carolina,5,-9.0,-9.2,-9.0,-9.5,-9.0,0.5,0.27386127875258304,1,-13.0,-13.0,-13.0,-13.0,-13.0,0.0,0.0,5,56.0,55.9,56.0,55.5,56.5,1.0,0.4183300132670378,1,59.5,59.5,59.5,59.5,59.5,0.0,0.0
401300994,2021,regular,1,2021-09-02 23:30:00+00:00,202,Tulsa,302,UC Davis,3,-22.0,-22.0,-22.0,-22.0,-22.0,0.0,0.0,1,-22.5,-22.5,-22.5,-22.5,-22.5,0.0,0.0,3,54.5,54.5,54.5,54.5,54.5,0.0,0.0,1,54.5,54.5,54.5,54.5,54.5,0.0,0.0
401300995,2021,regular,1,2021-09-02 23:00:00+00:00,2116,UCF,68,Boise State,5,-6.5,-6.4,-6.5,-6.5,-6.0,0.5,0.22360679774997896,1,-4.0,-4.0,-4.0,-4.0,-4.0,0.0,0.0,5,67.0,67.2,67.0,67.0,67.5,0.5,0.27386127875258304,1,70.0,70.0,70.0,70.0,70.0,0.0,0.0
401300996,2021,regular,1,2021-09-04 19:30:00+00:00,2132,Cincinnati,193,Miami (OH),5,-22.5,-22.3,-22.5,-22.5,-21.5,1.0,0.4472135954999579,1,-21.5,-21.5,-21.5,-21.5,-21.5,0.0,0.0,5,49.0,49.0,49.0,48.5,49.5,1.0,0.3535533905932738,1,51.0,51.0,51.0,51.0,51.0,0.0,0.0
401300997,2021,regular,1,2021-09-04 23:00:00+00:00,235,Memphis,2447,Nicholls,3,-22.5,-22.833333333333332,-22.5,-23.5,-22.5,1.0,0.5773502691896257,1,-23.5,-23.5,-23.5,-23.5,-23.5,0.0,0.0,3,68.0,68.5,68.0,68.0,69.5,1.5,0.8660254037844386,1,69.0,69.0,69.0,69.0,69.0,0.0,0.0
401300998,2021,regular,1,2021-09-04 23:00:00+00:00,2567,SMU,2000,Abilene Christian,3,-32.0,-32.0,-32.0,-32.0,-32.0,0.0,0.0,1,-32.0,-32.0,-32.0,-32.0,-32.0,0.0,0.0,3,66.0,66.0,66.0,66.0,66.0,0.0,0.0,1,66.0,66.0,66.0,66.0,66.0,0.0,0.0
401300999,2021,regular,2,2021-09-11 19:30:00+00:00,2006,Akron,218,Temple,5,6.5,6.6,6.5,6.5,7.0,0.5,0.22360679774997896,1,7.0,7.0,7.0,7.0,7.0,0.0,0.0,5,51.5,51.7,51.5,51.5,52.5,1.0,0.4472135954999579,1,52.0,52.0,52.0,52.0,52.0,0.0,0.0
401301000,2021,regular,2,2021-09-11 17:00:00+00:00,2655,Tulane,2415,Morgan State,3,-47.5,-47.666666666666664,-47.5,-48.0,-47.5,0.5,0.28867513459481287,1,-47.0,-47.0,-47.0,-47.0,-47.0,0.0,0.0,3,58.0,58.0,58.0,58.0,58.0,0.0,0.0,1,57.5,57.5,57.5,57.5,57.5,0.0,0.0
401301001,2021,regular,2,2021-09-11 22:30:00+00:00,2116,UCF,2065,Bethune-Cookman,1,-46.0,-46.0,-46.0,-46.0,-46.0,0.0,0.0,0,,,,,,,,1,67.0,67.0,67.0,67.0,67.0,0.0,0.0,0,,,,,,,
401301002,2021,regular,2,2021-09-11 19:30:00+00:00,2132,Cincinnati,93,Murray State,3,-36.5,-36.5,-36.5,-36.5,-36.5,0.0,0.0,1,-36.5,-36.5,-36.5,-36.5,-36.5,0.0,0.0,3,51.5,51.5,51.5,51.5,51.5,0.0,0.0,1,51.5,51.5,51.5,51.5,51.5,0.0,0.0
401301003,2021,regular,2,2021-09-11 23:00:00+00:00,2032,Arkansas State,235,Memphis,5,5.5,5.5,5.5,5.5,5.5,0.0,0.0,1,5.5,5.5,5.5,5.5,5.5,0.0,0.0,5,64.5,64.6,64.5,64.5,65.0,0.5,0.22360679774997896,1,64.5,64.5,64.5,64.5,64.5,0.0,0.0
401301004,2021,regular,2,2021-09-11 19:30:00+00:00,2426,Navy,2005,Air Force,5,6.0,6.1,6.0,6.0,6.5,0.5,0.22360679774997896,1,6.5,6.5,6.5,6.5,6.5,0.0,0.0,5,39.5,39.7,39.5,39.5,40.0,0.5,0.27386127875258304,1,43.5,43.5,43.5,43.5,43.5,0.0,0.0
401301005,2021,regular,3,2021-09-18 23:00:00+00:00,248,Houston,2755,Grambling,3,-41.0,-40.666666666666664,-41.0,-41.0,-40.0,1.0,0.5773502691896257,1,-40.0,-40.0,-40.0,-40.0,-40.0,0.0,0.0,3,51.5,51.5,51.5,51.5,51.5,0.0,0.0,1,52.0,52.0,52.0,52.0,52.0,0.0,0.0
401301006,2021,regular,3,2021-09-18 23:00:00+00:00,58,South Florida,50,Florida A&M,3,-22.5,-22.5,-22.5,-22.5,-22.5,0.0,0.0,1,-22.0,-22.0,-22.0,-22.0,-22.0,0.0,0.0,3,49.5,49.666666666666664,49.5,49.5,50.0,0.5,0.28867513459481287,1,49.0,49.0,49.0,49.0,49.0,0.0,0.0
401301007,2021,regular,4,2021-09-25 22:00:00+00:00,151,East Carolina,2127,Charleston Southern,3,-24.5,-24.333333333333332,-24.5,-24.5,-24.0,0.5,0.28867513459481287,1,-25.5,-25.5,-25.5,-25.5,-25.5,0.0,0.0,3,59.0,59.0,59.0,59.0,59.0,0.0,0.0,1,59.5,59.5,59.5,59.5,59.5,0.0,0.0
401301008,2021,regular,4,2021-09-25 23:00:00+00:00,248,Houston,2426,Navy,4,-20.0,-19.75,-20.0,-20.0,-19.0,1.0,0.5,1,-20.0,-20.0,-20.0,-20.0,-20.0,0.0,0.0,4,47.0,47.0,47.0,47.0,47.0,0.0,0.0,1,49.0,49.0,49.0,49.0,49.0,0.0,0.0
401301009,2021,regular,4,2021-09-26 02:15:00+00:00,252,BYU,58,South Florida,4,-23.5,-23.625,-23.5,-24.0,-23.5,0.5,0.25,1,-23.5,-23.5,-23.5,-23.5,-23.5,0.0,0.0,4,54.5,54.375,54.5,54.0,54.5,0.5,0.25,1,52.0,52.0,52.0,52.0,52.0,0.0,0.0
401301010,2021,regular,4,2021-09-25 16:00:00+00:00,218,Temple,2681,Wagner,3,-36.5,-36.5,-36.5,-36.5,-36.5,0.0,0.0,1,-35.0,-35.0,-35.0,-35.0,-35.0,0.0,0.0,3,54.5,54.833333333333336,54.5,54.5,55.5,1.0,0.5773502691896257,1,56.0,56.0,56.0,56.0,56.0,0.0,0.0
401301011,2021,regular,4,2021-09-25 21:00:00+00:00,202,Tulsa,2032,Arkansas State,4,-14.5,-14.5,-14.5,-14.5,-14.5,0.0,0.0,1,-14.0,-14.0,-14.0,-14.0,-14.0,0.0,0.0,4,65.0,64.75,65.0,64.0,65.0,1.0,0.5,1,62.5,62.5,62.5,62.5,62.5,0.0,0.0
401301012,2021,regular,5,2021-10-01 23:30:00+00:00,202,Tulsa,248,Houston,4,-3.5,-3.375,-3.5,-3.5,-3.0,0.5,0.25,1,-3.5,-3.5,-3.5,-3.5,-3.5,0.0,0.0,4,54.0,54.0,54.0,54.0,54.0,0.0,0.0,1,56.0,56.0,56.0,56.0,56.0,0.0,0.0
401301013,2021,regular,5,2021-10-02 19:30:00+00:00,2426,Navy,2116,UCF,4,15.0,15.25,15.0,15.0,16.0,1.0,0.5,1,16.0,16.0,16.0,16.0,16.0,0.0,0.0,4,52.5,52.5,52.5,52.5,52.5,0.0,0.0,1,56.5,56.5,56.5,56.5,56.5,0.0,0.0
401301014,2021,regular,5,2021-10-02 19:30:00+00:00,151,East Carolina,2655,Tulane,4,3.0,3.0,3.0,3.0,3.0,0.0,0.0,1,3.5,3.5,3.5,3.5,3.5,0.0,0.0,4,64.5,64.625,64.5,64.5,65.0,0.5,0.25,1,64.0,64.0,64.0,64.0,64.0,0.0,0.0
401301015,2021,regular,5,2021-10-02 16:00:00+00:00,218,Temple,235,Memphis,4,11.0,11.125,11.0,11.0,11.5,0.5,0.25,1,11.5,11.5,11.5,11.5,11.5,0.0,0.0,4,58.5,58.5,58.5,58.0,59.0,1.0,0.408248290463863,1,61.0,61.0,61.0,61.0,61.0,0.0,0.0
401301016,2021,regular,5,2021-10-02 20:00:00+00:00,2567,SMU,58,South Florida,4,-21.25,-21.25,-21.25,-21.5,-21.0,0.5,0.28867513459481287,1,-20.0,-20.0,-20.0,-20.0,-20.0,0.0,0.0,4,68.5,68.5,68.5,68.5,68.5,0.0,0.0,1,68.0,68.0,68.0,68.0,68.0,0.0,0.0
401301017,2021,regular,6,2021-10-07 23:30:00+00:00,2655,Tulane,248,Houston,4,6.5,6.625,6.5,6.5,7.0,0.5,0.25,1,4.5,4.5,4.5,4.5,4.5,0.0,0.0,4,60.0,60.0,60.0,60.0,60.0,0.0,0.0,1,62.0,62.0,62.0,62.0,62.0,0.0,0.0
401301018,2021,regular,6,2021-10-08 23:00:00+00:00,2132,Cincinnati,218,Temple,4,-30.0,-30.0,-30.0,-30.0,-30.0,0.0,0.0,1,-28.0,-28.0,-28.0,-28.0,-28.0,0.0,0.0,4,52.5,52.625,52.5,52.5,53.0,0.5,0.25,1,54.0,54.0,54.0,54.0,54.0,0.0,0.0
401301019,2021,regular,6,2021-10-09 22:00:00+00:00,2116,UCF,151,East Carolina,4,-10.0,-10.0,-10.0,-10.0,-10.0,0.0,0.0,1,-10.0,-10.0,-10.0,-10.0,-10.0,0.0,0.0,4,65.25,65.25,65.25,65.0,65.5,0.5,0.28867513459481287,1,68.0,68.0,68.0,68.0,68.0,0.0,0.0
401301020,2021,regular,6,2021-10-10 01:00:00+00:00,202,Tulsa,235,Memphis,4,-3.0,-3.0,-3.0,-3.0,-3.0,0.0,0.0,1,-4.0,-4.0,-4.0,-4.0,-4.0,0.0,0.0,4,60.5,60.5,60.5,60.5,60.5,0.0,0.0,1,62.5,62.5,62.5,62.5,62.5,0.0,0.0
401301021,2021,regular,6,2021-10-09 19:30:00+00:00,2426,Navy,2567,SMU,4,13.5,13.5,13.5,13.5,13.5,0.0,0.0,1,14.5,14.5,14.5,14.5,14.5,0.0,0.0,4,56.5,56.5,56.5,56.0,57.0,1.0,0.408248290463863,1,57.5,57.5,57.5,57.5,57.5,0.0,0.0
401301022,2021,regular,7,2021-10-14 23:30:00+00:00,235,Memphis,2426,Navy,4,-11.0,-10.875,-11.0,-11.0,-10.5,0.5,0.25,1,-8.5,-8.5,-8.5,-8.5,-8.5,0.0,0.0,4,55.5,55.5,55.5,55.5,55.5,0.0,0.0,1,52.5,52.5,52.5,52.5,52.5,0.0,0.0
401301023,2021,regular,7,2021-10-16 16:00:00+00:00,2132,Cincinnati,2116,UCF,4,-21.5,-21.75,-21.5,-22.5,-21.5,1.0,0.5,1,-20.0,-20.0,-20.0,-20.0,-20.0,0.0,0.0,4,56.0,56.0,56.0,56.0,56.0,0.0,0.0,1,56.0,56.0,56.0,56.0,56.0,0.0,0.0
401301024,2021,regular,7,2021-10-16 16:00:00+00:00,58,South Florida,202,Tulsa,4,7.0,7.125,7.0,7.0,7.5,0.5,0.25,1,8.5,8.5,8.5,8.5,8.5,0.0,0.0,4,55.75,55.75,55.75,55.5,56.0,0.5,0.28867513459481287,1,57.0,57.0,57.0,57.0,57.0,0.0,0.0
401301025,2021,regular,8,2021-10-21 23:30:00+00:00,2567,SMU,2655,Tulane,4,-14.0,-14.0,-14.0,-14.0,-14.0,0.0,0.0,1,-14.0,-14.0,-14.0,-14.0,-14.0,0.0,0.0,4,70.5,70.375,70.5,70.0,70.5,0.5,0.25,1,70.0,70.0,70.0,70.0,70.0,0.0,0.0
401301026,2021,regular,8,2021-10-22 23:00:00+00:00,2116,UCF,235,Memphis,4,-1.25,-0.625,-1.25,-1.5,1.5,3.0,1.4361406616345072,1,-3.0,-3.0,-3.0,-3.0,-3.0,0.0,0.0,4,63.25,63.875,63.25,63.0,66.0,3.0,1.4361406616345072,1,64.0,64.0,64.0,64.0,64.0,0.0,0.0
401301027,2021,regular,8,2021-10-23 16:00:00+00:00,2426,Navy,2132,Cincinnati,4,28.5,28.75,28.5,28.5,29.5,1.0,0.5,1,27.0,27.0,27.0,27.0,27.0,0.0,0.0,4,49.25,49.125,49.25,48.5,49.5,1.0,0.47871355387816905,1,51.0,51.0,51.0,51.0,51.0,0.0,0.0
401301028,2021,regular,8,2021-10-23 20:00:00+00:00,248,Houston,151,East Carolina,4,-13.5,-13.5,-13.5,-13.5,-13.5,0.0,0.0,1,-13.0,-13.0,-13.0,-13.0,-13.0,0.0,0.0,4,56.5,56.5,56.5,56.0,57.0,1.0,0.408248290463863,1,58.0,58.0,58.0,58.0,58.0,0.0,0.0
401301029,2021,regular,8,2021-10-23 23:00:00+00:00,58,South Florida,218,Temple,4,-1.5,-1.5,-1.5,-1.5,-1.5,0.0,0.0,1,-3.5,-3.5,-3.5,-3.5,-3.5,0.0,0.0,4,55.0,54.875,55.0,54.5,55.0,0.5,0.25,1,57.5,57.5,57.5,57.5,57.5,0.0,0.0
401301030,2021,regular,9,2021-10-29 23:30:00+00:00,202,Tulsa,2426,Navy,4,-11.0,-11.0,-11.0,-11.0,-11.0,0.0,0.0,1,-10.0,-10.0,-10.0,-10.0,-10.0,0.0,0.0,4,46.0,46.125,46.0,46.0,46.5,0.5,0.25,1,48.0,48.0,48.0,48.0,48.0,0.0,0.0
401301031,2021,regular,9,2021-10-30 16:00:00+00:00,218,Temple,2116,UCF,4,11.75,11.75,11.75,11.5,12.0,0.5,0.28867513459481287,1,10.5,10.5,10.5,10.5,10.5,0.0,0.0,4,52.0,52.0,52.0,52.0,52.0,0.0,0.0,1,52.0,52.0,52.0,52.0,52.0,0.0,0.0
401301032,2021,regular,9,2021-10-30 16:00:00+00:00,2655,Tulane,2132,Cincinnati,4,28.0,28.0,28.0,27.5,28.5,1.0,0.408248290463863,1,25.0,25.0,25.0,25.0,25.0,0.0,0.0,4,61.5,61.5,61.5,61.5,61.5,0.0,0.0,1,63.0,63.0,63.0,63.0,63.0,0.0,0.0
401301033,2021,regular,9,2021-10-28 23:30:00+00:00,151,East Carolina,58,South Florida,4,-9.5,-9.5,-9.5,-9.5,-9.5,0.0,0.0,1,-9.0,-9.0,-9.0,-9.0,-9.0,0.0,0.0,4,55.5,55.625,55.5,55.5,56.0,0.5,0.25,1,57.0,57.0,57.0,57.0,57.0,0.0,0.0
401301034,2021,regular,9,2021-10-30 23:00:00+00:00,248,Houston,2567,SMU,4,1.0,0.75,1.0,0.0,1.0,1.0,0.5,1,-1.0,-1.0,-1.0,-1.0,-1.0,0.0,0.0,4,61.5,61.5,61.5,61.5,61.5,0.0,0.0,1,62.5,62.5,62.5,62.5,62.5,0.0,0.0
401301035,2021,regular,10,2021-11-06 19:00:00+00:00,151,East Carolina,218,Temple,4,-15.5,-15.5,-15.5,-15.5,-15.5,0.0,0.0,1,-15.0,-15.0,-15.0,-15.0,-15.0,0.0,0.0,4,52.25,52.25,52.25,52.0,52.5,0.5,0.28867513459481287,1,55.5,55.5,55.5,55.5,55.5,0.0,0.0
401301036,2021,regular,10,2021-11-06 20:00:00+00:00,2116,UCF,2655,Tulane,4,-13.5,-13.125,-13.5,-13.5,-12.0,1.5,0.75,1,-13.0,-13.0,-13.0,-13.0,-13.0,0.0,0.0,4,57.0,57.375,57.0,57.0,58.5,1.5,0.75,1,59.5,59.5,59.5,59.5,59.5,0.0,0.0
401301037,2021,regular,10,2021-11-06 19:30:00+00:00,2132,Cincinnati,202,Tulsa,4,-22.5,-22.5,-22.5,-22.5,-22.5,0.0,0.0,1,-23.0,-23.0,-23.0,-23.0,-23.0,0.0,0.0,4,56.0,56.0,56.0,56.0,56.0,0.0,0.0,1,54.5,54.5,54.5,54.5,54.5,0.0,0.0
401301038,2021,regular,10,2021-11-06 23:30:00+00:00,58,South Florida,248,Houston,4,13.5,13.375,13.5,13.0,13.5,0.5,0.25,1,13.0,13.0,13.0,13.0,13.0,0.0,0.0,4,53.0,52.75,53.0,52.0,53.0,1.0,0.5,1,54.5,54.5,54.5,54.5,54.5,0.0,0.0
401301039,2021,regular,10,2021-11-06 16:00:00+00:00,235,Memphis,2567,SMU,4,3.5,3.5,3.5,3.5,3.5,0.0,0.0,1,6.5,6.5,6.5,6.5,6.5,0.0,0.0,4,72.0,71.625,72.0,70.5,72.0,1.5,0.75,1,71.0,71.0,71.0,71.0,71.0,0.0,0.0
401301040,2021,regular,11,2021-11-12 23:00:00+00:00,58,South Florida,2132,Cincinnati,4,24.0,24.0,24.0,23.5,24.5,1.0,0.408248290463863,1,23.5,23.5,23.5,23.5,23.5,0.0,0.0,4,58.5,58.625,58.5,58.5,59.0,0.5,0.25,1,59.0,59.0,59.0,59.0,59.0,0.0,0.0
401301041,2021,regular,11,2021-11-13 17:00:00+00:00,2567,SMU,2116,UCF,4,-7.0,-7.0,-7.0,-7.0,-7.0,0.0,0.0,1,-7.5,-7.5,-7.5,-7.5,-7.5,0.0,0.0,4,61.5,61.625,61.5,61.5,62.0,0.5,0.25,1,59.5,59.5,59.5,59.5,59.5,0.0,0.0
401301042,2021,regular,11,2021-11-13 17:00:00+00:00,235,Memphis,151,East Carolina,4,-4.0,-4.0,-4.0,-4.0,-4.0,0.0,0.0,1,-6.0,-6.0,-6.0,-6.0,-6.0,0.0,0.0,4,58.75,58.75,58.75,58.5,59.0,0.5,0.28867513459481287,1,60.0,60.0,60.0,60.0,60.0,0.0,0.0
401301043,2021,regular,11,2021-11-13 17:00:00+00:00,218,Temple,248,Houston,4,25.5,25.375,25.5,24.5,26.0,1.5,0.75,1,25.5,25.5,25.5,25.5,25.5,0.0,0.0,4,52.5,52.5,52.5,52.5,52.5,0.0,0.0,1,55.5,55.5,55.5,55.5,55.5,0.0,0.0
401301044,2021,regular,11,2021-11-13 21:00:00+00:00,2655,Tulane,202,Tulsa,4,3.0,3.0,3.0,3.0,3.0,0.0,0.0,1,3.0,3.0,3.0,3.0,3.0,0.0,0.0,4,55.5,55.5,55.5,55.5,55.5,0.0,0.0,1,58.5,58.5,58.5,58.5,58.5,0.0,0.0
401301045,2021,regular,12,2021-11-20 02:00:00+00:00,248,Houston,235,Memphis,4,-9.5,-9.375,-9.5,-9.5,-9.0,0.5,0.25,1,-9.5,-9.5,-9.5,-9.5,-9.5,0.0,0.0,4,59.25,59.375,59.25,59.0,60.0,1.0,0.47871355387816905,1,60.5,60.5,60.5,60.5,60.5,0.0,0.0
401301046,2021,regular,12,2021-11-20 20:30:00+00:00,2132,Cincinnati,2567,SMU,4,-9.75,-9.75,-9.75,-10.0,-9.5,0.5,0.28867513459481287,1,-12.5,-12.5,-12.5,-12.5,-12.5,0.0,0.0,4,65.5,65.375,65.5,65.0,65.5,0.5,0.25,1,65.0,65.0,65.0,65.0,65.0,0.0,0.0
401301047,2021,regular,12,2021-11-20 20:30:00+00:00,2426,Navy,151,East Carolina,4,3.5,3.5,3.5,3.5,3.5,0.0,0.0,1,4.0,4.0,4.0,4.0,4.0,0.0,0.0,4,46.5,46.375,46.5,46.0,46.5,0.5,0.25,1,46.5,46.5,46.5,46.5,46.5,0.0,0.0
401301048,2021,regular,12,2021-11-20 17:00:00+00:00,2655,Tulane,58,South Florida,4,-5.5,-5.625,-5.5,-6.0,-5.5,0.5,0.25,1,-3.5,-3.5,-3.5,-3.5,-3.5,0.0,0.0,4,59.5,59.625,59.5,59.5,60.0,0.5,0.25,1,61.0,61.0,61.0,61.0,61.0,0.0,0.0
401301049,2021,regular,12,2021-11-20 21:00:00+00:00,202,Tulsa,218,Temple,4,-22.0,-21.875,-22.0,-22.0,-21.5,0.5,0.25,1,-22.0,-22.0,-22.0,-22.0,-22.0,0.0,0.0,4,50.5,50.625,50.5,50.5,51.0,0.5,0.25,1,50.5,50.5,50.5,50.5,50.5,0.0,0.0
401301050,2021,regular,13,2021-11-26 20:30:00+00:00,2116,UCF,58,South Florida,4,-17.0,-17.125,-17.0,-17.5,-17.0,0.5,0.25,1,-18.5,-18.5,-18.5,-18.5,-18.5,0.0,0.0,4,62.0,62.0,62.0,62.0,62.0,0.0,0.0,1,62.0,62.0,62.0,62.0,62.0,0.0,0.0
401301051,2021,regular,13,2021-11-26 20:30:00+00:00,151,East Carolina,2132,Cincinnati,4,14.5,14.375,14.5,14.0,14.5,0.5,0.25,1,14.0,14.0,14.0,14.0,14.0,0.0,0.0,4,56.5,56.5,56.5,56.5,56.5,0.0,0.0,1,58.0,58.0,58.0,58.0,58.0,0.0,0.0
401301052,2021,regular,13,2021-11-27 17:00:00+00:00,41,UConn,248,Houston,4,32.0,32.125,32.0,32.0,32.5,0.5,0.25,1,32.5,32.5,32.5,32.5,32.5,0.0,0.0,4,54.5,54.5,54.5,54.5,54.5,0.0,0.0,1,57.5,57.5,57.5,57.5,57.5,0.0,0.0
401301053,2021,regular,13,2021-11-28 00:30:00+00:00,235,Memphis,2655,Tulane,4,-5.5,-5.625,-5.5,-6.0,-5.5,0.5,0.25,1,-5.5,-5.5,-5.5,-5.5,-5.5,0.0,0.0,4,58.0,58.0,58.0,58.0,58.0,0.0,0.0,1,57.5,57.5,57.5,57.5,57.5,0.0,0.0
401301054,2021,regular,13,2021-11-27 17:00:00+00:00,218,Temple,2426,Navy,4,13.5,13.5,13.5,13.5,13.5,0.0,0.0,1,13.0,13.0,13.0,13.0,13.0,0.0,0.0,4,42.5,42.375,42.5,42.0,42.5,0.5,0.25,1,43.5,43.5,43.5,43.5,43.5,0.0,0.0
401301055,2021,regular,13,2021-11-27 21:00:00+00:00,2567,SMU,202,Tulsa,4,-6.5,-6.375,-6.5,-6.5,-6.0,0.5,0.25,1,-6.5,-6.5,-6.5,-6.5,-6.5,0.0,0.0,4,62.5,62.5,62.5,62.0,63.0,1.0,0.408248290463863,1,62.5,62.5,62.5,62.5,62.5,0.0,0.0
401301056,2021,regular,15,2021-12-11 20:00:00+00:00,349,Army,2426,Navy,4,7.0,3.5,7.0,-7.0,7.0,14.0,7.0,1,-8.5,-8.5,-8.5,-8.5,-8.5,0.0,0.0,4,35.5,35.5,35.5,35.5,35.5,0.0,0.0,1,36.0,36.0,36.0,36.0,36.0,0.0,0.0
401308834,2021,regular,4,2021-09-25 16:00:00+00:00,349,Army,193,Miami (OH),4,-7.5,-7.625,-7.5,-8.0,-7.5,0.5,0.25,1,-7.5,-7.5,-7.5,-7.5,-7.5,0.0,0.0,4,48.75,48.75,48.75,48.5,49.0,0.5,0.28867513459481287,1,52.0,52.0,52.0,52.0,52.0,0.0,0.0
401308835,2021,regular,5,2021-10-02 19:30:00+00:00,193,Miami (OH),2117,Central Michigan,4,1.75,1.875,1.75,1.5,2.5,1.0,0.47871355387816905,1,-1.0,-1.0,-1.0,-1.0,-1.0,0.0,0.0,4,56.0,56.125,56.0,56.0,56.5,0.5,0.25,1,56.0,56.0,56.0,56.0,56.0,0.0,0.0
401308836,2021,regular,6,2021-10-09 19:30:00+00:00,2199,Eastern Michigan,193,Miami (OH),4,2.5,2.375,2.5,2.0,2.5,0.5,0.25,1,1.0,1.0,1.0,1.0,1.0,0.0,0.0,4,58.5,58.375,58.5,58.0,58.5,0.5,0.25,1,55.5,55.5,55.5,55.5,55.5,0.0,0.0
401308837,2021,regular,7,2021-10-16 18:30:00+00:00,193,Miami (OH),2006,Akron,4,-20.0,-20.0,-20.0,-20.0,-20.0,0.0,0.0,1,-20.0,-20.0,-20.0,-20.0,-20.0,0.0,0.0,4,51.0,51.0,51.0,51.0,51.0,0.0,0.0,1,52.5,52.5,52.5,52.5,52.5,0.0,0.0
401308838,2021,regular,8,2021-10-23 19:30:00+00:00,2050,Ball State,193,Miami (OH),4,-3.5,-3.5,-3.5,-3.5,-3.5,0.0,0.0,1,-6.5,-6.5,-6.5,-6.5,-6.5,0.0,0.0,4,53.0,52.875,53.0,52.5,53.0,0.5,0.25,1,51.0,51.0,51.0,51.0,51.0,0.0,0.0
401308839,2021,regular,10,2021-11-02 23:30:00+00:00,195,Ohio,193,Miami (OH),4,7.0,7.0,7.0,7.0,7.0,0.0,0.0,1,7.0,7.0,7.0,7.0,7.0,0.0,0.0,4,54.5,54.5,54.5,54.5,54.5,0.0,0.0,1,52.0,52.0,52.0,52.0,52.0,0.0,0.0
401308840,2021,regular,11,2021-11-10 00:00:00+00:00,193,Miami (OH),2084,Buffalo,4,-7.0,-7.0,-7.0,-7.0,-7.0,0.0,0.0,1,-7.0,-7.0,-7.0,-7.0,-7.0,0.0,0.0,4,58.0,58.0,58.0,58.0,58.0,0.0,0.0,1,57.0,57.0,57.0,57.0,57.0,0.0,0.0
401308841,2021,regular,12,2021-11-17 01:00:00+00:00,193,Miami (OH),189,Bowling Green,4,-17.0,-17.0,-17.0,-17.0,-17.0,0.0,0.0,1,-16.0,-16.0,-16.0,-16.0,-16.0,0.0,0.0,4,52.0,52.0,52.0,52.0,52.0,0.0,0.0,1,50.5,50.5,50.5,50.5,50.5,0.0,0.0
401308842,2021,regular,13,2021-11-27 17:00:00+00:00,2309,Kent State,193,Miami (OH),4,0.5,0.625,0.5,0.0,1.5,1.5,0.75,1,-1.0,-1.0,-1.0,-1.0,-1.0,0.0,0.0,4,67.0,67.25,67.0,67.0,68.0,1.0,0.5,1,65.0,65.0,65.0,65.0,65.0,0.0,0.0
401308843,2021,regular,3,2021-09-18 19:30:00+00:00,193,Miami (OH),2341,Long Island University,2,-39.25,-39.25,-39.25,-39.5,-39.0,0.5,0.3535533905932738,1,-39.5,-39.5,-39.5,-39.5,-39.5,0.0,0.0,2,55.5,55.5,55.5,55.5,55.5,0.0,0.0,1,55.0,55.0,55.0,55.0,55.0,0.0,0.0
401309540,2021,regular,1,2021-09-02 23:00:00+00:00,2050,Ball State,2710,Western Illinois,3,-31.0,-31.166666666666668,-31.0,-31.5,-31.0,0.5,0.28867513459481287,1,-32.5,-32.5,-32.5,-32.5,-32.5,0.0,0.0,3,58.5,58.5,58.5,58.5,58.5,0.0,0.0,1,59.0,59.0,59.0,59.0,59.0,0.0,0.0
401309541,2021,regular,1,2021-09-03 23:00:00+00:00,2199,Eastern Michigan,2598,St. Francis (PA),2,-34.0,-34.0,-34.0,-34.0,-34.0,0.0,0.0,0,,,,,,,,2,54.5,54.5,54.5,54.5,54.5,0.0,0.0,0,,,,,,,
401309542,2021,regular,1,2021-09-02 23:00:00+00:00,2084,Buffalo,2681,Wagner,3,-43.5,-43.666666666666664,-43.5,-44.0,-43.5,0.5,0.28867513459481287,1,-43.5,-43.5,-43.5,-43.5,-43.5,0.0,0.0,3,54.5,54.5,54.5,54.5,54.5,0.0,0.0,1,55.5,55.5,55.5,55.5,55.5,0.0,0.0
401309543,2021,regular,1,2021-09-04 23:00:00+00:00,2649,Toledo,2450,Norfolk State,3,-39.5,-39.5,-39.5,-39.5,-39.5,0.0,0.0,1,-40.0,-40.0,-40.0,-40.0,-40.0,0.0,0.0,3,56.0,56.0,56.0,56.0,56.0,0.0,0.0,1,56.0,56.0,56.0,56.0,56.0,0.0,0.0
401309544,2021,regular,2,2021-09-11 21:00:00+00:00,2711,Western Michigan,2287,Illinois State,3,-12.5,-12.333333333333334,-12.5,-12.5,-12.0,0.5,0.28867513459481287,1,-11.0,-11.0,-11.0,-11.0,-11.0,0.0,0.0,3,56.5,56.5,56.5,56.5,56.5,0.0,0.0,1,56.5,56.5,56.5,56.5,56.5,0.0,0.0
401309545,2021,regular,2,2021-09-11 15:30:00+00:00,2309,Kent State,2678,VMI,3,-20.0,-19.666666666666668,-20.0,-20.0,-19.0,1.0,0.5773502691896257,1,-17.5,-17.5,-17.5,-17.5,-17.5,0.0,0.0,3,72.5,72.66666666666667,72.5,72.5,73.0,0.5,0.28867513459481287,1,69.5,69.5,69.5,69.5,69.5,0.0,0.0
401309546,2021,regular,2,2021-09-11 20:00:00+00:00,189,Bowling Green,6,South Alabama,5,14.5,14.4,14.5,14.0,14.5,0.5,0.22360679774997896,1,15.5,15.5,15.5,15.5,15.5,0.0,0.0,5,48.0,48.0,48.0,47.5,48.5,1.0,0.3535533905932738,1,51.0,51.0,51.0,51.0,51.0,0.0,0.0
401309547,2021,regular,2,2021-09-11 17:30:00+00:00,2459,Northern Illinois,2751,Wyoming,5,7.0,6.9,7.0,6.5,7.0,0.5,0.22360679774997896,1,5.5,5.5,5.5,5.5,5.5,0.0,0.0,5,44.5,44.3,44.5,44.0,44.5,0.5,0.27386127875258304,1,46.0,46.0,46.0,46.0,46.0,0.0,0.0
401309548,2021,regular,2,2021-09-11 19:00:00+00:00,2117,Central Michigan,2523,Robert Morris,3,-37.5,-37.333333333333336,-37.5,-37.5,-37.0,0.5,0.28867513459481287,1,-37.5,-37.5,-37.5,-37.5,-37.5,0.0,0.0,3,53.5,53.5,53.5,53.5,53.5,0.0,0.0,1,53.5,53.5,53.5,53.5,53.5,0.0,0.0
401309549,2021,regular,3,2021-09-18 20:00:00+00:00,2751,Wyoming,2050,Ball State,5,-6.5,-6.6,-6.5,-7.0,-6.5,0.5,0.22360679774997896,1,-6.0,-6.0,-6.0,-6.0,-6.0,0.0,0.0,5,53.0,53.4,53.0,53.0,54.5,1.5,0.6519202405202649,1,55.0,55.0,55.0,55.0,55.0,0.0,0.0
401309550,2021,regular,3,2021-09-18 19:30:00+00:00,2006,Akron,2803,Bryant,3,-13.0,-13.166666666666666,-13.0,-14.0,-12.5,1.5,0.7637626158259734,1,-10.5,-10.5,-10.5,-10.5,-10.5,0.0,0.0,3,49.5,49.666666666666664,49.5,49.5,50.0,0.5,0.28867513459481287,1,50.0,50.0,50.0,50.0,50.0,0.0,0.0
401309551,2021,regular,3,2021-09-18 21:00:00+00:00,189,Bowling Green,93,Murray State,3,2.5,2.5,2.5,2.5,2.5,0.0,0.0,1,1.0,1.0,1.0,1.0,1.0,0.0,0.0,3,44.0,44.5,44.0,44.0,45.5,1.5,0.8660254037844386,1,46.0,46.0,46.0,46.0,46.0,0.0,0.0
401309552,2021,regular,3,2021-09-18 16:00:00+00:00,2084,Buffalo,324,Coastal Carolina,5,14.0,13.9,14.0,13.5,14.0,0.5,0.22360679774997896,1,10.5,10.5,10.5,10.5,10.5,0.0,0.0,5,58.0,57.9,58.0,57.5,58.0,0.5,0.22360679774997896,1,57.5,57.5,57.5,57.5,57.5,0.0,0.0
401309553,2021,regular,3,2021-09-18 20:00:00+00:00,2649,Toledo,36,Colorado State,5,-14.5,-14.5,-14.5,-14.5,-14.5,0.0,0.0,1,-14.0,-14.0,-14.0,-14.0,-14.0,0.0,0.0,5,59.0,58.8,59.0,58.5,59.0,0.5,0.27386127875258304,1,58.5,58.5,58.5,58.5,58.5,0.0,0.0
401309554,2021,regular,4,2021-09-25 18:00:00+00:00,2711,Western Michigan,23,San José State,4,-2.5,-2.625,-2.5,-3.0,-2.5,0.5,0.25,1,-2.5,-2.5,-2.5,-2.5,-2.5,0.0,0.0,4,61.75,61.75,61.75,61.5,62.0,0.5,0.28867513459481287,1,63.0,63.0,63.0,63.0,63.0,0.0,0.0
401309555,2021,regular,4,2021-09-25 18:00:00+00:00,2050,Ball State,2649,Toledo,4,4.5,4.625,4.5,4.5,5.0,0.5,0.25,1,4.0,4.0,4.0,4.0,4.0,0.0,0.0,4,56.5,56.5,56.5,56.5,56.5,0.0,0.0,1,56.5,56.5,56.5,56.5,56.5,0.0,0.0
401309556,2021,regular,4,2021-09-25 18:30:00+00:00,2459,Northern Illinois,311,Maine,3,-21.5,-21.333333333333332,-21.5,-21.5,-21.0,0.5,0.28867513459481287,1,-21.0,-21.0,-21.0,-21.0,-21.0,0.0,0.0,3,62.0,62.0,62.0,62.0,62.0,0.0,0.0,1,62.0,62.0,62.0,62.0,62.0,0.0,0.0
401309557,2021,regular,4,2021-09-25 18:00:00+00:00,2199,Eastern Michigan,326,Texas State,4,-7.5,-7.5,-7.5,-7.5,-7.5,0.0,0.0,1,-6.0,-6.0,-6.0,-6.0,-6.0,0.0,0.0,4,62.25,62.25,62.25,62.0,62.5,0.5,0.28867513459481287,1,61.0,61.0,61.0,61.0,61.0,0.0,0.0
401309558,2021,regular,5,2021-10-02 18:30:00+00:00,2459,Northern Illinois,2199,Eastern Michigan,4,0.0,-0.375,0.0,-1.5,0.0,1.5,0.75,1,1.0,1.0,1.0,1.0,1.0,0.0,0.0,4,62.25,62.25,62.25,62.0,62.5,0.5,0.28867513459481287,1,62.0,62.0,62.0,62.0,62.0,0.0,0.0
401309559,2021,regular,5,2021-10-02 21:00:00+00:00,2050,Ball State,349,Army,4,10.25,10.25,10.25,10.0,10.5,0.5,0.28867513459481287,1,6.0,6.0,6.0,6.0,6.0,0.0,0.0,4,47.25,47.125,47.25,46.5,47.5,1.0,0.47871355387816905,1,47.0,47.0,47.0,47.0,47.0,0.0,0.0
401309560,2021,regular,5,2021-10-02 19:30:00+00:00,2006,Akron,195,Ohio,4,9.75,9.75,9.75,9.5,10.0,0.5,0.28867513459481287,1,9.0,9.0,9.0,9.0,9.0,0.0,0.0,4,55.0,55.0,55.0,55.0,55.0,0.0,0.0,1,54.5,54.5,54.5,54.5,54.5,0.0,0.0
401309561,2021,regular,5,2021-10-02 16:00:00+00:00,2084,Buffalo,2711,Western Michigan,4,7.0,7.0,7.0,7.0,7.0,0.0,0.0,1,6.0,6.0,6.0,6.0,6.0,0.0,0.0,4,59.5,59.5,59.5,59.5,59.5,0.0,0.0,1,59.0,59.0,59.0,59.0,59.0,0.0,0.0
401309562,2021,regular,5,2021-10-02 19:30:00+00:00,2309,Kent State,189,Bowling Green,4,-16.5,-16.5,-16.5,-16.5,-16.5,0.0,0.0,1,-16.0,-16.0,-16.0,-16.0,-16.0,0.0,0.0,4,56.0,56.0,56.0,56.0,56.0,0.0,0.0,1,55.5,55.5,55.5,55.5,55.5,0.0,0.0
401309563,2021,regular,6,2021-10-09 19:30:00+00:00,2711,Western Michigan,2050,Ball State,4,-12.5,-12.625,-12.5,-13.0,-12.5,0.5,0.25,1,-11.0,-11.0,-11.0,-11.0,-11.0,0.0,0.0,4,57.5,57.5,57.5,57.5,57.5,0.0,0.0,1,56.5,56.5,56.5,56.5,56.5,0.0,0.0
401309564,2021,regular,6,2021-10-09 16:00:00+00:00,2649,Toledo,2459,Northern Illinois,4,-13.0,-13.0,-13.0,-13.0,-13.0,0.0,0.0,1,-12.5,-12.5,-12.5,-12.5,-12.5,0.0,0.0,4,51.0,51.125,51.0,51.0,51.5,0.5,0.25,1,54.5,54.5,54.5,54.5,54.5,0.0,0.0
401309565,2021,regular,6,2021-10-09 23:00:00+00:00,2309,Kent State,2084,Buffalo,4,-7.0,-7.0,-7.0,-7.0,-7.0,0.0,0.0,1,-5.5,-5.5,-5.5,-5.5,-5.5,0.0,0.0,4,66.0,66.0,66.0,66.0,66.0,0.0,0.0,1,61.0,61.0,61.0,61.0,61.0,0.0,0.0
401309566,2021,regular,6,2021-10-09 16:00:00+00:00,189,Bowling Green,2006,Akron,4,-14.0,-14.0,-14.0,-14.0,-14.0,0.0,0.0,1,-13.0,-13.0,-13.0,-13.0,-13.0,0.0,0.0,4,46.0,46.0,46.0,46.0,46.0,0.0,0.0,1,45.0,45.0,45.0,45.0,45.0,0.0,0.0
401309567,2021,regular,6,2021-10-09 19:30:00+00:00,195,Ohio,2117,Central Michigan,4,5.0,5.0,5.0,5.0,5.0,0.0,0.0,1,5.0,5.0,5.0,5.0,5.0,0.0,0.0,4,57.5,57.625,57.5,57.5,58.0,0.5,0.25,1,55.0,55.0,55.0,55.0,55.0,0.0,0.0
401309568,2021,regular,7,2021-10-16 18:00:00+00:00,2199,Eastern Michigan,2050,Ball State,4,1.0,1.125,1.0,1.0,1.5,0.5,0.25,1,2.5,2.5,2.5,2.5,2.5,0.0,0.0,4,55.0,54.875,55.0,54.5,55.0,0.5,0.25,1,54.5,54.5,54.5,54.5,54.5,0.0,0.0
401309569,2021,regular,7,2021-10-16 19:30:00+00:00,2117,Central Michigan,2649,Toledo,4,5.0,5.0,5.0,5.0,5.0,0.0,0.0,1,6.0,6.0,6.0,6.0,6.0,0.0,0.0,4,53.0,53.0,53.0,53.0,53.0,0.0,0.0,1,51.5,51.5,51.5,51.5,51.5,0.0,0.0
401309570,2021,regular,7,2021-10-16 19:30:00+00:00,2459,Northern Illinois,189,Bowling Green,4,-9.0,-9.0,-9.0,-9.0,-9.0,0.0,0.0,1,-9.5,-9.5,-9.5,-9.5,-9.5,0.0,0.0,4,44.75,44.75,44.75,44.5,45.0,0.5,0.28867513459481287,1,49.0,49.0,49.0,49.0,49.0,0.0,0.0
401309571,2021,regular,7,2021-10-16 16:00:00+00:00,2084,Buffalo,195,Ohio,4,-7.5,-7.5,-7.5,-7.5,-7.5,0.0,0.0,1,-10.5,-10.5,-10.5,-10.5,-10.5,0.0,0.0,4,54.5,54.5,54.5,54.5,54.5,0.0,0.0,1,55.0,55.0,55.0,55.0,55.0,0.0,0.0
401309572,2021,regular,7,2021-10-16 19:30:00+00:00,2711,Western Michigan,2309,Kent State,4,-6.75,-6.75,-6.75,-7.0,-6.5,0.5,0.28867513459481287,1,-7.0,-7.0,-7.0,-7.0,-7.0,0.0,0.0,4,68.5,68.5,68.5,68.5,68.5,0.0,0.0,1,63.0,63.0,63.0,63.0,63.0,0.0,0.0
401309573,2021,regular,8,2021-10-23 19:30:00+00:00,2649,Toledo,2711,Western Michigan,4,1.5,1.5,1.5,1.5,1.5,0.0,0.0,1,3.0,3.0,3.0,3.0,3.0,0.0,0.0,4,54.5,54.5,54.5,54.5,54.5,0.0,0.0,1,54.5,54.5,54.5,54.5,54.5,0.0,0.0
401309574,2021,regular,8,2021-10-23 16:00:00+00:00,189,Bowling Green,2199,Eastern Michigan,4,4.0,4.125,4.0,4.0,4.5,0.5,0.25,1,3.5,3.5,3.5,3.5,3.5,0.0,0.0,4,49.5,49.625,49.5,49.5,50.0,0.5,0.25,1,49.5,49.5,49.5,49.5,49.5,0.0,0.0
401309575,2021,regular,8,2021-10-23 19:30:00+00:00,2006,Akron,2084,Buffalo,4,13.25,13.125,13.25,12.5,13.5,1.0,0.47871355387816905,1,11.0,11.0,11.0,11.0,11.0,0.0,0.0,4,58.0,57.875,58.0,57.0,58.5,1.5,0.6291528696058958,1,57.0,57.0,57.0,57.0,57.0,0.0,0.0
401309576,2021,regular,8,2021-10-23 17:00:00+00:00,195,Ohio,2309,Kent State,4,5.0,5.125,5.0,5.0,5.5,0.5,0.25,1,6.0,6.0,6.0,6.0,6.0,0.0,0.0,4,68.5,68.5,68.5,68.5,68.5,0.0,0.0,1,62.5,62.5,62.5,62.5,62.5,0.0,0.0
401309577,2021,regular,8,2021-10-23 16:00:00+00:00,2117,Central Michigan,2459,Northern Illinois,4,-6.0,-6.0,-6.0,-6.0,-6.0,0.0,0.0,1,-5.0,-5.0,-5.0,-5.0,-5.0,0.0,0.0,4,56.0,56.0,56.0,56.0,56.0,0.0,0.0,1,58.5,58.5,58.5,58.5,58.5,0.0,0.0
401309578,2021,regular,9,2021-10-30 16:00:00+00:00,2084,Buffalo,189,Bowling Green,4,-13.5,-13.5,-13.5,-13.5,-13.5,0.0,0.0,1,-12.5,-12.5,-12.5,-12.5,-12.5,0.0,0.0,4,51.5,51.5,51.5,51.5,51.5,0.0,0.0,1,53.5,53.5,53.5,53.5,53.5,0.0,0.0
401309579,2021,regular,10,2021-11-02 23:00:00+00:00,2006,Akron,2050,Ball State,4,20.0,20.0,20.0,20.0,20.0,0.0,0.0,1,19.5,19.5,19.5,19.5,19.5,0.0,0.0,4,58.0,57.875,58.0,57.5,58.0,0.5,0.25,1,57.5,57.5,57.5,57.5,57.5,0.0,0.0
401309580,2021,regular,10,2021-11-02 23:30:00+00:00,2649,Toledo,2199,Eastern Michigan,4,-9.25,-9.25,-9.25,-9.5,-9.0,0.5,0.28867513459481287,1,-9.0,-9.0,-9.0,-9.0,-9.0,0.0,0.0,4,54.5,54.5,54.5,54.5,54.5,0.0,0.0,1,52.5,52.5,52.5,52.5,52.5,0.0,0.0
401309581,2021,regular,10,2021-11-03 23:00:00+00:00,2711,Western Michigan,2117,Central Michigan,4,-9.0,-9.0,-9.0,-9.0,-9.0,0.0,0.0,1,-10.0,-10.0,-10.0,-10.0,-10.0,0.0,0.0,4,64.5,64.5,64.5,64.5,64.5,0.0,0.0,1,63.0,63.0,63.0,63.0,63.0,0.0,0.0
401309582,2021,regular,10,2021-11-03 23:00:00+00:00,2309,Kent State,2459,Northern Illinois,4,-3.5,-3.5,-3.5,-3.5,-3.5,0.0,0.0,1,-5.5,-5.5,-5.5,-5.5,-5.5,0.0,0.0,4,72.0,72.0,72.0,72.0,72.0,0.0,0.0,1,67.5,67.5,67.5,67.5,67.5,0.0,0.0
401309583,2021,regular,11,2021-11-10 01:00:00+00:00,2199,Eastern Michigan,195,Ohio,4,-6.0,-6.125,-6.0,-6.5,-6.0,0.5,0.25,1,-7.5,-7.5,-7.5,-7.5,-7.5,0.0,0.0,4,61.75,61.75,61.75,61.5,62.0,0.5,0.28867513459481287,1,60.5,60.5,60.5,60.5,60.5,0.0,0.0
401309584,2021,regular,11,2021-11-10 00:00:00+00:00,2711,Western Michigan,2006,Akron,4,-24.5,-24.625,-24.5,-25.5,-24.0,1.5,0.6291528696058958,1,-26.0,-26.0,-26.0,-26.0,-26.0,0.0,0.0,4,62.0,62.0,62.0,62.0,62.0,0.0,0.0,1,62.0,62.0,62.0,62.0,62.0,0.0,0.0
401309585,2021,regular,11,2021-11-11 00:00:00+00:00,189,Bowling Green,2649,Toledo,4,10.5,10.5,10.5,10.5,10.5,0.0,0.0,1,9.5,9.5,9.5,9.5,9.5,0.0,0.0,4,50.0,50.125,50.0,50.0,50.5,0.5,0.25,1,51.5,51.5,51.5,51.5,51.5,0.0,0.0
401309586,2021,regular,11,2021-11-11 01:00:00+00:00,2117,Central Michigan,2309,Kent State,4,-2.5,-2.5,-2.5,-2.5,-2.5,0.0,0.0,1,-3.0,-3.0,-3.0,-3.0,-3.0,0.0,0.0,4,76.5,76.25,76.5,75.5,76.5,1.0,0.5,1,72.5,72.5,72.5,72.5,72.5,0.0,0.0
401309587,2021,regular,11,2021-11-11 00:00:00+00:00,2459,Northern Illinois,2050,Ball State,4,3.0,2.875,3.0,2.5,3.0,0.5,0.25,1,2.5,2.5,2.5,2.5,2.5,0.0,0.0,4,59.5,59.5,59.5,59.0,60.0,1.0,0.408248290463863,1,62.0,62.0,62.0,62.0,62.0,0.0,0.0
401309588,2021,regular,12,2021-11-17 00:30:00+00:00,2199,Eastern Michigan,2711,Western Michigan,4,6.0,6.0,6.0,6.0,6.0,0.0,0.0,1,5.0,5.0,5.0,5.0,5.0,0.0,0.0,4,66.0,66.0,66.0,66.0,66.0,0.0,0.0,1,68.5,68.5,68.5,68.5,68.5,0.0,0.0
401309589,2021,regular,12,2021-11-17 00:00:00+00:00,195,Ohio,2649,Toledo,4,7.5,7.5,7.5,7.5,7.5,0.0,0.0,1,6.0,6.0,6.0,6.0,6.0,0.0,0.0,4,57.5,57.375,57.5,57.0,57.5,0.5,0.25,1,54.0,54.0,54.0,54.0,54.0,0.0,0.0
401309590,2021,regular,12,2021-11-18 00:00:00+00:00,2084,Buffalo,2459,Northern Illinois,4,1.75,1.75,1.75,1.5,2.0,0.5,0.28867513459481287,1,2.5,2.5,2.5,2.5,2.5,0.0,0.0,4,59.0,59.125,59.0,59.0,59.5,0.5,0.25,1,64.5,64.5,64.5,64.5,64.5,0.0,0.0
401309591,2021,regular,12,2021-11-18 00:00:00+00:00,2050,Ball State,2117,Central Michigan,4,2.5,2.5,2.5,2.5,2.5,0.0,0.0,1,-2.5,-2.5,-2.5,-2.5,-2.5,0.0,0.0,4,57.0,57.0,57.0,57.0,57.0,0.0,0.0,1,62.0,62.0,62.0,62.0,62.0,0.0,0.0
401309592,2021,regular,12,2021-11-20 17:00:00+00:00,2006,Akron,2309,Kent State,4,13.5,13.625,13.5,13.5,14.0,0.5,0.25,1,13.0,13.0,13.0,13.0,13.0,0.0,0.0,4,72.5,72.375,72.5,72.0,72.5,0.5,0.25,1,74.0,74.0,74.0,74.0,74.0,0.0,0.0
401309593,2021,regular,13,2021-11-24 00:00:00+00:00,2050,Ball State,2084,Buffalo,4,-6.0,-6.0,-6.0,-6.0,-6.0,0.0,0.0,1,-6.5,-6.5,-6.5,-6.5,-6.5,0.0,0.0,4,59.5,59.5,59.5,59.5,59.5,0.0,0.0,1,58.5,58.5,58.5,58.5,58.5,0.0,0.0
401309594,2021,regular,13,2021-11-24 00:00:00+00:00,2459,Northern Illinois,2711,Western Michigan,4,7.0,6.875,7.0,6.5,7.0,0.5,0.25,1,3.5,3.5,3.5,3.5,3.5,0.0,0.0,4,58.5,58.875,58.5,58.5,60.0,1.5,0.75,1,62.5,62.5,62.5,62.5,62.5,0.0,0.0
401309595,2021,regular,13,2021-11-26 17:00:00+00:00,2117,Central Michigan,2199,Eastern Michigan,4,-8.5,-8.5,-8.5,-8.5,-8.5,0.0,0.0,1,-8.5,-8.5,-8.5,-8.5,-8.5,0.0,0.0,4,63.5,63.625,63.5,63.5,64.0,0.5,0.25,1,64.0,64.0,64.0,64.0,64.0,0.0,0.0
401309596,2021,regular,13,2021-11-26 17:00:00+00:00,189,Bowling Green,195,Ohio,4,6.25,6.25,6.25,6.0,6.5,0.5,0.28867513459481287,1,5.5,5.5,5.5,5.5,5.5,0.0,0.0,4,48.5,48.375,48.5,48.0,48.5,0.5,0.25,1,48.5,48.5,48.5,48.5,48.5,0.0,0.0
401309597,2021,regular,13,2021-11-27 17:00:00+00:00,2649,Toledo,2006,Akron,4,-28.5,-28.625,-28.5,-29.0,-28.5,0.5,0.25,1,-28.0,-28.0,-28.0,-28.0,-28.0,0.0,0.0,4,57.5,57.5,57.5,57.5,57.5,0.0,0.0,1,57.5,57.5,57.5,57.5,57.5,0.0,0.0
401309598,2021,regular,1,2021-09-04 23:00:00+00:00,2032,Arkansas State,2110,Central Arkansas,3,-13.5,-13.666666666666666,-13.5,-14.0,-13.5,0.5,0.28867513459481287,1,-13.0,-13.0,-13.0,-13.0,-13.0,0.0,0.0,3,64.0,64.16666666666667,64.0,64.0,64.5,0.5,0.28867513459481287,1,64.0,64.0,64.0,64.0,64.0,0.0,0.0
401309600,2021,regular,1,2021-09-04 22:00:00+00:00,290,Georgia Southern,2241,Gardner-Webb,1,-27.5,-27.5,-27.5,-27.5,-27.5,0.0,0.0,0,,,,,,,,1,48.0,48.0,48.0,48.0,48.0,0.0,0.0,0,,,,,,,
401309601,2021,regular,1,2021-09-04 16:00:00+00:00,2247,Georgia State,349,Army,5,-2.5,-2.5,-2.5,-2.5,-2.5,0.0,0.0,1,-3.0,-3.0,-3.0,-3.0,-3.0,0.0,0.0,5,50.0,49.8,50.0,49.5,50.0,0.5,0.27386127875258304,1,51.5,51.5,51.5,51.5,51.5,0.0,0.0
401309602,2021,regular,1,2021-09-04 23:00:00+00:00,2653,Troy,2582,Southern,3,-25.0,-25.0,-25.0,-25.0,-25.0,0.0,0.0,1,-25.0,-25.0,-25.0,-25.0,-25.0,0.0,0.0,3,55.0,54.666666666666664,55.0,54.0,55.0,1.0,0.5773502691896257,1,54.0,54.0,54.0,54.0,54.0,0.0,0.0
401309603,2021,regular,2,2021-09-11 23:00:00+00:00,309,Louisiana,2447,Nicholls,1,-26.0,-26.0,-26.0,-26.0,-26.0,0.0,0.0,0,,,,,,,,2,65.0,65.0,65.0,65.0,65.0,0.0,0.0,1,65.0,65.0,65.0,65.0,65.0,0.0,0.0
401309604,2021,regular,3,2021-09-18 19:30:00+00:00,2026,App State,2210,Elon,3,-35.5,-35.333333333333336,-35.5,-35.5,-35.0,0.5,0.28867513459481287,1,-35.0,-35.0,-35.0,-35.0,-35.0,0.0,0.0,3,52.5,52.333333333333336,52.5,52.0,52.5,0.5,0.28867513459481287,1,51.0,51.0,51.0,51.0,51.0,0.0,0.0
401309605,2021,regular,3,2021-09-18 20:15:00+00:00,264,Washington,2032,Arkansas State,5,-17.5,-17.2,-17.5,-17.5,-16.5,1.0,0.4472135954999579,1,-16.5,-16.5,-16.5,-16.5,-16.5,0.0,0.0,5,58.5,58.5,58.5,58.5,58.5,0.0,0.0,1,58.5,58.5,58.5,58.5,58.5,0.0,0.0
401309606,2021,regular,3,2021-09-17 00:00:00+00:00,309,Louisiana,195,Ohio,4,-19.0,-19.0,-19.0,-19.5,-18.5,1.0,0.408248290463863,1,-20.0,-20.0,-20.0,-20.0,-20.0,0.0,0.0,4,56.5,56.75,56.5,56.5,57.5,1.0,0.5,1,54.5,54.5,54.5,54.5,54.5,0.0,0.0
401309607,2021,regular,3,2021-09-19 00:00:00+00:00,2433,UL Monroe,2296,Jackson State,3,-4.5,-4.5,-4.5,-4.5,-4.5,0.0,0.0,1,-6.0,-6.0,-6.0,-6.0,-6.0,0.0,0.0,3,52.0,52.166666666666664,52.0,52.0,52.5,0.5,0.28867513459481287,1,52.5,52.5,52.5,52.5,52.5,0.0,0.0
401309608,2021,regular,3,2021-09-19 00:00:00+00:00,6,South Alabama,2016,Alcorn State,3,-21.5,-21.333333333333332,-21.5,-21.5,-21.0,0.5,0.28867513459481287,1,-21.5,-21.5,-21.5,-21.5,-21.5,0.0,0.0,3,44.5,44.333333333333336,44.5,44.0,44.5,0.5,0.28867513459481287,1,44.0,44.0,44.0,44.0,44.0,0.0,0.0
401309609,2021,regular,3,2021-09-18 23:00:00+00:00,326,Texas State,2916,Incarnate Word,3,-11.0,-10.833333333333334,-11.0,-11.0,-10.5,0.5,0.28867513459481287,1,-10.5,-10.5,-10.5,-10.5,-10.5,0.0,0.0,3,70.0,68.66666666666667,70.0,66.0,70.0,4.0,2.309401076758503,1,64.5,64.5,64.5,64.5,64.5,0.0,0.0
401309610,2021,regular,4,2021-09-25 22:00:00+00:00,290,Georgia Southern,309,Louisiana,4,14.5,14.5,14.5,14.5,14.5,0.0,0.0,1,13.5,13.5,13.5,13.5,13.5,0.0,0.0,4,54.5,54.375,54.5,54.0,54.5,0.5,0.25,1,53.0,53.0,53.0,53.0,53.0,0.0,0.0
401309611,2021,regular,4,2021-09-26 00:00:00+00:00,2433,UL Monroe,2653,Troy,4,23.5,23.625,23.5,23.5,24.0,0.5,0.25,1,23.0,23.0,23.0,23.0,23.0,0.0,0.0,4,49.5,49.5,49.5,49.5,49.5,0.0,0.0,1,50.0,50.0,50.0,50.0,50.0,0.0,0.0
401309612,2021,regular,5,2021-10-02 18:00:00+00:00,2247,Georgia State,2026,App State,4,10.0,10.125,10.0,10.0,10.5,0.5,0.25,1,9.5,9.5,9.5,9.5,9.5,0.0,0.0,4,54.5,54.375,54.5,54.0,54.5,0.5,0.25,1,56.0,56.0,56.0,56.0,56.0,0.0,0.0
401309613,2021,regular,5,2021-10-02 20:00:00+00:00,290,Georgia Southern,2032,Arkansas State,4,-2.0,-1.875,-2.0,-2.0,-1.5,0.5,0.25,1,-3.0,-3.0,-3.0,-3.0,-3.0,0.0,0.0,4,66.25,66.25,66.25,66.0,66.5,0.5,0.28867513459481287,1,45.5,45.5,45.5,45.5,45.5,0.0,0.0
401309614,2021,regular,5,2021-10-02 18:30:00+00:00,324,Coastal Carolina,2433,UL Monroe,4,-33.5,-33.625,-33.5,-34.0,-33.5,0.5,0.25,1,-33.5,-33.5,-33.5,-33.5,-33.5,0.0,0.0,4,57.5,57.5,57.5,57.5,57.5,0.0,0.0,1,58.5,58.5,58.5,58.5,58.5,0.0,0.0
401309615,2021,regular,5,2021-10-03 00:00:00+00:00,6,South Alabama,309,Louisiana,4,12.0,12.0,12.0,12.0,12.0,0.0,0.0,1,11.0,11.0,11.0,11.0,11.0,0.0,0.0,4,52.75,52.75,52.75,52.5,53.0,0.5,0.28867513459481287,1,51.0,51.0,51.0,51.0,51.0,0.0,0.0
401309616,2021,regular,6,2021-10-07 23:30:00+00:00,2032,Arkansas State,324,Coastal Carolina,4,20.0,20.125,20.0,20.0,20.5,0.5,0.25,1,17.5,17.5,17.5,17.5,17.5,0.0,0.0,4,74.5,74.5,74.5,74.5,74.5,0.0,0.0,1,70.0,70.0,70.0,70.0,70.0,0.0,0.0
401309617,2021,regular,6,2021-10-09 23:00:00+00:00,2653,Troy,290,Georgia Southern,4,-5.5,-5.5,-5.5,-5.5,-5.5,0.0,0.0,1,-4.0,-4.0,-4.0,-4.0,-4.0,0.0,0.0,4,50.75,50.75,50.75,50.5,51.0,0.5,0.28867513459481287,1,51.0,51.0,51.0,51.0,51.0,0.0,0.0
401309618,2021,regular,6,2021-10-10 00:00:00+00:00,2433,UL Monroe,2247,Georgia State,4,16.0,16.0,16.0,16.0,16.0,0.0,0.0,1,14.5,14.5,14.5,14.5,14.5,0.0,0.0,4,49.5,49.5,49.5,49.5,49.5,0.0,0.0,1,53.0,53.0,53.0,53.0,53.0,0.0,0.0
401309619,2021,regular,6,2021-10-09 23:00:00+00:00,326,Texas State,6,South Alabama,4,4.0,4.0,4.0,4.0,4.0,0.0,0.0,1,1.0,1.0,1.0,1.0,1.0,0.0,0.0,4,52.5,52.375,52.5,52.0,52.5,0.5,0.25,1,53.0,53.0,53.0,53.0,53.0,0.0,0.0
401309620,2021,regular,7,2021-10-12 23:30:00+00:00,309,Louisiana,2026,App State,4,4.25,4.25,4.25,4.0,4.5,0.5,0.28867513459481287,1,3.5,3.5,3.5,3.5,3.5,0.0,0.0,4,57.5,57.625,57.5,57.5,58.0,0.5,0.25,1,54.5,54.5,54.5,54.5,54.5,0.0,0.0
401309621,2021,regular,7,2021-10-14 23:30:00+00:00,6,South Alabama,290,Georgia Southern,4,-2.5,-2.5,-2.5,-2.5,-2.5,0.0,0.0,1,-3.5,-3.5,-3.5,-3.5,-3.5,0.0,0.0,4,49.5,49.375,49.5,49.0,49.5,0.5,0.25,1,50.0,50.0,50.0,50.0,50.0,0.0,0.0
401309622,2021,regular,7,2021-10-16 19:00:00+00:00,326,Texas State,2653,Troy,4,7.5,7.5,7.5,7.5,7.5,0.0,0.0,1,6.0,6.0,6.0,6.0,6.0,0.0,0.0,4,48.5,48.625,48.5,48.5,49.0,0.5,0.25,1,49.5,49.5,49.5,49.5,49.5,0.0,0.0
401309623,2021,regular,8,2021-10-20 23:30:00+00:00,2026,App State,324,Coastal Carolina,4,4.5,4.625,4.5,4.5,5.0,0.5,0.25,1,3.5,3.5,3.5,3.5,3.5,0.0,0.0,4,60.75,60.75,60.75,60.5,61.0,0.5,0.28867513459481287,1,59.5,59.5,59.5,59.5,59.5,0.0,0.0
401309624,2021,regular,8,2021-10-21 23:30:00+00:00,2032,Arkansas State,309,Louisiana,4,18.0,17.75,18.0,17.0,18.0,1.0,0.5,1,17.0,17.0,17.0,17.0,17.0,0.0,0.0,4,70.0,70.0,70.0,70.0,70.0,0.0,0.0,1,67.0,67.0,67.0,67.0,67.0,0.0,0.0
401309625,2021,regular,8,2021-10-23 18:00:00+00:00,2247,Georgia State,326,Texas State,4,-10.5,-10.375,-10.5,-10.5,-10.0,0.5,0.25,1,-10.0,-10.0,-10.0,-10.0,-10.0,0.0,0.0,4,58.5,58.375,58.5,58.0,58.5,0.5,0.25,1,61.0,61.0,61.0,61.0,61.0,0.0,0.0
401309626,2021,regular,8,2021-10-23 23:00:00+00:00,2433,UL Monroe,6,South Alabama,4,13.5,13.5,13.5,13.5,13.5,0.0,0.0,1,13.5,13.5,13.5,13.5,13.5,0.0,0.0,4,51.0,51.125,51.0,51.0,51.5,0.5,0.25,1,51.0,51.0,51.0,51.0,51.0,0.0,0.0
401309627,2021,regular,9,2021-10-28 23:30:00+00:00,324,Coastal Carolina,2653,Troy,4,-17.0,-17.0,-17.0,-17.0,-17.0,0.0,0.0,1,-18.5,-18.5,-18.5,-18.5,-18.5,0.0,0.0,4,50.0,50.125,50.0,50.0,50.5,0.5,0.25,1,52.0,52.0,52.0,52.0,52.0,0.0,0.0
401309628,2021,regular,9,2021-10-30 19:30:00+00:00,2026,App State,2433,UL Monroe,4,-27.0,-26.875,-27.0,-27.0,-26.5,0.5,0.25,1,-27.0,-27.0,-27.0,-27.0,-27.0,0.0,0.0,4,57.5,57.625,57.5,57.5,58.0,0.5,0.25,1,60.0,60.0,60.0,60.0,60.0,0.0,0.0
401309629,2021,regular,9,2021-10-30 21:00:00+00:00,6,South Alabama,2032,Arkansas State,4,-9.0,-9.125,-9.0,-9.5,-9.0,0.5,0.25,1,-10.0,-10.0,-10.0,-10.0,-10.0,0.0,0.0,4,66.0,66.25,66.0,66.0,67.0,1.0,0.5,1,67.0,67.0,67.0,67.0,67.0,0.0,0.0
401309630,2021,regular,9,2021-10-30 22:00:00+00:00,290,Georgia Southern,2247,Georgia State,4,6.0,6.0,6.0,6.0,6.0,0.0,0.0,1,5.5,5.5,5.5,5.5,5.5,0.0,0.0,4,55.0,55.0,55.0,55.0,55.0,0.0,0.0,1,55.0,55.0,55.0,55.0,55.0,0.0,0.0
401309631,2021,regular,9,2021-10-30 16:00:00+00:00,309,Louisiana,326,Texas State,4,-21.0,-21.0,-21.0,-21.0,-21.0,0.0,0.0,1,-20.0,-20.0,-20.0,-20.0,-20.0,0.0,0.0,4,58.0,58.0,58.0,58.0,58.0,0.0,0.0,1,56.5,56.5,56.5,56.5,56.5,0.0,0.0
401309632,2021,regular,10,2021-11-04 23:30:00+00:00,309,Louisiana,2247,Georgia State,4,-13.5,-13.5,-13.5,-13.5,-13.5,0.0,0.0,1,-10.5,-10.5,-10.5,-10.5,-10.5,0.0,0.0,4,53.5,53.625,53.5,53.5,54.0,0.5,0.25,1,53.0,53.0,53.0,53.0,53.0,0.0,0.0
401309633,2021,regular,10,2021-11-06 18:00:00+00:00,2032,Arkansas State,2026,App State,4,21.5,21.5,21.5,21.5,21.5,0.0,0.0,1,20.5,20.5,20.5,20.5,20.5,0.0,0.0,4,68.0,67.875,68.0,67.5,68.0,0.5,0.25,1,68.0,68.0,68.0,68.0,68.0,0.0,0.0
401309634,2021,regular,10,2021-11-06 22:00:00+00:00,290,Georgia Southern,324,Coastal Carolina,4,16.0,16.0,16.0,16.0,16.0,0.0,0.0,1,19.0,19.0,19.0,19.0,19.0,0.0,0.0,4,56.25,56.125,56.25,55.5,56.5,1.0,0.47871355387816905,1,61.5,61.5,61.5,61.5,61.5,0.0,0.0
401309635,2021,regular,10,2021-11-06 19:00:00+00:00,326,Texas State,2433,UL Monroe,4,-3.0,-3.125,-3.0,-3.5,-3.0,0.5,0.25,1,-3.5,-3.5,-3.5,-3.5,-3.5,0.0,0.0,4,57.5,57.625,57.5,57.5,58.0,0.5,0.25,1,60.5,60.5,60.5,60.5,60.5,0.0,0.0
401309636,2021,regular,10,2021-11-06 19:30:00+00:00,2653,Troy,6,South Alabama,4,-3.5,-3.625,-3.5,-4.0,-3.5,0.5,0.25,1,-3.0,-3.0,-3.0,-3.0,-3.0,0.0,0.0,4,47.5,47.625,47.5,47.5,48.0,0.5,0.25,1,48.5,48.5,48.5,48.5,48.5,0.0,0.0
401309637,2021,regular,11,2021-11-13 19:30:00+00:00,2026,App State,6,South Alabama,4,-21.5,-21.5,-21.5,-21.5,-21.5,0.0,0.0,1,-23.0,-23.0,-23.0,-23.0,-23.0,0.0,0.0,4,51.75,51.75,51.75,51.5,52.0,0.5,0.28867513459481287,1,54.5,54.5,54.5,54.5,54.5,0.0,0.0
401309638,2021,regular,11,2021-11-13 22:00:00+00:00,2433,UL Monroe,2032,Arkansas State,4,-3.0,-3.0,-3.0,-3.0,-3.0,0.0,0.0,1,-3.0,-3.0,-3.0,-3.0,-3.0,0.0,0.0,4,66.5,66.5,66.5,66.5,66.5,0.0,0.0,1,68.5,68.5,68.5,68.5,68.5,0.0,0.0
401309639,2021,regular,11,2021-11-13 19:00:00+00:00,324,Coastal Carolina,2247,Georgia State,4,-12.5,-12.625,-12.5,-13.0,-12.5,0.5,0.25,1,-9.0,-9.0,-9.0,-9.0,-9.0,0.0,0.0,4,53.5,53.375,53.5,53.0,53.5,0.5,0.25,1,52.5,52.5,52.5,52.5,52.5,0.0,0.0
401309640,2021,regular,11,2021-11-13 20:00:00+00:00,326,Texas State,290,Georgia Southern,4,-2.0,-2.125,-2.0,-2.5,-2.0,0.5,0.25,1,-2.5,-2.5,-2.5,-2.5,-2.5,0.0,0.0,4,52.0,52.125,52.0,52.0,52.5,0.5,0.25,1,53.5,53.5,53.5,53.5,53.5,0.0,0.0
401309641,2021,regular,11,2021-11-13 20:30:00+00:00,2653,Troy,309,Louisiana,4,6.5,6.5,6.5,6.5,6.5,0.0,0.0,1,7.5,7.5,7.5,7.5,7.5,0.0,0.0,4,48.0,48.0,48.0,48.0,48.0,0.0,0.0,1,47.5,47.5,47.5,47.5,47.5,0.0,0.0
401309642,2021,regular,12,2021-11-20 20:30:00+00:00,2653,Troy,2026,App State,4,10.0,9.875,10.0,9.5,10.0,0.5,0.25,1,10.0,10.0,10.0,10.0,10.0,0.0,0.0,4,51.5,51.375,51.5,51.0,51.5,0.5,0.25,1,51.5,51.5,51.5,51.5,51.5,0.0,0.0
401309643,2021,regular,12,2021-11-20 19:00:00+00:00,2247,Georgia State,2032,Arkansas State,4,-15.5,-15.625,-15.5,-16.0,-15.5,0.5,0.25,1,-16.0,-16.0,-16.0,-16.0,-16.0,0.0,0.0,4,66.0,65.875,66.0,65.5,66.0,0.5,0.25,1,62.5,62.5,62.5,62.5,62.5,0.0,0.0
401309644,2021,regular,12,2021-11-20 18:00:00+00:00,324,Coastal Carolina,326,Texas State,4,-24.5,-24.5,-24.5,-24.5,-24.5,0.0,0.0,1,-21.0,-21.0,-21.0,-21.0,-21.0,0.0,0.0,4,60.0,60.125,60.0,60.0,60.5,0.5,0.25,1,59.0,59.0,59.0,59.0,59.0,0.0,0.0
401309645,2021,regular,12,2021-11-20 21:00:00+00:00,290,Georgia Southern,252,BYU,4,20.0,20.0,20.0,20.0,20.0,0.0,0.0,1,20.0,20.0,20.0,20.0,20.0,0.0,0.0,4,57.25,57.25,57.25,57.0,57.5,0.5,0.28867513459481287,1,57.0,57.0,57.0,57.0,57.0,0.0,0.0
401309646,2021,regular,13,2021-11-27 19:30:00+00:00,2026,App State,290,Georgia Southern,4,-24.5,-24.5,-24.5,-24.5,-24.5,0.0,0.0,1,-24.5,-24.5,-24.5,-24.5,-24.5,0.0,0.0,4,55.0,55.125,55.0,55.0,55.5,0.5,0.25,1,55.5,55.5,55.5,55.5,55.5,0.0,0.0
401309647,2021,regular,13,2021-11-27 19:00:00+00:00,2032,Arkansas State,326,Texas State,4,-2.0,-2.0,-2.0,-2.0,-2.0,0.0,0.0,1,-2.0,-2.0,-2.0,-2.0,-2.0,0.0,0.0,4,62.25,62.25,62.25,62.0,62.5,0.5,0.28867513459481287,1,61.5,61.5,61.5,61.5,61.5,0.0,0.0
401309648,2021,regular,13,2021-11-26 20:30:00+00:00,6,South Alabama,324,Coastal Carolina,4,15.0,14.875,15.0,14.5,15.0,0.5,0.25,1,14.5,14.5,14.5,14.5,14.5,0.0,0.0,4,55.0,55.125,55.0,55.0,55.5,0.5,0.25,1,57.0,57.0,57.0,57.0,57.0,0.0,0.0
401309649,2021,regular,13,2021-11-27 19:00:00+00:00,2247,Georgia State,2653,Troy,4,-6.5,-6.5,-6.5,-6.5,-6.5,0.0,0.0,1,-6.5,-6.5,-6.5,-6.5,-6.5,0.0,0.0,4,49.5,49.5,49.5,49.5,49.5,0.0,0.0,1,49.5,49.5,49.5,49.5,49.5,0.0,0.0
401309650,2021,regular,13,2021-11-27 21:00:00+00:00,309,Louisiana,2433,UL Monroe,4,-21.5,-21.5,-21.5,-21.5,-21.5,0.0,0.0,1,-21.5,-21.5,-21.5,-21.5,-21.5,0.0,0.0,4,55.25,55.375,55.25,55.0,56.0,1.0,0.47871355387816905,1,54.5,54.5,54.5,54.5,54.5,0.0,0.0
401309753,2021,regular,2,2021-09-11 18:00:00+00:00,195,Ohio,2184,Duquesne,3,-28.5,-28.666666666666668,-28.5,-29.0,-28.5,0.5,0.28867513459481287,1,-28.5,-28.5,-28.5,-28.5,-28.5,0.0,0.0,3,49.0,48.833333333333336,49.0,48.5,49.0,0.5,0.28867513459481287,1,49.5,49.5,49.5,49.5,49.5,0.0,0.0
401309833,2021,regular,1,2021-08-28 19:30:00+00:00,26,UCLA,62,Hawai'i,5,-17.5,-17.6,-17.5,-18.0,-17.5,0.5,0.22360679774997896,1,-14.0,-14.0,-14.0,-14.0,-14.0,0.0,0.0,5,67.0,66.8,67.0,66.5,67.0,0.5,0.27386127875258304,1,70.5,70.5,70.5,70.5,70.5,0.0,0.0
401309834,2021,regular,1,2021-09-02 23:30:00+00:00,254,Utah,2692,Weber State,3,-29.5,-29.5,-29.5,-29.5,-29.5,0.0,0.0,1,-30.5,-30.5,-30.5,-30.5,-30.5,0.0,0.0,3,49.0,48.833333333333336,49.0,48.5,49.0,0.5,0.28867513459481287,1,49.0,49.0,49.0,49.0,49.0,0.0,0.0
401309835,2021,regular,1,2021-09-03 02:30:00+00:00,9,Arizona State,253,Southern Utah,3,-44.5,-44.833333333333336,-44.5,-45.5,-44.5,1.0,0.5773502691896257,1,-45.0,-45.0,-45.0,-45.0,-45.0,0.0,0.0,3,56.5,56.5,56.5,56.5,56.5,0.0,0.0,1,55.0,55.0,55.0,55.0,55.0,0.0,0.0
401309836,2021,regular,1,2021-09-04 01:00:00+00:00,38,Colorado,2458,Northern Colorado,3,-37.5,-37.666666666666664,-37.5,-38.0,-37.5,0.5,0.28867513459481287,1,-38.0,-38.0,-38.0,-38.0,-38.0,0.0,0.0,3,56.5,56.666666666666664,56.5,56.5,57.0,0.5,0.28867513459481287,1,56.0,56.0,56.0,56.0,56.0,0.0,0.0
401309837,2021,regular,1,2021-09-05 02:30:00+00:00,25,California,2440,Nevada,5,-3.0,-2.8,-3.0,-3.0,-2.5,0.5,0.27386127875258304,1,-3.5,-3.5,-3.5,-3.5,-3.5,0.0,0.0,5,52.5,52.5,52.5,52.5,52.5,0.0,0.0,1,52.5,52.5,52.5,52.5,52.5,0.0,0.0
401309838,2021,regular,1,2021-09-04 18:00:00+00:00,2483,Oregon,278,Fresno State,5,-19.5,-19.2,-19.5,-20.0,-18.0,2.0,0.758287544405155,1,-20.5,-20.5,-20.5,-20.5,-20.5,0.0,0.0,5,62.5,62.9,62.5,62.5,64.0,1.5,0.6519202405202649,1,61.5,61.5,61.5,61.5,61.5,0.0,0.0
401309839,2021,regular,1,2021-09-05 00:00:00+00:00,264,Washington,149,Montana,3,-22.5,-22.666666666666668,-22.5,-23.0,-22.5,0.5,0.28867513459481287,1,-23.0,-23.0,-23.0,-23.0,-23.0,0.0,0.0,3,54.0,54.0,54.0,54.0,54.0,0.0,0.0,1,54.0,54.0,54.0,54.0,54.0,0.0,0.0
401309840,2021,regular,1,2021-09-05 03:00:00+00:00,265,Washington State,328,Utah State,5,-17.5,-17.3,-17.5,-17.5,-17.0,0.5,0.27386127875258304,1,-15.5,-15.5,-15.5,-15.5,-15.5,0.0,0.0,5,66.5,66.4,66.5,66.0,66.5,0.5,0.22360679774997896,1,64.5,64.5,64.5,64.5,64.5,0.0,0.0
401309841,2021,regular,1,2021-09-05 02:30:00+00:00,12,Arizona,252,BYU,5,13.5,13.3,13.5,12.5,13.5,1.0,0.4472135954999579,1,10.0,10.0,10.0,10.0,10.0,0.0,0.0,5,54.0,53.8,54.0,53.5,54.0,0.5,0.27386127875258304,1,54.5,54.5,54.5,54.5,54.5,0.0,0.0
401309842,2021,regular,1,2021-09-04 21:00:00+00:00,30,USC,23,San José State,5,-14.0,-14.0,-14.0,-14.5,-13.5,1.0,0.3535533905932738,1,-16.5,-16.5,-16.5,-16.5,-16.5,0.0,0.0,5,61.0,60.9,61.0,60.0,61.5,1.5,0.5477225575051661,1,59.5,59.5,59.5,59.5,59.5,0.0,0.0
401309843,2021,regular,2,2021-09-12 02:30:00+00:00,30,USC,24,Stanford,5,-17.5,-17.3,-17.5,-17.5,-17.0,0.5,0.27386127875258304,1,-17.5,-17.5,-17.5,-17.5,-17.5,0.0,0.0,5,53.5,53.4,53.5,53.0,53.5,0.5,0.22360679774997896,1,51.0,51.0,51.0,51.0,51.0,0.0,0.0
401309844,2021,regular,2,2021-09-12 03:00:00+00:00,204,Oregon State,62,Hawai'i,5,-11.0,-11.1,-11.0,-11.5,-11.0,0.5,0.22360679774997896,1,-11.0,-11.0,-11.0,-11.0,-11.0,0.0,0.0,5,65.0,65.1,65.0,65.0,65.5,0.5,0.22360679774997896,1,61.0,61.0,61.0,61.0,61.0,0.0,0.0
401309845,2021,regular,2,2021-09-11 22:00:00+00:00,265,Washington State,2502,Portland State,3,-31.0,-31.0,-31.0,-31.0,-31.0,0.0,0.0,1,-31.0,-31.0,-31.0,-31.0,-31.0,0.0,0.0,3,65.5,65.66666666666667,65.5,65.5,66.0,0.5,0.28867513459481287,1,65.0,65.0,65.0,65.0,65.0,0.0,0.0
401309846,2021,regular,2,2021-09-12 02:00:00+00:00,12,Arizona,21,San Diego State,5,-1.5,-1.5,-1.5,-1.5,-1.5,0.0,0.0,1,0.0,0.0,0.0,0.0,0.0,0.0,0.0,5,46.5,46.3,46.5,45.5,47.0,1.5,0.570087712549569,1,48.0,48.0,48.0,48.0,48.0,0.0,0.0
401309847,2021,regular,2,2021-09-12 02:30:00+00:00,9,Arizona State,2439,UNLV,5,-34.5,-34.4,-34.5,-34.5,-34.0,0.5,0.22360679774997896,1,-33.5,-33.5,-33.5,-33.5,-33.5,0.0,0.0,5,55.5,55.5,55.5,54.5,56.0,1.5,0.6123724356957945,1,54.5,54.5,54.5,54.5,54.5,0.0,0.0
401309848,2021,regular,2,2021-09-12 02:15:00+00:00,252,BYU,254,Utah,5,7.0,7.1,7.0,7.0,7.5,0.5,0.22360679774997896,1,7.0,7.0,7.0,7.0,7.0,0.0,0.0,5,50.0,50.0,50.0,49.5,50.5,1.0,0.5,1,47.0,47.0,47.0,47.0,47.0,0.0,0.0
401309849,2021,regular,3,2021-09-18 20:00:00+00:00,25,California,16,Sacramento State,3,-24.5,-24.333333333333332,-24.5,-24.5,-24.0,0.5,0.28867513459481287,1,-24.5,-24.5,-24.5,-24.5,-24.5,0.0,0.0,3,49.0,49.0,49.0,49.0,49.0,0.0,0.0,1,49.0,49.0,49.0,49.0,49.0,0.0,0.0
401309850,2021,regular,3,2021-09-18 23:30:00+00:00,2483,Oregon,2619,Stony Brook,3,-42.0,-41.833333333333336,-42.0,-42.0,-41.5,0.5,0.28867513459481287,1,-40.5,-40.5,-40.5,-40.5,-40.5,0.0,0.0,3,54.5,54.166666666666664,54.5,53.5,54.5,1.0,0.5773502691896257,1,53.0,53.0,53.0,53.0,53.0,0.0,0.0
401309851,2021,regular,3,2021-09-18 19:30:00+00:00,204,Oregon State,70,Idaho,1,-28.0,-28.0,-28.0,-28.0,-28.0,0.0,0.0,1,-28.0,-28.0,-28.0,-28.0,-28.0,0.0,0.0,1,63.5,63.5,63.5,63.5,63.5,0.0,0.0,1,64.0,64.0,64.0,64.0,64.0,0.0,0.0
401309852,2021,regular,3,2021-09-18 19:30:00+00:00,265,Washington State,30,USC,5,7.0,7.4,7.0,7.0,8.5,1.5,0.6519202405202649,1,9.0,9.0,9.0,9.0,9.0,0.0,0.0,5,61.0,61.5,61.0,61.0,62.5,1.5,0.7071067811865476,1,63.0,63.0,63.0,63.0,63.0,0.0,0.0
401309853,2021,regular,3,2021-09-19 02:00:00+00:00,12,Arizona,2464,Northern Arizona,3,-26.5,-26.5,-26.5,-26.5,-26.5,0.0,0.0,1,-24.5,-24.5,-24.5,-24.5,-24.5,0.0,0.0,3,53.5,53.333333333333336,53.5,53.0,53.5,0.5,0.28867513459481287,1,52.0,52.0,52.0,52.0,52.0,0.0,0.0
401309854,2021,regular,3,2021-09-19 02:15:00+00:00,252,BYU,9,Arizona State,5,3.5,3.3,3.5,3.0,3.5,0.5,0.27386127875258304,1,2.5,2.5,2.5,2.5,2.5,0.0,0.0,5,50.5,50.7,50.5,50.5,51.5,1.0,0.4472135954999579,1,50.5,50.5,50.5,50.5,50.5,0.0,0.0
401309855,2021,regular,3,2021-09-19 02:45:00+00:00,26,UCLA,278,Fresno State,5,-11.0,-11.1,-11.0,-11.5,-11.0,0.5,0.22360679774997896,1,-10.0,-10.0,-10.0,-10.0,-10.0,0.0,0.0,5,64.0,63.6,64.0,60.5,65.0,4.5,1.8506755523321747,1,61.0,61.0,61.0,61.0,61.0,0.0,0.0
401309856,2021,regular,3,2021-09-18 23:00:00+00:00,21,San Diego State,254,Utah,5,8.0,7.9,8.0,7.5,8.0,0.5,0.22360679774997896,1,7.0,7.0,7.0,7.0,7.0,0.0,0.0,5,43.0,43.1,43.0,42.5,44.5,2.0,0.8215838362577492,1,44.5,44.5,44.5,44.5,44.5,0.0,0.0
401309857,2021,regular,4,2021-09-26 01:30:00+00:00,264,Washington,25,California,4,-7.5,-7.375,-7.5,-7.5,-7.0,0.5,0.25,1,-7.5,-7.5,-7.5,-7.5,-7.5,0.0,0.0,4,47.5,47.5,47.5,47.5,47.5,0.0,0.0,1,45.5,45.5,45.5,45.5,45.5,0.0,0.0
401309858,2021,regular,4,2021-09-25 22:00:00+00:00,24,Stanford,26,UCLA,4,4.0,4.0,4.0,4.0,4.0,0.0,0.0,1,3.5,3.5,3.5,3.5,3.5,0.0,0.0,4,60.0,60.125,60.0,60.0,60.5,0.5,0.25,1,59.0,59.0,59.0,59.0,59.0,0.0,0.0
401309859,2021,regular,4,2021-09-26 02:30:00+00:00,2483,Oregon,12,Arizona,4,-29.5,-29.5,-29.5,-29.5,-29.5,0.0,0.0,1,-28.0,-28.0,-28.0,-28.0,-28.0,0.0,0.0,4,58.75,58.625,58.75,58.0,59.0,1.0,0.47871355387816905,1,58.0,58.0,58.0,58.0,58.0,0.0,0.0
401309860,2021,regular,4,2021-09-26 02:30:00+00:00,30,USC,204,Oregon State,4,-11.0,-11.0,-11.0,-11.0,-11.0,0.0,0.0,1,-12.5,-12.5,-12.5,-12.5,-12.5,0.0,0.0,4,62.75,62.875,62.75,62.5,63.5,1.0,0.47871355387816905,1,60.5,60.5,60.5,60.5,60.5,0.0,0.0
401309861,2021,regular,4,2021-09-25 18:30:00+00:00,254,Utah,265,Washington State,4,-15.0,-15.0,-15.0,-15.0,-15.0,0.0,0.0,1,-14.0,-14.0,-14.0,-14.0,-14.0,0.0,0.0,4,53.25,53.25,53.25,53.0,53.5,0.5,0.28867513459481287,1,55.0,55.0,55.0,55.0,55.0,0.0,0.0
401309862,2021,regular,4,2021-09-26 02:30:00+00:00,9,Arizona State,38,Colorado,4,-14.0,-13.875,-14.0,-14.0,-13.5,0.5,0.25,1,-14.0,-14.0,-14.0,-14.0,-14.0,0.0,0.0,4,45.5,45.625,45.5,45.5,46.0,0.5,0.25,1,44.0,44.0,44.0,44.0,44.0,0.0,0.0
401309863,2021,regular,5,2021-10-02 21:30:00+00:00,25,California,265,Washington State,4,-7.5,-7.5,-7.5,-7.5,-7.5,0.0,0.0,1,-7.5,-7.5,-7.5,-7.5,-7.5,0.0,0.0,4,52.5,52.5,52.5,52.5,52.5,0.0,0.0,1,52.5,52.5,52.5,52.5,52.5,0.0,0.0
401309864,2021,regular,5,2021-10-02 19:30:00+00:00,24,Stanford,2483,Oregon,4,8.5,8.5,8.5,8.5,8.5,0.0,0.0,1,7.0,7.0,7.0,7.0,7.0,0.0,0.0,4,57.5,57.5,57.5,57.5,57.5,0.0,0.0,1,58.5,58.5,58.5,58.5,58.5,0.0,0.0
401309865,2021,regular,5,2021-10-03 01:00:00+00:00,204,Oregon State,264,Washington,4,-2.5,-2.375,-2.5,-2.5,-2.0,0.5,0.25,1,3.0,3.0,3.0,3.0,3.0,0.0,0.0,4,57.5,57.625,57.5,57.5,58.0,0.5,0.25,1,54.5,54.5,54.5,54.5,54.5,0.0,0.0
401309866,2021,regular,5,2021-10-03 02:30:00+00:00,26,UCLA,9,Arizona State,4,-3.0,-3.0,-3.0,-3.0,-3.0,0.0,0.0,1,-3.5,-3.5,-3.5,-3.5,-3.5,0.0,0.0,4,56.0,56.125,56.0,56.0,56.5,0.5,0.25,1,55.0,55.0,55.0,55.0,55.0,0.0,0.0
401309867,2021,regular,5,2021-10-02 18:00:00+00:00,38,Colorado,30,USC,4,9.0,9.0,9.0,9.0,9.0,0.0,0.0,1,7.0,7.0,7.0,7.0,7.0,0.0,0.0,4,51.0,50.875,51.0,50.5,51.0,0.5,0.25,1,50.5,50.5,50.5,50.5,50.5,0.0,0.0
401309868,2021,regular,6,2021-10-09 02:30:00+00:00,9,Arizona State,24,Stanford,4,-13.5,-13.5,-13.5,-13.5,-13.5,0.0,0.0,1,-10.5,-10.5,-10.5,-10.5,-10.5,0.0,0.0,4,53.5,53.5,53.5,53.5,53.5,0.0,0.0,1,52.0,52.0,52.0,52.0,52.0,0.0,0.0
401309869,2021,regular,6,2021-10-09 20:00:00+00:00,265,Washington State,204,Oregon State,4,4.0,4.0,4.0,4.0,4.0,0.0,0.0,1,3.0,3.0,3.0,3.0,3.0,0.0,0.0,4,59.0,59.0,59.0,59.0,59.0,0.0,0.0,1,59.0,59.0,59.0,59.0,59.0,0.0,0.0
401309870,2021,regular,6,2021-10-10 02:30:00+00:00,12,Arizona,26,UCLA,4,16.0,16.0,16.0,16.0,16.0,0.0,0.0,1,16.0,16.0,16.0,16.0,16.0,0.0,0.0,4,60.75,60.625,60.75,60.0,61.0,1.0,0.47871355387816905,1,61.0,61.0,61.0,61.0,61.0,0.0,0.0
401309871,2021,regular,6,2021-10-10 00:00:00+00:00,30,USC,254,Utah,4,-3.0,-3.0,-3.0,-3.0,-3.0,0.0,0.0,1,-3.5,-3.5,-3.5,-3.5,-3.5,0.0,0.0,4,52.75,52.75,52.75,52.5,53.0,0.5,0.28867513459481287,1,51.5,51.5,51.5,51.5,51.5,0.0,0.0
401309872,2021,regular,7,2021-10-16 02:30:00+00:00,2483,Oregon,25,California,4,-13.5,-13.5,-13.5,-13.5,-13.5,0.0,0.0,1,-15.0,-15.0,-15.0,-15.0,-15.0,0.0,0.0,4,53.5,53.5,53.5,53.5,53.5,0.0,0.0,1,55.5,55.5,55.5,55.5,55.5,0.0,0.0
401309873,2021,regular,7,2021-10-16 23:30:00+00:00,265,Washington State,24,Stanford,4,-1.0,-1.0,-1.0,-1.0,-1.0,0.0,0.0,1,2.5,2.5,2.5,2.5,2.5,0.0,0.0,4,53.0,53.0,53.0,53.0,53.0,0.0,0.0,1,50.5,50.5,50.5,50.5,50.5,0.0,0.0
401309874,2021,regular,7,2021-10-17 00:30:00+00:00,264,Washington,26,UCLA,4,-1.5,-1.5,-1.5,-1.5,-1.5,0.0,0.0,1,-1.0,-1.0,-1.0,-1.0,-1.0,0.0,0.0,4,55.5,55.375,55.5,55.0,55.5,0.5,0.25,1,55.0,55.0,55.0,55.0,55.0,0.0,0.0
401309875,2021,regular,7,2021-10-16 19:30:00+00:00,38,Colorado,12,Arizona,4,-6.0,-6.0,-6.0,-6.0,-6.0,0.0,0.0,1,-6.0,-6.0,-6.0,-6.0,-6.0,0.0,0.0,4,46.5,46.625,46.5,46.5,47.0,0.5,0.25,1,43.5,43.5,43.5,43.5,43.5,0.0,0.0
401309876,2021,regular,7,2021-10-17 02:00:00+00:00,254,Utah,9,Arizona State,4,-1.5,-1.375,-1.5,-1.5,-1.0,0.5,0.25,1,1.0,1.0,1.0,1.0,1.0,0.0,0.0,4,51.25,51.5,51.25,51.0,52.5,1.5,0.7071067811865476,1,51.0,51.0,51.0,51.0,51.0,0.0,0.0
401309877,2021,regular,8,2021-10-23 02:30:00+00:00,12,Arizona,264,Washington,4,17.25,17.25,17.25,17.0,17.5,0.5,0.28867513459481287,1,16.0,16.0,16.0,16.0,16.0,0.0,0.0,4,45.5,45.625,45.5,45.5,46.0,0.5,0.25,1,45.0,45.0,45.0,45.0,45.0,0.0,0.0
401309878,2021,regular,8,2021-10-23 19:30:00+00:00,25,California,38,Colorado,4,-8.25,-8.25,-8.25,-8.5,-8.0,0.5,0.28867513459481287,1,-10.0,-10.0,-10.0,-10.0,-10.0,0.0,0.0,4,44.0,44.0,44.0,44.0,44.0,0.0,0.0,1,43.0,43.0,43.0,43.0,43.0,0.0,0.0
401309879,2021,regular,8,2021-10-23 19:30:00+00:00,26,UCLA,2483,Oregon,4,-1.0,-1.0,-1.0,-1.0,-1.0,0.0,0.0,1,-1.5,-1.5,-1.5,-1.5,-1.5,0.0,0.0,4,61.5,61.75,61.5,61.5,62.5,1.0,0.5,1,57.5,57.5,57.5,57.5,57.5,0.0,0.0
401309880,2021,regular,8,2021-10-23 23:30:00+00:00,204,Oregon State,254,Utah,4,3.0,3.0,3.0,3.0,3.0,0.0,0.0,1,3.5,3.5,3.5,3.5,3.5,0.0,0.0,4,57.75,57.625,57.75,57.0,58.0,1.0,0.47871355387816905,1,56.0,56.0,56.0,56.0,56.0,0.0,0.0
401309881,2021,regular,8,2021-10-23 19:30:00+00:00,265,Washington State,252,BYU,4,3.5,3.625,3.5,3.5,4.0,0.5,0.25,1,1.0,1.0,1.0,1.0,1.0,0.0,0.0,4,56.5,56.5,56.5,56.5,56.5,0.0,0.0,1,53.0,53.0,53.0,53.0,53.0,0.0,0.0
401309882,2021,regular,9,2021-10-30 23:00:00+00:00,25,California,204,Oregon State,4,2.0,2.125,2.0,2.0,2.5,0.5,0.25,1,1.5,1.5,1.5,1.5,1.5,0.0,0.0,4,56.5,56.25,56.5,55.5,56.5,1.0,0.5,1,56.0,56.0,56.0,56.0,56.0,0.0,0.0
401309883,2021,regular,9,2021-10-31 02:30:00+00:00,24,Stanford,264,Washington,4,-2.5,-2.625,-2.5,-3.0,-2.5,0.5,0.25,1,-2.5,-2.5,-2.5,-2.5,-2.5,0.0,0.0,4,46.0,45.875,46.0,45.5,46.0,0.5,0.25,1,48.0,48.0,48.0,48.0,48.0,0.0,0.0
401309884,2021,regular,9,2021-10-30 19:30:00+00:00,2483,Oregon,38,Colorado,4,-24.5,-24.5,-24.5,-24.5,-24.5,0.0,0.0,1,-26.0,-26.0,-26.0,-26.0,-26.0,0.0,0.0,4,49.5,49.375,49.5,49.0,49.5,0.5,0.25,1,48.5,48.5,48.5,48.5,48.5,0.0,0.0
401309885,2021,regular,9,2021-10-30 19:00:00+00:00,9,Arizona State,265,Washington State,4,-16.5,-16.375,-16.5,-16.5,-16.0,0.5,0.25,1,-15.0,-15.0,-15.0,-15.0,-15.0,0.0,0.0,4,54.5,54.625,54.5,54.0,55.5,1.5,0.6291528696058958,1,51.5,51.5,51.5,51.5,51.5,0.0,0.0
401309886,2021,regular,9,2021-10-30 23:00:00+00:00,30,USC,12,Arizona,4,-21.5,-21.625,-21.5,-22.0,-21.5,0.5,0.25,1,-20.5,-20.5,-20.5,-20.5,-20.5,0.0,0.0,4,55.5,55.375,55.5,55.0,55.5,0.5,0.25,1,56.5,56.5,56.5,56.5,56.5,0.0,0.0
401309887,2021,regular,9,2021-10-31 02:00:00+00:00,254,Utah,26,UCLA,4,-6.25,-6.25,-6.25,-6.5,-6.0,0.5,0.28867513459481287,1,-4.5,-4.5,-4.5,-4.5,-4.5,0.0,0.0,4,60.5,60.5,60.5,60.5,60.5,0.0,0.0,1,61.0,61.0,61.0,61.0,61.0,0.0,0.0
401309888,2021,regular,10,2021-11-06 02:30:00+00:00,24,Stanford,254,Utah,4,10.25,10.375,10.25,10.0,11.0,1.0,0.47871355387816905,1,6.5,6.5,6.5,6.5,6.5,0.0,0.0,4,51.75,51.75,51.75,51.5,52.0,0.5,0.28867513459481287,1,52.5,52.5,52.5,52.5,52.5,0.0,0.0
401309889,2021,regular,10,2021-11-06 19:00:00+00:00,12,Arizona,25,California,4,7.0,7.375,7.0,7.0,8.5,1.5,0.75,1,12.0,12.0,12.0,12.0,12.0,0.0,0.0,4,47.0,47.5,47.0,47.0,49.0,2.0,1.0,1,50.5,50.5,50.5,50.5,50.5,0.0,0.0
401309890,2021,regular,10,2021-11-06 23:30:00+00:00,264,Washington,2483,Oregon,4,7.0,7.0,7.0,7.0,7.0,0.0,0.0,1,6.5,6.5,6.5,6.5,6.5,0.0,0.0,4,48.0,48.0,48.0,48.0,48.0,0.0,0.0,1,50.5,50.5,50.5,50.5,50.5,0.0,0.0
401309891,2021,regular,10,2021-11-06 23:00:00+00:00,38,Colorado,204,Oregon State,4,11.5,11.5,11.5,11.5,11.5,0.0,0.0,1,10.5,10.5,10.5,10.5,10.5,0.0,0.0,4,55.5,55.375,55.5,55.0,55.5,0.5,0.25,1,54.0,54.0,54.0,54.0,54.0,0.0,0.0
401309892,2021,regular,10,2021-11-07 02:30:00+00:00,9,Arizona State,30,USC,4,-9.75,-9.75,-9.75,-10.0,-9.5,0.5,0.28867513459481287,1,-8.0,-8.0,-8.0,-8.0,-8.0,0.0,0.0,4,61.5,61.5,61.5,61.0,62.0,1.0,0.5773502691896257,1,59.0,59.0,59.0,59.0,59.0,0.0,0.0
401309894,2021,regular,11,2021-11-13 22:30:00+00:00,204,Oregon State,24,Stanford,4,-12.5,-12.625,-12.5,-13.0,-12.5,0.5,0.25,1,-10.0,-10.0,-10.0,-10.0,-10.0,0.0,0.0,4,56.25,56.25,56.25,56.0,56.5,0.5,0.28867513459481287,1,56.0,56.0,56.0,56.0,56.0,0.0,0.0
401309895,2021,regular,11,2021-11-14 03:30:00+00:00,2483,Oregon,265,Washington State,4,-13.25,-13.25,-13.25,-13.5,-13.0,0.5,0.28867513459481287,1,-13.5,-13.5,-13.5,-13.5,-13.5,0.0,0.0,4,57.75,57.75,57.75,57.5,58.0,0.5,0.28867513459481287,1,56.5,56.5,56.5,56.5,56.5,0.0,0.0
401309896,2021,regular,11,2021-11-13 19:00:00+00:00,12,Arizona,254,Utah,4,24.0,24.125,24.0,24.0,24.5,0.5,0.25,1,24.0,24.0,24.0,24.0,24.0,0.0,0.0,4,54.5,54.5,54.5,54.5,54.5,0.0,0.0,1,54.0,54.0,54.0,54.0,54.0,0.0,0.0
401309897,2021,regular,11,2021-11-14 00:00:00+00:00,264,Washington,9,Arizona State,4,6.0,6.0,6.0,6.0,6.0,0.0,0.0,1,5.0,5.0,5.0,5.0,5.0,0.0,0.0,4,45.5,45.5,45.5,45.5,45.5,0.0,0.0,1,43.5,43.5,43.5,43.5,43.5,0.0,0.0
401309898,2021,regular,11,2021-11-14 02:00:00+00:00,26,UCLA,38,Colorado,4,-18.0,-18.0,-18.0,-18.0,-18.0,0.0,0.0,1,-15.0,-15.0,-15.0,-15.0,-15.0,0.0,0.0,4,57.25,57.25,57.25,57.0,57.5,0.5,0.28867513459481287,1,58.0,58.0,58.0,58.0,58.0,0.0,0.0
401309899,2021,regular,12,2021-11-20 02:00:00+00:00,265,Washington State,12,Arizona,4,-14.75,-14.75,-14.75,-15.0,-14.5,0.5,0.28867513459481287,1,-15.0,-15.0,-15.0,-15.0,-15.0,0.0,0.0,4,52.5,52.5,52.5,52.5,52.5,0.0,0.0,1,52.5,52.5,52.5,52.5,52.5,0.0,0.0
401309900,2021,regular,12,2021-11-21 00:00:00+00:00,24,Stanford,25,California,4,2.5,2.5,2.5,2.5,2.5,0.0,0.0,1,3.5,3.5,3.5,3.5,3.5,0.0,0.0,4,46.0,45.875,46.0,45.5,46.0,0.5,0.25,1,43.5,43.5,43.5,43.5,43.5,0.0,0.0
401309901,2021,regular,12,2021-11-21 00:30:00+00:00,254,Utah,2483,Oregon,4,-3.0,-3.0,-3.0,-3.0,-3.0,0.0,0.0,1,-3.0,-3.0,-3.0,-3.0,-3.0,0.0,0.0,4,58.5,58.5,58.5,58.5,58.5,0.0,0.0,1,59.0,59.0,59.0,59.0,59.0,0.0,0.0
401309902,2021,regular,12,2021-11-21 03:30:00+00:00,204,Oregon State,9,Arizona State,4,3.0,2.875,3.0,2.5,3.0,0.5,0.25,1,2.5,2.5,2.5,2.5,2.5,0.0,0.0,4,59.0,58.875,59.0,58.5,59.0,0.5,0.25,1,60.0,60.0,60.0,60.0,60.0,0.0,0.0
401309903,2021,regular,12,2021-11-20 20:00:00+00:00,38,Colorado,264,Washington,4,6.5,6.5,6.5,6.5,6.5,0.0,0.0,1,5.5,5.5,5.5,5.5,5.5,0.0,0.0,4,43.0,43.0,43.0,43.0,43.0,0.0,0.0,1,43.0,43.0,43.0,43.0,43.0,0.0,0.0
401309904,2021,regular,12,2021-11-20 21:00:00+00:00,30,USC,26,UCLA,4,3.5,3.75,3.5,3.5,4.5,1.0,0.5,1,3.0,3.0,3.0,3.0,3.0,0.0,0.0,4,65.5,65.75,65.5,65.5,66.5,1.0,0.5,1,65.0,65.0,65.0,65.0,65.0,0.0,0.0
401309905,2021,regular,13,2021-11-27 01:00:00+00:00,264,Washington,265,Washington State,4,1.0,0.5,1.0,-1.0,1.0,2.0,1.0,1,1.5,1.5,1.5,1.5,1.5,0.0,0.0,4,45.0,45.0,45.0,45.0,45.0,0.0,0.0,1,43.5,43.5,43.5,43.5,43.5,0.0,0.0
401309906,2021,regular,13,2021-11-26 21:00:00+00:00,254,Utah,38,Colorado,4,-24.0,-24.0,-24.0,-24.0,-24.0,0.0,0.0,1,-24.0,-24.0,-24.0,-24.0,-24.0,0.0,0.0,4,52.5,52.375,52.5,52.0,52.5,0.5,0.25,1,52.5,52.5,52.5,52.5,52.5,0.0,0.0
401309907,2021,regular,13,2021-11-28 03:30:00+00:00,26,UCLA,25,California,4,-6.5,-6.5,-6.5,-6.5,-6.5,0.0,0.0,1,-7.0,-7.0,-7.0,-7.0,-7.0,0.0,0.0,4,58.5,58.5,58.5,58.5,58.5,0.0,0.0,1,57.5,57.5,57.5,57.5,57.5,0.0,0.0
401309908,2021,regular,13,2021-11-27 20:30:00+00:00,2483,Oregon,204,Oregon State,4,-7.5,-7.375,-7.5,-7.5,-7.0,0.5,0.25,1,-7.0,-7.0,-7.0,-7.0,-7.0,0.0,0.0,4,61.25,61.25,61.25,61.0,61.5,0.5,0.28867513459481287,1,61.5,61.5,61.5,61.5,61.5,0.0,0.0
401309909,2021,regular,13,2021-11-27 21:00:00+00:00,9,Arizona State,12,Arizona,4,-20.0,-20.0,-20.0,-20.0,-20.0,0.0,0.0,1,-20.0,-20.0,-20.0,-20.0,-20.0,0.0,0.0,4,53.0,52.875,53.0,52.5,53.0,0.5,0.25,1,52.0,52.0,52.0,52.0,52.0,0.0,0.0
401309910,2021,regular,13,2021-11-28 03:30:00+00:00,30,USC,252,BYU,4,8.5,8.125,8.5,7.0,8.5,1.5,0.75,1,7.0,7.0,7.0,7.0,7.0,0.0,0.0,4,65.5,65.375,65.5,65.0,65.5,0.5,0.25,1,64.5,64.5,64.5,64.5,64.5,0.0,0.0
401309912,2021,regular,5,2021-10-02 01:00:00+00:00,328,Utah State,252,BYU,4,8.5,8.5,8.5,8.0,9.0,1.0,0.5773502691896257,1,8.5,8.5,8.5,8.5,8.5,0.0,0.0,4,65.75,65.75,65.75,65.5,66.0,0.5,0.28867513459481287,1,58.0,58.0,58.0,58.0,58.0,0.0,0.0
401309913,2021,regular,6,2021-10-09 19:30:00+00:00,252,BYU,68,Boise State,4,-6.0,-6.125,-6.0,-6.5,-6.0,0.5,0.25,1,-3.5,-3.5,-3.5,-3.5,-3.5,0.0,0.0,4,58.0,57.875,58.0,57.5,58.0,0.5,0.25,1,56.0,56.0,56.0,56.0,56.0,0.0,0.0
401309914,2021,regular,10,2021-11-06 19:30:00+00:00,252,BYU,304,Idaho State,3,-36.5,-36.333333333333336,-36.5,-36.5,-36.0,0.5,0.28867513459481287,1,-36.0,-36.0,-36.0,-36.0,-36.0,0.0,0.0,3,55.0,55.0,55.0,55.0,55.0,0.0,0.0,1,54.0,54.0,54.0,54.0,54.0,0.0,0.0
401309937,2021,regular,1,2021-09-03 22:00:00+00:00,259,Virginia Tech,153,North Carolina,5,5.5,5.6,5.5,5.5,6.0,0.5,0.22360679774997896,1,5.5,5.5,5.5,5.5,5.5,0.0,0.0,5,63.5,63.5,63.5,63.5,63.5,0.0,0.0,1,66.0,66.0,66.0,66.0,66.0,0.0,0.0
401310253,2021,regular,10,2021-11-06 15:30:00+00:00,2005,Air Force,349,Army,4,-2.5,-2.5,-2.5,-2.5,-2.5,0.0,0.0,1,-3.0,-3.0,-3.0,-3.0,-3.0,0.0,0.0,4,37.5,37.5,37.5,37.5,37.5,0.0,0.0,1,37.5,37.5,37.5,37.5,37.5,0.0,0.0
401310254,2021,regular,11,2021-11-13 17:00:00+00:00,349,Army,2083,Bucknell,3,-51.5,-51.333333333333336,-51.5,-51.5,-51.0,0.5,0.28867513459481287,1,-51.0,-51.0,-51.0,-51.0,-51.0,0.0,0.0,3,58.5,58.5,58.5,58.5,58.5,0.0,0.0,1,58.5,58.5,58.5,58.5,58.5,0.0,0.0
401310676,2021,regular,14,2021-12-04 20:00:00+00:00,21,San Diego State,328,Utah State,4,-6.5,-6.375,-6.5,-6.5,-6.0,0.5,0.25,1,-4.0,-4.0,-4.0,-4.0,-4.0,0.0,0.0,4,49.5,49.5,49.5,49.5,49.5,0.0,0.0,1,50.5,50.5,50.5,50.5,50.5,0.0,0.0
401310693,2021,regular,1,2021-08-29 02:00:00+00:00,23,San José State,253,Southern Utah,3,-28.0,-28.166666666666668,-28.0,-28.5,-28.0,0.5,0.28867513459481287,1,-22.5,-22.5,-22.5,-22.5,-22.5,0.0,0.0,3,57.5,57.5,57.5,57.5,57.5,0.0,0.0,1,56.5,56.5,56.5,56.5,56.5,0.0,0.0
401310694,2021,regular,1,2021-09-03 02:00:00+00:00,2439,UNLV,331,Eastern Washington,3,2.0,2.0,2.0,2.0,2.0,0.0,0.0,1,-1.0,-1.0,-1.0,-1.0,-1.0,0.0,0.0,3,66.0,66.0,66.0,66.0,66.0,0.0,0.0,1,67.0,67.0,67.0,67.0,67.0,0.0,0.0
401310695,2021,regular,1,2021-09-04 01:00:00+00:00,36,Colorado State,2571,South Dakota State,3,-2.5,-2.3333333333333335,-2.5,-2.5,-2.0,0.5,0.28867513459481287,1,-3.0,-3.0,-3.0,-3.0,-3.0,0.0,0.0,3,50.5,50.5,50.5,50.5,50.5,0.0,0.0,1,52.0,52.0,52.0,52.0,52.0,0.0,0.0
401310696,2021,regular,1,2021-09-03 00:00:00+00:00,167,New Mexico,2277,Houston Christian,3,-25.5,-25.5,-25.5,-25.5,-25.5,0.0,0.0,1,-24.5,-24.5,-24.5,-24.5,-24.5,0.0,0.0,3,66.0,66.16666666666667,66.0,66.0,66.5,0.5,0.28867513459481287,1,66.5,66.5,66.5,66.5,66.5,0.0,0.0
401310697,2021,regular,1,2021-09-04 20:00:00+00:00,2751,Wyoming,147,Montana State,3,-19.0,-19.0,-19.0,-19.0,-19.0,0.0,0.0,1,-19.0,-19.0,-19.0,-19.0,-19.0,0.0,0.0,3,45.0,45.0,45.0,45.0,45.0,0.0,0.0,1,45.0,45.0,45.0,45.0,45.0,0.0,0.0
401310698,2021,regular,1,2021-09-05 03:59:00+00:00,62,Hawai'i,2502,Portland State,1,-26.0,-26.0,-26.0,-26.0,-26.0,0.0,0.0,1,-24.5,-24.5,-24.5,-24.5,-24.5,0.0,0.0,1,57.5,57.5,57.5,57.5,57.5,0.0,0.0,1,57.5,57.5,57.5,57.5,57.5,0.0,0.0
401310699,2021,regular,1,2021-09-05 02:30:00+00:00,21,San Diego State,166,New Mexico State,5,-31.0,-31.2,-31.0,-31.5,-31.0,0.5,0.27386127875258304,1,-28.5,-28.5,-28.5,-28.5,-28.5,0.0,0.0,5,50.5,50.6,50.5,50.5,51.0,0.5,0.22360679774997896,1,50.0,50.0,50.0,50.0,50.0,0.0,0.0
401310700,2021,regular,2,2021-09-11 23:00:00+00:00,167,New Mexico,166,New Mexico State,5,-19.5,-19.5,-19.5,-19.5,-19.5,0.0,0.0,1,-18.5,-18.5,-18.5,-18.5,-18.5,0.0,0.0,5,55.5,55.6,55.5,55.5,56.0,0.5,0.22360679774997896,1,53.0,53.0,53.0,53.0,53.0,0.0,0.0
401310701,2021,regular,2,2021-09-11 02:20:00+00:00,328,Utah State,155,North Dakota,3,-6.5,-6.5,-6.5,-6.5,-6.5,0.0,0.0,1,-7.0,-7.0,-7.0,-7.0,-7.0,0.0,0.0,3,54.0,53.833333333333336,54.0,53.5,54.0,0.5,0.28867513459481287,1,53.5,53.5,53.5,53.5,53.5,0.0,0.0
401310702,2021,regular,2,2021-09-12 02:00:00+00:00,278,Fresno State,13,Cal Poly,3,-32.5,-32.166666666666664,-32.5,-32.5,-31.5,1.0,0.5773502691896257,1,-31.5,-31.5,-31.5,-31.5,-31.5,0.0,0.0,3,59.5,59.0,59.5,58.0,59.5,1.5,0.8660254037844386,1,58.0,58.0,58.0,58.0,58.0,0.0,0.0
401310703,2021,regular,2,2021-09-12 02:30:00+00:00,2440,Nevada,304,Idaho State,3,-35.0,-34.666666666666664,-35.0,-35.0,-34.0,1.0,0.5773502691896257,1,-35.0,-35.0,-35.0,-35.0,-35.0,0.0,0.0,3,56.5,55.666666666666664,56.5,54.0,56.5,2.5,1.4433756729740643,1,54.0,54.0,54.0,54.0,54.0,0.0,0.0
401310704,2021,regular,3,2021-09-18 23:30:00+00:00,2005,Air Force,328,Utah State,5,-9.0,-8.9,-9.0,-9.0,-8.5,0.5,0.22360679774997896,1,-9.0,-9.0,-9.0,-9.0,-9.0,0.0,0.0,5,54.0,53.6,54.0,51.5,54.5,3.0,1.1937336386313322,1,51.5,51.5,51.5,51.5,51.5,0.0,0.0
401310705,2021,regular,3,2021-09-19 04:30:00+00:00,62,Hawai'i,23,San José State,5,8.0,7.5,8.0,6.5,8.0,1.5,0.7071067811865476,1,7.0,7.0,7.0,7.0,7.0,0.0,0.0,5,62.5,62.2,62.5,60.5,63.0,2.5,1.036822067666386,1,59.5,59.5,59.5,59.5,59.5,0.0,0.0
401310706,2021,regular,4,2021-09-25 16:00:00+00:00,328,Utah State,68,Boise State,4,9.5,9.5,9.5,9.5,9.5,0.0,0.0,1,9.0,9.0,9.0,9.0,9.0,0.0,0.0,4,69.5,69.625,69.5,69.5,70.0,0.5,0.25,1,63.5,63.5,63.5,63.5,63.5,0.0,0.0
401310707,2021,regular,4,2021-09-25 02:00:00+00:00,278,Fresno State,2439,UNLV,4,-30.0,-30.0,-30.0,-30.0,-30.0,0.0,0.0,1,-31.0,-31.0,-31.0,-31.0,-31.0,0.0,0.0,4,59.0,58.875,59.0,58.5,59.0,0.5,0.25,1,57.5,57.5,57.5,57.5,57.5,0.0,0.0
401310708,2021,regular,4,2021-09-26 00:00:00+00:00,166,New Mexico State,62,Hawai'i,4,17.0,17.0,17.0,17.0,17.0,0.0,0.0,1,17.0,17.0,17.0,17.0,17.0,0.0,0.0,4,63.0,63.0,63.0,63.0,63.0,0.0,0.0,1,57.5,57.5,57.5,57.5,57.5,0.0,0.0
401310709,2021,regular,4,2021-09-25 19:30:00+00:00,21,San Diego State,119,Towson,3,-23.0,-23.0,-23.0,-23.0,-23.0,0.0,0.0,1,-23.0,-23.0,-23.0,-23.0,-23.0,0.0,0.0,3,41.0,41.0,41.0,41.0,41.0,0.0,0.0,1,41.5,41.5,41.5,41.5,41.5,0.0,0.0
401310710,2021,regular,5,2021-10-02 22:30:00+00:00,167,New Mexico,2005,Air Force,4,11.5,11.5,11.5,11.5,11.5,0.0,0.0,1,10.5,10.5,10.5,10.5,10.5,0.0,0.0,4,45.5,45.625,45.5,45.5,46.0,0.5,0.25,1,48.5,48.5,48.5,48.5,48.5,0.0,0.0
401310711,2021,regular,5,2021-10-02 19:30:00+00:00,68,Boise State,2440,Nevada,4,-3.5,-3.75,-3.5,-4.5,-3.5,1.0,0.5,1,-6.5,-6.5,-6.5,-6.5,-6.5,0.0,0.0,4,59.0,59.0,59.0,59.0,59.0,0.0,0.0,1,56.0,56.0,56.0,56.0,56.0,0.0,0.0
401310712,2021,regular,5,2021-10-03 03:00:00+00:00,62,Hawai'i,278,Fresno State,4,10.75,10.875,10.75,10.5,11.5,1.0,0.47871355387816905,1,10.0,10.0,10.0,10.0,10.0,0.0,0.0,4,64.25,64.25,64.25,64.0,64.5,0.5,0.28867513459481287,1,63.0,63.0,63.0,63.0,63.0,0.0,0.0
401310713,2021,regular,5,2021-10-03 02:30:00+00:00,23,San José State,166,New Mexico State,4,-25.5,-25.5,-25.5,-25.5,-25.5,0.0,0.0,1,-27.5,-27.5,-27.5,-27.5,-27.5,0.0,0.0,4,51.5,51.5,51.5,51.5,51.5,0.0,0.0,1,51.5,51.5,51.5,51.5,51.5,0.0,0.0
401310714,2021,regular,6,2021-10-09 23:00:00+00:00,2005,Air Force,2751,Wyoming,4,-5.5,-5.5,-5.5,-5.5,-5.5,0.0,0.0,1,-4.0,-4.0,-4.0,-4.0,-4.0,0.0,0.0,4,46.5,46.375,46.5,46.0,46.5,0.5,0.25,1,49.0,49.0,49.0,49.0,49.0,0.0,0.0
401310715,2021,regular,6,2021-10-09 19:30:00+00:00,36,Colorado State,23,San José State,4,-3.5,-3.5,-3.5,-3.5,-3.5,0.0,0.0,1,-1.0,-1.0,-1.0,-1.0,-1.0,0.0,0.0,4,44.5,44.375,44.5,44.0,44.5,0.5,0.25,1,45.5,45.5,45.5,45.5,45.5,0.0,0.0
401310716,2021,regular,6,2021-10-10 01:00:00+00:00,21,San Diego State,167,New Mexico,4,-19.5,-19.5,-19.5,-19.5,-19.5,0.0,0.0,1,-19.0,-19.0,-19.0,-19.0,-19.0,0.0,0.0,4,42.5,42.5,42.5,42.5,42.5,0.0,0.0,1,44.5,44.5,44.5,44.5,44.5,0.0,0.0
401310717,2021,regular,6,2021-10-10 02:30:00+00:00,2440,Nevada,166,New Mexico State,4,-28.5,-28.375,-28.5,-28.5,-28.0,0.5,0.25,1,-33.5,-33.5,-33.5,-33.5,-33.5,0.0,0.0,4,64.75,64.625,64.75,64.0,65.0,1.0,0.47871355387816905,1,61.5,61.5,61.5,61.5,61.5,0.0,0.0
401310718,2021,regular,7,2021-10-17 01:00:00+00:00,68,Boise State,2005,Air Force,4,-3.0,-3.125,-3.0,-3.5,-3.0,0.5,0.25,1,-6.0,-6.0,-6.0,-6.0,-6.0,0.0,0.0,4,52.0,52.0,52.0,52.0,52.0,0.0,0.0,1,50.5,50.5,50.5,50.5,50.5,0.0,0.0
401310719,2021,regular,7,2021-10-16 23:00:00+00:00,167,New Mexico,36,Colorado State,4,13.0,12.625,13.0,11.5,13.0,1.5,0.75,1,9.5,9.5,9.5,9.5,9.5,0.0,0.0,4,44.75,44.875,44.75,44.5,45.5,1.0,0.47871355387816905,1,44.0,44.0,44.0,44.0,44.0,0.0,0.0
401310720,2021,regular,7,2021-10-16 23:00:00+00:00,2439,UNLV,328,Utah State,4,7.25,7.25,7.25,7.0,7.5,0.5,0.28867513459481287,1,7.5,7.5,7.5,7.5,7.5,0.0,0.0,4,64.0,64.0,64.0,64.0,64.0,0.0,0.0,1,57.5,57.5,57.5,57.5,57.5,0.0,0.0
401310721,2021,regular,7,2021-10-16 19:30:00+00:00,2751,Wyoming,278,Fresno State,4,3.0,3.0,3.0,3.0,3.0,0.0,0.0,1,3.5,3.5,3.5,3.5,3.5,0.0,0.0,4,53.5,53.5,53.5,53.5,53.5,0.0,0.0,1,56.0,56.0,56.0,56.0,56.0,0.0,0.0
401310722,2021,regular,7,2021-10-17 02:30:00+00:00,2440,Nevada,62,Hawai'i,4,-14.0,-14.125,-14.0,-14.5,-14.0,0.5,0.25,1,-16.0,-16.0,-16.0,-16.0,-16.0,0.0,0.0,4,61.5,61.5,61.5,61.5,61.5,0.0,0.0,1,59.5,59.5,59.5,59.5,59.5,0.0,0.0
401310723,2021,regular,7,2021-10-16 02:30:00+00:00,23,San José State,21,San Diego State,4,9.75,9.75,9.75,9.5,10.0,0.5,0.28867513459481287,1,8.0,8.0,8.0,8.0,8.0,0.0,0.0,4,41.0,41.0,41.0,41.0,41.0,0.0,0.0,1,43.0,43.0,43.0,43.0,43.0,0.0,0.0
401310724,2021,regular,8,2021-10-23 23:00:00+00:00,2005,Air Force,21,San Diego State,4,-3.0,-2.875,-3.0,-3.0,-2.5,0.5,0.25,1,-4.5,-4.5,-4.5,-4.5,-4.5,0.0,0.0,4,39.0,38.875,39.0,38.5,39.0,0.5,0.25,1,41.0,41.0,41.0,41.0,41.0,0.0,0.0
401310725,2021,regular,8,2021-10-23 01:30:00+00:00,328,Utah State,36,Colorado State,4,3.0,3.0,3.0,3.0,3.0,0.0,0.0,1,2.5,2.5,2.5,2.5,2.5,0.0,0.0,4,58.5,58.5,58.5,58.5,58.5,0.0,0.0,1,55.0,55.0,55.0,55.0,55.0,0.0,0.0
401310726,2021,regular,8,2021-10-23 19:30:00+00:00,2751,Wyoming,167,New Mexico,4,-20.0,-19.875,-20.0,-20.0,-19.5,0.5,0.25,1,-19.0,-19.0,-19.0,-19.0,-19.0,0.0,0.0,4,40.5,40.625,40.5,40.5,41.0,0.5,0.25,1,40.0,40.0,40.0,40.0,40.0,0.0,0.0
401310727,2021,regular,8,2021-10-23 23:00:00+00:00,278,Fresno State,2440,Nevada,4,-3.5,-3.5,-3.5,-3.5,-3.5,0.0,0.0,1,-4.0,-4.0,-4.0,-4.0,-4.0,0.0,0.0,4,64.5,64.375,64.5,64.0,64.5,0.5,0.25,1,61.0,61.0,61.0,61.0,61.0,0.0,0.0
401310728,2021,regular,8,2021-10-24 03:59:00+00:00,62,Hawai'i,166,New Mexico State,2,-18.5,-18.5,-18.5,-19.0,-18.0,1.0,0.7071067811865476,1,-18.0,-18.0,-18.0,-18.0,-18.0,0.0,0.0,2,62.75,62.75,62.75,62.5,63.0,0.5,0.3535533905932738,1,60.0,60.0,60.0,60.0,60.0,0.0,0.0
401310729,2021,regular,8,2021-10-22 03:00:00+00:00,2439,UNLV,23,San José State,4,6.0,5.875,6.0,5.5,6.0,0.5,0.25,1,4.5,4.5,4.5,4.5,4.5,0.0,0.0,4,44.0,44.0,44.0,44.0,44.0,0.0,0.0,1,46.5,46.5,46.5,46.5,46.5,0.0,0.0
401310730,2021,regular,9,2021-10-30 23:00:00+00:00,36,Colorado State,68,Boise State,4,2.0,2.125,2.0,2.0,2.5,0.5,0.25,1,2.5,2.5,2.5,2.5,2.5,0.0,0.0,4,51.5,51.5,51.5,51.5,51.5,0.0,0.0,1,51.0,51.0,51.0,51.0,51.0,0.0,0.0
401310731,2021,regular,9,2021-10-30 19:00:00+00:00,328,Utah State,62,Hawai'i,4,-4.0,-4.125,-4.0,-5.0,-3.5,1.5,0.75,1,-6.5,-6.5,-6.5,-6.5,-6.5,0.0,0.0,4,66.0,66.0,66.0,66.0,66.0,0.0,0.0,1,66.5,66.5,66.5,66.5,66.5,0.0,0.0
401310732,2021,regular,9,2021-10-30 20:00:00+00:00,23,San José State,2751,Wyoming,4,-3.0,-3.0,-3.0,-3.0,-3.0,0.0,0.0,1,-3.5,-3.5,-3.5,-3.5,-3.5,0.0,0.0,4,40.5,40.375,40.5,40.0,40.5,0.5,0.25,1,40.0,40.0,40.0,40.0,40.0,0.0,0.0
401310733,2021,regular,9,2021-10-31 02:30:00+00:00,21,San Diego State,278,Fresno State,4,2.0,2.0,2.0,1.5,2.5,1.0,0.408248290463863,1,-1.0,-1.0,-1.0,-1.0,-1.0,0.0,0.0,4,44.25,44.125,44.25,43.5,44.5,1.0,0.47871355387816905,1,46.5,46.5,46.5,46.5,46.5,0.0,0.0
401310734,2021,regular,9,2021-10-30 02:00:00+00:00,2440,Nevada,2439,UNLV,4,-19.0,-18.875,-19.0,-19.0,-18.5,0.5,0.25,1,-20.5,-20.5,-20.5,-20.5,-20.5,0.0,0.0,4,58.25,58.25,58.25,58.0,58.5,0.5,0.28867513459481287,1,59.0,59.0,59.0,59.0,59.0,0.0,0.0
401310735,2021,regular,10,2021-11-06 23:00:00+00:00,278,Fresno State,68,Boise State,4,-4.0,-4.25,-4.0,-5.0,-4.0,1.0,0.5,1,-5.5,-5.5,-5.5,-5.5,-5.5,0.0,0.0,4,61.0,61.125,61.0,61.0,61.5,0.5,0.25,1,58.0,58.0,58.0,58.0,58.0,0.0,0.0
401310736,2021,regular,10,2021-11-06 19:30:00+00:00,2751,Wyoming,36,Colorado State,4,3.0,3.125,3.0,3.0,3.5,0.5,0.25,1,3.5,3.5,3.5,3.5,3.5,0.0,0.0,4,41.5,41.375,41.5,41.0,41.5,0.5,0.25,1,40.0,40.0,40.0,40.0,40.0,0.0,0.0
401310737,2021,regular,10,2021-11-06 23:00:00+00:00,167,New Mexico,2439,UNLV,4,-1.5,-1.5,-1.5,-1.5,-1.5,0.0,0.0,1,-1.0,-1.0,-1.0,-1.0,-1.0,0.0,0.0,4,45.0,45.0,45.0,45.0,45.0,0.0,0.0,1,45.0,45.0,45.0,45.0,45.0,0.0,0.0
401310738,2021,regular,10,2021-11-06 20:00:00+00:00,166,New Mexico State,328,Utah State,4,18.5,18.375,18.5,18.0,18.5,0.5,0.25,1,17.0,17.0,17.0,17.0,17.0,0.0,0.0,4,72.25,72.25,72.25,72.0,72.5,0.5,0.28867513459481287,1,70.0,70.0,70.0,70.0,70.0,0.0,0.0
401310739,2021,regular,10,2021-11-07 03:00:00+00:00,62,Hawai'i,21,San Diego State,4,7.0,7.0,7.0,7.0,7.0,0.0,0.0,1,7.5,7.5,7.5,7.5,7.5,0.0,0.0,4,45.25,45.25,45.25,45.0,45.5,0.5,0.28867513459481287,1,46.5,46.5,46.5,46.5,46.5,0.0,0.0
401310740,2021,regular,10,2021-11-07 02:00:00+00:00,2440,Nevada,23,San José State,4,-11.5,-11.375,-11.5,-11.5,-11.0,0.5,0.25,1,-10.0,-10.0,-10.0,-10.0,-10.0,0.0,0.0,4,55.5,55.5,55.5,55.5,55.5,0.0,0.0,1,55.0,55.0,55.0,55.0,55.0,0.0,0.0
401310741,2021,regular,11,2021-11-14 00:00:00+00:00,36,Colorado State,2005,Air Force,4,3.0,3.0,3.0,2.5,3.5,1.0,0.408248290463863,1,2.5,2.5,2.5,2.5,2.5,0.0,0.0,4,45.0,45.0,45.0,45.0,45.0,0.0,0.0,1,45.5,45.5,45.5,45.5,45.5,0.0,0.0
401310742,2021,regular,11,2021-11-13 02:00:00+00:00,68,Boise State,2751,Wyoming,4,-13.75,-13.75,-13.75,-14.0,-13.5,0.5,0.28867513459481287,1,-14.5,-14.5,-14.5,-14.5,-14.5,0.0,0.0,4,48.5,48.625,48.5,48.5,49.0,0.5,0.25,1,48.0,48.0,48.0,48.0,48.0,0.0,0.0
401310743,2021,regular,11,2021-11-14 00:00:00+00:00,278,Fresno State,167,New Mexico,4,-24.0,-24.125,-24.0,-24.5,-24.0,0.5,0.25,1,-24.5,-24.5,-24.5,-24.5,-24.5,0.0,0.0,4,51.0,51.0,51.0,51.0,51.0,0.0,0.0,1,50.5,50.5,50.5,50.5,50.5,0.0,0.0
401310744,2021,regular,11,2021-11-14 03:30:00+00:00,23,San José State,328,Utah State,4,-4.5,-4.375,-4.5,-4.5,-4.0,0.5,0.25,1,-4.5,-4.5,-4.5,-4.5,-4.5,0.0,0.0,4,58.0,57.875,58.0,57.5,58.0,0.5,0.25,1,56.5,56.5,56.5,56.5,56.5,0.0,0.0
401310745,2021,regular,11,2021-11-13 21:00:00+00:00,2439,UNLV,62,Hawai'i,4,3.5,3.5,3.5,3.5,3.5,0.0,0.0,1,1.5,1.5,1.5,1.5,1.5,0.0,0.0,4,55.5,55.5,55.5,55.5,55.5,0.0,0.0,1,57.0,57.0,57.0,57.0,57.0,0.0,0.0
401310746,2021,regular,11,2021-11-14 03:30:00+00:00,21,San Diego State,2440,Nevada,4,-2.5,-2.625,-2.5,-3.0,-2.5,0.5,0.25,1,0.0,0.0,0.0,0.0,0.0,0.0,0.0,4,45.0,45.0,45.0,45.0,45.0,0.0,0.0,1,46.0,46.0,46.0,46.0,46.0,0.0,0.0
401310747,2021,regular,12,2021-11-20 02:00:00+00:00,2440,Nevada,2005,Air Force,4,1.75,1.75,1.75,1.5,2.0,0.5,0.28867513459481287,1,-1.5,-1.5,-1.5,-1.5,-1.5,0.0,0.0,4,54.25,54.125,54.25,53.5,54.5,1.0,0.47871355387816905,1,52.5,52.5,52.5,52.5,52.5,0.0,0.0
401310748,2021,regular,12,2021-11-21 02:00:00+00:00,68,Boise State,167,New Mexico,4,-27.5,-27.375,-27.5,-27.5,-27.0,0.5,0.25,1,-27.5,-27.5,-27.5,-27.5,-27.5,0.0,0.0,4,48.0,48.0,48.0,48.0,48.0,0.0,0.0,1,48.0,48.0,48.0,48.0,48.0,0.0,0.0
401310749,2021,regular,12,2021-11-21 04:00:00+00:00,62,Hawai'i,36,Colorado State,4,3.0,3.0,3.0,3.0,3.0,0.0,0.0,1,2.0,2.0,2.0,2.0,2.0,0.0,0.0,4,53.75,53.75,53.75,53.5,54.0,0.5,0.28867513459481287,1,54.5,54.5,54.5,54.5,54.5,0.0,0.0
401310750,2021,regular,12,2021-11-21 01:00:00+00:00,328,Utah State,2751,Wyoming,4,-5.75,-5.75,-5.75,-6.0,-5.5,0.5,0.28867513459481287,1,-6.5,-6.5,-6.5,-6.5,-6.5,0.0,0.0,4,52.0,52.0,52.0,52.0,52.0,0.0,0.0,1,53.0,53.0,53.0,53.0,53.0,0.0,0.0
401310751,2021,regular,12,2021-11-20 04:30:00+00:00,2439,UNLV,21,San Diego State,4,11.0,11.0,11.0,11.0,11.0,0.0,0.0,1,12.0,12.0,12.0,12.0,12.0,0.0,0.0,4,41.0,41.0,41.0,41.0,41.0,0.0,0.0,1,41.0,41.0,41.0,41.0,41.0,0.0,0.0
401310752,2021,regular,13,2021-11-26 20:30:00+00:00,2005,Air Force,2439,UNLV,4,-18.5,-18.375,-18.5,-18.5,-18.0,0.5,0.25,1,-18.0,-18.0,-18.0,-18.0,-18.0,0.0,0.0,4,49.5,49.5,49.5,49.5,49.5,0.0,0.0,1,49.5,49.5,49.5,49.5,49.5,0.0,0.0
401310753,2021,regular,13,2021-11-26 17:00:00+00:00,21,San Diego State,68,Boise State,4,3.0,3.125,3.0,3.0,3.5,0.5,0.25,1,3.0,3.0,3.0,3.0,3.0,0.0,0.0,4,44.25,44.25,44.25,44.0,44.5,0.5,0.28867513459481287,1,44.0,44.0,44.0,44.0,44.0,0.0,0.0
401310754,2021,regular,13,2021-11-28 02:00:00+00:00,36,Colorado State,2440,Nevada,4,3.0,3.0,3.0,3.0,3.0,0.0,0.0,1,6.0,6.0,6.0,6.0,6.0,0.0,0.0,4,57.75,57.75,57.75,57.5,58.0,0.5,0.28867513459481287,1,55.5,55.5,55.5,55.5,55.5,0.0,0.0
401310755,2021,regular,13,2021-11-26 18:00:00+00:00,167,New Mexico,328,Utah State,4,17.0,17.0,17.0,17.0,17.0,0.0,0.0,1,15.5,15.5,15.5,15.5,15.5,0.0,0.0,4,48.0,48.0,48.0,48.0,48.0,0.0,0.0,1,49.5,49.5,49.5,49.5,49.5,0.0,0.0
401310756,2021,regular,13,2021-11-27 20:00:00+00:00,2751,Wyoming,62,Hawai'i,4,-13.0,-12.625,-13.0,-13.0,-11.5,1.5,0.75,1,-10.0,-10.0,-10.0,-10.0,-10.0,0.0,0.0,4,48.5,48.375,48.5,48.0,48.5,0.5,0.25,1,47.5,47.5,47.5,47.5,47.5,0.0,0.0
401310757,2021,regular,13,2021-11-25 20:30:00+00:00,23,San José State,278,Fresno State,4,7.0,7.0,7.0,7.0,7.0,0.0,0.0,1,7.5,7.5,7.5,7.5,7.5,0.0,0.0,4,52.5,52.5,52.5,52.5,52.5,0.0,0.0,1,52.5,52.5,52.5,52.5,52.5,0.0,0.0
401310861,2021,regular,1,2021-09-04 18:00:00+00:00,2005,Air Force,322,Lafayette,3,-40.5,-40.666666666666664,-40.5,-41.0,-40.5,0.5,0.28867513459481287,1,-41.0,-41.0,-41.0,-41.0,-41.0,0.0,0.0,3,49.5,49.5,49.5,49.5,49.5,0.0,0.0,1,50.0,50.0,50.0,50.0,50.0,0.0,0.0
401319455,2021,regular,3,2021-09-19 00:00:00+00:00,166,New Mexico State,2569,South Carolina State,3,-3.5,-2.6666666666666665,-3.5,-3.5,-1.0,2.5,1.4433756729740643,1,-1.0,-1.0,-1.0,-1.0,-1.0,0.0,0.0,3,54.5,54.333333333333336,54.5,54.0,54.5,0.5,0.28867513459481287,1,55.0,55.0,55.0,55.0,55.0,0.0,0.0
401327913,2021,regular,1,2021-09-04 16:00:00+00:00,158,Nebraska,2230,Fordham,3,-42.0,-41.833333333333336,-42.0,-42.0,-41.5,0.5,0.28867513459481287,1,-43.5,-43.5,-43.5,-43.5,-43.5,0.0,0.0,3,55.0,55.0,55.0,55.0,55.0,0.0,0.0,1,55.0,55.0,55.0,55.0,55.0,0.0,0.0
401328545,2021,regular,1,2021-09-02 23:00:00+00:00,324,Coastal Carolina,2643,The Citadel,3,-33.5,-33.333333333333336,-33.5,-33.5,-33.0,0.5,0.28867513459481287,1,-35.0,-35.0,-35.0,-35.0,-35.0,0.0,0.0,3,54.5,54.5,54.5,54.5,54.5,0.0,0.0,1,57.0,57.0,57.0,57.0,57.0,0.0,0.0
401331159,2021,regular,14,2021-12-04 01:00:00+00:00,254,Utah,2483,Oregon,4,-3.0,-3.0,-3.0,-3.0,-3.0,0.0,0.0,1,-3.0,-3.0,-3.0,-3.0,-3.0,0.0,0.0,4,57.5,57.5,57.5,57.5,57.5,0.0,0.0,1,60.0,60.0,60.0,60.0,60.0,0.0,0.0
401331160,2021,regular,14,2021-12-04 17:00:00+00:00,2459,Northern Illinois,2309,Kent State,4,3.75,3.75,3.75,3.5,4.0,0.5,0.28867513459481287,1,2.0,2.0,2.0,2.0,2.0,0.0,0.0,4,75.5,75.5,75.5,75.5,75.5,0.0,0.0,1,72.0,72.0,72.0,72.0,72.0,0.0,0.0
401331161,2021,regular,14,2021-12-04 20:30:00+00:00,309,Louisiana,2026,App State,4,2.5,2.5,2.5,2.5,2.5,0.0,0.0,1,2.0,2.0,2.0,2.0,2.0,0.0,0.0,4,52.0,52.125,52.0,52.0,52.5,0.5,0.25,1,52.5,52.5,52.5,52.5,52.5,0.0,0.0
401331162,2021,regular,14,2021-12-04 21:00:00+00:00,2132,Cincinnati,248,Houston,4,-10.5,-10.5,-10.5,-10.5,-10.5,0.0,0.0,1,-10.0,-10.0,-10.0,-10.0,-10.0,0.0,0.0,4,52.5,52.5,52.5,52.5,52.5,0.0,0.0,1,55.5,55.5,55.5,55.5,55.5,0.0,0.0
401331163,2021,regular,14,2021-12-05 01:00:00+00:00,154,Wake Forest,221,Pittsburgh,4,3.5,3.5,3.5,3.5,3.5,0.0,0.0,1,3.0,3.0,3.0,3.0,3.0,0.0,0.0,4,72.5,72.625,72.5,72.5,73.0,0.5,0.25,1,72.0,72.0,72.0,72.0,72.0,0.0,0.0
401331164,2021,postseason,1,2021-12-17 17:00:00+00:00,2649,Toledo,2393,Middle Tennessee,4,-10.5,-10.375,-10.5,-10.5,-10.0,0.5,0.25,1,-9.5,-9.5,-9.5,-9.5,-9.5,0.0,0.0,4,50.0,50.0,50.0,50.0,50.0,0.0,0.0,1,53.0,53.0,53.0,53.0,53.0,0.0,0.0
401331165,2021,postseason,1,2021-12-17 23:00:00+00:00,324,Coastal Carolina,2459,Northern Illinois,4,-12.0,-11.875,-12.0,-12.5,-11.0,1.5,0.6291528696058958,1,-9.5,-9.5,-9.5,-9.5,-9.5,0.0,0.0,4,63.5,63.375,63.5,63.0,63.5,0.5,0.25,1,63.5,63.5,63.5,63.5,63.5,0.0,0.0
401331166,2021,postseason,1,2021-12-18 16:00:00+00:00,2026,App State,98,Western Kentucky,4,1.0,0.0,1.0,-3.0,1.0,4.0,2.0,1,-2.5,-2.5,-2.5,-2.5,-2.5,0.0,0.0,4,67.75,67.75,67.75,67.0,68.5,1.5,0.6454972243679028,1,67.5,67.5,67.5,67.5,67.5,0.0,0.0
401331167,2021,postseason,1,2021-12-18 19:15:00+00:00,278,Fresno State,2638,UTEP,4,-13.0,-12.75,-13.0,-13.5,-11.5,2.0,0.8660254037844386,1,-13.0,-13.0,-13.0,-13.0,-13.0,0.0,0.0,4,54.5,53.75,54.5,51.5,54.5,3.0,1.5,1,51.0,51.0,51.0,51.0,51.0,0.0,0.0
401331168,2021,postseason,1,2021-12-18 20:30:00+00:00,252,BYU,5,UAB,4,-6.0,-6.125,-6.0,-7.0,-5.5,1.5,0.6291528696058958,1,-8.0,-8.0,-8.0,-8.0,-8.0,0.0,0.0,4,54.25,54.25,54.25,54.0,54.5,0.5,0.28867513459481287,1,55.0,55.0,55.0,55.0,55.0,0.0,0.0
401331169,2021,postseason,1,2021-12-18 22:45:00+00:00,2335,Liberty,2199,Eastern Michigan,4,-9.5,-9.5,-9.5,-9.5,-9.5,0.0,0.0,1,-8.0,-8.0,-8.0,-8.0,-8.0,0.0,0.0,4,58.5,58.375,58.5,58.0,58.5,0.5,0.25,1,57.5,57.5,57.5,57.5,57.5,0.0,0.0
401331170,2021,postseason,1,2021-12-19 00:30:00+00:00,204,Oregon State,328,Utah State,4,-6.75,-6.75,-6.75,-7.0,-6.5,0.5,0.28867513459481287,1,-7.5,-7.5,-7.5,-7.5,-7.5,0.0,0.0,4,68.25,68.25,68.25,68.0,68.5,0.5,0.28867513459481287,1,64.5,64.5,64.5,64.5,64.5,0.0,0.0
401331171,2021,postseason,1,2021-12-19 02:15:00+00:00,276,Marshall,309,Louisiana,4,4.0,3.875,4.0,3.5,4.0,0.5,0.25,1,5.0,5.0,5.0,5.0,5.0,0.0,0.0,4,55.5,55.625,55.5,55.5,56.0,0.5,0.25,1,51.5,51.5,51.5,51.5,51.5,0.0,0.0
401331172,2021,postseason,1,2021-12-20 19:30:00+00:00,202,Tulsa,295,Old Dominion,4,-7.5,-7.625,-7.5,-8.0,-7.5,0.5,0.25,1,-7.5,-7.5,-7.5,-7.5,-7.5,0.0,0.0,4,55.0,55.0,55.0,55.0,55.0,0.0,0.0,1,51.0,51.0,51.0,51.0,51.0,0.0,0.0
401331213,2021,postseason,1,2021-12-21 20:30:00+00:00,2751,Wyoming,2309,Kent State,4,-3.0,-3.0,-3.0,-3.0,-3.0,0.0,0.0,1,-3.5,-3.5,-3.5,-3.5,-3.5,0.0,0.0,4,60.5,60.625,60.5,60.5,61.0,0.5,0.25,1,58.5,58.5,58.5,58.5,58.5,0.0,0.0
401331214,2021,postseason,1,2021-12-22 00:30:00+00:00,21,San Diego State,2636,UTSA,4,-3.0,-2.875,-3.0,-3.0,-2.5,0.5,0.25,1,2.5,2.5,2.5,2.5,2.5,0.0,0.0,4,48.0,48.125,48.0,48.0,48.5,0.5,0.25,1,50.0,50.0,50.0,50.0,50.0,0.0,0.0
401331215,2021,postseason,1,2021-12-23 01:00:00+00:00,349,Army,142,Missouri,4,-7.0,-7.0,-7.0,-7.0,-7.0,0.0,0.0,1,-3.0,-3.0,-3.0,-3.0,-3.0,0.0,0.0,4,54.0,54.0,54.0,54.0,54.0,0.0,0.0,1,60.5,60.5,60.5,60.5,60.5,0.0,0.0
401331216,2021,postseason,1,2021-12-24 00:00:00+00:00,57,Florida,2116,UCF,4,-7.0,-7.0,-7.0,-7.0,-7.0,0.0,0.0,1,-7.0,-7.0,-7.0,-7.0,-7.0,0.0,0.0,4,56.0,56.0,56.0,56.0,56.0,0.0,0.0,1,56.5,56.5,56.5,56.5,56.5,0.0,0.0
401331218,2021,postseason,1,2021-12-25 19:30:00+00:00,2050,Ball State,2247,Georgia State,4,6.0,6.125,6.0,6.0,6.5,0.5,0.25,1,3.5,3.5,3.5,3.5,3.5,0.0,0.0,4,53.0,52.875,53.0,52.5,53.0,0.5,0.25,1,49.5,49.5,49.5,49.5,49.5,0.0,0.0
401331219,2021,postseason,1,2021-12-27 16:00:00+00:00,2440,Nevada,2711,Western Michigan,4,6.5,3.375,6.5,-6.5,7.0,13.5,6.587551391323891,1,-6.5,-6.5,-6.5,-6.5,-6.5,0.0,0.0,4,57.0,56.75,57.0,56.0,57.0,1.0,0.5,1,66.0,66.0,66.0,66.0,66.0,0.0,0.0
401331221,2021,postseason,1,2021-12-28 17:00:00+00:00,2,Auburn,248,Houston,4,1.25,0.5,1.25,-2.0,1.5,3.5,1.6832508230603462,1,-3.0,-3.0,-3.0,-3.0,-3.0,0.0,0.0,4,49.25,49.75,49.25,49.0,51.5,2.5,1.1902380714238083,1,51.5,51.5,51.5,51.5,51.5,0.0,0.0
401331222,2021,postseason,1,2021-12-28 20:15:00+00:00,97,Louisville,2005,Air Force,4,1.0,1.0,1.0,1.0,1.0,0.0,0.0,1,1.0,1.0,1.0,1.0,1.0,0.0,0.0,4,55.0,54.875,55.0,54.5,55.0,0.5,0.25,1,55.5,55.5,55.5,55.5,55.5,0.0,0.0
401331223,2021,postseason,1,2021-12-28 23:45:00+00:00,2641,Texas Tech,344,Mississippi State,4,10.0,10.0,10.0,10.0,10.0,0.0,0.0,1,9.5,9.5,9.5,9.5,9.5,0.0,0.0,4,58.0,58.125,58.0,58.0,58.5,0.5,0.25,1,59.5,59.5,59.5,59.5,59.5,0.0,0.0
401331224,2021,postseason,1,2021-12-29 03:15:00+00:00,135,Minnesota,277,West Virginia,4,-5.75,-5.625,-5.75,-6.0,-5.0,1.0,0.47871355387816905,1,-7.0,-7.0,-7.0,-7.0,-7.0,0.0,0.0,4,44.75,44.75,44.75,44.5,45.0,0.5,0.28867513459481287,1,44.5,44.5,44.5,44.5,44.5,0.0,0.0
401331226,2021,postseason,1,2021-12-29 19:15:00+00:00,259,Virginia Tech,120,Maryland,4,4.5,4.375,4.5,4.0,4.5,0.5,0.25,1,-2.5,-2.5,-2.5,-2.5,-2.5,0.0,0.0,4,55.5,55.375,55.5,55.0,55.5,0.5,0.25,1,53.5,53.5,53.5,53.5,53.5,0.0,0.0
401331227,2021,postseason,1,2021-12-29 22:45:00+00:00,66,Iowa State,228,Clemson,4,1.75,1.75,1.75,1.5,2.0,0.5,0.28867513459481287,1,1.0,1.0,1.0,1.0,1.0,0.0,0.0,4,45.0,44.75,45.0,44.0,45.0,1.0,0.5,1,44.5,44.5,44.5,44.5,44.5,0.0,0.0
401331228,2021,postseason,1,2021-12-30 02:15:00+00:00,201,Oklahoma,2483,Oregon,4,-7.0,-7.125,-7.0,-7.5,-7.0,0.5,0.25,1,-4.0,-4.0,-4.0,-4.0,-4.0,0.0,0.0,4,64.0,64.0,64.0,64.0,64.0,0.0,0.0,1,63.0,63.0,63.0,63.0,63.0,0.0,0.0
401331229,2021,postseason,1,2021-12-30 16:30:00+00:00,2579,South Carolina,153,North Carolina,4,12.5,12.375,12.5,12.0,12.5,0.5,0.25,1,5.0,5.0,5.0,5.0,5.0,0.0,0.0,4,57.5,57.5,57.5,57.5,57.5,0.0,0.0,1,58.5,58.5,58.5,58.5,58.5,0.0,0.0
401331230,2021,postseason,1,2021-12-30 20:00:00+00:00,2509,Purdue,2633,Tennessee,4,7.5,7.625,7.5,7.5,8.0,0.5,0.25,1,-3.0,-3.0,-3.0,-3.0,-3.0,0.0,0.0,4,66.5,66.625,66.5,66.5,67.0,0.5,0.25,1,58.5,58.5,58.5,58.5,58.5,0.0,0.0
401331231,2021,postseason,1,2021-12-31 00:00:00+00:00,127,Michigan State,221,Pittsburgh,4,-3.5,-3.5,-3.5,-3.5,-3.5,0.0,0.0,1,4.0,4.0,4.0,4.0,4.0,0.0,0.0,4,55.0,55.0,55.0,55.0,55.0,0.0,0.0,1,63.0,63.0,63.0,63.0,63.0,0.0,0.0
401331232,2021,postseason,1,2021-12-31 03:30:00+00:00,9,Arizona State,275,Wisconsin,4,7.75,7.875,7.75,7.5,8.5,1.0,0.47871355387816905,1,7.0,7.0,7.0,7.0,7.0,0.0,0.0,4,42.5,42.375,42.5,42.0,42.5,0.5,0.25,1,43.0,43.0,43.0,43.0,43.0,0.0,0.0
401331233,2021,postseason,1,2021-12-31 16:00:00+00:00,164,Rutgers,154,Wake Forest,4,16.5,16.625,16.5,16.5,17.0,0.5,0.25,1,-5.5,-5.5,-5.5,-5.5,-5.5,0.0,0.0,4,62.75,62.75,62.75,62.5,63.0,0.5,0.28867513459481287,1,58.5,58.5,58.5,58.5,58.5,0.0,0.0
401331234,2021,postseason,1,2022-01-01 00:30:00+00:00,130,Michigan,61,Georgia,4,7.5,7.5,7.5,7.5,7.5,0.0,0.0,1,7.5,7.5,7.5,7.5,7.5,0.0,0.0,4,46.0,46.25,46.0,46.0,47.0,1.0,0.5,1,43.5,43.5,43.5,43.5,43.5,0.0,0.0
401331235,2021,postseason,1,2021-12-31 20:30:00+00:00,333,Alabama,2132,Cincinnati,4,-13.0,-12.875,-13.0,-13.0,-12.5,0.5,0.25,1,-14.0,-14.0,-14.0,-14.0,-14.0,0.0,0.0,4,57.5,57.375,57.5,57.0,57.5,0.5,0.25,1,58.5,58.5,58.5,58.5,58.5,0.0,0.0
401331236,2021,postseason,1,2022-01-01 17:00:00+00:00,8,Arkansas,213,Penn State,4,-3.5,-3.5,-3.5,-3.5,-3.5,0.0,0.0,1,3.0,3.0,3.0,3.0,3.0,0.0,0.0,4,51.0,51.0,51.0,51.0,51.0,0.0,0.0,1,46.0,46.0,46.0,46.0,46.0,0.0,0.0
401331237,2021,postseason,1,2022-01-01 18:00:00+00:00,96,Kentucky,2294,Iowa,4,-3.0,-3.0,-3.0,-3.0,-3.0,0.0,0.0,1,-1.0,-1.0,-1.0,-1.0,-1.0,0.0,0.0,4,43.5,43.5,43.5,43.0,44.0,1.0,0.408248290463863,1,45.0,45.0,45.0,45.0,45.0,0.0,0.0
401331238,2021,postseason,1,2022-01-01 18:00:00+00:00,87,Notre Dame,197,Oklahoma State,4,1.0,1.125,1.0,1.0,1.5,0.5,0.25,1,-2.5,-2.5,-2.5,-2.5,-2.5,0.0,0.0,4,45.0,45.0,45.0,44.5,45.5,1.0,0.408248290463863,1,45.0,45.0,45.0,45.0,45.0,0.0,0.0
401331239,2021,postseason,1,2022-01-01 22:00:00+00:00,194,Ohio State,254,Utah,4,-4.0,-2.125,-4.0,-4.5,4.0,8.5,4.090130397269342,1,-7.0,-7.0,-7.0,-7.0,-7.0,0.0,0.0,4,64.5,64.5,64.5,64.5,64.5,0.0,0.0,1,67.0,67.0,67.0,67.0,67.0,0.0,0.0
401331240,2021,postseason,1,2022-01-02 01:45:00+00:00,145,Ole Miss,239,Baylor,4,-1.0,-1.0,-1.0,-1.0,-1.0,0.0,0.0,1,1.0,1.0,1.0,1.0,1.0,0.0,0.0,4,60.0,59.875,60.0,59.0,60.5,1.5,0.6291528696058958,1,52.0,52.0,52.0,52.0,52.0,0.0,0.0
401331241,2021,postseason,1,2022-01-05 02:00:00+00:00,2306,Kansas State,99,LSU,4,-9.5,-9.125,-9.5,-10.0,-7.5,2.5,1.1086778913041726,1,2.5,2.5,2.5,2.5,2.5,0.0,0.0,4,47.0,47.0,47.0,47.0,47.0,0.0,0.0,1,46.5,46.5,46.5,46.5,46.5,0.0,0.0
401331242,2021,postseason,1,2022-01-11 01:00:00+00:00,333,Alabama,61,Georgia,4,3.0,2.875,3.0,2.5,3.0,0.5,0.25,1,3.0,3.0,3.0,3.0,3.0,0.0,0.0,4,53.0,53.125,53.0,53.0,53.5,0.5,0.25,1,52.0,52.0,52.0,52.0,52.0,0.0,0.0
401331447,2021,regular,14,2021-12-05 01:00:00+00:00,2294,Iowa,130,Michigan,4,12.0,6.0,12.0,-12.0,12.0,24.0,12.0,1,-10.5,-10.5,-10.5,-10.5,-10.5,0.0,0.0,4,44.0,43.875,44.0,43.5,44.0,0.5,0.25,1,44.0,44.0,44.0,44.0,44.0,0.0,0.0
401331654,2021,postseason,1,2021-12-31 17:00:00+00:00,2117,Central Michigan,265,Washington State,4,5.5,5.5,5.5,5.5,5.5,0.0,0.0,1,6.5,6.5,6.5,6.5,6.5,0.0,0.0,4,56.0,55.875,56.0,55.5,56.0,0.5,0.25,1,57.0,57.0,57.0,57.0,57.0,0.0,0.0
401387250,2021,regular,14,2021-12-05 04:00:00+00:00,25,California,30,USC,3,-4.5,-4.5,-4.5,-4.5,-4.5,0.0,0.0,1,-2.5,-2.5,-2.5,-2.5,-2.5,0.0,0.0,3,57.5,57.333333333333336,57.5,57.0,57.5,0.5,0.28867513459481287,1,57.5,57.5,57.5,57.5,57.5,0.0,0.0
401391158,2021,postseason,1,2021-12-23 20:30:00+00:00,193,Miami (OH),249,North Texas,4,-2.0,-2.0,-2.0,-2.0,-2.0,0.0,0.0,1,-4.5,-4.5,-4.5,-4.5,-4.5,0.0,0.0,4,56.5,56.5,56.5,56.5,56.5,0.0,0.0,1,52.5,52.5,52.5,52.5,52.5,0.0,0.0
