game_id,season,season_type,week,start_date,home_team_id,home_team,away_team_id,away_team,spread_provider_count,consensus_spread,spread_mean,spread_median,spread_min,spread_max,spread_range,spread_stddev,spread_open_provider_count,consensus_spread_open,spread_open_mean,spread_open_median,spread_open_min,spread_open_max,spread_open_range,spread_open_stddev,total_provider_count,consensus_total,total_mean,total_median,total_min,total_max,total_range,total_stddev,total_open_provider_count,consensus_total_open,total_open_mean,total_open_median,total_open_min,total_open_max,total_open_range,total_open_stddev
401403853,2022,regular,1,2022-08-28 02:30:00+00:00,62,Hawai'i,238,Vanderbilt,4,9.25,9.25,9.25,9.0,9.5,0.5,0.28867513459481287,1,4.5,4.5,4.5,4.5,4.5,0.0,0.0,4,54.5,54.5,54.5,54.5,54.5,0.0,0.0,1,55.0,55.0,55.0,55.0,55.0,0.0,0.0
401403854,2022,regular,1,2022-09-03 23:30:00+00:00,333,Alabama,328,Utah State,4,-42.0,-42.125,-42.0,-42.5,-42.0,0.5,0.25,1,-34.0,-34.0,-34.0,-34.0,-34.0,0.0,0.0,4,63.0,63.0,63.0,63.0,63.0,0.0,0.0,1,62.5,62.5,62.5,62.5,62.5,0.0,0.0
401403855,2022,regular,1,2022-09-03 19:30:00+00:00,8,Arkansas,2132,Cincinnati,4,-6.5,-6.625,-6.5,-7.0,-6.5,0.5,0.25,1,-7.5,-7.5,-7.5,-7.5,-7.5,0.0,0.0,4,54.5,54.5,54.5,54.5,54.5,0.0,0.0,1,54.0,54.0,54.0,54.0,54.0,0.0,0.0
401403856,2022,regular,1,2022-09-03 23:00:00+00:00,2,Auburn,2382,Mercer,3,-30.0,-30.0,-30.0,-30.0,-30.0,0.0,0.0,1,-29.0,-29.0,-29.0,-29.0,-29.0,0.0,0.0,3,51.5,51.5,51.5,51.5,51.5,0.0,0.0,1,50.0,50.0,50.0,50.0,50.0,0.0,0.0
401403857,2022,regular,1,2022-09-03 23:00:00+00:00,57,Florida,254,Utah,4,2.5,2.5,2.5,2.5,2.5,0.0,0.0,1,0.0,0.0,0.0,0.0,0.0,0.0,0.0,4,51.5,51.625,51.5,51.5,52.0,0.5,0.25,1,52.5,52.5,52.5,52.5,52.5,0.0,0.0
401403858,2022,regular,1,2022-09-03 19:30:00+00:00,61,Georgia,2483,Oregon,4,-16.0,-16.0,-16.0,-16.0,-16.0,0.0,0.0,1,-17.0,-17.0,-17.0,-17.0,-17.0,0.0,0.0,4,54.5,54.375,54.5,54.0,54.5,0.5,0.25,1,51.0,51.0,51.0,51.0,51.0,0.0,0.0
401403859,2022,regular,1,2022-09-03 23:00:00+00:00,96,Kentucky,193,Miami (OH),4,-15.5,-15.5,-15.5,-16.0,-15.0,1.0,0.5773502691896257,1,-21.0,-21.0,-21.0,-21.0,-21.0,0.0,0.0,4,55.0,55.0,55.0,55.0,55.0,0.0,0.0,1,49.5,49.5,49.5,49.5,49.5,0.0,0.0
401403860,2022,regular,1,2022-09-03 20:00:00+00:00,145,Ole Miss,2653,Troy,4,-21.5,-21.375,-21.5,-21.5,-21.0,0.5,0.25,1,-21.0,-21.0,-21.0,-21.0,-21.0,0.0,0.0,4,57.0,56.875,57.0,56.5,57.0,0.5,0.25,1,61.0,61.0,61.0,61.0,61.0,0.0,0.0
401403861,2022,regular,1,2022-09-03 23:30:00+00:00,344,Mississippi State,235,Memphis,4,-17.0,-17.0,-17.0,-17.0,-17.0,0.0,0.0,1,-13.5,-13.5,-13.5,-13.5,-13.5,0.0,0.0,4,58.0,58.0,58.0,58.0,58.0,0.0,0.0,1,56.5,56.5,56.5,56.5,56.5,0.0,0.0
401403863,2022,regular,1,2022-09-03 23:30:00+00:00,2579,South Carolina,2247,Georgia State,4,-12.5,-12.5,-12.5,-12.5,-12.5,0.0,0.0,1,-11.0,-11.0,-11.0,-11.0,-11.0,0.0,0.0,4,54.75,54.625,54.75,54.0,55.0,1.0,0.47871355387816905,1,56.0,56.0,56.0,56.0,56.0,0.0,0.0
401403864,2022,regular,1,2022-09-01 23:00:00+00:00,2633,Tennessee,2050,Ball State,4,-36.25,-36.25,-36.25,-37.0,-35.5,1.5,0.8660254037844386,1,-28.0,-28.0,-28.0,-28.0,-28.0,0.0,0.0,4,66.5,66.375,66.5,66.0,66.5,0.5,0.25,1,68.0,68.0,68.0,68.0,68.0,0.0,0.0
401403865,2022,regular,1,2022-09-03 16:00:00+00:00,245,Texas A&M,2534,Sam Houston,3,-36.5,-36.333333333333336,-36.5,-38.0,-34.5,3.5,1.755942292142123,1,-33.0,-33.0,-33.0,-33.0,-33.0,0.0,0.0,3,54.0,54.5,54.0,54.0,55.5,1.5,0.8660254037844386,1,53.5,53.5,53.5,53.5,53.5,0.0,0.0
401403866,2022,regular,1,2022-09-03 23:00:00+00:00,238,Vanderbilt,2210,Elon,3,-18.5,-19.0,-18.5,-20.0,-18.5,1.5,0.8660254037844386,1,-18.0,-18.0,-18.0,-18.0,-18.0,0.0,0.0,3,51.5,51.333333333333336,51.5,51.0,51.5,0.5,0.28867513459481287,1,51.0,51.0,51.0,51.0,51.0,0.0,0.0
401403867,2022,regular,1,2022-09-04 23:30:00+00:00,52,Florida State,99,LSU,1,4.5,4.5,4.5,4.5,4.5,0.0,0.0,1,3.0,3.0,3.0,3.0,3.0,0.0,0.0,1,51.0,51.0,51.0,51.0,51.0,0.0,0.0,1,51.5,51.5,51.5,51.5,51.5,0.0,0.0
401403868,2022,regular,2,2022-09-10 16:00:00+00:00,251,Texas,333,Alabama,4,21.25,21.25,21.25,21.0,21.5,0.5,0.28867513459481287,1,19.5,19.5,19.5,19.5,19.5,0.0,0.0,4,63.75,63.75,63.75,63.0,64.5,1.5,0.6454972243679028,1,61.5,61.5,61.5,61.5,61.5,0.0,0.0
401403869,2022,regular,2,2022-09-10 16:00:00+00:00,8,Arkansas,2579,South Carolina,4,-9.0,-9.0,-9.0,-9.5,-8.5,1.0,0.408248290463863,1,-9.0,-9.0,-9.0,-9.0,-9.0,0.0,0.0,4,56.25,56.25,56.25,56.0,56.5,0.5,0.28867513459481287,1,53.0,53.0,53.0,53.0,53.0,0.0,0.0
401403870,2022,regular,2,2022-09-10 23:30:00+00:00,2,Auburn,23,San José State,4,-24.0,-24.0,-24.0,-24.0,-24.0,0.0,0.0,1,-23.0,-23.0,-23.0,-23.0,-23.0,0.0,0.0,4,48.5,48.5,48.5,48.5,48.5,0.0,0.0,1,51.5,51.5,51.5,51.5,51.5,0.0,0.0
401403871,2022,regular,2,2022-09-10 23:00:00+00:00,57,Florida,96,Kentucky,4,-6.0,-6.0,-6.0,-6.0,-6.0,0.0,0.0,1,-4.5,-4.5,-4.5,-4.5,-4.5,0.0,0.0,4,52.75,52.75,52.75,52.5,53.0,0.5,0.28867513459481287,1,51.5,51.5,51.5,51.5,51.5,0.0,0.0
401403872,2022,regular,2,2022-09-10 20:00:00+00:00,61,Georgia,2535,Samford,2,-53.0,-53.0,-53.0,-53.0,-53.0,0.0,0.0,0,,,,,,,,2,62.5,62.5,62.5,62.5,62.5,0.0,0.0,0,,,,,,,
401403873,2022,regular,2,2022-09-10 23:30:00+00:00,99,LSU,2582,Southern,2,-44.5,-44.5,-44.5,-44.5,-44.5,0.0,0.0,0,,,,,,,,2,57.5,57.5,57.5,57.0,58.0,1.0,0.7071067811865476,0,,,,,,,
401403874,2022,regular,2,2022-09-10 23:00:00+00:00,145,Ole Miss,2110,Central Arkansas,2,-36.5,-36.5,-36.5,-36.5,-36.5,0.0,0.0,0,,,,,,,,2,61.0,61.0,61.0,61.0,61.0,0.0,0.0,0,,,,,,,
401403875,2022,regular,2,2022-09-11 03:00:00+00:00,12,Arizona,344,Mississippi State,4,12.5,12.375,12.5,11.5,13.0,1.5,0.6291528696058958,1,8.5,8.5,8.5,8.5,8.5,0.0,0.0,4,58.0,58.0,58.0,57.5,58.5,1.0,0.408248290463863,1,61.0,61.0,61.0,61.0,61.0,0.0,0.0
401403876,2022,regular,2,2022-09-10 16:00:00+00:00,2306,Kansas State,142,Missouri,4,-7.0,-7.125,-7.0,-7.5,-7.0,0.5,0.25,1,-8.5,-8.5,-8.5,-8.5,-8.5,0.0,0.0,4,52.5,52.5,52.5,52.5,52.5,0.0,0.0,1,55.5,55.5,55.5,55.5,55.5,0.0,0.0
401403877,2022,regular,2,2022-09-10 19:30:00+00:00,221,Pittsburgh,2633,Tennessee,4,6.0,6.0,6.0,6.0,6.0,0.0,0.0,1,6.0,6.0,6.0,6.0,6.0,0.0,0.0,4,62.75,62.75,62.75,62.5,63.0,0.5,0.28867513459481287,1,65.0,65.0,65.0,65.0,65.0,0.0,0.0
401403878,2022,regular,2,2022-09-10 19:30:00+00:00,245,Texas A&M,2026,App State,4,-18.0,-18.0,-18.0,-18.0,-18.0,0.0,0.0,1,-16.5,-16.5,-16.5,-16.5,-16.5,0.0,0.0,4,54.0,54.0,54.0,54.0,54.0,0.0,0.0,1,54.0,54.0,54.0,54.0,54.0,0.0,0.0
401403879,2022,regular,2,2022-09-10 16:00:00+00:00,238,Vanderbilt,154,Wake Forest,4,13.5,13.625,13.5,13.5,14.0,0.5,0.25,1,6.5,6.5,6.5,6.5,6.5,0.0,0.0,4,65.25,65.25,65.25,65.0,65.5,0.5,0.28867513459481287,1,61.5,61.5,61.5,61.5,61.5,0.0,0.0
401403880,2022,regular,3,2022-09-17 20:00:00+00:00,333,Alabama,2433,UL Monroe,4,-49.5,-49.5,-49.5,-49.5,-49.5,0.0,0.0,1,-50.0,-50.0,-50.0,-50.0,-50.0,0.0,0.0,4,61.5,63.25,61.5,61.5,68.5,7.0,3.5,1,60.0,60.0,60.0,60.0,60.0,0.0,0.0
401403881,2022,regular,3,2022-09-17 23:00:00+00:00,8,Arkansas,2623,Missouri State,2,-26.0,-26.0,-26.0,-26.0,-26.0,0.0,0.0,0,,,,,,,,2,59.75,59.75,59.75,59.5,60.0,0.5,0.3535533905932738,0,,,,,,,
401403882,2022,regular,3,2022-09-17 19:30:00+00:00,2,Auburn,213,Penn State,4,2.5,2.375,2.5,2.0,2.5,0.5,0.25,1,3.0,3.0,3.0,3.0,3.0,0.0,0.0,4,47.5,47.5,47.5,47.5,47.5,0.0,0.0,1,48.5,48.5,48.5,48.5,48.5,0.0,0.0
401403883,2022,regular,3,2022-09-17 23:30:00+00:00,57,Florida,58,South Florida,4,-23.5,-23.5,-23.5,-23.5,-23.5,0.0,0.0,1,-24.5,-24.5,-24.5,-24.5,-24.5,0.0,0.0,4,58.0,58.125,58.0,58.0,58.5,0.5,0.25,1,59.0,59.0,59.0,59.0,59.0,0.0,0.0
401403884,2022,regular,3,2022-09-17 16:00:00+00:00,96,Kentucky,2754,Youngstown State,3,-30.0,-29.666666666666668,-30.0,-30.0,-29.0,1.0,0.5773502691896257,1,-30.0,-30.0,-30.0,-30.0,-30.0,0.0,0.0,3,49.5,49.5,49.5,49.5,49.5,0.0,0.0,1,49.5,49.5,49.5,49.5,49.5,0.0,0.0
401403885,2022,regular,3,2022-09-17 22:00:00+00:00,99,LSU,344,Mississippi State,4,3.0,3.0,3.0,3.0,3.0,0.0,0.0,1,2.5,2.5,2.5,2.5,2.5,0.0,0.0,4,53.0,53.0,53.0,53.0,53.0,0.0,0.0,1,54.0,54.0,54.0,54.0,54.0,0.0,0.0
401403886,2022,regular,3,2022-09-17 19:30:00+00:00,59,Georgia Tech,145,Ole Miss,4,17.0,17.125,17.0,17.0,17.5,0.5,0.25,1,14.5,14.5,14.5,14.5,14.5,0.0,0.0,4,62.75,62.75,62.75,62.5,63.0,0.5,0.28867513459481287,1,60.0,60.0,60.0,60.0,60.0,0.0,0.0
401403887,2022,regular,3,2022-09-17 16:00:00+00:00,142,Missouri,2000,Abilene Christian,3,-31.5,-31.5,-31.5,-31.5,-31.5,0.0,0.0,1,-31.5,-31.5,-31.5,-31.5,-31.5,0.0,0.0,3,56.5,56.5,56.5,56.5,56.5,0.0,0.0,1,56.5,56.5,56.5,56.5,56.5,0.0,0.0
401403888,2022,regular,3,2022-09-17 16:00:00+00:00,2579,South Carolina,61,Georgia,4,25.5,25.5,25.5,25.5,25.5,0.0,0.0,1,24.5,24.5,24.5,24.5,24.5,0.0,0.0,4,56.0,55.875,56.0,55.5,56.0,0.5,0.25,1,50.5,50.5,50.5,50.5,50.5,0.0,0.0
401403889,2022,regular,3,2022-09-17 23:00:00+00:00,2633,Tennessee,2006,Akron,4,-47.5,-47.5,-47.5,-47.5,-47.5,0.0,0.0,1,-47.5,-47.5,-47.5,-47.5,-47.5,0.0,0.0,4,67.0,67.0,67.0,67.0,67.0,0.0,0.0,1,65.5,65.5,65.5,65.5,65.5,0.0,0.0
401403890,2022,regular,3,2022-09-18 01:00:00+00:00,245,Texas A&M,2390,Miami,4,-6.5,-6.5,-6.5,-6.5,-6.5,0.0,0.0,1,-6.0,-6.0,-6.0,-6.0,-6.0,0.0,0.0,4,45.5,45.375,45.5,45.0,45.5,0.5,0.25,1,48.5,48.5,48.5,48.5,48.5,0.0,0.0
401403891,2022,regular,3,2022-09-17 19:30:00+00:00,2459,Northern Illinois,238,Vanderbilt,4,-2.5,-2.5,-2.5,-2.5,-2.5,0.0,0.0,1,-1.5,-1.5,-1.5,-1.5,-1.5,0.0,0.0,4,58.5,58.375,58.5,58.0,58.5,0.5,0.25,1,61.5,61.5,61.5,61.5,61.5,0.0,0.0
401403892,2022,regular,4,2022-09-24 23:30:00+00:00,333,Alabama,238,Vanderbilt,4,-40.5,-40.5,-40.5,-40.5,-40.5,0.0,0.0,1,-40.0,-40.0,-40.0,-40.0,-40.0,0.0,0.0,4,60.75,60.75,60.75,60.5,61.0,0.5,0.28867513459481287,1,59.0,59.0,59.0,59.0,59.0,0.0,0.0
401403893,2022,regular,4,2022-09-24 23:00:00+00:00,245,Texas A&M,8,Arkansas,4,-1.5,-1.5,-1.5,-2.0,-1.0,1.0,0.408248290463863,1,-2.0,-2.0,-2.0,-2.0,-2.0,0.0,0.0,4,51.0,51.0,51.0,51.0,51.0,0.0,0.0,1,48.0,48.0,48.0,48.0,48.0,0.0,0.0
401403894,2022,regular,4,2022-09-24 16:00:00+00:00,2,Auburn,142,Missouri,4,-7.5,-7.5,-7.5,-7.5,-7.5,0.0,0.0,1,-6.5,-6.5,-6.5,-6.5,-6.5,0.0,0.0,4,51.0,51.0,51.0,51.0,51.0,0.0,0.0,1,51.5,51.5,51.5,51.5,51.5,0.0,0.0
401403895,2022,regular,4,2022-09-24 16:00:00+00:00,61,Georgia,2309,Kent State,4,-45.0,-45.25,-45.0,-46.0,-45.0,1.0,0.5,1,-42.0,-42.0,-42.0,-42.0,-42.0,0.0,0.0,4,61.5,61.375,61.5,61.0,61.5,0.5,0.25,1,60.0,60.0,60.0,60.0,60.0,0.0,0.0
401403896,2022,regular,4,2022-09-24 23:00:00+00:00,96,Kentucky,2459,Northern Illinois,4,-26.75,-26.875,-26.75,-27.5,-26.5,1.0,0.47871355387816905,1,-25.0,-25.0,-25.0,-25.0,-25.0,0.0,0.0,4,53.0,53.0,53.0,52.5,53.5,1.0,0.408248290463863,1,53.0,53.0,53.0,53.0,53.0,0.0,0.0
401403897,2022,regular,4,2022-09-24 23:30:00+00:00,99,LSU,167,New Mexico,4,-31.5,-31.5,-31.5,-31.5,-31.5,0.0,0.0,1,-29.0,-29.0,-29.0,-29.0,-29.0,0.0,0.0,4,44.0,44.0,44.0,44.0,44.0,0.0,0.0,1,47.0,47.0,47.0,47.0,47.0,0.0,0.0
401403898,2022,regular,4,2022-09-24 20:00:00+00:00,145,Ole Miss,202,Tulsa,4,-21.0,-21.0,-21.0,-21.0,-21.0,0.0,0.0,1,-20.5,-20.5,-20.5,-20.5,-20.5,0.0,0.0,4,66.5,66.5,66.5,66.5,66.5,0.0,0.0,1,62.5,62.5,62.5,62.5,62.5,0.0,0.0
401403899,2022,regular,4,2022-09-24 16:00:00+00:00,344,Mississippi State,189,Bowling Green,4,-31.0,-31.0,-31.0,-31.0,-31.0,0.0,0.0,1,-29.0,-29.0,-29.0,-29.0,-29.0,0.0,0.0,4,53.0,53.0,53.0,53.0,53.0,0.0,0.0,1,56.5,56.5,56.5,56.5,56.5,0.0,0.0
401403901,2022,regular,4,2022-09-24 19:30:00+00:00,2633,Tennessee,57,Florida,4,-11.0,-11.125,-11.0,-11.5,-11.0,0.5,0.25,1,-9.5,-9.5,-9.5,-9.5,-9.5,0.0,0.0,4,62.0,62.125,62.0,62.0,62.5,0.5,0.25,1,63.5,63.5,63.5,63.5,63.5,0.0,0.0
401403902,2022,regular,5,2022-10-01 19:30:00+00:00,8,Arkansas,333,Alabama,4,17.0,17.0,17.0,17.0,17.0,0.0,0.0,1,16.0,16.0,16.0,16.0,16.0,0.0,0.0,4,61.0,61.0,61.0,61.0,61.0,0.0,0.0,1,61.5,61.5,61.5,61.5,61.5,0.0,0.0
401403903,2022,regular,5,2022-10-01 23:00:00+00:00,2,Auburn,99,LSU,4,8.0,8.0,8.0,8.0,8.0,0.0,0.0,1,7.5,7.5,7.5,7.5,7.5,0.0,0.0,4,44.5,44.5,44.5,44.5,44.5,0.0,0.0,1,45.5,45.5,45.5,45.5,45.5,0.0,0.0
401403904,2022,regular,5,2022-10-02 16:00:00+00:00,57,Florida,331,Eastern Washington,3,-32.0,-32.0,-32.0,-32.0,-32.0,0.0,0.0,1,-32.0,-32.0,-32.0,-32.0,-32.0,0.0,0.0,3,69.5,70.0,69.5,69.0,71.5,2.5,1.3228756555322954,1,71.5,71.5,71.5,71.5,71.5,0.0,0.0
401403905,2022,regular,5,2022-10-01 16:00:00+00:00,145,Ole Miss,96,Kentucky,4,-6.5,-6.375,-6.5,-6.5,-6.0,0.5,0.25,1,-6.0,-6.0,-6.0,-6.0,-6.0,0.0,0.0,4,55.0,54.75,55.0,54.0,55.0,1.0,0.5,1,55.5,55.5,55.5,55.5,55.5,0.0,0.0
401403906,2022,regular,5,2022-10-01 20:00:00+00:00,344,Mississippi State,245,Texas A&M,4,-4.0,-4.0,-4.0,-4.0,-4.0,0.0,0.0,1,-2.5,-2.5,-2.5,-2.5,-2.5,0.0,0.0,4,45.0,45.0,45.0,45.0,45.0,0.0,0.0,1,46.0,46.0,46.0,46.0,46.0,0.0,0.0
401403907,2022,regular,5,2022-10-01 23:30:00+00:00,142,Missouri,61,Georgia,4,30.75,30.875,30.75,30.5,31.5,1.0,0.47871355387816905,1,27.5,27.5,27.5,27.5,27.5,0.0,0.0,4,54.25,54.25,54.25,54.0,54.5,0.5,0.28867513459481287,1,55.5,55.5,55.5,55.5,55.5,0.0,0.0
401403908,2022,regular,5,2022-09-29 23:00:00+00:00,2579,South Carolina,2569,South Carolina State,2,-40.5,-40.5,-40.5,-40.5,-40.5,0.0,0.0,0,,,,,,,,2,56.5,56.5,56.5,56.0,57.0,1.0,0.7071067811865476,0,,,,,,,
401403909,2022,regular,6,2022-10-09 00:00:00+00:00,333,Alabama,245,Texas A&M,4,-24.0,-24.125,-24.0,-24.5,-24.0,0.5,0.25,1,-24.0,-24.0,-24.0,-24.0,-24.0,0.0,0.0,4,48.0,48.125,48.0,48.0,48.5,0.5,0.25,1,52.0,52.0,52.0,52.0,52.0,0.0,0.0
401403910,2022,regular,6,2022-10-08 16:00:00+00:00,57,Florida,142,Missouri,4,-10.75,-10.75,-10.75,-11.0,-10.5,0.5,0.28867513459481287,1,-10.0,-10.0,-10.0,-10.0,-10.0,0.0,0.0,4,53.5,53.5,53.5,53.5,53.5,0.0,0.0,1,54.0,54.0,54.0,54.0,54.0,0.0,0.0
401403911,2022,regular,6,2022-10-08 19:30:00+00:00,61,Georgia,2,Auburn,4,-27.5,-27.625,-27.5,-28.0,-27.5,0.5,0.25,1,-28.5,-28.5,-28.5,-28.5,-28.5,0.0,0.0,4,49.5,49.5,49.5,49.5,49.5,0.0,0.0,1,49.0,49.0,49.0,49.0,49.0,0.0,0.0
401403912,2022,regular,6,2022-10-08 23:30:00+00:00,96,Kentucky,2579,South Carolina,4,-4.5,-4.375,-4.5,-4.5,-4.0,0.5,0.25,1,-10.5,-10.5,-10.5,-10.5,-10.5,0.0,0.0,4,44.5,44.5,44.5,44.0,45.0,1.0,0.5773502691896257,1,48.5,48.5,48.5,48.5,48.5,0.0,0.0
401403913,2022,regular,6,2022-10-08 16:00:00+00:00,99,LSU,2633,Tennessee,4,2.5,2.5,2.5,2.5,2.5,0.0,0.0,1,3.0,3.0,3.0,3.0,3.0,0.0,0.0,4,63.5,63.375,63.5,63.0,63.5,0.5,0.25,1,62.0,62.0,62.0,62.0,62.0,0.0,0.0
401403914,2022,regular,6,2022-10-08 16:00:00+00:00,344,Mississippi State,8,Arkansas,4,-8.5,-8.375,-8.5,-8.5,-8.0,0.5,0.25,1,-6.0,-6.0,-6.0,-6.0,-6.0,0.0,0.0,4,55.5,55.5,55.5,55.5,55.5,0.0,0.0,1,62.0,62.0,62.0,62.0,62.0,0.0,0.0
401403915,2022,regular,6,2022-10-08 20:00:00+00:00,238,Vanderbilt,145,Ole Miss,4,17.0,17.0,17.0,17.0,17.0,0.0,0.0,1,18.5,18.5,18.5,18.5,18.5,0.0,0.0,4,59.5,59.625,59.5,59.5,60.0,0.5,0.25,1,60.0,60.0,60.0,60.0,60.0,0.0,0.0
401403916,2022,regular,7,2022-10-15 19:30:00+00:00,252,BYU,8,Arkansas,4,-1.0,-0.75,-1.0,-1.0,0.0,1.0,0.5,1,-3.0,-3.0,-3.0,-3.0,-3.0,0.0,0.0,4,66.5,66.625,66.5,66.5,67.0,0.5,0.25,1,59.5,59.5,59.5,59.5,59.5,0.0,0.0
401403917,2022,regular,7,2022-10-15 23:00:00+00:00,57,Florida,99,LSU,4,-2.0,-2.0,-2.0,-2.0,-2.0,0.0,0.0,1,-3.0,-3.0,-3.0,-3.0,-3.0,0.0,0.0,4,51.5,51.375,51.5,51.0,51.5,0.5,0.25,1,51.5,51.5,51.5,51.5,51.5,0.0,0.0
401403918,2022,regular,7,2022-10-15 19:30:00+00:00,61,Georgia,238,Vanderbilt,4,-37.5,-37.5,-37.5,-37.5,-37.5,0.0,0.0,1,-38.0,-38.0,-38.0,-38.0,-38.0,0.0,0.0,4,56.5,56.5,56.5,56.5,56.5,0.0,0.0,1,57.0,57.0,57.0,57.0,57.0,0.0,0.0
401403919,2022,regular,7,2022-10-15 23:30:00+00:00,96,Kentucky,344,Mississippi State,4,3.5,3.5,3.5,3.5,3.5,0.0,0.0,1,6.0,6.0,6.0,6.0,6.0,0.0,0.0,4,50.5,50.5,50.5,50.5,50.5,0.0,0.0,1,47.0,47.0,47.0,47.0,47.0,0.0,0.0
401403920,2022,regular,7,2022-10-15 16:00:00+00:00,145,Ole Miss,2,Auburn,4,-15.5,-15.375,-15.5,-15.5,-15.0,0.5,0.25,1,-15.5,-15.5,-15.5,-15.5,-15.5,0.0,0.0,4,55.0,55.125,55.0,55.0,55.5,0.5,0.25,1,54.5,54.5,54.5,54.5,54.5,0.0,0.0
401403921,2022,regular,7,2022-10-15 19:30:00+00:00,2633,Tennessee,333,Alabama,4,9.0,9.0,9.0,9.0,9.0,0.0,0.0,1,7.0,7.0,7.0,7.0,7.0,0.0,0.0,4,68.0,68.0,68.0,68.0,68.0,0.0,0.0,1,65.5,65.5,65.5,65.5,65.5,0.0,0.0
401403922,2022,regular,8,2022-10-22 23:00:00+00:00,333,Alabama,344,Mississippi State,4,-21.25,-21.25,-21.25,-21.5,-21.0,0.5,0.28867513459481287,1,-21.5,-21.5,-21.5,-21.5,-21.5,0.0,0.0,4,61.5,61.375,61.5,61.0,61.5,0.5,0.25,1,62.0,62.0,62.0,62.0,62.0,0.0,0.0
401403923,2022,regular,8,2022-10-22 19:30:00+00:00,99,LSU,145,Ole Miss,4,0.0,0.0,0.0,0.0,0.0,0.0,0.0,1,1.5,1.5,1.5,1.5,1.5,0.0,0.0,4,64.0,64.0,64.0,64.0,64.0,0.0,0.0,1,64.0,64.0,64.0,64.0,64.0,0.0,0.0
401403924,2022,regular,8,2022-10-22 20:00:00+00:00,142,Missouri,238,Vanderbilt,4,-14.0,-14.0,-14.0,-14.0,-14.0,0.0,0.0,1,-15.0,-15.0,-15.0,-15.0,-15.0,0.0,0.0,4,49.0,49.0,49.0,49.0,49.0,0.0,0.0,1,56.0,56.0,56.0,56.0,56.0,0.0,0.0
401403925,2022,regular,8,2022-10-22 23:30:00+00:00,2579,South Carolina,245,Texas A&M,4,3.0,3.0,3.0,3.0,3.0,0.0,0.0,1,3.5,3.5,3.5,3.5,3.5,0.0,0.0,4,44.5,44.625,44.5,44.5,45.0,0.5,0.25,1,46.5,46.5,46.5,46.5,46.5,0.0,0.0
401403926,2022,regular,8,2022-10-22 16:00:00+00:00,2633,Tennessee,2630,UT Martin,2,-38.75,-38.75,-38.75,-39.0,-38.5,0.5,0.3535533905932738,0,,,,,,,,2,71.5,71.5,71.5,71.5,71.5,0.0,0.0,0,,,,,,,
401403927,2022,regular,9,2022-10-29 16:00:00+00:00,2,Auburn,8,Arkansas,4,4.0,4.0,4.0,4.0,4.0,0.0,0.0,1,4.0,4.0,4.0,4.0,4.0,0.0,0.0,4,60.0,60.0,60.0,60.0,60.0,0.0,0.0,1,60.5,60.5,60.5,60.5,60.5,0.0,0.0
401403928,2022,regular,9,2022-10-29 19:30:00+00:00,61,Georgia,57,Florida,4,-23.0,-23.0,-23.0,-23.0,-23.0,0.0,0.0,1,-22.0,-22.0,-22.0,-22.0,-22.0,0.0,0.0,4,56.5,56.5,56.5,56.5,56.5,0.0,0.0,1,57.0,57.0,57.0,57.0,57.0,0.0,0.0
401403929,2022,regular,9,2022-10-29 20:00:00+00:00,2579,South Carolina,142,Missouri,4,-3.5,-3.5,-3.5,-3.5,-3.5,0.0,0.0,1,-6.0,-6.0,-6.0,-6.0,-6.0,0.0,0.0,4,45.25,45.25,45.25,45.0,45.5,0.5,0.28867513459481287,1,47.5,47.5,47.5,47.5,47.5,0.0,0.0
401403930,2022,regular,9,2022-10-29 23:00:00+00:00,2633,Tennessee,96,Kentucky,4,-10.5,-10.75,-10.5,-11.5,-10.5,1.0,0.5,1,-13.0,-13.0,-13.0,-13.0,-13.0,0.0,0.0,4,62.5,62.625,62.5,62.5,63.0,0.5,0.25,1,63.0,63.0,63.0,63.0,63.0,0.0,0.0
401403931,2022,regular,9,2022-10-29 23:30:00+00:00,245,Texas A&M,145,Ole Miss,4,3.0,3.0,3.0,3.0,3.0,0.0,0.0,1,3.0,3.0,3.0,3.0,3.0,0.0,0.0,4,55.25,55.25,55.25,55.0,55.5,0.5,0.28867513459481287,1,53.5,53.5,53.5,53.5,53.5,0.0,0.0
401403932,2022,regular,10,2022-11-05 20:00:00+00:00,8,Arkansas,2335,Liberty,4,-14.5,-14.5,-14.5,-14.5,-14.5,0.0,0.0,1,-14.0,-14.0,-14.0,-14.0,-14.0,0.0,0.0,4,61.5,61.375,61.5,61.0,61.5,0.5,0.25,1,64.5,64.5,64.5,64.5,64.5,0.0,0.0
401403933,2022,regular,10,2022-11-05 19:30:00+00:00,61,Georgia,2633,Tennessee,4,-9.75,-9.625,-9.75,-10.0,-9.0,1.0,0.47871355387816905,1,-8.5,-8.5,-8.5,-8.5,-8.5,0.0,0.0,4,65.5,65.375,65.5,65.0,65.5,0.5,0.25,1,65.5,65.5,65.5,65.5,65.5,0.0,0.0
401403934,2022,regular,10,2022-11-05 23:00:00+00:00,99,LSU,333,Alabama,4,13.5,13.5,13.5,13.5,13.5,0.0,0.0,1,13.0,13.0,13.0,13.0,13.0,0.0,0.0,4,56.5,56.625,56.5,56.5,57.0,0.5,0.25,1,58.0,58.0,58.0,58.0,58.0,0.0,0.0
401403935,2022,regular,10,2022-11-05 23:30:00+00:00,344,Mississippi State,2,Auburn,4,-12.5,-12.5,-12.5,-12.5,-12.5,0.0,0.0,1,-11.0,-11.0,-11.0,-11.0,-11.0,0.0,0.0,4,50.5,50.5,50.5,50.5,50.5,0.0,0.0,1,52.5,52.5,52.5,52.5,52.5,0.0,0.0
401403936,2022,regular,10,2022-11-05 16:00:00+00:00,142,Missouri,96,Kentucky,4,-1.0,-0.75,-1.0,-1.0,0.0,1.0,0.5,1,2.5,2.5,2.5,2.5,2.5,0.0,0.0,4,40.0,40.0,40.0,40.0,40.0,0.0,0.0,1,43.5,43.5,43.5,43.5,43.5,0.0,0.0
401403937,2022,regular,10,2022-11-05 16:00:00+00:00,245,Texas A&M,57,Florida,4,-1.5,-1.5,-1.5,-1.5,-1.5,0.0,0.0,1,-3.0,-3.0,-3.0,-3.0,-3.0,0.0,0.0,4,53.5,53.5,53.5,53.5,53.5,0.0,0.0,1,54.5,54.5,54.5,54.5,54.5,0.0,0.0
401403938,2022,regular,10,2022-11-05 23:30:00+00:00,238,Vanderbilt,2579,South Carolina,4,6.5,6.5,6.5,6.5,6.5,0.0,0.0,1,7.0,7.0,7.0,7.0,7.0,0.0,0.0,4,49.0,49.0,49.0,49.0,49.0,0.0,0.0,1,49.5,49.5,49.5,49.5,49.5,0.0,0.0
401403939,2022,regular,11,2022-11-12 17:00:00+00:00,8,Arkansas,99,LSU,4,5.25,5.0,5.25,3.5,6.0,2.5,1.0801234497346435,1,3.0,3.0,3.0,3.0,3.0,0.0,0.0,4,59.0,58.75,59.0,58.0,59.0,1.0,0.5,1,62.0,62.0,62.0,62.0,62.0,0.0,0.0
401403940,2022,regular,11,2022-11-13 00:30:00+00:00,2,Auburn,245,Texas A&M,4,-1.5,-1.5,-1.5,-1.5,-1.5,0.0,0.0,1,-1.5,-1.5,-1.5,-1.5,-1.5,0.0,0.0,4,48.5,48.375,48.5,48.0,48.5,0.5,0.25,1,49.5,49.5,49.5,49.5,49.5,0.0,0.0
401403941,2022,regular,11,2022-11-12 21:00:00+00:00,57,Florida,2579,South Carolina,4,-8.0,-8.0,-8.0,-8.0,-8.0,0.0,0.0,1,-8.0,-8.0,-8.0,-8.0,-8.0,0.0,0.0,4,58.0,58.0,58.0,58.0,58.0,0.0,0.0,1,59.0,59.0,59.0,59.0,59.0,0.0,0.0
401403942,2022,regular,11,2022-11-12 17:00:00+00:00,96,Kentucky,238,Vanderbilt,4,-17.0,-17.0,-17.0,-17.0,-17.0,0.0,0.0,1,-17.5,-17.5,-17.5,-17.5,-17.5,0.0,0.0,4,45.5,45.5,45.5,45.5,45.5,0.0,0.0,1,50.0,50.0,50.0,50.0,50.0,0.0,0.0
401403943,2022,regular,11,2022-11-12 20:30:00+00:00,145,Ole Miss,333,Alabama,4,11.0,10.875,11.0,10.5,11.0,0.5,0.25,1,12.0,12.0,12.0,12.0,12.0,0.0,0.0,4,65.5,65.5,65.5,65.5,65.5,0.0,0.0,1,63.5,63.5,63.5,63.5,63.5,0.0,0.0
401403944,2022,regular,11,2022-11-13 00:00:00+00:00,344,Mississippi State,61,Georgia,4,16.25,16.125,16.25,15.5,16.5,1.0,0.47871355387816905,1,16.5,16.5,16.5,16.5,16.5,0.0,0.0,4,53.0,53.0,53.0,53.0,53.0,0.0,0.0,1,53.5,53.5,53.5,53.5,53.5,0.0,0.0
401403945,2022,regular,11,2022-11-12 17:00:00+00:00,2633,Tennessee,142,Missouri,4,-19.0,-19.0,-19.0,-19.5,-18.5,1.0,0.408248290463863,1,-21.0,-21.0,-21.0,-21.0,-21.0,0.0,0.0,4,57.5,57.5,57.5,57.5,57.5,0.0,0.0,1,56.5,56.5,56.5,56.5,56.5,0.0,0.0
401403946,2022,regular,12,2022-11-19 17:00:00+00:00,333,Alabama,2046,Austin Peay,2,-44.75,-44.75,-44.75,-45.0,-44.5,0.5,0.3535533905932738,0,,,,,,,,2,58.5,58.5,58.5,58.0,59.0,1.0,0.7071067811865476,0,,,,,,,
401403947,2022,regular,12,2022-11-20 00:30:00+00:00,8,Arkansas,145,Ole Miss,4,0.0,0.25,0.0,0.0,1.0,1.0,0.5,1,3.0,3.0,3.0,3.0,3.0,0.0,0.0,4,68.0,67.875,68.0,67.5,68.0,0.5,0.25,1,59.0,59.0,59.0,59.0,59.0,0.0,0.0
401403949,2022,regular,12,2022-11-19 20:30:00+00:00,96,Kentucky,61,Georgia,4,22.5,22.5,22.5,22.5,22.5,0.0,0.0,1,22.5,22.5,22.5,22.5,22.5,0.0,0.0,4,47.5,47.375,47.5,47.0,47.5,0.5,0.25,1,49.0,49.0,49.0,49.0,49.0,0.0,0.0
401403951,2022,regular,12,2022-11-19 17:00:00+00:00,344,Mississippi State,2193,East Tennessee State,2,-39.0,-39.0,-39.0,-39.0,-39.0,0.0,0.0,0,,,,,,,,2,62.5,62.5,62.5,62.5,62.5,0.0,0.0,0,,,,,,,
401403952,2022,regular,12,2022-11-20 00:30:00+00:00,142,Missouri,166,New Mexico State,4,-29.0,-29.0,-29.0,-29.0,-29.0,0.0,0.0,1,-27.5,-27.5,-27.5,-27.5,-27.5,0.0,0.0,4,46.5,46.5,46.5,46.5,46.5,0.0,0.0,1,47.0,47.0,47.0,47.0,47.0,0.0,0.0
401403953,2022,regular,12,2022-11-20 00:00:00+00:00,2579,South Carolina,2633,Tennessee,4,22.5,22.625,22.5,22.5,23.0,0.5,0.25,1,21.0,21.0,21.0,21.0,21.0,0.0,0.0,4,67.0,66.875,67.0,66.5,67.0,0.5,0.25,1,66.5,66.5,66.5,66.5,66.5,0.0,0.0
401403954,2022,regular,12,2022-11-19 17:00:00+00:00,245,Texas A&M,113,Massachusetts,4,-32.0,-32.0,-32.0,-32.0,-32.0,0.0,0.0,1,-34.0,-34.0,-34.0,-34.0,-34.0,0.0,0.0,4,46.0,45.75,46.0,45.0,46.0,1.0,0.5,1,50.0,50.0,50.0,50.0,50.0,0.0,0.0
401403955,2022,regular,12,2022-11-19 17:00:00+00:00,238,Vanderbilt,57,Florida,4,14.0,14.0,14.0,14.0,14.0,0.0,0.0,1,14.5,14.5,14.5,14.5,14.5,0.0,0.0,4,58.0,58.125,58.0,58.0,58.5,0.5,0.25,1,57.5,57.5,57.5,57.5,57.5,0.0,0.0
401403956,2022,regular,13,2022-11-25 00:00:00+00:00,145,Ole Miss,344,Mississippi State,4,-2.5,-2.5,-2.5,-2.5,-2.5,0.0,0.0,1,-2.0,-2.0,-2.0,-2.0,-2.0,0.0,0.0,4,63.0,63.0,63.0,63.0,63.0,0.0,0.0,1,63.0,63.0,63.0,63.0,63.0,0.0,0.0
401403957,2022,regular,13,2022-11-26 20:30:00+00:00,333,Alabama,2,Auburn,4,-22.0,-21.875,-22.0,-22.0,-21.5,0.5,0.25,1,-22.0,-22.0,-22.0,-22.0,-22.0,0.0,0.0,4,51.0,51.0,51.0,51.0,51.0,0.0,0.0,1,49.5,49.5,49.5,49.5,49.5,0.0,0.0
401403958,2022,regular,13,2022-11-26 00:30:00+00:00,52,Florida State,57,Florida,4,-10.0,-9.875,-10.0,-10.0,-9.5,0.5,0.25,1,-10.0,-10.0,-10.0,-10.0,-10.0,0.0,0.0,4,58.0,58.125,58.0,58.0,58.5,0.5,0.25,1,58.5,58.5,58.5,58.5,58.5,0.0,0.0
401403959,2022,regular,13,2022-11-26 17:00:00+00:00,61,Georgia,59,Georgia Tech,4,-36.5,-36.5,-36.5,-36.5,-36.5,0.0,0.0,1,-36.5,-36.5,-36.5,-36.5,-36.5,0.0,0.0,4,49.0,49.0,49.0,49.0,49.0,0.0,0.0,1,49.0,49.0,49.0,49.0,49.0,0.0,0.0
401403960,2022,regular,13,2022-11-26 20:00:00+00:00,96,Kentucky,97,Louisville,4,-3.5,-3.5,-3.5,-3.5,-3.5,0.0,0.0,1,-3.5,-3.5,-3.5,-3.5,-3.5,0.0,0.0,4,42.5,42.5,42.5,42.5,42.5,0.0,0.0,1,42.5,42.5,42.5,42.5,42.5,0.0,0.0
401403961,2022,regular,13,2022-11-25 20:30:00+00:00,142,Missouri,8,Arkansas,4,3.0,3.125,3.0,3.0,3.5,0.5,0.25,1,3.0,3.0,3.0,3.0,3.0,0.0,0.0,4,55.5,55.375,55.5,55.0,55.5,0.5,0.25,1,55.0,55.0,55.0,55.0,55.0,0.0,0.0
401403962,2022,regular,13,2022-11-26 17:00:00+00:00,228,Clemson,2579,South Carolina,4,-14.0,-14.0,-14.0,-14.0,-14.0,0.0,0.0,1,-14.0,-14.0,-14.0,-14.0,-14.0,0.0,0.0,4,53.0,53.125,53.0,53.0,53.5,0.5,0.25,1,50.5,50.5,50.5,50.5,50.5,0.0,0.0
401403963,2022,regular,13,2022-11-27 00:00:00+00:00,245,Texas A&M,99,LSU,4,10.0,10.0,10.0,10.0,10.0,0.0,0.0,1,10.0,10.0,10.0,10.0,10.0,0.0,0.0,4,47.5,47.5,47.5,47.5,47.5,0.0,0.0,1,46.5,46.5,46.5,46.5,46.5,0.0,0.0
401403964,2022,regular,13,2022-11-27 00:30:00+00:00,238,Vanderbilt,2633,Tennessee,4,14.0,14.0,14.0,14.0,14.0,0.0,0.0,0,,,,,,,,4,64.0,63.875,64.0,63.5,64.0,0.5,0.25,1,66.0,66.0,66.0,66.0,66.0,0.0,0.0
401403965,2022,regular,1,2022-09-02 02:00:00+00:00,9,Arizona State,2464,Northern Arizona,3,-25.5,-25.5,-25.5,-25.5,-25.5,0.0,0.0,1,-27.5,-27.5,-27.5,-27.5,-27.5,0.0,0.0,3,52.5,52.333333333333336,52.5,52.0,52.5,0.5,0.28867513459481287,1,52.0,52.0,52.0,52.0,52.0,0.0,0.0
401403966,2022,regular,1,2022-09-03 02:00:00+00:00,38,Colorado,2628,TCU,4,13.5,13.625,13.5,13.5,14.0,0.5,0.25,1,8.0,8.0,8.0,8.0,8.0,0.0,0.0,4,59.5,59.375,59.5,59.0,59.5,0.5,0.25,1,54.5,54.5,54.5,54.5,54.5,0.0,0.0
401403967,2022,regular,1,2022-09-03 19:30:00+00:00,21,San Diego State,12,Arizona,4,-6.25,-6.25,-6.25,-6.5,-6.0,0.5,0.28867513459481287,1,-7.0,-7.0,-7.0,-7.0,-7.0,0.0,0.0,4,46.5,46.5,46.5,46.5,46.5,0.0,0.0,1,49.5,49.5,49.5,49.5,49.5,0.0,0.0
401403968,2022,regular,1,2022-09-03 20:00:00+00:00,25,California,302,UC Davis,3,-14.0,-14.0,-14.0,-14.0,-14.0,0.0,0.0,1,-13.5,-13.5,-13.5,-13.5,-13.5,0.0,0.0,3,44.0,44.0,44.0,44.0,44.0,0.0,0.0,1,44.0,44.0,44.0,44.0,44.0,0.0,0.0
401403969,2022,regular,1,2022-09-04 02:30:00+00:00,204,Oregon State,68,Boise State,4,-1.5,-1.625,-1.5,-2.0,-1.5,0.5,0.25,1,-2.0,-2.0,-2.0,-2.0,-2.0,0.0,0.0,4,55.5,55.5,55.5,55.5,55.5,0.0,0.0,1,60.5,60.5,60.5,60.5,60.5,0.0,0.0
401403970,2022,regular,1,2022-09-04 00:00:00+00:00,24,Stanford,2142,Colgate,3,-40.0,-39.666666666666664,-40.0,-40.0,-39.0,1.0,0.5773502691896257,1,-40.0,-40.0,-40.0,-40.0,-40.0,0.0,0.0,3,51.5,51.666666666666664,51.5,51.5,52.0,0.5,0.28867513459481287,1,51.0,51.0,51.0,51.0,51.0,0.0,0.0
401403971,2022,regular,1,2022-09-03 18:30:00+00:00,26,UCLA,189,Bowling Green,4,-24.0,-24.0,-24.0,-24.0,-24.0,0.0,0.0,1,-30.0,-30.0,-30.0,-30.0,-30.0,0.0,0.0,4,56.5,56.375,56.5,56.0,56.5,0.5,0.25,1,55.5,55.5,55.5,55.5,55.5,0.0,0.0
401403973,2022,regular,1,2022-09-04 02:30:00+00:00,264,Washington,2309,Kent State,4,-23.5,-23.625,-23.5,-24.0,-23.5,0.5,0.25,1,-23.0,-23.0,-23.0,-23.0,-23.0,0.0,0.0,4,61.5,61.5,61.5,61.5,61.5,0.0,0.0,1,63.0,63.0,63.0,63.0,63.0,0.0,0.0
401403974,2022,regular,1,2022-09-04 01:30:00+00:00,265,Washington State,70,Idaho,3,-28.5,-28.666666666666668,-28.5,-29.0,-28.5,0.5,0.28867513459481287,1,-28.0,-28.0,-28.0,-28.0,-28.0,0.0,0.0,3,63.5,63.5,63.5,63.5,63.5,0.0,0.0,1,61.5,61.5,61.5,61.5,61.5,0.0,0.0
401403975,2022,regular,2,2022-09-10 23:30:00+00:00,197,Oklahoma State,9,Arizona State,4,-11.75,-11.75,-11.75,-12.0,-11.5,0.5,0.28867513459481287,1,-10.0,-10.0,-10.0,-10.0,-10.0,0.0,0.0,4,58.25,58.25,58.25,58.0,58.5,0.5,0.28867513459481287,1,54.0,54.0,54.0,54.0,54.0,0.0,0.0
401403976,2022,regular,2,2022-09-10 20:00:00+00:00,25,California,2439,UNLV,4,-12.5,-12.375,-12.5,-12.5,-12.0,0.5,0.25,1,-13.0,-13.0,-13.0,-13.0,-13.0,0.0,0.0,4,49.5,49.5,49.5,49.5,49.5,0.0,0.0,1,50.5,50.5,50.5,50.5,50.5,0.0,0.0
401403977,2022,regular,2,2022-09-10 19:30:00+00:00,2005,Air Force,38,Colorado,4,-17.5,-17.5,-17.5,-17.5,-17.5,0.0,0.0,1,-16.0,-16.0,-16.0,-16.0,-16.0,0.0,0.0,4,50.0,50.0,50.0,50.0,50.0,0.0,0.0,1,45.5,45.5,45.5,45.5,45.5,0.0,0.0
401403978,2022,regular,2,2022-09-11 00:30:00+00:00,2483,Oregon,331,Eastern Washington,2,-27.0,-27.0,-27.0,-27.5,-26.5,1.0,0.7071067811865476,0,,,,,,,,2,69.5,69.5,69.5,69.5,69.5,0.0,0.0,0,,,,,,,
401403979,2022,regular,2,2022-09-11 02:30:00+00:00,278,Fresno State,204,Oregon State,4,-1.0,-1.0,-1.0,-1.0,-1.0,0.0,0.0,1,-1.0,-1.0,-1.0,-1.0,-1.0,0.0,0.0,4,58.75,58.75,58.75,58.5,59.0,0.5,0.28867513459481287,1,60.5,60.5,60.5,60.5,60.5,0.0,0.0
401403980,2022,regular,2,2022-09-10 23:30:00+00:00,24,Stanford,30,USC,4,9.5,9.5,9.5,9.5,9.5,0.0,0.0,1,10.0,10.0,10.0,10.0,10.0,0.0,0.0,4,66.5,66.625,66.5,66.5,67.0,0.5,0.25,1,65.0,65.0,65.0,65.0,65.0,0.0,0.0
401403981,2022,regular,2,2022-09-10 21:00:00+00:00,26,UCLA,2011,Alabama State,2,-48.5,-48.5,-48.5,-48.5,-48.5,0.0,0.0,0,,,,,,,,2,62.0,62.0,62.0,61.5,62.5,1.0,0.7071067811865476,0,,,,,,,
401403982,2022,regular,2,2022-09-10 17:30:00+00:00,254,Utah,253,Southern Utah,2,-45.5,-45.5,-45.5,-45.5,-45.5,0.0,0.0,0,,,,,,,,2,58.5,58.5,58.5,58.5,58.5,0.0,0.0,0,,,,,,,
401403983,2022,regular,2,2022-09-10 20:00:00+00:00,264,Washington,2502,Portland State,2,-31.0,-31.0,-31.0,-31.0,-31.0,0.0,0.0,0,,,,,,,,2,55.0,55.0,55.0,55.0,55.0,0.0,0.0,0,,,,,,,
401403984,2022,regular,2,2022-09-10 19:30:00+00:00,275,Wisconsin,265,Washington State,4,-17.5,-17.5,-17.5,-17.5,-17.5,0.0,0.0,1,-17.0,-17.0,-17.0,-17.0,-17.0,0.0,0.0,4,49.0,48.875,49.0,48.5,49.0,0.5,0.25,1,46.5,46.5,46.5,46.5,46.5,0.0,0.0
401403985,2022,regular,3,2022-09-18 03:00:00+00:00,12,Arizona,2449,North Dakota State,2,3.0,3.0,3.0,3.0,3.0,0.0,0.0,0,,,,,,,,2,49.0,49.0,49.0,49.0,49.0,0.0,0.0,0,,,,,,,
401403986,2022,regular,3,2022-09-18 03:00:00+00:00,9,Arizona State,2199,Eastern Michigan,4,-20.5,-20.5,-20.5,-20.5,-20.5,0.0,0.0,1,-19.5,-19.5,-19.5,-19.5,-19.5,0.0,0.0,4,56.5,56.375,56.5,56.0,56.5,0.5,0.25,1,57.5,57.5,57.5,57.5,57.5,0.0,0.0
401403987,2022,regular,3,2022-09-17 18:30:00+00:00,87,Notre Dame,25,California,4,-13.5,-13.5,-13.5,-13.5,-13.5,0.0,0.0,1,-12.5,-12.5,-12.5,-12.5,-12.5,0.0,0.0,4,41.0,41.125,41.0,41.0,41.5,0.5,0.25,1,43.0,43.0,43.0,43.0,43.0,0.0,0.0
401403988,2022,regular,3,2022-09-17 19:30:00+00:00,135,Minnesota,38,Colorado,4,-28.0,-28.0,-28.0,-28.0,-28.0,0.0,0.0,1,-27.0,-27.0,-27.0,-27.0,-27.0,0.0,0.0,4,47.5,47.5,47.5,47.5,47.5,0.0,0.0,1,46.5,46.5,46.5,46.5,46.5,0.0,0.0
401403989,2022,regular,3,2022-09-17 19:30:00+00:00,2483,Oregon,252,BYU,4,-3.5,-3.625,-3.5,-4.0,-3.5,0.5,0.25,1,-4.0,-4.0,-4.0,-4.0,-4.0,0.0,0.0,4,58.0,57.875,58.0,57.5,58.0,0.5,0.25,1,56.5,56.5,56.5,56.5,56.5,0.0,0.0
401403990,2022,regular,3,2022-09-18 00:00:00+00:00,204,Oregon State,147,Montana State,2,-17.0,-17.0,-17.0,-17.5,-16.5,1.0,0.7071067811865476,0,,,,,,,,2,56.5,56.5,56.5,56.5,56.5,0.0,0.0,0,,,,,,,
401403991,2022,regular,3,2022-09-17 18:00:00+00:00,26,UCLA,6,South Alabama,4,-15.5,-15.5,-15.5,-15.5,-15.5,0.0,0.0,1,-14.0,-14.0,-14.0,-14.0,-14.0,0.0,0.0,4,59.0,59.125,59.0,59.0,59.5,0.5,0.25,1,59.0,59.0,59.0,59.0,59.0,0.0,0.0
401403992,2022,regular,3,2022-09-18 02:30:00+00:00,30,USC,278,Fresno State,4,-11.75,-11.625,-11.75,-12.0,-11.0,1.0,0.47871355387816905,1,-13.0,-13.0,-13.0,-13.0,-13.0,0.0,0.0,4,71.5,71.375,71.5,71.0,71.5,0.5,0.25,1,71.0,71.0,71.0,71.0,71.0,0.0,0.0
401403993,2022,regular,3,2022-09-18 02:00:00+00:00,254,Utah,21,San Diego State,4,-22.5,-22.25,-22.5,-22.5,-21.5,1.0,0.5,1,-21.0,-21.0,-21.0,-21.0,-21.0,0.0,0.0,4,48.5,48.375,48.5,48.0,48.5,0.5,0.25,1,49.5,49.5,49.5,49.5,49.5,0.0,0.0
401403994,2022,regular,3,2022-09-17 23:30:00+00:00,264,Washington,127,Michigan State,4,-3.5,-3.5,-3.5,-3.5,-3.5,0.0,0.0,1,-1.0,-1.0,-1.0,-1.0,-1.0,0.0,0.0,4,56.5,56.5,56.5,56.5,56.5,0.0,0.0,1,55.0,55.0,55.0,55.0,55.0,0.0,0.0
401403995,2022,regular,3,2022-09-17 21:00:00+00:00,265,Washington State,36,Colorado State,4,-17.0,-17.0,-17.0,-17.0,-17.0,0.0,0.0,1,-16.5,-16.5,-16.5,-16.5,-16.5,0.0,0.0,4,52.25,52.125,52.25,51.5,52.5,1.0,0.47871355387816905,1,53.0,53.0,53.0,53.0,53.0,0.0,0.0
401403996,2022,regular,4,2022-09-24 21:30:00+00:00,25,California,12,Arizona,4,-3.5,-3.5,-3.5,-3.5,-3.5,0.0,0.0,1,-4.0,-4.0,-4.0,-4.0,-4.0,0.0,0.0,4,50.5,50.375,50.5,50.0,50.5,0.5,0.25,1,48.0,48.0,48.0,48.0,48.0,0.0,0.0
401403997,2022,regular,4,2022-09-25 02:30:00+00:00,9,Arizona State,254,Utah,4,16.75,16.75,16.75,16.5,17.0,0.5,0.28867513459481287,1,16.0,16.0,16.0,16.0,16.0,0.0,0.0,4,54.0,53.875,54.0,53.5,54.0,0.5,0.25,1,52.0,52.0,52.0,52.0,52.0,0.0,0.0
401403998,2022,regular,4,2022-09-24 18:00:00+00:00,38,Colorado,26,UCLA,4,22.0,22.125,22.0,22.0,22.5,0.5,0.25,1,21.0,21.0,21.0,21.0,21.0,0.0,0.0,4,57.0,57.0,57.0,57.0,57.0,0.0,0.0,1,58.0,58.0,58.0,58.0,58.0,0.0,0.0
401403999,2022,regular,4,2022-09-24 20:00:00+00:00,265,Washington State,2483,Oregon,4,6.5,6.375,6.5,6.0,6.5,0.5,0.25,1,6.0,6.0,6.0,6.0,6.0,0.0,0.0,4,57.25,57.25,57.25,57.0,57.5,0.5,0.28867513459481287,1,53.5,53.5,53.5,53.5,53.5,0.0,0.0
401404000,2022,regular,4,2022-09-25 01:30:00+00:00,204,Oregon State,30,USC,4,5.5,5.625,5.5,5.5,6.0,0.5,0.25,1,7.0,7.0,7.0,7.0,7.0,0.0,0.0,4,70.25,70.125,70.25,69.5,70.5,1.0,0.47871355387816905,1,68.0,68.0,68.0,68.0,68.0,0.0,0.0
401404001,2022,regular,4,2022-09-25 02:30:00+00:00,264,Washington,24,Stanford,4,-14.0,-14.0,-14.0,-14.0,-14.0,0.0,0.0,1,-11.5,-11.5,-11.5,-11.5,-11.5,0.0,0.0,4,62.0,62.125,62.0,62.0,62.5,0.5,0.25,1,61.0,61.0,61.0,61.0,61.0,0.0,0.0
401404002,2022,regular,5,2022-10-02 01:30:00+00:00,12,Arizona,38,Colorado,4,-17.75,-17.75,-17.75,-18.0,-17.5,0.5,0.28867513459481287,1,-18.0,-18.0,-18.0,-18.0,-18.0,0.0,0.0,4,58.0,58.0,58.0,57.5,58.5,1.0,0.408248290463863,1,55.5,55.5,55.5,55.5,55.5,0.0,0.0
401404003,2022,regular,5,2022-10-02 02:30:00+00:00,30,USC,9,Arizona State,4,-24.5,-24.5,-24.5,-24.5,-24.5,0.0,0.0,1,-24.0,-24.0,-24.0,-24.0,-24.0,0.0,0.0,4,61.0,61.0,61.0,61.0,61.0,0.0,0.0,1,61.5,61.5,61.5,61.5,61.5,0.0,0.0
401404004,2022,regular,5,2022-10-01 21:30:00+00:00,265,Washington State,25,California,4,-4.0,-4.0,-4.0,-4.0,-4.0,0.0,0.0,1,-4.5,-4.5,-4.5,-4.5,-4.5,0.0,0.0,4,52.5,52.5,52.5,52.5,52.5,0.0,0.0,1,53.0,53.0,53.0,53.0,53.0,0.0,0.0
401404005,2022,regular,5,2022-10-02 03:00:00+00:00,2483,Oregon,24,Stanford,4,-17.5,-17.5,-17.5,-18.0,-17.0,1.0,0.408248290463863,1,-16.0,-16.0,-16.0,-16.0,-16.0,0.0,0.0,4,63.0,63.0,63.0,63.0,63.0,0.0,0.0,1,62.5,62.5,62.5,62.5,62.5,0.0,0.0
401404006,2022,regular,5,2022-10-01 18:00:00+00:00,254,Utah,204,Oregon State,4,-10.5,-10.5,-10.5,-10.5,-10.5,0.0,0.0,1,-11.0,-11.0,-11.0,-11.0,-11.0,0.0,0.0,4,54.0,54.125,54.0,54.0,54.5,0.5,0.25,1,56.0,56.0,56.0,56.0,56.0,0.0,0.0
401404007,2022,regular,5,2022-10-01 02:30:00+00:00,26,UCLA,264,Washington,4,2.5,2.5,2.5,2.5,2.5,0.0,0.0,1,3.0,3.0,3.0,3.0,3.0,0.0,0.0,4,65.0,65.0,65.0,64.5,65.5,1.0,0.408248290463863,1,65.0,65.0,65.0,65.0,65.0,0.0,0.0
401404008,2022,regular,6,2022-10-09 01:00:00+00:00,12,Arizona,2483,Oregon,4,13.5,13.5,13.5,13.5,13.5,0.0,0.0,1,11.0,11.0,11.0,11.0,11.0,0.0,0.0,4,72.0,71.875,72.0,70.5,73.0,2.5,1.0307764064044151,1,69.5,69.5,69.5,69.5,69.5,0.0,0.0
401404009,2022,regular,6,2022-10-08 20:00:00+00:00,9,Arizona State,264,Washington,4,13.5,13.5,13.5,13.5,13.5,0.0,0.0,1,13.0,13.0,13.0,13.0,13.0,0.0,0.0,4,56.0,55.875,56.0,55.5,56.0,0.5,0.25,1,55.5,55.5,55.5,55.5,55.5,0.0,0.0
401404010,2022,regular,6,2022-10-09 03:00:00+00:00,24,Stanford,204,Oregon State,4,4.5,4.375,4.5,4.0,4.5,0.5,0.25,1,7.0,7.0,7.0,7.0,7.0,0.0,0.0,4,53.25,53.25,53.25,53.0,53.5,0.5,0.28867513459481287,1,58.5,58.5,58.5,58.5,58.5,0.0,0.0
401404011,2022,regular,6,2022-10-08 19:30:00+00:00,26,UCLA,254,Utah,4,3.0,3.125,3.0,3.0,3.5,0.5,0.25,1,3.5,3.5,3.5,3.5,3.5,0.0,0.0,4,64.5,64.5,64.5,64.5,64.5,0.0,0.0,1,64.0,64.0,64.0,64.0,64.0,0.0,0.0
401404012,2022,regular,6,2022-10-08 23:30:00+00:00,30,USC,265,Washington State,4,-12.5,-12.375,-12.5,-12.5,-12.0,0.5,0.25,1,-11.0,-11.0,-11.0,-11.0,-11.0,0.0,0.0,4,64.5,64.5,64.5,64.5,64.5,0.0,0.0,1,61.0,61.0,61.0,61.0,61.0,0.0,0.0
401404013,2022,regular,7,2022-10-15 21:30:00+00:00,264,Washington,12,Arizona,4,-14.5,-14.5,-14.5,-14.5,-14.5,0.0,0.0,1,-15.5,-15.5,-15.5,-15.5,-15.5,0.0,0.0,4,71.5,71.5,71.5,71.5,71.5,0.0,0.0,1,73.5,73.5,73.5,73.5,73.5,0.0,0.0
401404014,2022,regular,7,2022-10-15 18:00:00+00:00,38,Colorado,25,California,4,15.0,15.0,15.0,15.0,15.0,0.0,0.0,1,14.5,14.5,14.5,14.5,14.5,0.0,0.0,4,49.0,48.875,49.0,48.5,49.0,0.5,0.25,1,49.0,49.0,49.0,49.0,49.0,0.0,0.0
401404015,2022,regular,7,2022-10-16 01:00:00+00:00,204,Oregon State,265,Washington State,4,-3.0,-3.0,-3.0,-3.0,-3.0,0.0,0.0,1,-3.5,-3.5,-3.5,-3.5,-3.5,0.0,0.0,4,51.5,51.5,51.5,51.5,51.5,0.0,0.0,1,52.5,52.5,52.5,52.5,52.5,0.0,0.0
401404016,2022,regular,7,2022-10-15 23:30:00+00:00,87,Notre Dame,24,Stanford,4,-16.5,-16.5,-16.5,-16.5,-16.5,0.0,0.0,1,-15.0,-15.0,-15.0,-15.0,-15.0,0.0,0.0,4,53.5,53.625,53.5,53.0,54.5,1.5,0.6291528696058958,1,52.5,52.5,52.5,52.5,52.5,0.0,0.0
401404017,2022,regular,7,2022-10-16 00:00:00+00:00,254,Utah,30,USC,4,-3.5,-3.5,-3.5,-3.5,-3.5,0.0,0.0,1,-3.5,-3.5,-3.5,-3.5,-3.5,0.0,0.0,4,65.0,65.0,65.0,65.0,65.0,0.0,0.0,1,60.5,60.5,60.5,60.5,60.5,0.0,0.0
401404018,2022,regular,8,2022-10-22 20:00:00+00:00,24,Stanford,9,Arizona State,4,-3.0,-3.0,-3.0,-3.0,-3.0,0.0,0.0,1,-3.5,-3.5,-3.5,-3.5,-3.5,0.0,0.0,4,52.0,52.125,52.0,52.0,52.5,0.5,0.25,1,54.5,54.5,54.5,54.5,54.5,0.0,0.0
401404019,2022,regular,8,2022-10-23 02:30:00+00:00,25,California,264,Washington,4,7.5,7.5,7.5,7.5,7.5,0.0,0.0,1,7.5,7.5,7.5,7.5,7.5,0.0,0.0,4,54.5,54.625,54.5,54.5,55.0,0.5,0.25,1,57.0,57.0,57.0,57.0,57.0,0.0,0.0
401404020,2022,regular,8,2022-10-23 00:00:00+00:00,204,Oregon State,38,Colorado,4,-23.0,-22.875,-23.0,-23.0,-22.5,0.5,0.25,1,-23.5,-23.5,-23.5,-23.5,-23.5,0.0,0.0,4,47.5,47.5,47.5,47.5,47.5,0.0,0.0,1,50.5,50.5,50.5,50.5,50.5,0.0,0.0
401404021,2022,regular,8,2022-10-22 19:30:00+00:00,2483,Oregon,26,UCLA,4,-7.0,-7.0,-7.0,-7.0,-7.0,0.0,0.0,1,-6.0,-6.0,-6.0,-6.0,-6.0,0.0,0.0,4,70.75,70.75,70.75,70.5,71.0,0.5,0.28867513459481287,1,70.5,70.5,70.5,70.5,70.5,0.0,0.0
401404022,2022,regular,9,2022-10-29 23:00:00+00:00,12,Arizona,30,USC,4,14.0,14.125,14.0,14.0,14.5,0.5,0.25,1,15.5,15.5,15.5,15.5,15.5,0.0,0.0,4,74.0,73.875,74.0,73.5,74.0,0.5,0.25,1,77.5,77.5,77.5,77.5,77.5,0.0,0.0
401404023,2022,regular,9,2022-10-29 23:30:00+00:00,38,Colorado,9,Arizona State,4,13.0,13.0,13.0,13.0,13.0,0.0,0.0,1,13.0,13.0,13.0,13.0,13.0,0.0,0.0,4,48.5,48.625,48.5,48.5,49.0,0.5,0.25,1,46.5,46.5,46.5,46.5,46.5,0.0,0.0
401404024,2022,regular,9,2022-10-29 19:30:00+00:00,25,California,2483,Oregon,4,16.75,16.75,16.75,16.5,17.0,0.5,0.28867513459481287,1,15.0,15.0,15.0,15.0,15.0,0.0,0.0,4,56.5,56.5,56.5,56.5,56.5,0.0,0.0,1,57.0,57.0,57.0,57.0,57.0,0.0,0.0
401404025,2022,regular,9,2022-10-30 02:30:00+00:00,26,UCLA,24,Stanford,4,-16.5,-16.5,-16.5,-16.5,-16.5,0.0,0.0,1,-16.0,-16.0,-16.0,-16.0,-16.0,0.0,0.0,4,64.5,64.5,64.5,64.5,64.5,0.0,0.0,1,63.5,63.5,63.5,63.5,63.5,0.0,0.0
401404026,2022,regular,9,2022-10-28 02:00:00+00:00,265,Washington State,254,Utah,4,7.25,7.25,7.25,7.0,7.5,0.5,0.28867513459481287,0,,,,,,,,4,56.5,56.5,56.5,56.5,56.5,0.0,0.0,1,55.5,55.5,55.5,55.5,55.5,0.0,0.0
401404027,2022,regular,10,2022-11-05 23:30:00+00:00,254,Utah,12,Arizona,4,-17.75,-17.75,-17.75,-18.0,-17.5,0.5,0.28867513459481287,1,-17.0,-17.0,-17.0,-17.0,-17.0,0.0,0.0,4,67.75,67.75,67.75,67.5,68.0,0.5,0.28867513459481287,1,67.5,67.5,67.5,67.5,67.5,0.0,0.0
401404028,2022,regular,10,2022-11-06 02:30:00+00:00,9,Arizona State,26,UCLA,4,11.0,11.0,11.0,11.0,11.0,0.0,0.0,1,10.5,10.5,10.5,10.5,10.5,0.0,0.0,4,67.0,67.0,67.0,66.5,67.5,1.0,0.408248290463863,1,62.0,62.0,62.0,62.0,62.0,0.0,0.0
401404029,2022,regular,10,2022-11-06 02:30:00+00:00,30,USC,25,California,4,-21.0,-21.125,-21.0,-21.5,-21.0,0.5,0.25,1,-19.5,-19.5,-19.5,-19.5,-19.5,0.0,0.0,4,61.0,61.125,61.0,60.5,62.0,1.5,0.6291528696058958,1,58.0,58.0,58.0,58.0,58.0,0.0,0.0
401404030,2022,regular,10,2022-11-05 19:30:00+00:00,38,Colorado,2483,Oregon,4,31.0,31.0,31.0,31.0,31.0,0.0,0.0,1,31.0,31.0,31.0,31.0,31.0,0.0,0.0,4,62.5,62.5,62.5,62.5,62.5,0.0,0.0,1,60.5,60.5,60.5,60.5,60.5,0.0,0.0
401404031,2022,regular,10,2022-11-05 02:30:00+00:00,264,Washington,204,Oregon State,4,-4.5,-4.5,-4.5,-4.5,-4.5,0.0,0.0,1,-4.5,-4.5,-4.5,-4.5,-4.5,0.0,0.0,4,53.5,53.625,53.5,53.5,54.0,0.5,0.25,1,60.5,60.5,60.5,60.5,60.5,0.0,0.0
401404032,2022,regular,10,2022-11-05 19:30:00+00:00,24,Stanford,265,Washington State,4,3.0,3.0,3.0,3.0,3.0,0.0,0.0,1,4.5,4.5,4.5,4.5,4.5,0.0,0.0,4,48.5,48.375,48.5,48.0,48.5,0.5,0.25,1,48.5,48.5,48.5,48.5,48.5,0.0,0.0
401404033,2022,regular,11,2022-11-12 02:30:00+00:00,30,USC,38,Colorado,4,-34.5,-34.375,-34.5,-34.5,-34.0,0.5,0.25,1,-34.0,-34.0,-34.0,-34.0,-34.0,0.0,0.0,4,66.0,66.0,66.0,66.0,66.0,0.0,0.0,1,64.0,64.0,64.0,64.0,64.0,0.0,0.0
401404034,2022,regular,11,2022-11-13 03:30:00+00:00,26,UCLA,12,Arizona,4,-20.0,-19.875,-20.0,-20.0,-19.5,0.5,0.25,1,-19.5,-19.5,-19.5,-19.5,-19.5,0.0,0.0,4,77.5,77.25,77.5,76.5,77.5,1.0,0.5,1,77.5,77.5,77.5,77.5,77.5,0.0,0.0
401404035,2022,regular,11,2022-11-12 20:30:00+00:00,265,Washington State,9,Arizona State,4,-9.5,-9.5,-9.5,-9.5,-9.5,0.0,0.0,1,-9.0,-9.0,-9.0,-9.0,-9.0,0.0,0.0,4,59.5,59.5,59.5,59.5,59.5,0.0,0.0,1,55.5,55.5,55.5,55.5,55.5,0.0,0.0
401404036,2022,regular,11,2022-11-13 02:00:00+00:00,204,Oregon State,25,California,4,-11.5,-11.5,-11.5,-11.5,-11.5,0.0,0.0,1,-13.5,-13.5,-13.5,-13.5,-13.5,0.0,0.0,4,47.0,47.0,47.0,47.0,47.0,0.0,0.0,1,49.0,49.0,49.0,49.0,49.0,0.0,0.0
401404037,2022,regular,11,2022-11-13 00:00:00+00:00,2483,Oregon,264,Washington,4,-12.0,-12.0,-12.0,-12.0,-12.0,0.0,0.0,1,-12.5,-12.5,-12.5,-12.5,-12.5,0.0,0.0,4,74.0,73.75,74.0,73.0,74.0,1.0,0.5,1,68.5,68.5,68.5,68.5,68.5,0.0,0.0
401404038,2022,regular,11,2022-11-13 03:00:00+00:00,254,Utah,24,Stanford,4,-24.0,-23.875,-24.0,-24.0,-23.5,0.5,0.25,1,-23.0,-23.0,-23.0,-23.0,-23.0,0.0,0.0,4,54.0,54.0,54.0,54.0,54.0,0.0,0.0,1,53.0,53.0,53.0,53.0,53.0,0.0,0.0
401404039,2022,regular,12,2022-11-19 19:00:00+00:00,12,Arizona,265,Washington State,4,4.0,4.0,4.0,4.0,4.0,0.0,0.0,1,4.5,4.5,4.5,4.5,4.5,0.0,0.0,4,63.0,63.0,63.0,63.0,63.0,0.0,0.0,1,63.0,63.0,63.0,63.0,63.0,0.0,0.0
401404040,2022,regular,12,2022-11-19 19:15:00+00:00,9,Arizona State,204,Oregon State,4,7.5,7.375,7.5,7.0,7.5,0.5,0.25,1,7.0,7.0,7.0,7.0,7.0,0.0,0.0,4,53.5,53.5,53.5,53.5,53.5,0.0,0.0,1,55.0,55.0,55.0,55.0,55.0,0.0,0.0
401404041,2022,regular,12,2022-11-19 22:30:00+00:00,25,California,24,Stanford,4,-5.0,-5.0,-5.0,-5.0,-5.0,0.0,0.0,1,-5.5,-5.5,-5.5,-5.5,-5.5,0.0,0.0,4,46.0,45.875,46.0,45.5,46.0,0.5,0.25,1,46.5,46.5,46.5,46.5,46.5,0.0,0.0
401404042,2022,regular,12,2022-11-20 02:00:00+00:00,264,Washington,38,Colorado,4,-30.5,-30.375,-30.5,-30.5,-30.0,0.5,0.25,1,-30.5,-30.5,-30.5,-30.5,-30.5,0.0,0.0,4,60.5,60.625,60.5,60.0,61.5,1.5,0.6291528696058958,1,63.0,63.0,63.0,63.0,63.0,0.0,0.0
401404043,2022,regular,12,2022-11-20 03:30:00+00:00,2483,Oregon,254,Utah,4,-1.0,-0.125,-1.0,-1.0,2.5,3.5,1.75,1,-2.5,-2.5,-2.5,-2.5,-2.5,0.0,0.0,4,61.5,61.125,61.5,60.0,61.5,1.5,0.75,1,62.0,62.0,62.0,62.0,62.0,0.0,0.0
401404044,2022,regular,12,2022-11-20 01:00:00+00:00,26,UCLA,30,USC,4,2.5,2.375,2.5,2.0,2.5,0.5,0.25,1,3.0,3.0,3.0,3.0,3.0,0.0,0.0,4,77.5,77.25,77.5,76.5,77.5,1.0,0.5,1,73.5,73.5,73.5,73.5,73.5,0.0,0.0
401404045,2022,regular,13,2022-11-25 20:00:00+00:00,12,Arizona,9,Arizona State,4,-4.0,-4.125,-4.0,-4.5,-4.0,0.5,0.25,1,-4.0,-4.0,-4.0,-4.0,-4.0,0.0,0.0,4,66.5,66.5,66.5,66.5,66.5,0.0,0.0,1,64.0,64.0,64.0,64.0,64.0,0.0,0.0
401404046,2022,regular,13,2022-11-25 21:30:00+00:00,25,California,26,UCLA,4,11.5,11.375,11.5,11.0,11.5,0.5,0.25,1,10.5,10.5,10.5,10.5,10.5,0.0,0.0,4,62.5,62.625,62.5,62.5,63.0,0.5,0.25,1,61.0,61.0,61.0,61.0,61.0,0.0,0.0
401404047,2022,regular,13,2022-11-26 20:30:00+00:00,204,Oregon State,2483,Oregon,4,-1.0,-1.125,-1.0,-1.5,-1.0,0.5,0.25,1,2.5,2.5,2.5,2.5,2.5,0.0,0.0,4,57.0,56.875,57.0,56.5,57.0,0.5,0.25,1,58.0,58.0,58.0,58.0,58.0,0.0,0.0
401404048,2022,regular,13,2022-11-26 21:00:00+00:00,38,Colorado,254,Utah,4,30.0,29.875,30.0,29.5,30.0,0.5,0.25,1,30.0,30.0,30.0,30.0,30.0,0.0,0.0,4,52.0,52.0,52.0,52.0,52.0,0.0,0.0,0,,,,,,,
401404049,2022,regular,13,2022-11-27 04:00:00+00:00,24,Stanford,252,BYU,4,6.5,6.375,6.5,6.0,6.5,0.5,0.25,1,7.0,7.0,7.0,7.0,7.0,0.0,0.0,4,57.5,57.625,57.5,57.5,58.0,0.5,0.25,1,58.0,58.0,58.0,58.0,58.0,0.0,0.0
401404051,2022,regular,13,2022-11-27 03:30:00+00:00,265,Washington State,264,Washington,4,2.5,2.375,2.5,2.0,2.5,0.5,0.25,1,2.5,2.5,2.5,2.5,2.5,0.0,0.0,4,60.0,60.0,60.0,60.0,60.0,0.0,0.0,1,59.0,59.0,59.0,59.0,59.0,0.0,0.0
401404052,2022,regular,1,2022-09-03 00:00:00+00:00,2305,Kansas,2635,Tennessee Tech,3,-30.5,-30.333333333333332,-30.5,-30.5,-30.0,0.5,0.28867513459481287,1,-31.0,-31.0,-31.0,-31.0,-31.0,0.0,0.0,3,62.0,61.166666666666664,62.0,59.5,62.0,2.5,1.4433756729740643,1,60.0,60.0,60.0,60.0,60.0,0.0,0.0
401404055,2022,regular,1,2022-09-04 00:00:00+00:00,2641,Texas Tech,93,Murray State,3,-38.0,-38.333333333333336,-38.0,-39.0,-38.0,1.0,0.5773502691896257,1,-38.0,-38.0,-38.0,-38.0,-38.0,0.0,0.0,3,64.0,64.16666666666667,64.0,64.0,64.5,0.5,0.28867513459481287,1,60.0,60.0,60.0,60.0,60.0,0.0,0.0
401404056,2022,regular,1,2022-09-03 23:00:00+00:00,2306,Kansas State,233,South Dakota,3,-27.0,-27.0,-27.0,-27.0,-27.0,0.0,0.0,1,-25.0,-25.0,-25.0,-25.0,-25.0,0.0,0.0,3,50.5,50.333333333333336,50.5,50.0,50.5,0.5,0.28867513459481287,1,47.5,47.5,47.5,47.5,47.5,0.0,0.0
401404057,2022,regular,1,2022-09-03 18:00:00+00:00,66,Iowa State,2546,Southeast Missouri State,2,-33.5,-33.5,-33.5,-33.5,-33.5,0.0,0.0,0,,,,,,,,2,54.5,54.5,54.5,54.5,54.5,0.0,0.0,0,,,,,,,
401404059,2022,regular,1,2022-09-04 00:00:00+00:00,251,Texas,2433,UL Monroe,4,-37.5,-37.375,-37.5,-37.5,-37.0,0.5,0.25,1,-38.0,-38.0,-38.0,-38.0,-38.0,0.0,0.0,4,64.5,64.375,64.5,64.0,64.5,0.5,0.25,1,67.0,67.0,67.0,67.0,67.0,0.0,0.0
401404062,2022,regular,2,2022-09-11 02:15:00+00:00,252,BYU,239,Baylor,4,-2.5,-2.5,-2.5,-2.5,-2.5,0.0,0.0,1,-2.5,-2.5,-2.5,-2.5,-2.5,0.0,0.0,4,55.0,54.875,55.0,54.5,55.0,0.5,0.25,1,53.0,53.0,53.0,53.0,53.0,0.0,0.0
401404063,2022,regular,2,2022-09-10 20:00:00+00:00,2641,Texas Tech,248,Houston,4,-4.0,-3.875,-4.0,-4.0,-3.5,0.5,0.25,1,-3.0,-3.0,-3.0,-3.0,-3.0,0.0,0.0,4,62.25,62.25,62.25,62.0,62.5,0.5,0.28867513459481287,1,65.5,65.5,65.5,65.5,65.5,0.0,0.0
401404064,2022,regular,2,2022-09-10 20:00:00+00:00,2294,Iowa,66,Iowa State,4,-3.5,-3.5,-3.5,-3.5,-3.5,0.0,0.0,1,-3.5,-3.5,-3.5,-3.5,-3.5,0.0,0.0,4,39.0,38.875,39.0,38.5,39.0,0.5,0.25,1,41.5,41.5,41.5,41.5,41.5,0.0,0.0
401404065,2022,regular,2,2022-09-10 22:00:00+00:00,277,West Virginia,2305,Kansas,4,-14.0,-14.0,-14.0,-14.0,-14.0,0.0,0.0,1,-13.5,-13.5,-13.5,-13.5,-13.5,0.0,0.0,4,59.75,59.75,59.75,59.5,60.0,0.5,0.28867513459481287,1,57.5,57.5,57.5,57.5,57.5,0.0,0.0
401404066,2022,regular,2,2022-09-10 23:00:00+00:00,201,Oklahoma,2309,Kent State,4,-33.25,-33.25,-33.25,-33.5,-33.0,0.5,0.28867513459481287,1,-32.0,-32.0,-32.0,-32.0,-32.0,0.0,0.0,4,72.75,72.75,72.75,72.5,73.0,0.5,0.28867513459481287,1,71.0,71.0,71.0,71.0,71.0,0.0,0.0
401404067,2022,regular,2,2022-09-11 00:00:00+00:00,2628,TCU,2627,Tarleton State,2,-40.0,-40.0,-40.0,-40.0,-40.0,0.0,0.0,0,,,,,,,,2,66.5,66.5,66.5,66.5,66.5,0.0,0.0,0,,,,,,,
401404068,2022,regular,3,2022-09-17 20:00:00+00:00,248,Houston,2305,Kansas,4,-8.5,-8.5,-8.5,-8.5,-8.5,0.0,0.0,1,-10.5,-10.5,-10.5,-10.5,-10.5,0.0,0.0,4,58.0,58.125,58.0,58.0,58.5,0.5,0.25,1,62.0,62.0,62.0,62.0,62.0,0.0,0.0
401404069,2022,regular,3,2022-09-17 18:00:00+00:00,66,Iowa State,195,Ohio,4,-20.0,-19.875,-20.0,-20.0,-19.5,0.5,0.25,1,-21.5,-21.5,-21.5,-21.5,-21.5,0.0,0.0,4,48.0,48.0,48.0,47.5,48.5,1.0,0.408248290463863,1,49.0,49.0,49.0,49.0,49.0,0.0,0.0
401404070,2022,regular,3,2022-09-17 16:00:00+00:00,158,Nebraska,201,Oklahoma,4,10.5,10.5,10.5,10.5,10.5,0.0,0.0,1,14.0,14.0,14.0,14.0,14.0,0.0,0.0,4,65.5,65.75,65.5,65.5,66.5,1.0,0.5,1,64.5,64.5,64.5,64.5,64.5,0.0,0.0
401404071,2022,regular,3,2022-09-17 16:00:00+00:00,239,Baylor,326,Texas State,4,-30.0,-30.0,-30.0,-30.0,-30.0,0.0,0.0,1,-30.0,-30.0,-30.0,-30.0,-30.0,0.0,0.0,4,53.0,53.0,53.0,53.0,53.0,0.0,0.0,1,53.0,53.0,53.0,53.0,53.0,0.0,0.0
401404072,2022,regular,3,2022-09-17 23:00:00+00:00,152,NC State,2641,Texas Tech,4,-10.5,-10.375,-10.5,-10.5,-10.0,0.5,0.25,1,-10.0,-10.0,-10.0,-10.0,-10.0,0.0,0.0,4,55.75,55.75,55.75,55.5,56.0,0.5,0.28867513459481287,1,55.5,55.5,55.5,55.5,55.5,0.0,0.0
401404073,2022,regular,3,2022-09-17 17:00:00+00:00,277,West Virginia,119,Towson,3,-41.0,-41.0,-41.0,-41.0,-41.0,0.0,0.0,1,-39.0,-39.0,-39.0,-39.0,-39.0,0.0,0.0,3,58.5,58.5,58.5,58.5,58.5,0.0,0.0,1,58.5,58.5,58.5,58.5,58.5,0.0,0.0
401404074,2022,regular,3,2022-09-17 19:00:00+00:00,2306,Kansas State,2655,Tulane,4,-13.5,-13.625,-13.5,-14.0,-13.5,0.5,0.25,1,-16.5,-16.5,-16.5,-16.5,-16.5,0.0,0.0,4,49.0,49.125,49.0,49.0,49.5,0.5,0.25,1,49.0,49.0,49.0,49.0,49.0,0.0,0.0
401404075,2022,regular,3,2022-09-17 23:00:00+00:00,197,Oklahoma State,2029,Arkansas-Pine Bluff,2,-54.5,-54.5,-54.5,-54.5,-54.5,0.0,0.0,0,,,,,,,,2,64.5,64.5,64.5,64.5,64.5,0.0,0.0,0,,,,,,,
401404078,2022,regular,4,2022-09-24 16:00:00+00:00,2567,SMU,2628,TCU,4,2.5,2.5,2.5,2.5,2.5,0.0,0.0,1,0.0,0.0,0.0,0.0,0.0,0.0,0.0,4,72.0,72.25,72.0,72.0,73.0,1.0,0.5,1,68.5,68.5,68.5,68.5,68.5,0.0,0.0
401404079,2022,regular,4,2022-09-24 16:00:00+00:00,2305,Kansas,150,Duke,4,-7.0,-7.125,-7.0,-7.5,-7.0,0.5,0.25,1,-9.0,-9.0,-9.0,-9.0,-9.0,0.0,0.0,4,65.5,65.625,65.5,65.5,66.0,0.5,0.25,1,64.0,64.0,64.0,64.0,64.0,0.0,0.0
401404080,2022,regular,4,2022-09-24 16:00:00+00:00,66,Iowa State,239,Baylor,4,-2.5,-2.5,-2.5,-2.5,-2.5,0.0,0.0,1,-1.0,-1.0,-1.0,-1.0,-1.0,0.0,0.0,4,45.0,45.0,45.0,45.0,45.0,0.0,0.0,1,44.5,44.5,44.5,44.5,44.5,0.0,0.0
401404081,2022,regular,4,2022-09-25 00:00:00+00:00,201,Oklahoma,2306,Kansas State,4,-13.5,-13.625,-13.5,-14.0,-13.5,0.5,0.25,1,-13.0,-13.0,-13.0,-13.0,-13.0,0.0,0.0,4,53.0,53.0,53.0,53.0,53.0,0.0,0.0,1,53.5,53.5,53.5,53.5,53.5,0.0,0.0
401404082,2022,regular,4,2022-09-24 19:30:00+00:00,2641,Texas Tech,251,Texas,4,7.0,7.0,7.0,7.0,7.0,0.0,0.0,1,4.5,4.5,4.5,4.5,4.5,0.0,0.0,4,60.25,60.25,60.25,60.0,60.5,0.5,0.28867513459481287,1,60.5,60.5,60.5,60.5,60.5,0.0,0.0
401404083,2022,regular,5,2022-10-01 19:30:00+00:00,239,Baylor,197,Oklahoma State,4,-2.5,-2.375,-2.5,-2.5,-2.0,0.5,0.25,1,-2.5,-2.5,-2.5,-2.5,-2.5,0.0,0.0,4,56.0,56.0,56.0,56.0,56.0,0.0,0.0,1,54.5,54.5,54.5,54.5,54.5,0.0,0.0
401404084,2022,regular,5,2022-10-01 19:30:00+00:00,2305,Kansas,66,Iowa State,4,3.5,3.625,3.5,3.5,4.0,0.5,0.25,1,3.0,3.0,3.0,3.0,3.0,0.0,0.0,4,59.0,59.0,59.0,59.0,59.0,0.0,0.0,1,58.0,58.0,58.0,58.0,58.0,0.0,0.0
401404085,2022,regular,5,2022-10-01 16:00:00+00:00,2306,Kansas State,2641,Texas Tech,4,-7.5,-7.5,-7.5,-7.5,-7.5,0.0,0.0,1,-7.5,-7.5,-7.5,-7.5,-7.5,0.0,0.0,4,56.0,56.125,56.0,56.0,56.5,0.5,0.25,1,57.5,57.5,57.5,57.5,57.5,0.0,0.0
401404086,2022,regular,5,2022-10-01 16:00:00+00:00,2628,TCU,201,Oklahoma,4,5.0,5.0,5.0,5.0,5.0,0.0,0.0,1,5.0,5.0,5.0,5.0,5.0,0.0,0.0,4,69.5,69.625,69.5,69.5,70.0,0.5,0.25,1,67.5,67.5,67.5,67.5,67.5,0.0,0.0
401404087,2022,regular,5,2022-10-01 23:30:00+00:00,251,Texas,277,West Virginia,4,-7.5,-7.5,-7.5,-7.5,-7.5,0.0,0.0,1,-10.0,-10.0,-10.0,-10.0,-10.0,0.0,0.0,4,61.0,61.0,61.0,61.0,61.0,0.0,0.0,1,62.0,62.0,62.0,62.0,62.0,0.0,0.0
401404088,2022,regular,6,2022-10-08 23:30:00+00:00,66,Iowa State,2306,Kansas State,4,1.0,1.125,1.0,1.0,1.5,0.5,0.25,1,2.0,2.0,2.0,2.0,2.0,0.0,0.0,4,45.0,45.0,45.0,45.0,45.0,0.0,0.0,1,46.0,46.0,46.0,46.0,46.0,0.0,0.0
401404089,2022,regular,6,2022-10-08 16:00:00+00:00,2305,Kansas,2628,TCU,4,7.0,7.0,7.0,7.0,7.0,0.0,0.0,1,5.5,5.5,5.5,5.5,5.5,0.0,0.0,4,70.25,70.375,70.25,70.0,71.0,1.0,0.47871355387816905,1,67.5,67.5,67.5,67.5,67.5,0.0,0.0
401404090,2022,regular,6,2022-10-08 16:00:00+00:00,201,Oklahoma,251,Texas,4,7.5,7.5,7.5,7.5,7.5,0.0,0.0,1,6.0,6.0,6.0,6.0,6.0,0.0,0.0,4,65.25,65.25,65.25,65.0,65.5,0.5,0.28867513459481287,1,65.0,65.0,65.0,65.0,65.0,0.0,0.0
401404091,2022,regular,6,2022-10-08 19:30:00+00:00,197,Oklahoma State,2641,Texas Tech,4,-11.5,-11.375,-11.5,-11.5,-11.0,0.5,0.25,1,-10.0,-10.0,-10.0,-10.0,-10.0,0.0,0.0,4,65.5,65.625,65.5,65.5,66.0,0.5,0.25,1,64.0,64.0,64.0,64.0,64.0,0.0,0.0
401404092,2022,regular,7,2022-10-13 23:00:00+00:00,277,West Virginia,239,Baylor,4,3.0,3.0,3.0,3.0,3.0,0.0,0.0,1,3.5,3.5,3.5,3.5,3.5,0.0,0.0,4,55.0,55.0,55.0,55.0,55.0,0.0,0.0,1,55.0,55.0,55.0,55.0,55.0,0.0,0.0
401404093,2022,regular,7,2022-10-15 16:00:00+00:00,251,Texas,66,Iowa State,4,-15.5,-15.5,-15.5,-15.5,-15.5,0.0,0.0,1,-14.5,-14.5,-14.5,-14.5,-14.5,0.0,0.0,4,48.5,48.5,48.5,48.5,48.5,0.0,0.0,1,50.0,50.0,50.0,50.0,50.0,0.0,0.0
401404094,2022,regular,7,2022-10-15 16:00:00+00:00,201,Oklahoma,2305,Kansas,4,-10.5,-10.5,-10.5,-10.5,-10.5,0.0,0.0,1,-7.0,-7.0,-7.0,-7.0,-7.0,0.0,0.0,4,66.25,66.25,66.25,66.0,66.5,0.5,0.28867513459481287,1,64.0,64.0,64.0,64.0,64.0,0.0,0.0
401404095,2022,regular,7,2022-10-15 19:30:00+00:00,2628,TCU,197,Oklahoma State,4,-5.0,-5.125,-5.0,-5.5,-5.0,0.5,0.25,1,-3.5,-3.5,-3.5,-3.5,-3.5,0.0,0.0,4,70.0,70.125,70.0,69.5,71.0,1.5,0.75,1,68.0,68.0,68.0,68.0,68.0,0.0,0.0
401404096,2022,regular,8,2022-10-22 16:00:00+00:00,239,Baylor,2305,Kansas,4,-10.5,-10.5,-10.5,-10.5,-10.5,0.0,0.0,1,-9.0,-9.0,-9.0,-9.0,-9.0,0.0,0.0,4,56.5,56.625,56.5,56.5,57.0,0.5,0.25,1,63.0,63.0,63.0,63.0,63.0,0.0,0.0
401404097,2022,regular,8,2022-10-23 00:00:00+00:00,2628,TCU,2306,Kansas State,4,-3.5,-3.375,-3.5,-3.5,-3.0,0.5,0.25,1,-5.0,-5.0,-5.0,-5.0,-5.0,0.0,0.0,4,54.5,54.625,54.5,54.5,55.0,0.5,0.25,1,58.0,58.0,58.0,58.0,58.0,0.0,0.0
401404098,2022,regular,8,2022-10-22 19:30:00+00:00,197,Oklahoma State,251,Texas,4,6.5,6.5,6.5,6.5,6.5,0.0,0.0,1,4.0,4.0,4.0,4.0,4.0,0.0,0.0,4,58.5,58.5,58.5,58.5,58.5,0.0,0.0,1,65.0,65.0,65.0,65.0,65.0,0.0,0.0
401404099,2022,regular,8,2022-10-22 19:00:00+00:00,2641,Texas Tech,277,West Virginia,4,-5.0,-4.875,-5.0,-5.0,-4.5,0.5,0.25,1,-4.0,-4.0,-4.0,-4.0,-4.0,0.0,0.0,4,65.5,65.375,65.5,65.0,65.5,0.5,0.25,1,69.0,69.0,69.0,69.0,69.0,0.0,0.0
401404100,2022,regular,9,2022-10-29 16:00:00+00:00,66,Iowa State,201,Oklahoma,4,1.5,1.625,1.5,1.5,2.0,0.5,0.25,1,2.5,2.5,2.5,2.5,2.5,0.0,0.0,4,58.0,58.125,58.0,58.0,58.5,0.5,0.25,1,54.5,54.5,54.5,54.5,54.5,0.0,0.0
401404101,2022,regular,9,2022-10-29 23:30:00+00:00,2641,Texas Tech,239,Baylor,4,-1.5,-1.5,-1.5,-1.5,-1.5,0.0,0.0,1,-2.0,-2.0,-2.0,-2.0,-2.0,0.0,0.0,4,61.0,61.0,61.0,61.0,61.0,0.0,0.0,1,61.5,61.5,61.5,61.5,61.5,0.0,0.0
401404102,2022,regular,9,2022-10-29 19:30:00+00:00,2306,Kansas State,197,Oklahoma State,4,-2.5,-2.375,-2.5,-2.5,-2.0,0.5,0.25,1,1.0,1.0,1.0,1.0,1.0,0.0,0.0,4,57.5,57.5,57.5,57.5,57.5,0.0,0.0,1,58.0,58.0,58.0,58.0,58.0,0.0,0.0
401404103,2022,regular,9,2022-10-29 16:00:00+00:00,277,West Virginia,2628,TCU,4,7.0,7.0,7.0,7.0,7.0,0.0,0.0,1,6.5,6.5,6.5,6.5,6.5,0.0,0.0,4,69.75,69.875,69.75,69.5,70.5,1.0,0.47871355387816905,1,70.0,70.0,70.0,70.0,70.0,0.0,0.0
401404104,2022,regular,10,2022-11-05 19:00:00+00:00,201,Oklahoma,239,Baylor,4,-3.0,-3.0,-3.0,-3.0,-3.0,0.0,0.0,1,-3.5,-3.5,-3.5,-3.5,-3.5,0.0,0.0,4,61.5,61.5,61.5,61.5,61.5,0.0,0.0,1,58.5,58.5,58.5,58.5,58.5,0.0,0.0
401404105,2022,regular,10,2022-11-05 19:30:00+00:00,66,Iowa State,277,West Virginia,4,-6.5,-6.5,-6.5,-6.5,-6.5,0.0,0.0,1,-6.5,-6.5,-6.5,-6.5,-6.5,0.0,0.0,4,49.5,49.5,49.5,49.5,49.5,0.0,0.0,1,51.0,51.0,51.0,51.0,51.0,0.0,0.0
401404106,2022,regular,10,2022-11-05 19:30:00+00:00,2305,Kansas,197,Oklahoma State,4,-3.0,-1.75,-3.0,-3.0,2.0,5.0,2.5,1,3.5,3.5,3.5,3.5,3.5,0.0,0.0,4,60.0,61.25,60.0,59.5,65.5,6.0,2.8722813232690143,1,69.0,69.0,69.0,69.0,69.0,0.0,0.0
401404107,2022,regular,10,2022-11-05 23:00:00+00:00,2306,Kansas State,251,Texas,4,3.0,3.0,3.0,3.0,3.0,0.0,0.0,1,1.5,1.5,1.5,1.5,1.5,0.0,0.0,4,54.5,54.625,54.5,54.5,55.0,0.5,0.25,1,54.5,54.5,54.5,54.5,54.5,0.0,0.0
401404108,2022,regular,10,2022-11-05 16:00:00+00:00,2628,TCU,2641,Texas Tech,4,-8.5,-8.625,-8.5,-9.0,-8.5,0.5,0.25,1,-10.0,-10.0,-10.0,-10.0,-10.0,0.0,0.0,4,68.75,68.75,68.75,68.5,69.0,0.5,0.28867513459481287,1,71.0,71.0,71.0,71.0,71.0,0.0,0.0
401404109,2022,regular,11,2022-11-13 00:00:00+00:00,239,Baylor,2306,Kansas State,4,-2.5,-2.625,-2.5,-3.0,-2.5,0.5,0.25,1,-3.5,-3.5,-3.5,-3.5,-3.5,0.0,0.0,4,52.25,52.25,52.25,52.0,52.5,0.5,0.28867513459481287,1,53.5,53.5,53.5,53.5,53.5,0.0,0.0
401404110,2022,regular,11,2022-11-12 20:30:00+00:00,197,Oklahoma State,66,Iowa State,4,2.75,2.75,2.75,2.5,3.0,0.5,0.28867513459481287,1,2.5,2.5,2.5,2.5,2.5,0.0,0.0,4,47.5,47.5,47.5,47.5,47.5,0.0,0.0,1,47.5,47.5,47.5,47.5,47.5,0.0,0.0
401404111,2022,regular,11,2022-11-13 00:00:00+00:00,2641,Texas Tech,2305,Kansas,4,-3.5,-3.5,-3.5,-3.5,-3.5,0.0,0.0,1,-3.5,-3.5,-3.5,-3.5,-3.5,0.0,0.0,4,63.5,63.5,63.5,63.5,63.5,0.0,0.0,1,64.5,64.5,64.5,64.5,64.5,0.0,0.0
401404112,2022,regular,11,2022-11-12 17:00:00+00:00,277,West Virginia,201,Oklahoma,4,8.5,8.5,8.5,8.5,8.5,0.0,0.0,1,8.0,8.0,8.0,8.0,8.0,0.0,0.0,4,68.5,68.5,68.5,68.5,68.5,0.0,0.0,1,66.0,66.0,66.0,66.0,66.0,0.0,0.0
401404113,2022,regular,11,2022-11-13 00:30:00+00:00,251,Texas,2628,TCU,4,-7.5,-7.5,-7.5,-7.5,-7.5,0.0,0.0,1,-7.0,-7.0,-7.0,-7.0,-7.0,0.0,0.0,4,65.75,65.625,65.75,65.0,66.0,1.0,0.47871355387816905,1,65.5,65.5,65.5,65.5,65.5,0.0,0.0
401404114,2022,regular,12,2022-11-19 17:00:00+00:00,239,Baylor,2628,TCU,4,2.0,2.0,2.0,2.0,2.0,0.0,0.0,1,2.5,2.5,2.5,2.5,2.5,0.0,0.0,4,58.0,58.125,58.0,58.0,58.5,0.5,0.25,1,56.5,56.5,56.5,56.5,56.5,0.0,0.0
401404115,2022,regular,12,2022-11-20 00:00:00+00:00,66,Iowa State,2641,Texas Tech,4,-3.5,-3.5,-3.5,-3.5,-3.5,0.0,0.0,1,-3.5,-3.5,-3.5,-3.5,-3.5,0.0,0.0,4,47.5,47.375,47.5,47.0,47.5,0.5,0.25,1,48.0,48.0,48.0,48.0,48.0,0.0,0.0
401404116,2022,regular,12,2022-11-19 20:30:00+00:00,2305,Kansas,251,Texas,4,9.0,9.0,9.0,9.0,9.0,0.0,0.0,1,9.0,9.0,9.0,9.0,9.0,0.0,0.0,4,63.5,63.5,63.5,63.5,63.5,0.0,0.0,1,64.5,64.5,64.5,64.5,64.5,0.0,0.0
401404117,2022,regular,12,2022-11-19 19:00:00+00:00,277,West Virginia,2306,Kansas State,4,8.0,8.125,8.0,8.0,8.5,0.5,0.25,1,7.5,7.5,7.5,7.5,7.5,0.0,0.0,4,54.5,54.5,54.5,54.5,54.5,0.0,0.0,1,55.0,55.0,55.0,55.0,55.0,0.0,0.0
401404118,2022,regular,12,2022-11-20 00:30:00+00:00,201,Oklahoma,197,Oklahoma State,4,-7.0,-7.0,-7.0,-7.0,-7.0,0.0,0.0,1,-6.5,-6.5,-6.5,-6.5,-6.5,0.0,0.0,4,67.5,67.625,67.5,67.5,68.0,0.5,0.25,1,64.5,64.5,64.5,64.5,64.5,0.0,0.0
401404119,2022,regular,13,2022-11-25 17:00:00+00:00,251,Texas,239,Baylor,4,-10.0,-10.0,-10.0,-10.0,-10.0,0.0,0.0,1,-9.0,-9.0,-9.0,-9.0,-9.0,0.0,0.0,4,55.25,55.375,55.25,55.0,56.0,1.0,0.47871355387816905,1,55.5,55.5,55.5,55.5,55.5,0.0,0.0
401404120,2022,regular,13,2022-11-26 21:00:00+00:00,2628,TCU,66,Iowa State,4,-9.5,-9.5,-9.5,-9.5,-9.5,0.0,0.0,1,-10.0,-10.0,-10.0,-10.0,-10.0,0.0,0.0,4,45.75,45.75,45.75,45.5,46.0,0.5,0.28867513459481287,1,47.0,47.0,47.0,47.0,47.0,0.0,0.0
401404121,2022,regular,13,2022-11-27 01:00:00+00:00,2306,Kansas State,2305,Kansas,4,-12.0,-12.0,-12.0,-12.5,-11.5,1.0,0.408248290463863,1,-11.5,-11.5,-11.5,-11.5,-11.5,0.0,0.0,4,62.0,62.25,62.0,62.0,63.0,1.0,0.5,1,63.0,63.0,63.0,63.0,63.0,0.0,0.0
401404122,2022,regular,13,2022-11-27 00:30:00+00:00,2641,Texas Tech,201,Oklahoma,4,1.5,1.625,1.5,1.5,2.0,0.5,0.25,1,2.5,2.5,2.5,2.5,2.5,0.0,0.0,4,65.5,65.5,65.5,65.5,65.5,0.0,0.0,1,63.5,63.5,63.5,63.5,63.5,0.0,0.0
401404123,2022,regular,13,2022-11-26 17:00:00+00:00,197,Oklahoma State,277,West Virginia,4,-5.5,-5.5,-5.5,-5.5,-5.5,0.0,0.0,1,-8.5,-8.5,-8.5,-8.5,-8.5,0.0,0.0,4,59.75,59.75,59.75,59.5,60.0,0.5,0.28867513459481287,1,65.5,65.5,65.5,65.5,65.5,0.0,0.0
401404124,2022,regular,1,2022-09-03 23:30:00+00:00,194,Ohio State,87,Notre Dame,4,-17.0,-17.0,-17.0,-17.0,-17.0,0.0,0.0,1,-14.5,-14.5,-14.5,-14.5,-14.5,0.0,0.0,4,58.5,58.75,58.5,58.5,59.5,1.0,0.5,1,58.0,58.0,58.0,58.0,58.0,0.0,0.0
401404125,2022,regular,2,2022-09-10 18:30:00+00:00,87,Notre Dame,276,Marshall,4,-20.5,-20.625,-20.5,-21.0,-20.5,0.5,0.25,1,-19.0,-19.0,-19.0,-19.0,-19.0,0.0,0.0,4,48.0,48.125,48.0,48.0,48.5,0.5,0.25,1,52.0,52.0,52.0,52.0,52.0,0.0,0.0
401404126,2022,regular,4,2022-09-24 19:30:00+00:00,153,North Carolina,87,Notre Dame,4,-2.5,-2.625,-2.5,-3.0,-2.5,0.5,0.25,1,1.0,1.0,1.0,1.0,1.0,0.0,0.0,4,55.5,55.5,55.5,55.0,56.0,1.0,0.408248290463863,1,59.5,59.5,59.5,59.5,59.5,0.0,0.0
401404127,2022,regular,6,2022-10-08 23:30:00+00:00,87,Notre Dame,252,BYU,4,-3.5,-3.625,-3.5,-4.0,-3.5,0.5,0.25,1,-2.5,-2.5,-2.5,-2.5,-2.5,0.0,0.0,4,51.5,51.375,51.5,51.0,51.5,0.5,0.25,1,52.0,52.0,52.0,52.0,52.0,0.0,0.0
401404128,2022,regular,8,2022-10-22 18:30:00+00:00,87,Notre Dame,2439,UNLV,4,-26.0,-26.0,-26.0,-26.0,-26.0,0.0,0.0,1,-24.0,-24.0,-24.0,-24.0,-24.0,0.0,0.0,4,46.5,46.5,46.5,46.5,46.5,0.0,0.0,1,50.0,50.0,50.0,50.0,50.0,0.0,0.0
401404129,2022,regular,9,2022-10-29 16:00:00+00:00,183,Syracuse,87,Notre Dame,4,0.5,0.25,0.5,-1.0,1.0,2.0,0.9574271077563381,1,-2.0,-2.0,-2.0,-2.0,-2.0,0.0,0.0,4,48.0,48.0,48.0,48.0,48.0,0.0,0.0,1,46.0,46.0,46.0,46.0,46.0,0.0,0.0
401404130,2022,regular,10,2022-11-05 23:30:00+00:00,87,Notre Dame,228,Clemson,4,3.5,3.625,3.5,3.5,4.0,0.5,0.25,1,4.0,4.0,4.0,4.0,4.0,0.0,0.0,4,43.5,43.5,43.5,43.5,43.5,0.0,0.0,1,48.0,48.0,48.0,48.0,48.0,0.0,0.0
401404131,2022,regular,11,2022-11-12 17:00:00+00:00,2426,Navy,87,Notre Dame,4,17.0,16.875,17.0,16.5,17.0,0.5,0.25,1,17.0,17.0,17.0,17.0,17.0,0.0,0.0,4,40.5,40.5,40.5,40.5,40.5,0.0,0.0,1,42.5,42.5,42.5,42.5,42.5,0.0,0.0
401404132,2022,regular,12,2022-11-19 19:30:00+00:00,87,Notre Dame,103,Boston College,4,-20.0,-20.0,-20.0,-20.0,-20.0,0.0,0.0,1,-21.5,-21.5,-21.5,-21.5,-21.5,0.0,0.0,4,42.0,42.0,42.0,42.0,42.0,0.0,0.0,1,47.0,47.0,47.0,47.0,47.0,0.0,0.0
401404133,2022,regular,13,2022-11-27 00:30:00+00:00,30,USC,87,Notre Dame,4,-4.25,-4.25,-4.25,-4.5,-4.0,0.5,0.28867513459481287,1,-5.0,-5.0,-5.0,-5.0,-5.0,0.0,0.0,4,62.75,62.875,62.75,62.5,63.5,1.0,0.47871355387816905,1,63.0,63.0,63.0,63.0,63.0,0.0,0.0
401404134,2022,regular,1,2022-09-03 23:00:00+00:00,324,Coastal Carolina,349,Army,4,-1.5,-1.5,-1.5,-1.5,-1.5,0.0,0.0,1,-3.0,-3.0,-3.0,-3.0,-3.0,0.0,0.0,4,54.0,54.0,54.0,54.0,54.0,0.0,0.0,1,55.0,55.0,55.0,55.0,55.0,0.0,0.0
401404136,2022,regular,3,2022-09-17 16:00:00+00:00,349,Army,222,Villanova,3,-14.0,-14.0,-14.0,-14.5,-13.5,1.0,0.5,1,-13.5,-13.5,-13.5,-13.5,-13.5,0.0,0.0,3,56.0,56.0,56.0,56.0,56.0,0.0,0.0,1,56.0,56.0,56.0,56.0,56.0,0.0,0.0
401404137,2022,regular,5,2022-10-01 16:00:00+00:00,349,Army,2247,Georgia State,4,-8.5,-8.625,-8.5,-9.0,-8.5,0.5,0.25,1,-9.5,-9.5,-9.5,-9.5,-9.5,0.0,0.0,4,54.0,54.0,54.0,54.0,54.0,0.0,0.0,1,58.0,58.0,58.0,58.0,58.0,0.0,0.0
401404138,2022,regular,6,2022-10-08 23:30:00+00:00,154,Wake Forest,349,Army,4,-16.0,-16.125,-16.0,-16.5,-16.0,0.5,0.25,1,-15.5,-15.5,-15.5,-15.5,-15.5,0.0,0.0,4,65.5,65.5,65.5,65.5,65.5,0.0,0.0,1,65.0,65.0,65.0,65.0,65.0,0.0,0.0
401404139,2022,regular,7,2022-10-15 16:00:00+00:00,349,Army,2142,Colgate,2,-31.0,-31.0,-31.0,-31.0,-31.0,0.0,0.0,0,,,,,,,,2,51.0,51.0,51.0,51.0,51.0,0.0,0.0,0,,,,,,,
401404140,2022,regular,8,2022-10-22 16:00:00+00:00,349,Army,2433,UL Monroe,4,-6.5,-6.5,-6.5,-6.5,-6.5,0.0,0.0,1,-7.5,-7.5,-7.5,-7.5,-7.5,0.0,0.0,4,55.5,55.625,55.5,55.5,56.0,0.5,0.25,1,56.0,56.0,56.0,56.0,56.0,0.0,0.0
401404141,2022,regular,10,2022-11-05 15:30:00+00:00,349,Army,2005,Air Force,4,7.0,7.0,7.0,7.0,7.0,0.0,0.0,1,6.0,6.0,6.0,6.0,6.0,0.0,0.0,4,40.5,40.5,40.5,40.5,40.5,0.0,0.0,1,40.5,40.5,40.5,40.5,40.5,0.0,0.0
401404142,2022,regular,11,2022-11-12 20:30:00+00:00,2653,Troy,349,Army,4,-8.5,-8.5,-8.5,-8.5,-8.5,0.0,0.0,1,-9.0,-9.0,-9.0,-9.0,-9.0,0.0,0.0,4,45.5,45.375,45.5,45.0,45.5,0.5,0.25,1,45.5,45.5,45.5,45.5,45.5,0.0,0.0
401404143,2022,regular,12,2022-11-19 17:00:00+00:00,349,Army,41,UConn,4,-10.5,-10.375,-10.5,-10.5,-10.0,0.5,0.25,1,-10.0,-10.0,-10.0,-10.0,-10.0,0.0,0.0,4,45.0,45.0,45.0,45.0,45.0,0.0,0.0,1,43.5,43.5,43.5,43.5,43.5,0.0,0.0
401404144,2022,regular,13,2022-11-26 17:00:00+00:00,113,Massachusetts,349,Army,4,20.0,20.0,20.0,20.0,20.0,0.0,0.0,0,,,,,,,,4,45.5,45.375,45.5,45.0,45.5,0.5,0.25,1,45.0,45.0,45.0,45.0,45.0,0.0,0.0
401404145,2022,regular,15,2022-12-10 20:00:00+00:00,349,Army,2426,Navy,4,2.5,2.625,2.5,2.5,3.0,0.5,0.25,1,1.5,1.5,1.5,1.5,1.5,0.0,0.0,4,32.0,32.0,32.0,32.0,32.0,0.0,0.0,1,34.0,34.0,34.0,34.0,34.0,0.0,0.0
401404146,2022,regular,1,2022-08-27 20:00:00+00:00,328,Utah State,41,UConn,4,-24.0,-23.75,-24.0,-24.0,-23.0,1.0,0.5,1,-25.0,-25.0,-25.0,-25.0,-25.0,0.0,0.0,4,59.25,59.25,59.25,59.0,59.5,0.5,0.28867513459481287,1,60.5,60.5,60.5,60.5,60.5,0.0,0.0
401404147,2022,regular,1,2022-09-03 16:00:00+00:00,41,UConn,2115,Central Connecticut,3,-20.5,-20.666666666666668,-20.5,-21.0,-20.5,0.5,0.28867513459481287,1,-20.0,-20.0,-20.0,-20.0,-20.0,0.0,0.0,3,51.0,51.166666666666664,51.0,51.0,51.5,0.5,0.28867513459481287,1,51.5,51.5,51.5,51.5,51.5,0.0,0.0
401404148,2022,regular,2,2022-09-10 23:00:00+00:00,41,UConn,183,Syracuse,4,23.5,23.625,23.5,23.5,24.0,0.5,0.25,1,19.5,19.5,19.5,19.5,19.5,0.0,0.0,4,49.5,49.5,49.5,49.5,49.5,0.0,0.0,1,53.5,53.5,53.5,53.5,53.5,0.0,0.0
401404149,2022,regular,3,2022-09-17 16:00:00+00:00,130,Michigan,41,UConn,4,-47.5,-47.5,-47.5,-47.5,-47.5,0.0,0.0,1,-47.0,-47.0,-47.0,-47.0,-47.0,0.0,0.0,4,59.0,58.875,59.0,58.5,59.0,0.5,0.25,1,59.5,59.5,59.5,59.5,59.5,0.0,0.0
401404150,2022,regular,4,2022-09-24 23:30:00+00:00,152,NC State,41,UConn,4,-38.5,-38.5,-38.5,-38.5,-38.5,0.0,0.0,1,-39.5,-39.5,-39.5,-39.5,-39.5,0.0,0.0,4,47.75,47.75,47.75,47.5,48.0,0.5,0.28867513459481287,1,50.5,50.5,50.5,50.5,50.5,0.0,0.0
401404151,2022,regular,5,2022-10-01 19:30:00+00:00,41,UConn,278,Fresno State,4,23.25,23.25,23.25,23.0,23.5,0.5,0.28867513459481287,1,24.0,24.0,24.0,24.0,24.0,0.0,0.0,4,51.0,51.0,51.0,51.0,51.0,0.0,0.0,1,56.0,56.0,56.0,56.0,56.0,0.0,0.0
401404153,2022,regular,7,2022-10-15 18:00:00+00:00,2050,Ball State,41,UConn,4,-9.5,-9.5,-9.5,-9.5,-9.5,0.0,0.0,1,-9.5,-9.5,-9.5,-9.5,-9.5,0.0,0.0,4,47.5,47.375,47.5,47.0,47.5,0.5,0.25,1,46.5,46.5,46.5,46.5,46.5,0.0,0.0
401404154,2022,regular,9,2022-10-29 16:00:00+00:00,41,UConn,103,Boston College,4,8.0,7.875,8.0,7.5,8.0,0.5,0.25,1,9.0,9.0,9.0,9.0,9.0,0.0,0.0,4,44.0,44.25,44.0,44.0,45.0,1.0,0.5,1,46.0,46.0,46.0,46.0,46.0,0.0,0.0
401404155,2022,regular,10,2022-11-04 23:00:00+00:00,41,UConn,113,Massachusetts,4,-15.0,-15.125,-15.0,-15.5,-15.0,0.5,0.25,1,-15.5,-15.5,-15.5,-15.5,-15.5,0.0,0.0,4,39.75,39.625,39.75,39.0,40.0,1.0,0.47871355387816905,1,41.0,41.0,41.0,41.0,41.0,0.0,0.0
401404156,2022,regular,11,2022-11-12 17:00:00+00:00,41,UConn,2335,Liberty,4,13.5,13.5,13.5,13.5,13.5,0.0,0.0,1,14.5,14.5,14.5,14.5,14.5,0.0,0.0,4,45.0,45.0,45.0,45.0,45.0,0.0,0.0,1,48.0,48.0,48.0,48.0,48.0,0.0,0.0
401404157,2022,regular,1,2022-09-03 23:00:00+00:00,2572,Southern Miss,2335,Liberty,4,3.5,3.5,3.5,3.5,3.5,0.0,0.0,1,4.0,4.0,4.0,4.0,4.0,0.0,0.0,4,50.0,49.875,50.0,49.5,50.0,0.5,0.25,1,53.5,53.5,53.5,53.5,53.5,0.0,0.0
401404159,2022,regular,3,2022-09-17 21:00:00+00:00,154,Wake Forest,2335,Liberty,4,-17.5,-17.625,-17.5,-18.0,-17.5,0.5,0.25,1,-17.0,-17.0,-17.0,-17.0,-17.0,0.0,0.0,4,64.0,64.125,64.0,63.5,65.0,1.5,0.6291528696058958,1,62.5,62.5,62.5,62.5,62.5,0.0,0.0
401404160,2022,regular,4,2022-09-24 22:00:00+00:00,2335,Liberty,2006,Akron,4,-26.5,-26.5,-26.5,-26.5,-26.5,0.0,0.0,1,-27.5,-27.5,-27.5,-27.5,-27.5,0.0,0.0,4,53.0,53.0,53.0,52.5,53.5,1.0,0.5773502691896257,1,58.0,58.0,58.0,58.0,58.0,0.0,0.0
401404161,2022,regular,5,2022-10-01 22:00:00+00:00,295,Old Dominion,2335,Liberty,4,3.5,3.5,3.5,3.5,3.5,0.0,0.0,1,2.0,2.0,2.0,2.0,2.0,0.0,0.0,4,47.5,47.625,47.5,47.5,48.0,0.5,0.25,1,48.0,48.0,48.0,48.0,48.0,0.0,0.0
401404162,2022,regular,7,2022-10-15 19:30:00+00:00,2335,Liberty,2241,Gardner-Webb,2,-24.5,-24.5,-24.5,-24.5,-24.5,0.0,0.0,0,,,,,,,,2,55.0,55.0,55.0,55.0,55.0,0.0,0.0,0,,,,,,,
401404163,2022,regular,8,2022-10-22 19:30:00+00:00,2335,Liberty,252,BYU,4,7.0,7.0,7.0,7.0,7.0,0.0,0.0,1,5.5,5.5,5.5,5.5,5.5,0.0,0.0,4,58.0,58.0,58.0,58.0,58.0,0.0,0.0,1,58.0,58.0,58.0,58.0,58.0,0.0,0.0
401404164,2022,regular,6,2022-10-08 19:30:00+00:00,113,Massachusetts,2335,Liberty,4,22.5,22.625,22.5,22.5,23.0,0.5,0.25,1,25.5,25.5,25.5,25.5,25.5,0.0,0.0,4,45.5,45.625,45.5,45.5,46.0,0.5,0.25,1,50.5,50.5,50.5,50.5,50.5,0.0,0.0
401404165,2022,regular,12,2022-11-19 17:00:00+00:00,2335,Liberty,259,Virginia Tech,4,-10.5,-10.5,-10.5,-10.5,-10.5,0.0,0.0,1,-9.5,-9.5,-9.5,-9.5,-9.5,0.0,0.0,4,46.25,46.25,46.25,46.0,46.5,0.5,0.28867513459481287,1,47.0,47.0,47.0,47.0,47.0,0.0,0.0
401404166,2022,regular,13,2022-11-26 17:00:00+00:00,2335,Liberty,166,New Mexico State,4,-24.0,-24.0,-24.0,-24.0,-24.0,0.0,0.0,1,-24.5,-24.5,-24.5,-24.5,-24.5,0.0,0.0,4,50.5,50.625,50.5,50.5,51.0,0.5,0.25,1,51.0,51.0,51.0,51.0,51.0,0.0,0.0
401405058,2022,regular,1,2022-08-27 20:00:00+00:00,356,Illinois,2751,Wyoming,4,-14.0,-14.0,-14.0,-14.0,-14.0,0.0,0.0,1,-9.5,-9.5,-9.5,-9.5,-9.5,0.0,0.0,4,42.75,42.75,42.75,42.5,43.0,0.5,0.28867513459481287,1,46.5,46.5,46.5,46.5,46.5,0.0,0.0
401405059,2022,regular,1,2022-08-27 16:30:00+00:00,77,Northwestern,158,Nebraska,4,12.25,12.375,12.25,12.0,13.0,1.0,0.47871355387816905,1,10.0,10.0,10.0,10.0,10.0,0.0,0.0,4,52.25,52.25,52.25,52.0,52.5,0.5,0.28867513459481287,1,52.0,52.0,52.0,52.0,52.0,0.0,0.0
401405060,2022,regular,1,2022-09-02 01:00:00+00:00,135,Minnesota,166,New Mexico State,4,-36.0,-36.0,-36.0,-36.0,-36.0,0.0,0.0,1,-38.0,-38.0,-38.0,-38.0,-38.0,0.0,0.0,4,52.5,52.375,52.5,52.0,52.5,0.5,0.25,1,57.5,57.5,57.5,57.5,57.5,0.0,0.0
401405061,2022,regular,1,2022-09-03 00:00:00+00:00,84,Indiana,356,Illinois,4,-1.0,-0.75,-1.0,-1.0,0.0,1.0,0.5,1,-3.0,-3.0,-3.0,-3.0,-3.0,0.0,0.0,4,47.5,47.625,47.5,47.5,48.0,0.5,0.25,1,48.5,48.5,48.5,48.5,48.5,0.0,0.0
401405062,2022,regular,1,2022-09-03 16:00:00+00:00,2294,Iowa,2571,South Dakota State,3,-10.5,-10.666666666666666,-10.5,-11.0,-10.5,0.5,0.28867513459481287,1,-10.5,-10.5,-10.5,-10.5,-10.5,0.0,0.0,3,42.0,42.166666666666664,42.0,42.0,42.5,0.5,0.28867513459481287,1,42.5,42.5,42.5,42.5,42.5,0.0,0.0
401405063,2022,regular,1,2022-09-03 19:30:00+00:00,158,Nebraska,155,North Dakota,3,-28.5,-28.333333333333332,-28.5,-28.5,-28.0,0.5,0.28867513459481287,1,-29.5,-29.5,-29.5,-29.5,-29.5,0.0,0.0,3,62.5,62.5,62.5,62.5,62.5,0.0,0.0,1,62.5,62.5,62.5,62.5,62.5,0.0,0.0
401405064,2022,regular,1,2022-09-02 00:00:00+00:00,2509,Purdue,213,Penn State,4,3.5,3.5,3.5,3.5,3.5,0.0,0.0,1,3.0,3.0,3.0,3.0,3.0,0.0,0.0,4,53.5,53.375,53.5,53.0,53.5,0.5,0.25,1,55.0,55.0,55.0,55.0,55.0,0.0,0.0
401405065,2022,regular,1,2022-09-03 23:00:00+00:00,275,Wisconsin,2287,Illinois State,3,-36.5,-36.333333333333336,-36.5,-36.5,-36.0,0.5,0.28867513459481287,1,-36.5,-36.5,-36.5,-36.5,-36.5,0.0,0.0,3,42.5,42.5,42.5,42.5,42.5,0.0,0.0,1,43.0,43.0,43.0,43.0,43.0,0.0,0.0
401405066,2022,regular,1,2022-09-03 16:00:00+00:00,120,Maryland,2084,Buffalo,4,-24.0,-24.0,-24.0,-24.0,-24.0,0.0,0.0,1,-20.5,-20.5,-20.5,-20.5,-20.5,0.0,0.0,4,65.75,65.75,65.75,65.5,66.0,0.5,0.28867513459481287,1,64.5,64.5,64.5,64.5,64.5,0.0,0.0
401405067,2022,regular,1,2022-09-03 16:00:00+00:00,130,Michigan,36,Colorado State,4,-31.0,-31.0,-31.0,-31.0,-31.0,0.0,0.0,1,-28.5,-28.5,-28.5,-28.5,-28.5,0.0,0.0,4,60.75,60.875,60.75,60.5,61.5,1.0,0.47871355387816905,1,57.5,57.5,57.5,57.5,57.5,0.0,0.0
401405069,2022,regular,1,2022-09-03 16:00:00+00:00,103,Boston College,164,Rutgers,4,-9.0,-9.0,-9.0,-9.5,-8.5,1.0,0.408248290463863,1,-7.5,-7.5,-7.5,-7.5,-7.5,0.0,0.0,4,47.0,47.125,47.0,47.0,47.5,0.5,0.25,1,52.0,52.0,52.0,52.0,52.0,0.0,0.0
401405070,2022,regular,2,2022-09-10 20:00:00+00:00,356,Illinois,258,Virginia,4,-4.0,-3.875,-4.0,-4.0,-3.5,0.5,0.25,1,-3.5,-3.5,-3.5,-3.5,-3.5,0.0,0.0,4,55.0,55.0,55.0,55.0,55.0,0.0,0.0,1,56.5,56.5,56.5,56.5,56.5,0.0,0.0
401405071,2022,regular,2,2022-09-10 16:00:00+00:00,135,Minnesota,2710,Western Illinois,2,-41.0,-41.0,-41.0,-41.0,-41.0,0.0,0.0,0,,,,,,,,2,57.25,57.25,57.25,56.5,58.0,1.5,1.0606601717798212,0,,,,,,,
401405072,2022,regular,2,2022-09-10 23:30:00+00:00,158,Nebraska,290,Georgia Southern,4,-23.5,-23.5,-23.5,-23.5,-23.5,0.0,0.0,1,-21.5,-21.5,-21.5,-21.5,-21.5,0.0,0.0,4,64.0,64.0,64.0,64.0,64.0,0.0,0.0,1,59.5,59.5,59.5,59.5,59.5,0.0,0.0
401405073,2022,regular,2,2022-09-10 16:00:00+00:00,77,Northwestern,150,Duke,4,-10.0,-10.0,-10.0,-10.0,-10.0,0.0,0.0,1,-9.0,-9.0,-9.0,-9.0,-9.0,0.0,0.0,4,56.0,56.125,56.0,56.0,56.5,0.5,0.25,1,56.5,56.5,56.5,56.5,56.5,0.0,0.0
401405074,2022,regular,2,2022-09-10 20:00:00+00:00,2509,Purdue,282,Indiana State,2,-37.0,-37.0,-37.0,-37.0,-37.0,0.0,0.0,0,,,,,,,,2,54.0,54.0,54.0,54.0,54.0,0.0,0.0,0,,,,,,,
401405075,2022,regular,2,2022-09-11 00:00:00+00:00,84,Indiana,70,Idaho,2,-24.5,-24.5,-24.5,-24.5,-24.5,0.0,0.0,0,,,,,,,,2,50.5,50.5,50.5,50.5,50.5,0.0,0.0,0,,,,,,,
401405077,2022,regular,2,2022-09-11 00:00:00+00:00,130,Michigan,62,Hawai'i,4,-52.75,-52.75,-52.75,-53.0,-52.5,0.5,0.28867513459481287,1,-50.0,-50.0,-50.0,-50.0,-50.0,0.0,0.0,4,66.5,66.5,66.5,66.5,66.5,0.0,0.0,1,65.0,65.0,65.0,65.0,65.0,0.0,0.0
401405078,2022,regular,2,2022-09-10 20:00:00+00:00,127,Michigan State,2006,Akron,4,-34.5,-34.5,-34.5,-34.5,-34.5,0.0,0.0,1,-34.5,-34.5,-34.5,-34.5,-34.5,0.0,0.0,4,56.0,56.0,56.0,56.0,56.0,0.0,0.0,1,56.0,56.0,56.0,56.0,56.0,0.0,0.0
401405079,2022,regular,2,2022-09-10 16:00:00+00:00,194,Ohio State,2032,Arkansas State,4,-44.5,-44.5,-44.5,-44.5,-44.5,0.0,0.0,1,-44.0,-44.0,-44.0,-44.0,-44.0,0.0,0.0,4,68.5,68.5,68.5,68.5,68.5,0.0,0.0,1,68.5,68.5,68.5,68.5,68.5,0.0,0.0
401405080,2022,regular,2,2022-09-10 16:00:00+00:00,213,Penn State,195,Ohio,4,-28.0,-28.0,-28.0,-28.0,-28.0,0.0,0.0,1,-26.5,-26.5,-26.5,-26.5,-26.5,0.0,0.0,4,55.0,54.875,55.0,54.5,55.0,0.5,0.25,1,53.5,53.5,53.5,53.5,53.5,0.0,0.0
401405081,2022,regular,2,2022-09-10 20:00:00+00:00,164,Rutgers,2681,Wagner,2,-48.5,-48.5,-48.5,-48.5,-48.5,0.0,0.0,0,,,,,,,,2,55.5,55.5,55.5,55.5,55.5,0.0,0.0,0,,,,,,,
401405082,2022,regular,3,2022-09-17 23:30:00+00:00,2294,Iowa,2440,Nevada,4,-24.0,-23.875,-24.0,-24.0,-23.5,0.5,0.25,1,-21.5,-21.5,-21.5,-21.5,-21.5,0.0,0.0,4,39.5,39.375,39.5,39.0,39.5,0.5,0.25,1,40.5,40.5,40.5,40.5,40.5,0.0,0.0
401405083,2022,regular,3,2022-09-17 16:00:00+00:00,77,Northwestern,79,Southern Illinois,3,-13.5,-13.666666666666666,-13.5,-14.0,-13.5,0.5,0.28867513459481287,1,-13.5,-13.5,-13.5,-13.5,-13.5,0.0,0.0,3,58.5,58.333333333333336,58.5,58.0,58.5,0.5,0.28867513459481287,1,58.0,58.0,58.0,58.0,58.0,0.0,0.0
401405084,2022,regular,3,2022-09-17 16:00:00+00:00,183,Syracuse,2509,Purdue,4,-1.5,-1.5,-1.5,-1.5,-1.5,0.0,0.0,1,1.0,1.0,1.0,1.0,1.0,0.0,0.0,4,59.5,59.625,59.5,59.5,60.0,0.5,0.25,1,59.0,59.0,59.0,59.0,59.0,0.0,0.0
401405085,2022,regular,3,2022-09-17 19:30:00+00:00,275,Wisconsin,166,New Mexico State,4,-37.5,-37.625,-37.5,-38.0,-37.5,0.5,0.25,1,-37.0,-37.0,-37.0,-37.0,-37.0,0.0,0.0,4,45.25,45.25,45.25,45.0,45.5,0.5,0.28867513459481287,1,47.5,47.5,47.5,47.5,47.5,0.0,0.0
401405087,2022,regular,3,2022-09-17 23:30:00+00:00,120,Maryland,2567,SMU,4,-3.0,-2.875,-3.0,-3.0,-2.5,0.5,0.25,1,-2.5,-2.5,-2.5,-2.5,-2.5,0.0,0.0,4,73.75,73.75,73.75,73.5,74.0,0.5,0.28867513459481287,1,70.0,70.0,70.0,70.0,70.0,0.0,0.0
401405088,2022,regular,3,2022-09-17 23:00:00+00:00,194,Ohio State,2649,Toledo,4,-31.5,-32.125,-31.5,-34.5,-31.0,3.5,1.6520189667999174,1,-31.5,-31.5,-31.5,-31.5,-31.5,0.0,0.0,4,63.0,63.0,63.0,63.0,63.0,0.0,0.0,1,61.0,61.0,61.0,61.0,61.0,0.0,0.0
401405089,2022,regular,3,2022-09-17 18:00:00+00:00,218,Temple,164,Rutgers,4,18.0,18.0,18.0,18.0,18.0,0.0,0.0,1,17.0,17.0,17.0,17.0,17.0,0.0,0.0,4,42.75,42.875,42.75,42.5,43.5,1.0,0.47871355387816905,1,44.5,44.5,44.5,44.5,44.5,0.0,0.0
401405091,2022,regular,4,2022-09-24 23:00:00+00:00,164,Rutgers,2294,Iowa,4,7.5,7.625,7.5,7.5,8.0,0.5,0.25,1,7.0,7.0,7.0,7.0,7.0,0.0,0.0,4,34.5,34.375,34.5,34.0,34.5,0.5,0.25,1,35.5,35.5,35.5,35.5,35.5,0.0,0.0
401405092,2022,regular,4,2022-09-24 19:30:00+00:00,127,Michigan State,135,Minnesota,4,3.0,3.0,3.0,3.0,3.0,0.0,0.0,1,-2.0,-2.0,-2.0,-2.0,-2.0,0.0,0.0,4,50.0,50.0,50.0,50.0,50.0,0.0,0.0,1,51.0,51.0,51.0,51.0,51.0,0.0,0.0
401405093,2022,regular,4,2022-09-24 23:30:00+00:00,77,Northwestern,193,Miami (OH),4,-7.5,-7.5,-7.5,-7.5,-7.5,0.0,0.0,1,-6.5,-6.5,-6.5,-6.5,-6.5,0.0,0.0,4,50.0,50.0,50.0,50.0,50.0,0.0,0.0,1,50.5,50.5,50.5,50.5,50.5,0.0,0.0
401405095,2022,regular,4,2022-09-24 23:30:00+00:00,194,Ohio State,275,Wisconsin,4,-19.0,-18.875,-19.0,-19.0,-18.5,0.5,0.25,1,-18.0,-18.0,-18.0,-18.0,-18.0,0.0,0.0,4,56.5,56.625,56.5,56.5,57.0,0.5,0.25,1,57.0,57.0,57.0,57.0,57.0,0.0,0.0
401405096,2022,regular,4,2022-09-24 19:30:00+00:00,2132,Cincinnati,84,Indiana,4,-16.5,-16.5,-16.5,-16.5,-16.5,0.0,0.0,1,-14.0,-14.0,-14.0,-14.0,-14.0,0.0,0.0,4,57.0,57.25,57.0,57.0,58.0,1.0,0.5,1,54.5,54.5,54.5,54.5,54.5,0.0,0.0
401405097,2022,regular,4,2022-09-24 16:00:00+00:00,130,Michigan,120,Maryland,4,-17.0,-17.0,-17.0,-17.0,-17.0,0.0,0.0,1,-17.5,-17.5,-17.5,-17.5,-17.5,0.0,0.0,4,66.0,66.0,66.0,66.0,66.0,0.0,0.0,1,62.5,62.5,62.5,62.5,62.5,0.0,0.0
401405098,2022,regular,4,2022-09-24 16:00:00+00:00,213,Penn State,2117,Central Michigan,4,-28.0,-28.0,-28.0,-28.0,-28.0,0.0,0.0,1,-26.0,-26.0,-26.0,-26.0,-26.0,0.0,0.0,4,61.5,61.5,61.5,61.5,61.5,0.0,0.0,1,61.0,61.0,61.0,61.0,61.0,0.0,0.0
401405099,2022,regular,5,2022-10-01 16:00:00+00:00,275,Wisconsin,356,Illinois,4,-6.5,-6.5,-6.5,-6.5,-6.5,0.0,0.0,1,-8.5,-8.5,-8.5,-8.5,-8.5,0.0,0.0,4,43.5,43.375,43.5,43.0,43.5,0.5,0.25,1,44.0,44.0,44.0,44.0,44.0,0.0,0.0
401405100,2022,regular,5,2022-10-01 16:00:00+00:00,2294,Iowa,130,Michigan,4,10.5,10.625,10.5,10.5,11.0,0.5,0.25,1,10.0,10.0,10.0,10.0,10.0,0.0,0.0,4,42.0,42.0,42.0,42.0,42.0,0.0,0.0,1,43.0,43.0,43.0,43.0,43.0,0.0,0.0
401405101,2022,regular,5,2022-10-01 16:00:00+00:00,135,Minnesota,2509,Purdue,4,-9.0,-9.125,-9.0,-9.5,-9.0,0.5,0.25,1,-10.0,-10.0,-10.0,-10.0,-10.0,0.0,0.0,4,53.0,53.0,53.0,53.0,53.0,0.0,0.0,1,53.5,53.5,53.5,53.5,53.5,0.0,0.0
401405102,2022,regular,5,2022-10-01 23:30:00+00:00,158,Nebraska,84,Indiana,4,-6.5,-6.625,-6.5,-7.0,-6.5,0.5,0.25,1,-3.5,-3.5,-3.5,-3.5,-3.5,0.0,0.0,4,61.75,61.75,61.75,61.5,62.0,0.5,0.28867513459481287,1,61.5,61.5,61.5,61.5,61.5,0.0,0.0
401405103,2022,regular,5,2022-10-01 19:30:00+00:00,120,Maryland,127,Michigan State,4,-7.5,-7.5,-7.5,-7.5,-7.5,0.0,0.0,1,-7.5,-7.5,-7.5,-7.5,-7.5,0.0,0.0,4,58.5,58.375,58.5,58.0,58.5,0.5,0.25,1,59.5,59.5,59.5,59.5,59.5,0.0,0.0
401405104,2022,regular,5,2022-10-01 19:30:00+00:00,194,Ohio State,164,Rutgers,1,-39.0,-39.0,-39.0,-39.0,-39.0,0.0,0.0,1,-41.0,-41.0,-41.0,-41.0,-41.0,0.0,0.0,1,58.0,58.0,58.0,58.0,58.0,0.0,0.0,1,60.0,60.0,60.0,60.0,60.0,0.0,0.0
401405105,2022,regular,5,2022-10-01 19:30:00+00:00,213,Penn State,77,Northwestern,4,-25.5,-25.375,-25.5,-25.5,-25.0,0.5,0.25,1,-25.5,-25.5,-25.5,-25.5,-25.5,0.0,0.0,4,50.0,50.0,50.0,50.0,50.0,0.0,0.0,1,52.5,52.5,52.5,52.5,52.5,0.0,0.0
401405106,2022,regular,6,2022-10-08 23:30:00+00:00,356,Illinois,2294,Iowa,4,-3.5,-3.625,-3.5,-4.0,-3.5,0.5,0.25,1,-4.0,-4.0,-4.0,-4.0,-4.0,0.0,0.0,4,36.5,36.375,36.5,36.0,36.5,0.5,0.25,1,35.5,35.5,35.5,35.5,35.5,0.0,0.0
401405107,2022,regular,6,2022-10-08 19:30:00+00:00,77,Northwestern,275,Wisconsin,4,10.0,10.0,10.0,10.0,10.0,0.0,0.0,1,9.5,9.5,9.5,9.5,9.5,0.0,0.0,4,44.5,44.5,44.5,44.5,44.5,0.0,0.0,1,44.0,44.0,44.0,44.0,44.0,0.0,0.0
401405108,2022,regular,6,2022-10-08 16:00:00+00:00,84,Indiana,130,Michigan,4,23.5,23.5,23.5,23.5,23.5,0.0,0.0,1,21.5,21.5,21.5,21.5,21.5,0.0,0.0,4,57.5,57.625,57.5,57.5,58.0,0.5,0.25,1,57.5,57.5,57.5,57.5,57.5,0.0,0.0
401405109,2022,regular,6,2022-10-08 16:00:00+00:00,120,Maryland,2509,Purdue,4,-3.0,-3.0,-3.0,-3.0,-3.0,0.0,0.0,1,-3.5,-3.5,-3.5,-3.5,-3.5,0.0,0.0,4,59.5,59.5,59.5,59.5,59.5,0.0,0.0,1,61.0,61.0,61.0,61.0,61.0,0.0,0.0
401405110,2022,regular,6,2022-10-08 20:00:00+00:00,127,Michigan State,194,Ohio State,4,27.0,27.125,27.0,27.0,27.5,0.5,0.25,1,25.5,25.5,25.5,25.5,25.5,0.0,0.0,4,64.5,64.625,64.5,64.5,65.0,0.5,0.25,1,62.0,62.0,62.0,62.0,62.0,0.0,0.0
401405111,2022,regular,6,2022-10-07 23:00:00+00:00,164,Rutgers,158,Nebraska,4,3.0,3.0,3.0,3.0,3.0,0.0,0.0,1,2.5,2.5,2.5,2.5,2.5,0.0,0.0,4,50.5,50.5,50.5,50.5,50.5,0.0,0.0,1,51.0,51.0,51.0,51.0,51.0,0.0,0.0
401405112,2022,regular,7,2022-10-15 16:00:00+00:00,356,Illinois,135,Minnesota,4,4.5,4.5,4.5,4.5,4.5,0.0,0.0,1,3.5,3.5,3.5,3.5,3.5,0.0,0.0,4,40.0,40.0,40.0,40.0,40.0,0.0,0.0,1,39.0,39.0,39.0,39.0,39.0,0.0,0.0
401405113,2022,regular,7,2022-10-15 23:30:00+00:00,2509,Purdue,158,Nebraska,4,-14.0,-14.0,-14.0,-14.0,-14.0,0.0,0.0,1,-11.5,-11.5,-11.5,-11.5,-11.5,0.0,0.0,4,56.0,56.0,56.0,56.0,56.0,0.0,0.0,1,58.0,58.0,58.0,58.0,58.0,0.0,0.0
401405114,2022,regular,7,2022-10-15 19:30:00+00:00,84,Indiana,120,Maryland,4,11.0,10.875,11.0,10.5,11.0,0.5,0.25,1,10.5,10.5,10.5,10.5,10.5,0.0,0.0,4,63.5,63.375,63.5,63.0,63.5,0.5,0.25,1,60.5,60.5,60.5,60.5,60.5,0.0,0.0
401405115,2022,regular,7,2022-10-15 16:00:00+00:00,130,Michigan,213,Penn State,4,-7.0,-7.0,-7.0,-7.0,-7.0,0.0,0.0,1,-7.5,-7.5,-7.5,-7.5,-7.5,0.0,0.0,4,48.75,48.75,48.75,48.5,49.0,0.5,0.28867513459481287,1,51.5,51.5,51.5,51.5,51.5,0.0,0.0
401405116,2022,regular,7,2022-10-15 20:00:00+00:00,127,Michigan State,275,Wisconsin,4,7.0,7.0,7.0,7.0,7.0,0.0,0.0,1,5.5,5.5,5.5,5.5,5.5,0.0,0.0,4,49.5,49.625,49.5,49.5,50.0,0.5,0.25,1,47.0,47.0,47.0,47.0,47.0,0.0,0.0
401405117,2022,regular,8,2022-10-22 19:30:00+00:00,275,Wisconsin,2509,Purdue,4,-1.5,-1.5,-1.5,-1.5,-1.5,0.0,0.0,1,-1.5,-1.5,-1.5,-1.5,-1.5,0.0,0.0,4,51.5,51.375,51.5,51.0,51.5,0.5,0.25,1,52.5,52.5,52.5,52.5,52.5,0.0,0.0
401405118,2022,regular,8,2022-10-22 19:30:00+00:00,120,Maryland,77,Northwestern,4,-14.25,-14.25,-14.25,-14.5,-14.0,0.5,0.28867513459481287,1,-14.0,-14.0,-14.0,-14.0,-14.0,0.0,0.0,4,51.0,51.125,51.0,51.0,51.5,0.5,0.25,1,52.0,52.0,52.0,52.0,52.0,0.0,0.0
401405119,2022,regular,8,2022-10-22 16:00:00+00:00,194,Ohio State,2294,Iowa,4,-29.75,-29.75,-29.75,-30.0,-29.5,0.5,0.28867513459481287,1,-29.0,-29.0,-29.0,-29.0,-29.0,0.0,0.0,4,50.0,49.875,50.0,49.5,50.0,0.5,0.25,1,49.5,49.5,49.5,49.5,49.5,0.0,0.0
401405120,2022,regular,8,2022-10-22 23:30:00+00:00,213,Penn State,135,Minnesota,1,-5.5,-5.5,-5.5,-5.5,-5.5,0.0,0.0,1,-5.0,-5.0,-5.0,-5.0,-5.0,0.0,0.0,1,43.0,43.0,43.0,43.0,43.0,0.0,0.0,1,44.0,44.0,44.0,44.0,44.0,0.0,0.0
401405121,2022,regular,8,2022-10-22 16:00:00+00:00,164,Rutgers,84,Indiana,4,-3.0,-3.0,-3.0,-3.0,-3.0,0.0,0.0,1,-3.0,-3.0,-3.0,-3.0,-3.0,0.0,0.0,4,48.0,48.0,48.0,48.0,48.0,0.0,0.0,1,45.5,45.5,45.5,45.5,45.5,0.0,0.0
401405122,2022,regular,9,2022-10-29 19:30:00+00:00,2294,Iowa,77,Northwestern,4,-11.5,-11.5,-11.5,-11.5,-11.5,0.0,0.0,1,-11.0,-11.0,-11.0,-11.0,-11.0,0.0,0.0,4,37.5,37.375,37.5,37.0,37.5,0.5,0.25,1,35.5,35.5,35.5,35.5,35.5,0.0,0.0
401405123,2022,regular,9,2022-10-29 18:30:00+00:00,135,Minnesota,164,Rutgers,4,-14.0,-14.125,-14.0,-14.5,-14.0,0.5,0.25,1,-14.0,-14.0,-14.0,-14.0,-14.0,0.0,0.0,4,40.5,40.5,40.5,40.5,40.5,0.0,0.0,1,41.0,41.0,41.0,41.0,41.0,0.0,0.0
401405124,2022,regular,9,2022-10-29 19:30:00+00:00,158,Nebraska,356,Illinois,4,7.5,7.5,7.5,7.5,7.5,0.0,0.0,1,6.0,6.0,6.0,6.0,6.0,0.0,0.0,4,50.5,50.625,50.5,50.5,51.0,0.5,0.25,1,51.5,51.5,51.5,51.5,51.5,0.0,0.0
401405125,2022,regular,9,2022-10-29 23:30:00+00:00,130,Michigan,127,Michigan State,4,-22.25,-22.375,-22.25,-23.0,-22.0,1.0,0.47871355387816905,1,-22.5,-22.5,-22.5,-22.5,-22.5,0.0,0.0,4,55.0,55.0,55.0,55.0,55.0,0.0,0.0,1,54.5,54.5,54.5,54.5,54.5,0.0,0.0
401405126,2022,regular,9,2022-10-29 16:00:00+00:00,213,Penn State,194,Ohio State,4,15.5,15.625,15.5,15.5,16.0,0.5,0.25,1,15.0,15.0,15.0,15.0,15.0,0.0,0.0,4,60.5,60.625,60.5,60.5,61.0,0.5,0.25,1,61.5,61.5,61.5,61.5,61.5,0.0,0.0
401405127,2022,regular,10,2022-11-05 19:30:00+00:00,356,Illinois,127,Michigan State,4,-16.0,-16.125,-16.0,-16.5,-16.0,0.5,0.25,1,-15.5,-15.5,-15.5,-15.5,-15.5,0.0,0.0,4,41.0,41.0,41.0,41.0,41.0,0.0,0.0,1,43.5,43.5,43.5,43.5,43.5,0.0,0.0
401405128,2022,regular,10,2022-11-05 16:00:00+00:00,158,Nebraska,135,Minnesota,4,14.5,14.5,14.5,14.5,14.5,0.0,0.0,1,12.5,12.5,12.5,12.5,12.5,0.0,0.0,4,44.5,44.625,44.5,44.5,45.0,0.5,0.25,1,47.0,47.0,47.0,47.0,47.0,0.0,0.0
401405129,2022,regular,10,2022-11-05 16:00:00+00:00,77,Northwestern,194,Ohio State,4,37.5,37.625,37.5,37.5,38.0,0.5,0.25,1,38.5,38.5,38.5,38.5,38.5,0.0,0.0,4,55.0,55.125,55.0,55.0,55.5,0.5,0.25,1,62.5,62.5,62.5,62.5,62.5,0.0,0.0
401405130,2022,regular,10,2022-11-05 16:00:00+00:00,2509,Purdue,2294,Iowa,4,-3.5,-3.5,-3.5,-3.5,-3.5,0.0,0.0,1,-4.0,-4.0,-4.0,-4.0,-4.0,0.0,0.0,4,39.25,39.25,39.25,39.0,39.5,0.5,0.28867513459481287,1,43.0,43.0,43.0,43.0,43.0,0.0,0.0
401405131,2022,regular,10,2022-11-05 16:00:00+00:00,275,Wisconsin,120,Maryland,4,-5.0,-5.125,-5.0,-5.5,-5.0,0.5,0.25,1,-5.5,-5.5,-5.5,-5.5,-5.5,0.0,0.0,4,47.5,47.5,47.5,47.5,47.5,0.0,0.0,1,53.0,53.0,53.0,53.0,53.0,0.0,0.0
401405132,2022,regular,10,2022-11-05 19:30:00+00:00,84,Indiana,213,Penn State,4,13.5,13.5,13.5,13.5,13.5,0.0,0.0,1,13.5,13.5,13.5,13.5,13.5,0.0,0.0,4,50.0,50.125,50.0,50.0,50.5,0.5,0.25,1,54.5,54.5,54.5,54.5,54.5,0.0,0.0
401405133,2022,regular,10,2022-11-05 23:30:00+00:00,164,Rutgers,130,Michigan,4,26.5,26.375,26.5,26.0,26.5,0.5,0.25,1,26.5,26.5,26.5,26.5,26.5,0.0,0.0,4,45.0,45.0,45.0,45.0,45.0,0.0,0.0,1,46.0,46.0,46.0,46.0,46.0,0.0,0.0
401405134,2022,regular,11,2022-11-12 17:00:00+00:00,356,Illinois,2509,Purdue,1,-6.0,-6.0,-6.0,-6.0,-6.0,0.0,0.0,1,-6.5,-6.5,-6.5,-6.5,-6.5,0.0,0.0,1,44.0,44.0,44.0,44.0,44.0,0.0,0.0,1,46.5,46.5,46.5,46.5,46.5,0.0,0.0
401405135,2022,regular,11,2022-11-12 20:30:00+00:00,2294,Iowa,275,Wisconsin,4,0.0,0.125,0.0,-1.0,1.5,2.5,1.0307764064044151,1,-1.5,-1.5,-1.5,-1.5,-1.5,0.0,0.0,4,35.5,35.5,35.5,35.5,35.5,0.0,0.0,1,36.5,36.5,36.5,36.5,36.5,0.0,0.0
401405136,2022,regular,11,2022-11-12 20:30:00+00:00,135,Minnesota,77,Northwestern,4,-17.0,-17.0,-17.0,-17.0,-17.0,0.0,0.0,1,-18.0,-18.0,-18.0,-18.0,-18.0,0.0,0.0,4,41.0,40.875,41.0,40.5,41.0,0.5,0.25,1,41.0,41.0,41.0,41.0,41.0,0.0,0.0
401405137,2022,regular,11,2022-11-12 20:30:00+00:00,130,Michigan,158,Nebraska,4,-30.5,-30.5,-30.5,-30.5,-30.5,0.0,0.0,1,-28.5,-28.5,-28.5,-28.5,-28.5,0.0,0.0,4,49.5,49.625,49.5,49.5,50.0,0.5,0.25,1,52.0,52.0,52.0,52.0,52.0,0.0,0.0
401405138,2022,regular,11,2022-11-12 17:00:00+00:00,127,Michigan State,164,Rutgers,4,-10.0,-10.0,-10.0,-10.0,-10.0,0.0,0.0,1,-11.5,-11.5,-11.5,-11.5,-11.5,0.0,0.0,4,41.0,41.0,41.0,41.0,41.0,0.0,0.0,1,40.0,40.0,40.0,40.0,40.0,0.0,0.0
401405139,2022,regular,11,2022-11-12 17:00:00+00:00,194,Ohio State,84,Indiana,4,-40.0,-40.125,-40.0,-40.5,-40.0,0.5,0.25,1,-40.0,-40.0,-40.0,-40.0,-40.0,0.0,0.0,4,62.0,62.125,62.0,62.0,62.5,0.5,0.25,1,57.5,57.5,57.5,57.5,57.5,0.0,0.0
401405140,2022,regular,11,2022-11-12 20:30:00+00:00,213,Penn State,120,Maryland,4,-10.5,-10.375,-10.5,-10.5,-10.0,0.5,0.25,1,-11.5,-11.5,-11.5,-11.5,-11.5,0.0,0.0,4,56.5,56.5,56.5,56.5,56.5,0.0,0.0,1,57.0,57.0,57.0,57.0,57.0,0.0,0.0
401405141,2022,regular,12,2022-11-19 21:00:00+00:00,135,Minnesota,2294,Iowa,4,-2.0,-2.0,-2.0,-2.0,-2.0,0.0,0.0,1,-2.5,-2.5,-2.5,-2.5,-2.5,0.0,0.0,4,31.5,31.5,31.5,31.5,31.5,0.0,0.0,1,33.0,33.0,33.0,33.0,33.0,0.0,0.0
401405142,2022,regular,12,2022-11-19 17:00:00+00:00,158,Nebraska,275,Wisconsin,4,10.0,10.0,10.0,10.0,10.0,0.0,0.0,1,13.0,13.0,13.0,13.0,13.0,0.0,0.0,4,40.5,40.5,40.5,40.5,40.5,0.0,0.0,1,41.0,41.0,41.0,41.0,41.0,0.0,0.0
401405143,2022,regular,12,2022-11-19 17:00:00+00:00,2509,Purdue,77,Northwestern,4,-17.5,-17.375,-17.5,-17.5,-17.0,0.5,0.25,1,-18.0,-18.0,-18.0,-18.0,-18.0,0.0,0.0,4,44.5,44.375,44.5,44.0,44.5,0.5,0.25,1,48.0,48.0,48.0,48.0,48.0,0.0,0.0
401405144,2022,regular,12,2022-11-19 20:30:00+00:00,120,Maryland,194,Ohio State,4,26.25,26.25,26.25,26.0,26.5,0.5,0.28867513459481287,1,27.5,27.5,27.5,27.5,27.5,0.0,0.0,4,62.5,62.5,62.5,62.5,62.5,0.0,0.0,1,63.5,63.5,63.5,63.5,63.5,0.0,0.0
401405145,2022,regular,12,2022-11-19 17:00:00+00:00,130,Michigan,356,Illinois,4,-17.0,-17.0,-17.0,-17.0,-17.0,0.0,0.0,1,-17.5,-17.5,-17.5,-17.5,-17.5,0.0,0.0,4,41.5,41.5,41.5,41.5,41.5,0.0,0.0,1,44.0,44.0,44.0,44.0,44.0,0.0,0.0
401405146,2022,regular,12,2022-11-19 17:00:00+00:00,127,Michigan State,84,Indiana,4,-12.0,-12.125,-12.0,-12.5,-12.0,0.5,0.25,1,-11.5,-11.5,-11.5,-11.5,-11.5,0.0,0.0,4,47.25,47.25,47.25,47.0,47.5,0.5,0.28867513459481287,1,46.5,46.5,46.5,46.5,46.5,0.0,0.0
401405147,2022,regular,12,2022-11-19 20:30:00+00:00,164,Rutgers,213,Penn State,4,18.5,18.625,18.5,18.5,19.0,0.5,0.25,1,19.0,19.0,19.0,19.0,19.0,0.0,0.0,4,45.0,45.0,45.0,45.0,45.0,0.0,0.0,1,44.0,44.0,44.0,44.0,44.0,0.0,0.0
401405148,2022,regular,13,2022-11-25 21:00:00+00:00,2294,Iowa,158,Nebraska,4,-10.5,-10.5,-10.5,-10.5,-10.5,0.0,0.0,0,,,,,,,,4,38.0,38.0,38.0,38.0,38.0,0.0,0.0,1,38.0,38.0,38.0,38.0,38.0,0.0,0.0
401405149,2022,regular,13,2022-11-26 20:30:00+00:00,77,Northwestern,356,Illinois,4,14.75,14.75,14.75,14.5,15.0,0.5,0.28867513459481287,1,14.0,14.0,14.0,14.0,14.0,0.0,0.0,4,38.0,38.125,38.0,38.0,38.5,0.5,0.25,1,37.0,37.0,37.0,37.0,37.0,0.0,0.0
401405150,2022,regular,13,2022-11-26 20:30:00+00:00,275,Wisconsin,135,Minnesota,4,-3.0,-3.0,-3.0,-3.0,-3.0,0.0,0.0,1,-3.0,-3.0,-3.0,-3.0,-3.0,0.0,0.0,4,37.0,37.0,37.0,36.5,37.5,1.0,0.408248290463863,1,35.0,35.0,35.0,35.0,35.0,0.0,0.0
401405151,2022,regular,13,2022-11-26 20:30:00+00:00,84,Indiana,2509,Purdue,4,10.0,10.0,10.0,10.0,10.0,0.0,0.0,1,10.0,10.0,10.0,10.0,10.0,0.0,0.0,4,53.0,52.875,53.0,52.5,53.0,0.5,0.25,1,54.0,54.0,54.0,54.0,54.0,0.0,0.0
401405152,2022,regular,13,2022-11-26 17:00:00+00:00,120,Maryland,164,Rutgers,4,-14.5,-14.5,-14.5,-14.5,-14.5,0.0,0.0,1,-14.5,-14.5,-14.5,-14.5,-14.5,0.0,0.0,4,48.5,48.5,48.5,48.5,48.5,0.0,0.0,1,48.5,48.5,48.5,48.5,48.5,0.0,0.0
401405153,2022,regular,13,2022-11-26 17:00:00+00:00,194,Ohio State,130,Michigan,4,-9.0,-9.0,-9.0,-9.0,-9.0,0.0,0.0,1,-7.5,-7.5,-7.5,-7.5,-7.5,0.0,0.0,4,56.0,56.125,56.0,56.0,56.5,0.5,0.25,1,57.0,57.0,57.0,57.0,57.0,0.0,0.0
401405154,2022,regular,13,2022-11-26 21:00:00+00:00,213,Penn State,127,Michigan State,4,-19.0,-19.125,-19.0,-19.5,-19.0,0.5,0.25,1,-18.5,-18.5,-18.5,-18.5,-18.5,0.0,0.0,4,54.5,54.5,54.5,54.5,54.5,0.0,0.0,1,52.5,52.5,52.5,52.5,52.5,0.0,0.0
401409235,2022,regular,1,2022-08-28 02:00:00+00:00,166,New Mexico State,2440,Nevada,4,7.0,7.125,7.0,7.0,7.5,0.5,0.25,1,14.0,14.0,14.0,14.0,14.0,0.0,0.0,4,48.0,48.0,48.0,48.0,48.0,0.0,0.0,1,55.5,55.5,55.5,55.5,55.5,0.0,0.0
401409237,2022,regular,4,2022-09-25 00:00:00+00:00,166,New Mexico State,62,Hawai'i,4,-4.5,-4.5,-4.5,-4.5,-4.5,0.0,0.0,1,-2.0,-2.0,-2.0,-2.0,-2.0,0.0,0.0,4,53.0,53.0,53.0,53.0,53.0,0.0,0.0,1,55.0,55.0,55.0,55.0,55.0,0.0,0.0
401409239,2022,regular,7,2022-10-16 00:00:00+00:00,166,New Mexico State,167,New Mexico,4,7.0,7.0,7.0,7.0,7.0,0.0,0.0,1,6.0,6.0,6.0,6.0,6.0,0.0,0.0,4,38.5,38.5,38.5,38.5,38.5,0.0,0.0,1,38.0,38.0,38.0,38.0,38.0,0.0,0.0
401409241,2022,regular,11,2022-11-12 19:00:00+00:00,166,New Mexico State,2320,Lamar,2,-22.0,-22.0,-22.0,-22.0,-22.0,0.0,0.0,0,,,,,,,,2,48.5,48.5,48.5,48.5,48.5,0.0,0.0,0,,,,,,,
401409242,2022,regular,9,2022-10-29 19:30:00+00:00,113,Massachusetts,166,New Mexico State,4,1.0,1.0,1.0,1.0,1.0,0.0,0.0,1,3.0,3.0,3.0,3.0,3.0,0.0,0.0,4,39.0,39.0,39.0,39.0,39.0,0.0,0.0,1,37.0,37.0,37.0,37.0,37.0,0.0,0.0
401411090,2022,regular,1,2022-08-27 21:00:00+00:00,52,Florida State,2184,Duquesne,3,-42.0,-41.833333333333336,-42.0,-42.0,-41.5,0.5,0.28867513459481287,1,-43.0,-43.0,-43.0,-43.0,-43.0,0.0,0.0,3,57.0,57.0,57.0,57.0,57.0,0.0,0.0,1,55.0,55.0,55.0,55.0,55.0,0.0,0.0
401411091,2022,regular,1,2022-08-28 00:15:00+00:00,153,North Carolina,50,Florida A&M,3,-45.0,-45.166666666666664,-45.0,-45.5,-45.0,0.5,0.28867513459481287,1,-43.0,-43.0,-43.0,-43.0,-43.0,0.0,0.0,3,56.5,56.0,56.5,55.0,56.5,1.5,0.8660254037844386,1,56.0,56.0,56.0,56.0,56.0,0.0,0.0
401411092,2022,regular,1,2022-09-01 23:00:00+00:00,221,Pittsburgh,277,West Virginia,4,-7.5,-7.5,-7.5,-7.5,-7.5,0.0,0.0,1,-7.0,-7.0,-7.0,-7.0,-7.0,0.0,0.0,4,50.5,50.5,50.5,50.0,51.0,1.0,0.5773502691896257,1,55.0,55.0,55.0,55.0,55.0,0.0,0.0
401411093,2022,regular,1,2022-09-01 23:30:00+00:00,154,Wake Forest,2678,VMI,3,-33.5,-33.333333333333336,-33.5,-33.5,-33.0,0.5,0.28867513459481287,1,-31.5,-31.5,-31.5,-31.5,-31.5,0.0,0.0,3,66.5,66.5,66.5,66.5,66.5,0.0,0.0,1,67.5,67.5,67.5,67.5,67.5,0.0,0.0
401411094,2022,regular,1,2022-09-02 23:30:00+00:00,150,Duke,218,Temple,4,-9.5,-9.5,-9.5,-9.5,-9.5,0.0,0.0,1,-6.5,-6.5,-6.5,-6.5,-6.5,0.0,0.0,4,51.5,51.375,51.5,51.0,51.5,0.5,0.25,1,54.0,54.0,54.0,54.0,54.0,0.0,0.0
401411095,2022,regular,1,2022-09-03 16:00:00+00:00,2026,App State,153,North Carolina,4,-3.0,-3.0,-3.0,-3.0,-3.0,0.0,0.0,1,3.5,3.5,3.5,3.5,3.5,0.0,0.0,4,56.25,56.25,56.25,56.0,56.5,0.5,0.28867513459481287,1,57.0,57.0,57.0,57.0,57.0,0.0,0.0
401411096,2022,regular,1,2022-09-03 16:00:00+00:00,151,East Carolina,152,NC State,4,12.5,12.5,12.5,12.5,12.5,0.0,0.0,1,10.5,10.5,10.5,10.5,10.5,0.0,0.0,4,51.75,51.75,51.75,51.5,52.0,0.5,0.28867513459481287,1,57.5,57.5,57.5,57.5,57.5,0.0,0.0
401411097,2022,regular,1,2022-09-03 19:30:00+00:00,2390,Miami,2065,Bethune-Cookman,2,-49.5,-49.5,-49.5,-49.5,-49.5,0.0,0.0,0,,,,,,,,2,60.5,60.5,60.5,60.5,60.5,0.0,0.0,0,,,,,,,
401411099,2022,regular,1,2022-09-04 00:00:00+00:00,183,Syracuse,97,Louisville,1,6.0,6.0,6.0,6.0,6.0,0.0,0.0,1,4.0,4.0,4.0,4.0,4.0,0.0,0.0,1,55.0,55.0,55.0,55.0,55.0,0.0,0.0,1,59.5,59.5,59.5,59.5,59.5,0.0,0.0
401411100,2022,regular,1,2022-09-03 16:30:00+00:00,258,Virginia,257,Richmond,3,-21.5,-21.666666666666668,-21.5,-22.5,-21.0,1.5,0.7637626158259734,1,-21.0,-21.0,-21.0,-21.0,-21.0,0.0,0.0,3,60.5,61.0,60.5,60.5,62.0,1.5,0.8660254037844386,1,58.5,58.5,58.5,58.5,58.5,0.0,0.0
401411101,2022,regular,1,2022-09-06 00:00:00+00:00,59,Georgia Tech,228,Clemson,4,24.5,24.375,24.5,24.0,24.5,0.5,0.25,1,21.0,21.0,21.0,21.0,21.0,0.0,0.0,4,51.5,51.375,51.5,51.0,51.5,0.5,0.25,1,51.0,51.0,51.0,51.0,51.0,0.0,0.0
401411102,2022,regular,2,2022-09-10 19:30:00+00:00,228,Clemson,231,Furman,2,-45.5,-45.5,-45.5,-45.5,-45.5,0.0,0.0,0,,,,,,,,2,51.5,51.5,51.5,51.5,51.5,0.0,0.0,0,,,,,,,
401411103,2022,regular,2,2022-09-10 16:00:00+00:00,2247,Georgia State,153,North Carolina,4,7.0,7.0,7.0,7.0,7.0,0.0,0.0,1,9.5,9.5,9.5,9.5,9.5,0.0,0.0,4,64.25,64.25,64.25,64.0,64.5,0.5,0.28867513459481287,1,68.0,68.0,68.0,68.0,68.0,0.0,0.0
401411104,2022,regular,2,2022-09-10 23:00:00+00:00,59,Georgia Tech,2717,Western Carolina,2,-24.25,-24.25,-24.25,-24.5,-24.0,0.5,0.3535533905932738,0,,,,,,,,2,65.75,65.75,65.75,65.5,66.0,0.5,0.3535533905932738,0,,,,,,,
401411105,2022,regular,2,2022-09-10 16:00:00+00:00,2390,Miami,2572,Southern Miss,4,-27.5,-27.375,-27.5,-27.5,-27.0,0.5,0.25,1,-27.0,-27.0,-27.0,-27.0,-27.0,0.0,0.0,4,50.5,50.5,50.5,50.0,51.0,1.0,0.408248290463863,1,57.0,57.0,57.0,57.0,57.0,0.0,0.0
401411106,2022,regular,2,2022-09-10 16:30:00+00:00,152,NC State,2127,Charleston Southern,2,-45.5,-45.5,-45.5,-45.5,-45.5,0.0,0.0,0,,,,,,,,2,55.25,55.25,55.25,55.0,55.5,0.5,0.3535533905932738,0,,,,,,,
401411108,2022,regular,2,2022-09-11 00:00:00+00:00,259,Virginia Tech,103,Boston College,4,-3.0,-2.875,-3.0,-3.0,-2.5,0.5,0.25,1,-3.0,-3.0,-3.0,-3.0,-3.0,0.0,0.0,4,45.0,45.0,45.0,45.0,45.0,0.0,0.0,1,45.0,45.0,45.0,45.0,45.0,0.0,0.0
401411109,2022,regular,3,2022-09-16 23:30:00+00:00,97,Louisville,52,Florida State,4,2.5,2.625,2.5,2.5,3.0,0.5,0.25,1,1.5,1.5,1.5,1.5,1.5,0.0,0.0,4,57.0,57.0,57.0,57.0,57.0,0.0,0.0,1,54.5,54.5,54.5,54.5,54.5,0.0,0.0
401411110,2022,regular,3,2022-09-17 23:30:00+00:00,103,Boston College,311,Maine,2,-31.0,-31.0,-31.0,-31.0,-31.0,0.0,0.0,0,,,,,,,,2,48.0,48.0,48.0,48.0,48.0,0.0,0.0,0,,,,,,,
401411112,2022,regular,3,2022-09-17 22:00:00+00:00,150,Duke,2448,North Carolina A&T,2,-30.5,-30.5,-30.5,-30.5,-30.5,0.0,0.0,0,,,,,,,,2,53.0,53.0,53.0,53.0,53.0,0.0,0.0,0,,,,,,,
401411113,2022,regular,3,2022-09-17 18:00:00+00:00,258,Virginia,295,Old Dominion,4,-8.25,-8.25,-8.25,-8.5,-8.0,0.5,0.28867513459481287,1,-10.5,-10.5,-10.5,-10.5,-10.5,0.0,0.0,4,52.5,52.625,52.5,52.0,53.5,1.5,0.6291528696058958,1,53.0,53.0,53.0,53.0,53.0,0.0,0.0
401411114,2022,regular,3,2022-09-17 15:00:00+00:00,259,Virginia Tech,2747,Wofford,3,-39.0,-39.166666666666664,-39.0,-40.0,-38.5,1.5,0.7637626158259734,1,-37.0,-37.0,-37.0,-37.0,-37.0,0.0,0.0,3,45.5,45.333333333333336,45.5,45.0,45.5,0.5,0.28867513459481287,1,45.0,45.0,45.0,45.0,45.0,0.0,0.0
401411115,2022,regular,3,2022-09-17 23:30:00+00:00,2711,Western Michigan,221,Pittsburgh,4,10.0,10.125,10.0,10.0,10.5,0.5,0.25,1,10.0,10.0,10.0,10.0,10.0,0.0,0.0,4,46.0,46.0,46.0,46.0,46.0,0.0,0.0,1,54.5,54.5,54.5,54.5,54.5,0.0,0.0
401411116,2022,regular,4,2022-09-22 23:30:00+00:00,259,Virginia Tech,277,West Virginia,4,2.0,2.125,2.0,2.0,2.5,0.5,0.25,1,3.0,3.0,3.0,3.0,3.0,0.0,0.0,4,49.75,49.75,49.75,49.5,50.0,0.5,0.28867513459481287,1,53.0,53.0,53.0,53.0,53.0,0.0,0.0
401411117,2022,regular,4,2022-09-23 23:00:00+00:00,183,Syracuse,258,Virginia,4,-9.5,-9.625,-9.5,-10.0,-9.5,0.5,0.25,1,-9.5,-9.5,-9.5,-9.5,-9.5,0.0,0.0,4,53.75,53.75,53.75,53.5,54.0,0.5,0.28867513459481287,1,53.5,53.5,53.5,53.5,53.5,0.0,0.0
401411118,2022,regular,4,2022-09-25 00:00:00+00:00,52,Florida State,103,Boston College,4,-18.5,-18.5,-18.5,-18.5,-18.5,0.0,0.0,1,-16.5,-16.5,-16.5,-16.5,-16.5,0.0,0.0,4,48.5,48.625,48.5,48.5,49.0,0.5,0.25,1,48.5,48.5,48.5,48.5,48.5,0.0,0.0
401411119,2022,regular,4,2022-09-24 16:00:00+00:00,97,Louisville,58,South Florida,4,-15.5,-15.5,-15.5,-15.5,-15.5,0.0,0.0,1,-13.0,-13.0,-13.0,-13.0,-13.0,0.0,0.0,4,63.5,63.375,63.5,63.0,63.5,0.5,0.25,1,64.0,64.0,64.0,64.0,64.0,0.0,0.0
401411121,2022,regular,4,2022-09-24 16:00:00+00:00,221,Pittsburgh,227,Rhode Island,2,-32.5,-32.5,-32.5,-32.5,-32.5,0.0,0.0,0,,,,,,,,2,55.0,55.0,55.0,55.0,55.0,0.0,0.0,0,,,,,,,
401411122,2022,regular,4,2022-09-24 20:00:00+00:00,2116,UCF,59,Georgia Tech,4,-21.0,-21.125,-21.0,-21.5,-21.0,0.5,0.25,1,-18.0,-18.0,-18.0,-18.0,-18.0,0.0,0.0,4,56.5,56.5,56.5,56.5,56.5,0.0,0.0,1,57.5,57.5,57.5,57.5,57.5,0.0,0.0
401411123,2022,regular,4,2022-09-24 16:00:00+00:00,154,Wake Forest,228,Clemson,4,7.5,7.625,7.5,7.5,8.0,0.5,0.25,1,7.0,7.0,7.0,7.0,7.0,0.0,0.0,4,58.0,58.0,58.0,58.0,58.0,0.0,0.0,1,56.5,56.5,56.5,56.5,56.5,0.0,0.0
401411124,2022,regular,5,2022-10-01 16:00:00+00:00,103,Boston College,97,Louisville,4,13.5,13.375,13.5,13.0,13.5,0.5,0.25,1,16.0,16.0,16.0,16.0,16.0,0.0,0.0,4,48.25,48.25,48.25,48.0,48.5,0.5,0.28867513459481287,1,51.0,51.0,51.0,51.0,51.0,0.0,0.0
401411125,2022,regular,5,2022-10-01 23:30:00+00:00,228,Clemson,152,NC State,4,-6.5,-6.5,-6.5,-6.5,-6.5,0.0,0.0,1,-7.0,-7.0,-7.0,-7.0,-7.0,0.0,0.0,4,45.75,45.75,45.75,45.5,46.0,0.5,0.28867513459481287,1,46.0,46.0,46.0,46.0,46.0,0.0,0.0
401411126,2022,regular,5,2022-10-01 23:30:00+00:00,150,Duke,258,Virginia,4,-2.0,-2.0,-2.0,-2.0,-2.0,0.0,0.0,1,-1.5,-1.5,-1.5,-1.5,-1.5,0.0,0.0,4,55.0,55.0,55.0,55.0,55.0,0.0,0.0,1,56.0,56.0,56.0,56.0,56.0,0.0,0.0
401411127,2022,regular,5,2022-10-01 19:30:00+00:00,52,Florida State,154,Wake Forest,4,-6.0,-5.875,-6.0,-6.0,-5.5,0.5,0.25,1,-6.0,-6.0,-6.0,-6.0,-6.0,0.0,0.0,4,67.5,67.5,67.5,67.0,68.0,1.0,0.408248290463863,1,66.0,66.0,66.0,66.0,66.0,0.0,0.0
401411128,2022,regular,5,2022-10-01 19:30:00+00:00,153,North Carolina,259,Virginia Tech,4,-9.5,-9.5,-9.5,-9.5,-9.5,0.0,0.0,1,-8.5,-8.5,-8.5,-8.5,-8.5,0.0,0.0,4,57.25,57.375,57.25,57.0,58.0,1.0,0.47871355387816905,1,57.0,57.0,57.0,57.0,57.0,0.0,0.0
401411129,2022,regular,5,2022-10-02 00:00:00+00:00,221,Pittsburgh,59,Georgia Tech,4,-21.5,-21.5,-21.5,-21.5,-21.5,0.0,0.0,1,-20.0,-20.0,-20.0,-20.0,-20.0,0.0,0.0,4,47.0,47.0,47.0,47.0,47.0,0.0,0.0,1,50.5,50.5,50.5,50.5,50.5,0.0,0.0
401411130,2022,regular,5,2022-10-01 21:00:00+00:00,183,Syracuse,2681,Wagner,2,-54.0,-54.0,-54.0,-54.0,-54.0,0.0,0.0,0,,,,,,,,2,63.0,63.0,63.0,62.5,63.5,1.0,0.7071067811865476,0,,,,,,,
401411131,2022,regular,6,2022-10-08 23:30:00+00:00,103,Boston College,228,Clemson,4,21.0,21.0,21.0,21.0,21.0,0.0,0.0,1,20.5,20.5,20.5,20.5,20.5,0.0,0.0,4,48.75,48.75,48.75,48.5,49.0,0.5,0.28867513459481287,1,50.0,50.0,50.0,50.0,50.0,0.0,0.0
401411132,2022,regular,6,2022-10-08 20:00:00+00:00,59,Georgia Tech,150,Duke,4,3.5,3.5,3.5,3.5,3.5,0.0,0.0,1,3.5,3.5,3.5,3.5,3.5,0.0,0.0,4,54.0,54.0,54.0,54.0,54.0,0.0,0.0,1,55.5,55.5,55.5,55.5,55.5,0.0,0.0
401411133,2022,regular,6,2022-10-08 20:00:00+00:00,2390,Miami,153,North Carolina,4,-4.0,-4.0,-4.0,-4.0,-4.0,0.0,0.0,1,-3.0,-3.0,-3.0,-3.0,-3.0,0.0,0.0,4,67.5,67.625,67.5,67.5,68.0,0.5,0.25,1,66.0,66.0,66.0,66.0,66.0,0.0,0.0
401411134,2022,regular,6,2022-10-09 00:00:00+00:00,152,NC State,52,Florida State,4,-3.5,-3.5,-3.5,-3.5,-3.5,0.0,0.0,1,-3.5,-3.5,-3.5,-3.5,-3.5,0.0,0.0,4,50.5,50.375,50.5,50.0,50.5,0.5,0.25,1,52.0,52.0,52.0,52.0,52.0,0.0,0.0
401411135,2022,regular,6,2022-10-08 19:30:00+00:00,221,Pittsburgh,259,Virginia Tech,4,-14.5,-14.5,-14.5,-14.5,-14.5,0.0,0.0,1,-14.5,-14.5,-14.5,-14.5,-14.5,0.0,0.0,4,42.0,42.0,42.0,42.0,42.0,0.0,0.0,1,44.5,44.5,44.5,44.5,44.5,0.0,0.0
401411136,2022,regular,6,2022-10-08 16:00:00+00:00,258,Virginia,97,Louisville,4,-1.5,-1.5,-1.5,-1.5,-1.5,0.0,0.0,1,4.5,4.5,4.5,4.5,4.5,0.0,0.0,4,47.5,47.5,47.5,47.5,47.5,0.0,0.0,1,51.5,51.5,51.5,51.5,51.5,0.0,0.0
401411137,2022,regular,7,2022-10-16 00:00:00+00:00,150,Duke,153,North Carolina,4,7.0,6.875,7.0,6.5,7.0,0.5,0.25,1,6.0,6.0,6.0,6.0,6.0,0.0,0.0,4,70.0,69.75,70.0,69.0,70.0,1.0,0.5,1,67.5,67.5,67.5,67.5,67.5,0.0,0.0
401411138,2022,regular,7,2022-10-15 23:30:00+00:00,52,Florida State,228,Clemson,4,4.5,4.5,4.5,4.5,4.5,0.0,0.0,1,4.0,4.0,4.0,4.0,4.0,0.0,0.0,4,51.0,51.0,51.0,51.0,51.0,0.0,0.0,1,51.0,51.0,51.0,51.0,51.0,0.0,0.0
401411139,2022,regular,7,2022-10-15 19:30:00+00:00,183,Syracuse,152,NC State,4,-3.0,-3.0,-3.0,-3.0,-3.0,0.0,0.0,1,-6.0,-6.0,-6.0,-6.0,-6.0,0.0,0.0,4,42.5,42.375,42.5,42.0,42.5,0.5,0.25,1,44.0,44.0,44.0,44.0,44.0,0.0,0.0
401411140,2022,regular,7,2022-10-15 16:30:00+00:00,259,Virginia Tech,2390,Miami,4,9.0,8.875,9.0,8.5,9.0,0.5,0.25,1,7.0,7.0,7.0,7.0,7.0,0.0,0.0,4,48.25,48.25,48.25,48.0,48.5,0.5,0.28867513459481287,1,47.5,47.5,47.5,47.5,47.5,0.0,0.0
401411141,2022,regular,8,2022-10-20 23:30:00+00:00,59,Georgia Tech,258,Virginia,1,-3.5,-3.5,-3.5,-3.5,-3.5,0.0,0.0,1,-3.5,-3.5,-3.5,-3.5,-3.5,0.0,0.0,1,48.0,48.0,48.0,48.0,48.0,0.0,0.0,1,47.0,47.0,47.0,47.0,47.0,0.0,0.0
401411142,2022,regular,8,2022-10-22 16:00:00+00:00,228,Clemson,183,Syracuse,4,-14.0,-14.0,-14.0,-14.0,-14.0,0.0,0.0,1,-13.0,-13.0,-13.0,-13.0,-13.0,0.0,0.0,4,50.0,50.125,50.0,50.0,50.5,0.5,0.25,1,51.5,51.5,51.5,51.5,51.5,0.0,0.0
401411143,2022,regular,8,2022-10-23 00:00:00+00:00,97,Louisville,221,Pittsburgh,4,-1.5,-1.375,-1.5,-1.5,-1.0,0.5,0.25,1,-1.5,-1.5,-1.5,-1.5,-1.5,0.0,0.0,4,55.0,55.0,55.0,55.0,55.0,0.0,0.0,1,57.0,57.0,57.0,57.0,57.0,0.0,0.0
401411144,2022,regular,8,2022-10-22 16:30:00+00:00,2390,Miami,150,Duke,4,-10.0,-10.0,-10.0,-10.0,-10.0,0.0,0.0,1,-9.0,-9.0,-9.0,-9.0,-9.0,0.0,0.0,4,59.0,59.0,59.0,59.0,59.0,0.0,0.0,1,61.0,61.0,61.0,61.0,61.0,0.0,0.0
401411145,2022,regular,8,2022-10-22 19:30:00+00:00,154,Wake Forest,103,Boston College,4,-20.0,-20.0,-20.0,-20.0,-20.0,0.0,0.0,1,-20.5,-20.5,-20.5,-20.5,-20.5,0.0,0.0,4,60.0,60.0,60.0,60.0,60.0,0.0,0.0,1,61.5,61.5,61.5,61.5,61.5,0.0,0.0
401411146,2022,regular,9,2022-10-27 23:30:00+00:00,152,NC State,259,Virginia Tech,4,-13.25,-13.25,-13.25,-13.5,-13.0,0.5,0.28867513459481287,1,-13.5,-13.5,-13.5,-13.5,-13.5,0.0,0.0,4,39.0,39.0,39.0,39.0,39.0,0.0,0.0,1,40.0,40.0,40.0,40.0,40.0,0.0,0.0
401411147,2022,regular,9,2022-10-29 16:00:00+00:00,52,Florida State,59,Georgia Tech,4,-23.5,-23.625,-23.5,-24.0,-23.5,0.5,0.25,1,-20.5,-20.5,-20.5,-20.5,-20.5,0.0,0.0,4,48.0,48.0,48.0,48.0,48.0,0.0,0.0,1,48.0,48.0,48.0,48.0,48.0,0.0,0.0
401411148,2022,regular,9,2022-10-29 19:30:00+00:00,97,Louisville,154,Wake Forest,4,3.0,3.0,3.0,3.0,3.0,0.0,0.0,1,5.0,5.0,5.0,5.0,5.0,0.0,0.0,4,66.25,66.25,66.25,66.0,66.5,0.5,0.28867513459481287,1,62.5,62.5,62.5,62.5,62.5,0.0,0.0
401411149,2022,regular,9,2022-10-30 00:00:00+00:00,153,North Carolina,221,Pittsburgh,4,-2.5,-2.625,-2.5,-3.0,-2.5,0.5,0.25,1,-4.0,-4.0,-4.0,-4.0,-4.0,0.0,0.0,4,65.5,65.5,65.5,65.5,65.5,0.0,0.0,1,64.0,64.0,64.0,64.0,64.0,0.0,0.0
401411150,2022,regular,9,2022-10-29 16:30:00+00:00,258,Virginia,2390,Miami,4,3.0,3.0,3.0,3.0,3.0,0.0,0.0,1,2.5,2.5,2.5,2.5,2.5,0.0,0.0,4,48.5,48.5,48.5,48.5,48.5,0.0,0.0,1,47.5,47.5,47.5,47.5,47.5,0.0,0.0
401411151,2022,regular,10,2022-11-04 23:00:00+00:00,103,Boston College,150,Duke,4,12.0,12.0,12.0,11.5,12.5,1.0,0.5773502691896257,1,9.5,9.5,9.5,9.5,9.5,0.0,0.0,4,47.25,47.25,47.25,47.0,47.5,0.5,0.28867513459481287,1,48.5,48.5,48.5,48.5,48.5,0.0,0.0
401411152,2022,regular,10,2022-11-05 23:30:00+00:00,97,Louisville,256,James Madison,4,-6.5,-6.5,-6.5,-6.5,-6.5,0.0,0.0,1,-8.5,-8.5,-8.5,-8.5,-8.5,0.0,0.0,4,53.5,53.375,53.5,53.0,53.5,0.5,0.25,1,55.0,55.0,55.0,55.0,55.0,0.0,0.0
401411153,2022,regular,10,2022-11-05 23:30:00+00:00,2390,Miami,52,Florida State,4,6.5,6.5,6.5,6.5,6.5,0.0,0.0,1,8.5,8.5,8.5,8.5,8.5,0.0,0.0,4,54.0,54.0,54.0,54.0,54.0,0.0,0.0,1,53.0,53.0,53.0,53.0,53.0,0.0,0.0
401411154,2022,regular,10,2022-11-06 00:00:00+00:00,152,NC State,154,Wake Forest,4,3.0,3.0,3.0,3.0,3.0,0.0,0.0,1,3.5,3.5,3.5,3.5,3.5,0.0,0.0,4,54.0,54.0,54.0,54.0,54.0,0.0,0.0,1,54.0,54.0,54.0,54.0,54.0,0.0,0.0
401411155,2022,regular,10,2022-11-05 19:30:00+00:00,221,Pittsburgh,183,Syracuse,4,-3.5,-3.5,-3.5,-3.5,-3.5,0.0,0.0,1,-3.5,-3.5,-3.5,-3.5,-3.5,0.0,0.0,4,47.5,47.5,47.5,47.5,47.5,0.0,0.0,1,50.5,50.5,50.5,50.5,50.5,0.0,0.0
401411156,2022,regular,10,2022-11-05 16:00:00+00:00,258,Virginia,153,North Carolina,4,7.25,7.25,7.25,7.0,7.5,0.5,0.28867513459481287,1,9.5,9.5,9.5,9.5,9.5,0.0,0.0,4,61.5,61.5,61.5,61.5,61.5,0.0,0.0,1,59.5,59.5,59.5,59.5,59.5,0.0,0.0
401411157,2022,regular,10,2022-11-05 16:30:00+00:00,259,Virginia Tech,59,Georgia Tech,4,-4.0,-4.125,-4.0,-4.5,-4.0,0.5,0.25,1,-4.0,-4.0,-4.0,-4.0,-4.0,0.0,0.0,4,40.5,40.5,40.5,40.5,40.5,0.0,0.0,1,41.5,41.5,41.5,41.5,41.5,0.0,0.0
401411158,2022,regular,11,2022-11-12 20:30:00+00:00,228,Clemson,97,Louisville,4,-7.0,-7.0,-7.0,-7.0,-7.0,0.0,0.0,1,-7.0,-7.0,-7.0,-7.0,-7.0,0.0,0.0,4,52.0,51.875,52.0,51.5,52.0,0.5,0.25,1,52.0,52.0,52.0,52.0,52.0,0.0,0.0
401411159,2022,regular,11,2022-11-12 17:00:00+00:00,150,Duke,259,Virginia Tech,4,-10.0,-10.0,-10.0,-10.0,-10.0,0.0,0.0,1,-10.0,-10.0,-10.0,-10.0,-10.0,0.0,0.0,4,50.0,49.875,50.0,49.5,50.0,0.5,0.25,1,50.5,50.5,50.5,50.5,50.5,0.0,0.0
401411160,2022,regular,11,2022-11-12 20:30:00+00:00,59,Georgia Tech,2390,Miami,4,-2.0,-2.0,-2.0,-2.0,-2.0,0.0,0.0,1,-1.5,-1.5,-1.5,-1.5,-1.5,0.0,0.0,4,43.5,43.5,43.5,43.5,43.5,0.0,0.0,1,45.0,45.0,45.0,45.0,45.0,0.0,0.0
401411161,2022,regular,11,2022-11-12 20:30:00+00:00,152,NC State,103,Boston College,4,-18.0,-18.125,-18.0,-18.5,-18.0,0.5,0.25,1,-19.0,-19.0,-19.0,-19.0,-19.0,0.0,0.0,4,41.0,41.0,41.0,41.0,41.0,0.0,0.0,1,42.0,42.0,42.0,42.0,42.0,0.0,0.0
401411162,2022,regular,11,2022-11-13 01:00:00+00:00,183,Syracuse,52,Florida State,4,7.0,7.125,7.0,7.0,7.5,0.5,0.25,1,6.5,6.5,6.5,6.5,6.5,0.0,0.0,4,51.25,51.25,51.25,51.0,51.5,0.5,0.28867513459481287,1,51.5,51.5,51.5,51.5,51.5,0.0,0.0
401411163,2022,regular,11,2022-11-12 17:00:00+00:00,258,Virginia,221,Pittsburgh,4,5.5,5.5,5.5,5.5,5.5,0.0,0.0,1,4.5,4.5,4.5,4.5,4.5,0.0,0.0,4,41.5,41.5,41.5,41.5,41.5,0.0,0.0,1,41.5,41.5,41.5,41.5,41.5,0.0,0.0
401411164,2022,regular,11,2022-11-13 00:30:00+00:00,154,Wake Forest,153,North Carolina,4,-4.5,-4.5,-4.5,-4.5,-4.5,0.0,0.0,1,-3.5,-3.5,-3.5,-3.5,-3.5,0.0,0.0,4,79.0,79.125,79.0,79.0,79.5,0.5,0.25,1,76.0,76.0,76.0,76.0,76.0,0.0,0.0
401411165,2022,regular,12,2022-11-19 20:30:00+00:00,228,Clemson,2390,Miami,4,-19.0,-18.875,-19.0,-19.0,-18.5,0.5,0.25,1,-19.5,-19.5,-19.5,-19.5,-19.5,0.0,0.0,4,47.5,47.5,47.5,47.5,47.5,0.0,0.0,1,46.5,46.5,46.5,46.5,46.5,0.0,0.0
401411166,2022,regular,12,2022-11-19 17:00:00+00:00,52,Florida State,309,Louisiana,4,-25.0,-25.0,-25.0,-25.0,-25.0,0.0,0.0,1,-23.5,-23.5,-23.5,-23.5,-23.5,0.0,0.0,4,52.5,52.375,52.5,52.0,52.5,0.5,0.25,1,52.5,52.5,52.5,52.5,52.5,0.0,0.0
401411167,2022,regular,12,2022-11-19 20:30:00+00:00,97,Louisville,152,NC State,4,-4.0,-4.0,-4.0,-4.0,-4.0,0.0,0.0,1,-5.5,-5.5,-5.5,-5.5,-5.5,0.0,0.0,4,43.0,43.0,43.0,43.0,43.0,0.0,0.0,1,47.0,47.0,47.0,47.0,47.0,0.0,0.0
401411168,2022,regular,12,2022-11-19 22:30:00+00:00,153,North Carolina,59,Georgia Tech,4,-21.25,-21.25,-21.25,-21.5,-21.0,0.5,0.28867513459481287,1,-20.0,-20.0,-20.0,-20.0,-20.0,0.0,0.0,4,63.0,63.125,63.0,63.0,63.5,0.5,0.25,1,63.5,63.5,63.5,63.5,63.5,0.0,0.0
401411169,2022,regular,12,2022-11-19 17:00:00+00:00,221,Pittsburgh,150,Duke,4,-6.5,-6.625,-6.5,-7.0,-6.5,0.5,0.25,1,-8.0,-8.0,-8.0,-8.0,-8.0,0.0,0.0,4,49.0,49.0,49.0,49.0,49.0,0.0,0.0,1,54.5,54.5,54.5,54.5,54.5,0.0,0.0
401411171,2022,regular,12,2022-11-20 01:00:00+00:00,154,Wake Forest,183,Syracuse,4,-9.5,-9.5,-9.5,-9.5,-9.5,0.0,0.0,1,-10.0,-10.0,-10.0,-10.0,-10.0,0.0,0.0,4,58.5,58.625,58.5,58.5,59.0,0.5,0.25,1,55.5,55.5,55.5,55.5,55.5,0.0,0.0
401411172,2022,regular,13,2022-11-25 20:30:00+00:00,153,North Carolina,152,NC State,4,-6.5,-6.125,-6.5,-6.5,-5.0,1.5,0.75,1,-6.0,-6.0,-6.0,-6.0,-6.0,0.0,0.0,4,56.0,56.125,56.0,56.0,56.5,0.5,0.25,1,56.5,56.5,56.5,56.5,56.5,0.0,0.0
401411173,2022,regular,13,2022-11-27 00:30:00+00:00,103,Boston College,183,Syracuse,4,10.5,10.375,10.5,10.0,10.5,0.5,0.25,1,10.0,10.0,10.0,10.0,10.0,0.0,0.0,4,47.0,47.0,47.0,47.0,47.0,0.0,0.0,1,47.0,47.0,47.0,47.0,47.0,0.0,0.0
401411174,2022,regular,13,2022-11-26 20:30:00+00:00,150,Duke,154,Wake Forest,4,3.0,3.0,3.0,3.0,3.0,0.0,0.0,1,3.0,3.0,3.0,3.0,3.0,0.0,0.0,4,67.5,67.375,67.5,67.0,67.5,0.5,0.25,1,66.5,66.5,66.5,66.5,66.5,0.0,0.0
401411175,2022,regular,13,2022-11-27 01:00:00+00:00,2390,Miami,221,Pittsburgh,4,4.25,4.5,4.25,4.0,5.5,1.5,0.7071067811865476,1,5.5,5.5,5.5,5.5,5.5,0.0,0.0,4,44.0,43.75,44.0,43.0,44.0,1.0,0.5,1,43.5,43.5,43.5,43.5,43.5,0.0,0.0
401413203,2022,regular,1,2022-09-03 22:00:00+00:00,236,Chattanooga,2747,Wofford,2,-18.75,-18.75,-18.75,-19.0,-18.5,0.5,0.3535533905932738,0,,,,,,,,2,42.0,42.0,42.0,42.0,42.0,0.0,0.0,0,,,,,,,
401413206,2022,regular,5,2022-10-01 17:30:00+00:00,2747,Wofford,2382,Mercer,2,15.25,15.25,15.25,15.0,15.5,0.5,0.3535533905932738,0,,,,,,,,2,45.5,45.5,45.5,45.5,45.5,0.0,0.0,0,,,,,,,
401413207,2022,regular,6,2022-10-08 17:00:00+00:00,2535,Samford,2747,Wofford,2,-20.0,-20.0,-20.0,-20.0,-20.0,0.0,0.0,0,,,,,,,,2,51.0,51.0,51.0,51.0,51.0,0.0,0.0,0,,,,,,,
401413208,2022,regular,7,2022-10-15 17:30:00+00:00,2747,Wofford,2643,The Citadel,2,-3.5,-3.5,-3.5,-3.5,-3.5,0.0,0.0,0,,,,,,,,2,33.5,33.5,33.5,33.5,33.5,0.0,0.0,0,,,,,,,
401413209,2022,regular,9,2022-10-29 17:30:00+00:00,2747,Wofford,2193,East Tennessee State,2,7.5,7.5,7.5,7.5,7.5,0.0,0.0,0,,,,,,,,2,51.0,51.0,51.0,51.0,51.0,0.0,0.0,0,,,,,,,
401413210,2022,regular,10,2022-11-05 18:00:00+00:00,2717,Western Carolina,2747,Wofford,1,-10.0,-10.0,-10.0,-10.0,-10.0,0.0,0.0,0,,,,,,,,1,60.0,60.0,60.0,60.0,60.0,0.0,0.0,0,,,,,,,
401413211,2022,regular,11,2022-11-12 18:30:00+00:00,2747,Wofford,2678,VMI,1,-9.0,-9.0,-9.0,-9.0,-9.0,0.0,0.0,0,,,,,,,,1,49.5,49.5,49.5,49.5,49.5,0.0,0.0,0,,,,,,,
401413212,2022,regular,12,2022-11-19 17:00:00+00:00,231,Furman,2747,Wofford,2,-18.25,-18.25,-18.25,-19.5,-17.0,2.5,1.7677669529663689,0,,,,,,,,2,46.5,46.5,46.5,46.5,46.5,0.0,0.0,0,,,,,,,
401413213,2022,regular,1,2022-08-27 19:30:00+00:00,55,Jacksonville State,2617,Stephen F. Austin,3,7.5,7.666666666666667,7.5,7.5,8.0,0.5,0.28867513459481287,1,6.5,6.5,6.5,6.5,6.5,0.0,0.0,3,55.5,55.333333333333336,55.5,55.0,55.5,0.5,0.28867513459481287,1,51.0,51.0,51.0,51.0,51.0,0.0,0.0
401413214,2022,regular,1,2022-09-03 18:00:00+00:00,55,Jacksonville State,2166,Davidson,1,-26.5,-26.5,-26.5,-26.5,-26.5,0.0,0.0,0,,,,,,,,1,61.5,61.5,61.5,61.5,61.5,0.0,0.0,0,,,,,,,
401413216,2022,regular,3,2022-09-17 23:00:00+00:00,202,Tulsa,55,Jacksonville State,2,-12.0,-12.0,-12.0,-12.0,-12.0,0.0,0.0,0,,,,,,,,2,64.0,64.0,64.0,64.0,64.0,0.0,0.0,0,,,,,,,
401413217,2022,regular,4,2022-09-24 20:00:00+00:00,2447,Nicholls,55,Jacksonville State,2,8.75,8.75,8.75,8.5,9.0,0.5,0.3535533905932738,0,,,,,,,,2,57.0,57.0,57.0,57.0,57.0,0.0,0.0,0,,,,,,,
401413219,2022,regular,7,2022-10-15 23:00:00+00:00,2453,North Alabama,55,Jacksonville State,2,15.5,15.5,15.5,15.5,15.5,0.0,0.0,0,,,,,,,,2,60.5,60.5,60.5,60.5,60.5,0.0,0.0,0,,,,,,,
401413220,2022,regular,8,2022-10-22 18:00:00+00:00,55,Jacksonville State,2545,SE Louisiana,2,-7.5,-7.5,-7.5,-7.5,-7.5,0.0,0.0,0,,,,,,,,2,64.0,64.0,64.0,64.0,64.0,0.0,0.0,0,,,,,,,
401413221,2022,regular,9,2022-10-29 20:00:00+00:00,2046,Austin Peay,55,Jacksonville State,2,-4.5,-4.5,-4.5,-4.5,-4.5,0.0,0.0,0,,,,,,,,2,58.75,58.75,58.75,58.5,59.0,0.5,0.3535533905932738,0,,,,,,,
401413222,2022,regular,11,2022-11-12 19:00:00+00:00,55,Jacksonville State,2198,Eastern Kentucky,1,-4.0,-4.0,-4.0,-4.0,-4.0,0.0,0.0,0,,,,,,,,1,63.5,63.5,63.5,63.5,63.5,0.0,0.0,0,,,,,,,
401413223,2022,regular,12,2022-11-19 22:00:00+00:00,2110,Central Arkansas,55,Jacksonville State,2,3.5,3.5,3.5,3.5,3.5,0.0,0.0,0,,,,,,,,2,63.0,63.0,63.0,63.0,63.0,0.0,0.0,0,,,,,,,
401413224,2022,regular,1,2022-09-02 02:30:00+00:00,278,Fresno State,13,Cal Poly,3,-42.5,-42.5,-42.5,-43.0,-42.0,1.0,0.5,1,-41.0,-41.0,-41.0,-41.0,-41.0,0.0,0.0,3,63.0,63.0,63.0,63.0,63.0,0.0,0.0,1,59.5,59.5,59.5,59.5,59.5,0.0,0.0
401413226,2022,regular,3,2022-09-17 18:00:00+00:00,233,South Dakota,13,Cal Poly,2,-18.0,-18.0,-18.0,-18.0,-18.0,0.0,0.0,0,,,,,,,,2,50.0,50.0,50.0,49.5,50.5,1.0,0.7071067811865476,0,,,,,,,
401413227,2022,regular,5,2022-10-02 00:00:00+00:00,13,Cal Poly,16,Sacramento State,2,25.0,25.0,25.0,25.0,25.0,0.0,0.0,0,,,,,,,,2,62.0,62.0,62.0,62.0,62.0,0.0,0.0,0,,,,,,,
401413228,2022,regular,6,2022-10-08 20:00:00+00:00,2464,Northern Arizona,13,Cal Poly,1,-10.5,-10.5,-10.5,-10.5,-10.5,0.0,0.0,0,,,,,,,,1,55.0,55.0,55.0,55.0,55.0,0.0,0.0,0,,,,,,,
401413229,2022,regular,7,2022-10-15 19:00:00+00:00,304,Idaho State,13,Cal Poly,2,3.5,3.5,3.5,3.5,3.5,0.0,0.0,0,,,,,,,,2,56.0,56.0,56.0,56.0,56.0,0.0,0.0,0,,,,,,,
401413230,2022,regular,8,2022-10-23 00:00:00+00:00,13,Cal Poly,331,Eastern Washington,2,10.0,10.0,10.0,10.0,10.0,0.0,0.0,0,,,,,,,,2,75.5,75.5,75.5,75.5,75.5,0.0,0.0,0,,,,,,,
401413231,2022,regular,9,2022-10-29 23:00:00+00:00,302,UC Davis,13,Cal Poly,2,-24.5,-24.5,-24.5,-24.5,-24.5,0.0,0.0,0,,,,,,,,2,60.5,60.5,60.5,60.5,60.5,0.0,0.0,0,,,,,,,
401413232,2022,regular,10,2022-11-06 00:00:00+00:00,149,Montana,13,Cal Poly,2,-31.0,-31.0,-31.0,-31.5,-30.5,1.0,0.7071067811865476,0,,,,,,,,2,54.5,54.5,54.5,54.5,54.5,0.0,0.0,0,,,,,,,
401413233,2022,regular,11,2022-11-13 01:00:00+00:00,13,Cal Poly,147,Montana State,1,25.5,25.5,25.5,25.5,25.5,0.0,0.0,0,,,,,,,,1,68.0,68.0,68.0,68.0,68.0,0.0,0.0,0,,,,,,,
401413234,2022,regular,12,2022-11-20 01:00:00+00:00,13,Cal Poly,2502,Portland State,2,10.5,10.5,10.5,10.5,10.5,0.0,0.0,0,,,,,,,,2,64.0,64.0,64.0,64.0,64.0,0.0,0.0,0,,,,,,,
401413236,2022,regular,1,2022-09-03 20:00:00+00:00,331,Eastern Washington,2634,Tennessee State,1,-22.5,-22.5,-22.5,-22.5,-22.5,0.0,0.0,0,,,,,,,,1,62.5,62.5,62.5,62.5,62.5,0.0,0.0,0,,,,,,,
401413237,2022,regular,4,2022-09-24 20:00:00+00:00,331,Eastern Washington,147,Montana State,2,6.0,6.0,6.0,6.0,6.0,0.0,0.0,0,,,,,,,,2,70.0,70.0,70.0,70.0,70.0,0.0,0.0,0,,,,,,,
401413238,2022,regular,6,2022-10-09 00:00:00+00:00,2692,Weber State,331,Eastern Washington,2,-16.0,-16.0,-16.0,-16.0,-16.0,0.0,0.0,0,,,,,,,,2,66.5,66.5,66.5,66.5,66.5,0.0,0.0,0,,,,,,,
401413239,2022,regular,7,2022-10-15 23:00:00+00:00,331,Eastern Washington,16,Sacramento State,2,14.5,14.5,14.5,14.5,14.5,0.0,0.0,0,,,,,,,,2,75.0,75.0,75.0,75.0,75.0,0.0,0.0,0,,,,,,,
401413240,2022,regular,9,2022-10-29 20:00:00+00:00,331,Eastern Washington,2502,Portland State,1,-10.5,-10.5,-10.5,-10.5,-10.5,0.0,0.0,0,,,,,,,,1,66.0,66.0,66.0,66.0,66.0,0.0,0.0,0,,,,,,,
401413241,2022,regular,10,2022-11-05 19:00:00+00:00,70,Idaho,331,Eastern Washington,1,-17.0,-17.0,-17.0,-17.0,-17.0,0.0,0.0,0,,,,,,,,1,67.0,67.0,67.0,67.0,67.0,0.0,0.0,0,,,,,,,
401413242,2022,regular,11,2022-11-12 20:00:00+00:00,149,Montana,331,Eastern Washington,1,-24.0,-24.0,-24.0,-24.0,-24.0,0.0,0.0,0,,,,,,,,1,62.5,62.5,62.5,62.5,62.5,0.0,0.0,0,,,,,,,
401413243,2022,regular,12,2022-11-19 21:00:00+00:00,331,Eastern Washington,2458,Northern Colorado,2,-10.5,-10.5,-10.5,-10.5,-10.5,0.0,0.0,0,,,,,,,,2,66.0,66.0,66.0,66.0,66.0,0.0,0.0,0,,,,,,,
401413246,2022,regular,3,2022-09-17 19:00:00+00:00,70,Idaho,2181,Drake,2,-31.0,-31.0,-31.0,-31.0,-31.0,0.0,0.0,0,,,,,,,,2,48.0,48.0,48.0,48.0,48.0,0.0,0.0,0,,,,,,,
401413247,2022,regular,4,2022-09-24 20:00:00+00:00,2464,Northern Arizona,70,Idaho,1,-2.5,-2.5,-2.5,-2.5,-2.5,0.0,0.0,0,,,,,,,,1,48.5,48.5,48.5,48.5,48.5,0.0,0.0,0,,,,,,,
401413248,2022,regular,5,2022-10-02 01:00:00+00:00,70,Idaho,2458,Northern Colorado,2,-15.5,-15.5,-15.5,-15.5,-15.5,0.0,0.0,0,,,,,,,,2,52.0,52.0,52.0,52.0,52.0,0.0,0.0,0,,,,,,,
401413249,2022,regular,7,2022-10-15 19:00:00+00:00,149,Montana,70,Idaho,1,-17.5,-17.5,-17.5,-17.5,-17.5,0.0,0.0,0,,,,,,,,1,51.5,51.5,51.5,51.5,51.5,0.0,0.0,0,,,,,,,
401413250,2022,regular,8,2022-10-22 19:00:00+00:00,70,Idaho,2502,Portland State,2,-12.25,-12.25,-12.25,-12.5,-12.0,0.5,0.3535533905932738,0,,,,,,,,2,57.5,57.5,57.5,57.5,57.5,0.0,0.0,0,,,,,,,
401413251,2022,regular,9,2022-10-30 01:00:00+00:00,16,Sacramento State,70,Idaho,2,-13.75,-13.75,-13.75,-14.0,-13.5,0.5,0.3535533905932738,0,,,,,,,,2,62.5,62.5,62.5,62.5,62.5,0.0,0.0,0,,,,,,,
401413252,2022,regular,11,2022-11-13 00:00:00+00:00,70,Idaho,302,UC Davis,2,-2.75,-2.75,-2.75,-3.0,-2.5,0.5,0.3535533905932738,0,,,,,,,,2,59.0,59.0,59.0,59.0,59.0,0.0,0.0,0,,,,,,,
401413253,2022,regular,12,2022-11-19 20:00:00+00:00,304,Idaho State,70,Idaho,1,24.5,24.5,24.5,24.5,24.5,0.0,0.0,0,,,,,,,,1,56.0,56.0,56.0,56.0,56.0,0.0,0.0,0,,,,,,,
401413256,2022,regular,1,2022-08-27 19:30:00+00:00,2439,UNLV,304,Idaho State,3,-22.5,-22.666666666666668,-22.5,-23.0,-22.5,0.5,0.28867513459481287,1,-23.5,-23.5,-23.5,-23.5,-23.5,0.0,0.0,3,51.0,50.666666666666664,51.0,50.0,51.0,1.0,0.5773502691896257,1,52.5,52.5,52.5,52.5,52.5,0.0,0.0
401413257,2022,regular,2,2022-09-11 00:00:00+00:00,21,San Diego State,304,Idaho State,2,-33.25,-33.25,-33.25,-33.5,-33.0,0.5,0.3535533905932738,0,,,,,,,,2,50.5,50.5,50.5,50.5,50.5,0.0,0.0,0,,,,,,,
401413258,2022,regular,3,2022-09-17 19:00:00+00:00,304,Idaho State,2110,Central Arkansas,1,7.0,7.0,7.0,7.0,7.0,0.0,0.0,0,,,,,,,,1,54.5,54.5,54.5,54.5,54.5,0.0,0.0,0,,,,,,,
401413259,2022,regular,4,2022-09-24 19:00:00+00:00,2458,Northern Colorado,304,Idaho State,2,-3.5,-3.5,-3.5,-3.5,-3.5,0.0,0.0,0,,,,,,,,2,54.0,54.0,54.0,54.0,54.0,0.0,0.0,0,,,,,,,
401413260,2022,regular,5,2022-10-01 19:00:00+00:00,304,Idaho State,149,Montana,2,33.0,33.0,33.0,33.0,33.0,0.0,0.0,0,,,,,,,,2,53.0,53.0,53.0,53.0,53.0,0.0,0.0,0,,,,,,,
401413261,2022,regular,6,2022-10-08 20:00:00+00:00,147,Montana State,304,Idaho State,2,-25.5,-25.5,-25.5,-25.5,-25.5,0.0,0.0,0,,,,,,,,2,59.0,59.0,59.0,59.0,59.0,0.0,0.0,0,,,,,,,
401413262,2022,regular,8,2022-10-22 19:00:00+00:00,304,Idaho State,2464,Northern Arizona,2,3.5,3.5,3.5,3.5,3.5,0.0,0.0,0,,,,,,,,2,53.0,53.0,53.0,52.0,54.0,2.0,1.4142135623730951,0,,,,,,,
401413263,2022,regular,10,2022-11-05 23:00:00+00:00,302,UC Davis,304,Idaho State,2,-28.0,-28.0,-28.0,-28.0,-28.0,0.0,0.0,0,,,,,,,,2,56.0,56.0,56.0,56.0,56.0,0.0,0.0,0,,,,,,,
401413264,2022,regular,11,2022-11-12 20:00:00+00:00,2692,Weber State,304,Idaho State,1,-32.0,-32.0,-32.0,-32.0,-32.0,0.0,0.0,0,,,,,,,,1,49.5,49.5,49.5,49.5,49.5,0.0,0.0,0,,,,,,,
401413333,2022,regular,1,2022-09-03 19:00:00+00:00,149,Montana,2466,Northwestern State,2,-33.5,-33.5,-33.5,-33.5,-33.5,0.0,0.0,0,,,,,,,,2,47.5,47.5,47.5,47.5,47.5,0.0,0.0,0,,,,,,,
401413335,2022,regular,3,2022-09-17 17:00:00+00:00,282,Indiana State,149,Montana,3,24.5,24.666666666666668,24.5,24.5,25.0,0.5,0.28867513459481287,1,25.0,25.0,25.0,25.0,25.0,0.0,0.0,3,39.0,39.333333333333336,39.0,39.0,40.0,1.0,0.5773502691896257,1,39.0,39.0,39.0,39.0,39.0,0.0,0.0
401413336,2022,regular,4,2022-09-24 20:00:00+00:00,149,Montana,2502,Portland State,1,-22.5,-22.5,-22.5,-22.5,-22.5,0.0,0.0,0,,,,,,,,1,49.5,49.5,49.5,49.5,49.5,0.0,0.0,0,,,,,,,
401413337,2022,regular,8,2022-10-23 03:00:00+00:00,16,Sacramento State,149,Montana,2,-5.0,-5.0,-5.0,-5.0,-5.0,0.0,0.0,0,,,,,,,,2,53.25,53.25,53.25,53.0,53.5,0.5,0.3535533905932738,0,,,,,,,
401413338,2022,regular,9,2022-10-29 19:00:00+00:00,2692,Weber State,149,Montana,2,-3.5,-3.5,-3.5,-3.5,-3.5,0.0,0.0,0,,,,,,,,2,48.5,48.5,48.5,48.5,48.5,0.0,0.0,0,,,,,,,
401413339,2022,regular,12,2022-11-19 19:00:00+00:00,147,Montana State,149,Montana,2,1.5,1.5,1.5,1.5,1.5,0.0,0.0,0,,,,,,,,2,58.5,58.5,58.5,58.5,58.5,0.0,0.0,0,,,,,,,
401413340,2022,regular,1,2022-09-04 00:00:00+00:00,147,Montana State,2377,McNeese,1,-19.5,-19.5,-19.5,-19.5,-19.5,0.0,0.0,0,,,,,,,,1,46.0,46.0,46.0,46.0,46.0,0.0,0.0,0,,,,,,,
401413342,2022,regular,5,2022-10-02 02:15:00+00:00,147,Montana State,302,UC Davis,2,-3.5,-3.5,-3.5,-3.5,-3.5,0.0,0.0,0,,,,,,,,2,52.0,52.0,52.0,52.0,52.0,0.0,0.0,0,,,,,,,
401413343,2022,regular,7,2022-10-15 19:00:00+00:00,2458,Northern Colorado,147,Montana State,2,21.75,21.75,21.75,21.5,22.0,0.5,0.3535533905932738,0,,,,,,,,2,62.0,62.0,62.0,62.0,62.0,0.0,0.0,0,,,,,,,
401413344,2022,regular,8,2022-10-22 19:00:00+00:00,147,Montana State,2692,Weber State,2,3.0,3.0,3.0,3.0,3.0,0.0,0.0,0,,,,,,,,2,53.5,53.5,53.5,53.5,53.5,0.0,0.0,0,,,,,,,
401413345,2022,regular,10,2022-11-05 20:00:00+00:00,2464,Northern Arizona,147,Montana State,2,16.0,16.0,16.0,16.0,16.0,0.0,0.0,0,,,,,,,,2,57.0,57.0,57.0,57.0,57.0,0.0,0.0,0,,,,,,,
401414778,2022,regular,1,2022-09-03 23:00:00+00:00,2655,Tulane,113,Massachusetts,4,-28.5,-28.5,-28.5,-28.5,-28.5,0.0,0.0,1,-31.0,-31.0,-31.0,-31.0,-31.0,0.0,0.0,4,59.0,58.875,59.0,58.5,59.0,0.5,0.25,1,60.5,60.5,60.5,60.5,60.5,0.0,0.0
401414779,2022,regular,2,2022-09-10 23:00:00+00:00,2649,Toledo,113,Massachusetts,4,-28.0,-28.125,-28.0,-28.5,-28.0,0.5,0.25,1,-30.5,-30.5,-30.5,-30.5,-30.5,0.0,0.0,4,49.0,49.0,49.0,48.5,49.5,1.0,0.408248290463863,1,53.5,53.5,53.5,53.5,53.5,0.0,0.0
401414780,2022,regular,3,2022-09-17 19:30:00+00:00,113,Massachusetts,2619,Stony Brook,3,-1.0,-1.0,-1.0,-1.0,-1.0,0.0,0.0,1,-1.0,-1.0,-1.0,-1.0,-1.0,0.0,0.0,3,44.0,44.166666666666664,44.0,44.0,44.5,0.5,0.28867513459481287,1,44.0,44.0,44.0,44.0,44.0,0.0,0.0
401414781,2022,regular,4,2022-09-24 18:00:00+00:00,218,Temple,113,Massachusetts,4,-10.0,-10.125,-10.0,-10.5,-10.0,0.5,0.25,1,-9.5,-9.5,-9.5,-9.5,-9.5,0.0,0.0,4,44.0,44.0,44.0,44.0,44.0,0.0,0.0,1,44.5,44.5,44.5,44.5,44.5,0.0,0.0
401414782,2022,regular,5,2022-10-01 18:00:00+00:00,2199,Eastern Michigan,113,Massachusetts,4,-20.0,-19.75,-20.0,-20.0,-19.0,1.0,0.5,1,-20.0,-20.0,-20.0,-20.0,-20.0,0.0,0.0,4,53.5,53.375,53.5,53.0,53.5,0.5,0.25,1,56.0,56.0,56.0,56.0,56.0,0.0,0.0
401414783,2022,regular,7,2022-10-15 17:00:00+00:00,113,Massachusetts,2084,Buffalo,4,17.0,16.875,17.0,16.5,17.0,0.5,0.25,1,16.0,16.0,16.0,16.0,16.0,0.0,0.0,4,47.5,47.375,47.5,47.0,47.5,0.5,0.25,1,47.5,47.5,47.5,47.5,47.5,0.0,0.0
401414784,2022,regular,11,2022-11-12 20:00:00+00:00,2032,Arkansas State,113,Massachusetts,4,-17.25,-17.25,-17.25,-17.5,-17.0,0.5,0.28867513459481287,1,-18.0,-18.0,-18.0,-18.0,-18.0,0.0,0.0,4,49.5,49.375,49.5,49.0,49.5,0.5,0.25,1,49.5,49.5,49.5,49.5,49.5,0.0,0.0
401415015,2022,regular,1,2022-09-03 19:30:00+00:00,276,Marshall,2450,Norfolk State,3,-40.5,-40.5,-40.5,-40.5,-40.5,0.0,0.0,1,-40.5,-40.5,-40.5,-40.5,-40.5,0.0,0.0,3,59.0,59.0,59.0,59.0,59.0,0.0,0.0,1,59.0,59.0,59.0,59.0,59.0,0.0,0.0
401415024,2022,regular,2,2022-09-10 22:00:00+00:00,151,East Carolina,295,Old Dominion,4,-13.0,-13.125,-13.0,-13.5,-13.0,0.5,0.25,1,-11.0,-11.0,-11.0,-11.0,-11.0,0.0,0.0,4,49.75,49.75,49.75,49.5,50.0,0.5,0.28867513459481287,1,52.0,52.0,52.0,52.0,52.0,0.0,0.0
401415029,2022,regular,3,2022-09-17 21:00:00+00:00,189,Bowling Green,276,Marshall,4,17.0,17.0,17.0,17.0,17.0,0.0,0.0,1,18.5,18.5,18.5,18.5,18.5,0.0,0.0,4,50.0,50.0,50.0,50.0,50.0,0.0,0.0,1,53.5,53.5,53.5,53.5,53.5,0.0,0.0
401415032,2022,regular,3,2022-09-17 23:00:00+00:00,2572,Southern Miss,2466,Northwestern State,2,-32.75,-32.75,-32.75,-33.0,-32.5,0.5,0.3535533905932738,0,,,,,,,,2,50.5,50.5,50.5,50.5,50.5,0.0,0.0,0,,,,,,,
401415037,2022,regular,4,2022-09-24 19:30:00+00:00,2026,App State,256,James Madison,4,-6.25,-6.25,-6.25,-6.5,-6.0,0.5,0.28867513459481287,1,-9.0,-9.0,-9.0,-9.0,-9.0,0.0,0.0,4,57.0,56.875,57.0,56.5,57.0,0.5,0.25,1,56.5,56.5,56.5,56.5,56.5,0.0,0.0
401415040,2022,regular,4,2022-09-24 23:00:00+00:00,2655,Tulane,2572,Southern Miss,4,-11.75,-11.75,-11.75,-12.0,-11.5,0.5,0.28867513459481287,1,-11.5,-11.5,-11.5,-11.5,-11.5,0.0,0.0,4,48.5,48.5,48.5,48.5,48.5,0.0,0.0,1,49.5,49.5,49.5,49.5,49.5,0.0,0.0
401415171,2022,regular,3,2022-09-17 20:00:00+00:00,2464,Northern Arizona,155,North Dakota,1,6.0,6.0,6.0,6.0,6.0,0.0,0.0,0,,,,,,,,1,48.0,48.0,48.0,48.0,48.0,0.0,0.0,0,,,,,,,
401415172,2022,regular,5,2022-10-01 21:00:00+00:00,2502,Portland State,2464,Northern Arizona,2,-2.5,-2.5,-2.5,-2.5,-2.5,0.0,0.0,0,,,,,,,,2,55.0,55.0,55.0,55.0,55.0,0.0,0.0,0,,,,,,,
401415173,2022,regular,7,2022-10-15 23:00:00+00:00,302,UC Davis,2464,Northern Arizona,2,-14.5,-14.5,-14.5,-14.5,-14.5,0.0,0.0,0,,,,,,,,2,52.0,52.0,52.0,52.0,52.0,0.0,0.0,0,,,,,,,
401415174,2022,regular,11,2022-11-12 19:00:00+00:00,2458,Northern Colorado,2464,Northern Arizona,1,11.0,11.0,11.0,11.0,11.0,0.0,0.0,0,,,,,,,,1,54.5,54.5,54.5,54.5,54.5,0.0,0.0,0,,,,,,,
401415175,2022,regular,12,2022-11-19 20:00:00+00:00,2464,Northern Arizona,2692,Weber State,1,17.0,17.0,17.0,17.0,17.0,0.0,0.0,0,,,,,,,,1,51.0,51.0,51.0,51.0,51.0,0.0,0.0,0,,,,,,,
401415176,2022,regular,1,2022-09-03 20:00:00+00:00,2458,Northern Colorado,2277,Houston Christian,1,-16.0,-16.0,-16.0,-16.0,-16.0,0.0,0.0,0,,,,,,,,1,53.5,53.5,53.5,53.5,53.5,0.0,0.0,0,,,,,,,
401415177,2022,regular,2,2022-09-10 20:00:00+00:00,2751,Wyoming,2458,Northern Colorado,2,-23.5,-23.5,-23.5,-23.5,-23.5,0.0,0.0,0,,,,,,,,2,54.5,54.5,54.5,54.5,54.5,0.0,0.0,0,,,,,,,
401415178,2022,regular,3,2022-09-17 23:00:00+00:00,2320,Lamar,2458,Northern Colorado,2,3.0,3.0,3.0,3.0,3.0,0.0,0.0,0,,,,,,,,2,51.5,51.5,51.5,51.5,51.5,0.0,0.0,0,,,,,,,
401415179,2022,regular,6,2022-10-09 01:00:00+00:00,16,Sacramento State,2458,Northern Colorado,2,-29.5,-29.5,-29.5,-29.5,-29.5,0.0,0.0,0,,,,,,,,2,68.0,68.0,68.0,68.0,68.0,0.0,0.0,0,,,,,,,
401415180,2022,regular,8,2022-10-22 19:00:00+00:00,2458,Northern Colorado,302,UC Davis,2,19.0,19.0,19.0,19.0,19.0,0.0,0.0,0,,,,,,,,2,60.75,60.75,60.75,60.0,61.5,1.5,1.0606601717798212,0,,,,,,,
401415181,2022,regular,10,2022-11-05 21:00:00+00:00,2502,Portland State,2458,Northern Colorado,2,-13.0,-13.0,-13.0,-13.0,-13.0,0.0,0.0,0,,,,,,,,2,60.5,60.5,60.5,60.5,60.5,0.0,0.0,0,,,,,,,
401415183,2022,regular,3,2022-09-18 02:00:00+00:00,302,UC Davis,301,San Diego,2,-24.0,-24.0,-24.0,-24.0,-24.0,0.0,0.0,0,,,,,,,,2,53.0,53.0,53.0,52.5,53.5,1.0,0.7071067811865476,0,,,,,,,
401415184,2022,regular,4,2022-09-25 02:00:00+00:00,302,UC Davis,2692,Weber State,2,2.75,2.75,2.75,2.5,3.0,0.5,0.3535533905932738,0,,,,,,,,2,50.5,50.5,50.5,50.5,50.5,0.0,0.0,0,,,,,,,
401415185,2022,regular,12,2022-11-19 22:00:00+00:00,16,Sacramento State,302,UC Davis,2,-8.25,-8.25,-8.25,-8.5,-8.0,0.5,0.3535533905932738,0,,,,,,,,2,66.5,66.5,66.5,66.5,66.5,0.0,0.0,0,,,,,,,
401415186,2022,regular,3,2022-09-17 16:30:00+00:00,225,Brown,2803,Bryant,3,4.5,4.166666666666667,4.5,3.5,4.5,1.0,0.5773502691896257,1,3.0,3.0,3.0,3.0,3.0,0.0,0.0,3,64.0,65.16666666666667,64.0,63.5,68.0,4.5,2.4664414311581235,1,68.0,68.0,68.0,68.0,68.0,0.0,0.0
401415187,2022,regular,4,2022-09-24 16:30:00+00:00,225,Brown,108,Harvard,2,16.5,16.5,16.5,16.5,16.5,0.0,0.0,0,,,,,,,,2,61.0,61.0,61.0,60.5,61.5,1.0,0.7071067811865476,0,,,,,,,
401415188,2022,regular,5,2022-10-01 22:00:00+00:00,227,Rhode Island,225,Brown,2,-16.5,-16.5,-16.5,-16.5,-16.5,0.0,0.0,0,,,,,,,,2,66.0,66.0,66.0,66.0,66.0,0.0,0.0,0,,,,,,,
401415189,2022,regular,6,2022-10-08 17:00:00+00:00,2115,Central Connecticut,225,Brown,2,7.0,7.0,7.0,7.0,7.0,0.0,0.0,0,,,,,,,,2,60.0,60.0,60.0,60.0,60.0,0.0,0.0,0,,,,,,,
401415191,2022,regular,8,2022-10-22 16:30:00+00:00,225,Brown,172,Cornell,2,-2.5,-2.5,-2.5,-2.5,-2.5,0.0,0.0,0,,,,,,,,2,58.5,58.5,58.5,58.5,58.5,0.0,0.0,0,,,,,,,
401415192,2022,regular,9,2022-10-29 16:30:00+00:00,225,Brown,219,Pennsylvania,2,13.0,13.0,13.0,13.0,13.0,0.0,0.0,0,,,,,,,,2,55.5,55.5,55.5,55.5,55.5,0.0,0.0,0,,,,,,,
401415193,2022,regular,10,2022-11-05 16:00:00+00:00,43,Yale,225,Brown,2,-12.75,-12.75,-12.75,-13.0,-12.5,0.5,0.3535533905932738,0,,,,,,,,2,57.0,57.0,57.0,57.0,57.0,0.0,0.0,0,,,,,,,
401415194,2022,regular,11,2022-11-12 17:00:00+00:00,225,Brown,171,Columbia,2,4.0,4.0,4.0,4.0,4.0,0.0,0.0,0,,,,,,,,2,55.5,55.5,55.5,55.5,55.5,0.0,0.0,0,,,,,,,
401415195,2022,regular,12,2022-11-19 18:30:00+00:00,159,Dartmouth,225,Brown,1,-10.5,-10.5,-10.5,-10.5,-10.5,0.0,0.0,0,,,,,,,,1,50.5,50.5,50.5,50.5,50.5,0.0,0.0,0,,,,,,,
401415196,2022,regular,3,2022-09-17 22:00:00+00:00,2368,Marist,171,Columbia,2,20.0,20.0,20.0,20.0,20.0,0.0,0.0,0,,,,,,,,2,50.5,50.5,50.5,50.5,50.5,0.0,0.0,0,,,,,,,
401415197,2022,regular,4,2022-09-24 16:30:00+00:00,46,Georgetown,171,Columbia,2,10.25,10.25,10.25,10.0,10.5,0.5,0.3535533905932738,0,,,,,,,,2,48.0,48.0,48.0,48.0,48.0,0.0,0.0,0,,,,,,,
401415198,2022,regular,5,2022-10-01 17:00:00+00:00,171,Columbia,163,Princeton,2,4.0,4.0,4.0,4.0,4.0,0.0,0.0,0,,,,,,,,2,50.0,50.0,50.0,50.0,50.0,0.0,0.0,0,,,,,,,
401415199,2022,regular,6,2022-10-08 17:00:00+00:00,171,Columbia,2681,Wagner,2,-29.5,-29.5,-29.5,-29.5,-29.5,0.0,0.0,0,,,,,,,,2,50.0,50.0,50.0,50.0,50.0,0.0,0.0,0,,,,,,,
401415200,2022,regular,7,2022-10-15 17:00:00+00:00,219,Pennsylvania,171,Columbia,2,-7.0,-7.0,-7.0,-7.0,-7.0,0.0,0.0,0,,,,,,,,2,39.0,39.0,39.0,39.0,39.0,0.0,0.0,0,,,,,,,
401415201,2022,regular,8,2022-10-22 17:30:00+00:00,171,Columbia,159,Dartmouth,2,-2.5,-2.5,-2.5,-3.0,-2.0,1.0,0.7071067811865476,0,,,,,,,,2,38.0,38.0,38.0,38.0,38.0,0.0,0.0,0,,,,,,,
401415202,2022,regular,9,2022-10-28 22:30:00+00:00,171,Columbia,43,Yale,2,4.0,4.0,4.0,3.0,5.0,2.0,1.4142135623730951,0,,,,,,,,2,42.5,42.5,42.5,41.5,43.5,2.0,1.4142135623730951,0,,,,,,,
401415203,2022,regular,10,2022-11-05 17:00:00+00:00,108,Harvard,171,Columbia,2,-10.5,-10.5,-10.5,-10.5,-10.5,0.0,0.0,0,,,,,,,,2,48.5,48.5,48.5,48.5,48.5,0.0,0.0,0,,,,,,,
401415204,2022,regular,12,2022-11-19 18:00:00+00:00,171,Columbia,172,Cornell,1,-5.0,-5.0,-5.0,-5.0,-5.0,0.0,0.0,0,,,,,,,,1,44.0,44.0,44.0,44.0,44.0,0.0,0.0,0,,,,,,,
401415209,2022,regular,1,2022-09-03 17:00:00+00:00,2005,Air Force,2460,Northern Iowa,3,-15.0,-15.166666666666666,-15.0,-16.0,-14.5,1.5,0.7637626158259734,1,-15.0,-15.0,-15.0,-15.0,-15.0,0.0,0.0,3,46.5,46.666666666666664,46.5,46.5,47.0,0.5,0.28867513459481287,1,44.0,44.0,44.0,44.0,44.0,0.0,0.0
401415210,2022,regular,1,2022-09-04 00:00:00+00:00,167,New Mexico,311,Maine,3,-6.0,-6.166666666666667,-6.0,-6.5,-6.0,0.5,0.28867513459481287,1,-5.0,-5.0,-5.0,-5.0,-5.0,0.0,0.0,3,42.5,42.333333333333336,42.5,42.0,42.5,0.5,0.28867513459481287,1,42.0,42.0,42.0,42.0,42.0,0.0,0.0
401415211,2022,regular,1,2022-09-03 19:30:00+00:00,2751,Wyoming,202,Tulsa,4,6.5,6.5,6.5,6.5,6.5,0.0,0.0,1,2.0,2.0,2.0,2.0,2.0,0.0,0.0,4,46.0,46.25,46.0,46.0,47.0,1.0,0.5,1,46.5,46.5,46.5,46.5,46.5,0.0,0.0
401415212,2022,regular,1,2022-09-03 21:30:00+00:00,2440,Nevada,326,Texas State,4,2.0,2.0,2.0,2.0,2.0,0.0,0.0,1,-10.0,-10.0,-10.0,-10.0,-10.0,0.0,0.0,4,51.5,51.625,51.5,51.5,52.0,0.5,0.25,1,56.5,56.5,56.5,56.5,56.5,0.0,0.0
401415213,2022,regular,1,2022-09-02 02:30:00+00:00,23,San José State,2502,Portland State,3,-22.0,-22.0,-22.0,-22.0,-22.0,0.0,0.0,1,-22.0,-22.0,-22.0,-22.0,-22.0,0.0,0.0,3,51.0,51.0,51.0,51.0,51.0,0.0,0.0,1,54.5,54.5,54.5,54.5,54.5,0.0,0.0
401415214,2022,regular,2,2022-09-10 01:00:00+00:00,167,New Mexico,68,Boise State,4,17.0,17.0,17.0,17.0,17.0,0.0,0.0,1,17.0,17.0,17.0,17.0,17.0,0.0,0.0,4,43.5,43.5,43.5,43.5,43.5,0.0,0.0,1,46.5,46.5,46.5,46.5,46.5,0.0,0.0
401415215,2022,regular,2,2022-09-10 23:00:00+00:00,328,Utah State,2692,Weber State,2,-6.5,-6.5,-6.5,-6.5,-6.5,0.0,0.0,0,,,,,,,,2,59.25,59.25,59.25,59.0,59.5,0.5,0.3535533905932738,0,,,,,,,
401415216,2022,regular,2,2022-09-10 21:30:00+00:00,2440,Nevada,2916,Incarnate Word,2,-4.0,-4.0,-4.0,-4.0,-4.0,0.0,0.0,0,,,,,,,,2,61.5,61.5,61.5,61.5,61.5,0.0,0.0,0,,,,,,,
401415217,2022,regular,3,2022-09-17 00:00:00+00:00,2751,Wyoming,2005,Air Force,4,16.5,16.625,16.5,16.5,17.0,0.5,0.25,1,15.0,15.0,15.0,15.0,15.0,0.0,0.0,4,47.0,47.0,47.0,47.0,47.0,0.0,0.0,1,50.0,50.0,50.0,50.0,50.0,0.0,0.0
401415218,2022,regular,3,2022-09-17 20:00:00+00:00,68,Boise State,2630,UT Martin,2,-24.75,-24.75,-24.75,-25.0,-24.5,0.5,0.3535533905932738,0,,,,,,,,2,53.5,53.5,53.5,53.5,53.5,0.0,0.0,0,,,,,,,
401415220,2022,regular,4,2022-09-24 00:00:00+00:00,2005,Air Force,2440,Nevada,4,-24.0,-24.0,-24.0,-24.0,-24.0,0.0,0.0,1,-25.0,-25.0,-25.0,-25.0,-25.0,0.0,0.0,4,47.0,46.875,47.0,46.5,47.0,0.5,0.25,1,48.5,48.5,48.5,48.5,48.5,0.0,0.0
401415221,2022,regular,4,2022-09-24 20:00:00+00:00,36,Colorado State,16,Sacramento State,2,4.5,4.5,4.5,4.5,4.5,0.0,0.0,0,,,,,,,,2,59.5,59.5,59.5,59.5,59.5,0.0,0.0,0,,,,,,,
401415222,2022,regular,4,2022-09-24 23:00:00+00:00,328,Utah State,2439,UNLV,4,3.0,3.0,3.0,3.0,3.0,0.0,0.0,1,3.0,3.0,3.0,3.0,3.0,0.0,0.0,4,61.5,61.5,61.5,61.0,62.0,1.0,0.408248290463863,1,62.0,62.0,62.0,62.0,62.0,0.0,0.0
401415223,2022,regular,4,2022-09-25 02:15:00+00:00,252,BYU,2751,Wyoming,4,-21.25,-21.25,-21.25,-21.5,-21.0,0.5,0.28867513459481287,1,-21.0,-21.0,-21.0,-21.0,-21.0,0.0,0.0,4,49.75,49.625,49.75,49.0,50.0,1.0,0.47871355387816905,1,51.5,51.5,51.5,51.5,51.5,0.0,0.0
401415224,2022,regular,4,2022-09-24 19:30:00+00:00,21,San Diego State,2649,Toledo,4,3.0,2.875,3.0,2.5,3.0,0.5,0.25,1,0.0,0.0,0.0,0.0,0.0,0.0,0.0,4,44.5,44.625,44.5,44.5,45.0,0.5,0.25,1,46.5,46.5,46.5,46.5,46.5,0.0,0.0
401415225,2022,regular,4,2022-09-25 02:30:00+00:00,23,San José State,2711,Western Michigan,4,-6.5,-6.5,-6.5,-6.5,-6.5,0.0,0.0,1,-3.5,-3.5,-3.5,-3.5,-3.5,0.0,0.0,4,48.75,48.75,48.75,48.5,49.0,0.5,0.28867513459481287,1,51.5,51.5,51.5,51.5,51.5,0.0,0.0
401415226,2022,regular,5,2022-09-30 00:00:00+00:00,252,BYU,328,Utah State,4,-26.0,-26.0,-26.0,-26.0,-26.0,0.0,0.0,1,-24.0,-24.0,-24.0,-24.0,-24.0,0.0,0.0,4,60.0,60.0,60.0,60.0,60.0,0.0,0.0,1,60.5,60.5,60.5,60.5,60.5,0.0,0.0
401415227,2022,regular,5,2022-10-01 16:00:00+00:00,2005,Air Force,2426,Navy,4,-14.0,-13.875,-14.0,-14.0,-13.5,0.5,0.25,1,-16.0,-16.0,-16.0,-16.0,-16.0,0.0,0.0,4,38.0,38.0,38.0,38.0,38.0,0.0,0.0,1,38.0,38.0,38.0,38.0,38.0,0.0,0.0
401415228,2022,regular,5,2022-10-01 00:00:00+00:00,68,Boise State,21,San Diego State,4,-6.0,-6.0,-6.0,-6.0,-6.0,0.0,0.0,1,-5.5,-5.5,-5.5,-5.5,-5.5,0.0,0.0,4,38.0,38.0,38.0,38.0,38.0,0.0,0.0,1,40.0,40.0,40.0,40.0,40.0,0.0,0.0
401415229,2022,regular,5,2022-10-01 03:00:00+00:00,2439,UNLV,167,New Mexico,4,-14.0,-14.0,-14.0,-14.0,-14.0,0.0,0.0,1,-16.0,-16.0,-16.0,-16.0,-16.0,0.0,0.0,4,44.25,44.25,44.25,44.0,44.5,0.5,0.28867513459481287,1,45.5,45.5,45.5,45.5,45.5,0.0,0.0
401415230,2022,regular,5,2022-10-01 23:30:00+00:00,2751,Wyoming,23,San José State,4,2.5,2.5,2.5,2.5,2.5,0.0,0.0,1,-1.0,-1.0,-1.0,-1.0,-1.0,0.0,0.0,4,42.5,42.5,42.5,42.5,42.5,0.0,0.0,1,43.5,43.5,43.5,43.5,43.5,0.0,0.0
401415231,2022,regular,6,2022-10-08 23:00:00+00:00,328,Utah State,2005,Air Force,4,11.5,11.5,11.5,11.5,11.5,0.0,0.0,1,9.0,9.0,9.0,9.0,9.0,0.0,0.0,4,53.75,53.75,53.75,53.5,54.0,0.5,0.28867513459481287,1,55.5,55.5,55.5,55.5,55.5,0.0,0.0
401415232,2022,regular,6,2022-10-09 01:45:00+00:00,68,Boise State,278,Fresno State,4,-10.5,-10.125,-10.5,-10.5,-9.0,1.5,0.75,1,-7.0,-7.0,-7.0,-7.0,-7.0,0.0,0.0,4,45.0,45.125,45.0,45.0,45.5,0.5,0.25,1,49.0,49.0,49.0,49.0,49.0,0.0,0.0
401415233,2022,regular,6,2022-10-08 02:30:00+00:00,2440,Nevada,36,Colorado State,4,-3.5,-3.5,-3.5,-3.5,-3.5,0.0,0.0,1,-3.0,-3.0,-3.0,-3.0,-3.0,0.0,0.0,4,45.0,44.75,45.0,44.0,45.0,1.0,0.5,1,47.0,47.0,47.0,47.0,47.0,0.0,0.0
401415234,2022,regular,6,2022-10-08 23:00:00+00:00,167,New Mexico,2751,Wyoming,4,3.0,3.0,3.0,3.0,3.0,0.0,0.0,1,3.5,3.5,3.5,3.5,3.5,0.0,0.0,4,37.0,37.0,37.0,37.0,37.0,0.0,0.0,1,37.5,37.5,37.5,37.5,37.5,0.0,0.0
401415235,2022,regular,6,2022-10-09 02:30:00+00:00,21,San Diego State,62,Hawai'i,4,-23.75,-23.75,-23.75,-24.0,-23.5,0.5,0.28867513459481287,1,-21.0,-21.0,-21.0,-21.0,-21.0,0.0,0.0,4,49.0,48.875,49.0,48.5,49.0,0.5,0.25,1,49.5,49.5,49.5,49.5,49.5,0.0,0.0
401415236,2022,regular,6,2022-10-08 02:30:00+00:00,23,San José State,2439,UNLV,4,-6.5,-6.5,-6.5,-6.5,-6.5,0.0,0.0,1,-5.0,-5.0,-5.0,-5.0,-5.0,0.0,0.0,4,51.5,51.5,51.5,51.5,51.5,0.0,0.0,1,50.5,50.5,50.5,50.5,50.5,0.0,0.0
401415237,2022,regular,7,2022-10-16 02:30:00+00:00,2439,UNLV,2005,Air Force,4,10.0,10.125,10.0,10.0,10.5,0.5,0.25,1,9.5,9.5,9.5,9.5,9.5,0.0,0.0,4,50.0,50.0,50.0,50.0,50.0,0.0,0.0,1,54.0,54.0,54.0,54.0,54.0,0.0,0.0
401415238,2022,regular,7,2022-10-15 23:00:00+00:00,36,Colorado State,328,Utah State,4,14.0,14.0,14.0,14.0,14.0,0.0,0.0,1,9.0,9.0,9.0,9.0,9.0,0.0,0.0,4,45.5,45.5,45.5,45.5,45.5,0.0,0.0,1,48.0,48.0,48.0,48.0,48.0,0.0,0.0
401415239,2022,regular,7,2022-10-16 02:45:00+00:00,278,Fresno State,23,San José State,4,7.0,7.0,7.0,7.0,7.0,0.0,0.0,1,6.5,6.5,6.5,6.5,6.5,0.0,0.0,4,47.0,47.0,47.0,47.0,47.0,0.0,0.0,1,49.5,49.5,49.5,49.5,49.5,0.0,0.0
401415240,2022,regular,7,2022-10-16 03:59:00+00:00,62,Hawai'i,2440,Nevada,2,6.25,6.25,6.25,6.0,6.5,0.5,0.3535533905932738,1,4.5,4.5,4.5,4.5,4.5,0.0,0.0,2,51.5,51.5,51.5,51.5,51.5,0.0,0.0,1,48.5,48.5,48.5,48.5,48.5,0.0,0.0
401415241,2022,regular,8,2022-10-22 23:00:00+00:00,2005,Air Force,68,Boise State,4,-2.25,-2.25,-2.25,-2.5,-2.0,0.5,0.28867513459481287,1,-4.0,-4.0,-4.0,-4.0,-4.0,0.0,0.0,4,46.5,46.5,46.5,46.5,46.5,0.0,0.0,1,48.5,48.5,48.5,48.5,48.5,0.0,0.0
401415242,2022,regular,8,2022-10-22 20:00:00+00:00,36,Colorado State,62,Hawai'i,4,-6.0,-6.0,-6.0,-6.0,-6.0,0.0,0.0,1,-5.5,-5.5,-5.5,-5.5,-5.5,0.0,0.0,4,46.0,46.0,46.0,46.0,46.0,0.0,0.0,1,46.5,46.5,46.5,46.5,46.5,0.0,0.0
401415243,2022,regular,8,2022-10-22 22:30:00+00:00,167,New Mexico,278,Fresno State,4,9.75,9.75,9.75,9.5,10.0,0.5,0.28867513459481287,1,12.5,12.5,12.5,12.5,12.5,0.0,0.0,4,40.25,40.25,40.25,40.0,40.5,0.5,0.28867513459481287,1,42.5,42.5,42.5,42.5,42.5,0.0,0.0
401415244,2022,regular,8,2022-10-23 01:45:00+00:00,2751,Wyoming,328,Utah State,4,-5.25,-5.25,-5.25,-5.5,-5.0,0.5,0.28867513459481287,1,-3.5,-3.5,-3.5,-3.5,-3.5,0.0,0.0,4,44.5,44.5,44.5,44.5,44.5,0.0,0.0,1,42.0,42.0,42.0,42.0,42.0,0.0,0.0
401415245,2022,regular,8,2022-10-23 02:30:00+00:00,2440,Nevada,21,San Diego State,4,7.25,7.25,7.25,7.0,7.5,0.5,0.28867513459481287,1,9.0,9.0,9.0,9.0,9.0,0.0,0.0,4,36.0,36.0,36.0,36.0,36.0,0.0,0.0,1,36.5,36.5,36.5,36.5,36.5,0.0,0.0
401415246,2022,regular,9,2022-10-29 23:00:00+00:00,68,Boise State,36,Colorado State,4,-25.0,-25.0,-25.0,-25.0,-25.0,0.0,0.0,1,-28.0,-28.0,-28.0,-28.0,-28.0,0.0,0.0,4,42.5,42.5,42.5,42.5,42.5,0.0,0.0,1,44.0,44.0,44.0,44.0,44.0,0.0,0.0
401415247,2022,regular,9,2022-10-30 03:59:00+00:00,62,Hawai'i,2751,Wyoming,4,11.5,11.625,11.5,11.5,12.0,0.5,0.25,1,11.0,11.0,11.0,11.0,11.0,0.0,0.0,4,50.75,50.75,50.75,50.5,51.0,0.5,0.28867513459481287,1,50.5,50.5,50.5,50.5,50.5,0.0,0.0
401415248,2022,regular,9,2022-10-30 02:30:00+00:00,278,Fresno State,21,San Diego State,4,-10.75,-10.625,-10.75,-11.0,-10.0,1.0,0.47871355387816905,1,-8.0,-8.0,-8.0,-8.0,-8.0,0.0,0.0,4,44.5,44.25,44.5,43.5,44.5,1.0,0.5,1,39.5,39.5,39.5,39.5,39.5,0.0,0.0
401415249,2022,regular,9,2022-10-30 02:30:00+00:00,23,San José State,2440,Nevada,4,-24.5,-24.375,-24.5,-24.5,-24.0,0.5,0.25,1,-25.0,-25.0,-25.0,-25.0,-25.0,0.0,0.0,4,44.5,44.5,44.5,44.5,44.5,0.0,0.0,1,44.0,44.0,44.0,44.0,44.0,0.0,0.0
401415250,2022,regular,10,2022-11-05 23:00:00+00:00,68,Boise State,252,BYU,4,-9.5,-9.375,-9.5,-9.5,-9.0,0.5,0.25,1,-8.5,-8.5,-8.5,-8.5,-8.5,0.0,0.0,4,54.5,54.375,54.5,54.0,54.5,0.5,0.25,1,55.5,55.5,55.5,55.5,55.5,0.0,0.0
401415251,2022,regular,10,2022-11-06 02:30:00+00:00,23,San José State,36,Colorado State,4,-24.0,-23.875,-24.0,-24.0,-23.5,0.5,0.25,1,-22.0,-22.0,-22.0,-22.0,-22.0,0.0,0.0,4,44.5,44.5,44.5,44.5,44.5,0.0,0.0,1,45.0,45.0,45.0,45.0,45.0,0.0,0.0
401415252,2022,regular,10,2022-11-05 19:30:00+00:00,328,Utah State,167,New Mexico,4,-14.5,-14.5,-14.5,-14.5,-14.5,0.0,0.0,1,-15.5,-15.5,-15.5,-15.5,-15.5,0.0,0.0,4,42.5,42.5,42.5,42.5,42.5,0.0,0.0,1,43.5,43.5,43.5,43.5,43.5,0.0,0.0
401415253,2022,regular,10,2022-11-06 02:30:00+00:00,278,Fresno State,62,Hawai'i,4,-27.5,-27.375,-27.5,-27.5,-27.0,0.5,0.25,1,-23.0,-23.0,-23.0,-23.0,-23.0,0.0,0.0,4,62.0,62.125,62.0,62.0,62.5,0.5,0.25,1,57.5,57.5,57.5,57.5,57.5,0.0,0.0
401415254,2022,regular,10,2022-11-05 23:00:00+00:00,21,San Diego State,2439,UNLV,4,-5.0,-5.0,-5.0,-5.0,-5.0,0.0,0.0,1,-6.5,-6.5,-6.5,-6.5,-6.5,0.0,0.0,4,47.0,47.0,47.0,47.0,47.0,0.0,0.0,1,48.0,48.0,48.0,48.0,48.0,0.0,0.0
401415255,2022,regular,11,2022-11-13 03:30:00+00:00,2440,Nevada,68,Boise State,4,21.0,20.875,21.0,20.5,21.0,0.5,0.25,1,20.5,20.5,20.5,20.5,20.5,0.0,0.0,4,47.5,47.375,47.5,47.0,47.5,0.5,0.25,1,48.5,48.5,48.5,48.5,48.5,0.0,0.0
401415256,2022,regular,11,2022-11-12 20:30:00+00:00,2005,Air Force,167,New Mexico,4,-21.0,-21.0,-21.0,-21.0,-21.0,0.0,0.0,1,-24.0,-24.0,-24.0,-24.0,-24.0,0.0,0.0,4,37.25,37.25,37.25,37.0,37.5,0.5,0.28867513459481287,1,39.0,39.0,39.0,39.0,39.0,0.0,0.0
401415257,2022,regular,11,2022-11-13 04:00:00+00:00,62,Hawai'i,328,Utah State,4,10.5,10.375,10.5,10.0,10.5,0.5,0.25,1,11.5,11.5,11.5,11.5,11.5,0.0,0.0,4,55.0,55.0,55.0,55.0,55.0,0.0,0.0,1,55.5,55.5,55.5,55.5,55.5,0.0,0.0
401415258,2022,regular,11,2022-11-13 00:00:00+00:00,36,Colorado State,2751,Wyoming,4,8.5,8.5,8.5,8.5,8.5,0.0,0.0,1,8.5,8.5,8.5,8.5,8.5,0.0,0.0,4,42.5,42.5,42.5,42.5,42.5,0.0,0.0,1,42.0,42.0,42.0,42.0,42.0,0.0,0.0
401415259,2022,regular,11,2022-11-12 03:30:00+00:00,2439,UNLV,278,Fresno State,4,8.5,8.625,8.5,8.5,9.0,0.5,0.25,1,8.5,8.5,8.5,8.5,8.5,0.0,0.0,4,62.0,61.875,62.0,61.5,62.0,0.5,0.25,1,58.0,58.0,58.0,58.0,58.0,0.0,0.0
401415260,2022,regular,11,2022-11-13 03:30:00+00:00,21,San Diego State,23,San José State,4,2.25,2.25,2.25,2.0,2.5,0.5,0.28867513459481287,1,2.0,2.0,2.0,2.0,2.0,0.0,0.0,4,41.0,41.125,41.0,41.0,41.5,0.5,0.25,1,39.5,39.5,39.5,39.5,39.5,0.0,0.0
401415261,2022,regular,12,2022-11-20 00:00:00+00:00,2751,Wyoming,68,Boise State,4,14.5,14.5,14.5,14.5,14.5,0.0,0.0,1,12.5,12.5,12.5,12.5,12.5,0.0,0.0,4,44.5,44.5,44.5,44.5,44.5,0.0,0.0,1,44.5,44.5,44.5,44.5,44.5,0.0,0.0
401415262,2022,regular,12,2022-11-20 02:00:00+00:00,2005,Air Force,36,Colorado State,4,-21.5,-21.625,-21.5,-22.0,-21.5,0.5,0.25,1,-22.5,-22.5,-22.5,-22.5,-22.5,0.0,0.0,4,43.0,43.0,43.0,43.0,43.0,0.0,0.0,1,44.0,44.0,44.0,44.0,44.0,0.0,0.0
401415263,2022,regular,12,2022-11-20 03:30:00+00:00,2440,Nevada,278,Fresno State,4,22.5,22.625,22.5,22.5,23.0,0.5,0.25,1,22.5,22.5,22.5,22.5,22.5,0.0,0.0,4,54.0,54.0,54.0,54.0,54.0,0.0,0.0,1,54.5,54.5,54.5,54.5,54.5,0.0,0.0
401415264,2022,regular,12,2022-11-19 02:45:00+00:00,167,New Mexico,21,San Diego State,4,14.5,14.625,14.5,14.5,15.0,0.5,0.25,1,14.5,14.5,14.5,14.5,14.5,0.0,0.0,4,36.0,36.0,36.0,36.0,36.0,0.0,0.0,1,39.5,39.5,39.5,39.5,39.5,0.0,0.0
401415265,2022,regular,12,2022-11-20 02:45:00+00:00,328,Utah State,23,San José State,4,-1.0,-1.125,-1.0,-1.5,-1.0,0.5,0.25,1,3.0,3.0,3.0,3.0,3.0,0.0,0.0,4,51.0,51.0,51.0,51.0,51.0,0.0,0.0,1,51.5,51.5,51.5,51.5,51.5,0.0,0.0
401415266,2022,regular,12,2022-11-20 04:00:00+00:00,62,Hawai'i,2439,UNLV,4,11.0,11.0,11.0,11.0,11.0,0.0,0.0,1,10.0,10.0,10.0,10.0,10.0,0.0,0.0,4,56.5,56.5,56.5,56.5,56.5,0.0,0.0,1,59.5,59.5,59.5,59.5,59.5,0.0,0.0
401415267,2022,regular,13,2022-11-27 02:00:00+00:00,21,San Diego State,2005,Air Force,4,2.0,2.0,2.0,2.0,2.0,0.0,0.0,1,1.5,1.5,1.5,1.5,1.5,0.0,0.0,4,43.5,43.375,43.5,43.0,43.5,0.5,0.25,1,44.5,44.5,44.5,44.5,44.5,0.0,0.0
401415268,2022,regular,13,2022-11-25 20:30:00+00:00,36,Colorado State,167,New Mexico,4,-7.25,-7.25,-7.25,-7.5,-7.0,0.5,0.28867513459481287,1,-7.0,-7.0,-7.0,-7.0,-7.0,0.0,0.0,4,36.0,36.0,36.0,36.0,36.0,0.0,0.0,1,35.5,35.5,35.5,35.5,35.5,0.0,0.0
401415269,2022,regular,13,2022-11-25 17:00:00+00:00,68,Boise State,328,Utah State,4,-16.5,-16.625,-16.5,-17.0,-16.5,0.5,0.25,1,-16.5,-16.5,-16.5,-16.5,-16.5,0.0,0.0,4,52.0,51.875,52.0,51.5,52.0,0.5,0.25,1,52.0,52.0,52.0,52.0,52.0,0.0,0.0
401415270,2022,regular,13,2022-11-26 03:00:00+00:00,278,Fresno State,2751,Wyoming,4,-14.0,-14.25,-14.0,-15.0,-14.0,1.0,0.5,1,-14.5,-14.5,-14.5,-14.5,-14.5,0.0,0.0,4,50.5,50.5,50.5,50.5,50.5,0.0,0.0,1,50.0,50.0,50.0,50.0,50.0,0.0,0.0
401415271,2022,regular,13,2022-11-26 20:30:00+00:00,23,San José State,62,Hawai'i,4,-15.25,-15.25,-15.25,-15.5,-15.0,0.5,0.28867513459481287,1,-15.0,-15.0,-15.0,-15.0,-15.0,0.0,0.0,4,58.0,58.125,58.0,58.0,58.5,0.5,0.25,1,57.0,57.0,57.0,57.0,57.0,0.0,0.0
401415272,2022,regular,13,2022-11-26 23:00:00+00:00,2439,UNLV,2440,Nevada,4,-12.5,-12.5,-12.5,-12.5,-12.5,0.0,0.0,0,,,,,,,,4,49.0,49.0,49.0,49.0,49.0,0.0,0.0,1,50.5,50.5,50.5,50.5,50.5,0.0,0.0
401415404,2022,regular,3,2022-09-17 17:30:00+00:00,2678,VMI,172,Cornell,3,-14.5,-14.5,-14.5,-14.5,-14.5,0.0,0.0,1,-15.0,-15.0,-15.0,-15.0,-15.0,0.0,0.0,3,54.5,54.5,54.5,54.5,54.5,0.0,0.0,1,54.5,54.5,54.5,54.5,54.5,0.0,0.0
401415405,2022,regular,4,2022-09-24 18:00:00+00:00,172,Cornell,43,Yale,2,9.0,9.0,9.0,9.0,9.0,0.0,0.0,0,,,,,,,,2,52.0,52.0,52.0,52.0,52.0,0.0,0.0,0,,,,,,,
401415406,2022,regular,5,2022-10-01 17:00:00+00:00,2142,Colgate,172,Cornell,2,-4.0,-4.0,-4.0,-4.0,-4.0,0.0,0.0,0,,,,,,,,2,44.0,44.0,44.0,44.0,44.0,0.0,0.0,0,,,,,,,
401415407,2022,regular,6,2022-10-07 23:00:00+00:00,172,Cornell,108,Harvard,1,11.5,11.5,11.5,11.5,11.5,0.0,0.0,0,,,,,,,,1,50.5,50.5,50.5,50.5,50.5,0.0,0.0,0,,,,,,,
401415408,2022,regular,7,2022-10-15 17:00:00+00:00,172,Cornell,2329,Lehigh,2,-7.5,-7.5,-7.5,-7.5,-7.5,0.0,0.0,0,,,,,,,,2,48.5,48.5,48.5,48.5,48.5,0.0,0.0,0,,,,,,,
401415410,2022,regular,10,2022-11-05 17:00:00+00:00,172,Cornell,219,Pennsylvania,2,10.5,10.5,10.5,10.5,10.5,0.0,0.0,0,,,,,,,,2,46.25,46.25,46.25,46.0,46.5,0.5,0.3535533905932738,0,,,,,,,
401415411,2022,regular,11,2022-11-12 18:00:00+00:00,172,Cornell,159,Dartmouth,1,6.0,6.0,6.0,6.0,6.0,0.0,0.0,0,,,,,,,,1,44.5,44.5,44.5,44.5,44.5,0.0,0.0,0,,,,,,,
401415610,2022,regular,1,2022-09-01 23:00:00+00:00,2116,UCF,2569,South Carolina State,3,-43.5,-43.5,-43.5,-43.5,-43.5,0.0,0.0,1,-39.5,-39.5,-39.5,-39.5,-39.5,0.0,0.0,3,58.0,58.0,58.0,57.5,58.5,1.0,0.5,1,57.0,57.0,57.0,57.0,57.0,0.0,0.0
401415611,2022,regular,1,2022-09-03 16:00:00+00:00,2426,Navy,48,Delaware,3,-13.0,-12.666666666666666,-13.0,-13.0,-12.0,1.0,0.5773502691896257,1,-12.0,-12.0,-12.0,-12.0,-12.0,0.0,0.0,3,49.0,49.0,49.0,48.5,49.5,1.0,0.5,1,48.5,48.5,48.5,48.5,48.5,0.0,0.0
401415612,2022,regular,1,2022-09-03 20:00:00+00:00,58,South Florida,252,BYU,4,11.5,11.625,11.5,11.0,12.5,1.5,0.6291528696058958,1,12.5,12.5,12.5,12.5,12.5,0.0,0.0,4,58.5,58.25,58.5,57.5,58.5,1.0,0.5,1,57.5,57.5,57.5,57.5,57.5,0.0,0.0
401415613,2022,regular,2,2022-09-09 23:30:00+00:00,2116,UCF,97,Louisville,4,-5.5,-5.625,-5.5,-6.0,-5.5,0.5,0.25,1,-6.0,-6.0,-6.0,-6.0,-6.0,0.0,0.0,4,62.5,62.5,62.5,62.0,63.0,1.0,0.408248290463863,1,61.5,61.5,61.5,61.5,61.5,0.0,0.0
401415614,2022,regular,2,2022-09-10 18:00:00+00:00,218,Temple,322,Lafayette,2,-14.0,-14.0,-14.0,-14.5,-13.5,1.0,0.7071067811865476,0,,,,,,,,2,39.5,39.5,39.5,39.5,39.5,0.0,0.0,0,,,,,,,
401415615,2022,regular,2,2022-09-10 23:00:00+00:00,2655,Tulane,2016,Alcorn State,2,-35.5,-35.5,-35.5,-35.5,-35.5,0.0,0.0,0,,,,,,,,2,59.25,59.25,59.25,59.0,59.5,0.5,0.3535533905932738,0,,,,,,,
401415616,2022,regular,2,2022-09-10 23:00:00+00:00,2567,SMU,2320,Lamar,2,-48.5,-48.5,-48.5,-48.5,-48.5,0.0,0.0,0,,,,,,,,2,65.75,65.75,65.75,65.5,66.0,0.5,0.3535533905932738,0,,,,,,,
401415617,2022,regular,2,2022-09-10 19:30:00+00:00,2426,Navy,235,Memphis,4,4.5,4.5,4.5,4.5,4.5,0.0,0.0,1,6.5,6.5,6.5,6.5,6.5,0.0,0.0,4,47.25,47.25,47.25,47.0,47.5,0.5,0.28867513459481287,1,50.0,50.0,50.0,50.0,50.0,0.0,0.0
401415618,2022,regular,2,2022-09-10 23:00:00+00:00,58,South Florida,47,Howard,2,-40.0,-40.0,-40.0,-40.5,-39.5,1.0,0.7071067811865476,0,,,,,,,,2,61.5,61.5,61.5,61.5,61.5,0.0,0.0,0,,,,,,,
401415620,2022,regular,2,2022-09-10 23:00:00+00:00,202,Tulsa,2459,Northern Illinois,4,-6.5,-6.5,-6.5,-6.5,-6.5,0.0,0.0,1,-6.0,-6.0,-6.0,-6.0,-6.0,0.0,0.0,4,63.0,63.0,63.0,63.0,63.0,0.0,0.0,1,57.0,57.0,57.0,57.0,57.0,0.0,0.0
401415621,2022,regular,3,2022-09-17 22:00:00+00:00,151,East Carolina,2097,Campbell,2,-32.5,-32.5,-32.5,-32.5,-32.5,0.0,0.0,0,,,,,,,,2,58.0,58.0,58.0,58.0,58.0,0.0,0.0,0,,,,,,,
401415622,2022,regular,3,2022-09-17 23:00:00+00:00,235,Memphis,2032,Arkansas State,4,-14.5,-14.5,-14.5,-14.5,-14.5,0.0,0.0,1,-13.5,-13.5,-13.5,-13.5,-13.5,0.0,0.0,4,64.0,64.125,64.0,64.0,64.5,0.5,0.25,1,62.0,62.0,62.0,62.0,62.0,0.0,0.0
401415623,2022,regular,3,2022-09-17 16:00:00+00:00,193,Miami (OH),2132,Cincinnati,4,24.0,24.0,24.0,24.0,24.0,0.0,0.0,1,20.0,20.0,20.0,20.0,20.0,0.0,0.0,4,51.0,50.75,51.0,50.0,51.0,1.0,0.5,1,50.0,50.0,50.0,50.0,50.0,0.0,0.0
401415624,2022,regular,4,2022-09-24 22:00:00+00:00,151,East Carolina,2426,Navy,4,-16.5,-16.5,-16.5,-16.5,-16.5,0.0,0.0,1,-17.5,-17.5,-17.5,-17.5,-17.5,0.0,0.0,4,48.5,48.5,48.5,48.5,48.5,0.0,0.0,1,48.5,48.5,48.5,48.5,48.5,0.0,0.0
401415625,2022,regular,5,2022-09-30 23:00:00+00:00,248,Houston,2655,Tulane,4,-5.5,-5.375,-5.5,-5.5,-5.0,0.5,0.25,1,-3.0,-3.0,-3.0,-3.0,-3.0,0.0,0.0,4,52.0,51.875,52.0,51.5,52.0,0.5,0.25,1,55.0,55.0,55.0,55.0,55.0,0.0,0.0
401415626,2022,regular,5,2022-10-01 18:30:00+00:00,58,South Florida,151,East Carolina,4,9.5,9.625,9.5,9.5,10.0,0.5,0.25,1,8.0,8.0,8.0,8.0,8.0,0.0,0.0,4,55.5,55.625,55.5,55.5,56.0,0.5,0.25,1,59.0,59.0,59.0,59.0,59.0,0.0,0.0
401415627,2022,regular,5,2022-10-01 23:00:00+00:00,202,Tulsa,2132,Cincinnati,4,10.0,10.0,10.0,10.0,10.0,0.0,0.0,1,12.0,12.0,12.0,12.0,12.0,0.0,0.0,4,59.0,59.125,59.0,59.0,59.5,0.5,0.25,1,60.5,60.5,60.5,60.5,60.5,0.0,0.0
401415628,2022,regular,5,2022-10-01 16:00:00+00:00,235,Memphis,218,Temple,4,-18.5,-18.375,-18.5,-18.5,-18.0,0.5,0.25,1,-20.5,-20.5,-20.5,-20.5,-20.5,0.0,0.0,4,50.0,49.875,50.0,49.5,50.0,0.5,0.25,1,53.0,53.0,53.0,53.0,53.0,0.0,0.0
401415629,2022,regular,6,2022-10-05 23:00:00+00:00,2116,UCF,2567,SMU,4,-3.0,-3.0,-3.0,-3.0,-3.0,0.0,0.0,1,-3.5,-3.5,-3.5,-3.5,-3.5,0.0,0.0,4,65.0,64.875,65.0,64.5,65.0,0.5,0.25,1,65.0,65.0,65.0,65.0,65.0,0.0,0.0
401415630,2022,regular,6,2022-10-07 23:30:00+00:00,235,Memphis,248,Houston,4,-1.5,-1.375,-1.5,-1.5,-1.0,0.5,0.25,1,-3.0,-3.0,-3.0,-3.0,-3.0,0.0,0.0,4,57.5,57.625,57.5,57.5,58.0,0.5,0.25,1,57.5,57.5,57.5,57.5,57.5,0.0,0.0
401415631,2022,regular,6,2022-10-08 19:30:00+00:00,2655,Tulane,151,East Carolina,4,-2.5,-2.625,-2.5,-3.0,-2.5,0.5,0.25,1,-3.0,-3.0,-3.0,-3.0,-3.0,0.0,0.0,4,55.5,55.625,55.5,55.5,56.0,0.5,0.25,1,54.0,54.0,54.0,54.0,54.0,0.0,0.0
401415632,2022,regular,6,2022-10-08 19:30:00+00:00,2426,Navy,202,Tulsa,4,4.5,4.5,4.5,4.5,4.5,0.0,0.0,1,6.0,6.0,6.0,6.0,6.0,0.0,0.0,4,45.75,45.75,45.75,45.5,46.0,0.5,0.28867513459481287,1,47.0,47.0,47.0,47.0,47.0,0.0,0.0
401415633,2022,regular,6,2022-10-08 18:30:00+00:00,2132,Cincinnati,58,South Florida,4,-27.0,-27.0,-27.0,-27.0,-27.0,0.0,0.0,1,-27.5,-27.5,-27.5,-27.5,-27.5,0.0,0.0,4,58.5,58.5,58.5,58.5,58.5,0.0,0.0,1,59.0,59.0,59.0,59.0,59.0,0.0,0.0
401415634,2022,regular,7,2022-10-13 23:00:00+00:00,2116,UCF,218,Temple,4,-23.5,-23.5,-23.5,-23.5,-23.5,0.0,0.0,1,-24.5,-24.5,-24.5,-24.5,-24.5,0.0,0.0,4,46.5,46.5,46.5,46.5,46.5,0.0,0.0,1,46.0,46.0,46.0,46.0,46.0,0.0,0.0
401415635,2022,regular,7,2022-10-14 23:30:00+00:00,2567,SMU,2426,Navy,4,-12.5,-12.375,-12.5,-12.5,-12.0,0.5,0.25,1,-11.0,-11.0,-11.0,-11.0,-11.0,0.0,0.0,4,58.5,58.625,58.5,58.5,59.0,0.5,0.25,1,57.0,57.0,57.0,57.0,57.0,0.0,0.0
401415636,2022,regular,7,2022-10-15 20:00:00+00:00,58,South Florida,2655,Tulane,4,12.0,11.875,12.0,11.5,12.0,0.5,0.25,1,10.5,10.5,10.5,10.5,10.5,0.0,0.0,4,55.0,55.0,55.0,55.0,55.0,0.0,0.0,1,55.0,55.0,55.0,55.0,55.0,0.0,0.0
401415637,2022,regular,7,2022-10-15 23:30:00+00:00,151,East Carolina,235,Memphis,4,-5.5,-5.5,-5.5,-5.5,-5.5,0.0,0.0,1,-3.5,-3.5,-3.5,-3.5,-3.5,0.0,0.0,4,62.5,62.5,62.5,62.5,62.5,0.0,0.0,1,59.5,59.5,59.5,59.5,59.5,0.0,0.0
401415638,2022,regular,8,2022-10-21 23:30:00+00:00,218,Temple,202,Tulsa,4,13.5,13.625,13.5,13.5,14.0,0.5,0.25,1,13.0,13.0,13.0,13.0,13.0,0.0,0.0,4,53.5,53.5,53.5,53.5,53.5,0.0,0.0,1,52.5,52.5,52.5,52.5,52.5,0.0,0.0
401415639,2022,regular,8,2022-10-22 19:30:00+00:00,2655,Tulane,235,Memphis,4,-7.0,-7.0,-7.0,-7.0,-7.0,0.0,0.0,1,-6.0,-6.0,-6.0,-6.0,-6.0,0.0,0.0,4,55.5,55.5,55.5,55.5,55.5,0.0,0.0,1,56.0,56.0,56.0,56.0,56.0,0.0,0.0
401415640,2022,regular,8,2022-10-22 16:00:00+00:00,2426,Navy,248,Houston,4,3.0,3.0,3.0,3.0,3.0,0.0,0.0,1,3.0,3.0,3.0,3.0,3.0,0.0,0.0,4,51.0,50.875,51.0,50.5,51.0,0.5,0.25,1,53.0,53.0,53.0,53.0,53.0,0.0,0.0
401415641,2022,regular,8,2022-10-22 16:00:00+00:00,2567,SMU,2132,Cincinnati,4,3.5,3.625,3.5,3.5,4.0,0.5,0.25,1,3.0,3.0,3.0,3.0,3.0,0.0,0.0,4,59.5,59.5,59.5,59.5,59.5,0.0,0.0,1,62.5,62.5,62.5,62.5,62.5,0.0,0.0
401415642,2022,regular,8,2022-10-22 23:30:00+00:00,151,East Carolina,2116,UCF,4,5.5,5.5,5.5,5.0,6.0,1.0,0.408248290463863,1,4.5,4.5,4.5,4.5,4.5,0.0,0.0,4,63.0,63.125,63.0,63.0,63.5,0.5,0.25,1,64.5,64.5,64.5,64.5,64.5,0.0,0.0
401415643,2022,regular,9,2022-10-29 16:00:00+00:00,248,Houston,58,South Florida,4,-17.5,-17.375,-17.5,-17.5,-17.0,0.5,0.25,1,-18.0,-18.0,-18.0,-18.0,-18.0,0.0,0.0,4,59.0,59.125,59.0,59.0,59.5,0.5,0.25,1,62.0,62.0,62.0,62.0,62.0,0.0,0.0
401415644,2022,regular,9,2022-10-29 19:30:00+00:00,2116,UCF,2132,Cincinnati,4,-1.5,-1.5,-1.5,-1.5,-1.5,0.0,0.0,1,0.0,0.0,0.0,0.0,0.0,0.0,0.0,4,55.5,55.625,55.5,55.5,56.0,0.5,0.25,1,55.5,55.5,55.5,55.5,55.5,0.0,0.0
401415645,2022,regular,9,2022-10-29 00:00:00+00:00,252,BYU,151,East Carolina,4,-3.0,-3.125,-3.0,-3.5,-3.0,0.5,0.25,1,-3.0,-3.0,-3.0,-3.0,-3.0,0.0,0.0,4,64.0,64.0,64.0,64.0,64.0,0.0,0.0,1,60.5,60.5,60.5,60.5,60.5,0.0,0.0
401415646,2022,regular,9,2022-10-29 19:30:00+00:00,2426,Navy,218,Temple,4,-14.5,-14.5,-14.5,-14.5,-14.5,0.0,0.0,1,-13.5,-13.5,-13.5,-13.5,-13.5,0.0,0.0,4,41.5,41.375,41.5,41.0,41.5,0.5,0.25,1,39.5,39.5,39.5,39.5,39.5,0.0,0.0
401415647,2022,regular,9,2022-10-29 19:30:00+00:00,202,Tulsa,2567,SMU,4,1.0,1.125,1.0,1.0,1.5,0.5,0.25,1,3.0,3.0,3.0,3.0,3.0,0.0,0.0,4,63.5,63.5,63.5,63.5,63.5,0.0,0.0,1,66.5,66.5,66.5,66.5,66.5,0.0,0.0
401415648,2022,regular,10,2022-11-05 18:00:00+00:00,218,Temple,58,South Florida,4,3.5,3.5,3.5,3.5,3.5,0.0,0.0,1,3.5,3.5,3.5,3.5,3.5,0.0,0.0,4,49.0,49.0,49.0,49.0,49.0,0.0,0.0,1,51.5,51.5,51.5,51.5,51.5,0.0,0.0
401415649,2022,regular,10,2022-11-05 16:00:00+00:00,202,Tulsa,2655,Tulane,4,6.5,6.625,6.5,6.5,7.0,0.5,0.25,1,8.5,8.5,8.5,8.5,8.5,0.0,0.0,4,56.0,55.875,56.0,55.5,56.0,0.5,0.25,1,58.5,58.5,58.5,58.5,58.5,0.0,0.0
401415650,2022,regular,10,2022-11-05 20:00:00+00:00,2132,Cincinnati,2426,Navy,4,-18.5,-18.5,-18.5,-18.5,-18.5,0.0,0.0,1,-20.5,-20.5,-20.5,-20.5,-20.5,0.0,0.0,4,43.5,43.5,43.5,43.5,43.5,0.0,0.0,1,48.5,48.5,48.5,48.5,48.5,0.0,0.0
401415651,2022,regular,10,2022-11-05 19:30:00+00:00,235,Memphis,2116,UCF,4,3.0,3.0,3.0,3.0,3.0,0.0,0.0,1,5.0,5.0,5.0,5.0,5.0,0.0,0.0,4,60.5,60.5,60.5,60.5,60.5,0.0,0.0,1,61.5,61.5,61.5,61.5,61.5,0.0,0.0
401415652,2022,regular,10,2022-11-05 23:00:00+00:00,2567,SMU,248,Houston,4,-3.5,-3.5,-3.5,-3.5,-3.5,0.0,0.0,1,-2.5,-2.5,-2.5,-2.5,-2.5,0.0,0.0,4,66.0,65.875,66.0,65.5,66.0,0.5,0.25,1,67.5,67.5,67.5,67.5,67.5,0.0,0.0
401415653,2022,regular,11,2022-11-11 00:30:00+00:00,235,Memphis,202,Tulsa,4,-6.5,-6.625,-6.5,-7.0,-6.5,0.5,0.25,1,-6.5,-6.5,-6.5,-6.5,-6.5,0.0,0.0,4,62.5,62.375,62.5,62.0,62.5,0.5,0.25,1,62.5,62.5,62.5,62.5,62.5,0.0,0.0
401415654,2022,regular,11,2022-11-12 01:00:00+00:00,2132,Cincinnati,151,East Carolina,4,-4.5,-4.625,-4.5,-5.0,-4.5,0.5,0.25,1,-6.5,-6.5,-6.5,-6.5,-6.5,0.0,0.0,4,51.5,51.375,51.5,51.0,51.5,0.5,0.25,1,53.5,53.5,53.5,53.5,53.5,0.0,0.0
401415655,2022,regular,11,2022-11-12 20:00:00+00:00,248,Houston,218,Temple,4,-20.0,-20.0,-20.0,-20.0,-20.0,0.0,0.0,1,-20.0,-20.0,-20.0,-20.0,-20.0,0.0,0.0,4,56.0,55.75,56.0,55.0,56.0,1.0,0.5,1,58.0,58.0,58.0,58.0,58.0,0.0,0.0
401415656,2022,regular,11,2022-11-12 17:00:00+00:00,58,South Florida,2567,SMU,4,17.5,17.5,17.5,17.5,17.5,0.0,0.0,1,17.0,17.0,17.0,17.0,17.0,0.0,0.0,4,72.5,72.5,72.5,72.5,72.5,0.0,0.0,1,74.5,74.5,74.5,74.5,74.5,0.0,0.0
401415657,2022,regular,11,2022-11-12 20:30:00+00:00,2655,Tulane,2116,UCF,4,-1.0,-1.0,-1.0,-1.0,-1.0,0.0,0.0,1,-2.0,-2.0,-2.0,-2.0,-2.0,0.0,0.0,4,54.5,54.5,54.5,54.5,54.5,0.0,0.0,1,51.5,51.5,51.5,51.5,51.5,0.0,0.0
401415658,2022,regular,12,2022-11-18 00:30:00+00:00,2655,Tulane,2567,SMU,4,-3.5,-3.5,-3.5,-3.5,-3.5,0.0,0.0,1,-3.0,-3.0,-3.0,-3.0,-3.0,0.0,0.0,4,65.0,65.0,65.0,65.0,65.0,0.0,0.0,1,65.0,65.0,65.0,65.0,65.0,0.0,0.0
401415659,2022,regular,12,2022-11-19 02:00:00+00:00,202,Tulsa,58,South Florida,4,-13.75,-13.625,-13.75,-14.0,-13.0,1.0,0.47871355387816905,1,-12.0,-12.0,-12.0,-12.0,-12.0,0.0,0.0,4,57.5,57.5,57.5,57.5,57.5,0.0,0.0,1,60.5,60.5,60.5,60.5,60.5,0.0,0.0
401415660,2022,regular,12,2022-11-19 19:00:00+00:00,151,East Carolina,248,Houston,4,-6.0,-6.0,-6.0,-6.0,-6.0,0.0,0.0,1,-6.5,-6.5,-6.5,-6.5,-6.5,0.0,0.0,4,66.5,66.5,66.5,66.5,66.5,0.0,0.0,1,67.0,67.0,67.0,67.0,67.0,0.0,0.0
401415661,2022,regular,12,2022-11-19 16:00:00+00:00,2116,UCF,2426,Navy,4,-15.25,-15.125,-15.25,-15.5,-14.5,1.0,0.47871355387816905,1,-16.5,-16.5,-16.5,-16.5,-16.5,0.0,0.0,4,53.0,53.0,53.0,53.0,53.0,0.0,0.0,1,53.5,53.5,53.5,53.5,53.5,0.0,0.0
401415662,2022,regular,12,2022-11-19 19:00:00+00:00,235,Memphis,2453,North Alabama,2,-36.0,-36.0,-36.0,-36.0,-36.0,0.0,0.0,0,,,,,,,,2,67.5,67.5,67.5,67.5,67.5,0.0,0.0,0,,,,,,,
401415663,2022,regular,12,2022-11-19 21:00:00+00:00,218,Temple,2132,Cincinnati,4,17.0,17.0,17.0,17.0,17.0,0.0,0.0,1,18.0,18.0,18.0,18.0,18.0,0.0,0.0,4,49.0,48.875,49.0,48.5,49.0,0.5,0.25,1,54.0,54.0,54.0,54.0,54.0,0.0,0.0
401415664,2022,regular,13,2022-11-26 18:00:00+00:00,218,Temple,151,East Carolina,4,9.5,9.5,9.5,9.5,9.5,0.0,0.0,1,12.5,12.5,12.5,12.5,12.5,0.0,0.0,4,52.0,52.0,52.0,52.0,52.0,0.0,0.0,1,50.5,50.5,50.5,50.5,50.5,0.0,0.0
401415665,2022,regular,13,2022-11-25 17:00:00+00:00,2132,Cincinnati,2655,Tulane,4,1.0,1.0,1.0,1.0,1.0,0.0,0.0,1,-2.5,-2.5,-2.5,-2.5,-2.5,0.0,0.0,4,44.0,44.125,44.0,44.0,44.5,0.5,0.25,1,47.5,47.5,47.5,47.5,47.5,0.0,0.0
401415666,2022,regular,13,2022-11-26 20:30:00+00:00,2567,SMU,235,Memphis,4,-4.5,-4.5,-4.5,-4.5,-4.5,0.0,0.0,1,-4.0,-4.0,-4.0,-4.0,-4.0,0.0,0.0,4,68.5,68.625,68.5,68.5,69.0,0.5,0.25,1,71.5,71.5,71.5,71.5,71.5,0.0,0.0
401415667,2022,regular,13,2022-11-27 00:00:00+00:00,58,South Florida,2116,UCF,4,20.0,20.0,20.0,20.0,20.0,0.0,0.0,1,20.0,20.0,20.0,20.0,20.0,0.0,0.0,4,67.5,67.375,67.5,67.0,67.5,0.5,0.25,1,69.5,69.5,69.5,69.5,69.5,0.0,0.0
401415668,2022,regular,13,2022-11-27 00:30:00+00:00,248,Houston,202,Tulsa,4,-13.0,-13.0,-13.0,-13.0,-13.0,0.0,0.0,1,-12.0,-12.0,-12.0,-12.0,-12.0,0.0,0.0,4,67.0,66.875,67.0,66.5,67.0,0.5,0.25,1,67.5,67.5,67.5,67.5,67.5,0.0,0.0
401416569,2022,regular,1,2022-09-01 23:00:00+00:00,197,Oklahoma State,2117,Central Michigan,4,-20.5,-20.75,-20.5,-21.5,-20.5,1.0,0.5,1,-18.5,-18.5,-18.5,-18.5,-18.5,0.0,0.0,4,58.0,57.875,58.0,57.5,58.0,0.5,0.25,1,59.5,59.5,59.5,59.5,59.5,0.0,0.0
401416590,2022,regular,1,2022-09-02 23:00:00+00:00,2199,Eastern Michigan,2198,Eastern Kentucky,3,-10.5,-10.833333333333334,-10.5,-11.5,-10.5,1.0,0.5773502691896257,1,-13.0,-13.0,-13.0,-13.0,-13.0,0.0,0.0,3,57.5,57.666666666666664,57.5,57.5,58.0,0.5,0.28867513459481287,1,58.0,58.0,58.0,58.0,58.0,0.0,0.0
401416591,2022,regular,1,2022-09-02 23:00:00+00:00,127,Michigan State,2711,Western Michigan,4,-21.75,-21.75,-21.75,-22.0,-21.5,0.5,0.28867513459481287,1,-19.0,-19.0,-19.0,-19.0,-19.0,0.0,0.0,4,54.5,54.5,54.5,54.5,54.5,0.0,0.0,1,54.5,54.5,54.5,54.5,54.5,0.0,0.0
401416592,2022,regular,1,2022-09-02 00:00:00+00:00,2459,Northern Illinois,2197,Eastern Illinois,3,-35.0,-35.0,-35.0,-35.0,-35.0,0.0,0.0,1,-35.0,-35.0,-35.0,-35.0,-35.0,0.0,0.0,3,55.5,55.5,55.5,55.5,55.5,0.0,0.0,1,54.0,54.0,54.0,54.0,54.0,0.0,0.0
401416594,2022,regular,2,2022-09-10 18:00:00+00:00,2050,Ball State,2711,Western Michigan,4,6.5,6.5,6.5,6.5,6.5,0.0,0.0,1,6.5,6.5,6.5,6.5,6.5,0.0,0.0,4,51.5,51.625,51.5,51.5,52.0,0.5,0.25,1,55.5,55.5,55.5,55.5,55.5,0.0,0.0
401416595,2022,regular,2,2022-09-10 20:00:00+00:00,189,Bowling Green,2198,Eastern Kentucky,2,-7.5,-7.5,-7.5,-7.5,-7.5,0.0,0.0,0,,,,,,,,2,57.0,57.0,57.0,57.0,57.0,0.0,0.0,0,,,,,,,
401416596,2022,regular,2,2022-09-10 22:00:00+00:00,2084,Buffalo,107,Holy Cross,2,-6.0,-6.0,-6.0,-6.0,-6.0,0.0,0.0,0,,,,,,,,2,51.5,51.5,51.5,51.5,51.5,0.0,0.0,0,,,,,,,
401416597,2022,regular,2,2022-09-10 17:00:00+00:00,2117,Central Michigan,6,South Alabama,4,-6.0,-6.0,-6.0,-6.0,-6.0,0.0,0.0,1,-6.5,-6.5,-6.5,-6.5,-6.5,0.0,0.0,4,57.5,57.5,57.5,57.5,57.5,0.0,0.0,1,59.0,59.0,59.0,59.0,59.0,0.0,0.0
401416598,2022,regular,2,2022-09-10 23:00:00+00:00,309,Louisiana,2199,Eastern Michigan,4,-11.0,-11.0,-11.0,-11.0,-11.0,0.0,0.0,1,-11.0,-11.0,-11.0,-11.0,-11.0,0.0,0.0,4,56.0,56.0,56.0,56.0,56.0,0.0,0.0,1,56.0,56.0,56.0,56.0,56.0,0.0,0.0
401416599,2022,regular,2,2022-09-10 22:00:00+00:00,193,Miami (OH),2523,Robert Morris,2,-30.0,-30.0,-30.0,-30.0,-30.0,0.0,0.0,0,,,,,,,,2,54.0,54.0,54.0,54.0,54.0,0.0,0.0,0,,,,,,,
401416600,2022,regular,3,2022-09-17 18:00:00+00:00,2050,Ball State,93,Murray State,3,-21.0,-21.0,-21.0,-21.0,-21.0,0.0,0.0,1,-21.0,-21.0,-21.0,-21.0,-21.0,0.0,0.0,3,53.0,53.0,53.0,53.0,53.0,0.0,0.0,1,53.0,53.0,53.0,53.0,53.0,0.0,0.0
401416601,2022,regular,3,2022-09-17 17:00:00+00:00,324,Coastal Carolina,2084,Buffalo,4,-12.0,-11.875,-12.0,-12.0,-11.5,0.5,0.25,1,-18.5,-18.5,-18.5,-18.5,-18.5,0.0,0.0,4,59.75,59.75,59.75,59.5,60.0,0.5,0.28867513459481287,1,58.0,58.0,58.0,58.0,58.0,0.0,0.0
401416602,2022,regular,3,2022-09-17 17:00:00+00:00,2117,Central Michigan,2083,Bucknell,3,-41.0,-40.833333333333336,-41.0,-41.0,-40.5,0.5,0.28867513459481287,1,-41.0,-41.0,-41.0,-41.0,-41.0,0.0,0.0,3,59.0,59.0,59.0,59.0,59.0,0.0,0.0,1,59.0,59.0,59.0,59.0,59.0,0.0,0.0
401416603,2022,regular,3,2022-09-17 16:00:00+00:00,2309,Kent State,2341,Long Island University,3,-40.0,-40.0,-40.0,-40.0,-40.0,0.0,0.0,1,-40.0,-40.0,-40.0,-40.0,-40.0,0.0,0.0,3,64.5,64.66666666666667,64.5,64.5,65.0,0.5,0.28867513459481287,1,65.0,65.0,65.0,65.0,65.0,0.0,0.0
401416604,2022,regular,4,2022-09-24 16:00:00+00:00,2199,Eastern Michigan,2084,Buffalo,4,-6.5,-6.625,-6.5,-7.0,-6.5,0.5,0.25,1,-4.5,-4.5,-4.5,-4.5,-4.5,0.0,0.0,4,57.5,57.375,57.5,57.0,57.5,0.5,0.25,1,60.5,60.5,60.5,60.5,60.5,0.0,0.0
401416605,2022,regular,4,2022-09-24 22:00:00+00:00,290,Georgia Southern,2050,Ball State,4,-9.5,-9.5,-9.5,-9.5,-9.5,0.0,0.0,1,-8.5,-8.5,-8.5,-8.5,-8.5,0.0,0.0,4,67.0,67.125,67.0,67.0,67.5,0.5,0.25,1,61.5,61.5,61.5,61.5,61.5,0.0,0.0
401416606,2022,regular,4,2022-09-24 18:00:00+00:00,195,Ohio,2230,Fordham,2,-16.5,-16.5,-16.5,-16.5,-16.5,0.0,0.0,0,,,,,,,,2,74.0,74.0,74.0,73.5,74.5,1.0,0.7071067811865476,0,,,,,,,
401416607,2022,regular,5,2022-10-01 19:30:00+00:00,2649,Toledo,2117,Central Michigan,4,-6.5,-6.5,-6.5,-6.5,-6.5,0.0,0.0,1,-6.5,-6.5,-6.5,-6.5,-6.5,0.0,0.0,4,56.0,55.875,56.0,55.5,56.0,0.5,0.25,1,58.5,58.5,58.5,58.5,58.5,0.0,0.0
401416608,2022,regular,5,2022-10-01 18:00:00+00:00,2050,Ball State,2459,Northern Illinois,4,3.25,3.25,3.25,3.0,3.5,0.5,0.28867513459481287,1,3.5,3.5,3.5,3.5,3.5,0.0,0.0,4,58.5,58.5,58.5,58.5,58.5,0.0,0.0,1,60.0,60.0,60.0,60.0,60.0,0.0,0.0
401416609,2022,regular,5,2022-10-01 19:30:00+00:00,2006,Akron,189,Bowling Green,4,9.0,9.0,9.0,8.5,9.5,1.0,0.408248290463863,1,6.5,6.5,6.5,6.5,6.5,0.0,0.0,4,49.5,49.5,49.5,49.5,49.5,0.0,0.0,1,52.0,52.0,52.0,52.0,52.0,0.0,0.0
401416610,2022,regular,5,2022-10-01 19:30:00+00:00,2084,Buffalo,193,Miami (OH),4,-3.0,-3.0,-3.0,-3.0,-3.0,0.0,0.0,1,1.5,1.5,1.5,1.5,1.5,0.0,0.0,4,50.25,50.125,50.25,49.5,50.5,1.0,0.47871355387816905,1,52.5,52.5,52.5,52.5,52.5,0.0,0.0
401416611,2022,regular,5,2022-10-01 19:30:00+00:00,2309,Kent State,195,Ohio,4,-13.0,-12.875,-13.0,-13.0,-12.5,0.5,0.25,1,-7.0,-7.0,-7.0,-7.0,-7.0,0.0,0.0,4,65.5,65.5,65.5,65.5,65.5,0.0,0.0,1,69.0,69.0,69.0,69.0,69.0,0.0,0.0
401416612,2022,regular,5,2022-10-01 22:00:00+00:00,2711,Western Michigan,160,New Hampshire,2,-15.0,-15.0,-15.0,-15.0,-15.0,0.0,0.0,0,,,,,,,,2,52.5,52.5,52.5,52.5,52.5,0.0,0.0,0,,,,,,,
401416613,2022,regular,6,2022-10-08 19:30:00+00:00,2117,Central Michigan,2050,Ball State,4,-7.5,-7.5,-7.5,-7.5,-7.5,0.0,0.0,1,-9.0,-9.0,-9.0,-9.0,-9.0,0.0,0.0,4,63.5,63.375,63.5,63.0,63.5,0.5,0.25,1,64.0,64.0,64.0,64.0,64.0,0.0,0.0
401416614,2022,regular,6,2022-10-08 16:00:00+00:00,2711,Western Michigan,2199,Eastern Michigan,4,-4.5,-4.375,-4.5,-4.5,-4.0,0.5,0.25,1,-4.0,-4.0,-4.0,-4.0,-4.0,0.0,0.0,4,55.5,55.625,55.5,55.0,56.5,1.5,0.6291528696058958,1,58.0,58.0,58.0,58.0,58.0,0.0,0.0
401416615,2022,regular,6,2022-10-08 19:30:00+00:00,2459,Northern Illinois,2649,Toledo,4,6.5,6.5,6.5,6.5,6.5,0.0,0.0,1,6.0,6.0,6.0,6.0,6.0,0.0,0.0,4,59.0,59.125,59.0,59.0,59.5,0.5,0.25,1,60.0,60.0,60.0,60.0,60.0,0.0,0.0
401416616,2022,regular,6,2022-10-08 18:00:00+00:00,195,Ohio,2006,Akron,4,-10.0,-10.0,-10.0,-10.0,-10.0,0.0,0.0,1,-11.5,-11.5,-11.5,-11.5,-11.5,0.0,0.0,4,59.0,58.875,59.0,58.5,59.0,0.5,0.25,1,58.5,58.5,58.5,58.5,58.5,0.0,0.0
401416617,2022,regular,6,2022-10-08 16:00:00+00:00,189,Bowling Green,2084,Buffalo,4,2.0,2.0,2.0,2.0,2.0,0.0,0.0,1,-1.5,-1.5,-1.5,-1.5,-1.5,0.0,0.0,4,55.75,55.625,55.75,54.5,56.5,2.0,0.8539125638299665,1,55.5,55.5,55.5,55.5,55.5,0.0,0.0
401416618,2022,regular,6,2022-10-08 19:30:00+00:00,193,Miami (OH),2309,Kent State,4,5.0,5.125,5.0,5.0,5.5,0.5,0.25,1,3.5,3.5,3.5,3.5,3.5,0.0,0.0,4,56.5,56.5,56.5,56.5,56.5,0.0,0.0,1,57.5,57.5,57.5,57.5,57.5,0.0,0.0
401416619,2022,regular,7,2022-10-15 16:00:00+00:00,2006,Akron,2117,Central Michigan,4,12.0,12.0,12.0,12.0,12.0,0.0,0.0,1,13.5,13.5,13.5,13.5,13.5,0.0,0.0,4,60.5,60.5,60.5,60.5,60.5,0.0,0.0,1,58.5,58.5,58.5,58.5,58.5,0.0,0.0
401416620,2022,regular,7,2022-10-15 19:30:00+00:00,2199,Eastern Michigan,2459,Northern Illinois,4,-3.5,-3.5,-3.5,-3.5,-3.5,0.0,0.0,1,-3.0,-3.0,-3.0,-3.0,-3.0,0.0,0.0,4,64.25,64.25,64.25,64.0,64.5,0.5,0.28867513459481287,1,63.0,63.0,63.0,63.0,63.0,0.0,0.0
401416621,2022,regular,7,2022-10-15 19:30:00+00:00,2649,Toledo,2309,Kent State,4,-7.0,-7.125,-7.0,-7.5,-7.0,0.5,0.25,1,-9.0,-9.0,-9.0,-9.0,-9.0,0.0,0.0,4,62.5,62.5,62.5,62.5,62.5,0.0,0.0,1,62.0,62.0,62.0,62.0,62.0,0.0,0.0
401416622,2022,regular,7,2022-10-15 16:00:00+00:00,189,Bowling Green,193,Miami (OH),4,7.0,7.0,7.0,7.0,7.0,0.0,0.0,1,7.0,7.0,7.0,7.0,7.0,0.0,0.0,4,45.0,45.0,45.0,45.0,45.0,0.0,0.0,1,47.5,47.5,47.5,47.5,47.5,0.0,0.0
401416623,2022,regular,7,2022-10-15 19:30:00+00:00,2711,Western Michigan,195,Ohio,4,-2.0,-2.0,-2.0,-2.0,-2.0,0.0,0.0,1,-2.0,-2.0,-2.0,-2.0,-2.0,0.0,0.0,4,61.5,61.5,61.5,61.5,61.5,0.0,0.0,1,60.0,60.0,60.0,60.0,60.0,0.0,0.0
401416624,2022,regular,8,2022-10-22 18:00:00+00:00,2050,Ball State,2199,Eastern Michigan,4,-2.5,-2.5,-2.5,-2.5,-2.5,0.0,0.0,1,-3.0,-3.0,-3.0,-3.0,-3.0,0.0,0.0,4,57.5,57.5,57.5,57.5,57.5,0.0,0.0,1,57.5,57.5,57.5,57.5,57.5,0.0,0.0
401416625,2022,regular,8,2022-10-22 18:00:00+00:00,195,Ohio,2459,Northern Illinois,4,2.5,2.5,2.5,2.5,2.5,0.0,0.0,1,1.5,1.5,1.5,1.5,1.5,0.0,0.0,4,65.5,65.625,65.5,65.5,66.0,0.5,0.25,1,65.5,65.5,65.5,65.5,65.5,0.0,0.0
401416626,2022,regular,8,2022-10-22 17:00:00+00:00,2084,Buffalo,2649,Toledo,4,7.0,7.125,7.0,7.0,7.5,0.5,0.25,1,7.5,7.5,7.5,7.5,7.5,0.0,0.0,4,56.0,56.0,56.0,56.0,56.0,0.0,0.0,1,62.0,62.0,62.0,62.0,62.0,0.0,0.0
401416627,2022,regular,8,2022-10-22 19:30:00+00:00,193,Miami (OH),2711,Western Michigan,1,-7.0,-7.0,-7.0,-7.0,-7.0,0.0,0.0,1,-5.5,-5.5,-5.5,-5.5,-5.5,0.0,0.0,1,44.0,44.0,44.0,44.0,44.0,0.0,0.0,1,45.5,45.5,45.5,45.5,45.5,0.0,0.0
401416628,2022,regular,8,2022-10-22 16:00:00+00:00,2309,Kent State,2006,Akron,4,-15.75,-15.625,-15.75,-16.0,-15.0,1.0,0.47871355387816905,1,-19.5,-19.5,-19.5,-19.5,-19.5,0.0,0.0,4,65.0,65.0,65.0,65.0,65.0,0.0,0.0,1,67.0,67.0,67.0,67.0,67.0,0.0,0.0
401416629,2022,regular,8,2022-10-22 17:00:00+00:00,2117,Central Michigan,189,Bowling Green,4,-6.0,-6.0,-6.0,-6.5,-5.5,1.0,0.408248290463863,1,-7.5,-7.5,-7.5,-7.5,-7.5,0.0,0.0,4,50.5,50.625,50.5,50.5,51.0,0.5,0.25,1,50.5,50.5,50.5,50.5,50.5,0.0,0.0
401416630,2022,regular,9,2022-10-29 16:00:00+00:00,2199,Eastern Michigan,2649,Toledo,4,4.0,4.125,4.0,4.0,4.5,0.5,0.25,1,8.5,8.5,8.5,8.5,8.5,0.0,0.0,4,54.0,54.25,54.0,54.0,55.0,1.0,0.5,1,58.0,58.0,58.0,58.0,58.0,0.0,0.0
401416631,2022,regular,9,2022-10-29 16:00:00+00:00,2006,Akron,193,Miami (OH),4,9.0,9.125,9.0,9.0,9.5,0.5,0.25,1,9.0,9.0,9.0,9.0,9.0,0.0,0.0,4,51.5,51.5,51.5,51.5,51.5,0.0,0.0,1,46.0,46.0,46.0,46.0,46.0,0.0,0.0
401416632,2022,regular,10,2022-11-01 23:00:00+00:00,2309,Kent State,2050,Ball State,4,-7.0,-7.0,-7.0,-7.0,-7.0,0.0,0.0,1,-4.0,-4.0,-4.0,-4.0,-4.0,0.0,0.0,4,61.75,61.75,61.75,61.5,62.0,0.5,0.28867513459481287,1,61.5,61.5,61.5,61.5,61.5,0.0,0.0
401416633,2022,regular,10,2022-11-01 23:30:00+00:00,195,Ohio,2084,Buffalo,4,2.5,2.5,2.5,2.5,2.5,0.0,0.0,1,3.0,3.0,3.0,3.0,3.0,0.0,0.0,4,61.0,61.0,61.0,60.5,61.5,1.0,0.408248290463863,1,58.5,58.5,58.5,58.5,58.5,0.0,0.0
401416634,2022,regular,10,2022-11-02 23:00:00+00:00,2459,Northern Illinois,2117,Central Michigan,4,-4.5,-4.875,-4.5,-6.0,-4.5,1.5,0.75,1,-4.0,-4.0,-4.0,-4.0,-4.0,0.0,0.0,4,54.0,54.625,54.0,53.5,57.0,3.5,1.6007810593582121,1,55.5,55.5,55.5,55.5,55.5,0.0,0.0
401416635,2022,regular,10,2022-11-02 23:00:00+00:00,189,Bowling Green,2711,Western Michigan,4,-5.0,-5.0,-5.0,-5.0,-5.0,0.0,0.0,1,-3.5,-3.5,-3.5,-3.5,-3.5,0.0,0.0,4,48.0,47.875,48.0,47.5,48.0,0.5,0.25,1,47.0,47.0,47.0,47.0,47.0,0.0,0.0
401416636,2022,regular,11,2022-11-09 01:00:00+00:00,2649,Toledo,2050,Ball State,4,-13.5,-13.0,-13.5,-14.0,-11.0,3.0,1.35400640077266,1,-12.0,-12.0,-12.0,-12.0,-12.0,0.0,0.0,4,53.5,52.625,53.5,50.0,53.5,3.5,1.75,1,51.5,51.5,51.5,51.5,51.5,0.0,0.0
401416637,2022,regular,11,2022-11-09 00:00:00+00:00,2006,Akron,2199,Eastern Michigan,4,6.25,6.25,6.25,6.0,6.5,0.5,0.28867513459481287,1,9.0,9.0,9.0,9.0,9.0,0.0,0.0,4,57.25,57.25,57.25,57.0,57.5,0.5,0.28867513459481287,1,55.5,55.5,55.5,55.5,55.5,0.0,0.0
401416638,2022,regular,11,2022-11-09 00:30:00+00:00,193,Miami (OH),195,Ohio,4,2.5,2.375,2.5,2.0,2.5,0.5,0.25,1,1.0,1.0,1.0,1.0,1.0,0.0,0.0,4,52.0,52.0,52.0,52.0,52.0,0.0,0.0,1,50.5,50.5,50.5,50.5,50.5,0.0,0.0
401416639,2022,regular,11,2022-11-10 00:00:00+00:00,2711,Western Michigan,2459,Northern Illinois,4,0.5,0.5,0.5,0.0,1.0,1.0,0.5773502691896257,1,0.0,0.0,0.0,0.0,0.0,0.0,0.0,4,49.0,49.0,49.0,49.0,49.0,0.0,0.0,1,52.0,52.0,52.0,52.0,52.0,0.0,0.0
401416640,2022,regular,11,2022-11-10 00:00:00+00:00,2117,Central Michigan,2084,Buffalo,4,-2.75,-2.75,-2.75,-3.0,-2.5,0.5,0.28867513459481287,1,0.0,0.0,0.0,0.0,0.0,0.0,0.0,4,54.0,54.0,54.0,54.0,54.0,0.0,0.0,1,55.5,55.5,55.5,55.5,55.5,0.0,0.0
401416641,2022,regular,11,2022-11-10 00:00:00+00:00,189,Bowling Green,2309,Kent State,4,2.75,2.75,2.75,2.5,3.0,0.5,0.28867513459481287,1,2.5,2.5,2.5,2.5,2.5,0.0,0.0,4,55.75,55.75,55.75,55.5,56.0,0.5,0.28867513459481287,1,57.5,57.5,57.5,57.5,57.5,0.0,0.0
401416642,2022,regular,12,2022-11-16 00:00:00+00:00,2649,Toledo,189,Bowling Green,4,-14.5,-14.625,-14.5,-15.0,-14.5,0.5,0.25,1,-15.0,-15.0,-15.0,-15.0,-15.0,0.0,0.0,4,46.5,46.625,46.5,46.5,47.0,0.5,0.25,1,50.5,50.5,50.5,50.5,50.5,0.0,0.0
401416643,2022,regular,12,2022-11-16 00:00:00+00:00,2050,Ball State,195,Ohio,4,3.5,3.5,3.5,3.5,3.5,0.0,0.0,1,4.5,4.5,4.5,4.5,4.5,0.0,0.0,4,57.5,57.625,57.5,57.5,58.0,0.5,0.25,1,53.0,53.0,53.0,53.0,53.0,0.0,0.0
401416644,2022,regular,12,2022-11-16 23:00:00+00:00,2309,Kent State,2199,Eastern Michigan,4,-7.5,-7.625,-7.5,-8.0,-7.5,0.5,0.25,1,-7.0,-7.0,-7.0,-7.0,-7.0,0.0,0.0,4,60.0,60.0,60.0,60.0,60.0,0.0,0.0,1,61.5,61.5,61.5,61.5,61.5,0.0,0.0
401416645,2022,regular,12,2022-11-17 01:00:00+00:00,2117,Central Michigan,2711,Western Michigan,4,-10.0,-10.0,-10.0,-10.0,-10.0,0.0,0.0,1,-9.5,-9.5,-9.5,-9.5,-9.5,0.0,0.0,4,48.75,48.75,48.75,48.5,49.0,0.5,0.28867513459481287,1,50.0,50.0,50.0,50.0,50.0,0.0,0.0
401416646,2022,regular,12,2022-11-17 00:00:00+00:00,2459,Northern Illinois,193,Miami (OH),4,-0.5,-0.5,-0.5,-1.0,0.0,1.0,0.5773502691896257,1,-3.0,-3.0,-3.0,-3.0,-3.0,0.0,0.0,4,44.0,44.125,44.0,44.0,44.5,0.5,0.25,1,48.0,48.0,48.0,48.0,48.0,0.0,0.0
401416648,2022,regular,13,2022-11-23 00:00:00+00:00,193,Miami (OH),2050,Ball State,4,-2.5,-2.5,-2.5,-2.5,-2.5,0.0,0.0,1,-2.0,-2.0,-2.0,-2.0,-2.0,0.0,0.0,4,45.0,45.0,45.0,45.0,45.0,0.0,0.0,1,44.5,44.5,44.5,44.5,44.5,0.0,0.0
401416649,2022,regular,13,2022-11-23 00:00:00+00:00,195,Ohio,189,Bowling Green,4,-5.5,-5.5,-5.5,-5.5,-5.5,0.0,0.0,1,-7.0,-7.0,-7.0,-7.0,-7.0,0.0,0.0,4,52.5,52.5,52.5,52.5,52.5,0.0,0.0,1,55.0,55.0,55.0,55.0,55.0,0.0,0.0
401416650,2022,regular,13,2022-11-25 17:00:00+00:00,2199,Eastern Michigan,2117,Central Michigan,4,-1.0,-1.0,-1.0,-1.0,-1.0,0.0,0.0,1,1.5,1.5,1.5,1.5,1.5,0.0,0.0,4,53.5,53.375,53.5,53.0,53.5,0.5,0.25,1,54.0,54.0,54.0,54.0,54.0,0.0,0.0
401416651,2022,regular,13,2022-11-25 17:00:00+00:00,2711,Western Michigan,2649,Toledo,4,8.5,8.375,8.5,8.0,8.5,0.5,0.25,1,8.0,8.0,8.0,8.0,8.0,0.0,0.0,4,50.5,50.375,50.5,50.0,50.5,0.5,0.25,1,52.5,52.5,52.5,52.5,52.5,0.0,0.0
401416652,2022,regular,13,2022-11-26 18:30:00+00:00,2459,Northern Illinois,2006,Akron,4,-9.5,-9.5,-9.5,-9.5,-9.5,0.0,0.0,1,-9.5,-9.5,-9.5,-9.5,-9.5,0.0,0.0,4,52.0,51.875,52.0,51.5,52.0,0.5,0.25,1,54.0,54.0,54.0,54.0,54.0,0.0,0.0
401416653,2022,regular,13,2022-11-26 18:00:00+00:00,2084,Buffalo,2309,Kent State,4,-4.5,-4.5,-4.5,-4.5,-4.5,0.0,0.0,1,-4.5,-4.5,-4.5,-4.5,-4.5,0.0,0.0,4,51.0,51.0,51.0,51.0,51.0,0.0,0.0,1,53.0,53.0,53.0,53.0,53.0,0.0,0.0
401418597,2022,regular,5,2022-10-01 17:00:00+00:00,108,Harvard,107,Holy Cross,2,6.5,6.5,6.5,6.5,6.5,0.0,0.0,0,,,,,,,,2,46.5,46.5,46.5,46.5,46.5,0.0,0.0,0,,,,,,,
401418598,2022,regular,7,2022-10-15 20:00:00+00:00,47,Howard,108,Harvard,2,17.25,17.25,17.25,17.0,17.5,0.5,0.3535533905932738,0,,,,,,,,2,54.5,54.5,54.5,54.5,54.5,0.0,0.0,0,,,,,,,
401418599,2022,regular,8,2022-10-21 23:00:00+00:00,108,Harvard,163,Princeton,2,2.0,2.0,2.0,1.5,2.5,1.0,0.7071067811865476,0,,,,,,,,2,47.0,47.0,47.0,47.0,47.0,0.0,0.0,0,,,,,,,
401418600,2022,regular,9,2022-10-29 17:30:00+00:00,159,Dartmouth,108,Harvard,1,2.5,2.5,2.5,2.5,2.5,0.0,0.0,0,,,,,,,,1,53.5,53.5,53.5,53.5,53.5,0.0,0.0,0,,,,,,,
401418601,2022,regular,11,2022-11-12 18:00:00+00:00,219,Pennsylvania,108,Harvard,1,-2.5,-2.5,-2.5,-2.5,-2.5,0.0,0.0,0,,,,,,,,1,44.5,44.5,44.5,44.5,44.5,0.0,0.0,0,,,,,,,
401418602,2022,regular,12,2022-11-19 17:00:00+00:00,108,Harvard,43,Yale,2,-1.5,-1.5,-1.5,-1.5,-1.5,0.0,0.0,0,,,,,,,,2,52.5,52.5,52.5,52.5,52.5,0.0,0.0,0,,,,,,,
401418603,2022,regular,3,2022-09-17 17:30:00+00:00,159,Dartmouth,2674,Valparaiso,2,-31.75,-31.75,-31.75,-32.5,-31.0,1.5,1.0606601717798212,1,-32.5,-32.5,-32.5,-32.5,-32.5,0.0,0.0,2,48.0,48.0,48.0,47.5,48.5,1.0,0.7071067811865476,1,49.5,49.5,49.5,49.5,49.5,0.0,0.0
401418605,2022,regular,5,2022-10-01 03:00:00+00:00,159,Dartmouth,219,Pennsylvania,2,-13.75,-13.75,-13.75,-14.0,-13.5,0.5,0.3535533905932738,0,,,,,,,,2,43.5,43.5,43.5,43.5,43.5,0.0,0.0,0,,,,,,,
401418606,2022,regular,6,2022-10-08 16:00:00+00:00,43,Yale,159,Dartmouth,2,-4.5,-4.5,-4.5,-4.5,-4.5,0.0,0.0,0,,,,,,,,2,50.0,50.0,50.0,50.0,50.0,0.0,0.0,0,,,,,,,
401418607,2022,regular,7,2022-10-15 17:30:00+00:00,159,Dartmouth,160,New Hampshire,2,-3.0,-3.0,-3.0,-3.0,-3.0,0.0,0.0,0,,,,,,,,2,48.0,48.0,48.0,48.0,48.0,0.0,0.0,0,,,,,,,
401418608,2022,regular,10,2022-11-05 17:00:00+00:00,163,Princeton,159,Dartmouth,1,-16.5,-16.5,-16.5,-16.5,-16.5,0.0,0.0,0,,,,,,,,1,42.5,42.5,42.5,42.5,42.5,0.0,0.0,0,,,,,,,
401418609,2022,regular,1,2022-09-03 23:00:00+00:00,2046,Austin Peay,2506,Presbyterian,2,-36.0,-36.0,-36.0,-36.0,-36.0,0.0,0.0,0,,,,,,,,2,61.5,61.5,61.5,61.5,61.5,0.0,0.0,0,,,,,,,
401418631,2022,regular,3,2022-09-17 19:00:00+00:00,2010,Alabama A&M,2046,Austin Peay,2,19.5,19.5,19.5,19.0,20.0,1.0,0.7071067811865476,0,,,,,,,,2,65.5,65.5,65.5,65.5,65.5,0.0,0.0,0,,,,,,,
401418632,2022,regular,4,2022-09-24 20:00:00+00:00,2046,Austin Peay,2198,Eastern Kentucky,2,-1.5,-1.5,-1.5,-1.5,-1.5,0.0,0.0,0,,,,,,,,2,63.5,63.5,63.5,63.5,63.5,0.0,0.0,0,,,,,,,
401418633,2022,regular,5,2022-10-01 21:00:00+00:00,2110,Central Arkansas,2046,Austin Peay,2,6.5,6.5,6.5,6.5,6.5,0.0,0.0,0,,,,,,,,2,55.0,55.0,55.0,55.0,55.0,0.0,0.0,0,,,,,,,
401418634,2022,regular,7,2022-10-15 20:00:00+00:00,2046,Austin Peay,93,Murray State,1,-23.5,-23.5,-23.5,-23.5,-23.5,0.0,0.0,0,,,,,,,,1,52.5,52.5,52.5,52.5,52.5,0.0,0.0,0,,,,,,,
401418635,2022,regular,10,2022-11-05 21:00:00+00:00,2453,North Alabama,2046,Austin Peay,2,13.0,13.0,13.0,12.5,13.5,1.0,0.7071067811865476,0,,,,,,,,2,63.5,63.5,63.5,63.0,64.0,1.0,0.7071067811865476,0,,,,,,,
401418637,2022,regular,3,2022-09-17 22:00:00+00:00,2198,Eastern Kentucky,2127,Charleston Southern,2,-18.0,-18.0,-18.0,-18.0,-18.0,0.0,0.0,0,,,,,,,,2,59.5,59.5,59.5,59.5,59.5,0.0,0.0,0,,,,,,,
401418638,2022,regular,5,2022-10-01 22:00:00+00:00,2198,Eastern Kentucky,253,Southern Utah,2,-14.5,-14.5,-14.5,-14.5,-14.5,0.0,0.0,0,,,,,,,,2,58.0,58.0,58.0,58.0,58.0,0.0,0.0,0,,,,,,,
401418639,2022,regular,7,2022-10-15 22:00:00+00:00,2198,Eastern Kentucky,2534,Sam Houston,2,-6.25,-6.25,-6.25,-6.5,-6.0,0.5,0.3535533905932738,0,,,,,,,,2,51.0,51.0,51.0,50.5,51.5,1.0,0.7071067811865476,0,,,,,,,
401418640,2022,regular,8,2022-10-22 19:00:00+00:00,2198,Eastern Kentucky,2453,North Alabama,2,-13.5,-13.5,-13.5,-13.5,-13.5,0.0,0.0,0,,,,,,,,2,67.5,67.5,67.5,67.5,67.5,0.0,0.0,0,,,,,,,
401418641,2022,regular,9,2022-10-29 18:00:00+00:00,2546,Southeast Missouri State,2198,Eastern Kentucky,1,-6.0,-6.0,-6.0,-6.0,-6.0,0.0,0.0,0,,,,,,,,1,71.5,71.5,71.5,71.5,71.5,0.0,0.0,0,,,,,,,
401418642,2022,regular,10,2022-11-05 21:00:00+00:00,2198,Eastern Kentucky,2110,Central Arkansas,2,-1.0,-1.0,-1.0,-1.0,-1.0,0.0,0.0,0,,,,,,,,2,69.5,69.5,69.5,68.5,70.5,2.0,1.4142135623730951,0,,,,,,,
401418645,2022,regular,1,2022-09-01 23:00:00+00:00,2535,Samford,338,Kennesaw State,1,13.5,13.5,13.5,13.5,13.5,0.0,0.0,1,10.5,10.5,10.5,10.5,10.5,0.0,0.0,1,68.5,68.5,68.5,68.5,68.5,0.0,0.0,1,68.5,68.5,68.5,68.5,68.5,0.0,0.0
401418776,2022,regular,1,2022-09-01 22:00:00+00:00,282,Indiana State,2453,North Alabama,3,-3.5,-3.5,-3.5,-3.5,-3.5,0.0,0.0,1,-3.0,-3.0,-3.0,-3.0,-3.0,0.0,0.0,3,51.5,51.5,51.5,51.5,51.5,0.0,0.0,1,51.5,51.5,51.5,51.5,51.5,0.0,0.0
401418778,2022,regular,3,2022-09-17 22:00:00+00:00,236,Chattanooga,2453,North Alabama,2,-20.75,-20.75,-20.75,-21.0,-20.5,0.5,0.3535533905932738,0,,,,,,,,2,45.0,45.0,45.0,45.0,45.0,0.0,0.0,0,,,,,,,
401418779,2022,regular,4,2022-09-24 23:00:00+00:00,2453,North Alabama,2627,Tarleton State,1,-2.0,-2.0,-2.0,-2.0,-2.0,0.0,0.0,0,,,,,,,,1,55.5,55.5,55.5,55.5,55.5,0.0,0.0,0,,,,,,,
401418781,2022,regular,11,2022-11-12 22:00:00+00:00,2453,North Alabama,2635,Tennessee Tech,1,-3.0,-3.0,-3.0,-3.0,-3.0,0.0,0.0,0,,,,,,,,1,66.5,66.5,66.5,66.5,66.5,0.0,0.0,0,,,,,,,
401418782,2022,regular,1,2022-09-02 00:00:00+00:00,2000,Abilene Christian,2320,Lamar,3,-16.5,-16.5,-16.5,-17.0,-16.0,1.0,0.5,1,-16.5,-16.5,-16.5,-16.5,-16.5,0.0,0.0,3,50.5,50.5,50.5,50.5,50.5,0.0,0.0,1,50.5,50.5,50.5,50.5,50.5,0.0,0.0
401418787,2022,regular,7,2022-10-15 20:30:00+00:00,2000,Abilene Christian,253,Southern Utah,1,-7.0,-7.0,-7.0,-7.0,-7.0,0.0,0.0,0,,,,,,,,1,53.5,53.5,53.5,53.5,53.5,0.0,0.0,0,,,,,,,
401418789,2022,regular,9,2022-10-29 20:00:00+00:00,155,North Dakota,2000,Abilene Christian,2,-11.5,-11.5,-11.5,-11.5,-11.5,0.0,0.0,0,,,,,,,,2,51.0,51.0,51.0,51.0,51.0,0.0,0.0,0,,,,,,,
401418790,2022,regular,11,2022-11-12 18:00:00+00:00,2534,Sam Houston,2000,Abilene Christian,1,-8.0,-8.0,-8.0,-8.0,-8.0,0.0,0.0,0,,,,,,,,1,39.5,39.5,39.5,39.5,39.5,0.0,0.0,0,,,,,,,
401418791,2022,regular,12,2022-11-19 20:30:00+00:00,2000,Abilene Christian,2617,Stephen F. Austin,1,-8.5,-8.5,-8.5,-8.5,-8.5,0.0,0.0,0,,,,,,,,1,58.5,58.5,58.5,58.5,58.5,0.0,0.0,0,,,,,,,
401418793,2022,regular,4,2022-09-24 23:00:00+00:00,326,Texas State,2277,Houston Christian,2,-26.5,-26.5,-26.5,-26.5,-26.5,0.0,0.0,0,,,,,,,,2,65.0,65.0,65.0,65.0,65.0,0.0,0.0,0,,,,,,,
401418798,2022,regular,9,2022-10-29 19:00:00+00:00,2277,Houston Christian,2630,UT Martin,2,24.0,24.0,24.0,24.0,24.0,0.0,0.0,0,,,,,,,,2,58.0,58.0,58.0,58.0,58.0,0.0,0.0,0,,,,,,,
401418801,2022,regular,12,2022-11-19 20:00:00+00:00,2627,Tarleton State,2277,Houston Christian,1,-18.0,-18.0,-18.0,-18.0,-18.0,0.0,0.0,0,,,,,,,,1,58.5,58.5,58.5,58.5,58.5,0.0,0.0,0,,,,,,,
401418802,2022,regular,3,2022-09-18 00:00:00+00:00,2377,McNeese,2016,Alcorn State,1,-7.0,-7.0,-7.0,-7.0,-7.0,0.0,0.0,0,,,,,,,,1,50.5,50.5,50.5,50.5,50.5,0.0,0.0,0,,,,,,,
401418807,2022,regular,10,2022-11-06 00:00:00+00:00,2377,McNeese,2197,Eastern Illinois,2,-4.75,-4.75,-4.75,-5.0,-4.5,0.5,0.3535533905932738,0,,,,,,,,2,55.5,55.5,55.5,55.5,55.5,0.0,0.0,0,,,,,,,
401418813,2022,regular,6,2022-10-08 19:00:00+00:00,2197,Eastern Illinois,2466,Northwestern State,2,-9.5,-9.5,-9.5,-9.5,-9.5,0.0,0.0,0,,,,,,,,2,58.0,58.0,58.0,58.0,58.0,0.0,0.0,0,,,,,,,
401418814,2022,regular,8,2022-10-22 18:00:00+00:00,2466,Northwestern State,2546,Southeast Missouri State,2,16.5,16.5,16.5,16.5,16.5,0.0,0.0,0,,,,,,,,2,65.25,65.25,65.25,65.0,65.5,0.5,0.3535533905932738,0,,,,,,,
401418829,2022,regular,3,2022-09-17 23:30:00+00:00,2287,Illinois State,2197,Eastern Illinois,2,-15.5,-15.5,-15.5,-15.5,-15.5,0.0,0.0,0,,,,,,,,2,41.5,41.5,41.5,41.5,41.5,0.0,0.0,0,,,,,,,
401418830,2022,regular,5,2022-10-01 23:30:00+00:00,2287,Illinois State,79,Southern Illinois,2,7.5,7.5,7.5,7.5,7.5,0.0,0.0,0,,,,,,,,2,50.75,50.75,50.75,50.5,51.0,0.5,0.3535533905932738,0,,,,,,,
401418831,2022,regular,6,2022-10-08 21:00:00+00:00,2460,Northern Iowa,2287,Illinois State,2,-8.0,-8.0,-8.0,-8.0,-8.0,0.0,0.0,0,,,,,,,,2,40.75,40.75,40.75,40.0,41.5,1.5,1.0606601717798212,0,,,,,,,
401418832,2022,regular,7,2022-10-15 19:00:00+00:00,2287,Illinois State,233,South Dakota,2,1.5,1.5,1.5,1.5,1.5,0.0,0.0,0,,,,,,,,2,40.0,40.0,40.0,40.0,40.0,0.0,0.0,0,,,,,,,
401418833,2022,regular,8,2022-10-22 17:00:00+00:00,282,Indiana State,2287,Illinois State,2,4.5,4.5,4.5,4.5,4.5,0.0,0.0,0,,,,,,,,2,39.75,39.75,39.75,39.0,40.5,1.5,1.0606601717798212,0,,,,,,,
401418834,2022,regular,9,2022-10-29 19:30:00+00:00,2449,North Dakota State,2287,Illinois State,1,-18.0,-18.0,-18.0,-18.0,-18.0,0.0,0.0,0,,,,,,,,1,41.0,41.0,41.0,41.0,41.0,0.0,0.0,0,,,,,,,
401418835,2022,regular,10,2022-11-05 19:00:00+00:00,2287,Illinois State,2754,Youngstown State,1,-1.5,-1.5,-1.5,-1.5,-1.5,0.0,0.0,0,,,,,,,,1,41.0,41.0,41.0,41.0,41.0,0.0,0.0,0,,,,,,,
401418836,2022,regular,11,2022-11-12 20:00:00+00:00,2571,South Dakota State,2287,Illinois State,1,-21.0,-21.0,-21.0,-21.0,-21.0,0.0,0.0,0,,,,,,,,1,38.5,38.5,38.5,38.5,38.5,0.0,0.0,0,,,,,,,
401418837,2022,regular,12,2022-11-19 17:00:00+00:00,2287,Illinois State,2710,Western Illinois,1,-21.0,-21.0,-21.0,-21.0,-21.0,0.0,0.0,0,,,,,,,,1,37.5,37.5,37.5,37.5,37.5,0.0,0.0,0,,,,,,,
401418838,2022,regular,5,2022-10-01 21:00:00+00:00,2460,Northern Iowa,282,Indiana State,2,-23.5,-23.5,-23.5,-23.5,-23.5,0.0,0.0,0,,,,,,,,2,49.0,49.0,49.0,49.0,49.0,0.0,0.0,0,,,,,,,
401418839,2022,regular,6,2022-10-08 17:00:00+00:00,282,Indiana State,2449,North Dakota State,1,30.0,30.0,30.0,30.0,30.0,0.0,0.0,0,,,,,,,,1,45.5,45.5,45.5,45.5,45.5,0.0,0.0,0,,,,,,,
401418840,2022,regular,7,2022-10-15 18:00:00+00:00,2754,Youngstown State,282,Indiana State,2,-12.25,-12.25,-12.25,-12.5,-12.0,0.5,0.3535533905932738,0,,,,,,,,2,48.0,48.0,48.0,48.0,48.0,0.0,0.0,0,,,,,,,
401418841,2022,regular,9,2022-10-29 19:00:00+00:00,2571,South Dakota State,282,Indiana State,2,-26.5,-26.5,-26.5,-26.5,-26.5,0.0,0.0,0,,,,,,,,2,49.0,49.0,49.0,49.0,49.0,0.0,0.0,0,,,,,,,
401418842,2022,regular,10,2022-11-05 17:00:00+00:00,282,Indiana State,155,North Dakota,2,11.25,11.25,11.25,11.0,11.5,0.5,0.3535533905932738,0,,,,,,,,2,51.5,51.5,51.5,51.0,52.0,1.0,0.7071067811865476,0,,,,,,,
401418843,2022,regular,11,2022-11-12 19:00:00+00:00,2710,Western Illinois,282,Indiana State,1,3.5,3.5,3.5,3.5,3.5,0.0,0.0,0,,,,,,,,1,52.0,52.0,52.0,52.0,52.0,0.0,0.0,0,,,,,,,
401418844,2022,regular,12,2022-11-19 18:00:00+00:00,282,Indiana State,2623,Missouri State,1,10.5,10.5,10.5,10.5,10.5,0.0,0.0,0,,,,,,,,1,49.0,49.0,49.0,49.0,49.0,0.0,0.0,0,,,,,,,
401420777,2022,regular,1,2022-09-03 22:00:00+00:00,290,Georgia Southern,2415,Morgan State,3,-39.5,-39.833333333333336,-39.5,-40.5,-39.5,1.0,0.5773502691896257,1,-39.5,-39.5,-39.5,-39.5,-39.5,0.0,0.0,3,54.0,53.833333333333336,54.0,53.5,54.0,0.5,0.28867513459481287,1,53.5,53.5,53.5,53.5,53.5,0.0,0.0
401420779,2022,regular,3,2022-09-17 16:00:00+00:00,2415,Morgan State,2529,Sacred Heart,3,14.5,14.666666666666666,14.5,14.5,15.0,0.5,0.28867513459481287,1,15.0,15.0,15.0,15.0,15.0,0.0,0.0,3,32.5,32.166666666666664,32.5,31.5,32.5,1.0,0.5773502691896257,1,32.5,32.5,32.5,32.5,32.5,0.0,0.0
401420781,2022,regular,6,2022-10-08 17:00:00+00:00,2415,Morgan State,2450,Norfolk State,1,-3.5,-3.5,-3.5,-3.5,-3.5,0.0,0.0,0,,,,,,,,1,48.5,48.5,48.5,48.5,48.5,0.0,0.0,0,,,,,,,
401420782,2022,regular,7,2022-10-13 23:30:00+00:00,2428,North Carolina Central,2415,Morgan State,2,-14.5,-14.5,-14.5,-14.5,-14.5,0.0,0.0,0,,,,,,,,2,52.5,52.5,52.5,52.5,52.5,0.0,0.0,0,,,,,,,
401420783,2022,regular,8,2022-10-22 19:00:00+00:00,48,Delaware,2415,Morgan State,2,-33.25,-33.25,-33.25,-33.5,-33.0,0.5,0.3535533905932738,0,,,,,,,,2,47.5,47.5,47.5,47.5,47.5,0.0,0.0,0,,,,,,,
401420784,2022,regular,9,2022-10-29 16:00:00+00:00,2415,Morgan State,2569,South Carolina State,2,10.5,10.5,10.5,10.5,10.5,0.0,0.0,0,,,,,,,,2,46.0,46.0,46.0,46.0,46.0,0.0,0.0,0,,,,,,,
401420785,2022,regular,10,2022-11-05 17:00:00+00:00,2619,Stony Brook,2415,Morgan State,1,-10.5,-10.5,-10.5,-10.5,-10.5,0.0,0.0,0,,,,,,,,1,43.5,43.5,43.5,43.5,43.5,0.0,0.0,0,,,,,,,
401420786,2022,regular,11,2022-11-12 19:00:00+00:00,2169,Delaware State,2415,Morgan State,1,-2.5,-2.5,-2.5,-2.5,-2.5,0.0,0.0,0,,,,,,,,1,41.0,41.0,41.0,41.0,41.0,0.0,0.0,0,,,,,,,
401420787,2022,regular,12,2022-11-19 17:00:00+00:00,2415,Morgan State,47,Howard,1,5.0,5.0,5.0,5.0,5.0,0.0,0.0,0,,,,,,,,1,49.0,49.0,49.0,49.0,49.0,0.0,0.0,0,,,,,,,
401420788,2022,regular,2,2022-09-10 20:00:00+00:00,256,James Madison,2450,Norfolk State,2,-42.0,-42.0,-42.0,-42.5,-41.5,1.0,0.7071067811865476,0,,,,,,,,2,54.25,54.25,54.25,54.0,54.5,0.5,0.3535533905932738,0,,,,,,,
401420789,2022,regular,3,2022-09-17 18:00:00+00:00,2450,Norfolk State,2261,Hampton,1,2.5,2.5,2.5,2.5,2.5,0.0,0.0,0,,,,,,,,1,64.0,64.0,64.0,64.0,64.0,0.0,0.0,0,,,,,,,
401420790,2022,regular,4,2022-09-24 18:00:00+00:00,2450,Norfolk State,2598,St. Francis (PA),2,9.5,9.5,9.5,9.5,9.5,0.0,0.0,0,,,,,,,,2,47.0,47.0,47.0,47.0,47.0,0.0,0.0,0,,,,,,,
401420791,2022,regular,5,2022-10-01 17:00:00+00:00,2529,Sacred Heart,2450,Norfolk State,2,-13.75,-13.75,-13.75,-14.0,-13.5,0.5,0.3535533905932738,0,,,,,,,,2,41.0,41.0,41.0,41.0,41.0,0.0,0.0,0,,,,,,,
401420793,2022,regular,9,2022-10-29 18:00:00+00:00,2450,Norfolk State,47,Howard,2,7.0,7.0,7.0,7.0,7.0,0.0,0.0,0,,,,,,,,2,52.0,52.0,52.0,52.0,52.0,0.0,0.0,0,,,,,,,
401420794,2022,regular,10,2022-11-05 16:00:00+00:00,2448,North Carolina A&T,2450,Norfolk State,1,-23.5,-23.5,-23.5,-23.5,-23.5,0.0,0.0,0,,,,,,,,1,53.5,53.5,53.5,53.5,53.5,0.0,0.0,0,,,,,,,
401420795,2022,regular,11,2022-11-12 19:00:00+00:00,2450,Norfolk State,2428,North Carolina Central,1,18.5,18.5,18.5,18.5,18.5,0.0,0.0,0,,,,,,,,1,61.5,61.5,61.5,61.5,61.5,0.0,0.0,0,,,,,,,
401420796,2022,regular,12,2022-11-19 18:30:00+00:00,2569,South Carolina State,2450,Norfolk State,1,-15.5,-15.5,-15.5,-15.5,-15.5,0.0,0.0,0,,,,,,,,1,50.0,50.0,50.0,50.0,50.0,0.0,0.0,0,,,,,,,
401420797,2022,regular,1,2022-09-03 23:30:00+00:00,2428,North Carolina Central,2448,North Carolina A&T,2,0.0,0.0,0.0,-11.5,11.5,23.0,16.263455967290593,0,,,,,,,,2,49.0,49.0,49.0,49.0,49.0,0.0,0.0,0,,,,,,,
401420799,2022,regular,3,2022-09-17 22:00:00+00:00,160,New Hampshire,2428,North Carolina Central,2,-13.25,-13.25,-13.25,-13.5,-13.0,0.5,0.3535533905932738,0,,,,,,,,2,44.5,44.5,44.5,44.5,44.5,0.0,0.0,0,,,,,,,
401420801,2022,regular,5,2022-10-01 16:00:00+00:00,2097,Campbell,2428,North Carolina Central,2,-4.75,-4.75,-4.75,-5.5,-4.0,1.5,1.0606601717798212,0,,,,,,,,2,51.5,51.5,51.5,51.5,51.5,0.0,0.0,0,,,,,,,
401420802,2022,regular,8,2022-10-22 17:30:00+00:00,2569,South Carolina State,2428,North Carolina Central,2,-0.5,-0.5,-0.5,-1.0,0.0,1.0,0.7071067811865476,0,,,,,,,,2,58.0,58.0,58.0,57.5,58.5,1.0,0.7071067811865476,0,,,,,,,
401420803,2022,regular,9,2022-10-29 18:00:00+00:00,2169,Delaware State,2428,North Carolina Central,1,13.0,13.0,13.0,13.0,13.0,0.0,0.0,0,,,,,,,,1,48.0,48.0,48.0,48.0,48.0,0.0,0.0,0,,,,,,,
401420804,2022,regular,10,2022-11-05 18:00:00+00:00,2428,North Carolina Central,47,Howard,2,-6.5,-6.5,-6.5,-7.0,-6.0,1.0,0.7071067811865476,0,,,,,,,,2,59.0,59.0,59.0,59.0,59.0,0.0,0.0,0,,,,,,,
401420805,2022,regular,12,2022-11-19 19:30:00+00:00,2635,Tennessee Tech,2428,North Carolina Central,1,2.5,2.5,2.5,2.5,2.5,0.0,0.0,0,,,,,,,,1,60.5,60.5,60.5,60.5,60.5,0.0,0.0,0,,,,,,,
401420806,2022,regular,1,2022-09-02 00:00:00+00:00,2110,Central Arkansas,2623,Missouri State,3,16.0,16.166666666666668,16.0,16.0,16.5,0.5,0.28867513459481287,1,14.5,14.5,14.5,14.5,14.5,0.0,0.0,3,66.0,65.83333333333333,66.0,65.5,66.0,0.5,0.28867513459481287,1,64.0,64.0,64.0,64.0,64.0,0.0,0.0
401420807,2022,regular,2,2022-09-09 00:00:00+00:00,2623,Missouri State,2630,UT Martin,1,-14.0,-14.0,-14.0,-14.0,-14.0,0.0,0.0,1,-11.0,-11.0,-11.0,-11.0,-11.0,0.0,0.0,1,59.0,59.0,59.0,59.0,59.0,0.0,0.0,1,56.5,56.5,56.5,56.5,56.5,0.0,0.0
401420808,2022,regular,4,2022-09-24 19:00:00+00:00,2623,Missouri State,2571,South Dakota State,1,2.0,2.0,2.0,2.0,2.0,0.0,0.0,0,,,,,,,,1,52.5,52.5,52.5,52.5,52.5,0.0,0.0,0,,,,,,,
401420809,2022,regular,5,2022-10-01 17:00:00+00:00,155,North Dakota,2623,Missouri State,2,5.5,5.5,5.5,5.5,5.5,0.0,0.0,0,,,,,,,,2,51.5,51.5,51.5,51.5,51.5,0.0,0.0,0,,,,,,,
401420810,2022,regular,6,2022-10-08 19:00:00+00:00,2623,Missouri State,79,Southern Illinois,1,-3.5,-3.5,-3.5,-3.5,-3.5,0.0,0.0,0,,,,,,,,1,62.5,62.5,62.5,62.5,62.5,0.0,0.0,0,,,,,,,
401420811,2022,regular,8,2022-10-22 21:00:00+00:00,2460,Northern Iowa,2623,Missouri State,2,-1.5,-1.5,-1.5,-1.5,-1.5,0.0,0.0,0,,,,,,,,2,57.25,57.25,57.25,56.5,58.0,1.5,1.0606601717798212,0,,,,,,,
401420812,2022,regular,9,2022-10-29 19:00:00+00:00,2623,Missouri State,2710,Western Illinois,1,-17.5,-17.5,-17.5,-17.5,-17.5,0.0,0.0,0,,,,,,,,1,56.5,56.5,56.5,56.5,56.5,0.0,0.0,0,,,,,,,
401420813,2022,regular,10,2022-11-05 18:00:00+00:00,233,South Dakota,2623,Missouri State,2,3.5,3.5,3.5,3.5,3.5,0.0,0.0,0,,,,,,,,2,53.5,53.5,53.5,53.5,53.5,0.0,0.0,0,,,,,,,
401420814,2022,regular,11,2022-11-12 20:00:00+00:00,2623,Missouri State,2754,Youngstown State,1,-4.0,-4.0,-4.0,-4.0,-4.0,0.0,0.0,0,,,,,,,,1,57.5,57.5,57.5,57.5,57.5,0.0,0.0,0,,,,,,,
401420816,2022,regular,4,2022-09-24 19:00:00+00:00,79,Southern Illinois,155,North Dakota,2,-4.0,-4.0,-4.0,-4.0,-4.0,0.0,0.0,0,,,,,,,,2,60.0,60.0,60.0,60.0,60.0,0.0,0.0,0,,,,,,,
401420817,2022,regular,6,2022-10-08 22:00:00+00:00,2754,Youngstown State,155,North Dakota,1,-1.5,-1.5,-1.5,-1.5,-1.5,0.0,0.0,0,,,,,,,,1,51.0,51.0,51.0,51.0,51.0,0.0,0.0,0,,,,,,,
401420818,2022,regular,8,2022-10-22 20:00:00+00:00,155,North Dakota,2571,South Dakota State,2,10.0,10.0,10.0,10.0,10.0,0.0,0.0,0,,,,,,,,2,45.5,45.5,45.5,45.5,45.5,0.0,0.0,0,,,,,,,
401420819,2022,regular,11,2022-11-12 18:00:00+00:00,155,North Dakota,233,South Dakota,2,-8.5,-8.5,-8.5,-8.5,-8.5,0.0,0.0,0,,,,,,,,2,49.5,49.5,49.5,49.5,49.5,0.0,0.0,0,,,,,,,
401420820,2022,regular,12,2022-11-19 20:30:00+00:00,2449,North Dakota State,155,North Dakota,1,-12.5,-12.5,-12.5,-12.5,-12.5,0.0,0.0,0,,,,,,,,1,55.5,55.5,55.5,55.5,55.5,0.0,0.0,0,,,,,,,
401420822,2022,regular,1,2022-09-03 18:00:00+00:00,2754,Youngstown State,2184,Duquesne,2,-16.5,-16.5,-16.5,-16.5,-16.5,0.0,0.0,0,,,,,,,,2,53.75,53.75,53.75,53.5,54.0,0.5,0.3535533905932738,0,,,,,,,
401420824,2022,regular,5,2022-10-01 18:00:00+00:00,2449,North Dakota State,2754,Youngstown State,1,-23.0,-23.0,-23.0,-23.0,-23.0,0.0,0.0,0,,,,,,,,1,53.0,53.0,53.0,53.0,53.0,0.0,0.0,0,,,,,,,
401420825,2022,regular,8,2022-10-22 20:00:00+00:00,2710,Western Illinois,2754,Youngstown State,2,11.75,11.75,11.75,11.0,12.5,1.5,1.0606601717798212,0,,,,,,,,2,58.0,58.0,58.0,58.0,58.0,0.0,0.0,0,,,,,,,
401420826,2022,regular,9,2022-10-29 18:00:00+00:00,2754,Youngstown State,233,South Dakota,1,-3.5,-3.5,-3.5,-3.5,-3.5,0.0,0.0,0,,,,,,,,1,47.5,47.5,47.5,47.5,47.5,0.0,0.0,0,,,,,,,
401420827,2022,regular,12,2022-11-19 17:00:00+00:00,2754,Youngstown State,79,Southern Illinois,2,3.0,3.0,3.0,3.0,3.0,0.0,0.0,0,,,,,,,,2,55.5,55.5,55.5,55.5,55.5,0.0,0.0,0,,,,,,,
401420828,2022,regular,4,2022-09-24 18:00:00+00:00,233,South Dakota,2449,North Dakota State,1,16.5,16.5,16.5,16.5,16.5,0.0,0.0,0,,,,,,,,1,47.5,47.5,47.5,47.5,47.5,0.0,0.0,0,,,,,,,
401420829,2022,regular,6,2022-10-08 19:00:00+00:00,2571,South Dakota State,233,South Dakota,2,-14.5,-14.5,-14.5,-14.5,-14.5,0.0,0.0,0,,,,,,,,2,43.0,43.0,43.0,43.0,43.0,0.0,0.0,0,,,,,,,
401420830,2022,regular,8,2022-10-22 19:00:00+00:00,233,South Dakota,79,Southern Illinois,2,3.75,3.75,3.75,3.5,4.0,0.5,0.3535533905932738,0,,,,,,,,2,45.5,45.5,45.5,45.5,45.5,0.0,0.0,0,,,,,,,
401420831,2022,regular,12,2022-11-19 19:00:00+00:00,233,South Dakota,2460,Northern Iowa,1,5.0,5.0,5.0,5.0,5.0,0.0,0.0,0,,,,,,,,1,47.0,47.0,47.0,47.0,47.0,0.0,0.0,0,,,,,,,
401420832,2022,regular,3,2022-09-17 23:00:00+00:00,2571,South Dakota State,2086,Butler,2,-51.5,-51.5,-51.5,-51.5,-51.5,0.0,0.0,0,,,,,,,,2,59.5,59.5,59.5,59.5,59.5,0.0,0.0,0,,,,,,,
401420833,2022,regular,5,2022-10-01 19:00:00+00:00,2571,South Dakota State,2710,Western Illinois,2,-34.5,-34.5,-34.5,-34.5,-34.5,0.0,0.0,0,,,,,,,,2,56.5,56.5,56.5,56.5,56.5,0.0,0.0,0,,,,,,,
401420834,2022,regular,7,2022-10-15 19:30:00+00:00,2449,North Dakota State,2571,South Dakota State,2,-4.0,-4.0,-4.0,-4.0,-4.0,0.0,0.0,0,,,,,,,,2,46.0,46.0,46.0,46.0,46.0,0.0,0.0,0,,,,,,,
401420835,2022,regular,10,2022-11-05 21:00:00+00:00,2460,Northern Iowa,2571,South Dakota State,2,10.5,10.5,10.5,10.5,10.5,0.0,0.0,0,,,,,,,,2,49.5,49.5,49.5,49.5,49.5,0.0,0.0,0,,,,,,,
401420836,2022,regular,1,2022-09-03 19:30:00+00:00,2449,North Dakota State,2181,Drake,2,-48.0,-48.0,-48.0,-48.0,-48.0,0.0,0.0,0,,,,,,,,2,52.0,52.0,52.0,52.0,52.0,0.0,0.0,0,,,,,,,
401420838,2022,regular,10,2022-11-05 18:00:00+00:00,2710,Western Illinois,2449,North Dakota State,2,29.5,29.5,29.5,29.5,29.5,0.0,0.0,0,,,,,,,,2,46.25,46.25,46.25,46.0,46.5,0.5,0.3535533905932738,0,,,,,,,
401420839,2022,regular,11,2022-11-12 19:00:00+00:00,79,Southern Illinois,2449,North Dakota State,1,7.0,7.0,7.0,7.0,7.0,0.0,0.0,0,,,,,,,,1,54.0,54.0,54.0,54.0,54.0,0.0,0.0,0,,,,,,,
401420840,2022,regular,1,2022-09-01 23:30:00+00:00,2630,UT Martin,2710,Western Illinois,2,-17.0,-17.0,-17.0,-17.0,-17.0,0.0,0.0,0,,,,,,,,2,61.5,61.5,61.5,61.5,61.5,0.0,0.0,0,,,,,,,
401420842,2022,regular,4,2022-09-24 23:00:00+00:00,2630,UT Martin,2815,Lindenwood,1,-27.5,-27.5,-27.5,-27.5,-27.5,0.0,0.0,0,,,,,,,,1,51.5,51.5,51.5,51.5,51.5,0.0,0.0,0,,,,,,,
401420843,2022,regular,5,2022-10-01 18:00:00+00:00,2815,Lindenwood,2546,Southeast Missouri State,2,18.5,18.5,18.5,18.5,18.5,0.0,0.0,0,,,,,,,,2,59.0,59.0,59.0,58.0,60.0,2.0,1.4142135623730951,0,,,,,,,
401420844,2022,regular,6,2022-10-08 19:00:00+00:00,93,Murray State,2630,UT Martin,2,15.5,15.5,15.5,15.5,15.5,0.0,0.0,0,,,,,,,,2,56.5,56.5,56.5,56.5,56.5,0.0,0.0,0,,,,,,,
401420845,2022,regular,12,2022-11-19 20:00:00+00:00,2630,UT Martin,2197,Eastern Illinois,1,-22.0,-22.0,-22.0,-22.0,-22.0,0.0,0.0,0,,,,,,,,1,58.5,58.5,58.5,58.5,58.5,0.0,0.0,0,,,,,,,
401420846,2022,regular,1,2022-09-03 23:00:00+00:00,2916,Incarnate Word,79,Southern Illinois,2,4.75,4.75,4.75,4.5,5.0,0.5,0.3535533905932738,0,,,,,,,,2,65.0,65.0,65.0,65.0,65.0,0.0,0.0,0,,,,,,,
401420847,2022,regular,3,2022-09-17 23:00:00+00:00,2504,Prairie View A&M,2916,Incarnate Word,2,19.0,19.0,19.0,19.0,19.0,0.0,0.0,0,,,,,,,,2,66.5,66.5,66.5,66.5,66.5,0.0,0.0,0,,,,,,,
401420850,2022,regular,7,2022-10-15 20:00:00+00:00,2447,Nicholls,2916,Incarnate Word,2,25.5,25.5,25.5,25.5,25.5,0.0,0.0,0,,,,,,,,2,72.5,72.5,72.5,72.5,72.5,0.0,0.0,0,,,,,,,
401420854,2022,regular,12,2022-11-19 19:00:00+00:00,2466,Northwestern State,2916,Incarnate Word,1,28.5,28.5,28.5,28.5,28.5,0.0,0.0,0,,,,,,,,1,71.5,71.5,71.5,71.5,71.5,0.0,0.0,0,,,,,,,
401420866,2022,regular,8,2022-10-22 21:00:00+00:00,2320,Lamar,2504,Prairie View A&M,2,10.0,10.0,10.0,10.0,10.0,0.0,0.0,0,,,,,,,,2,47.75,47.75,47.75,47.5,48.0,0.5,0.3535533905932738,0,,,,,,,
401420867,2022,regular,9,2022-10-29 20:00:00+00:00,2320,Lamar,2447,Nicholls,1,7.5,7.5,7.5,7.5,7.5,0.0,0.0,0,,,,,,,,1,59.0,59.0,59.0,59.0,59.0,0.0,0.0,0,,,,,,,
401420868,2022,regular,12,2022-11-20 01:00:00+00:00,2377,McNeese,2320,Lamar,1,-14.5,-14.5,-14.5,-14.5,-14.5,0.0,0.0,0,,,,,,,,1,57.0,57.0,57.0,57.0,57.0,0.0,0.0,0,,,,,,,
401420870,2022,regular,5,2022-10-01 19:30:00+00:00,2534,Sam Houston,2617,Stephen F. Austin,2,-6.25,-6.25,-6.25,-6.5,-6.0,0.5,0.3535533905932738,0,,,,,,,,2,54.0,54.0,54.0,54.0,54.0,0.0,0.0,0,,,,,,,
401420872,2022,regular,12,2022-11-19 18:00:00+00:00,2534,Sam Houston,253,Southern Utah,1,-11.0,-11.0,-11.0,-11.0,-11.0,0.0,0.0,0,,,,,,,,1,49.0,49.0,49.0,49.0,49.0,0.0,0.0,0,,,,,,,
401420873,2022,regular,1,2022-09-03 23:00:00+00:00,2016,Alcorn State,2617,Stephen F. Austin,2,14.75,14.75,14.75,14.5,15.0,0.5,0.3535533905932738,0,,,,,,,,2,50.5,50.5,50.5,50.5,50.5,0.0,0.0,0,,,,,,,
401420874,2022,regular,8,2022-10-22 19:00:00+00:00,253,Southern Utah,2617,Stephen F. Austin,2,4.5,4.5,4.5,4.5,4.5,0.0,0.0,0,,,,,,,,2,46.0,46.0,46.0,46.0,46.0,0.0,0.0,0,,,,,,,
401420875,2022,regular,7,2022-10-15 23:00:00+00:00,2617,Stephen F. Austin,2627,Tarleton State,2,-7.25,-7.25,-7.25,-7.5,-7.0,0.5,0.3535533905932738,0,,,,,,,,2,62.0,62.0,62.0,62.0,62.0,0.0,0.0,0,,,,,,,
401420876,2022,regular,11,2022-11-12 22:00:00+00:00,2617,Stephen F. Austin,2110,Central Arkansas,1,0.0,0.0,0.0,0.0,0.0,0.0,0.0,0,,,,,,,,1,74.5,74.5,74.5,74.5,74.5,0.0,0.0,0,,,,,,,
401420877,2022,regular,1,2022-09-02 00:00:00+00:00,253,Southern Utah,2900,St. Thomas (MN),2,-3.0,-3.0,-3.0,-3.0,-3.0,0.0,0.0,0,,,,,,,,2,49.5,49.5,49.5,49.5,49.5,0.0,0.0,0,,,,,,,
401420879,2022,regular,6,2022-10-09 00:00:00+00:00,253,Southern Utah,2627,Tarleton State,2,-2.5,-2.5,-2.5,-2.5,-2.5,0.0,0.0,0,,,,,,,,2,58.5,58.5,58.5,58.5,58.5,0.0,0.0,0,,,,,,,
401420880,2022,regular,1,2022-09-02 00:00:00+00:00,2627,Tarleton State,2400,Mississippi Valley State,2,-13.0,-13.0,-13.0,-13.0,-13.0,0.0,0.0,0,,,,,,,,2,51.0,51.0,51.0,51.0,51.0,0.0,0.0,0,,,,,,,
401421097,2022,regular,6,2022-10-08 18:00:00+00:00,2181,Drake,301,San Diego,2,7.5,7.5,7.5,7.5,7.5,0.0,0.0,0,,,,,,,,2,48.0,48.0,48.0,48.0,48.0,0.0,0.0,0,,,,,,,
401421098,2022,regular,7,2022-10-15 21:00:00+00:00,301,San Diego,2506,Presbyterian,2,-27.75,-27.75,-27.75,-28.0,-27.5,0.5,0.3535533905932738,0,,,,,,,,2,57.0,57.0,57.0,56.0,58.0,2.0,1.4142135623730951,0,,,,,,,
401421099,2022,regular,9,2022-10-29 17:00:00+00:00,2900,St. Thomas (MN),301,San Diego,1,-6.5,-6.5,-6.5,-6.5,-6.5,0.0,0.0,0,,,,,,,,1,44.0,44.0,44.0,44.0,44.0,0.0,0.0,0,,,,,,,
401421100,2022,regular,10,2022-11-05 20:00:00+00:00,301,San Diego,2086,Butler,2,-6.0,-6.0,-6.0,-6.0,-6.0,0.0,0.0,0,,,,,,,,2,51.75,51.75,51.75,51.5,52.0,0.5,0.3535533905932738,0,,,,,,,
401421101,2022,regular,11,2022-11-12 22:00:00+00:00,301,San Diego,2166,Davidson,1,4.5,4.5,4.5,4.5,4.5,0.0,0.0,0,,,,,,,,1,57.5,57.5,57.5,57.5,57.5,0.0,0.0,0,,,,,,,
401421102,2022,regular,12,2022-11-19 17:00:00+00:00,2413,Morehead State,301,San Diego,2,14.25,14.25,14.25,14.0,14.5,0.5,0.3535533905932738,0,,,,,,,,2,57.5,57.5,57.5,57.5,57.5,0.0,0.0,0,,,,,,,
401421105,2022,regular,6,2022-10-08 16:00:00+00:00,2506,Presbyterian,2674,Valparaiso,2,16.5,16.5,16.5,16.5,16.5,0.0,0.0,0,,,,,,,,2,53.0,53.0,53.0,53.0,53.0,0.0,0.0,0,,,,,,,
401421107,2022,regular,8,2022-10-22 18:00:00+00:00,2413,Morehead State,2674,Valparaiso,2,3.5,3.5,3.5,3.0,4.0,1.0,0.7071067811865476,0,,,,,,,,2,55.5,55.5,55.5,55.5,55.5,0.0,0.0,0,,,,,,,
401421108,2022,regular,9,2022-10-29 17:00:00+00:00,2168,Dayton,2674,Valparaiso,2,-3.0,-3.0,-3.0,-3.0,-3.0,0.0,0.0,0,,,,,,,,2,54.75,54.75,54.75,54.5,55.0,0.5,0.3535533905932738,0,,,,,,,
401421110,2022,regular,11,2022-11-12 17:00:00+00:00,2368,Marist,2674,Valparaiso,1,2.0,2.0,2.0,2.0,2.0,0.0,0.0,0,,,,,,,,1,48.0,48.0,48.0,48.0,48.0,0.0,0.0,0,,,,,,,
401421113,2022,regular,7,2022-10-15 18:00:00+00:00,2674,Valparaiso,2086,Butler,2,-10.5,-10.5,-10.5,-10.5,-10.5,0.0,0.0,0,,,,,,,,2,49.0,49.0,49.0,48.5,49.5,1.0,0.7071067811865476,0,,,,,,,
401421114,2022,regular,10,2022-11-05 18:00:00+00:00,2674,Valparaiso,2900,St. Thomas (MN),2,6.0,6.0,6.0,6.0,6.0,0.0,0.0,0,,,,,,,,2,51.0,51.0,51.0,50.5,51.5,1.0,0.7071067811865476,0,,,,,,,
401421115,2022,regular,12,2022-11-19 18:00:00+00:00,2674,Valparaiso,2181,Drake,1,-7.5,-7.5,-7.5,-7.5,-7.5,0.0,0.0,0,,,,,,,,1,48.5,48.5,48.5,48.5,48.5,0.0,0.0,0,,,,,,,
401421116,2022,regular,1,2022-09-03 21:00:00+00:00,6,South Alabama,2447,Nicholls,3,-13.5,-13.5,-13.5,-13.5,-13.5,0.0,0.0,1,-13.5,-13.5,-13.5,-13.5,-13.5,0.0,0.0,3,53.0,53.0,53.0,53.0,53.0,0.0,0.0,1,53.0,53.0,53.0,53.0,53.0,0.0,0.0
401421117,2022,regular,2,2022-09-11 00:00:00+00:00,2433,UL Monroe,2447,Nicholls,2,-4.5,-4.5,-4.5,-4.5,-4.5,0.0,0.0,0,,,,,,,,2,58.5,58.5,58.5,58.5,58.5,0.0,0.0,0,,,,,,,
401421118,2022,regular,3,2022-09-17 19:00:00+00:00,2546,Southeast Missouri State,2447,Nicholls,2,-5.5,-5.5,-5.5,-5.5,-5.5,0.0,0.0,0,,,,,,,,2,61.5,61.5,61.5,61.5,61.5,0.0,0.0,0,,,,,,,
401421121,2022,regular,1,2022-09-03 23:00:00+00:00,309,Louisiana,2545,SE Louisiana,3,-13.0,-13.166666666666666,-13.0,-13.5,-13.0,0.5,0.28867513459481287,1,-13.0,-13.0,-13.0,-13.0,-13.0,0.0,0.0,3,61.0,61.0,61.0,61.0,61.0,0.0,0.0,1,61.0,61.0,61.0,61.0,61.0,0.0,0.0
401421122,2022,regular,3,2022-09-17 23:00:00+00:00,2545,SE Louisiana,2115,Central Connecticut,2,-21.25,-21.25,-21.25,-21.5,-21.0,0.5,0.3535533905932738,0,,,,,,,,2,56.0,56.0,56.0,56.0,56.0,0.0,0.0,0,,,,,,,
401421123,2022,regular,5,2022-10-01 23:00:00+00:00,2545,SE Louisiana,93,Murray State,2,-24.5,-24.5,-24.5,-24.5,-24.5,0.0,0.0,0,,,,,,,,2,60.5,60.5,60.5,60.5,60.5,0.0,0.0,0,,,,,,,
401421129,2022,regular,4,2022-09-23 00:30:00+00:00,356,Illinois,236,Chattanooga,2,-20.0,-20.0,-20.0,-20.0,-20.0,0.0,0.0,0,,,,,,,,2,44.25,44.25,44.25,44.0,44.5,0.5,0.3535533905932738,0,,,,,,,
401421130,2022,regular,5,2022-10-01 19:00:00+00:00,2193,East Tennessee State,236,Chattanooga,2,6.5,6.5,6.5,6.5,6.5,0.0,0.0,0,,,,,,,,2,44.0,44.0,44.0,44.0,44.0,0.0,0.0,0,,,,,,,
401421131,2022,regular,7,2022-10-15 17:30:00+00:00,236,Chattanooga,2678,VMI,2,-25.0,-25.0,-25.0,-25.0,-25.0,0.0,0.0,0,,,,,,,,2,48.5,48.5,48.5,48.5,48.5,0.0,0.0,0,,,,,,,
401421132,2022,regular,8,2022-10-22 17:30:00+00:00,236,Chattanooga,2382,Mercer,2,1.5,1.5,1.5,1.5,1.5,0.0,0.0,0,,,,,,,,2,50.25,50.25,50.25,50.0,50.5,0.5,0.3535533905932738,0,,,,,,,
401421133,2022,regular,9,2022-10-29 18:00:00+00:00,231,Furman,236,Chattanooga,1,7.0,7.0,7.0,7.0,7.0,0.0,0.0,0,,,,,,,,1,44.5,44.5,44.5,44.5,44.5,0.0,0.0,0,,,,,,,
401421134,2022,regular,10,2022-11-05 18:00:00+00:00,2643,The Citadel,236,Chattanooga,1,19.5,19.5,19.5,19.5,19.5,0.0,0.0,0,,,,,,,,1,39.5,39.5,39.5,39.5,39.5,0.0,0.0,0,,,,,,,
401421135,2022,regular,11,2022-11-12 18:30:00+00:00,236,Chattanooga,2535,Samford,2,-4.5,-4.5,-4.5,-4.5,-4.5,0.0,0.0,0,,,,,,,,2,54.0,54.0,54.0,54.0,54.0,0.0,0.0,0,,,,,,,
401421136,2022,regular,12,2022-11-19 18:00:00+00:00,2717,Western Carolina,236,Chattanooga,1,7.5,7.5,7.5,7.5,7.5,0.0,0.0,0,,,,,,,,1,58.5,58.5,58.5,58.5,58.5,0.0,0.0,0,,,,,,,
401421137,2022,regular,1,2022-09-01 22:00:00+00:00,2097,Campbell,2643,The Citadel,3,-9.5,-9.666666666666666,-9.5,-10.0,-9.5,0.5,0.28867513459481287,1,-10.0,-10.0,-10.0,-10.0,-10.0,0.0,0.0,3,56.0,56.0,56.0,56.0,56.0,0.0,0.0,1,56.0,56.0,56.0,56.0,56.0,0.0,0.0
401421139,2022,regular,3,2022-09-17 22:00:00+00:00,2382,Mercer,2643,The Citadel,2,-18.5,-18.5,-18.5,-18.5,-18.5,0.0,0.0,0,,,,,,,,2,48.25,48.25,48.25,48.0,48.5,0.5,0.3535533905932738,0,,,,,,,
401421140,2022,regular,5,2022-10-01 19:30:00+00:00,2026,App State,2643,The Citadel,2,-39.5,-39.5,-39.5,-40.0,-39.0,1.0,0.7071067811865476,0,,,,,,,,2,54.5,54.5,54.5,54.5,54.5,0.0,0.0,0,,,,,,,
401421141,2022,regular,6,2022-10-08 18:00:00+00:00,2643,The Citadel,231,Furman,2,10.5,10.5,10.5,10.5,10.5,0.0,0.0,0,,,,,,,,2,41.5,41.5,41.5,41.5,41.5,0.0,0.0,0,,,,,,,
401421142,2022,regular,8,2022-10-22 18:00:00+00:00,2717,Western Carolina,2643,The Citadel,2,-15.0,-15.0,-15.0,-15.0,-15.0,0.0,0.0,0,,,,,,,,2,53.0,53.0,53.0,53.0,53.0,0.0,0.0,0,,,,,,,
401421143,2022,regular,9,2022-10-29 18:00:00+00:00,2643,The Citadel,2535,Samford,1,15.5,15.5,15.5,15.5,15.5,0.0,0.0,0,,,,,,,,1,46.0,46.0,46.0,46.0,46.0,0.0,0.0,0,,,,,,,
401421145,2022,regular,12,2022-11-19 17:00:00+00:00,2678,VMI,2643,The Citadel,2,3.5,3.5,3.5,3.5,3.5,0.0,0.0,0,,,,,,,,2,43.0,43.0,43.0,42.5,43.5,1.0,0.7071067811865476,0,,,,,,,
401421157,2022,regular,3,2022-09-17 23:30:00+00:00,2193,East Tennessee State,231,Furman,2,-2.5,-2.5,-2.5,-2.5,-2.5,0.0,0.0,0,,,,,,,,2,47.5,47.5,47.5,47.5,47.5,0.0,0.0,0,,,,,,,
401421158,2022,regular,4,2022-09-24 16:00:00+00:00,2127,Charleston Southern,231,Furman,1,16.0,16.0,16.0,16.0,16.0,0.0,0.0,0,,,,,,,,1,55.5,55.5,55.5,55.5,55.5,0.0,0.0,0,,,,,,,
401421159,2022,regular,5,2022-10-01 18:00:00+00:00,231,Furman,2535,Samford,2,-2.0,-2.0,-2.0,-2.0,-2.0,0.0,0.0,0,,,,,,,,2,53.5,53.5,53.5,53.5,53.5,0.0,0.0,0,,,,,,,
401421160,2022,regular,7,2022-10-15 18:00:00+00:00,231,Furman,2717,Western Carolina,2,-9.5,-9.5,-9.5,-9.5,-9.5,0.0,0.0,0,,,,,,,,2,58.5,58.5,58.5,58.5,58.5,0.0,0.0,0,,,,,,,
401421161,2022,regular,8,2022-10-22 17:30:00+00:00,2678,VMI,231,Furman,2,13.5,13.5,13.5,13.5,13.5,0.0,0.0,0,,,,,,,,2,52.25,52.25,52.25,52.0,52.5,0.5,0.3535533905932738,0,,,,,,,
401421162,2022,regular,11,2022-11-12 20:00:00+00:00,2382,Mercer,231,Furman,1,-11.0,-11.0,-11.0,-11.0,-11.0,0.0,0.0,0,,,,,,,,1,52.5,52.5,52.5,52.5,52.5,0.0,0.0,0,,,,,,,
401422922,2022,regular,1,2022-08-27 23:00:00+00:00,2382,Mercer,2413,Morehead State,3,-29.5,-28.833333333333332,-29.5,-29.5,-27.5,2.0,1.1547005383792515,1,-28.5,-28.5,-28.5,-28.5,-28.5,0.0,0.0,3,56.5,57.0,56.5,56.5,58.0,1.5,0.8660254037844386,1,60.5,60.5,60.5,60.5,60.5,0.0,0.0
401422923,2022,regular,4,2022-09-24 22:00:00+00:00,2241,Gardner-Webb,2382,Mercer,2,7.0,7.0,7.0,7.0,7.0,0.0,0.0,0,,,,,,,,2,56.75,56.75,56.75,56.5,57.0,0.5,0.3535533905932738,0,,,,,,,
401422924,2022,regular,6,2022-10-08 20:00:00+00:00,2382,Mercer,2717,Western Carolina,2,-11.25,-11.25,-11.25,-11.5,-11.0,0.5,0.3535533905932738,0,,,,,,,,2,64.5,64.5,64.5,64.5,64.5,0.0,0.0,0,,,,,,,
401422925,2022,regular,7,2022-10-15 20:00:00+00:00,2382,Mercer,2193,East Tennessee State,2,-14.0,-14.0,-14.0,-14.0,-14.0,0.0,0.0,0,,,,,,,,2,52.25,52.25,52.25,52.0,52.5,0.5,0.3535533905932738,0,,,,,,,
401422926,2022,regular,9,2022-10-29 17:30:00+00:00,2678,VMI,2382,Mercer,1,27.5,27.5,27.5,27.5,27.5,0.0,0.0,0,,,,,,,,1,55.5,55.5,55.5,55.5,55.5,0.0,0.0,0,,,,,,,
401422927,2022,regular,12,2022-11-19 18:00:00+00:00,2535,Samford,2382,Mercer,1,0.0,0.0,0.0,0.0,0.0,0.0,0.0,0,,,,,,,,1,57.5,57.5,57.5,57.5,57.5,0.0,0.0,0,,,,,,,
401422928,2022,regular,3,2022-09-17 23:00:00+00:00,2635,Tennessee Tech,2535,Samford,2,16.0,16.0,16.0,16.0,16.0,0.0,0.0,0,,,,,,,,2,60.5,60.5,60.5,60.5,60.5,0.0,0.0,0,,,,,,,
401422929,2022,regular,4,2022-09-24 19:00:00+00:00,2535,Samford,2717,Western Carolina,2,-3.5,-3.5,-3.5,-3.5,-3.5,0.0,0.0,0,,,,,,,,2,77.0,77.0,77.0,77.0,77.0,0.0,0.0,0,,,,,,,
401422970,2022,regular,8,2022-10-22 19:30:00+00:00,2193,East Tennessee State,2535,Samford,1,2.5,2.5,2.5,2.5,2.5,0.0,0.0,0,,,,,,,,1,49.0,49.0,49.0,49.0,49.0,0.0,0.0,0,,,,,,,
401422971,2022,regular,10,2022-11-05 19:00:00+00:00,2535,Samford,2678,VMI,1,-28.5,-28.5,-28.5,-28.5,-28.5,0.0,0.0,0,,,,,,,,1,59.5,59.5,59.5,59.5,59.5,0.0,0.0,0,,,,,,,
401422973,2022,regular,5,2022-10-01 19:30:00+00:00,2717,Western Carolina,2678,VMI,2,-7.5,-7.5,-7.5,-7.5,-7.5,0.0,0.0,0,,,,,,,,2,66.5,66.5,66.5,66.5,66.5,0.0,0.0,0,,,,,,,
401422974,2022,regular,6,2022-10-08 17:30:00+00:00,2678,VMI,2193,East Tennessee State,2,7.0,7.0,7.0,7.0,7.0,0.0,0.0,0,,,,,,,,2,50.75,50.75,50.75,50.5,51.0,0.5,0.3535533905932738,0,,,,,,,
401422975,2022,regular,1,2022-09-03 16:00:00+00:00,2127,Charleston Southern,2717,Western Carolina,2,3.0,3.0,3.0,3.0,3.0,0.0,0.0,0,,,,,,,,2,63.25,63.25,63.25,63.0,63.5,0.5,0.3535533905932738,0,,,,,,,
401422976,2022,regular,3,2022-09-17 19:30:00+00:00,2717,Western Carolina,2506,Presbyterian,2,-39.0,-39.0,-39.0,-39.0,-39.0,0.0,0.0,0,,,,,,,,2,65.5,65.5,65.5,65.5,65.5,0.0,0.0,0,,,,,,,
401422977,2022,regular,11,2022-11-12 18:00:00+00:00,2193,East Tennessee State,2717,Western Carolina,2,-5.5,-5.5,-5.5,-6.0,-5.0,1.0,0.7071067811865476,0,,,,,,,,2,73.5,73.5,73.5,73.5,73.5,0.0,0.0,0,,,,,,,
401422978,2022,regular,1,2022-09-03 22:00:00+00:00,2083,Bucknell,119,Towson,2,18.0,18.0,18.0,18.0,18.0,0.0,0.0,0,,,,,,,,2,49.5,49.5,49.5,49.5,49.5,0.0,0.0,0,,,,,,,
401422979,2022,regular,5,2022-10-01 19:30:00+00:00,2083,Bucknell,322,Lafayette,2,3.0,3.0,3.0,3.0,3.0,0.0,0.0,0,,,,,,,,2,35.25,35.25,35.25,35.0,35.5,0.5,0.3535533905932738,0,,,,,,,
401422980,2022,regular,6,2022-10-08 20:00:00+00:00,107,Holy Cross,2083,Bucknell,2,-34.0,-34.0,-34.0,-34.5,-33.5,1.0,0.7071067811865476,0,,,,,,,,2,48.0,48.0,48.0,47.5,48.5,1.0,0.7071067811865476,0,,,,,,,
401422981,2022,regular,7,2022-10-15 16:00:00+00:00,43,Yale,2083,Bucknell,2,-29.0,-29.0,-29.0,-29.0,-29.0,0.0,0.0,0,,,,,,,,2,44.25,44.25,44.25,44.0,44.5,0.5,0.3535533905932738,0,,,,,,,
401422982,2022,regular,8,2022-10-22 16:00:00+00:00,2329,Lehigh,2083,Bucknell,2,-9.25,-9.25,-9.25,-10.0,-8.5,1.5,1.0606601717798212,0,,,,,,,,2,36.0,36.0,36.0,36.0,36.0,0.0,0.0,0,,,,,,,
401422983,2022,regular,9,2022-10-29 17:00:00+00:00,2083,Bucknell,2142,Colgate,2,7.5,7.5,7.5,7.5,7.5,0.0,0.0,0,,,,,,,,2,42.25,42.25,42.25,42.0,42.5,0.5,0.3535533905932738,0,,,,,,,
401422984,2022,regular,10,2022-11-05 17:00:00+00:00,2083,Bucknell,2230,Fordham,2,24.5,24.5,24.5,24.5,24.5,0.0,0.0,0,,,,,,,,2,64.5,64.5,64.5,64.5,64.5,0.0,0.0,0,,,,,,,
401422985,2022,regular,11,2022-11-12 17:30:00+00:00,46,Georgetown,2083,Bucknell,1,-6.5,-6.5,-6.5,-6.5,-6.5,0.0,0.0,0,,,,,,,,1,47.5,47.5,47.5,47.5,47.5,0.0,0.0,0,,,,,,,
401422986,2022,regular,12,2022-11-19 18:00:00+00:00,2083,Bucknell,2368,Marist,1,-8.0,-8.0,-8.0,-8.0,-8.0,0.0,0.0,0,,,,,,,,1,42.5,42.5,42.5,42.5,42.5,0.0,0.0,0,,,,,,,
401422987,2022,regular,1,2022-09-03 16:30:00+00:00,322,Lafayette,2529,Sacred Heart,2,6.5,6.5,6.5,6.5,6.5,0.0,0.0,0,,,,,,,,2,36.5,36.5,36.5,36.5,36.5,0.0,0.0,0,,,,,,,
401422988,2022,regular,3,2022-09-17 19:30:00+00:00,322,Lafayette,2729,William & Mary,2,21.0,21.0,21.0,21.0,21.0,0.0,0.0,0,,,,,,,,2,38.5,38.5,38.5,38.5,38.5,0.0,0.0,0,,,,,,,
401422989,2022,regular,4,2022-09-24 17:00:00+00:00,219,Pennsylvania,322,Lafayette,1,-11.5,-11.5,-11.5,-11.5,-11.5,0.0,0.0,0,,,,,,,,1,36.0,36.0,36.0,36.0,36.0,0.0,0.0,0,,,,,,,
401422990,2022,regular,6,2022-10-08 16:30:00+00:00,322,Lafayette,163,Princeton,2,16.0,16.0,16.0,16.0,16.0,0.0,0.0,0,,,,,,,,2,37.5,37.5,37.5,37.5,37.5,0.0,0.0,0,,,,,,,
401422991,2022,regular,8,2022-10-22 19:30:00+00:00,322,Lafayette,107,Holy Cross,2,24.75,24.75,24.75,24.5,25.0,0.5,0.3535533905932738,0,,,,,,,,2,39.0,39.0,39.0,38.5,39.5,1.0,0.7071067811865476,0,,,,,,,
401422992,2022,regular,9,2022-10-29 16:30:00+00:00,322,Lafayette,46,Georgetown,2,-10.25,-10.25,-10.25,-10.5,-10.0,0.5,0.3535533905932738,0,,,,,,,,2,43.0,43.0,43.0,43.0,43.0,0.0,0.0,0,,,,,,,
401422993,2022,regular,10,2022-11-05 17:00:00+00:00,2142,Colgate,322,Lafayette,2,-4.5,-4.5,-4.5,-4.5,-4.5,0.0,0.0,0,,,,,,,,2,35.75,35.75,35.75,35.5,36.0,0.5,0.3535533905932738,0,,,,,,,
401422994,2022,regular,11,2022-11-12 18:00:00+00:00,2230,Fordham,322,Lafayette,1,-21.5,-21.5,-21.5,-21.5,-21.5,0.0,0.0,0,,,,,,,,1,66.5,66.5,66.5,66.5,66.5,0.0,0.0,0,,,,,,,
401422995,2022,regular,12,2022-11-19 17:30:00+00:00,322,Lafayette,2329,Lehigh,1,-3.0,-3.0,-3.0,-3.0,-3.0,0.0,0.0,0,,,,,,,,1,32.5,32.5,32.5,32.5,32.5,0.0,0.0,0,,,,,,,
401422998,2022,regular,3,2022-09-17 16:00:00+00:00,2329,Lehigh,257,Richmond,3,16.0,16.333333333333332,16.0,16.0,17.0,1.0,0.5773502691896257,1,16.0,16.0,16.0,16.0,16.0,0.0,0.0,3,46.5,45.833333333333336,46.5,44.0,47.0,3.0,1.6072751268321592,1,47.0,47.0,47.0,47.0,47.0,0.0,0.0
401422999,2022,regular,4,2022-09-24 19:00:00+00:00,163,Princeton,2329,Lehigh,2,-24.0,-24.0,-24.0,-24.0,-24.0,0.0,0.0,0,,,,,,,,2,49.25,49.25,49.25,49.0,49.5,0.5,0.3535533905932738,0,,,,,,,
401423000,2022,regular,5,2022-10-01 16:00:00+00:00,2329,Lehigh,2405,Monmouth,2,17.0,17.0,17.0,17.0,17.0,0.0,0.0,0,,,,,,,,2,52.5,52.5,52.5,52.0,53.0,1.0,0.7071067811865476,0,,,,,,,
401423001,2022,regular,6,2022-10-08 16:00:00+00:00,2329,Lehigh,2230,Fordham,2,16.0,16.0,16.0,16.0,16.0,0.0,0.0,0,,,,,,,,2,67.5,67.5,67.5,67.5,67.5,0.0,0.0,0,,,,,,,
401423002,2022,regular,10,2022-11-05 16:00:00+00:00,107,Holy Cross,2329,Lehigh,2,-29.5,-29.5,-29.5,-30.0,-29.0,1.0,0.7071067811865476,0,,,,,,,,2,48.5,48.5,48.5,48.5,48.5,0.0,0.0,0,,,,,,,
401423003,2022,regular,11,2022-11-12 17:00:00+00:00,2329,Lehigh,2142,Colgate,1,3.0,3.0,3.0,3.0,3.0,0.0,0.0,0,,,,,,,,1,38.5,38.5,38.5,38.5,38.5,0.0,0.0,0,,,,,,,
401423138,2022,regular,5,2022-10-01 17:00:00+00:00,2166,Davidson,2086,Butler,2,-21.5,-21.5,-21.5,-21.5,-21.5,0.0,0.0,0,,,,,,,,2,62.5,62.5,62.5,62.5,62.5,0.0,0.0,0,,,,,,,
401423139,2022,regular,6,2022-10-08 17:00:00+00:00,2086,Butler,2168,Dayton,2,9.5,9.5,9.5,9.5,9.5,0.0,0.0,0,,,,,,,,2,51.5,51.5,51.5,51.5,51.5,0.0,0.0,0,,,,,,,
401423140,2022,regular,8,2022-10-22 17:00:00+00:00,2086,Butler,2368,Marist,2,-7.0,-7.0,-7.0,-7.0,-7.0,0.0,0.0,0,,,,,,,,2,50.5,50.5,50.5,50.5,50.5,0.0,0.0,0,,,,,,,
401423141,2022,regular,9,2022-10-29 16:00:00+00:00,2086,Butler,2413,Morehead State,2,-8.5,-8.5,-8.5,-8.5,-8.5,0.0,0.0,0,,,,,,,,2,58.5,58.5,58.5,58.5,58.5,0.0,0.0,0,,,,,,,
401423142,2022,regular,11,2022-11-12 19:00:00+00:00,2181,Drake,2086,Butler,1,7.5,7.5,7.5,7.5,7.5,0.0,0.0,0,,,,,,,,1,44.5,44.5,44.5,44.5,44.5,0.0,0.0,0,,,,,,,
401423143,2022,regular,12,2022-11-19 17:00:00+00:00,2086,Butler,2900,St. Thomas (MN),2,7.5,7.5,7.5,7.5,7.5,0.0,0.0,0,,,,,,,,2,47.5,47.5,47.5,47.5,47.5,0.0,0.0,0,,,,,,,
401423146,2022,regular,4,2022-09-24 23:00:00+00:00,2506,Presbyterian,2166,Davidson,2,28.25,28.25,28.25,26.5,30.0,3.5,2.4748737341529163,0,,,,,,,,2,69.75,69.75,69.75,69.0,70.5,1.5,1.0606601717798212,0,,,,,,,
401423147,2022,regular,6,2022-10-08 18:00:00+00:00,2900,St. Thomas (MN),2166,Davidson,2,6.0,6.0,6.0,6.0,6.0,0.0,0.0,0,,,,,,,,2,54.25,54.25,54.25,54.0,54.5,0.5,0.3535533905932738,0,,,,,,,
401423148,2022,regular,7,2022-10-15 17:00:00+00:00,2166,Davidson,2413,Morehead State,2,-22.5,-22.5,-22.5,-22.5,-22.5,0.0,0.0,0,,,,,,,,2,58.5,58.5,58.5,58.5,58.5,0.0,0.0,0,,,,,,,
401423149,2022,regular,8,2022-10-22 18:00:00+00:00,2181,Drake,2166,Davidson,2,12.5,12.5,12.5,12.5,12.5,0.0,0.0,0,,,,,,,,2,48.0,48.0,48.0,48.0,48.0,0.0,0.0,0,,,,,,,
401423150,2022,regular,10,2022-11-05 17:00:00+00:00,2166,Davidson,56,Stetson,1,-19.5,-19.5,-19.5,-19.5,-19.5,0.0,0.0,0,,,,,,,,1,57.0,57.0,57.0,57.0,57.0,0.0,0.0,0,,,,,,,
401423151,2022,regular,12,2022-11-19 18:00:00+00:00,2166,Davidson,2168,Dayton,1,-8.5,-8.5,-8.5,-8.5,-8.5,0.0,0.0,0,,,,,,,,1,58.5,58.5,58.5,58.5,58.5,0.0,0.0,0,,,,,,,
401423153,2022,regular,4,2022-09-24 18:00:00+00:00,2181,Drake,2368,Marist,2,-7.0,-7.0,-7.0,-7.0,-7.0,0.0,0.0,0,,,,,,,,2,42.25,42.25,42.25,42.0,42.5,0.5,0.3535533905932738,0,,,,,,,
401423154,2022,regular,5,2022-10-01 17:00:00+00:00,2168,Dayton,2181,Drake,2,-16.0,-16.0,-16.0,-16.0,-16.0,0.0,0.0,0,,,,,,,,2,51.5,51.5,51.5,51.0,52.0,1.0,0.7071067811865476,0,,,,,,,
401423155,2022,regular,7,2022-10-15 18:00:00+00:00,2900,St. Thomas (MN),2181,Drake,2,-16.5,-16.5,-16.5,-16.5,-16.5,0.0,0.0,0,,,,,,,,2,45.0,45.0,45.0,45.0,45.0,0.0,0.0,0,,,,,,,
401423156,2022,regular,9,2022-10-29 17:00:00+00:00,56,Stetson,2181,Drake,1,-7.0,-7.0,-7.0,-7.0,-7.0,0.0,0.0,0,,,,,,,,1,47.5,47.5,47.5,47.5,47.5,0.0,0.0,0,,,,,,,
401423158,2022,regular,4,2022-09-24 17:00:00+00:00,56,Stetson,2413,Morehead State,2,2.5,2.5,2.5,2.5,2.5,0.0,0.0,0,,,,,,,,2,63.5,63.5,63.5,63.5,63.5,0.0,0.0,0,,,,,,,
401423159,2022,regular,5,2022-10-01 17:00:00+00:00,2413,Morehead State,2506,Presbyterian,2,-17.5,-17.5,-17.5,-17.5,-17.5,0.0,0.0,0,,,,,,,,2,63.5,63.5,63.5,63.5,63.5,0.0,0.0,0,,,,,,,
401423160,2022,regular,10,2022-11-05 20:00:00+00:00,2413,Morehead State,2368,Marist,2,3.0,3.0,3.0,3.0,3.0,0.0,0.0,0,,,,,,,,2,55.0,55.0,55.0,55.0,55.0,0.0,0.0,0,,,,,,,
401423161,2022,regular,11,2022-11-12 18:00:00+00:00,2168,Dayton,2413,Morehead State,1,-14.0,-14.0,-14.0,-14.0,-14.0,0.0,0.0,0,,,,,,,,1,56.5,56.5,56.5,56.5,56.5,0.0,0.0,0,,,,,,,
401423413,2022,regular,3,2022-09-17 17:00:00+00:00,56,Stetson,163,Princeton,2,33.5,33.5,33.5,33.5,33.5,0.0,0.0,1,33.5,33.5,33.5,33.5,33.5,0.0,0.0,2,56.25,56.25,56.25,56.0,56.5,0.5,0.3535533905932738,1,56.0,56.0,56.0,56.0,56.0,0.0,0.0
401423414,2022,regular,6,2022-10-08 17:00:00+00:00,56,Stetson,2368,Marist,2,-5.5,-5.5,-5.5,-5.5,-5.5,0.0,0.0,0,,,,,,,,2,57.0,57.0,57.0,56.5,57.5,1.0,0.7071067811865476,0,,,,,,,
401423415,2022,regular,8,2022-10-22 17:00:00+00:00,2168,Dayton,56,Stetson,2,-13.5,-13.5,-13.5,-13.5,-13.5,0.0,0.0,0,,,,,,,,2,53.0,53.0,53.0,53.0,53.0,0.0,0.0,0,,,,,,,
401423416,2022,regular,11,2022-11-12 18:00:00+00:00,2900,St. Thomas (MN),56,Stetson,1,-16.0,-16.0,-16.0,-16.0,-16.0,0.0,0.0,0,,,,,,,,1,59.5,59.5,59.5,59.5,59.5,0.0,0.0,0,,,,,,,
401423417,2022,regular,12,2022-11-19 18:00:00+00:00,56,Stetson,2506,Presbyterian,1,-20.5,-20.5,-20.5,-20.5,-20.5,0.0,0.0,0,,,,,,,,1,56.0,56.0,56.0,56.0,56.0,0.0,0.0,0,,,,,,,
401423420,2022,regular,8,2022-10-22 17:00:00+00:00,2771,Merrimack,2529,Sacred Heart,2,-1.5,-1.5,-1.5,-1.5,-1.5,0.0,0.0,0,,,,,,,,2,47.5,47.5,47.5,47.5,47.5,0.0,0.0,0,,,,,,,
401423421,2022,regular,9,2022-10-29 16:00:00+00:00,2529,Sacred Heart,2598,St. Francis (PA),2,6.0,6.0,6.0,6.0,6.0,0.0,0.0,0,,,,,,,,2,46.0,46.0,46.0,46.0,46.0,0.0,0.0,0,,,,,,,
401423422,2022,regular,10,2022-11-05 16:00:00+00:00,2184,Duquesne,2529,Sacred Heart,2,-2.25,-2.25,-2.25,-2.5,-2.0,0.5,0.3535533905932738,0,,,,,,,,2,44.5,44.5,44.5,44.5,44.5,0.0,0.0,0,,,,,,,
401423423,2022,regular,11,2022-11-12 17:00:00+00:00,2681,Wagner,2529,Sacred Heart,1,17.0,17.0,17.0,17.0,17.0,0.0,0.0,0,,,,,,,,1,48.0,48.0,48.0,48.0,48.0,0.0,0.0,0,,,,,,,
401423424,2022,regular,12,2022-11-19 17:00:00+00:00,2529,Sacred Heart,2341,Long Island University,1,-10.0,-10.0,-10.0,-10.0,-10.0,0.0,0.0,0,,,,,,,,1,54.0,54.0,54.0,54.0,54.0,0.0,0.0,0,,,,,,,
401423426,2022,regular,3,2022-09-17 20:00:00+00:00,2681,Wagner,2598,St. Francis (PA),1,17.0,17.0,17.0,17.0,17.0,0.0,0.0,0,,,,,,,,1,50.0,50.0,50.0,50.0,50.0,0.0,0.0,0,,,,,,,
401423427,2022,regular,5,2022-10-01 16:00:00+00:00,2598,St. Francis (PA),2115,Central Connecticut,2,-19.0,-19.0,-19.0,-19.5,-18.5,1.0,0.7071067811865476,0,,,,,,,,2,47.5,47.5,47.5,47.5,47.5,0.0,0.0,0,,,,,,,
401423428,2022,regular,7,2022-10-15 17:00:00+00:00,2341,Long Island University,2598,St. Francis (PA),1,14.0,14.0,14.0,14.0,14.0,0.0,0.0,0,,,,,,,,1,50.5,50.5,50.5,50.5,50.5,0.0,0.0,0,,,,,,,
401423430,2022,regular,10,2022-11-05 16:30:00+00:00,46,Georgetown,2598,St. Francis (PA),2,17.0,17.0,17.0,17.0,17.0,0.0,0.0,0,,,,,,,,2,56.0,56.0,56.0,55.5,56.5,1.0,0.7071067811865476,0,,,,,,,
401423431,2022,regular,11,2022-11-12 17:00:00+00:00,2598,St. Francis (PA),2184,Duquesne,1,-13.0,-13.0,-13.0,-13.0,-13.0,0.0,0.0,0,,,,,,,,1,52.0,52.0,52.0,52.0,52.0,0.0,0.0,0,,,,,,,
401423432,2022,regular,12,2022-11-19 17:00:00+00:00,2771,Merrimack,2598,St. Francis (PA),1,9.0,9.0,9.0,9.0,9.0,0.0,0.0,0,,,,,,,,1,47.5,47.5,47.5,47.5,47.5,0.0,0.0,0,,,,,,,
401423434,2022,regular,7,2022-10-15 17:00:00+00:00,2771,Merrimack,2681,Wagner,1,-19.5,-19.5,-19.5,-19.5,-19.5,0.0,0.0,0,,,,,,,,1,52.0,52.0,52.0,52.0,52.0,0.0,0.0,0,,,,,,,
401423435,2022,regular,8,2022-10-21 23:00:00+00:00,2681,Wagner,2341,Long Island University,2,3.25,3.25,3.25,3.0,3.5,0.5,0.3535533905932738,0,,,,,,,,2,54.0,54.0,54.0,54.0,54.0,0.0,0.0,0,,,,,,,
401423436,2022,regular,9,2022-10-29 16:00:00+00:00,2115,Central Connecticut,2681,Wagner,2,-8.75,-8.75,-8.75,-9.0,-8.5,0.5,0.3535533905932738,0,,,,,,,,2,46.25,46.25,46.25,46.0,46.5,0.5,0.3535533905932738,0,,,,,,,
401423438,2022,regular,12,2022-11-19 17:00:00+00:00,2184,Duquesne,2681,Wagner,1,-20.0,-20.0,-20.0,-20.0,-20.0,0.0,0.0,0,,,,,,,,1,50.5,50.5,50.5,50.5,50.5,0.0,0.0,0,,,,,,,
401423439,2022,regular,2,2022-09-10 23:00:00+00:00,2653,Troy,2010,Alabama A&M,2,-37.5,-37.5,-37.5,-37.5,-37.5,0.0,0.0,0,,,,,,,,2,52.0,52.0,52.0,52.0,52.0,0.0,0.0,0,,,,,,,
401423440,2022,regular,4,2022-09-24 22:00:00+00:00,50,Florida A&M,2010,Alabama A&M,1,-10.0,-10.0,-10.0,-10.0,-10.0,0.0,0.0,0,,,,,,,,1,57.5,57.5,57.5,57.5,57.5,0.0,0.0,0,,,,,,,
401423441,2022,regular,5,2022-10-01 19:00:00+00:00,2010,Alabama A&M,2065,Bethune-Cookman,2,-6.5,-6.5,-6.5,-6.5,-6.5,0.0,0.0,0,,,,,,,,2,58.5,58.5,58.5,58.5,58.5,0.0,0.0,0,,,,,,,
401423442,2022,regular,6,2022-10-08 18:00:00+00:00,2010,Alabama A&M,2755,Grambling,1,-8.0,-8.0,-8.0,-8.0,-8.0,0.0,0.0,0,,,,,,,,1,57.0,57.0,57.0,57.0,57.0,0.0,0.0,0,,,,,,,
401423443,2022,regular,7,2022-10-16 20:00:00+00:00,2029,Arkansas-Pine Bluff,2010,Alabama A&M,1,10.5,10.5,10.5,10.5,10.5,0.0,0.0,0,,,,,,,,1,56.0,56.0,56.0,56.0,56.0,0.0,0.0,0,,,,,,,
401423444,2022,regular,9,2022-10-29 19:30:00+00:00,2011,Alabama State,2010,Alabama A&M,2,2.5,2.5,2.5,2.5,2.5,0.0,0.0,0,,,,,,,,2,47.75,47.75,47.75,47.5,48.0,0.5,0.3535533905932738,0,,,,,,,
401423446,2022,regular,11,2022-11-12 22:00:00+00:00,2296,Jackson State,2010,Alabama A&M,1,-28.5,-28.5,-28.5,-28.5,-28.5,0.0,0.0,0,,,,,,,,1,55.0,55.0,55.0,55.0,55.0,0.0,0.0,0,,,,,,,
401423447,2022,regular,12,2022-11-19 19:00:00+00:00,2010,Alabama A&M,2640,Texas Southern,1,2.5,2.5,2.5,2.5,2.5,0.0,0.0,0,,,,,,,,1,54.5,54.5,54.5,54.5,54.5,0.0,0.0,0,,,,,,,
401423448,2022,regular,1,2022-08-27 23:00:00+00:00,2011,Alabama State,47,Howard,3,-1.0,-0.6666666666666666,-1.0,-2.0,1.0,3.0,1.5275252316519468,1,-2.5,-2.5,-2.5,-2.5,-2.5,0.0,0.0,3,53.5,53.666666666666664,53.5,53.5,54.0,0.5,0.28867513459481287,1,53.5,53.5,53.5,53.5,53.5,0.0,0.0
401423450,2022,regular,4,2022-09-24 22:00:00+00:00,2011,Alabama State,2504,Prairie View A&M,1,6.5,6.5,6.5,6.5,6.5,0.0,0.0,0,,,,,,,,1,42.5,42.5,42.5,42.5,42.5,0.0,0.0,0,,,,,,,
401423451,2022,regular,5,2022-10-01 23:00:00+00:00,2640,Texas Southern,2011,Alabama State,2,-5.5,-5.5,-5.5,-5.5,-5.5,0.0,0.0,0,,,,,,,,2,55.5,55.5,55.5,55.5,55.5,0.0,0.0,0,,,,,,,
401423452,2022,regular,6,2022-10-08 19:00:00+00:00,2011,Alabama State,2296,Jackson State,2,26.75,26.75,26.75,26.5,27.0,0.5,0.3535533905932738,0,,,,,,,,2,52.5,52.5,52.5,52.5,52.5,0.0,0.0,0,,,,,,,
401423453,2022,regular,7,2022-10-15 19:00:00+00:00,2011,Alabama State,2400,Mississippi Valley State,1,-18.0,-18.0,-18.0,-18.0,-18.0,0.0,0.0,0,,,,,,,,1,37.5,37.5,37.5,37.5,37.5,0.0,0.0,0,,,,,,,
401423454,2022,regular,10,2022-11-05 20:00:00+00:00,2065,Bethune-Cookman,2011,Alabama State,2,6.25,6.25,6.25,6.0,6.5,0.5,0.3535533905932738,0,,,,,,,,2,51.5,51.5,51.5,51.5,51.5,0.0,0.0,0,,,,,,,
401423455,2022,regular,11,2022-11-12 20:00:00+00:00,2011,Alabama State,50,Florida A&M,2,4.5,4.5,4.5,4.5,4.5,0.0,0.0,0,,,,,,,,2,36.5,36.5,36.5,36.5,36.5,0.0,0.0,0,,,,,,,
401423456,2022,regular,13,2022-11-24 20:00:00+00:00,2011,Alabama State,2029,Arkansas-Pine Bluff,1,-18.0,-18.0,-18.0,-18.0,-18.0,0.0,0.0,0,,,,,,,,1,46.5,46.5,46.5,46.5,46.5,0.0,0.0,0,,,,,,,
401423914,2022,regular,3,2022-09-17 17:00:00+00:00,219,Pennsylvania,2142,Colgate,3,-3.0,-3.1666666666666665,-3.0,-3.5,-3.0,0.5,0.28867513459481287,1,-3.0,-3.0,-3.0,-3.0,-3.0,0.0,0.0,2,41.5,41.5,41.5,41.5,41.5,0.0,0.0,0,,,,,,,
401423915,2022,regular,6,2022-10-08 18:00:00+00:00,46,Georgetown,219,Pennsylvania,2,15.0,15.0,15.0,15.0,15.0,0.0,0.0,0,,,,,,,,2,41.5,41.5,41.5,41.5,41.5,0.0,0.0,0,,,,,,,
401423916,2022,regular,8,2022-10-22 17:00:00+00:00,219,Pennsylvania,43,Yale,2,-4.75,-4.75,-4.75,-5.0,-4.5,0.5,0.3535533905932738,0,,,,,,,,2,45.0,45.0,45.0,44.5,45.5,1.0,0.7071067811865476,0,,,,,,,
401423917,2022,regular,12,2022-11-19 18:00:00+00:00,163,Princeton,219,Pennsylvania,1,-11.5,-11.5,-11.5,-11.5,-11.5,0.0,0.0,0,,,,,,,,1,42.5,42.5,42.5,42.5,42.5,0.0,0.0,0,,,,,,,
401423918,2022,regular,1,2022-09-03 23:00:00+00:00,2504,Prairie View A&M,2640,Texas Southern,2,-11.0,-11.0,-11.0,-11.0,-11.0,0.0,0.0,0,,,,,,,,2,60.5,60.5,60.5,60.5,60.5,0.0,0.0,0,,,,,,,
401423919,2022,regular,3,2022-09-17 21:00:00+00:00,2582,Southern,2640,Texas Southern,2,7.0,7.0,7.0,7.0,7.0,0.0,0.0,0,,,,,,,,2,68.5,68.5,68.5,68.5,68.5,0.0,0.0,0,,,,,,,
401423920,2022,regular,6,2022-10-08 19:00:00+00:00,2029,Arkansas-Pine Bluff,2640,Texas Southern,2,13.0,13.0,13.0,13.0,13.0,0.0,0.0,0,,,,,,,,2,63.5,63.5,63.5,63.5,63.5,0.0,0.0,0,,,,,,,
401423921,2022,regular,8,2022-10-22 19:00:00+00:00,2016,Alcorn State,2640,Texas Southern,2,-9.5,-9.5,-9.5,-9.5,-9.5,0.0,0.0,0,,,,,,,,2,49.5,49.5,49.5,49.5,49.5,0.0,0.0,0,,,,,,,
401423923,2022,regular,10,2022-11-05 23:00:00+00:00,2640,Texas Southern,2296,Jackson State,2,23.5,23.5,23.5,23.5,23.5,0.0,0.0,0,,,,,,,,2,51.5,51.5,51.5,51.5,51.5,0.0,0.0,0,,,,,,,
401423924,2022,regular,11,2022-11-13 00:00:00+00:00,2640,Texas Southern,2755,Grambling,1,-6.5,-6.5,-6.5,-6.5,-6.5,0.0,0.0,0,,,,,,,,1,55.0,55.0,55.0,55.0,55.0,0.0,0.0,0,,,,,,,
401423926,2022,regular,5,2022-10-01 23:00:00+00:00,2582,Southern,2029,Arkansas-Pine Bluff,2,-14.0,-14.0,-14.0,-14.0,-14.0,0.0,0.0,0,,,,,,,,2,60.0,60.0,60.0,60.0,60.0,0.0,0.0,0,,,,,,,
401423927,2022,regular,6,2022-10-08 21:00:00+00:00,2504,Prairie View A&M,2582,Southern,2,-4.5,-4.5,-4.5,-4.5,-4.5,0.0,0.0,0,,,,,,,,2,49.5,49.5,49.5,49.5,49.5,0.0,0.0,0,,,,,,,
401423928,2022,regular,7,2022-10-15 23:00:00+00:00,2582,Southern,2016,Alcorn State,2,-8.0,-8.0,-8.0,-8.0,-8.0,0.0,0.0,0,,,,,,,,2,55.5,55.5,55.5,55.5,55.5,0.0,0.0,0,,,,,,,
401423950,2022,regular,9,2022-10-29 18:00:00+00:00,2296,Jackson State,2582,Southern,2,-17.75,-17.75,-17.75,-18.0,-17.5,0.5,0.3535533905932738,0,,,,,,,,2,56.5,56.5,56.5,56.0,57.0,1.0,0.7071067811865476,0,,,,,,,
401423951,2022,regular,10,2022-11-05 22:00:00+00:00,50,Florida A&M,2582,Southern,2,-3.5,-3.5,-3.5,-3.5,-3.5,0.0,0.0,0,,,,,,,,2,47.5,47.5,47.5,47.5,47.5,0.0,0.0,0,,,,,,,
401423952,2022,regular,11,2022-11-12 20:00:00+00:00,2582,Southern,2400,Mississippi Valley State,1,-20.5,-20.5,-20.5,-20.5,-20.5,0.0,0.0,0,,,,,,,,1,47.5,47.5,47.5,47.5,47.5,0.0,0.0,0,,,,,,,
401423953,2022,regular,13,2022-11-26 19:00:00+00:00,2582,Southern,2755,Grambling,2,-10.0,-10.0,-10.0,-10.0,-10.0,0.0,0.0,0,,,,,,,,2,53.0,53.0,53.0,53.0,53.0,0.0,0.0,0,,,,,,,
401424366,2022,regular,4,2022-09-24 19:30:00+00:00,2729,William & Mary,2210,Elon,2,-6.5,-6.5,-6.5,-6.5,-6.5,0.0,0.0,0,,,,,,,,2,50.0,50.0,50.0,50.0,50.0,0.0,0.0,0,,,,,,,
401424367,2022,regular,5,2022-10-01 19:30:00+00:00,2619,Stony Brook,2729,William & Mary,1,17.0,17.0,17.0,17.0,17.0,0.0,0.0,0,,,,,,,,1,44.0,44.0,44.0,44.0,44.0,0.0,0.0,0,,,,,,,
401424368,2022,regular,6,2022-10-08 19:30:00+00:00,2729,William & Mary,48,Delaware,1,-2.5,-2.5,-2.5,-2.5,-2.5,0.0,0.0,0,,,,,,,,1,45.5,45.5,45.5,45.5,45.5,0.0,0.0,0,,,,,,,
401424369,2022,regular,8,2022-10-22 20:00:00+00:00,119,Towson,2729,William & Mary,2,18.5,18.5,18.5,18.5,18.5,0.0,0.0,0,,,,,,,,2,48.5,48.5,48.5,48.5,48.5,0.0,0.0,0,,,,,,,
401424390,2022,regular,9,2022-10-29 17:00:00+00:00,2729,William & Mary,227,Rhode Island,2,-6.5,-6.5,-6.5,-6.5,-6.5,0.0,0.0,0,,,,,,,,2,59.5,59.5,59.5,59.5,59.5,0.0,0.0,0,,,,,,,
401424391,2022,regular,10,2022-11-05 17:00:00+00:00,2261,Hampton,2729,William & Mary,2,20.5,20.5,20.5,20.5,20.5,0.0,0.0,0,,,,,,,,2,51.5,51.5,51.5,51.5,51.5,0.0,0.0,0,,,,,,,
401424392,2022,regular,11,2022-11-12 18:00:00+00:00,2729,William & Mary,222,Villanova,2,-10.5,-10.5,-10.5,-10.5,-10.5,0.0,0.0,0,,,,,,,,2,52.75,52.75,52.75,52.5,53.0,0.5,0.3535533905932738,0,,,,,,,
401424393,2022,regular,12,2022-11-19 17:00:00+00:00,257,Richmond,2729,William & Mary,1,-1.5,-1.5,-1.5,-1.5,-1.5,0.0,0.0,0,,,,,,,,1,53.0,53.0,53.0,53.0,53.0,0.0,0.0,0,,,,,,,
401424394,2022,regular,3,2022-09-17 22:00:00+00:00,2210,Elon,2241,Gardner-Webb,2,-13.5,-13.5,-13.5,-13.5,-13.5,0.0,0.0,0,,,,,,,,2,55.0,55.0,55.0,55.0,55.0,0.0,0.0,0,,,,,,,
401424395,2022,regular,5,2022-10-01 18:00:00+00:00,2210,Elon,257,Richmond,2,2.0,2.0,2.0,2.0,2.0,0.0,0.0,0,,,,,,,,2,55.0,55.0,55.0,55.0,55.0,0.0,0.0,0,,,,,,,
401424396,2022,regular,6,2022-10-08 18:00:00+00:00,2210,Elon,119,Towson,1,-23.0,-23.0,-23.0,-23.0,-23.0,0.0,0.0,0,,,,,,,,1,48.0,48.0,48.0,48.0,48.0,0.0,0.0,0,,,,,,,
401424397,2022,regular,7,2022-10-15 17:00:00+00:00,227,Rhode Island,2210,Elon,2,-4.0,-4.0,-4.0,-4.0,-4.0,0.0,0.0,0,,,,,,,,2,53.5,53.5,53.5,53.5,53.5,0.0,0.0,0,,,,,,,
401424398,2022,regular,8,2022-10-22 17:00:00+00:00,160,New Hampshire,2210,Elon,2,2.5,2.5,2.5,2.5,2.5,0.0,0.0,0,,,,,,,,2,44.75,44.75,44.75,44.5,45.0,0.5,0.3535533905932738,0,,,,,,,
401424399,2022,regular,9,2022-10-29 19:30:00+00:00,2210,Elon,48,Delaware,1,3.0,3.0,3.0,3.0,3.0,0.0,0.0,0,,,,,,,,1,46.0,46.0,46.0,46.0,46.0,0.0,0.0,0,,,,,,,
401424400,2022,regular,10,2022-11-05 18:00:00+00:00,2210,Elon,399,UAlbany,2,-11.0,-11.0,-11.0,-11.0,-11.0,0.0,0.0,0,,,,,,,,2,52.25,52.25,52.25,52.0,52.5,0.5,0.3535533905932738,0,,,,,,,
401424401,2022,regular,11,2022-11-12 18:00:00+00:00,2261,Hampton,2210,Elon,1,17.5,17.5,17.5,17.5,17.5,0.0,0.0,0,,,,,,,,1,42.5,42.5,42.5,42.5,42.5,0.0,0.0,0,,,,,,,
401424402,2022,regular,1,2022-09-01 23:00:00+00:00,160,New Hampshire,2405,Monmouth,3,1.5,1.5,1.5,1.5,1.5,0.0,0.0,1,1.5,1.5,1.5,1.5,1.5,0.0,0.0,3,48.5,48.5,48.5,48.5,48.5,0.0,0.0,1,48.5,48.5,48.5,48.5,48.5,0.0,0.0
401424404,2022,regular,3,2022-09-17 17:00:00+00:00,2405,Monmouth,46,Georgetown,2,-17.5,-17.5,-17.5,-17.5,-17.5,0.0,0.0,1,-17.5,-17.5,-17.5,-17.5,-17.5,0.0,0.0,2,54.5,54.5,54.5,54.0,55.0,1.0,0.7071067811865476,1,55.0,55.0,55.0,55.0,55.0,0.0,0.0
401424405,2022,regular,4,2022-09-24 19:30:00+00:00,222,Villanova,2405,Monmouth,1,-10.5,-10.5,-10.5,-10.5,-10.5,0.0,0.0,0,,,,,,,,1,60.5,60.5,60.5,60.5,60.5,0.0,0.0,0,,,,,,,
401424406,2022,regular,6,2022-10-08 17:00:00+00:00,2405,Monmouth,399,UAlbany,1,-11.5,-11.5,-11.5,-11.5,-11.5,0.0,0.0,0,,,,,,,,1,64.0,64.0,64.0,64.0,64.0,0.0,0.0,0,,,,,,,
401424407,2022,regular,7,2022-10-15 17:00:00+00:00,311,Maine,2405,Monmouth,2,11.0,11.0,11.0,10.5,11.5,1.0,0.7071067811865476,0,,,,,,,,2,60.5,60.5,60.5,60.5,60.5,0.0,0.0,0,,,,,,,
401424408,2022,regular,8,2022-10-22 17:00:00+00:00,2405,Monmouth,227,Rhode Island,2,1.0,1.0,1.0,1.0,1.0,0.0,0.0,0,,,,,,,,2,60.0,60.0,60.0,60.0,60.0,0.0,0.0,0,,,,,,,
401424409,2022,regular,9,2022-10-29 17:00:00+00:00,2405,Monmouth,119,Towson,1,-19.5,-19.5,-19.5,-19.5,-19.5,0.0,0.0,0,,,,,,,,1,57.0,57.0,57.0,57.0,57.0,0.0,0.0,0,,,,,,,
401424410,2022,regular,10,2022-11-05 17:00:00+00:00,48,Delaware,2405,Monmouth,1,-10.0,-10.0,-10.0,-10.0,-10.0,0.0,0.0,0,,,,,,,,1,59.5,59.5,59.5,59.5,59.5,0.0,0.0,0,,,,,,,
401424411,2022,regular,12,2022-11-19 17:00:00+00:00,2405,Monmouth,2619,Stony Brook,1,-14.5,-14.5,-14.5,-14.5,-14.5,0.0,0.0,0,,,,,,,,1,62.5,62.5,62.5,62.5,62.5,0.0,0.0,0,,,,,,,
401424414,2022,regular,1,2022-09-01 23:00:00+00:00,2619,Stony Brook,227,Rhode Island,3,0.0,0.0,0.0,0.0,0.0,0.0,0.0,1,0.0,0.0,0.0,0.0,0.0,0.0,0.0,3,46.0,46.0,46.0,46.0,46.0,0.0,0.0,1,46.0,46.0,46.0,46.0,46.0,0.0,0.0
401424415,2022,regular,1,2022-09-02 22:00:00+00:00,222,Villanova,2329,Lehigh,3,-27.5,-27.5,-27.5,-27.5,-27.5,0.0,0.0,1,-28.0,-28.0,-28.0,-28.0,-28.0,0.0,0.0,3,43.0,43.0,43.0,43.0,43.0,0.0,0.0,1,42.5,42.5,42.5,42.5,42.5,0.0,0.0
401424416,2022,regular,1,2022-09-03 23:00:00+00:00,239,Baylor,399,UAlbany,3,-42.5,-42.666666666666664,-42.5,-43.0,-42.5,0.5,0.28867513459481287,1,-42.5,-42.5,-42.5,-42.5,-42.5,0.0,0.0,3,46.5,46.666666666666664,46.5,46.0,47.5,1.5,0.7637626158259734,1,45.5,45.5,45.5,45.5,45.5,0.0,0.0
401424417,2022,regular,1,2022-09-03 22:00:00+00:00,2261,Hampton,47,Howard,2,-9.0,-9.0,-9.0,-9.0,-9.0,0.0,0.0,0,,,,,,,,2,58.0,58.0,58.0,58.0,58.0,0.0,0.0,0,,,,,,,
401424424,2022,regular,3,2022-09-17 17:00:00+00:00,227,Rhode Island,48,Delaware,3,-3.0,-3.0,-3.0,-3.0,-3.0,0.0,0.0,1,-3.0,-3.0,-3.0,-3.0,-3.0,0.0,0.0,3,47.0,46.0,47.0,44.0,47.0,3.0,1.7320508075688772,1,43.0,43.0,43.0,43.0,43.0,0.0,0.0
401424425,2022,regular,3,2022-09-17 17:00:00+00:00,2230,Fordham,399,UAlbany,2,-8.0,-8.0,-8.0,-8.5,-7.5,1.0,0.7071067811865476,1,-7.5,-7.5,-7.5,-7.5,-7.5,0.0,0.0,2,61.25,61.25,61.25,61.0,61.5,0.5,0.3535533905932738,1,61.0,61.0,61.0,61.0,61.0,0.0,0.0
401424426,2022,regular,4,2022-09-24 22:00:00+00:00,48,Delaware,2261,Hampton,2,-24.5,-24.5,-24.5,-24.5,-24.5,0.0,0.0,0,,,,,,,,2,51.0,51.0,51.0,51.0,51.0,0.0,0.0,0,,,,,,,
401424427,2022,regular,4,2022-09-24 20:00:00+00:00,119,Towson,160,New Hampshire,2,6.0,6.0,6.0,6.0,6.0,0.0,0.0,0,,,,,,,,2,46.5,46.5,46.5,46.5,46.5,0.0,0.0,0,,,,,,,
401424428,2022,regular,4,2022-09-24 18:00:00+00:00,257,Richmond,2619,Stony Brook,1,-14.5,-14.5,-14.5,-14.5,-14.5,0.0,0.0,0,,,,,,,,1,47.5,47.5,47.5,47.5,47.5,0.0,0.0,0,,,,,,,
401424429,2022,regular,4,2022-09-24 19:30:00+00:00,399,UAlbany,2115,Central Connecticut,2,-17.0,-17.0,-17.0,-17.0,-17.0,0.0,0.0,0,,,,,,,,2,48.0,48.0,48.0,48.0,48.0,0.0,0.0,0,,,,,,,
401424430,2022,regular,5,2022-10-01 19:30:00+00:00,48,Delaware,119,Towson,2,-26.25,-26.25,-26.25,-26.5,-26.0,0.5,0.3535533905932738,0,,,,,,,,2,44.5,44.5,44.5,44.5,44.5,0.0,0.0,0,,,,,,,
401424431,2022,regular,5,2022-10-01 17:00:00+00:00,311,Maine,222,Villanova,2,8.5,8.5,8.5,8.5,8.5,0.0,0.0,0,,,,,,,,2,57.0,57.0,57.0,57.0,57.0,0.0,0.0,0,,,,,,,
401424432,2022,regular,6,2022-10-08 18:00:00+00:00,2261,Hampton,311,Maine,1,5.5,5.5,5.5,5.5,5.5,0.0,0.0,0,,,,,,,,1,49.5,49.5,49.5,49.5,49.5,0.0,0.0,0,,,,,,,
401424433,2022,regular,6,2022-10-08 19:30:00+00:00,160,New Hampshire,2619,Stony Brook,2,-8.5,-8.5,-8.5,-8.5,-8.5,0.0,0.0,0,,,,,,,,2,42.5,42.5,42.5,42.5,42.5,0.0,0.0,0,,,,,,,
401424434,2022,regular,7,2022-10-15 19:30:00+00:00,399,UAlbany,2261,Hampton,1,-14.0,-14.0,-14.0,-14.0,-14.0,0.0,0.0,0,,,,,,,,1,57.0,57.0,57.0,57.0,57.0,0.0,0.0,0,,,,,,,
401424435,2022,regular,7,2022-10-15 19:30:00+00:00,257,Richmond,222,Villanova,2,-5.0,-5.0,-5.0,-5.5,-4.5,1.0,0.7071067811865476,0,,,,,,,,2,62.5,62.5,62.5,62.5,62.5,0.0,0.0,0,,,,,,,
401424436,2022,regular,7,2022-10-15 22:00:00+00:00,2230,Fordham,2619,Stony Brook,2,-15.5,-15.5,-15.5,-15.5,-15.5,0.0,0.0,0,,,,,,,,2,66.75,66.75,66.75,66.5,67.0,0.5,0.3535533905932738,0,,,,,,,
401424437,2022,regular,8,2022-10-22 19:30:00+00:00,222,Villanova,399,UAlbany,2,-16.25,-16.25,-16.25,-16.5,-16.0,0.5,0.3535533905932738,0,,,,,,,,2,65.5,65.5,65.5,65.5,65.5,0.0,0.0,0,,,,,,,
401424438,2022,regular,8,2022-10-22 18:00:00+00:00,2261,Hampton,257,Richmond,2,20.0,20.0,20.0,20.0,20.0,0.0,0.0,0,,,,,,,,2,50.0,50.0,50.0,50.0,50.0,0.0,0.0,0,,,,,,,
401424439,2022,regular,8,2022-10-22 19:30:00+00:00,2619,Stony Brook,311,Maine,2,3.5,3.5,3.5,3.5,3.5,0.0,0.0,0,,,,,,,,2,43.5,43.5,43.5,43.5,43.5,0.0,0.0,0,,,,,,,
401424440,2022,regular,9,2022-10-29 17:00:00+00:00,399,UAlbany,2619,Stony Brook,1,-9.5,-9.5,-9.5,-9.5,-9.5,0.0,0.0,0,,,,,,,,1,46.0,46.0,46.0,46.0,46.0,0.0,0.0,0,,,,,,,
401424441,2022,regular,9,2022-10-29 17:00:00+00:00,222,Villanova,2261,Hampton,1,-22.5,-22.5,-22.5,-22.5,-22.5,0.0,0.0,0,,,,,,,,1,57.5,57.5,57.5,57.5,57.5,0.0,0.0,0,,,,,,,
401424442,2022,regular,9,2022-10-29 17:00:00+00:00,311,Maine,257,Richmond,1,14.5,14.5,14.5,14.5,14.5,0.0,0.0,0,,,,,,,,1,54.5,54.5,54.5,54.5,54.5,0.0,0.0,0,,,,,,,
401424443,2022,regular,10,2022-11-05 17:00:00+00:00,227,Rhode Island,311,Maine,1,-15.5,-15.5,-15.5,-15.5,-15.5,0.0,0.0,0,,,,,,,,1,57.0,57.0,57.0,57.0,57.0,0.0,0.0,0,,,,,,,
401424444,2022,regular,10,2022-11-05 19:30:00+00:00,257,Richmond,160,New Hampshire,1,-12.5,-12.5,-12.5,-12.5,-12.5,0.0,0.0,0,,,,,,,,1,48.0,48.0,48.0,48.0,48.0,0.0,0.0,0,,,,,,,
401424445,2022,regular,10,2022-11-05 18:00:00+00:00,119,Towson,222,Villanova,1,10.5,10.5,10.5,10.5,10.5,0.0,0.0,0,,,,,,,,1,53.5,53.5,53.5,53.5,53.5,0.0,0.0,0,,,,,,,
401424446,2022,regular,11,2022-11-12 17:00:00+00:00,399,UAlbany,311,Maine,1,-5.0,-5.0,-5.0,-5.0,-5.0,0.0,0.0,0,,,,,,,,1,61.0,61.0,61.0,61.0,61.0,0.0,0.0,0,,,,,,,
401424447,2022,regular,11,2022-11-12 18:00:00+00:00,48,Delaware,257,Richmond,1,-4.0,-4.0,-4.0,-4.0,-4.0,0.0,0.0,0,,,,,,,,1,45.5,45.5,45.5,45.5,45.5,0.0,0.0,0,,,,,,,
401424448,2022,regular,11,2022-11-12 18:00:00+00:00,160,New Hampshire,227,Rhode Island,1,1.0,1.0,1.0,1.0,1.0,0.0,0.0,0,,,,,,,,1,52.5,52.5,52.5,52.5,52.5,0.0,0.0,0,,,,,,,
401424449,2022,regular,11,2022-11-12 18:00:00+00:00,2619,Stony Brook,119,Towson,2,5.5,5.5,5.5,5.5,5.5,0.0,0.0,0,,,,,,,,2,43.5,43.5,43.5,43.5,43.5,0.0,0.0,0,,,,,,,
401424450,2022,regular,12,2022-11-19 18:00:00+00:00,227,Rhode Island,399,UAlbany,1,-10.0,-10.0,-10.0,-10.0,-10.0,0.0,0.0,0,,,,,,,,1,59.5,59.5,59.5,59.5,59.5,0.0,0.0,0,,,,,,,
401424451,2022,regular,12,2022-11-19 18:00:00+00:00,222,Villanova,48,Delaware,2,7.75,7.75,7.75,7.5,8.0,0.5,0.3535533905932738,0,,,,,,,,2,45.25,45.25,45.25,44.5,46.0,1.5,1.0606601717798212,0,,,,,,,
401424452,2022,regular,12,2022-11-19 18:00:00+00:00,119,Towson,2261,Hampton,1,-7.5,-7.5,-7.5,-7.5,-7.5,0.0,0.0,0,,,,,,,,1,48.0,48.0,48.0,48.0,48.0,0.0,0.0,0,,,,,,,
401424453,2022,regular,12,2022-11-19 17:00:00+00:00,311,Maine,160,New Hampshire,1,5.5,5.5,5.5,5.5,5.5,0.0,0.0,0,,,,,,,,1,51.5,51.5,51.5,51.5,51.5,0.0,0.0,0,,,,,,,
401424930,2022,regular,4,2022-09-24 23:00:00+00:00,2016,Alcorn State,2029,Arkansas-Pine Bluff,2,-18.25,-18.25,-18.25,-18.5,-18.0,0.5,0.3535533905932738,0,,,,,,,,2,59.0,59.0,59.0,58.5,59.5,1.0,0.7071067811865476,0,,,,,,,
401424931,2022,regular,6,2022-10-08 23:00:00+00:00,2400,Mississippi Valley State,2016,Alcorn State,2,15.5,15.5,15.5,15.5,15.5,0.0,0.0,0,,,,,,,,2,47.0,47.0,47.0,47.0,47.0,0.0,0.0,0,,,,,,,
401424932,2022,regular,9,2022-10-29 19:00:00+00:00,2755,Grambling,2016,Alcorn State,1,8.0,8.0,8.0,8.0,8.0,0.0,0.0,0,,,,,,,,1,51.5,51.5,51.5,51.5,51.5,0.0,0.0,0,,,,,,,
401424933,2022,regular,10,2022-11-04 23:30:00+00:00,2504,Prairie View A&M,2016,Alcorn State,2,-9.25,-9.25,-9.25,-9.5,-9.0,0.5,0.3535533905932738,0,,,,,,,,2,51.0,51.0,51.0,51.0,51.0,0.0,0.0,0,,,,,,,
401424934,2022,regular,11,2022-11-12 20:00:00+00:00,2016,Alcorn State,2065,Bethune-Cookman,1,-11.0,-11.0,-11.0,-11.0,-11.0,0.0,0.0,0,,,,,,,,1,58.5,58.5,58.5,58.5,58.5,0.0,0.0,0,,,,,,,
401424935,2022,regular,12,2022-11-19 20:00:00+00:00,2016,Alcorn State,2296,Jackson State,2,19.5,19.5,19.5,19.5,19.5,0.0,0.0,0,,,,,,,,2,44.0,44.0,44.0,44.0,44.0,0.0,0.0,0,,,,,,,
401424937,2022,regular,4,2022-09-24 18:00:00+00:00,2065,Bethune-Cookman,2755,Grambling,1,-2.5,-2.5,-2.5,-2.5,-2.5,0.0,0.0,0,,,,,,,,1,56.5,56.5,56.5,56.5,56.5,0.0,0.0,0,,,,,,,
401424938,2022,regular,6,2022-10-08 22:00:00+00:00,2634,Tennessee State,2065,Bethune-Cookman,1,-7.5,-7.5,-7.5,-7.5,-7.5,0.0,0.0,0,,,,,,,,1,49.5,49.5,49.5,49.5,49.5,0.0,0.0,0,,,,,,,
401424939,2022,regular,7,2022-10-15 20:00:00+00:00,2065,Bethune-Cookman,2296,Jackson State,2,28.5,28.5,28.5,28.5,28.5,0.0,0.0,0,,,,,,,,2,59.5,59.5,59.5,59.5,59.5,0.0,0.0,0,,,,,,,
401424940,2022,regular,8,2022-10-22 20:00:00+00:00,2400,Mississippi Valley State,2065,Bethune-Cookman,2,4.0,4.0,4.0,4.0,4.0,0.0,0.0,0,,,,,,,,2,47.5,47.5,47.5,47.5,47.5,0.0,0.0,0,,,,,,,
401424941,2022,regular,9,2022-10-29 19:00:00+00:00,2504,Prairie View A&M,2065,Bethune-Cookman,1,-16.5,-16.5,-16.5,-16.5,-16.5,0.0,0.0,0,,,,,,,,1,56.0,56.0,56.0,56.0,56.0,0.0,0.0,0,,,,,,,
401424942,2022,regular,12,2022-11-19 19:30:00+00:00,50,Florida A&M,2065,Bethune-Cookman,1,14.0,14.0,14.0,14.0,14.0,0.0,0.0,0,,,,,,,,1,57.0,57.0,57.0,57.0,57.0,0.0,0.0,0,,,,,,,
401424944,2022,regular,9,2022-10-29 20:00:00+00:00,50,Florida A&M,2029,Arkansas-Pine Bluff,1,-18.5,-18.5,-18.5,-18.5,-18.5,0.0,0.0,0,,,,,,,,1,54.5,54.5,54.5,54.5,54.5,0.0,0.0,0,,,,,,,
401424945,2022,regular,10,2022-11-05 19:00:00+00:00,2755,Grambling,2029,Arkansas-Pine Bluff,2,-9.75,-9.75,-9.75,-10.0,-9.5,0.5,0.3535533905932738,0,,,,,,,,2,55.0,55.0,55.0,55.0,55.0,0.0,0.0,0,,,,,,,
401424946,2022,regular,11,2022-11-12 20:00:00+00:00,2029,Arkansas-Pine Bluff,2504,Prairie View A&M,1,17.0,17.0,17.0,17.0,17.0,0.0,0.0,0,,,,,,,,1,55.5,55.5,55.5,55.5,55.5,0.0,0.0,0,,,,,,,
401424949,2022,regular,5,2022-10-01 22:00:00+00:00,50,Florida A&M,2400,Mississippi Valley State,2,-24.5,-24.5,-24.5,-24.5,-24.5,0.0,0.0,0,,,,,,,,2,48.5,48.5,48.5,48.5,48.5,0.0,0.0,0,,,,,,,
401424950,2022,regular,6,2022-10-08 18:00:00+00:00,2569,South Carolina State,50,Florida A&M,2,2.5,2.5,2.5,2.5,2.5,0.0,0.0,0,,,,,,,,2,54.5,54.5,54.5,54.5,54.5,0.0,0.0,0,,,,,,,
401424951,2022,regular,7,2022-10-15 18:00:00+00:00,2755,Grambling,50,Florida A&M,2,17.0,17.0,17.0,17.0,17.0,0.0,0.0,0,,,,,,,,2,56.0,56.0,56.0,56.0,56.0,0.0,0.0,0,,,,,,,
401424954,2022,regular,3,2022-09-17 18:00:00+00:00,2296,Jackson State,2755,Grambling,2,-28.5,-28.5,-28.5,-28.5,-28.5,0.0,0.0,0,,,,,,,,2,44.5,44.5,44.5,44.5,44.5,0.0,0.0,0,,,,,,,
401424955,2022,regular,4,2022-09-24 18:00:00+00:00,2296,Jackson State,2400,Mississippi Valley State,2,-40.0,-40.0,-40.0,-40.0,-40.0,0.0,0.0,0,,,,,,,,2,51.75,51.75,51.75,51.5,52.0,0.5,0.3535533905932738,0,,,,,,,
401424956,2022,regular,8,2022-10-22 19:00:00+00:00,2296,Jackson State,2097,Campbell,2,-17.0,-17.0,-17.0,-17.0,-17.0,0.0,0.0,0,,,,,,,,2,56.5,56.5,56.5,56.5,56.5,0.0,0.0,0,,,,,,,
401425090,2022,regular,4,2022-09-24 17:00:00+00:00,2674,Valparaiso,301,San Diego,2,7.5,7.5,7.5,7.5,7.5,0.0,0.0,0,,,,,,,,2,50.5,50.5,50.5,50.5,50.5,0.0,0.0,0,,,,,,,
401425413,2022,regular,3,2022-09-17 18:00:00+00:00,107,Holy Cross,43,Yale,2,-8.5,-8.5,-8.5,-8.5,-8.5,0.0,0.0,0,,,,,,,,2,52.0,52.0,52.0,51.5,52.5,1.0,0.7071067811865476,0,,,,,,,
401425414,2022,regular,4,2022-09-24 17:00:00+00:00,2142,Colgate,107,Holy Cross,2,20.5,20.5,20.5,20.5,20.5,0.0,0.0,0,,,,,,,,2,49.0,49.0,49.0,49.0,49.0,0.0,0.0,0,,,,,,,
401425415,2022,regular,9,2022-10-29 17:00:00+00:00,107,Holy Cross,2230,Fordham,2,-10.25,-10.25,-10.25,-10.5,-10.0,0.5,0.3535533905932738,0,,,,,,,,2,68.5,68.5,68.5,68.5,68.5,0.0,0.0,0,,,,,,,
401425417,2022,regular,12,2022-11-19 17:30:00+00:00,46,Georgetown,107,Holy Cross,2,28.0,28.0,28.0,28.0,28.0,0.0,0.0,0,,,,,,,,2,61.75,61.75,61.75,61.5,62.0,0.5,0.3535533905932738,0,,,,,,,
401425418,2022,regular,1,2022-09-03 23:00:00+00:00,2032,Arkansas State,2755,Grambling,3,-25.5,-25.333333333333332,-25.5,-25.5,-25.0,0.5,0.28867513459481287,1,-24.5,-24.5,-24.5,-24.5,-24.5,0.0,0.0,3,57.0,57.166666666666664,57.0,57.0,57.5,0.5,0.28867513459481287,1,58.5,58.5,58.5,58.5,58.5,0.0,0.0
401425419,2022,regular,5,2022-10-01 23:00:00+00:00,2755,Grambling,2504,Prairie View A&M,2,13.0,13.0,13.0,13.0,13.0,0.0,0.0,0,,,,,,,,2,48.5,48.5,48.5,48.5,48.5,0.0,0.0,0,,,,,,,
401425421,2022,regular,12,2022-11-19 19:00:00+00:00,2400,Mississippi Valley State,2504,Prairie View A&M,1,19.5,19.5,19.5,19.5,19.5,0.0,0.0,0,,,,,,,,1,50.0,50.0,50.0,50.0,50.0,0.0,0.0,0,,,,,,,
401425423,2022,regular,7,2022-10-15 23:00:00+00:00,2635,Tennessee Tech,2634,Tennessee State,1,-2.5,-2.5,-2.5,-2.5,-2.5,0.0,0.0,0,,,,,,,,1,53.5,53.5,53.5,53.5,53.5,0.0,0.0,0,,,,,,,
401425424,2022,regular,8,2022-10-22 19:00:00+00:00,2634,Tennessee State,2197,Eastern Illinois,2,-7.5,-7.5,-7.5,-7.5,-7.5,0.0,0.0,0,,,,,,,,2,49.5,49.5,49.5,49.5,49.5,0.0,0.0,0,,,,,,,
401425425,2022,regular,9,2022-10-29 19:00:00+00:00,93,Murray State,2634,Tennessee State,1,14.0,14.0,14.0,14.0,14.0,0.0,0.0,0,,,,,,,,1,50.0,50.0,50.0,50.0,50.0,0.0,0.0,0,,,,,,,
401425426,2022,regular,10,2022-11-05 22:00:00+00:00,2634,Tennessee State,2546,Southeast Missouri State,2,11.25,11.25,11.25,11.0,11.5,0.5,0.3535533905932738,0,,,,,,,,2,50.5,50.5,50.5,50.5,50.5,0.0,0.0,0,,,,,,,
401425427,2022,regular,8,2022-10-22 16:00:00+00:00,2115,Central Connecticut,2184,Duquesne,2,5.0,5.0,5.0,4.5,5.5,1.0,0.7071067811865476,0,,,,,,,,2,44.0,44.0,44.0,44.0,44.0,0.0,0.0,0,,,,,,,
401425428,2022,regular,10,2022-11-05 17:00:00+00:00,2341,Long Island University,2115,Central Connecticut,2,1.5,1.5,1.5,1.5,1.5,0.0,0.0,0,,,,,,,,2,52.0,52.0,52.0,52.0,52.0,0.0,0.0,0,,,,,,,
401425429,2022,regular,11,2022-11-12 17:00:00+00:00,2115,Central Connecticut,2771,Merrimack,2,8.0,8.0,8.0,8.0,8.0,0.0,0.0,0,,,,,,,,2,43.0,43.0,43.0,42.5,43.5,1.0,0.7071067811865476,0,,,,,,,
401425452,2022,regular,4,2022-09-24 19:00:00+00:00,2546,Southeast Missouri State,2110,Central Arkansas,1,-4.0,-4.0,-4.0,-4.0,-4.0,0.0,0.0,0,,,,,,,,1,57.0,57.0,57.0,57.0,57.0,0.0,0.0,0,,,,,,,
401425453,2022,regular,6,2022-10-08 19:00:00+00:00,2546,Southeast Missouri State,2635,Tennessee Tech,2,-17.0,-17.0,-17.0,-17.0,-17.0,0.0,0.0,0,,,,,,,,2,61.25,61.25,61.25,61.0,61.5,0.5,0.3535533905932738,0,,,,,,,
401425454,2022,regular,11,2022-11-12 20:00:00+00:00,2197,Eastern Illinois,2546,Southeast Missouri State,1,20.0,20.0,20.0,20.0,20.0,0.0,0.0,0,,,,,,,,1,58.5,58.5,58.5,58.5,58.5,0.0,0.0,0,,,,,,,
401425455,2022,regular,12,2022-11-19 19:00:00+00:00,2546,Southeast Missouri State,93,Murray State,1,-27.5,-27.5,-27.5,-27.5,-27.5,0.0,0.0,0,,,,,,,,1,55.5,55.5,55.5,55.5,55.5,0.0,0.0,0,,,,,,,
401425456,2022,regular,3,2022-09-17 21:00:00+00:00,2460,Northern Iowa,16,Sacramento State,2,-2.25,-2.25,-2.25,-2.5,-2.0,0.5,0.3535533905932738,0,,,,,,,,2,53.0,53.0,53.0,53.0,53.0,0.0,0.0,0,,,,,,,
401425457,2022,regular,10,2022-11-05 19:00:00+00:00,2692,Weber State,16,Sacramento State,1,-2.0,-2.0,-2.0,-2.0,-2.0,0.0,0.0,0,,,,,,,,1,58.0,58.0,58.0,58.0,58.0,0.0,0.0,0,,,,,,,
401425458,2022,regular,11,2022-11-12 02:00:00+00:00,2502,Portland State,16,Sacramento State,2,21.0,21.0,21.0,21.0,21.0,0.0,0.0,0,,,,,,,,2,67.5,67.5,67.5,67.5,67.5,0.0,0.0,0,,,,,,,
401425470,2022,regular,11,2022-11-12 22:00:00+00:00,2634,Tennessee State,2630,UT Martin,1,13.5,13.5,13.5,13.5,13.5,0.0,0.0,0,,,,,,,,1,54.5,54.5,54.5,54.5,54.5,0.0,0.0,0,,,,,,,
401425511,2022,regular,4,2022-09-24 16:00:00+00:00,2523,Robert Morris,2193,East Tennessee State,1,16.0,16.0,16.0,16.0,16.0,0.0,0.0,0,,,,,,,,1,47.0,47.0,47.0,47.0,47.0,0.0,0.0,0,,,,,,,
401425516,2022,regular,8,2022-10-22 17:00:00+00:00,47,Howard,2169,Delaware State,2,-7.5,-7.5,-7.5,-7.5,-7.5,0.0,0.0,0,,,,,,,,2,45.5,45.5,45.5,45.5,45.5,0.0,0.0,0,,,,,,,
401425517,2022,regular,10,2022-11-05 17:30:00+00:00,2569,South Carolina State,2169,Delaware State,1,-7.5,-7.5,-7.5,-7.5,-7.5,0.0,0.0,0,,,,,,,,1,41.0,41.0,41.0,41.0,41.0,0.0,0.0,0,,,,,,,
401425518,2022,regular,12,2022-11-19 19:00:00+00:00,2169,Delaware State,2097,Campbell,1,18.0,18.0,18.0,18.0,18.0,0.0,0.0,0,,,,,,,,1,51.0,51.0,51.0,51.0,51.0,0.0,0.0,0,,,,,,,
401425519,2022,regular,7,2022-10-15 19:00:00+00:00,79,Southern Illinois,2710,Western Illinois,1,-25.0,-25.0,-25.0,-25.0,-25.0,0.0,0.0,0,,,,,,,,1,59.5,59.5,59.5,59.5,59.5,0.0,0.0,0,,,,,,,
401425520,2022,regular,9,2022-10-29 19:00:00+00:00,79,Southern Illinois,2460,Northern Iowa,2,-5.5,-5.5,-5.5,-5.5,-5.5,0.0,0.0,0,,,,,,,,2,53.5,53.5,53.5,53.5,53.5,0.0,0.0,0,,,,,,,
401426253,2022,regular,5,2022-10-01 16:00:00+00:00,43,Yale,47,Howard,2,-21.5,-21.5,-21.5,-21.5,-21.5,0.0,0.0,0,,,,,,,,2,51.5,51.5,51.5,51.5,51.5,0.0,0.0,0,,,,,,,
401426254,2022,regular,11,2022-11-12 18:00:00+00:00,47,Howard,2569,South Carolina State,1,-2.5,-2.5,-2.5,-2.5,-2.5,0.0,0.0,0,,,,,,,,1,54.5,54.5,54.5,54.5,54.5,0.0,0.0,0,,,,,,,
401426255,2022,regular,4,2022-09-24 21:00:00+00:00,93,Murray State,2197,Eastern Illinois,1,-4.5,-4.5,-4.5,-4.5,-4.5,0.0,0.0,0,,,,,,,,1,44.0,44.0,44.0,44.0,44.0,0.0,0.0,0,,,,,,,
401426256,2022,regular,7,2022-10-15 19:00:00+00:00,2197,Eastern Illinois,2815,Lindenwood,1,-6.5,-6.5,-6.5,-6.5,-6.5,0.0,0.0,0,,,,,,,,1,65.5,65.5,65.5,65.5,65.5,0.0,0.0,0,,,,,,,
401426330,2022,regular,1,2022-09-02 23:00:00+00:00,295,Old Dominion,259,Virginia Tech,4,6.0,6.0,6.0,6.0,6.0,0.0,0.0,1,7.0,7.0,7.0,7.0,7.0,0.0,0.0,4,48.5,48.375,48.5,48.0,48.5,0.5,0.25,1,52.5,52.5,52.5,52.5,52.5,0.0,0.0
401426332,2022,regular,2,2022-09-10 22:00:00+00:00,324,Coastal Carolina,2241,Gardner-Webb,2,-32.5,-32.5,-32.5,-32.5,-32.5,0.0,0.0,0,,,,,,,,2,66.5,66.5,66.5,66.5,66.5,0.0,0.0,0,,,,,,,
401426333,2022,regular,3,2022-09-17 19:30:00+00:00,2026,App State,2653,Troy,4,-14.0,-14.0,-14.0,-14.0,-14.0,0.0,0.0,1,-13.0,-13.0,-13.0,-13.0,-13.0,0.0,0.0,4,52.0,52.0,52.0,52.0,52.0,0.0,0.0,1,54.5,54.5,54.5,54.5,54.5,0.0,0.0
401426334,2022,regular,4,2022-09-22 23:30:00+00:00,2247,Georgia State,324,Coastal Carolina,4,2.5,2.5,2.5,2.5,2.5,0.0,0.0,1,1.5,1.5,1.5,1.5,1.5,0.0,0.0,4,63.5,63.5,63.5,63.5,63.5,0.0,0.0,1,64.0,64.0,64.0,64.0,64.0,0.0,0.0
401426335,2022,regular,4,2022-09-24 22:00:00+00:00,295,Old Dominion,2032,Arkansas State,4,-5.0,-4.875,-5.0,-5.0,-4.5,0.5,0.25,1,-3.5,-3.5,-3.5,-3.5,-3.5,0.0,0.0,4,56.0,56.125,56.0,55.5,57.0,1.5,0.75,1,56.5,56.5,56.5,56.5,56.5,0.0,0.0
401426336,2022,regular,4,2022-09-25 00:00:00+00:00,2433,UL Monroe,309,Louisiana,4,9.5,9.5,9.5,9.5,9.5,0.0,0.0,1,10.5,10.5,10.5,10.5,10.5,0.0,0.0,4,51.0,51.0,51.0,51.0,51.0,0.0,0.0,1,54.0,54.0,54.0,54.0,54.0,0.0,0.0
401426337,2022,regular,5,2022-10-01 23:00:00+00:00,324,Coastal Carolina,290,Georgia Southern,4,-10.0,-9.875,-10.0,-10.0,-9.5,0.5,0.25,1,-10.0,-10.0,-10.0,-10.0,-10.0,0.0,0.0,4,69.75,69.75,69.75,69.5,70.0,0.5,0.28867513459481287,1,68.5,68.5,68.5,68.5,68.5,0.0,0.0
401426338,2022,regular,5,2022-10-01 17:30:00+00:00,256,James Madison,326,Texas State,4,-21.75,-21.75,-21.75,-22.0,-21.5,0.5,0.28867513459481287,1,-20.5,-20.5,-20.5,-20.5,-20.5,0.0,0.0,4,51.5,51.25,51.5,50.5,51.5,1.0,0.5,1,55.0,55.0,55.0,55.0,55.0,0.0,0.0
401426339,2022,regular,5,2022-10-01 19:30:00+00:00,276,Marshall,2241,Gardner-Webb,2,-31.0,-31.0,-31.0,-31.0,-31.0,0.0,0.0,0,,,,,,,,2,56.0,56.0,56.0,56.0,56.0,0.0,0.0,0,,,,,,,
401426340,2022,regular,5,2022-10-01 23:00:00+00:00,2032,Arkansas State,2433,UL Monroe,4,-7.5,-7.375,-7.5,-7.5,-7.0,0.5,0.25,1,-7.5,-7.5,-7.5,-7.5,-7.5,0.0,0.0,4,58.75,58.75,58.75,58.5,59.0,0.5,0.28867513459481287,1,60.0,60.0,60.0,60.0,60.0,0.0,0.0
401426341,2022,regular,5,2022-10-01 21:00:00+00:00,309,Louisiana,6,South Alabama,4,8.5,8.5,8.5,8.5,8.5,0.0,0.0,1,5.5,5.5,5.5,5.5,5.5,0.0,0.0,4,47.25,47.25,47.25,47.0,47.5,0.5,0.28867513459481287,1,50.0,50.0,50.0,50.0,50.0,0.0,0.0
401426342,2022,regular,6,2022-10-08 18:00:00+00:00,2247,Georgia State,290,Georgia Southern,4,-2.5,-2.5,-2.5,-2.5,-2.5,0.0,0.0,1,-2.5,-2.5,-2.5,-2.5,-2.5,0.0,0.0,4,66.5,66.75,66.5,66.5,67.5,1.0,0.5,1,65.5,65.5,65.5,65.5,65.5,0.0,0.0
401426343,2022,regular,6,2022-10-08 23:00:00+00:00,2032,Arkansas State,256,James Madison,4,11.5,11.375,11.5,11.0,11.5,0.5,0.25,1,10.5,10.5,10.5,10.5,10.5,0.0,0.0,4,55.0,55.0,55.0,55.0,55.0,0.0,0.0,1,57.5,57.5,57.5,57.5,57.5,0.0,0.0
401426344,2022,regular,6,2022-10-09 00:00:00+00:00,2433,UL Monroe,324,Coastal Carolina,4,12.5,12.5,12.5,12.5,12.5,0.0,0.0,1,15.0,15.0,15.0,15.0,15.0,0.0,0.0,4,58.0,57.875,58.0,57.5,58.0,0.5,0.25,1,60.0,60.0,60.0,60.0,60.0,0.0,0.0
401426345,2022,regular,6,2022-10-08 23:00:00+00:00,326,Texas State,2026,App State,4,19.5,19.375,19.5,19.0,19.5,0.5,0.25,1,19.0,19.0,19.0,19.0,19.0,0.0,0.0,4,54.5,54.5,54.5,54.5,54.5,0.0,0.0,1,55.5,55.5,55.5,55.5,55.5,0.0,0.0
401426346,2022,regular,6,2022-10-08 23:00:00+00:00,2653,Troy,2572,Southern Miss,4,-7.0,-7.0,-7.0,-7.0,-7.0,0.0,0.0,1,-6.5,-6.5,-6.5,-6.5,-6.5,0.0,0.0,4,44.0,44.0,44.0,44.0,44.0,0.0,0.0,1,46.0,46.0,46.0,46.0,46.0,0.0,0.0
401426347,2022,regular,7,2022-10-12 23:30:00+00:00,276,Marshall,309,Louisiana,4,-10.5,-10.25,-10.5,-10.5,-9.5,1.0,0.5,1,-7.5,-7.5,-7.5,-7.5,-7.5,0.0,0.0,4,45.0,45.125,45.0,45.0,45.5,0.5,0.25,1,47.5,47.5,47.5,47.5,47.5,0.0,0.0
401426348,2022,regular,7,2022-10-15 16:00:00+00:00,324,Coastal Carolina,295,Old Dominion,4,-11.25,-11.25,-11.25,-11.5,-11.0,0.5,0.28867513459481287,1,-11.0,-11.0,-11.0,-11.0,-11.0,0.0,0.0,4,58.5,58.5,58.5,58.5,58.5,0.0,0.0,1,57.0,57.0,57.0,57.0,57.0,0.0,0.0
401426349,2022,regular,7,2022-10-15 20:00:00+00:00,290,Georgia Southern,256,James Madison,4,13.0,13.0,13.0,13.0,13.0,0.0,0.0,1,10.5,10.5,10.5,10.5,10.5,0.0,0.0,4,67.75,67.75,67.75,67.5,68.0,0.5,0.28867513459481287,1,63.5,63.5,63.5,63.5,63.5,0.0,0.0
401426350,2022,regular,7,2022-10-15 23:00:00+00:00,6,South Alabama,2433,UL Monroe,4,-17.0,-17.0,-17.0,-17.0,-17.0,0.0,0.0,1,-17.5,-17.5,-17.5,-17.5,-17.5,0.0,0.0,4,51.0,51.0,51.0,51.0,51.0,0.0,0.0,1,54.0,54.0,54.0,54.0,54.0,0.0,0.0
401426351,2022,regular,7,2022-10-15 23:00:00+00:00,2572,Southern Miss,2032,Arkansas State,4,-4.5,-4.5,-4.5,-4.5,-4.5,0.0,0.0,1,-4.0,-4.0,-4.0,-4.0,-4.0,0.0,0.0,4,53.0,53.0,53.0,53.0,53.0,0.0,0.0,1,56.5,56.5,56.5,56.5,56.5,0.0,0.0
401426352,2022,regular,7,2022-10-15 19:30:00+00:00,2653,Troy,326,Texas State,4,-16.5,-16.375,-16.5,-16.5,-16.0,0.5,0.25,1,-16.0,-16.0,-16.0,-16.0,-16.0,0.0,0.0,4,47.0,47.0,47.0,47.0,47.0,0.0,0.0,1,48.5,48.5,48.5,48.5,48.5,0.0,0.0
401426353,2022,regular,8,2022-10-19 23:30:00+00:00,2026,App State,2247,Georgia State,4,-9.5,-9.375,-9.5,-9.5,-9.0,0.5,0.25,1,-10.0,-10.0,-10.0,-10.0,-10.0,0.0,0.0,4,60.25,60.375,60.25,60.0,61.0,1.0,0.47871355387816905,1,61.5,61.5,61.5,61.5,61.5,0.0,0.0
401426354,2022,regular,8,2022-10-20 23:30:00+00:00,6,South Alabama,2653,Troy,4,-3.0,-3.0,-3.0,-3.0,-3.0,0.0,0.0,1,-3.5,-3.5,-3.5,-3.5,-3.5,0.0,0.0,4,47.0,47.0,47.0,47.0,47.0,0.0,0.0,1,49.0,49.0,49.0,49.0,49.0,0.0,0.0
401426355,2022,regular,8,2022-10-22 19:30:00+00:00,256,James Madison,276,Marshall,4,-9.5,-10.25,-9.5,-12.5,-9.5,3.0,1.5,1,-12.5,-12.5,-12.5,-12.5,-12.5,0.0,0.0,4,48.5,49.0,48.5,48.5,50.5,2.0,1.0,1,55.0,55.0,55.0,55.0,55.0,0.0,0.0
401426356,2022,regular,8,2022-10-22 19:30:00+00:00,295,Old Dominion,290,Georgia Southern,4,-1.5,-1.5,-1.5,-1.5,-1.5,0.0,0.0,1,-2.5,-2.5,-2.5,-2.5,-2.5,0.0,0.0,4,66.0,66.0,66.0,66.0,66.0,0.0,0.0,1,68.0,68.0,68.0,68.0,68.0,0.0,0.0
401426357,2022,regular,8,2022-10-22 21:00:00+00:00,309,Louisiana,2032,Arkansas State,4,-6.25,-6.25,-6.25,-6.5,-6.0,0.5,0.28867513459481287,1,-7.0,-7.0,-7.0,-7.0,-7.0,0.0,0.0,4,51.25,51.25,51.25,51.0,51.5,0.5,0.28867513459481287,1,51.5,51.5,51.5,51.5,51.5,0.0,0.0
401426358,2022,regular,8,2022-10-22 21:00:00+00:00,326,Texas State,2572,Southern Miss,4,2.5,2.5,2.5,2.5,2.5,0.0,0.0,1,1.0,1.0,1.0,1.0,1.0,0.0,0.0,4,43.0,43.0,43.0,43.0,43.0,0.0,0.0,1,45.0,45.0,45.0,45.0,45.0,0.0,0.0
401426359,2022,regular,9,2022-10-27 23:30:00+00:00,2572,Southern Miss,309,Louisiana,4,2.5,2.5,2.5,2.5,2.5,0.0,0.0,1,2.0,2.0,2.0,2.0,2.0,0.0,0.0,4,42.75,42.75,42.75,42.5,43.0,0.5,0.28867513459481287,1,43.5,43.5,43.5,43.5,43.5,0.0,0.0
401426360,2022,regular,9,2022-10-29 19:30:00+00:00,2026,App State,2523,Robert Morris,2,-50.0,-50.0,-50.0,-50.0,-50.0,0.0,0.0,0,,,,,,,,2,59.5,59.5,59.5,59.5,59.5,0.0,0.0,0,,,,,,,
401426361,2022,regular,9,2022-10-29 19:00:00+00:00,2247,Georgia State,295,Old Dominion,4,-3.5,-3.625,-3.5,-4.0,-3.5,0.5,0.25,1,-4.0,-4.0,-4.0,-4.0,-4.0,0.0,0.0,4,53.75,53.75,53.75,53.5,54.0,0.5,0.28867513459481287,1,56.5,56.5,56.5,56.5,56.5,0.0,0.0
401426362,2022,regular,9,2022-10-29 23:00:00+00:00,276,Marshall,324,Coastal Carolina,4,-2.5,-2.5,-2.5,-2.5,-2.5,0.0,0.0,1,-2.0,-2.0,-2.0,-2.0,-2.0,0.0,0.0,4,54.0,54.0,54.0,54.0,54.0,0.0,0.0,1,55.0,55.0,55.0,55.0,55.0,0.0,0.0
401426363,2022,regular,9,2022-10-29 20:00:00+00:00,2032,Arkansas State,6,South Alabama,4,9.0,9.0,9.0,9.0,9.0,0.0,0.0,1,10.0,10.0,10.0,10.0,10.0,0.0,0.0,4,52.0,52.125,52.0,52.0,52.5,0.5,0.25,1,55.5,55.5,55.5,55.5,55.5,0.0,0.0
401426364,2022,regular,10,2022-11-03 23:30:00+00:00,324,Coastal Carolina,2026,App State,4,3.0,3.0,3.0,3.0,3.0,0.0,0.0,1,2.0,2.0,2.0,2.0,2.0,0.0,0.0,4,65.25,65.0,65.25,64.0,65.5,1.5,0.7071067811865476,1,61.0,61.0,61.0,61.0,61.0,0.0,0.0
401426365,2022,regular,10,2022-11-05 20:00:00+00:00,290,Georgia Southern,6,South Alabama,4,3.5,3.5,3.5,3.5,3.5,0.0,0.0,1,5.0,5.0,5.0,5.0,5.0,0.0,0.0,4,60.5,60.5,60.5,60.5,60.5,0.0,0.0,1,60.0,60.0,60.0,60.0,60.0,0.0,0.0
401426366,2022,regular,10,2022-11-05 18:00:00+00:00,295,Old Dominion,276,Marshall,4,3.5,3.5,3.5,3.5,3.5,0.0,0.0,1,2.5,2.5,2.5,2.5,2.5,0.0,0.0,4,46.5,46.625,46.5,46.5,47.0,0.5,0.25,1,46.0,46.0,46.0,46.0,46.0,0.0,0.0
401426367,2022,regular,10,2022-11-05 21:00:00+00:00,309,Louisiana,2653,Troy,4,3.5,3.5,3.5,3.5,3.5,0.0,0.0,1,4.0,4.0,4.0,4.0,4.0,0.0,0.0,4,42.5,42.5,42.5,42.5,42.5,0.0,0.0,1,43.0,43.0,43.0,43.0,43.0,0.0,0.0
401426368,2022,regular,10,2022-11-05 21:00:00+00:00,2433,UL Monroe,326,Texas State,4,-2.5,-2.625,-2.5,-3.0,-2.5,0.5,0.25,1,0.0,0.0,0.0,0.0,0.0,0.0,0.0,4,52.5,52.5,52.5,52.5,52.5,0.0,0.0,1,52.0,52.0,52.0,52.0,52.0,0.0,0.0
401426369,2022,regular,10,2022-11-05 19:00:00+00:00,2572,Southern Miss,2247,Georgia State,4,-2.0,-2.125,-2.0,-2.5,-2.0,0.5,0.25,1,-2.5,-2.5,-2.5,-2.5,-2.5,0.0,0.0,4,48.0,47.875,48.0,47.5,48.0,0.5,0.25,1,50.5,50.5,50.5,50.5,50.5,0.0,0.0
401426370,2022,regular,11,2022-11-11 00:30:00+00:00,309,Louisiana,290,Georgia Southern,4,-3.5,-3.5,-3.5,-3.5,-3.5,0.0,0.0,1,-3.5,-3.5,-3.5,-3.5,-3.5,0.0,0.0,4,63.0,63.0,63.0,63.0,63.0,0.0,0.0,1,58.5,58.5,58.5,58.5,58.5,0.0,0.0
401426371,2022,regular,11,2022-11-13 00:30:00+00:00,324,Coastal Carolina,2572,Southern Miss,4,-5.0,-4.875,-5.0,-5.0,-4.5,0.5,0.25,1,-11.5,-11.5,-11.5,-11.5,-11.5,0.0,0.0,4,48.0,48.0,48.0,48.0,48.0,0.0,0.0,1,54.5,54.5,54.5,54.5,54.5,0.0,0.0
401426372,2022,regular,11,2022-11-12 18:00:00+00:00,2247,Georgia State,2433,UL Monroe,4,-13.5,-13.5,-13.5,-13.5,-13.5,0.0,0.0,1,-13.5,-13.5,-13.5,-13.5,-13.5,0.0,0.0,4,59.5,59.625,59.5,59.5,60.0,0.5,0.25,1,59.0,59.0,59.0,59.0,59.0,0.0,0.0
401426373,2022,regular,11,2022-11-12 20:30:00+00:00,276,Marshall,2026,App State,1,2.0,2.0,2.0,2.0,2.0,0.0,0.0,1,0.0,0.0,0.0,0.0,0.0,0.0,0.0,1,47.5,47.5,47.5,47.5,47.5,0.0,0.0,1,46.0,46.0,46.0,46.0,46.0,0.0,0.0
401426374,2022,regular,11,2022-11-12 18:00:00+00:00,295,Old Dominion,256,James Madison,4,7.5,7.5,7.5,7.5,7.5,0.0,0.0,1,7.5,7.5,7.5,7.5,7.5,0.0,0.0,4,48.0,47.75,48.0,47.0,48.0,1.0,0.5,1,48.0,48.0,48.0,48.0,48.0,0.0,0.0
401426375,2022,regular,11,2022-11-12 22:00:00+00:00,6,South Alabama,326,Texas State,4,-16.0,-16.125,-16.0,-16.5,-16.0,0.5,0.25,1,-16.0,-16.0,-16.0,-16.0,-16.0,0.0,0.0,4,46.0,45.875,46.0,45.5,46.0,0.5,0.25,1,47.5,47.5,47.5,47.5,47.5,0.0,0.0
401426376,2022,regular,12,2022-11-19 19:30:00+00:00,2026,App State,295,Old Dominion,4,-16.0,-16.125,-16.0,-16.5,-16.0,0.5,0.25,1,-14.5,-14.5,-14.5,-14.5,-14.5,0.0,0.0,4,50.5,50.5,50.5,50.5,50.5,0.0,0.0,1,52.0,52.0,52.0,52.0,52.0,0.0,0.0
401426377,2022,regular,12,2022-11-19 23:00:00+00:00,290,Georgia Southern,276,Marshall,4,6.0,6.0,6.0,6.0,6.0,0.0,0.0,1,3.5,3.5,3.5,3.5,3.5,0.0,0.0,4,52.5,52.375,52.5,52.0,52.5,0.5,0.25,1,54.0,54.0,54.0,54.0,54.0,0.0,0.0
401426378,2022,regular,12,2022-11-19 19:00:00+00:00,256,James Madison,2247,Georgia State,4,-10.0,-10.0,-10.0,-10.0,-10.0,0.0,0.0,1,-9.5,-9.5,-9.5,-9.5,-9.5,0.0,0.0,4,52.0,51.875,52.0,51.5,52.0,0.5,0.25,1,55.0,55.0,55.0,55.0,55.0,0.0,0.0
401426379,2022,regular,12,2022-11-19 20:30:00+00:00,2572,Southern Miss,6,South Alabama,4,7.5,7.5,7.5,7.5,7.5,0.0,0.0,1,7.0,7.0,7.0,7.0,7.0,0.0,0.0,4,45.0,45.0,45.0,45.0,45.0,0.0,0.0,1,46.5,46.5,46.5,46.5,46.5,0.0,0.0
401426380,2022,regular,12,2022-11-19 22:00:00+00:00,326,Texas State,2032,Arkansas State,4,-6.0,-6.0,-6.0,-6.0,-6.0,0.0,0.0,1,-5.0,-5.0,-5.0,-5.0,-5.0,0.0,0.0,4,50.0,49.75,50.0,49.0,50.0,1.0,0.5,1,51.5,51.5,51.5,51.5,51.5,0.0,0.0
401426381,2022,regular,12,2022-11-19 20:30:00+00:00,2653,Troy,2433,UL Monroe,4,-15.0,-15.0,-15.0,-15.0,-15.0,0.0,0.0,1,-15.5,-15.5,-15.5,-15.5,-15.5,0.0,0.0,4,48.5,48.5,48.5,48.5,48.5,0.0,0.0,1,46.5,46.5,46.5,46.5,46.5,0.0,0.0
401426382,2022,regular,13,2022-11-26 23:00:00+00:00,290,Georgia Southern,2026,App State,4,6.5,6.625,6.5,6.5,7.0,0.5,0.25,1,5.0,5.0,5.0,5.0,5.0,0.0,0.0,4,66.0,66.0,66.0,66.0,66.0,0.0,0.0,1,60.5,60.5,60.5,60.5,60.5,0.0,0.0
401426383,2022,regular,13,2022-11-26 17:00:00+00:00,256,James Madison,324,Coastal Carolina,4,-15.5,-15.625,-15.5,-16.0,-15.5,0.5,0.25,1,-14.0,-14.0,-14.0,-14.0,-14.0,0.0,0.0,4,53.0,53.0,53.0,53.0,53.0,0.0,0.0,1,53.5,53.5,53.5,53.5,53.5,0.0,0.0
401426384,2022,regular,13,2022-11-26 20:30:00+00:00,2032,Arkansas State,2653,Troy,4,13.5,13.5,13.5,13.5,13.5,0.0,0.0,0,,,,,,,,4,44.0,43.875,44.0,43.5,44.0,0.5,0.25,1,46.5,46.5,46.5,46.5,46.5,0.0,0.0
401426385,2022,regular,13,2022-11-26 22:00:00+00:00,2433,UL Monroe,2572,Southern Miss,4,3.0,3.0,3.0,3.0,3.0,0.0,0.0,1,3.5,3.5,3.5,3.5,3.5,0.0,0.0,4,50.0,49.875,50.0,49.5,50.0,0.5,0.25,1,51.0,51.0,51.0,51.0,51.0,0.0,0.0
401426386,2022,regular,13,2022-11-26 22:00:00+00:00,326,Texas State,309,Louisiana,4,5.0,5.0,5.0,5.0,5.0,0.0,0.0,0,,,,,,,,4,44.0,44.0,44.0,44.0,44.0,0.0,0.0,1,44.5,44.5,44.5,44.5,44.5,0.0,0.0
401426389,2022,regular,13,2022-11-26 17:00:00+00:00,6,South Alabama,295,Old Dominion,4,-16.5,-16.625,-16.5,-17.0,-16.5,0.5,0.25,1,-15.5,-15.5,-15.5,-15.5,-15.5,0.0,0.0,4,47.0,47.0,47.0,47.0,47.0,0.0,0.0,1,47.5,47.5,47.5,47.5,47.5,0.0,0.0
401426390,2022,regular,13,2022-11-26 17:00:00+00:00,276,Marshall,2247,Georgia State,4,-6.5,-6.5,-6.5,-6.5,-6.5,0.0,0.0,1,-6.5,-6.5,-6.5,-6.5,-6.5,0.0,0.0,4,45.5,45.5,45.5,45.5,45.5,0.0,0.0,1,47.0,47.0,47.0,47.0,47.0,0.0,0.0
401426393,2022,regular,4,2022-09-24 23:00:00+00:00,2653,Troy,276,Marshall,4,3.25,3.25,3.25,3.0,3.5,0.5,0.28867513459481287,1,4.0,4.0,4.0,4.0,4.0,0.0,0.0,4,51.5,51.5,51.5,51.5,51.5,0.0,0.0,1,52.5,52.5,52.5,52.5,52.5,0.0,0.0
401426530,2022,regular,1,2022-08-27 23:00:00+00:00,2226,Florida Atlantic,2429,Charlotte,1,-7.0,-7.0,-7.0,-7.0,-7.0,0.0,0.0,1,-5.5,-5.5,-5.5,-5.5,-5.5,0.0,0.0,1,60.0,60.0,60.0,60.0,60.0,0.0,0.0,1,57.5,57.5,57.5,57.5,57.5,0.0,0.0
401426531,2022,regular,1,2022-08-28 01:00:00+00:00,2638,UTEP,249,North Texas,4,1.5,1.375,1.5,1.0,1.5,0.5,0.25,1,3.0,3.0,3.0,3.0,3.0,0.0,0.0,4,52.5,52.875,52.5,52.5,54.0,1.5,0.75,1,57.0,57.0,57.0,57.0,57.0,0.0,0.0
401426532,2022,regular,1,2022-08-27 16:00:00+00:00,98,Western Kentucky,2046,Austin Peay,3,-32.5,-32.5,-32.5,-32.5,-32.5,0.0,0.0,1,-27.5,-27.5,-27.5,-27.5,-27.5,0.0,0.0,3,72.0,72.33333333333333,72.0,72.0,73.0,1.0,0.5773502691896257,1,64.5,64.5,64.5,64.5,64.5,0.0,0.0
401426533,2022,regular,1,2022-09-01 23:00:00+00:00,2229,Florida International,2803,Bryant,3,-10.5,-10.333333333333334,-10.5,-10.5,-10.0,0.5,0.28867513459481287,1,-10.0,-10.0,-10.0,-10.0,-10.0,0.0,0.0,3,58.5,58.5,58.5,58.5,58.5,0.0,0.0,1,54.0,54.0,54.0,54.0,54.0,0.0,0.0
401426534,2022,regular,1,2022-09-02 00:00:00+00:00,5,UAB,2010,Alabama A&M,3,-40.5,-40.666666666666664,-40.5,-41.0,-40.5,0.5,0.28867513459481287,1,-41.0,-41.0,-41.0,-41.0,-41.0,0.0,0.0,3,60.5,60.5,60.5,60.5,60.5,0.0,0.0,1,63.5,63.5,63.5,63.5,63.5,0.0,0.0
401426535,2022,regular,1,2022-09-02 23:00:00+00:00,2429,Charlotte,2729,William & Mary,3,-4.5,-4.5,-4.5,-4.5,-4.5,0.0,0.0,1,-2.5,-2.5,-2.5,-2.5,-2.5,0.0,0.0,3,52.0,52.0,52.0,52.0,52.0,0.0,0.0,1,52.0,52.0,52.0,52.0,52.0,0.0,0.0
401426536,2022,regular,1,2022-09-03 22:00:00+00:00,195,Ohio,2226,Florida Atlantic,4,6.0,6.0,6.0,6.0,6.0,0.0,0.0,1,1.5,1.5,1.5,1.5,1.5,0.0,0.0,4,51.0,51.125,51.0,51.0,51.5,0.5,0.25,1,48.5,48.5,48.5,48.5,48.5,0.0,0.0
401426537,2022,regular,1,2022-09-02 00:00:00+00:00,142,Missouri,2348,Louisiana Tech,4,-20.5,-20.375,-20.5,-20.5,-20.0,0.5,0.25,1,-17.0,-17.0,-17.0,-17.0,-17.0,0.0,0.0,4,62.5,62.5,62.5,62.5,62.5,0.0,0.0,1,58.5,58.5,58.5,58.5,58.5,0.0,0.0
401426538,2022,regular,1,2022-09-03 22:00:00+00:00,256,James Madison,2393,Middle Tennessee,4,-4.5,-4.5,-4.5,-4.5,-4.5,0.0,0.0,1,-5.0,-5.0,-5.0,-5.0,-5.0,0.0,0.0,4,60.5,60.25,60.5,59.5,60.5,1.0,0.5,1,58.5,58.5,58.5,58.5,58.5,0.0,0.0
401426539,2022,regular,1,2022-09-03 23:30:00+00:00,249,North Texas,2567,SMU,4,9.5,9.25,9.5,8.5,9.5,1.0,0.5,1,7.0,7.0,7.0,7.0,7.0,0.0,0.0,4,67.5,67.25,67.5,66.5,67.5,1.0,0.5,1,71.0,71.0,71.0,71.0,71.0,0.0,0.0
401426540,2022,regular,1,2022-09-03 22:00:00+00:00,30,USC,242,Rice,4,-33.0,-32.875,-33.0,-33.0,-32.5,0.5,0.25,1,-34.5,-34.5,-34.5,-34.5,-34.5,0.0,0.0,4,61.5,61.625,61.5,61.5,62.0,0.5,0.25,1,64.5,64.5,64.5,64.5,64.5,0.0,0.0
401426541,2022,regular,1,2022-09-03 19:30:00+00:00,201,Oklahoma,2638,UTEP,4,-31.0,-31.0,-31.0,-31.0,-31.0,0.0,0.0,1,-37.0,-37.0,-37.0,-37.0,-37.0,0.0,0.0,4,58.0,58.125,58.0,58.0,58.5,0.5,0.25,1,56.5,56.5,56.5,56.5,56.5,0.0,0.0
401426542,2022,regular,1,2022-09-03 19:30:00+00:00,2636,UTSA,248,Houston,4,3.5,3.625,3.5,3.5,4.0,0.5,0.25,1,6.5,6.5,6.5,6.5,6.5,0.0,0.0,4,62.0,61.875,62.0,61.5,62.0,0.5,0.25,1,59.0,59.0,59.0,59.0,59.0,0.0,0.0
401426543,2022,regular,1,2022-09-04 03:59:00+00:00,62,Hawai'i,98,Western Kentucky,4,16.5,16.5,16.5,16.5,16.5,0.0,0.0,1,9.0,9.0,9.0,9.0,9.0,0.0,0.0,4,67.5,67.5,67.5,67.5,67.5,0.0,0.0,1,62.5,62.5,62.5,62.5,62.5,0.0,0.0
401426544,2022,regular,2,2022-09-10 23:00:00+00:00,326,Texas State,2229,Florida International,4,-13.5,-13.625,-13.5,-14.0,-13.5,0.5,0.25,1,-10.0,-10.0,-10.0,-10.0,-10.0,0.0,0.0,4,62.5,62.375,62.5,62.0,62.5,0.5,0.25,1,55.0,55.0,55.0,55.0,55.0,0.0,0.0
401426545,2022,regular,2,2022-09-10 19:30:00+00:00,2429,Charlotte,120,Maryland,4,28.0,28.0,28.0,28.0,28.0,0.0,0.0,1,27.0,27.0,27.0,27.0,27.0,0.0,0.0,4,65.0,65.0,65.0,65.0,65.0,0.0,0.0,1,66.5,66.5,66.5,66.5,66.5,0.0,0.0
401426546,2022,regular,2,2022-09-10 22:00:00+00:00,2226,Florida Atlantic,2545,SE Louisiana,2,-11.5,-11.5,-11.5,-12.0,-11.0,1.0,0.7071067811865476,0,,,,,,,,2,63.5,63.5,63.5,63.5,63.5,0.0,0.0,0,,,,,,,
401426547,2022,regular,2,2022-09-10 23:00:00+00:00,2348,Louisiana Tech,2617,Stephen F. Austin,2,-6.5,-6.5,-6.5,-6.5,-6.5,0.0,0.0,0,,,,,,,,2,65.0,65.0,65.0,64.5,65.5,1.0,0.7071067811865476,0,,,,,,,
401426548,2022,regular,2,2022-09-10 20:00:00+00:00,36,Colorado State,2393,Middle Tennessee,4,-13.5,-13.625,-13.5,-14.0,-13.5,0.5,0.25,1,-7.0,-7.0,-7.0,-7.0,-7.0,0.0,0.0,4,58.25,58.25,58.25,58.0,58.5,0.5,0.28867513459481287,1,57.0,57.0,57.0,57.0,57.0,0.0,0.0
401426549,2022,regular,2,2022-09-10 23:30:00+00:00,249,North Texas,2640,Texas Southern,2,-38.5,-38.5,-38.5,-38.5,-38.5,0.0,0.0,0,,,,,,,,2,64.5,64.5,64.5,64.5,64.5,0.0,0.0,0,,,,,,,
401426550,2022,regular,2,2022-09-10 23:30:00+00:00,242,Rice,2377,McNeese,2,-7.25,-7.25,-7.25,-7.5,-7.0,0.5,0.3535533905932738,0,,,,,,,,2,52.5,52.5,52.5,52.5,52.5,0.0,0.0,0,,,,,,,
401426551,2022,regular,2,2022-09-10 22:00:00+00:00,2335,Liberty,5,UAB,4,6.0,6.0,6.0,6.0,6.0,0.0,0.0,1,5.0,5.0,5.0,5.0,5.0,0.0,0.0,4,50.0,49.875,50.0,49.5,50.0,0.5,0.25,1,52.0,52.0,52.0,52.0,52.0,0.0,0.0
401426552,2022,regular,2,2022-09-11 01:00:00+00:00,2638,UTEP,166,New Mexico State,4,-17.0,-17.125,-17.0,-17.5,-17.0,0.5,0.25,1,-13.5,-13.5,-13.5,-13.5,-13.5,0.0,0.0,4,46.5,46.375,46.5,46.0,46.5,0.5,0.25,1,46.0,46.0,46.0,46.0,46.0,0.0,0.0
401426553,2022,regular,2,2022-09-10 16:00:00+00:00,349,Army,2636,UTSA,4,2.0,1.875,2.0,1.5,2.0,0.5,0.25,1,1.5,1.5,1.5,1.5,1.5,0.0,0.0,4,54.0,54.0,54.0,54.0,54.0,0.0,0.0,1,54.0,54.0,54.0,54.0,54.0,0.0,0.0
401426554,2022,regular,3,2022-09-17 23:00:00+00:00,2247,Georgia State,2429,Charlotte,4,-19.5,-19.5,-19.5,-19.5,-19.5,0.0,0.0,1,-19.5,-19.5,-19.5,-19.5,-19.5,0.0,0.0,4,63.75,63.75,63.75,63.5,64.0,0.5,0.28867513459481287,1,60.5,60.5,60.5,60.5,60.5,0.0,0.0
401426555,2022,regular,3,2022-09-17 23:30:00+00:00,2226,Florida Atlantic,2116,UCF,4,7.5,7.5,7.5,7.5,7.5,0.0,0.0,1,9.5,9.5,9.5,9.5,9.5,0.0,0.0,4,61.5,61.5,61.5,61.5,61.5,0.0,0.0,1,58.5,58.5,58.5,58.5,58.5,0.0,0.0
401426556,2022,regular,3,2022-09-18 00:00:00+00:00,228,Clemson,2348,Louisiana Tech,4,-33.5,-33.5,-33.5,-33.5,-33.5,0.0,0.0,1,-32.0,-32.0,-32.0,-32.0,-32.0,0.0,0.0,4,53.5,53.625,53.5,53.5,54.0,0.5,0.25,1,54.5,54.5,54.5,54.5,54.5,0.0,0.0
401426557,2022,regular,3,2022-09-17 23:00:00+00:00,2393,Middle Tennessee,2634,Tennessee State,2,-19.5,-19.5,-19.5,-19.5,-19.5,0.0,0.0,0,,,,,,,,2,52.25,52.25,52.25,52.0,52.5,0.5,0.3535533905932738,0,,,,,,,
401426558,2022,regular,3,2022-09-17 19:00:00+00:00,2439,UNLV,249,North Texas,4,-2.5,-2.5,-2.5,-2.5,-2.5,0.0,0.0,1,-2.5,-2.5,-2.5,-2.5,-2.5,0.0,0.0,4,62.5,62.5,62.5,62.5,62.5,0.0,0.0,1,57.5,57.5,57.5,57.5,57.5,0.0,0.0
401426559,2022,regular,3,2022-09-17 23:30:00+00:00,242,Rice,309,Louisiana,4,11.5,11.625,11.5,11.5,12.0,0.5,0.25,1,11.5,11.5,11.5,11.5,11.5,0.0,0.0,4,52.0,52.0,52.0,52.0,52.0,0.0,0.0,1,53.0,53.0,53.0,53.0,53.0,0.0,0.0
401426560,2022,regular,3,2022-09-17 19:30:00+00:00,5,UAB,290,Georgia Southern,4,-11.5,-11.5,-11.5,-11.5,-11.5,0.0,0.0,1,-12.0,-12.0,-12.0,-12.0,-12.0,0.0,0.0,4,59.0,59.125,59.0,59.0,59.5,0.5,0.25,1,56.0,56.0,56.0,56.0,56.0,0.0,0.0
401426561,2022,regular,3,2022-09-18 00:00:00+00:00,167,New Mexico,2638,UTEP,4,2.0,2.0,2.0,2.0,2.0,0.0,0.0,1,3.5,3.5,3.5,3.5,3.5,0.0,0.0,4,38.0,38.0,38.0,38.0,38.0,0.0,0.0,1,41.0,41.0,41.0,41.0,41.0,0.0,0.0
401426562,2022,regular,3,2022-09-18 00:00:00+00:00,251,Texas,2636,UTSA,4,-13.0,-13.125,-13.0,-13.5,-13.0,0.5,0.25,1,-13.5,-13.5,-13.5,-13.5,-13.5,0.0,0.0,4,57.0,57.125,57.0,57.0,57.5,0.5,0.25,1,59.0,59.0,59.0,59.0,59.0,0.0,0.0
401426563,2022,regular,3,2022-09-17 16:00:00+00:00,84,Indiana,98,Western Kentucky,4,-7.0,-7.0,-7.0,-7.0,-7.0,0.0,0.0,1,-7.5,-7.5,-7.5,-7.5,-7.5,0.0,0.0,4,61.5,61.375,61.5,61.0,61.5,0.5,0.25,1,59.0,59.0,59.0,59.0,59.0,0.0,0.0
401426564,2022,regular,4,2022-09-24 23:30:00+00:00,2579,South Carolina,2429,Charlotte,4,-23.5,-23.5,-23.5,-23.5,-23.5,0.0,0.0,1,-23.0,-23.0,-23.0,-23.0,-23.0,0.0,0.0,4,66.5,66.625,66.5,66.5,67.0,0.5,0.25,1,65.5,65.5,65.5,65.5,65.5,0.0,0.0
401426565,2022,regular,4,2022-09-24 19:30:00+00:00,98,Western Kentucky,2229,Florida International,4,-31.0,-31.125,-31.0,-31.5,-31.0,0.5,0.25,1,-27.5,-27.5,-27.5,-27.5,-27.5,0.0,0.0,4,65.5,65.375,65.5,65.0,65.5,0.5,0.25,1,66.5,66.5,66.5,66.5,66.5,0.0,0.0
401426566,2022,regular,4,2022-09-24 23:30:00+00:00,2509,Purdue,2226,Florida Atlantic,4,-16.25,-16.25,-16.25,-16.5,-16.0,0.5,0.28867513459481287,1,-19.5,-19.5,-19.5,-19.5,-19.5,0.0,0.0,4,57.25,57.25,57.25,57.0,57.5,0.5,0.28867513459481287,1,60.5,60.5,60.5,60.5,60.5,0.0,0.0
401426567,2022,regular,4,2022-09-24 23:00:00+00:00,6,South Alabama,2348,Louisiana Tech,4,-13.0,-13.125,-13.0,-13.5,-13.0,0.5,0.25,1,-12.5,-12.5,-12.5,-12.5,-12.5,0.0,0.0,4,59.0,59.0,59.0,59.0,59.0,0.0,0.0,1,60.0,60.0,60.0,60.0,60.0,0.0,0.0
401426568,2022,regular,4,2022-09-24 19:30:00+00:00,2390,Miami,2393,Middle Tennessee,4,-25.5,-25.5,-25.5,-25.5,-25.5,0.0,0.0,1,-26.0,-26.0,-26.0,-26.0,-26.0,0.0,0.0,4,53.5,53.5,53.5,53.5,53.5,0.0,0.0,1,53.5,53.5,53.5,53.5,53.5,0.0,0.0
401426569,2022,regular,4,2022-09-24 19:30:00+00:00,235,Memphis,249,North Texas,4,-12.75,-12.75,-12.75,-13.0,-12.5,0.5,0.28867513459481287,1,-12.5,-12.5,-12.5,-12.5,-12.5,0.0,0.0,4,68.5,68.5,68.5,68.5,68.5,0.0,0.0,1,68.5,68.5,68.5,68.5,68.5,0.0,0.0
401426570,2022,regular,4,2022-09-24 22:00:00+00:00,248,Houston,242,Rice,4,-17.5,-17.5,-17.5,-17.5,-17.5,0.0,0.0,1,-17.0,-17.0,-17.0,-17.0,-17.0,0.0,0.0,4,52.5,52.375,52.5,52.0,52.5,0.5,0.25,1,57.5,57.5,57.5,57.5,57.5,0.0,0.0
401426571,2022,regular,4,2022-09-24 01:00:00+00:00,2638,UTEP,68,Boise State,4,16.25,16.25,16.25,16.0,16.5,0.5,0.28867513459481287,1,15.5,15.5,15.5,15.5,15.5,0.0,0.0,4,44.5,44.625,44.5,44.5,45.0,0.5,0.25,1,46.5,46.5,46.5,46.5,46.5,0.0,0.0
401426572,2022,regular,4,2022-09-24 19:30:00+00:00,2636,UTSA,2640,Texas Southern,2,-42.0,-42.0,-42.0,-42.0,-42.0,0.0,0.0,0,,,,,,,,2,65.25,65.25,65.25,65.0,65.5,0.5,0.3535533905932738,0,,,,,,,
401426573,2022,regular,5,2022-10-01 22:00:00+00:00,2429,Charlotte,2638,UTEP,4,3.5,3.5,3.5,3.5,3.5,0.0,0.0,1,3.0,3.0,3.0,3.0,3.0,0.0,0.0,4,56.0,56.0,56.0,56.0,56.0,0.0,0.0,1,58.0,58.0,58.0,58.0,58.0,0.0,0.0
401426574,2022,regular,5,2022-10-02 00:00:00+00:00,166,New Mexico State,2229,Florida International,4,-16.0,-15.75,-16.0,-16.0,-15.0,1.0,0.5,1,-15.0,-15.0,-15.0,-15.0,-15.0,0.0,0.0,4,54.0,54.0,54.0,54.0,54.0,0.0,0.0,1,55.5,55.5,55.5,55.5,55.5,0.0,0.0
401426575,2022,regular,5,2022-10-01 20:00:00+00:00,249,North Texas,2226,Florida Atlantic,4,3.0,3.0,3.0,3.0,3.0,0.0,0.0,1,3.0,3.0,3.0,3.0,3.0,0.0,0.0,4,67.5,67.5,67.5,67.5,67.5,0.0,0.0,1,67.0,67.0,67.0,67.0,67.0,0.0,0.0
401426576,2022,regular,5,2022-09-30 23:30:00+00:00,2393,Middle Tennessee,2636,UTSA,4,4.5,4.5,4.5,4.5,4.5,0.0,0.0,1,6.0,6.0,6.0,6.0,6.0,0.0,0.0,4,64.0,64.0,64.0,64.0,64.0,0.0,0.0,1,63.0,63.0,63.0,63.0,63.0,0.0,0.0
401426577,2022,regular,5,2022-10-01 23:30:00+00:00,242,Rice,5,UAB,4,10.5,10.5,10.5,10.5,10.5,0.0,0.0,1,9.5,9.5,9.5,9.5,9.5,0.0,0.0,4,51.0,51.0,51.0,51.0,51.0,0.0,0.0,1,52.0,52.0,52.0,52.0,52.0,0.0,0.0
401426578,2022,regular,5,2022-10-01 23:00:00+00:00,98,Western Kentucky,2653,Troy,4,-5.0,-5.125,-5.0,-5.5,-5.0,0.5,0.25,1,-6.0,-6.0,-6.0,-6.0,-6.0,0.0,0.0,4,55.0,55.0,55.0,55.0,55.0,0.0,0.0,1,57.5,57.5,57.5,57.5,57.5,0.0,0.0
401426579,2022,regular,6,2022-10-08 23:00:00+00:00,2229,Florida International,41,UConn,4,5.5,5.5,5.5,5.5,5.5,0.0,0.0,1,4.5,4.5,4.5,4.5,4.5,0.0,0.0,4,46.5,46.5,46.5,46.5,46.5,0.0,0.0,1,49.5,49.5,49.5,49.5,49.5,0.0,0.0
401426580,2022,regular,6,2022-10-08 23:00:00+00:00,2348,Louisiana Tech,2638,UTEP,4,-1.75,-1.75,-1.75,-2.0,-1.5,0.5,0.28867513459481287,1,-1.5,-1.5,-1.5,-1.5,-1.5,0.0,0.0,4,52.25,52.25,52.25,52.0,52.5,0.5,0.28867513459481287,1,53.0,53.0,53.0,53.0,53.0,0.0,0.0
401426581,2022,regular,6,2022-10-08 19:30:00+00:00,5,UAB,2393,Middle Tennessee,4,-10.0,-10.0,-10.0,-10.0,-10.0,0.0,0.0,1,-9.5,-9.5,-9.5,-9.5,-9.5,0.0,0.0,4,53.0,52.875,53.0,52.5,53.0,0.5,0.25,1,55.0,55.0,55.0,55.0,55.0,0.0,0.0
401426582,2022,regular,6,2022-10-08 22:00:00+00:00,2636,UTSA,98,Western Kentucky,4,-6.5,-6.5,-6.5,-6.5,-6.5,0.0,0.0,1,-5.0,-5.0,-5.0,-5.0,-5.0,0.0,0.0,4,72.5,72.5,72.5,72.5,72.5,0.0,0.0,1,70.0,70.0,70.0,70.0,70.0,0.0,0.0
401426583,2022,regular,7,2022-10-15 19:30:00+00:00,5,UAB,2429,Charlotte,4,-22.25,-22.125,-22.25,-22.5,-21.5,1.0,0.47871355387816905,1,-23.5,-23.5,-23.5,-23.5,-23.5,0.0,0.0,4,65.0,65.0,65.0,65.0,65.0,0.0,0.0,1,62.5,62.5,62.5,62.5,62.5,0.0,0.0
401426584,2022,regular,7,2022-10-15 00:00:00+00:00,2229,Florida International,2636,UTSA,4,33.5,33.5,33.5,33.0,34.0,1.0,0.408248290463863,1,34.0,34.0,34.0,34.0,34.0,0.0,0.0,4,63.75,63.5,63.75,62.5,64.0,1.5,0.7071067811865476,1,63.5,63.5,63.5,63.5,63.5,0.0,0.0
401426585,2022,regular,7,2022-10-15 22:00:00+00:00,2226,Florida Atlantic,242,Rice,4,-5.0,-4.875,-5.0,-5.5,-4.0,1.5,0.6291528696058958,1,-5.0,-5.0,-5.0,-5.0,-5.0,0.0,0.0,4,54.5,54.5,54.5,54.5,54.5,0.0,0.0,1,56.0,56.0,56.0,56.0,56.0,0.0,0.0
401426586,2022,regular,7,2022-10-15 20:00:00+00:00,249,North Texas,2348,Louisiana Tech,4,-6.5,-6.5,-6.5,-6.5,-6.5,0.0,0.0,1,-6.0,-6.0,-6.0,-6.0,-6.0,0.0,0.0,4,68.25,68.25,68.25,68.0,68.5,0.5,0.28867513459481287,1,71.0,71.0,71.0,71.0,71.0,0.0,0.0
401426587,2022,regular,7,2022-10-15 19:30:00+00:00,2393,Middle Tennessee,98,Western Kentucky,4,7.5,7.5,7.5,7.5,7.5,0.0,0.0,1,7.0,7.0,7.0,7.0,7.0,0.0,0.0,4,67.5,67.375,67.5,67.0,67.5,0.5,0.25,1,66.0,66.0,66.0,66.0,66.0,0.0,0.0
401426588,2022,regular,8,2022-10-22 19:30:00+00:00,2429,Charlotte,2229,Florida International,4,-14.0,-13.875,-14.0,-14.0,-13.5,0.5,0.25,1,-14.5,-14.5,-14.5,-14.5,-14.5,0.0,0.0,4,63.5,63.75,63.5,63.5,64.5,1.0,0.5,1,58.0,58.0,58.0,58.0,58.0,0.0,0.0
401426589,2022,regular,8,2022-10-22 20:00:00+00:00,2638,UTEP,2226,Florida Atlantic,4,3.0,3.0,3.0,3.0,3.0,0.0,0.0,1,4.0,4.0,4.0,4.0,4.0,0.0,0.0,4,50.75,50.75,50.75,50.5,51.0,0.5,0.28867513459481287,1,51.0,51.0,51.0,51.0,51.0,0.0,0.0
401426590,2022,regular,8,2022-10-22 19:00:00+00:00,2348,Louisiana Tech,242,Rice,1,3.0,3.0,3.0,3.0,3.0,0.0,0.0,1,2.5,2.5,2.5,2.5,2.5,0.0,0.0,1,57.0,57.0,57.0,57.0,57.0,0.0,0.0,1,60.0,60.0,60.0,60.0,60.0,0.0,0.0
401426591,2022,regular,8,2022-10-22 19:30:00+00:00,2636,UTSA,249,North Texas,4,-10.0,-10.0,-10.0,-10.0,-10.0,0.0,0.0,1,-9.5,-9.5,-9.5,-9.5,-9.5,0.0,0.0,4,73.0,73.0,73.0,73.0,73.0,0.0,0.0,1,70.5,70.5,70.5,70.5,70.5,0.0,0.0
401426592,2022,regular,8,2022-10-22 00:00:00+00:00,98,Western Kentucky,5,UAB,4,-1.25,-1.25,-1.25,-1.5,-1.0,0.5,0.28867513459481287,1,-2.5,-2.5,-2.5,-2.5,-2.5,0.0,0.0,4,60.5,60.0,60.5,58.5,60.5,2.0,1.0,1,57.5,57.5,57.5,57.5,57.5,0.0,0.0
401426593,2022,regular,9,2022-10-29 18:00:00+00:00,242,Rice,2429,Charlotte,4,-15.0,-15.125,-15.0,-15.5,-15.0,0.5,0.25,1,-16.5,-16.5,-16.5,-16.5,-16.5,0.0,0.0,4,61.25,61.25,61.25,61.0,61.5,0.5,0.28867513459481287,1,63.0,63.0,63.0,63.0,63.0,0.0,0.0
401426594,2022,regular,9,2022-10-29 00:00:00+00:00,2229,Florida International,2348,Louisiana Tech,4,6.5,6.375,6.5,6.0,6.5,0.5,0.25,1,9.5,9.5,9.5,9.5,9.5,0.0,0.0,4,57.0,57.0,57.0,57.0,57.0,0.0,0.0,1,58.5,58.5,58.5,58.5,58.5,0.0,0.0
401426595,2022,regular,9,2022-10-29 23:00:00+00:00,2226,Florida Atlantic,5,UAB,4,4.75,4.75,4.75,4.5,5.0,0.5,0.28867513459481287,1,5.0,5.0,5.0,5.0,5.0,0.0,0.0,4,45.0,45.25,45.0,45.0,46.0,1.0,0.5,1,48.0,48.0,48.0,48.0,48.0,0.0,0.0
401426596,2022,regular,9,2022-10-30 01:00:00+00:00,2638,UTEP,2393,Middle Tennessee,4,-2.5,-2.5,-2.5,-2.5,-2.5,0.0,0.0,1,-1.5,-1.5,-1.5,-1.5,-1.5,0.0,0.0,4,52.0,52.0,52.0,52.0,52.0,0.0,0.0,1,53.5,53.5,53.5,53.5,53.5,0.0,0.0
401426597,2022,regular,9,2022-10-29 19:30:00+00:00,98,Western Kentucky,249,North Texas,4,-10.0,-10.0,-10.0,-10.0,-10.0,0.0,0.0,1,-9.5,-9.5,-9.5,-9.5,-9.5,0.0,0.0,4,70.0,70.0,70.0,70.0,70.0,0.0,0.0,1,71.5,71.5,71.5,71.5,71.5,0.0,0.0
401426598,2022,regular,10,2022-11-05 16:00:00+00:00,2429,Charlotte,98,Western Kentucky,4,14.5,14.5,14.5,14.5,14.5,0.0,0.0,1,16.5,16.5,16.5,16.5,16.5,0.0,0.0,4,72.5,72.5,72.5,72.5,72.5,0.0,0.0,1,71.0,71.0,71.0,71.0,71.0,0.0,0.0
401426599,2022,regular,10,2022-11-05 20:00:00+00:00,249,North Texas,2229,Florida International,4,-21.5,-21.375,-21.5,-21.5,-21.0,0.5,0.25,1,-21.5,-21.5,-21.5,-21.5,-21.5,0.0,0.0,4,63.25,63.375,63.25,63.0,64.0,1.0,0.47871355387816905,1,63.0,63.0,63.0,63.0,63.0,0.0,0.0
401426600,2022,regular,10,2022-11-05 19:00:00+00:00,2348,Louisiana Tech,2393,Middle Tennessee,4,2.5,2.5,2.5,2.5,2.5,0.0,0.0,1,2.5,2.5,2.5,2.5,2.5,0.0,0.0,4,63.5,63.625,63.5,63.5,64.0,0.5,0.25,1,64.0,64.0,64.0,64.0,64.0,0.0,0.0
401426601,2022,regular,10,2022-11-03 23:00:00+00:00,242,Rice,2638,UTEP,4,-3.5,-3.5,-3.5,-3.5,-3.5,0.0,0.0,1,-3.5,-3.5,-3.5,-3.5,-3.5,0.0,0.0,4,47.0,47.0,47.0,47.0,47.0,0.0,0.0,1,48.0,48.0,48.0,48.0,48.0,0.0,0.0
401426602,2022,regular,10,2022-11-05 19:30:00+00:00,5,UAB,2636,UTSA,4,2.5,2.5,2.5,2.5,2.5,0.0,0.0,1,1.0,1.0,1.0,1.0,1.0,0.0,0.0,4,53.25,53.25,53.25,53.0,53.5,0.5,0.28867513459481287,1,52.0,52.0,52.0,52.0,52.0,0.0,0.0
401426603,2022,regular,11,2022-11-12 20:30:00+00:00,2393,Middle Tennessee,2429,Charlotte,4,-10.0,-9.875,-10.0,-10.0,-9.5,0.5,0.25,1,-11.5,-11.5,-11.5,-11.5,-11.5,0.0,0.0,4,67.0,67.0,67.0,67.0,67.0,0.0,0.0,1,68.0,68.0,68.0,68.0,68.0,0.0,0.0
401426604,2022,regular,11,2022-11-13 00:00:00+00:00,2229,Florida International,2226,Florida Atlantic,4,15.25,15.25,15.25,15.0,15.5,0.5,0.28867513459481287,1,15.0,15.0,15.0,15.0,15.0,0.0,0.0,4,54.5,54.5,54.5,54.5,54.5,0.0,0.0,1,54.0,54.0,54.0,54.0,54.0,0.0,0.0
401426605,2022,regular,11,2022-11-12 20:30:00+00:00,2636,UTSA,2348,Louisiana Tech,4,-17.0,-17.125,-17.0,-17.5,-17.0,0.5,0.25,1,-18.0,-18.0,-18.0,-18.0,-18.0,0.0,0.0,4,68.75,68.75,68.75,68.5,69.0,0.5,0.28867513459481287,1,68.0,68.0,68.0,68.0,68.0,0.0,0.0
401426606,2022,regular,11,2022-11-12 20:30:00+00:00,5,UAB,249,North Texas,4,-6.5,-6.5,-6.5,-6.5,-6.5,0.0,0.0,1,-6.0,-6.0,-6.0,-6.0,-6.0,0.0,0.0,4,58.0,58.0,58.0,58.0,58.0,0.0,0.0,1,57.5,57.5,57.5,57.5,57.5,0.0,0.0
401426607,2022,regular,11,2022-11-12 19:00:00+00:00,98,Western Kentucky,242,Rice,4,-13.5,-13.375,-13.5,-13.5,-13.0,0.5,0.25,1,-13.0,-13.0,-13.0,-13.0,-13.0,0.0,0.0,4,61.0,61.0,61.0,61.0,61.0,0.0,0.0,1,62.5,62.5,62.5,62.5,62.5,0.0,0.0
401426608,2022,regular,12,2022-11-19 20:30:00+00:00,2429,Charlotte,2348,Louisiana Tech,4,2.0,2.0,2.0,2.0,2.0,0.0,0.0,1,3.0,3.0,3.0,3.0,3.0,0.0,0.0,4,66.5,66.5,66.5,66.5,66.5,0.0,0.0,1,65.0,65.0,65.0,65.0,65.0,0.0,0.0
401426609,2022,regular,12,2022-11-19 21:00:00+00:00,2638,UTEP,2229,Florida International,4,-14.0,-14.0,-14.0,-14.0,-14.0,0.0,0.0,1,-14.5,-14.5,-14.5,-14.5,-14.5,0.0,0.0,4,50.0,50.0,50.0,50.0,50.0,0.0,0.0,1,51.0,51.0,51.0,51.0,51.0,0.0,0.0
401426610,2022,regular,12,2022-11-19 20:30:00+00:00,2393,Middle Tennessee,2226,Florida Atlantic,4,5.5,5.375,5.5,5.0,5.5,0.5,0.25,1,4.5,4.5,4.5,4.5,4.5,0.0,0.0,4,51.0,51.0,51.0,51.0,51.0,0.0,0.0,1,53.5,53.5,53.5,53.5,53.5,0.0,0.0
401426611,2022,regular,12,2022-11-19 18:00:00+00:00,242,Rice,2636,UTSA,4,14.0,14.0,14.0,14.0,14.0,0.0,0.0,1,12.5,12.5,12.5,12.5,12.5,0.0,0.0,4,56.0,56.0,56.0,56.0,56.0,0.0,0.0,1,61.0,61.0,61.0,61.0,61.0,0.0,0.0
401426612,2022,regular,12,2022-11-20 02:00:00+00:00,99,LSU,5,UAB,4,-15.25,-15.25,-15.25,-15.5,-15.0,0.5,0.28867513459481287,1,-14.5,-14.5,-14.5,-14.5,-14.5,0.0,0.0,4,50.5,50.5,50.5,50.5,50.5,0.0,0.0,1,52.5,52.5,52.5,52.5,52.5,0.0,0.0
401426613,2022,regular,12,2022-11-19 21:00:00+00:00,2,Auburn,98,Western Kentucky,4,-5.0,-5.0,-5.0,-5.0,-5.0,0.0,0.0,1,-6.5,-6.5,-6.5,-6.5,-6.5,0.0,0.0,4,54.0,54.0,54.0,54.0,54.0,0.0,0.0,1,52.5,52.5,52.5,52.5,52.5,0.0,0.0
401426614,2022,regular,13,2022-11-26 23:00:00+00:00,2229,Florida International,2393,Middle Tennessee,4,19.5,19.5,19.5,19.5,19.5,0.0,0.0,1,19.5,19.5,19.5,19.5,19.5,0.0,0.0,4,54.5,54.5,54.5,54.5,54.5,0.0,0.0,1,55.0,55.0,55.0,55.0,55.0,0.0,0.0
401426615,2022,regular,13,2022-11-26 17:00:00+00:00,2226,Florida Atlantic,98,Western Kentucky,4,7.5,7.5,7.5,7.5,7.5,0.0,0.0,1,7.5,7.5,7.5,7.5,7.5,0.0,0.0,4,62.25,62.25,62.25,62.0,62.5,0.5,0.28867513459481287,1,61.5,61.5,61.5,61.5,61.5,0.0,0.0
401426616,2022,regular,13,2022-11-26 20:30:00+00:00,2348,Louisiana Tech,5,UAB,4,18.0,18.125,18.0,18.0,18.5,0.5,0.25,1,17.5,17.5,17.5,17.5,17.5,0.0,0.0,4,55.5,55.375,55.5,55.0,55.5,0.5,0.25,1,56.0,56.0,56.0,56.0,56.0,0.0,0.0
401426617,2022,regular,13,2022-11-26 19:00:00+00:00,249,North Texas,242,Rice,4,-14.5,-14.5,-14.5,-14.5,-14.5,0.0,0.0,1,-14.5,-14.5,-14.5,-14.5,-14.5,0.0,0.0,4,57.25,57.375,57.25,57.0,58.0,1.0,0.47871355387816905,1,61.0,61.0,61.0,61.0,61.0,0.0,0.0
401426618,2022,regular,13,2022-11-26 20:30:00+00:00,2636,UTSA,2638,UTEP,4,-16.5,-16.5,-16.5,-16.5,-16.5,0.0,0.0,1,-17.5,-17.5,-17.5,-17.5,-17.5,0.0,0.0,4,56.5,56.5,56.5,56.5,56.5,0.0,0.0,0,,,,,,,
401426670,2022,regular,6,2022-10-08 21:00:00+00:00,2110,Central Arkansas,2815,Lindenwood,2,-22.0,-22.0,-22.0,-22.5,-21.5,1.0,0.7071067811865476,0,,,,,,,,2,65.75,65.75,65.75,65.5,66.0,0.5,0.3535533905932738,0,,,,,,,
401426671,2022,regular,4,2022-09-24 20:00:00+00:00,2710,Western Illinois,2460,Northern Iowa,2,15.75,15.75,15.75,15.0,16.5,1.5,1.0606601717798212,0,,,,,,,,2,54.0,54.0,54.0,54.0,54.0,0.0,0.0,0,,,,,,,
401428190,2022,regular,7,2022-10-15 21:00:00+00:00,2502,Portland State,2692,Weber State,1,12.5,12.5,12.5,12.5,12.5,0.0,0.0,0,,,,,,,,1,55.0,55.0,55.0,55.0,55.0,0.0,0.0,0,,,,,,,
401428191,2022,regular,6,2022-10-08 20:00:00+00:00,2097,Campbell,2127,Charleston Southern,2,-14.0,-14.0,-14.0,-14.0,-14.0,0.0,0.0,0,,,,,,,,2,55.0,55.0,55.0,55.0,55.0,0.0,0.0,0,,,,,,,
401428192,2022,regular,7,2022-10-15 17:00:00+00:00,2097,Campbell,2523,Robert Morris,2,-27.25,-27.25,-27.25,-27.5,-27.0,0.5,0.3535533905932738,0,,,,,,,,2,48.5,48.5,48.5,48.5,48.5,0.0,0.0,0,,,,,,,
401428193,2022,regular,9,2022-10-29 17:00:00+00:00,2448,North Carolina A&T,2097,Campbell,2,3.0,3.0,3.0,3.0,3.0,0.0,0.0,0,,,,,,,,2,51.75,51.75,51.75,51.5,52.0,0.5,0.3535533905932738,0,,,,,,,
401428194,2022,regular,10,2022-11-05 18:00:00+00:00,2803,Bryant,2097,Campbell,2,8.75,8.75,8.75,8.5,9.0,0.5,0.3535533905932738,0,,,,,,,,2,60.75,60.75,60.75,60.5,61.0,0.5,0.3535533905932738,0,,,,,,,
401428195,2022,regular,11,2022-11-12 18:00:00+00:00,2097,Campbell,2241,Gardner-Webb,1,2.0,2.0,2.0,2.0,2.0,0.0,0.0,0,,,,,,,,1,61.5,61.5,61.5,61.5,61.5,0.0,0.0,0,,,,,,,
401428197,2022,regular,7,2022-10-15 20:00:00+00:00,2803,Bryant,2127,Charleston Southern,1,-3.0,-3.0,-3.0,-3.0,-3.0,0.0,0.0,0,,,,,,,,1,59.5,59.5,59.5,59.5,59.5,0.0,0.0,0,,,,,,,
401428198,2022,regular,8,2022-10-22 22:00:00+00:00,2127,Charleston Southern,2241,Gardner-Webb,2,11.5,11.5,11.5,11.5,11.5,0.0,0.0,0,,,,,,,,2,54.75,54.75,54.75,54.5,55.0,0.5,0.3535533905932738,0,,,,,,,
401428199,2022,regular,10,2022-11-05 16:00:00+00:00,2127,Charleston Southern,2523,Robert Morris,2,-17.5,-17.5,-17.5,-17.5,-17.5,0.0,0.0,0,,,,,,,,2,45.5,45.5,45.5,45.5,45.5,0.0,0.0,0,,,,,,,
401428200,2022,regular,11,2022-11-12 17:00:00+00:00,2448,North Carolina A&T,2127,Charleston Southern,1,-9.5,-9.5,-9.5,-9.5,-9.5,0.0,0.0,0,,,,,,,,1,54.5,54.5,54.5,54.5,54.5,0.0,0.0,0,,,,,,,
401428201,2022,regular,6,2022-10-08 16:00:00+00:00,2523,Robert Morris,2241,Gardner-Webb,2,16.5,16.5,16.5,16.5,16.5,0.0,0.0,0,,,,,,,,2,48.0,48.0,48.0,48.0,48.0,0.0,0.0,0,,,,,,,
401428220,2022,regular,9,2022-10-29 17:30:00+00:00,2241,Gardner-Webb,2803,Bryant,1,-17.0,-17.0,-17.0,-17.0,-17.0,0.0,0.0,0,,,,,,,,1,50.5,50.5,50.5,50.5,50.5,0.0,0.0,0,,,,,,,
401428221,2022,regular,12,2022-11-19 17:00:00+00:00,2241,Gardner-Webb,2448,North Carolina A&T,1,-10.5,-10.5,-10.5,-10.5,-10.5,0.0,0.0,0,,,,,,,,1,56.5,56.5,56.5,56.5,56.5,0.0,0.0,0,,,,,,,
401428336,2022,regular,1,2022-09-03 16:00:00+00:00,2523,Robert Morris,2168,Dayton,1,-1.5,-1.5,-1.5,-1.5,-1.5,0.0,0.0,0,,,,,,,,1,59.5,59.5,59.5,59.5,59.5,0.0,0.0,0,,,,,,,
401428383,2022,regular,5,2022-10-01 22:00:00+00:00,2169,Delaware State,2523,Robert Morris,2,3.0,3.0,3.0,3.0,3.0,0.0,0.0,0,,,,,,,,2,43.0,43.0,43.0,43.0,43.0,0.0,0.0,0,,,,,,,
401428459,2022,regular,8,2022-10-22 16:00:00+00:00,2523,Robert Morris,2448,North Carolina A&T,2,16.5,16.5,16.5,16.5,16.5,0.0,0.0,0,,,,,,,,2,44.5,44.5,44.5,44.5,44.5,0.0,0.0,0,,,,,,,
401428473,2022,regular,11,2022-11-12 19:00:00+00:00,93,Murray State,2523,Robert Morris,1,-7.0,-7.0,-7.0,-7.0,-7.0,0.0,0.0,0,,,,,,,,1,44.0,44.0,44.0,44.0,44.0,0.0,0.0,0,,,,,,,
401428474,2022,regular,12,2022-11-19 17:00:00+00:00,2523,Robert Morris,2803,Bryant,1,18.5,18.5,18.5,18.5,18.5,0.0,0.0,0,,,,,,,,1,52.5,52.5,52.5,52.5,52.5,0.0,0.0,0,,,,,,,
401428475,2022,regular,4,2022-09-24 23:00:00+00:00,2448,North Carolina A&T,2569,South Carolina State,1,-2.5,-2.5,-2.5,-2.5,-2.5,0.0,0.0,0,,,,,,,,1,46.0,46.0,46.0,46.0,46.0,0.0,0.0,0,,,,,,,
401428477,2022,regular,8,2022-10-22 18:00:00+00:00,2815,Lindenwood,93,Murray State,2,-10.5,-10.5,-10.5,-11.0,-10.0,1.0,0.7071067811865476,0,,,,,,,,2,63.5,63.5,63.5,63.5,63.5,0.0,0.0,0,,,,,,,
401428478,2022,regular,5,2022-10-01 19:00:00+00:00,2630,UT Martin,2635,Tennessee Tech,2,-21.5,-21.5,-21.5,-21.5,-21.5,0.0,0.0,0,,,,,,,,2,55.25,55.25,55.25,54.5,56.0,1.5,1.0606601717798212,0,,,,,,,
401428479,2022,regular,10,2022-11-05 18:30:00+00:00,2635,Tennessee Tech,2815,Lindenwood,2,-4.0,-4.0,-4.0,-4.0,-4.0,0.0,0.0,0,,,,,,,,2,62.5,62.5,62.5,62.5,62.5,0.0,0.0,0,,,,,,,
401428480,2022,regular,1,2022-09-01 22:00:00+00:00,2681,Wagner,2230,Fordham,3,27.5,27.833333333333332,27.5,27.5,28.5,1.0,0.5773502691896257,1,28.5,28.5,28.5,28.5,28.5,0.0,0.0,3,64.0,64.0,64.0,64.0,64.0,0.0,0.0,1,64.0,64.0,64.0,64.0,64.0,0.0,0.0
401428481,2022,regular,5,2022-10-01 17:00:00+00:00,2230,Fordham,46,Georgetown,2,-24.0,-24.0,-24.0,-24.0,-24.0,0.0,0.0,0,,,,,,,,2,66.5,66.5,66.5,66.5,66.5,0.0,0.0,0,,,,,,,
401428482,2022,regular,12,2022-11-19 18:00:00+00:00,2230,Fordham,2142,Colgate,1,-22.5,-22.5,-22.5,-22.5,-22.5,0.0,0.0,0,,,,,,,,1,70.0,70.0,70.0,70.0,70.0,0.0,0.0,0,,,,,,,
401428486,2022,regular,5,2022-10-01 16:00:00+00:00,2368,Marist,2900,St. Thomas (MN),2,9.0,9.0,9.0,9.0,9.0,0.0,0.0,0,,,,,,,,2,49.0,49.0,49.0,49.0,49.0,0.0,0.0,0,,,,,,,
401428487,2022,regular,8,2022-10-22 17:00:00+00:00,2506,Presbyterian,2900,St. Thomas (MN),2,23.0,23.0,23.0,23.0,23.0,0.0,0.0,0,,,,,,,,1,54.5,54.5,54.5,54.5,54.5,0.0,0.0,0,,,,,,,
401431402,2022,regular,11,2022-11-12 17:00:00+00:00,43,Yale,163,Princeton,1,3.0,3.0,3.0,3.0,3.0,0.0,0.0,0,,,,,,,,1,45.5,45.5,45.5,45.5,45.5,0.0,0.0,0,,,,,,,
401431403,2022,regular,1,2022-09-03 16:00:00+00:00,2368,Marist,46,Georgetown,1,0.0,0.0,0.0,0.0,0.0,0.0,0.0,0,,,,,,,,1,43.0,43.0,43.0,43.0,43.0,0.0,0.0,0,,,,,,,
401431404,2022,regular,8,2022-10-22 16:00:00+00:00,2142,Colgate,46,Georgetown,2,-13.0,-13.0,-13.0,-13.0,-13.0,0.0,0.0,0,,,,,,,,2,50.0,50.0,50.0,50.0,50.0,0.0,0.0,0,,,,,,,
401431406,2022,regular,9,2022-10-29 16:00:00+00:00,2368,Marist,2506,Presbyterian,1,-13.0,-13.0,-13.0,-13.0,-13.0,0.0,0.0,0,,,,,,,,1,48.5,48.5,48.5,48.5,48.5,0.0,0.0,0,,,,,,,
401431407,2022,regular,10,2022-11-05 17:00:00+00:00,2506,Presbyterian,2168,Dayton,2,20.25,20.25,20.25,20.0,20.5,0.5,0.3535533905932738,0,,,,,,,,2,50.5,50.5,50.5,50.5,50.5,0.0,0.0,0,,,,,,,
401432241,2022,regular,6,2022-10-08 17:00:00+00:00,2184,Duquesne,2771,Merrimack,2,-4.5,-4.5,-4.5,-4.5,-4.5,0.0,0.0,0,,,,,,,,2,45.25,45.25,45.25,45.0,45.5,0.5,0.3535533905932738,0,,,,,,,
401432242,2022,regular,9,2022-10-29 16:00:00+00:00,2184,Duquesne,2341,Long Island University,1,-13.0,-13.0,-13.0,-13.0,-13.0,0.0,0.0,0,,,,,,,,1,52.5,52.5,52.5,52.5,52.5,0.0,0.0,0,,,,,,,
401435072,2022,regular,1,2022-09-02 23:00:00+00:00,2771,Merrimack,107,Holy Cross,3,23.5,23.5,23.5,23.5,23.5,0.0,0.0,1,23.0,23.0,23.0,23.0,23.0,0.0,0.0,3,49.5,49.666666666666664,49.5,49.5,50.0,0.5,0.28867513459481287,1,50.5,50.5,50.5,50.5,50.5,0.0,0.0
401435074,2022,regular,3,2022-09-16 23:00:00+00:00,108,Harvard,2771,Merrimack,3,-28.5,-28.5,-28.5,-28.5,-28.5,0.0,0.0,1,-28.0,-28.0,-28.0,-28.0,-28.0,0.0,0.0,3,50.5,50.5,50.5,50.5,50.5,0.0,0.0,1,52.5,52.5,52.5,52.5,52.5,0.0,0.0
401435075,2022,regular,4,2022-09-24 18:00:00+00:00,2169,Delaware State,2771,Merrimack,2,6.0,6.0,6.0,6.0,6.0,0.0,0.0,0,,,,,,,,2,46.0,46.0,46.0,45.5,46.5,1.0,0.7071067811865476,0,,,,,,,
401435076,2022,regular,5,2022-10-01 17:00:00+00:00,2771,Merrimack,2341,Long Island University,2,-13.0,-13.0,-13.0,-13.0,-13.0,0.0,0.0,0,,,,,,,,2,50.75,50.75,50.75,50.5,51.0,0.5,0.3535533905932738,0,,,,,,,
401435080,2022,regular,7,2022-10-15 16:00:00+00:00,2368,Marist,2168,Dayton,2,4.0,4.0,4.0,4.0,4.0,0.0,0.0,0,,,,,,,,2,53.0,53.0,53.0,53.0,53.0,0.0,0.0,0,,,,,,,
401435487,2022,regular,5,2022-10-01 23:00:00+00:00,2448,North Carolina A&T,2803,Bryant,2,-5.5,-5.5,-5.5,-5.5,-5.5,0.0,0.0,0,,,,,,,,2,54.0,54.0,54.0,53.5,54.5,1.0,0.7071067811865476,0,,,,,,,
401437008,2022,regular,14,2022-12-03 21:00:00+00:00,2655,Tulane,2116,UCF,4,-3.5,-3.5,-3.5,-3.5,-3.5,0.0,0.0,1,-2.5,-2.5,-2.5,-2.5,-2.5,0.0,0.0,4,57.5,57.375,57.5,57.0,57.5,0.5,0.25,1,57.5,57.5,57.5,57.5,57.5,0.0,0.0
401437009,2022,regular,14,2022-12-04 01:00:00+00:00,153,North Carolina,228,Clemson,4,7.25,7.25,7.25,7.0,7.5,0.5,0.28867513459481287,1,7.5,7.5,7.5,7.5,7.5,0.0,0.0,4,64.0,64.0,64.0,64.0,64.0,0.0,0.0,1,62.0,62.0,62.0,62.0,62.0,0.0,0.0
401437030,2022,regular,14,2022-12-03 17:00:00+00:00,2628,TCU,2306,Kansas State,4,1.0,0.5,1.0,-1.0,1.0,2.0,1.0,1,-1.5,-1.5,-1.5,-1.5,-1.5,0.0,0.0,4,60.5,60.625,60.5,60.5,61.0,0.5,0.25,1,60.5,60.5,60.5,60.5,60.5,0.0,0.0
401437031,2022,regular,14,2022-12-04 01:00:00+00:00,130,Michigan,2509,Purdue,4,-15.75,-15.625,-15.75,-16.0,-15.0,1.0,0.47871355387816905,1,-15.5,-15.5,-15.5,-15.5,-15.5,0.0,0.0,4,54.0,53.75,54.0,53.0,54.0,1.0,0.5,1,50.0,50.0,50.0,50.0,50.0,0.0,0.0
401437032,2022,regular,14,2022-12-03 00:30:00+00:00,2636,UTSA,249,North Texas,4,-8.5,-8.375,-8.5,-8.5,-8.0,0.5,0.25,1,-8.5,-8.5,-8.5,-8.5,-8.5,0.0,0.0,4,70.0,70.0,70.0,70.0,70.0,0.0,0.0,1,66.5,66.5,66.5,66.5,66.5,0.0,0.0
401437033,2022,regular,14,2022-12-03 17:00:00+00:00,195,Ohio,2649,Toledo,4,3.5,3.5,3.5,3.5,3.5,0.0,0.0,1,4.0,4.0,4.0,4.0,4.0,0.0,0.0,4,54.5,54.5,54.5,54.5,54.5,0.0,0.0,1,62.0,62.0,62.0,62.0,62.0,0.0,0.0
401437034,2022,regular,14,2022-12-03 21:00:00+00:00,68,Boise State,278,Fresno State,4,-3.0,-3.0,-3.0,-3.0,-3.0,0.0,0.0,1,-4.5,-4.5,-4.5,-4.5,-4.5,0.0,0.0,4,54.5,54.75,54.5,54.5,55.5,1.0,0.5,1,50.5,50.5,50.5,50.5,50.5,0.0,0.0
401437035,2022,regular,14,2022-12-03 01:00:00+00:00,30,USC,254,Utah,4,-2.75,-2.75,-2.75,-3.0,-2.5,0.5,0.28867513459481287,1,-1.0,-1.0,-1.0,-1.0,-1.0,0.0,0.0,4,67.75,67.75,67.75,67.5,68.0,0.5,0.28867513459481287,1,65.5,65.5,65.5,65.5,65.5,0.0,0.0
401437036,2022,regular,14,2022-12-03 21:00:00+00:00,61,Georgia,99,LSU,4,-17.0,-17.125,-17.0,-17.5,-17.0,0.5,0.25,1,-15.0,-15.0,-15.0,-15.0,-15.0,0.0,0.0,4,52.0,51.75,52.0,51.0,52.0,1.0,0.5,1,50.5,50.5,50.5,50.5,50.5,0.0,0.0
401437037,2022,regular,14,2022-12-03 20:30:00+00:00,2653,Troy,324,Coastal Carolina,4,-6.5,-6.625,-6.5,-7.0,-6.5,0.5,0.25,1,-4.5,-4.5,-4.5,-4.5,-4.5,0.0,0.0,4,49.0,49.0,49.0,49.0,49.0,0.0,0.0,1,48.5,48.5,48.5,48.5,48.5,0.0,0.0
401437132,2022,regular,14,2022-12-03 21:00:00+00:00,2296,Jackson State,2582,Southern,3,-20.5,-20.5,-20.5,-20.5,-20.5,0.0,0.0,1,-14.5,-14.5,-14.5,-14.5,-14.5,0.0,0.0,3,51.0,51.0,51.0,51.0,51.0,0.0,0.0,1,49.5,49.5,49.5,49.5,49.5,0.0,0.0
401441990,2022,regular,1,2022-09-01 23:00:00+00:00,2649,Toledo,2341,Long Island University,3,-47.0,-47.166666666666664,-47.0,-47.5,-47.0,0.5,0.28867513459481287,1,-47.0,-47.0,-47.0,-47.0,-47.0,0.0,0.0,3,57.0,56.666666666666664,57.0,55.5,57.5,2.0,1.0408329997330663,1,55.5,55.5,55.5,55.5,55.5,0.0,0.0
401441991,2022,regular,4,2022-09-24 17:00:00+00:00,2341,Long Island University,2803,Bryant,1,14.0,14.0,14.0,14.0,14.0,0.0,0.0,0,,,,,,,,1,55.5,55.5,55.5,55.5,55.5,0.0,0.0,0,,,,,,,
401441993,2022,postseason,1,2022-12-16 16:30:00+00:00,5,UAB,193,Miami (OH),4,-10.75,-10.75,-10.75,-11.0,-10.5,0.5,0.28867513459481287,1,-11.0,-11.0,-11.0,-11.0,-11.0,0.0,0.0,4,45.75,45.5,45.75,44.5,46.0,1.5,0.7071067811865476,1,44.0,44.0,44.0,44.0,44.0,0.0,0.0
401441994,2022,postseason,1,2022-12-16 20:00:00+00:00,2653,Troy,2636,UTSA,4,3.0,1.75,3.0,-2.0,3.0,5.0,2.5,1,1.5,1.5,1.5,1.5,1.5,0.0,0.0,4,56.5,56.25,56.5,55.5,56.5,1.0,0.5,1,55.0,55.0,55.0,55.0,55.0,0.0,0.0
401441995,2022,postseason,1,2022-12-17 16:00:00+00:00,97,Louisville,2132,Cincinnati,4,-2.5,-2.5,-2.5,-2.5,-2.5,0.0,0.0,1,-1.5,-1.5,-1.5,-1.5,-1.5,0.0,0.0,4,38.5,38.5,38.5,38.5,38.5,0.0,0.0,1,43.5,43.5,43.5,43.5,43.5,0.0,0.0
401441996,2022,postseason,1,2022-12-17 17:00:00+00:00,2428,North Carolina Central,2296,Jackson State,3,14.0,14.666666666666666,14.0,14.0,16.0,2.0,1.1547005383792515,1,16.5,16.5,16.5,16.5,16.5,0.0,0.0,3,55.0,55.333333333333336,55.0,55.0,56.0,1.0,0.5773502691896257,0,,,,,,,
401441997,2022,postseason,1,2022-12-18 00:30:00+00:00,252,BYU,2567,SMU,4,4.5,4.5,4.5,4.5,4.5,0.0,0.0,1,-1.5,-1.5,-1.5,-1.5,-1.5,0.0,0.0,4,65.0,65.0,65.0,65.0,65.0,0.0,0.0,1,74.0,74.0,74.0,74.0,74.0,0.0,0.0
401441998,2022,postseason,1,2022-12-27 17:00:00+00:00,2084,Buffalo,290,Georgia Southern,4,6.0,6.0,6.0,6.0,6.0,0.0,0.0,1,4.0,4.0,4.0,4.0,4.0,0.0,0.0,4,66.5,66.625,66.5,66.5,67.0,0.5,0.25,1,63.5,63.5,63.5,63.5,63.5,0.0,0.0
401441999,2022,postseason,1,2022-12-17 19:30:00+00:00,204,Oregon State,57,Florida,4,-7.5,-7.5,-7.5,-7.5,-7.5,0.0,0.0,1,-5.5,-5.5,-5.5,-5.5,-5.5,0.0,0.0,4,51.75,51.75,51.75,51.5,52.0,0.5,0.28867513459481287,1,55.5,55.5,55.5,55.5,55.5,0.0,0.0
401442000,2022,postseason,1,2022-12-27 20:15:00+00:00,328,Utah State,235,Memphis,4,8.0,8.0,8.0,8.0,8.0,0.0,0.0,1,9.5,9.5,9.5,9.5,9.5,0.0,0.0,4,57.0,57.0,57.0,57.0,57.0,0.0,0.0,1,61.5,61.5,61.5,61.5,61.5,0.0,0.0
401442001,2022,postseason,1,2022-12-18 02:15:00+00:00,68,Boise State,249,North Texas,4,-11.75,-11.75,-11.75,-12.0,-11.5,0.5,0.28867513459481287,1,-8.5,-8.5,-8.5,-8.5,-8.5,0.0,0.0,4,63.0,63.25,63.0,63.0,64.0,1.0,0.5,1,55.5,55.5,55.5,55.5,55.5,0.0,0.0
401442002,2022,postseason,1,2022-12-27 23:45:00+00:00,151,East Carolina,324,Coastal Carolina,4,-7.0,-7.125,-7.0,-7.5,-7.0,0.5,0.25,1,-7.0,-7.0,-7.0,-7.0,-7.0,0.0,0.0,4,67.0,67.125,67.0,67.0,67.5,0.5,0.25,1,63.0,63.0,63.0,63.0,63.0,0.0,0.0
401442003,2022,postseason,1,2022-12-19 19:30:00+00:00,41,UConn,276,Marshall,4,12.25,12.125,12.25,11.5,12.5,1.0,0.47871355387816905,1,10.5,10.5,10.5,10.5,10.5,0.0,0.0,4,42.0,42.0,42.0,42.0,42.0,0.0,0.0,1,40.0,40.0,40.0,40.0,40.0,0.0,0.0
401442004,2022,postseason,1,2022-12-20 20:30:00+00:00,23,San José State,2199,Eastern Michigan,4,-3.5,-3.5,-3.5,-3.5,-3.5,0.0,0.0,1,-4.5,-4.5,-4.5,-4.5,-4.5,0.0,0.0,4,54.0,54.125,54.0,54.0,54.5,0.5,0.25,1,53.5,53.5,53.5,53.5,53.5,0.0,0.0
401442005,2022,postseason,1,2022-12-28 03:15:00+00:00,197,Oklahoma State,275,Wisconsin,4,5.0,4.875,5.0,4.5,5.0,0.5,0.25,1,3.5,3.5,3.5,3.5,3.5,0.0,0.0,4,45.0,44.875,45.0,44.5,45.0,0.5,0.25,1,48.5,48.5,48.5,48.5,48.5,0.0,0.0
401442006,2022,postseason,1,2022-12-21 00:30:00+00:00,2649,Toledo,2335,Liberty,4,-3.5,-3.625,-3.5,-4.0,-3.5,0.5,0.25,1,-1.5,-1.5,-1.5,-1.5,-1.5,0.0,0.0,4,51.0,51.125,51.0,51.0,51.5,0.5,0.25,1,54.0,54.0,54.0,54.0,54.0,0.0,0.0
401442007,2022,postseason,1,2022-12-23 23:30:00+00:00,142,Missouri,154,Wake Forest,4,2.75,2.75,2.75,2.5,3.0,0.5,0.28867513459481287,1,3.5,3.5,3.5,3.5,3.5,0.0,0.0,4,58.75,58.75,58.75,58.5,59.0,0.5,0.28867513459481287,1,62.0,62.0,62.0,62.0,62.0,0.0,0.0
401442008,2022,postseason,1,2022-12-28 19:00:00+00:00,150,Duke,2116,UCF,4,-3.25,-3.25,-3.25,-3.5,-3.0,0.5,0.28867513459481287,1,2.5,2.5,2.5,2.5,2.5,0.0,0.0,4,62.75,62.75,62.75,62.5,63.0,0.5,0.28867513459481287,1,61.5,61.5,61.5,61.5,61.5,0.0,0.0
401442009,2022,postseason,1,2022-12-25 01:00:00+00:00,21,San Diego State,2393,Middle Tennessee,4,-7.0,-7.0,-7.0,-7.0,-7.0,0.0,0.0,1,-3.5,-3.5,-3.5,-3.5,-3.5,0.0,0.0,4,47.0,47.125,47.0,47.0,47.5,0.5,0.25,1,47.0,47.0,47.0,47.0,47.0,0.0,0.0
401442010,2022,postseason,1,2023-01-10 00:30:00+00:00,61,Georgia,2628,TCU,4,-13.5,-13.5,-13.5,-13.5,-13.5,0.0,0.0,1,-13.5,-13.5,-13.5,-13.5,-13.5,0.0,0.0,4,61.75,61.75,61.75,61.5,62.0,0.5,0.28867513459481287,1,62.5,62.5,62.5,62.5,62.5,0.0,0.0
401442011,2022,postseason,1,2023-01-02 17:00:00+00:00,356,Illinois,344,Mississippi State,4,3.5,3.625,3.5,3.5,4.0,0.5,0.25,1,0.0,0.0,0.0,0.0,0.0,0.0,0.0,4,46.5,46.5,46.5,46.5,46.5,0.0,0.0,1,46.0,46.0,46.0,46.0,46.0,0.0,0.0
401442012,2022,postseason,1,2023-01-02 18:00:00+00:00,2509,Purdue,99,LSU,4,15.0,15.125,15.0,15.0,15.5,0.5,0.25,1,10.0,10.0,10.0,10.0,10.0,0.0,0.0,4,54.25,54.125,54.25,53.5,54.5,1.0,0.47871355387816905,1,58.5,58.5,58.5,58.5,58.5,0.0,0.0
401442013,2022,postseason,1,2023-01-02 18:00:00+00:00,30,USC,2655,Tulane,4,-1.5,-1.5,-1.5,-1.5,-1.5,0.0,0.0,1,0.0,0.0,0.0,0.0,0.0,0.0,0.0,4,66.5,66.5,66.5,66.0,67.0,1.0,0.408248290463863,1,63.5,63.5,63.5,63.5,63.5,0.0,0.0
401442014,2022,postseason,1,2023-01-02 22:00:00+00:00,254,Utah,213,Penn State,4,1.5,1.375,1.5,1.0,1.5,0.5,0.25,1,0.0,0.0,0.0,0.0,0.0,0.0,0.0,4,55.0,55.125,55.0,55.0,55.5,0.5,0.25,1,49.0,49.0,49.0,49.0,49.0,0.0,0.0
401442015,2022,postseason,1,2023-01-01 01:00:00+00:00,61,Georgia,194,Ohio State,4,-5.25,-5.125,-5.25,-5.5,-4.5,1.0,0.47871355387816905,1,-7.0,-7.0,-7.0,-7.0,-7.0,0.0,0.0,4,62.0,62.0,62.0,61.5,62.5,1.0,0.408248290463863,1,61.0,61.0,61.0,61.0,61.0,0.0,0.0
401442016,2022,postseason,1,2022-12-31 21:00:00+00:00,130,Michigan,2628,TCU,4,-8.0,-7.875,-8.0,-8.0,-7.5,0.5,0.25,1,-9.0,-9.0,-9.0,-9.0,-9.0,0.0,0.0,4,56.0,56.0,56.0,56.0,56.0,0.0,0.0,1,60.0,60.0,60.0,60.0,60.0,0.0,0.0
401442017,2022,postseason,1,2022-12-31 17:00:00+00:00,96,Kentucky,2294,Iowa,4,3.0,3.0,3.0,3.0,3.0,0.0,0.0,1,-3.0,-3.0,-3.0,-3.0,-3.0,0.0,0.0,4,31.5,31.5,31.5,31.5,31.5,0.0,0.0,1,31.5,31.5,31.5,31.5,31.5,0.0,0.0
401442018,2022,postseason,1,2022-12-31 17:00:00+00:00,2306,Kansas State,333,Alabama,4,7.5,7.625,7.5,7.5,8.0,0.5,0.25,1,5.5,5.5,5.5,5.5,5.5,0.0,0.0,4,58.0,58.125,58.0,58.0,58.5,0.5,0.25,1,55.0,55.0,55.0,55.0,55.0,0.0,0.0
401442019,2022,postseason,1,2022-12-31 01:00:00+00:00,228,Clemson,2633,Tennessee,4,-4.0,-4.0,-4.0,-4.5,-3.5,1.0,0.408248290463863,1,-4.5,-4.5,-4.5,-4.5,-4.5,0.0,0.0,4,61.5,61.5,61.5,61.0,62.0,1.0,0.5773502691896257,1,64.0,64.0,64.0,64.0,64.0,0.0,0.0
401442030,2022,postseason,1,2022-12-28 22:30:00+00:00,8,Arkansas,2305,Kansas,4,-1.5,-1.375,-1.5,-1.5,-1.0,0.5,0.25,1,-5.0,-5.0,-5.0,-5.0,-5.0,0.0,0.0,4,70.5,70.375,70.5,70.0,70.5,0.5,0.25,1,67.5,67.5,67.5,67.5,67.5,0.0,0.0
401442031,2022,postseason,1,2022-12-29 02:00:00+00:00,145,Ole Miss,2641,Texas Tech,4,-4.25,-4.25,-4.25,-4.5,-4.0,0.5,0.28867513459481287,1,-4.0,-4.0,-4.0,-4.0,-4.0,0.0,0.0,4,72.5,72.5,72.5,72.0,73.0,1.0,0.408248290463863,1,65.5,65.5,65.5,65.5,65.5,0.0,0.0
401442032,2022,postseason,1,2022-12-29 19:00:00+00:00,135,Minnesota,183,Syracuse,4,-10.5,-10.625,-10.5,-11.0,-10.5,0.5,0.25,1,-7.0,-7.0,-7.0,-7.0,-7.0,0.0,0.0,4,44.75,44.875,44.75,44.5,45.5,1.0,0.47871355387816905,1,42.0,42.0,42.0,42.0,42.0,0.0,0.0
401442033,2022,postseason,1,2022-12-29 22:30:00+00:00,52,Florida State,201,Oklahoma,4,-10.5,-10.375,-10.5,-10.5,-10.0,0.5,0.25,1,-8.0,-8.0,-8.0,-8.0,-8.0,0.0,0.0,4,66.75,66.75,66.75,66.5,67.0,0.5,0.28867513459481287,1,62.0,62.0,62.0,62.0,62.0,0.0,0.0
401442034,2022,postseason,1,2022-12-30 02:00:00+00:00,264,Washington,251,Texas,4,3.0,3.125,3.0,3.0,3.5,0.5,0.25,1,6.0,6.0,6.0,6.0,6.0,0.0,0.0,4,67.0,67.125,67.0,67.0,67.5,0.5,0.25,1,68.5,68.5,68.5,68.5,68.5,0.0,0.0
401442035,2022,postseason,1,2022-12-30 17:00:00+00:00,152,NC State,120,Maryland,4,-2.0,-2.125,-2.0,-2.5,-2.0,0.5,0.25,1,1.0,1.0,1.0,1.0,1.0,0.0,0.0,4,45.25,45.25,45.25,45.0,45.5,0.5,0.28867513459481287,1,46.0,46.0,46.0,46.0,46.0,0.0,0.0
401442036,2022,postseason,1,2022-12-30 20:30:00+00:00,2579,South Carolina,87,Notre Dame,4,5.0,5.125,5.0,5.0,5.5,0.5,0.25,1,3.0,3.0,3.0,3.0,3.0,0.0,0.0,4,50.5,50.5,50.5,50.5,50.5,0.0,0.0,1,51.5,51.5,51.5,51.5,51.5,0.0,0.0
401442037,2022,postseason,1,2022-12-26 19:30:00+00:00,189,Bowling Green,166,New Mexico State,4,-3.25,-3.25,-3.25,-3.5,-3.0,0.5,0.28867513459481287,1,1.0,1.0,1.0,1.0,1.0,0.0,0.0,4,50.5,50.5,50.5,50.0,51.0,1.0,0.408248290463863,1,49.5,49.5,49.5,49.5,49.5,0.0,0.0
401442038,2022,postseason,1,2022-12-17 20:30:00+00:00,278,Fresno State,265,Washington State,4,-5.5,-5.5,-5.5,-5.5,-5.5,0.0,0.0,1,-4.5,-4.5,-4.5,-4.5,-4.5,0.0,0.0,4,54.0,53.875,54.0,53.5,54.0,0.5,0.25,1,54.0,54.0,54.0,54.0,54.0,0.0,0.0
401442039,2022,postseason,1,2022-12-22 02:00:00+00:00,6,South Alabama,98,Western Kentucky,4,-3.75,-3.75,-3.75,-4.0,-3.5,0.5,0.28867513459481287,1,-5.0,-5.0,-5.0,-5.0,-5.0,0.0,0.0,4,58.0,57.875,58.0,57.5,58.0,0.5,0.25,1,60.5,60.5,60.5,60.5,60.5,0.0,0.0
401442040,2022,postseason,1,2022-12-23 00:30:00+00:00,2005,Air Force,239,Baylor,4,3.5,3.375,3.5,3.0,3.5,0.5,0.25,1,6.5,6.5,6.5,6.5,6.5,0.0,0.0,4,42.25,42.375,42.25,42.0,43.0,1.0,0.47871355387816905,1,47.0,47.0,47.0,47.0,47.0,0.0,0.0
401442041,2022,postseason,1,2022-12-17 22:45:00+00:00,2572,Southern Miss,242,Rice,4,-6.5,-6.625,-6.5,-7.0,-6.5,0.5,0.25,1,-6.0,-6.0,-6.0,-6.0,-6.0,0.0,0.0,4,45.5,45.75,45.5,45.5,46.5,1.0,0.5,1,48.0,48.0,48.0,48.0,48.0,0.0,0.0
401442042,2022,postseason,1,2022-12-23 20:00:00+00:00,248,Houston,309,Louisiana,4,-5.25,-5.25,-5.25,-5.5,-5.0,0.5,0.28867513459481287,1,-6.5,-6.5,-6.5,-6.5,-6.5,0.0,0.0,4,56.5,56.5,56.5,56.5,56.5,0.0,0.0,1,60.5,60.5,60.5,60.5,60.5,0.0,0.0
401443323,2022,regular,11,2022-11-12 17:00:00+00:00,107,Holy Cross,2803,Bryant,2,-21.0,-21.0,-21.0,-21.5,-20.5,1.0,0.7071067811865476,0,,,,,,,,2,63.5,63.5,63.5,63.5,63.5,0.0,0.0,0,,,,,,,
401443542,2022,postseason,1,2022-12-30 19:00:00+00:00,26,UCLA,221,Pittsburgh,4,-8.5,-8.625,-8.5,-9.0,-8.5,0.5,0.25,1,-4.0,-4.0,-4.0,-4.0,-4.0,0.0,0.0,4,54.5,54.625,54.5,54.5,55.0,0.5,0.25,1,60.5,60.5,60.5,60.5,60.5,0.0,0.0
401443543,2022,postseason,1,2022-12-30 21:30:00+00:00,2751,Wyoming,195,Ohio,4,3.0,3.0,3.0,3.0,3.0,0.0,0.0,1,0.0,0.0,0.0,0.0,0.0,0.0,0.0,4,43.0,43.0,43.0,43.0,43.0,0.0,0.0,1,42.5,42.5,42.5,42.5,42.5,0.0,0.0
401445817,2022,postseason,1,2023-01-08 19:00:00+00:00,2571,South Dakota State,2449,North Dakota State,2,-5.25,-5.25,-5.25,-5.5,-5.0,0.5,0.3535533905932738,1,-4.0,-4.0,-4.0,-4.0,-4.0,0.0,0.0,2,47.0,47.0,47.0,47.0,47.0,0.0,0.0,1,47.5,47.5,47.5,47.5,47.5,0.0,0.0
401455633,2022,regular,7,2022-10-14 23:00:00+00:00,163,Princeton,225,Brown,2,-22.0,-22.0,-22.0,-22.5,-21.5,1.0,0.7071067811865476,0,,,,,,,,2,54.5,54.5,54.5,54.5,54.5,0.0,0.0,0,,,,,,,
401462216,2022,regular,5,2022-10-01 20:00:00+00:00,2320,Lamar,2277,Houston Christian,2,-1.5,-1.5,-1.5,-1.5,-1.5,0.0,0.0,0,,,,,,,,2,54.5,54.5,54.5,54.5,54.5,0.0,0.0,0,,,,,,,
401462217,2022,regular,5,2022-10-01 23:00:00+00:00,2916,Incarnate Word,2377,McNeese,2,-24.5,-24.5,-24.5,-24.5,-24.5,0.0,0.0,0,,,,,,,,2,70.5,70.5,70.5,70.5,70.5,0.0,0.0,0,,,,,,,
401462218,2022,regular,5,2022-10-01 20:30:00+00:00,2466,Northwestern State,2447,Nicholls,2,8.0,8.0,8.0,8.0,8.0,0.0,0.0,0,,,,,,,,2,63.5,63.5,63.5,63.5,63.5,0.0,0.0,0,,,,,,,
401462219,2022,regular,6,2022-10-08 23:00:00+00:00,2277,Houston Christian,2447,Nicholls,2,7.0,7.0,7.0,7.0,7.0,0.0,0.0,0,,,,,,,,2,61.5,61.5,61.5,61.5,61.5,0.0,0.0,0,,,,,,,
401462221,2022,regular,7,2022-10-15 23:00:00+00:00,2277,Houston Christian,2466,Northwestern State,1,-2.5,-2.5,-2.5,-2.5,-2.5,0.0,0.0,0,,,,,,,,1,65.0,65.0,65.0,65.0,65.0,0.0,0.0,0,,,,,,,
401462224,2022,regular,8,2022-10-22 20:00:00+00:00,2447,Nicholls,2377,McNeese,2,-2.5,-2.5,-2.5,-2.5,-2.5,0.0,0.0,0,,,,,,,,2,54.5,54.5,54.5,54.5,54.5,0.0,0.0,0,,,,,,,
401462225,2022,regular,9,2022-10-30 00:00:00+00:00,2377,McNeese,2545,SE Louisiana,2,18.0,18.0,18.0,18.0,18.0,0.0,0.0,0,,,,,,,,2,60.75,60.75,60.75,60.5,61.0,0.5,0.3535533905932738,0,,,,,,,
401462226,2022,regular,10,2022-11-05 19:00:00+00:00,2916,Incarnate Word,2277,Houston Christian,2,-38.75,-38.75,-38.75,-39.0,-38.5,0.5,0.3535533905932738,0,,,,,,,,2,65.0,65.0,65.0,65.0,65.0,0.0,0.0,0,,,,,,,
401462228,2022,regular,10,2022-11-05 20:00:00+00:00,2320,Lamar,2545,SE Louisiana,2,24.5,24.5,24.5,24.5,24.5,0.0,0.0,0,,,,,,,,2,60.5,60.5,60.5,60.5,60.5,0.0,0.0,0,,,,,,,
401462513,2022,regular,4,2022-09-24 20:30:00+00:00,2466,Northwestern State,2320,Lamar,1,2.0,2.0,2.0,2.0,2.0,0.0,0.0,0,,,,,,,,1,52.5,52.5,52.5,52.5,52.5,0.0,0.0,0,,,,,,,
401462517,2022,regular,6,2022-10-08 23:00:00+00:00,2617,Stephen F. Austin,2000,Abilene Christian,2,-3.75,-3.75,-3.75,-4.0,-3.5,0.5,0.3535533905932738,0,,,,,,,,2,48.5,48.5,48.5,48.5,48.5,0.0,0.0,0,,,,,,,
401462518,2022,regular,9,2022-10-30 00:00:00+00:00,2627,Tarleton State,2534,Sam Houston,2,7.5,7.5,7.5,7.5,7.5,0.0,0.0,0,,,,,,,,2,46.25,46.25,46.25,46.0,46.5,0.5,0.3535533905932738,0,,,,,,,
401462519,2022,regular,10,2022-11-06 00:00:00+00:00,2627,Tarleton State,2000,Abilene Christian,2,4.0,4.0,4.0,4.0,4.0,0.0,0.0,0,,,,,,,,2,53.5,53.5,53.5,53.5,53.5,0.0,0.0,0,,,,,,,
401462531,2022,regular,11,2022-11-12 22:00:00+00:00,2545,SE Louisiana,2466,Northwestern State,1,-24.0,-24.0,-24.0,-24.0,-24.0,0.0,0.0,0,,,,,,,,1,66.5,66.5,66.5,66.5,66.5,0.0,0.0,0,,,,,,,
401462532,2022,regular,12,2022-11-18 00:00:00+00:00,2447,Nicholls,2545,SE Louisiana,2,13.5,13.5,13.5,13.5,13.5,0.0,0.0,0,,,,,,,,2,57.5,57.5,57.5,57.5,57.5,0.0,0.0,0,,,,,,,
401470891,2022,postseason,1,2022-12-29 01:00:00+00:00,153,North Carolina,2483,Oregon,4,13.0,13.0,13.0,13.0,13.0,0.0,0.0,1,10.5,10.5,10.5,10.5,10.5,0.0,0.0,4,76.0,76.0,76.0,76.0,76.0,0.0,0.0,1,74.0,74.0,74.0,74.0,74.0,0.0,0.0
401505430,2022,regular,13,2022-11-26 19:00:00+00:00,48,Delaware,2598,St. Francis (PA),2,-7.0,-7.0,-7.0,-7.0,-7.0,0.0,0.0,0,,,,,,,,2,47.5,47.5,47.5,47.5,47.5,0.0,0.0,0,,,,,,,
401505431,2022,regular,13,2022-11-26 19:00:00+00:00,160,New Hampshire,2230,Fordham,2,0.5,0.5,0.5,0.0,1.0,1.0,0.7071067811865476,0,,,,,,,,2,76.5,76.5,76.5,76.5,76.5,0.0,0.0,0,,,,,,,
401505432,2022,regular,13,2022-11-26 22:00:00+00:00,2198,Eastern Kentucky,2241,Gardner-Webb,2,-3.5,-3.5,-3.5,-3.5,-3.5,0.0,0.0,0,,,,,,,,2,65.0,65.0,65.0,65.0,65.0,0.0,0.0,0,,,,,,,
401505433,2022,regular,13,2022-11-26 21:00:00+00:00,2692,Weber State,155,North Dakota,1,-11.0,-11.0,-11.0,-11.0,-11.0,0.0,0.0,0,,,,,,,,1,57.5,57.5,57.5,57.5,57.5,0.0,0.0,0,,,,,,,
401505434,2022,regular,13,2022-11-27 03:00:00+00:00,149,Montana,2546,Southeast Missouri State,2,-13.0,-13.0,-13.0,-13.0,-13.0,0.0,0.0,0,,,,,,,,2,56.0,56.0,56.0,56.0,56.0,0.0,0.0,0,,,,,,,
401505435,2022,regular,13,2022-11-27 00:00:00+00:00,2545,SE Louisiana,70,Idaho,2,4.0,4.0,4.0,4.0,4.0,0.0,0.0,0,,,,,,,,2,61.5,61.5,61.5,61.5,61.5,0.0,0.0,0,,,,,,,
401505436,2022,regular,13,2022-11-26 17:00:00+00:00,231,Furman,2210,Elon,2,-4.5,-4.5,-4.5,-4.5,-4.5,0.0,0.0,0,,,,,,,,2,48.0,48.0,48.0,48.0,48.0,0.0,0.0,0,,,,,,,
401505437,2022,regular,13,2022-11-26 19:00:00+00:00,257,Richmond,2166,Davidson,2,-22.0,-22.0,-22.0,-22.0,-22.0,0.0,0.0,0,,,,,,,,2,56.5,56.5,56.5,56.5,56.5,0.0,0.0,0,,,,,,,
401506450,2022,regular,14,2022-12-02 18:00:00+00:00,2084,Buffalo,2006,Akron,4,-12.0,-12.0,-12.0,-12.0,-12.0,0.0,0.0,1,-14.5,-14.5,-14.5,-14.5,-14.5,0.0,0.0,4,55.0,54.875,55.0,54.5,55.0,0.5,0.25,1,57.5,57.5,57.5,57.5,57.5,0.0,0.0
401506571,2022,regular,14,2022-12-03 19:00:00+00:00,2916,Incarnate Word,231,Furman,1,-9.5,-9.5,-9.5,-9.5,-9.5,0.0,0.0,0,,,,,,,,1,64.5,64.5,64.5,64.5,64.5,0.0,0.0,0,,,,,,,
401506577,2022,regular,14,2022-12-03 22:00:00+00:00,16,Sacramento State,257,Richmond,1,-14.5,-14.5,-14.5,-14.5,-14.5,0.0,0.0,0,,,,,,,,1,54.0,54.0,54.0,54.0,54.0,0.0,0.0,0,,,,,,,
401506578,2022,regular,14,2022-12-03 20:00:00+00:00,2571,South Dakota State,48,Delaware,1,-17.0,-17.0,-17.0,-17.0,-17.0,0.0,0.0,0,,,,,,,,1,47.5,47.5,47.5,47.5,47.5,0.0,0.0,0,,,,,,,
401506610,2022,regular,14,2022-12-03 17:00:00+00:00,107,Holy Cross,160,New Hampshire,1,-7.0,-7.0,-7.0,-7.0,-7.0,0.0,0.0,0,,,,,,,,1,55.5,55.5,55.5,55.5,55.5,0.0,0.0,0,,,,,,,
401506611,2022,regular,14,2022-12-03 20:00:00+00:00,147,Montana State,2692,Weber State,1,-6.5,-6.5,-6.5,-6.5,-6.5,0.0,0.0,0,,,,,,,,1,62.5,62.5,62.5,62.5,62.5,0.0,0.0,0,,,,,,,
401506630,2022,regular,14,2022-12-03 19:00:00+00:00,2729,William & Mary,2241,Gardner-Webb,1,-10.0,-10.0,-10.0,-10.0,-10.0,0.0,0.0,0,,,,,,,,1,61.5,61.5,61.5,61.5,61.5,0.0,0.0,0,,,,,,,
401506655,2022,regular,14,2022-12-03 20:00:00+00:00,2535,Samford,2545,SE Louisiana,1,-7.0,-7.0,-7.0,-7.0,-7.0,0.0,0.0,0,,,,,,,,1,65.5,65.5,65.5,65.5,65.5,0.0,0.0,0,,,,,,,
401506690,2022,regular,14,2022-12-03 20:30:00+00:00,2449,North Dakota State,149,Montana,1,-9.0,-9.0,-9.0,-9.0,-9.0,0.0,0.0,0,,,,,,,,1,52.0,52.0,52.0,52.0,52.0,0.0,0.0,0,,,,,,,
401507088,2022,regular,14,2022-12-03 20:00:00+00:00,166,New Mexico State,2674,Valparaiso,1,-31.5,-31.5,-31.5,-31.5,-31.5,0.0,0.0,0,,,,,,,,1,55.0,55.0,55.0,55.0,55.0,0.0,0.0,0,,,,,,,
401507650,2022,regular,15,2022-12-10 00:00:00+00:00,2449,North Dakota State,2535,Samford,2,-19.25,-19.25,-19.25,-19.5,-19.0,0.5,0.3535533905932738,1,-17.0,-17.0,-17.0,-17.0,-17.0,0.0,0.0,2,63.25,63.25,63.25,62.5,64.0,1.5,1.0606601717798212,1,62.5,62.5,62.5,62.5,62.5,0.0,0.0
401507651,2022,regular,15,2022-12-10 17:00:00+00:00,2571,South Dakota State,107,Holy Cross,2,-19.0,-19.0,-19.0,-19.0,-19.0,0.0,0.0,1,-17.5,-17.5,-17.5,-17.5,-17.5,0.0,0.0,2,53.0,53.0,53.0,52.0,54.0,2.0,1.4142135623730951,1,54.0,54.0,54.0,54.0,54.0,0.0,0.0
401507652,2022,regular,15,2022-12-10 03:30:00+00:00,16,Sacramento State,2916,Incarnate Word,2,-6.25,-6.25,-6.25,-6.5,-6.0,0.5,0.3535533905932738,1,-7.0,-7.0,-7.0,-7.0,-7.0,0.0,0.0,2,77.75,77.75,77.75,77.5,78.0,0.5,0.3535533905932738,1,77.5,77.5,77.5,77.5,77.5,0.0,0.0
401507670,2022,regular,15,2022-12-10 03:15:00+00:00,147,Montana State,2729,William & Mary,2,-9.25,-9.25,-9.25,-9.5,-9.0,0.5,0.3535533905932738,1,-8.0,-8.0,-8.0,-8.0,-8.0,0.0,0.0,2,64.75,64.75,64.75,64.5,65.0,0.5,0.3535533905932738,1,65.0,65.0,65.0,65.0,65.0,0.0,0.0
401508850,2022,postseason,1,2022-12-17 00:00:00+00:00,2449,North Dakota State,2916,Incarnate Word,1,-7.5,-7.5,-7.5,-7.5,-7.5,0.0,0.0,0,,,,,,,,1,70.0,70.0,70.0,70.0,70.0,0.0,0.0,0,,,,,,,
401508851,2022,postseason,1,2022-12-17 21:00:00+00:00,2571,South Dakota State,147,Montana State,2,-4.0,-4.0,-4.0,-4.0,-4.0,0.0,0.0,1,-5.0,-5.0,-5.0,-5.0,-5.0,0.0,0.0,2,56.75,56.75,56.75,56.5,57.0,0.5,0.3535533905932738,1,57.5,57.5,57.5,57.5,57.5,0.0,0.0
