game_id,season,season_type,week,start_date,home_team_id,home_team,away_team_id,away_team,spread_provider_count,consensus_spread,spread_mean,spread_median,spread_min,spread_max,spread_range,spread_stddev,spread_open_provider_count,consensus_spread_open,spread_open_mean,spread_open_median,spread_open_min,spread_open_max,spread_open_range,spread_open_stddev,total_provider_count,consensus_total,total_mean,total_median,total_min,total_max,total_range,total_stddev,total_open_provider_count,consensus_total_open,total_open_mean,total_open_median,total_open_min,total_open_max,total_open_range,total_open_stddev
401752665,2025,regular,1,2025-08-30 19:30:00+00:00,52,Florida State,333,Alabama,3,13.5,13.5,13.5,13.5,13.5,0.0,0.0,3,13.5,12.166666666666666,13.5,9.5,13.5,4.0,2.309401076758503,3,47.0,48.0,47.0,46.5,50.5,4.0,2.179449471770337,3,50.5,50.5,50.5,50.5,50.5,0.0,0.0
401752666,2025,regular,1,2025-08-30 20:15:00+00:00,8,Arkansas,2010,Alabama A&M,2,-47.0,-47.0,-47.0,-48.5,-45.5,3.0,2.1213203435596424,2,-46.5,-46.5,-46.5,-46.5,-46.5,0.0,0.0,2,63.75,63.75,63.75,62.5,65.0,2.5,1.7677669529663689,2,62.5,62.5,62.5,62.5,62.5,0.0,0.0
401752667,2025,regular,1,2025-08-30 00:00:00+00:00,239,Baylor,2,Auburn,3,1.0,0.3333333333333333,1.0,-1.5,1.5,3.0,1.6072751268321592,3,1.5,1.3333333333333333,1.5,1.0,1.5,0.5,0.28867513459481287,3,56.5,56.833333333333336,56.5,56.5,57.5,1.0,0.5773502691896257,3,57.5,57.166666666666664,57.5,56.5,57.5,1.0,0.5773502691896257
401752668,2025,regular,1,2025-08-30 23:00:00+00:00,57,Florida,2341,Long Island University,2,-46.75,-46.75,-46.75,-47.0,-46.5,0.5,0.3535533905932738,2,-45.5,-45.5,-45.5,-45.5,-45.5,0.0,0.0,2,56.5,56.5,56.5,56.5,56.5,0.0,0.0,2,56.5,56.5,56.5,56.5,56.5,0.0,0.0
401752669,2025,regular,1,2025-08-30 19:30:00+00:00,61,Georgia,276,Marshall,3,-38.5,-38.833333333333336,-38.5,-39.5,-38.5,1.0,0.5773502691896257,3,-39.5,-39.166666666666664,-39.5,-39.5,-38.5,1.0,0.5773502691896257,3,51.5,52.833333333333336,51.5,51.5,55.5,4.0,2.309401076758503,3,55.5,55.5,55.5,55.5,55.5,0.0,0.0
401752670,2025,regular,1,2025-08-30 16:45:00+00:00,96,Kentucky,2649,Toledo,3,-10.0,-9.833333333333334,-10.0,-10.0,-9.5,0.5,0.28867513459481287,3,-10.0,-10.666666666666666,-10.0,-12.5,-9.5,3.0,1.6072751268321592,3,48.5,48.666666666666664,48.5,48.5,49.0,0.5,0.28867513459481287,3,48.5,48.5,48.5,48.5,48.5,0.0,0.0
401752671,2025,regular,1,2025-08-30 23:30:00+00:00,228,Clemson,99,LSU,3,-5.5,-4.833333333333333,-5.5,-5.5,-3.5,2.0,1.1547005383792515,3,-3.5,-3.1666666666666665,-3.5,-3.5,-2.5,1.0,0.5773502691896257,3,55.5,56.166666666666664,55.5,55.5,57.5,2.0,1.1547005383792515,3,57.5,57.166666666666664,57.5,56.5,57.5,1.0,0.5773502691896257
401752672,2025,regular,1,2025-08-30 23:45:00+00:00,145,Ole Miss,2247,Georgia State,3,-33.5,-35.166666666666664,-33.5,-38.5,-33.5,5.0,2.8867513459481287,3,-38.5,-37.5,-38.5,-38.5,-35.5,3.0,1.7320508075688772,3,61.5,61.666666666666664,61.5,61.0,62.5,1.5,0.7637626158259734,3,62.5,62.5,62.5,62.5,62.5,0.0,0.0
401752673,2025,regular,1,2025-08-30 16:00:00+00:00,2572,Southern Miss,344,Mississippi State,3,14.5,13.833333333333334,14.5,11.5,15.5,4.0,2.0816659994661326,3,12.5,13.166666666666666,12.5,11.5,15.5,4.0,2.0816659994661326,3,59.5,59.666666666666664,59.5,59.5,60.0,0.5,0.28867513459481287,3,59.5,58.833333333333336,59.5,57.5,59.5,2.0,1.1547005383792515
401752674,2025,regular,1,2025-08-28 23:30:00+00:00,142,Missouri,2110,Central Arkansas,2,-39.0,-39.0,-39.0,-39.5,-38.5,1.0,0.7071067811865476,2,-38.5,-38.5,-38.5,-40.5,-36.5,4.0,2.8284271247461903,2,53.0,53.0,53.0,52.5,53.5,1.0,0.7071067811865476,2,52.0,52.0,52.0,51.5,52.5,1.0,0.7071067811865476
401752675,2025,regular,1,2025-08-30 22:00:00+00:00,201,Oklahoma,2287,Illinois State,2,-39.0,-39.0,-39.0,-39.5,-38.5,1.0,0.7071067811865476,2,-35.5,-35.5,-35.5,-35.5,-35.5,0.0,0.0,2,60.75,60.75,60.75,60.5,61.0,0.5,0.3535533905932738,2,61.0,61.0,61.0,60.5,61.5,1.0,0.7071067811865476
401752676,2025,regular,1,2025-08-30 16:00:00+00:00,2633,Tennessee,183,Syracuse,3,-13.5,-13.5,-13.5,-13.5,-13.5,0.0,0.0,3,-14.0,-14.0,-14.0,-14.5,-13.5,1.0,0.5,3,51.5,52.166666666666664,51.5,51.5,53.5,2.0,1.1547005383792515,3,53.5,54.5,53.5,53.5,56.5,3.0,1.7320508075688772
401752677,2025,regular,1,2025-08-30 16:00:00+00:00,194,Ohio State,251,Texas,3,-2.0,-2.1666666666666665,-2.0,-3.0,-1.5,1.5,0.7637626158259734,3,-3.0,-2.8333333333333335,-3.0,-3.0,-2.5,0.5,0.28867513459481287,3,46.5,46.833333333333336,46.5,46.5,47.5,1.0,0.5773502691896257,2,49.5,49.5,49.5,48.5,50.5,2.0,1.4142135623730951
401752678,2025,regular,1,2025-08-30 23:00:00+00:00,245,Texas A&M,2636,UTSA,3,-23.5,-23.0,-23.5,-24.0,-21.5,2.5,1.3228756555322954,3,-21.5,-21.333333333333332,-21.5,-21.5,-21.0,0.5,0.28867513459481287,3,58.5,58.166666666666664,58.5,56.5,59.5,3.0,1.5275252316519468,2,56.5,56.5,56.5,56.5,56.5,0.0,0.0
401752679,2025,regular,1,2025-08-30 23:00:00+00:00,238,Vanderbilt,2127,Charleston Southern,2,-38.0,-38.0,-38.0,-38.5,-37.5,1.0,0.7071067811865476,2,-36.75,-36.75,-36.75,-37.5,-36.0,1.5,1.0606601717798212,2,50.0,50.0,50.0,49.5,50.5,1.0,0.7071067811865476,2,48.5,48.5,48.5,48.5,48.5,0.0,0.0
401752680,2025,regular,1,2025-08-31 19:00:00+00:00,2579,South Carolina,259,Virginia Tech,3,-7.5,-7.666666666666667,-7.5,-8.5,-7.0,1.5,0.7637626158259734,3,-8.5,-9.0,-8.5,-10.5,-8.0,2.5,1.3228756555322954,3,51.5,50.666666666666664,51.5,48.5,52.0,3.5,1.8929694486000912,3,47.5,47.166666666666664,47.5,45.5,48.5,3.0,1.5275252316519468
401752681,2025,regular,2,2025-09-06 23:45:00+00:00,333,Alabama,2433,UL Monroe,2,-34.25,-34.25,-34.25,-34.5,-34.0,0.5,0.3535533905932738,2,-37.0,-37.0,-37.0,-37.5,-36.5,1.0,0.7071067811865476,2,50.25,50.25,50.25,50.0,50.5,0.5,0.3535533905932738,2,50.75,50.75,50.75,50.0,51.5,1.5,1.0606601717798212
401752682,2025,regular,2,2025-09-06 21:00:00+00:00,8,Arkansas,2032,Arkansas State,2,-24.0,-24.0,-24.0,-24.5,-23.5,1.0,0.7071067811865476,2,-22.5,-22.5,-22.5,-23.5,-21.5,2.0,1.4142135623730951,2,61.75,61.75,61.75,61.5,62.0,0.5,0.3535533905932738,2,64.0,64.0,64.0,63.5,64.5,1.0,0.7071067811865476
401752683,2025,regular,2,2025-09-06 23:30:00+00:00,2,Auburn,2050,Ball State,2,-42.75,-42.75,-42.75,-43.0,-42.5,0.5,0.3535533905932738,2,-43.0,-43.0,-43.0,-43.5,-42.5,1.0,0.7071067811865476,2,52.5,52.5,52.5,52.5,52.5,0.0,0.0,2,55.0,55.0,55.0,54.5,55.5,1.0,0.7071067811865476
401752684,2025,regular,2,2025-09-06 20:15:00+00:00,57,Florida,58,South Florida,2,-18.5,-18.5,-18.5,-18.5,-18.5,0.0,0.0,2,-17.25,-17.25,-17.25,-18.0,-16.5,1.5,1.0606601717798212,2,58.25,58.25,58.25,58.0,58.5,0.5,0.3535533905932738,2,54.75,54.75,54.75,54.5,55.0,0.5,0.3535533905932738
401752685,2025,regular,2,2025-09-06 19:30:00+00:00,61,Georgia,2046,Austin Peay,2,-46.75,-46.75,-46.75,-47.0,-46.5,0.5,0.3535533905932738,2,-48.25,-48.25,-48.25,-48.5,-48.0,0.5,0.3535533905932738,2,56.0,56.0,56.0,55.5,56.5,1.0,0.7071067811865476,2,55.5,55.5,55.5,55.5,55.5,0.0,0.0
401752686,2025,regular,2,2025-09-06 19:30:00+00:00,96,Kentucky,145,Ole Miss,2,7.75,7.75,7.75,7.5,8.0,0.5,0.3535533905932738,2,9.0,9.0,9.0,8.5,9.5,1.0,0.7071067811865476,2,51.5,51.5,51.5,51.5,51.5,0.0,0.0,2,52.0,52.0,52.0,51.5,52.5,1.0,0.7071067811865476
401752687,2025,regular,2,2025-09-06 23:30:00+00:00,99,LSU,2348,Louisiana Tech,2,-36.5,-36.5,-36.5,-36.5,-36.5,0.0,0.0,2,-35.25,-35.25,-35.25,-38.0,-32.5,5.5,3.8890872965260113,2,49.5,49.5,49.5,49.5,49.5,0.0,0.0,2,52.5,52.5,52.5,52.5,52.5,0.0,0.0
401752688,2025,regular,2,2025-09-06 23:30:00+00:00,344,Mississippi State,9,Arizona State,2,5.75,5.75,5.75,5.5,6.0,0.5,0.3535533905932738,2,6.75,6.75,6.75,6.5,7.0,0.5,0.3535533905932738,2,58.5,58.5,58.5,58.5,58.5,0.0,0.0,2,59.25,59.25,59.25,59.0,59.5,0.5,0.3535533905932738
401752689,2025,regular,2,2025-09-06 19:30:00+00:00,142,Missouri,2305,Kansas,3,-6.5,-6.333333333333333,-6.5,-7.0,-5.5,1.5,0.7637626158259734,3,-6.5,-6.666666666666667,-6.5,-7.0,-6.5,0.5,0.28867513459481287,2,50.25,50.25,50.25,49.5,51.0,1.5,1.0606601717798212,2,53.0,53.0,53.0,51.5,54.5,3.0,2.1213203435596424
401752690,2025,regular,2,2025-09-06 23:30:00+00:00,201,Oklahoma,130,Michigan,3,-3.5,-3.5,-3.5,-4.0,-3.0,1.0,0.5,3,-3.0,-3.6666666666666665,-3.0,-5.5,-2.5,3.0,1.6072751268321592,3,44.5,45.333333333333336,44.5,44.0,47.5,3.5,1.8929694486000912,3,47.5,47.333333333333336,47.5,46.5,48.0,1.5,0.7637626158259734
401752691,2025,regular,2,2025-09-06 23:00:00+00:00,2579,South Carolina,2569,South Carolina State,2,-42.75,-42.75,-42.75,-43.0,-42.5,0.5,0.3535533905932738,2,-42.25,-42.25,-42.25,-42.5,-42.0,0.5,0.3535533905932738,2,54.25,54.25,54.25,54.0,54.5,0.5,0.3535533905932738,2,52.5,52.5,52.5,52.5,52.5,0.0,0.0
401752692,2025,regular,2,2025-09-06 19:30:00+00:00,2633,Tennessee,2193,East Tennessee State,2,-40.0,-40.0,-40.0,-40.5,-39.5,1.0,0.7071067811865476,2,-41.0,-41.0,-41.0,-41.0,-41.0,0.0,0.0,2,58.5,58.5,58.5,58.5,58.5,0.0,0.0,2,56.5,56.5,56.5,56.5,56.5,0.0,0.0
401752693,2025,regular,2,2025-09-06 16:00:00+00:00,251,Texas,23,San José State,2,-36.75,-36.75,-36.75,-37.0,-36.5,0.5,0.3535533905932738,2,-35.75,-35.75,-35.75,-36.0,-35.5,0.5,0.3535533905932738,2,52.5,52.5,52.5,52.5,52.5,0.0,0.0,2,51.25,51.25,51.25,51.0,51.5,0.5,0.3535533905932738
401752694,2025,regular,2,2025-09-06 16:45:00+00:00,245,Texas A&M,328,Utah State,2,-34.5,-34.5,-34.5,-34.5,-34.5,0.0,0.0,2,-30.0,-30.0,-30.0,-30.5,-29.5,1.0,0.7071067811865476,2,57.5,57.5,57.5,57.5,57.5,0.0,0.0,2,56.0,56.0,56.0,55.5,56.5,1.0,0.7071067811865476
401752695,2025,regular,2,2025-09-06 23:30:00+00:00,259,Virginia Tech,238,Vanderbilt,2,-2.0,-2.0,-2.0,-2.5,-1.5,1.0,0.7071067811865476,2,-1.25,-1.25,-1.25,-1.5,-1.0,0.5,0.3535533905932738,2,45.5,45.5,45.5,44.5,46.5,2.0,1.4142135623730951,2,47.5,47.5,47.5,47.5,47.5,0.0,0.0
401752696,2025,regular,3,2025-09-13 16:00:00+00:00,333,Alabama,275,Wisconsin,3,-18.5,-18.5,-18.5,-19.5,-17.5,2.0,1.0,2,-21.25,-21.25,-21.25,-22.5,-20.0,2.5,1.7677669529663689,3,45.5,45.333333333333336,45.5,45.0,45.5,0.5,0.28867513459481287,2,46.75,46.75,46.75,46.5,47.0,0.5,0.3535533905932738
401752697,2025,regular,3,2025-09-13 16:45:00+00:00,2,Auburn,6,South Alabama,3,-26.5,-26.333333333333332,-26.5,-26.5,-26.0,0.5,0.28867513459481287,2,-25.75,-25.75,-25.75,-26.0,-25.5,0.5,0.3535533905932738,3,56.0,56.0,56.0,55.5,56.5,1.0,0.5,2,53.5,53.5,53.5,53.5,53.5,0.0,0.0
401752698,2025,regular,3,2025-09-13 23:30:00+00:00,96,Kentucky,2199,Eastern Michigan,3,-26.5,-26.666666666666668,-26.5,-27.0,-26.5,0.5,0.28867513459481287,2,-25.5,-25.5,-25.5,-25.5,-25.5,0.0,0.0,3,49.5,49.833333333333336,49.5,49.5,50.5,1.0,0.5773502691896257,2,47.5,47.5,47.5,46.5,48.5,2.0,1.4142135623730951
401752699,2025,regular,3,2025-09-13 23:30:00+00:00,99,LSU,57,Florida,3,-5.0,-5.0,-5.0,-5.5,-4.5,1.0,0.5,3,-5.5,-6.833333333333333,-5.5,-9.5,-5.5,4.0,2.309401076758503,3,47.5,47.333333333333336,47.5,47.0,47.5,0.5,0.28867513459481287,3,54.5,53.166666666666664,54.5,50.5,54.5,4.0,2.309401076758503
401752700,2025,regular,3,2025-09-13 23:00:00+00:00,145,Ole Miss,8,Arkansas,3,-3.5,-3.8333333333333335,-3.5,-4.5,-3.5,1.0,0.5773502691896257,2,-8.5,-8.5,-8.5,-8.5,-8.5,0.0,0.0,3,60.5,60.5,60.5,60.5,60.5,0.0,0.0,2,62.0,62.0,62.0,60.5,63.5,3.0,2.1213203435596424
401752701,2025,regular,3,2025-09-13 22:00:00+00:00,344,Mississippi State,2016,Alcorn State,2,-42.75,-42.75,-42.75,-43.0,-42.5,0.5,0.3535533905932738,3,-39.5,-40.166666666666664,-39.5,-42.5,-38.5,4.0,2.0816659994661326,3,55.5,55.5,55.5,54.5,56.5,2.0,1.0,2,52.5,52.5,52.5,52.5,52.5,0.0,0.0
401752702,2025,regular,3,2025-09-13 17:00:00+00:00,142,Missouri,309,Louisiana,3,-27.5,-27.5,-27.5,-27.5,-27.5,0.0,0.0,3,-24.5,-24.833333333333332,-24.5,-27.5,-22.5,5.0,2.516611478423583,3,47.5,47.166666666666664,47.5,46.5,47.5,1.0,0.5773502691896257,2,49.25,49.25,49.25,48.0,50.5,2.5,1.7677669529663689
401752703,2025,regular,3,2025-09-13 16:00:00+00:00,218,Temple,201,Oklahoma,3,23.5,23.833333333333332,23.5,23.5,24.5,1.0,0.5773502691896257,2,25.0,25.0,25.0,24.5,25.5,1.0,0.7071067811865476,3,51.0,51.0,51.0,50.5,51.5,1.0,0.5,2,51.5,51.5,51.5,51.5,51.5,0.0,0.0
401752704,2025,regular,3,2025-09-13 23:45:00+00:00,2579,South Carolina,238,Vanderbilt,3,-3.0,-2.8333333333333335,-3.0,-3.0,-2.5,0.5,0.28867513459481287,2,-5.5,-5.5,-5.5,-5.5,-5.5,0.0,0.0,3,48.5,48.5,48.5,48.5,48.5,0.0,0.0,2,47.5,47.5,47.5,47.5,47.5,0.0,0.0
401752705,2025,regular,3,2025-09-13 19:30:00+00:00,2633,Tennessee,61,Georgia,3,3.5,3.5,3.5,3.5,3.5,0.0,0.0,3,7.0,7.0,7.0,6.5,7.5,1.0,0.5,3,50.5,50.5,50.5,50.5,50.5,0.0,0.0,3,50.5,50.5,50.5,50.5,50.5,0.0,0.0
401752706,2025,regular,3,2025-09-13 20:15:00+00:00,251,Texas,2638,UTEP,3,-39.5,-39.833333333333336,-39.5,-40.5,-39.5,1.0,0.5773502691896257,2,-39.0,-39.0,-39.0,-41.5,-36.5,5.0,3.5355339059327378,3,52.5,52.333333333333336,52.5,52.0,52.5,0.5,0.28867513459481287,3,51.0,52.0,51.0,50.5,54.5,4.0,2.179449471770337
401752707,2025,regular,3,2025-09-13 23:30:00+00:00,87,Notre Dame,245,Texas A&M,3,-6.5,-6.833333333333333,-6.5,-7.5,-6.5,1.0,0.5773502691896257,3,-7.0,-6.833333333333333,-7.0,-7.0,-6.5,0.5,0.28867513459481287,3,49.5,49.333333333333336,49.5,48.5,50.0,1.5,0.7637626158259734,3,49.5,49.166666666666664,49.5,48.5,49.5,1.0,0.5773502691896257
401752708,2025,regular,4,2025-09-20 16:00:00+00:00,235,Memphis,8,Arkansas,3,7.0,7.166666666666667,7.0,7.0,7.5,0.5,0.28867513459481287,3,6.5,6.166666666666667,6.5,5.5,6.5,1.0,0.5773502691896257,3,59.5,59.666666666666664,59.5,59.5,60.0,0.5,0.28867513459481287,2,62.5,62.5,62.5,62.5,62.5,0.0,0.0
401752709,2025,regular,4,2025-09-20 23:30:00+00:00,2390,Miami,57,Florida,3,-8.5,-8.5,-8.5,-8.5,-8.5,0.0,0.0,3,-3.5,-5.333333333333333,-3.5,-9.5,-3.0,6.5,3.6170890690351176,3,51.5,51.333333333333336,51.5,51.0,51.5,0.5,0.28867513459481287,2,54.0,54.0,54.0,52.5,55.5,3.0,2.1213203435596424
401752710,2025,regular,4,2025-09-20 23:45:00+00:00,99,LSU,2545,SE Louisiana,2,-48.75,-48.75,-48.75,-49.0,-48.5,0.5,0.3535533905932738,1,-40.5,-40.5,-40.5,-40.5,-40.5,0.0,0.0,2,60.25,60.25,60.25,60.0,60.5,0.5,0.3535533905932738,2,51.5,51.5,51.5,51.5,51.5,0.0,0.0
401752711,2025,regular,4,2025-09-20 19:30:00+00:00,145,Ole Miss,2655,Tulane,3,-12.5,-12.166666666666666,-12.5,-12.5,-11.5,1.0,0.5773502691896257,3,-12.5,-12.833333333333334,-12.5,-13.5,-12.5,1.0,0.5773502691896257,3,61.5,61.5,61.5,61.5,61.5,0.0,0.0,2,61.0,61.0,61.0,60.5,61.5,1.0,0.7071067811865476
401752712,2025,regular,4,2025-09-20 20:15:00+00:00,344,Mississippi State,2459,Northern Illinois,3,-24.0,-24.0,-24.0,-24.5,-23.5,1.0,0.5,3,-22.0,-22.0,-22.0,-22.5,-21.5,1.0,0.5,3,48.5,48.333333333333336,48.5,48.0,48.5,0.5,0.28867513459481287,2,49.25,49.25,49.25,49.0,49.5,0.5,0.3535533905932738
401752713,2025,regular,4,2025-09-20 23:00:00+00:00,142,Missouri,2579,South Carolina,3,-10.0,-10.166666666666666,-10.0,-10.5,-10.0,0.5,0.28867513459481287,3,-11.5,-9.0,-11.5,-12.5,-3.0,9.5,5.220153254455275,3,48.5,48.5,48.5,48.5,48.5,0.0,0.0,2,46.0,46.0,46.0,45.5,46.5,1.0,0.7071067811865476
401752714,2025,regular,4,2025-09-20 19:30:00+00:00,201,Oklahoma,2,Auburn,3,-6.5,-6.5,-6.5,-6.5,-6.5,0.0,0.0,3,-6.0,-5.666666666666667,-6.0,-6.5,-4.5,2.0,1.0408329997330663,3,47.5,47.5,47.5,47.5,47.5,0.0,0.0,2,49.5,49.5,49.5,49.5,49.5,0.0,0.0
401752715,2025,regular,4,2025-09-20 16:45:00+00:00,2633,Tennessee,5,UAB,3,-39.0,-39.0,-39.0,-39.5,-38.5,1.0,0.5,3,-38.0,-39.0,-38.0,-41.5,-37.5,4.0,2.179449471770337,3,68.5,68.83333333333333,68.5,68.5,69.5,1.0,0.5773502691896257,2,67.75,67.75,67.75,67.0,68.5,1.5,1.0606601717798212
401752716,2025,regular,4,2025-09-20 23:30:00+00:00,238,Vanderbilt,2247,Georgia State,3,-27.5,-27.333333333333332,-27.5,-28.0,-26.5,1.5,0.7637626158259734,3,-26.5,-26.666666666666668,-26.5,-27.0,-26.5,0.5,0.28867513459481287,3,53.5,53.166666666666664,53.5,52.5,53.5,1.0,0.5773502691896257,2,53.25,53.25,53.25,53.0,53.5,0.5,0.3535533905932738
401752717,2025,regular,5,2025-09-27 16:00:00+00:00,8,Arkansas,87,Notre Dame,3,5.5,5.333333333333333,5.5,5.0,5.5,0.5,0.28867513459481287,3,6.5,7.666666666666667,6.5,6.0,10.5,4.5,2.4664414311581235,3,63.5,63.5,63.5,62.5,64.5,2.0,1.0,2,61.5,61.5,61.5,58.5,64.5,6.0,4.242640687119285
401752718,2025,regular,5,2025-09-27 23:30:00+00:00,61,Georgia,333,Alabama,3,-2.5,-2.3333333333333335,-2.5,-2.5,-2.0,0.5,0.28867513459481287,3,-4.0,-3.6666666666666665,-4.0,-4.0,-3.0,1.0,0.5773502691896257,3,53.5,53.333333333333336,53.5,52.5,54.0,1.5,0.7637626158259734,2,53.0,53.0,53.0,52.5,53.5,1.0,0.7071067811865476
401752719,2025,regular,5,2025-09-27 19:30:00+00:00,145,Ole Miss,99,LSU,3,-2.5,-2.8333333333333335,-2.5,-3.5,-2.5,1.0,0.5773502691896257,3,2.0,1.0,2.0,-1.5,2.5,4.0,2.179449471770337,3,58.0,58.0,58.0,57.5,58.5,1.0,0.5,2,56.0,56.0,56.0,55.5,56.5,1.0,0.7071067811865476
401752720,2025,regular,5,2025-09-27 20:15:00+00:00,344,Mississippi State,2633,Tennessee,3,7.5,7.5,7.5,7.5,7.5,0.0,0.0,3,9.0,9.166666666666666,9.0,8.5,10.0,1.5,0.7637626158259734,3,63.5,63.5,63.5,63.5,63.5,0.0,0.0,2,62.5,62.5,62.5,62.5,62.5,0.0,0.0
401752721,2025,regular,5,2025-09-27 23:30:00+00:00,142,Missouri,113,Massachusetts,3,-44.5,-44.5,-44.5,-44.5,-44.5,0.0,0.0,3,-42.5,-42.833333333333336,-42.5,-43.5,-42.5,1.0,0.5773502691896257,3,57.0,57.0,57.0,56.5,57.5,1.0,0.5,2,55.25,55.25,55.25,55.0,55.5,0.5,0.3535533905932738
401752722,2025,regular,5,2025-09-27 23:45:00+00:00,2579,South Carolina,96,Kentucky,3,-5.5,-5.666666666666667,-5.5,-6.5,-5.0,1.5,0.7637626158259734,3,-6.5,-6.333333333333333,-6.5,-6.5,-6.0,0.5,0.28867513459481287,3,46.5,46.666666666666664,46.5,46.5,47.0,0.5,0.28867513459481287,2,47.25,47.25,47.25,47.0,47.5,0.5,0.3535533905932738
401752723,2025,regular,4,2025-09-21 00:00:00+00:00,251,Texas,2534,Sam Houston,3,-39.5,-39.5,-39.5,-39.5,-39.5,0.0,0.0,3,-41.5,-41.166666666666664,-41.5,-41.5,-40.5,1.0,0.5773502691896257,3,51.5,51.5,51.5,51.5,51.5,0.0,0.0,2,51.5,51.5,51.5,51.5,51.5,0.0,0.0
401752724,2025,regular,5,2025-09-27 19:30:00+00:00,245,Texas A&M,2,Auburn,3,-6.5,-6.5,-6.5,-6.5,-6.5,0.0,0.0,3,-6.5,-6.666666666666667,-6.5,-7.0,-6.5,0.5,0.28867513459481287,3,51.5,51.5,51.5,51.5,51.5,0.0,0.0,2,49.0,49.0,49.0,46.5,51.5,5.0,3.5355339059327378
401752725,2025,regular,5,2025-09-27 16:45:00+00:00,238,Vanderbilt,328,Utah State,3,-23.5,-23.666666666666668,-23.5,-24.5,-23.0,1.5,0.7637626158259734,3,-22.5,-22.166666666666668,-22.5,-22.5,-21.5,1.0,0.5773502691896257,3,57.5,57.833333333333336,57.5,57.5,58.5,1.0,0.5773502691896257,2,59.5,59.5,59.5,59.5,59.5,0.0,0.0
401752726,2025,regular,6,2025-10-04 19:30:00+00:00,333,Alabama,238,Vanderbilt,3,-13.5,-13.5,-13.5,-13.5,-13.5,0.0,0.0,3,-13.5,-15.5,-13.5,-22.5,-10.5,12.0,6.244997998398398,3,57.5,57.833333333333336,57.5,57.5,58.5,1.0,0.5773502691896257,2,54.0,54.0,54.0,51.5,56.5,5.0,3.5355339059327378
401752727,2025,regular,6,2025-10-04 19:30:00+00:00,57,Florida,251,Texas,3,4.5,4.5,4.5,4.5,4.5,0.0,0.0,3,6.5,6.666666666666667,6.5,6.5,7.0,0.5,0.28867513459481287,3,42.5,42.5,42.5,42.5,42.5,0.0,0.0,2,48.75,48.75,48.75,44.0,53.5,9.5,6.7175144212722016
401752728,2025,regular,6,2025-10-04 16:00:00+00:00,61,Georgia,96,Kentucky,3,-19.5,-19.666666666666668,-19.5,-20.0,-19.5,0.5,0.28867513459481287,2,-20.75,-20.75,-20.75,-21.0,-20.5,0.5,0.3535533905932738,3,49.0,49.0,49.0,48.5,49.5,1.0,0.5,2,49.5,49.5,49.5,48.5,50.5,2.0,1.4142135623730951
401752729,2025,regular,6,2025-10-04 20:00:00+00:00,201,Oklahoma,2309,Kent State,3,-46.5,-46.5,-46.5,-46.5,-46.5,0.0,0.0,3,-45.5,-45.5,-45.5,-45.5,-45.5,0.0,0.0,3,53.5,53.666666666666664,53.5,53.5,54.0,0.5,0.28867513459481287,2,53.5,53.5,53.5,53.5,53.5,0.0,0.0
401752730,2025,regular,6,2025-10-04 23:30:00+00:00,245,Texas A&M,344,Mississippi State,3,-17.5,-17.5,-17.5,-17.5,-17.5,0.0,0.0,3,-14.0,-14.0,-14.0,-14.5,-13.5,1.0,0.5,3,57.5,57.166666666666664,57.5,56.5,57.5,1.0,0.5773502691896257,2,58.25,58.25,58.25,58.0,58.5,0.5,0.3535533905932738
401752731,2025,regular,7,2025-10-11 23:30:00+00:00,2,Auburn,61,Georgia,3,4.5,4.5,4.5,4.5,4.5,0.0,0.0,3,7.0,5.833333333333333,7.0,3.5,7.0,3.5,2.0207259421636903,3,46.5,46.166666666666664,46.5,45.5,46.5,1.0,0.5773502691896257,2,48.5,48.5,48.5,46.5,50.5,4.0,2.8284271247461903
401752732,2025,regular,7,2025-10-11 23:45:00+00:00,99,LSU,2579,South Carolina,3,-8.5,-8.333333333333334,-8.5,-8.5,-8.0,0.5,0.28867513459481287,3,-10.0,-10.0,-10.0,-10.5,-9.5,1.0,0.5,3,44.5,44.5,44.5,44.5,44.5,0.0,0.0,2,44.5,44.5,44.5,44.5,44.5,0.0,0.0
401752733,2025,regular,7,2025-10-11 16:45:00+00:00,145,Ole Miss,265,Washington State,3,-33.0,-33.0,-33.0,-33.5,-32.5,1.0,0.5,3,-32.5,-32.5,-32.5,-32.5,-32.5,0.0,0.0,3,58.5,58.5,58.5,58.5,58.5,0.0,0.0,2,59.25,59.25,59.25,59.0,59.5,0.5,0.3535533905932738
401752734,2025,regular,7,2025-10-11 16:00:00+00:00,142,Missouri,333,Alabama,3,3.0,3.1666666666666665,3.0,3.0,3.5,0.5,0.28867513459481287,3,5.5,5.333333333333333,5.5,4.0,6.5,2.5,1.2583057392117916,3,50.5,51.0,50.5,50.5,52.0,1.5,0.8660254037844386,1,53.5,53.5,53.5,53.5,53.5,0.0,0.0
401752735,2025,regular,7,2025-10-11 20:15:00+00:00,2633,Tennessee,8,Arkansas,3,-10.0,-10.166666666666666,-10.0,-10.5,-10.0,0.5,0.28867513459481287,3,-13.5,-13.166666666666666,-13.5,-13.5,-12.5,1.0,0.5773502691896257,3,68.5,68.5,68.5,68.5,68.5,0.0,0.0,2,69.5,69.5,69.5,69.5,69.5,0.0,0.0
401752736,2025,regular,7,2025-10-11 19:30:00+00:00,251,Texas,201,Oklahoma,3,-2.5,-2.5,-2.5,-2.5,-2.5,0.0,0.0,3,-9.5,-7.333333333333333,-9.5,-9.5,-3.0,6.5,3.7527767497325675,3,44.5,44.166666666666664,44.5,43.5,44.5,1.0,0.5773502691896257,2,49.5,49.5,49.5,42.5,56.5,14.0,9.899494936611665
401752737,2025,regular,7,2025-10-11 23:00:00+00:00,245,Texas A&M,57,Florida,3,-7.0,-6.833333333333333,-7.0,-7.0,-6.5,0.5,0.28867513459481287,3,-8.5,-8.5,-8.5,-9.5,-7.5,2.0,1.0,3,48.0,48.0,48.0,47.5,48.5,1.0,0.5,2,46.25,46.25,46.25,45.0,47.5,2.5,1.7677669529663689
401752738,2025,regular,8,2025-10-18 23:30:00+00:00,333,Alabama,2633,Tennessee,3,-8.5,-8.666666666666666,-8.5,-9.0,-8.5,0.5,0.28867513459481287,3,-11.5,-10.666666666666666,-11.5,-12.5,-8.0,4.5,2.3629078131263044,3,60.5,60.833333333333336,60.5,60.5,61.5,1.0,0.5773502691896257,2,57.0,57.0,57.0,53.5,60.5,7.0,4.949747468305833
401752739,2025,regular,8,2025-10-18 19:30:00+00:00,8,Arkansas,245,Texas A&M,3,7.5,7.666666666666667,7.5,7.0,8.5,1.5,0.7637626158259734,3,8.0,8.0,8.0,7.5,8.5,1.0,0.5,3,57.5,57.5,57.5,57.5,57.5,0.0,0.0,2,61.75,61.75,61.75,61.0,62.5,1.5,1.0606601717798212
401752740,2025,regular,8,2025-10-18 23:45:00+00:00,2,Auburn,142,Missouri,3,1.5,1.5,1.5,1.5,1.5,0.0,0.0,3,-1.5,-1.8333333333333333,-1.5,-2.5,-1.5,1.0,0.5773502691896257,3,43.5,43.666666666666664,43.5,43.5,44.0,0.5,0.28867513459481287,2,44.5,44.5,44.5,44.5,44.5,0.0,0.0
401752741,2025,regular,8,2025-10-18 20:15:00+00:00,57,Florida,344,Mississippi State,3,-9.5,-9.5,-9.5,-9.5,-9.5,0.0,0.0,3,-9.5,-9.666666666666666,-9.5,-10.0,-9.5,0.5,0.28867513459481287,3,51.0,51.0,51.0,50.5,51.5,1.0,0.5,2,52.5,52.5,52.5,52.5,52.5,0.0,0.0
401752742,2025,regular,8,2025-10-18 19:30:00+00:00,61,Georgia,145,Ole Miss,3,-7.5,-7.5,-7.5,-7.5,-7.5,0.0,0.0,3,-10.5,-9.166666666666666,-10.5,-10.5,-6.5,4.0,2.309401076758503,3,56.5,56.5,56.5,56.5,56.5,0.0,0.0,2,53.75,53.75,53.75,53.5,54.0,0.5,0.3535533905932738
401752743,2025,regular,8,2025-10-18 23:00:00+00:00,96,Kentucky,251,Texas,3,12.5,12.666666666666666,12.5,12.0,13.5,1.5,0.7637626158259734,3,12.5,12.666666666666666,12.5,12.0,13.5,1.5,0.7637626158259734,3,45.5,45.333333333333336,45.5,45.0,45.5,0.5,0.28867513459481287,2,43.5,43.5,43.5,43.5,43.5,0.0,0.0
401752744,2025,regular,8,2025-10-18 16:45:00+00:00,2579,South Carolina,201,Oklahoma,3,4.5,4.333333333333333,4.5,4.0,4.5,0.5,0.28867513459481287,3,4.5,4.333333333333333,4.5,3.5,5.0,1.5,0.7637626158259734,3,43.0,43.0,43.0,42.5,43.5,1.0,0.5,2,42.5,42.5,42.5,42.5,42.5,0.0,0.0
401752745,2025,regular,8,2025-10-18 16:00:00+00:00,238,Vanderbilt,99,LSU,3,-1.5,-1.5,-1.5,-1.5,-1.5,0.0,0.0,3,-1.5,-0.16666666666666666,-1.5,-2.5,3.5,6.0,3.2145502536643185,3,48.5,48.333333333333336,48.5,48.0,48.5,0.5,0.28867513459481287,2,49.0,49.0,49.0,48.5,49.5,1.0,0.7071067811865476
401752746,2025,regular,9,2025-10-25 16:45:00+00:00,8,Arkansas,2,Auburn,3,-2.5,-2.5,-2.5,-2.5,-2.5,0.0,0.0,3,-1.5,-1.0,-1.5,-1.5,0.0,1.5,0.8660254037844386,3,56.0,56.0,56.0,55.5,56.5,1.0,0.5,1,57.0,57.0,57.0,57.0,57.0,0.0,0.0
401752747,2025,regular,9,2025-10-25 23:45:00+00:00,96,Kentucky,2633,Tennessee,3,7.5,7.5,7.5,7.5,7.5,0.0,0.0,3,9.0,9.0,9.0,8.5,9.5,1.0,0.5,3,55.0,55.0,55.0,54.5,55.5,1.0,0.5,2,53.0,53.0,53.0,52.5,53.5,1.0,0.7071067811865476
401752748,2025,regular,9,2025-10-25 23:30:00+00:00,99,LSU,245,Texas A&M,3,1.5,1.5,1.5,1.5,1.5,0.0,0.0,3,-5.5,-2.8333333333333335,-5.5,-5.5,2.5,8.0,4.618802153517006,3,50.5,50.166666666666664,50.5,49.5,50.5,1.0,0.5773502691896257,2,51.0,51.0,51.0,48.5,53.5,5.0,3.5355339059327378
401752749,2025,regular,9,2025-10-25 20:15:00+00:00,344,Mississippi State,251,Texas,3,8.5,8.333333333333334,8.5,8.0,8.5,0.5,0.28867513459481287,3,6.5,7.166666666666667,6.5,6.5,8.5,2.0,1.1547005383792515,3,48.5,48.833333333333336,48.5,48.5,49.5,1.0,0.5773502691896257,2,45.75,45.75,45.75,45.5,46.0,0.5,0.3535533905932738
401752750,2025,regular,9,2025-10-25 16:00:00+00:00,201,Oklahoma,145,Ole Miss,3,-5.5,-5.5,-5.5,-5.5,-5.5,0.0,0.0,3,-3.5,-3.5,-3.5,-4.5,-2.5,2.0,1.0,3,52.5,52.5,52.5,52.5,52.5,0.0,0.0,2,51.0,51.0,51.0,50.5,51.5,1.0,0.7071067811865476
401752751,2025,regular,9,2025-10-25 19:30:00+00:00,2579,South Carolina,333,Alabama,3,11.5,11.833333333333334,11.5,11.5,12.5,1.0,0.5773502691896257,3,13.0,11.333333333333334,13.0,7.5,13.5,6.0,3.3291640592396963,3,47.5,47.666666666666664,47.5,47.5,48.0,0.5,0.28867513459481287,2,46.75,46.75,46.75,46.5,47.0,0.5,0.3535533905932738
401752752,2025,regular,9,2025-10-25 19:30:00+00:00,238,Vanderbilt,142,Missouri,3,-3.0,-3.1666666666666665,-3.0,-3.5,-3.0,0.5,0.28867513459481287,3,-2.5,-2.3333333333333335,-2.5,-3.0,-1.5,1.5,0.7637626158259734,3,52.5,52.5,52.5,52.5,52.5,0.0,0.0,1,52.5,52.5,52.5,52.5,52.5,0.0,0.0
401752753,2025,regular,10,2025-11-01 20:00:00+00:00,8,Arkansas,344,Mississippi State,3,-5.5,-5.333333333333333,-5.5,-5.5,-5.0,0.5,0.28867513459481287,3,-3.5,-3.8333333333333335,-3.5,-4.5,-3.5,1.0,0.5773502691896257,3,66.5,66.5,66.5,66.5,66.5,0.0,0.0,2,68.0,68.0,68.0,67.5,68.5,1.0,0.7071067811865476
401752754,2025,regular,10,2025-11-01 23:30:00+00:00,2,Auburn,96,Kentucky,3,-11.5,-11.666666666666666,-11.5,-12.0,-11.5,0.5,0.28867513459481287,3,-10.0,-10.166666666666666,-10.0,-10.5,-10.0,0.5,0.28867513459481287,3,44.5,44.5,44.5,44.5,44.5,0.0,0.0,2,47.0,47.0,47.0,46.5,47.5,1.0,0.7071067811865476
401752755,2025,regular,10,2025-11-01 19:30:00+00:00,57,Florida,61,Georgia,3,7.0,6.833333333333333,7.0,6.5,7.0,0.5,0.28867513459481287,3,7.5,7.666666666666667,7.5,7.5,8.0,0.5,0.28867513459481287,3,50.5,50.333333333333336,50.5,50.0,50.5,0.5,0.28867513459481287,2,51.0,51.0,51.0,50.5,51.5,1.0,0.7071067811865476
401752756,2025,regular,10,2025-11-01 23:00:00+00:00,145,Ole Miss,2579,South Carolina,3,-13.0,-13.0,-13.0,-13.5,-12.5,1.0,0.5,3,-13.5,-13.833333333333334,-13.5,-14.5,-13.5,1.0,0.5773502691896257,3,55.5,55.833333333333336,55.5,55.5,56.5,1.0,0.5773502691896257,2,54.0,54.0,54.0,53.5,54.5,1.0,0.7071067811865476
401752757,2025,regular,10,2025-11-01 23:30:00+00:00,2633,Tennessee,201,Oklahoma,3,-3.0,-2.8333333333333335,-3.0,-3.0,-2.5,0.5,0.28867513459481287,3,-3.5,-3.1666666666666665,-3.5,-3.5,-2.5,1.0,0.5773502691896257,3,55.5,55.666666666666664,55.5,55.5,56.0,0.5,0.28867513459481287,2,56.25,56.25,56.25,56.0,56.5,0.5,0.3535533905932738
401752758,2025,regular,10,2025-11-01 16:00:00+00:00,251,Texas,238,Vanderbilt,3,-3.5,-3.5,-3.5,-3.5,-3.5,0.0,0.0,3,-3.0,-3.0,-3.0,-3.5,-2.5,1.0,0.5,3,48.5,48.5,48.5,48.5,48.5,0.0,0.0,2,45.5,45.5,45.5,45.5,45.5,0.0,0.0
401752759,2025,regular,11,2025-11-09 00:30:00+00:00,333,Alabama,99,LSU,3,-10.0,-10.166666666666666,-10.0,-10.5,-10.0,0.5,0.28867513459481287,3,-5.5,-7.0,-5.5,-11.0,-4.5,6.5,3.5,3,49.5,49.5,49.5,49.5,49.5,0.0,0.0,2,52.0,52.0,52.0,49.5,54.5,5.0,3.5355339059327378
401752760,2025,regular,11,2025-11-09 00:30:00+00:00,96,Kentucky,57,Florida,3,4.5,4.833333333333333,4.5,4.5,5.5,1.0,0.5773502691896257,3,4.5,4.166666666666667,4.5,3.5,4.5,1.0,0.5773502691896257,3,44.5,44.5,44.5,44.5,44.5,0.0,0.0,2,45.0,45.0,45.0,44.5,45.5,1.0,0.7071067811865476
401752761,2025,regular,11,2025-11-08 18:00:00+00:00,145,Ole Miss,2643,The Citadel,3,-51.5,-51.833333333333336,-51.5,-52.5,-51.5,1.0,0.5773502691896257,3,-51.5,-51.833333333333336,-51.5,-52.5,-51.5,1.0,0.5773502691896257,3,63.5,63.5,63.5,63.5,63.5,0.0,0.0,2,63.5,63.5,63.5,63.5,63.5,0.0,0.0
401752762,2025,regular,11,2025-11-08 17:00:00+00:00,344,Mississippi State,61,Georgia,3,9.5,9.5,9.5,9.5,9.5,0.0,0.0,3,8.5,8.5,8.5,7.5,9.5,2.0,1.0,3,56.5,56.5,56.5,56.5,56.5,0.0,0.0,2,57.5,57.5,57.5,57.5,57.5,0.0,0.0
401752763,2025,regular,11,2025-11-08 20:30:00+00:00,142,Missouri,245,Texas A&M,3,7.0,6.833333333333333,7.0,6.5,7.0,0.5,0.28867513459481287,3,6.0,5.666666666666667,6.0,4.5,6.5,2.0,1.0408329997330663,3,48.5,48.333333333333336,48.5,48.0,48.5,0.5,0.28867513459481287,2,49.5,49.5,49.5,49.5,49.5,0.0,0.0
401752764,2025,regular,11,2025-11-08 21:00:00+00:00,238,Vanderbilt,2,Auburn,3,-6.0,-5.833333333333333,-6.0,-6.0,-5.5,0.5,0.28867513459481287,3,-7.5,-6.833333333333333,-7.5,-7.5,-5.5,2.0,1.1547005383792515,3,46.5,46.333333333333336,46.5,46.0,46.5,0.5,0.28867513459481287,2,45.5,45.5,45.5,45.5,45.5,0.0,0.0
401752765,2025,regular,12,2025-11-15 20:30:00+00:00,333,Alabama,201,Oklahoma,3,-6.5,-6.5,-6.5,-6.5,-6.5,0.0,0.0,3,-12.5,-10.666666666666666,-12.5,-12.5,-7.0,5.5,3.1754264805429417,3,45.5,45.833333333333336,45.5,45.5,46.5,1.0,0.5773502691896257,3,56.5,52.833333333333336,56.5,45.5,56.5,11.0,6.3508529610858835
401752766,2025,regular,12,2025-11-16 00:30:00+00:00,61,Georgia,251,Texas,3,-3.5,-3.6666666666666665,-3.5,-4.0,-3.5,0.5,0.28867513459481287,3,-2.5,-3.6666666666666665,-2.5,-6.5,-2.0,4.5,2.4664414311581235,3,50.5,50.5,50.5,50.5,50.5,0.0,0.0,2,49.5,49.5,49.5,47.5,51.5,4.0,2.8284271247461903
401752767,2025,regular,12,2025-11-15 18:30:00+00:00,96,Kentucky,2635,Tennessee Tech,3,-22.5,-22.833333333333332,-22.5,-23.5,-22.5,1.0,0.5773502691896257,2,-22.5,-22.5,-22.5,-22.5,-22.5,0.0,0.0,3,52.5,52.0,52.5,51.0,52.5,1.5,0.8660254037844386,2,52.25,52.25,52.25,52.0,52.5,0.5,0.3535533905932738
401752768,2025,regular,12,2025-11-15 17:45:00+00:00,99,LSU,8,Arkansas,3,-4.0,-4.166666666666667,-4.0,-4.5,-4.0,0.5,0.28867513459481287,3,-6.5,-6.166666666666667,-6.5,-6.5,-5.5,1.0,0.5773502691896257,3,58.5,58.333333333333336,58.5,58.0,58.5,0.5,0.28867513459481287,2,55.5,55.5,55.5,55.5,55.5,0.0,0.0
401752769,2025,regular,12,2025-11-16 00:00:00+00:00,145,Ole Miss,57,Florida,3,-10.5,-10.833333333333334,-10.5,-11.5,-10.5,1.0,0.5773502691896257,3,-13.5,-11.666666666666666,-13.5,-14.0,-7.5,6.5,3.6170890690351176,3,53.5,53.5,53.5,53.5,53.5,0.0,0.0,2,52.75,52.75,52.75,52.5,53.0,0.5,0.3535533905932738
401752770,2025,regular,12,2025-11-16 00:45:00+00:00,142,Missouri,344,Mississippi State,3,-7.5,-7.333333333333333,-7.5,-7.5,-7.0,0.5,0.28867513459481287,2,-6.0,-6.0,-6.0,-6.5,-5.5,1.0,0.7071067811865476,3,50.5,50.333333333333336,50.5,50.0,50.5,0.5,0.28867513459481287,3,51.5,51.166666666666664,51.5,50.5,51.5,1.0,0.5773502691896257
401752771,2025,regular,12,2025-11-15 21:15:00+00:00,2633,Tennessee,166,New Mexico State,3,-41.5,-41.5,-41.5,-41.5,-41.5,0.0,0.0,3,-38.5,-38.833333333333336,-38.5,-39.5,-38.5,1.0,0.5773502691896257,3,60.0,60.0,60.0,59.5,60.5,1.0,0.5,2,61.5,61.5,61.5,61.5,61.5,0.0,0.0
401752772,2025,regular,12,2025-11-15 17:00:00+00:00,245,Texas A&M,2579,South Carolina,3,-16.5,-16.5,-16.5,-16.5,-16.5,0.0,0.0,3,-18.5,-18.166666666666668,-18.5,-18.5,-17.5,1.0,0.5773502691896257,3,49.5,49.5,49.5,49.5,49.5,0.0,0.0,2,48.25,48.25,48.25,48.0,48.5,0.5,0.3535533905932738
401752773,2025,regular,13,2025-11-22 19:00:00+00:00,333,Alabama,2197,Eastern Illinois,3,-50.5,-51.333333333333336,-50.5,-54.5,-49.0,5.5,2.8431203515386634,3,-50.5,-50.5,-50.5,-50.5,-50.5,0.0,0.0,3,57.5,58.0,57.5,57.0,59.5,2.5,1.3228756555322954,2,57.25,57.25,57.25,57.0,57.5,0.5,0.3535533905932738
401752774,2025,regular,13,2025-11-22 19:00:00+00:00,2,Auburn,2382,Mercer,3,-26.5,-26.333333333333332,-26.5,-26.5,-26.0,0.5,0.28867513459481287,2,-27.5,-27.5,-27.5,-27.5,-27.5,0.0,0.0,3,50.5,50.5,50.5,49.5,51.5,2.0,1.0,2,50.5,50.5,50.5,50.5,50.5,0.0,0.0
401752775,2025,regular,13,2025-11-23 00:30:00+00:00,57,Florida,2633,Tennessee,3,3.5,3.3333333333333335,3.5,3.0,3.5,0.5,0.28867513459481287,3,3.5,1.0,3.5,-4.0,3.5,7.5,4.330127018922194,3,57.5,57.666666666666664,57.5,57.5,58.0,0.5,0.28867513459481287,2,57.5,57.5,57.5,57.5,57.5,0.0,0.0
401752776,2025,regular,13,2025-11-22 17:45:00+00:00,61,Georgia,2429,Charlotte,3,-42.5,-42.5,-42.5,-42.5,-42.5,0.0,0.0,3,-44.5,-44.666666666666664,-44.5,-45.0,-44.5,0.5,0.28867513459481287,3,53.5,53.333333333333336,53.5,53.0,53.5,0.5,0.28867513459481287,2,54.75,54.75,54.75,54.0,55.5,1.5,1.0606601717798212
401752777,2025,regular,13,2025-11-23 00:45:00+00:00,99,LSU,98,Western Kentucky,3,-24.5,-24.833333333333332,-24.5,-25.5,-24.5,1.0,0.5773502691896257,3,-22.5,-22.166666666666668,-22.5,-22.5,-21.5,1.0,0.5773502691896257,3,52.5,52.666666666666664,52.5,52.0,53.5,1.5,0.7637626158259734,2,51.0,51.0,51.0,50.5,51.5,1.0,0.7071067811865476
401752778,2025,regular,13,2025-11-22 17:00:00+00:00,201,Oklahoma,142,Missouri,3,-4.5,-4.5,-4.5,-4.5,-4.5,0.0,0.0,3,-9.5,-9.166666666666666,-9.5,-10.5,-7.5,3.0,1.5275252316519468,3,42.5,42.5,42.5,42.5,42.5,0.0,0.0,2,48.5,48.5,48.5,42.5,54.5,12.0,8.48528137423857
401752779,2025,regular,13,2025-11-22 21:15:00+00:00,2579,South Carolina,324,Coastal Carolina,3,-24.0,-24.0,-24.0,-24.5,-23.5,1.0,0.5,3,-23.5,-23.333333333333332,-23.5,-23.5,-23.0,0.5,0.28867513459481287,3,50.0,50.0,50.0,49.5,50.5,1.0,0.5,2,53.25,53.25,53.25,53.0,53.5,0.5,0.3535533905932738
401752780,2025,regular,13,2025-11-22 20:30:00+00:00,251,Texas,8,Arkansas,3,-8.5,-9.166666666666666,-8.5,-10.5,-8.5,2.0,1.1547005383792515,3,-10.5,-10.333333333333334,-10.5,-10.5,-10.0,0.5,0.28867513459481287,3,58.0,58.0,58.0,57.5,58.5,1.0,0.5,2,56.5,56.5,56.5,56.5,56.5,0.0,0.0
401752781,2025,regular,13,2025-11-22 17:00:00+00:00,245,Texas A&M,2535,Samford,3,-54.5,-54.166666666666664,-54.5,-54.5,-53.5,1.0,0.5773502691896257,2,-54.5,-54.5,-54.5,-54.5,-54.5,0.0,0.0,3,59.5,59.166666666666664,59.5,58.5,59.5,1.0,0.5773502691896257,2,59.5,59.5,59.5,59.5,59.5,0.0,0.0
401752782,2025,regular,13,2025-11-22 20:30:00+00:00,238,Vanderbilt,96,Kentucky,3,-7.0,-6.833333333333333,-7.0,-7.0,-6.5,0.5,0.28867513459481287,3,-10.0,-9.333333333333334,-10.0,-10.5,-7.5,3.0,1.6072751268321592,3,53.5,53.5,53.5,53.5,53.5,0.0,0.0,2,53.0,53.0,53.0,52.5,53.5,1.0,0.7071067811865476
401752783,2025,regular,14,2025-11-29 20:30:00+00:00,8,Arkansas,142,Missouri,3,4.5,4.5,4.5,4.5,4.5,0.0,0.0,3,2.5,2.3333333333333335,2.5,2.0,2.5,0.5,0.28867513459481287,3,54.5,54.5,54.5,54.5,54.5,0.0,0.0,2,58.0,58.0,58.0,57.5,58.5,1.0,0.7071067811865476
401752784,2025,regular,14,2025-11-30 00:30:00+00:00,2,Auburn,333,Alabama,3,7.0,6.833333333333333,7.0,6.5,7.0,0.5,0.28867513459481287,3,5.5,5.833333333333333,5.5,5.5,6.5,1.0,0.5773502691896257,3,48.5,48.333333333333336,48.5,48.0,48.5,0.5,0.28867513459481287,2,50.0,50.0,50.0,48.5,51.5,3.0,2.1213203435596424
401752785,2025,regular,14,2025-11-29 21:30:00+00:00,57,Florida,52,Florida State,3,1.5,1.3333333333333333,1.5,1.0,1.5,0.5,0.28867513459481287,3,-2.5,-2.1666666666666665,-2.5,-2.5,-1.5,1.0,0.5773502691896257,3,49.0,49.0,49.0,48.5,49.5,1.0,0.5,2,51.0,51.0,51.0,50.5,51.5,1.0,0.7071067811865476
401752786,2025,regular,14,2025-11-28 20:30:00+00:00,59,Georgia Tech,61,Georgia,3,16.5,16.166666666666668,16.5,15.5,16.5,1.0,0.5773502691896257,3,13.0,13.0,13.0,12.5,13.5,1.0,0.5,3,59.5,59.833333333333336,59.5,59.5,60.5,1.0,0.5773502691896257,2,56.5,56.5,56.5,53.5,59.5,6.0,4.242640687119285
401752787,2025,regular,14,2025-11-29 17:00:00+00:00,97,Louisville,96,Kentucky,3,1.5,0.6666666666666666,1.5,-1.0,1.5,2.5,1.4433756729740643,3,-4.5,-5.0,-4.5,-6.5,-4.0,2.5,1.3228756555322954,3,45.5,45.5,45.5,45.5,45.5,0.0,0.0,2,47.5,47.5,47.5,47.5,47.5,0.0,0.0
401752788,2025,regular,14,2025-11-28 17:00:00+00:00,344,Mississippi State,145,Ole Miss,3,7.5,7.333333333333333,7.5,7.0,7.5,0.5,0.28867513459481287,3,9.5,10.333333333333334,9.5,8.0,13.5,5.5,2.8431203515386634,3,62.5,62.666666666666664,62.5,62.5,63.0,0.5,0.28867513459481287,2,61.5,61.5,61.5,59.5,63.5,4.0,2.8284271247461903
401752789,2025,regular,14,2025-11-29 20:30:00+00:00,201,Oklahoma,99,LSU,3,-11.5,-11.5,-11.5,-11.5,-11.5,0.0,0.0,3,-10.0,-9.666666666666666,-10.0,-10.5,-8.5,2.0,1.0408329997330663,3,36.5,36.333333333333336,36.5,36.0,36.5,0.5,0.28867513459481287,2,38.5,38.5,38.5,38.5,38.5,0.0,0.0
401752790,2025,regular,14,2025-11-29 17:00:00+00:00,2579,South Carolina,228,Clemson,3,-2.5,-2.5,-2.5,-2.5,-2.5,0.0,0.0,3,2.5,1.6666666666666667,2.5,-2.0,4.5,6.5,3.3291640592396963,3,45.5,45.666666666666664,45.5,45.5,46.0,0.5,0.28867513459481287,2,50.0,50.0,50.0,46.5,53.5,7.0,4.949747468305833
401752791,2025,regular,14,2025-11-29 20:30:00+00:00,2633,Tennessee,238,Vanderbilt,3,-2.5,-2.3333333333333335,-2.5,-2.5,-2.0,0.5,0.28867513459481287,3,-3.5,-4.166666666666667,-3.5,-5.5,-3.5,2.0,1.1547005383792515,3,66.5,66.5,66.5,66.5,66.5,0.0,0.0,2,64.5,64.5,64.5,64.5,64.5,0.0,0.0
401752792,2025,regular,14,2025-11-29 00:30:00+00:00,251,Texas,245,Texas A&M,3,2.5,2.5,2.5,2.5,2.5,0.0,0.0,3,2.5,-1.5,2.5,-10.0,3.0,13.0,7.365459931328117,3,54.5,54.5,54.5,54.5,54.5,0.0,0.0,2,51.5,51.5,51.5,51.5,51.5,0.0,0.0
401752793,2025,regular,1,2025-08-29 00:00:00+00:00,135,Minnesota,2084,Buffalo,3,-16.5,-17.166666666666668,-16.5,-18.5,-16.5,2.0,1.1547005383792515,3,-17.0,-17.333333333333332,-17.0,-18.5,-16.5,2.0,1.0408329997330663,3,43.0,43.333333333333336,43.0,41.5,45.5,4.0,2.0207259421636903,3,45.5,45.5,45.5,45.5,45.5,0.0,0.0
401752794,2025,regular,1,2025-08-28 22:00:00+00:00,164,Rutgers,195,Ohio,3,-15.5,-14.166666666666666,-15.5,-15.5,-11.5,4.0,2.309401076758503,3,-11.5,-11.166666666666666,-11.5,-11.5,-10.5,1.0,0.5773502691896257,3,52.0,50.666666666666664,52.0,46.5,53.5,7.0,3.685557397915997,3,46.5,46.833333333333336,46.5,46.5,47.5,1.0,0.5773502691896257
401752795,2025,regular,1,2025-08-29 23:30:00+00:00,356,Illinois,2710,Western Illinois,2,-48.5,-48.5,-48.5,-48.5,-48.5,0.0,0.0,2,-45.5,-45.5,-45.5,-45.5,-45.5,0.0,0.0,2,63.0,63.0,63.0,62.5,63.5,1.0,0.7071067811865476,2,62.5,62.5,62.5,61.5,63.5,2.0,1.4142135623730951
401752796,2025,regular,1,2025-08-29 01:00:00+00:00,2132,Cincinnati,158,Nebraska,3,6.0,6.0,6.0,5.5,6.5,1.0,0.5,3,6.5,6.666666666666667,6.5,6.5,7.0,0.5,0.28867513459481287,3,50.5,51.166666666666664,50.5,50.5,52.5,2.0,1.1547005383792515,3,52.5,51.833333333333336,52.5,50.5,52.5,2.0,1.1547005383792515
401752797,2025,regular,1,2025-08-30 16:00:00+00:00,120,Maryland,2226,Florida Atlantic,3,-13.5,-14.166666666666666,-13.5,-16.5,-12.5,4.0,2.0816659994661326,3,-16.5,-16.833333333333332,-16.5,-17.5,-16.5,1.0,0.5773502691896257,3,59.5,59.0,59.5,57.5,60.0,2.5,1.3228756555322954,3,57.5,57.5,57.5,57.5,57.5,0.0,0.0
401752798,2025,regular,1,2025-08-30 23:30:00+00:00,30,USC,2623,Missouri State,3,-36.5,-35.833333333333336,-36.5,-36.5,-34.5,2.0,1.1547005383792515,3,-34.5,-33.833333333333336,-34.5,-35.5,-31.5,4.0,2.0816659994661326,3,60.0,60.0,60.0,59.5,60.5,1.0,0.5,3,59.5,59.166666666666664,59.5,58.5,59.5,1.0,0.5773502691896257
401752799,2025,regular,1,2025-08-30 22:00:00+00:00,2294,Iowa,399,UAlbany,1,-39.5,-39.5,-39.5,-39.5,-39.5,0.0,0.0,1,-37.5,-37.5,-37.5,-37.5,-37.5,0.0,0.0,1,48.5,48.5,48.5,48.5,48.5,0.0,0.0,1,48.5,48.5,48.5,48.5,48.5,0.0,0.0
401752800,2025,regular,1,2025-08-31 03:00:00+00:00,26,UCLA,254,Utah,3,6.5,6.5,6.5,6.5,6.5,0.0,0.0,3,6.5,5.333333333333333,6.5,3.0,6.5,3.5,2.0207259421636903,3,49.0,49.333333333333336,49.0,48.5,50.5,2.0,1.0408329997330663,3,50.5,49.833333333333336,50.5,48.5,50.5,2.0,1.1547005383792515
401752801,2025,regular,1,2025-08-30 16:00:00+00:00,2509,Purdue,2050,Ball State,3,-16.5,-16.5,-16.5,-16.5,-16.5,0.0,0.0,3,-16.5,-16.666666666666668,-16.5,-17.0,-16.5,0.5,0.28867513459481287,3,48.5,49.166666666666664,48.5,48.5,50.5,2.0,1.1547005383792515,3,50.5,50.5,50.5,50.5,50.5,0.0,0.0
401752802,2025,regular,1,2025-08-29 23:00:00+00:00,127,Michigan State,2711,Western Michigan,3,-21.5,-20.833333333333332,-21.5,-22.5,-18.5,4.0,2.0816659994661326,3,-18.5,-18.166666666666668,-18.5,-18.5,-17.5,1.0,0.5773502691896257,3,50.0,50.0,50.0,49.5,50.5,1.0,0.5,3,49.5,49.5,49.5,49.5,49.5,0.0,0.0
401752803,2025,regular,1,2025-08-30 16:00:00+00:00,2655,Tulane,77,Northwestern,3,-6.5,-6.0,-6.5,-6.5,-5.0,1.5,0.8660254037844386,3,-6.5,-6.833333333333333,-6.5,-7.5,-6.5,1.0,0.5773502691896257,3,46.0,46.333333333333336,46.0,45.5,47.5,2.0,1.0408329997330663,3,47.5,47.166666666666664,47.5,46.5,47.5,1.0,0.5773502691896257
401752804,2025,regular,1,2025-08-30 20:00:00+00:00,2483,Oregon,147,Montana State,2,-28.25,-28.25,-28.25,-28.5,-28.0,0.5,0.3535533905932738,2,-27.0,-27.0,-27.0,-27.5,-26.5,1.0,0.7071067811865476,2,56.0,56.0,56.0,55.5,56.5,1.0,0.7071067811865476,2,56.0,56.0,56.0,55.5,56.5,1.0,0.7071067811865476
401752805,2025,regular,1,2025-08-31 03:00:00+00:00,264,Washington,36,Colorado State,3,-22.5,-21.833333333333332,-22.5,-22.5,-20.5,2.0,1.1547005383792515,3,-19.5,-19.5,-19.5,-20.5,-18.5,2.0,1.0,3,52.0,52.0,52.0,51.5,52.5,1.0,0.5,3,52.5,52.5,52.5,52.5,52.5,0.0,0.0
401752806,2025,regular,1,2025-08-30 18:30:00+00:00,84,Indiana,295,Old Dominion,3,-23.5,-23.333333333333332,-23.5,-23.5,-23.0,0.5,0.28867513459481287,3,-23.5,-23.5,-23.5,-23.5,-23.5,0.0,0.0,3,53.5,53.666666666666664,53.5,53.0,54.5,1.5,0.7637626158259734,3,54.5,54.5,54.5,54.5,54.5,0.0,0.0
401752807,2025,regular,1,2025-08-30 19:30:00+00:00,213,Penn State,2440,Nevada,3,-43.5,-44.166666666666664,-43.5,-45.5,-43.5,2.0,1.1547005383792515,3,-45.5,-44.833333333333336,-45.5,-45.5,-43.5,2.0,1.1547005383792515,3,54.5,55.833333333333336,54.5,54.5,58.5,4.0,2.309401076758503,3,58.5,59.166666666666664,58.5,58.5,60.5,2.0,1.1547005383792515
401752808,2025,regular,1,2025-08-30 23:30:00+00:00,130,Michigan,167,New Mexico,3,-34.5,-35.166666666666664,-34.5,-36.5,-34.5,2.0,1.1547005383792515,3,-36.0,-35.666666666666664,-36.0,-36.5,-34.5,2.0,1.0408329997330663,3,49.5,50.5,49.5,49.5,52.5,3.0,1.7320508075688772,3,52.5,52.5,52.5,52.5,52.5,0.0,0.0
401752810,2025,regular,2,2025-09-06 23:30:00+00:00,158,Nebraska,2006,Akron,2,-33.75,-33.75,-33.75,-34.0,-33.5,0.5,0.3535533905932738,2,-33.75,-33.75,-33.75,-34.0,-33.5,0.5,0.3535533905932738,2,47.5,47.5,47.5,47.5,47.5,0.0,0.0,2,47.75,47.75,47.75,47.5,48.0,0.5,0.3535533905932738
401752811,2025,regular,2,2025-09-06 16:00:00+00:00,213,Penn State,2229,Florida International,2,-41.75,-41.75,-41.75,-42.0,-41.5,0.5,0.3535533905932738,2,-41.75,-41.75,-41.75,-42.0,-41.5,0.5,0.3535533905932738,2,53.5,53.5,53.5,53.5,53.5,0.0,0.0,2,54.5,54.5,54.5,54.5,54.5,0.0,0.0
401752812,2025,regular,2,2025-09-06 16:00:00+00:00,84,Indiana,338,Kennesaw State,2,-35.5,-35.5,-35.5,-35.5,-35.5,0.0,0.0,2,-35.5,-35.5,-35.5,-35.5,-35.5,0.0,0.0,2,51.5,51.5,51.5,51.5,51.5,0.0,0.0,2,50.75,50.75,50.75,50.5,51.0,0.5,0.3535533905932738
401752813,2025,regular,2,2025-09-06 16:00:00+00:00,135,Minnesota,2466,Northwestern State,1,-43.0,-43.0,-43.0,-43.0,-43.0,0.0,0.0,2,-43.25,-43.25,-43.25,-43.5,-43.0,0.5,0.3535533905932738,2,51.0,51.0,51.0,50.5,51.5,1.0,0.7071067811865476,2,50.5,50.5,50.5,50.5,50.5,0.0,0.0
401752814,2025,regular,2,2025-09-06 23:30:00+00:00,30,USC,290,Georgia Southern,2,-28.75,-28.75,-28.75,-29.0,-28.5,0.5,0.3535533905932738,2,-27.75,-27.75,-27.75,-28.0,-27.5,0.5,0.3535533905932738,2,62.0,62.0,62.0,61.5,62.5,1.0,0.7071067811865476,2,64.25,64.25,64.25,64.0,64.5,0.5,0.3535533905932738
401752815,2025,regular,2,2025-09-06 19:30:00+00:00,194,Ohio State,2755,Grambling,2,-53.5,-53.5,-53.5,-55.5,-51.5,4.0,2.8284271247461903,2,-55.5,-55.5,-55.5,-55.5,-55.5,0.0,0.0,2,63.5,63.5,63.5,62.5,64.5,2.0,1.4142135623730951,2,62.5,62.5,62.5,62.5,62.5,0.0,0.0
401752816,2025,regular,2,2025-09-06 23:30:00+00:00,127,Michigan State,103,Boston College,2,-3.5,-3.5,-3.5,-3.5,-3.5,0.0,0.0,2,-3.25,-3.25,-3.25,-3.5,-3.0,0.5,0.3535533905932738,2,45.5,45.5,45.5,45.5,45.5,0.0,0.0,2,48.0,48.0,48.0,46.5,49.5,3.0,2.1213203435596424
401752817,2025,regular,2,2025-09-05 23:30:00+00:00,77,Northwestern,2710,Western Illinois,2,-31.0,-31.0,-31.0,-31.5,-30.5,1.0,0.7071067811865476,2,-28.25,-28.25,-28.25,-28.5,-28.0,0.5,0.3535533905932738,2,49.0,49.0,49.0,48.5,49.5,1.0,0.7071067811865476,2,51.5,51.5,51.5,51.5,51.5,0.0,0.0
401752818,2025,regular,2,2025-09-06 19:30:00+00:00,164,Rutgers,193,Miami (OH),2,-15.5,-15.5,-15.5,-15.5,-15.5,0.0,0.0,2,-13.75,-13.75,-13.75,-14.0,-13.5,0.5,0.3535533905932738,2,45.5,45.5,45.5,45.5,45.5,0.0,0.0,2,48.25,48.25,48.25,48.0,48.5,0.5,0.3535533905932738
401752819,2025,regular,2,2025-09-06 23:30:00+00:00,2509,Purdue,79,Southern Illinois,2,-21.0,-21.0,-21.0,-22.5,-19.5,3.0,2.1213203435596424,2,-19.75,-19.75,-19.75,-20.0,-19.5,0.5,0.3535533905932738,2,52.25,52.25,52.25,52.0,52.5,0.5,0.3535533905932738,2,51.5,51.5,51.5,51.5,51.5,0.0,0.0
401752820,2025,regular,2,2025-09-06 20:00:00+00:00,275,Wisconsin,2393,Middle Tennessee,2,-28.5,-28.5,-28.5,-28.5,-28.5,0.0,0.0,2,-28.0,-28.0,-28.0,-28.5,-27.5,1.0,0.7071067811865476,2,45.0,45.0,45.0,44.5,45.5,1.0,0.7071067811865476,2,46.5,46.5,46.5,46.5,46.5,0.0,0.0
401752821,2025,regular,2,2025-09-07 03:00:00+00:00,264,Washington,302,UC Davis,2,-28.75,-28.75,-28.75,-29.5,-28.0,1.5,1.0606601717798212,2,-28.25,-28.25,-28.25,-28.5,-28.0,0.5,0.3535533905932738,2,54.25,54.25,54.25,54.0,54.5,0.5,0.3535533905932738,2,53.5,53.5,53.5,53.5,53.5,0.0,0.0
401752822,2025,regular,2,2025-09-06 16:00:00+00:00,66,Iowa State,2294,Iowa,3,-3.0,-2.6666666666666665,-3.0,-3.5,-1.5,2.0,1.0408329997330663,3,-2.5,-2.3333333333333335,-2.5,-3.0,-1.5,1.5,0.7637626158259734,2,43.25,43.25,43.25,43.0,43.5,0.5,0.3535533905932738,2,43.75,43.75,43.75,43.0,44.5,1.5,1.0606601717798212
401752823,2025,regular,2,2025-09-07 00:00:00+00:00,2439,UNLV,26,UCLA,2,2.5,2.5,2.5,2.5,2.5,0.0,0.0,2,2.25,2.25,2.25,2.0,2.5,0.5,0.3535533905932738,2,54.5,54.5,54.5,54.5,54.5,0.0,0.0,2,56.0,56.0,56.0,55.5,56.5,1.0,0.7071067811865476
401752824,2025,regular,2,2025-09-06 19:30:00+00:00,2483,Oregon,197,Oklahoma State,2,-28.5,-28.5,-28.5,-28.5,-28.5,0.0,0.0,2,-27.75,-27.75,-27.75,-28.0,-27.5,0.5,0.3535533905932738,2,55.5,55.5,55.5,55.5,55.5,0.0,0.0,2,58.5,58.5,58.5,58.5,58.5,0.0,0.0
401752825,2025,regular,2,2025-09-06 16:00:00+00:00,150,Duke,356,Illinois,2,2.5,2.5,2.5,2.5,2.5,0.0,0.0,2,2.5,2.5,2.5,2.5,2.5,0.0,0.0,2,49.25,49.25,49.25,49.0,49.5,0.5,0.3535533905932738,2,49.75,49.75,49.75,49.5,50.0,0.5,0.3535533905932738
401752826,2025,regular,2,2025-09-05 23:30:00+00:00,120,Maryland,2459,Northern Illinois,2,-16.75,-16.75,-16.75,-17.0,-16.5,0.5,0.3535533905932738,2,-16.0,-16.0,-16.0,-16.5,-15.5,1.0,0.7071067811865476,2,44.5,44.5,44.5,44.5,44.5,0.0,0.0,2,48.5,48.5,48.5,48.5,48.5,0.0,0.0
401752827,2025,regular,3,2025-09-13 23:00:00+00:00,194,Ohio State,195,Ohio,3,-28.5,-28.333333333333332,-28.5,-28.5,-28.0,0.5,0.28867513459481287,2,-29.5,-29.5,-29.5,-33.5,-25.5,8.0,5.656854249492381,3,49.5,49.333333333333336,49.5,49.0,49.5,0.5,0.28867513459481287,3,53.5,54.5,53.5,51.5,58.5,7.0,3.605551275463989
401752828,2025,regular,3,2025-09-13 16:00:00+00:00,158,Nebraska,2277,Houston Christian,3,-48.5,-47.833333333333336,-48.5,-48.5,-46.5,2.0,1.1547005383792515,3,-42.5,-42.333333333333336,-42.5,-42.5,-42.0,0.5,0.28867513459481287,3,58.5,58.333333333333336,58.5,57.5,59.0,1.5,0.7637626158259734,2,54.5,54.5,54.5,54.5,54.5,0.0,0.0
401752829,2025,regular,3,2025-09-13 23:00:00+00:00,356,Illinois,2711,Western Michigan,3,-27.5,-27.5,-27.5,-27.5,-27.5,0.0,0.0,2,-28.25,-28.25,-28.25,-28.5,-28.0,0.5,0.3535533905932738,3,50.5,50.666666666666664,50.5,50.5,51.0,0.5,0.28867513459481287,2,51.5,51.5,51.5,51.5,51.5,0.0,0.0
401752830,2025,regular,3,2025-09-13 23:30:00+00:00,2294,Iowa,113,Massachusetts,3,-35.5,-35.333333333333336,-35.5,-35.5,-35.0,0.5,0.28867513459481287,3,-33.5,-34.166666666666664,-33.5,-35.5,-33.5,2.0,1.1547005383792515,3,44.5,44.333333333333336,44.5,44.0,44.5,0.5,0.28867513459481287,2,44.5,44.5,44.5,44.5,44.5,0.0,0.0
401752831,2025,regular,3,2025-09-13 16:00:00+00:00,77,Northwestern,2483,Oregon,3,25.5,25.5,25.5,24.5,26.5,2.0,1.0,2,27.75,27.75,27.75,27.5,28.0,0.5,0.3535533905932738,3,50.5,50.5,50.5,50.5,50.5,0.0,0.0,2,51.5,51.5,51.5,51.5,51.5,0.0,0.0
401752832,2025,regular,3,2025-09-13 19:30:00+00:00,2509,Purdue,30,USC,3,20.5,20.5,20.5,20.5,20.5,0.0,0.0,2,21.25,21.25,21.25,21.0,21.5,0.5,0.3535533905932738,3,59.5,59.333333333333336,59.5,59.0,59.5,0.5,0.28867513459481287,2,58.25,58.25,58.25,58.0,58.5,0.5,0.3535533905932738
401752833,2025,regular,3,2025-09-13 19:30:00+00:00,164,Rutgers,2450,Norfolk State,3,-44.5,-44.833333333333336,-44.5,-45.5,-44.5,1.0,0.5773502691896257,2,-44.25,-44.25,-44.25,-44.5,-44.0,0.5,0.3535533905932738,3,56.0,56.0,56.0,55.5,56.5,1.0,0.5,3,51.5,52.833333333333336,51.5,51.5,55.5,4.0,2.309401076758503
401752834,2025,regular,3,2025-09-13 19:30:00+00:00,127,Michigan State,2754,Youngstown State,3,-23.5,-24.833333333333332,-23.5,-27.5,-23.5,4.0,2.309401076758503,2,-23.5,-23.5,-23.5,-23.5,-23.5,0.0,0.0,3,55.5,55.666666666666664,55.5,55.0,56.5,1.5,0.7637626158259734,2,52.5,52.5,52.5,52.5,52.5,0.0,0.0
401752835,2025,regular,3,2025-09-13 19:30:00+00:00,213,Penn State,222,Villanova,3,-47.5,-47.166666666666664,-47.5,-47.5,-46.5,1.0,0.5773502691896257,3,-47.5,-47.833333333333336,-47.5,-48.5,-47.5,1.0,0.5773502691896257,3,56.5,56.833333333333336,56.5,56.5,57.5,1.0,0.5773502691896257,2,55.5,55.5,55.5,55.5,55.5,0.0,0.0
401752836,2025,regular,3,2025-09-12 22:30:00+00:00,84,Indiana,282,Indiana State,2,-47.5,-47.5,-47.5,-47.5,-47.5,0.0,0.0,2,-48.5,-48.5,-48.5,-48.5,-48.5,0.0,0.0,3,60.5,60.333333333333336,60.5,60.0,60.5,0.5,0.28867513459481287,3,59.5,59.5,59.5,59.5,59.5,0.0,0.0
401752837,2025,regular,3,2025-09-13 02:00:00+00:00,26,UCLA,167,New Mexico,3,-15.5,-15.5,-15.5,-15.5,-15.5,0.0,0.0,2,-14.75,-14.75,-14.75,-15.0,-14.5,0.5,0.3535533905932738,3,52.5,52.666666666666664,52.5,52.5,53.0,0.5,0.28867513459481287,2,52.75,52.75,52.75,52.5,53.0,0.5,0.3535533905932738
401752838,2025,regular,3,2025-09-13 16:00:00+00:00,120,Maryland,119,Towson,3,-28.5,-28.5,-28.5,-28.5,-28.5,0.0,0.0,2,-29.0,-29.0,-29.0,-29.5,-28.5,1.0,0.7071067811865476,3,53.5,53.166666666666664,53.5,52.5,53.5,1.0,0.5773502691896257,2,50.5,50.5,50.5,50.5,50.5,0.0,0.0
401752839,2025,regular,3,2025-09-13 16:00:00+00:00,130,Michigan,2117,Central Michigan,3,-27.5,-27.666666666666668,-27.5,-28.0,-27.5,0.5,0.28867513459481287,2,-27.5,-27.5,-27.5,-27.5,-27.5,0.0,0.0,3,42.5,42.666666666666664,42.5,42.5,43.0,0.5,0.28867513459481287,2,42.0,42.0,42.0,41.5,42.5,1.0,0.7071067811865476
401752840,2025,regular,3,2025-09-14 02:30:00+00:00,25,California,135,Minnesota,3,3.0,3.1666666666666665,3.0,3.0,3.5,0.5,0.28867513459481287,2,2.5,2.5,2.5,2.5,2.5,0.0,0.0,3,40.5,40.5,40.5,39.5,41.5,2.0,1.0,2,43.75,43.75,43.75,43.5,44.0,0.5,0.3535533905932738
401752841,2025,regular,4,2025-09-20 19:00:00+00:00,2483,Oregon,204,Oregon State,3,-34.0,-34.0,-34.0,-34.5,-33.5,1.0,0.5,3,-34.5,-32.0,-34.5,-35.0,-26.5,8.5,4.769696007084728,3,58.5,58.333333333333336,58.5,58.0,58.5,0.5,0.28867513459481287,2,56.5,56.5,56.5,56.5,56.5,0.0,0.0
401752842,2025,regular,4,2025-09-20 23:30:00+00:00,265,Washington State,264,Washington,3,21.0,20.833333333333332,21.0,20.5,21.0,0.5,0.28867513459481287,3,20.5,17.833333333333332,20.5,12.5,20.5,8.0,4.618802153517006,3,52.0,52.0,52.0,51.5,52.5,1.0,0.5,2,53.5,53.5,53.5,53.5,53.5,0.0,0.0
401752843,2025,regular,4,2025-09-20 23:30:00+00:00,84,Indiana,356,Illinois,3,-7.0,-7.0,-7.0,-7.5,-6.5,1.0,0.5,3,-4.5,-3.8333333333333335,-4.5,-4.5,-2.5,2.0,1.1547005383792515,3,51.0,51.0,51.0,50.5,51.5,1.0,0.5,2,52.5,52.5,52.5,52.5,52.5,0.0,0.0
401752844,2025,regular,4,2025-09-20 00:00:00+00:00,164,Rutgers,2294,Iowa,3,2.5,2.3333333333333335,2.5,2.0,2.5,0.5,0.28867513459481287,3,2.5,2.5,2.5,2.0,3.0,1.0,0.5,3,46.5,46.5,46.5,46.5,46.5,0.0,0.0,2,46.0,46.0,46.0,45.5,46.5,1.0,0.7071067811865476
401752845,2025,regular,4,2025-09-20 16:00:00+00:00,275,Wisconsin,120,Maryland,3,-10.5,-10.5,-10.5,-10.5,-10.5,0.0,0.0,3,-7.0,-7.0,-7.0,-7.5,-6.5,1.0,0.5,3,44.5,44.5,44.5,44.5,44.5,0.0,0.0,2,43.5,43.5,43.5,43.5,43.5,0.0,0.0
401752846,2025,regular,4,2025-09-20 19:30:00+00:00,158,Nebraska,130,Michigan,3,1.5,0.6666666666666666,1.5,-1.0,1.5,2.5,1.4433756729740643,3,3.0,2.6666666666666665,3.0,1.5,3.5,2.0,1.0408329997330663,3,47.5,47.833333333333336,47.5,47.5,48.5,1.0,0.5773502691896257,2,44.5,44.5,44.5,44.5,44.5,0.0,0.0
401752847,2025,regular,4,2025-09-21 03:00:00+00:00,30,USC,127,Michigan State,3,-18.5,-18.5,-18.5,-18.5,-18.5,0.0,0.0,3,-15.5,-15.5,-15.5,-16.5,-14.5,2.0,1.0,3,55.5,55.5,55.5,55.5,55.5,0.0,0.0,2,56.0,56.0,56.0,55.5,56.5,1.0,0.7071067811865476
401752848,2025,regular,4,2025-09-20 19:30:00+00:00,87,Notre Dame,2509,Purdue,3,-24.5,-24.5,-24.5,-24.5,-24.5,0.0,0.0,3,-27.0,-28.0,-27.0,-30.5,-26.5,4.0,2.179449471770337,3,51.5,51.5,51.5,51.5,51.5,0.0,0.0,2,52.5,52.5,52.5,52.5,52.5,0.0,0.0
401752849,2025,regular,5,2025-09-27 16:00:00+00:00,135,Minnesota,164,Rutgers,3,-3.5,-3.6666666666666665,-3.5,-4.0,-3.5,0.5,0.28867513459481287,3,-4.5,-4.5,-4.5,-5.5,-3.5,2.0,1.0,3,51.5,51.5,51.5,51.5,51.5,0.0,0.0,1,51.5,51.5,51.5,51.5,51.5,0.0,0.0
401752850,2025,regular,5,2025-09-27 16:00:00+00:00,356,Illinois,30,USC,3,6.5,6.5,6.5,6.5,6.5,0.0,0.0,3,1.5,3.1666666666666665,1.5,1.5,6.5,5.0,2.8867513459481287,3,62.5,62.333333333333336,62.5,62.0,62.5,0.5,0.28867513459481287,2,57.5,57.5,57.5,56.5,58.5,2.0,1.4142135623730951
401752851,2025,regular,5,2025-09-27 19:30:00+00:00,77,Northwestern,26,UCLA,3,-6.0,-6.166666666666667,-6.0,-6.5,-6.0,0.5,0.28867513459481287,3,-6.5,-6.166666666666667,-6.5,-6.5,-5.5,1.0,0.5773502691896257,3,46.0,46.0,46.0,45.5,46.5,1.0,0.5,2,45.75,45.75,45.75,45.5,46.0,0.5,0.3535533905932738
401752852,2025,regular,5,2025-09-27 19:30:00+00:00,264,Washington,194,Ohio State,3,9.5,9.333333333333334,9.5,9.0,9.5,0.5,0.28867513459481287,3,11.5,11.5,11.5,9.5,13.5,4.0,2.0,3,52.5,52.833333333333336,52.5,52.5,53.5,1.0,0.5773502691896257,2,50.5,50.5,50.5,48.5,52.5,4.0,2.8284271247461903
401752853,2025,regular,5,2025-09-27 19:30:00+00:00,2294,Iowa,84,Indiana,3,9.5,9.166666666666666,9.5,8.5,9.5,1.0,0.5773502691896257,3,3.0,4.333333333333333,3.0,2.5,7.5,5.0,2.753785273643051,3,47.5,47.5,47.5,47.5,47.5,0.0,0.0,2,49.25,49.25,49.25,48.5,50.0,1.5,1.0606601717798212
401752854,2025,regular,5,2025-09-27 23:30:00+00:00,213,Penn State,2483,Oregon,3,-4.0,-4.0,-4.0,-4.5,-3.5,1.0,0.5,3,-5.5,-5.166666666666667,-5.5,-6.5,-3.5,3.0,1.5275252316519468,3,53.0,53.0,53.0,52.5,53.5,1.0,0.5,3,52.5,52.5,52.5,52.5,52.5,0.0,0.0
401752855,2025,regular,6,2025-10-04 19:30:00+00:00,26,UCLA,213,Penn State,3,24.5,24.5,24.5,24.5,24.5,0.0,0.0,3,25.5,26.0,25.5,25.0,27.5,2.5,1.3228756555322954,3,48.0,48.0,48.0,47.5,48.5,1.0,0.5,2,49.75,49.75,49.75,49.5,50.0,0.5,0.3535533905932738
401752856,2025,regular,6,2025-10-04 16:00:00+00:00,130,Michigan,275,Wisconsin,3,-17.5,-17.333333333333332,-17.5,-17.5,-17.0,0.5,0.28867513459481287,3,-16.5,-16.666666666666668,-16.5,-17.0,-16.5,0.5,0.28867513459481287,3,42.5,42.5,42.5,42.5,42.5,0.0,0.0,2,41.5,41.5,41.5,41.5,41.5,0.0,0.0
401752857,2025,regular,6,2025-10-04 19:30:00+00:00,120,Maryland,264,Washington,3,5.5,5.5,5.5,5.5,5.5,0.0,0.0,3,5.5,5.833333333333333,5.5,4.5,7.5,3.0,1.5275252316519468,3,52.5,52.666666666666664,52.5,52.0,53.5,1.5,0.7637626158259734,2,53.0,53.0,53.0,52.5,53.5,1.0,0.7071067811865476
401752858,2025,regular,6,2025-10-04 19:30:00+00:00,77,Northwestern,2433,UL Monroe,3,-12.5,-12.833333333333334,-12.5,-13.5,-12.5,1.0,0.5773502691896257,3,-10.5,-10.666666666666666,-10.5,-12.0,-9.5,2.5,1.2583057392117916,3,43.5,43.333333333333336,43.5,43.0,43.5,0.5,0.28867513459481287,2,40.5,40.5,40.5,40.5,40.5,0.0,0.0
401752859,2025,regular,6,2025-10-04 23:30:00+00:00,194,Ohio State,135,Minnesota,3,-23.5,-23.5,-23.5,-23.5,-23.5,0.0,0.0,3,-24.0,-23.166666666666668,-24.0,-24.5,-21.0,3.5,1.8929694486000912,3,42.5,42.333333333333336,42.5,42.0,42.5,0.5,0.28867513459481287,2,44.5,44.5,44.5,44.5,44.5,0.0,0.0
401752860,2025,regular,6,2025-10-04 20:00:00+00:00,158,Nebraska,127,Michigan State,3,-12.5,-12.833333333333334,-12.5,-13.5,-12.5,1.0,0.5773502691896257,3,-10.5,-10.333333333333334,-10.5,-10.5,-10.0,0.5,0.28867513459481287,3,48.5,48.833333333333336,48.5,48.5,49.5,1.0,0.5773502691896257,2,53.5,53.5,53.5,53.5,53.5,0.0,0.0
401752861,2025,regular,6,2025-10-04 16:00:00+00:00,2509,Purdue,356,Illinois,3,7.0,7.166666666666667,7.0,7.0,7.5,0.5,0.28867513459481287,3,10.0,10.0,10.0,7.5,12.5,5.0,2.5,3,54.5,54.833333333333336,54.5,54.5,55.5,1.0,0.5773502691896257,2,55.0,55.0,55.0,54.5,55.5,1.0,0.7071067811865476
401752862,2025,regular,7,2025-10-11 01:00:00+00:00,264,Washington,164,Rutgers,3,-9.5,-9.5,-9.5,-9.5,-9.5,0.0,0.0,3,-10.0,-10.166666666666666,-10.0,-10.5,-10.0,0.5,0.28867513459481287,3,62.5,62.333333333333336,62.5,62.0,62.5,0.5,0.28867513459481287,1,59.0,59.0,59.0,59.0,59.0,0.0,0.0
401752863,2025,regular,7,2025-10-11 16:00:00+00:00,127,Michigan State,26,UCLA,3,-7.0,-6.833333333333333,-7.0,-7.0,-6.5,0.5,0.28867513459481287,3,-7.5,-7.833333333333333,-7.5,-8.5,-7.5,1.0,0.5773502691896257,3,51.5,51.666666666666664,51.5,51.5,52.0,0.5,0.28867513459481287,2,55.5,55.5,55.5,55.5,55.5,0.0,0.0
401752864,2025,regular,7,2025-10-11 23:30:00+00:00,135,Minnesota,2509,Purdue,3,-7.5,-7.333333333333333,-7.5,-7.5,-7.0,0.5,0.28867513459481287,3,-10.0,-10.0,-10.0,-10.5,-9.5,1.0,0.5,3,49.5,49.5,49.5,49.5,49.5,0.0,0.0,2,52.0,52.0,52.0,51.5,52.5,1.0,0.7071067811865476
401752865,2025,regular,7,2025-10-11 16:00:00+00:00,356,Illinois,194,Ohio State,3,15.0,15.0,15.0,14.5,15.5,1.0,0.5,3,13.5,13.833333333333334,13.5,13.5,14.5,1.0,0.5773502691896257,3,51.5,51.333333333333336,51.5,51.0,51.5,0.5,0.28867513459481287,2,50.5,50.5,50.5,50.5,50.5,0.0,0.0
401752866,2025,regular,7,2025-10-11 19:30:00+00:00,213,Penn State,77,Northwestern,3,-20.5,-20.5,-20.5,-20.5,-20.5,0.0,0.0,3,-21.5,-21.833333333333332,-21.5,-22.5,-21.5,1.0,0.5773502691896257,3,46.5,46.5,46.5,46.5,46.5,0.0,0.0,2,48.5,48.5,48.5,48.5,48.5,0.0,0.0
401752867,2025,regular,7,2025-10-11 19:30:00+00:00,120,Maryland,158,Nebraska,3,7.0,6.833333333333333,7.0,6.5,7.0,0.5,0.28867513459481287,3,5.5,5.5,5.5,5.5,5.5,0.0,0.0,3,47.5,47.333333333333336,47.5,47.0,47.5,0.5,0.28867513459481287,2,47.75,47.75,47.75,47.5,48.0,0.5,0.3535533905932738
401752868,2025,regular,7,2025-10-11 23:30:00+00:00,30,USC,130,Michigan,3,-3.0,-2.8333333333333335,-3.0,-3.0,-2.5,0.5,0.28867513459481287,3,-1.5,-0.8333333333333334,-1.5,-2.5,1.5,4.0,2.0816659994661326,3,58.0,58.0,58.0,57.5,58.5,1.0,0.5,2,56.0,56.0,56.0,54.5,57.5,3.0,2.1213203435596424
401752869,2025,regular,7,2025-10-11 23:00:00+00:00,275,Wisconsin,2294,Iowa,3,5.0,5.0,5.0,4.5,5.5,1.0,0.5,3,3.5,3.5,3.5,2.5,4.5,2.0,1.0,3,37.5,37.5,37.5,37.5,37.5,0.0,0.0,2,37.5,37.5,37.5,37.5,37.5,0.0,0.0
401752870,2025,regular,7,2025-10-11 19:30:00+00:00,2483,Oregon,84,Indiana,3,-7.0,-7.0,-7.0,-7.5,-6.5,1.0,0.5,3,-14.0,-12.666666666666666,-14.0,-14.5,-9.5,5.0,2.753785273643051,3,51.5,51.333333333333336,51.5,51.0,51.5,0.5,0.28867513459481287,2,55.0,55.0,55.0,54.5,55.5,1.0,0.7071067811865476
401752871,2025,regular,8,2025-10-18 23:30:00+00:00,87,Notre Dame,30,USC,3,-10.5,-10.666666666666666,-10.5,-11.0,-10.5,0.5,0.28867513459481287,3,-10.0,-9.5,-10.0,-10.5,-8.0,2.5,1.3228756555322954,3,60.5,60.5,60.5,60.5,60.5,0.0,0.0,2,57.5,57.5,57.5,53.5,61.5,8.0,5.656854249492381
401752872,2025,regular,8,2025-10-18 00:00:00+00:00,135,Minnesota,158,Nebraska,3,7.0,6.833333333333333,7.0,6.5,7.0,0.5,0.28867513459481287,3,5.5,5.833333333333333,5.5,5.5,6.5,1.0,0.5773502691896257,3,47.5,47.833333333333336,47.5,47.5,48.5,1.0,0.5773502691896257,2,47.75,47.75,47.75,47.5,48.0,0.5,0.3535533905932738
401752873,2025,regular,8,2025-10-18 16:00:00+00:00,130,Michigan,264,Washington,3,-4.0,-4.166666666666667,-4.0,-4.5,-4.0,0.5,0.28867513459481287,3,-10.5,-9.0,-10.5,-10.5,-6.0,4.5,2.598076211353316,3,50.5,50.5,50.5,50.5,50.5,0.0,0.0,2,49.25,49.25,49.25,47.5,51.0,3.5,2.4748737341529163
401752874,2025,regular,8,2025-10-18 19:00:00+00:00,77,Northwestern,2509,Purdue,3,-3.5,-3.3333333333333335,-3.5,-3.5,-3.0,0.5,0.28867513459481287,3,-3.5,-3.3333333333333335,-3.5,-3.5,-3.0,0.5,0.28867513459481287,3,47.0,47.0,47.0,46.5,47.5,1.0,0.5,2,48.5,48.5,48.5,48.5,48.5,0.0,0.0
401752875,2025,regular,8,2025-10-18 23:00:00+00:00,2294,Iowa,213,Penn State,3,-3.0,-3.1666666666666665,-3.0,-3.5,-3.0,0.5,0.28867513459481287,3,-1.5,2.0,-1.5,-3.0,10.5,13.5,7.399324293474371,3,41.5,41.333333333333336,41.5,41.0,41.5,0.5,0.28867513459481287,2,42.0,42.0,42.0,38.5,45.5,7.0,4.949747468305833
401752876,2025,regular,8,2025-10-18 22:30:00+00:00,164,Rutgers,2483,Oregon,3,17.5,17.833333333333332,17.5,17.5,18.5,1.0,0.5773502691896257,3,15.5,15.833333333333334,15.5,15.5,16.5,1.0,0.5773502691896257,3,62.0,62.0,62.0,61.5,62.5,1.0,0.5,2,58.75,58.75,58.75,58.5,59.0,0.5,0.3535533905932738
401752877,2025,regular,8,2025-10-18 19:30:00+00:00,275,Wisconsin,194,Ohio State,3,24.5,24.5,24.5,24.5,24.5,0.0,0.0,3,27.0,27.333333333333332,27.0,26.5,28.5,2.0,1.0408329997330663,3,41.5,41.333333333333336,41.5,41.0,41.5,0.5,0.28867513459481287,2,41.25,41.25,41.25,40.5,42.0,1.5,1.0606601717798212
401752878,2025,regular,8,2025-10-18 19:30:00+00:00,84,Indiana,127,Michigan State,3,-26.5,-26.5,-26.5,-26.5,-26.5,0.0,0.0,3,-26.5,-26.166666666666668,-26.5,-26.5,-25.5,1.0,0.5773502691896257,3,49.5,49.5,49.5,49.5,49.5,0.0,0.0,2,53.0,53.0,53.0,52.5,53.5,1.0,0.7071067811865476
401752879,2025,regular,8,2025-10-18 23:00:00+00:00,26,UCLA,120,Maryland,3,-4.0,-4.0,-4.0,-4.5,-3.5,1.0,0.5,3,-2.5,-1.5,-2.5,-3.5,1.5,5.0,2.6457513110645907,3,52.5,52.5,52.5,52.5,52.5,0.0,0.0,2,52.5,52.5,52.5,52.5,52.5,0.0,0.0
401752880,2025,regular,9,2025-10-25 19:30:00+00:00,264,Washington,356,Illinois,3,-3.5,-3.3333333333333335,-3.5,-3.5,-3.0,0.5,0.28867513459481287,3,-4.5,-4.666666666666667,-4.5,-5.0,-4.5,0.5,0.28867513459481287,3,54.5,54.5,54.5,54.5,54.5,0.0,0.0,2,56.0,56.0,56.0,55.5,56.5,1.0,0.7071067811865476
401752881,2025,regular,9,2025-10-25 23:30:00+00:00,127,Michigan State,130,Michigan,3,13.5,13.5,13.5,13.5,13.5,0.0,0.0,3,8.5,10.0,8.5,8.0,13.5,5.5,3.0413812651491097,3,47.5,47.5,47.5,47.5,47.5,0.0,0.0,2,47.75,47.75,47.75,46.5,49.0,2.5,1.7677669529663689
401752882,2025,regular,9,2025-10-25 19:30:00+00:00,2294,Iowa,135,Minnesota,3,-7.5,-7.333333333333333,-7.5,-7.5,-7.0,0.5,0.28867513459481287,3,-7.5,-7.666666666666667,-7.5,-8.5,-7.0,1.5,0.7637626158259734,3,39.5,39.166666666666664,39.5,38.5,39.5,1.0,0.5773502691896257,2,38.5,38.5,38.5,38.5,38.5,0.0,0.0
401752883,2025,regular,9,2025-10-25 16:00:00+00:00,158,Nebraska,77,Northwestern,3,-7.0,-7.166666666666667,-7.0,-7.5,-7.0,0.5,0.28867513459481287,3,-8.5,-8.5,-8.5,-9.5,-7.5,2.0,1.0,3,44.5,44.5,44.5,44.5,44.5,0.0,0.0,2,43.75,43.75,43.75,43.5,44.0,0.5,0.3535533905932738
401752884,2025,regular,9,2025-10-25 16:00:00+00:00,2509,Purdue,164,Rutgers,3,-2.5,-2.5,-2.5,-2.5,-2.5,0.0,0.0,3,2.5,2.5,2.5,2.5,2.5,0.0,0.0,3,60.5,60.333333333333336,60.5,60.0,60.5,0.5,0.28867513459481287,2,58.5,58.5,58.5,57.5,59.5,2.0,1.4142135623730951
401752885,2025,regular,9,2025-10-25 16:00:00+00:00,84,Indiana,26,UCLA,3,-27.5,-27.166666666666668,-27.5,-27.5,-26.5,1.0,0.5773502691896257,3,-24.5,-24.166666666666668,-24.5,-24.5,-23.5,1.0,0.5773502691896257,3,53.5,53.5,53.5,53.5,53.5,0.0,0.0,1,54.5,54.5,54.5,54.5,54.5,0.0,0.0
401752886,2025,regular,9,2025-10-25 23:00:00+00:00,2483,Oregon,275,Wisconsin,3,-31.5,-31.333333333333332,-31.5,-31.5,-31.0,0.5,0.28867513459481287,3,-34.0,-34.0,-34.0,-34.5,-33.5,1.0,0.5,3,45.0,45.0,45.0,44.5,45.5,1.0,0.5,2,44.75,44.75,44.75,43.5,46.0,2.5,1.7677669529663689
401752887,2025,regular,10,2025-11-01 19:30:00+00:00,120,Maryland,84,Indiana,3,21.0,21.166666666666668,21.0,21.0,21.5,0.5,0.28867513459481287,3,21.0,19.666666666666668,21.0,16.5,21.5,5.0,2.753785273643051,3,50.5,50.666666666666664,50.5,50.5,51.0,0.5,0.28867513459481287,2,51.5,51.5,51.5,51.5,51.5,0.0,0.0
401752888,2025,regular,10,2025-11-01 19:30:00+00:00,135,Minnesota,127,Michigan State,3,-4.5,-4.5,-4.5,-5.5,-3.5,2.0,1.0,3,-5.5,-5.0,-5.5,-5.5,-4.0,1.5,0.8660254037844386,3,44.5,44.5,44.5,44.5,44.5,0.0,0.0,2,44.0,44.0,44.0,43.5,44.5,1.0,0.7071067811865476
401752889,2025,regular,10,2025-11-01 16:00:00+00:00,194,Ohio State,213,Penn State,3,-17.5,-17.666666666666668,-17.5,-18.0,-17.5,0.5,0.28867513459481287,3,-4.0,-9.666666666666666,-4.0,-21.0,-4.0,17.0,9.814954576223638,3,45.5,45.5,45.5,45.5,45.5,0.0,0.0,2,47.0,47.0,47.0,43.5,50.5,7.0,4.949747468305833
401752890,2025,regular,10,2025-11-01 23:00:00+00:00,130,Michigan,2509,Purdue,3,-21.0,-21.5,-21.0,-22.5,-21.0,1.5,0.8660254037844386,3,-21.0,-21.0,-21.0,-21.5,-20.5,1.0,0.5,3,48.5,48.666666666666664,48.5,48.5,49.0,0.5,0.28867513459481287,2,51.0,51.0,51.0,50.5,51.5,1.0,0.7071067811865476
401752891,2025,regular,10,2025-11-01 16:00:00+00:00,356,Illinois,164,Rutgers,3,-13.0,-13.0,-13.0,-13.5,-12.5,1.0,0.5,3,-13.0,-12.333333333333334,-13.0,-13.5,-10.5,3.0,1.6072751268321592,3,63.5,63.5,63.5,63.5,63.5,0.0,0.0,2,63.0,63.0,63.0,62.5,63.5,1.0,0.7071067811865476
401752892,2025,regular,10,2025-11-01 23:30:00+00:00,158,Nebraska,30,USC,3,4.5,4.5,4.5,4.5,4.5,0.0,0.0,3,6.0,5.666666666666667,6.0,4.5,6.5,2.0,1.0408329997330663,3,59.5,59.333333333333336,59.5,58.5,60.0,1.5,0.7637626158259734,2,58.25,58.25,58.25,58.0,58.5,0.5,0.3535533905932738
401752893,2025,regular,11,2025-11-08 17:00:00+00:00,213,Penn State,84,Indiana,3,14.0,14.0,14.0,13.5,14.5,1.0,0.5,3,11.5,2.6666666666666665,11.5,-17.0,13.5,30.5,17.061164477647278,3,50.5,50.166666666666664,50.5,49.5,50.5,1.0,0.5773502691896257,2,51.5,51.5,51.5,49.5,53.5,4.0,2.8284271247461903
401752894,2025,regular,11,2025-11-08 19:30:00+00:00,164,Rutgers,120,Maryland,3,-1.5,-1.5,-1.5,-1.5,-1.5,0.0,0.0,3,-1.5,-1.6666666666666667,-1.5,-2.5,-1.0,1.5,0.7637626158259734,3,56.5,56.666666666666664,56.5,56.5,57.0,0.5,0.28867513459481287,2,59.0,59.0,59.0,58.5,59.5,1.0,0.7071067811865476
401752895,2025,regular,11,2025-11-09 02:00:00+00:00,26,UCLA,158,Nebraska,3,-2.0,-2.0,-2.0,-2.5,-1.5,1.0,0.5,3,-2.5,-0.3333333333333333,-2.5,-3.0,4.5,7.5,4.193248541803041,3,45.5,45.666666666666664,45.5,45.5,46.0,0.5,0.28867513459481287,2,43.75,43.75,43.75,43.5,44.0,0.5,0.3535533905932738
401752896,2025,regular,11,2025-11-08 02:00:00+00:00,30,USC,77,Northwestern,3,-14.5,-14.5,-14.5,-14.5,-14.5,0.0,0.0,3,-15.5,-15.666666666666666,-15.5,-16.5,-15.0,1.5,0.7637626158259734,3,54.5,54.333333333333336,54.5,54.0,54.5,0.5,0.28867513459481287,2,51.5,51.5,51.5,51.5,51.5,0.0,0.0
401752897,2025,regular,11,2025-11-08 18:00:00+00:00,2509,Purdue,194,Ohio State,3,29.5,29.666666666666668,29.5,29.0,30.5,1.5,0.7637626158259734,2,28.5,28.5,28.5,28.5,28.5,0.0,0.0,3,49.5,49.666666666666664,49.5,49.5,50.0,0.5,0.28867513459481287,2,48.5,48.5,48.5,48.5,48.5,0.0,0.0
401752898,2025,regular,11,2025-11-08 20:30:00+00:00,2294,Iowa,2483,Oregon,3,4.5,4.5,4.5,4.5,4.5,0.0,0.0,3,6.0,6.333333333333333,6.0,5.5,7.5,2.0,1.0408329997330663,3,41.5,41.666666666666664,41.5,41.0,42.5,1.5,0.7637626158259734,2,43.5,43.5,43.5,43.5,43.5,0.0,0.0
401752899,2025,regular,11,2025-11-08 21:30:00+00:00,275,Wisconsin,264,Washington,3,10.5,10.5,10.5,10.5,10.5,0.0,0.0,3,11.5,12.0,11.5,11.0,13.5,2.5,1.3228756555322954,3,44.5,44.5,44.5,44.5,44.5,0.0,0.0,2,45.5,45.5,45.5,45.5,45.5,0.0,0.0
401752900,2025,regular,12,2025-11-16 00:30:00+00:00,194,Ohio State,26,UCLA,3,-33.0,-33.0,-33.0,-33.5,-32.5,1.0,0.5,3,-31.5,-31.166666666666668,-31.5,-31.5,-30.5,1.0,0.5773502691896257,3,46.5,46.5,46.5,46.5,46.5,0.0,0.0,2,48.5,48.5,48.5,48.5,48.5,0.0,0.0
401752901,2025,regular,12,2025-11-15 17:00:00+00:00,84,Indiana,275,Wisconsin,3,-28.0,-28.0,-28.0,-28.5,-27.5,1.0,0.5,3,-30.5,-30.5,-30.5,-30.5,-30.5,0.0,0.0,3,43.5,43.5,43.5,43.5,43.5,0.0,0.0,2,44.0,44.0,44.0,43.5,44.5,1.0,0.7071067811865476
401752902,2025,regular,12,2025-11-16 00:00:00+00:00,264,Washington,2509,Purdue,3,-14.5,-14.833333333333334,-14.5,-15.5,-14.5,1.0,0.5773502691896257,3,-16.5,-16.166666666666668,-16.5,-16.5,-15.5,1.0,0.5773502691896257,3,51.5,51.333333333333336,51.5,51.0,51.5,0.5,0.28867513459481287,2,53.75,53.75,53.75,52.5,55.0,2.5,1.7677669529663689
401752903,2025,regular,12,2025-11-15 20:30:00+00:00,127,Michigan State,213,Penn State,3,7.0,6.833333333333333,7.0,6.5,7.0,0.5,0.28867513459481287,3,7.5,7.333333333333333,7.5,7.0,7.5,0.5,0.28867513459481287,3,49.0,49.0,49.0,48.5,49.5,1.0,0.5,2,49.5,49.5,49.5,48.5,50.5,2.0,1.4142135623730951
401752904,2025,regular,12,2025-11-15 02:00:00+00:00,2483,Oregon,135,Minnesota,3,-26.5,-26.666666666666668,-26.5,-27.0,-26.5,0.5,0.28867513459481287,3,-22.5,-22.333333333333332,-22.5,-23.0,-21.5,1.5,0.7637626158259734,3,46.0,46.0,46.0,45.5,46.5,1.0,0.5,2,45.0,45.0,45.0,44.5,45.5,1.0,0.7071067811865476
401752905,2025,regular,12,2025-11-15 17:00:00+00:00,77,Northwestern,130,Michigan,3,10.0,10.166666666666666,10.0,10.0,10.5,0.5,0.28867513459481287,3,10.0,10.166666666666666,10.0,10.0,10.5,0.5,0.28867513459481287,3,42.0,42.0,42.0,41.5,42.5,1.0,0.5,2,40.5,40.5,40.5,40.5,40.5,0.0,0.0
401752906,2025,regular,12,2025-11-15 20:30:00+00:00,356,Illinois,120,Maryland,3,-16.5,-16.166666666666668,-16.5,-16.5,-15.5,1.0,0.5773502691896257,3,-14.0,-14.0,-14.0,-14.5,-13.5,1.0,0.5,3,51.5,51.666666666666664,51.5,51.5,52.0,0.5,0.28867513459481287,1,53.5,53.5,53.5,53.5,53.5,0.0,0.0
401752907,2025,regular,12,2025-11-15 20:30:00+00:00,30,USC,2294,Iowa,3,-6.5,-6.5,-6.5,-6.5,-6.5,0.0,0.0,3,-6.5,-6.5,-6.5,-6.5,-6.5,0.0,0.0,3,48.5,48.5,48.5,48.5,48.5,0.0,0.0,2,49.5,49.5,49.5,49.5,49.5,0.0,0.0
401752908,2025,regular,13,2025-11-23 00:00:00+00:00,213,Penn State,158,Nebraska,3,-7.0,-7.166666666666667,-7.0,-7.5,-7.0,0.5,0.28867513459481287,3,-9.5,-8.833333333333334,-9.5,-9.5,-7.5,2.0,1.1547005383792515,3,45.5,45.333333333333336,45.5,45.0,45.5,0.5,0.28867513459481287,2,44.0,44.0,44.0,43.5,44.5,1.0,0.7071067811865476
401752909,2025,regular,13,2025-11-22 17:00:00+00:00,77,Northwestern,135,Minnesota,3,-4.0,-4.166666666666667,-4.0,-4.5,-4.0,0.5,0.28867513459481287,3,-4.0,-4.333333333333333,-4.0,-5.5,-3.5,2.0,1.0408329997330663,3,41.0,41.0,41.0,40.5,41.5,1.0,0.5,2,41.0,41.0,41.0,40.5,41.5,1.0,0.7071067811865476
401752910,2025,regular,13,2025-11-23 03:30:00+00:00,26,UCLA,264,Washington,3,10.5,10.666666666666666,10.5,10.5,11.0,0.5,0.28867513459481287,3,10.5,10.833333333333334,10.5,10.5,11.5,1.0,0.5773502691896257,3,51.5,51.333333333333336,51.5,51.0,51.5,0.5,0.28867513459481287,2,52.0,52.0,52.0,51.5,52.5,1.0,0.7071067811865476
401752911,2025,regular,13,2025-11-22 20:30:00+00:00,2483,Oregon,30,USC,3,-11.0,-11.333333333333334,-11.0,-12.5,-10.5,2.0,1.0408329997330663,3,-12.0,-11.666666666666666,-12.0,-13.5,-9.5,4.0,2.0207259421636903,3,59.5,59.666666666666664,59.5,59.0,60.5,1.5,0.7637626158259734,2,57.75,57.75,57.75,55.5,60.0,4.5,3.181980515339464
401752912,2025,regular,13,2025-11-22 17:00:00+00:00,194,Ohio State,164,Rutgers,3,-28.5,-28.666666666666668,-28.5,-29.0,-28.5,0.5,0.28867513459481287,3,-32.5,-32.833333333333336,-32.5,-33.5,-32.5,1.0,0.5773502691896257,3,54.5,54.333333333333336,54.5,54.0,54.5,0.5,0.28867513459481287,2,55.75,55.75,55.75,55.5,56.0,0.5,0.3535533905932738
401752913,2025,regular,13,2025-11-22 20:30:00+00:00,2294,Iowa,127,Michigan State,3,-17.5,-17.5,-17.5,-17.5,-17.5,0.0,0.0,3,-16.5,-16.166666666666668,-16.5,-16.5,-15.5,1.0,0.5773502691896257,3,43.0,43.0,43.0,42.5,43.5,1.0,0.5,2,42.5,42.5,42.5,42.5,42.5,0.0,0.0
401752914,2025,regular,13,2025-11-22 21:00:00+00:00,120,Maryland,130,Michigan,3,14.0,13.833333333333334,14.0,13.5,14.0,0.5,0.28867513459481287,3,11.5,12.166666666666666,11.5,11.5,13.5,2.0,1.1547005383792515,3,46.5,46.5,46.5,46.5,46.5,0.0,0.0,2,45.5,45.5,45.5,45.5,45.5,0.0,0.0
401752915,2025,regular,13,2025-11-23 00:30:00+00:00,275,Wisconsin,356,Illinois,3,8.5,8.833333333333334,8.5,8.5,9.5,1.0,0.5773502691896257,3,9.5,9.333333333333334,9.5,9.0,9.5,0.5,0.28867513459481287,3,42.0,42.0,42.0,41.5,42.5,1.0,0.5,2,41.75,41.75,41.75,41.0,42.5,1.5,1.0606601717798212
401752916,2025,regular,14,2025-11-28 17:00:00+00:00,158,Nebraska,2294,Iowa,3,5.5,5.666666666666667,5.5,5.5,6.0,0.5,0.28867513459481287,3,4.0,2.1666666666666665,4.0,-2.5,5.0,7.5,4.0722639076235385,3,38.5,38.833333333333336,38.5,38.5,39.5,1.0,0.5773502691896257,2,42.0,42.0,42.0,39.5,44.5,5.0,3.5355339059327378
401752917,2025,regular,14,2025-11-29 20:30:00+00:00,264,Washington,2483,Oregon,3,6.5,6.666666666666667,6.5,6.5,7.0,0.5,0.28867513459481287,3,7.5,8.333333333333334,7.5,7.0,10.5,3.5,1.8929694486000912,3,51.5,51.333333333333336,51.5,51.0,51.5,0.5,0.28867513459481287,2,52.5,52.5,52.5,52.5,52.5,0.0,0.0
401752918,2025,regular,14,2025-11-29 20:30:00+00:00,135,Minnesota,275,Wisconsin,3,2.5,2.5,2.5,2.5,2.5,0.0,0.0,3,-2.5,-2.3333333333333335,-2.5,-2.5,-2.0,0.5,0.28867513459481287,3,38.5,38.5,38.5,38.5,38.5,0.0,0.0,2,38.0,38.0,38.0,37.5,38.5,1.0,0.7071067811865476
401752919,2025,regular,14,2025-11-30 00:30:00+00:00,30,USC,26,UCLA,3,-21.5,-21.333333333333332,-21.5,-21.5,-21.0,0.5,0.28867513459481287,3,-20.5,-20.333333333333332,-20.5,-21.0,-19.5,1.5,0.7637626158259734,3,59.0,59.0,59.0,58.5,59.5,1.0,0.5,2,61.0,61.0,61.0,60.5,61.5,1.0,0.7071067811865476
401752920,2025,regular,14,2025-11-29 20:30:00+00:00,164,Rutgers,213,Penn State,3,14.0,14.166666666666666,14.0,14.0,14.5,0.5,0.28867513459481287,3,10.5,10.833333333333334,10.5,10.5,11.5,1.0,0.5773502691896257,3,55.5,55.5,55.5,55.5,55.5,0.0,0.0,2,55.5,55.5,55.5,55.5,55.5,0.0,0.0
401752921,2025,regular,14,2025-11-29 17:00:00+00:00,130,Michigan,194,Ohio State,3,9.5,9.5,9.5,9.5,9.5,0.0,0.0,3,5.5,5.5,5.5,5.5,5.5,0.0,0.0,3,43.0,43.0,43.0,42.5,43.5,1.0,0.5,2,47.5,47.5,47.5,47.5,47.5,0.0,0.0
401752922,2025,regular,14,2025-11-30 00:30:00+00:00,356,Illinois,77,Northwestern,3,-7.0,-7.166666666666667,-7.0,-7.5,-7.0,0.5,0.28867513459481287,3,-7.0,-6.833333333333333,-7.0,-7.0,-6.5,0.5,0.28867513459481287,3,44.5,44.333333333333336,44.5,44.0,44.5,0.5,0.28867513459481287,2,47.5,47.5,47.5,47.5,47.5,0.0,0.0
401752923,2025,regular,14,2025-11-30 00:00:00+00:00,127,Michigan State,120,Maryland,3,-4.0,-4.166666666666667,-4.0,-4.5,-4.0,0.5,0.28867513459481287,3,-4.5,-4.166666666666667,-4.5,-4.5,-3.5,1.0,0.5773502691896257,3,49.5,49.166666666666664,49.5,48.5,49.5,1.0,0.5773502691896257,2,48.0,48.0,48.0,47.5,48.5,1.0,0.7071067811865476
401752924,2025,regular,14,2025-11-29 00:30:00+00:00,2509,Purdue,84,Indiana,3,28.5,28.5,28.5,28.5,28.5,0.0,0.0,3,28.5,28.166666666666668,28.5,27.5,28.5,1.0,0.5773502691896257,3,54.5,54.166666666666664,54.5,53.5,54.5,1.0,0.5773502691896257,2,53.5,53.5,53.5,52.5,54.5,2.0,1.4142135623730951
401752936,2025,regular,1,2025-08-31 02:30:00+00:00,204,Oregon State,25,California,3,2.5,0.8333333333333334,2.5,-3.0,3.0,6.0,3.3291640592396963,3,-2.5,-2.3333333333333335,-2.5,-3.0,-1.5,1.5,0.7637626158259734,3,48.5,49.333333333333336,48.5,48.0,51.5,3.5,1.8929694486000912,3,51.5,51.833333333333336,51.5,51.5,52.5,1.0,0.5773502691896257
401752937,2025,regular,2,2025-09-06 19:30:00+00:00,204,Oregon State,278,Fresno State,2,-1.25,-1.25,-1.25,-1.5,-1.0,0.5,0.3535533905932738,2,-2.25,-2.25,-2.25,-2.5,-2.0,0.5,0.3535533905932738,2,45.0,45.0,45.0,44.5,45.5,1.0,0.7071067811865476,2,48.5,48.5,48.5,48.5,48.5,0.0,0.0
401752938,2025,regular,3,2025-09-13 19:30:00+00:00,2641,Texas Tech,204,Oregon State,3,-24.0,-24.0,-24.0,-24.5,-23.5,1.0,0.5,2,-24.25,-24.25,-24.25,-24.5,-24.0,0.5,0.3535533905932738,3,61.5,61.5,61.5,61.5,61.5,0.0,0.0,2,60.5,60.5,60.5,60.5,60.5,0.0,0.0
401752939,2025,regular,5,2025-09-27 02:30:00+00:00,204,Oregon State,248,Houston,3,11.5,11.833333333333334,11.5,11.5,12.5,1.0,0.5773502691896257,3,12.5,12.5,12.5,12.5,12.5,0.0,0.0,3,48.5,48.166666666666664,48.5,47.5,48.5,1.0,0.5773502691896257,1,48.5,48.5,48.5,48.5,48.5,0.0,0.0
401752940,2025,regular,6,2025-10-04 19:30:00+00:00,2026,App State,204,Oregon State,3,-2.0,-2.0,-2.0,-2.5,-1.5,1.0,0.5,3,-1.5,-0.8333333333333334,-1.5,-2.5,1.5,4.0,2.0816659994661326,3,53.5,53.833333333333336,53.5,53.5,54.5,1.0,0.5773502691896257,2,54.75,54.75,54.75,54.5,55.0,0.5,0.3535533905932738
401752941,2025,regular,8,2025-10-19 02:00:00+00:00,204,Oregon State,322,Lafayette,3,-21.0,-21.166666666666668,-21.0,-21.5,-21.0,0.5,0.28867513459481287,2,-23.0,-23.0,-23.0,-23.5,-22.5,1.0,0.7071067811865476,3,56.5,56.166666666666664,56.5,55.5,56.5,1.0,0.5773502691896257,2,54.5,54.5,54.5,54.5,54.5,0.0,0.0
401752942,2025,regular,9,2025-10-25 16:00:00+00:00,154,Wake Forest,2567,SMU,3,5.5,5.5,5.5,5.5,5.5,0.0,0.0,3,3.5,3.8333333333333335,3.5,3.5,4.5,1.0,0.5773502691896257,3,52.5,52.666666666666664,52.5,52.5,53.0,0.5,0.28867513459481287,2,55.0,55.0,55.0,53.5,56.5,3.0,2.1213203435596424
401752943,2025,regular,10,2025-11-01 23:30:00+00:00,204,Oregon State,265,Washington State,3,3.5,3.3333333333333335,3.5,3.0,3.5,0.5,0.28867513459481287,3,3.5,3.6666666666666665,3.5,3.0,4.5,1.5,0.7637626158259734,3,47.5,47.5,47.5,47.5,47.5,0.0,0.0,2,49.5,49.5,49.5,49.5,49.5,0.0,0.0
401752944,2025,regular,11,2025-11-09 03:00:00+00:00,204,Oregon State,2534,Sam Houston,3,-21.0,-21.166666666666668,-21.0,-21.5,-21.0,0.5,0.28867513459481287,3,-18.5,-18.166666666666668,-18.5,-18.5,-17.5,1.0,0.5773502691896257,3,52.5,52.166666666666664,52.5,51.5,52.5,1.0,0.5773502691896257,2,51.5,51.5,51.5,51.5,51.5,0.0,0.0
401752945,2025,regular,12,2025-11-15 18:00:00+00:00,202,Tulsa,204,Oregon State,3,-1.5,-1.3333333333333333,-1.5,-1.5,-1.0,0.5,0.28867513459481287,2,-0.25,-0.25,-0.25,-1.5,1.0,2.5,1.7677669529663689,3,50.5,50.5,50.5,50.5,50.5,0.0,0.0,2,50.5,50.5,50.5,50.5,50.5,0.0,0.0
401752946,2025,regular,14,2025-11-29 23:30:00+00:00,265,Washington State,204,Oregon State,3,-14.0,-14.166666666666666,-14.0,-14.5,-14.0,0.5,0.28867513459481287,3,-12.5,-12.833333333333334,-12.5,-13.5,-12.5,1.0,0.5773502691896257,3,42.5,42.5,42.5,42.5,42.5,0.0,0.0,2,43.5,43.5,43.5,43.5,43.5,0.0,0.0
401752947,2025,regular,1,2025-08-31 02:00:00+00:00,265,Washington State,70,Idaho,2,-16.75,-16.75,-16.75,-17.0,-16.5,0.5,0.3535533905932738,2,-12.0,-12.0,-12.0,-14.5,-9.5,5.0,3.5355339059327378,2,50.75,50.75,50.75,50.5,51.0,0.5,0.3535533905932738,2,50.5,50.5,50.5,50.5,50.5,0.0,0.0
401752948,2025,regular,2,2025-09-07 02:15:00+00:00,265,Washington State,21,San Diego State,2,-2.25,-2.25,-2.25,-2.5,-2.0,0.5,0.3535533905932738,2,-2.25,-2.25,-2.25,-3.0,-1.5,1.5,1.0606601717798212,2,46.5,46.5,46.5,46.5,46.5,0.0,0.0,2,45.25,45.25,45.25,45.0,45.5,0.5,0.3535533905932738
401752949,2025,regular,3,2025-09-13 19:30:00+00:00,249,North Texas,265,Washington State,3,-6.5,-6.5,-6.5,-6.5,-6.5,0.0,0.0,2,-5.5,-5.5,-5.5,-5.5,-5.5,0.0,0.0,3,57.5,57.833333333333336,57.5,57.5,58.5,1.0,0.5773502691896257,2,58.25,58.25,58.25,58.0,58.5,0.5,0.3535533905932738
401752950,2025,regular,5,2025-09-27 23:30:00+00:00,36,Colorado State,265,Washington State,3,-4.5,-5.166666666666667,-4.5,-6.5,-4.5,2.0,1.1547005383792515,3,-4.5,-4.333333333333333,-4.5,-4.5,-4.0,0.5,0.28867513459481287,3,48.5,48.5,48.5,48.5,48.5,0.0,0.0,2,50.5,50.5,50.5,50.5,50.5,0.0,0.0
401752951,2025,regular,8,2025-10-18 22:30:00+00:00,258,Virginia,265,Washington State,3,-16.5,-16.5,-16.5,-16.5,-16.5,0.0,0.0,3,-18.0,-18.0,-18.0,-19.5,-16.5,3.0,1.5,3,56.5,56.5,56.5,56.5,56.5,0.0,0.0,2,57.0,57.0,57.0,56.5,57.5,1.0,0.7071067811865476
401752952,2025,regular,9,2025-10-25 19:30:00+00:00,265,Washington State,2649,Toledo,3,1.5,1.6666666666666667,1.5,1.5,2.0,0.5,0.28867513459481287,3,-1.5,-0.5,-1.5,-1.5,1.5,3.0,1.7320508075688772,3,44.5,44.833333333333336,44.5,44.5,45.5,1.0,0.5773502691896257,2,50.75,50.75,50.75,50.5,51.0,0.5,0.3535533905932738
401752953,2025,regular,12,2025-11-16 03:00:00+00:00,265,Washington State,2348,Louisiana Tech,3,-10.0,-10.166666666666666,-10.0,-10.5,-10.0,0.5,0.28867513459481287,3,-6.5,-5.5,-6.5,-6.5,-3.5,3.0,1.7320508075688772,3,43.5,43.5,43.5,43.5,43.5,0.0,0.0,2,47.25,47.25,47.25,47.0,47.5,0.5,0.3535533905932738
401752954,2025,regular,13,2025-11-22 18:00:00+00:00,256,James Madison,265,Washington State,3,-15.5,-15.333333333333334,-15.5,-15.5,-15.0,0.5,0.28867513459481287,3,-13.5,-13.5,-13.5,-13.5,-13.5,0.0,0.0,3,44.5,44.833333333333336,44.5,44.5,45.5,1.0,0.5773502691896257,2,43.0,43.0,43.0,41.5,44.5,3.0,2.1213203435596424
401754371,2025,regular,8,2025-10-18 02:30:00+00:00,25,California,153,North Carolina,3,-7.5,-7.833333333333333,-7.5,-8.5,-7.5,1.0,0.5773502691896257,3,-12.5,-12.166666666666666,-12.5,-12.5,-11.5,1.0,0.5773502691896257,3,46.5,46.5,46.5,45.5,47.5,2.0,1.0,2,47.0,47.0,47.0,46.5,47.5,1.0,0.7071067811865476
401754372,2025,regular,9,2025-10-24 23:30:00+00:00,259,Virginia Tech,25,California,3,-6.0,-6.166666666666667,-6.0,-6.5,-6.0,0.5,0.28867513459481287,3,-2.5,-3.1666666666666665,-2.5,-4.5,-2.5,2.0,1.1547005383792515,3,50.5,50.666666666666664,50.5,50.5,51.0,0.5,0.28867513459481287,2,49.5,49.5,49.5,49.5,49.5,0.0,0.0
401754373,2025,regular,1,2025-08-28 23:00:00+00:00,152,NC State,151,East Carolina,3,-13.5,-13.333333333333334,-13.5,-14.0,-12.5,1.5,0.7637626158259734,3,-12.5,-13.0,-12.5,-14.0,-12.5,1.5,0.8660254037844386,3,61.0,60.333333333333336,61.0,58.5,61.5,3.0,1.6072751268321592,3,58.5,57.833333333333336,58.5,56.5,58.5,2.0,1.1547005383792515
401754374,2025,regular,1,2025-08-29 23:00:00+00:00,154,Wake Forest,338,Kennesaw State,3,-18.5,-18.166666666666668,-18.5,-18.5,-17.5,1.0,0.5773502691896257,3,-17.5,-17.666666666666668,-17.5,-18.0,-17.5,0.5,0.28867513459481287,3,51.5,51.333333333333336,51.5,51.0,51.5,0.5,0.28867513459481287,3,51.5,52.166666666666664,51.5,51.5,53.5,2.0,1.1547005383792515
401754375,2025,regular,1,2025-08-30 00:00:00+00:00,38,Colorado,59,Georgia Tech,3,3.5,3.6666666666666665,3.5,3.5,4.0,0.5,0.28867513459481287,3,4.0,3.8333333333333335,4.0,3.5,4.0,0.5,0.28867513459481287,3,50.5,52.0,50.5,50.0,55.5,5.5,3.0413812651491097,3,55.5,56.166666666666664,55.5,55.5,57.5,2.0,1.1547005383792515
401754516,2025,regular,1,2025-08-23 23:30:00+00:00,62,Hawai'i,24,Stanford,3,-1.5,-1.6666666666666667,-1.5,-2.0,-1.5,0.5,0.28867513459481287,3,-1.5,-0.16666666666666666,-1.5,-1.5,2.5,4.0,2.309401076758503,3,50.5,51.333333333333336,50.5,50.0,53.5,3.5,1.8929694486000912,3,53.5,54.166666666666664,53.5,53.5,55.5,2.0,1.1547005383792515
401754517,2025,regular,1,2025-08-28 23:30:00+00:00,150,Duke,2210,Elon,1,-36.5,-36.5,-36.5,-36.5,-36.5,0.0,0.0,2,-33.5,-33.5,-33.5,-33.5,-33.5,0.0,0.0,2,51.0,51.0,51.0,50.5,51.5,1.0,0.7071067811865476,2,47.5,47.5,47.5,47.5,47.5,0.0,0.0
401754518,2025,regular,1,2025-08-30 18:00:00+00:00,103,Boston College,2230,Fordham,2,-34.75,-34.75,-34.75,-35.0,-34.5,0.5,0.3535533905932738,2,-35.5,-35.5,-35.5,-36.5,-34.5,2.0,1.4142135623730951,2,53.0,53.0,53.0,52.5,53.5,1.0,0.7071067811865476,2,53.5,53.5,53.5,53.5,53.5,0.0,0.0
401754519,2025,regular,1,2025-08-30 19:00:00+00:00,97,Louisville,2198,Eastern Kentucky,2,-37.75,-37.75,-37.75,-38.0,-37.5,0.5,0.3535533905932738,2,-37.75,-37.75,-37.75,-38.0,-37.5,0.5,0.3535533905932738,2,57.0,57.0,57.0,56.5,57.5,1.0,0.7071067811865476,2,56.5,56.5,56.5,56.5,56.5,0.0,0.0
401754520,2025,regular,1,2025-08-30 16:00:00+00:00,221,Pittsburgh,2184,Duquesne,2,-39.25,-39.25,-39.25,-39.5,-39.0,0.5,0.3535533905932738,2,-38.75,-38.75,-38.75,-39.0,-38.5,0.5,0.3535533905932738,2,58.25,58.25,58.25,58.0,58.5,0.5,0.3535533905932738,2,56.25,56.25,56.25,55.5,57.0,1.5,1.0606601717798212
401754521,2025,regular,1,2025-08-31 01:00:00+00:00,2567,SMU,2837,East Texas A&M,2,-50.75,-50.75,-50.75,-51.0,-50.5,0.5,0.3535533905932738,2,-50.5,-50.5,-50.5,-50.5,-50.5,0.0,0.0,2,64.75,64.75,64.75,64.5,65.0,0.5,0.3535533905932738,2,63.5,63.5,63.5,63.5,63.5,0.0,0.0
401754522,2025,regular,1,2025-08-31 23:30:00+00:00,2390,Miami,87,Notre Dame,3,2.5,2.6666666666666665,2.5,2.5,3.0,0.5,0.28867513459481287,3,2.5,2.5,2.5,2.5,2.5,0.0,0.0,3,50.5,51.5,50.5,50.5,53.5,3.0,1.7320508075688772,3,53.5,53.5,53.5,52.5,54.5,2.0,1.0
401754523,2025,regular,1,2025-09-02 00:00:00+00:00,153,North Carolina,2628,TCU,3,3.5,3.3333333333333335,3.5,3.0,3.5,0.5,0.28867513459481287,3,3.0,1.1666666666666667,3.0,-2.5,3.0,5.5,3.1754264805429417,3,55.0,56.333333333333336,55.0,54.5,59.5,5.0,2.753785273643051,3,59.5,59.166666666666664,59.5,58.5,59.5,1.0,0.5773502691896257
401754524,2025,regular,2,2025-09-06 16:00:00+00:00,152,NC State,258,Virginia,2,-2.75,-2.75,-2.75,-3.0,-2.5,0.5,0.3535533905932738,2,-2.75,-2.75,-2.75,-3.0,-2.5,0.5,0.3535533905932738,2,52.75,52.75,52.75,52.5,53.0,0.5,0.3535533905932738,2,55.0,55.0,55.0,54.5,55.5,1.0,0.7071067811865476
401754525,2025,regular,2,2025-09-06 16:00:00+00:00,2567,SMU,239,Baylor,2,-2.75,-2.75,-2.75,-3.0,-2.5,0.5,0.3535533905932738,2,-4.25,-4.25,-4.25,-4.5,-4.0,0.5,0.3535533905932738,2,65.5,65.5,65.5,65.5,65.5,0.0,0.0,2,62.75,62.75,62.75,60.5,65.0,4.5,3.181980515339464
401754526,2025,regular,2,2025-09-07 02:15:00+00:00,252,BYU,24,Stanford,2,-20.5,-20.5,-20.5,-20.5,-20.5,0.0,0.0,2,-18.0,-18.0,-18.0,-18.5,-17.5,1.0,0.7071067811865476,2,44.0,44.0,44.0,43.5,44.5,1.0,0.7071067811865476,2,47.75,47.75,47.75,47.5,48.0,0.5,0.3535533905932738
401754527,2025,regular,2,2025-09-06 23:00:00+00:00,2429,Charlotte,153,North Carolina,2,15.75,15.75,15.75,15.0,16.5,1.5,1.0606601717798212,2,14.75,14.75,14.75,13.0,16.5,3.5,2.4748737341529163,2,49.5,49.5,49.5,49.5,49.5,0.0,0.0,2,48.5,48.5,48.5,47.5,49.5,2.0,1.4142135623730951
401754528,2025,regular,2,2025-09-05 23:00:00+00:00,97,Louisville,256,James Madison,2,-15.25,-15.25,-15.25,-15.5,-15.0,0.5,0.3535533905932738,2,-14.75,-14.75,-14.75,-15.0,-14.5,0.5,0.3535533905932738,2,56.75,56.75,56.75,56.5,57.0,0.5,0.3535533905932738,2,57.5,57.5,57.5,57.5,57.5,0.0,0.0
401754529,2025,regular,2,2025-09-06 16:00:00+00:00,221,Pittsburgh,2117,Central Michigan,2,-21.5,-21.5,-21.5,-21.5,-21.5,0.0,0.0,2,-21.5,-21.5,-21.5,-21.5,-21.5,0.0,0.0,2,48.5,48.5,48.5,48.5,48.5,0.0,0.0,2,53.25,53.25,53.25,53.0,53.5,0.5,0.3535533905932738
401754530,2025,regular,2,2025-09-06 22:00:00+00:00,25,California,2640,Texas Southern,2,-44.5,-44.5,-44.5,-44.5,-44.5,0.0,0.0,2,-45.0,-45.0,-45.0,-45.0,-45.0,0.0,0.0,2,54.5,54.5,54.5,54.5,54.5,0.0,0.0,2,53.75,53.75,53.75,53.5,54.0,0.5,0.3535533905932738
401754531,2025,regular,3,2025-09-11 23:30:00+00:00,154,Wake Forest,152,NC State,3,7.5,7.333333333333333,7.5,7.0,7.5,0.5,0.28867513459481287,2,7.25,7.25,7.25,7.0,7.5,0.5,0.3535533905932738,3,52.5,52.666666666666664,52.5,52.5,53.0,0.5,0.28867513459481287,2,55.0,55.0,55.0,54.5,55.5,1.0,0.7071067811865476
401754532,2025,regular,3,2025-09-12 23:00:00+00:00,183,Syracuse,2142,Colgate,3,-36.5,-36.833333333333336,-36.5,-37.5,-36.5,1.0,0.5773502691896257,3,-37.5,-37.5,-37.5,-37.5,-37.5,0.0,0.0,3,64.5,64.33333333333333,64.5,64.0,64.5,0.5,0.28867513459481287,2,66.5,66.5,66.5,66.5,66.5,0.0,0.0
401754533,2025,regular,3,2025-09-14 02:30:00+00:00,24,Stanford,103,Boston College,3,14.0,13.833333333333334,14.0,13.5,14.0,0.5,0.28867513459481287,3,10.5,11.166666666666666,10.5,10.5,12.5,2.0,1.1547005383792515,3,44.5,45.166666666666664,44.5,44.5,46.5,2.0,1.1547005383792515,2,44.0,44.0,44.0,43.5,44.5,1.0,0.7071067811865476
401754534,2025,regular,3,2025-09-14 00:00:00+00:00,2655,Tulane,150,Duke,3,-1.5,-0.5,-1.5,-1.5,1.5,3.0,1.7320508075688772,2,-2.5,-2.5,-2.5,-2.5,-2.5,0.0,0.0,3,52.5,52.833333333333336,52.5,52.5,53.5,1.0,0.5773502691896257,2,52.5,52.5,52.5,52.5,52.5,0.0,0.0
401754535,2025,regular,3,2025-09-13 20:30:00+00:00,2390,Miami,58,South Florida,3,-17.5,-17.666666666666668,-17.5,-18.0,-17.5,0.5,0.28867513459481287,2,-15.75,-15.75,-15.75,-16.0,-15.5,0.5,0.3535533905932738,3,56.5,56.5,56.5,56.5,56.5,0.0,0.0,2,54.5,54.5,54.5,54.5,54.5,0.0,0.0
401754536,2025,regular,3,2025-09-13 23:00:00+00:00,259,Virginia Tech,295,Old Dominion,3,-5.5,-5.5,-5.5,-5.5,-5.5,0.0,0.0,2,-7.25,-7.25,-7.25,-8.0,-6.5,1.5,1.0606601717798212,3,50.5,50.666666666666664,50.5,50.5,51.0,0.5,0.28867513459481287,2,51.0,51.0,51.0,50.5,51.5,1.0,0.7071067811865476
401754537,2025,regular,4,2025-09-20 16:00:00+00:00,228,Clemson,183,Syracuse,3,-17.5,-17.5,-17.5,-17.5,-17.5,0.0,0.0,3,-17.0,-17.0,-17.0,-17.5,-16.5,1.0,0.5,3,53.5,53.833333333333336,53.5,53.5,54.5,1.0,0.5773502691896257,2,54.75,54.75,54.75,54.5,55.0,0.5,0.3535533905932738
401754538,2025,regular,4,2025-09-20 20:00:00+00:00,150,Duke,152,NC State,3,-3.0,-3.1666666666666665,-3.0,-3.5,-3.0,0.5,0.28867513459481287,3,-2.5,-2.6666666666666665,-2.5,-3.0,-2.5,0.5,0.28867513459481287,3,57.5,57.333333333333336,57.5,57.0,57.5,0.5,0.28867513459481287,2,59.0,59.0,59.0,58.5,59.5,1.0,0.7071067811865476
401754539,2025,regular,4,2025-09-20 23:30:00+00:00,258,Virginia,24,Stanford,3,-16.5,-16.166666666666668,-16.5,-16.5,-15.5,1.0,0.5773502691896257,3,-16.0,-15.666666666666666,-16.0,-16.5,-14.5,2.0,1.0408329997330663,3,48.5,48.833333333333336,48.5,48.5,49.5,1.0,0.5773502691896257,2,48.75,48.75,48.75,48.5,49.0,0.5,0.3535533905932738
401754540,2025,regular,4,2025-09-21 02:30:00+00:00,21,San Diego State,25,California,3,14.0,13.833333333333334,14.0,13.5,14.0,0.5,0.28867513459481287,3,13.5,12.833333333333334,13.5,11.5,13.5,2.0,1.1547005383792515,3,47.0,46.666666666666664,47.0,45.5,47.5,2.0,1.0408329997330663,2,48.5,48.5,48.5,48.5,48.5,0.0,0.0
401754541,2025,regular,4,2025-09-20 19:30:00+00:00,52,Florida State,2309,Kent State,3,-45.0,-45.0,-45.0,-45.5,-44.5,1.0,0.5,3,-43.5,-43.833333333333336,-43.5,-45.5,-42.5,3.0,1.5275252316519468,3,56.5,56.333333333333336,56.5,56.0,56.5,0.5,0.28867513459481287,2,55.75,55.75,55.75,55.5,56.0,0.5,0.3535533905932738
401754542,2025,regular,4,2025-09-20 20:30:00+00:00,59,Georgia Tech,218,Temple,3,-24.5,-24.5,-24.5,-24.5,-24.5,0.0,0.0,3,-24.0,-24.0,-24.0,-24.5,-23.5,1.0,0.5,3,52.5,52.833333333333336,52.5,52.5,53.5,1.0,0.5773502691896257,2,53.5,53.5,53.5,53.5,53.5,0.0,0.0
401754543,2025,regular,5,2025-09-26 23:00:00+00:00,258,Virginia,52,Florida State,3,7.0,6.833333333333333,7.0,6.5,7.0,0.5,0.28867513459481287,3,7.5,7.333333333333333,7.5,7.0,7.5,0.5,0.28867513459481287,3,60.5,60.166666666666664,60.5,59.5,60.5,1.0,0.5773502691896257,2,54.5,54.5,54.5,51.5,57.5,6.0,4.242640687119285
401754544,2025,regular,5,2025-09-27 19:30:00+00:00,103,Boston College,25,California,3,-6.0,-6.166666666666667,-6.0,-6.5,-6.0,0.5,0.28867513459481287,3,-6.0,-5.666666666666667,-6.0,-6.5,-4.5,2.0,1.0408329997330663,3,54.5,54.166666666666664,54.5,53.5,54.5,1.0,0.5773502691896257,2,51.75,51.75,51.75,51.5,52.0,0.5,0.3535533905932738
401754545,2025,regular,5,2025-09-27 16:00:00+00:00,183,Syracuse,150,Duke,3,4.0,4.0,4.0,3.5,4.5,1.0,0.5,3,5.5,5.833333333333333,5.5,5.5,6.5,1.0,0.5773502691896257,3,59.5,59.5,59.5,59.5,59.5,0.0,0.0,2,58.75,58.75,58.75,58.5,59.0,0.5,0.3535533905932738
401754546,2025,regular,5,2025-09-27 16:00:00+00:00,154,Wake Forest,59,Georgia Tech,3,13.0,12.666666666666666,13.0,11.5,13.5,2.0,1.0408329997330663,3,15.5,15.666666666666666,15.5,14.5,17.0,2.5,1.2583057392117916,3,53.5,53.333333333333336,53.5,53.0,53.5,0.5,0.28867513459481287,2,53.75,53.75,53.75,53.5,54.0,0.5,0.3535533905932738
401754547,2025,regular,5,2025-09-27 16:00:00+00:00,221,Pittsburgh,97,Louisville,3,3.0,3.1666666666666665,3.0,3.0,3.5,0.5,0.28867513459481287,3,3.5,4.166666666666667,3.5,3.5,5.5,2.0,1.1547005383792515,3,53.5,53.333333333333336,53.5,52.5,54.0,1.5,0.7637626158259734,2,56.0,56.0,56.0,55.5,56.5,1.0,0.7071067811865476
401754548,2025,regular,5,2025-09-27 23:00:00+00:00,152,NC State,259,Virginia Tech,3,-10.0,-10.166666666666666,-10.0,-10.5,-10.0,0.5,0.28867513459481287,3,-10.5,-9.5,-10.5,-10.5,-7.5,3.0,1.7320508075688772,3,57.5,57.166666666666664,57.5,56.5,57.5,1.0,0.5773502691896257,2,57.75,57.75,57.75,57.0,58.5,1.5,1.0606601717798212
401754549,2025,regular,5,2025-09-27 23:30:00+00:00,24,Stanford,23,San José State,3,-3.0,-3.1666666666666665,-3.0,-3.5,-3.0,0.5,0.28867513459481287,3,-1.5,-1.8333333333333333,-1.5,-2.5,-1.5,1.0,0.5773502691896257,3,49.5,49.666666666666664,49.5,49.5,50.0,0.5,0.28867513459481287,2,49.5,49.5,49.5,49.5,49.5,0.0,0.0
401754550,2025,regular,6,2025-10-04 16:00:00+00:00,221,Pittsburgh,103,Boston College,3,-6.5,-6.666666666666667,-6.5,-7.0,-6.5,0.5,0.28867513459481287,3,-4.5,-5.0,-4.5,-6.0,-4.5,1.5,0.8660254037844386,3,54.5,54.666666666666664,54.5,54.5,55.0,0.5,0.28867513459481287,2,56.0,56.0,56.0,54.5,57.5,3.0,2.1213203435596424
401754551,2025,regular,6,2025-10-05 02:30:00+00:00,25,California,150,Duke,3,3.5,3.5,3.5,3.5,3.5,0.0,0.0,3,3.0,2.6666666666666665,3.0,1.5,3.5,2.0,1.0408329997330663,3,54.5,54.833333333333336,54.5,54.5,55.5,1.0,0.5773502691896257,2,56.25,56.25,56.25,56.0,56.5,0.5,0.3535533905932738
401754552,2025,regular,6,2025-10-04 16:00:00+00:00,153,North Carolina,228,Clemson,3,15.5,15.166666666666666,15.5,14.5,15.5,1.0,0.5773502691896257,3,13.5,13.5,13.5,13.5,13.5,0.0,0.0,3,47.5,47.666666666666664,47.5,47.5,48.0,0.5,0.28867513459481287,2,47.5,47.5,47.5,46.5,48.5,2.0,1.4142135623730951
401754553,2025,regular,6,2025-10-04 23:30:00+00:00,52,Florida State,2390,Miami,3,3.5,3.1666666666666665,3.5,2.5,3.5,1.0,0.5773502691896257,3,6.5,6.333333333333333,6.5,5.5,7.0,1.5,0.7637626158259734,3,54.5,54.5,54.5,54.5,54.5,0.0,0.0,2,53.5,53.5,53.5,53.5,53.5,0.0,0.0
401754554,2025,regular,6,2025-10-04 19:30:00+00:00,97,Louisville,258,Virginia,3,-6.5,-6.5,-6.5,-6.5,-6.5,0.0,0.0,3,-6.5,-6.666666666666667,-6.5,-7.5,-6.0,1.5,0.7637626158259734,3,60.0,60.333333333333336,60.0,59.5,61.5,2.0,1.0408329997330663,2,62.0,62.0,62.0,61.5,62.5,1.0,0.7071067811865476
401754555,2025,regular,6,2025-10-04 19:30:00+00:00,2567,SMU,183,Syracuse,3,-17.5,-17.5,-17.5,-17.5,-17.5,0.0,0.0,3,-16.5,-16.5,-16.5,-16.5,-16.5,0.0,0.0,3,56.5,56.666666666666664,56.5,56.5,57.0,0.5,0.28867513459481287,2,58.5,58.5,58.5,58.5,58.5,0.0,0.0
401754556,2025,regular,6,2025-10-04 17:00:00+00:00,259,Virginia Tech,154,Wake Forest,3,-4.5,-5.0,-4.5,-6.0,-4.5,1.5,0.8660254037844386,3,-5.5,-5.666666666666667,-5.5,-6.5,-5.0,1.5,0.7637626158259734,3,51.5,51.333333333333336,51.5,51.0,51.5,0.5,0.28867513459481287,2,50.5,50.5,50.5,50.5,50.5,0.0,0.0
401754557,2025,regular,6,2025-10-04 18:00:00+00:00,152,NC State,2097,Campbell,3,-42.5,-42.166666666666664,-42.5,-42.5,-41.5,1.0,0.5773502691896257,3,-42.5,-42.5,-42.5,-42.5,-42.5,0.0,0.0,3,61.5,61.166666666666664,61.5,60.5,61.5,1.0,0.5773502691896257,2,61.25,61.25,61.25,61.0,61.5,0.5,0.3535533905932738
401754558,2025,regular,7,2025-10-11 23:30:00+00:00,103,Boston College,228,Clemson,3,14.0,13.833333333333334,14.0,13.5,14.0,0.5,0.28867513459481287,3,13.5,13.5,13.5,12.5,14.5,2.0,1.0,3,54.5,54.333333333333336,54.5,54.0,54.5,0.5,0.28867513459481287,2,54.5,54.5,54.5,53.5,55.5,2.0,1.4142135623730951
401754559,2025,regular,7,2025-10-11 16:00:00+00:00,52,Florida State,221,Pittsburgh,3,-10.5,-10.833333333333334,-10.5,-11.5,-10.5,1.0,0.5773502691896257,3,-9.5,-9.166666666666666,-9.5,-9.5,-8.5,1.0,0.5773502691896257,3,57.0,57.0,57.0,56.5,57.5,1.0,0.5,2,58.25,58.25,58.25,58.0,58.5,0.5,0.3535533905932738
401754560,2025,regular,7,2025-10-11 19:30:00+00:00,59,Georgia Tech,259,Virginia Tech,3,-14.0,-14.166666666666666,-14.0,-14.5,-14.0,0.5,0.28867513459481287,3,-14.5,-14.5,-14.5,-14.5,-14.5,0.0,0.0,3,55.5,55.5,55.5,55.5,55.5,0.0,0.0,2,55.5,55.5,55.5,55.5,55.5,0.0,0.0
401754561,2025,regular,7,2025-10-11 16:00:00+00:00,2567,SMU,24,Stanford,3,-19.5,-19.5,-19.5,-19.5,-19.5,0.0,0.0,3,-18.0,-18.0,-18.0,-18.5,-17.5,1.0,0.5,3,55.5,55.5,55.5,55.5,55.5,0.0,0.0,2,56.5,56.5,56.5,56.5,56.5,0.0,0.0
401754562,2025,regular,7,2025-10-11 19:30:00+00:00,87,Notre Dame,152,NC State,3,-23.5,-23.833333333333332,-23.5,-24.5,-23.5,1.0,0.5773502691896257,3,-22.5,-22.166666666666668,-22.5,-22.5,-21.5,1.0,0.5773502691896257,3,59.5,59.5,59.5,59.5,59.5,0.0,0.0,2,62.5,62.5,62.5,62.5,62.5,0.0,0.0
401754563,2025,regular,7,2025-10-11 19:30:00+00:00,204,Oregon State,154,Wake Forest,3,1.5,1.5,1.5,1.5,1.5,0.0,0.0,3,2.5,2.5,2.5,2.5,2.5,0.0,0.0,3,47.5,47.666666666666664,47.5,47.5,48.0,0.5,0.28867513459481287,2,52.5,52.5,52.5,52.5,52.5,0.0,0.0
401754564,2025,regular,8,2025-10-17 23:00:00+00:00,2390,Miami,97,Louisville,3,-10.5,-10.5,-10.5,-10.5,-10.5,0.0,0.0,3,-13.0,-11.0,-13.0,-13.5,-6.5,7.0,3.905124837953327,3,49.5,49.5,49.5,49.5,49.5,0.0,0.0,2,54.0,54.0,54.0,53.5,54.5,1.0,0.7071067811865476
401754565,2025,regular,8,2025-10-18 19:30:00+00:00,228,Clemson,2567,SMU,3,-3.5,-4.166666666666667,-3.5,-5.5,-3.5,2.0,1.1547005383792515,3,-10.0,-10.333333333333334,-10.0,-11.5,-9.5,2.0,1.0408329997330663,3,49.5,49.666666666666664,49.5,49.5,50.0,0.5,0.28867513459481287,2,54.75,54.75,54.75,54.5,55.0,0.5,0.3535533905932738
401754566,2025,regular,8,2025-10-18 16:00:00+00:00,150,Duke,59,Georgia Tech,3,-3.5,-3.5,-3.5,-3.5,-3.5,0.0,0.0,3,-2.5,-1.1666666666666667,-2.5,-2.5,1.5,4.0,2.309401076758503,3,60.5,60.833333333333336,60.5,60.5,61.5,1.0,0.5773502691896257,2,60.75,60.75,60.75,60.5,61.0,0.5,0.3535533905932738
401754567,2025,regular,8,2025-10-19 02:30:00+00:00,24,Stanford,52,Florida State,3,17.5,17.5,17.5,17.5,17.5,0.0,0.0,3,17.5,17.166666666666668,17.5,16.5,17.5,1.0,0.5773502691896257,3,55.5,55.333333333333336,55.5,55.0,55.5,0.5,0.28867513459481287,2,54.5,54.5,54.5,54.5,54.5,0.0,0.0
401754568,2025,regular,8,2025-10-18 23:30:00+00:00,183,Syracuse,221,Pittsburgh,3,9.5,9.166666666666666,9.5,8.5,9.5,1.0,0.5773502691896257,3,11.5,11.166666666666666,11.5,10.5,11.5,1.0,0.5773502691896257,3,54.5,54.5,54.5,54.5,54.5,0.0,0.0,2,56.75,56.75,56.75,56.5,57.0,0.5,0.3535533905932738
401754569,2025,regular,8,2025-10-18 16:00:00+00:00,103,Boston College,41,UConn,3,2.5,2.5,2.5,2.5,2.5,0.0,0.0,3,-2.0,-2.0,-2.0,-2.5,-1.5,1.0,0.5,3,58.5,58.333333333333336,58.5,58.0,58.5,0.5,0.28867513459481287,2,56.0,56.0,56.0,55.5,56.5,1.0,0.7071067811865476
401754570,2025,regular,9,2025-10-25 23:30:00+00:00,97,Louisville,103,Boston College,3,-25.5,-25.5,-25.5,-25.5,-25.5,0.0,0.0,3,-24.5,-23.833333333333332,-24.5,-24.5,-22.5,2.0,1.1547005383792515,3,54.5,54.5,54.5,54.5,54.5,0.0,0.0,2,55.5,55.5,55.5,55.5,55.5,0.0,0.0
401754571,2025,regular,9,2025-10-25 16:00:00+00:00,59,Georgia Tech,183,Syracuse,3,-17.5,-17.5,-17.5,-17.5,-17.5,0.0,0.0,3,-18.0,-18.0,-18.0,-18.5,-17.5,1.0,0.5,3,52.5,52.833333333333336,52.5,52.5,53.5,1.0,0.5773502691896257,2,54.75,54.75,54.75,54.5,55.0,0.5,0.3535533905932738
401754572,2025,regular,9,2025-10-25 23:00:00+00:00,2390,Miami,24,Stanford,3,-28.5,-29.0,-28.5,-30.0,-28.5,1.5,0.8660254037844386,3,-30.0,-30.0,-30.0,-30.5,-29.5,1.0,0.5,3,45.5,45.666666666666664,45.5,45.5,46.0,0.5,0.28867513459481287,2,48.5,48.5,48.5,48.5,48.5,0.0,0.0
401754573,2025,regular,9,2025-10-25 16:00:00+00:00,153,North Carolina,258,Virginia,3,11.5,11.666666666666666,11.5,11.0,12.5,1.5,0.7637626158259734,3,9.5,9.5,9.5,9.0,10.0,1.0,0.5,3,50.5,50.833333333333336,50.5,50.5,51.5,1.0,0.5773502691896257,2,52.25,52.25,52.25,51.5,53.0,1.5,1.0606601717798212
401754574,2025,regular,9,2025-10-25 19:30:00+00:00,221,Pittsburgh,152,NC State,3,-5.0,-5.0,-5.0,-5.5,-4.5,1.0,0.5,3,-7.5,-7.833333333333333,-7.5,-8.5,-7.5,1.0,0.5773502691896257,3,52.5,52.666666666666664,52.5,52.5,53.0,0.5,0.28867513459481287,2,57.0,57.0,57.0,55.5,58.5,3.0,2.1213203435596424
401754575,2025,regular,10,2025-10-31 23:30:00+00:00,183,Syracuse,153,North Carolina,3,-1.5,-1.5,-1.5,-1.5,-1.5,0.0,0.0,2,-1.75,-1.75,-1.75,-2.0,-1.5,0.5,0.3535533905932738,3,45.5,45.5,45.5,45.5,45.5,0.0,0.0,2,47.25,47.25,47.25,46.0,48.5,2.5,1.7677669529663689
401754576,2025,regular,10,2025-11-01 19:45:00+00:00,25,California,258,Virginia,3,6.5,6.166666666666667,6.5,5.5,6.5,1.0,0.5773502691896257,3,4.0,4.0,4.0,3.5,4.5,1.0,0.5,3,52.5,52.333333333333336,52.5,52.0,52.5,0.5,0.28867513459481287,2,54.25,54.25,54.25,54.0,54.5,0.5,0.3535533905932738
401754577,2025,regular,10,2025-11-01 16:00:00+00:00,228,Clemson,150,Duke,3,-4.0,-4.166666666666667,-4.0,-4.5,-4.0,0.5,0.28867513459481287,3,-3.5,-3.5,-3.5,-3.5,-3.5,0.0,0.0,3,55.0,55.0,55.0,54.5,55.5,1.0,0.5,2,54.75,54.75,54.75,53.5,56.0,2.5,1.7677669529663689
401754578,2025,regular,10,2025-11-01 23:30:00+00:00,52,Florida State,154,Wake Forest,3,-12.5,-12.666666666666666,-12.5,-13.0,-12.5,0.5,0.28867513459481287,3,-7.5,-7.666666666666667,-7.5,-8.5,-7.0,1.5,0.7637626158259734,3,50.5,50.666666666666664,50.5,50.5,51.0,0.5,0.28867513459481287,2,52.25,52.25,52.25,52.0,52.5,0.5,0.3535533905932738
401754579,2025,regular,10,2025-11-01 23:30:00+00:00,152,NC State,59,Georgia Tech,3,4.5,4.333333333333333,4.5,4.0,4.5,0.5,0.28867513459481287,3,6.5,5.833333333333333,6.5,4.5,6.5,2.0,1.1547005383792515,3,58.5,58.5,58.5,58.5,58.5,0.0,0.0,2,57.5,57.5,57.5,57.5,57.5,0.0,0.0
401754580,2025,regular,10,2025-11-01 19:00:00+00:00,259,Virginia Tech,97,Louisville,3,10.5,10.5,10.5,10.5,10.5,0.0,0.0,3,10.5,10.666666666666666,10.5,10.0,11.5,1.5,0.7637626158259734,3,52.5,52.5,52.5,52.5,52.5,0.0,0.0,2,53.75,53.75,53.75,53.5,54.0,0.5,0.3535533905932738
401754581,2025,regular,10,2025-11-01 16:00:00+00:00,2567,SMU,2390,Miami,3,8.5,7.833333333333333,8.5,6.5,8.5,2.0,1.1547005383792515,3,10.5,7.5,10.5,1.5,10.5,9.0,5.196152422706632,3,50.5,49.166666666666664,50.5,46.5,50.5,4.0,2.309401076758503,2,50.5,50.5,50.5,50.5,50.5,0.0,0.0
401754582,2025,regular,10,2025-11-01 19:30:00+00:00,24,Stanford,221,Pittsburgh,3,13.5,13.5,13.5,13.5,13.5,0.0,0.0,3,14.0,14.333333333333334,14.0,13.5,15.5,2.0,1.0408329997330663,3,51.5,51.833333333333336,51.5,51.5,52.5,1.0,0.5773502691896257,2,52.0,52.0,52.0,51.5,52.5,1.0,0.7071067811865476
401754583,2025,regular,10,2025-11-01 19:30:00+00:00,103,Boston College,87,Notre Dame,3,31.0,31.0,31.0,30.5,31.5,1.0,0.5,3,28.5,28.5,28.5,27.5,29.5,2.0,1.0,3,55.5,55.333333333333336,55.5,55.0,55.5,0.5,0.28867513459481287,1,57.5,57.5,57.5,57.5,57.5,0.0,0.0
401754584,2025,regular,11,2025-11-08 17:00:00+00:00,103,Boston College,2567,SMU,3,10.5,10.5,10.5,10.5,10.5,0.0,0.0,3,12.5,12.666666666666666,12.5,12.0,13.5,1.5,0.7637626158259734,3,54.5,54.5,54.5,54.5,54.5,0.0,0.0,2,53.25,53.25,53.25,51.5,55.0,3.5,2.4748737341529163
401754585,2025,regular,11,2025-11-09 00:00:00+00:00,97,Louisville,25,California,3,-18.5,-18.333333333333332,-18.5,-18.5,-18.0,0.5,0.28867513459481287,3,-18.5,-18.166666666666668,-18.5,-18.5,-17.5,1.0,0.5773502691896257,3,49.0,49.0,49.0,48.5,49.5,1.0,0.5,2,50.0,50.0,50.0,49.5,50.5,1.0,0.7071067811865476
401754586,2025,regular,11,2025-11-09 00:00:00+00:00,228,Clemson,52,Florida State,3,-1.5,-1.5,-1.5,-1.5,-1.5,0.0,0.0,3,-16.5,-11.833333333333334,-16.5,-16.5,-2.5,14.0,8.082903768654761,3,56.5,56.833333333333336,56.5,56.5,57.5,1.0,0.5773502691896257,3,55.5,55.666666666666664,55.5,55.5,56.0,0.5,0.28867513459481287
401754587,2025,regular,11,2025-11-08 20:30:00+00:00,2390,Miami,183,Syracuse,3,-28.5,-28.5,-28.5,-28.5,-28.5,0.0,0.0,3,-28.0,-28.0,-28.0,-28.5,-27.5,1.0,0.5,3,46.5,46.833333333333336,46.5,46.5,47.5,1.0,0.5773502691896257,2,46.5,46.5,46.5,46.5,46.5,0.0,0.0
401754588,2025,regular,11,2025-11-08 21:30:00+00:00,153,North Carolina,24,Stanford,3,-8.5,-8.5,-8.5,-8.5,-8.5,0.0,0.0,3,-8.5,-8.333333333333334,-8.5,-9.0,-7.5,1.5,0.7637626158259734,3,41.5,41.666666666666664,41.5,41.5,42.0,0.5,0.28867513459481287,2,43.0,43.0,43.0,42.5,43.5,1.0,0.7071067811865476
401754589,2025,regular,11,2025-11-09 00:00:00+00:00,258,Virginia,154,Wake Forest,3,-7.0,-7.166666666666667,-7.0,-7.5,-7.0,0.5,0.28867513459481287,3,-6.5,-6.666666666666667,-6.5,-7.0,-6.5,0.5,0.28867513459481287,3,48.5,48.5,48.5,48.5,48.5,0.0,0.0,2,49.0,49.0,49.0,48.5,49.5,1.0,0.7071067811865476
401754590,2025,regular,11,2025-11-08 20:30:00+00:00,41,UConn,150,Duke,3,7.5,7.666666666666667,7.5,7.5,8.0,0.5,0.28867513459481287,3,8.5,9.166666666666666,8.5,8.5,10.5,2.0,1.1547005383792515,3,63.0,63.0,63.0,62.5,63.5,1.0,0.5,2,66.5,66.5,66.5,66.5,66.5,0.0,0.0
401754591,2025,regular,12,2025-11-15 00:30:00+00:00,97,Louisville,228,Clemson,3,-1.5,-1.8333333333333333,-1.5,-2.5,-1.5,1.0,0.5773502691896257,3,5.5,2.8333333333333335,5.5,-3.5,6.5,10.0,5.507570547286102,3,50.5,50.666666666666664,50.5,50.5,51.0,0.5,0.28867513459481287,3,60.5,57.5,60.5,51.5,60.5,9.0,5.196152422706632
401754592,2025,regular,12,2025-11-15 20:30:00+00:00,103,Boston College,59,Georgia Tech,3,16.5,16.5,16.5,16.5,16.5,0.0,0.0,3,16.5,16.5,16.5,16.5,16.5,0.0,0.0,3,61.5,61.333333333333336,61.5,61.0,61.5,0.5,0.28867513459481287,2,57.75,57.75,57.75,57.5,58.0,0.5,0.3535533905932738
401754593,2025,regular,12,2025-11-15 20:30:00+00:00,150,Duke,258,Virginia,3,-5.5,-5.333333333333333,-5.5,-5.5,-5.0,0.5,0.28867513459481287,3,-6.5,-6.166666666666667,-6.5,-6.5,-5.5,1.0,0.5773502691896257,3,60.0,60.0,60.0,59.5,60.5,1.0,0.5,2,59.0,59.0,59.0,58.5,59.5,1.0,0.7071067811865476
401754594,2025,regular,12,2025-11-16 00:30:00+00:00,52,Florida State,259,Virginia Tech,3,-14.0,-14.0,-14.0,-14.5,-13.5,1.0,0.5,3,-11.5,-11.5,-11.5,-12.5,-10.5,2.0,1.0,3,55.0,54.666666666666664,55.0,53.5,55.5,2.0,1.0408329997330663,2,54.5,54.5,54.5,54.5,54.5,0.0,0.0
401754595,2025,regular,12,2025-11-15 20:30:00+00:00,2390,Miami,152,NC State,3,-16.5,-16.166666666666668,-16.5,-16.5,-15.5,1.0,0.5773502691896257,3,-14.5,-14.5,-14.5,-14.5,-14.5,0.0,0.0,3,54.5,54.666666666666664,54.5,54.5,55.0,0.5,0.28867513459481287,2,55.25,55.25,55.25,55.0,55.5,0.5,0.3535533905932738
401754596,2025,regular,12,2025-11-15 21:30:00+00:00,154,Wake Forest,153,North Carolina,3,-3.5,-3.5,-3.5,-3.5,-3.5,0.0,0.0,3,-6.0,-6.0,-6.0,-6.5,-5.5,1.0,0.5,3,37.5,37.666666666666664,37.5,37.5,38.0,0.5,0.28867513459481287,2,39.0,39.0,39.0,38.5,39.5,1.0,0.7071067811865476
401754597,2025,regular,12,2025-11-15 17:00:00+00:00,221,Pittsburgh,87,Notre Dame,3,12.5,12.666666666666666,12.5,12.5,13.0,0.5,0.28867513459481287,3,10.5,10.666666666666666,10.5,10.0,11.5,1.5,0.7637626158259734,3,55.0,55.0,55.0,54.5,55.5,1.0,0.5,2,56.5,56.5,56.5,56.5,56.5,0.0,0.0
401754598,2025,regular,13,2025-11-22 01:00:00+00:00,152,NC State,52,Florida State,3,6.5,6.666666666666667,6.5,6.5,7.0,0.5,0.28867513459481287,3,4.5,4.166666666666667,4.5,2.5,5.5,3.0,1.5275252316519468,3,58.5,58.833333333333336,58.5,58.5,59.5,1.0,0.5773502691896257,2,61.5,61.5,61.5,61.5,61.5,0.0,0.0
401754599,2025,regular,13,2025-11-23 00:30:00+00:00,24,Stanford,25,California,3,4.5,4.5,4.5,4.5,4.5,0.0,0.0,3,3.0,3.3333333333333335,3.0,2.5,4.5,2.0,1.0408329997330663,3,47.5,47.5,47.5,47.5,47.5,0.0,0.0,2,50.0,50.0,50.0,49.5,50.5,1.0,0.7071067811865476
401754600,2025,regular,13,2025-11-22 20:30:00+00:00,153,North Carolina,150,Duke,3,7.0,6.833333333333333,7.0,6.5,7.0,0.5,0.28867513459481287,3,1.5,2.1666666666666665,1.5,-1.5,6.5,8.0,4.041451884327381,3,50.5,50.333333333333336,50.5,50.0,50.5,0.5,0.28867513459481287,2,51.75,51.75,51.75,51.5,52.0,0.5,0.3535533905932738
401754601,2025,regular,13,2025-11-23 00:00:00+00:00,59,Georgia Tech,221,Pittsburgh,3,-2.5,-2.5,-2.5,-2.5,-2.5,0.0,0.0,3,-2.5,-2.6666666666666665,-2.5,-3.0,-2.5,0.5,0.28867513459481287,3,61.5,61.0,61.5,60.0,61.5,1.5,0.8660254037844386,2,61.75,61.75,61.75,61.5,62.0,0.5,0.3535533905932738
401754602,2025,regular,13,2025-11-22 17:00:00+00:00,2567,SMU,97,Louisville,3,-4.0,-3.8333333333333335,-4.0,-4.0,-3.5,0.5,0.28867513459481287,3,-3.0,-2.6666666666666665,-3.0,-3.5,-1.5,2.0,1.0408329997330663,3,49.5,49.833333333333336,49.5,49.5,50.5,1.0,0.5773502691896257,2,53.25,53.25,53.25,53.0,53.5,0.5,0.3535533905932738
401754603,2025,regular,13,2025-11-22 17:00:00+00:00,259,Virginia Tech,2390,Miami,3,17.5,17.833333333333332,17.5,17.5,18.5,1.0,0.5773502691896257,3,16.5,16.333333333333332,16.5,15.5,17.0,1.5,0.7637626158259734,3,49.0,49.0,49.0,48.5,49.5,1.0,0.5,2,49.0,49.0,49.0,48.5,49.5,1.0,0.7071067811865476
401754604,2025,regular,13,2025-11-22 20:30:00+00:00,87,Notre Dame,183,Syracuse,3,-36.5,-36.666666666666664,-36.5,-37.0,-36.5,0.5,0.28867513459481287,3,-35.0,-35.0,-35.0,-35.5,-34.5,1.0,0.5,3,51.0,51.0,51.0,50.5,51.5,1.0,0.5,2,51.5,51.5,51.5,51.5,51.5,0.0,0.0
401754605,2025,regular,13,2025-11-22 21:30:00+00:00,228,Clemson,231,Furman,3,-41.5,-42.166666666666664,-41.5,-43.5,-41.5,2.0,1.1547005383792515,3,-41.5,-41.5,-41.5,-41.5,-41.5,0.0,0.0,3,55.5,55.333333333333336,55.5,55.0,55.5,0.5,0.28867513459481287,2,55.0,55.0,55.0,54.5,55.5,1.0,0.7071067811865476
401754606,2025,regular,13,2025-11-22 17:00:00+00:00,154,Wake Forest,48,Delaware,3,-17.5,-17.5,-17.5,-17.5,-17.5,0.0,0.0,3,-18.0,-18.0,-18.0,-18.5,-17.5,1.0,0.5,3,49.5,49.166666666666664,49.5,48.5,49.5,1.0,0.5773502691896257,2,52.75,52.75,52.75,52.0,53.5,1.5,1.0606601717798212
401754608,2025,regular,14,2025-11-29 20:00:00+00:00,183,Syracuse,103,Boston College,3,3.0,2.8333333333333335,3.0,2.5,3.0,0.5,0.28867513459481287,3,3.0,3.1666666666666665,3.0,3.0,3.5,0.5,0.28867513459481287,3,54.0,54.0,54.0,53.5,54.5,1.0,0.5,2,53.25,53.25,53.25,53.0,53.5,0.5,0.3535533905932738
401754609,2025,regular,14,2025-11-30 01:00:00+00:00,25,California,2567,SMU,3,13.5,13.5,13.5,13.5,13.5,0.0,0.0,3,10.5,10.5,10.5,10.0,11.0,1.0,0.5,3,53.5,53.166666666666664,53.5,52.5,53.5,1.0,0.5773502691896257,2,53.75,53.75,53.75,53.0,54.5,1.5,1.0606601717798212
401754610,2025,regular,14,2025-11-29 20:30:00+00:00,150,Duke,154,Wake Forest,3,-2.5,-2.5,-2.5,-2.5,-2.5,0.0,0.0,3,-3.5,-3.3333333333333335,-3.5,-3.5,-3.0,0.5,0.28867513459481287,3,53.5,53.666666666666664,53.5,53.5,54.0,0.5,0.28867513459481287,2,54.75,54.75,54.75,54.5,55.0,0.5,0.3535533905932738
401754611,2025,regular,14,2025-11-29 17:00:00+00:00,221,Pittsburgh,2390,Miami,3,6.5,6.5,6.5,6.5,6.5,0.0,0.0,3,7.0,7.0,7.0,6.5,7.5,1.0,0.5,3,49.0,49.0,49.0,48.5,49.5,1.0,0.5,2,51.5,51.5,51.5,51.5,51.5,0.0,0.0
401754612,2025,regular,14,2025-11-30 00:30:00+00:00,152,NC State,153,North Carolina,3,-7.0,-7.166666666666667,-7.0,-7.5,-7.0,0.5,0.28867513459481287,3,-7.5,-5.833333333333333,-7.5,-7.5,-2.5,5.0,2.8867513459481287,3,49.0,49.0,49.0,48.5,49.5,1.0,0.5,2,50.5,50.5,50.5,47.5,53.5,6.0,4.242640687119285
401754613,2025,regular,14,2025-11-30 00:00:00+00:00,258,Virginia,259,Virginia Tech,3,-8.5,-8.666666666666666,-8.5,-9.5,-8.0,1.5,0.7637626158259734,3,-10.5,-10.833333333333334,-10.5,-11.5,-10.5,1.0,0.5773502691896257,3,52.5,52.833333333333336,52.5,52.5,53.5,1.0,0.5773502691896257,2,52.5,52.5,52.5,52.5,52.5,0.0,0.0
401754614,2025,regular,14,2025-11-30 03:30:00+00:00,24,Stanford,87,Notre Dame,3,32.5,32.833333333333336,32.5,32.5,33.5,1.0,0.5773502691896257,3,32.5,31.5,32.5,29.5,32.5,3.0,1.7320508075688772,3,49.5,49.833333333333336,49.5,49.5,50.5,1.0,0.5773502691896257,2,52.0,52.0,52.0,51.5,52.5,1.0,0.7071067811865476
401754615,2025,regular,3,2025-09-13 19:30:00+00:00,2623,Missouri State,2567,SMU,3,28.5,28.833333333333332,28.5,28.5,29.5,1.0,0.5773502691896257,2,27.75,27.75,27.75,27.5,28.0,0.5,0.3535533905932738,3,60.5,60.333333333333336,60.5,59.5,61.0,1.5,0.7637626158259734,2,61.5,61.5,61.5,61.5,61.5,0.0,0.0
401754616,2025,regular,1,2025-08-30 22:00:00+00:00,258,Virginia,324,Coastal Carolina,3,-13.5,-13.166666666666666,-13.5,-13.5,-12.5,1.0,0.5773502691896257,3,-12.5,-12.5,-12.5,-12.5,-12.5,0.0,0.0,3,55.0,55.666666666666664,55.0,54.5,57.5,3.0,1.6072751268321592,3,57.5,57.5,57.5,57.5,57.5,0.0,0.0
401754617,2025,regular,4,2025-09-20 16:00:00+00:00,259,Virginia Tech,2747,Wofford,2,-35.0,-35.0,-35.0,-35.5,-34.5,1.0,0.7071067811865476,3,-35.5,-35.166666666666664,-35.5,-35.5,-34.5,1.0,0.5773502691896257,3,51.5,51.5,51.5,51.5,51.5,0.0,0.0,2,48.75,48.75,48.75,48.5,49.0,0.5,0.3535533905932738
401754618,2025,regular,2,2025-09-06 16:00:00+00:00,183,Syracuse,41,UConn,2,-7.25,-7.25,-7.25,-7.5,-7.0,0.5,0.3535533905932738,2,-8.25,-8.25,-8.25,-9.0,-7.5,1.5,1.0606601717798212,2,57.5,57.5,57.5,57.5,57.5,0.0,0.0,2,59.25,59.25,59.25,59.0,59.5,0.5,0.3535533905932738
401754619,2025,regular,3,2025-09-13 16:00:00+00:00,258,Virginia,2729,William & Mary,3,-30.5,-30.333333333333332,-30.5,-31.0,-29.5,1.5,0.7637626158259734,2,-26.5,-26.5,-26.5,-26.5,-26.5,0.0,0.0,3,53.5,53.5,53.5,52.5,54.5,2.0,1.0,2,51.5,51.5,51.5,51.5,51.5,0.0,0.0
401754620,2025,regular,2,2025-09-06 18:00:00+00:00,154,Wake Forest,2717,Western Carolina,2,-17.5,-17.5,-17.5,-17.5,-17.5,0.0,0.0,2,-20.25,-20.25,-20.25,-20.5,-20.0,0.5,0.3535533905932738,2,60.0,60.0,60.0,59.5,60.5,1.0,0.7071067811865476,2,61.5,61.5,61.5,61.5,61.5,0.0,0.0
401754621,2025,regular,2,2025-09-06 16:00:00+00:00,52,Florida State,2837,East Texas A&M,2,-44.5,-44.5,-44.5,-45.5,-43.5,2.0,1.4142135623730951,2,-44.0,-44.0,-44.0,-44.5,-43.5,1.0,0.7071067811865476,2,57.5,57.5,57.5,56.5,58.5,2.0,1.4142135623730951,2,57.5,57.5,57.5,57.5,57.5,0.0,0.0
401754622,2025,regular,2,2025-09-06 19:30:00+00:00,59,Georgia Tech,2241,Gardner-Webb,2,-37.5,-37.5,-37.5,-37.5,-37.5,0.0,0.0,2,-37.5,-37.5,-37.5,-37.5,-37.5,0.0,0.0,2,59.5,59.5,59.5,58.5,60.5,2.0,1.4142135623730951,2,58.5,58.5,58.5,58.5,58.5,0.0,0.0
401754623,2025,regular,3,2025-09-13 16:00:00+00:00,59,Georgia Tech,228,Clemson,3,3.0,2.8333333333333335,3.0,2.5,3.0,0.5,0.28867513459481287,3,8.5,8.166666666666666,8.5,6.5,9.5,3.0,1.5275252316519468,3,51.0,50.666666666666664,51.0,49.5,51.5,2.0,1.0408329997330663,2,55.5,55.5,55.5,52.5,58.5,6.0,4.242640687119285
401754636,2025,regular,4,2025-09-20 16:00:00+00:00,2628,TCU,2567,SMU,3,-6.5,-6.5,-6.5,-6.5,-6.5,0.0,0.0,3,-6.5,-5.833333333333333,-6.5,-7.0,-4.0,3.0,1.6072751268321592,3,63.5,63.5,63.5,63.5,63.5,0.0,0.0,2,63.25,63.25,63.25,63.0,63.5,0.5,0.3535533905932738
401754637,2025,regular,2,2025-09-06 19:30:00+00:00,228,Clemson,2653,Troy,2,-30.25,-30.25,-30.25,-31.0,-29.5,1.5,1.0606601717798212,2,-31.75,-31.75,-31.75,-32.0,-31.5,0.5,0.3535533905932738,2,51.5,51.5,51.5,51.5,51.5,0.0,0.0,2,51.5,51.5,51.5,51.5,51.5,0.0,0.0
401754638,2025,regular,3,2025-09-13 19:30:00+00:00,277,West Virginia,221,Pittsburgh,3,7.0,6.833333333333333,7.0,6.5,7.0,0.5,0.28867513459481287,3,2.5,3.1666666666666665,2.5,2.5,4.5,2.0,1.1547005383792515,3,55.0,55.0,55.0,54.5,55.5,1.0,0.5,2,57.75,57.75,57.75,57.5,58.0,0.5,0.3535533905932738
401754639,2025,regular,3,2025-09-13 19:30:00+00:00,153,North Carolina,257,Richmond,3,-24.5,-24.5,-24.5,-24.5,-24.5,0.0,0.0,2,-21.25,-21.25,-21.25,-21.5,-21.0,0.5,0.3535533905932738,3,47.5,47.666666666666664,47.5,47.5,48.0,0.5,0.28867513459481287,2,46.5,46.5,46.5,46.5,46.5,0.0,0.0
401754640,2025,regular,4,2025-09-20 19:30:00+00:00,2116,UCF,153,North Carolina,3,-7.0,-7.166666666666667,-7.0,-7.5,-7.0,0.5,0.28867513459481287,3,-6.5,-5.5,-6.5,-6.5,-3.5,3.0,1.7320508075688772,3,46.5,46.333333333333336,46.5,45.5,47.0,1.5,0.7637626158259734,2,50.25,50.25,50.25,50.0,50.5,0.5,0.3535533905932738
401754641,2025,regular,2,2025-09-06 23:00:00+00:00,2390,Miami,2065,Bethune-Cookman,1,-54.5,-54.5,-54.5,-54.5,-54.5,0.0,0.0,1,-56.5,-56.5,-56.5,-56.5,-56.5,0.0,0.0,1,64.5,64.5,64.5,64.5,64.5,0.0,0.0,1,64.5,64.5,64.5,64.5,64.5,0.0,0.0
401754642,2025,regular,4,2025-09-20 16:00:00+00:00,97,Louisville,189,Bowling Green,3,-26.5,-26.166666666666668,-26.5,-26.5,-25.5,1.0,0.5773502691896257,3,-27.5,-27.333333333333332,-27.5,-27.5,-27.0,0.5,0.28867513459481287,3,50.5,50.666666666666664,50.5,50.5,51.0,0.5,0.28867513459481287,2,52.25,52.25,52.25,52.0,52.5,0.5,0.3535533905932738
401756846,2025,regular,1,2025-08-23 16:00:00+00:00,2306,Kansas State,66,Iowa State,3,-3.0,-3.0,-3.0,-3.5,-2.5,1.0,0.5,3,-3.0,-3.0,-3.0,-3.5,-2.5,1.0,0.5,3,51.0,50.666666666666664,51.0,49.5,51.5,2.0,1.0408329997330663,3,49.5,49.5,49.5,49.5,49.5,0.0,0.0
401756847,2025,regular,1,2025-08-23 22:30:00+00:00,2305,Kansas,278,Fresno State,3,-14.0,-14.166666666666666,-14.0,-14.5,-14.0,0.5,0.28867513459481287,3,-14.0,-14.0,-14.0,-14.5,-13.5,1.0,0.5,3,50.5,50.666666666666664,50.5,50.0,51.5,1.5,0.7637626158259734,3,51.5,51.5,51.5,51.5,51.5,0.0,0.0
401756848,2025,regular,1,2025-08-28 23:00:00+00:00,2116,UCF,55,Jacksonville State,3,-20.5,-19.166666666666668,-20.5,-20.5,-16.5,4.0,2.309401076758503,3,-16.5,-16.5,-16.5,-16.5,-16.5,0.0,0.0,3,52.5,52.833333333333336,52.5,52.5,53.5,1.0,0.5773502691896257,3,53.5,54.5,53.5,53.5,56.5,3.0,1.7320508075688772
401756849,2025,regular,1,2025-08-31 02:30:00+00:00,12,Arizona,62,Hawai'i,3,-15.5,-14.833333333333334,-15.5,-15.5,-13.5,2.0,1.1547005383792515,3,-13.5,-12.5,-13.5,-13.5,-10.5,3.0,1.7320508075688772,3,55.5,55.333333333333336,55.5,55.0,55.5,0.5,0.28867513459481287,3,55.5,55.166666666666664,55.5,53.5,56.5,3.0,1.5275252316519468
401756850,2025,regular,1,2025-08-31 02:00:00+00:00,9,Arizona State,2464,Northern Arizona,2,-30.0,-30.0,-30.0,-30.5,-29.5,1.0,0.7071067811865476,2,-28.5,-28.5,-28.5,-28.5,-28.5,0.0,0.0,2,52.5,52.5,52.5,52.5,52.5,0.0,0.0,2,52.5,52.5,52.5,52.5,52.5,0.0,0.0
401756851,2025,regular,1,2025-08-31 00:00:00+00:00,252,BYU,2502,Portland State,2,-44.0,-44.0,-44.0,-44.5,-43.5,1.0,0.7071067811865476,2,-39.0,-39.0,-39.0,-43.5,-34.5,9.0,6.363961030678928,2,62.0,62.0,62.0,61.5,62.5,1.0,0.7071067811865476,2,59.0,59.0,59.0,56.5,61.5,5.0,3.5355339059327378
401756852,2025,regular,1,2025-08-29 00:00:00+00:00,248,Houston,2617,Stephen F. Austin,2,-24.0,-24.0,-24.0,-24.5,-23.5,1.0,0.7071067811865476,2,-22.5,-22.5,-22.5,-22.5,-22.5,0.0,0.0,2,54.5,54.5,54.5,54.5,54.5,0.0,0.0,2,55.5,55.5,55.5,55.5,55.5,0.0,0.0
401756853,2025,regular,1,2025-08-30 19:30:00+00:00,66,Iowa State,233,South Dakota,2,-15.0,-15.0,-15.0,-16.5,-13.5,3.0,2.1213203435596424,2,-15.0,-15.0,-15.0,-15.5,-14.5,1.0,0.7071067811865476,2,47.5,47.5,47.5,47.5,47.5,0.0,0.0,2,46.5,46.5,46.5,46.5,46.5,0.0,0.0
401756854,2025,regular,1,2025-08-29 23:30:00+00:00,2305,Kansas,2681,Wagner,2,-46.0,-46.0,-46.0,-46.5,-45.5,1.0,0.7071067811865476,2,-46.0,-46.0,-46.0,-46.5,-45.5,1.0,0.7071067811865476,2,57.5,57.5,57.5,57.5,57.5,0.0,0.0,2,56.5,56.5,56.5,56.5,56.5,0.0,0.0
401756855,2025,regular,1,2025-08-30 23:00:00+00:00,2306,Kansas State,155,North Dakota,2,-27.5,-27.5,-27.5,-27.5,-27.5,0.0,0.0,2,-27.0,-27.0,-27.0,-28.5,-25.5,3.0,2.1213203435596424,2,55.5,55.5,55.5,55.5,55.5,0.0,0.0,2,56.5,56.5,56.5,55.5,57.5,2.0,1.4142135623730951
401756876,2025,regular,1,2025-08-28 23:30:00+00:00,197,Oklahoma State,2630,UT Martin,1,-26.0,-26.0,-26.0,-26.0,-26.0,0.0,0.0,2,-21.0,-21.0,-21.0,-22.5,-19.5,3.0,2.1213203435596424,2,56.5,56.5,56.5,56.5,56.5,0.0,0.0,2,55.5,55.5,55.5,55.5,55.5,0.0,0.0
401756877,2025,regular,1,2025-08-30 23:30:00+00:00,2641,Texas Tech,2029,Arkansas-Pine Bluff,1,-54.5,-54.5,-54.5,-54.5,-54.5,0.0,0.0,2,-52.75,-52.75,-52.75,-53.0,-52.5,0.5,0.3535533905932738,2,63.0,63.0,63.0,62.5,63.5,1.0,0.7071067811865476,2,62.5,62.5,62.5,62.5,62.5,0.0,0.0
401756878,2025,regular,1,2025-08-30 18:00:00+00:00,277,West Virginia,2523,Robert Morris,2,-41.75,-41.75,-41.75,-43.5,-40.0,3.5,2.4748737341529163,2,-38.0,-38.0,-38.0,-38.5,-37.5,1.0,0.7071067811865476,2,57.5,57.5,57.5,56.5,58.5,2.0,1.4142135623730951,2,55.5,55.5,55.5,55.5,55.5,0.0,0.0
401756879,2025,regular,2,2025-09-07 02:00:00+00:00,12,Arizona,2692,Weber State,2,-31.5,-31.5,-31.5,-31.5,-31.5,0.0,0.0,2,-31.5,-31.5,-31.5,-31.5,-31.5,0.0,0.0,2,56.5,56.5,56.5,56.5,56.5,0.0,0.0,2,56.5,56.5,56.5,56.5,56.5,0.0,0.0
401756880,2025,regular,2,2025-09-06 19:30:00+00:00,2132,Cincinnati,189,Bowling Green,2,-22.0,-22.0,-22.0,-22.5,-21.5,1.0,0.7071067811865476,2,-19.25,-19.25,-19.25,-20.5,-18.0,2.5,1.7677669529663689,2,46.5,46.5,46.5,46.5,46.5,0.0,0.0,2,48.0,48.0,48.0,46.5,49.5,3.0,2.1213203435596424
401756881,2025,regular,2,2025-09-06 19:30:00+00:00,38,Colorado,48,Delaware,2,-23.5,-23.5,-23.5,-23.5,-23.5,0.0,0.0,2,-24.0,-24.0,-24.0,-24.5,-23.5,1.0,0.7071067811865476,2,49.5,49.5,49.5,49.5,49.5,0.0,0.0,2,50.25,50.25,50.25,50.0,50.5,0.5,0.3535533905932738
401756882,2025,regular,2,2025-09-06 23:00:00+00:00,2306,Kansas State,349,Army,2,-16.75,-16.75,-16.75,-17.0,-16.5,0.5,0.3535533905932738,2,-16.0,-16.0,-16.0,-17.5,-14.5,3.0,2.1213203435596424,2,48.5,48.5,48.5,48.5,48.5,0.0,0.0,2,47.75,47.75,47.75,46.5,49.0,2.5,1.7677669529663689
401756883,2025,regular,2,2025-09-06 20:00:00+00:00,195,Ohio,277,West Virginia,2,3.5,3.5,3.5,3.5,3.5,0.0,0.0,2,2.75,2.75,2.75,2.5,3.0,0.5,0.3535533905932738,2,58.5,58.5,58.5,58.5,58.5,0.0,0.0,2,59.0,59.0,59.0,57.5,60.5,3.0,2.1213203435596424
401756884,2025,regular,2,2025-09-06 23:00:00+00:00,242,Rice,248,Houston,2,13.5,13.5,13.5,13.5,13.5,0.0,0.0,2,13.0,13.0,13.0,12.5,13.5,1.0,0.7071067811865476,2,38.5,38.5,38.5,38.5,38.5,0.0,0.0,2,41.0,41.0,41.0,40.5,41.5,1.0,0.7071067811865476
401756885,2025,regular,2,2025-09-06 16:00:00+00:00,2641,Texas Tech,2309,Kent State,2,-48.0,-48.0,-48.0,-48.5,-47.5,1.0,0.7071067811865476,2,-48.75,-48.75,-48.75,-49.0,-48.5,0.5,0.3535533905932738,2,59.75,59.75,59.75,59.5,60.0,0.5,0.3535533905932738,2,60.5,60.5,60.5,60.5,60.5,0.0,0.0
401756886,2025,regular,2,2025-09-06 23:00:00+00:00,2116,UCF,2448,North Carolina A&T,2,-37.5,-37.5,-37.5,-38.0,-37.0,1.0,0.7071067811865476,2,-39.75,-39.75,-39.75,-40.0,-39.5,0.5,0.3535533905932738,2,51.25,51.25,51.25,51.0,51.5,0.5,0.3535533905932738,2,50.5,50.5,50.5,50.5,50.5,0.0,0.0
401756887,2025,regular,2,2025-09-06 22:00:00+00:00,254,Utah,13,Cal Poly,2,-42.5,-42.5,-42.5,-42.5,-42.5,0.0,0.0,2,-41.75,-41.75,-41.75,-42.0,-41.5,0.5,0.3535533905932738,2,53.0,53.0,53.0,52.5,53.5,1.0,0.7071067811865476,2,51.75,51.75,51.75,51.5,52.0,0.5,0.3535533905932738
401756888,2025,regular,3,2025-09-13 01:00:00+00:00,12,Arizona,2306,Kansas State,3,1.5,1.5,1.5,1.5,1.5,0.0,0.0,2,0.75,0.75,0.75,0.0,1.5,1.5,1.0606601717798212,3,55.5,55.833333333333336,55.5,55.5,56.5,1.0,0.5773502691896257,2,54.5,54.5,54.5,54.5,54.5,0.0,0.0
401756889,2025,regular,3,2025-09-14 02:30:00+00:00,9,Arizona State,326,Texas State,3,-18.5,-18.5,-18.5,-18.5,-18.5,0.0,0.0,2,-14.5,-14.5,-14.5,-14.5,-14.5,0.0,0.0,3,61.5,61.5,61.5,61.5,61.5,0.0,0.0,2,59.0,59.0,59.0,58.5,59.5,1.0,0.7071067811865476
401756890,2025,regular,3,2025-09-13 20:00:00+00:00,2032,Arkansas State,66,Iowa State,3,21.0,21.0,21.0,20.5,21.5,1.0,0.5,2,21.25,21.25,21.25,21.0,21.5,0.5,0.3535533905932738,3,55.5,55.666666666666664,55.5,55.5,56.0,0.5,0.28867513459481287,2,55.0,55.0,55.0,54.5,55.5,1.0,0.7071067811865476
401756891,2025,regular,3,2025-09-13 16:00:00+00:00,239,Baylor,2535,Samford,3,-52.0,-52.0,-52.0,-52.5,-51.5,1.0,0.5,2,-48.0,-48.0,-48.0,-48.5,-47.5,1.0,0.7071067811865476,3,64.5,64.83333333333333,64.5,64.5,65.5,1.0,0.5773502691896257,3,58.5,58.833333333333336,58.5,58.5,59.5,1.0,0.5773502691896257
401756892,2025,regular,3,2025-09-13 19:30:00+00:00,2132,Cincinnati,2466,Northwestern State,2,-48.5,-48.5,-48.5,-48.5,-48.5,0.0,0.0,2,-46.0,-46.0,-46.0,-46.5,-45.5,1.0,0.7071067811865476,3,55.5,55.833333333333336,55.5,55.5,56.5,1.0,0.5773502691896257,2,53.0,53.0,53.0,52.5,53.5,1.0,0.7071067811865476
401756893,2025,regular,3,2025-09-12 23:30:00+00:00,248,Houston,38,Colorado,3,-4.0,-3.8333333333333335,-4.0,-4.0,-3.5,0.5,0.28867513459481287,2,-4.0,-4.0,-4.0,-4.5,-3.5,1.0,0.7071067811865476,3,45.5,45.333333333333336,45.5,45.0,45.5,0.5,0.28867513459481287,2,43.5,43.5,43.5,43.5,43.5,0.0,0.0
401756894,2025,regular,3,2025-09-14 00:00:00+00:00,2628,TCU,2000,Abilene Christian,3,-42.0,-42.0,-42.0,-42.5,-41.5,1.0,0.5,3,-38.5,-38.166666666666664,-38.5,-38.5,-37.5,1.0,0.5773502691896257,3,60.5,59.833333333333336,60.5,58.5,60.5,2.0,1.1547005383792515,2,56.5,56.5,56.5,56.5,56.5,0.0,0.0
401756895,2025,regular,3,2025-09-14 00:00:00+00:00,2751,Wyoming,254,Utah,3,24.5,24.5,24.5,24.5,24.5,0.0,0.0,2,22.5,22.5,22.5,22.5,22.5,0.0,0.0,3,47.5,47.333333333333336,47.5,47.0,47.5,0.5,0.28867513459481287,2,47.75,47.75,47.75,47.5,48.0,0.5,0.3535533905932738
401756896,2025,regular,4,2025-09-20 23:30:00+00:00,239,Baylor,9,Arizona State,3,-3.0,-2.5,-3.0,-3.0,-1.5,1.5,0.8660254037844386,3,-2.5,-2.5,-2.5,-2.5,-2.5,0.0,0.0,3,60.5,60.833333333333336,60.5,60.5,61.5,1.0,0.5773502691896257,2,59.0,59.0,59.0,58.5,59.5,1.0,0.7071067811865476
401756897,2025,regular,4,2025-09-21 02:15:00+00:00,38,Colorado,2751,Wyoming,3,-12.5,-12.333333333333334,-12.5,-12.5,-12.0,0.5,0.28867513459481287,3,-13.5,-14.166666666666666,-13.5,-15.5,-13.5,2.0,1.1547005383792515,3,45.5,45.666666666666664,45.5,45.5,46.0,0.5,0.28867513459481287,2,43.75,43.75,43.75,43.5,44.0,0.5,0.3535533905932738
401756898,2025,regular,4,2025-09-20 23:30:00+00:00,151,East Carolina,252,BYU,3,6.5,6.166666666666667,6.5,5.5,6.5,1.0,0.5773502691896257,3,7.5,8.0,7.5,7.0,9.5,2.5,1.3228756555322954,3,49.5,49.666666666666664,49.5,49.5,50.0,0.5,0.28867513459481287,2,49.0,49.0,49.0,48.5,49.5,1.0,0.7071067811865476
401756899,2025,regular,4,2025-09-20 22:00:00+00:00,2305,Kansas,277,West Virginia,3,-12.5,-12.833333333333334,-12.5,-13.5,-12.5,1.0,0.5773502691896257,3,-12.5,-12.0,-12.5,-13.0,-10.5,2.5,1.3228756555322954,3,54.5,54.333333333333336,54.5,54.0,54.5,0.5,0.28867513459481287,2,54.75,54.75,54.75,54.5,55.0,0.5,0.3535533905932738
401756900,2025,regular,4,2025-09-19 23:30:00+00:00,197,Oklahoma State,202,Tulsa,3,-10.0,-10.166666666666666,-10.0,-10.5,-10.0,0.5,0.28867513459481287,3,-13.5,-13.5,-13.5,-13.5,-13.5,0.0,0.0,3,54.5,54.666666666666664,54.5,54.5,55.0,0.5,0.28867513459481287,2,56.0,56.0,56.0,55.5,56.5,1.0,0.7071067811865476
401756901,2025,regular,4,2025-09-20 16:00:00+00:00,254,Utah,2641,Texas Tech,3,-3.5,-3.5,-3.5,-3.5,-3.5,0.0,0.0,3,-4.0,-4.0,-4.0,-4.5,-3.5,1.0,0.5,3,58.5,58.333333333333336,58.5,58.0,58.5,0.5,0.28867513459481287,2,55.5,55.5,55.5,55.5,55.5,0.0,0.0
401756902,2025,regular,5,2025-09-27 01:00:00+00:00,9,Arizona State,2628,TCU,3,-3.0,-2.8333333333333335,-3.0,-3.0,-2.5,0.5,0.28867513459481287,3,-2.5,-2.1666666666666665,-2.5,-2.5,-1.5,1.0,0.5773502691896257,3,54.5,54.5,54.5,54.5,54.5,0.0,0.0,1,55.5,55.5,55.5,55.5,55.5,0.0,0.0
401756903,2025,regular,5,2025-09-28 02:15:00+00:00,38,Colorado,252,BYU,3,6.5,6.5,6.5,6.5,6.5,0.0,0.0,3,6.5,5.666666666666667,6.5,4.0,6.5,2.5,1.4433756729740643,3,48.5,48.666666666666664,48.5,48.5,49.0,0.5,0.28867513459481287,2,47.5,47.5,47.5,47.5,47.5,0.0,0.0
401756904,2025,regular,5,2025-09-27 23:00:00+00:00,66,Iowa State,12,Arizona,3,-4.0,-4.0,-4.0,-4.5,-3.5,1.0,0.5,3,-7.0,-7.0,-7.0,-7.5,-6.5,1.0,0.5,3,48.5,48.5,48.5,48.5,48.5,0.0,0.0,2,49.5,49.5,49.5,49.5,49.5,0.0,0.0
401756905,2025,regular,5,2025-09-27 16:00:00+00:00,2305,Kansas,2132,Cincinnati,3,-5.5,-5.166666666666667,-5.5,-5.5,-4.5,1.0,0.5773502691896257,3,-6.0,-5.833333333333333,-6.0,-6.0,-5.5,0.5,0.28867513459481287,3,56.0,56.333333333333336,56.0,55.5,57.5,2.0,1.0408329997330663,2,55.0,55.0,55.0,54.5,55.5,1.0,0.7071067811865476
401756906,2025,regular,5,2025-09-27 16:00:00+00:00,2306,Kansas State,2116,UCF,3,-6.0,-5.833333333333333,-6.0,-6.0,-5.5,0.5,0.28867513459481287,3,-5.5,-5.833333333333333,-5.5,-6.5,-5.5,1.0,0.5773502691896257,3,48.5,48.5,48.5,48.5,48.5,0.0,0.0,1,49.0,49.0,49.0,49.0,49.0,0.0,0.0
401756907,2025,regular,5,2025-09-27 19:30:00+00:00,197,Oklahoma State,239,Baylor,3,21.0,21.166666666666668,21.0,21.0,21.5,0.5,0.28867513459481287,3,20.5,19.5,20.5,17.5,20.5,3.0,1.7320508075688772,3,58.5,58.666666666666664,58.5,58.5,59.0,0.5,0.28867513459481287,2,59.5,59.5,59.5,59.5,59.5,0.0,0.0
401756908,2025,regular,5,2025-09-27 19:30:00+00:00,277,West Virginia,254,Utah,3,13.5,13.166666666666666,13.5,12.5,13.5,1.0,0.5773502691896257,3,10.5,10.833333333333334,10.5,9.5,12.5,3.0,1.5275252316519468,3,46.5,46.666666666666664,46.5,46.5,47.0,0.5,0.28867513459481287,2,50.0,50.0,50.0,49.5,50.5,1.0,0.7071067811865476
401756909,2025,regular,6,2025-10-04 02:30:00+00:00,252,BYU,277,West Virginia,3,-19.5,-19.666666666666668,-19.5,-20.0,-19.5,0.5,0.28867513459481287,3,-19.5,-19.5,-19.5,-20.5,-18.5,2.0,1.0,3,46.5,46.666666666666664,46.5,46.5,47.0,0.5,0.28867513459481287,2,48.75,48.75,48.75,48.0,49.5,1.5,1.0606601717798212
401756910,2025,regular,6,2025-10-04 19:00:00+00:00,12,Arizona,197,Oklahoma State,3,-21.5,-22.166666666666668,-21.5,-23.5,-21.5,2.0,1.1547005383792515,3,-18.5,-18.166666666666668,-18.5,-18.5,-17.5,1.0,0.5773502691896257,3,56.5,56.5,56.5,56.5,56.5,0.0,0.0,2,56.0,56.0,56.0,55.5,56.5,1.0,0.7071067811865476
401756911,2025,regular,6,2025-10-04 16:00:00+00:00,239,Baylor,2306,Kansas State,3,-4.5,-4.666666666666667,-4.5,-5.0,-4.5,0.5,0.28867513459481287,3,-5.5,-5.833333333333333,-5.5,-6.5,-5.5,1.0,0.5773502691896257,3,60.0,60.0,60.0,59.5,60.5,1.0,0.5,1,61.5,61.5,61.5,61.5,61.5,0.0,0.0
401756912,2025,regular,6,2025-10-04 16:00:00+00:00,2132,Cincinnati,66,Iowa State,3,-1.5,-1.6666666666666667,-1.5,-2.0,-1.5,0.5,0.28867513459481287,3,-1.5,0.16666666666666666,-1.5,-1.5,3.5,5.0,2.8867513459481287,3,55.5,55.5,55.5,55.5,55.5,0.0,0.0,2,51.5,51.5,51.5,51.5,51.5,0.0,0.0
401756913,2025,regular,6,2025-10-04 23:00:00+00:00,248,Houston,2641,Texas Tech,3,13.0,12.666666666666666,13.0,11.5,13.5,2.0,1.0408329997330663,3,12.0,11.0,12.0,8.5,12.5,4.0,2.179449471770337,3,51.5,51.5,51.5,51.5,51.5,0.0,0.0,2,50.25,50.25,50.25,50.0,50.5,0.5,0.3535533905932738
401756914,2025,regular,6,2025-10-04 23:30:00+00:00,2628,TCU,38,Colorado,3,-13.5,-13.833333333333334,-13.5,-14.5,-13.5,1.0,0.5773502691896257,3,-14.5,-14.5,-14.5,-15.5,-13.5,2.0,1.0,3,57.0,57.0,57.0,56.5,57.5,1.0,0.5,2,58.75,58.75,58.75,58.0,59.5,1.5,1.0606601717798212
401756915,2025,regular,6,2025-10-04 23:30:00+00:00,2116,UCF,2305,Kansas,3,4.0,3.8333333333333335,4.0,3.5,4.0,0.5,0.28867513459481287,3,3.5,3.5,3.5,3.0,4.0,1.0,0.5,3,53.5,53.333333333333336,53.5,52.5,54.0,1.5,0.7637626158259734,2,55.5,55.5,55.5,55.5,55.5,0.0,0.0
401756916,2025,regular,7,2025-10-12 00:00:00+00:00,12,Arizona,252,BYU,3,2.5,2.5,2.5,2.5,2.5,0.0,0.0,3,2.5,2.6666666666666665,2.5,2.5,3.0,0.5,0.28867513459481287,3,46.5,46.666666666666664,46.5,46.5,47.0,0.5,0.28867513459481287,2,48.0,48.0,48.0,47.5,48.5,1.0,0.7071067811865476
401756917,2025,regular,7,2025-10-11 16:00:00+00:00,2132,Cincinnati,2116,UCF,3,-10.5,-10.333333333333334,-10.5,-10.5,-10.0,0.5,0.28867513459481287,3,-10.5,-10.5,-10.5,-10.5,-10.5,0.0,0.0,3,55.5,55.5,55.5,55.5,55.5,0.0,0.0,2,56.0,56.0,56.0,55.5,56.5,1.0,0.7071067811865476
401756918,2025,regular,7,2025-10-11 19:30:00+00:00,38,Colorado,66,Iowa State,3,3.0,2.8333333333333335,3.0,2.5,3.0,0.5,0.28867513459481287,3,4.5,4.666666666666667,4.5,4.5,5.0,0.5,0.28867513459481287,3,52.5,52.5,52.5,52.5,52.5,0.0,0.0,2,52.5,52.5,52.5,51.5,53.5,2.0,1.4142135623730951
401756919,2025,regular,7,2025-10-11 19:30:00+00:00,2306,Kansas State,2628,TCU,3,3.0,2.8333333333333335,3.0,2.5,3.0,0.5,0.28867513459481287,3,1.5,1.8333333333333333,1.5,1.5,2.5,1.0,0.5773502691896257,3,54.5,54.5,54.5,54.5,54.5,0.0,0.0,2,57.5,57.5,57.5,57.5,57.5,0.0,0.0
401756920,2025,regular,7,2025-10-11 16:00:00+00:00,197,Oklahoma State,248,Houston,3,14.5,14.5,14.5,14.5,14.5,0.0,0.0,3,14.0,14.0,14.0,13.5,14.5,1.0,0.5,3,47.5,47.666666666666664,47.5,47.5,48.0,0.5,0.28867513459481287,2,47.0,47.0,47.0,46.5,47.5,1.0,0.7071067811865476
401756921,2025,regular,7,2025-10-11 23:30:00+00:00,2641,Texas Tech,2305,Kansas,3,-13.5,-13.5,-13.5,-13.5,-13.5,0.0,0.0,3,-14.5,-14.333333333333334,-14.5,-14.5,-14.0,0.5,0.28867513459481287,3,58.5,58.5,58.5,58.5,58.5,0.0,0.0,2,60.5,60.5,60.5,60.5,60.5,0.0,0.0
401756922,2025,regular,7,2025-10-12 02:15:00+00:00,254,Utah,9,Arizona State,3,-9.5,-9.166666666666666,-9.5,-9.5,-8.5,1.0,0.5773502691896257,3,-4.5,-4.166666666666667,-4.5,-5.5,-2.5,3.0,1.5275252316519468,3,44.5,43.833333333333336,44.5,42.5,44.5,2.0,1.1547005383792515,2,49.0,49.0,49.0,48.5,49.5,1.0,0.7071067811865476
401756923,2025,regular,8,2025-10-18 20:00:00+00:00,9,Arizona State,2641,Texas Tech,3,8.0,8.0,8.0,7.5,8.5,1.0,0.5,3,10.5,5.666666666666667,10.5,-4.0,10.5,14.5,8.371578903249574,3,52.5,52.333333333333336,52.5,52.0,52.5,0.5,0.28867513459481287,2,49.5,49.5,49.5,49.5,49.5,0.0,0.0
401756924,2025,regular,8,2025-10-19 00:00:00+00:00,252,BYU,254,Utah,3,4.0,4.5,4.0,4.0,5.5,1.5,0.8660254037844386,3,3.5,3.1666666666666665,3.5,2.5,3.5,1.0,0.5773502691896257,3,49.5,49.5,49.5,49.5,49.5,0.0,0.0,2,47.5,47.5,47.5,47.5,47.5,0.0,0.0
401756925,2025,regular,8,2025-10-18 16:00:00+00:00,248,Houston,12,Arizona,3,2.0,2.0,2.0,1.5,2.5,1.0,0.5,3,-2.0,-2.0,-2.0,-2.5,-1.5,1.0,0.5,3,47.5,47.333333333333336,47.5,47.0,47.5,0.5,0.28867513459481287,2,46.75,46.75,46.75,46.5,47.0,0.5,0.3535533905932738
401756926,2025,regular,8,2025-10-19 00:00:00+00:00,197,Oklahoma State,2132,Cincinnati,3,23.5,23.666666666666668,23.5,23.5,24.0,0.5,0.28867513459481287,3,20.5,20.833333333333332,20.5,20.5,21.5,1.0,0.5773502691896257,3,57.5,57.666666666666664,57.5,57.5,58.0,0.5,0.28867513459481287,2,57.75,57.75,57.75,57.0,58.5,1.5,1.0606601717798212
401756927,2025,regular,8,2025-10-18 16:00:00+00:00,2628,TCU,239,Baylor,3,-3.5,-3.5,-3.5,-3.5,-3.5,0.0,0.0,3,-3.0,-3.1666666666666665,-3.0,-3.5,-3.0,0.5,0.28867513459481287,3,66.5,66.83333333333333,66.5,66.5,67.5,1.0,0.5773502691896257,2,66.5,66.5,66.5,66.5,66.5,0.0,0.0
401756928,2025,regular,8,2025-10-18 17:00:00+00:00,2116,UCF,277,West Virginia,3,-6.5,-6.5,-6.5,-6.5,-6.5,0.0,0.0,3,-7.5,-8.0,-7.5,-9.5,-7.0,2.5,1.3228756555322954,3,46.5,46.666666666666664,46.5,46.0,47.5,1.5,0.7637626158259734,2,49.0,49.0,49.0,48.5,49.5,1.0,0.7071067811865476
401756929,2025,regular,9,2025-10-26 00:00:00+00:00,9,Arizona State,248,Houston,3,-7.5,-7.333333333333333,-7.5,-7.5,-7.0,0.5,0.28867513459481287,3,-8.5,-8.0,-8.5,-8.5,-7.0,1.5,0.8660254037844386,3,47.0,47.0,47.0,46.5,47.5,1.0,0.5,2,47.5,47.5,47.5,47.5,47.5,0.0,0.0
401756930,2025,regular,9,2025-10-25 20:00:00+00:00,2132,Cincinnati,239,Baylor,3,-3.5,-3.5,-3.5,-3.5,-3.5,0.0,0.0,3,-5.5,-4.833333333333333,-5.5,-5.5,-3.5,2.0,1.1547005383792515,3,68.5,68.83333333333333,68.5,68.5,69.5,1.0,0.5773502691896257,2,66.5,66.5,66.5,66.5,66.5,0.0,0.0
401756931,2025,regular,9,2025-10-25 19:30:00+00:00,66,Iowa State,252,BYU,3,-2.5,-2.5,-2.5,-2.5,-2.5,0.0,0.0,3,-2.0,-1.0,-2.0,-2.5,1.5,4.0,2.179449471770337,3,49.0,49.0,49.0,48.5,49.5,1.0,0.5,2,48.75,48.75,48.75,48.5,49.0,0.5,0.3535533905932738
401756932,2025,regular,9,2025-10-25 16:00:00+00:00,2305,Kansas,2306,Kansas State,3,-3.5,-3.5,-3.5,-3.5,-3.5,0.0,0.0,3,3.5,1.6666666666666667,3.5,-2.5,4.0,6.5,3.6170890690351176,3,55.5,55.666666666666664,55.5,55.5,56.0,0.5,0.28867513459481287,2,54.25,54.25,54.25,53.5,55.0,1.5,1.0606601717798212
401756933,2025,regular,9,2025-10-25 20:00:00+00:00,2641,Texas Tech,197,Oklahoma State,3,-37.5,-37.0,-37.5,-38.0,-35.5,2.5,1.3228756555322954,3,-38.5,-38.0,-38.5,-39.0,-36.5,2.5,1.3228756555322954,3,56.5,56.333333333333336,56.5,56.0,56.5,0.5,0.28867513459481287,2,56.75,56.75,56.75,56.5,57.0,0.5,0.3535533905932738
401756934,2025,regular,9,2025-10-26 02:15:00+00:00,254,Utah,38,Colorado,3,-14.0,-14.166666666666666,-14.0,-14.5,-14.0,0.5,0.28867513459481287,3,-14.5,-13.166666666666666,-14.5,-15.5,-9.5,6.0,3.2145502536643185,3,50.0,50.0,50.0,49.5,50.5,1.0,0.5,2,53.25,53.25,53.25,51.0,55.5,4.5,3.181980515339464
401756935,2025,regular,9,2025-10-25 22:00:00+00:00,277,West Virginia,2628,TCU,3,16.5,16.5,16.5,16.5,16.5,0.0,0.0,3,14.5,14.666666666666666,14.5,14.5,15.0,0.5,0.28867513459481287,3,55.5,55.5,55.5,55.5,55.5,0.0,0.0,2,56.25,56.25,56.25,55.5,57.0,1.5,1.0606601717798212
401756936,2025,regular,10,2025-11-01 16:00:00+00:00,239,Baylor,2116,UCF,3,-3.0,-3.1666666666666665,-3.0,-3.5,-3.0,0.5,0.28867513459481287,3,-4.5,-4.5,-4.5,-4.5,-4.5,0.0,0.0,3,58.5,58.5,58.5,58.5,58.5,0.0,0.0,2,60.5,60.5,60.5,60.5,60.5,0.0,0.0
401756937,2025,regular,10,2025-11-01 23:00:00+00:00,38,Colorado,12,Arizona,3,3.5,3.6666666666666665,3.5,3.5,4.0,0.5,0.28867513459481287,3,4.5,4.833333333333333,4.5,4.5,5.5,1.0,0.5773502691896257,3,52.5,52.166666666666664,52.5,51.5,52.5,1.0,0.5773502691896257,2,53.0,53.0,53.0,52.5,53.5,1.0,0.7071067811865476
401756938,2025,regular,10,2025-11-01 16:00:00+00:00,248,Houston,277,West Virginia,3,-13.0,-13.0,-13.0,-13.5,-12.5,1.0,0.5,3,-15.5,-15.166666666666666,-15.5,-15.5,-14.5,1.0,0.5773502691896257,3,48.5,48.833333333333336,48.5,48.5,49.5,1.0,0.5773502691896257,2,49.5,49.5,49.5,49.5,49.5,0.0,0.0
401756939,2025,regular,10,2025-11-01 17:00:00+00:00,66,Iowa State,9,Arizona State,3,-7.5,-7.833333333333333,-7.5,-8.5,-7.5,1.0,0.5773502691896257,3,-3.5,-3.5,-3.5,-4.0,-3.0,1.0,0.5,3,48.5,48.5,48.5,48.5,48.5,0.0,0.0,2,50.5,50.5,50.5,50.5,50.5,0.0,0.0
401756940,2025,regular,10,2025-11-01 20:00:00+00:00,2305,Kansas,197,Oklahoma State,3,-24.5,-24.666666666666668,-24.5,-25.0,-24.5,0.5,0.28867513459481287,3,-24.5,-24.5,-24.5,-24.5,-24.5,0.0,0.0,3,54.5,54.166666666666664,54.5,53.5,54.5,1.0,0.5773502691896257,2,56.75,56.75,56.75,55.5,58.0,2.5,1.7677669529663689
401756941,2025,regular,10,2025-11-01 19:30:00+00:00,2306,Kansas State,2641,Texas Tech,3,7.5,7.333333333333333,7.5,7.0,7.5,0.5,0.28867513459481287,3,-4.5,-0.6666666666666666,-4.5,-4.5,7.0,11.5,6.639528095680697,3,51.5,51.666666666666664,51.5,51.5,52.0,0.5,0.28867513459481287,2,56.5,56.5,56.5,52.5,60.5,8.0,5.656854249492381
401756942,2025,regular,10,2025-11-02 02:15:00+00:00,254,Utah,2132,Cincinnati,3,-11.0,-10.666666666666666,-11.0,-11.5,-9.5,2.0,1.0408329997330663,3,-7.0,-6.666666666666667,-7.0,-7.5,-5.5,2.0,1.0408329997330663,3,57.5,57.833333333333336,57.5,57.5,58.5,1.0,0.5773502691896257,2,56.75,56.75,56.75,56.0,57.5,1.5,1.0606601717798212
401756943,2025,regular,11,2025-11-08 20:30:00+00:00,12,Arizona,2305,Kansas,3,-5.5,-5.833333333333333,-5.5,-6.5,-5.5,1.0,0.5773502691896257,3,-5.5,-5.0,-5.5,-6.0,-3.5,2.5,1.3228756555322954,3,56.5,56.5,56.5,56.5,56.5,0.0,0.0,2,56.5,56.5,56.5,56.5,56.5,0.0,0.0
401756944,2025,regular,11,2025-11-08 20:30:00+00:00,2628,TCU,66,Iowa State,3,-7.5,-7.5,-7.5,-7.5,-7.5,0.0,0.0,3,-6.5,-5.333333333333333,-6.5,-6.5,-3.0,3.5,2.0207259421636903,3,58.5,58.333333333333336,58.5,58.0,58.5,0.5,0.28867513459481287,2,57.5,57.5,57.5,57.5,57.5,0.0,0.0
401756945,2025,regular,11,2025-11-08 17:00:00+00:00,2641,Texas Tech,252,BYU,3,-13.5,-13.5,-13.5,-13.5,-13.5,0.0,0.0,3,-10.5,-9.833333333333334,-10.5,-10.5,-8.5,2.0,1.1547005383792515,2,50.25,50.25,50.25,50.0,50.5,0.5,0.3535533905932738,2,53.0,53.0,53.0,52.5,53.5,1.0,0.7071067811865476
401756946,2025,regular,11,2025-11-08 01:00:00+00:00,2116,UCF,248,Houston,3,-1.5,-1.3333333333333333,-1.5,-1.5,-1.0,0.5,0.28867513459481287,3,2.5,1.6666666666666667,2.5,0.0,2.5,2.5,1.4433756729740643,3,47.5,47.5,47.5,47.5,47.5,0.0,0.0,2,48.0,48.0,48.0,47.5,48.5,1.0,0.7071067811865476
401756947,2025,regular,11,2025-11-08 17:00:00+00:00,277,West Virginia,38,Colorado,3,-6.5,-6.5,-6.5,-6.5,-6.5,0.0,0.0,3,-5.5,-5.5,-5.5,-6.5,-4.5,2.0,1.0,3,51.5,51.5,51.5,51.5,51.5,0.0,0.0,2,55.0,55.0,55.0,53.5,56.5,3.0,2.1213203435596424
401756948,2025,regular,12,2025-11-15 18:00:00+00:00,9,Arizona State,277,West Virginia,3,-10.0,-9.833333333333334,-10.0,-10.0,-9.5,0.5,0.28867513459481287,3,-10.5,-10.666666666666666,-10.5,-11.0,-10.5,0.5,0.28867513459481287,3,46.5,46.5,46.5,46.5,46.5,0.0,0.0,2,47.5,47.5,47.5,47.5,47.5,0.0,0.0
401756949,2025,regular,12,2025-11-16 00:00:00+00:00,239,Baylor,254,Utah,3,9.5,9.5,9.5,9.5,9.5,0.0,0.0,3,9.0,8.666666666666666,9.0,7.5,9.5,2.0,1.0408329997330663,3,60.5,60.833333333333336,60.5,60.5,61.5,1.0,0.5773502691896257,2,60.5,60.5,60.5,60.5,60.5,0.0,0.0
401756950,2025,regular,12,2025-11-16 03:15:00+00:00,252,BYU,2628,TCU,3,-3.0,-2.8333333333333335,-3.0,-3.0,-2.5,0.5,0.28867513459481287,3,-5.5,-5.333333333333333,-5.5,-6.0,-4.5,1.5,0.7637626158259734,3,51.5,51.666666666666664,51.5,51.5,52.0,0.5,0.28867513459481287,2,52.0,52.0,52.0,51.5,52.5,1.0,0.7071067811865476
401756951,2025,regular,12,2025-11-15 17:00:00+00:00,2132,Cincinnati,12,Arizona,3,-6.0,-6.0,-6.0,-6.5,-5.5,1.0,0.5,2,-5.75,-5.75,-5.75,-6.0,-5.5,0.5,0.3535533905932738,3,56.5,56.333333333333336,56.5,56.0,56.5,0.5,0.28867513459481287,2,56.5,56.5,56.5,56.5,56.5,0.0,0.0
401756952,2025,regular,12,2025-11-15 17:00:00+00:00,197,Oklahoma State,2306,Kansas State,3,19.5,19.5,19.5,19.5,19.5,0.0,0.0,3,20.0,20.0,20.0,19.5,20.5,1.0,0.5,3,50.5,50.333333333333336,50.5,50.0,50.5,0.5,0.28867513459481287,2,54.5,54.5,54.5,54.5,54.5,0.0,0.0
401756953,2025,regular,12,2025-11-15 20:30:00+00:00,2641,Texas Tech,2116,UCF,3,-24.5,-24.333333333333332,-24.5,-24.5,-24.0,0.5,0.28867513459481287,2,-23.5,-23.5,-23.5,-23.5,-23.5,0.0,0.0,3,48.5,48.5,48.5,48.5,48.5,0.0,0.0,3,47.5,47.833333333333336,47.5,47.5,48.5,1.0,0.5773502691896257
401756954,2025,regular,13,2025-11-22 18:00:00+00:00,12,Arizona,239,Baylor,3,-6.5,-6.5,-6.5,-6.5,-6.5,0.0,0.0,3,-6.5,-6.5,-6.5,-6.5,-6.5,0.0,0.0,3,61.5,61.166666666666664,61.5,60.5,61.5,1.0,0.5773502691896257,2,62.75,62.75,62.75,62.5,63.0,0.5,0.3535533905932738
401756955,2025,regular,13,2025-11-23 01:00:00+00:00,2132,Cincinnati,252,BYU,3,2.5,2.5,2.5,2.5,2.5,0.0,0.0,3,2.0,0.3333333333333333,2.0,-3.5,2.5,6.0,3.3291640592396963,3,56.5,56.833333333333336,56.5,56.5,57.5,1.0,0.5773502691896257,2,53.75,53.75,53.75,53.5,54.0,0.5,0.3535533905932738
401756956,2025,regular,13,2025-11-23 01:00:00+00:00,38,Colorado,9,Arizona State,3,7.0,6.833333333333333,7.0,6.5,7.0,0.5,0.28867513459481287,3,7.5,6.833333333333333,7.5,4.5,8.5,4.0,2.0816659994661326,3,47.5,47.5,47.5,47.5,47.5,0.0,0.0,2,48.75,48.75,48.75,48.5,49.0,0.5,0.3535533905932738
401756957,2025,regular,13,2025-11-22 21:00:00+00:00,248,Houston,2628,TCU,3,1.5,1.5,1.5,1.5,1.5,0.0,0.0,3,-2.5,-2.5,-2.5,-2.5,-2.5,0.0,0.0,3,55.5,55.833333333333336,55.5,55.5,56.5,1.0,0.5773502691896257,2,54.75,54.75,54.75,54.5,55.0,0.5,0.3535533905932738
401756958,2025,regular,13,2025-11-22 17:00:00+00:00,66,Iowa State,2305,Kansas,3,-3.5,-3.3333333333333335,-3.5,-3.5,-3.0,0.5,0.28867513459481287,3,-4.0,-4.0,-4.0,-4.5,-3.5,1.0,0.5,3,55.5,55.5,55.5,55.5,55.5,0.0,0.0,2,55.25,55.25,55.25,54.5,56.0,1.5,1.0606601717798212
401756959,2025,regular,13,2025-11-22 21:00:00+00:00,2116,UCF,197,Oklahoma State,3,-13.5,-13.166666666666666,-13.5,-13.5,-12.5,1.0,0.5773502691896257,3,-14.0,-14.0,-14.0,-14.5,-13.5,1.0,0.5,3,47.5,47.5,47.5,47.5,47.5,0.0,0.0,2,48.0,48.0,48.0,47.5,48.5,1.0,0.7071067811865476
401756960,2025,regular,13,2025-11-22 21:00:00+00:00,254,Utah,2306,Kansas State,3,-17.5,-17.833333333333332,-17.5,-18.5,-17.5,1.0,0.5773502691896257,3,-16.5,-11.666666666666666,-16.5,-17.0,-1.5,15.5,8.808140174482542,3,52.5,52.5,52.5,52.5,52.5,0.0,0.0,2,53.5,53.5,53.5,52.5,54.5,2.0,1.4142135623730951
401756961,2025,regular,14,2025-11-29 02:00:00+00:00,9,Arizona State,12,Arizona,3,2.0,2.0,2.0,1.5,2.5,1.0,0.5,3,1.5,1.0,1.5,0.0,1.5,1.5,0.8660254037844386,3,48.5,48.166666666666664,48.5,47.5,48.5,1.0,0.5773502691896257,2,49.25,49.25,49.25,48.0,50.5,2.5,1.7677669529663689
401756962,2025,regular,14,2025-11-29 17:00:00+00:00,239,Baylor,248,Houston,3,-2.5,-2.5,-2.5,-2.5,-2.5,0.0,0.0,3,-2.5,-2.1666666666666665,-2.5,-2.5,-1.5,1.0,0.5773502691896257,3,57.0,57.0,57.0,56.5,57.5,1.0,0.5,2,61.0,61.0,61.0,60.5,61.5,1.0,0.7071067811865476
401756963,2025,regular,14,2025-11-29 18:00:00+00:00,252,BYU,2116,UCF,3,-17.5,-17.5,-17.5,-17.5,-17.5,0.0,0.0,3,-18.5,-18.166666666666668,-18.5,-18.5,-17.5,1.0,0.5773502691896257,3,46.5,46.5,46.5,46.5,46.5,0.0,0.0,2,48.0,48.0,48.0,47.5,48.5,1.0,0.7071067811865476
401756964,2025,regular,14,2025-11-28 17:00:00+00:00,2305,Kansas,254,Utah,3,10.0,10.166666666666666,10.0,10.0,10.5,0.5,0.28867513459481287,3,13.5,13.5,13.5,13.5,13.5,0.0,0.0,3,60.5,60.166666666666664,60.5,59.5,60.5,1.0,0.5773502691896257,2,59.5,59.5,59.5,58.5,60.5,2.0,1.4142135623730951
401756965,2025,regular,14,2025-11-29 17:00:00+00:00,2306,Kansas State,38,Colorado,3,-16.5,-16.5,-16.5,-16.5,-16.5,0.0,0.0,3,-17.0,-17.0,-17.0,-17.5,-16.5,1.0,0.5,3,49.5,49.833333333333336,49.5,49.5,50.5,1.0,0.5773502691896257,2,51.5,51.5,51.5,51.5,51.5,0.0,0.0
401756966,2025,regular,14,2025-11-29 17:00:00+00:00,197,Oklahoma State,66,Iowa State,3,14.0,13.833333333333334,14.0,13.5,14.0,0.5,0.28867513459481287,3,14.5,15.166666666666666,14.5,14.5,16.5,2.0,1.1547005383792515,3,46.5,46.833333333333336,46.5,46.5,47.5,1.0,0.5773502691896257,2,49.5,49.5,49.5,49.5,49.5,0.0,0.0
401756967,2025,regular,14,2025-11-29 20:30:00+00:00,2628,TCU,2132,Cincinnati,3,-3.0,-3.1666666666666665,-3.0,-3.5,-3.0,0.5,0.28867513459481287,3,-4.5,-4.0,-4.5,-4.5,-3.0,1.5,0.8660254037844386,3,58.5,58.5,58.5,58.5,58.5,0.0,0.0,2,58.25,58.25,58.25,58.0,58.5,0.5,0.3535533905932738
401756968,2025,regular,14,2025-11-29 17:00:00+00:00,277,West Virginia,2641,Texas Tech,3,24.5,24.333333333333332,24.5,24.0,24.5,0.5,0.28867513459481287,3,20.5,20.333333333333332,20.5,19.5,21.0,1.5,0.7637626158259734,3,53.5,53.333333333333336,53.5,53.0,53.5,0.5,0.28867513459481287,2,53.0,53.0,53.0,52.5,53.5,1.0,0.7071067811865476
401757165,2025,regular,6,2025-10-04 19:30:00+00:00,87,Notre Dame,68,Boise State,3,-21.5,-21.5,-21.5,-21.5,-21.5,0.0,0.0,3,-16.5,-17.0,-16.5,-18.0,-16.5,1.5,0.8660254037844386,3,63.5,63.333333333333336,63.5,63.0,63.5,0.5,0.28867513459481287,2,59.0,59.0,59.0,53.5,64.5,11.0,7.7781745930520225
401757166,2025,regular,11,2025-11-09 00:30:00+00:00,87,Notre Dame,2426,Navy,3,-30.5,-30.5,-30.5,-30.5,-30.5,0.0,0.0,3,-24.5,-24.5,-24.5,-24.5,-24.5,0.0,0.0,3,54.5,54.666666666666664,54.5,54.5,55.0,0.5,0.28867513459481287,2,56.5,56.5,56.5,56.5,56.5,0.0,0.0
401757167,2025,regular,1,2025-08-30 18:00:00+00:00,41,UConn,2115,Central Connecticut,2,-28.75,-28.75,-28.75,-29.5,-28.0,1.5,1.0606601717798212,2,-26.0,-26.0,-26.0,-26.5,-25.5,1.0,0.7071067811865476,2,51.5,51.5,51.5,51.5,51.5,0.0,0.0,2,51.5,51.5,51.5,51.5,51.5,0.0,0.0
401757168,2025,regular,3,2025-09-13 19:00:00+00:00,48,Delaware,41,UConn,3,8.5,8.666666666666666,8.5,8.0,9.5,1.5,0.7637626158259734,2,10.25,10.25,10.25,10.0,10.5,0.5,0.3535533905932738,3,52.5,52.166666666666664,52.5,51.5,52.5,1.0,0.5773502691896257,2,51.5,51.5,51.5,51.5,51.5,0.0,0.0
401757169,2025,regular,4,2025-09-20 19:30:00+00:00,41,UConn,2050,Ball State,3,-21.0,-21.0,-21.0,-21.5,-20.5,1.0,0.5,3,-20.5,-20.0,-20.5,-21.0,-18.5,2.5,1.3228756555322954,3,53.5,53.666666666666664,53.5,53.5,54.0,0.5,0.28867513459481287,2,52.5,52.5,52.5,52.5,52.5,0.0,0.0
401757170,2025,regular,5,2025-09-27 19:30:00+00:00,2084,Buffalo,41,UConn,3,3.0,2.8333333333333335,3.0,2.5,3.0,0.5,0.28867513459481287,3,2.5,2.6666666666666665,2.5,2.5,3.0,0.5,0.28867513459481287,3,51.5,51.333333333333336,51.5,51.0,51.5,0.5,0.28867513459481287,2,51.5,51.5,51.5,51.5,51.5,0.0,0.0
401757171,2025,regular,6,2025-10-04 19:30:00+00:00,41,UConn,2229,Florida International,3,-7.0,-6.833333333333333,-7.0,-7.0,-6.5,0.5,0.28867513459481287,3,-8.5,-8.666666666666666,-8.5,-10.0,-7.5,2.5,1.2583057392117916,3,52.0,52.0,52.0,51.5,52.5,1.0,0.5,2,54.5,54.5,54.5,54.5,54.5,0.0,0.0
401757172,2025,regular,9,2025-10-25 19:00:00+00:00,242,Rice,41,UConn,3,10.0,10.0,10.0,9.5,10.5,1.0,0.5,3,9.5,9.666666666666666,9.5,9.5,10.0,0.5,0.28867513459481287,3,48.5,48.5,48.5,48.5,48.5,0.0,0.0,2,48.5,48.5,48.5,48.5,48.5,0.0,0.0
401757173,2025,regular,10,2025-11-01 16:00:00+00:00,41,UConn,5,UAB,3,-10.5,-10.333333333333334,-10.5,-10.5,-10.0,0.5,0.28867513459481287,3,-11.5,-11.833333333333334,-11.5,-12.5,-11.5,1.0,0.5773502691896257,3,61.5,61.5,61.5,61.5,61.5,0.0,0.0,2,64.25,64.25,64.25,64.0,64.5,0.5,0.3535533905932738
401757174,2025,regular,12,2025-11-15 17:00:00+00:00,41,UConn,2005,Air Force,3,-7.5,-7.5,-7.5,-7.5,-7.5,0.0,0.0,3,-8.0,-7.833333333333333,-8.0,-8.5,-7.0,1.5,0.7637626158259734,3,64.5,64.5,64.5,64.5,64.5,0.0,0.0,2,63.5,63.5,63.5,63.5,63.5,0.0,0.0
401757175,2025,regular,13,2025-11-22 20:00:00+00:00,2226,Florida Atlantic,41,UConn,3,6.0,5.833333333333333,6.0,5.5,6.0,0.5,0.28867513459481287,3,7.5,7.333333333333333,7.5,7.0,7.5,0.5,0.28867513459481287,3,64.0,64.0,64.0,63.5,64.5,1.0,0.5,2,67.5,67.5,67.5,67.5,67.5,0.0,0.0
401757218,2025,regular,1,2025-08-23 23:00:00+00:00,98,Western Kentucky,2534,Sam Houston,3,-9.5,-9.833333333333334,-9.5,-10.5,-9.5,1.0,0.5773502691896257,3,-9.5,-8.666666666666666,-9.5,-9.5,-7.0,2.5,1.4433756729740643,3,60.5,60.333333333333336,60.5,60.0,60.5,0.5,0.28867513459481287,3,61.5,61.166666666666664,61.5,60.5,61.5,1.0,0.5773502691896257
401757219,2025,regular,1,2025-08-28 23:00:00+00:00,48,Delaware,2169,Delaware State,2,-30.5,-30.5,-30.5,-30.5,-30.5,0.0,0.0,2,-29.75,-29.75,-29.75,-30.0,-29.5,0.5,0.3535533905932738,2,55.5,55.5,55.5,55.5,55.5,0.0,0.0,2,55.0,55.0,55.0,54.5,55.5,1.0,0.7071067811865476
401757220,2025,regular,1,2025-08-30 20:00:00+00:00,2335,Liberty,311,Maine,2,-25.5,-25.5,-25.5,-25.5,-25.5,0.0,0.0,2,-25.5,-25.5,-25.5,-25.5,-25.5,0.0,0.0,2,50.75,50.75,50.75,50.5,51.0,0.5,0.3535533905932738,2,52.5,52.5,52.5,52.5,52.5,0.0,0.0
401757221,2025,regular,1,2025-08-30 23:30:00+00:00,2348,Louisiana Tech,2545,SE Louisiana,2,-14.5,-14.5,-14.5,-14.5,-14.5,0.0,0.0,2,-14.0,-14.0,-14.0,-14.5,-13.5,1.0,0.7071067811865476,2,50.75,50.75,50.75,50.5,51.0,0.5,0.3535533905932738,2,49.25,49.25,49.25,48.5,50.0,1.5,1.0606601717798212
401757222,2025,regular,1,2025-08-30 23:00:00+00:00,2393,Middle Tennessee,2046,Austin Peay,2,-15.5,-15.5,-15.5,-16.5,-14.5,2.0,1.4142135623730951,2,-11.5,-11.5,-11.5,-13.5,-9.5,4.0,2.8284271247461903,2,53.5,53.5,53.5,53.5,53.5,0.0,0.0,2,53.5,53.5,53.5,53.5,53.5,0.0,0.0
401757223,2025,regular,1,2025-08-31 01:00:00+00:00,166,New Mexico State,2803,Bryant,2,-19.5,-19.5,-19.5,-19.5,-19.5,0.0,0.0,2,-19.5,-19.5,-19.5,-19.5,-19.5,0.0,0.0,2,53.0,53.0,53.0,52.5,53.5,1.0,0.7071067811865476,2,53.5,53.5,53.5,53.5,53.5,0.0,0.0
401757224,2025,regular,1,2025-08-30 01:30:00+00:00,2534,Sam Houston,2439,UNLV,3,9.0,10.333333333333334,9.0,8.5,13.5,5.0,2.753785273643051,3,13.5,13.333333333333334,13.5,13.0,13.5,0.5,0.28867513459481287,3,60.5,59.833333333333336,60.5,58.5,60.5,2.0,1.1547005383792515,3,58.5,58.5,58.5,58.5,58.5,0.0,0.0
401757225,2025,regular,1,2025-08-30 23:30:00+00:00,328,Utah State,2638,UTEP,3,-4.5,-4.5,-4.5,-5.5,-3.5,2.0,1.0,3,-3.5,-3.5,-3.5,-3.5,-3.5,0.0,0.0,3,58.5,58.833333333333336,58.5,58.5,59.5,1.0,0.5773502691896257,3,59.5,59.166666666666664,59.5,58.5,59.5,1.0,0.5773502691896257
401757226,2025,regular,1,2025-08-30 23:00:00+00:00,98,Western Kentucky,2453,North Alabama,2,-27.5,-27.5,-27.5,-27.5,-27.5,0.0,0.0,2,-28.25,-28.25,-28.25,-28.5,-28.0,0.5,0.3535533905932738,2,60.5,60.5,60.5,60.5,60.5,0.0,0.0,2,60.5,60.5,60.5,60.5,60.5,0.0,0.0
401757227,2025,regular,2,2025-09-06 16:00:00+00:00,55,Jacksonville State,2335,Liberty,2,6.25,6.25,6.25,6.0,6.5,0.5,0.3535533905932738,2,5.75,5.75,5.75,5.5,6.0,0.5,0.3535533905932738,2,50.5,50.5,50.5,50.5,50.5,0.0,0.0,2,51.75,51.75,51.75,51.0,52.5,1.5,1.0606601717798212
401757228,2025,regular,2,2025-09-06 22:00:00+00:00,276,Marshall,2623,Missouri State,2,-7.25,-7.25,-7.25,-7.5,-7.0,0.5,0.3535533905932738,2,-9.75,-9.75,-9.75,-10.0,-9.5,0.5,0.3535533905932738,2,53.5,53.5,53.5,53.5,53.5,0.0,0.0,2,56.5,56.5,56.5,56.5,56.5,0.0,0.0
401757229,2025,regular,2,2025-09-07 01:00:00+00:00,166,New Mexico State,202,Tulsa,2,3.25,3.25,3.25,3.0,3.5,0.5,0.3535533905932738,2,3.0,3.0,3.0,2.5,3.5,1.0,0.7071067811865476,2,53.0,53.0,53.0,52.5,53.5,1.0,0.7071067811865476,2,53.0,53.0,53.0,52.5,53.5,1.0,0.7071067811865476
401757230,2025,regular,2,2025-09-07 03:59:00+00:00,62,Hawai'i,2534,Sam Houston,2,-7.25,-7.25,-7.25,-7.5,-7.0,0.5,0.3535533905932738,2,-8.75,-8.75,-8.75,-10.0,-7.5,2.5,1.7677669529663689,2,48.0,48.0,48.0,47.5,48.5,1.0,0.7071067811865476,2,49.25,49.25,49.25,49.0,49.5,0.5,0.3535533905932738
401757231,2025,regular,2,2025-09-07 01:00:00+00:00,2638,UTEP,2630,UT Martin,2,-7.5,-7.5,-7.5,-7.5,-7.5,0.0,0.0,2,-6.5,-6.5,-6.5,-6.5,-6.5,0.0,0.0,2,49.5,49.5,49.5,49.5,49.5,0.0,0.0,2,51.5,51.5,51.5,51.5,51.5,0.0,0.0
401757232,2025,regular,2,2025-09-06 23:00:00+00:00,2649,Toledo,98,Western Kentucky,2,-8.0,-8.0,-8.0,-8.5,-7.5,1.0,0.7071067811865476,2,-6.0,-6.0,-6.0,-6.5,-5.5,1.0,0.7071067811865476,2,57.0,57.0,57.0,56.5,57.5,1.0,0.7071067811865476,2,59.0,59.0,59.0,58.5,59.5,1.0,0.7071067811865476
401757233,2025,regular,3,2025-09-13 22:00:00+00:00,2229,Florida International,2226,Florida Atlantic,3,-2.0,-2.0,-2.0,-2.5,-1.5,1.0,0.5,2,-3.0,-3.0,-3.0,-4.5,-1.5,3.0,2.1213203435596424,3,56.5,56.5,56.5,56.5,56.5,0.0,0.0,2,55.75,55.75,55.75,54.5,57.0,2.5,1.7677669529663689
401757234,2025,regular,3,2025-09-13 23:00:00+00:00,290,Georgia Southern,55,Jacksonville State,3,-3.0,-3.1666666666666665,-3.0,-3.5,-3.0,0.5,0.28867513459481287,3,-3.5,-3.3333333333333335,-3.5,-4.0,-2.5,1.5,0.7637626158259734,3,58.5,58.333333333333336,58.5,57.5,59.0,1.5,0.7637626158259734,2,55.5,55.5,55.5,54.5,56.5,2.0,1.4142135623730951
401757235,2025,regular,3,2025-09-13 22:00:00+00:00,338,Kennesaw State,2771,Merrimack,3,-17.5,-17.333333333333332,-17.5,-17.5,-17.0,0.5,0.28867513459481287,2,-10.25,-10.25,-10.25,-10.5,-10.0,0.5,0.3535533905932738,3,44.5,44.5,44.5,44.5,44.5,0.0,0.0,3,44.5,44.5,44.5,44.5,44.5,0.0,0.0
401757256,2025,regular,3,2025-09-13 21:00:00+00:00,189,Bowling Green,2335,Liberty,3,6.0,6.0,6.0,5.5,6.5,1.0,0.5,2,7.0,7.0,7.0,6.5,7.5,1.0,0.7071067811865476,3,51.5,51.5,51.5,51.5,51.5,0.0,0.0,3,51.5,51.333333333333336,51.5,51.0,51.5,0.5,0.28867513459481287
401757257,2025,regular,3,2025-09-13 23:30:00+00:00,2348,Louisiana Tech,166,New Mexico State,3,-10.0,-10.166666666666666,-10.0,-10.5,-10.0,0.5,0.28867513459481287,2,-11.25,-11.25,-11.25,-12.5,-10.0,2.5,1.7677669529663689,3,42.5,42.666666666666664,42.5,42.5,43.0,0.5,0.28867513459481287,3,42.5,43.833333333333336,42.5,42.5,46.5,4.0,2.309401076758503
401757258,2025,regular,3,2025-09-13 21:00:00+00:00,2440,Nevada,2393,Middle Tennessee,3,-9.5,-9.333333333333334,-9.5,-9.5,-9.0,0.5,0.28867513459481287,2,-9.0,-9.0,-9.0,-9.5,-8.5,1.0,0.7071067811865476,3,49.5,49.666666666666664,49.5,49.5,50.0,0.5,0.28867513459481287,2,45.5,45.5,45.5,44.5,46.5,2.0,1.4142135623730951
401757259,2025,regular,4,2025-09-20 22:00:00+00:00,2229,Florida International,48,Delaware,3,-4.0,-4.5,-4.0,-5.5,-4.0,1.5,0.8660254037844386,3,-4.5,-3.8333333333333335,-4.5,-4.5,-2.5,2.0,1.1547005383792515,3,54.5,54.833333333333336,54.5,54.5,55.5,1.0,0.5773502691896257,2,54.5,54.5,54.5,54.5,54.5,0.0,0.0
401757260,2025,regular,4,2025-09-20 23:00:00+00:00,55,Jacksonville State,93,Murray State,3,-35.5,-35.5,-35.5,-35.5,-35.5,0.0,0.0,3,-35.5,-36.5,-35.5,-38.5,-35.5,3.0,1.7320508075688772,3,60.5,60.5,60.5,60.5,60.5,0.0,0.0,2,60.5,60.5,60.5,60.5,60.5,0.0,0.0
401757261,2025,regular,4,2025-09-20 22:00:00+00:00,338,Kennesaw State,2032,Arkansas State,3,4.5,4.5,4.5,4.5,4.5,0.0,0.0,3,7.0,7.0,7.0,6.5,7.5,1.0,0.5,3,58.0,58.0,58.0,57.5,58.5,1.0,0.5,2,54.5,54.5,54.5,54.5,54.5,0.0,0.0
401757262,2025,regular,4,2025-09-20 19:30:00+00:00,2335,Liberty,256,James Madison,3,7.5,7.5,7.5,7.5,7.5,0.0,0.0,3,10.5,10.833333333333334,10.5,10.5,11.5,1.0,0.5773502691896257,3,46.5,46.666666666666664,46.5,46.5,47.0,0.5,0.28867513459481287,2,49.0,49.0,49.0,48.5,49.5,1.0,0.7071067811865476
401757263,2025,regular,4,2025-09-20 23:30:00+00:00,2348,Louisiana Tech,2572,Southern Miss,3,-3.0,-3.1666666666666665,-3.0,-3.5,-3.0,0.5,0.28867513459481287,3,-2.5,-2.3333333333333335,-2.5,-3.0,-1.5,1.5,0.7637626158259734,3,51.5,51.166666666666664,51.5,50.5,51.5,1.0,0.5773502691896257,2,51.5,51.5,51.5,51.5,51.5,0.0,0.0
401757264,2025,regular,4,2025-09-20 23:00:00+00:00,2393,Middle Tennessee,276,Marshall,3,2.5,2.5,2.5,2.5,2.5,0.0,0.0,3,3.5,3.6666666666666665,3.5,3.0,4.5,1.5,0.7637626158259734,3,46.5,46.166666666666664,46.5,45.5,46.5,1.0,0.5773502691896257,2,46.75,46.75,46.75,46.5,47.0,0.5,0.3535533905932738
401757265,2025,regular,4,2025-09-20 23:00:00+00:00,2623,Missouri State,2630,UT Martin,3,-14.5,-14.333333333333334,-14.5,-14.5,-14.0,0.5,0.28867513459481287,2,-13.75,-13.75,-13.75,-14.0,-13.5,0.5,0.3535533905932738,3,55.5,55.166666666666664,55.5,54.5,55.5,1.0,0.5773502691896257,2,52.5,52.5,52.5,52.5,52.5,0.0,0.0
401757267,2025,regular,4,2025-09-21 01:00:00+00:00,2638,UTEP,2433,UL Monroe,3,-5.5,-5.333333333333333,-5.5,-5.5,-5.0,0.5,0.28867513459481287,3,-4.5,-3.5,-4.5,-4.5,-1.5,3.0,1.7320508075688772,3,47.0,47.0,47.0,46.5,47.5,1.0,0.5,2,47.0,47.0,47.0,46.5,47.5,1.0,0.7071067811865476
401757268,2025,regular,4,2025-09-20 23:00:00+00:00,98,Western Kentucky,2440,Nevada,3,-7.5,-7.833333333333333,-7.5,-8.5,-7.5,1.0,0.5773502691896257,3,-11.5,-11.5,-11.5,-12.5,-10.5,2.0,1.0,3,54.5,54.5,54.5,54.5,54.5,0.0,0.0,2,54.5,54.5,54.5,54.5,54.5,0.0,0.0
401757269,2025,regular,5,2025-09-27 23:00:00+00:00,2572,Southern Miss,55,Jacksonville State,3,-4.5,-4.833333333333333,-4.5,-5.5,-4.5,1.0,0.5773502691896257,3,-3.5,-3.5,-3.5,-4.5,-2.5,2.0,1.0,3,55.5,55.666666666666664,55.5,55.5,56.0,0.5,0.28867513459481287,2,57.25,57.25,57.25,57.0,57.5,0.5,0.3535533905932738
401757270,2025,regular,5,2025-09-27 22:00:00+00:00,338,Kennesaw State,2393,Middle Tennessee,3,-7.0,-7.166666666666667,-7.0,-7.5,-7.0,0.5,0.28867513459481287,3,-6.5,-6.666666666666667,-6.5,-7.0,-6.5,0.5,0.28867513459481287,3,54.5,54.166666666666664,54.5,53.5,54.5,1.0,0.5773502691896257,2,51.75,51.75,51.75,51.0,52.5,1.5,1.0606601717798212
401757271,2025,regular,5,2025-09-27 22:00:00+00:00,295,Old Dominion,2335,Liberty,3,-14.5,-14.5,-14.5,-14.5,-14.5,0.0,0.0,3,-15.5,-13.166666666666666,-15.5,-15.5,-8.5,7.0,4.041451884327381,3,53.5,53.5,53.5,53.5,53.5,0.0,0.0,2,51.75,51.75,51.75,51.0,52.5,1.5,1.0606601717798212
401757272,2025,regular,5,2025-09-28 01:00:00+00:00,2638,UTEP,2348,Louisiana Tech,3,3.5,3.5,3.5,3.5,3.5,0.0,0.0,3,3.5,3.5,3.5,3.0,4.0,1.0,0.5,3,48.0,48.0,48.0,47.5,48.5,1.0,0.5,2,48.5,48.5,48.5,48.5,48.5,0.0,0.0
401757273,2025,regular,5,2025-09-27 23:00:00+00:00,2623,Missouri State,98,Western Kentucky,3,3.5,3.5,3.5,3.5,3.5,0.0,0.0,3,5.5,6.0,5.5,5.5,7.0,1.5,0.8660254037844386,3,59.5,59.5,59.5,59.5,59.5,0.0,0.0,2,60.0,60.0,60.0,59.5,60.5,1.0,0.7071067811865476
401757274,2025,regular,5,2025-09-27 20:00:00+00:00,167,New Mexico,166,New Mexico State,3,-16.5,-16.833333333333332,-16.5,-17.5,-16.5,1.0,0.5773502691896257,3,-13.5,-12.5,-13.5,-14.0,-10.0,4.0,2.179449471770337,3,53.5,53.5,53.5,53.5,53.5,0.0,0.0,2,54.5,54.5,54.5,54.5,54.5,0.0,0.0
401757275,2025,regular,6,2025-10-03 01:00:00+00:00,166,New Mexico State,2534,Sam Houston,3,2.0,2.0,2.0,1.5,2.5,1.0,0.5,2,2.0,2.0,2.0,1.5,2.5,1.0,0.7071067811865476,3,52.5,52.666666666666664,52.5,52.0,53.5,1.5,0.7637626158259734,2,52.25,52.25,52.25,51.5,53.0,1.5,1.0606601717798212
401757276,2025,regular,6,2025-10-03 23:00:00+00:00,48,Delaware,98,Western Kentucky,3,-2.5,-2.6666666666666665,-2.5,-3.0,-2.5,0.5,0.28867513459481287,3,-1.5,-0.6666666666666666,-1.5,-2.0,1.5,3.5,1.8929694486000912,3,63.0,63.0,63.0,62.5,63.5,1.0,0.5,2,62.0,62.0,62.0,61.5,62.5,1.0,0.7071067811865476
401757277,2025,regular,7,2025-10-09 00:00:00+00:00,2638,UTEP,2335,Liberty,3,1.5,1.6666666666666667,1.5,1.5,2.0,0.5,0.28867513459481287,3,2.5,2.6666666666666665,2.5,2.5,3.0,0.5,0.28867513459481287,3,46.5,46.833333333333336,46.5,46.5,47.5,1.0,0.5773502691896257,2,46.75,46.75,46.75,46.5,47.0,0.5,0.3535533905932738
401757278,2025,regular,7,2025-10-08 23:30:00+00:00,2393,Middle Tennessee,2623,Missouri State,3,3.0,2.8333333333333335,3.0,2.5,3.0,0.5,0.28867513459481287,3,3.0,3.0,3.0,2.5,3.5,1.0,0.5,3,51.5,51.833333333333336,51.5,51.5,52.5,1.0,0.5773502691896257,1,52.0,52.0,52.0,52.0,52.0,0.0,0.0
401757279,2025,regular,7,2025-10-10 00:00:00+00:00,2534,Sam Houston,55,Jacksonville State,3,7.0,7.166666666666667,7.0,7.0,7.5,0.5,0.28867513459481287,3,9.0,9.0,9.0,8.5,9.5,1.0,0.5,3,53.5,53.333333333333336,53.5,52.5,54.0,1.5,0.7637626158259734,2,55.5,55.5,55.5,55.5,55.5,0.0,0.0
401757280,2025,regular,7,2025-10-09 23:00:00+00:00,338,Kennesaw State,2348,Louisiana Tech,3,4.5,4.833333333333333,4.5,4.5,5.5,1.0,0.5773502691896257,3,5.5,5.833333333333333,5.5,5.5,6.5,1.0,0.5773502691896257,3,46.5,46.166666666666664,46.5,45.5,46.5,1.0,0.5773502691896257,2,45.5,45.5,45.5,45.5,45.5,0.0,0.0
401757281,2025,regular,8,2025-10-15 00:00:00+00:00,98,Western Kentucky,2229,Florida International,3,-10.0,-9.833333333333334,-10.0,-10.0,-9.5,0.5,0.28867513459481287,3,-8.5,-8.5,-8.5,-8.5,-8.5,0.0,0.0,3,55.5,55.5,55.5,55.5,55.5,0.0,0.0,2,56.5,56.5,56.5,55.5,57.5,2.0,1.4142135623730951
401757282,2025,regular,8,2025-10-14 23:00:00+00:00,2335,Liberty,166,New Mexico State,3,-10.5,-10.833333333333334,-10.5,-11.5,-10.5,1.0,0.5773502691896257,3,-10.5,-10.166666666666666,-10.5,-10.5,-9.5,1.0,0.5773502691896257,3,48.5,48.166666666666664,48.5,47.5,48.5,1.0,0.5773502691896257,2,47.5,47.5,47.5,46.5,48.5,2.0,1.4142135623730951
401757283,2025,regular,8,2025-10-15 23:00:00+00:00,55,Jacksonville State,48,Delaware,3,3.0,2.8333333333333335,3.0,2.5,3.0,0.5,0.28867513459481287,3,2.5,2.1666666666666665,2.5,1.5,2.5,1.0,0.5773502691896257,3,55.5,55.666666666666664,55.5,55.5,56.0,0.5,0.28867513459481287,1,57.5,57.5,57.5,57.5,57.5,0.0,0.0
401757284,2025,regular,8,2025-10-15 23:00:00+00:00,2534,Sam Houston,2638,UTEP,3,3.5,3.5,3.5,3.5,3.5,0.0,0.0,3,-2.5,-0.8333333333333334,-2.5,-2.5,2.5,5.0,2.8867513459481287,3,46.5,46.833333333333336,46.5,46.5,47.5,1.0,0.5773502691896257,2,47.5,47.5,47.5,47.5,47.5,0.0,0.0
401757285,2025,regular,9,2025-10-21 23:00:00+00:00,2229,Florida International,338,Kennesaw State,3,3.0,2.8333333333333335,3.0,2.5,3.0,0.5,0.28867513459481287,3,1.5,1.5,1.5,1.5,1.5,0.0,0.0,3,48.5,48.833333333333336,48.5,48.5,49.5,1.0,0.5773502691896257,2,48.5,48.5,48.5,48.5,48.5,0.0,0.0
401757286,2025,regular,9,2025-10-21 23:30:00+00:00,2348,Louisiana Tech,98,Western Kentucky,3,-5.0,-5.0,-5.0,-5.5,-4.5,1.0,0.5,3,-3.0,-2.8333333333333335,-3.0,-3.0,-2.5,0.5,0.28867513459481287,3,49.5,49.333333333333336,49.5,48.5,50.0,1.5,0.7637626158259734,2,50.25,50.25,50.25,50.0,50.5,0.5,0.3535533905932738
401757287,2025,regular,9,2025-10-22 23:30:00+00:00,48,Delaware,2393,Middle Tennessee,3,-8.5,-8.666666666666666,-8.5,-9.5,-8.0,1.5,0.7637626158259734,3,-10.5,-10.333333333333334,-10.5,-10.5,-10.0,0.5,0.28867513459481287,3,55.5,55.333333333333336,55.5,55.0,55.5,0.5,0.28867513459481287,2,53.75,53.75,53.75,52.5,55.0,2.5,1.7677669529663689
401757288,2025,regular,9,2025-10-23 01:00:00+00:00,166,New Mexico State,2623,Missouri State,3,2.5,2.5,2.5,2.5,2.5,0.0,0.0,3,2.0,2.0,2.0,1.5,2.5,1.0,0.5,3,51.5,51.5,51.5,51.5,51.5,0.0,0.0,2,52.25,52.25,52.25,52.0,52.5,0.5,0.3535533905932738
401757289,2025,regular,10,2025-10-29 00:00:00+00:00,338,Kennesaw State,2638,UTEP,3,-12.5,-12.166666666666666,-12.5,-12.5,-11.5,1.0,0.5773502691896257,3,-9.5,-9.333333333333334,-9.5,-10.0,-8.5,1.5,0.7637626158259734,3,53.0,53.0,53.0,52.5,53.5,1.0,0.5,2,49.75,49.75,49.75,48.5,51.0,2.5,1.7677669529663689
401757290,2025,regular,10,2025-11-01 00:00:00+00:00,2348,Louisiana Tech,2534,Sam Houston,3,-16.5,-16.5,-16.5,-16.5,-16.5,0.0,0.0,3,-17.0,-17.0,-17.0,-17.5,-16.5,1.0,0.5,3,48.0,48.0,48.0,47.5,48.5,1.0,0.5,2,49.75,49.75,49.75,49.5,50.0,0.5,0.3535533905932738
401757291,2025,regular,10,2025-10-30 00:00:00+00:00,2623,Missouri State,2229,Florida International,3,-3.0,-3.1666666666666665,-3.0,-3.5,-3.0,0.5,0.28867513459481287,3,-3.5,-3.3333333333333335,-3.5,-4.0,-2.5,1.5,0.7637626158259734,3,50.0,50.0,50.0,49.5,50.5,1.0,0.5,2,52.0,52.0,52.0,51.5,52.5,1.0,0.7071067811865476
401757292,2025,regular,10,2025-10-29 23:30:00+00:00,2393,Middle Tennessee,55,Jacksonville State,3,4.5,4.333333333333333,4.5,4.0,4.5,0.5,0.28867513459481287,3,6.5,6.166666666666667,6.5,5.5,6.5,1.0,0.5773502691896257,3,54.0,54.0,54.0,53.5,54.5,1.0,0.5,2,54.0,54.0,54.0,53.5,54.5,1.0,0.7071067811865476
401757293,2025,regular,10,2025-11-01 19:30:00+00:00,2335,Liberty,48,Delaware,3,-3.5,-3.5,-3.5,-3.5,-3.5,0.0,0.0,3,-3.0,-3.0,-3.0,-3.5,-2.5,1.0,0.5,3,52.5,52.333333333333336,52.5,52.0,52.5,0.5,0.28867513459481287,2,51.25,51.25,51.25,51.0,51.5,0.5,0.3535533905932738
401757294,2025,regular,10,2025-11-01 19:30:00+00:00,98,Western Kentucky,166,New Mexico State,3,-7.5,-7.5,-7.5,-7.5,-7.5,0.0,0.0,3,-9.5,-9.166666666666666,-9.5,-9.5,-8.5,1.0,0.5773502691896257,3,53.5,53.833333333333336,53.5,53.5,54.5,1.0,0.5773502691896257,2,54.0,54.0,54.0,53.5,54.5,1.0,0.7071067811865476
401757295,2025,regular,11,2025-11-08 20:00:00+00:00,48,Delaware,2348,Louisiana Tech,3,5.5,5.5,5.5,5.5,5.5,0.0,0.0,3,4.5,4.833333333333333,4.5,4.5,5.5,1.0,0.5773502691896257,3,56.5,56.833333333333336,56.5,56.5,57.5,1.0,0.5773502691896257,2,57.5,57.5,57.5,57.5,57.5,0.0,0.0
401757296,2025,regular,11,2025-11-08 20:00:00+00:00,2393,Middle Tennessee,2229,Florida International,3,-1.5,-1.6666666666666667,-1.5,-2.0,-1.5,0.5,0.28867513459481287,3,1.5,1.3333333333333333,1.5,1.0,1.5,0.5,0.28867513459481287,3,50.5,50.666666666666664,50.5,50.5,51.0,0.5,0.28867513459481287,2,52.0,52.0,52.0,51.5,52.5,1.0,0.7071067811865476
401757297,2025,regular,11,2025-11-08 20:00:00+00:00,2638,UTEP,55,Jacksonville State,3,1.5,1.5,1.5,1.5,1.5,0.0,0.0,3,1.5,1.8333333333333333,1.5,1.5,2.5,1.0,0.5773502691896257,3,46.5,46.5,46.5,46.5,46.5,0.0,0.0,2,49.25,49.25,49.25,49.0,49.5,0.5,0.3535533905932738
401757298,2025,regular,11,2025-11-08 21:00:00+00:00,166,New Mexico State,338,Kennesaw State,3,11.5,11.166666666666666,11.5,10.5,11.5,1.0,0.5773502691896257,3,7.0,7.0,7.0,6.5,7.5,1.0,0.5,3,52.5,52.333333333333336,52.5,52.0,52.5,0.5,0.28867513459481287,2,54.0,54.0,54.0,53.5,54.5,1.0,0.7071067811865476
401757299,2025,regular,11,2025-11-08 18:00:00+00:00,2335,Liberty,2623,Missouri State,3,-7.5,-7.666666666666667,-7.5,-8.0,-7.5,0.5,0.28867513459481287,3,-7.5,-7.333333333333333,-7.5,-8.0,-6.5,1.5,0.7637626158259734,3,51.5,51.5,51.5,51.5,51.5,0.0,0.0,2,50.5,50.5,50.5,50.5,50.5,0.0,0.0
401757300,2025,regular,12,2025-11-16 00:00:00+00:00,2534,Sam Houston,48,Delaware,3,11.5,12.166666666666666,11.5,11.5,13.5,2.0,1.1547005383792515,3,8.5,8.0,8.5,7.0,8.5,1.5,0.8660254037844386,3,56.5,56.333333333333336,56.5,56.0,56.5,0.5,0.28867513459481287,2,56.5,56.5,56.5,56.5,56.5,0.0,0.0
401757301,2025,regular,12,2025-11-15 22:00:00+00:00,2229,Florida International,2335,Liberty,3,2.5,3.1666666666666665,2.5,2.5,4.5,2.0,1.1547005383792515,3,3.0,3.1666666666666665,3.0,2.5,4.0,1.5,0.7637626158259734,3,51.5,52.166666666666664,51.5,51.5,53.5,2.0,1.1547005383792515,2,54.0,54.0,54.0,53.5,54.5,1.0,0.7071067811865476
401757302,2025,regular,12,2025-11-16 01:00:00+00:00,55,Jacksonville State,338,Kennesaw State,3,3.5,3.6666666666666665,3.5,3.5,4.0,0.5,0.28867513459481287,3,2.5,2.5,2.5,2.5,2.5,0.0,0.0,3,56.0,56.0,56.0,55.5,56.5,1.0,0.5,2,51.5,51.5,51.5,51.5,51.5,0.0,0.0
401757303,2025,regular,12,2025-11-15 20:30:00+00:00,98,Western Kentucky,2393,Middle Tennessee,3,-13.5,-13.5,-13.5,-13.5,-13.5,0.0,0.0,3,-13.5,-13.666666666666666,-13.5,-14.0,-13.5,0.5,0.28867513459481287,3,51.5,51.833333333333336,51.5,51.5,52.5,1.0,0.5773502691896257,2,56.25,56.25,56.25,56.0,56.5,0.5,0.3535533905932738
401757304,2025,regular,12,2025-11-15 20:00:00+00:00,2623,Missouri State,2638,UTEP,3,-6.5,-6.833333333333333,-6.5,-7.5,-6.5,1.0,0.5773502691896257,3,-4.5,-4.333333333333333,-4.5,-4.5,-4.0,0.5,0.28867513459481287,3,48.5,48.166666666666664,48.5,47.5,48.5,1.0,0.5773502691896257,2,50.5,50.5,50.5,50.5,50.5,0.0,0.0
401757305,2025,regular,13,2025-11-22 20:30:00+00:00,2229,Florida International,55,Jacksonville State,3,-2.5,-2.5,-2.5,-2.5,-2.5,0.0,0.0,3,-1.0,-0.3333333333333333,-1.0,-1.5,1.5,3.0,1.6072751268321592,3,56.0,56.0,56.0,55.5,56.5,1.0,0.5,2,56.0,56.0,56.0,55.5,56.5,1.0,0.7071067811865476
401757306,2025,regular,13,2025-11-22 19:00:00+00:00,338,Kennesaw State,2623,Missouri State,3,-6.5,-6.5,-6.5,-6.5,-6.5,0.0,0.0,3,-6.5,-5.666666666666667,-6.5,-6.5,-4.0,2.5,1.4433756729740643,3,54.5,54.333333333333336,54.5,54.0,54.5,0.5,0.28867513459481287,2,58.5,58.5,58.5,58.5,58.5,0.0,0.0
401757307,2025,regular,13,2025-11-22 20:00:00+00:00,2348,Louisiana Tech,2335,Liberty,3,1.5,1.3333333333333333,1.5,1.0,1.5,0.5,0.28867513459481287,3,0.0,0.0,0.0,-1.5,1.5,3.0,1.5,3,45.5,45.333333333333336,45.5,45.0,45.5,0.5,0.28867513459481287,2,45.25,45.25,45.25,45.0,45.5,0.5,0.3535533905932738
401757308,2025,regular,13,2025-11-22 20:00:00+00:00,2393,Middle Tennessee,2534,Sam Houston,3,-6.5,-6.666666666666667,-6.5,-7.0,-6.5,0.5,0.28867513459481287,3,-6.5,-5.833333333333333,-6.5,-6.5,-4.5,2.0,1.1547005383792515,3,53.5,53.5,53.5,53.5,53.5,0.0,0.0,2,53.75,53.75,53.75,53.5,54.0,0.5,0.3535533905932738
401757309,2025,regular,13,2025-11-22 20:00:00+00:00,2638,UTEP,166,New Mexico State,3,-4.0,-4.166666666666667,-4.0,-4.5,-4.0,0.5,0.28867513459481287,3,-3.0,-3.0,-3.0,-3.5,-2.5,1.0,0.5,3,44.5,44.833333333333336,44.5,44.5,45.5,1.0,0.5773502691896257,2,45.25,45.25,45.25,45.0,45.5,0.5,0.3535533905932738
401757310,2025,regular,14,2025-11-29 18:00:00+00:00,48,Delaware,2638,UTEP,3,-4.5,-4.5,-4.5,-4.5,-4.5,0.0,0.0,3,-5.0,-5.0,-5.0,-6.5,-3.5,3.0,1.5,3,55.5,55.5,55.5,55.5,55.5,0.0,0.0,2,54.75,54.75,54.75,54.5,55.0,0.5,0.3535533905932738
401757311,2025,regular,14,2025-11-29 18:00:00+00:00,2534,Sam Houston,2229,Florida International,3,10.5,10.5,10.5,10.5,10.5,0.0,0.0,3,10.5,10.333333333333334,10.5,10.0,10.5,0.5,0.28867513459481287,3,50.5,50.666666666666664,50.5,50.5,51.0,0.5,0.28867513459481287,2,51.5,51.5,51.5,51.5,51.5,0.0,0.0
401757312,2025,regular,14,2025-11-29 19:00:00+00:00,55,Jacksonville State,98,Western Kentucky,3,1.5,1.5,1.5,1.5,1.5,0.0,0.0,3,2.5,2.6666666666666665,2.5,2.5,3.0,0.5,0.28867513459481287,3,56.5,56.5,56.5,56.5,56.5,0.0,0.0,2,55.0,55.0,55.0,54.5,55.5,1.0,0.7071067811865476
401757313,2025,regular,14,2025-11-29 20:30:00+00:00,2335,Liberty,338,Kennesaw State,3,2.5,2.5,2.5,2.5,2.5,0.0,0.0,3,2.0,2.0,2.0,1.5,2.5,1.0,0.5,3,55.5,55.5,55.5,55.5,55.5,0.0,0.0,2,54.5,54.5,54.5,54.5,54.5,0.0,0.0
401757314,2025,regular,14,2025-11-29 19:00:00+00:00,2623,Missouri State,2348,Louisiana Tech,3,-2.5,-2.5,-2.5,-2.5,-2.5,0.0,0.0,3,-3.0,-3.1666666666666665,-3.0,-3.5,-3.0,0.5,0.28867513459481287,3,45.5,45.333333333333336,45.5,45.0,45.5,0.5,0.28867513459481287,2,51.5,51.5,51.5,51.5,51.5,0.0,0.0
401757315,2025,regular,14,2025-11-29 20:00:00+00:00,166,New Mexico State,2393,Middle Tennessee,3,-3.5,-3.3333333333333335,-3.5,-3.5,-3.0,0.5,0.28867513459481287,3,-4.5,-4.5,-4.5,-4.5,-4.5,0.0,0.0,3,52.0,52.0,52.0,51.5,52.5,1.0,0.5,2,54.5,54.5,54.5,54.5,54.5,0.0,0.0
401760357,2025,regular,1,2025-08-29 02:00:00+00:00,21,San Diego State,2619,Stony Brook,1,-19.5,-19.5,-19.5,-19.5,-19.5,0.0,0.0,2,-17.25,-17.25,-17.25,-18.5,-16.0,2.5,1.7677669529663689,2,53.5,53.5,53.5,53.5,53.5,0.0,0.0,2,53.5,53.5,53.5,53.5,53.5,0.0,0.0
401760358,2025,regular,1,2025-08-30 02:30:00+00:00,23,San José State,2117,Central Michigan,3,-14.5,-13.5,-14.5,-14.5,-11.5,3.0,1.7320508075688772,3,-11.5,-11.166666666666666,-11.5,-11.5,-10.5,1.0,0.5773502691896257,3,51.5,51.166666666666664,51.5,50.5,51.5,1.0,0.5773502691896257,3,50.5,50.666666666666664,50.5,50.5,51.0,0.5,0.28867513459481287
401760359,2025,regular,1,2025-08-30 19:30:00+00:00,2005,Air Force,2083,Bucknell,2,-30.75,-30.75,-30.75,-31.0,-30.5,0.5,0.3535533905932738,2,-31.5,-31.5,-31.5,-32.0,-31.0,1.0,0.7071067811865476,2,54.0,54.0,54.0,53.5,54.5,1.0,0.7071067811865476,2,55.5,55.5,55.5,54.5,56.5,2.0,1.4142135623730951
401760361,2025,regular,1,2025-08-31 01:30:00+00:00,278,Fresno State,290,Georgia Southern,3,-2.0,-1.0,-2.0,-2.5,1.5,4.0,2.179449471770337,3,-2.0,-2.0,-2.0,-2.5,-1.5,1.0,0.5,3,51.5,51.833333333333336,51.5,49.5,54.5,5.0,2.516611478423583,3,54.5,54.5,54.5,53.5,55.5,2.0,1.0
401760363,2025,regular,2,2025-09-06 01:00:00+00:00,68,Boise State,331,Eastern Washington,2,-33.25,-33.25,-33.25,-33.5,-33.0,0.5,0.3535533905932738,2,-29.25,-29.25,-29.25,-29.5,-29.0,0.5,0.3535533905932738,2,60.0,60.0,60.0,59.5,60.5,1.0,0.7071067811865476,2,56.0,56.0,56.0,55.5,56.5,1.0,0.7071067811865476
401760364,2025,regular,2,2025-09-06 23:00:00+00:00,36,Colorado State,2458,Northern Colorado,2,-34.75,-34.75,-34.75,-35.0,-34.5,0.5,0.3535533905932738,2,-34.75,-34.75,-34.75,-35.0,-34.5,0.5,0.3535533905932738,2,52.5,52.5,52.5,52.5,52.5,0.0,0.0,2,52.5,52.5,52.5,52.5,52.5,0.0,0.0
401760365,2025,regular,2,2025-09-06 21:00:00+00:00,2440,Nevada,16,Sacramento State,2,-8.75,-8.75,-8.75,-9.5,-8.0,1.5,1.0606601717798212,2,-7.5,-7.5,-7.5,-7.5,-7.5,0.0,0.0,2,55.75,55.75,55.75,55.5,56.0,0.5,0.3535533905932738,2,54.5,54.5,54.5,54.5,54.5,0.0,0.0
401760366,2025,regular,2,2025-09-06 19:00:00+00:00,167,New Mexico,304,Idaho State,2,-17.5,-17.5,-17.5,-17.5,-17.5,0.0,0.0,2,-16.25,-16.25,-16.25,-17.0,-15.5,1.5,1.0606601717798212,2,60.25,60.25,60.25,60.0,60.5,0.5,0.3535533905932738,2,63.5,63.5,63.5,63.5,63.5,0.0,0.0
401760367,2025,regular,2,2025-09-06 20:00:00+00:00,2751,Wyoming,2460,Northern Iowa,2,-13.75,-13.75,-13.75,-14.0,-13.5,0.5,0.3535533905932738,2,-13.5,-13.5,-13.5,-13.5,-13.5,0.0,0.0,2,46.5,46.5,46.5,45.5,47.5,2.0,1.4142135623730951,2,47.5,47.5,47.5,47.5,47.5,0.0,0.0
401760368,2025,regular,3,2025-09-14 01:45:00+00:00,328,Utah State,2005,Air Force,3,4.0,4.0,4.0,3.5,4.5,1.0,0.5,2,3.5,3.5,3.5,3.5,3.5,0.0,0.0,3,51.5,51.5,51.5,51.5,51.5,0.0,0.0,2,51.5,51.5,51.5,51.5,51.5,0.0,0.0
401760369,2025,regular,3,2025-09-14 02:00:00+00:00,278,Fresno State,2582,Southern,3,-37.5,-37.166666666666664,-37.5,-38.5,-35.5,3.0,1.5275252316519468,3,-35.5,-35.333333333333336,-35.5,-35.5,-35.0,0.5,0.28867513459481287,3,51.0,51.0,51.0,50.5,51.5,1.0,0.5,2,48.5,48.5,48.5,48.5,48.5,0.0,0.0
401760370,2025,regular,3,2025-09-14 03:59:00+00:00,62,Hawai'i,2502,Portland State,3,-36.5,-36.5,-36.5,-37.5,-35.5,2.0,1.0,3,-38.5,-38.333333333333336,-38.5,-38.5,-38.0,0.5,0.28867513459481287,3,54.5,54.5,54.5,54.5,54.5,0.0,0.0,2,53.0,53.0,53.0,52.5,53.5,1.0,0.7071067811865476
401760371,2025,regular,1,2025-08-23 20:00:00+00:00,2439,UNLV,304,Idaho State,2,-30.5,-30.5,-30.5,-30.5,-30.5,0.0,0.0,2,-24.5,-24.5,-24.5,-24.5,-24.5,0.0,0.0,2,67.25,67.25,67.25,67.0,67.5,0.5,0.3535533905932738,2,64.5,64.5,64.5,64.5,64.5,0.0,0.0
401760372,2025,regular,4,2025-09-20 23:00:00+00:00,2005,Air Force,68,Boise State,3,11.0,11.0,11.0,10.5,11.5,1.0,0.5,3,8.5,8.666666666666666,8.5,8.5,9.0,0.5,0.28867513459481287,3,51.5,51.666666666666664,51.5,51.5,52.0,0.5,0.28867513459481287,2,51.5,51.5,51.5,51.5,51.5,0.0,0.0
401760373,2025,regular,4,2025-09-21 01:30:00+00:00,36,Colorado State,2636,UTSA,3,5.0,5.0,5.0,4.5,5.5,1.0,0.5,3,4.0,4.0,4.0,3.5,4.5,1.0,0.5,3,58.5,58.5,58.5,58.5,58.5,0.0,0.0,2,58.25,58.25,58.25,58.0,58.5,0.5,0.3535533905932738
401760374,2025,regular,4,2025-09-21 03:59:00+00:00,62,Hawai'i,278,Fresno State,3,2.5,2.5,2.5,2.5,2.5,0.0,0.0,3,3.5,3.5,3.5,3.5,3.5,0.0,0.0,3,47.5,47.333333333333336,47.5,47.0,47.5,0.5,0.28867513459481287,2,47.5,47.5,47.5,47.5,47.5,0.0,0.0
401760375,2025,regular,4,2025-09-20 21:00:00+00:00,23,San José State,70,Idaho,3,-14.0,-14.0,-14.0,-14.5,-13.5,1.0,0.5,2,-14.25,-14.25,-14.25,-14.5,-14.0,0.5,0.3535533905932738,3,51.5,51.5,51.5,51.5,51.5,0.0,0.0,2,50.5,50.5,50.5,50.5,50.5,0.0,0.0
401760376,2025,regular,4,2025-09-20 16:00:00+00:00,193,Miami (OH),2439,UNLV,3,1.5,1.8333333333333333,1.5,1.5,2.5,1.0,0.5773502691896257,3,3.5,4.166666666666667,3.5,3.5,5.5,2.0,1.1547005383792515,3,49.5,49.333333333333336,49.5,49.0,49.5,0.5,0.28867513459481287,1,48.5,48.5,48.5,48.5,48.5,0.0,0.0
401760377,2025,regular,4,2025-09-21 00:00:00+00:00,328,Utah State,2377,McNeese,3,-23.5,-23.833333333333332,-23.5,-24.5,-23.5,1.0,0.5773502691896257,2,-23.5,-23.5,-23.5,-23.5,-23.5,0.0,0.0,3,63.0,63.0,63.0,62.5,63.5,1.0,0.5,2,61.5,61.5,61.5,61.5,61.5,0.0,0.0
401760378,2025,regular,5,2025-09-27 20:00:00+00:00,2005,Air Force,62,Hawai'i,3,-7.0,-6.833333333333333,-7.0,-7.0,-6.5,0.5,0.28867513459481287,3,-4.5,-4.833333333333333,-4.5,-5.5,-4.5,1.0,0.5773502691896257,3,52.5,52.333333333333336,52.5,52.0,52.5,0.5,0.28867513459481287,2,53.75,53.75,53.75,53.5,54.0,0.5,0.3535533905932738
401760379,2025,regular,5,2025-09-27 23:30:00+00:00,68,Boise State,2026,App State,3,-16.5,-16.833333333333332,-16.5,-17.5,-16.5,1.0,0.5773502691896257,3,-17.5,-17.166666666666668,-17.5,-17.5,-16.5,1.0,0.5773502691896257,3,59.5,59.5,59.5,59.5,59.5,0.0,0.0,2,60.0,60.0,60.0,58.5,61.5,3.0,2.1213203435596424
401760380,2025,regular,5,2025-09-27 19:30:00+00:00,2459,Northern Illinois,21,San Diego State,3,1.5,1.6666666666666667,1.5,1.5,2.0,0.5,0.28867513459481287,3,2.5,2.6666666666666665,2.5,2.5,3.0,0.5,0.28867513459481287,3,42.0,42.0,42.0,41.5,42.5,1.0,0.5,2,42.75,42.75,42.75,42.5,43.0,0.5,0.3535533905932738
401760381,2025,regular,6,2025-10-04 16:00:00+00:00,2426,Navy,2005,Air Force,3,-13.5,-13.5,-13.5,-13.5,-13.5,0.0,0.0,3,-11.5,-11.333333333333334,-11.5,-12.5,-10.0,2.5,1.2583057392117916,3,51.0,51.0,51.0,50.5,51.5,1.0,0.5,1,49.0,49.0,49.0,49.0,49.0,0.0,0.0
401760382,2025,regular,6,2025-10-04 02:30:00+00:00,21,San Diego State,36,Colorado State,3,-4.5,-4.5,-4.5,-4.5,-4.5,0.0,0.0,3,-5.5,-5.666666666666667,-5.5,-6.0,-5.5,0.5,0.28867513459481287,3,40.5,40.5,40.5,40.5,40.5,0.0,0.0,2,38.75,38.75,38.75,38.5,39.0,0.5,0.3535533905932738
401760383,2025,regular,6,2025-10-05 02:30:00+00:00,278,Fresno State,2440,Nevada,3,-12.5,-12.5,-12.5,-13.5,-11.5,2.0,1.0,3,-13.5,-13.833333333333334,-13.5,-15.5,-12.5,3.0,1.5275252316519468,3,45.5,45.833333333333336,45.5,45.5,46.5,1.0,0.5773502691896257,2,44.25,44.25,44.25,44.0,44.5,0.5,0.3535533905932738
401760384,2025,regular,6,2025-10-04 02:00:00+00:00,23,San José State,167,New Mexico,3,-2.0,-2.0,-2.0,-2.5,-1.5,1.0,0.5,3,-2.5,-2.8333333333333335,-2.5,-3.5,-2.5,1.0,0.5773502691896257,3,58.5,58.833333333333336,58.5,58.5,59.5,1.0,0.5773502691896257,2,56.5,56.5,56.5,55.5,57.5,2.0,1.4142135623730951
401760385,2025,regular,6,2025-10-04 23:00:00+00:00,2751,Wyoming,2439,UNLV,3,4.5,4.333333333333333,4.5,4.0,4.5,0.5,0.28867513459481287,3,5.5,5.333333333333333,5.5,4.5,6.0,1.5,0.7637626158259734,3,51.0,51.666666666666664,51.0,50.5,53.5,3.0,1.6072751268321592,2,52.75,52.75,52.75,52.5,53.0,0.5,0.3535533905932738
401760386,2025,regular,7,2025-10-11 19:30:00+00:00,2439,UNLV,2005,Air Force,3,-7.0,-7.166666666666667,-7.0,-7.5,-7.0,0.5,0.28867513459481287,3,-7.0,-7.166666666666667,-7.0,-7.5,-7.0,0.5,0.28867513459481287,3,65.5,65.83333333333333,65.5,65.5,66.5,1.0,0.5773502691896257,2,68.5,68.5,68.5,68.5,68.5,0.0,0.0
401760387,2025,regular,7,2025-10-12 01:45:00+00:00,68,Boise State,167,New Mexico,3,-14.5,-14.833333333333334,-14.5,-15.5,-14.5,1.0,0.5773502691896257,3,-16.5,-16.5,-16.5,-16.5,-16.5,0.0,0.0,3,58.5,58.166666666666664,58.5,57.5,58.5,1.0,0.5773502691896257,2,60.0,60.0,60.0,59.5,60.5,1.0,0.7071067811865476
401760388,2025,regular,7,2025-10-11 01:00:00+00:00,36,Colorado State,278,Fresno State,3,5.5,5.666666666666667,5.5,5.5,6.0,0.5,0.28867513459481287,2,6.75,6.75,6.75,6.5,7.0,0.5,0.3535533905932738,3,47.5,47.833333333333336,47.5,47.5,48.5,1.0,0.5773502691896257,2,45.5,45.5,45.5,45.5,45.5,0.0,0.0
401760389,2025,regular,7,2025-10-12 03:59:00+00:00,62,Hawai'i,328,Utah State,3,1.5,1.6666666666666667,1.5,1.5,2.0,0.5,0.28867513459481287,3,-1.5,-1.6666666666666667,-1.5,-2.0,-1.5,0.5,0.28867513459481287,3,57.5,57.166666666666664,57.5,56.5,57.5,1.0,0.5773502691896257,2,58.5,58.5,58.5,58.5,58.5,0.0,0.0
401760390,2025,regular,7,2025-10-12 02:30:00+00:00,2440,Nevada,21,San Diego State,3,6.5,6.5,6.5,6.5,6.5,0.0,0.0,3,6.5,6.666666666666667,6.5,6.5,7.0,0.5,0.28867513459481287,3,42.5,42.5,42.5,42.5,42.5,0.0,0.0,2,42.0,42.0,42.0,41.5,42.5,1.0,0.7071067811865476
401760391,2025,regular,7,2025-10-11 23:00:00+00:00,2751,Wyoming,23,San José State,3,1.5,1.5,1.5,1.5,1.5,0.0,0.0,3,1.5,1.8333333333333333,1.5,1.5,2.5,1.0,0.5773502691896257,3,49.5,49.833333333333336,49.5,49.5,50.5,1.0,0.5773502691896257,2,49.5,49.5,49.5,49.5,49.5,0.0,0.0
401760392,2025,regular,8,2025-10-18 19:30:00+00:00,2005,Air Force,2751,Wyoming,3,-4.0,-3.8333333333333335,-4.0,-4.0,-3.5,0.5,0.28867513459481287,3,-5.5,-5.5,-5.5,-6.0,-5.0,1.0,0.5,3,56.5,56.5,56.5,56.5,56.5,0.0,0.0,2,58.5,58.5,58.5,58.5,58.5,0.0,0.0
401760393,2025,regular,8,2025-10-18 19:30:00+00:00,68,Boise State,2439,UNLV,3,-13.0,-13.0,-13.0,-13.5,-12.5,1.0,0.5,3,-10.5,-9.833333333333334,-10.5,-10.5,-8.5,2.0,1.1547005383792515,3,61.0,61.0,61.0,60.5,61.5,1.0,0.5,2,63.0,63.0,63.0,62.5,63.5,1.0,0.7071067811865476
401760394,2025,regular,8,2025-10-18 23:00:00+00:00,36,Colorado State,62,Hawai'i,3,-2.5,-2.6666666666666665,-2.5,-3.0,-2.5,0.5,0.28867513459481287,3,1.5,1.0,1.5,0.0,1.5,1.5,0.8660254037844386,3,53.5,53.5,53.5,53.5,53.5,0.0,0.0,2,54.0,54.0,54.0,53.5,54.5,1.0,0.7071067811865476
401760395,2025,regular,8,2025-10-19 01:45:00+00:00,167,New Mexico,2440,Nevada,3,-14.0,-14.166666666666666,-14.0,-14.5,-14.0,0.5,0.28867513459481287,3,-10.5,-10.5,-10.5,-10.5,-10.5,0.0,0.0,3,49.5,49.5,49.5,49.5,49.5,0.0,0.0,2,48.5,48.5,48.5,48.5,48.5,0.0,0.0
401760396,2025,regular,8,2025-10-18 01:00:00+00:00,328,Utah State,23,San José State,3,-3.0,-3.1666666666666665,-3.0,-3.5,-3.0,0.5,0.28867513459481287,3,-4.0,-4.0,-4.0,-4.5,-3.5,1.0,0.5,3,63.5,63.166666666666664,63.5,62.5,63.5,1.0,0.5773502691896257,2,58.75,58.75,58.75,54.0,63.5,9.5,6.7175144212722016
401760397,2025,regular,9,2025-10-25 02:00:00+00:00,2440,Nevada,68,Boise State,3,21.0,20.833333333333332,21.0,20.5,21.0,0.5,0.28867513459481287,3,21.5,21.666666666666668,21.5,21.5,22.0,0.5,0.28867513459481287,3,50.5,50.833333333333336,50.5,50.5,51.5,1.0,0.5773502691896257,2,52.0,52.0,52.0,51.5,52.5,1.0,0.7071067811865476
401760398,2025,regular,9,2025-10-25 23:30:00+00:00,2751,Wyoming,36,Colorado State,3,-5.5,-5.666666666666667,-5.5,-6.0,-5.5,0.5,0.28867513459481287,3,-4.5,-4.333333333333333,-4.5,-5.0,-3.5,1.5,0.7637626158259734,3,46.5,46.5,46.5,46.5,46.5,0.0,0.0,2,46.0,46.0,46.0,45.5,46.5,1.0,0.7071067811865476
401760399,2025,regular,9,2025-10-25 19:30:00+00:00,278,Fresno State,21,San Diego State,3,3.0,3.1666666666666665,3.0,3.0,3.5,0.5,0.28867513459481287,3,2.5,2.5,2.5,2.5,2.5,0.0,0.0,3,46.0,46.0,46.0,45.5,46.5,1.0,0.5,2,48.5,48.5,48.5,48.5,48.5,0.0,0.0
401760400,2025,regular,9,2025-10-25 19:00:00+00:00,167,New Mexico,328,Utah State,3,-3.0,-2.8333333333333335,-3.0,-3.0,-2.5,0.5,0.28867513459481287,3,-1.5,-1.8333333333333333,-1.5,-2.5,-1.5,1.0,0.5773502691896257,3,61.0,61.0,61.0,60.5,61.5,1.0,0.5,2,62.5,62.5,62.5,62.5,62.5,0.0,0.0
401760401,2025,regular,10,2025-11-01 16:00:00+00:00,2005,Air Force,349,Army,3,1.5,1.3333333333333333,1.5,1.0,1.5,0.5,0.28867513459481287,3,1.5,1.3333333333333333,1.5,1.0,1.5,0.5,0.28867513459481287,3,48.5,48.5,48.5,48.5,48.5,0.0,0.0,2,49.5,49.5,49.5,49.5,49.5,0.0,0.0
401760402,2025,regular,10,2025-11-01 19:30:00+00:00,68,Boise State,278,Fresno State,3,-17.5,-17.5,-17.5,-17.5,-17.5,0.0,0.0,3,-17.5,-17.833333333333332,-17.5,-18.5,-17.5,1.0,0.5773502691896257,3,47.5,47.666666666666664,47.5,47.5,48.0,0.5,0.28867513459481287,2,51.25,51.25,51.25,51.0,51.5,0.5,0.3535533905932738
401760403,2025,regular,10,2025-11-02 02:30:00+00:00,23,San José State,62,Hawai'i,3,-2.5,-2.5,-2.5,-2.5,-2.5,0.0,0.0,3,-2.5,-2.1666666666666665,-2.5,-2.5,-1.5,1.0,0.5773502691896257,3,55.5,55.666666666666664,55.5,55.5,56.0,0.5,0.28867513459481287,2,56.25,56.25,56.25,55.5,57.0,1.5,1.0606601717798212
401760404,2025,regular,10,2025-11-01 19:00:00+00:00,2439,UNLV,167,New Mexico,3,-3.5,-3.8333333333333335,-3.5,-4.5,-3.5,1.0,0.5773502691896257,3,-5.5,-5.333333333333333,-5.5,-5.5,-5.0,0.5,0.28867513459481287,3,61.5,61.166666666666664,61.5,60.5,61.5,1.0,0.5773502691896257,2,62.25,62.25,62.25,62.0,62.5,0.5,0.3535533905932738
401760405,2025,regular,10,2025-11-01 23:00:00+00:00,21,San Diego State,2751,Wyoming,3,-10.0,-10.0,-10.0,-10.5,-9.5,1.0,0.5,3,-10.5,-10.5,-10.5,-11.0,-10.0,1.0,0.5,3,42.0,42.0,42.0,41.5,42.5,1.0,0.5,2,42.0,42.0,42.0,41.5,42.5,1.0,0.7071067811865476
401760406,2025,regular,11,2025-11-08 23:00:00+00:00,23,San José State,2005,Air Force,3,-6.0,-6.166666666666667,-6.0,-6.5,-6.0,0.5,0.28867513459481287,3,-3.5,-3.1666666666666665,-3.5,-3.5,-2.5,1.0,0.5773502691896257,3,67.5,67.83333333333333,67.5,67.5,68.5,1.0,0.5773502691896257,2,66.0,66.0,66.0,65.5,66.5,1.0,0.7071067811865476
401760407,2025,regular,11,2025-11-09 02:30:00+00:00,36,Colorado State,2439,UNLV,3,5.5,5.166666666666667,5.5,4.5,5.5,1.0,0.5773502691896257,3,6.0,6.0,6.0,5.5,6.5,1.0,0.5,3,61.0,61.0,61.0,60.5,61.5,1.0,0.5,2,61.5,61.5,61.5,61.5,61.5,0.0,0.0
401760408,2025,regular,11,2025-11-09 04:00:00+00:00,62,Hawai'i,21,San Diego State,3,6.5,6.5,6.5,6.5,6.5,0.0,0.0,3,4.5,4.166666666666667,4.5,2.5,5.5,3.0,1.5275252316519468,3,48.0,48.0,48.0,47.5,48.5,1.0,0.5,2,51.0,51.0,51.0,50.5,51.5,1.0,0.7071067811865476
401760409,2025,regular,11,2025-11-09 00:30:00+00:00,328,Utah State,2440,Nevada,3,-10.0,-9.833333333333334,-10.0,-10.0,-9.5,0.5,0.28867513459481287,3,-11.0,-11.0,-11.0,-11.5,-10.5,1.0,0.5,3,52.5,52.333333333333336,52.5,52.0,52.5,0.5,0.28867513459481287,2,53.0,53.0,53.0,52.5,53.5,1.0,0.7071067811865476
401760410,2025,regular,12,2025-11-16 03:30:00+00:00,21,San Diego State,68,Boise State,3,-2.0,-2.0,-2.0,-2.5,-1.5,1.0,0.5,3,-2.5,-2.1666666666666665,-2.5,-2.5,-1.5,1.0,0.5773502691896257,3,41.5,42.166666666666664,41.5,41.5,43.5,2.0,1.1547005383792515,2,42.0,42.0,42.0,41.5,42.5,1.0,0.7071067811865476
401760411,2025,regular,12,2025-11-15 20:00:00+00:00,167,New Mexico,36,Colorado State,3,-15.5,-15.333333333333334,-15.5,-15.5,-15.0,0.5,0.28867513459481287,3,-14.5,-13.833333333333334,-14.5,-14.5,-12.5,2.0,1.1547005383792515,3,53.5,53.666666666666664,53.5,53.5,54.0,0.5,0.28867513459481287,2,53.5,53.5,53.5,53.5,53.5,0.0,0.0
401760412,2025,regular,12,2025-11-16 03:30:00+00:00,278,Fresno State,2751,Wyoming,3,-3.0,-2.8333333333333335,-3.0,-3.0,-2.5,0.5,0.28867513459481287,3,-4.5,-4.333333333333333,-4.5,-4.5,-4.0,0.5,0.28867513459481287,3,40.5,40.5,40.5,40.5,40.5,0.0,0.0,2,39.5,39.5,39.5,39.5,39.5,0.0,0.0
401760413,2025,regular,12,2025-11-15 20:30:00+00:00,2440,Nevada,23,San José State,3,9.5,9.666666666666666,9.5,9.5,10.0,0.5,0.28867513459481287,3,8.5,8.5,8.5,8.5,8.5,0.0,0.0,3,49.5,49.5,49.5,49.5,49.5,0.0,0.0,2,52.5,52.5,52.5,52.5,52.5,0.0,0.0
401760414,2025,regular,12,2025-11-16 00:00:00+00:00,2439,UNLV,328,Utah State,3,-4.5,-4.666666666666667,-4.5,-5.0,-4.5,0.5,0.28867513459481287,2,-5.0,-5.0,-5.0,-5.5,-4.5,1.0,0.7071067811865476,3,68.5,68.5,68.5,68.5,68.5,0.0,0.0,2,70.5,70.5,70.5,69.5,71.5,2.0,1.4142135623730951
401760415,2025,regular,13,2025-11-23 00:00:00+00:00,2005,Air Force,167,New Mexico,3,3.5,3.5,3.5,3.5,3.5,0.0,0.0,3,2.0,2.0,2.0,1.5,2.5,1.0,0.5,3,53.5,53.166666666666664,53.5,52.5,53.5,1.0,0.5773502691896257,2,58.25,58.25,58.25,58.0,58.5,0.5,0.3535533905932738
401760416,2025,regular,13,2025-11-23 00:00:00+00:00,68,Boise State,36,Colorado State,3,-17.5,-17.333333333333332,-17.5,-17.5,-17.0,0.5,0.28867513459481287,3,-16.5,-16.833333333333332,-16.5,-17.5,-16.5,1.0,0.5773502691896257,3,45.5,45.833333333333336,45.5,45.5,46.5,1.0,0.5773502691896257,2,45.5,45.5,45.5,45.5,45.5,0.0,0.0
401760417,2025,regular,13,2025-11-23 03:30:00+00:00,278,Fresno State,328,Utah State,3,-1.5,-1.6666666666666667,-1.5,-2.0,-1.5,0.5,0.28867513459481287,3,-2.5,-2.1666666666666665,-2.5,-2.5,-1.5,1.0,0.5773502691896257,3,50.5,50.333333333333336,50.5,50.0,50.5,0.5,0.28867513459481287,2,51.0,51.0,51.0,50.5,51.5,1.0,0.7071067811865476
401760418,2025,regular,13,2025-11-22 03:30:00+00:00,2439,UNLV,62,Hawai'i,3,-2.5,-2.5,-2.5,-2.5,-2.5,0.0,0.0,3,-3.0,-3.0,-3.0,-3.5,-2.5,1.0,0.5,3,64.5,64.5,64.5,64.5,64.5,0.0,0.0,2,64.5,64.5,64.5,64.5,64.5,0.0,0.0
401760419,2025,regular,13,2025-11-22 19:00:00+00:00,2751,Wyoming,2440,Nevada,3,-6.5,-6.333333333333333,-6.5,-6.5,-6.0,0.5,0.28867513459481287,3,-6.5,-7.666666666666667,-6.5,-10.0,-6.5,3.5,2.0207259421636903,3,39.5,39.833333333333336,39.5,39.5,40.5,1.0,0.5773502691896257,2,41.5,41.5,41.5,41.5,41.5,0.0,0.0
401760420,2025,regular,13,2025-11-23 03:30:00+00:00,21,San Diego State,23,San José State,3,-10.0,-9.833333333333334,-10.0,-10.0,-9.5,0.5,0.28867513459481287,3,-12.0,-12.0,-12.0,-12.5,-11.5,1.0,0.5,3,51.5,51.166666666666664,51.5,50.5,51.5,1.0,0.5773502691896257,2,49.5,49.5,49.5,49.5,49.5,0.0,0.0
401760421,2025,regular,14,2025-11-28 20:00:00+00:00,36,Colorado State,2005,Air Force,3,2.5,2.5,2.5,2.5,2.5,0.0,0.0,2,2.75,2.75,2.75,2.5,3.0,0.5,0.3535533905932738,3,47.5,47.5,47.5,47.5,47.5,0.0,0.0,3,49.5,49.5,49.5,48.5,50.5,2.0,1.0
401760422,2025,regular,14,2025-11-28 21:00:00+00:00,328,Utah State,68,Boise State,3,1.5,1.6666666666666667,1.5,1.5,2.0,0.5,0.28867513459481287,2,3.75,3.75,3.75,3.0,4.5,1.5,1.0606601717798212,3,54.5,54.666666666666664,54.5,54.5,55.0,0.5,0.28867513459481287,3,55.5,55.5,55.5,55.5,55.5,0.0,0.0
401760423,2025,regular,14,2025-11-30 03:30:00+00:00,23,San José State,278,Fresno State,3,3.5,3.3333333333333335,3.5,3.0,3.5,0.5,0.28867513459481287,3,2.5,2.5,2.5,2.5,2.5,0.0,0.0,3,45.5,45.333333333333336,45.5,44.5,46.0,1.5,0.7637626158259734,2,47.0,47.0,47.0,46.5,47.5,1.0,0.7071067811865476
401760424,2025,regular,14,2025-11-30 04:00:00+00:00,62,Hawai'i,2751,Wyoming,3,-8.5,-8.5,-8.5,-8.5,-8.5,0.0,0.0,3,-10.5,-10.5,-10.5,-10.5,-10.5,0.0,0.0,3,44.5,44.666666666666664,44.5,44.5,45.0,0.5,0.28867513459481287,2,44.5,44.5,44.5,44.5,44.5,0.0,0.0
401760425,2025,regular,14,2025-11-30 02:00:00+00:00,2440,Nevada,2439,UNLV,3,7.5,7.5,7.5,7.5,7.5,0.0,0.0,3,9.5,9.5,9.5,9.5,9.5,0.0,0.0,3,52.5,52.666666666666664,52.5,52.5,53.0,0.5,0.28867513459481287,2,53.0,53.0,53.0,52.5,53.5,1.0,0.7071067811865476
401760426,2025,regular,14,2025-11-28 20:30:00+00:00,167,New Mexico,21,San Diego State,3,1.5,1.3333333333333333,1.5,1.0,1.5,0.5,0.28867513459481287,3,1.5,2.0,1.5,1.5,3.0,1.5,0.8660254037844386,3,41.5,41.5,41.5,41.5,41.5,0.0,0.0,2,41.5,41.5,41.5,41.5,41.5,0.0,0.0
401761588,2025,regular,1,2025-08-28 23:00:00+00:00,2433,UL Monroe,2598,St. Francis (PA),2,-30.75,-30.75,-30.75,-31.0,-30.5,0.5,0.3535533905932738,2,-27.0,-27.0,-27.0,-30.5,-23.5,7.0,4.949747468305833,2,47.25,47.25,47.25,47.0,47.5,0.5,0.3535533905932738,2,46.0,46.0,46.0,45.5,46.5,1.0,0.7071067811865476
401761589,2025,regular,1,2025-08-29 23:00:00+00:00,2429,Charlotte,2026,App State,3,8.5,10.333333333333334,8.5,3.0,19.5,16.5,8.401388774085707,3,8.5,8.333333333333334,8.5,8.0,8.5,0.5,0.28867513459481287,2,51.25,51.25,51.25,49.0,53.5,4.5,3.181980515339464,3,53.5,53.5,53.5,53.5,53.5,0.0,0.0
401761590,2025,regular,1,2025-08-30 22:00:00+00:00,256,James Madison,2692,Weber State,2,-27.0,-27.0,-27.0,-27.5,-26.5,1.0,0.7071067811865476,2,-26.5,-26.5,-26.5,-27.5,-25.5,2.0,1.4142135623730951,2,54.5,54.5,54.5,54.5,54.5,0.0,0.0,2,54.5,54.5,54.5,54.5,54.5,0.0,0.0
401761591,2025,regular,1,2025-08-30 23:00:00+00:00,2032,Arkansas State,2546,Southeast Missouri State,1,-15.5,-15.5,-15.5,-15.5,-15.5,0.0,0.0,1,-10.5,-10.5,-10.5,-10.5,-10.5,0.0,0.0,1,59.5,59.5,59.5,59.5,59.5,0.0,0.0,1,59.5,59.5,59.5,59.5,59.5,0.0,0.0
401761592,2025,regular,1,2025-08-31 00:00:00+00:00,309,Louisiana,242,Rice,3,-9.5,-11.166666666666666,-9.5,-14.5,-9.5,5.0,2.8867513459481287,3,-14.5,-14.333333333333334,-14.5,-14.5,-14.0,0.5,0.28867513459481287,3,48.5,48.666666666666664,48.5,48.0,49.5,1.5,0.7637626158259734,3,49.5,50.166666666666664,49.5,49.5,51.5,2.0,1.1547005383792515
401761593,2025,regular,1,2025-08-30 23:00:00+00:00,6,South Alabama,2415,Morgan State,2,-28.5,-28.5,-28.5,-28.5,-28.5,0.0,0.0,2,-28.5,-28.5,-28.5,-28.5,-28.5,0.0,0.0,2,51.0,51.0,51.0,50.5,51.5,1.0,0.7071067811865476,2,51.5,51.5,51.5,51.5,51.5,0.0,0.0
401761594,2025,regular,1,2025-08-31 00:00:00+00:00,326,Texas State,2199,Eastern Michigan,3,-14.0,-13.833333333333334,-14.0,-14.0,-13.5,0.5,0.28867513459481287,3,-14.0,-14.166666666666666,-14.0,-14.5,-14.0,0.5,0.28867513459481287,3,56.5,57.0,56.5,56.0,58.5,2.5,1.3228756555322954,3,58.5,58.5,58.5,58.5,58.5,0.0,0.0
401761595,2025,regular,1,2025-08-30 23:00:00+00:00,2653,Troy,2447,Nicholls,2,-18.0,-18.0,-18.0,-19.5,-16.5,3.0,2.1213203435596424,2,-22.0,-22.0,-22.0,-22.5,-21.5,1.0,0.7071067811865476,2,47.0,47.0,47.0,46.5,47.5,1.0,0.7071067811865476,2,49.5,49.5,49.5,48.5,50.5,2.0,1.4142135623730951
401761596,2025,regular,2,2025-09-06 19:30:00+00:00,2026,App State,2815,Lindenwood,2,-30.5,-30.5,-30.5,-31.5,-29.5,2.0,1.4142135623730951,2,-31.25,-31.25,-31.25,-31.5,-31.0,0.5,0.3535533905932738,2,55.25,55.25,55.25,54.5,56.0,1.5,1.0606601717798212,2,52.75,52.75,52.75,52.5,53.0,0.5,0.3535533905932738
401761597,2025,regular,2,2025-09-06 23:30:00+00:00,324,Coastal Carolina,2127,Charleston Southern,2,-28.0,-28.0,-28.0,-28.5,-27.5,1.0,0.7071067811865476,2,-28.5,-28.5,-28.5,-28.5,-28.5,0.0,0.0,2,48.75,48.75,48.75,48.5,49.0,0.5,0.3535533905932738,2,49.5,49.5,49.5,49.5,49.5,0.0,0.0
401761598,2025,regular,2,2025-09-06 23:00:00+00:00,2247,Georgia State,235,Memphis,2,15.0,15.0,15.0,14.5,15.5,1.0,0.7071067811865476,2,13.75,13.75,13.75,13.5,14.0,0.5,0.3535533905932738,2,57.5,57.5,57.5,57.5,57.5,0.0,0.0,2,54.25,54.25,54.25,54.0,54.5,0.5,0.3535533905932738
401761599,2025,regular,2,2025-09-06 22:00:00+00:00,295,Old Dominion,2428,North Carolina Central,2,-21.75,-21.75,-21.75,-22.0,-21.5,0.5,0.3535533905932738,2,-20.0,-20.0,-20.0,-20.0,-20.0,0.0,0.0,2,49.5,49.5,49.5,48.5,50.5,2.0,1.4142135623730951,2,50.5,50.5,50.5,50.5,50.5,0.0,0.0
401761600,2025,regular,2,2025-09-07 00:00:00+00:00,309,Louisiana,2377,McNeese,2,-19.25,-19.25,-19.25,-19.5,-19.0,0.5,0.3535533905932738,2,-20.25,-20.25,-20.25,-20.5,-20.0,0.5,0.3535533905932738,2,49.75,49.75,49.75,49.5,50.0,0.5,0.3535533905932738,2,52.0,52.0,52.0,51.5,52.5,1.0,0.7071067811865476
401761601,2025,regular,2,2025-09-06 23:00:00+00:00,6,South Alabama,2655,Tulane,2,13.5,13.5,13.5,13.5,13.5,0.0,0.0,2,10.25,10.25,10.25,10.0,10.5,0.5,0.3535533905932738,2,51.5,51.5,51.5,51.5,51.5,0.0,0.0,2,51.5,51.5,51.5,51.5,51.5,0.0,0.0
401761602,2025,regular,2,2025-09-06 21:00:00+00:00,2572,Southern Miss,2296,Jackson State,2,-13.5,-13.5,-13.5,-13.5,-13.5,0.0,0.0,2,-14.75,-14.75,-14.75,-15.5,-14.0,1.5,1.0606601717798212,2,52.75,52.75,52.75,52.5,53.0,0.5,0.3535533905932738,2,52.5,52.5,52.5,52.5,52.5,0.0,0.0
401761603,2025,regular,2,2025-09-06 19:30:00+00:00,2636,UTSA,326,Texas State,2,-4.5,-4.5,-4.5,-4.5,-4.5,0.0,0.0,2,-4.75,-4.75,-4.75,-5.0,-4.5,0.5,0.3535533905932738,2,64.5,64.5,64.5,64.5,64.5,0.0,0.0,2,65.5,65.5,65.5,64.5,66.5,2.0,1.4142135623730951
401761604,2025,regular,3,2025-09-13 23:30:00+00:00,324,Coastal Carolina,151,East Carolina,3,7.0,7.166666666666667,7.0,7.0,7.5,0.5,0.28867513459481287,2,6.25,6.25,6.25,6.0,6.5,0.5,0.3535533905932738,3,57.5,57.333333333333336,57.5,56.5,58.0,1.5,0.7637626158259734,2,55.5,55.5,55.5,55.5,55.5,0.0,0.0
401761605,2025,regular,3,2025-09-13 23:00:00+00:00,2247,Georgia State,93,Murray State,3,-31.5,-31.666666666666668,-31.5,-32.0,-31.5,0.5,0.28867513459481287,2,-30.25,-30.25,-30.25,-32.0,-28.5,3.5,2.4748737341529163,3,63.5,63.5,63.5,63.5,63.5,0.0,0.0,2,63.5,63.5,63.5,63.5,63.5,0.0,0.0
401761606,2025,regular,3,2025-09-13 22:00:00+00:00,276,Marshall,2198,Eastern Kentucky,3,-15.0,-15.666666666666666,-15.0,-17.5,-14.5,3.0,1.6072751268321592,2,-14.25,-14.25,-14.25,-14.5,-14.0,0.5,0.3535533905932738,3,49.5,50.0,49.5,49.0,51.5,2.5,1.3228756555322954,2,50.5,50.5,50.5,50.5,50.5,0.0,0.0
401761607,2025,regular,3,2025-09-13 23:00:00+00:00,2572,Southern Miss,2026,App State,3,3.0,2.8333333333333335,3.0,2.5,3.0,0.5,0.28867513459481287,2,-0.75,-0.75,-0.75,-2.5,1.0,3.5,2.4748737341529163,3,56.5,56.166666666666664,56.5,55.5,56.5,1.0,0.5773502691896257,2,52.5,52.5,52.5,51.5,53.5,2.0,1.4142135623730951
401761608,2025,regular,3,2025-09-13 16:00:00+00:00,2653,Troy,235,Memphis,3,4.5,4.5,4.5,4.5,4.5,0.0,0.0,1,6.5,6.5,6.5,6.5,6.5,0.0,0.0,3,51.5,51.333333333333336,51.5,51.0,51.5,0.5,0.28867513459481287,2,51.0,51.0,51.0,50.5,51.5,1.0,0.7071067811865476
401761609,2025,regular,4,2025-09-20 23:00:00+00:00,290,Georgia Southern,311,Maine,3,-22.0,-22.0,-22.0,-23.5,-20.5,3.0,1.5,2,-23.0,-23.0,-23.0,-24.0,-22.0,2.0,1.4142135623730951,3,57.5,57.5,57.5,57.5,57.5,0.0,0.0,2,55.5,55.5,55.5,55.5,55.5,0.0,0.0
401761610,2025,regular,4,2025-09-20 19:30:00+00:00,2199,Eastern Michigan,309,Louisiana,3,2.5,2.1666666666666665,2.5,1.5,2.5,1.0,0.5773502691896257,3,3.0,4.0,3.0,2.5,6.5,4.0,2.179449471770337,3,51.5,51.333333333333336,51.5,51.0,51.5,0.5,0.28867513459481287,2,51.75,51.75,51.75,51.5,52.0,0.5,0.3535533905932738
401761611,2025,regular,4,2025-09-20 23:00:00+00:00,6,South Alabama,324,Coastal Carolina,3,-14.5,-14.666666666666666,-14.5,-15.0,-14.5,0.5,0.28867513459481287,3,-14.5,-14.333333333333334,-14.5,-14.5,-14.0,0.5,0.28867513459481287,3,51.5,51.833333333333336,51.5,51.5,52.5,1.0,0.5773502691896257,2,51.5,51.5,51.5,51.5,51.5,0.0,0.0
401761612,2025,regular,4,2025-09-21 00:00:00+00:00,326,Texas State,2447,Nicholls,3,-32.5,-32.5,-32.5,-32.5,-32.5,0.0,0.0,2,-29.5,-29.5,-29.5,-29.5,-29.5,0.0,0.0,3,57.0,57.0,57.0,56.5,57.5,1.0,0.5,2,54.5,54.5,54.5,54.5,54.5,0.0,0.0
401761613,2025,regular,4,2025-09-20 19:30:00+00:00,2084,Buffalo,2653,Troy,3,-5.5,-5.833333333333333,-5.5,-6.5,-5.5,1.0,0.5773502691896257,3,-6.5,-5.0,-6.5,-7.0,-1.5,5.5,3.0413812651491097,3,43.5,43.666666666666664,43.5,43.5,44.0,0.5,0.28867513459481287,2,43.0,43.0,43.0,42.5,43.5,1.0,0.7071067811865476
401761614,2025,regular,5,2025-09-27 17:30:00+00:00,256,James Madison,290,Georgia Southern,3,-15.0,-15.333333333333334,-15.0,-16.5,-14.5,2.0,1.0408329997330663,3,-16.0,-15.0,-16.0,-16.5,-12.5,4.0,2.179449471770337,3,54.5,54.5,54.5,54.5,54.5,0.0,0.0,2,53.75,53.75,53.75,53.5,54.0,0.5,0.3535533905932738
401761615,2025,regular,5,2025-09-28 00:00:00+00:00,309,Louisiana,276,Marshall,3,2.5,2.1666666666666665,2.5,1.5,2.5,1.0,0.5773502691896257,3,-2.5,-2.8333333333333335,-2.5,-3.5,-2.5,1.0,0.5773502691896257,3,48.0,48.0,48.0,47.5,48.5,1.0,0.5,2,46.5,46.5,46.5,46.5,46.5,0.0,0.0
401761616,2025,regular,5,2025-09-27 19:00:00+00:00,2433,UL Monroe,2032,Arkansas State,3,-1.5,-1.5,-1.5,-1.5,-1.5,0.0,0.0,3,-3.0,-2.6666666666666665,-3.0,-3.5,-1.5,2.0,1.0408329997330663,3,55.5,55.5,55.5,55.5,55.5,0.0,0.0,2,56.5,56.5,56.5,56.5,56.5,0.0,0.0
401761617,2025,regular,5,2025-09-27 16:00:00+00:00,249,North Texas,6,South Alabama,3,-13.0,-12.666666666666666,-13.0,-13.5,-11.5,2.0,1.0408329997330663,3,-12.5,-12.0,-12.5,-13.0,-10.5,2.5,1.3228756555322954,3,63.5,63.5,63.5,63.5,63.5,0.0,0.0,2,63.25,63.25,63.25,63.0,63.5,0.5,0.3535533905932738
401761618,2025,regular,6,2025-10-04 19:30:00+00:00,2247,Georgia State,256,James Madison,3,19.5,19.333333333333332,19.5,18.5,20.0,1.5,0.7637626158259734,3,19.5,19.0,19.5,17.5,20.0,2.5,1.3228756555322954,3,52.5,52.666666666666664,52.5,52.5,53.0,0.5,0.28867513459481287,2,53.75,53.75,53.75,53.5,54.0,0.5,0.3535533905932738
401761619,2025,regular,6,2025-10-04 22:00:00+00:00,295,Old Dominion,324,Coastal Carolina,3,-18.5,-19.0,-18.5,-20.0,-18.5,1.5,0.8660254037844386,3,-17.5,-16.666666666666668,-17.5,-17.5,-15.0,2.5,1.4433756729740643,3,53.5,53.333333333333336,53.5,53.0,53.5,0.5,0.28867513459481287,2,55.25,55.25,55.25,55.0,55.5,0.5,0.3535533905932738
401761620,2025,regular,6,2025-10-04 20:00:00+00:00,2032,Arkansas State,326,Texas State,3,14.0,14.166666666666666,14.0,14.0,14.5,0.5,0.28867513459481287,3,12.5,11.166666666666666,12.5,8.5,12.5,4.0,2.309401076758503,3,63.5,63.5,63.5,63.5,63.5,0.0,0.0,2,64.5,64.5,64.5,64.5,64.5,0.0,0.0
401761621,2025,regular,6,2025-10-04 23:00:00+00:00,2653,Troy,6,South Alabama,3,2.5,2.5,2.5,2.5,2.5,0.0,0.0,3,-3.0,-2.8333333333333335,-3.0,-3.0,-2.5,0.5,0.28867513459481287,3,46.5,46.666666666666664,46.5,46.5,47.0,0.5,0.28867513459481287,2,47.0,47.0,47.0,46.5,47.5,1.0,0.7071067811865476
401761622,2025,regular,7,2025-10-10 00:00:00+00:00,290,Georgia Southern,2572,Southern Miss,3,3.0,2.8333333333333335,3.0,2.5,3.0,0.5,0.28867513459481287,3,1.5,0.8333333333333334,1.5,-1.5,2.5,4.0,2.0816659994661326,3,60.0,60.0,60.0,59.5,60.5,1.0,0.5,2,60.0,60.0,60.0,59.5,60.5,1.0,0.7071067811865476
401761623,2025,regular,7,2025-10-11 23:00:00+00:00,324,Coastal Carolina,2433,UL Monroe,3,3.0,2.8333333333333335,3.0,2.5,3.0,0.5,0.28867513459481287,3,2.5,2.5,2.5,2.5,2.5,0.0,0.0,3,46.5,46.166666666666664,46.5,45.5,46.5,1.0,0.5773502691896257,2,44.0,44.0,44.0,43.5,44.5,1.0,0.7071067811865476
401761624,2025,regular,7,2025-10-11 19:30:00+00:00,2247,Georgia State,2026,App State,3,3.0,2.8333333333333335,3.0,2.5,3.0,0.5,0.28867513459481287,3,3.5,3.6666666666666665,3.5,3.0,4.5,1.5,0.7637626158259734,3,55.5,55.5,55.5,55.5,55.5,0.0,0.0,2,55.75,55.75,55.75,55.0,56.5,1.5,1.0606601717798212
401761625,2025,regular,7,2025-10-11 16:00:00+00:00,256,James Madison,309,Louisiana,3,-18.5,-18.5,-18.5,-18.5,-18.5,0.0,0.0,3,-17.5,-17.166666666666668,-17.5,-17.5,-16.5,1.0,0.5773502691896257,3,45.0,45.0,45.0,44.5,45.5,1.0,0.5,2,46.5,46.5,46.5,46.5,46.5,0.0,0.0
401761626,2025,regular,7,2025-10-11 19:30:00+00:00,276,Marshall,295,Old Dominion,3,14.5,14.5,14.5,14.5,14.5,0.0,0.0,3,14.0,13.666666666666666,14.0,12.5,14.5,2.0,1.0408329997330663,3,57.5,57.5,57.5,57.5,57.5,0.0,0.0,2,55.25,55.25,55.25,55.0,55.5,0.5,0.3535533905932738
401761627,2025,regular,7,2025-10-12 00:00:00+00:00,326,Texas State,2653,Troy,3,-7.5,-7.5,-7.5,-7.5,-7.5,0.0,0.0,3,-10.5,-10.333333333333334,-10.5,-10.5,-10.0,0.5,0.28867513459481287,3,53.5,53.5,53.5,53.5,53.5,0.0,0.0,2,54.0,54.0,54.0,53.5,54.5,1.0,0.7071067811865476
401761628,2025,regular,8,2025-10-14 23:30:00+00:00,6,South Alabama,2032,Arkansas State,3,-8.5,-8.5,-8.5,-8.5,-8.5,0.0,0.0,3,-7.5,-7.0,-7.5,-7.5,-6.0,1.5,0.8660254037844386,3,57.5,57.333333333333336,57.5,57.0,57.5,0.5,0.28867513459481287,2,59.5,59.5,59.5,58.5,60.5,2.0,1.4142135623730951
401761629,2025,regular,8,2025-10-18 19:30:00+00:00,2026,App State,324,Coastal Carolina,3,-10.5,-10.5,-10.5,-10.5,-10.5,0.0,0.0,3,-11.5,-10.833333333333334,-11.5,-11.5,-9.5,2.0,1.1547005383792515,3,48.0,48.0,48.0,47.5,48.5,1.0,0.5,2,49.5,49.5,49.5,49.5,49.5,0.0,0.0
401761630,2025,regular,8,2025-10-18 23:00:00+00:00,290,Georgia Southern,2247,Georgia State,3,-6.5,-6.5,-6.5,-6.5,-6.5,0.0,0.0,3,-6.5,-6.333333333333333,-6.5,-6.5,-6.0,0.5,0.28867513459481287,3,58.5,58.666666666666664,58.5,58.5,59.0,0.5,0.28867513459481287,2,57.75,57.75,57.75,57.5,58.0,0.5,0.3535533905932738
401761631,2025,regular,8,2025-10-18 19:30:00+00:00,256,James Madison,295,Old Dominion,3,-3.0,-3.1666666666666665,-3.0,-3.5,-3.0,0.5,0.28867513459481287,3,-2.5,-2.1666666666666665,-2.5,-2.5,-1.5,1.0,0.5773502691896257,3,47.5,47.5,47.5,47.5,47.5,0.0,0.0,2,47.5,47.5,47.5,47.5,47.5,0.0,0.0
401761632,2025,regular,8,2025-10-18 19:30:00+00:00,276,Marshall,326,Texas State,3,3.0,2.8333333333333335,3.0,2.5,3.0,0.5,0.28867513459481287,3,4.0,4.333333333333333,4.0,3.5,5.5,2.0,1.0408329997330663,3,65.5,65.66666666666667,65.5,65.5,66.0,0.5,0.28867513459481287,2,64.75,64.75,64.75,64.5,65.0,0.5,0.3535533905932738
401761633,2025,regular,8,2025-10-18 19:00:00+00:00,2433,UL Monroe,2653,Troy,3,4.5,4.833333333333333,4.5,4.5,5.5,1.0,0.5773502691896257,3,5.5,5.166666666666667,5.5,4.5,5.5,1.0,0.5773502691896257,3,45.5,45.666666666666664,45.5,45.5,46.0,0.5,0.28867513459481287,2,46.5,46.5,46.5,46.5,46.5,0.0,0.0
401761634,2025,regular,9,2025-10-23 23:30:00+00:00,2247,Georgia State,6,South Alabama,3,6.0,5.833333333333333,6.0,5.5,6.0,0.5,0.28867513459481287,3,6.5,6.333333333333333,6.5,6.0,6.5,0.5,0.28867513459481287,3,54.0,54.0,54.0,53.5,54.5,1.0,0.5,2,54.5,54.5,54.5,53.5,55.5,2.0,1.4142135623730951
401761635,2025,regular,9,2025-10-25 16:00:00+00:00,295,Old Dominion,2026,App State,3,-13.5,-13.166666666666666,-13.5,-13.5,-12.5,1.0,0.5773502691896257,3,-13.5,-13.333333333333334,-13.5,-13.5,-13.0,0.5,0.28867513459481287,3,62.5,61.833333333333336,62.5,60.5,62.5,2.0,1.1547005383792515,2,60.25,60.25,60.25,58.5,62.0,3.5,2.4748737341529163
401761636,2025,regular,9,2025-10-25 23:00:00+00:00,2032,Arkansas State,290,Georgia Southern,3,1.0,0.3333333333333333,1.0,-1.5,1.5,3.0,1.6072751268321592,3,-2.5,-2.5,-2.5,-3.0,-2.0,1.0,0.5,3,59.5,59.5,59.5,59.5,59.5,0.0,0.0,2,62.5,62.5,62.5,62.5,62.5,0.0,0.0
401761637,2025,regular,9,2025-10-25 19:30:00+00:00,2572,Southern Miss,2433,UL Monroe,3,-14.0,-13.833333333333334,-14.0,-14.0,-13.5,0.5,0.28867513459481287,3,-10.5,-10.666666666666666,-10.5,-11.5,-10.0,1.5,0.7637626158259734,3,48.5,48.666666666666664,48.5,48.5,49.0,0.5,0.28867513459481287,2,49.5,49.5,49.5,48.5,50.5,2.0,1.4142135623730951
401761638,2025,regular,9,2025-10-25 23:00:00+00:00,2653,Troy,309,Louisiana,3,-7.0,-7.166666666666667,-7.0,-7.5,-7.0,0.5,0.28867513459481287,3,-8.5,-8.833333333333334,-8.5,-9.5,-8.5,1.0,0.5773502691896257,3,47.5,47.333333333333336,47.5,47.0,47.5,0.5,0.28867513459481287,2,50.75,50.75,50.75,50.5,51.0,0.5,0.3535533905932738
401761639,2025,regular,10,2025-10-29 00:00:00+00:00,326,Texas State,256,James Madison,3,7.5,7.333333333333333,7.5,7.0,7.5,0.5,0.28867513459481287,3,6.5,6.333333333333333,6.5,6.0,6.5,0.5,0.28867513459481287,3,55.5,55.333333333333336,55.5,55.0,55.5,0.5,0.28867513459481287,2,59.0,59.0,59.0,58.5,59.5,1.0,0.7071067811865476
401761640,2025,regular,10,2025-10-30 23:30:00+00:00,324,Coastal Carolina,276,Marshall,3,7.0,7.166666666666667,7.0,7.0,7.5,0.5,0.28867513459481287,3,4.0,3.8333333333333335,4.0,3.0,4.5,1.5,0.7637626158259734,3,55.5,55.166666666666664,55.5,54.5,55.5,1.0,0.5773502691896257,2,54.75,54.75,54.75,54.0,55.5,1.5,1.0606601717798212
401761641,2025,regular,10,2025-11-01 19:30:00+00:00,2433,UL Monroe,295,Old Dominion,3,16.5,16.666666666666668,16.5,16.5,17.0,0.5,0.28867513459481287,3,14.5,14.5,14.5,14.0,15.0,1.0,0.5,3,55.5,55.5,55.5,55.5,55.5,0.0,0.0,2,53.5,53.5,53.5,53.5,53.5,0.0,0.0
401761642,2025,regular,10,2025-11-01 19:30:00+00:00,6,South Alabama,309,Louisiana,3,-3.5,-3.5,-3.5,-3.5,-3.5,0.0,0.0,3,-4.5,-4.666666666666667,-4.5,-5.5,-4.0,1.5,0.7637626158259734,3,52.5,52.666666666666664,52.5,52.5,53.0,0.5,0.28867513459481287,2,54.75,54.75,54.75,54.5,55.0,0.5,0.3535533905932738
401761643,2025,regular,10,2025-11-02 00:00:00+00:00,2653,Troy,2032,Arkansas State,3,-7.5,-7.666666666666667,-7.5,-8.0,-7.5,0.5,0.28867513459481287,3,-7.5,-7.5,-7.5,-8.0,-7.0,1.0,0.5,3,52.5,52.5,52.5,52.5,52.5,0.0,0.0,2,54.75,54.75,54.75,54.0,55.5,1.5,1.0606601717798212
401761644,2025,regular,11,2025-11-07 00:30:00+00:00,2026,App State,290,Georgia Southern,3,-4.5,-4.666666666666667,-4.5,-5.0,-4.5,0.5,0.28867513459481287,3,-5.5,-5.666666666666667,-5.5,-6.0,-5.5,0.5,0.28867513459481287,3,61.5,61.833333333333336,61.5,61.5,62.5,1.0,0.5773502691896257,2,62.5,62.5,62.5,62.5,62.5,0.0,0.0
401761645,2025,regular,11,2025-11-08 21:00:00+00:00,324,Coastal Carolina,2247,Georgia State,3,-7.0,-7.166666666666667,-7.0,-7.5,-7.0,0.5,0.28867513459481287,3,-7.5,-7.166666666666667,-7.5,-7.5,-6.5,1.0,0.5773502691896257,3,56.5,56.666666666666664,56.5,56.5,57.0,0.5,0.28867513459481287,2,56.5,56.5,56.5,56.5,56.5,0.0,0.0
401761646,2025,regular,11,2025-11-08 17:00:00+00:00,276,Marshall,256,James Madison,3,13.5,13.5,13.5,13.5,13.5,0.0,0.0,3,12.5,12.5,12.5,12.5,12.5,0.0,0.0,3,53.5,53.166666666666664,53.5,52.5,53.5,1.0,0.5773502691896257,2,55.5,55.5,55.5,54.5,56.5,2.0,1.4142135623730951
401761647,2025,regular,11,2025-11-08 17:00:00+00:00,2032,Arkansas State,2572,Southern Miss,3,6.5,6.5,6.5,6.5,6.5,0.0,0.0,3,5.5,5.0,5.5,3.5,6.0,2.5,1.3228756555322954,3,54.5,54.666666666666664,54.5,54.5,55.0,0.5,0.28867513459481287,2,59.5,59.5,59.5,59.5,59.5,0.0,0.0
401761648,2025,regular,11,2025-11-08 22:00:00+00:00,309,Louisiana,326,Texas State,3,3.5,3.5,3.5,3.5,3.5,0.0,0.0,3,2.5,2.6666666666666665,2.5,2.5,3.0,0.5,0.28867513459481287,3,63.5,63.166666666666664,63.5,62.5,63.5,1.0,0.5773502691896257,2,64.5,64.5,64.5,64.5,64.5,0.0,0.0
401761649,2025,regular,12,2025-11-14 00:30:00+00:00,295,Old Dominion,2653,Troy,3,-9.5,-9.666666666666666,-9.5,-10.0,-9.5,0.5,0.28867513459481287,3,-10.5,-10.666666666666666,-10.5,-11.5,-10.0,1.5,0.7637626158259734,3,53.5,53.333333333333336,53.5,53.0,53.5,0.5,0.28867513459481287,2,53.25,53.25,53.25,53.0,53.5,0.5,0.3535533905932738
401761650,2025,regular,12,2025-11-15 23:00:00+00:00,290,Georgia Southern,324,Coastal Carolina,3,-3.0,-3.1666666666666665,-3.0,-3.5,-3.0,0.5,0.28867513459481287,3,-2.5,-2.3333333333333335,-2.5,-3.0,-1.5,1.5,0.7637626158259734,3,59.5,59.166666666666664,59.5,58.5,59.5,1.0,0.5773502691896257,2,57.75,57.75,57.75,57.5,58.0,0.5,0.3535533905932738
401761651,2025,regular,12,2025-11-15 19:00:00+00:00,2247,Georgia State,276,Marshall,3,9.5,9.5,9.5,9.5,9.5,0.0,0.0,3,6.5,6.166666666666667,6.5,5.5,6.5,1.0,0.5773502691896257,3,59.5,59.833333333333336,59.5,59.5,60.5,1.0,0.5773502691896257,2,63.0,63.0,63.0,62.5,63.5,1.0,0.7071067811865476
401761652,2025,regular,12,2025-11-15 20:30:00+00:00,256,James Madison,2026,App State,3,-21.0,-20.666666666666668,-21.0,-21.5,-19.5,2.0,1.0408329997330663,3,-19.5,-19.5,-19.5,-19.5,-19.5,0.0,0.0,3,53.5,53.833333333333336,53.5,53.5,54.5,1.0,0.5773502691896257,2,53.75,53.75,53.75,53.5,54.0,0.5,0.3535533905932738
401761653,2025,regular,12,2025-11-15 20:30:00+00:00,2433,UL Monroe,6,South Alabama,3,4.0,4.0,4.0,3.5,4.5,1.0,0.5,3,3.5,3.6666666666666665,3.5,3.5,4.0,0.5,0.28867513459481287,3,49.5,49.833333333333336,49.5,49.5,50.5,1.0,0.5773502691896257,2,51.5,51.5,51.5,51.5,51.5,0.0,0.0
401761654,2025,regular,12,2025-11-15 20:30:00+00:00,2572,Southern Miss,326,Texas State,3,-3.0,-3.1666666666666665,-3.0,-3.5,-3.0,0.5,0.28867513459481287,3,-6.5,-6.5,-6.5,-6.5,-6.5,0.0,0.0,3,65.5,65.66666666666667,65.5,65.5,66.0,0.5,0.28867513459481287,2,64.75,64.75,64.75,64.5,65.0,0.5,0.3535533905932738
401761655,2025,regular,13,2025-11-21 00:30:00+00:00,2032,Arkansas State,309,Louisiana,3,-2.5,-2.5,-2.5,-2.5,-2.5,0.0,0.0,3,-3.5,-3.3333333333333335,-3.5,-3.5,-3.0,0.5,0.28867513459481287,3,54.5,54.333333333333336,54.5,54.0,54.5,0.5,0.28867513459481287,2,54.0,54.0,54.0,53.5,54.5,1.0,0.7071067811865476
401761656,2025,regular,13,2025-11-22 19:30:00+00:00,2026,App State,276,Marshall,3,4.0,3.8333333333333335,4.0,3.5,4.0,0.5,0.28867513459481287,3,3.5,3.6666666666666665,3.5,3.0,4.5,1.5,0.7637626158259734,3,56.5,56.833333333333336,56.5,56.5,57.5,1.0,0.5773502691896257,2,54.0,54.0,54.0,53.5,54.5,1.0,0.7071067811865476
401761657,2025,regular,13,2025-11-22 18:00:00+00:00,290,Georgia Southern,295,Old Dominion,3,10.0,10.166666666666666,10.0,10.0,10.5,0.5,0.28867513459481287,3,10.0,9.833333333333334,10.0,9.5,10.0,0.5,0.28867513459481287,3,62.0,62.0,62.0,61.5,62.5,1.0,0.5,2,62.75,62.75,62.75,62.0,63.5,1.5,1.0606601717798212
401761658,2025,regular,13,2025-11-22 20:30:00+00:00,6,South Alabama,2572,Southern Miss,3,2.5,2.5,2.5,2.5,2.5,0.0,0.0,3,3.0,2.8333333333333335,3.0,2.5,3.0,0.5,0.28867513459481287,3,53.5,53.333333333333336,53.5,53.0,53.5,0.5,0.28867513459481287,2,56.0,56.0,56.0,55.5,56.5,1.0,0.7071067811865476
401761659,2025,regular,13,2025-11-22 22:00:00+00:00,326,Texas State,2433,UL Monroe,3,-20.5,-20.5,-20.5,-20.5,-20.5,0.0,0.0,3,-18.5,-18.5,-18.5,-19.5,-17.5,2.0,1.0,3,59.5,59.833333333333336,59.5,59.5,60.5,1.0,0.5773502691896257,2,55.75,55.75,55.75,55.5,56.0,0.5,0.3535533905932738
401761660,2025,regular,13,2025-11-22 21:00:00+00:00,2653,Troy,2247,Georgia State,3,-9.5,-9.833333333333334,-9.5,-10.5,-9.5,1.0,0.5773502691896257,3,-10.5,-10.833333333333334,-10.5,-11.5,-10.5,1.0,0.5773502691896257,3,51.0,51.0,51.0,50.5,51.5,1.0,0.5,2,51.25,51.25,51.25,51.0,51.5,0.5,0.3535533905932738
401761661,2025,regular,14,2025-11-29 19:30:00+00:00,2026,App State,2032,Arkansas State,3,1.5,0.6666666666666666,1.5,-1.0,1.5,2.5,1.4433756729740643,3,-1.5,-1.6666666666666667,-1.5,-2.0,-1.5,0.5,0.28867513459481287,3,54.5,54.5,54.5,54.5,54.5,0.0,0.0,2,56.5,56.5,56.5,56.5,56.5,0.0,0.0
401761662,2025,regular,14,2025-11-29 20:45:00+00:00,324,Coastal Carolina,256,James Madison,3,24.0,24.0,24.0,23.5,24.5,1.0,0.5,3,21.5,21.666666666666668,21.5,21.0,22.5,1.5,0.7637626158259734,3,54.5,54.166666666666664,54.5,53.5,54.5,1.0,0.5773502691896257,2,53.5,53.5,53.5,53.5,53.5,0.0,0.0
401761663,2025,regular,14,2025-11-29 18:30:00+00:00,276,Marshall,290,Georgia Southern,3,-10.5,-10.333333333333334,-10.5,-10.5,-10.0,0.5,0.28867513459481287,3,-6.5,-6.666666666666667,-6.5,-7.0,-6.5,0.5,0.28867513459481287,3,62.5,62.166666666666664,62.5,61.5,62.5,1.0,0.5773502691896257,2,61.25,61.25,61.25,60.5,62.0,1.5,1.0606601717798212
401761664,2025,regular,14,2025-11-29 19:00:00+00:00,295,Old Dominion,2247,Georgia State,3,-28.5,-28.666666666666668,-28.5,-29.0,-28.5,0.5,0.28867513459481287,3,-26.5,-25.5,-26.5,-26.5,-23.5,3.0,1.7320508075688772,3,58.5,58.5,58.5,58.5,58.5,0.0,0.0,2,59.0,59.0,59.0,58.5,59.5,1.0,0.7071067811865476
401761665,2025,regular,14,2025-11-29 20:00:00+00:00,309,Louisiana,2433,UL Monroe,3,-11.0,-11.0,-11.0,-11.5,-10.5,1.0,0.5,3,-13.5,-13.166666666666666,-13.5,-13.5,-12.5,1.0,0.5773502691896257,3,47.5,47.5,47.5,47.5,47.5,0.0,0.0,2,48.5,48.5,48.5,48.5,48.5,0.0,0.0
401761666,2025,regular,14,2025-11-29 20:30:00+00:00,2572,Southern Miss,2653,Troy,3,-7.0,-6.833333333333333,-7.0,-7.0,-6.5,0.5,0.28867513459481287,3,-6.5,-6.166666666666667,-6.5,-6.5,-5.5,1.0,0.5773502691896257,3,50.5,50.333333333333336,50.5,50.0,50.5,0.5,0.28867513459481287,2,50.0,50.0,50.0,49.5,50.5,1.0,0.7071067811865476
401761667,2025,regular,14,2025-11-29 20:00:00+00:00,326,Texas State,6,South Alabama,3,-9.5,-9.666666666666666,-9.5,-10.0,-9.5,0.5,0.28867513459481287,3,-9.0,-9.0,-9.0,-9.5,-8.5,1.0,0.5,3,62.5,62.5,62.5,62.5,62.5,0.0,0.0,2,63.5,63.5,63.5,63.5,63.5,0.0,0.0
401761668,2025,regular,8,2025-10-18 21:00:00+00:00,309,Louisiana,2572,Southern Miss,3,4.5,4.333333333333333,4.5,4.0,4.5,0.5,0.28867513459481287,3,4.0,3.6666666666666665,4.0,2.5,4.5,2.0,1.0408329997330663,3,54.5,54.5,54.5,54.5,54.5,0.0,0.0,2,54.0,54.0,54.0,53.5,54.5,1.0,0.7071067811865476
401762430,2025,regular,1,2025-08-29 00:30:00+00:00,5,UAB,2011,Alabama State,2,-21.25,-21.25,-21.25,-21.5,-21.0,0.5,0.3535533905932738,2,-20.25,-20.25,-20.25,-20.5,-20.0,0.5,0.3535533905932738,2,53.5,53.5,53.5,53.5,53.5,0.0,0.0,2,53.5,53.5,53.5,53.5,53.5,0.0,0.0
401762432,2025,regular,1,2025-08-29 22:00:00+00:00,349,Army,2627,Tarleton State,2,-14.25,-14.25,-14.25,-14.5,-14.0,0.5,0.3535533905932738,2,-15.0,-15.0,-15.0,-16.5,-13.5,3.0,2.1213203435596424,2,47.5,47.5,47.5,47.5,47.5,0.0,0.0,2,50.0,50.0,50.0,48.5,51.5,3.0,2.1213203435596424
401762433,2025,regular,1,2025-08-30 20:30:00+00:00,235,Memphis,236,Chattanooga,2,-30.5,-30.5,-30.5,-30.5,-30.5,0.0,0.0,2,-27.75,-27.75,-27.75,-28.0,-27.5,0.5,0.3535533905932738,2,55.5,55.5,55.5,55.5,55.5,0.0,0.0,2,55.5,55.5,55.5,55.5,55.5,0.0,0.0
401762434,2025,regular,1,2025-08-30 16:00:00+00:00,2426,Navy,2678,VMI,2,-42.25,-42.25,-42.25,-42.5,-42.0,0.5,0.3535533905932738,2,-40.75,-40.75,-40.75,-41.0,-40.5,0.5,0.3535533905932738,2,53.75,53.75,53.75,53.0,54.5,1.5,1.0606601717798212,2,51.75,51.75,51.75,50.5,53.0,2.5,1.7677669529663689
401762435,2025,regular,1,2025-08-31 00:00:00+00:00,249,North Texas,2320,Lamar,2,-27.5,-27.5,-27.5,-27.5,-27.5,0.0,0.0,2,-26.0,-26.0,-26.0,-27.5,-24.5,3.0,2.1213203435596424,2,63.0,63.0,63.0,62.5,63.5,1.0,0.7071067811865476,2,63.5,63.5,63.5,63.5,63.5,0.0,0.0
401762441,2025,regular,14,2025-11-29 20:30:00+00:00,2636,UTSA,349,Army,3,-8.5,-8.5,-8.5,-8.5,-8.5,0.0,0.0,3,-6.5,-6.666666666666667,-6.5,-7.0,-6.5,0.5,0.28867513459481287,3,50.5,50.333333333333336,50.5,50.0,50.5,0.5,0.28867513459481287,2,52.0,52.0,52.0,51.5,52.5,1.0,0.7071067811865476
401762442,2025,regular,14,2025-11-28 20:30:00+00:00,249,North Texas,218,Temple,3,-20.5,-20.333333333333332,-20.5,-20.5,-20.0,0.5,0.28867513459481287,3,-19.5,-19.166666666666668,-19.5,-19.5,-18.5,1.0,0.5773502691896257,3,65.5,65.5,65.5,65.5,65.5,0.0,0.0,2,65.5,65.5,65.5,64.5,66.5,2.0,1.4142135623730951
401762443,2025,regular,10,2025-10-30 23:30:00+00:00,2636,UTSA,2655,Tulane,3,6.0,5.833333333333333,6.0,5.5,6.0,0.5,0.28867513459481287,3,4.0,4.333333333333333,4.0,3.5,5.5,2.0,1.0408329997330663,3,54.5,54.333333333333336,54.5,54.0,54.5,0.5,0.28867513459481287,2,55.5,55.5,55.5,55.5,55.5,0.0,0.0
401762456,2025,regular,1,2025-08-30 19:30:00+00:00,113,Massachusetts,218,Temple,3,2.5,2.3333333333333335,2.5,1.5,3.0,1.5,0.7637626158259734,3,3.0,1.5,3.0,-1.5,3.0,4.5,2.598076211353316,3,48.5,49.5,48.5,48.5,51.5,3.0,1.7320508075688772,3,51.5,51.833333333333336,51.5,51.5,52.5,1.0,0.5773502691896257
401762457,2025,regular,1,2025-08-31 00:00:00+00:00,202,Tulsa,2000,Abilene Christian,2,-5.25,-5.25,-5.25,-5.5,-5.0,0.5,0.3535533905932738,2,-5.0,-5.0,-5.0,-5.5,-4.5,1.0,0.7071067811865476,2,59.5,59.5,59.5,59.5,59.5,0.0,0.0,2,61.0,61.0,61.0,59.5,62.5,3.0,2.1213203435596424
401762458,2025,regular,2,2025-09-06 19:30:00+00:00,2426,Navy,5,UAB,2,-21.5,-21.5,-21.5,-22.5,-20.5,2.0,1.4142135623730951,2,-21.25,-21.25,-21.25,-21.5,-21.0,0.5,0.3535533905932738,2,58.75,58.75,58.75,58.5,59.0,0.5,0.3535533905932738,2,59.0,59.0,59.0,58.5,59.5,1.0,0.7071067811865476
401762459,2025,regular,2,2025-09-06 22:00:00+00:00,151,East Carolina,2097,Campbell,2,-30.25,-30.25,-30.25,-30.5,-30.0,0.5,0.3535533905932738,2,-29.75,-29.75,-29.75,-30.0,-29.5,0.5,0.3535533905932738,2,55.75,55.75,55.75,55.5,56.0,0.5,0.3535533905932738,2,52.5,52.5,52.5,52.5,52.5,0.0,0.0
401762460,2025,regular,2,2025-09-06 22:00:00+00:00,2226,Florida Atlantic,50,Florida A&M,2,-21.25,-21.25,-21.25,-21.5,-21.0,0.5,0.3535533905932738,2,-20.75,-20.75,-20.75,-21.5,-20.0,1.5,1.0606601717798212,2,50.75,50.75,50.75,50.5,51.0,0.5,0.3535533905932738,2,46.0,46.0,46.0,45.5,46.5,1.0,0.7071067811865476
401762461,2025,regular,2,2025-09-06 19:30:00+00:00,2711,Western Michigan,249,North Texas,2,12.25,12.25,12.25,12.0,12.5,0.5,0.3535533905932738,2,10.25,10.25,10.25,10.0,10.5,0.5,0.3535533905932738,2,56.25,56.25,56.25,56.0,56.5,0.5,0.3535533905932738,2,60.25,60.25,60.25,60.0,60.5,0.5,0.3535533905932738
401762462,2025,regular,2,2025-09-06 18:00:00+00:00,218,Temple,47,Howard,2,-27.75,-27.75,-27.75,-28.0,-27.5,0.5,0.3535533905932738,2,-26.5,-26.5,-26.5,-27.5,-25.5,2.0,1.4142135623730951,2,46.25,46.25,46.25,45.5,47.0,1.5,1.0606601717798212,2,46.5,46.5,46.5,46.5,46.5,0.0,0.0
401762463,2025,regular,3,2025-09-14 00:30:00+00:00,5,UAB,2006,Akron,3,-12.5,-12.666666666666666,-12.5,-13.5,-12.0,1.5,0.7637626158259734,2,-11.5,-11.5,-11.5,-11.5,-11.5,0.0,0.0,3,59.0,59.0,59.0,58.5,59.5,1.0,0.5,2,53.0,53.0,53.0,52.5,53.5,1.0,0.7071067811865476
401762464,2025,regular,3,2025-09-13 22:00:00+00:00,2429,Charlotte,2405,Monmouth,3,-2.5,-2.6666666666666665,-2.5,-3.0,-2.5,0.5,0.28867513459481287,2,-3.5,-3.5,-3.5,-3.5,-3.5,0.0,0.0,3,66.0,66.0,66.0,65.5,66.5,1.0,0.5,2,67.5,67.5,67.5,67.5,67.5,0.0,0.0
401762465,2025,regular,3,2025-09-14 00:00:00+00:00,202,Tulsa,2426,Navy,3,13.5,13.666666666666666,13.5,13.5,14.0,0.5,0.28867513459481287,2,14.5,14.5,14.5,14.5,14.5,0.0,0.0,3,52.5,52.666666666666664,52.5,52.0,53.5,1.5,0.7637626158259734,2,53.75,53.75,53.75,53.5,54.0,0.5,0.3535533905932738
401762466,2025,regular,3,2025-09-13 23:00:00+00:00,242,Rice,2504,Prairie View A&M,3,-29.5,-29.0,-29.5,-29.5,-28.0,1.5,0.8660254037844386,2,-29.0,-29.0,-29.0,-29.5,-28.5,1.0,0.7071067811865476,3,48.5,48.333333333333336,48.5,48.0,48.5,0.5,0.28867513459481287,2,48.5,48.5,48.5,48.5,48.5,0.0,0.0
401762467,2025,regular,3,2025-09-13 19:30:00+00:00,2636,UTSA,2916,Incarnate Word,3,-21.0,-21.166666666666668,-21.0,-21.5,-21.0,0.5,0.28867513459481287,2,-17.0,-17.0,-17.0,-17.5,-16.5,1.0,0.7071067811865476,3,62.5,62.333333333333336,62.5,62.0,62.5,0.5,0.28867513459481287,2,61.5,61.5,61.5,61.5,61.5,0.0,0.0
401762468,2025,regular,4,2025-09-18 23:30:00+00:00,2429,Charlotte,242,Rice,3,1.5,1.6666666666666667,1.5,1.5,2.0,0.5,0.28867513459481287,3,5.5,5.5,5.5,4.5,6.5,2.0,1.0,3,42.0,42.0,42.0,41.5,42.5,1.0,0.5,2,44.5,44.5,44.5,42.5,46.5,4.0,2.8284271247461903
401762469,2025,regular,4,2025-09-20 16:00:00+00:00,349,Army,249,North Texas,3,2.5,2.5,2.5,2.5,2.5,0.0,0.0,3,-1.5,-0.6666666666666666,-1.5,-1.5,1.0,2.5,1.4433756729740643,3,50.5,50.666666666666664,50.5,50.5,51.0,0.5,0.28867513459481287,2,52.75,52.75,52.75,52.0,53.5,1.5,1.0606601717798212
401762470,2025,regular,4,2025-09-20 16:00:00+00:00,58,South Florida,2569,South Carolina State,3,-36.0,-36.0,-36.0,-36.5,-35.5,1.0,0.5,2,-31.75,-31.75,-31.75,-33.5,-30.0,3.5,2.4748737341529163,3,58.5,57.833333333333336,58.5,56.5,58.5,2.0,1.1547005383792515,2,56.25,56.25,56.25,56.0,56.5,0.5,0.3535533905932738
401762471,2025,regular,5,2025-09-25 23:30:00+00:00,151,East Carolina,349,Army,3,-3.5,-3.5,-3.5,-3.5,-3.5,0.0,0.0,3,-3.0,-3.0,-3.0,-3.5,-2.5,1.0,0.5,3,52.5,52.5,52.5,52.5,52.5,0.0,0.0,2,52.5,52.5,52.5,52.5,52.5,0.0,0.0
401762472,2025,regular,5,2025-09-27 23:00:00+00:00,2226,Florida Atlantic,235,Memphis,3,14.0,13.833333333333334,14.0,13.5,14.0,0.5,0.28867513459481287,3,13.5,13.666666666666666,13.5,13.5,14.0,0.5,0.28867513459481287,3,62.5,62.666666666666664,62.5,62.5,63.0,0.5,0.28867513459481287,2,61.5,61.5,61.5,61.5,61.5,0.0,0.0
401762473,2025,regular,5,2025-09-27 19:30:00+00:00,2426,Navy,242,Rice,3,-14.0,-14.166666666666666,-14.0,-14.5,-14.0,0.5,0.28867513459481287,3,-14.5,-14.333333333333334,-14.5,-14.5,-14.0,0.5,0.28867513459481287,3,45.5,45.666666666666664,45.5,45.5,46.0,0.5,0.28867513459481287,2,45.5,45.5,45.5,45.5,45.5,0.0,0.0
401762474,2025,regular,5,2025-09-27 20:00:00+00:00,202,Tulsa,2655,Tulane,3,14.5,14.5,14.5,14.5,14.5,0.0,0.0,3,13.5,13.833333333333334,13.5,13.5,14.5,1.0,0.5773502691896257,3,52.5,52.333333333333336,52.5,52.0,52.5,0.5,0.28867513459481287,2,54.25,54.25,54.25,53.5,55.0,1.5,1.0606601717798212
401762475,2025,regular,6,2025-10-03 23:00:00+00:00,58,South Florida,2429,Charlotte,3,-28.0,-28.0,-28.0,-28.5,-27.5,1.0,0.5,3,-27.5,-27.5,-27.5,-28.5,-26.5,2.0,1.0,3,54.5,54.833333333333336,54.5,54.5,55.5,1.0,0.5773502691896257,1,55.0,55.0,55.0,55.0,55.0,0.0,0.0
401762476,2025,regular,6,2025-10-04 16:00:00+00:00,5,UAB,349,Army,3,6.5,6.5,6.5,6.5,6.5,0.0,0.0,3,7.5,8.0,7.5,7.0,9.5,2.5,1.3228756555322954,3,55.5,55.5,55.5,55.5,55.5,0.0,0.0,2,58.0,58.0,58.0,57.5,58.5,1.0,0.7071067811865476
401762477,2025,regular,6,2025-10-04 23:00:00+00:00,242,Rice,2226,Florida Atlantic,3,-4.5,-4.666666666666667,-4.5,-5.0,-4.5,0.5,0.28867513459481287,3,-5.5,-5.0,-5.5,-5.5,-4.0,1.5,0.8660254037844386,3,55.0,55.0,55.0,54.5,55.5,1.0,0.5,2,52.5,52.5,52.5,52.5,52.5,0.0,0.0
401762478,2025,regular,6,2025-10-05 00:00:00+00:00,235,Memphis,202,Tulsa,3,-21.0,-21.166666666666668,-21.0,-21.5,-21.0,0.5,0.28867513459481287,3,-21.0,-21.166666666666668,-21.0,-21.5,-21.0,0.5,0.28867513459481287,3,54.5,53.833333333333336,54.5,52.5,54.5,2.0,1.1547005383792515,2,56.0,56.0,56.0,55.5,56.5,1.0,0.7071067811865476
401762479,2025,regular,6,2025-10-04 17:00:00+00:00,218,Temple,2636,UTSA,3,6.5,6.5,6.5,6.5,6.5,0.0,0.0,3,6.5,6.5,6.5,6.5,6.5,0.0,0.0,3,58.5,58.166666666666664,58.5,57.5,58.5,1.0,0.5773502691896257,2,58.5,58.5,58.5,58.5,58.5,0.0,0.0
401762480,2025,regular,7,2025-10-09 23:30:00+00:00,2655,Tulane,151,East Carolina,3,-7.0,-6.833333333333333,-7.0,-7.0,-6.5,0.5,0.28867513459481287,3,-7.0,-7.166666666666667,-7.0,-7.5,-7.0,0.5,0.28867513459481287,3,53.5,53.5,53.5,53.5,53.5,0.0,0.0,2,54.0,54.0,54.0,53.5,54.5,1.0,0.7071067811865476
401762481,2025,regular,7,2025-10-10 23:30:00+00:00,249,North Texas,58,South Florida,3,-2.5,-2.5,-2.5,-2.5,-2.5,0.0,0.0,3,-1.5,-1.8333333333333333,-1.5,-2.5,-1.5,1.0,0.5773502691896257,3,68.5,68.5,68.5,68.5,68.5,0.0,0.0,1,66.0,66.0,66.0,66.0,66.0,0.0,0.0
401762482,2025,regular,7,2025-10-11 22:00:00+00:00,2226,Florida Atlantic,5,UAB,3,-4.5,-4.833333333333333,-4.5,-5.5,-4.5,1.0,0.5773502691896257,3,-4.5,-4.833333333333333,-4.5,-5.5,-4.5,1.0,0.5773502691896257,3,66.0,66.0,66.0,65.5,66.5,1.0,0.5,2,69.5,69.5,69.5,69.5,69.5,0.0,0.0
401762483,2025,regular,7,2025-10-11 16:00:00+00:00,349,Army,2429,Charlotte,3,-17.5,-17.5,-17.5,-17.5,-17.5,0.0,0.0,3,-20.5,-19.5,-20.5,-20.5,-17.5,3.0,1.7320508075688772,3,45.5,45.166666666666664,45.5,44.5,45.5,1.0,0.5773502691896257,1,47.0,47.0,47.0,47.0,47.0,0.0,0.0
401762484,2025,regular,7,2025-10-11 20:00:00+00:00,218,Temple,2426,Navy,3,10.0,10.166666666666666,10.0,10.0,10.5,0.5,0.28867513459481287,3,8.5,8.5,8.5,7.5,9.5,2.0,1.0,3,52.5,52.5,52.5,52.5,52.5,0.0,0.0,2,53.0,53.0,53.0,52.5,53.5,1.0,0.7071067811865476
401762485,2025,regular,7,2025-10-11 23:30:00+00:00,2636,UTSA,242,Rice,3,-9.5,-9.166666666666666,-9.5,-9.5,-8.5,1.0,0.5773502691896257,3,-12.5,-12.0,-12.5,-13.0,-10.5,2.5,1.3228756555322954,3,48.5,48.5,48.5,48.5,48.5,0.0,0.0,2,49.5,49.5,49.5,49.5,49.5,0.0,0.0
401762486,2025,regular,8,2025-10-16 23:30:00+00:00,151,East Carolina,202,Tulsa,3,-16.5,-16.5,-16.5,-16.5,-16.5,0.0,0.0,3,-16.5,-16.166666666666668,-16.5,-16.5,-15.5,1.0,0.5773502691896257,3,54.5,54.666666666666664,54.5,54.5,55.0,0.5,0.28867513459481287,2,53.5,53.5,53.5,52.5,54.5,2.0,1.4142135623730951
401762487,2025,regular,8,2025-10-18 20:00:00+00:00,5,UAB,235,Memphis,3,23.5,23.5,23.5,23.5,23.5,0.0,0.0,3,21.5,21.5,21.5,21.5,21.5,0.0,0.0,3,59.5,59.5,59.5,59.5,59.5,0.0,0.0,2,64.5,64.5,64.5,64.5,64.5,0.0,0.0
401762488,2025,regular,8,2025-10-18 16:00:00+00:00,2655,Tulane,349,Army,3,-10.0,-10.0,-10.0,-10.5,-9.5,1.0,0.5,3,-10.5,-10.5,-10.5,-10.5,-10.5,0.0,0.0,3,44.5,44.5,44.5,44.5,44.5,0.0,0.0,2,46.5,46.5,46.5,46.5,46.5,0.0,0.0
401762489,2025,regular,8,2025-10-18 19:30:00+00:00,2429,Charlotte,218,Temple,3,9.5,9.666666666666666,9.5,9.5,10.0,0.5,0.28867513459481287,3,11.5,11.666666666666666,11.5,11.0,12.5,1.5,0.7637626158259734,3,47.5,47.333333333333336,47.5,46.5,48.0,1.5,0.7637626158259734,2,47.0,47.0,47.0,46.5,47.5,1.0,0.7071067811865476
401762490,2025,regular,8,2025-10-18 23:30:00+00:00,58,South Florida,2226,Florida Atlantic,3,-20.5,-20.5,-20.5,-20.5,-20.5,0.0,0.0,3,-22.5,-21.166666666666668,-22.5,-22.5,-18.5,4.0,2.309401076758503,3,72.5,72.5,72.5,72.5,72.5,0.0,0.0,2,73.75,73.75,73.75,73.0,74.5,1.5,1.0606601717798212
401762491,2025,regular,8,2025-10-18 19:30:00+00:00,249,North Texas,2636,UTSA,3,-4.0,-3.8333333333333335,-4.0,-4.0,-3.5,0.5,0.28867513459481287,3,-5.5,-5.5,-5.5,-5.5,-5.5,0.0,0.0,3,64.0,64.0,64.0,63.5,64.5,1.0,0.5,2,67.5,67.5,67.5,67.5,67.5,0.0,0.0
401762492,2025,regular,9,2025-10-24 23:00:00+00:00,2429,Charlotte,249,North Texas,3,25.5,25.333333333333332,25.5,25.0,25.5,0.5,0.28867513459481287,3,27.0,27.0,27.0,26.5,27.5,1.0,0.5,3,60.5,60.833333333333336,60.5,60.5,61.5,1.0,0.5773502691896257,2,58.75,58.75,58.75,58.5,59.0,0.5,0.3535533905932738
401762493,2025,regular,9,2025-10-25 19:30:00+00:00,2426,Navy,2226,Florida Atlantic,3,-14.5,-14.5,-14.5,-14.5,-14.5,0.0,0.0,3,-14.5,-14.333333333333334,-14.5,-14.5,-14.0,0.5,0.28867513459481287,3,63.5,63.5,63.5,63.5,63.5,0.0,0.0,2,62.75,62.75,62.75,62.5,63.0,0.5,0.3535533905932738
401762494,2025,regular,9,2025-10-25 16:00:00+00:00,235,Memphis,58,South Florida,3,3.5,3.5,3.5,3.5,3.5,0.0,0.0,3,3.5,1.3333333333333333,3.5,-3.0,3.5,6.5,3.7527767497325675,3,58.5,58.833333333333336,58.5,58.5,59.5,1.0,0.5773502691896257,2,67.0,67.0,67.0,65.5,68.5,3.0,2.1213203435596424
401762495,2025,regular,9,2025-10-25 19:30:00+00:00,202,Tulsa,218,Temple,3,4.5,4.333333333333333,4.5,3.5,5.0,1.5,0.7637626158259734,3,6.0,6.166666666666667,6.0,6.0,6.5,0.5,0.28867513459481287,3,52.5,52.5,52.5,52.5,52.5,0.0,0.0,2,53.5,53.5,53.5,53.5,53.5,0.0,0.0
401762497,2025,regular,10,2025-10-31 23:00:00+00:00,242,Rice,235,Memphis,3,14.0,13.833333333333334,14.0,13.5,14.0,0.5,0.28867513459481287,3,14.0,15.0,14.0,13.5,17.5,4.0,2.179449471770337,3,48.5,48.333333333333336,48.5,48.0,48.5,0.5,0.28867513459481287,2,52.0,52.0,52.0,49.5,54.5,5.0,3.5355339059327378
401762498,2025,regular,10,2025-11-01 18:00:00+00:00,218,Temple,151,East Carolina,3,5.5,5.333333333333333,5.5,5.0,5.5,0.5,0.28867513459481287,3,4.5,4.5,4.5,4.5,4.5,0.0,0.0,3,58.5,58.333333333333336,58.5,58.0,58.5,0.5,0.28867513459481287,2,57.5,57.5,57.5,57.5,57.5,0.0,0.0
401762499,2025,regular,10,2025-11-01 16:00:00+00:00,249,North Texas,2426,Navy,3,-6.5,-6.5,-6.5,-6.5,-6.5,0.0,0.0,3,-5.5,-5.5,-5.5,-6.5,-4.5,2.0,1.0,3,68.5,68.5,68.5,68.5,68.5,0.0,0.0,2,63.75,63.75,63.75,63.5,64.0,0.5,0.3535533905932738
401762500,2025,regular,11,2025-11-07 00:30:00+00:00,58,South Florida,2636,UTSA,3,-14.0,-13.833333333333334,-14.0,-14.0,-13.5,0.5,0.28867513459481287,3,-13.0,-13.0,-13.0,-13.5,-12.5,1.0,0.5,3,66.5,67.0,66.5,66.5,68.0,1.5,0.8660254037844386,2,68.0,68.0,68.0,67.5,68.5,1.0,0.7071067811865476
401762501,2025,regular,11,2025-11-08 02:00:00+00:00,235,Memphis,2655,Tulane,3,-3.0,-3.1666666666666665,-3.0,-3.5,-3.0,0.5,0.28867513459481287,3,-6.5,-6.166666666666667,-6.5,-7.5,-4.5,3.0,1.5275252316519468,3,53.5,53.666666666666664,53.5,53.5,54.0,0.5,0.28867513459481287,2,56.5,56.5,56.5,55.5,57.5,2.0,1.4142135623730951
401762502,2025,regular,11,2025-11-08 19:00:00+00:00,242,Rice,5,UAB,3,-1.0,-0.3333333333333333,-1.0,-1.5,1.5,3.0,1.6072751268321592,3,-3.5,-3.6666666666666665,-3.5,-4.5,-3.0,1.5,0.7637626158259734,3,51.5,51.5,51.5,51.5,51.5,0.0,0.0,2,54.0,54.0,54.0,53.5,54.5,1.0,0.7071067811865476
401762503,2025,regular,11,2025-11-08 17:00:00+00:00,349,Army,218,Temple,3,-7.0,-7.166666666666667,-7.0,-7.5,-7.0,0.5,0.28867513459481287,3,-6.5,-6.166666666666667,-6.5,-6.5,-5.5,1.0,0.5773502691896257,3,45.5,45.333333333333336,45.5,45.0,45.5,0.5,0.28867513459481287,2,47.0,47.0,47.0,46.5,47.5,1.0,0.7071067811865476
401762504,2025,regular,11,2025-11-08 20:00:00+00:00,151,East Carolina,2429,Charlotte,3,-28.0,-28.333333333333332,-28.0,-29.5,-27.5,2.0,1.0408329997330663,3,-28.5,-27.833333333333332,-28.5,-28.5,-26.5,2.0,1.1547005383792515,3,56.5,56.5,56.5,56.5,56.5,0.0,0.0,2,55.5,55.5,55.5,55.5,55.5,0.0,0.0
401762505,2025,regular,11,2025-11-08 20:00:00+00:00,2226,Florida Atlantic,202,Tulsa,3,-4.5,-4.5,-4.5,-4.5,-4.5,0.0,0.0,3,-5.5,-5.5,-5.5,-6.5,-4.5,2.0,1.0,3,60.5,60.833333333333336,60.5,60.5,61.5,1.0,0.5773502691896257,2,65.5,65.5,65.5,65.5,65.5,0.0,0.0
401762506,2025,regular,12,2025-11-15 19:00:00+00:00,5,UAB,249,North Texas,3,17.5,17.5,17.5,17.5,17.5,0.0,0.0,3,18.0,18.333333333333332,18.0,17.5,19.5,2.0,1.0408329997330663,3,69.0,69.0,69.0,68.5,69.5,1.0,0.5,2,69.5,69.5,69.5,69.5,69.5,0.0,0.0
401762507,2025,regular,12,2025-11-15 17:00:00+00:00,2429,Charlotte,2636,UTSA,3,17.0,17.0,17.0,16.5,17.5,1.0,0.5,3,18.0,18.0,18.0,17.5,18.5,1.0,0.5,3,57.5,57.5,57.5,57.5,57.5,0.0,0.0,2,60.75,60.75,60.75,60.5,61.0,0.5,0.3535533905932738
401762508,2025,regular,12,2025-11-15 21:00:00+00:00,151,East Carolina,235,Memphis,3,-3.0,-2.8333333333333335,-3.0,-3.0,-2.5,0.5,0.28867513459481287,3,-2.5,-2.6666666666666665,-2.5,-3.0,-2.5,0.5,0.28867513459481287,3,57.0,57.0,57.0,56.5,57.5,1.0,0.5,2,60.5,60.5,60.5,60.5,60.5,0.0,0.0
401762509,2025,regular,12,2025-11-15 21:00:00+00:00,2655,Tulane,2226,Florida Atlantic,3,-16.5,-16.833333333333332,-16.5,-17.5,-16.5,1.0,0.5773502691896257,3,-16.5,-16.5,-16.5,-16.5,-16.5,0.0,0.0,3,60.5,60.833333333333336,60.5,60.5,61.5,1.0,0.5773502691896257,2,63.0,63.0,63.0,62.5,63.5,1.0,0.7071067811865476
401762510,2025,regular,12,2025-11-15 17:00:00+00:00,2426,Navy,58,South Florida,3,8.5,8.833333333333334,8.5,8.5,9.5,1.0,0.5773502691896257,3,10.0,10.166666666666666,10.0,10.0,10.5,0.5,0.28867513459481287,3,62.5,62.666666666666664,62.5,62.5,63.0,0.5,0.28867513459481287,2,64.0,64.0,64.0,63.5,64.5,1.0,0.7071067811865476
401762511,2025,regular,13,2025-11-22 20:00:00+00:00,5,UAB,58,South Florida,3,21.5,21.666666666666668,21.5,21.0,22.5,1.5,0.7637626158259734,3,21.5,21.333333333333332,21.5,21.0,21.5,0.5,0.28867513459481287,3,68.5,68.66666666666667,68.5,68.5,69.0,0.5,0.28867513459481287,2,69.25,69.25,69.25,69.0,69.5,0.5,0.3535533905932738
401762512,2025,regular,13,2025-11-22 17:00:00+00:00,349,Army,202,Tulsa,3,-10.0,-9.833333333333334,-10.0,-10.0,-9.5,0.5,0.28867513459481287,3,-10.5,-10.666666666666666,-10.5,-11.0,-10.5,0.5,0.28867513459481287,3,43.5,43.5,43.5,43.5,43.5,0.0,0.0,2,46.5,46.5,46.5,46.5,46.5,0.0,0.0
401762513,2025,regular,13,2025-11-22 20:30:00+00:00,2636,UTSA,151,East Carolina,3,2.0,2.0,2.0,1.5,2.5,1.0,0.5,3,3.5,3.5,3.5,3.0,4.0,1.0,0.5,3,62.5,62.166666666666664,62.5,61.5,62.5,1.0,0.5773502691896257,2,61.75,61.75,61.75,61.5,62.0,0.5,0.3535533905932738
401762514,2025,regular,13,2025-11-23 00:30:00+00:00,242,Rice,249,North Texas,3,18.5,18.5,18.5,18.5,18.5,0.0,0.0,3,17.5,17.666666666666668,17.5,17.5,18.0,0.5,0.28867513459481287,3,57.0,57.0,57.0,56.5,57.5,1.0,0.5,2,55.0,55.0,55.0,54.5,55.5,1.0,0.7071067811865476
401762515,2025,regular,13,2025-11-22 20:45:00+00:00,218,Temple,2655,Tulane,3,7.5,7.5,7.5,7.5,7.5,0.0,0.0,3,8.5,8.333333333333334,8.5,8.0,8.5,0.5,0.28867513459481287,3,54.5,54.333333333333336,54.5,54.0,54.5,0.5,0.28867513459481287,2,54.75,54.75,54.75,54.5,55.0,0.5,0.3535533905932738
401762516,2025,regular,14,2025-11-28 00:30:00+00:00,235,Memphis,2426,Navy,3,-3.5,-3.6666666666666665,-3.5,-4.0,-3.5,0.5,0.28867513459481287,3,-5.5,-5.333333333333333,-5.5,-6.0,-4.5,1.5,0.7637626158259734,3,57.5,57.5,57.5,57.5,57.5,0.0,0.0,2,58.5,58.5,58.5,57.5,59.5,2.0,1.4142135623730951
401762517,2025,regular,14,2025-11-29 20:00:00+00:00,202,Tulsa,5,UAB,3,-9.5,-9.333333333333334,-9.5,-9.5,-9.0,0.5,0.28867513459481287,3,-7.5,-7.833333333333333,-7.5,-8.5,-7.5,1.0,0.5773502691896257,3,56.5,56.5,56.5,56.5,56.5,0.0,0.0,2,60.0,60.0,60.0,59.5,60.5,1.0,0.7071067811865476
401762518,2025,regular,14,2025-11-30 00:30:00+00:00,2655,Tulane,2429,Charlotte,3,-31.0,-31.0,-31.0,-31.5,-30.5,1.0,0.5,3,-29.5,-29.333333333333332,-29.5,-30.0,-28.5,1.5,0.7637626158259734,3,52.5,52.166666666666664,52.5,51.5,52.5,1.0,0.5773502691896257,2,52.5,52.5,52.5,52.5,52.5,0.0,0.0
401762519,2025,regular,14,2025-11-29 17:00:00+00:00,2226,Florida Atlantic,151,East Carolina,3,7.0,6.833333333333333,7.0,6.5,7.0,0.5,0.28867513459481287,3,6.5,6.666666666666667,6.5,6.5,7.0,0.5,0.28867513459481287,3,66.5,66.33333333333333,66.5,66.0,66.5,0.5,0.28867513459481287,2,67.0,67.0,67.0,66.5,67.5,1.0,0.7071067811865476
401762520,2025,regular,14,2025-11-30 00:00:00+00:00,58,South Florida,242,Rice,3,-28.5,-28.333333333333332,-28.5,-28.5,-28.0,0.5,0.28867513459481287,3,-26.0,-25.666666666666668,-26.0,-26.5,-24.5,2.0,1.0408329997330663,3,57.5,57.5,57.5,57.5,57.5,0.0,0.0,2,59.5,59.5,59.5,59.5,59.5,0.0,0.0
401762521,2025,regular,16,2025-12-13 20:00:00+00:00,2426,Navy,349,Army,4,-6.0,-5.5,-6.0,-6.5,-3.5,3.0,1.35400640077266,2,-4.0,-4.0,-4.0,-4.5,-3.5,1.0,0.7071067811865476,4,37.75,38.125,37.75,37.5,39.5,2.0,0.9464847243000456,2,38.5,38.5,38.5,37.5,39.5,2.0,1.4142135623730951
401762522,2025,regular,1,2025-08-28 21:30:00+00:00,58,South Florida,68,Boise State,3,5.5,6.166666666666667,5.5,4.5,8.5,4.0,2.0816659994661326,3,8.5,8.833333333333334,8.5,8.5,9.5,1.0,0.5773502691896257,3,62.0,62.0,62.0,60.5,63.5,3.0,1.5,3,63.5,63.5,63.5,63.5,63.5,0.0,0.0
401762789,2025,regular,1,2025-08-28 23:00:00+00:00,2006,Akron,2751,Wyoming,3,5.0,6.0,5.0,4.5,8.5,4.0,2.179449471770337,3,8.5,8.5,8.5,7.5,9.5,2.0,1.0,3,48.0,48.333333333333336,48.0,47.5,49.5,2.0,1.0408329997330663,3,49.5,49.5,49.5,49.5,49.5,0.0,0.0
401762790,2025,regular,1,2025-08-28 22:00:00+00:00,189,Bowling Green,322,Lafayette,2,-21.25,-21.25,-21.25,-21.5,-21.0,0.5,0.3535533905932738,2,-18.0,-18.0,-18.0,-21.5,-14.5,7.0,4.949747468305833,2,53.25,53.25,53.25,53.0,53.5,0.5,0.3535533905932738,2,52.5,52.5,52.5,52.5,52.5,0.0,0.0
401762791,2025,regular,1,2025-08-29 01:00:00+00:00,275,Wisconsin,193,Miami (OH),3,-18.0,-18.0,-18.0,-18.5,-17.5,1.0,0.5,3,-17.5,-17.5,-17.5,-17.5,-17.5,0.0,0.0,3,41.0,41.0,41.0,40.5,41.5,1.0,0.5,3,40.5,40.833333333333336,40.5,40.5,41.5,1.0,0.5773502691896257
401762792,2025,regular,1,2025-08-30 16:00:00+00:00,2309,Kent State,2771,Merrimack,1,-5.5,-5.5,-5.5,-5.5,-5.5,0.0,0.0,1,-6.5,-6.5,-6.5,-6.5,-6.5,0.0,0.0,1,50.5,50.5,50.5,50.5,50.5,0.0,0.0,1,50.5,50.5,50.5,50.5,50.5,0.0,0.0
401762793,2025,regular,1,2025-08-30 19:30:00+00:00,2459,Northern Illinois,107,Holy Cross,2,-13.5,-13.5,-13.5,-13.5,-13.5,0.0,0.0,2,-12.0,-12.0,-12.0,-13.0,-11.0,2.0,1.4142135623730951,2,48.5,48.5,48.5,48.5,48.5,0.0,0.0,2,51.5,51.5,51.5,51.5,51.5,0.0,0.0
401762794,2025,regular,2,2025-09-06 19:30:00+00:00,2084,Buffalo,2598,St. Francis (PA),2,-37.25,-37.25,-37.25,-37.5,-37.0,0.5,0.3535533905932738,2,-36.0,-36.0,-36.0,-36.5,-35.5,1.0,0.7071067811865476,2,48.25,48.25,48.25,48.0,48.5,0.5,0.3535533905932738,2,49.5,49.5,49.5,49.5,49.5,0.0,0.0
401762795,2025,regular,2,2025-09-06 23:00:00+00:00,2199,Eastern Michigan,2341,Long Island University,2,-22.0,-22.0,-22.0,-22.5,-21.5,1.0,0.7071067811865476,2,-23.0,-23.0,-23.0,-23.5,-22.5,1.0,0.7071067811865476,2,54.0,54.0,54.0,53.5,54.5,1.0,0.7071067811865476,2,54.5,54.5,54.5,54.5,54.5,0.0,0.0
401762816,2025,regular,2,2025-09-06 19:30:00+00:00,113,Massachusetts,2803,Bryant,2,-15.5,-15.5,-15.5,-16.5,-14.5,2.0,1.4142135623730951,2,-13.25,-13.25,-13.25,-13.5,-13.0,0.5,0.3535533905932738,2,52.25,52.25,52.25,52.0,52.5,0.5,0.3535533905932738,2,52.5,52.5,52.5,52.5,52.5,0.0,0.0
401762817,2025,regular,3,2025-09-13 16:00:00+00:00,2309,Kent State,2084,Buffalo,3,24.0,24.0,24.0,23.5,24.5,1.0,0.5,2,22.75,22.75,22.75,22.5,23.0,0.5,0.3535533905932738,3,48.5,48.166666666666664,48.5,47.5,48.5,1.0,0.5773502691896257,2,48.75,48.75,48.75,48.5,49.0,0.5,0.3535533905932738
401762818,2025,regular,3,2025-09-13 18:00:00+00:00,2050,Ball State,160,New Hampshire,3,-3.0,-2.8333333333333335,-3.0,-3.0,-2.5,0.5,0.28867513459481287,2,-2.0,-2.0,-2.0,-3.0,-1.0,2.0,1.4142135623730951,3,46.5,46.5,46.5,46.5,46.5,0.0,0.0,2,47.75,47.75,47.75,47.5,48.0,0.5,0.3535533905932738
401762819,2025,regular,3,2025-09-13 19:30:00+00:00,2649,Toledo,2415,Morgan State,3,-33.5,-33.666666666666664,-33.5,-34.0,-33.5,0.5,0.28867513459481287,3,-34.5,-34.166666666666664,-34.5,-34.5,-33.5,1.0,0.5773502691896257,3,54.5,54.5,54.5,54.5,54.5,0.0,0.0,2,52.5,52.5,52.5,51.5,53.5,2.0,1.4142135623730951
401762820,2025,regular,4,2025-09-20 19:30:00+00:00,2711,Western Michigan,2649,Toledo,3,13.0,12.666666666666666,13.0,11.5,13.5,2.0,1.0408329997330663,3,13.0,12.666666666666666,13.0,11.5,13.5,2.0,1.0408329997330663,3,48.5,48.5,48.5,48.5,48.5,0.0,0.0,2,52.0,52.0,52.0,51.5,52.5,1.0,0.7071067811865476
401762821,2025,regular,4,2025-09-20 22:00:00+00:00,2006,Akron,2184,Duquesne,3,-10.5,-10.5,-10.5,-10.5,-10.5,0.0,0.0,2,-8.5,-8.5,-8.5,-9.0,-8.0,1.0,0.7071067811865476,3,51.5,51.333333333333336,51.5,51.0,51.5,0.5,0.28867513459481287,2,51.5,51.5,51.5,51.5,51.5,0.0,0.0
401762822,2025,regular,4,2025-09-20 17:00:00+00:00,2117,Central Michigan,2681,Wagner,3,-29.5,-29.666666666666668,-29.5,-30.5,-29.0,1.5,0.7637626158259734,2,-29.0,-29.0,-29.0,-29.5,-28.5,1.0,0.7071067811865476,3,46.5,46.666666666666664,46.5,46.5,47.0,0.5,0.28867513459481287,2,45.5,45.5,45.5,45.5,45.5,0.0,0.0
401762823,2025,regular,4,2025-09-20 19:30:00+00:00,195,Ohio,2241,Gardner-Webb,3,-30.5,-30.166666666666668,-30.5,-30.5,-29.5,1.0,0.5773502691896257,2,-26.5,-26.5,-26.5,-28.0,-25.0,3.0,2.1213203435596424,3,55.0,55.0,55.0,54.5,55.5,1.0,0.5,2,51.5,51.5,51.5,51.5,51.5,0.0,0.0
401762824,2025,regular,5,2025-09-27 19:30:00+00:00,2649,Toledo,2006,Akron,3,-21.5,-21.666666666666668,-21.5,-22.5,-21.0,1.5,0.7637626158259734,3,-21.0,-21.166666666666668,-21.0,-21.5,-21.0,0.5,0.28867513459481287,3,50.0,50.0,50.0,49.5,50.5,1.0,0.5,2,48.0,48.0,48.0,47.5,48.5,1.0,0.7071067811865476
401762825,2025,regular,5,2025-09-27 16:00:00+00:00,195,Ohio,189,Bowling Green,3,-7.5,-7.666666666666667,-7.5,-8.0,-7.5,0.5,0.28867513459481287,3,-10.5,-10.5,-10.5,-11.0,-10.0,1.0,0.5,3,49.5,49.666666666666664,49.5,49.5,50.0,0.5,0.28867513459481287,2,50.75,50.75,50.75,50.5,51.0,0.5,0.3535533905932738
401762826,2025,regular,5,2025-09-27 17:00:00+00:00,2117,Central Michigan,2199,Eastern Michigan,3,-3.0,-3.1666666666666665,-3.0,-3.5,-3.0,0.5,0.28867513459481287,3,-5.5,-5.333333333333333,-5.5,-6.0,-4.5,1.5,0.7637626158259734,3,55.5,55.166666666666664,55.5,54.5,55.5,1.0,0.5773502691896257,2,54.25,54.25,54.25,54.0,54.5,0.5,0.3535533905932738
401762827,2025,regular,5,2025-09-27 19:30:00+00:00,193,Miami (OH),2815,Lindenwood,3,-22.5,-22.333333333333332,-22.5,-22.5,-22.0,0.5,0.28867513459481287,2,-20.5,-20.5,-20.5,-21.0,-20.0,1.0,0.7071067811865476,3,49.5,49.333333333333336,49.5,49.0,49.5,0.5,0.28867513459481287,2,49.25,49.25,49.25,49.0,49.5,0.5,0.3535533905932738
401762828,2025,regular,5,2025-09-27 22:30:00+00:00,2711,Western Michigan,227,Rhode Island,3,-7.5,-7.666666666666667,-7.5,-8.5,-7.0,1.5,0.7637626158259734,2,-7.5,-7.5,-7.5,-7.5,-7.5,0.0,0.0,3,45.5,45.166666666666664,45.5,44.5,45.5,1.0,0.5773502691896257,3,43.5,44.5,43.5,43.5,46.5,3.0,1.7320508075688772
401762829,2025,regular,6,2025-10-04 19:30:00+00:00,2006,Akron,2117,Central Michigan,3,7.0,7.0,7.0,6.5,7.5,1.0,0.5,3,7.0,7.0,7.0,6.5,7.5,1.0,0.5,3,47.5,47.5,47.5,47.5,47.5,0.0,0.0,2,45.0,45.0,45.0,44.5,45.5,1.0,0.7071067811865476
401762830,2025,regular,6,2025-10-04 16:00:00+00:00,2050,Ball State,195,Ohio,3,14.0,14.166666666666666,14.0,14.0,14.5,0.5,0.28867513459481287,3,16.5,16.833333333333332,16.5,16.5,17.5,1.0,0.5773502691896257,3,52.5,52.166666666666664,52.5,51.5,52.5,1.0,0.5773502691896257,2,51.5,51.5,51.5,51.5,51.5,0.0,0.0
401762831,2025,regular,6,2025-10-04 19:30:00+00:00,2084,Buffalo,2199,Eastern Michigan,3,-9.5,-9.5,-9.5,-9.5,-9.5,0.0,0.0,3,-9.5,-9.833333333333334,-9.5,-10.5,-9.5,1.0,0.5773502691896257,3,53.5,53.5,53.5,53.5,53.5,0.0,0.0,1,48.5,48.5,48.5,48.5,48.5,0.0,0.0
401762832,2025,regular,6,2025-10-04 18:30:00+00:00,113,Massachusetts,2711,Western Michigan,3,12.5,12.333333333333334,12.5,12.0,12.5,0.5,0.28867513459481287,3,11.5,11.5,11.5,10.5,12.5,2.0,1.0,3,46.5,46.166666666666664,46.5,45.5,46.5,1.0,0.5773502691896257,2,46.5,46.5,46.5,45.5,47.5,2.0,1.4142135623730951
401762833,2025,regular,7,2025-10-11 16:00:00+00:00,2006,Akron,193,Miami (OH),3,11.5,11.666666666666666,11.5,11.5,12.0,0.5,0.28867513459481287,3,9.5,9.666666666666666,9.5,9.5,10.0,0.5,0.28867513459481287,3,47.5,47.5,47.5,47.5,47.5,0.0,0.0,1,45.5,45.5,45.5,45.5,45.5,0.0,0.0
401762834,2025,regular,7,2025-10-11 19:30:00+00:00,2711,Western Michigan,2050,Ball State,3,-9.5,-9.5,-9.5,-9.5,-9.5,0.0,0.0,3,-9.5,-9.666666666666666,-9.5,-10.0,-9.5,0.5,0.28867513459481287,3,43.0,43.0,43.0,42.5,43.5,1.0,0.5,2,43.25,43.25,43.25,43.0,43.5,0.5,0.3535533905932738
401762835,2025,regular,7,2025-10-11 16:00:00+00:00,189,Bowling Green,2649,Toledo,3,10.5,10.666666666666666,10.5,10.5,11.0,0.5,0.28867513459481287,3,8.5,8.333333333333334,8.5,7.0,9.5,2.5,1.2583057392117916,3,45.5,45.666666666666664,45.5,45.5,46.0,0.5,0.28867513459481287,2,49.5,49.5,49.5,49.5,49.5,0.0,0.0
401762836,2025,regular,7,2025-10-11 17:00:00+00:00,2199,Eastern Michigan,2459,Northern Illinois,3,1.5,1.5,1.5,1.5,1.5,0.0,0.0,3,-1.0,-0.3333333333333333,-1.0,-1.5,1.5,3.0,1.6072751268321592,3,48.5,48.333333333333336,48.5,48.0,48.5,0.5,0.28867513459481287,2,49.0,49.0,49.0,48.5,49.5,1.0,0.7071067811865476
401762837,2025,regular,7,2025-10-11 18:30:00+00:00,2309,Kent State,113,Massachusetts,3,-1.5,-1.3333333333333333,-1.5,-1.5,-1.0,0.5,0.28867513459481287,3,-2.5,-2.6666666666666665,-2.5,-3.0,-2.5,0.5,0.28867513459481287,3,49.5,49.666666666666664,49.5,49.5,50.0,0.5,0.28867513459481287,2,48.75,48.75,48.75,48.0,49.5,1.5,1.0606601717798212
401762838,2025,regular,8,2025-10-18 19:30:00+00:00,2050,Ball State,2006,Akron,3,2.0,1.0,2.0,-1.5,2.5,4.0,2.179449471770337,3,-1.5,-1.5,-1.5,-1.5,-1.5,0.0,0.0,3,44.0,44.0,44.0,43.5,44.5,1.0,0.5,2,43.5,43.5,43.5,43.5,43.5,0.0,0.0
401762839,2025,regular,8,2025-10-18 16:00:00+00:00,189,Bowling Green,2117,Central Michigan,3,-3.0,-3.1666666666666665,-3.0,-3.5,-3.0,0.5,0.28867513459481287,3,-6.0,-6.0,-6.0,-6.5,-5.5,1.0,0.5,3,43.5,43.833333333333336,43.5,43.5,44.5,1.0,0.5773502691896257,2,43.5,43.5,43.5,43.5,43.5,0.0,0.0
401762840,2025,regular,8,2025-10-18 18:30:00+00:00,113,Massachusetts,2084,Buffalo,3,16.5,16.5,16.5,16.5,16.5,0.0,0.0,3,17.5,17.333333333333332,17.5,17.0,17.5,0.5,0.28867513459481287,3,47.5,47.5,47.5,47.5,47.5,0.0,0.0,2,45.0,45.0,45.0,44.5,45.5,1.0,0.7071067811865476
401762841,2025,regular,8,2025-10-18 16:00:00+00:00,193,Miami (OH),2199,Eastern Michigan,3,-12.5,-12.166666666666666,-12.5,-12.5,-11.5,1.0,0.5773502691896257,3,-11.5,-12.166666666666666,-11.5,-13.5,-11.5,2.0,1.1547005383792515,3,47.5,47.333333333333336,47.5,47.0,47.5,0.5,0.28867513459481287,2,48.0,48.0,48.0,47.5,48.5,1.0,0.7071067811865476
401762842,2025,regular,8,2025-10-18 18:00:00+00:00,2649,Toledo,2309,Kent State,3,-25.5,-25.333333333333332,-25.5,-25.5,-25.0,0.5,0.28867513459481287,3,-24.5,-24.166666666666668,-24.5,-24.5,-23.5,1.0,0.5773502691896257,3,48.5,48.5,48.5,48.5,48.5,0.0,0.0,2,52.5,52.5,52.5,52.5,52.5,0.0,0.0
401762843,2025,regular,8,2025-10-18 19:30:00+00:00,195,Ohio,2459,Northern Illinois,3,-10.5,-10.833333333333334,-10.5,-11.5,-10.5,1.0,0.5773502691896257,3,-12.0,-12.0,-12.0,-12.5,-11.5,1.0,0.5,3,41.5,41.833333333333336,41.5,41.5,42.5,1.0,0.5773502691896257,2,43.5,43.5,43.5,43.5,43.5,0.0,0.0
401762844,2025,regular,9,2025-10-25 17:00:00+00:00,2084,Buffalo,2006,Akron,3,-10.0,-10.166666666666666,-10.0,-10.5,-10.0,0.5,0.28867513459481287,3,-10.5,-10.5,-10.5,-11.0,-10.0,1.0,0.5,3,48.5,48.666666666666664,48.5,48.5,49.0,0.5,0.28867513459481287,2,47.5,47.5,47.5,47.5,47.5,0.0,0.0
401762845,2025,regular,9,2025-10-25 19:30:00+00:00,2459,Northern Illinois,2050,Ball State,3,-6.5,-6.5,-6.5,-6.5,-6.5,0.0,0.0,3,-5.0,-5.166666666666667,-5.0,-6.0,-4.5,1.5,0.7637626158259734,3,42.0,42.0,42.0,41.5,42.5,1.0,0.5,2,41.5,41.5,41.5,41.5,41.5,0.0,0.0
401762846,2025,regular,9,2025-10-25 16:00:00+00:00,2309,Kent State,189,Bowling Green,3,7.5,7.5,7.5,7.5,7.5,0.0,0.0,3,8.5,9.0,8.5,8.5,10.0,1.5,0.8660254037844386,3,47.5,47.333333333333336,47.5,46.5,48.0,1.5,0.7637626158259734,2,50.75,50.75,50.75,50.5,51.0,0.5,0.3535533905932738
401762847,2025,regular,9,2025-10-25 19:30:00+00:00,2117,Central Michigan,113,Massachusetts,3,-16.5,-16.833333333333332,-16.5,-17.5,-16.5,1.0,0.5773502691896257,3,-16.5,-16.333333333333332,-16.5,-16.5,-16.0,0.5,0.28867513459481287,3,46.5,46.5,46.5,46.5,46.5,0.0,0.0,2,46.75,46.75,46.75,46.5,47.0,0.5,0.3535533905932738
401762848,2025,regular,9,2025-10-25 16:00:00+00:00,2199,Eastern Michigan,195,Ohio,3,12.0,12.333333333333334,12.0,11.5,13.5,2.0,1.0408329997330663,3,10.5,10.333333333333334,10.5,10.0,10.5,0.5,0.28867513459481287,3,60.5,60.333333333333336,60.5,60.0,60.5,0.5,0.28867513459481287,2,59.25,59.25,59.25,59.0,59.5,0.5,0.3535533905932738
401762849,2025,regular,10,2025-11-01 16:00:00+00:00,189,Bowling Green,2084,Buffalo,3,-2.5,-2.5,-2.5,-2.5,-2.5,0.0,0.0,3,-2.0,-2.0,-2.0,-2.5,-1.5,1.0,0.5,3,44.5,44.333333333333336,44.5,44.0,44.5,0.5,0.28867513459481287,2,43.5,43.5,43.5,43.5,43.5,0.0,0.0
401762850,2025,regular,10,2025-11-01 20:00:00+00:00,2711,Western Michigan,2117,Central Michigan,3,-5.5,-5.666666666666667,-5.5,-6.0,-5.5,0.5,0.28867513459481287,3,-6.0,-6.0,-6.0,-6.5,-5.5,1.0,0.5,3,43.5,43.333333333333336,43.5,43.0,43.5,0.5,0.28867513459481287,2,41.5,41.5,41.5,41.5,41.5,0.0,0.0
401762851,2025,regular,11,2025-11-05 00:00:00+00:00,2006,Akron,113,Massachusetts,3,-12.5,-12.166666666666666,-12.5,-12.5,-11.5,1.0,0.5773502691896257,3,-10.0,-10.0,-10.0,-10.5,-9.5,1.0,0.5,3,51.5,51.333333333333336,51.5,51.0,51.5,0.5,0.28867513459481287,2,48.75,48.75,48.75,48.5,49.0,0.5,0.3535533905932738
401762852,2025,regular,11,2025-11-05 00:00:00+00:00,195,Ohio,193,Miami (OH),3,-2.5,-2.6666666666666665,-2.5,-3.0,-2.5,0.5,0.28867513459481287,3,-3.5,-3.5,-3.5,-3.5,-3.5,0.0,0.0,3,50.5,50.666666666666664,50.5,50.5,51.0,0.5,0.28867513459481287,2,50.0,50.0,50.0,49.5,50.5,1.0,0.7071067811865476
401762853,2025,regular,11,2025-11-06 00:00:00+00:00,2050,Ball State,2309,Kent State,3,-3.0,-3.1666666666666665,-3.0,-3.5,-3.0,0.5,0.28867513459481287,3,-3.0,-3.0,-3.0,-3.5,-2.5,1.0,0.5,3,48.5,48.333333333333336,48.5,48.0,48.5,0.5,0.28867513459481287,2,46.0,46.0,46.0,45.5,46.5,1.0,0.7071067811865476
401762854,2025,regular,11,2025-11-06 00:00:00+00:00,2649,Toledo,2459,Northern Illinois,3,-15.5,-15.166666666666666,-15.5,-15.5,-14.5,1.0,0.5773502691896257,3,-14.5,-14.5,-14.5,-14.5,-14.5,0.0,0.0,3,42.0,42.0,42.0,41.5,42.5,1.0,0.5,2,42.0,42.0,42.0,41.5,42.5,1.0,0.7071067811865476
401762855,2025,regular,11,2025-11-08 18:00:00+00:00,2199,Eastern Michigan,189,Bowling Green,3,-3.0,-3.1666666666666665,-3.0,-3.5,-3.0,0.5,0.28867513459481287,3,-1.5,-1.8333333333333333,-1.5,-2.5,-1.5,1.0,0.5773502691896257,3,49.5,49.333333333333336,49.5,49.0,49.5,0.5,0.28867513459481287,2,51.5,51.5,51.5,51.5,51.5,0.0,0.0
401762856,2025,regular,12,2025-11-12 00:30:00+00:00,2006,Akron,2309,Kent State,3,-7.5,-7.5,-7.5,-7.5,-7.5,0.0,0.0,3,-4.5,-4.666666666666667,-4.5,-5.0,-4.5,0.5,0.28867513459481287,3,49.5,49.5,49.5,49.5,49.5,0.0,0.0,1,47.5,47.5,47.5,47.5,47.5,0.0,0.0
401762857,2025,regular,12,2025-11-12 01:00:00+00:00,2711,Western Michigan,195,Ohio,3,-1.5,-1.5,-1.5,-1.5,-1.5,0.0,0.0,3,1.5,1.8333333333333333,1.5,1.5,2.5,1.0,0.5773502691896257,3,47.0,47.0,47.0,46.5,47.5,1.0,0.5,1,47.5,47.5,47.5,47.5,47.5,0.0,0.0
401762858,2025,regular,12,2025-11-13 00:00:00+00:00,2117,Central Michigan,2084,Buffalo,3,-2.5,-2.3333333333333335,-2.5,-2.5,-2.0,0.5,0.28867513459481287,3,-2.5,-2.3333333333333335,-2.5,-2.5,-2.0,0.5,0.28867513459481287,3,44.5,44.666666666666664,44.5,44.5,45.0,0.5,0.28867513459481287,2,43.5,43.5,43.5,43.5,43.5,0.0,0.0
401762859,2025,regular,12,2025-11-13 00:00:00+00:00,113,Massachusetts,2459,Northern Illinois,3,9.5,9.166666666666666,9.5,8.5,9.5,1.0,0.5773502691896257,3,11.0,11.0,11.0,10.5,11.5,1.0,0.5,3,43.5,43.333333333333336,43.5,43.0,43.5,0.5,0.28867513459481287,2,42.75,42.75,42.75,42.5,43.0,0.5,0.3535533905932738
401762860,2025,regular,12,2025-11-13 00:00:00+00:00,193,Miami (OH),2649,Toledo,3,5.5,5.833333333333333,5.5,5.5,6.5,1.0,0.5773502691896257,3,3.0,2.8333333333333335,3.0,2.5,3.0,0.5,0.28867513459481287,3,44.5,44.333333333333336,44.5,44.0,44.5,0.5,0.28867513459481287,1,44.5,44.5,44.5,44.5,44.5,0.0,0.0
401762861,2025,regular,12,2025-11-15 17:00:00+00:00,2050,Ball State,2199,Eastern Michigan,3,2.5,2.6666666666666665,2.5,2.5,3.0,0.5,0.28867513459481287,3,3.0,2.8333333333333335,3.0,2.5,3.0,0.5,0.28867513459481287,3,48.5,48.666666666666664,48.5,48.5,49.0,0.5,0.28867513459481287,2,50.0,50.0,50.0,49.5,50.5,1.0,0.7071067811865476
401762862,2025,regular,13,2025-11-19 00:00:00+00:00,189,Bowling Green,2006,Akron,3,-2.5,-2.3333333333333335,-2.5,-2.5,-2.0,0.5,0.28867513459481287,3,-4.5,-4.333333333333333,-4.5,-4.5,-4.0,0.5,0.28867513459481287,3,47.5,47.666666666666664,47.5,47.5,48.0,0.5,0.28867513459481287,2,47.25,47.25,47.25,47.0,47.5,0.5,0.3535533905932738
401762863,2025,regular,13,2025-11-19 00:00:00+00:00,195,Ohio,113,Massachusetts,3,-33.5,-33.833333333333336,-33.5,-34.5,-33.5,1.0,0.5773502691896257,3,-31.5,-31.166666666666668,-31.5,-32.5,-29.5,3.0,1.5275252316519468,3,53.5,53.333333333333336,53.5,53.0,53.5,0.5,0.28867513459481287,2,51.25,51.25,51.25,51.0,51.5,0.5,0.3535533905932738
401762864,2025,regular,13,2025-11-19 00:00:00+00:00,2459,Northern Illinois,2711,Western Michigan,3,7.0,6.833333333333333,7.0,6.5,7.0,0.5,0.28867513459481287,3,6.0,6.0,6.0,5.5,6.5,1.0,0.5,3,39.5,39.166666666666664,39.5,38.5,39.5,1.0,0.5773502691896257,2,38.5,38.5,38.5,38.5,38.5,0.0,0.0
401762865,2025,regular,13,2025-11-20 00:00:00+00:00,2084,Buffalo,193,Miami (OH),3,2.5,2.5,2.5,2.5,2.5,0.0,0.0,3,-2.5,-2.3333333333333335,-2.5,-2.5,-2.0,0.5,0.28867513459481287,3,38.5,38.5,38.5,38.5,38.5,0.0,0.0,2,39.5,39.5,39.5,39.5,39.5,0.0,0.0
401762866,2025,regular,13,2025-11-20 00:00:00+00:00,2309,Kent State,2117,Central Michigan,3,7.5,7.5,7.5,7.5,7.5,0.0,0.0,3,7.5,7.5,7.5,7.0,8.0,1.0,0.5,3,50.5,50.5,50.5,50.5,50.5,0.0,0.0,2,47.0,47.0,47.0,46.5,47.5,1.0,0.7071067811865476
401762867,2025,regular,13,2025-11-22 19:00:00+00:00,2649,Toledo,2050,Ball State,3,-29.5,-29.166666666666668,-29.5,-29.5,-28.5,1.0,0.5773502691896257,3,-26.5,-25.5,-26.5,-27.5,-22.5,5.0,2.6457513110645907,3,45.5,45.5,45.5,45.5,45.5,0.0,0.0,2,47.75,47.75,47.75,47.5,48.0,0.5,0.3535533905932738
401762868,2025,regular,14,2025-11-25 21:30:00+00:00,113,Massachusetts,189,Bowling Green,3,14.0,14.166666666666666,14.0,14.0,14.5,0.5,0.28867513459481287,3,15.5,15.5,15.5,14.5,16.5,2.0,1.0,3,44.5,44.5,44.5,44.5,44.5,0.0,0.0,2,45.0,45.0,45.0,44.5,45.5,1.0,0.7071067811865476
401762869,2025,regular,14,2025-11-26 00:30:00+00:00,2199,Eastern Michigan,2711,Western Michigan,3,10.0,9.833333333333334,10.0,9.5,10.0,0.5,0.28867513459481287,3,6.5,6.166666666666667,6.5,5.5,6.5,1.0,0.5773502691896257,3,49.5,49.333333333333336,49.5,49.0,49.5,0.5,0.28867513459481287,2,46.0,46.0,46.0,45.5,46.5,1.0,0.7071067811865476
401762870,2025,regular,14,2025-11-28 17:00:00+00:00,2084,Buffalo,195,Ohio,3,7.0,7.166666666666667,7.0,7.0,7.5,0.5,0.28867513459481287,3,6.0,5.666666666666667,6.0,4.5,6.5,2.0,1.0408329997330663,3,44.5,44.833333333333336,44.5,44.5,45.5,1.0,0.5773502691896257,2,47.5,47.5,47.5,47.5,47.5,0.0,0.0
401762871,2025,regular,14,2025-11-28 17:00:00+00:00,2459,Northern Illinois,2309,Kent State,3,-5.0,-5.0,-5.0,-5.5,-4.5,1.0,0.5,3,-4.5,-4.666666666666667,-4.5,-5.0,-4.5,0.5,0.28867513459481287,3,44.5,44.666666666666664,44.5,44.5,45.0,0.5,0.28867513459481287,2,44.75,44.75,44.75,44.5,45.0,0.5,0.3535533905932738
401762872,2025,regular,14,2025-11-29 17:00:00+00:00,2117,Central Michigan,2649,Toledo,3,11.5,11.166666666666666,11.5,10.5,11.5,1.0,0.5773502691896257,3,9.5,9.666666666666666,9.5,9.5,10.0,0.5,0.28867513459481287,3,46.5,46.5,46.5,46.5,46.5,0.0,0.0,2,44.5,44.5,44.5,44.5,44.5,0.0,0.0
401762873,2025,regular,6,2025-10-04 19:30:00+00:00,2459,Northern Illinois,193,Miami (OH),3,4.5,4.666666666666667,4.5,4.5,5.0,0.5,0.28867513459481287,3,3.5,2.8333333333333335,3.5,1.5,3.5,2.0,1.1547005383792515,3,38.5,38.5,38.5,37.5,39.5,2.0,1.0,2,39.0,39.0,39.0,38.5,39.5,1.0,0.7071067811865476
401762874,2025,regular,9,2025-10-25 19:30:00+00:00,193,Miami (OH),2711,Western Michigan,3,-2.5,-2.5,-2.5,-2.5,-2.5,0.0,0.0,3,-2.5,-2.6666666666666665,-2.5,-3.5,-2.0,1.5,0.7637626158259734,3,40.5,40.333333333333336,40.5,40.0,40.5,0.5,0.28867513459481287,2,41.5,41.5,41.5,41.5,41.5,0.0,0.0
401762875,2025,regular,14,2025-11-29 17:00:00+00:00,193,Miami (OH),2050,Ball State,3,-16.5,-16.666666666666668,-16.5,-17.0,-16.5,0.5,0.28867513459481287,3,-17.5,-17.5,-17.5,-17.5,-17.5,0.0,0.0,3,40.5,40.5,40.5,40.5,40.5,0.0,0.0,2,42.0,42.0,42.0,41.5,42.5,1.0,0.7071067811865476
401766898,2025,regular,1,2025-08-29 23:00:00+00:00,2229,Florida International,2065,Bethune-Cookman,1,-26.5,-26.5,-26.5,-26.5,-26.5,0.0,0.0,1,-31.0,-31.0,-31.0,-31.0,-31.0,0.0,0.0,1,54.5,54.5,54.5,54.5,54.5,0.0,0.0,1,54.5,54.5,54.5,54.5,54.5,0.0,0.0
401767031,2025,regular,4,2025-09-20 22:00:00+00:00,2097,Campbell,2803,Bryant,1,1.5,1.5,1.5,1.5,1.5,0.0,0.0,0,,,,,,,,1,51.5,51.5,51.5,51.5,51.5,0.0,0.0,0,,,,,,,
401767032,2025,regular,5,2025-09-27 17:00:00+00:00,2803,Bryant,119,Towson,1,9.5,9.5,9.5,9.5,9.5,0.0,0.0,0,,,,,,,,1,54.5,54.5,54.5,54.5,54.5,0.0,0.0,0,,,,,,,
401767033,2025,regular,6,2025-10-04 18:00:00+00:00,2803,Bryant,311,Maine,1,-2.5,-2.5,-2.5,-2.5,-2.5,0.0,0.0,0,,,,,,,,1,49.5,49.5,49.5,49.5,49.5,0.0,0.0,0,,,,,,,
401767034,2025,regular,7,2025-10-10 23:00:00+00:00,2803,Bryant,225,Brown,1,4.5,4.5,4.5,4.5,4.5,0.0,0.0,0,,,,,,,,1,54.5,54.5,54.5,54.5,54.5,0.0,0.0,0,,,,,,,
401767035,2025,regular,9,2025-10-25 17:00:00+00:00,227,Rhode Island,2803,Bryant,1,-18.5,-18.5,-18.5,-18.5,-18.5,0.0,0.0,0,,,,,,,,0,,,,,,,,0,,,,,,,
401767059,2025,regular,1,2025-08-30 23:00:00+00:00,2916,Incarnate Word,331,Eastern Washington,1,-10.0,-10.0,-10.0,-10.0,-10.0,0.0,0.0,0,,,,,,,,1,57.5,57.5,57.5,57.5,57.5,0.0,0.0,0,,,,,,,
401767060,2025,regular,3,2025-09-13 21:00:00+00:00,2460,Northern Iowa,331,Eastern Washington,1,-4.5,-4.5,-4.5,-4.5,-4.5,0.0,0.0,0,,,,,,,,1,54.5,54.5,54.5,54.5,54.5,0.0,0.0,0,,,,,,,
401767061,2025,regular,4,2025-09-20 23:00:00+00:00,331,Eastern Washington,2710,Western Illinois,1,-13.0,-13.0,-13.0,-13.0,-13.0,0.0,0.0,0,,,,,,,,1,58.5,58.5,58.5,58.5,58.5,0.0,0.0,0,,,,,,,
401767062,2025,regular,5,2025-09-27 20:00:00+00:00,147,Montana State,331,Eastern Washington,1,-21.0,-21.0,-21.0,-21.0,-21.0,0.0,0.0,0,,,,,,,,1,57.5,57.5,57.5,57.5,57.5,0.0,0.0,0,,,,,,,
401767063,2025,regular,6,2025-10-04 23:00:00+00:00,331,Eastern Washington,2502,Portland State,1,-11.0,-11.0,-11.0,-11.0,-11.0,0.0,0.0,0,,,,,,,,1,59.5,59.5,59.5,59.5,59.5,0.0,0.0,0,,,,,,,
401767065,2025,regular,9,2025-10-25 19:00:00+00:00,2692,Weber State,331,Eastern Washington,1,1.5,1.5,1.5,1.5,1.5,0.0,0.0,0,,,,,,,,1,57.5,57.5,57.5,57.5,57.5,0.0,0.0,0,,,,,,,
401767066,2025,regular,10,2025-11-01 20:00:00+00:00,331,Eastern Washington,16,Sacramento State,1,8.5,8.5,8.5,8.5,8.5,0.0,0.0,0,,,,,,,,1,59.5,59.5,59.5,59.5,59.5,0.0,0.0,0,,,,,,,
401767067,2025,regular,12,2025-11-15 21:00:00+00:00,331,Eastern Washington,2458,Northern Colorado,1,-3.5,-3.5,-3.5,-3.5,-3.5,0.0,0.0,0,,,,,,,,1,54.5,54.5,54.5,54.5,54.5,0.0,0.0,0,,,,,,,
401767068,2025,regular,13,2025-11-22 22:00:00+00:00,13,Cal Poly,331,Eastern Washington,1,-2.5,-2.5,-2.5,-2.5,-2.5,0.0,0.0,0,,,,,,,,1,56.5,56.5,56.5,56.5,56.5,0.0,0.0,0,,,,,,,
401767069,2025,regular,11,2025-11-08 20:00:00+00:00,149,Montana,331,Eastern Washington,1,-27.0,-27.0,-27.0,-27.0,-27.0,0.0,0.0,0,,,,,,,,1,62.5,62.5,62.5,62.5,62.5,0.0,0.0,0,,,,,,,
401767070,2025,regular,1,2025-08-31 00:00:00+00:00,301,San Diego,13,Cal Poly,1,-1.5,-1.5,-1.5,-1.5,-1.5,0.0,0.0,0,,,,,,,,1,49.5,49.5,49.5,49.5,49.5,0.0,0.0,0,,,,,,,
401767072,2025,regular,4,2025-09-21 00:00:00+00:00,2617,Stephen F. Austin,13,Cal Poly,1,-10.5,-10.5,-10.5,-10.5,-10.5,0.0,0.0,0,,,,,,,,1,54.5,54.5,54.5,54.5,54.5,0.0,0.0,0,,,,,,,
401767073,2025,regular,5,2025-09-28 01:00:00+00:00,16,Sacramento State,13,Cal Poly,1,-18.0,-18.0,-18.0,-18.0,-18.0,0.0,0.0,0,,,,,,,,1,57.5,57.5,57.5,57.5,57.5,0.0,0.0,0,,,,,,,
401767075,2025,regular,9,2025-10-26 00:00:00+00:00,13,Cal Poly,147,Montana State,1,21.5,21.5,21.5,21.5,21.5,0.0,0.0,0,,,,,,,,1,55.5,55.5,55.5,55.5,55.5,0.0,0.0,0,,,,,,,
401767076,2025,regular,10,2025-11-01 21:00:00+00:00,13,Cal Poly,2502,Portland State,1,-18.0,-18.0,-18.0,-18.0,-18.0,0.0,0.0,0,,,,,,,,1,54.5,54.5,54.5,54.5,54.5,0.0,0.0,0,,,,,,,
401767077,2025,regular,11,2025-11-08 23:00:00+00:00,304,Idaho State,13,Cal Poly,1,-7.5,-7.5,-7.5,-7.5,-7.5,0.0,0.0,0,,,,,,,,1,62.5,62.5,62.5,62.5,62.5,0.0,0.0,0,,,,,,,
401767078,2025,regular,12,2025-11-15 21:00:00+00:00,2464,Northern Arizona,13,Cal Poly,1,-11.5,-11.5,-11.5,-11.5,-11.5,0.0,0.0,0,,,,,,,,1,57.5,57.5,57.5,57.5,57.5,0.0,0.0,0,,,,,,,
401767079,2025,regular,7,2025-10-11 20:00:00+00:00,149,Montana,13,Cal Poly,1,-17.5,-17.5,-17.5,-17.5,-17.5,0.0,0.0,0,,,,,,,,1,63.5,63.5,63.5,63.5,63.5,0.0,0.0,0,,,,,,,
401767080,2025,regular,1,2025-08-31 00:30:00+00:00,253,Southern Utah,304,Idaho State,2,-4.5,-4.5,-4.5,-4.5,-4.5,0.0,0.0,1,-4.5,-4.5,-4.5,-4.5,-4.5,0.0,0.0,2,63.0,63.0,63.0,62.5,63.5,1.0,0.7071067811865476,1,63.5,63.5,63.5,63.5,63.5,0.0,0.0
401767082,2025,regular,5,2025-09-27 19:00:00+00:00,2458,Northern Colorado,304,Idaho State,1,3.5,3.5,3.5,3.5,3.5,0.0,0.0,0,,,,,,,,1,54.5,54.5,54.5,54.5,54.5,0.0,0.0,0,,,,,,,
401767083,2025,regular,6,2025-10-05 00:00:00+00:00,304,Idaho State,149,Montana,1,13.5,13.5,13.5,13.5,13.5,0.0,0.0,0,,,,,,,,1,62.5,62.5,62.5,62.5,62.5,0.0,0.0,0,,,,,,,
401767084,2025,regular,7,2025-10-11 19:00:00+00:00,147,Montana State,304,Idaho State,1,-22.5,-22.5,-22.5,-22.5,-22.5,0.0,0.0,0,,,,,,,,1,58.5,58.5,58.5,58.5,58.5,0.0,0.0,0,,,,,,,
401767085,2025,regular,9,2025-10-25 22:00:00+00:00,304,Idaho State,2464,Northern Arizona,1,3.0,3.0,3.0,3.0,3.0,0.0,0.0,0,,,,,,,,1,62.5,62.5,62.5,62.5,62.5,0.0,0.0,0,,,,,,,
401767086,2025,regular,10,2025-11-01 20:00:00+00:00,302,UC Davis,304,Idaho State,1,-11.5,-11.5,-11.5,-11.5,-11.5,0.0,0.0,0,,,,,,,,1,64.5,64.5,64.5,64.5,64.5,0.0,0.0,0,,,,,,,
401767087,2025,regular,12,2025-11-15 23:00:00+00:00,304,Idaho State,2692,Weber State,1,-13.5,-13.5,-13.5,-13.5,-13.5,0.0,0.0,0,,,,,,,,1,59.5,59.5,59.5,59.5,59.5,0.0,0.0,0,,,,,,,
401767088,2025,regular,13,2025-11-22 21:00:00+00:00,70,Idaho,304,Idaho State,1,-2.5,-2.5,-2.5,-2.5,-2.5,0.0,0.0,0,,,,,,,,1,59.5,59.5,59.5,59.5,59.5,0.0,0.0,0,,,,,,,
401767089,2025,regular,2,2025-09-06 20:00:00+00:00,70,Idaho,2900,St. Thomas (MN),1,-21.5,-21.5,-21.5,-21.5,-21.5,0.0,0.0,0,,,,,,,,1,47.5,47.5,47.5,47.5,47.5,0.0,0.0,0,,,,,,,
401767090,2025,regular,3,2025-09-13 20:00:00+00:00,70,Idaho,3101,Utah Tech,1,-16.5,-16.5,-16.5,-16.5,-16.5,0.0,0.0,0,,,,,,,,1,52.5,52.5,52.5,52.5,52.5,0.0,0.0,0,,,,,,,
401767091,2025,regular,5,2025-09-28 02:15:00+00:00,149,Montana,70,Idaho,1,-7.5,-7.5,-7.5,-7.5,-7.5,0.0,0.0,0,,,,,,,,1,55.5,55.5,55.5,55.5,55.5,0.0,0.0,0,,,,,,,
401767092,2025,regular,8,2025-10-18 23:00:00+00:00,331,Eastern Washington,70,Idaho,1,7.5,7.5,7.5,7.5,7.5,0.0,0.0,0,,,,,,,,1,59.5,59.5,59.5,59.5,59.5,0.0,0.0,0,,,,,,,
401767093,2025,regular,9,2025-10-25 20:00:00+00:00,70,Idaho,2502,Portland State,1,-21.5,-21.5,-21.5,-21.5,-21.5,0.0,0.0,0,,,,,,,,1,55.5,55.5,55.5,55.5,55.5,0.0,0.0,0,,,,,,,
401767094,2025,regular,10,2025-11-01 02:30:00+00:00,2464,Northern Arizona,70,Idaho,1,-5.5,-5.5,-5.5,-5.5,-5.5,0.0,0.0,0,,,,,,,,1,52.5,52.5,52.5,52.5,52.5,0.0,0.0,0,,,,,,,
401767095,2025,regular,11,2025-11-09 00:00:00+00:00,70,Idaho,302,UC Davis,1,2.5,2.5,2.5,2.5,2.5,0.0,0.0,0,,,,,,,,1,59.5,59.5,59.5,59.5,59.5,0.0,0.0,0,,,,,,,
401767096,2025,regular,12,2025-11-16 02:00:00+00:00,16,Sacramento State,70,Idaho,1,-7.0,-7.0,-7.0,-7.0,-7.0,0.0,0.0,0,,,,,,,,1,59.5,59.5,59.5,59.5,59.5,0.0,0.0,0,,,,,,,
401767098,2025,regular,3,2025-09-13 19:00:00+00:00,149,Montana,155,North Dakota,1,-1.5,-1.5,-1.5,-1.5,-1.5,0.0,0.0,0,,,,,,,,1,54.5,54.5,54.5,54.5,54.5,0.0,0.0,0,,,,,,,
401767099,2025,regular,4,2025-09-20 19:00:00+00:00,149,Montana,282,Indiana State,1,-21.0,-21.0,-21.0,-21.0,-21.0,0.0,0.0,0,,,,,,,,1,56.5,56.5,56.5,56.5,56.5,0.0,0.0,0,,,,,,,
401767100,2025,regular,8,2025-10-18 19:00:00+00:00,149,Montana,2529,Sacred Heart,1,-26.5,-26.5,-26.5,-26.5,-26.5,0.0,0.0,0,,,,,,,,1,57.5,57.5,57.5,57.5,57.5,0.0,0.0,0,,,,,,,
401767101,2025,regular,9,2025-10-25 02:30:00+00:00,16,Sacramento State,149,Montana,1,6.0,6.0,6.0,6.0,6.0,0.0,0.0,0,,,,,,,,1,61.5,61.5,61.5,61.5,61.5,0.0,0.0,0,,,,,,,
401767102,2025,regular,10,2025-11-01 19:00:00+00:00,2692,Weber State,149,Montana,1,19.5,19.5,19.5,19.5,19.5,0.0,0.0,0,,,,,,,,1,61.5,61.5,61.5,61.5,61.5,0.0,0.0,0,,,,,,,
401767103,2025,regular,12,2025-11-15 22:00:00+00:00,2502,Portland State,149,Montana,1,30.5,30.5,30.5,30.5,30.5,0.0,0.0,0,,,,,,,,1,60.5,60.5,60.5,60.5,60.5,0.0,0.0,0,,,,,,,
401767104,2025,regular,13,2025-11-22 19:00:00+00:00,149,Montana,147,Montana State,1,4.5,4.5,4.5,4.5,4.5,0.0,0.0,0,,,,,,,,1,59.5,59.5,59.5,59.5,59.5,0.0,0.0,0,,,,,,,
401767105,2025,regular,2,2025-09-07 00:00:00+00:00,147,Montana State,2571,South Dakota State,1,3.0,3.0,3.0,3.0,3.0,0.0,0.0,0,,,,,,,,1,50.5,50.5,50.5,50.5,50.5,0.0,0.0,0,,,,,,,
401767106,2025,regular,3,2025-09-13 19:00:00+00:00,147,Montana State,301,San Diego,1,-31.0,-31.0,-31.0,-31.0,-31.0,0.0,0.0,0,,,,,,,,1,52.5,52.5,52.5,52.5,52.5,0.0,0.0,0,,,,,,,
401767107,2025,regular,4,2025-09-20 19:00:00+00:00,147,Montana State,2385,Mercyhurst,1,-29.5,-29.5,-29.5,-29.5,-29.5,0.0,0.0,0,,,,,,,,1,60.5,60.5,60.5,60.5,60.5,0.0,0.0,0,,,,,,,
401767108,2025,regular,6,2025-10-04 21:00:00+00:00,2464,Northern Arizona,147,Montana State,1,7.5,7.5,7.5,7.5,7.5,0.0,0.0,0,,,,,,,,1,59.5,59.5,59.5,59.5,59.5,0.0,0.0,0,,,,,,,
401767109,2025,regular,10,2025-11-01 18:00:00+00:00,2458,Northern Colorado,147,Montana State,1,23.5,23.5,23.5,23.5,23.5,0.0,0.0,0,,,,,,,,1,52.5,52.5,52.5,52.5,52.5,0.0,0.0,0,,,,,,,
401767110,2025,regular,11,2025-11-08 20:00:00+00:00,147,Montana State,2692,Weber State,1,-28.5,-28.5,-28.5,-28.5,-28.5,0.0,0.0,0,,,,,,,,1,57.5,57.5,57.5,57.5,57.5,0.0,0.0,0,,,,,,,
401767111,2025,regular,12,2025-11-16 03:30:00+00:00,147,Montana State,302,UC Davis,1,-19.0,-19.0,-19.0,-19.0,-19.0,0.0,0.0,0,,,,,,,,1,61.5,61.5,61.5,61.5,61.5,0.0,0.0,0,,,,,,,
401767112,2025,regular,2,2025-09-06 21:00:00+00:00,2464,Northern Arizona,3101,Utah Tech,1,-21.0,-21.0,-21.0,-21.0,-21.0,0.0,0.0,0,,,,,,,,1,55.5,55.5,55.5,55.5,55.5,0.0,0.0,0,,,,,,,
401767113,2025,regular,3,2025-09-14 00:30:00+00:00,253,Southern Utah,2464,Northern Arizona,1,3.5,3.5,3.5,3.5,3.5,0.0,0.0,0,,,,,,,,1,55.5,55.5,55.5,55.5,55.5,0.0,0.0,0,,,,,,,
401767114,2025,regular,4,2025-09-20 21:00:00+00:00,2464,Northern Arizona,2916,Incarnate Word,1,-5.5,-5.5,-5.5,-5.5,-5.5,0.0,0.0,0,,,,,,,,1,54.5,54.5,54.5,54.5,54.5,0.0,0.0,0,,,,,,,
401767115,2025,regular,5,2025-09-27 21:00:00+00:00,2502,Portland State,2464,Northern Arizona,1,21.0,21.0,21.0,21.0,21.0,0.0,0.0,0,,,,,,,,1,54.5,54.5,54.5,54.5,54.5,0.0,0.0,0,,,,,,,
401767116,2025,regular,7,2025-10-11 23:00:00+00:00,302,UC Davis,2464,Northern Arizona,1,-7.0,-7.0,-7.0,-7.0,-7.0,0.0,0.0,0,,,,,,,,1,62.5,62.5,62.5,62.5,62.5,0.0,0.0,0,,,,,,,
401767117,2025,regular,11,2025-11-08 23:00:00+00:00,2464,Northern Arizona,2458,Northern Colorado,1,-12.5,-12.5,-12.5,-12.5,-12.5,0.0,0.0,0,,,,,,,,1,56.5,56.5,56.5,56.5,56.5,0.0,0.0,0,,,,,,,
401767118,2025,regular,13,2025-11-22 20:00:00+00:00,2692,Weber State,2464,Northern Arizona,1,14.0,14.0,14.0,14.0,14.0,0.0,0.0,0,,,,,,,,1,58.5,58.5,58.5,58.5,58.5,0.0,0.0,0,,,,,,,
401767120,2025,regular,3,2025-09-13 18:00:00+00:00,233,South Dakota,2458,Northern Colorado,1,-21.5,-21.5,-21.5,-21.5,-21.5,0.0,0.0,0,,,,,,,,1,50.5,50.5,50.5,50.5,50.5,0.0,0.0,0,,,,,,,
401767121,2025,regular,4,2025-09-20 23:00:00+00:00,2277,Houston Christian,2458,Northern Colorado,1,-1.5,-1.5,-1.5,-1.5,-1.5,0.0,0.0,0,,,,,,,,1,47.5,47.5,47.5,47.5,47.5,0.0,0.0,0,,,,,,,
401767122,2025,regular,7,2025-10-11 21:00:00+00:00,70,Idaho,2458,Northern Colorado,1,-18.5,-18.5,-18.5,-18.5,-18.5,0.0,0.0,0,,,,,,,,1,47.5,47.5,47.5,47.5,47.5,0.0,0.0,0,,,,,,,
401767123,2025,regular,8,2025-10-19 01:00:00+00:00,16,Sacramento State,2458,Northern Colorado,1,-15.0,-15.0,-15.0,-15.0,-15.0,0.0,0.0,0,,,,,,,,1,54.5,54.5,54.5,54.5,54.5,0.0,0.0,0,,,,,,,
401767124,2025,regular,9,2025-10-25 19:00:00+00:00,2458,Northern Colorado,302,UC Davis,1,8.5,8.5,8.5,8.5,8.5,0.0,0.0,0,,,,,,,,1,57.5,57.5,57.5,57.5,57.5,0.0,0.0,0,,,,,,,
401767125,2025,regular,13,2025-11-22 19:00:00+00:00,2458,Northern Colorado,2502,Portland State,1,-10.5,-10.5,-10.5,-10.5,-10.5,0.0,0.0,0,,,,,,,,1,56.5,56.5,56.5,56.5,56.5,0.0,0.0,0,,,,,,,
401767126,2025,regular,1,2025-08-23 20:30:00+00:00,2502,Portland State,2627,Tarleton State,2,17.0,17.0,17.0,16.5,17.5,1.0,0.7071067811865476,1,17.5,17.5,17.5,17.5,17.5,0.0,0.0,2,58.0,58.0,58.0,55.5,60.5,5.0,3.5355339059327378,1,60.5,60.5,60.5,60.5,60.5,0.0,0.0
401767127,2025,regular,2,2025-09-06 23:00:00+00:00,155,North Dakota,2502,Portland State,1,-36.5,-36.5,-36.5,-36.5,-36.5,0.0,0.0,0,,,,,,,,1,58.5,58.5,58.5,58.5,58.5,0.0,0.0,0,,,,,,,
401767128,2025,regular,8,2025-10-18 21:00:00+00:00,2502,Portland State,2692,Weber State,1,6.0,6.0,6.0,6.0,6.0,0.0,0.0,0,,,,,,,,1,53.5,53.5,53.5,53.5,53.5,0.0,0.0,0,,,,,,,
401767129,2025,regular,11,2025-11-08 22:00:00+00:00,2502,Portland State,16,Sacramento State,1,20.5,20.5,20.5,20.5,20.5,0.0,0.0,0,,,,,,,,1,59.5,59.5,59.5,59.5,59.5,0.0,0.0,0,,,,,,,
401767130,2025,regular,1,2025-08-30 23:00:00+00:00,2571,South Dakota State,16,Sacramento State,1,-11.5,-11.5,-11.5,-11.5,-11.5,0.0,0.0,0,,,,,,,,1,57.5,57.5,57.5,57.5,57.5,0.0,0.0,0,,,,,,,
401767131,2025,regular,3,2025-09-14 01:00:00+00:00,16,Sacramento State,2385,Mercyhurst,1,-21.5,-21.5,-21.5,-21.5,-21.5,0.0,0.0,0,,,,,,,,1,57.5,57.5,57.5,57.5,57.5,0.0,0.0,0,,,,,,,
401767132,2025,regular,4,2025-09-21 01:00:00+00:00,16,Sacramento State,2110,Central Arkansas,1,-15.5,-15.5,-15.5,-15.5,-15.5,0.0,0.0,0,,,,,,,,1,59.5,59.5,59.5,59.5,59.5,0.0,0.0,0,,,,,,,
401767133,2025,regular,7,2025-10-12 00:00:00+00:00,2692,Weber State,16,Sacramento State,1,8.5,8.5,8.5,8.5,8.5,0.0,0.0,0,,,,,,,,1,55.5,55.5,55.5,55.5,55.5,0.0,0.0,0,,,,,,,
401767134,2025,regular,13,2025-11-22 21:00:00+00:00,302,UC Davis,16,Sacramento State,1,-5.0,-5.0,-5.0,-5.0,-5.0,0.0,0.0,0,,,,,,,,1,63.5,63.5,63.5,63.5,63.5,0.0,0.0,0,,,,,,,
401767136,2025,regular,10,2025-11-01 17:00:00+00:00,2803,Bryant,2405,Monmouth,1,14.0,14.0,14.0,14.0,14.0,0.0,0.0,0,,,,,,,,1,59.5,59.5,59.5,59.5,59.5,0.0,0.0,0,,,,,,,
401767137,2025,regular,11,2025-11-08 18:00:00+00:00,399,UAlbany,2803,Bryant,1,3.5,3.5,3.5,3.5,3.5,0.0,0.0,0,,,,,,,,1,44.5,44.5,44.5,44.5,44.5,0.0,0.0,0,,,,,,,
401767138,2025,regular,12,2025-11-15 17:00:00+00:00,2803,Bryant,160,New Hampshire,1,11.0,11.0,11.0,11.0,11.0,0.0,0.0,0,,,,,,,,1,46.5,46.5,46.5,46.5,46.5,0.0,0.0,0,,,,,,,
401767139,2025,regular,13,2025-11-22 17:00:00+00:00,2619,Stony Brook,2803,Bryant,1,-18.5,-18.5,-18.5,-18.5,-18.5,0.0,0.0,0,,,,,,,,1,52.5,52.5,52.5,52.5,52.5,0.0,0.0,0,,,,,,,
401767140,2025,regular,1,2025-08-29 22:00:00+00:00,227,Rhode Island,2097,Campbell,1,-11.5,-11.5,-11.5,-11.5,-11.5,0.0,0.0,0,,,,,,,,1,56.5,56.5,56.5,56.5,56.5,0.0,0.0,0,,,,,,,
401767141,2025,regular,3,2025-09-13 19:30:00+00:00,2097,Campbell,231,Furman,1,1.5,1.5,1.5,1.5,1.5,0.0,0.0,0,,,,,,,,1,53.5,53.5,53.5,53.5,53.5,0.0,0.0,0,,,,,,,
401767142,2025,regular,5,2025-09-27 19:30:00+00:00,2097,Campbell,2717,Western Carolina,1,6.5,6.5,6.5,6.5,6.5,0.0,0.0,0,,,,,,,,1,68.5,68.5,68.5,68.5,68.5,0.0,0.0,0,,,,,,,
401767143,2025,regular,7,2025-10-11 18:00:00+00:00,2261,Hampton,2097,Campbell,1,3.5,3.5,3.5,3.5,3.5,0.0,0.0,0,,,,,,,,1,56.5,56.5,56.5,56.5,56.5,0.0,0.0,0,,,,,,,
401767144,2025,regular,8,2025-10-18 19:30:00+00:00,2097,Campbell,160,New Hampshire,1,2.5,2.5,2.5,2.5,2.5,0.0,0.0,0,,,,,,,,1,52.5,52.5,52.5,52.5,52.5,0.0,0.0,0,,,,,,,
401767145,2025,regular,9,2025-10-25 17:00:00+00:00,2448,North Carolina A&T,2097,Campbell,1,3.0,3.0,3.0,3.0,3.0,0.0,0.0,0,,,,,,,,1,55.5,55.5,55.5,55.5,55.5,0.0,0.0,0,,,,,,,
401767146,2025,regular,11,2025-11-08 19:00:00+00:00,2097,Campbell,2729,William & Mary,1,6.5,6.5,6.5,6.5,6.5,0.0,0.0,0,,,,,,,,1,56.5,56.5,56.5,56.5,56.5,0.0,0.0,0,,,,,,,
401767147,2025,regular,12,2025-11-15 19:00:00+00:00,2097,Campbell,2210,Elon,1,4.0,4.0,4.0,4.0,4.0,0.0,0.0,0,,,,,,,,1,52.5,52.5,52.5,52.5,52.5,0.0,0.0,0,,,,,,,
401767148,2025,regular,13,2025-11-22 18:00:00+00:00,119,Towson,2097,Campbell,1,-8.5,-8.5,-8.5,-8.5,-8.5,0.0,0.0,0,,,,,,,,1,54.5,54.5,54.5,54.5,54.5,0.0,0.0,0,,,,,,,
401767149,2025,regular,2,2025-09-06 22:00:00+00:00,2210,Elon,2166,Davidson,1,-27.5,-27.5,-27.5,-27.5,-27.5,0.0,0.0,0,,,,,,,,1,59.5,59.5,59.5,59.5,59.5,0.0,0.0,0,,,,,,,
401767150,2025,regular,3,2025-09-13 18:30:00+00:00,2717,Western Carolina,2210,Elon,1,2.5,2.5,2.5,2.5,2.5,0.0,0.0,0,,,,,,,,1,59.5,59.5,59.5,59.5,59.5,0.0,0.0,0,,,,,,,
401767151,2025,regular,4,2025-09-20 21:30:00+00:00,2193,East Tennessee State,2210,Elon,1,-2.0,-2.0,-2.0,-2.0,-2.0,0.0,0.0,0,,,,,,,,1,56.5,56.5,56.5,56.5,56.5,0.0,0.0,0,,,,,,,
401767152,2025,regular,5,2025-09-27 18:00:00+00:00,2210,Elon,2261,Hampton,1,-17.5,-17.5,-17.5,-17.5,-17.5,0.0,0.0,0,,,,,,,,1,55.5,55.5,55.5,55.5,55.5,0.0,0.0,0,,,,,,,
401767154,2025,regular,7,2025-10-11 18:00:00+00:00,2210,Elon,222,Villanova,1,6.5,6.5,6.5,6.5,6.5,0.0,0.0,0,,,,,,,,1,50.5,50.5,50.5,50.5,50.5,0.0,0.0,0,,,,,,,
401767155,2025,regular,8,2025-10-18 19:30:00+00:00,2729,William & Mary,2210,Elon,1,1.5,1.5,1.5,1.5,1.5,0.0,0.0,0,,,,,,,,1,53.5,53.5,53.5,53.5,53.5,0.0,0.0,0,,,,,,,
401767156,2025,regular,1,2025-08-31 02:00:00+00:00,3101,Utah Tech,302,UC Davis,1,18.5,18.5,18.5,18.5,18.5,0.0,0.0,0,,,,,,,,1,56.5,56.5,56.5,56.5,56.5,0.0,0.0,0,,,,,,,
401767157,2025,regular,4,2025-09-21 02:00:00+00:00,302,UC Davis,253,Southern Utah,1,-6.5,-6.5,-6.5,-6.5,-6.5,0.0,0.0,0,,,,,,,,1,61.5,61.5,61.5,61.5,61.5,0.0,0.0,0,,,,,,,
401767158,2025,regular,5,2025-09-28 02:00:00+00:00,302,UC Davis,2692,Weber State,1,-16.5,-16.5,-16.5,-16.5,-16.5,0.0,0.0,0,,,,,,,,1,63.5,63.5,63.5,63.5,63.5,0.0,0.0,0,,,,,,,
401767159,2025,regular,3,2025-09-13 23:00:00+00:00,2377,McNeese,2692,Weber State,1,3.0,3.0,3.0,3.0,3.0,0.0,0.0,0,,,,,,,,1,52.5,52.5,52.5,52.5,52.5,0.0,0.0,0,,,,,,,
401767160,2025,regular,4,2025-09-21 01:00:00+00:00,2692,Weber State,2086,Butler,1,-16.0,-16.0,-16.0,-16.0,-16.0,0.0,0.0,0,,,,,,,,1,53.5,53.5,53.5,53.5,53.5,0.0,0.0,0,,,,,,,
401767161,2025,regular,3,2025-09-13 20:00:00+00:00,2127,Charleston Southern,2815,Lindenwood,1,2.5,2.5,2.5,2.5,2.5,0.0,0.0,0,,,,,,,,1,47.5,47.5,47.5,47.5,47.5,0.0,0.0,0,,,,,,,
401767162,2025,regular,4,2025-09-20 20:00:00+00:00,2729,William & Mary,2127,Charleston Southern,1,-11.5,-11.5,-11.5,-11.5,-11.5,0.0,0.0,0,,,,,,,,1,45.5,45.5,45.5,45.5,45.5,0.0,0.0,0,,,,,,,
401767163,2025,regular,5,2025-09-27 22:00:00+00:00,2127,Charleston Southern,2569,South Carolina State,1,10.5,10.5,10.5,10.5,10.5,0.0,0.0,0,,,,,,,,1,51.5,51.5,51.5,51.5,51.5,0.0,0.0,0,,,,,,,
401767164,2025,regular,6,2025-10-04 17:30:00+00:00,2241,Gardner-Webb,2127,Charleston Southern,1,-13.5,-13.5,-13.5,-13.5,-13.5,0.0,0.0,0,,,,,,,,1,51.5,51.5,51.5,51.5,51.5,0.0,0.0,0,,,,,,,
401767165,2025,regular,7,2025-10-11 20:00:00+00:00,2127,Charleston Southern,2635,Tennessee Tech,1,30.5,30.5,30.5,30.5,30.5,0.0,0.0,0,,,,,,,,1,53.5,53.5,53.5,53.5,53.5,0.0,0.0,0,,,,,,,
401767166,2025,regular,8,2025-10-18 20:00:00+00:00,2710,Western Illinois,2127,Charleston Southern,1,2.0,2.0,2.0,2.0,2.0,0.0,0.0,0,,,,,,,,1,55.5,55.5,55.5,55.5,55.5,0.0,0.0,0,,,,,,,
401767167,2025,regular,9,2025-10-25 18:00:00+00:00,2127,Charleston Southern,2197,Eastern Illinois,1,-3.0,-3.0,-3.0,-3.0,-3.0,0.0,0.0,0,,,,,,,,1,46.5,46.5,46.5,46.5,46.5,0.0,0.0,0,,,,,,,
401767168,2025,regular,10,2025-11-01 18:00:00+00:00,2546,Southeast Missouri State,2127,Charleston Southern,1,-10.5,-10.5,-10.5,-10.5,-10.5,0.0,0.0,0,,,,,,,,1,50.5,50.5,50.5,50.5,50.5,0.0,0.0,0,,,,,,,
401767169,2025,regular,12,2025-11-15 19:00:00+00:00,2630,UT Martin,2127,Charleston Southern,1,-10.0,-10.0,-10.0,-10.0,-10.0,0.0,0.0,0,,,,,,,,1,45.5,45.5,45.5,45.5,45.5,0.0,0.0,0,,,,,,,
401767170,2025,regular,13,2025-11-22 19:00:00+00:00,2127,Charleston Southern,2634,Tennessee State,1,-12.5,-12.5,-12.5,-12.5,-12.5,0.0,0.0,0,,,,,,,,1,43.5,43.5,43.5,43.5,43.5,0.0,0.0,0,,,,,,,
401767171,2025,regular,1,2025-08-28 23:00:00+00:00,2197,Eastern Illinois,2168,Dayton,1,-9.5,-9.5,-9.5,-9.5,-9.5,0.0,0.0,0,,,,,,,,1,47.5,47.5,47.5,47.5,47.5,0.0,0.0,0,,,,,,,
401767172,2025,regular,2,2025-09-06 17:00:00+00:00,282,Indiana State,2197,Eastern Illinois,1,-3.5,-3.5,-3.5,-3.5,-3.5,0.0,0.0,0,,,,,,,,1,50.5,50.5,50.5,50.5,50.5,0.0,0.0,0,,,,,,,
401767173,2025,regular,3,2025-09-13 19:00:00+00:00,2197,Eastern Illinois,2287,Illinois State,1,20.5,20.5,20.5,20.5,20.5,0.0,0.0,0,,,,,,,,1,50.5,50.5,50.5,50.5,50.5,0.0,0.0,0,,,,,,,
401767174,2025,regular,5,2025-09-27 20:00:00+00:00,2710,Western Illinois,2197,Eastern Illinois,1,-2.5,-2.5,-2.5,-2.5,-2.5,0.0,0.0,0,,,,,,,,1,62.5,62.5,62.5,62.5,62.5,0.0,0.0,0,,,,,,,
401767175,2025,regular,6,2025-10-04 19:00:00+00:00,2197,Eastern Illinois,2634,Tennessee State,1,-5.0,-5.0,-5.0,-5.0,-5.0,0.0,0.0,0,,,,,,,,1,50.5,50.5,50.5,50.5,50.5,0.0,0.0,0,,,,,,,
401767176,2025,regular,9,2025-10-25 17:00:00+00:00,311,Maine,2210,Elon,1,4.5,4.5,4.5,4.5,4.5,0.0,0.0,0,,,,,,,,1,49.5,49.5,49.5,49.5,49.5,0.0,0.0,0,,,,,,,
401767177,2025,regular,11,2025-11-08 19:00:00+00:00,2210,Elon,227,Rhode Island,1,4.5,4.5,4.5,4.5,4.5,0.0,0.0,0,,,,,,,,1,49.5,49.5,49.5,49.5,49.5,0.0,0.0,0,,,,,,,
401767178,2025,regular,13,2025-11-22 19:00:00+00:00,2210,Elon,2448,North Carolina A&T,1,-21.0,-21.0,-21.0,-21.0,-21.0,0.0,0.0,0,,,,,,,,1,54.5,54.5,54.5,54.5,54.5,0.0,0.0,0,,,,,,,
401767179,2025,regular,1,2025-08-30 19:00:00+00:00,2296,Jackson State,2261,Hampton,1,-18.5,-18.5,-18.5,-18.5,-18.5,0.0,0.0,0,,,,,,,,1,58.5,58.5,58.5,58.5,58.5,0.0,0.0,0,,,,,,,
401767181,2025,regular,3,2025-09-13 23:00:00+00:00,2448,North Carolina A&T,2261,Hampton,1,3.0,3.0,3.0,3.0,3.0,0.0,0.0,0,,,,,,,,1,48.5,48.5,48.5,48.5,48.5,0.0,0.0,0,,,,,,,
401767182,2025,regular,4,2025-09-20 20:00:00+00:00,47,Howard,2261,Hampton,1,3.0,3.0,3.0,3.0,3.0,0.0,0.0,0,,,,,,,,1,46.5,46.5,46.5,46.5,46.5,0.0,0.0,0,,,,,,,
401767183,2025,regular,6,2025-10-04 20:00:00+00:00,2261,Hampton,2450,Norfolk State,1,-4.5,-4.5,-4.5,-4.5,-4.5,0.0,0.0,0,,,,,,,,1,54.5,54.5,54.5,54.5,54.5,0.0,0.0,0,,,,,,,
401767184,2025,regular,8,2025-10-18 17:00:00+00:00,222,Villanova,2261,Hampton,1,-24.5,-24.5,-24.5,-24.5,-24.5,0.0,0.0,0,,,,,,,,1,55.5,55.5,55.5,55.5,55.5,0.0,0.0,0,,,,,,,
401767185,2025,regular,9,2025-10-25 18:00:00+00:00,2261,Hampton,2405,Monmouth,1,25.0,25.0,25.0,25.0,25.0,0.0,0.0,0,,,,,,,,1,68.5,68.5,68.5,68.5,68.5,0.0,0.0,0,,,,,,,
401767186,2025,regular,11,2025-11-08 18:00:00+00:00,2261,Hampton,311,Maine,1,14.5,14.5,14.5,14.5,14.5,0.0,0.0,0,,,,,,,,1,50.5,50.5,50.5,50.5,50.5,0.0,0.0,0,,,,,,,
401767187,2025,regular,12,2025-11-15 18:00:00+00:00,2261,Hampton,2729,William & Mary,1,18.5,18.5,18.5,18.5,18.5,0.0,0.0,0,,,,,,,,1,53.5,53.5,53.5,53.5,53.5,0.0,0.0,0,,,,,,,
401767188,2025,regular,13,2025-11-22 18:00:00+00:00,227,Rhode Island,2261,Hampton,1,-31.5,-31.5,-31.5,-31.5,-31.5,0.0,0.0,0,,,,,,,,1,52.5,52.5,52.5,52.5,52.5,0.0,0.0,0,,,,,,,
401767189,2025,regular,2,2025-09-06 22:00:00+00:00,2729,William & Mary,311,Maine,1,-7.0,-7.0,-7.0,-7.0,-7.0,0.0,0.0,0,,,,,,,,1,48.5,48.5,48.5,48.5,48.5,0.0,0.0,0,,,,,,,
401767190,2025,regular,3,2025-09-13 22:00:00+00:00,311,Maine,284,Stonehill,1,-21.0,-21.0,-21.0,-21.0,-21.0,0.0,0.0,0,,,,,,,,1,51.5,51.5,51.5,51.5,51.5,0.0,0.0,0,,,,,,,
401767191,2025,regular,5,2025-09-27 19:30:00+00:00,311,Maine,2448,North Carolina A&T,1,-13.5,-13.5,-13.5,-13.5,-13.5,0.0,0.0,0,,,,,,,,1,48.5,48.5,48.5,48.5,48.5,0.0,0.0,0,,,,,,,
401767192,2025,regular,7,2025-10-11 17:00:00+00:00,2771,Merrimack,311,Maine,1,2.5,2.5,2.5,2.5,2.5,0.0,0.0,0,,,,,,,,1,45.5,45.5,45.5,45.5,45.5,0.0,0.0,0,,,,,,,
401767193,2025,regular,10,2025-11-01 17:00:00+00:00,311,Maine,2619,Stony Brook,1,-1.0,-1.0,-1.0,-1.0,-1.0,0.0,0.0,0,,,,,,,,1,46.5,46.5,46.5,46.5,46.5,0.0,0.0,0,,,,,,,
401767194,2025,regular,12,2025-11-15 18:00:00+00:00,311,Maine,227,Rhode Island,1,4.0,4.0,4.0,4.0,4.0,0.0,0.0,0,,,,,,,,1,49.5,49.5,49.5,49.5,49.5,0.0,0.0,0,,,,,,,
401767195,2025,regular,13,2025-11-22 18:00:00+00:00,160,New Hampshire,311,Maine,1,-7.5,-7.5,-7.5,-7.5,-7.5,0.0,0.0,0,,,,,,,,1,47.5,47.5,47.5,47.5,47.5,0.0,0.0,0,,,,,,,
401767196,2025,regular,7,2025-10-11 19:00:00+00:00,2197,Eastern Illinois,2241,Gardner-Webb,1,4.5,4.5,4.5,4.5,4.5,0.0,0.0,0,,,,,,,,1,58.5,58.5,58.5,58.5,58.5,0.0,0.0,0,,,,,,,
401767197,2025,regular,8,2025-10-18 17:00:00+00:00,2546,Southeast Missouri State,2197,Eastern Illinois,1,-7.5,-7.5,-7.5,-7.5,-7.5,0.0,0.0,0,,,,,,,,1,52.5,52.5,52.5,52.5,52.5,0.0,0.0,0,,,,,,,
401767198,2025,regular,10,2025-11-01 19:00:00+00:00,2197,Eastern Illinois,2630,UT Martin,1,4.5,4.5,4.5,4.5,4.5,0.0,0.0,0,,,,,,,,1,50.5,50.5,50.5,50.5,50.5,0.0,0.0,0,,,,,,,
401767199,2025,regular,11,2025-11-08 18:00:00+00:00,2197,Eastern Illinois,2635,Tennessee Tech,1,24.5,24.5,24.5,24.5,24.5,0.0,0.0,0,,,,,,,,1,52.5,52.5,52.5,52.5,52.5,0.0,0.0,0,,,,,,,
401767200,2025,regular,12,2025-11-15 20:00:00+00:00,2815,Lindenwood,2197,Eastern Illinois,1,-5.5,-5.5,-5.5,-5.5,-5.5,0.0,0.0,0,,,,,,,,1,49.5,49.5,49.5,49.5,49.5,0.0,0.0,0,,,,,,,
401767201,2025,regular,1,2025-08-30 22:00:00+00:00,2717,Western Carolina,2241,Gardner-Webb,1,-6.5,-6.5,-6.5,-6.5,-6.5,0.0,0.0,0,,,,,,,,1,57.5,57.5,57.5,57.5,57.5,0.0,0.0,0,,,,,,,
401767202,2025,regular,3,2025-09-13 23:00:00+00:00,2241,Gardner-Webb,2643,The Citadel,1,-3.5,-3.5,-3.5,-3.5,-3.5,0.0,0.0,0,,,,,,,,1,54.5,54.5,54.5,54.5,54.5,0.0,0.0,0,,,,,,,
401767203,2025,regular,8,2025-10-18 17:30:00+00:00,2241,Gardner-Webb,2630,UT Martin,1,-8.0,-8.0,-8.0,-8.0,-8.0,0.0,0.0,0,,,,,,,,1,55.5,55.5,55.5,55.5,55.5,0.0,0.0,0,,,,,,,
401767204,2025,regular,9,2025-10-25 19:00:00+00:00,2815,Lindenwood,2241,Gardner-Webb,1,1.5,1.5,1.5,1.5,1.5,0.0,0.0,0,,,,,,,,1,57.5,57.5,57.5,57.5,57.5,0.0,0.0,0,,,,,,,
401767205,2025,regular,10,2025-11-01 17:00:00+00:00,2635,Tennessee Tech,2241,Gardner-Webb,1,-19.0,-19.0,-19.0,-19.0,-19.0,0.0,0.0,0,,,,,,,,1,62.5,62.5,62.5,62.5,62.5,0.0,0.0,0,,,,,,,
401767206,2025,regular,11,2025-11-08 18:30:00+00:00,2241,Gardner-Webb,2546,Southeast Missouri State,1,-4.5,-4.5,-4.5,-4.5,-4.5,0.0,0.0,0,,,,,,,,1,56.5,56.5,56.5,56.5,56.5,0.0,0.0,0,,,,,,,
401767207,2025,regular,12,2025-11-15 19:30:00+00:00,2634,Tennessee State,2241,Gardner-Webb,1,15.0,15.0,15.0,15.0,15.0,0.0,0.0,0,,,,,,,,1,50.5,50.5,50.5,50.5,50.5,0.0,0.0,0,,,,,,,
401767208,2025,regular,13,2025-11-22 18:30:00+00:00,2241,Gardner-Webb,2710,Western Illinois,1,-13.5,-13.5,-13.5,-13.5,-13.5,0.0,0.0,0,,,,,,,,1,59.5,59.5,59.5,59.5,59.5,0.0,0.0,0,,,,,,,
401767209,2025,regular,1,2025-08-28 23:00:00+00:00,2900,St. Thomas (MN),2815,Lindenwood,1,6.5,6.5,6.5,6.5,6.5,0.0,0.0,0,,,,,,,,1,51.5,51.5,51.5,51.5,51.5,0.0,0.0,0,,,,,,,
401767210,2025,regular,4,2025-09-20 23:00:00+00:00,2815,Lindenwood,2619,Stony Brook,1,3.5,3.5,3.5,3.5,3.5,0.0,0.0,0,,,,,,,,1,58.5,58.5,58.5,58.5,58.5,0.0,0.0,0,,,,,,,
401767211,2025,regular,6,2025-10-04 18:00:00+00:00,2815,Lindenwood,2630,UT Martin,1,1.5,1.5,1.5,1.5,1.5,0.0,0.0,0,,,,,,,,1,52.5,52.5,52.5,52.5,52.5,0.0,0.0,0,,,,,,,
401767212,2025,regular,8,2025-10-18 18:00:00+00:00,2815,Lindenwood,2635,Tennessee Tech,1,16.5,16.5,16.5,16.5,16.5,0.0,0.0,0,,,,,,,,1,54.5,54.5,54.5,54.5,54.5,0.0,0.0,0,,,,,,,
401767213,2025,regular,10,2025-11-01 20:30:00+00:00,2634,Tennessee State,2815,Lindenwood,1,3.5,3.5,3.5,3.5,3.5,0.0,0.0,0,,,,,,,,1,47.5,47.5,47.5,47.5,47.5,0.0,0.0,0,,,,,,,
401767214,2025,regular,11,2025-11-08 19:00:00+00:00,2710,Western Illinois,2815,Lindenwood,1,7.5,7.5,7.5,7.5,7.5,0.0,0.0,0,,,,,,,,1,57.5,57.5,57.5,57.5,57.5,0.0,0.0,0,,,,,,,
401767215,2025,regular,13,2025-11-22 19:00:00+00:00,2546,Southeast Missouri State,2815,Lindenwood,1,1.5,1.5,1.5,1.5,1.5,0.0,0.0,0,,,,,,,,1,52.5,52.5,52.5,52.5,52.5,0.0,0.0,0,,,,,,,
401767216,2025,regular,2,2025-09-06 23:00:00+00:00,2546,Southeast Missouri State,2453,North Alabama,1,-15.5,-15.5,-15.5,-15.5,-15.5,0.0,0.0,0,,,,,,,,1,55.5,55.5,55.5,55.5,55.5,0.0,0.0,0,,,,,,,
401767217,2025,regular,3,2025-09-13 19:30:00+00:00,2449,North Dakota State,2546,Southeast Missouri State,1,-31.5,-31.5,-31.5,-31.5,-31.5,0.0,0.0,0,,,,,,,,1,54.5,54.5,54.5,54.5,54.5,0.0,0.0,0,,,,,,,
401767218,2025,regular,4,2025-09-20 23:00:00+00:00,2546,Southeast Missouri State,79,Southern Illinois,1,5.5,5.5,5.5,5.5,5.5,0.0,0.0,0,,,,,,,,1,54.5,54.5,54.5,54.5,54.5,0.0,0.0,0,,,,,,,
401767219,2025,regular,5,2025-09-27 23:00:00+00:00,2630,UT Martin,2546,Southeast Missouri State,1,3.0,3.0,3.0,3.0,3.0,0.0,0.0,0,,,,,,,,1,56.5,56.5,56.5,56.5,56.5,0.0,0.0,0,,,,,,,
401767220,2025,regular,7,2025-10-11 20:00:00+00:00,2546,Southeast Missouri State,2634,Tennessee State,1,-16.5,-16.5,-16.5,-16.5,-16.5,0.0,0.0,0,,,,,,,,1,50.5,50.5,50.5,50.5,50.5,0.0,0.0,0,,,,,,,
401767221,2025,regular,9,2025-10-25 17:00:00+00:00,2635,Tennessee Tech,2546,Southeast Missouri State,1,-21.5,-21.5,-21.5,-21.5,-21.5,0.0,0.0,0,,,,,,,,1,60.5,60.5,60.5,60.5,60.5,0.0,0.0,0,,,,,,,
401767222,2025,regular,12,2025-11-15 19:00:00+00:00,2710,Western Illinois,2546,Southeast Missouri State,1,8.0,8.0,8.0,8.0,8.0,0.0,0.0,0,,,,,,,,1,57.5,57.5,57.5,57.5,57.5,0.0,0.0,0,,,,,,,
401767223,2025,regular,1,2025-08-30 20:30:00+00:00,2634,Tennessee State,2448,North Carolina A&T,1,-6.5,-6.5,-6.5,-6.5,-6.5,0.0,0.0,0,,,,,,,,1,50.5,50.5,50.5,50.5,50.5,0.0,0.0,0,,,,,,,
401767224,2025,regular,2,2025-09-06 18:30:00+00:00,2634,Tennessee State,2449,North Dakota State,1,32.5,32.5,32.5,32.5,32.5,0.0,0.0,0,,,,,,,,1,49.5,49.5,49.5,49.5,49.5,0.0,0.0,0,,,,,,,
401767225,2025,regular,3,2025-09-13 20:30:00+00:00,2634,Tennessee State,2010,Alabama A&M,1,1.0,1.0,1.0,1.0,1.0,0.0,0.0,0,,,,,,,,1,55.5,55.5,55.5,55.5,55.5,0.0,0.0,0,,,,,,,
401767226,2025,regular,5,2025-09-27 20:30:00+00:00,2634,Tennessee State,2635,Tennessee Tech,1,31.5,31.5,31.5,31.5,31.5,0.0,0.0,0,,,,,,,,1,56.5,56.5,56.5,56.5,56.5,0.0,0.0,0,,,,,,,
401767227,2025,regular,8,2025-10-18 21:30:00+00:00,2634,Tennessee State,47,Howard,1,2.0,2.0,2.0,2.0,2.0,0.0,0.0,0,,,,,,,,1,41.5,41.5,41.5,41.5,41.5,0.0,0.0,0,,,,,,,
401767228,2025,regular,9,2025-10-25 18:30:00+00:00,2634,Tennessee State,2710,Western Illinois,1,-3.0,-3.0,-3.0,-3.0,-3.0,0.0,0.0,0,,,,,,,,1,54.5,54.5,54.5,54.5,54.5,0.0,0.0,0,,,,,,,
401767229,2025,regular,11,2025-11-08 19:00:00+00:00,2630,UT Martin,2634,Tennessee State,1,-14.5,-14.5,-14.5,-14.5,-14.5,0.0,0.0,0,,,,,,,,1,48.5,48.5,48.5,48.5,48.5,0.0,0.0,0,,,,,,,
401767231,2025,regular,2,2025-09-06 17:00:00+00:00,2635,Tennessee Tech,236,Chattanooga,1,-5.5,-5.5,-5.5,-5.5,-5.5,0.0,0.0,0,,,,,,,,1,48.5,48.5,48.5,48.5,48.5,0.0,0.0,0,,,,,,,
401767232,2025,regular,3,2025-09-13 17:00:00+00:00,2635,Tennessee Tech,2166,Davidson,1,-40.5,-40.5,-40.5,-40.5,-40.5,0.0,0.0,0,,,,,,,,1,65.5,65.5,65.5,65.5,65.5,0.0,0.0,0,,,,,,,
401767233,2025,regular,6,2025-10-04 17:00:00+00:00,2635,Tennessee Tech,2710,Western Illinois,1,-35.5,-35.5,-35.5,-35.5,-35.5,0.0,0.0,0,,,,,,,,1,66.5,66.5,66.5,66.5,66.5,0.0,0.0,0,,,,,,,
401767234,2025,regular,13,2025-11-22 18:00:00+00:00,2635,Tennessee Tech,2630,UT Martin,1,-17.5,-17.5,-17.5,-17.5,-17.5,0.0,0.0,0,,,,,,,,1,55.5,55.5,55.5,55.5,55.5,0.0,0.0,0,,,,,,,
401767235,2025,regular,3,2025-09-13 23:00:00+00:00,2630,UT Martin,79,Southern Illinois,1,3.0,3.0,3.0,3.0,3.0,0.0,0.0,0,,,,,,,,1,52.5,52.5,52.5,52.5,52.5,0.0,0.0,0,,,,,,,
401767236,2025,regular,7,2025-10-11 19:00:00+00:00,2630,UT Martin,2710,Western Illinois,1,-14.5,-14.5,-14.5,-14.5,-14.5,0.0,0.0,0,,,,,,,,1,62.5,62.5,62.5,62.5,62.5,0.0,0.0,0,,,,,,,
401767237,2025,regular,3,2025-09-13 23:00:00+00:00,2710,Western Illinois,2674,Valparaiso,1,-17.0,-17.0,-17.0,-17.0,-17.0,0.0,0.0,0,,,,,,,,1,49.5,49.5,49.5,49.5,49.5,0.0,0.0,0,,,,,,,
401767238,2025,regular,2,2025-09-07 00:00:00+00:00,2000,Abilene Christian,2617,Stephen F. Austin,1,2.5,2.5,2.5,2.5,2.5,0.0,0.0,0,,,,,,,,1,51.5,51.5,51.5,51.5,51.5,0.0,0.0,0,,,,,,,
401767239,2025,regular,4,2025-09-21 00:00:00+00:00,2000,Abilene Christian,2046,Austin Peay,1,2.0,2.0,2.0,2.0,2.0,0.0,0.0,0,,,,,,,,1,54.5,54.5,54.5,54.5,54.5,0.0,0.0,0,,,,,,,
401767240,2025,regular,5,2025-09-27 23:00:00+00:00,2916,Incarnate Word,2000,Abilene Christian,1,-2.0,-2.0,-2.0,-2.0,-2.0,0.0,0.0,0,,,,,,,,1,56.5,56.5,56.5,56.5,56.5,0.0,0.0,0,,,,,,,
401767241,2025,regular,6,2025-10-04 19:00:00+00:00,2000,Abilene Christian,2453,North Alabama,1,-11.5,-11.5,-11.5,-11.5,-11.5,0.0,0.0,0,,,,,,,,1,58.5,58.5,58.5,58.5,58.5,0.0,0.0,0,,,,,,,
401767242,2025,regular,7,2025-10-11 18:00:00+00:00,2698,West Georgia,2000,Abilene Christian,1,-1.5,-1.5,-1.5,-1.5,-1.5,0.0,0.0,0,,,,,,,,1,53.5,53.5,53.5,53.5,53.5,0.0,0.0,0,,,,,,,
401767243,2025,regular,8,2025-10-19 00:30:00+00:00,253,Southern Utah,2000,Abilene Christian,1,3.0,3.0,3.0,3.0,3.0,0.0,0.0,0,,,,,,,,1,62.5,62.5,62.5,62.5,62.5,0.0,0.0,0,,,,,,,
401767244,2025,regular,10,2025-11-01 20:00:00+00:00,2000,Abilene Christian,2627,Tarleton State,1,13.5,13.5,13.5,13.5,13.5,0.0,0.0,0,,,,,,,,1,60.5,60.5,60.5,60.5,60.5,0.0,0.0,0,,,,,,,
401767245,2025,regular,11,2025-11-08 20:00:00+00:00,2000,Abilene Christian,3101,Utah Tech,1,-20.5,-20.5,-20.5,-20.5,-20.5,0.0,0.0,0,,,,,,,,1,53.5,53.5,53.5,53.5,53.5,0.0,0.0,0,,,,,,,
401767246,2025,regular,12,2025-11-15 20:00:00+00:00,2198,Eastern Kentucky,2000,Abilene Christian,1,9.0,9.0,9.0,9.0,9.0,0.0,0.0,0,,,,,,,,1,48.5,48.5,48.5,48.5,48.5,0.0,0.0,0,,,,,,,
401767247,2025,regular,13,2025-11-22 22:00:00+00:00,2110,Central Arkansas,2000,Abilene Christian,1,9.5,9.5,9.5,9.5,9.5,0.0,0.0,0,,,,,,,,1,54.5,54.5,54.5,54.5,54.5,0.0,0.0,0,,,,,,,
401767248,2025,regular,3,2025-09-13 23:00:00+00:00,2046,Austin Peay,2413,Morehead State,1,-25.5,-25.5,-25.5,-25.5,-25.5,0.0,0.0,0,,,,,,,,1,49.5,49.5,49.5,49.5,49.5,0.0,0.0,0,,,,,,,
401767249,2025,regular,5,2025-09-27 18:00:00+00:00,2046,Austin Peay,3101,Utah Tech,1,-14.0,-14.0,-14.0,-14.0,-14.0,0.0,0.0,0,,,,,,,,1,46.5,46.5,46.5,46.5,46.5,0.0,0.0,0,,,,,,,
401767251,2025,regular,7,2025-10-11 22:00:00+00:00,2198,Eastern Kentucky,2046,Austin Peay,1,10.0,10.0,10.0,10.0,10.0,0.0,0.0,0,,,,,,,,1,46.5,46.5,46.5,46.5,46.5,0.0,0.0,0,,,,,,,
401767252,2025,regular,9,2025-10-25 20:00:00+00:00,2046,Austin Peay,2453,North Alabama,1,-19.5,-19.5,-19.5,-19.5,-19.5,0.0,0.0,0,,,,,,,,1,57.5,57.5,57.5,57.5,57.5,0.0,0.0,0,,,,,,,
401767253,2025,regular,10,2025-11-02 00:30:00+00:00,253,Southern Utah,2046,Austin Peay,1,1.5,1.5,1.5,1.5,1.5,0.0,0.0,0,,,,,,,,1,61.5,61.5,61.5,61.5,61.5,0.0,0.0,0,,,,,,,
401767254,2025,regular,11,2025-11-08 21:00:00+00:00,2046,Austin Peay,2110,Central Arkansas,1,-13.5,-13.5,-13.5,-13.5,-13.5,0.0,0.0,0,,,,,,,,1,55.5,55.5,55.5,55.5,55.5,0.0,0.0,0,,,,,,,
401767255,2025,regular,12,2025-11-15 19:00:00+00:00,2046,Austin Peay,2535,Samford,1,-25.5,-25.5,-25.5,-25.5,-25.5,0.0,0.0,0,,,,,,,,1,55.5,55.5,55.5,55.5,55.5,0.0,0.0,0,,,,,,,
401767256,2025,regular,1,2025-08-29 23:00:00+00:00,2142,Colgate,2405,Monmouth,1,14.5,14.5,14.5,14.5,14.5,0.0,0.0,0,,,,,,,,1,65.5,65.5,65.5,65.5,65.5,0.0,0.0,0,,,,,,,
401767257,2025,regular,2,2025-09-06 22:00:00+00:00,2230,Fordham,2405,Monmouth,1,14.5,14.5,14.5,14.5,14.5,0.0,0.0,0,,,,,,,,1,65.5,65.5,65.5,65.5,65.5,0.0,0.0,0,,,,,,,
401767258,2025,regular,4,2025-09-20 17:00:00+00:00,2405,Monmouth,222,Villanova,1,-3.5,-3.5,-3.5,-3.5,-3.5,0.0,0.0,0,,,,,,,,1,65.5,65.5,65.5,65.5,65.5,0.0,0.0,0,,,,,,,
401767259,2025,regular,6,2025-10-04 17:00:00+00:00,2405,Monmouth,2169,Delaware State,1,-21.5,-21.5,-21.5,-21.5,-21.5,0.0,0.0,0,,,,,,,,1,76.5,76.5,76.5,76.5,76.5,0.0,0.0,0,,,,,,,
401767260,2025,regular,7,2025-10-11 18:00:00+00:00,119,Towson,2405,Monmouth,1,7.0,7.0,7.0,7.0,7.0,0.0,0.0,0,,,,,,,,1,75.5,75.5,75.5,75.5,75.5,0.0,0.0,0,,,,,,,
401767261,2025,regular,8,2025-10-18 17:00:00+00:00,2405,Monmouth,2619,Stony Brook,1,-9.0,-9.0,-9.0,-9.0,-9.0,0.0,0.0,0,,,,,,,,1,73.5,73.5,73.5,73.5,73.5,0.0,0.0,0,,,,,,,
401767262,2025,regular,11,2025-11-08 17:00:00+00:00,2405,Monmouth,160,New Hampshire,1,-12.5,-12.5,-12.5,-12.5,-12.5,0.0,0.0,0,,,,,,,,1,61.5,61.5,61.5,61.5,61.5,0.0,0.0,0,,,,,,,
401767263,2025,regular,12,2025-11-15 17:00:00+00:00,2448,North Carolina A&T,2405,Monmouth,1,21.5,21.5,21.5,21.5,21.5,0.0,0.0,0,,,,,,,,1,58.5,58.5,58.5,58.5,58.5,0.0,0.0,0,,,,,,,
401767264,2025,regular,13,2025-11-22 17:00:00+00:00,2405,Monmouth,399,UAlbany,1,-29.5,-29.5,-29.5,-29.5,-29.5,0.0,0.0,0,,,,,,,,1,62.5,62.5,62.5,62.5,62.5,0.0,0.0,0,,,,,,,
401767265,2025,regular,1,2025-08-30 22:00:00+00:00,2428,North Carolina Central,160,New Hampshire,1,-4.5,-4.5,-4.5,-4.5,-4.5,0.0,0.0,0,,,,,,,,1,50.5,50.5,50.5,50.5,50.5,0.0,0.0,0,,,,,,,
401767266,2025,regular,2,2025-09-06 22:00:00+00:00,160,New Hampshire,107,Holy Cross,1,-1.5,-1.5,-1.5,-1.5,-1.5,0.0,0.0,0,,,,,,,,1,46.5,46.5,46.5,46.5,46.5,0.0,0.0,0,,,,,,,
401767267,2025,regular,4,2025-09-20 17:00:00+00:00,159,Dartmouth,160,New Hampshire,1,2.0,2.0,2.0,2.0,2.0,0.0,0.0,0,,,,,,,,1,45.5,45.5,45.5,45.5,45.5,0.0,0.0,0,,,,,,,
401767268,2025,regular,5,2025-09-27 17:00:00+00:00,160,New Hampshire,399,UAlbany,1,-13.0,-13.0,-13.0,-13.0,-13.0,0.0,0.0,0,,,,,,,,1,44.5,44.5,44.5,44.5,44.5,0.0,0.0,0,,,,,,,
401767269,2025,regular,6,2025-10-04 17:00:00+00:00,160,New Hampshire,222,Villanova,1,5.5,5.5,5.5,5.5,5.5,0.0,0.0,0,,,,,,,,1,47.5,47.5,47.5,47.5,47.5,0.0,0.0,0,,,,,,,
401767270,2025,regular,7,2025-10-11 17:00:00+00:00,227,Rhode Island,160,New Hampshire,1,-9.5,-9.5,-9.5,-9.5,-9.5,0.0,0.0,0,,,,,,,,1,45.5,45.5,45.5,45.5,45.5,0.0,0.0,0,,,,,,,
401767271,2025,regular,9,2025-10-25 17:00:00+00:00,160,New Hampshire,2729,William & Mary,1,-1.5,-1.5,-1.5,-1.5,-1.5,0.0,0.0,0,,,,,,,,1,48.5,48.5,48.5,48.5,48.5,0.0,0.0,0,,,,,,,
401767272,2025,regular,4,2025-09-20 20:00:00+00:00,2448,North Carolina A&T,2428,North Carolina Central,1,13.0,13.0,13.0,13.0,13.0,0.0,0.0,0,,,,,,,,1,48.5,48.5,48.5,48.5,48.5,0.0,0.0,0,,,,,,,
401767273,2025,regular,6,2025-10-04 19:30:00+00:00,2729,William & Mary,2448,North Carolina A&T,1,-20.5,-20.5,-20.5,-20.5,-20.5,0.0,0.0,0,,,,,,,,1,53.5,53.5,53.5,53.5,53.5,0.0,0.0,0,,,,,,,
401767274,2025,regular,7,2025-10-11 17:00:00+00:00,2448,North Carolina A&T,2569,South Carolina State,1,9.5,9.5,9.5,9.5,9.5,0.0,0.0,0,,,,,,,,1,58.5,58.5,58.5,58.5,58.5,0.0,0.0,0,,,,,,,
401767275,2025,regular,10,2025-11-01 16:00:00+00:00,2448,North Carolina A&T,119,Towson,1,7.5,7.5,7.5,7.5,7.5,0.0,0.0,0,,,,,,,,1,49.5,49.5,49.5,49.5,49.5,0.0,0.0,0,,,,,,,
401767276,2025,regular,13,2025-11-22 22:00:00+00:00,2627,Tarleton State,2046,Austin Peay,1,-18.5,-18.5,-18.5,-18.5,-18.5,0.0,0.0,0,,,,,,,,1,60.5,60.5,60.5,60.5,60.5,0.0,0.0,0,,,,,,,
401767277,2025,regular,2,2025-09-06 22:00:00+00:00,2198,Eastern Kentucky,2277,Houston Christian,1,-18.0,-18.0,-18.0,-18.0,-18.0,0.0,0.0,0,,,,,,,,1,53.5,53.5,53.5,53.5,53.5,0.0,0.0,0,,,,,,,
401767278,2025,regular,4,2025-09-20 22:00:00+00:00,2698,West Georgia,2198,Eastern Kentucky,1,-10.5,-10.5,-10.5,-10.5,-10.5,0.0,0.0,0,,,,,,,,1,49.5,49.5,49.5,49.5,49.5,0.0,0.0,0,,,,,,,
401767279,2025,regular,5,2025-09-27 22:00:00+00:00,2198,Eastern Kentucky,2447,Nicholls,1,-2.5,-2.5,-2.5,-2.5,-2.5,0.0,0.0,0,,,,,,,,1,42.5,42.5,42.5,42.5,42.5,0.0,0.0,0,,,,,,,
401767280,2025,regular,8,2025-10-18 23:00:00+00:00,2453,North Alabama,2198,Eastern Kentucky,1,11.5,11.5,11.5,11.5,11.5,0.0,0.0,0,,,,,,,,1,51.5,51.5,51.5,51.5,51.5,0.0,0.0,0,,,,,,,
401767281,2025,regular,9,2025-10-25 19:00:00+00:00,2198,Eastern Kentucky,2627,Tarleton State,1,24.0,24.0,24.0,24.0,24.0,0.0,0.0,0,,,,,,,,1,58.5,58.5,58.5,58.5,58.5,0.0,0.0,0,,,,,,,
401767282,2025,regular,10,2025-11-01 21:00:00+00:00,2110,Central Arkansas,2198,Eastern Kentucky,1,-6.5,-6.5,-6.5,-6.5,-6.5,0.0,0.0,0,,,,,,,,1,52.5,52.5,52.5,52.5,52.5,0.0,0.0,0,,,,,,,
401767283,2025,regular,11,2025-11-08 20:00:00+00:00,2198,Eastern Kentucky,253,Southern Utah,1,6.5,6.5,6.5,6.5,6.5,0.0,0.0,0,,,,,,,,1,55.5,55.5,55.5,55.5,55.5,0.0,0.0,0,,,,,,,
401767284,2025,regular,13,2025-11-22 21:00:00+00:00,3101,Utah Tech,2198,Eastern Kentucky,1,6.5,6.5,6.5,6.5,6.5,0.0,0.0,0,,,,,,,,1,45.5,45.5,45.5,45.5,45.5,0.0,0.0,0,,,,,,,
401767286,2025,regular,4,2025-09-20 17:00:00+00:00,2287,Illinois State,2453,North Alabama,1,-17.0,-17.0,-17.0,-17.0,-17.0,0.0,0.0,0,,,,,,,,1,58.5,58.5,58.5,58.5,58.5,0.0,0.0,0,,,,,,,
401767287,2025,regular,7,2025-10-11 20:00:00+00:00,2453,North Alabama,2110,Central Arkansas,1,4.0,4.0,4.0,4.0,4.0,0.0,0.0,0,,,,,,,,1,59.5,59.5,59.5,59.5,59.5,0.0,0.0,0,,,,,,,
401767288,2025,regular,10,2025-11-01 20:00:00+00:00,3101,Utah Tech,2453,North Alabama,1,-3.5,-3.5,-3.5,-3.5,-3.5,0.0,0.0,0,,,,,,,,1,54.5,54.5,54.5,54.5,54.5,0.0,0.0,0,,,,,,,
401767289,2025,regular,11,2025-11-08 21:00:00+00:00,2453,North Alabama,2698,West Georgia,1,9.5,9.5,9.5,9.5,9.5,0.0,0.0,0,,,,,,,,1,57.5,57.5,57.5,57.5,57.5,0.0,0.0,0,,,,,,,
401767290,2025,regular,12,2025-11-16 00:00:00+00:00,2627,Tarleton State,2453,North Alabama,1,-33.5,-33.5,-33.5,-33.5,-33.5,0.0,0.0,0,,,,,,,,1,61.5,61.5,61.5,61.5,61.5,0.0,0.0,0,,,,,,,
401767291,2025,regular,13,2025-11-22 19:00:00+00:00,2453,North Alabama,253,Southern Utah,1,18.0,18.0,18.0,18.0,18.0,0.0,0.0,0,,,,,,,,1,58.5,58.5,58.5,58.5,58.5,0.0,0.0,0,,,,,,,
401767292,2025,regular,2,2025-09-07 01:00:00+00:00,301,San Diego,253,Southern Utah,1,20.5,20.5,20.5,20.5,20.5,0.0,0.0,0,,,,,,,,1,53.5,53.5,53.5,53.5,53.5,0.0,0.0,0,,,,,,,
401767293,2025,regular,5,2025-09-28 00:30:00+00:00,253,Southern Utah,2698,West Georgia,1,1.0,1.0,1.0,1.0,1.0,0.0,0.0,0,,,,,,,,1,59.5,59.5,59.5,59.5,59.5,0.0,0.0,0,,,,,,,
401767294,2025,regular,6,2025-10-04 23:00:00+00:00,2627,Tarleton State,253,Southern Utah,1,-20.5,-20.5,-20.5,-20.5,-20.5,0.0,0.0,0,,,,,,,,1,64.5,64.5,64.5,64.5,64.5,0.0,0.0,0,,,,,,,
401767295,2025,regular,9,2025-10-26 00:00:00+00:00,3101,Utah Tech,253,Southern Utah,1,9.5,9.5,9.5,9.5,9.5,0.0,0.0,0,,,,,,,,1,59.5,59.5,59.5,59.5,59.5,0.0,0.0,0,,,,,,,
401767296,2025,regular,12,2025-11-16 01:30:00+00:00,253,Southern Utah,2110,Central Arkansas,1,-12.5,-12.5,-12.5,-12.5,-12.5,0.0,0.0,0,,,,,,,,1,63.5,63.5,63.5,63.5,63.5,0.0,0.0,0,,,,,,,
401767298,2025,regular,1,2025-08-28 23:30:00+00:00,2535,Samford,2698,West Georgia,1,-6.5,-6.5,-6.5,-6.5,-6.5,0.0,0.0,0,,,,,,,,1,55.5,55.5,55.5,55.5,55.5,0.0,0.0,0,,,,,,,
401767300,2025,regular,3,2025-09-13 22:00:00+00:00,2698,West Georgia,2193,East Tennessee State,1,-5.5,-5.5,-5.5,-5.5,-5.5,0.0,0.0,0,,,,,,,,1,52.5,52.5,52.5,52.5,52.5,0.0,0.0,0,,,,,,,
401767301,2025,regular,8,2025-10-18 23:00:00+00:00,2627,Tarleton State,2698,West Georgia,1,-20.0,-20.0,-20.0,-20.0,-20.0,0.0,0.0,0,,,,,,,,1,56.5,56.5,56.5,56.5,56.5,0.0,0.0,0,,,,,,,
401767302,2025,regular,9,2025-10-25 18:00:00+00:00,2698,West Georgia,2110,Central Arkansas,1,-5.5,-5.5,-5.5,-5.5,-5.5,0.0,0.0,0,,,,,,,,1,53.5,53.5,53.5,53.5,53.5,0.0,0.0,0,,,,,,,
401767303,2025,regular,12,2025-11-15 19:00:00+00:00,2698,West Georgia,3101,Utah Tech,1,-15.0,-15.0,-15.0,-15.0,-15.0,0.0,0.0,0,,,,,,,,1,48.5,48.5,48.5,48.5,48.5,0.0,0.0,0,,,,,,,
401767304,2025,regular,2,2025-09-06 23:00:00+00:00,2627,Tarleton State,2400,Mississippi Valley State,1,-44.5,-44.5,-44.5,-44.5,-44.5,0.0,0.0,0,,,,,,,,1,57.5,57.5,57.5,57.5,57.5,0.0,0.0,0,,,,,,,
401767305,2025,regular,3,2025-09-13 23:00:00+00:00,2110,Central Arkansas,2627,Tarleton State,1,13.0,13.0,13.0,13.0,13.0,0.0,0.0,0,,,,,,,,1,56.5,56.5,56.5,56.5,56.5,0.0,0.0,0,,,,,,,
401767306,2025,regular,4,2025-09-20 23:00:00+00:00,2627,Tarleton State,236,Chattanooga,1,-27.0,-27.0,-27.0,-27.0,-27.0,0.0,0.0,0,,,,,,,,1,55.5,55.5,55.5,55.5,55.5,0.0,0.0,0,,,,,,,
401767307,2025,regular,7,2025-10-12 00:00:00+00:00,3101,Utah Tech,2627,Tarleton State,1,28.0,28.0,28.0,28.0,28.0,0.0,0.0,0,,,,,,,,1,59.5,59.5,59.5,59.5,59.5,0.0,0.0,0,,,,,,,
401767308,2025,regular,4,2025-09-21 00:00:00+00:00,3101,Utah Tech,2460,Northern Iowa,1,6.5,6.5,6.5,6.5,6.5,0.0,0.0,0,,,,,,,,1,49.5,49.5,49.5,49.5,49.5,0.0,0.0,0,,,,,,,
401767309,2025,regular,2,2025-09-06 23:00:00+00:00,2010,Alabama A&M,2016,Alcorn State,1,-3.5,-3.5,-3.5,-3.5,-3.5,0.0,0.0,0,,,,,,,,1,49.5,49.5,49.5,49.5,49.5,0.0,0.0,0,,,,,,,
401767311,2025,regular,5,2025-09-27 19:00:00+00:00,2065,Bethune-Cookman,2010,Alabama A&M,1,4.5,4.5,4.5,4.5,4.5,0.0,0.0,0,,,,,,,,1,58.5,58.5,58.5,58.5,58.5,0.0,0.0,0,,,,,,,
401767312,2025,regular,6,2025-10-04 21:00:00+00:00,2010,Alabama A&M,2296,Jackson State,1,14.5,14.5,14.5,14.5,14.5,0.0,0.0,0,,,,,,,,1,55.5,55.5,55.5,55.5,55.5,0.0,0.0,0,,,,,,,
401767313,2025,regular,7,2025-10-11 19:00:00+00:00,2010,Alabama A&M,2400,Mississippi Valley State,1,-21.0,-21.0,-21.0,-21.0,-21.0,0.0,0.0,0,,,,,,,,1,60.5,60.5,60.5,60.5,60.5,0.0,0.0,0,,,,,,,
401767314,2025,regular,9,2025-10-25 19:30:00+00:00,2010,Alabama A&M,2011,Alabama State,1,14.0,14.0,14.0,14.0,14.0,0.0,0.0,0,,,,,,,,1,61.5,61.5,61.5,61.5,61.5,0.0,0.0,0,,,,,,,
401767315,2025,regular,10,2025-11-01 19:00:00+00:00,2755,Grambling,2010,Alabama A&M,1,-3.5,-3.5,-3.5,-3.5,-3.5,0.0,0.0,0,,,,,,,,1,56.5,56.5,56.5,56.5,56.5,0.0,0.0,0,,,,,,,
401767316,2025,regular,11,2025-11-08 17:00:00+00:00,2619,Stony Brook,2448,North Carolina A&T,1,-18.5,-18.5,-18.5,-18.5,-18.5,0.0,0.0,0,,,,,,,,1,53.5,53.5,53.5,53.5,53.5,0.0,0.0,0,,,,,,,
401767317,2025,regular,2,2025-09-06 22:00:00+00:00,2619,Stony Brook,227,Rhode Island,1,7.0,7.0,7.0,7.0,7.0,0.0,0.0,0,,,,,,,,1,47.5,47.5,47.5,47.5,47.5,0.0,0.0,0,,,,,,,
401767318,2025,regular,3,2025-09-13 18:00:00+00:00,107,Holy Cross,227,Rhode Island,1,3.5,3.5,3.5,3.5,3.5,0.0,0.0,0,,,,,,,,1,46.5,46.5,46.5,46.5,46.5,0.0,0.0,0,,,,,,,
401767319,2025,regular,4,2025-09-20 22:00:00+00:00,227,Rhode Island,2341,Long Island University,1,-16.5,-16.5,-16.5,-16.5,-16.5,0.0,0.0,0,,,,,,,,1,45.5,45.5,45.5,45.5,45.5,0.0,0.0,0,,,,,,,
401767320,2025,regular,6,2025-10-03 23:00:00+00:00,225,Brown,227,Rhode Island,1,14.5,14.5,14.5,14.5,14.5,0.0,0.0,0,,,,,,,,1,48.5,48.5,48.5,48.5,48.5,0.0,0.0,0,,,,,,,
401767321,2025,regular,8,2025-10-18 19:30:00+00:00,399,UAlbany,227,Rhode Island,1,13.5,13.5,13.5,13.5,13.5,0.0,0.0,0,,,,,,,,1,47.5,47.5,47.5,47.5,47.5,0.0,0.0,0,,,,,,,
401767322,2025,regular,3,2025-09-13 19:30:00+00:00,2619,Stony Brook,2230,Fordham,1,-4.0,-4.0,-4.0,-4.0,-4.0,0.0,0.0,0,,,,,,,,1,54.5,54.5,54.5,54.5,54.5,0.0,0.0,0,,,,,,,
401767323,2025,regular,5,2025-09-27 19:30:00+00:00,2619,Stony Brook,2771,Merrimack,1,-7.0,-7.0,-7.0,-7.0,-7.0,0.0,0.0,0,,,,,,,,1,47.5,47.5,47.5,47.5,47.5,0.0,0.0,0,,,,,,,
401767324,2025,regular,6,2025-10-04 19:30:00+00:00,399,UAlbany,2619,Stony Brook,1,7.0,7.0,7.0,7.0,7.0,0.0,0.0,0,,,,,,,,1,48.5,48.5,48.5,48.5,48.5,0.0,0.0,0,,,,,,,
401767325,2025,regular,9,2025-10-25 19:30:00+00:00,2619,Stony Brook,119,Towson,1,-3.0,-3.0,-3.0,-3.0,-3.0,0.0,0.0,0,,,,,,,,1,52.5,52.5,52.5,52.5,52.5,0.0,0.0,0,,,,,,,
401767326,2025,regular,12,2025-11-15 18:00:00+00:00,222,Villanova,2619,Stony Brook,1,-10.5,-10.5,-10.5,-10.5,-10.5,0.0,0.0,0,,,,,,,,1,51.5,51.5,51.5,51.5,51.5,0.0,0.0,0,,,,,,,
401767327,2025,regular,1,2025-08-28 23:00:00+00:00,2450,Norfolk State,119,Towson,1,8.5,8.5,8.5,8.5,8.5,0.0,0.0,0,,,,,,,,1,49.5,49.5,49.5,49.5,49.5,0.0,0.0,0,,,,,,,
401767328,2025,regular,2,2025-09-06 23:00:00+00:00,2415,Morgan State,119,Towson,1,10.0,10.0,10.0,10.0,10.0,0.0,0.0,0,,,,,,,,1,48.5,48.5,48.5,48.5,48.5,0.0,0.0,0,,,,,,,
401767329,2025,regular,4,2025-09-20 22:00:00+00:00,119,Towson,2754,Youngstown State,1,3.0,3.0,3.0,3.0,3.0,0.0,0.0,0,,,,,,,,1,54.5,54.5,54.5,54.5,54.5,0.0,0.0,0,,,,,,,
401767330,2025,regular,11,2025-11-08 18:00:00+00:00,119,Towson,222,Villanova,1,3.5,3.5,3.5,3.5,3.5,0.0,0.0,0,,,,,,,,1,51.5,51.5,51.5,51.5,51.5,0.0,0.0,0,,,,,,,
401767331,2025,regular,12,2025-11-15 18:00:00+00:00,399,UAlbany,119,Towson,1,13.5,13.5,13.5,13.5,13.5,0.0,0.0,0,,,,,,,,1,47.5,47.5,47.5,47.5,47.5,0.0,0.0,0,,,,,,,
401767332,2025,regular,2,2025-09-06 17:00:00+00:00,2169,Delaware State,399,UAlbany,1,12.5,12.5,12.5,12.5,12.5,0.0,0.0,0,,,,,,,,1,50.5,50.5,50.5,50.5,50.5,0.0,0.0,0,,,,,,,
401767333,2025,regular,4,2025-09-20 23:00:00+00:00,399,UAlbany,172,Cornell,1,3.0,3.0,3.0,3.0,3.0,0.0,0.0,0,,,,,,,,1,50.5,50.5,50.5,50.5,50.5,0.0,0.0,0,,,,,,,
401767334,2025,regular,9,2025-10-25 19:30:00+00:00,222,Villanova,399,UAlbany,1,-31.5,-31.5,-31.5,-31.5,-31.5,0.0,0.0,0,,,,,,,,1,51.5,51.5,51.5,51.5,51.5,0.0,0.0,0,,,,,,,
401767335,2025,regular,10,2025-11-01 19:30:00+00:00,2729,William & Mary,399,UAlbany,1,-19.0,-19.0,-19.0,-19.0,-19.0,0.0,0.0,0,,,,,,,,1,50.5,50.5,50.5,50.5,50.5,0.0,0.0,0,,,,,,,
401767336,2025,regular,2,2025-09-06 22:00:00+00:00,222,Villanova,2142,Colgate,1,-20.0,-20.0,-20.0,-20.0,-20.0,0.0,0.0,0,,,,,,,,1,50.5,50.5,50.5,50.5,50.5,0.0,0.0,0,,,,,,,
401767337,2025,regular,5,2025-09-27 19:30:00+00:00,222,Villanova,2729,William & Mary,1,-6.5,-6.5,-6.5,-6.5,-6.5,0.0,0.0,0,,,,,,,,1,50.5,50.5,50.5,50.5,50.5,0.0,0.0,0,,,,,,,
401767338,2025,regular,13,2025-11-22 18:00:00+00:00,222,Villanova,2529,Sacred Heart,1,-16.0,-16.0,-16.0,-16.0,-16.0,0.0,0.0,0,,,,,,,,1,54.5,54.5,54.5,54.5,54.5,0.0,0.0,0,,,,,,,
401767339,2025,regular,1,2025-08-30 18:00:00+00:00,231,Furman,2729,William & Mary,1,-2.5,-2.5,-2.5,-2.5,-2.5,0.0,0.0,0,,,,,,,,1,49.5,49.5,49.5,49.5,49.5,0.0,0.0,0,,,,,,,
401767340,2025,regular,13,2025-11-22 18:00:00+00:00,2729,William & Mary,257,Richmond,1,-6.5,-6.5,-6.5,-6.5,-6.5,0.0,0.0,0,,,,,,,,1,49.5,49.5,49.5,49.5,49.5,0.0,0.0,0,,,,,,,
401767342,2025,regular,4,2025-09-20 17:00:00+00:00,2598,St. Francis (PA),2169,Delaware State,1,7.5,7.5,7.5,7.5,7.5,0.0,0.0,0,,,,,,,,1,47.5,47.5,47.5,47.5,47.5,0.0,0.0,0,,,,,,,
401767343,2025,regular,5,2025-09-27 16:00:00+00:00,2529,Sacred Heart,2169,Delaware State,1,5.0,5.0,5.0,5.0,5.0,0.0,0.0,0,,,,,,,,1,54.5,54.5,54.5,54.5,54.5,0.0,0.0,0,,,,,,,
401767345,2025,regular,9,2025-10-25 17:00:00+00:00,2428,North Carolina Central,2169,Delaware State,1,-18.0,-18.0,-18.0,-18.0,-18.0,0.0,0.0,0,,,,,,,,1,63.5,63.5,63.5,63.5,63.5,0.0,0.0,0,,,,,,,
401767346,2025,regular,10,2025-10-30 23:00:00+00:00,2169,Delaware State,2450,Norfolk State,1,-17.5,-17.5,-17.5,-17.5,-17.5,0.0,0.0,0,,,,,,,,1,57.5,57.5,57.5,57.5,57.5,0.0,0.0,0,,,,,,,
401767347,2025,regular,11,2025-11-08 00:00:00+00:00,2415,Morgan State,2169,Delaware State,1,3.5,3.5,3.5,3.5,3.5,0.0,0.0,0,,,,,,,,1,54.5,54.5,54.5,54.5,54.5,0.0,0.0,0,,,,,,,
401767348,2025,regular,12,2025-11-15 18:00:00+00:00,2169,Delaware State,47,Howard,1,-13.5,-13.5,-13.5,-13.5,-13.5,0.0,0.0,0,,,,,,,,1,50.5,50.5,50.5,50.5,50.5,0.0,0.0,0,,,,,,,
401767349,2025,regular,13,2025-11-22 18:00:00+00:00,2169,Delaware State,2569,South Carolina State,1,5.5,5.5,5.5,5.5,5.5,0.0,0.0,0,,,,,,,,1,56.5,56.5,56.5,56.5,56.5,0.0,0.0,0,,,,,,,
401767350,2025,regular,1,2025-08-30 20:00:00+00:00,50,Florida A&M,47,Howard,1,-7.5,-7.5,-7.5,-7.5,-7.5,0.0,0.0,0,,,,,,,,1,48.5,48.5,48.5,48.5,48.5,0.0,0.0,0,,,,,,,
401767352,2025,regular,5,2025-09-27 18:00:00+00:00,257,Richmond,47,Howard,1,-16.0,-16.0,-16.0,-16.0,-16.0,0.0,0.0,0,,,,,,,,1,43.5,43.5,43.5,43.5,43.5,0.0,0.0,0,,,,,,,
401767353,2025,regular,7,2025-10-11 17:00:00+00:00,2529,Sacred Heart,47,Howard,1,-2.5,-2.5,-2.5,-2.5,-2.5,0.0,0.0,0,,,,,,,,1,47.5,47.5,47.5,47.5,47.5,0.0,0.0,0,,,,,,,
401767354,2025,regular,9,2025-10-25 19:30:00+00:00,47,Howard,2415,Morgan State,1,1.0,1.0,1.0,1.0,1.0,0.0,0.0,0,,,,,,,,1,44.5,44.5,44.5,44.5,44.5,0.0,0.0,0,,,,,,,
401767355,2025,regular,10,2025-11-01 19:30:00+00:00,47,Howard,2428,North Carolina Central,1,15.0,15.0,15.0,15.0,15.0,0.0,0.0,0,,,,,,,,1,51.5,51.5,51.5,51.5,51.5,0.0,0.0,0,,,,,,,
401767356,2025,regular,11,2025-11-08 20:00:00+00:00,2010,Alabama A&M,2504,Prairie View A&M,1,3.5,3.5,3.5,3.5,3.5,0.0,0.0,0,,,,,,,,1,52.5,52.5,52.5,52.5,52.5,0.0,0.0,0,,,,,,,
401767357,2025,regular,12,2025-11-15 20:00:00+00:00,2010,Alabama A&M,50,Florida A&M,1,2.5,2.5,2.5,2.5,2.5,0.0,0.0,0,,,,,,,,1,54.5,54.5,54.5,54.5,54.5,0.0,0.0,0,,,,,,,
401767358,2025,regular,13,2025-11-22 20:00:00+00:00,2640,Texas Southern,2010,Alabama A&M,1,-3.5,-3.5,-3.5,-3.5,-3.5,0.0,0.0,0,,,,,,,,1,52.5,52.5,52.5,52.5,52.5,0.0,0.0,0,,,,,,,
401767359,2025,regular,2,2025-09-06 23:00:00+00:00,2582,Southern,2011,Alabama State,1,6.5,6.5,6.5,6.5,6.5,0.0,0.0,0,,,,,,,,1,56.5,56.5,56.5,56.5,56.5,0.0,0.0,0,,,,,,,
401767361,2025,regular,5,2025-09-27 19:00:00+00:00,50,Florida A&M,2011,Alabama State,1,4.0,4.0,4.0,4.0,4.0,0.0,0.0,0,,,,,,,,1,50.5,50.5,50.5,50.5,50.5,0.0,0.0,0,,,,,,,
401767362,2025,regular,6,2025-10-04 19:00:00+00:00,2011,Alabama State,2065,Bethune-Cookman,1,-13.0,-13.0,-13.0,-13.0,-13.0,0.0,0.0,0,,,,,,,,1,57.5,57.5,57.5,57.5,57.5,0.0,0.0,0,,,,,,,
401767363,2025,regular,7,2025-10-11 19:30:00+00:00,2296,Jackson State,2011,Alabama State,1,-8.5,-8.5,-8.5,-8.5,-8.5,0.0,0.0,0,,,,,,,,1,56.5,56.5,56.5,56.5,56.5,0.0,0.0,0,,,,,,,
401767364,2025,regular,10,2025-11-01 19:00:00+00:00,2504,Prairie View A&M,2011,Alabama State,1,10.5,10.5,10.5,10.5,10.5,0.0,0.0,0,,,,,,,,1,52.5,52.5,52.5,52.5,52.5,0.0,0.0,0,,,,,,,
401767365,2025,regular,11,2025-11-08 20:00:00+00:00,2011,Alabama State,2640,Texas Southern,1,-17.5,-17.5,-17.5,-17.5,-17.5,0.0,0.0,0,,,,,,,,1,53.5,53.5,53.5,53.5,53.5,0.0,0.0,0,,,,,,,
401767366,2025,regular,12,2025-11-15 22:00:00+00:00,2400,Mississippi Valley State,2011,Alabama State,1,29.5,29.5,29.5,29.5,29.5,0.0,0.0,0,,,,,,,,1,54.5,54.5,54.5,54.5,54.5,0.0,0.0,0,,,,,,,
401767367,2025,regular,13,2025-11-22 18:00:00+00:00,2011,Alabama State,2029,Arkansas-Pine Bluff,1,-26.5,-26.5,-26.5,-26.5,-26.5,0.0,0.0,0,,,,,,,,1,59.5,59.5,59.5,59.5,59.5,0.0,0.0,0,,,,,,,
401767369,2025,regular,1,2025-08-29 00:00:00+00:00,2466,Northwestern State,2016,Alcorn State,1,10.5,10.5,10.5,10.5,10.5,0.0,0.0,0,,,,,,,,1,49.5,49.5,49.5,49.5,49.5,0.0,0.0,0,,,,,,,
401767370,2025,regular,5,2025-09-27 23:00:00+00:00,2016,Alcorn State,2029,Arkansas-Pine Bluff,1,7.0,7.0,7.0,7.0,7.0,0.0,0.0,0,,,,,,,,1,50.5,50.5,50.5,50.5,50.5,0.0,0.0,0,,,,,,,
401767371,2025,regular,6,2025-10-04 20:00:00+00:00,2016,Alcorn State,2504,Prairie View A&M,1,3.0,3.0,3.0,3.0,3.0,0.0,0.0,0,,,,,,,,1,47.5,47.5,47.5,47.5,47.5,0.0,0.0,0,,,,,,,
401767373,2025,regular,8,2025-10-18 20:00:00+00:00,50,Florida A&M,2016,Alcorn State,1,-4.5,-4.5,-4.5,-4.5,-4.5,0.0,0.0,0,,,,,,,,1,45.5,45.5,45.5,45.5,45.5,0.0,0.0,0,,,,,,,
401767374,2025,regular,9,2025-10-25 19:00:00+00:00,2016,Alcorn State,2400,Mississippi Valley State,1,-10.5,-10.5,-10.5,-10.5,-10.5,0.0,0.0,0,,,,,,,,1,50.5,50.5,50.5,50.5,50.5,0.0,0.0,0,,,,,,,
401767375,2025,regular,10,2025-11-01 19:00:00+00:00,2640,Texas Southern,2016,Alcorn State,1,-6.5,-6.5,-6.5,-6.5,-6.5,0.0,0.0,0,,,,,,,,1,47.5,47.5,47.5,47.5,47.5,0.0,0.0,0,,,,,,,
401767376,2025,regular,11,2025-11-08 21:00:00+00:00,2016,Alcorn State,2582,Southern,1,-11.0,-11.0,-11.0,-11.0,-11.0,0.0,0.0,0,,,,,,,,1,47.5,47.5,47.5,47.5,47.5,0.0,0.0,0,,,,,,,
401767377,2025,regular,12,2025-11-15 20:00:00+00:00,2016,Alcorn State,2755,Grambling,1,1.5,1.5,1.5,1.5,1.5,0.0,0.0,0,,,,,,,,1,45.5,45.5,45.5,45.5,45.5,0.0,0.0,0,,,,,,,
401767378,2025,regular,13,2025-11-22 20:30:00+00:00,2016,Alcorn State,2296,Jackson State,1,-19.5,-19.5,-19.5,-19.5,-19.5,0.0,0.0,0,,,,,,,,1,51.5,51.5,51.5,51.5,51.5,0.0,0.0,0,,,,,,,
401767379,2025,regular,2,2025-09-06 23:00:00+00:00,2110,Central Arkansas,2029,Arkansas-Pine Bluff,1,-27.0,-27.0,-27.0,-27.0,-27.0,0.0,0.0,0,,,,,,,,1,55.5,55.5,55.5,55.5,55.5,0.0,0.0,0,,,,,,,
401767381,2025,regular,6,2025-10-04 23:00:00+00:00,2640,Texas Southern,2029,Arkansas-Pine Bluff,1,-6.0,-6.0,-6.0,-6.0,-6.0,0.0,0.0,0,,,,,,,,1,48.5,48.5,48.5,48.5,48.5,0.0,0.0,0,,,,,,,
401767383,2025,regular,8,2025-10-18 19:00:00+00:00,2029,Arkansas-Pine Bluff,2755,Grambling,1,8.0,8.0,8.0,8.0,8.0,0.0,0.0,0,,,,,,,,1,54.5,54.5,54.5,54.5,54.5,0.0,0.0,0,,,,,,,
401767384,2025,regular,9,2025-10-25 19:00:00+00:00,2065,Bethune-Cookman,2029,Arkansas-Pine Bluff,1,-13.5,-13.5,-13.5,-13.5,-13.5,0.0,0.0,0,,,,,,,,1,56.5,56.5,56.5,56.5,56.5,0.0,0.0,0,,,,,,,
401767385,2025,regular,10,2025-11-01 19:00:00+00:00,2029,Arkansas-Pine Bluff,2582,Southern,1,1.0,1.0,1.0,1.0,1.0,0.0,0.0,0,,,,,,,,1,52.5,52.5,52.5,52.5,52.5,0.0,0.0,0,,,,,,,
401767386,2025,regular,11,2025-11-08 20:00:00+00:00,2029,Arkansas-Pine Bluff,50,Florida A&M,1,3.5,3.5,3.5,3.5,3.5,0.0,0.0,0,,,,,,,,1,52.5,52.5,52.5,52.5,52.5,0.0,0.0,0,,,,,,,
401767387,2025,regular,12,2025-11-15 20:00:00+00:00,2504,Prairie View A&M,2029,Arkansas-Pine Bluff,1,-21.0,-21.0,-21.0,-21.0,-21.0,0.0,0.0,0,,,,,,,,1,50.5,50.5,50.5,50.5,50.5,0.0,0.0,0,,,,,,,
401767388,2025,regular,3,2025-09-13 22:00:00+00:00,2569,South Carolina State,2065,Bethune-Cookman,1,-18.0,-18.0,-18.0,-18.0,-18.0,0.0,0.0,0,,,,,,,,1,47.5,47.5,47.5,47.5,47.5,0.0,0.0,0,,,,,,,
401767390,2025,regular,7,2025-10-11 19:00:00+00:00,2065,Bethune-Cookman,2582,Southern,1,-1.0,-1.0,-1.0,-1.0,-1.0,0.0,0.0,0,,,,,,,,1,53.5,53.5,53.5,53.5,53.5,0.0,0.0,0,,,,,,,
401767391,2025,regular,10,2025-11-01 19:00:00+00:00,2065,Bethune-Cookman,2400,Mississippi Valley State,1,-22.0,-22.0,-22.0,-22.0,-22.0,0.0,0.0,0,,,,,,,,1,58.5,58.5,58.5,58.5,58.5,0.0,0.0,0,,,,,,,
401767392,2025,regular,11,2025-11-08 20:00:00+00:00,2755,Grambling,2065,Bethune-Cookman,1,-1.5,-1.5,-1.5,-1.5,-1.5,0.0,0.0,0,,,,,,,,1,53.5,53.5,53.5,53.5,53.5,0.0,0.0,0,,,,,,,
401767393,2025,regular,12,2025-11-15 18:00:00+00:00,2296,Jackson State,2065,Bethune-Cookman,1,-23.5,-23.5,-23.5,-23.5,-23.5,0.0,0.0,0,,,,,,,,1,59.5,59.5,59.5,59.5,59.5,0.0,0.0,0,,,,,,,
401767394,2025,regular,13,2025-11-22 20:30:00+00:00,50,Florida A&M,2065,Bethune-Cookman,1,-2.5,-2.5,-2.5,-2.5,-2.5,0.0,0.0,0,,,,,,,,1,56.5,56.5,56.5,56.5,56.5,0.0,0.0,0,,,,,,,
401767396,2025,regular,11,2025-11-08 18:30:00+00:00,2569,South Carolina State,47,Howard,1,-15.5,-15.5,-15.5,-15.5,-15.5,0.0,0.0,0,,,,,,,,1,49.5,49.5,49.5,49.5,49.5,0.0,0.0,0,,,,,,,
401767397,2025,regular,13,2025-11-22 20:30:00+00:00,47,Howard,2450,Norfolk State,1,-3.5,-3.5,-3.5,-3.5,-3.5,0.0,0.0,0,,,,,,,,1,48.5,48.5,48.5,48.5,48.5,0.0,0.0,0,,,,,,,
401767399,2025,regular,6,2025-10-04 17:00:00+00:00,46,Georgetown,2415,Morgan State,1,2.5,2.5,2.5,2.5,2.5,0.0,0.0,0,,,,,,,,1,47.5,47.5,47.5,47.5,47.5,0.0,0.0,0,,,,,,,
401767401,2025,regular,10,2025-11-01 18:00:00+00:00,2569,South Carolina State,2415,Morgan State,1,-11.5,-11.5,-11.5,-11.5,-11.5,0.0,0.0,0,,,,,,,,1,53.5,53.5,53.5,53.5,53.5,0.0,0.0,0,,,,,,,
401767402,2025,regular,12,2025-11-15 17:00:00+00:00,2450,Norfolk State,2415,Morgan State,1,5.5,5.5,5.5,5.5,5.5,0.0,0.0,0,,,,,,,,1,50.5,50.5,50.5,50.5,50.5,0.0,0.0,0,,,,,,,
401767403,2025,regular,13,2025-11-22 17:00:00+00:00,2415,Morgan State,2428,North Carolina Central,1,9.5,9.5,9.5,9.5,9.5,0.0,0.0,0,,,,,,,,1,54.5,54.5,54.5,54.5,54.5,0.0,0.0,0,,,,,,,
401767405,2025,regular,4,2025-09-20 20:00:00+00:00,2450,Norfolk State,2529,Sacred Heart,1,-1.0,-1.0,-1.0,-1.0,-1.0,0.0,0.0,0,,,,,,,,1,47.5,47.5,47.5,47.5,47.5,0.0,0.0,0,,,,,,,
401767406,2025,regular,5,2025-09-27 16:00:00+00:00,2681,Wagner,2450,Norfolk State,1,2.5,2.5,2.5,2.5,2.5,0.0,0.0,0,,,,,,,,1,47.5,47.5,47.5,47.5,47.5,0.0,0.0,0,,,,,,,
401767407,2025,regular,7,2025-10-11 17:30:00+00:00,2747,Wofford,2450,Norfolk State,1,-7.5,-7.5,-7.5,-7.5,-7.5,0.0,0.0,0,,,,,,,,1,44.5,44.5,44.5,44.5,44.5,0.0,0.0,0,,,,,,,
401767408,2025,regular,9,2025-10-25 18:00:00+00:00,2450,Norfolk State,2569,South Carolina State,1,14.5,14.5,14.5,14.5,14.5,0.0,0.0,0,,,,,,,,1,53.5,53.5,53.5,53.5,53.5,0.0,0.0,0,,,,,,,
401767409,2025,regular,11,2025-11-08 19:00:00+00:00,2428,North Carolina Central,2450,Norfolk State,1,-25.5,-25.5,-25.5,-25.5,-25.5,0.0,0.0,0,,,,,,,,1,56.5,56.5,56.5,56.5,56.5,0.0,0.0,0,,,,,,,
401767410,2025,regular,1,2025-08-23 23:30:00+00:00,2582,Southern,2428,North Carolina Central,1,10.5,10.5,10.5,10.5,10.5,0.0,0.0,0,,,,,,,,1,47.5,47.5,47.5,47.5,47.5,0.0,0.0,0,,,,,,,
401767412,2025,regular,5,2025-09-27 23:00:00+00:00,2837,East Texas A&M,2428,North Carolina Central,1,14.5,14.5,14.5,14.5,14.5,0.0,0.0,0,,,,,,,,1,56.5,56.5,56.5,56.5,56.5,0.0,0.0,0,,,,,,,
401767413,2025,regular,7,2025-10-11 19:00:00+00:00,50,Florida A&M,2428,North Carolina Central,1,12.0,12.0,12.0,12.0,12.0,0.0,0.0,0,,,,,,,,1,51.5,51.5,51.5,51.5,51.5,0.0,0.0,0,,,,,,,
401767414,2025,regular,12,2025-11-14 22:30:00+00:00,2428,North Carolina Central,2569,South Carolina State,1,-7.0,-7.0,-7.0,-7.0,-7.0,0.0,0.0,0,,,,,,,,1,57.5,57.5,57.5,57.5,57.5,0.0,0.0,0,,,,,,,
401767415,2025,regular,1,2025-08-30 22:00:00+00:00,2569,South Carolina State,2747,Wofford,1,-9.5,-9.5,-9.5,-9.5,-9.5,0.0,0.0,0,,,,,,,,1,49.5,49.5,49.5,49.5,49.5,0.0,0.0,0,,,,,,,
401767416,2025,regular,4,2025-09-20 23:00:00+00:00,2755,Grambling,2837,East Texas A&M,1,3.5,3.5,3.5,3.5,3.5,0.0,0.0,0,,,,,,,,1,54.5,54.5,54.5,54.5,54.5,0.0,0.0,0,,,,,,,
401767417,2025,regular,5,2025-09-27 23:00:00+00:00,2504,Prairie View A&M,2755,Grambling,1,3.0,3.0,3.0,3.0,3.0,0.0,0.0,0,,,,,,,,1,52.5,52.5,52.5,52.5,52.5,0.0,0.0,0,,,,,,,
401767418,2025,regular,7,2025-10-11 23:00:00+00:00,2755,Grambling,2640,Texas Southern,1,-3.5,-3.5,-3.5,-3.5,-3.5,0.0,0.0,0,,,,,,,,1,49.5,49.5,49.5,49.5,49.5,0.0,0.0,0,,,,,,,
401767419,2025,regular,9,2025-10-25 22:00:00+00:00,2755,Grambling,2296,Jackson State,1,21.0,21.0,21.0,21.0,21.0,0.0,0.0,0,,,,,,,,1,56.5,56.5,56.5,56.5,56.5,0.0,0.0,0,,,,,,,
401767420,2025,regular,14,2025-11-29 19:00:00+00:00,2582,Southern,2755,Grambling,1,-13.5,-13.5,-13.5,-13.5,-13.5,0.0,0.0,0,,,,,,,,1,48.5,48.5,48.5,48.5,48.5,0.0,0.0,0,,,,,,,
401767422,2025,regular,5,2025-09-27 23:00:00+00:00,2582,Southern,2296,Jackson State,1,9.5,9.5,9.5,9.5,9.5,0.0,0.0,0,,,,,,,,1,50.5,50.5,50.5,50.5,50.5,0.0,0.0,0,,,,,,,
401767423,2025,regular,10,2025-11-01 23:00:00+00:00,50,Florida A&M,2296,Jackson State,1,17.0,17.0,17.0,17.0,17.0,0.0,0.0,0,,,,,,,,1,53.5,53.5,53.5,53.5,53.5,0.0,0.0,0,,,,,,,
401767424,2025,regular,11,2025-11-08 20:00:00+00:00,2400,Mississippi Valley State,2296,Jackson State,1,27.5,27.5,27.5,27.5,27.5,0.0,0.0,0,,,,,,,,1,56.5,56.5,56.5,56.5,56.5,0.0,0.0,0,,,,,,,
401767425,2025,regular,1,2025-08-30 21:00:00+00:00,2400,Mississippi Valley State,2582,Southern,1,12.5,12.5,12.5,12.5,12.5,0.0,0.0,0,,,,,,,,1,49.5,49.5,49.5,49.5,49.5,0.0,0.0,0,,,,,,,
401767426,2025,regular,3,2025-09-13 23:00:00+00:00,2545,SE Louisiana,2400,Mississippi Valley State,1,-32.5,-32.5,-32.5,-32.5,-32.5,0.0,0.0,0,,,,,,,,1,51.5,51.5,51.5,51.5,51.5,0.0,0.0,0,,,,,,,
401767427,2025,regular,5,2025-09-27 21:00:00+00:00,2400,Mississippi Valley State,2640,Texas Southern,1,13.5,13.5,13.5,13.5,13.5,0.0,0.0,0,,,,,,,,1,47.5,47.5,47.5,47.5,47.5,0.0,0.0,0,,,,,,,
401767428,2025,regular,14,2025-11-29 20:00:00+00:00,2400,Mississippi Valley State,50,Florida A&M,1,13.5,13.5,13.5,13.5,13.5,0.0,0.0,0,,,,,,,,1,51.5,51.5,51.5,51.5,51.5,0.0,0.0,0,,,,,,,
401767430,2025,regular,13,2025-11-22 20:00:00+00:00,2504,Prairie View A&M,2400,Mississippi Valley State,1,-29.5,-29.5,-29.5,-29.5,-29.5,0.0,0.0,0,,,,,,,,1,50.5,50.5,50.5,50.5,50.5,0.0,0.0,0,,,,,,,
401767431,2025,regular,1,2025-08-31 00:00:00+00:00,2640,Texas Southern,2504,Prairie View A&M,1,-1.5,-1.5,-1.5,-1.5,-1.5,0.0,0.0,0,,,,,,,,1,47.5,47.5,47.5,47.5,47.5,0.0,0.0,0,,,,,,,
401767433,2025,regular,4,2025-09-20 23:00:00+00:00,2504,Prairie View A&M,2466,Northwestern State,1,-10.5,-10.5,-10.5,-10.5,-10.5,0.0,0.0,0,,,,,,,,1,46.5,46.5,46.5,46.5,46.5,0.0,0.0,0,,,,,,,
401767434,2025,regular,8,2025-10-18 21:00:00+00:00,2582,Southern,2504,Prairie View A&M,1,8.5,8.5,8.5,8.5,8.5,0.0,0.0,0,,,,,,,,1,46.5,46.5,46.5,46.5,46.5,0.0,0.0,0,,,,,,,
401767437,2025,regular,2,2025-09-06 23:00:00+00:00,2287,Illinois State,2413,Morehead State,1,-31.5,-31.5,-31.5,-31.5,-31.5,0.0,0.0,0,,,,,,,,1,52.5,52.5,52.5,52.5,52.5,0.0,0.0,0,,,,,,,
401767439,2025,regular,7,2025-10-11 23:00:00+00:00,93,Murray State,2287,Illinois State,1,23.5,23.5,23.5,23.5,23.5,0.0,0.0,0,,,,,,,,1,58.5,58.5,58.5,58.5,58.5,0.0,0.0,0,,,,,,,
401767440,2025,regular,8,2025-10-18 17:00:00+00:00,2287,Illinois State,2754,Youngstown State,1,-2.0,-2.0,-2.0,-2.0,-2.0,0.0,0.0,0,,,,,,,,1,56.5,56.5,56.5,56.5,56.5,0.0,0.0,0,,,,,,,
401767441,2025,regular,9,2025-10-25 18:00:00+00:00,233,South Dakota,2287,Illinois State,1,-3.5,-3.5,-3.5,-3.5,-3.5,0.0,0.0,0,,,,,,,,1,54.5,54.5,54.5,54.5,54.5,0.0,0.0,0,,,,,,,
401767442,2025,regular,10,2025-11-01 19:00:00+00:00,2287,Illinois State,2460,Northern Iowa,1,-12.5,-12.5,-12.5,-12.5,-12.5,0.0,0.0,0,,,,,,,,1,49.5,49.5,49.5,49.5,49.5,0.0,0.0,0,,,,,,,
401767443,2025,regular,11,2025-11-08 18:00:00+00:00,282,Indiana State,2287,Illinois State,1,10.5,10.5,10.5,10.5,10.5,0.0,0.0,0,,,,,,,,1,58.5,58.5,58.5,58.5,58.5,0.0,0.0,0,,,,,,,
401767444,2025,regular,12,2025-11-15 20:00:00+00:00,2571,South Dakota State,2287,Illinois State,1,-3.5,-3.5,-3.5,-3.5,-3.5,0.0,0.0,0,,,,,,,,1,50.5,50.5,50.5,50.5,50.5,0.0,0.0,0,,,,,,,
401767445,2025,regular,13,2025-11-22 18:00:00+00:00,2287,Illinois State,79,Southern Illinois,1,-4.5,-4.5,-4.5,-4.5,-4.5,0.0,0.0,0,,,,,,,,1,59.5,59.5,59.5,59.5,59.5,0.0,0.0,0,,,,,,,
401767448,2025,regular,7,2025-10-11 17:00:00+00:00,282,Indiana State,233,South Dakota,1,15.5,15.5,15.5,15.5,15.5,0.0,0.0,0,,,,,,,,1,56.5,56.5,56.5,56.5,56.5,0.0,0.0,0,,,,,,,
401767449,2025,regular,8,2025-10-18 17:00:00+00:00,282,Indiana State,2449,North Dakota State,1,33.5,33.5,33.5,33.5,33.5,0.0,0.0,0,,,,,,,,1,56.5,56.5,56.5,56.5,56.5,0.0,0.0,0,,,,,,,
401767450,2025,regular,9,2025-10-25 20:00:00+00:00,155,North Dakota,282,Indiana State,1,-30.0,-30.0,-30.0,-30.0,-30.0,0.0,0.0,0,,,,,,,,1,55.5,55.5,55.5,55.5,55.5,0.0,0.0,0,,,,,,,
401767451,2025,regular,10,2025-11-01 19:00:00+00:00,2571,South Dakota State,282,Indiana State,1,-31.0,-31.0,-31.0,-31.0,-31.0,0.0,0.0,0,,,,,,,,1,53.5,53.5,53.5,53.5,53.5,0.0,0.0,0,,,,,,,
401767452,2025,regular,12,2025-11-15 17:00:00+00:00,2754,Youngstown State,282,Indiana State,1,-20.5,-20.5,-20.5,-20.5,-20.5,0.0,0.0,0,,,,,,,,1,61.5,61.5,61.5,61.5,61.5,0.0,0.0,0,,,,,,,
401767453,2025,regular,13,2025-11-22 18:00:00+00:00,282,Indiana State,93,Murray State,1,-13.0,-13.0,-13.0,-13.0,-13.0,0.0,0.0,0,,,,,,,,1,58.5,58.5,58.5,58.5,58.5,0.0,0.0,0,,,,,,,
401767454,2025,regular,1,2025-08-30 21:30:00+00:00,2193,East Tennessee State,93,Murray State,1,-31.0,-31.0,-31.0,-31.0,-31.0,0.0,0.0,0,,,,,,,,1,54.5,54.5,54.5,54.5,54.5,0.0,0.0,0,,,,,,,
401767455,2025,regular,2,2025-09-06 23:00:00+00:00,93,Murray State,2545,SE Louisiana,1,21.5,21.5,21.5,21.5,21.5,0.0,0.0,0,,,,,,,,1,51.5,51.5,51.5,51.5,51.5,0.0,0.0,0,,,,,,,
401767456,2025,regular,9,2025-10-25 21:00:00+00:00,2582,Southern,50,Florida A&M,1,3.0,3.0,3.0,3.0,3.0,0.0,0.0,0,,,,,,,,1,48.5,48.5,48.5,48.5,48.5,0.0,0.0,0,,,,,,,
401767457,2025,regular,12,2025-11-15 20:00:00+00:00,2582,Southern,2640,Texas Southern,1,6.5,6.5,6.5,6.5,6.5,0.0,0.0,0,,,,,,,,1,52.5,52.5,52.5,52.5,52.5,0.0,0.0,0,,,,,,,
401767458,2025,regular,3,2025-09-13 23:00:00+00:00,2640,Texas Southern,2320,Lamar,1,9.5,9.5,9.5,9.5,9.5,0.0,0.0,0,,,,,,,,1,45.5,45.5,45.5,45.5,45.5,0.0,0.0,0,,,,,,,
401767460,2025,regular,6,2025-10-04 23:00:00+00:00,2466,Northwestern State,2837,East Texas A&M,1,7.0,7.0,7.0,7.0,7.0,0.0,0.0,0,,,,,,,,1,54.5,54.5,54.5,54.5,54.5,0.0,0.0,0,,,,,,,
401767461,2025,regular,7,2025-10-11 23:00:00+00:00,2837,East Texas A&M,2320,Lamar,1,7.5,7.5,7.5,7.5,7.5,0.0,0.0,0,,,,,,,,1,53.5,53.5,53.5,53.5,53.5,0.0,0.0,0,,,,,,,
401767462,2025,regular,8,2025-10-18 21:30:00+00:00,2916,Incarnate Word,2837,East Texas A&M,1,-18.5,-18.5,-18.5,-18.5,-18.5,0.0,0.0,0,,,,,,,,1,56.5,56.5,56.5,56.5,56.5,0.0,0.0,0,,,,,,,
401767463,2025,regular,9,2025-10-25 23:00:00+00:00,2837,East Texas A&M,2617,Stephen F. Austin,1,14.0,14.0,14.0,14.0,14.0,0.0,0.0,0,,,,,,,,1,59.5,59.5,59.5,59.5,59.5,0.0,0.0,0,,,,,,,
401767464,2025,regular,10,2025-11-01 23:00:00+00:00,2545,SE Louisiana,2837,East Texas A&M,1,-17.5,-17.5,-17.5,-17.5,-17.5,0.0,0.0,0,,,,,,,,1,55.5,55.5,55.5,55.5,55.5,0.0,0.0,0,,,,,,,
401767465,2025,regular,11,2025-11-08 22:00:00+00:00,2837,East Texas A&M,2377,McNeese,1,-2.5,-2.5,-2.5,-2.5,-2.5,0.0,0.0,0,,,,,,,,1,53.5,53.5,53.5,53.5,53.5,0.0,0.0,0,,,,,,,
401767466,2025,regular,12,2025-11-15 22:00:00+00:00,2837,East Texas A&M,2277,Houston Christian,1,-9.5,-9.5,-9.5,-9.5,-9.5,0.0,0.0,0,,,,,,,,1,51.5,51.5,51.5,51.5,51.5,0.0,0.0,0,,,,,,,
401767470,2025,regular,7,2025-10-11 23:00:00+00:00,2277,Houston Christian,2466,Northwestern State,1,-12.5,-12.5,-12.5,-12.5,-12.5,0.0,0.0,0,,,,,,,,1,52.5,52.5,52.5,52.5,52.5,0.0,0.0,0,,,,,,,
401767471,2025,regular,8,2025-10-18 23:00:00+00:00,2377,McNeese,2277,Houston Christian,1,-6.5,-6.5,-6.5,-6.5,-6.5,0.0,0.0,0,,,,,,,,1,49.5,49.5,49.5,49.5,49.5,0.0,0.0,0,,,,,,,
401767472,2025,regular,9,2025-10-25 19:00:00+00:00,2277,Houston Christian,2545,SE Louisiana,1,21.5,21.5,21.5,21.5,21.5,0.0,0.0,0,,,,,,,,1,52.5,52.5,52.5,52.5,52.5,0.0,0.0,0,,,,,,,
401767473,2025,regular,10,2025-11-01 20:00:00+00:00,2447,Nicholls,2277,Houston Christian,1,-11.5,-11.5,-11.5,-11.5,-11.5,0.0,0.0,0,,,,,,,,1,41.5,41.5,41.5,41.5,41.5,0.0,0.0,0,,,,,,,
401767474,2025,regular,11,2025-11-08 20:00:00+00:00,2277,Houston Christian,2617,Stephen F. Austin,1,24.5,24.5,24.5,24.5,24.5,0.0,0.0,0,,,,,,,,1,48.5,48.5,48.5,48.5,48.5,0.0,0.0,0,,,,,,,
401767475,2025,regular,13,2025-11-22 20:00:00+00:00,2277,Houston Christian,2916,Incarnate Word,1,17.5,17.5,17.5,17.5,17.5,0.0,0.0,0,,,,,,,,1,49.5,49.5,49.5,49.5,49.5,0.0,0.0,0,,,,,,,
401767476,2025,regular,1,2025-08-23 17:00:00+00:00,2447,Nicholls,2916,Incarnate Word,2,13.5,13.5,13.5,13.5,13.5,0.0,0.0,1,13.5,13.5,13.5,13.5,13.5,0.0,0.0,2,51.0,51.0,51.0,50.5,51.5,1.0,0.7071067811865476,1,51.5,51.5,51.5,51.5,51.5,0.0,0.0
401767478,2025,regular,9,2025-10-26 00:00:00+00:00,292,UT Rio Grande Valley,2916,Incarnate Word,1,4.5,4.5,4.5,4.5,4.5,0.0,0.0,0,,,,,,,,1,54.5,54.5,54.5,54.5,54.5,0.0,0.0,0,,,,,,,
401767479,2025,regular,10,2025-11-01 19:00:00+00:00,2916,Incarnate Word,2320,Lamar,1,-2.5,-2.5,-2.5,-2.5,-2.5,0.0,0.0,0,,,,,,,,1,52.5,52.5,52.5,52.5,52.5,0.0,0.0,0,,,,,,,
401767480,2025,regular,11,2025-11-08 19:00:00+00:00,2466,Northwestern State,2916,Incarnate Word,1,24.5,24.5,24.5,24.5,24.5,0.0,0.0,0,,,,,,,,1,54.5,54.5,54.5,54.5,54.5,0.0,0.0,0,,,,,,,
401767481,2025,regular,12,2025-11-15 20:00:00+00:00,2916,Incarnate Word,2545,SE Louisiana,1,5.5,5.5,5.5,5.5,5.5,0.0,0.0,0,,,,,,,,1,54.5,54.5,54.5,54.5,54.5,0.0,0.0,0,,,,,,,
401767482,2025,regular,2,2025-09-06 23:00:00+00:00,2320,Lamar,233,South Dakota,1,17.0,17.0,17.0,17.0,17.0,0.0,0.0,0,,,,,,,,1,51.5,51.5,51.5,51.5,51.5,0.0,0.0,0,,,,,,,
401767483,2025,regular,5,2025-09-27 23:00:00+00:00,2320,Lamar,2110,Central Arkansas,1,-6.5,-6.5,-6.5,-6.5,-6.5,0.0,0.0,0,,,,,,,,1,48.5,48.5,48.5,48.5,48.5,0.0,0.0,0,,,,,,,
401767484,2025,regular,6,2025-10-04 20:00:00+00:00,2320,Lamar,2447,Nicholls,1,-3.5,-3.5,-3.5,-3.5,-3.5,0.0,0.0,0,,,,,,,,1,41.5,41.5,41.5,41.5,41.5,0.0,0.0,0,,,,,,,
401767485,2025,regular,8,2025-10-18 20:00:00+00:00,2320,Lamar,292,UT Rio Grande Valley,1,-3.5,-3.5,-3.5,-3.5,-3.5,0.0,0.0,0,,,,,,,,1,51.5,51.5,51.5,51.5,51.5,0.0,0.0,0,,,,,,,
401767486,2025,regular,9,2025-10-25 19:00:00+00:00,2466,Northwestern State,2320,Lamar,1,24.5,24.5,24.5,24.5,24.5,0.0,0.0,0,,,,,,,,1,47.5,47.5,47.5,47.5,47.5,0.0,0.0,0,,,,,,,
401767487,2025,regular,11,2025-11-08 21:00:00+00:00,2320,Lamar,2545,SE Louisiana,1,8.0,8.0,8.0,8.0,8.0,0.0,0.0,0,,,,,,,,1,49.5,49.5,49.5,49.5,49.5,0.0,0.0,0,,,,,,,
401767488,2025,regular,12,2025-11-15 22:00:00+00:00,2617,Stephen F. Austin,2320,Lamar,1,-11.0,-11.0,-11.0,-11.0,-11.0,0.0,0.0,0,,,,,,,,1,45.5,45.5,45.5,45.5,45.5,0.0,0.0,0,,,,,,,
401767489,2025,regular,13,2025-11-22 21:00:00+00:00,2320,Lamar,2377,McNeese,1,-13.5,-13.5,-13.5,-13.5,-13.5,0.0,0.0,0,,,,,,,,1,47.5,47.5,47.5,47.5,47.5,0.0,0.0,0,,,,,,,
401767491,2025,regular,5,2025-09-28 00:00:00+00:00,2617,Stephen F. Austin,2377,McNeese,1,-13.5,-13.5,-13.5,-13.5,-13.5,0.0,0.0,0,,,,,,,,1,55.5,55.5,55.5,55.5,55.5,0.0,0.0,0,,,,,,,
401767493,2025,regular,9,2025-10-25 20:00:00+00:00,2447,Nicholls,2377,McNeese,1,-5.5,-5.5,-5.5,-5.5,-5.5,0.0,0.0,0,,,,,,,,1,43.5,43.5,43.5,43.5,43.5,0.0,0.0,0,,,,,,,
401767494,2025,regular,10,2025-11-01 23:00:00+00:00,2377,McNeese,2466,Northwestern State,1,-16.5,-16.5,-16.5,-16.5,-16.5,0.0,0.0,0,,,,,,,,1,48.5,48.5,48.5,48.5,48.5,0.0,0.0,0,,,,,,,
401767497,2025,regular,8,2025-10-18 18:00:00+00:00,93,Murray State,2571,South Dakota State,1,37.5,37.5,37.5,37.5,37.5,0.0,0.0,0,,,,,,,,1,56.5,56.5,56.5,56.5,56.5,0.0,0.0,0,,,,,,,
401767498,2025,regular,9,2025-10-25 18:00:00+00:00,2754,Youngstown State,93,Murray State,1,-24.5,-24.5,-24.5,-24.5,-24.5,0.0,0.0,0,,,,,,,,0,,,,,,,,0,,,,,,,
401767499,2025,regular,10,2025-11-01 21:00:00+00:00,93,Murray State,79,Southern Illinois,1,24.5,24.5,24.5,24.5,24.5,0.0,0.0,0,,,,,,,,1,58.5,58.5,58.5,58.5,58.5,0.0,0.0,0,,,,,,,
401767500,2025,regular,11,2025-11-08 19:00:00+00:00,2460,Northern Iowa,93,Murray State,1,-12.5,-12.5,-12.5,-12.5,-12.5,0.0,0.0,0,,,,,,,,1,49.5,49.5,49.5,49.5,49.5,0.0,0.0,0,,,,,,,
401767501,2025,regular,12,2025-11-15 17:00:00+00:00,93,Murray State,155,North Dakota,1,34.0,34.0,34.0,34.0,34.0,0.0,0.0,0,,,,,,,,1,55.5,55.5,55.5,55.5,55.5,0.0,0.0,0,,,,,,,
401767502,2025,regular,4,2025-09-20 20:00:00+00:00,155,North Dakota,2674,Valparaiso,1,-44.0,-44.0,-44.0,-44.0,-44.0,0.0,0.0,0,,,,,,,,1,59.5,59.5,59.5,59.5,59.5,0.0,0.0,0,,,,,,,
401767503,2025,regular,6,2025-10-04 21:00:00+00:00,2460,Northern Iowa,155,North Dakota,1,15.0,15.0,15.0,15.0,15.0,0.0,0.0,0,,,,,,,,1,53.5,53.5,53.5,53.5,53.5,0.0,0.0,0,,,,,,,
401767504,2025,regular,7,2025-10-11 20:00:00+00:00,155,North Dakota,2754,Youngstown State,1,-9.0,-9.0,-9.0,-9.0,-9.0,0.0,0.0,0,,,,,,,,1,63.5,63.5,63.5,63.5,63.5,0.0,0.0,0,,,,,,,
401767505,2025,regular,8,2025-10-18 17:00:00+00:00,79,Southern Illinois,155,North Dakota,1,3.0,3.0,3.0,3.0,3.0,0.0,0.0,0,,,,,,,,1,59.5,59.5,59.5,59.5,59.5,0.0,0.0,0,,,,,,,
401767506,2025,regular,10,2025-11-01 18:00:00+00:00,233,South Dakota,155,North Dakota,1,13.5,13.5,13.5,13.5,13.5,0.0,0.0,0,,,,,,,,1,51.5,51.5,51.5,51.5,51.5,0.0,0.0,0,,,,,,,
401767507,2025,regular,11,2025-11-08 19:00:00+00:00,155,North Dakota,2449,North Dakota State,1,10.5,10.5,10.5,10.5,10.5,0.0,0.0,0,,,,,,,,1,53.5,53.5,53.5,53.5,53.5,0.0,0.0,0,,,,,,,
401767508,2025,regular,13,2025-11-22 19:00:00+00:00,155,North Dakota,2571,South Dakota State,1,-9.5,-9.5,-9.5,-9.5,-9.5,0.0,0.0,0,,,,,,,,1,48.5,48.5,48.5,48.5,48.5,0.0,0.0,0,,,,,,,
401767510,2025,regular,5,2025-09-27 18:00:00+00:00,2449,North Dakota State,233,South Dakota,1,-25.5,-25.5,-25.5,-25.5,-25.5,0.0,0.0,0,,,,,,,,1,50.5,50.5,50.5,50.5,50.5,0.0,0.0,0,,,,,,,
401767511,2025,regular,7,2025-10-11 19:30:00+00:00,2449,North Dakota State,79,Southern Illinois,1,-20.0,-20.0,-20.0,-20.0,-20.0,0.0,0.0,0,,,,,,,,1,58.5,58.5,58.5,58.5,58.5,0.0,0.0,0,,,,,,,
401767512,2025,regular,9,2025-10-26 00:00:00+00:00,2571,South Dakota State,2449,North Dakota State,1,9.0,9.0,9.0,9.0,9.0,0.0,0.0,0,,,,,,,,1,45.5,45.5,45.5,45.5,45.5,0.0,0.0,0,,,,,,,
401767513,2025,regular,10,2025-11-01 19:30:00+00:00,2449,North Dakota State,2754,Youngstown State,1,-26.5,-26.5,-26.5,-26.5,-26.5,0.0,0.0,0,,,,,,,,1,60.5,60.5,60.5,60.5,60.5,0.0,0.0,0,,,,,,,
401767514,2025,regular,12,2025-11-15 20:30:00+00:00,2449,North Dakota State,2460,Northern Iowa,1,-34.0,-34.0,-34.0,-34.0,-34.0,0.0,0.0,0,,,,,,,,1,47.5,47.5,47.5,47.5,47.5,0.0,0.0,0,,,,,,,
401767515,2025,regular,13,2025-11-22 20:30:00+00:00,2449,North Dakota State,2900,St. Thomas (MN),1,-33.5,-33.5,-33.5,-33.5,-33.5,0.0,0.0,0,,,,,,,,1,51.5,51.5,51.5,51.5,51.5,0.0,0.0,0,,,,,,,
401767517,2025,regular,8,2025-10-18 23:00:00+00:00,2617,Stephen F. Austin,2447,Nicholls,1,-13.5,-13.5,-13.5,-13.5,-13.5,0.0,0.0,0,,,,,,,,1,47.5,47.5,47.5,47.5,47.5,0.0,0.0,0,,,,,,,
401767519,2025,regular,12,2025-11-15 21:00:00+00:00,2447,Nicholls,2466,Northwestern State,1,-23.5,-23.5,-23.5,-23.5,-23.5,0.0,0.0,0,,,,,,,,1,45.5,45.5,45.5,45.5,45.5,0.0,0.0,0,,,,,,,
401767520,2025,regular,13,2025-11-21 00:00:00+00:00,2545,SE Louisiana,2447,Nicholls,1,-17.5,-17.5,-17.5,-17.5,-17.5,0.0,0.0,0,,,,,,,,1,49.5,49.5,49.5,49.5,49.5,0.0,0.0,0,,,,,,,
401767521,2025,regular,8,2025-10-18 21:00:00+00:00,2545,SE Louisiana,2466,Northwestern State,1,-31.0,-31.0,-31.0,-31.0,-31.0,0.0,0.0,0,,,,,,,,1,53.5,53.5,53.5,53.5,53.5,0.0,0.0,0,,,,,,,
401767522,2025,regular,13,2025-11-21 00:30:00+00:00,2466,Northwestern State,2617,Stephen F. Austin,1,37.5,37.5,37.5,37.5,37.5,0.0,0.0,0,,,,,,,,1,50.5,50.5,50.5,50.5,50.5,0.0,0.0,0,,,,,,,
401767523,2025,regular,5,2025-09-27 23:00:00+00:00,2545,SE Louisiana,292,UT Rio Grande Valley,1,-18.0,-18.0,-18.0,-18.0,-18.0,0.0,0.0,0,,,,,,,,1,53.5,53.5,53.5,53.5,53.5,0.0,0.0,0,,,,,,,
401767525,2025,regular,10,2025-11-01 23:00:00+00:00,2617,Stephen F. Austin,292,UT Rio Grande Valley,1,-10.0,-10.0,-10.0,-10.0,-10.0,0.0,0.0,0,,,,,,,,1,55.5,55.5,55.5,55.5,55.5,0.0,0.0,0,,,,,,,
401767529,2025,regular,3,2025-09-13 22:00:00+00:00,236,Chattanooga,56,Stetson,1,-27.5,-27.5,-27.5,-27.5,-27.5,0.0,0.0,0,,,,,,,,1,54.5,54.5,54.5,54.5,54.5,0.0,0.0,0,,,,,,,
401767530,2025,regular,5,2025-09-27 22:00:00+00:00,236,Chattanooga,2643,The Citadel,1,-15.5,-15.5,-15.5,-15.5,-15.5,0.0,0.0,0,,,,,,,,1,47.5,47.5,47.5,47.5,47.5,0.0,0.0,0,,,,,,,
401767531,2025,regular,6,2025-10-04 17:30:00+00:00,2678,VMI,236,Chattanooga,1,8.0,8.0,8.0,8.0,8.0,0.0,0.0,0,,,,,,,,1,52.5,52.5,52.5,52.5,52.5,0.0,0.0,0,,,,,,,
401767532,2025,regular,8,2025-10-18 17:30:00+00:00,236,Chattanooga,2193,East Tennessee State,1,4.5,4.5,4.5,4.5,4.5,0.0,0.0,0,,,,,,,,1,52.5,52.5,52.5,52.5,52.5,0.0,0.0,0,,,,,,,
401767533,2025,regular,9,2025-10-25 19:30:00+00:00,2535,Samford,236,Chattanooga,1,10.0,10.0,10.0,10.0,10.0,0.0,0.0,0,,,,,,,,1,54.5,54.5,54.5,54.5,54.5,0.0,0.0,0,,,,,,,
401767534,2025,regular,10,2025-11-01 20:00:00+00:00,236,Chattanooga,2717,Western Carolina,1,3.5,3.5,3.5,3.5,3.5,0.0,0.0,0,,,,,,,,1,62.5,62.5,62.5,62.5,62.5,0.0,0.0,0,,,,,,,
401767535,2025,regular,11,2025-11-08 17:00:00+00:00,236,Chattanooga,231,Furman,1,-6.0,-6.0,-6.0,-6.0,-6.0,0.0,0.0,0,,,,,,,,1,51.5,51.5,51.5,51.5,51.5,0.0,0.0,0,,,,,,,
401767536,2025,regular,1,2025-08-30 18:00:00+00:00,2460,Northern Iowa,2086,Butler,1,-16.5,-16.5,-16.5,-16.5,-16.5,0.0,0.0,0,,,,,,,,1,53.5,53.5,53.5,53.5,53.5,0.0,0.0,0,,,,,,,
401767537,2025,regular,7,2025-10-11 19:00:00+00:00,2571,South Dakota State,2460,Northern Iowa,1,-28.5,-28.5,-28.5,-28.5,-28.5,0.0,0.0,0,,,,,,,,1,47.5,47.5,47.5,47.5,47.5,0.0,0.0,0,,,,,,,
401767538,2025,regular,8,2025-10-18 18:00:00+00:00,2460,Northern Iowa,233,South Dakota,1,6.5,6.5,6.5,6.5,6.5,0.0,0.0,0,,,,,,,,1,46.5,46.5,46.5,46.5,46.5,0.0,0.0,0,,,,,,,
401767539,2025,regular,9,2025-10-25 19:00:00+00:00,79,Southern Illinois,2460,Northern Iowa,1,-15.0,-15.0,-15.0,-15.0,-15.0,0.0,0.0,0,,,,,,,,1,50.5,50.5,50.5,50.5,50.5,0.0,0.0,0,,,,,,,
401767540,2025,regular,13,2025-11-22 19:00:00+00:00,2460,Northern Iowa,2754,Youngstown State,1,14.0,14.0,14.0,14.0,14.0,0.0,0.0,0,,,,,,,,1,57.5,57.5,57.5,57.5,57.5,0.0,0.0,0,,,,,,,
401767541,2025,regular,4,2025-09-20 18:00:00+00:00,233,South Dakota,2181,Drake,1,-17.0,-17.0,-17.0,-17.0,-17.0,0.0,0.0,0,,,,,,,,1,46.5,46.5,46.5,46.5,46.5,0.0,0.0,0,,,,,,,
401767542,2025,regular,11,2025-11-08 21:00:00+00:00,233,South Dakota,2571,South Dakota State,1,7.5,7.5,7.5,7.5,7.5,0.0,0.0,0,,,,,,,,1,46.5,46.5,46.5,46.5,46.5,0.0,0.0,0,,,,,,,
401767543,2025,regular,12,2025-11-15 18:00:00+00:00,79,Southern Illinois,233,South Dakota,1,-4.5,-4.5,-4.5,-4.5,-4.5,0.0,0.0,0,,,,,,,,1,50.5,50.5,50.5,50.5,50.5,0.0,0.0,0,,,,,,,
401767544,2025,regular,3,2025-09-13 23:00:00+00:00,2571,South Dakota State,2181,Drake,1,-34.0,-34.0,-34.0,-34.0,-34.0,0.0,0.0,0,,,,,,,,1,47.5,47.5,47.5,47.5,47.5,0.0,0.0,0,,,,,,,
401767545,2025,regular,5,2025-09-27 19:00:00+00:00,2571,South Dakota State,2385,Mercyhurst,1,-32.5,-32.5,-32.5,-32.5,-32.5,0.0,0.0,0,,,,,,,,1,58.5,58.5,58.5,58.5,58.5,0.0,0.0,0,,,,,,,
401767546,2025,regular,6,2025-10-04 22:00:00+00:00,2754,Youngstown State,2571,South Dakota State,1,15.0,15.0,15.0,15.0,15.0,0.0,0.0,0,,,,,,,,1,55.5,55.5,55.5,55.5,55.5,0.0,0.0,0,,,,,,,
401767548,2025,regular,11,2025-11-08 19:00:00+00:00,2754,Youngstown State,79,Southern Illinois,1,-5.0,-5.0,-5.0,-5.0,-5.0,0.0,0.0,0,,,,,,,,1,59.5,59.5,59.5,59.5,59.5,0.0,0.0,0,,,,,,,
401767549,2025,regular,1,2025-08-28 22:00:00+00:00,2754,Youngstown State,2385,Mercyhurst,1,-24.0,-24.0,-24.0,-24.0,-24.0,0.0,0.0,0,,,,,,,,1,59.5,59.5,59.5,59.5,59.5,0.0,0.0,0,,,,,,,
401767550,2025,regular,2,2025-09-06 18:00:00+00:00,2754,Youngstown State,2523,Robert Morris,1,-19.5,-19.5,-19.5,-19.5,-19.5,0.0,0.0,0,,,,,,,,1,50.5,50.5,50.5,50.5,50.5,0.0,0.0,0,,,,,,,
401767551,2025,regular,4,2025-09-20 16:00:00+00:00,225,Brown,46,Georgetown,1,3.5,3.5,3.5,3.5,3.5,0.0,0.0,0,,,,,,,,1,57.5,57.5,57.5,57.5,57.5,0.0,0.0,0,,,,,,,
401767552,2025,regular,5,2025-09-27 22:00:00+00:00,108,Harvard,225,Brown,1,-16.5,-16.5,-16.5,-16.5,-16.5,0.0,0.0,0,,,,,,,,1,57.5,57.5,57.5,57.5,57.5,0.0,0.0,0,,,,,,,
401767553,2025,regular,8,2025-10-18 16:00:00+00:00,225,Brown,163,Princeton,1,-3.5,-3.5,-3.5,-3.5,-3.5,0.0,0.0,0,,,,,,,,1,51.5,51.5,51.5,51.5,51.5,0.0,0.0,0,,,,,,,
401767554,2025,regular,9,2025-10-25 17:00:00+00:00,172,Cornell,225,Brown,1,2.5,2.5,2.5,2.5,2.5,0.0,0.0,0,,,,,,,,1,50.5,50.5,50.5,50.5,50.5,0.0,0.0,0,,,,,,,
401767555,2025,regular,10,2025-10-31 23:00:00+00:00,219,Pennsylvania,225,Brown,1,-11.5,-11.5,-11.5,-11.5,-11.5,0.0,0.0,0,,,,,,,,1,50.5,50.5,50.5,50.5,50.5,0.0,0.0,0,,,,,,,
401767556,2025,regular,12,2025-11-15 20:00:00+00:00,2382,Mercer,236,Chattanooga,1,-15.5,-15.5,-15.5,-15.5,-15.5,0.0,0.0,0,,,,,,,,1,57.5,57.5,57.5,57.5,57.5,0.0,0.0,0,,,,,,,
401767557,2025,regular,13,2025-11-22 18:30:00+00:00,2747,Wofford,236,Chattanooga,1,-4.5,-4.5,-4.5,-4.5,-4.5,0.0,0.0,0,,,,,,,,1,47.5,47.5,47.5,47.5,47.5,0.0,0.0,0,,,,,,,
401767558,2025,regular,5,2025-09-27 21:30:00+00:00,2193,East Tennessee State,2382,Mercer,1,2.0,2.0,2.0,2.0,2.0,0.0,0.0,0,,,,,,,,1,52.5,52.5,52.5,52.5,52.5,0.0,0.0,0,,,,,,,
401767559,2025,regular,6,2025-10-04 18:00:00+00:00,231,Furman,2193,East Tennessee State,1,-0.5,-0.5,-0.5,-0.5,-0.5,0.0,0.0,0,,,,,,,,1,54.5,54.5,54.5,54.5,54.5,0.0,0.0,0,,,,,,,
401767560,2025,regular,7,2025-10-11 19:30:00+00:00,2193,East Tennessee State,2678,VMI,1,-16.5,-16.5,-16.5,-16.5,-16.5,0.0,0.0,0,,,,,,,,1,55.5,55.5,55.5,55.5,55.5,0.0,0.0,0,,,,,,,
401767561,2025,regular,9,2025-10-25 19:30:00+00:00,2193,East Tennessee State,2747,Wofford,1,-9.0,-9.0,-9.0,-9.0,-9.0,0.0,0.0,0,,,,,,,,1,50.5,50.5,50.5,50.5,50.5,0.0,0.0,0,,,,,,,
401767562,2025,regular,11,2025-11-08 20:30:00+00:00,2535,Samford,2193,East Tennessee State,1,18.5,18.5,18.5,18.5,18.5,0.0,0.0,0,,,,,,,,1,56.5,56.5,56.5,56.5,56.5,0.0,0.0,0,,,,,,,
401767563,2025,regular,12,2025-11-15 17:00:00+00:00,2717,Western Carolina,2193,East Tennessee State,1,-6.0,-6.0,-6.0,-6.0,-6.0,0.0,0.0,0,,,,,,,,1,69.5,69.5,69.5,69.5,69.5,0.0,0.0,0,,,,,,,
401767564,2025,regular,13,2025-11-22 18:00:00+00:00,2193,East Tennessee State,2643,The Citadel,1,-11.5,-11.5,-11.5,-11.5,-11.5,0.0,0.0,0,,,,,,,,1,54.5,54.5,54.5,54.5,54.5,0.0,0.0,0,,,,,,,
401767565,2025,regular,2,2025-09-06 18:00:00+00:00,231,Furman,2506,Presbyterian,1,-8.5,-8.5,-8.5,-8.5,-8.5,0.0,0.0,0,,,,,,,,1,44.5,44.5,44.5,44.5,44.5,0.0,0.0,0,,,,,,,
401767566,2025,regular,5,2025-09-27 19:30:00+00:00,2535,Samford,231,Furman,1,7.0,7.0,7.0,7.0,7.0,0.0,0.0,0,,,,,,,,1,54.5,54.5,54.5,54.5,54.5,0.0,0.0,0,,,,,,,
401767567,2025,regular,7,2025-10-11 18:30:00+00:00,2717,Western Carolina,231,Furman,1,-3.5,-3.5,-3.5,-3.5,-3.5,0.0,0.0,0,,,,,,,,1,67.5,67.5,67.5,67.5,67.5,0.0,0.0,0,,,,,,,
401767568,2025,regular,8,2025-10-18 16:00:00+00:00,2747,Wofford,231,Furman,1,-2.5,-2.5,-2.5,-2.5,-2.5,0.0,0.0,0,,,,,,,,1,41.5,41.5,41.5,41.5,41.5,0.0,0.0,0,,,,,,,
401767569,2025,regular,9,2025-10-25 18:00:00+00:00,231,Furman,2643,The Citadel,1,-2.5,-2.5,-2.5,-2.5,-2.5,0.0,0.0,0,,,,,,,,1,47.5,47.5,47.5,47.5,47.5,0.0,0.0,0,,,,,,,
401767570,2025,regular,10,2025-11-01 18:00:00+00:00,231,Furman,2382,Mercer,1,15.5,15.5,15.5,15.5,15.5,0.0,0.0,0,,,,,,,,1,52.5,52.5,52.5,52.5,52.5,0.0,0.0,0,,,,,,,
401767571,2025,regular,12,2025-11-15 18:00:00+00:00,231,Furman,2678,VMI,1,-20.5,-20.5,-20.5,-20.5,-20.5,0.0,0.0,0,,,,,,,,1,51.5,51.5,51.5,51.5,51.5,0.0,0.0,0,,,,,,,
401767572,2025,regular,1,2025-08-30 22:00:00+00:00,2382,Mercer,2506,Presbyterian,1,-22.5,-22.5,-22.5,-22.5,-22.5,0.0,0.0,0,,,,,,,,1,51.5,51.5,51.5,51.5,51.5,0.0,0.0,0,,,,,,,
401767573,2025,regular,3,2025-09-13 22:00:00+00:00,2382,Mercer,2747,Wofford,1,-10.5,-10.5,-10.5,-10.5,-10.5,0.0,0.0,0,,,,,,,,1,42.5,42.5,42.5,42.5,42.5,0.0,0.0,0,,,,,,,
401767574,2025,regular,4,2025-09-20 18:00:00+00:00,2643,The Citadel,2382,Mercer,1,2.5,2.5,2.5,2.5,2.5,0.0,0.0,0,,,,,,,,1,42.5,42.5,42.5,42.5,42.5,0.0,0.0,0,,,,,,,
401767576,2025,regular,7,2025-10-11 16:00:00+00:00,163,Princeton,2382,Mercer,1,9.5,9.5,9.5,9.5,9.5,0.0,0.0,0,,,,,,,,1,53.5,53.5,53.5,53.5,53.5,0.0,0.0,0,,,,,,,
401767577,2025,regular,9,2025-10-25 19:00:00+00:00,2382,Mercer,2678,VMI,1,-27.5,-27.5,-27.5,-27.5,-27.5,0.0,0.0,0,,,,,,,,1,51.5,51.5,51.5,51.5,51.5,0.0,0.0,0,,,,,,,
401767578,2025,regular,11,2025-11-08 19:30:00+00:00,2717,Western Carolina,2382,Mercer,1,8.0,8.0,8.0,8.0,8.0,0.0,0.0,0,,,,,,,,1,65.5,65.5,65.5,65.5,65.5,0.0,0.0,0,,,,,,,
401767579,2025,regular,2,2025-09-06 19:30:00+00:00,2535,Samford,2643,The Citadel,1,-2.5,-2.5,-2.5,-2.5,-2.5,0.0,0.0,0,,,,,,,,1,45.5,45.5,45.5,45.5,45.5,0.0,0.0,0,,,,,,,
401767580,2025,regular,4,2025-09-20 18:30:00+00:00,2717,Western Carolina,2535,Samford,1,-10.5,-10.5,-10.5,-10.5,-10.5,0.0,0.0,0,,,,,,,,1,58.5,58.5,58.5,58.5,58.5,0.0,0.0,0,,,,,,,
401767581,2025,regular,8,2025-10-18 17:30:00+00:00,2678,VMI,2535,Samford,1,3.5,3.5,3.5,3.5,3.5,0.0,0.0,0,,,,,,,,1,53.5,53.5,53.5,53.5,53.5,0.0,0.0,0,,,,,,,
401767582,2025,regular,10,2025-11-01 17:30:00+00:00,2747,Wofford,2535,Samford,1,-12.5,-12.5,-12.5,-12.5,-12.5,0.0,0.0,0,,,,,,,,1,47.5,47.5,47.5,47.5,47.5,0.0,0.0,0,,,,,,,
401767585,2025,regular,10,2025-11-01 18:00:00+00:00,2643,The Citadel,2678,VMI,1,-14.0,-14.0,-14.0,-14.0,-14.0,0.0,0.0,0,,,,,,,,1,48.5,48.5,48.5,48.5,48.5,0.0,0.0,0,,,,,,,
401767586,2025,regular,12,2025-11-15 19:00:00+00:00,2643,The Citadel,2747,Wofford,1,3.5,3.5,3.5,3.5,3.5,0.0,0.0,0,,,,,,,,1,43.5,43.5,43.5,43.5,43.5,0.0,0.0,0,,,,,,,
401767588,2025,regular,3,2025-09-13 19:30:00+00:00,2083,Bucknell,2678,VMI,1,-8.5,-8.5,-8.5,-8.5,-8.5,0.0,0.0,0,,,,,,,,1,53.5,53.5,53.5,53.5,53.5,0.0,0.0,0,,,,,,,
401767589,2025,regular,4,2025-09-20 18:00:00+00:00,257,Richmond,2678,VMI,1,-17.0,-17.0,-17.0,-17.0,-17.0,0.0,0.0,0,,,,,,,,1,42.5,42.5,42.5,42.5,42.5,0.0,0.0,0,,,,,,,
401767590,2025,regular,11,2025-11-08 18:30:00+00:00,2678,VMI,2747,Wofford,1,11.0,11.0,11.0,11.0,11.0,0.0,0.0,0,,,,,,,,1,44.5,44.5,44.5,44.5,44.5,0.0,0.0,0,,,,,,,
401767591,2025,regular,13,2025-11-22 17:00:00+00:00,2678,VMI,2717,Western Carolina,1,25.5,25.5,25.5,25.5,25.5,0.0,0.0,0,,,,,,,,1,63.5,63.5,63.5,63.5,63.5,0.0,0.0,0,,,,,,,
401767592,2025,regular,6,2025-10-04 17:30:00+00:00,2747,Wofford,2717,Western Carolina,1,10.5,10.5,10.5,10.5,10.5,0.0,0.0,0,,,,,,,,1,53.5,53.5,53.5,53.5,53.5,0.0,0.0,0,,,,,,,
401767593,2025,regular,2,2025-09-06 22:00:00+00:00,2747,Wofford,257,Richmond,1,6.5,6.5,6.5,6.5,6.5,0.0,0.0,0,,,,,,,,1,40.5,40.5,40.5,40.5,40.5,0.0,0.0,0,,,,,,,
401767594,2025,regular,5,2025-09-27 17:00:00+00:00,2086,Butler,2368,Marist,1,-6.5,-6.5,-6.5,-6.5,-6.5,0.0,0.0,0,,,,,,,,1,47.5,47.5,47.5,47.5,47.5,0.0,0.0,0,,,,,,,
401767595,2025,regular,6,2025-10-04 18:00:00+00:00,2900,St. Thomas (MN),2086,Butler,1,-6.5,-6.5,-6.5,-6.5,-6.5,0.0,0.0,0,,,,,,,,1,48.5,48.5,48.5,48.5,48.5,0.0,0.0,0,,,,,,,
401767596,2025,regular,7,2025-10-11 17:00:00+00:00,2086,Butler,2506,Presbyterian,1,10.5,10.5,10.5,10.5,10.5,0.0,0.0,0,,,,,,,,1,51.5,51.5,51.5,51.5,51.5,0.0,0.0,0,,,,,,,
401767597,2025,regular,8,2025-10-18 16:00:00+00:00,2168,Dayton,2086,Butler,1,-2.5,-2.5,-2.5,-2.5,-2.5,0.0,0.0,0,,,,,,,,1,46.5,46.5,46.5,46.5,46.5,0.0,0.0,0,,,,,,,
401767598,2025,regular,10,2025-11-01 17:00:00+00:00,2086,Butler,2181,Drake,1,6.5,6.5,6.5,6.5,6.5,0.0,0.0,0,,,,,,,,1,47.5,47.5,47.5,47.5,47.5,0.0,0.0,0,,,,,,,
401767599,2025,regular,11,2025-11-08 18:00:00+00:00,2413,Morehead State,2086,Butler,1,12.5,12.5,12.5,12.5,12.5,0.0,0.0,0,,,,,,,,1,47.5,47.5,47.5,47.5,47.5,0.0,0.0,0,,,,,,,
401767600,2025,regular,12,2025-11-15 21:00:00+00:00,301,San Diego,2086,Butler,1,-7.5,-7.5,-7.5,-7.5,-7.5,0.0,0.0,0,,,,,,,,1,46.5,46.5,46.5,46.5,46.5,0.0,0.0,0,,,,,,,
401767601,2025,regular,13,2025-11-22 18:00:00+00:00,2086,Butler,2674,Valparaiso,1,-16.5,-16.5,-16.5,-16.5,-16.5,0.0,0.0,0,,,,,,,,1,48.5,48.5,48.5,48.5,48.5,0.0,0.0,0,,,,,,,
401767602,2025,regular,1,2025-08-30 17:00:00+00:00,2166,Davidson,46,Georgetown,1,3.5,3.5,3.5,3.5,3.5,0.0,0.0,0,,,,,,,,1,55.5,55.5,55.5,55.5,55.5,0.0,0.0,0,,,,,,,
401767604,2025,regular,6,2025-10-04 17:00:00+00:00,56,Stetson,2166,Davidson,1,6.5,6.5,6.5,6.5,6.5,0.0,0.0,0,,,,,,,,1,61.5,61.5,61.5,61.5,61.5,0.0,0.0,0,,,,,,,
401767605,2025,regular,7,2025-10-11 17:00:00+00:00,2166,Davidson,2900,St. Thomas (MN),1,21.5,21.5,21.5,21.5,21.5,0.0,0.0,0,,,,,,,,1,56.5,56.5,56.5,56.5,56.5,0.0,0.0,0,,,,,,,
401767606,2025,regular,8,2025-10-18 17:00:00+00:00,2181,Drake,2166,Davidson,1,-33.5,-33.5,-33.5,-33.5,-33.5,0.0,0.0,0,,,,,,,,1,58.5,58.5,58.5,58.5,58.5,0.0,0.0,0,,,,,,,
401767607,2025,regular,9,2025-10-25 16:00:00+00:00,2166,Davidson,301,San Diego,1,28.5,28.5,28.5,28.5,28.5,0.0,0.0,0,,,,,,,,1,56.5,56.5,56.5,56.5,56.5,0.0,0.0,0,,,,,,,
401767608,2025,regular,10,2025-11-01 17:00:00+00:00,2413,Morehead State,2166,Davidson,1,-10.5,-10.5,-10.5,-10.5,-10.5,0.0,0.0,0,,,,,,,,1,58.5,58.5,58.5,58.5,58.5,0.0,0.0,0,,,,,,,
401767609,2025,regular,11,2025-11-08 18:00:00+00:00,2166,Davidson,2506,Presbyterian,1,22.5,22.5,22.5,22.5,22.5,0.0,0.0,0,,,,,,,,1,57.5,57.5,57.5,57.5,57.5,0.0,0.0,0,,,,,,,
401767610,2025,regular,12,2025-11-15 17:00:00+00:00,2368,Marist,2166,Davidson,1,-14.0,-14.0,-14.0,-14.0,-14.0,0.0,0.0,0,,,,,,,,1,55.5,55.5,55.5,55.5,55.5,0.0,0.0,0,,,,,,,
401767611,2025,regular,13,2025-11-22 18:00:00+00:00,2166,Davidson,2168,Dayton,1,17.5,17.5,17.5,17.5,17.5,0.0,0.0,0,,,,,,,,1,51.5,51.5,51.5,51.5,51.5,0.0,0.0,0,,,,,,,
401767613,2025,regular,4,2025-09-20 18:00:00+00:00,2523,Robert Morris,2168,Dayton,1,-2.5,-2.5,-2.5,-2.5,-2.5,0.0,0.0,0,,,,,,,,1,41.5,41.5,41.5,41.5,41.5,0.0,0.0,0,,,,,,,
401767614,2025,regular,5,2025-09-27 16:00:00+00:00,2168,Dayton,56,Stetson,1,-25.5,-25.5,-25.5,-25.5,-25.5,0.0,0.0,0,,,,,,,,1,49.5,49.5,49.5,49.5,49.5,0.0,0.0,0,,,,,,,
401767615,2025,regular,6,2025-10-04 17:00:00+00:00,2413,Morehead State,2168,Dayton,1,9.5,9.5,9.5,9.5,9.5,0.0,0.0,0,,,,,,,,1,46.5,46.5,46.5,46.5,46.5,0.0,0.0,0,,,,,,,
401767616,2025,regular,7,2025-10-11 18:00:00+00:00,2674,Valparaiso,2168,Dayton,1,15.0,15.0,15.0,15.0,15.0,0.0,0.0,0,,,,,,,,1,44.5,44.5,44.5,44.5,44.5,0.0,0.0,0,,,,,,,
401767617,2025,regular,9,2025-10-25 16:00:00+00:00,2168,Dayton,2506,Presbyterian,1,8.5,8.5,8.5,8.5,8.5,0.0,0.0,0,,,,,,,,1,50.5,50.5,50.5,50.5,50.5,0.0,0.0,0,,,,,,,
401767618,2025,regular,10,2025-11-01 20:00:00+00:00,301,San Diego,2168,Dayton,1,-3.5,-3.5,-3.5,-3.5,-3.5,0.0,0.0,0,,,,,,,,1,48.5,48.5,48.5,48.5,48.5,0.0,0.0,0,,,,,,,
401767619,2025,regular,12,2025-11-15 17:00:00+00:00,2168,Dayton,2181,Drake,1,3.5,3.5,3.5,3.5,3.5,0.0,0.0,0,,,,,,,,1,43.5,43.5,43.5,43.5,43.5,0.0,0.0,0,,,,,,,
401767621,2025,regular,6,2025-10-04 17:00:00+00:00,2181,Drake,2674,Valparaiso,1,-25.0,-25.0,-25.0,-25.0,-25.0,0.0,0.0,0,,,,,,,,1,47.5,47.5,47.5,47.5,47.5,0.0,0.0,0,,,,,,,
401767622,2025,regular,7,2025-10-11 21:00:00+00:00,301,San Diego,2181,Drake,1,-1.5,-1.5,-1.5,-1.5,-1.5,0.0,0.0,0,,,,,,,,0,,,,,,,,0,,,,,,,
401767623,2025,regular,9,2025-10-25 16:00:00+00:00,2368,Marist,2181,Drake,1,12.5,12.5,12.5,12.5,12.5,0.0,0.0,0,,,,,,,,1,47.5,47.5,47.5,47.5,47.5,0.0,0.0,0,,,,,,,
401767624,2025,regular,11,2025-11-08 18:00:00+00:00,2181,Drake,2900,St. Thomas (MN),1,-2.5,-2.5,-2.5,-2.5,-2.5,0.0,0.0,0,,,,,,,,1,47.5,47.5,47.5,47.5,47.5,0.0,0.0,0,,,,,,,
401767625,2025,regular,13,2025-11-22 18:00:00+00:00,2181,Drake,2413,Morehead State,1,-21.5,-21.5,-21.5,-21.5,-21.5,0.0,0.0,0,,,,,,,,1,49.5,49.5,49.5,49.5,49.5,0.0,0.0,0,,,,,,,
401767626,2025,regular,2,2025-09-06 17:00:00+00:00,2368,Marist,2083,Bucknell,1,12.0,12.0,12.0,12.0,12.0,0.0,0.0,0,,,,,,,,1,56.5,56.5,56.5,56.5,56.5,0.0,0.0,0,,,,,,,
401767627,2025,regular,3,2025-09-13 17:00:00+00:00,2681,Wagner,2368,Marist,1,-7.5,-7.5,-7.5,-7.5,-7.5,0.0,0.0,0,,,,,,,,1,50.5,50.5,50.5,50.5,50.5,0.0,0.0,0,,,,,,,
401767628,2025,regular,6,2025-10-04 16:00:00+00:00,2368,Marist,301,San Diego,1,8.5,8.5,8.5,8.5,8.5,0.0,0.0,0,,,,,,,,1,51.5,51.5,51.5,51.5,51.5,0.0,0.0,0,,,,,,,
401767629,2025,regular,7,2025-10-10 23:00:00+00:00,219,Pennsylvania,2368,Marist,1,-16.5,-16.5,-16.5,-16.5,-16.5,0.0,0.0,0,,,,,,,,1,52.5,52.5,52.5,52.5,52.5,0.0,0.0,0,,,,,,,
401767630,2025,regular,8,2025-10-18 18:00:00+00:00,2413,Morehead State,2368,Marist,1,8.5,8.5,8.5,8.5,8.5,0.0,0.0,0,,,,,,,,1,46.5,46.5,46.5,46.5,46.5,0.0,0.0,0,,,,,,,
401767631,2025,regular,10,2025-11-01 18:00:00+00:00,2900,St. Thomas (MN),2368,Marist,1,-14.0,-14.0,-14.0,-14.0,-14.0,0.0,0.0,0,,,,,,,,1,50.5,50.5,50.5,50.5,50.5,0.0,0.0,0,,,,,,,
401767632,2025,regular,11,2025-11-08 18:00:00+00:00,2368,Marist,56,Stetson,1,-12.5,-12.5,-12.5,-12.5,-12.5,0.0,0.0,0,,,,,,,,1,47.5,47.5,47.5,47.5,47.5,0.0,0.0,0,,,,,,,
401767633,2025,regular,13,2025-11-22 18:00:00+00:00,2506,Presbyterian,2368,Marist,1,-17.5,-17.5,-17.5,-17.5,-17.5,0.0,0.0,0,,,,,,,,1,49.5,49.5,49.5,49.5,49.5,0.0,0.0,0,,,,,,,
401767636,2025,regular,5,2025-09-27 17:00:00+00:00,2506,Presbyterian,2413,Morehead State,1,-23.5,-23.5,-23.5,-23.5,-23.5,0.0,0.0,0,,,,,,,,1,54.5,54.5,54.5,54.5,54.5,0.0,0.0,0,,,,,,,
401767637,2025,regular,7,2025-10-11 17:00:00+00:00,56,Stetson,2413,Morehead State,1,7.0,7.0,7.0,7.0,7.0,0.0,0.0,0,,,,,,,,1,54.5,54.5,54.5,54.5,54.5,0.0,0.0,0,,,,,,,
401767638,2025,regular,9,2025-10-25 17:00:00+00:00,2674,Valparaiso,2413,Morehead State,1,6.5,6.5,6.5,6.5,6.5,0.0,0.0,0,,,,,,,,1,48.5,48.5,48.5,48.5,48.5,0.0,0.0,0,,,,,,,
401767641,2025,regular,8,2025-10-18 17:00:00+00:00,2506,Presbyterian,56,Stetson,1,-34.5,-34.5,-34.5,-34.5,-34.5,0.0,0.0,0,,,,,,,,1,56.5,56.5,56.5,56.5,56.5,0.0,0.0,0,,,,,,,
401767642,2025,regular,10,2025-11-01 17:00:00+00:00,2506,Presbyterian,2674,Valparaiso,1,-31.5,-31.5,-31.5,-31.5,-31.5,0.0,0.0,0,,,,,,,,1,51.5,51.5,51.5,51.5,51.5,0.0,0.0,0,,,,,,,
401767643,2025,regular,12,2025-11-15 19:00:00+00:00,2900,St. Thomas (MN),2506,Presbyterian,1,-5.5,-5.5,-5.5,-5.5,-5.5,0.0,0.0,0,,,,,,,,1,47.5,47.5,47.5,47.5,47.5,0.0,0.0,0,,,,,,,
401767644,2025,regular,4,2025-09-20 16:00:00+00:00,163,Princeton,301,San Diego,1,-7.5,-7.5,-7.5,-7.5,-7.5,0.0,0.0,0,,,,,,,,1,48.5,48.5,48.5,48.5,48.5,0.0,0.0,0,,,,,,,
401767645,2025,regular,5,2025-09-27 20:00:00+00:00,301,San Diego,2900,St. Thomas (MN),1,-1.0,-1.0,-1.0,-1.0,-1.0,0.0,0.0,0,,,,,,,,1,53.5,53.5,53.5,53.5,53.5,0.0,0.0,0,,,,,,,
401767646,2025,regular,11,2025-11-08 18:00:00+00:00,2674,Valparaiso,301,San Diego,1,23.5,23.5,23.5,23.5,23.5,0.0,0.0,0,,,,,,,,1,48.5,48.5,48.5,48.5,48.5,0.0,0.0,0,,,,,,,
401767647,2025,regular,13,2025-11-22 18:00:00+00:00,56,Stetson,301,San Diego,1,22.0,22.0,22.0,22.0,22.0,0.0,0.0,0,,,,,,,,1,53.5,53.5,53.5,53.5,53.5,0.0,0.0,0,,,,,,,
401767649,2025,regular,8,2025-10-18 18:00:00+00:00,2900,St. Thomas (MN),2674,Valparaiso,1,-27.5,-27.5,-27.5,-27.5,-27.5,0.0,0.0,0,,,,,,,,1,48.5,48.5,48.5,48.5,48.5,0.0,0.0,0,,,,,,,
401767650,2025,regular,9,2025-10-25 17:00:00+00:00,56,Stetson,2900,St. Thomas (MN),1,25.5,25.5,25.5,25.5,25.5,0.0,0.0,0,,,,,,,,1,54.5,54.5,54.5,54.5,54.5,0.0,0.0,0,,,,,,,
401767653,2025,regular,4,2025-09-20 17:00:00+00:00,56,Stetson,108,Harvard,1,35.5,35.5,35.5,35.5,35.5,0.0,0.0,0,,,,,,,,1,56.5,56.5,56.5,56.5,56.5,0.0,0.0,0,,,,,,,
401767654,2025,regular,12,2025-11-15 18:00:00+00:00,2674,Valparaiso,56,Stetson,1,-2.5,-2.5,-2.5,-2.5,-2.5,0.0,0.0,0,,,,,,,,1,48.5,48.5,48.5,48.5,48.5,0.0,0.0,0,,,,,,,
401767657,2025,regular,1,2025-08-30 18:00:00+00:00,2529,Sacred Heart,284,Stonehill,1,-6.5,-6.5,-6.5,-6.5,-6.5,0.0,0.0,0,,,,,,,,1,45.5,45.5,45.5,45.5,45.5,0.0,0.0,0,,,,,,,
401767658,2025,regular,2,2025-09-06 16:00:00+00:00,2329,Lehigh,2529,Sacred Heart,1,-20.0,-20.0,-20.0,-20.0,-20.0,0.0,0.0,0,,,,,,,,1,42.5,42.5,42.5,42.5,42.5,0.0,0.0,0,,,,,,,
401767659,2025,regular,3,2025-09-13 16:00:00+00:00,2341,Long Island University,2529,Sacred Heart,1,-13.5,-13.5,-13.5,-13.5,-13.5,0.0,0.0,0,,,,,,,,1,42.5,42.5,42.5,42.5,42.5,0.0,0.0,0,,,,,,,
401767660,2025,regular,6,2025-10-04 16:00:00+00:00,2115,Central Connecticut,2529,Sacred Heart,1,-5.5,-5.5,-5.5,-5.5,-5.5,0.0,0.0,0,,,,,,,,1,45.5,45.5,45.5,45.5,45.5,0.0,0.0,0,,,,,,,
401767661,2025,regular,10,2025-11-01 16:00:00+00:00,2529,Sacred Heart,2441,New Haven,1,-15.5,-15.5,-15.5,-15.5,-15.5,0.0,0.0,0,,,,,,,,1,49.5,49.5,49.5,49.5,49.5,0.0,0.0,0,,,,,,,
401767663,2025,regular,12,2025-11-15 17:00:00+00:00,2529,Sacred Heart,2771,Merrimack,1,-6.5,-6.5,-6.5,-6.5,-6.5,0.0,0.0,0,,,,,,,,1,45.5,45.5,45.5,45.5,45.5,0.0,0.0,0,,,,,,,
401767664,2025,regular,4,2025-09-20 22:00:00+00:00,2083,Bucknell,2329,Lehigh,1,14.0,14.0,14.0,14.0,14.0,0.0,0.0,0,,,,,,,,1,54.5,54.5,54.5,54.5,54.5,0.0,0.0,0,,,,,,,
401767665,2025,regular,5,2025-09-27 22:00:00+00:00,2083,Bucknell,2598,St. Francis (PA),1,-18.5,-18.5,-18.5,-18.5,-18.5,0.0,0.0,0,,,,,,,,1,49.5,49.5,49.5,49.5,49.5,0.0,0.0,0,,,,,,,
401767666,2025,regular,6,2025-10-04 16:00:00+00:00,2083,Bucknell,257,Richmond,1,5.0,5.0,5.0,5.0,5.0,0.0,0.0,0,,,,,,,,1,50.5,50.5,50.5,50.5,50.5,0.0,0.0,0,,,,,,,
401767667,2025,regular,7,2025-10-11 16:30:00+00:00,322,Lafayette,2083,Bucknell,1,-10.0,-10.0,-10.0,-10.0,-10.0,0.0,0.0,0,,,,,,,,1,62.5,62.5,62.5,62.5,62.5,0.0,0.0,0,,,,,,,
401767668,2025,regular,9,2025-10-25 16:00:00+00:00,2083,Bucknell,46,Georgetown,1,-1.5,-1.5,-1.5,-1.5,-1.5,0.0,0.0,0,,,,,,,,1,57.5,57.5,57.5,57.5,57.5,0.0,0.0,0,,,,,,,
401767669,2025,regular,11,2025-11-08 18:00:00+00:00,2230,Fordham,2083,Bucknell,1,-3.5,-3.5,-3.5,-3.5,-3.5,0.0,0.0,0,,,,,,,,1,56.5,56.5,56.5,56.5,56.5,0.0,0.0,0,,,,,,,
401767670,2025,regular,12,2025-11-15 17:00:00+00:00,2083,Bucknell,107,Holy Cross,1,-2.5,-2.5,-2.5,-2.5,-2.5,0.0,0.0,0,,,,,,,,1,52.5,52.5,52.5,52.5,52.5,0.0,0.0,0,,,,,,,
401767671,2025,regular,13,2025-11-22 18:00:00+00:00,2142,Colgate,2083,Bucknell,1,-9.5,-9.5,-9.5,-9.5,-9.5,0.0,0.0,0,,,,,,,,1,60.5,60.5,60.5,60.5,60.5,0.0,0.0,0,,,,,,,
401767672,2025,regular,4,2025-09-20 17:00:00+00:00,2142,Colgate,2230,Fordham,1,-7.0,-7.0,-7.0,-7.0,-7.0,0.0,0.0,0,,,,,,,,1,59.5,59.5,59.5,59.5,59.5,0.0,0.0,0,,,,,,,
401767673,2025,regular,5,2025-09-27 17:00:00+00:00,2230,Fordham,107,Holy Cross,1,14.5,14.5,14.5,14.5,14.5,0.0,0.0,0,,,,,,,,1,45.5,45.5,45.5,45.5,45.5,0.0,0.0,0,,,,,,,
401767674,2025,regular,6,2025-10-04 16:30:00+00:00,322,Lafayette,2230,Fordham,1,-15.5,-15.5,-15.5,-15.5,-15.5,0.0,0.0,0,,,,,,,,1,55.5,55.5,55.5,55.5,55.5,0.0,0.0,0,,,,,,,
401767675,2025,regular,9,2025-10-25 17:00:00+00:00,2230,Fordham,2329,Lehigh,1,24.5,24.5,24.5,24.5,24.5,0.0,0.0,0,,,,,,,,1,51.5,51.5,51.5,51.5,51.5,0.0,0.0,0,,,,,,,
401767676,2025,regular,11,2025-11-08 17:00:00+00:00,225,Brown,43,Yale,1,13.5,13.5,13.5,13.5,13.5,0.0,0.0,0,,,,,,,,1,50.5,50.5,50.5,50.5,50.5,0.0,0.0,0,,,,,,,
401767677,2025,regular,12,2025-11-15 17:00:00+00:00,171,Columbia,225,Brown,1,2.5,2.5,2.5,2.5,2.5,0.0,0.0,0,,,,,,,,1,47.5,47.5,47.5,47.5,47.5,0.0,0.0,0,,,,,,,
401767678,2025,regular,13,2025-11-22 17:00:00+00:00,225,Brown,159,Dartmouth,1,8.0,8.0,8.0,8.0,8.0,0.0,0.0,0,,,,,,,,1,51.5,51.5,51.5,51.5,51.5,0.0,0.0,0,,,,,,,
401767679,2025,regular,4,2025-09-19 22:00:00+00:00,322,Lafayette,171,Columbia,1,-3.5,-3.5,-3.5,-3.5,-3.5,0.0,0.0,0,,,,,,,,1,54.5,54.5,54.5,54.5,54.5,0.0,0.0,0,,,,,,,
401767681,2025,regular,6,2025-10-03 23:30:00+00:00,163,Princeton,171,Columbia,1,-3.5,-3.5,-3.5,-3.5,-3.5,0.0,0.0,0,,,,,,,,1,48.5,48.5,48.5,48.5,48.5,0.0,0.0,0,,,,,,,
401767683,2025,regular,8,2025-10-18 17:30:00+00:00,171,Columbia,219,Pennsylvania,1,7.5,7.5,7.5,7.5,7.5,0.0,0.0,0,,,,,,,,1,46.5,46.5,46.5,46.5,46.5,0.0,0.0,0,,,,,,,
401767685,2025,regular,10,2025-11-01 16:00:00+00:00,43,Yale,171,Columbia,1,-21.5,-21.5,-21.5,-21.5,-21.5,0.0,0.0,0,,,,,,,,1,46.5,46.5,46.5,46.5,46.5,0.0,0.0,0,,,,,,,
401767689,2025,regular,5,2025-09-27 16:00:00+00:00,43,Yale,172,Cornell,1,-19.5,-19.5,-19.5,-19.5,-19.5,0.0,0.0,0,,,,,,,,1,48.5,48.5,48.5,48.5,48.5,0.0,0.0,0,,,,,,,
401767690,2025,regular,6,2025-10-04 18:00:00+00:00,172,Cornell,2142,Colgate,1,1.5,1.5,1.5,1.5,1.5,0.0,0.0,0,,,,,,,,1,54.5,54.5,54.5,54.5,54.5,0.0,0.0,0,,,,,,,
401767691,2025,regular,7,2025-10-10 23:00:00+00:00,108,Harvard,172,Cornell,1,-32.5,-32.5,-32.5,-32.5,-32.5,0.0,0.0,0,,,,,,,,1,58.5,58.5,58.5,58.5,58.5,0.0,0.0,0,,,,,,,
401767692,2025,regular,8,2025-10-18 17:00:00+00:00,172,Cornell,2083,Bucknell,1,-4.0,-4.0,-4.0,-4.0,-4.0,0.0,0.0,0,,,,,,,,1,60.5,60.5,60.5,60.5,60.5,0.0,0.0,0,,,,,,,
401767693,2025,regular,10,2025-11-01 17:00:00+00:00,172,Cornell,163,Princeton,1,3.5,3.5,3.5,3.5,3.5,0.0,0.0,0,,,,,,,,1,50.5,50.5,50.5,50.5,50.5,0.0,0.0,0,,,,,,,
401767694,2025,regular,11,2025-11-08 18:00:00+00:00,219,Pennsylvania,172,Cornell,1,-8.0,-8.0,-8.0,-8.0,-8.0,0.0,0.0,0,,,,,,,,1,50.5,50.5,50.5,50.5,50.5,0.0,0.0,0,,,,,,,
401767695,2025,regular,12,2025-11-15 18:00:00+00:00,159,Dartmouth,172,Cornell,1,-10.0,-10.0,-10.0,-10.0,-10.0,0.0,0.0,0,,,,,,,,1,47.5,47.5,47.5,47.5,47.5,0.0,0.0,0,,,,,,,
401767696,2025,regular,13,2025-11-22 18:00:00+00:00,172,Cornell,171,Columbia,1,-9.5,-9.5,-9.5,-9.5,-9.5,0.0,0.0,0,,,,,,,,1,43.5,43.5,43.5,43.5,43.5,0.0,0.0,0,,,,,,,
401767697,2025,regular,5,2025-09-27 16:00:00+00:00,2115,Central Connecticut,159,Dartmouth,1,7.5,7.5,7.5,7.5,7.5,0.0,0.0,0,,,,,,,,1,45.5,45.5,45.5,45.5,45.5,0.0,0.0,0,,,,,,,
401767698,2025,regular,6,2025-10-04 17:00:00+00:00,219,Pennsylvania,159,Dartmouth,1,3.0,3.0,3.0,3.0,3.0,0.0,0.0,0,,,,,,,,1,56.5,56.5,56.5,56.5,56.5,0.0,0.0,0,,,,,,,
401767699,2025,regular,7,2025-10-11 17:30:00+00:00,159,Dartmouth,43,Yale,1,-2.5,-2.5,-2.5,-2.5,-2.5,0.0,0.0,0,,,,,,,,1,53.5,53.5,53.5,53.5,53.5,0.0,0.0,0,,,,,,,
401767700,2025,regular,8,2025-10-18 17:00:00+00:00,2230,Fordham,159,Dartmouth,1,12.5,12.5,12.5,12.5,12.5,0.0,0.0,0,,,,,,,,1,54.5,54.5,54.5,54.5,54.5,0.0,0.0,0,,,,,,,
401767701,2025,regular,9,2025-10-24 22:00:00+00:00,159,Dartmouth,171,Columbia,1,-12.5,-12.5,-12.5,-12.5,-12.5,0.0,0.0,0,,,,,,,,1,46.5,46.5,46.5,46.5,46.5,0.0,0.0,0,,,,,,,
401767702,2025,regular,10,2025-11-01 19:00:00+00:00,108,Harvard,159,Dartmouth,1,-11.5,-11.5,-11.5,-11.5,-11.5,0.0,0.0,0,,,,,,,,1,48.5,48.5,48.5,48.5,48.5,0.0,0.0,0,,,,,,,
401767703,2025,regular,11,2025-11-08 18:00:00+00:00,159,Dartmouth,163,Princeton,1,-10.5,-10.5,-10.5,-10.5,-10.5,0.0,0.0,0,,,,,,,,1,49.5,49.5,49.5,49.5,49.5,0.0,0.0,0,,,,,,,
401767704,2025,regular,8,2025-10-18 16:00:00+00:00,108,Harvard,2771,Merrimack,1,-27.5,-27.5,-27.5,-27.5,-27.5,0.0,0.0,0,,,,,,,,1,49.5,49.5,49.5,49.5,49.5,0.0,0.0,0,,,,,,,
401767705,2025,regular,9,2025-10-25 16:00:00+00:00,163,Princeton,108,Harvard,1,17.5,17.5,17.5,17.5,17.5,0.0,0.0,0,,,,,,,,1,53.5,53.5,53.5,53.5,53.5,0.0,0.0,0,,,,,,,
401767706,2025,regular,11,2025-11-08 00:00:00+00:00,171,Columbia,108,Harvard,1,29.5,29.5,29.5,29.5,29.5,0.0,0.0,0,,,,,,,,1,48.5,48.5,48.5,48.5,48.5,0.0,0.0,0,,,,,,,
401767707,2025,regular,12,2025-11-15 17:00:00+00:00,108,Harvard,219,Pennsylvania,1,-23.0,-23.0,-23.0,-23.0,-23.0,0.0,0.0,0,,,,,,,,1,51.5,51.5,51.5,51.5,51.5,0.0,0.0,0,,,,,,,
401767708,2025,regular,13,2025-11-22 17:00:00+00:00,43,Yale,108,Harvard,1,6.5,6.5,6.5,6.5,6.5,0.0,0.0,0,,,,,,,,1,50.5,50.5,50.5,50.5,50.5,0.0,0.0,0,,,,,,,
401767716,2025,regular,10,2025-11-01 18:00:00+00:00,257,Richmond,2230,Fordham,1,-13.5,-13.5,-13.5,-13.5,-13.5,0.0,0.0,0,,,,,,,,1,48.5,48.5,48.5,48.5,48.5,0.0,0.0,0,,,,,,,
401767717,2025,regular,12,2025-11-15 18:00:00+00:00,46,Georgetown,2230,Fordham,1,-5.5,-5.5,-5.5,-5.5,-5.5,0.0,0.0,0,,,,,,,,1,49.5,49.5,49.5,49.5,49.5,0.0,0.0,0,,,,,,,
401767718,2025,regular,13,2025-11-22 17:00:00+00:00,2771,Merrimack,2230,Fordham,1,-5.5,-5.5,-5.5,-5.5,-5.5,0.0,0.0,0,,,,,,,,1,45.5,45.5,45.5,45.5,45.5,0.0,0.0,0,,,,,,,
401767719,2025,regular,2,2025-09-06 17:00:00+00:00,46,Georgetown,2681,Wagner,1,-16.0,-16.0,-16.0,-16.0,-16.0,0.0,0.0,0,,,,,,,,1,48.5,48.5,48.5,48.5,48.5,0.0,0.0,0,,,,,,,
401767720,2025,regular,3,2025-09-13 17:00:00+00:00,46,Georgetown,322,Lafayette,1,-1.5,-1.5,-1.5,-1.5,-1.5,0.0,0.0,0,,,,,,,,1,53.5,53.5,53.5,53.5,53.5,0.0,0.0,0,,,,,,,
401767721,2025,regular,5,2025-09-27 16:00:00+00:00,171,Columbia,46,Georgetown,1,-11.5,-11.5,-11.5,-11.5,-11.5,0.0,0.0,0,,,,,,,,1,50.5,50.5,50.5,50.5,50.5,0.0,0.0,0,,,,,,,
401767722,2025,regular,8,2025-10-18 17:00:00+00:00,46,Georgetown,2142,Colgate,1,7.0,7.0,7.0,7.0,7.0,0.0,0.0,0,,,,,,,,1,55.5,55.5,55.5,55.5,55.5,0.0,0.0,0,,,,,,,
401767723,2025,regular,10,2025-11-01 16:00:00+00:00,2329,Lehigh,46,Georgetown,1,-24.0,-24.0,-24.0,-24.0,-24.0,0.0,0.0,0,,,,,,,,1,47.5,47.5,47.5,47.5,47.5,0.0,0.0,0,,,,,,,
401767724,2025,regular,11,2025-11-08 18:00:00+00:00,46,Georgetown,257,Richmond,1,5.5,5.5,5.5,5.5,5.5,0.0,0.0,0,,,,,,,,1,45.5,45.5,45.5,45.5,45.5,0.0,0.0,0,,,,,,,
401767725,2025,regular,13,2025-11-22 21:00:00+00:00,107,Holy Cross,46,Georgetown,1,-5.5,-5.5,-5.5,-5.5,-5.5,0.0,0.0,0,,,,,,,,1,45.5,45.5,45.5,45.5,45.5,0.0,0.0,0,,,,,,,
401767726,2025,regular,4,2025-09-20 16:00:00+00:00,43,Yale,107,Holy Cross,1,-6.5,-6.5,-6.5,-6.5,-6.5,0.0,0.0,0,,,,,,,,1,44.5,44.5,44.5,44.5,44.5,0.0,0.0,0,,,,,,,
401767727,2025,regular,6,2025-10-04 18:00:00+00:00,107,Holy Cross,108,Harvard,1,14.0,14.0,14.0,14.0,14.0,0.0,0.0,0,,,,,,,,1,48.5,48.5,48.5,48.5,48.5,0.0,0.0,0,,,,,,,
401767728,2025,regular,8,2025-10-18 18:00:00+00:00,257,Richmond,107,Holy Cross,1,-5.5,-5.5,-5.5,-5.5,-5.5,0.0,0.0,0,,,,,,,,1,42.5,42.5,42.5,42.5,42.5,0.0,0.0,0,,,,,,,
401767729,2025,regular,9,2025-10-25 17:00:00+00:00,107,Holy Cross,2142,Colgate,1,-3.0,-3.0,-3.0,-3.0,-3.0,0.0,0.0,0,,,,,,,,1,51.5,51.5,51.5,51.5,51.5,0.0,0.0,0,,,,,,,
401767730,2025,regular,10,2025-11-01 17:00:00+00:00,107,Holy Cross,322,Lafayette,1,3.0,3.0,3.0,3.0,3.0,0.0,0.0,0,,,,,,,,1,49.5,49.5,49.5,49.5,49.5,0.0,0.0,0,,,,,,,
401767731,2025,regular,11,2025-11-08 17:00:00+00:00,2329,Lehigh,107,Holy Cross,1,-20.0,-20.0,-20.0,-20.0,-20.0,0.0,0.0,0,,,,,,,,1,45.5,45.5,45.5,45.5,45.5,0.0,0.0,0,,,,,,,
401767733,2025,regular,3,2025-09-13 16:00:00+00:00,2184,Duquesne,2329,Lehigh,1,7.5,7.5,7.5,7.5,7.5,0.0,0.0,0,,,,,,,,1,44.5,44.5,44.5,44.5,44.5,0.0,0.0,0,,,,,,,
401767734,2025,regular,5,2025-09-27 16:00:00+00:00,2329,Lehigh,219,Pennsylvania,1,-9.5,-9.5,-9.5,-9.5,-9.5,0.0,0.0,0,,,,,,,,1,47.5,47.5,47.5,47.5,47.5,0.0,0.0,0,,,,,,,
401767735,2025,regular,6,2025-10-04 16:00:00+00:00,2329,Lehigh,43,Yale,1,-4.5,-4.5,-4.5,-4.5,-4.5,0.0,0.0,0,,,,,,,,1,50.5,50.5,50.5,50.5,50.5,0.0,0.0,0,,,,,,,
401767736,2025,regular,7,2025-10-11 16:00:00+00:00,171,Columbia,2329,Lehigh,1,12.5,12.5,12.5,12.5,12.5,0.0,0.0,0,,,,,,,,1,46.5,46.5,46.5,46.5,46.5,0.0,0.0,0,,,,,,,
401767737,2025,regular,12,2025-11-15 18:00:00+00:00,2142,Colgate,2329,Lehigh,1,18.5,18.5,18.5,18.5,18.5,0.0,0.0,0,,,,,,,,1,54.5,54.5,54.5,54.5,54.5,0.0,0.0,0,,,,,,,
401767738,2025,regular,13,2025-11-22 17:30:00+00:00,322,Lafayette,2329,Lehigh,1,10.0,10.0,10.0,10.0,10.0,0.0,0.0,0,,,,,,,,1,52.5,52.5,52.5,52.5,52.5,0.0,0.0,0,,,,,,,
401767739,2025,regular,7,2025-10-11 17:00:00+00:00,2142,Colgate,257,Richmond,1,-1.5,-1.5,-1.5,-1.5,-1.5,0.0,0.0,0,,,,,,,,1,55.5,55.5,55.5,55.5,55.5,0.0,0.0,0,,,,,,,
401767740,2025,regular,12,2025-11-15 19:00:00+00:00,257,Richmond,322,Lafayette,1,3.5,3.5,3.5,3.5,3.5,0.0,0.0,0,,,,,,,,1,49.5,49.5,49.5,49.5,49.5,0.0,0.0,0,,,,,,,
401767742,2025,regular,3,2025-09-13 16:00:00+00:00,2115,Central Connecticut,2598,St. Francis (PA),1,-11.5,-11.5,-11.5,-11.5,-11.5,0.0,0.0,0,,,,,,,,1,44.5,44.5,44.5,44.5,44.5,0.0,0.0,0,,,,,,,
401767743,2025,regular,4,2025-09-20 22:00:00+00:00,2771,Merrimack,2115,Central Connecticut,1,-1.5,-1.5,-1.5,-1.5,-1.5,0.0,0.0,0,,,,,,,,1,42.5,42.5,42.5,42.5,42.5,0.0,0.0,0,,,,,,,
401767744,2025,regular,7,2025-10-11 18:00:00+00:00,2523,Robert Morris,2115,Central Connecticut,1,9.5,9.5,9.5,9.5,9.5,0.0,0.0,0,,,,,,,,1,45.5,45.5,45.5,45.5,45.5,0.0,0.0,0,,,,,,,
401767746,2025,regular,10,2025-11-01 16:00:00+00:00,2115,Central Connecticut,2341,Long Island University,1,-5.5,-5.5,-5.5,-5.5,-5.5,0.0,0.0,0,,,,,,,,1,42.5,42.5,42.5,42.5,42.5,0.0,0.0,0,,,,,,,
401767747,2025,regular,11,2025-11-08 17:00:00+00:00,2115,Central Connecticut,284,Stonehill,1,-10.0,-10.0,-10.0,-10.0,-10.0,0.0,0.0,0,,,,,,,,1,41.5,41.5,41.5,41.5,41.5,0.0,0.0,0,,,,,,,
401767748,2025,regular,12,2025-11-15 17:00:00+00:00,2184,Duquesne,2115,Central Connecticut,1,1.5,1.5,1.5,1.5,1.5,0.0,0.0,0,,,,,,,,1,46.5,46.5,46.5,46.5,46.5,0.0,0.0,0,,,,,,,
401767749,2025,regular,13,2025-11-22 17:00:00+00:00,2115,Central Connecticut,2385,Mercyhurst,1,-10.5,-10.5,-10.5,-10.5,-10.5,0.0,0.0,0,,,,,,,,1,47.5,47.5,47.5,47.5,47.5,0.0,0.0,0,,,,,,,
401767751,2025,regular,6,2025-10-04 16:00:00+00:00,2184,Duquesne,284,Stonehill,1,-7.5,-7.5,-7.5,-7.5,-7.5,0.0,0.0,0,,,,,,,,1,49.5,49.5,49.5,49.5,49.5,0.0,0.0,0,,,,,,,
401767752,2025,regular,7,2025-10-11 17:00:00+00:00,2184,Duquesne,2598,St. Francis (PA),1,-14.5,-14.5,-14.5,-14.5,-14.5,0.0,0.0,0,,,,,,,,1,48.5,48.5,48.5,48.5,48.5,0.0,0.0,0,,,,,,,
401767753,2025,regular,8,2025-10-18 22:00:00+00:00,2385,Mercyhurst,2184,Duquesne,1,3.0,3.0,3.0,3.0,3.0,0.0,0.0,0,,,,,,,,1,51.5,51.5,51.5,51.5,51.5,0.0,0.0,0,,,,,,,
401767754,2025,regular,9,2025-10-25 16:00:00+00:00,2681,Wagner,2184,Duquesne,1,23.5,23.5,23.5,23.5,23.5,0.0,0.0,0,,,,,,,,1,47.5,47.5,47.5,47.5,47.5,0.0,0.0,0,,,,,,,
401767755,2025,regular,11,2025-11-08 17:00:00+00:00,2341,Long Island University,2184,Duquesne,1,7.0,7.0,7.0,7.0,7.0,0.0,0.0,0,,,,,,,,1,43.5,43.5,43.5,43.5,43.5,0.0,0.0,0,,,,,,,
401767756,2025,regular,13,2025-11-22 19:00:00+00:00,2523,Robert Morris,2184,Duquesne,1,13.5,13.5,13.5,13.5,13.5,0.0,0.0,0,,,,,,,,1,42.5,42.5,42.5,42.5,42.5,0.0,0.0,0,,,,,,,
401767757,2025,regular,6,2025-10-04 17:00:00+00:00,2385,Mercyhurst,2341,Long Island University,1,-3.5,-3.5,-3.5,-3.5,-3.5,0.0,0.0,0,,,,,,,,1,50.5,50.5,50.5,50.5,50.5,0.0,0.0,0,,,,,,,
401767758,2025,regular,5,2025-09-27 17:00:00+00:00,284,Stonehill,2341,Long Island University,1,6.0,6.0,6.0,6.0,6.0,0.0,0.0,0,,,,,,,,1,46.5,46.5,46.5,46.5,46.5,0.0,0.0,0,,,,,,,
401767759,2025,regular,8,2025-10-18 16:00:00+00:00,2341,Long Island University,2523,Robert Morris,1,-9.5,-9.5,-9.5,-9.5,-9.5,0.0,0.0,0,,,,,,,,1,42.5,42.5,42.5,42.5,42.5,0.0,0.0,0,,,,,,,
401767760,2025,regular,12,2025-11-15 17:00:00+00:00,2598,St. Francis (PA),2341,Long Island University,1,14.0,14.0,14.0,14.0,14.0,0.0,0.0,0,,,,,,,,1,37.5,37.5,37.5,37.5,37.5,0.0,0.0,0,,,,,,,
401767761,2025,regular,13,2025-11-22 17:00:00+00:00,2341,Long Island University,2681,Wagner,1,-10.0,-10.0,-10.0,-10.0,-10.0,0.0,0.0,0,,,,,,,,1,36.5,36.5,36.5,36.5,36.5,0.0,0.0,0,,,,,,,
401767763,2025,regular,6,2025-10-04 17:00:00+00:00,2771,Merrimack,2523,Robert Morris,1,-8.0,-8.0,-8.0,-8.0,-8.0,0.0,0.0,0,,,,,,,,1,44.5,44.5,44.5,44.5,44.5,0.0,0.0,0,,,,,,,
401767764,2025,regular,9,2025-10-25 19:00:00+00:00,2598,St. Francis (PA),2523,Robert Morris,1,2.5,2.5,2.5,2.5,2.5,0.0,0.0,0,,,,,,,,1,39.5,39.5,39.5,39.5,39.5,0.0,0.0,0,,,,,,,
401767765,2025,regular,10,2025-11-01 17:00:00+00:00,284,Stonehill,2523,Robert Morris,1,-6.5,-6.5,-6.5,-6.5,-6.5,0.0,0.0,0,,,,,,,,1,40.5,40.5,40.5,40.5,40.5,0.0,0.0,0,,,,,,,
401767766,2025,regular,11,2025-11-08 17:00:00+00:00,2523,Robert Morris,2681,Wagner,1,-2.5,-2.5,-2.5,-2.5,-2.5,0.0,0.0,0,,,,,,,,1,37.5,37.5,37.5,37.5,37.5,0.0,0.0,0,,,,,,,
401767767,2025,regular,12,2025-11-15 17:00:00+00:00,2385,Mercyhurst,2523,Robert Morris,1,-4.5,-4.5,-4.5,-4.5,-4.5,0.0,0.0,0,,,,,,,,1,37.5,37.5,37.5,37.5,37.5,0.0,0.0,0,,,,,,,
401767768,2025,regular,10,2025-11-01 16:00:00+00:00,2598,St. Francis (PA),2681,Wagner,1,6.5,6.5,6.5,6.5,6.5,0.0,0.0,0,,,,,,,,1,37.5,37.5,37.5,37.5,37.5,0.0,0.0,0,,,,,,,
401767769,2025,regular,11,2025-11-08 17:00:00+00:00,2598,St. Francis (PA),2385,Mercyhurst,1,10.0,10.0,10.0,10.0,10.0,0.0,0.0,0,,,,,,,,1,43.5,43.5,43.5,43.5,43.5,0.0,0.0,0,,,,,,,
401767770,2025,regular,13,2025-11-22 18:00:00+00:00,284,Stonehill,2598,St. Francis (PA),1,-7.5,-7.5,-7.5,-7.5,-7.5,0.0,0.0,0,,,,,,,,1,37.5,37.5,37.5,37.5,37.5,0.0,0.0,0,,,,,,,
401767771,2025,regular,2,2025-09-06 17:00:00+00:00,284,Stonehill,322,Lafayette,1,14.0,14.0,14.0,14.0,14.0,0.0,0.0,0,,,,,,,,1,45.5,45.5,45.5,45.5,45.5,0.0,0.0,0,,,,,,,
401767772,2025,regular,4,2025-09-20 17:00:00+00:00,284,Stonehill,219,Pennsylvania,1,17.5,17.5,17.5,17.5,17.5,0.0,0.0,0,,,,,,,,1,49.5,49.5,49.5,49.5,49.5,0.0,0.0,0,,,,,,,
401767773,2025,regular,8,2025-10-18 16:00:00+00:00,43,Yale,284,Stonehill,1,-21.5,-21.5,-21.5,-21.5,-21.5,0.0,0.0,0,,,,,,,,1,44.5,44.5,44.5,44.5,44.5,0.0,0.0,0,,,,,,,
401767774,2025,regular,9,2025-10-25 16:00:00+00:00,2385,Mercyhurst,284,Stonehill,1,-7.5,-7.5,-7.5,-7.5,-7.5,0.0,0.0,0,,,,,,,,1,44.5,44.5,44.5,44.5,44.5,0.0,0.0,0,,,,,,,
401767775,2025,regular,12,2025-11-15 17:00:00+00:00,2681,Wagner,284,Stonehill,1,-1.0,-1.0,-1.0,-1.0,-1.0,0.0,0.0,0,,,,,,,,1,38.5,38.5,38.5,38.5,38.5,0.0,0.0,0,,,,,,,
401767776,2025,regular,7,2025-10-11 16:00:00+00:00,2681,Wagner,2385,Mercyhurst,1,6.0,6.0,6.0,6.0,6.0,0.0,0.0,0,,,,,,,,1,46.5,46.5,46.5,46.5,46.5,0.0,0.0,0,,,,,,,
401769068,2025,regular,10,2025-11-01 17:00:00+00:00,2142,Colgate,2771,Merrimack,1,-7.0,-7.0,-7.0,-7.0,-7.0,0.0,0.0,0,,,,,,,,1,47.5,47.5,47.5,47.5,47.5,0.0,0.0,0,,,,,,,
401769070,2025,postseason,1,2026-01-01 00:30:00+00:00,194,Ohio State,2390,Miami,3,-7.5,-7.666666666666667,-7.5,-8.0,-7.5,0.5,0.28867513459481287,2,-9.5,-9.5,-9.5,-10.0,-9.0,1.0,0.7071067811865476,3,39.5,39.666666666666664,39.5,39.5,40.0,0.5,0.28867513459481287,1,41.5,41.5,41.5,41.5,41.5,0.0,0.0
401769071,2025,postseason,1,2026-01-01 17:00:00+00:00,2641,Texas Tech,2483,Oregon,3,-1.5,-1.3333333333333333,-1.5,-1.5,-1.0,0.5,0.28867513459481287,1,1.5,1.5,1.5,1.5,1.5,0.0,0.0,3,50.5,50.666666666666664,50.5,50.5,51.0,0.5,0.28867513459481287,2,52.5,52.5,52.5,52.5,52.5,0.0,0.0
401769072,2025,postseason,1,2026-01-01 21:00:00+00:00,84,Indiana,333,Alabama,3,-7.5,-7.5,-7.5,-7.5,-7.5,0.0,0.0,1,-7.0,-7.0,-7.0,-7.0,-7.0,0.0,0.0,3,46.5,46.5,46.5,46.5,46.5,0.0,0.0,1,48.0,48.0,48.0,48.0,48.0,0.0,0.0
401769073,2025,postseason,1,2026-01-02 01:00:00+00:00,61,Georgia,145,Ole Miss,3,-6.0,-6.0,-6.0,-6.0,-6.0,0.0,0.0,1,-6.5,-6.5,-6.5,-6.5,-6.5,0.0,0.0,3,53.5,53.666666666666664,53.5,53.5,54.0,0.5,0.28867513459481287,1,56.0,56.0,56.0,56.0,56.0,0.0,0.0
401769074,2025,postseason,1,2026-01-10 00:30:00+00:00,84,Indiana,2483,Oregon,3,-3.0,-3.0,-3.0,-3.0,-3.0,0.0,0.0,1,-3.5,-3.5,-3.5,-3.5,-3.5,0.0,0.0,3,50.5,50.333333333333336,50.5,50.0,50.5,0.5,0.28867513459481287,1,46.5,46.5,46.5,46.5,46.5,0.0,0.0
401769075,2025,postseason,1,2026-01-09 00:30:00+00:00,145,Ole Miss,2390,Miami,3,3.0,3.0,3.0,3.0,3.0,0.0,0.0,1,3.0,3.0,3.0,3.0,3.0,0.0,0.0,3,52.5,52.666666666666664,52.5,52.5,53.0,0.5,0.28867513459481287,1,52.0,52.0,52.0,52.0,52.0,0.0,0.0
401769076,2025,postseason,1,2026-01-20 00:30:00+00:00,84,Indiana,2390,Miami,3,-7.5,-7.333333333333333,-7.5,-7.5,-7.0,0.5,0.28867513459481287,1,-8.0,-8.0,-8.0,-8.0,-8.0,0.0,0.0,3,47.0,47.0,47.0,46.5,47.5,1.0,0.5,1,48.5,48.5,48.5,48.5,48.5,0.0,0.0
401769849,2025,regular,11,2025-11-08 17:30:00+00:00,322,Lafayette,2142,Colgate,1,-6.5,-6.5,-6.5,-6.5,-6.5,0.0,0.0,0,,,,,,,,1,58.5,58.5,58.5,58.5,58.5,0.0,0.0,0,,,,,,,
401769866,2025,regular,5,2025-09-27 19:30:00+00:00,322,Lafayette,163,Princeton,1,-7.0,-7.0,-7.0,-7.0,-7.0,0.0,0.0,0,,,,,,,,1,60.5,60.5,60.5,60.5,60.5,0.0,0.0,0,,,,,,,
401769868,2025,regular,2,2025-09-06 23:00:00+00:00,2447,Nicholls,2698,West Georgia,1,-6.5,-6.5,-6.5,-6.5,-6.5,0.0,0.0,0,,,,,,,,1,44.5,44.5,44.5,44.5,44.5,0.0,0.0,0,,,,,,,
401777324,2025,regular,15,2025-12-06 01:00:00+00:00,2655,Tulane,249,North Texas,4,1.5,1.625,1.5,1.0,2.5,1.5,0.6291528696058958,2,2.75,2.75,2.75,2.5,3.0,0.5,0.3535533905932738,4,66.5,66.75,66.5,66.5,67.5,1.0,0.5,3,66.5,66.33333333333333,66.5,66.0,66.5,0.5,0.28867513459481287
401777325,2025,regular,15,2025-12-06 00:00:00+00:00,55,Jacksonville State,338,Kennesaw State,4,3.0,1.875,3.0,-1.5,3.0,4.5,2.25,2,-1.25,-1.25,-1.25,-1.5,-1.0,0.5,0.3535533905932738,4,62.5,61.5,62.5,58.5,62.5,4.0,2.0,3,58.5,58.166666666666664,58.5,57.5,58.5,1.0,0.5773502691896257
401777326,2025,regular,15,2025-12-06 01:00:00+00:00,68,Boise State,2439,UNLV,4,-6.0,-5.375,-6.0,-6.0,-3.5,2.5,1.25,3,-3.0,-3.1666666666666665,-3.0,-3.5,-3.0,0.5,0.28867513459481287,4,59.5,59.125,59.5,57.5,60.0,2.5,1.1086778913041726,2,57.5,57.5,57.5,57.5,57.5,0.0,0.0
401777327,2025,regular,15,2025-12-06 17:00:00+00:00,2641,Texas Tech,252,BYU,4,-12.5,-12.75,-12.5,-13.5,-12.5,1.0,0.5,2,-12.0,-12.0,-12.0,-12.5,-11.5,1.0,0.7071067811865476,4,50.5,50.125,50.5,49.0,50.5,1.5,0.75,2,50.5,50.5,50.5,50.5,50.5,0.0,0.0
401777328,2025,regular,15,2025-12-07 01:00:00+00:00,258,Virginia,150,Duke,3,-3.5,-3.5,-3.5,-3.5,-3.5,0.0,0.0,1,-2.5,-2.5,-2.5,-2.5,-2.5,0.0,0.0,3,58.5,58.5,58.5,58.5,58.5,0.0,0.0,1,57.5,57.5,57.5,57.5,57.5,0.0,0.0
401777329,2025,regular,15,2025-12-06 17:00:00+00:00,2711,Western Michigan,193,Miami (OH),4,-2.5,-2.375,-2.5,-2.5,-2.0,0.5,0.25,2,-2.5,-2.5,-2.5,-2.5,-2.5,0.0,0.0,4,44.25,44.125,44.25,43.5,44.5,1.0,0.47871355387816905,3,43.5,43.5,43.5,43.5,43.5,0.0,0.0
401777351,2025,regular,15,2025-12-06 21:00:00+00:00,333,Alabama,61,Georgia,4,1.5,1.75,1.5,1.5,2.5,1.0,0.5,2,2.0,2.0,2.0,1.5,2.5,1.0,0.7071067811865476,4,48.5,48.25,48.5,47.5,48.5,1.0,0.5,2,47.5,47.5,47.5,47.5,47.5,0.0,0.0
401777352,2025,regular,15,2025-12-06 00:00:00+00:00,256,James Madison,2653,Troy,4,-24.5,-24.0,-24.5,-24.5,-22.5,2.0,1.0,2,-21.5,-21.5,-21.5,-21.5,-21.5,0.0,0.0,4,47.5,47.5,47.5,47.5,47.5,0.0,0.0,2,47.5,47.5,47.5,47.5,47.5,0.0,0.0
401777353,2025,regular,15,2025-12-07 01:00:00+00:00,194,Ohio State,84,Indiana,4,-3.5,-4.0,-3.5,-5.5,-3.5,2.0,1.0,2,-6.0,-6.0,-6.0,-6.5,-5.5,1.0,0.7071067811865476,4,45.75,46.375,45.75,45.5,48.5,3.0,1.4361406616345072,3,48.5,48.5,48.5,48.5,48.5,0.0,0.0
401778123,2025,postseason,1,2025-12-13 17:00:00+00:00,2504,Prairie View A&M,2569,South Carolina State,1,-3.0,-3.0,-3.0,-3.0,-3.0,0.0,0.0,0,,,,,,,,1,53.5,53.5,53.5,53.5,53.5,0.0,0.0,0,,,,,,,
401778302,2025,postseason,1,2025-12-14 01:00:00+00:00,264,Washington,68,Boise State,3,-10.0,-9.833333333333334,-10.0,-10.0,-9.5,0.5,0.28867513459481287,1,-8.5,-8.5,-8.5,-8.5,-8.5,0.0,0.0,3,55.5,55.5,55.5,55.5,55.5,0.0,0.0,1,51.5,51.5,51.5,51.5,51.5,0.0,0.0
401778303,2025,postseason,1,2025-12-17 02:00:00+00:00,55,Jacksonville State,2653,Troy,3,-3.0,-3.1666666666666665,-3.0,-3.5,-3.0,0.5,0.28867513459481287,1,4.0,4.0,4.0,4.0,4.0,0.0,0.0,3,47.5,47.5,47.5,47.5,47.5,0.0,0.0,1,46.5,46.5,46.5,46.5,46.5,0.0,0.0
401778304,2025,postseason,1,2025-12-17 22:00:00+00:00,58,South Florida,295,Old Dominion,3,-4.0,-3.6666666666666665,-4.0,-4.0,-3.0,1.0,0.5773502691896257,1,-6.0,-6.0,-6.0,-6.0,-6.0,0.0,0.0,3,52.5,53.0,52.5,52.5,54.0,1.5,0.8660254037844386,1,55.5,55.5,55.5,55.5,55.5,0.0,0.0
401778305,2025,postseason,1,2025-12-18 01:30:00+00:00,48,Delaware,309,Louisiana,3,1.5,1.5,1.5,1.5,1.5,0.0,0.0,1,3.0,3.0,3.0,3.0,3.0,0.0,0.0,3,60.5,60.5,60.5,60.5,60.5,0.0,0.0,1,58.0,58.0,58.0,58.0,58.0,0.0,0.0
401778306,2025,postseason,1,2025-12-19 16:00:00+00:00,2711,Western Michigan,338,Kennesaw State,3,-3.5,-3.3333333333333335,-3.5,-3.5,-3.0,0.5,0.28867513459481287,1,-4.0,-4.0,-4.0,-4.0,-4.0,0.0,0.0,3,47.5,47.333333333333336,47.5,47.0,47.5,0.5,0.28867513459481287,1,49.5,49.5,49.5,49.5,49.5,0.0,0.0
401778307,2025,postseason,1,2025-12-19 19:30:00+00:00,152,NC State,235,Memphis,3,-3.5,-4.333333333333333,-3.5,-6.0,-3.5,2.5,1.4433756729740643,1,-5.5,-5.5,-5.5,-5.5,-5.5,0.0,0.0,3,56.5,56.5,56.5,56.5,56.5,0.0,0.0,1,58.5,58.5,58.5,58.5,58.5,0.0,0.0
401778308,2025,postseason,1,2025-12-22 19:00:00+00:00,328,Utah State,265,Washington State,3,-1.5,-1.3333333333333333,-1.5,-1.5,-1.0,0.5,0.28867513459481287,1,-4.0,-4.0,-4.0,-4.0,-4.0,0.0,0.0,3,50.5,50.333333333333336,50.5,50.0,50.5,0.5,0.28867513459481287,1,52.5,52.5,52.5,52.5,52.5,0.0,0.0
401778309,2025,postseason,1,2025-12-23 19:00:00+00:00,97,Louisville,2649,Toledo,3,-11.5,-10.833333333333334,-11.5,-12.5,-8.5,4.0,2.0816659994661326,2,-8.75,-8.75,-8.75,-9.5,-8.0,1.5,1.0606601717798212,3,44.5,44.5,44.5,44.5,44.5,0.0,0.0,2,46.0,46.0,46.0,45.5,46.5,1.0,0.7071067811865476
401778310,2025,postseason,1,2025-12-23 22:30:00+00:00,2572,Southern Miss,98,Western Kentucky,3,-3.0,-2.8333333333333335,-3.0,-3.0,-2.5,0.5,0.28867513459481287,1,4.0,4.0,4.0,4.0,4.0,0.0,0.0,3,59.5,59.333333333333336,59.5,59.0,59.5,0.5,0.28867513459481287,1,55.5,55.5,55.5,55.5,55.5,0.0,0.0
401778311,2025,postseason,1,2025-12-24 02:00:00+00:00,195,Ohio,2439,UNLV,3,6.5,6.333333333333333,6.5,6.0,6.5,0.5,0.28867513459481287,2,4.0,4.0,4.0,4.0,4.0,0.0,0.0,3,64.5,64.5,64.5,64.5,64.5,0.0,0.0,1,62.5,62.5,62.5,62.5,62.5,0.0,0.0
401778312,2025,postseason,1,2025-12-25 01:00:00+00:00,62,Hawai'i,25,California,3,-1.5,-1.5,-1.5,-1.5,-1.5,0.0,0.0,1,3.0,3.0,3.0,3.0,3.0,0.0,0.0,3,50.5,51.833333333333336,50.5,50.5,54.5,4.0,2.309401076758503,1,55.5,55.5,55.5,55.5,55.5,0.0,0.0
401778313,2025,postseason,1,2025-12-26 18:00:00+00:00,77,Northwestern,2117,Central Michigan,3,-13.5,-13.0,-13.5,-13.5,-12.0,1.5,0.8660254037844386,1,-12.5,-12.5,-12.5,-12.5,-12.5,0.0,0.0,3,43.5,43.333333333333336,43.5,43.0,43.5,0.5,0.28867513459481287,1,43.5,43.5,43.5,43.5,43.5,0.0,0.0
401778314,2025,postseason,1,2025-12-26 21:30:00+00:00,135,Minnesota,167,New Mexico,3,-1.5,-1.6666666666666667,-1.5,-2.0,-1.5,0.5,0.28867513459481287,1,-3.0,-3.0,-3.0,-3.0,-3.0,0.0,0.0,3,44.5,44.5,44.5,44.5,44.5,0.0,0.0,2,47.5,47.5,47.5,47.5,47.5,0.0,0.0
401778315,2025,postseason,1,2025-12-27 01:00:00+00:00,2636,UTSA,2229,Florida International,3,-7.0,-7.166666666666667,-7.0,-7.5,-7.0,0.5,0.28867513459481287,1,-8.5,-8.5,-8.5,-8.5,-8.5,0.0,0.0,3,62.5,62.833333333333336,62.5,62.5,63.5,1.0,0.5773502691896257,1,59.0,59.0,59.0,59.0,59.0,0.0,0.0
401778316,2025,postseason,1,2025-12-27 16:00:00+00:00,151,East Carolina,221,Pittsburgh,3,12.5,10.666666666666666,12.5,6.0,13.5,7.5,4.0722639076235385,1,6.0,6.0,6.0,6.0,6.0,0.0,0.0,3,51.5,54.0,51.5,51.5,59.0,7.5,4.330127018922194,2,59.5,59.5,59.5,58.5,60.5,2.0,1.4142135623730951
401778317,2025,postseason,1,2025-12-27 17:00:00+00:00,228,Clemson,213,Penn State,3,-2.5,-2.5,-2.5,-2.5,-2.5,0.0,0.0,1,-3.0,-3.0,-3.0,-3.0,-3.0,0.0,0.0,3,47.5,47.5,47.5,47.5,47.5,0.0,0.0,1,48.5,48.5,48.5,48.5,48.5,0.0,0.0
401778318,2025,postseason,1,2025-12-27 19:15:00+00:00,349,Army,41,UConn,3,-7.5,-7.166666666666667,-7.5,-8.5,-5.5,3.0,1.5275252316519468,1,-3.0,-3.0,-3.0,-3.0,-3.0,0.0,0.0,3,41.5,41.5,41.5,41.5,41.5,0.0,0.0,1,50.5,50.5,50.5,50.5,50.5,0.0,0.0
401778319,2025,postseason,1,2025-12-27 20:30:00+00:00,252,BYU,59,Georgia Tech,3,-3.5,-3.5,-3.5,-3.5,-3.5,0.0,0.0,1,-3.0,-3.0,-3.0,-3.0,-3.0,0.0,0.0,3,55.0,55.0,55.0,54.5,55.5,1.0,0.5,2,56.25,56.25,56.25,56.0,56.5,0.5,0.3535533905932738
401778320,2025,postseason,1,2025-12-27 21:30:00+00:00,278,Fresno State,193,Miami (OH),3,-5.5,-5.333333333333333,-5.5,-5.5,-5.0,0.5,0.28867513459481287,1,-3.5,-3.5,-3.5,-3.5,-3.5,0.0,0.0,3,40.5,40.666666666666664,40.5,40.5,41.0,0.5,0.28867513459481287,2,43.25,43.25,43.25,42.0,44.5,2.5,1.7677669529663689
401778321,2025,postseason,1,2025-12-27 22:45:00+00:00,21,San Diego State,249,North Texas,3,7.5,6.0,7.5,3.0,7.5,4.5,2.598076211353316,1,3.0,3.0,3.0,3.0,3.0,0.0,0.0,3,54.5,54.833333333333336,54.5,54.5,55.5,1.0,0.5773502691896257,1,56.0,56.0,56.0,56.0,56.0,0.0,0.0
401778322,2025,postseason,1,2025-12-28 00:30:00+00:00,142,Missouri,258,Virginia,3,-4.0,-4.0,-4.0,-4.0,-4.0,0.0,0.0,1,-7.0,-7.0,-7.0,-7.0,-7.0,0.0,0.0,3,43.5,43.5,43.5,43.5,43.5,0.0,0.0,1,48.5,48.5,48.5,48.5,48.5,0.0,0.0
401778323,2025,postseason,1,2025-12-28 02:15:00+00:00,248,Houston,99,LSU,3,-1.5,-1.3333333333333333,-1.5,-1.5,-1.0,0.5,0.28867513459481287,1,-3.0,-3.0,-3.0,-3.0,-3.0,0.0,0.0,3,43.5,43.666666666666664,43.5,43.5,44.0,0.5,0.28867513459481287,1,41.5,41.5,41.5,41.5,41.5,0.0,0.0
401778324,2025,postseason,1,2025-12-29 19:00:00+00:00,2026,App State,290,Georgia Southern,3,10.0,10.0,10.0,10.0,10.0,0.0,0.0,1,2.0,2.0,2.0,2.0,2.0,0.0,0.0,3,58.0,58.0,58.0,57.5,58.5,1.0,0.5,1,59.5,59.5,59.5,59.5,59.5,0.0,0.0
401778325,2025,postseason,1,2025-12-30 19:00:00+00:00,2348,Louisiana Tech,324,Coastal Carolina,3,-10.0,-10.0,-10.0,-10.0,-10.0,0.0,0.0,1,-7.0,-7.0,-7.0,-7.0,-7.0,0.0,0.0,3,51.5,51.333333333333336,51.5,51.0,51.5,0.5,0.28867513459481287,1,50.5,50.5,50.5,50.5,50.5,0.0,0.0
401778326,2025,postseason,1,2025-12-30 22:30:00+00:00,356,Illinois,2633,Tennessee,3,3.0,2.8333333333333335,3.0,2.5,3.0,0.5,0.28867513459481287,2,5.5,5.5,5.5,5.5,5.5,0.0,0.0,3,62.0,62.0,62.0,61.5,62.5,1.0,0.5,2,61.5,61.5,61.5,61.5,61.5,0.0,0.0
401778327,2025,postseason,1,2025-12-31 02:00:00+00:00,2628,TCU,30,USC,3,4.5,4.5,4.5,4.5,4.5,0.0,0.0,1,6.0,6.0,6.0,6.0,6.0,0.0,0.0,3,56.5,56.5,56.5,56.5,56.5,0.0,0.0,1,59.5,59.5,59.5,59.5,59.5,0.0,0.0
401778328,2025,postseason,1,2025-12-31 17:00:00+00:00,238,Vanderbilt,2294,Iowa,3,-3.0,-3.0,-3.0,-3.0,-3.0,0.0,0.0,2,-4.5,-4.5,-4.5,-5.0,-4.0,1.0,0.7071067811865476,3,47.5,47.333333333333336,47.5,47.0,47.5,0.5,0.28867513459481287,2,49.25,49.25,49.25,49.0,49.5,0.5,0.3535533905932738
401778329,2025,postseason,1,2025-12-31 19:00:00+00:00,150,Duke,9,Arizona State,3,-4.0,-3.3333333333333335,-4.0,-4.0,-2.0,2.0,1.1547005383792515,1,-1.5,-1.5,-1.5,-1.5,-1.5,0.0,0.0,3,49.5,49.5,49.5,49.5,49.5,0.0,0.0,2,49.5,49.5,49.5,49.5,49.5,0.0,0.0
401778330,2025,postseason,1,2025-12-31 20:00:00+00:00,251,Texas,130,Michigan,3,-4.5,-5.166666666666667,-4.5,-7.0,-4.0,3.0,1.6072751268321592,1,-5.5,-5.5,-5.5,-5.5,-5.5,0.0,0.0,3,50.5,50.333333333333336,50.5,50.0,50.5,0.5,0.28867513459481287,1,46.0,46.0,46.0,46.0,46.0,0.0,0.0
401778331,2025,postseason,1,2025-12-31 20:30:00+00:00,254,Utah,158,Nebraska,3,-13.5,-13.666666666666666,-13.5,-14.0,-13.5,0.5,0.28867513459481287,1,-14.5,-14.5,-14.5,-14.5,-14.5,0.0,0.0,3,51.5,51.333333333333336,51.5,51.0,51.5,0.5,0.28867513459481287,1,49.5,49.5,49.5,49.5,49.5,0.0,0.0
401778332,2025,postseason,1,2026-01-02 18:00:00+00:00,326,Texas State,242,Rice,3,-19.5,-19.5,-19.5,-19.5,-19.5,0.0,0.0,2,-10.5,-10.5,-10.5,-10.5,-10.5,0.0,0.0,3,55.5,55.5,55.5,55.5,55.5,0.0,0.0,2,59.5,59.5,59.5,59.5,59.5,0.0,0.0
401778333,2025,postseason,1,2026-01-02 21:30:00+00:00,2132,Cincinnati,2426,Navy,3,7.5,6.333333333333333,7.5,4.0,7.5,3.5,2.0207259421636903,1,-1.5,-1.5,-1.5,-1.5,-1.5,0.0,0.0,3,57.5,57.5,57.5,57.5,57.5,0.0,0.0,1,55.5,55.5,55.5,55.5,55.5,0.0,0.0
401778334,2025,postseason,1,2026-01-03 01:00:00+00:00,344,Mississippi State,154,Wake Forest,3,-3.0,-2.8333333333333335,-3.0,-3.0,-2.5,0.5,0.28867513459481287,2,-3.0,-3.0,-3.0,-3.0,-3.0,0.0,0.0,3,52.5,52.5,52.5,52.5,52.5,0.0,0.0,2,56.5,56.5,56.5,56.5,56.5,0.0,0.0
401779328,2025,regular,5,2025-09-27 16:00:00+00:00,2184,Duquesne,2441,New Haven,1,-18.0,-18.0,-18.0,-18.0,-18.0,0.0,0.0,0,,,,,,,,1,54.5,54.5,54.5,54.5,54.5,0.0,0.0,0,,,,,,,
401779329,2025,regular,1,2025-08-29 23:00:00+00:00,2368,Marist,2441,New Haven,1,3.5,3.5,3.5,3.5,3.5,0.0,0.0,0,,,,,,,,1,48.5,48.5,48.5,48.5,48.5,0.0,0.0,0,,,,,,,
401779510,2025,regular,9,2025-10-25 16:00:00+00:00,2341,Long Island University,2441,New Haven,1,-10.0,-10.0,-10.0,-10.0,-10.0,0.0,0.0,0,,,,,,,,1,46.5,46.5,46.5,46.5,46.5,0.0,0.0,0,,,,,,,
401779511,2025,regular,2,2025-09-06 16:00:00+00:00,2385,Mercyhurst,2441,New Haven,1,-12.5,-12.5,-12.5,-12.5,-12.5,0.0,0.0,0,,,,,,,,1,52.5,52.5,52.5,52.5,52.5,0.0,0.0,0,,,,,,,
401779840,2025,postseason,1,2025-12-20 01:00:00+00:00,201,Oklahoma,333,Alabama,3,-1.5,-1.8333333333333333,-1.5,-2.5,-1.5,1.0,0.5773502691896257,1,1.0,1.0,1.0,1.0,1.0,0.0,0.0,3,42.5,42.333333333333336,42.5,42.0,42.5,0.5,0.28867513459481287,1,41.0,41.0,41.0,41.0,41.0,0.0,0.0
401779841,2025,postseason,1,2025-12-20 17:00:00+00:00,245,Texas A&M,2390,Miami,3,-3.0,-3.0,-3.0,-3.0,-3.0,0.0,0.0,1,-4.5,-4.5,-4.5,-4.5,-4.5,0.0,0.0,3,48.5,48.5,48.5,48.5,48.5,0.0,0.0,1,50.5,50.5,50.5,50.5,50.5,0.0,0.0
401779842,2025,postseason,1,2025-12-20 20:30:00+00:00,145,Ole Miss,2655,Tulane,3,-16.5,-16.833333333333332,-16.5,-17.5,-16.5,1.0,0.5773502691896257,1,-17.0,-17.0,-17.0,-17.0,-17.0,0.0,0.0,3,57.5,57.5,57.5,57.5,57.5,0.0,0.0,2,56.75,56.75,56.75,56.5,57.0,0.5,0.3535533905932738
401779843,2025,postseason,1,2025-12-21 00:30:00+00:00,2483,Oregon,256,James Madison,3,-20.5,-21.166666666666668,-20.5,-22.5,-20.5,2.0,1.1547005383792515,1,-21.0,-21.0,-21.0,-21.0,-21.0,0.0,0.0,3,47.5,47.5,47.5,47.5,47.5,0.0,0.0,1,50.0,50.0,50.0,50.0,50.0,0.0,0.0
401783278,2025,regular,3,2025-09-13 23:00:00+00:00,399,UAlbany,2441,New Haven,1,-19.5,-19.5,-19.5,-19.5,-19.5,0.0,0.0,0,,,,,,,,1,45.5,45.5,45.5,45.5,45.5,0.0,0.0,0,,,,,,,
401783279,2025,regular,11,2025-11-08 20:30:00+00:00,2441,New Haven,2771,Merrimack,1,9.5,9.5,9.5,9.5,9.5,0.0,0.0,0,,,,,,,,1,44.5,44.5,44.5,44.5,44.5,0.0,0.0,0,,,,,,,
401788996,2025,regular,13,2025-11-22 18:00:00+00:00,219,Pennsylvania,163,Princeton,1,-3.5,-3.5,-3.5,-3.5,-3.5,0.0,0.0,0,,,,,,,,1,50.5,50.5,50.5,50.5,50.5,0.0,0.0,0,,,,,,,
401788997,2025,regular,9,2025-10-25 16:00:00+00:00,43,Yale,219,Pennsylvania,1,-6.5,-6.5,-6.5,-6.5,-6.5,0.0,0.0,0,,,,,,,,1,53.5,53.5,53.5,53.5,53.5,0.0,0.0,0,,,,,,,
401788998,2025,regular,12,2025-11-15 17:00:00+00:00,163,Princeton,43,Yale,1,8.5,8.5,8.5,8.5,8.5,0.0,0.0,0,,,,,,,,1,51.5,51.5,51.5,51.5,51.5,0.0,0.0,0,,,,,,,
401831583,2025,postseason,1,2026-01-03 01:00:00+00:00,2567,SMU,12,Arizona,3,-2.5,-2.5,-2.5,-2.5,-2.5,0.0,0.0,1,3.0,3.0,3.0,3.0,3.0,0.0,0.0,3,55.5,55.333333333333336,55.5,55.0,55.5,0.5,0.28867513459481287,1,52.5,52.5,52.5,52.5,52.5,0.0,0.0
401833680,2025,postseason,1,2026-01-06 00:30:00+00:00,147,Montana State,2287,Illinois State,1,-10.5,-10.5,-10.5,-10.5,-10.5,0.0,0.0,0,,,,,,,,1,58.5,58.5,58.5,58.5,58.5,0.0,0.0,0,,,,,,,
401833969,2025,regular,14,2025-11-29 18:00:00+00:00,2000,Abilene Christian,2320,Lamar,1,-12.5,-12.5,-12.5,-12.5,-12.5,0.0,0.0,0,,,,,,,,1,45.5,45.5,45.5,45.5,45.5,0.0,0.0,0,,,,,,,
401833975,2025,regular,14,2025-11-29 17:00:00+00:00,2754,Youngstown State,43,Yale,1,-4.5,-4.5,-4.5,-4.5,-4.5,0.0,0.0,0,,,,,,,,1,61.5,61.5,61.5,61.5,61.5,0.0,0.0,0,,,,,,,
401833985,2025,regular,16,2025-12-13 02:00:00+00:00,147,Montana State,2617,Stephen F. Austin,1,-15.5,-15.5,-15.5,-15.5,-15.5,0.0,0.0,0,,,,,,,,1,56.5,56.5,56.5,56.5,56.5,0.0,0.0,0,,,,,,,
401833986,2025,regular,16,2025-12-13 17:00:00+00:00,2627,Tarleton State,222,Villanova,1,-14.5,-14.5,-14.5,-14.5,-14.5,0.0,0.0,0,,,,,,,,1,54.5,54.5,54.5,54.5,54.5,0.0,0.0,0,,,,,,,
401833987,2025,regular,16,2025-12-13 20:30:00+00:00,149,Montana,233,South Dakota,1,-7.5,-7.5,-7.5,-7.5,-7.5,0.0,0.0,0,,,,,,,,1,59.5,59.5,59.5,59.5,59.5,0.0,0.0,0,,,,,,,
401833989,2025,postseason,1,2025-12-20 21:00:00+00:00,147,Montana State,149,Montana,2,-5.5,-5.5,-5.5,-6.5,-4.5,2.0,1.4142135623730951,1,-4.5,-4.5,-4.5,-4.5,-4.5,0.0,0.0,2,56.0,56.0,56.0,55.5,56.5,1.0,0.7071067811865476,1,55.5,55.5,55.5,55.5,55.5,0.0,0.0
401833990,2025,postseason,1,2025-12-21 00:30:00+00:00,222,Villanova,2287,Illinois State,1,-1.5,-1.5,-1.5,-1.5,-1.5,0.0,0.0,0,,,,,,,,1,51.5,51.5,51.5,51.5,51.5,0.0,0.0,0,,,,,,,
401836055,2025,regular,14,2025-11-29 17:00:00+00:00,222,Villanova,108,Harvard,1,2.0,2.0,2.0,2.0,2.0,0.0,0.0,0,,,,,,,,1,53.5,53.5,53.5,53.5,53.5,0.0,0.0,0,,,,,,,
401836095,2025,regular,14,2025-11-29 18:00:00+00:00,2545,SE Louisiana,2287,Illinois State,1,-2.5,-2.5,-2.5,-2.5,-2.5,0.0,0.0,0,,,,,,,,1,54.5,54.5,54.5,54.5,54.5,0.0,0.0,0,,,,,,,
401836102,2025,regular,14,2025-11-29 17:00:00+00:00,227,Rhode Island,2115,Central Connecticut,1,-19.5,-19.5,-19.5,-19.5,-19.5,0.0,0.0,0,,,,,,,,1,52.5,52.5,52.5,52.5,52.5,0.0,0.0,0,,,,,,,
401836115,2025,regular,14,2025-11-29 18:00:00+00:00,2635,Tennessee Tech,155,North Dakota,1,2.0,2.0,2.0,2.0,2.0,0.0,0.0,0,,,,,,,,1,48.5,48.5,48.5,48.5,48.5,0.0,0.0,0,,,,,,,
401836116,2025,regular,14,2025-11-29 18:00:00+00:00,2571,South Dakota State,160,New Hampshire,1,-11.0,-11.0,-11.0,-11.0,-11.0,0.0,0.0,0,,,,,,,,1,43.5,43.5,43.5,43.5,43.5,0.0,0.0,0,,,,,,,
401836195,2025,regular,14,2025-11-29 18:00:00+00:00,233,South Dakota,2181,Drake,1,-21.0,-21.0,-21.0,-21.0,-21.0,0.0,0.0,0,,,,,,,,1,46.5,46.5,46.5,46.5,46.5,0.0,0.0,0,,,,,,,
401836219,2025,regular,16,2025-12-13 22:00:00+00:00,302,UC Davis,2287,Illinois State,1,-3.0,-3.0,-3.0,-3.0,-3.0,0.0,0.0,0,,,,,,,,1,57.5,57.5,57.5,57.5,57.5,0.0,0.0,0,,,,,,,
401838053,2025,postseason,1,2025-12-19 02:00:00+00:00,2032,Arkansas State,2623,Missouri State,3,-1.5,-1.5,-1.5,-1.5,-1.5,0.0,0.0,1,-2.5,-2.5,-2.5,-2.5,-2.5,0.0,0.0,3,55.5,55.333333333333336,55.5,55.0,55.5,0.5,0.28867513459481287,1,56.5,56.5,56.5,56.5,56.5,0.0,0.0
