game_id,season,season_type,week,start_date,completed,neutral_site,conference_game,attendance,venue_id,venue,home_team_id,home_team,away_team_id,away_team,home_points,away_points,home_abbreviation,home_conference,home_classification,away_abbreviation,away_conference,away_classification,spread_provider_count,consensus_spread,spread_mean,spread_median,spread_min,spread_max,spread_range,spread_stddev,spread_open_provider_count,consensus_spread_open,spread_open_mean,spread_open_median,spread_open_min,spread_open_max,spread_open_range,spread_open_stddev,total_provider_count,consensus_total,total_mean,total_median,total_min,total_max,total_range,total_stddev,total_open_provider_count,consensus_total_open,total_open_mean,total_open_median,total_open_min,total_open_max,total_open_range,total_open_stddev,betting_available,home_rank,away_rank,home_rank_source,away_rank_source,home_rank_available,away_rank_available
401110723,2019,regular,1,2019-08-24 23:00:00+00:00,True,True,False,66543,4013,Camping World Stadium,57,Florida,2390,Miami,24,20,FLA,SEC,fbs,MIA,ACC,fbs,4,-7.0,-7.0,-7.0,-7.0,-7.0,0.0,0.0,0,,,,,,,,4,46.5,46.375,46.5,46.0,46.5,0.5,0.25,0,,,,,,,,True,8,,AP,,True,False
401114164,2019,regular,1,2019-08-25 02:30:00+00:00,True,False,False,22396,3610,Aloha Stadium,62,Hawai'i,12,Arizona,45,38,HAW,Mountain West,fbs,ARIZ,Pac-12,fbs,4,10.5,10.375,10.5,10.0,10.5,0.5,0.25,0,,,,,,,,4,71.0,71.0,71.0,71.0,71.0,0.0,0.0,0,,,,,,,,True,,,,,False,False
401117854,2019,regular,1,2019-08-29 23:00:00+00:00,True,False,False,38032,3854,Nippert Stadium,2132,Cincinnati,26,UCLA,24,14,CIN,American Athletic,fbs,UCLA,Pac-12,fbs,4,-2.5,-2.5,-2.5,-3.0,-2.0,1.0,0.408248290463863,0,,,,,,,,4,55.5,56.0,55.5,55.5,57.5,2.0,1.0,0,,,,,,,,True,,,,,False,False
401119255,2019,regular,1,2019-08-29 23:00:00+00:00,True,False,False,18412,3965,UB Stadium,2084,Buffalo,2523,Robert Morris,38,10,BUF,Mid-American,fbs,RMU,NEC,fcs,1,-41.5,-41.5,-41.5,-41.5,-41.5,0.0,0.0,0,,,,,,,,1,63.5,63.5,63.5,63.5,63.5,0.0,0.0,0,,,,,,,,True,,,,,False,False
401119254,2019,regular,1,2019-08-29 23:00:00+00:00,True,False,False,17620,3700,Doyt L. Perry Stadium,189,Bowling Green,2415,Morgan State,46,3,BGSU,Mid-American,fbs,MORG,MEAC,fcs,1,-24.0,-24.0,-24.0,-24.0,-24.0,0.0,0.0,0,,,,,,,,1,50.5,50.5,50.5,50.5,50.5,0.0,0.0,0,,,,,,,,True,,,,,False,False
401117855,2019,regular,1,2019-08-29 23:00:00+00:00,True,False,False,19648,3892,Pratt & Whitney Stadium,41,UConn,2681,Wagner,24,21,CONN,American Athletic,fbs,WAG,NEC,fcs,1,-23.0,-23.0,-23.0,-23.0,-23.0,0.0,0.0,0,,,,,,,,1,70.5,70.5,70.5,70.5,70.5,0.0,0.0,0,,,,,,,,True,,,,,False,False
401114246,2019,regular,1,2019-08-29 23:30:00+00:00,True,False,False,17120,3796,Houchens Industries-L.T. Smith Stadium,98,Western Kentucky,2110,Central Arkansas,28,35,WKU,Conference USA,fbs,CARK,Southland,fcs,1,-10.0,-10.0,-10.0,-10.0,-10.0,0.0,0.0,0,,,,,,,,1,54.5,54.5,54.5,54.5,54.5,0.0,0.0,0,,,,,,,,True,,,,,False,False
401117853,2019,regular,1,2019-08-29 23:30:00+00:00,True,False,False,44073,3652,FBC Mortgage Stadium,2116,UCF,50,Florida A&M,62,0,UCF,American Athletic,fbs,FAMU,MEAC,fcs,1,-44.0,-44.0,-44.0,-44.0,-44.0,0.0,0.0,0,,,,,,,,1,65.5,65.5,65.5,65.5,65.5,0.0,0.0,0,,,,,,,,True,17,,AP,,True,False
401135910,2019,regular,1,2019-08-29 23:30:00+00:00,True,False,False,16119,4418,Jerry Richardson Stadium,2429,Charlotte,2241,Gardner-Webb,49,28,CLT,Conference USA,fbs,GWEB,Big South,fcs,1,-31.0,-31.0,-31.0,-31.0,-31.0,0.0,0.0,0,,,,,,,,1,54.5,54.5,54.5,54.5,54.5,0.0,0.0,0,,,,,,,,True,,,,,False,False
401114237,2019,regular,1,2019-08-30 00:00:00+00:00,True,False,False,39165,3803,Legion Field,5,UAB,2011,Alabama State,24,19,UAB,Conference USA,fbs,ALST,SWAC,fcs,1,-39.0,-39.0,-39.0,-39.0,-39.0,0.0,0.0,0,,,,,,,,1,50.5,50.5,50.5,50.5,50.5,0.0,0.0,0,,,,,,,,True,,,,,False,False
401111653,2019,regular,1,2019-08-30 00:00:00+00:00,True,False,True,79118,3836,"Memorial Stadium (Clemson, SC)",228,Clemson,59,Georgia Tech,52,14,CLEM,ACC,fbs,GT,ACC,fbs,4,-36.75,-36.625,-36.75,-37.0,-36.0,1.0,0.47871355387816905,0,,,,,,,,4,60.5,60.5,60.5,60.5,60.5,0.0,0.0,0,,,,,,,,True,1,,AP,,True,False
401114236,2019,regular,1,2019-08-30 00:00:00+00:00,True,False,False,16361,4729,Yulman Stadium,2655,Tulane,2229,Florida International,42,14,TULN,American Athletic,fbs,FIU,Conference USA,fbs,4,-3.0,-3.0,-3.0,-3.0,-3.0,0.0,0.0,0,,,,,,,,4,58.75,59.0,58.75,58.5,60.0,1.5,0.7071067811865476,0,,,,,,,,True,,,,,False,False
401110731,2019,regular,1,2019-08-30 00:30:00+00:00,True,False,False,98016,3795,Kyle Field,245,Texas A&M,326,Texas State,41,7,TA&M,SEC,fbs,TXST,Sun Belt,fbs,4,-33.25,-33.25,-33.25,-33.5,-33.0,0.5,0.28867513459481287,0,,,,,,,,4,57.25,57.125,57.25,56.5,57.5,1.0,0.47871355387816905,0,,,,,,,,True,12,,AP,,True,False
401119253,2019,regular,1,2019-08-30 00:50:00+00:00,True,False,False,12207,3786,Kelly/Shorts Stadium,2117,Central Michigan,399,UAlbany,38,21,CMU,Mid-American,fbs,UALB,CAA,fcs,1,-14.5,-14.5,-14.5,-14.5,-14.5,0.0,0.0,0,,,,,,,,1,45.0,45.0,45.0,45.0,45.0,0.0,0.0,0,,,,,,,,True,,,,,False,False
401112229,2019,regular,1,2019-08-30 01:00:00+00:00,True,False,False,49112,3953,Huntington Bank Stadium,135,Minnesota,2571,South Dakota State,28,21,MINN,Big Ten,fbs,SDST,MVFC,fcs,1,-14.5,-14.5,-14.5,-14.5,-14.5,0.0,0.0,0,,,,,,,,1,56.0,56.0,56.0,56.0,56.0,0.0,0.0,0,,,,,,,,True,,,,,False,False
401114153,2019,regular,1,2019-08-30 02:00:00+00:00,True,False,False,47413,3947,Mountain America Stadium,9,Arizona State,2309,Kent State,30,7,ASU,Pac-12,fbs,KENT,Mid-American,fbs,4,-24.5,-24.5,-24.5,-24.5,-24.5,0.0,0.0,0,,,,,,,,4,61.5,61.375,61.5,60.5,62.0,1.5,0.6291528696058958,0,,,,,,,,True,,,,,False,False
401117493,2019,regular,1,2019-08-30 02:00:00+00:00,True,False,False,13480,3935,CEFCU Stadium,23,San José State,2458,Northern Colorado,35,18,SJSU,Mountain West,fbs,UNCO,Big Sky,fcs,1,-17.5,-17.5,-17.5,-17.5,-17.5,0.0,0.0,0,,,,,,,,1,59.5,59.5,59.5,59.5,59.5,0.0,0.0,0,,,,,,,,True,,,,,False,False
401114223,2019,regular,1,2019-08-30 02:15:00+00:00,True,False,False,61626,3801,LaVell Edwards Stadium,252,BYU,254,Utah,12,30,BYU,FBS Independents,fbs,UTAH,Pac-12,fbs,4,6.25,6.125,6.25,5.5,6.5,1.0,0.47871355387816905,0,,,,,,,,4,48.5,48.5,48.5,48.0,49.0,1.0,0.408248290463863,0,,,,,,,,True,,14,,AP,False,True
401114238,2019,regular,1,2019-08-30 22:00:00+00:00,True,False,False,23238,3841,Michie Stadium,349,Army,242,Rice,14,7,ARMY,FBS Independents,fbs,RICE,Conference USA,fbs,4,-23.5,-23.0,-23.5,-23.5,-21.5,2.0,1.0,0,,,,,,,,4,46.25,46.625,46.25,46.0,48.0,2.0,0.9464847243000456,0,,,,,,,,True,,,,,False,False
401112212,2019,regular,1,2019-08-30 23:00:00+00:00,True,False,False,72005,3936,Spartan Stadium,127,Michigan State,202,Tulsa,28,7,MSU,Big Ten,fbs,TLSA,American Athletic,fbs,4,-23.5,-23.125,-23.5,-23.5,-22.0,1.5,0.75,0,,,,,,,,4,47.5,47.625,47.5,47.5,48.0,0.5,0.25,0,,,,,,,,True,18,,AP,,True,False
401112264,2019,regular,1,2019-08-30 23:15:00+00:00,True,False,False,40515,3754,High Point Solutions Stadium,164,Rutgers,113,Massachusetts,48,21,RUTG,Big Ten,fbs,MASS,FBS Independents,fbs,3,-17.0,-16.666666666666668,-17.0,-17.0,-16.0,1.0,0.5773502691896257,0,,,,,,,,3,54.0,54.166666666666664,54.0,54.0,54.5,0.5,0.28867513459481287,0,,,,,,,,True,,,,,False,False
401117856,2019,regular,1,2019-08-30 23:55:00+00:00,True,False,False,46704,3886,Raymond James Stadium,58,South Florida,275,Wisconsin,0,49,USF,American Athletic,fbs,WIS,Big Ten,fbs,4,10.5,10.5,10.5,10.0,11.0,1.0,0.408248290463863,0,,,,,,,,4,58.0,58.125,58.0,58.0,58.5,0.5,0.25,0,,,,,,,,True,,19,,AP,False,True
401112430,2019,regular,1,2019-08-31 00:00:00+00:00,True,False,False,29027,3630,Allegacy Federal Credit Union Stadium,154,Wake Forest,328,Utah State,38,35,WAKE,ACC,fbs,USU,Mountain West,fbs,3,-4.5,-4.5,-4.5,-5.0,-4.0,1.0,0.5,0,,,,,,,,3,61.0,60.833333333333336,61.0,60.0,61.5,1.5,0.7637626158259734,0,,,,,,,,True,,,,,False,False
401112262,2019,regular,1,2019-08-31 01:30:00+00:00,True,False,False,20144,3816,Mackay Stadium,2440,Nevada,2509,Purdue,34,31,NEV,Mountain West,fbs,PUR,Big Ten,fbs,4,11.0,11.0,11.0,11.0,11.0,0.0,0.0,0,,,,,,,,4,58.5,58.5,58.5,58.5,58.5,0.0,0.0,0,,,,,,,,True,,,,,False,False
401114184,2019,regular,1,2019-08-31 02:00:00+00:00,True,True,False,66997,3937,Sports Authority Field at Mile High,38,Colorado,36,Colorado State,52,31,COLO,Pac-12,fbs,CSU,Mountain West,fbs,4,-12.5,-12.625,-12.5,-13.5,-12.0,1.5,0.75,0,,,,,,,,4,55.5,55.375,55.5,55.0,55.5,0.5,0.25,0,,,,,,,,True,,,,,False,False
401112122,2019,regular,1,2019-08-31 02:30:00+00:00,True,False,False,31681,3893,Reser Stadium,204,Oregon State,197,Oklahoma State,36,52,ORST,Pac-12,fbs,OKST,Big 12,fbs,4,13.5,13.5,13.5,13.0,14.0,1.0,0.408248290463863,0,,,,,,,,4,73.0,72.875,73.0,72.0,73.5,1.5,0.6291528696058958,0,,,,,,,,True,,,,,False,False
401112096,2019,regular,1,2019-08-31 16:00:00+00:00,True,False,False,32611,3833,Memorial Stadium,2305,Kansas,282,Indiana State,24,17,KU,Big 12,fbs,INST,MVFC,fcs,1,-7.5,-7.5,-7.5,-7.5,-7.5,0.0,0.0,0,,,,,,,,1,53.5,53.5,53.5,53.5,53.5,0.0,0.0,0,,,,,,,,True,,,,,False,False
401112085,2019,regular,1,2019-08-31 16:00:00+00:00,True,False,False,61500,3772,Jack Trice Stadium,66,Iowa State,2460,Northern Iowa,29,26,ISU,Big 12,fbs,UNI,MVFC,fcs,1,-23.5,-23.5,-23.5,-23.5,-23.5,0.0,0.0,0,,,,,,,,1,41.5,41.5,41.5,41.5,41.5,0.0,0.0,0,,,,,,,,True,21,,AP,,True,False
401112238,2019,regular,1,2019-08-31 16:00:00+00:00,True,False,False,89502,3834,"Memorial Stadium (Lincoln, NE)",158,Nebraska,6,South Alabama,35,21,NEB,Big Ten,fbs,USA,Sun Belt,fbs,4,-35.5,-35.5,-35.5,-36.0,-35.0,1.0,0.408248290463863,0,,,,,,,,4,65.5,65.5,65.5,65.0,66.0,1.0,0.408248290463863,0,,,,,,,,True,24,,AP,,True,False
401112145,2019,regular,1,2019-08-31 16:00:00+00:00,True,False,False,30654,3832,"Memorial Stadium (Champaign, IL)",356,Illinois,2006,Akron,42,3,ILL,Big Ten,fbs,AKR,Mid-American,fbs,4,-18.0,-18.0,-18.0,-18.0,-18.0,0.0,0.0,0,,,,,,,,4,60.25,60.375,60.25,60.0,61.0,1.0,0.47871355387816905,0,,,,,,,,True,,,,,False,False
401112251,2019,regular,1,2019-08-31 16:00:00+00:00,True,False,False,103228,3861,Ohio Stadium,194,Ohio State,2226,Florida Atlantic,45,21,OSU,Big Ten,fbs,FAU,Conference USA,fbs,4,-27.75,-27.625,-27.75,-28.0,-27.0,1.0,0.47871355387816905,0,,,,,,,,4,66.0,65.5,66.0,64.0,66.0,2.0,1.0,0,,,,,,,,True,5,,AP,,True,False
401112431,2019,regular,1,2019-08-31 16:00:00+00:00,True,False,False,50917,3697,Doak Campbell Stadium,52,Florida State,68,Boise State,31,36,FSU,ACC,fbs,BOIS,Mountain West,fbs,4,-6.5,-6.125,-6.5,-6.5,-5.0,1.5,0.75,0,,,,,,,,4,54.5,53.875,54.5,51.5,55.0,3.5,1.6007810593582121,0,,,,,,,,True,,,,,False,False
401110724,2019,regular,1,2019-08-31 16:00:00+00:00,True,False,False,54610,3683,Kroger Field,96,Kentucky,2649,Toledo,38,24,UK,SEC,fbs,TOL,Mid-American,fbs,4,-10.0,-10.375,-10.0,-12.0,-9.5,2.5,1.1086778913041726,0,,,,,,,,4,60.5,60.625,60.5,59.5,62.0,2.5,1.0307764064044151,0,,,,,,,,True,,,,,False,False
401110727,2019,regular,1,2019-08-31 16:00:00+00:00,True,True,False,22440,3493,Caesars Superdome,309,Louisiana,344,Mississippi State,28,38,UL,Sun Belt,fbs,MSST,SEC,fbs,4,18.75,19.0,18.75,18.5,20.0,1.5,0.7071067811865476,0,,,,,,,,4,60.25,60.5,60.25,60.0,61.5,1.5,0.7071067811865476,0,,,,,,,,True,,,,,False,False
401112432,2019,regular,1,2019-08-31 16:00:00+00:00,True,False,False,57633,3670,Carter-Finley Stadium,152,NC State,151,East Carolina,34,6,NCSU,ACC,fbs,ECU,American Athletic,fbs,4,-17.5,-17.375,-17.5,-17.5,-17.0,0.5,0.25,0,,,,,,,,4,51.75,52.125,51.75,51.5,53.5,2.0,0.9464847243000456,0,,,,,,,,True,,,,,False,False
401112201,2019,regular,1,2019-08-31 16:00:00+00:00,True,False,False,32761,3665,SECU Stadium,120,Maryland,47,Howard,79,0,MD,Big Ten,fbs,HOW,MEAC,fcs,1,-29.0,-29.0,-29.0,-29.0,-29.0,0.0,0.0,0,,,,,,,,1,65.5,65.5,65.5,65.5,65.5,0.0,0.0,0,,,,,,,,True,,,,,False,False
401110726,2019,regular,1,2019-08-31 16:00:00+00:00,True,False,False,44107,3805,Simmons Bank Liberty Stadium,235,Memphis,145,Ole Miss,15,10,MEM,American Athletic,fbs,MISS,SEC,fbs,4,-3.25,-3.625,-3.25,-5.0,-3.0,2.0,0.9464847243000456,0,,,,,,,,4,65.0,65.0,65.0,63.5,66.5,3.0,1.224744871391589,0,,,,,,,,True,,,,,False,False
401112157,2019,regular,1,2019-08-31 16:00:00+00:00,True,True,False,21437,3812,Lucas Oil Stadium,2050,Ball State,84,Indiana,24,34,BALL,Mid-American,fbs,IU,Big Ten,fbs,4,18.0,17.875,18.0,17.5,18.0,0.5,0.25,0,,,,,,,,4,61.25,61.0,61.25,60.0,61.5,1.5,0.7071067811865476,0,,,,,,,,True,,,,,False,False
401119259,2019,regular,1,2019-08-31 18:00:00+00:00,True,False,False,16665,3876,Peden Stadium,195,Ohio,227,Rhode Island,41,20,OHIO,Mid-American,fbs,URI,CAA,fcs,1,-25.0,-25.0,-25.0,-25.0,-25.0,0.0,0.0,0,,,,,,,,1,66.5,66.5,66.5,66.5,66.5,0.0,0.0,0,,,,,,,,True,,,,,False,False
401112143,2019,regular,1,2019-08-31 18:00:00+00:00,True,False,False,61891,3842,Milan Puskar Stadium,277,West Virginia,256,James Madison,20,13,WVU,Big 12,fbs,JMU,CAA,fcs,1,-7.0,-7.0,-7.0,-7.0,-7.0,0.0,0.0,0,,,,,,,,1,52.5,52.5,52.5,52.5,52.5,0.0,0.0,0,,,,,,,,True,,,,,False,False
401117859,2019,regular,1,2019-08-31 19:00:00+00:00,True,False,False,26378,3806,Lincoln Financial Field,218,Temple,2083,Bucknell,56,12,TEM,American Athletic,fbs,BUCK,Patriot,fcs,1,-42.0,-42.0,-42.0,-42.0,-42.0,0.0,0.0,0,,,,,,,,1,53.5,53.5,53.5,53.5,53.5,0.0,0.0,0,,,,,,,,True,,,,,False,False
401114233,2019,regular,1,2019-08-31 19:00:00+00:00,True,False,False,65709,3765,Husky Stadium,264,Washington,331,Eastern Washington,47,14,WASH,Pac-12,fbs,EWU,Big Sky,fcs,1,-24.5,-24.5,-24.5,-24.5,-24.5,0.0,0.0,0,,,,,,,,1,64.5,64.5,64.5,64.5,64.5,0.0,0.0,0,,,,,,,,True,13,,AP,,True,False
401110729,2019,regular,1,2019-08-31 19:30:00+00:00,True,True,False,52183,3628,Bank of America Stadium,153,North Carolina,2579,South Carolina,24,20,UNC,ACC,fbs,SC,SEC,fbs,4,11.5,11.5,11.5,11.0,12.0,1.0,0.5773502691896257,0,,,,,,,,4,62.25,62.125,62.25,61.0,63.0,2.0,0.8539125638299665,0,,,,,,,,True,,,,,False,False
401117857,2019,regular,1,2019-08-31 19:30:00+00:00,True,False,False,28531,3852,Navy-Marine Corps Memorial Stadium,2426,Navy,107,Holy Cross,45,7,NAVY,American Athletic,fbs,HC,Patriot,fcs,1,-21.5,-21.5,-21.5,-21.5,-21.5,0.0,0.0,0,,,,,,,,1,53.5,53.5,53.5,53.5,53.5,0.0,0.0,0,,,,,,,,True,,,,,False,False
401121934,2019,regular,1,2019-08-31 19:30:00+00:00,True,False,False,25147,3792,Kidd Brewer Stadium,2026,App State,2193,East Tennessee State,42,7,APP,Sun Belt,fbs,ETSU,Southern,fcs,1,-33.0,-33.0,-33.0,-33.0,-33.0,0.0,0.0,0,,,,,,,,1,51.5,51.5,51.5,51.5,51.5,0.0,0.0,0,,,,,,,,True,,,,,False,False
401117494,2019,regular,1,2019-08-31 19:30:00+00:00,True,False,False,33101,3713,Falcon Stadium,2005,Air Force,2142,Colgate,48,7,AF,Mountain West,fbs,COLG,Patriot,fcs,1,-23.5,-23.5,-23.5,-23.5,-23.5,0.0,0.0,0,,,,,,,,1,43.5,43.5,43.5,43.5,43.5,0.0,0.0,0,,,,,,,,True,,,,,False,False
401110730,2019,regular,1,2019-08-31 19:30:00+00:00,True,False,False,85503,3853,Neyland Stadium,2633,Tennessee,2247,Georgia State,30,38,TENN,SEC,fbs,GAST,Sun Belt,fbs,4,-24.5,-24.875,-24.5,-26.0,-24.5,1.5,0.75,0,,,,,,,,4,58.25,58.125,58.25,57.5,58.5,1.0,0.47871355387816905,0,,,,,,,,True,,,,,False,False
401119256,2019,regular,1,2019-08-31 19:30:00+00:00,True,False,False,14237,3654,Brooks Stadium (SC),324,Coastal Carolina,2199,Eastern Michigan,23,30,CCU,Sun Belt,fbs,EMU,Mid-American,fbs,4,5.0,5.25,5.0,5.0,6.0,1.0,0.5,0,,,,,,,,4,55.25,55.0,55.25,53.5,56.0,2.5,1.0801234497346435,0,,,,,,,,True,,,,,False,False
401112257,2019,regular,1,2019-08-31 19:30:00+00:00,True,False,False,104527,3632,Beaver Stadium,213,Penn State,70,Idaho,79,7,PSU,Big Ten,fbs,IDHO,Big Sky,fcs,,,,,,,,,,,,,,,,,,,,,,,,,,,,,,,,,False,15,,AP,,True,False
401110720,2019,regular,1,2019-08-31 19:30:00+00:00,True,True,False,71916,5348,Mercedes-Benz Stadium,333,Alabama,150,Duke,42,3,ALA,SEC,fbs,DUKE,ACC,fbs,4,-34.0,-33.75,-34.0,-34.5,-32.5,2.0,0.9574271077563381,0,,,,,,,,4,57.0,57.0,57.0,56.5,57.5,1.0,0.408248290463863,0,,,,,,,,True,2,,AP,,True,False
401112245,2019,regular,1,2019-08-31 20:00:00+00:00,True,False,False,37179,3940,Stanford Stadium,24,Stanford,77,Northwestern,17,7,STAN,Pac-12,fbs,NU,Big Ten,fbs,4,-6.5,-6.5,-6.5,-6.5,-6.5,0.0,0.0,0,,,,,,,,4,46.5,46.75,46.5,46.5,47.5,1.0,0.5,0,,,,,,,,True,25,25,AP,Coaches,True,True
401112139,2019,regular,1,2019-08-31 20:00:00+00:00,True,False,False,54183,3784,Jones AT&T Stadium,2641,Texas Tech,147,Montana State,45,10,TTU,Big 12,fbs,MTST,Big Sky,fcs,1,-28.0,-28.0,-28.0,-28.0,-28.0,0.0,0.0,0,,,,,,,,1,60.0,60.0,60.0,60.0,60.0,0.0,0.0,0,,,,,,,,True,,,,,False,False
401110721,2019,regular,1,2019-08-31 20:00:00+00:00,True,False,False,61055,3887,Razorback Stadium,8,Arkansas,2502,Portland State,20,13,ARK,SEC,fbs,PRST,Big Sky,fcs,1,-29.5,-29.5,-29.5,-29.5,-29.5,0.0,0.0,0,,,,,,,,1,60.5,60.5,60.5,60.5,60.5,0.0,0.0,0,,,,,,,,True,,,,,False,False
401112435,2019,regular,1,2019-08-31 20:00:00+00:00,True,False,True,35213,3615,"Alumni Stadium (Chestnut Hill, MA)",103,Boston College,259,Virginia Tech,35,28,BC,ACC,fbs,VT,ACC,fbs,4,4.5,4.5,4.5,4.5,4.5,0.0,0.0,0,,,,,,,,4,57.25,57.25,57.25,56.5,58.0,1.5,0.6454972243679028,0,,,,,,,,True,,,,,False,False
401121935,2019,regular,1,2019-08-31 22:00:00+00:00,True,False,False,23172,3975,Veterans Memorial Stadium (AL),2653,Troy,2097,Campbell,43,14,TROY,Sun Belt,fbs,CAM,Big South,fcs,1,-35.5,-35.5,-35.5,-35.5,-35.5,0.0,0.0,0,,,,,,,,1,49.0,49.0,49.0,49.0,49.0,0.0,0.0,0,,,,,,,,True,,,,,False,False
401112434,2019,regular,1,2019-08-31 22:00:00+00:00,True,False,False,21671,3992,Williams Stadium (VA),2335,Liberty,183,Syracuse,0,24,LIB,FBS Independents,fbs,SYR,ACC,fbs,4,19.5,19.25,19.5,18.5,19.5,1.0,0.5,0,,,,,,,,4,69.25,69.0,69.25,68.0,69.5,1.5,0.7071067811865476,0,,,,,,,,True,,22,,AP,False,True
401117495,2019,regular,1,2019-08-31 22:00:00+00:00,True,False,False,13749,3971,University Stadium (NM),167,New Mexico,2534,Sam Houston,39,31,UNM,Mountain West,fbs,SHSU,Southland,fcs,1,-6.5,-6.5,-6.5,-6.5,-6.5,0.0,0.0,0,,,,,,,,1,62.5,62.5,62.5,62.5,62.5,0.0,0.0,0,,,,,,,,True,,,,,False,False
401114245,2019,regular,1,2019-08-31 22:00:00+00:00,True,False,False,26787,3604,Alamodome,2636,UTSA,2916,Incarnate Word,35,7,UTSA,Conference USA,fbs,UIW,Southland,fcs,1,-9.5,-9.5,-9.5,-9.5,-9.5,0.0,0.0,0,,,,,,,,1,58.5,58.5,58.5,58.5,58.5,0.0,0.0,0,,,,,,,,True,,,,,False,False
401114174,2019,regular,1,2019-08-31 22:30:00+00:00,True,False,False,44168,3831,California Memorial Stadium,25,California,302,UC Davis,27,13,CAL,Pac-12,fbs,UCD,Big Sky,fcs,1,-15.5,-15.5,-15.5,-15.5,-15.5,0.0,0.0,0,,,,,,,,1,48.0,48.0,48.0,48.0,48.0,0.0,0.0,0,,,,,,,,True,,,,,False,False
401114240,2019,regular,1,2019-08-31 22:30:00+00:00,True,False,False,23875,3775,Joan C. Edwards Stadium,276,Marshall,2678,VMI,56,17,MRSH,Conference USA,fbs,VMI,Southern,fcs,1,-44.0,-44.0,-44.0,-44.0,-44.0,0.0,0.0,0,,,,,,,,1,63.5,63.5,63.5,63.5,63.5,0.0,0.0,0,,,,,,,,True,,,,,False,False
401112073,2019,regular,1,2019-08-31 23:00:00+00:00,True,False,False,43013,4727,McLane Stadium,239,Baylor,2617,Stephen F. Austin,56,17,BAY,Big 12,fbs,SFA,Southland,fcs,1,-43.5,-43.5,-43.5,-43.5,-43.5,0.0,0.0,0,,,,,,,,1,57.5,57.5,57.5,57.5,57.5,0.0,0.0,0,,,,,,,,True,,,,,False,False
401112106,2019,regular,1,2019-08-31 23:00:00+00:00,True,False,False,51189,3636,Bill Snyder Family Stadium,2306,Kansas State,2447,Nicholls,49,14,KSU,Big 12,fbs,NICH,Southland,fcs,1,-20.5,-20.5,-20.5,-20.5,-20.5,0.0,0.0,0,,,,,,,,1,47.5,47.5,47.5,47.5,47.5,0.0,0.0,0,,,,,,,,True,,,,,False,False
401114243,2019,regular,1,2019-08-31 23:00:00+00:00,True,False,False,31076,3815,M. M. Roberts Stadium,2572,Southern Miss,2016,Alcorn State,38,10,USM,Conference USA,fbs,ALCN,SWAC,fcs,1,-27.0,-27.0,-27.0,-27.0,-27.0,0.0,0.0,0,,,,,,,,1,55.0,55.0,55.0,55.0,55.0,0.0,0.0,0,,,,,,,,True,,,,,False,False
401114242,2019,regular,1,2019-08-31 23:00:00+00:00,True,False,False,21944,3918,S.B. Ballard Stadium,295,Old Dominion,2450,Norfolk State,24,21,ODU,Conference USA,fbs,NORF,MEAC,fcs,1,-25.5,-25.5,-25.5,-25.5,-25.5,0.0,0.0,0,,,,,,,,1,55.5,55.5,55.5,55.5,55.5,0.0,0.0,0,,,,,,,,True,,,,,False,False
401119257,2019,regular,1,2019-08-31 23:00:00+00:00,True,False,False,14568,3764,Huskie Stadium,2459,Northern Illinois,2287,Illinois State,24,10,NIU,Mid-American,fbs,ILST,MVFC,fcs,1,-6.5,-6.5,-6.5,-6.5,-6.5,0.0,0.0,0,,,,,,,,1,42.5,42.5,42.5,42.5,42.5,0.0,0.0,0,,,,,,,,True,,,,,False,False
401119258,2019,regular,1,2019-08-31 23:00:00+00:00,True,False,False,15021,3980,Waldo Stadium,2711,Western Michigan,2405,Monmouth,48,13,WMU,Mid-American,fbs,MONM,Big South,fcs,1,-24.5,-24.5,-24.5,-24.5,-24.5,0.0,0.0,0,,,,,,,,1,73.5,73.5,73.5,73.5,73.5,0.0,0.0,0,,,,,,,,True,,,,,False,False
401117858,2019,regular,1,2019-08-31 23:00:00+00:00,True,False,False,22076,3625,Centennial Bank Stadium,2032,Arkansas State,2567,SMU,30,37,ARST,Sun Belt,fbs,SMU,American Athletic,fbs,4,-1.5,-1.75,-1.5,-2.5,-1.5,1.0,0.5,0,,,,,,,,4,57.5,57.5,57.5,56.5,58.5,2.0,0.816496580927726,0,,,,,,,,True,,,,,False,False
401112222,2019,regular,1,2019-08-31 23:30:00+00:00,True,False,False,110811,3558,Michigan Stadium,130,Michigan,2393,Middle Tennessee,40,21,MICH,Big Ten,fbs,MTSU,Conference USA,fbs,4,-36.0,-35.625,-36.0,-36.0,-34.5,1.5,0.75,0,,,,,,,,4,56.25,55.875,56.25,54.0,57.0,3.0,1.3149778198382918,0,,,,,,,,True,7,,AP,,True,False
401110725,2019,regular,1,2019-08-31 23:30:00+00:00,True,False,False,97420,3958,Tiger Stadium (LA),99,LSU,290,Georgia Southern,55,3,LSU,SEC,fbs,GASO,Sun Belt,fbs,4,-27.0,-27.125,-27.0,-27.5,-27.0,0.5,0.25,0,,,,,,,,4,51.5,51.625,51.5,51.0,52.5,1.5,0.6291528696058958,0,,,,,,,,True,6,,AP,,True,False
401112191,2019,regular,1,2019-08-31 23:30:00+00:00,True,False,False,69250,3793,Kinnick Stadium,2294,Iowa,193,Miami (OH),38,14,IOWA,Big Ten,fbs,M-OH,Mid-American,fbs,4,-25.0,-24.25,-25.0,-25.0,-22.0,3.0,1.5,0,,,,,,,,4,47.5,47.375,47.5,47.0,47.5,0.5,0.25,0,,,,,,,,True,20,,AP,,True,False
401112433,2019,regular,1,2019-08-31 23:30:00+00:00,True,False,True,47144,3752,Acrisure Stadium,221,Pittsburgh,258,Virginia,14,30,PITT,ACC,fbs,UVA,ACC,fbs,4,2.5,2.5,2.5,2.5,2.5,0.0,0.0,0,,,,,,,,4,46.5,46.375,46.5,46.0,46.5,0.5,0.25,0,,,,,,,,True,,,,,False,False
401114241,2019,regular,1,2019-08-31 23:30:00+00:00,True,False,False,23057,3825,DATCU Stadium,249,North Texas,2000,Abilene Christian,51,31,UNT,Conference USA,fbs,ACU,Southland,fcs,1,-23.0,-23.0,-23.0,-23.0,-23.0,0.0,0.0,0,,,,,,,,1,58.5,58.5,58.5,58.5,58.5,0.0,0.0,0,,,,,,,,True,,,,,False,False
401110732,2019,regular,1,2019-08-31 23:30:00+00:00,True,False,True,40350,3973,FirstBank Stadium,238,Vanderbilt,61,Georgia,6,30,VAN,SEC,fbs,UGA,SEC,fbs,4,22.5,22.625,22.5,22.0,23.5,1.5,0.75,0,,,,,,,,4,56.5,56.875,56.5,56.5,58.0,1.5,0.75,0,,,,,,,,True,,3,,AP,False,True
401110722,2019,regular,1,2019-08-31 23:30:00+00:00,True,True,False,60662,3687,AT&T Stadium,2,Auburn,2483,Oregon,27,21,AUB,SEC,fbs,ORE,Pac-12,fbs,4,-3.5,-3.625,-3.5,-4.0,-3.5,0.5,0.25,0,,,,,,,,4,55.25,55.25,55.25,55.0,55.5,0.5,0.28867513459481287,0,,,,,,,,True,16,11,AP,AP,True,True
401110728,2019,regular,1,2019-08-31 23:30:00+00:00,True,False,False,26037,3984,War Memorial Stadium,2751,Wyoming,142,Missouri,37,31,WYO,Mountain West,fbs,MIZ,SEC,fbs,4,16.75,16.875,16.75,16.5,17.5,1.0,0.47871355387816905,0,,,,,,,,4,53.75,54.125,53.75,53.5,55.5,2.0,0.9464847243000456,0,,,,,,,,True,,,,,False,False
401112129,2019,regular,1,2019-09-01 00:00:00+00:00,True,False,False,40422,3616,Amon G. Carter Stadium,2628,TCU,2029,Arkansas-Pine Bluff,39,7,TCU,Big 12,fbs,UAPB,SWAC,fcs,1,-55.0,-55.0,-55.0,-55.0,-55.0,0.0,0.0,0,,,,,,,,1,64.5,64.5,64.5,64.5,64.5,0.0,0.0,0,,,,,,,,True,,,,,False,False
401112135,2019,regular,1,2019-09-01 00:00:00+00:00,True,False,False,93418,3910,DKR-Texas Memorial Stadium,251,Texas,2348,Louisiana Tech,45,14,TEX,Big 12,fbs,LT,Conference USA,fbs,4,-19.0,-19.375,-19.0,-20.5,-19.0,1.5,0.75,0,,,,,,,,4,55.5,55.375,55.5,55.0,55.5,0.5,0.25,0,,,,,,,,True,10,,AP,,True,False
401128468,2019,regular,1,2019-09-01 00:00:00+00:00,True,False,False,28327,3817,Malone Stadium,2433,UL Monroe,2755,Grambling,31,9,ULM,Sun Belt,fbs,GRAM,SWAC,fcs,1,-28.0,-28.0,-28.0,-28.0,-28.0,0.0,0.0,0,,,,,,,,1,58.5,58.5,58.5,58.5,58.5,0.0,0.0,0,,,,,,,,True,,,,,False,False
401114244,2019,regular,1,2019-09-01 00:00:00+00:00,True,False,False,34646,3946,Sun Bowl,2638,UTEP,2277,Houston Christian,36,34,UTEP,Conference USA,fbs,HCU,Southland,fcs,1,-17.5,-17.5,-17.5,-17.5,-17.5,0.0,0.0,0,,,,,,,,1,61.5,61.5,61.5,61.5,61.5,0.0,0.0,0,,,,,,,,True,,,,,False,False
401117496,2019,regular,1,2019-09-01 01:00:00+00:00,True,False,False,40222,3932,Qualcomm Stadium,21,San Diego State,2692,Weber State,6,0,SDSU,Mountain West,fbs,WEB,Big Sky,fcs,1,-14.0,-14.0,-14.0,-14.0,-14.0,0.0,0.0,0,,,,,,,,1,36.5,36.5,36.5,36.5,36.5,0.0,0.0,0,,,,,,,,True,,,,,False,False
401114228,2019,regular,1,2019-09-01 02:00:00+00:00,True,False,False,27228,3820,Gesa Field,265,Washington State,166,New Mexico State,58,7,WSU,Pac-12,fbs,NMSU,FBS Independents,fbs,4,-33.0,-32.875,-33.0,-33.5,-32.0,1.5,0.6291528696058958,0,,,,,,,,4,65.5,65.375,65.5,64.5,66.0,1.5,0.6291528696058958,0,,,,,,,,True,23,,AP,,True,False
401117497,2019,regular,1,2019-09-01 02:00:00+00:00,True,False,False,17421,3914,Sam Boyd Stadium,2439,UNLV,253,Southern Utah,56,23,UNLV,Mountain West,fbs,SUU,Big Sky,fcs,1,-24.5,-24.5,-24.5,-24.5,-24.5,0.0,0.0,0,,,,,,,,1,70.5,70.5,70.5,70.5,70.5,0.0,0.0,0,,,,,,,,True,,,,,False,False
401114218,2019,regular,1,2019-09-01 02:30:00+00:00,True,False,False,57329,477,Los Angeles Memorial Coliseum,30,USC,278,Fresno State,31,23,USC,Pac-12,fbs,FRES,Mountain West,fbs,4,-14.25,-14.125,-14.25,-14.5,-13.5,1.0,0.47871355387816905,0,,,,,,,,4,50.0,50.625,50.0,50.0,52.5,2.5,1.25,0,,,,,,,,True,,,,,False,False
401112114,2019,regular,1,2019-09-01 23:30:00+00:00,True,False,False,84534,3835,"Memorial Stadium (Norman, OK)",201,Oklahoma,248,Houston,49,31,OU,Big 12,fbs,HOU,American Athletic,fbs,4,-21.75,-21.875,-21.75,-22.5,-21.5,1.0,0.47871355387816905,0,,,,,,,,4,79.5,79.625,79.5,79.5,80.0,0.5,0.25,0,,,,,,,,True,4,,AP,,True,False
401112436,2019,regular,1,2019-09-03 00:00:00+00:00,True,False,False,58187,3873,L&N Federal Credit Union Stadium,97,Louisville,87,Notre Dame,17,35,LOU,ACC,fbs,ND,FBS Independents,fbs,4,19.25,19.25,19.25,19.0,19.5,0.5,0.28867513459481287,0,,,,,,,,4,54.75,54.75,54.75,54.5,55.0,0.5,0.28867513459481287,0,,,,,,,,True,,9,,AP,False,True
401112437,2019,regular,2,2019-09-07 00:00:00+00:00,True,False,False,45250,3923,Scott Stadium,258,Virginia,2729,William & Mary,52,17,UVA,ACC,fbs,W&M,CAA,fcs,1,-32.5,-32.5,-32.5,-32.5,-32.5,0.0,0.0,0,,,,,,,,1,52.5,52.5,52.5,52.5,52.5,0.0,0.0,0,,,,,,,,True,,,,,False,False
401112447,2019,regular,2,2019-09-07 00:00:00+00:00,True,False,False,17567,3895,Rice Stadium,242,Rice,154,Wake Forest,21,41,RICE,Conference USA,fbs,WAKE,ACC,fbs,4,20.0,20.0,20.0,20.0,20.0,0.0,0.0,0,,,,,,,,4,59.0,59.125,59.0,59.0,59.5,0.5,0.25,0,,,,,,,,True,,,,,False,False
401114251,2019,regular,2,2019-09-07 01:00:00+00:00,True,False,False,31951,3653,Albertsons Stadium,68,Boise State,276,Marshall,14,7,BOIS,Mountain West,fbs,MRSH,Conference USA,fbs,4,-14.0,-13.875,-14.0,-14.0,-13.5,0.5,0.25,0,,,,,,,,4,58.0,58.0,58.0,58.0,58.0,0.0,0.0,0,,,,,,,,True,24,,AP,,True,False
401114154,2019,regular,2,2019-09-07 02:00:00+00:00,True,False,False,42286,3947,Mountain America Stadium,9,Arizona State,16,Sacramento State,19,7,ASU,Pac-12,fbs,SAC,Big Sky,fcs,1,-35.0,-35.0,-35.0,-35.0,-35.0,0.0,0.0,0,,,,,,,,1,63.5,63.5,63.5,63.5,63.5,0.0,0.0,0,,,,,,,,True,,,,,False,False
401112445,2019,regular,2,2019-09-07 15:00:00+00:00,True,False,False,42168,3752,Acrisure Stadium,221,Pittsburgh,195,Ohio,20,10,PITT,ACC,fbs,OHIO,Mid-American,fbs,4,-4.0,-4.0,-4.0,-4.0,-4.0,0.0,0.0,0,,,,,,,,4,54.5,54.5,54.5,54.0,55.0,1.0,0.408248290463863,0,,,,,,,,True,,,,,False,False
401114254,2019,regular,2,2019-09-07 16:00:00+00:00,True,False,False,18972,3768,InfoCision Stadium,2006,Akron,5,UAB,20,31,AKR,Mid-American,fbs,UAB,Conference USA,fbs,4,7.5,7.5,7.5,7.0,8.0,1.0,0.408248290463863,0,,,,,,,,4,46.5,46.25,46.5,45.5,46.5,1.0,0.5,0,,,,,,,,True,,,,,False,False
401110782,2019,regular,2,2019-09-07 16:00:00+00:00,True,False,False,70698,3994,Williams-Brice Stadium,2579,South Carolina,2127,Charleston Southern,72,10,SC,SEC,fbs,CHSO,Big South,fcs,1,-36.5,-36.5,-36.5,-36.5,-36.5,0.0,0.0,0,,,,,,,,1,42.5,42.5,42.5,42.5,42.5,0.0,0.0,0,,,,,,,,True,,,,,False,False
401117862,2019,regular,2,2019-09-07 16:00:00+00:00,True,False,False,34487,3805,Simmons Bank Liberty Stadium,235,Memphis,2582,Southern,55,24,MEM,American Athletic,fbs,SOU,SWAC,fcs,1,-41.0,-41.0,-41.0,-41.0,-41.0,0.0,0.0,0,,,,,,,,1,68.5,68.5,68.5,68.5,68.5,0.0,0.0,0,,,,,,,,True,,,,,False,False
401110785,2019,regular,2,2019-09-07 16:00:00+00:00,True,False,False,50506,3907,Ross-Ade Stadium,2509,Purdue,238,Vanderbilt,42,24,PUR,Big Ten,fbs,VAN,SEC,fbs,4,-7.0,-7.125,-7.0,-7.5,-7.0,0.5,0.25,0,,,,,,,,4,55.5,55.625,55.5,55.5,56.0,0.5,0.25,0,,,,,,,,True,,,,,False,False
401110781,2019,regular,2,2019-09-07 16:00:00+00:00,True,False,False,51215,3838,Memorial Stadium,142,Missouri,277,West Virginia,38,7,MIZ,SEC,fbs,WVU,Big 12,fbs,4,-13.5,-13.5,-13.5,-13.5,-13.5,0.0,0.0,0,,,,,,,,4,62.75,62.625,62.75,62.0,63.0,1.0,0.47871355387816905,0,,,,,,,,True,,,,,False,False
401112223,2019,regular,2,2019-09-07 16:00:00+00:00,True,False,False,111747,3558,Michigan Stadium,130,Michigan,349,Army,24,21,MICH,Big Ten,fbs,ARMY,FBS Independents,fbs,4,-21.75,-21.75,-21.75,-22.5,-21.0,1.5,0.6454972243679028,0,,,,,,,,4,47.5,47.5,47.5,47.0,48.0,1.0,0.408248290463863,0,,,,,,,,True,7,,AP,,True,False
401112446,2019,regular,2,2019-09-07 16:00:00+00:00,True,False,False,57282,3799,Lane Stadium,259,Virginia Tech,295,Old Dominion,31,17,VT,ACC,fbs,ODU,Conference USA,fbs,4,-28.75,-29.0,-28.75,-30.0,-28.5,1.5,0.7071067811865476,0,,,,,,,,4,57.75,57.625,57.75,57.0,58.0,1.0,0.47871355387816905,0,,,,,,,,True,,,,,False,False
401112192,2019,regular,2,2019-09-07 16:00:00+00:00,True,False,True,61808,3793,Kinnick Stadium,2294,Iowa,164,Rutgers,30,0,IOWA,Big Ten,fbs,RUTG,Big Ten,fbs,2,-17.75,-17.75,-17.75,-18.0,-17.5,0.5,0.3535533905932738,0,,,,,,,,2,48.0,48.0,48.0,48.0,48.0,0.0,0.0,0,,,,,,,,True,20,,AP,,True,False
401112202,2019,regular,2,2019-09-07 16:00:00+00:00,True,False,False,33493,3665,SECU Stadium,120,Maryland,183,Syracuse,63,20,MD,Big Ten,fbs,SYR,ACC,fbs,4,-1.25,-1.25,-1.25,-1.5,-1.0,0.5,0.28867513459481287,0,,,,,,,,4,59.0,59.0,59.0,59.0,59.0,0.0,0.0,0,,,,,,,,True,,21,,AP,False,True
401119261,2019,regular,2,2019-09-07 16:00:00+00:00,True,False,False,18679,3696,Dix Stadium,2309,Kent State,338,Kennesaw State,26,23,KENT,Mid-American,fbs,KENN,Big South,fcs,,,,,,,,,,,,,,,,,,,,,,,,,,,,,,,,,False,,,,,False,False
401112252,2019,regular,2,2019-09-07 16:00:00+00:00,True,False,False,104089,3861,Ohio Stadium,194,Ohio State,2132,Cincinnati,42,0,OSU,Big Ten,fbs,CIN,American Athletic,fbs,4,-14.75,-14.75,-14.75,-15.0,-14.5,0.5,0.28867513459481287,0,,,,,,,,4,52.25,52.25,52.25,52.0,52.5,0.5,0.28867513459481287,0,,,,,,,,True,5,,AP,,True,False
401112107,2019,regular,2,2019-09-07 16:00:00+00:00,True,False,False,46075,3636,Bill Snyder Family Stadium,2306,Kansas State,189,Bowling Green,52,0,KSU,Big 12,fbs,BGSU,Mid-American,fbs,4,-25.0,-24.875,-25.0,-25.0,-24.5,0.5,0.25,0,,,,,,,,4,57.5,57.625,57.5,57.5,58.0,0.5,0.25,0,,,,,,,,True,,,,,False,False
401112444,2019,regular,2,2019-09-07 16:30:00+00:00,True,False,False,55681,3670,Carter-Finley Stadium,152,NC State,2717,Western Carolina,41,0,NCSU,ACC,fbs,WCU,Southern,fcs,1,-41.0,-41.0,-41.0,-41.0,-41.0,0.0,0.0,0,,,,,,,,1,65.5,65.5,65.5,65.5,65.5,0.0,0.0,0,,,,,,,,True,,,,,False,False
401114224,2019,regular,2,2019-09-07 17:00:00+00:00,True,False,False,45919,587,Rice-Eccles Stadium,254,Utah,2459,Northern Illinois,35,17,UTAH,Pac-12,fbs,NIU,Mid-American,fbs,4,-23.0,-23.0,-23.0,-23.5,-22.5,1.0,0.408248290463863,0,,,,,,,,4,45.0,44.875,45.0,44.5,45.0,0.5,0.25,0,,,,,,,,True,13,,AP,,True,False
401119260,2019,regular,2,2019-09-07 18:00:00+00:00,True,False,False,10123,3919,Scheumann Stadium,2050,Ball State,2230,Fordham,57,29,BALL,Mid-American,fbs,FOR,Patriot,fcs,1,-29.5,-29.5,-29.5,-29.5,-29.5,0.0,0.0,0,,,,,,,,1,51.0,51.0,51.0,51.0,51.0,0.0,0.0,0,,,,,,,,True,,,,,False,False
401112441,2019,regular,2,2019-09-07 18:00:00+00:00,True,False,False,46599,721,Bobby Dodd Stadium,59,Georgia Tech,58,South Florida,14,10,GT,ACC,fbs,USF,American Athletic,fbs,4,-4.75,-4.75,-4.75,-5.0,-4.5,0.5,0.28867513459481287,0,,,,,,,,4,58.5,58.625,58.5,58.5,59.0,0.5,0.25,0,,,,,,,,True,,,,,False,False
401119262,2019,regular,2,2019-09-07 18:30:00+00:00,True,False,False,16022,3996,Yager Stadium,193,Miami (OH),2635,Tennessee Tech,48,17,M-OH,Mid-American,fbs,TNTC,OVC,fcs,1,-37.5,-37.5,-37.5,-37.5,-37.5,0.0,0.0,0,,,,,,,,1,60.0,60.0,60.0,60.0,60.0,0.0,0.0,0,,,,,,,,True,,,,,False,False
401110780,2019,regular,2,2019-09-07 19:30:00+00:00,True,False,False,55143,3693,Davis Wade Stadium,344,Mississippi State,2572,Southern Miss,38,15,MSST,SEC,fbs,USM,Conference USA,fbs,4,-16.25,-16.125,-16.25,-16.5,-15.5,1.0,0.47871355387816905,0,,,,,,,,4,50.5,50.5,50.5,50.0,51.0,1.0,0.5773502691896257,0,,,,,,,,True,,,,,False,False
401112438,2019,regular,2,2019-09-07 19:30:00+00:00,True,False,False,30111,3615,"Alumni Stadium (Chestnut Hill, MA)",103,Boston College,257,Richmond,45,13,BC,ACC,fbs,RICH,CAA,fcs,1,-33.5,-33.5,-33.5,-33.5,-33.5,0.0,0.0,0,,,,,,,,1,56.0,56.0,56.0,56.0,56.0,0.0,0.0,0,,,,,,,,True,,,,,False,False
401112239,2019,regular,2,2019-09-07 19:30:00+00:00,True,False,False,52829,3726,Folsom Field,38,Colorado,158,Nebraska,34,31,COLO,Pac-12,fbs,NEB,Big Ten,fbs,4,4.5,4.375,4.5,4.0,4.5,0.5,0.25,0,,,,,,,,4,63.75,63.75,63.75,63.5,64.0,0.5,0.28867513459481287,0,,,,,,,,True,,25,,AP,False,True
401112146,2019,regular,2,2019-09-07 19:30:00+00:00,True,False,False,23108,3892,Pratt & Whitney Stadium,41,UConn,356,Illinois,23,31,CONN,American Athletic,fbs,ILL,Big Ten,fbs,4,21.0,21.0,21.0,21.0,21.0,0.0,0.0,0,,,,,,,,4,59.0,59.125,59.0,59.0,59.5,0.5,0.25,0,,,,,,,,True,,,,,False,False
401110784,2019,regular,2,2019-09-07 19:30:00+00:00,True,False,False,81500,3836,"Memorial Stadium (Clemson, SC)",228,Clemson,245,Texas A&M,24,10,CLEM,ACC,fbs,TA&M,SEC,fbs,4,-16.25,-16.25,-16.25,-16.5,-16.0,0.5,0.28867513459481287,0,,,,,,,,4,62.25,62.25,62.25,61.5,63.0,1.5,0.6454972243679028,0,,,,,,,,True,1,12,AP,AP,True,True
401114250,2019,regular,2,2019-09-07 19:30:00+00:00,True,False,False,23174,3776,Joe Aillet Stadium,2348,Louisiana Tech,2755,Grambling,20,14,LT,Conference USA,fbs,GRAM,SWAC,fcs,1,-30.5,-30.5,-30.5,-30.5,-30.5,0.0,0.0,0,,,,,,,,1,52.0,52.0,52.0,52.0,52.0,0.0,0.0,0,,,,,,,,True,,,,,False,False
401114354,2019,regular,2,2019-09-07 19:30:00+00:00,True,False,False,10524,3985,Warren McGuirk Alumni Stadium,113,Massachusetts,79,Southern Illinois,20,45,MASS,FBS Independents,fbs,SIU,MVFC,fcs,1,-6.5,-6.5,-6.5,-6.5,-6.5,0.0,0.0,0,,,,,,,,1,79.5,79.5,79.5,79.5,79.5,0.0,0.0,0,,,,,,,,True,,,,,False,False
401112158,2019,regular,2,2019-09-07 19:30:00+00:00,True,False,False,37784,3830,"Memorial Stadium (Bloomington, IN)",84,Indiana,2197,Eastern Illinois,52,0,IU,Big Ten,fbs,EIU,OVC,fcs,1,-35.5,-35.5,-35.5,-35.5,-35.5,0.0,0.0,0,,,,,,,,1,61.5,61.5,61.5,61.5,61.5,0.0,0.0,0,,,,,,,,True,,,,,False,False
401114247,2019,regular,2,2019-09-07 19:30:00+00:00,True,False,False,29182,3792,Kidd Brewer Stadium,2026,App State,2429,Charlotte,56,41,APP,Sun Belt,fbs,CLT,Conference USA,fbs,4,-23.5,-23.375,-23.5,-23.5,-23.0,0.5,0.25,0,,,,,,,,4,54.25,54.25,54.25,54.0,54.5,0.5,0.28867513459481287,0,,,,,,,,True,,,,,False,False
401112268,2019,regular,2,2019-09-07 19:30:00+00:00,True,False,False,74437,347,Camp Randall Stadium,275,Wisconsin,2117,Central Michigan,61,0,WIS,Big Ten,fbs,CMU,Mid-American,fbs,4,-35.0,-34.75,-35.0,-35.0,-34.0,1.0,0.5,0,,,,,,,,4,54.0,54.125,54.0,54.0,54.5,0.5,0.25,0,,,,,,,,True,17,,AP,,True,False
401110773,2019,regular,2,2019-09-07 20:00:00+00:00,True,False,False,100710,3657,Bryant-Denny Stadium,333,Alabama,166,New Mexico State,62,10,ALA,SEC,fbs,NMSU,FBS Independents,fbs,4,-54.75,-54.875,-54.75,-55.5,-54.5,1.0,0.47871355387816905,0,,,,,,,,4,65.0,64.875,65.0,64.5,65.0,0.5,0.25,0,,,,,,,,True,2,,AP,,True,False
401117498,2019,regular,2,2019-09-07 20:00:00+00:00,True,False,False,24453,5388,Canvas Stadium,36,Colorado State,2710,Western Illinois,38,13,CSU,Mountain West,fbs,WIU,MVFC,fcs,1,-12.0,-12.0,-12.0,-12.0,-12.0,0.0,0.0,0,,,,,,,,1,57.5,57.5,57.5,57.5,57.5,0.0,0.0,0,,,,,,,,True,,,,,False,False
401112074,2019,regular,2,2019-09-07 20:00:00+00:00,True,False,False,40274,4727,McLane Stadium,239,Baylor,2636,UTSA,63,14,BAY,Big 12,fbs,UTSA,Conference USA,fbs,4,-25.0,-25.0,-25.0,-25.5,-24.5,1.0,0.408248290463863,0,,,,,,,,4,58.5,58.5,58.5,58.5,58.5,0.0,0.0,0,,,,,,,,True,,,,,False,False
401110776,2019,regular,2,2019-09-07 20:00:00+00:00,True,False,False,92746,3917,Sanford Stadium,61,Georgia,93,Murray State,63,17,UGA,SEC,fbs,MUR,OVC,fcs,1,-49.5,-49.5,-49.5,-49.5,-49.5,0.0,0.0,0,,,,,,,,1,61.5,61.5,61.5,61.5,61.5,0.0,0.0,0,,,,,,,,True,3,,AP,,True,False
401114214,2019,regular,2,2019-09-07 20:15:00+00:00,True,False,False,36951,1056,Rose Bowl,26,UCLA,21,San Diego State,14,23,UCLA,Pac-12,fbs,SDSU,Mountain West,fbs,4,-7.5,-7.5,-7.5,-7.5,-7.5,0.0,0.0,0,,,,,,,,4,44.5,44.625,44.5,44.5,45.0,0.5,0.25,0,,,,,,,,True,,,,,False,False
401114229,2019,regular,2,2019-09-07 21:00:00+00:00,True,False,False,27585,3820,Gesa Field,265,Washington State,2458,Northern Colorado,59,17,WSU,Pac-12,fbs,UNCO,Big Sky,fcs,1,-42.0,-42.0,-42.0,-42.0,-42.0,0.0,0.0,0,,,,,,,,1,63.0,63.0,63.0,63.0,63.0,0.0,0.0,0,,,,,,,,True,22,,AP,,True,False
401112440,2019,regular,2,2019-09-07 21:00:00+00:00,True,False,False,52969,3697,Doak Campbell Stadium,52,Florida State,2433,UL Monroe,45,44,FSU,ACC,fbs,ULM,Sun Belt,fbs,4,-22.75,-22.875,-22.75,-23.5,-22.5,1.0,0.47871355387816905,0,,,,,,,,4,65.5,65.625,65.5,65.5,66.0,0.5,0.25,0,,,,,,,,True,,,,,False,False
401121936,2019,regular,2,2019-09-07 22:00:00+00:00,True,False,False,17202,3608,Allen E. Paulson Stadium,290,Georgia Southern,311,Maine,26,18,GASO,Sun Belt,fbs,ME,CAA,fcs,1,-8.5,-8.5,-8.5,-8.5,-8.5,0.0,0.0,0,,,,,,,,1,46.5,46.5,46.5,46.5,46.5,0.0,0.0,0,,,,,,,,True,,,,,False,False
401112439,2019,regular,2,2019-09-07 22:00:00+00:00,True,False,False,38313,3982,Wallace Wade Stadium,150,Duke,2448,North Carolina A&T,45,13,DUKE,ACC,fbs,NCAT,MEAC,fcs,1,-27.5,-27.5,-27.5,-27.5,-27.5,0.0,0.0,0,,,,,,,,1,52.0,52.0,52.0,52.0,52.0,0.0,0.0,0,,,,,,,,True,,,,,False,False
401117860,2019,regular,2,2019-09-07 22:00:00+00:00,True,False,False,34118,3699,Dowdy-Ficklen Stadium,151,East Carolina,2241,Gardner-Webb,48,9,ECU,American Athletic,fbs,GWEB,Big South,fcs,1,-31.0,-31.0,-31.0,-31.0,-31.0,0.0,0.0,0,,,,,,,,1,58.5,58.5,58.5,58.5,58.5,0.0,0.0,0,,,,,,,,True,,,,,False,False
401110783,2019,regular,2,2019-09-07 23:00:00+00:00,True,False,False,92475,3853,Neyland Stadium,2633,Tennessee,252,BYU,26,29,TENN,SEC,fbs,BYU,FBS Independents,fbs,4,-3.25,-3.25,-3.25,-3.5,-3.0,0.5,0.28867513459481287,0,,,,,,,,4,52.0,51.875,52.0,51.5,52.0,0.5,0.25,0,,,,,,,,True,,,,,False,False
401114253,2019,regular,2,2019-09-07 23:00:00+00:00,True,False,False,22766,3735,Gerald J. Ford Stadium,2567,SMU,249,North Texas,49,27,SMU,American Athletic,fbs,UNT,Conference USA,fbs,4,-3.5,-3.625,-3.5,-4.0,-3.5,0.5,0.25,0,,,,,,,,4,72.75,72.75,72.75,72.5,73.0,0.5,0.28867513459481287,0,,,,,,,,True,,,,,False,False
401112115,2019,regular,2,2019-09-07 23:00:00+00:00,True,False,False,82181,3835,"Memorial Stadium (Norman, OK)",201,Oklahoma,233,South Dakota,70,14,OU,Big 12,fbs,SDAK,MVFC,fcs,1,-46.5,-46.5,-46.5,-46.5,-46.5,0.0,0.0,0,,,,,,,,1,76.5,76.5,76.5,76.5,76.5,0.0,0.0,0,,,,,,,,True,4,,AP,,True,False
401112442,2019,regular,2,2019-09-07 23:00:00+00:00,True,False,False,48808,3873,L&N Federal Credit Union Stadium,97,Louisville,2198,Eastern Kentucky,42,0,LOU,ACC,fbs,EKU,OVC,fcs,1,-21.0,-21.0,-21.0,-21.0,-21.0,0.0,0.0,0,,,,,,,,1,60.0,60.0,60.0,60.0,60.0,0.0,0.0,0,,,,,,,,True,,,,,False,False
401121938,2019,regular,2,2019-09-07 23:00:00+00:00,True,False,False,14511,3797,Ladd Peebles Stadium,6,South Alabama,2296,Jackson State,37,14,USA,Sun Belt,fbs,JKST,SWAC,fcs,1,-25.0,-25.0,-25.0,-25.0,-25.0,0.0,0.0,0,,,,,,,,1,47.0,47.0,47.0,47.0,47.0,0.0,0.0,0,,,,,,,,True,,,,,False,False
401121937,2019,regular,2,2019-09-07 23:00:00+00:00,True,False,False,20351,4246,Center Parc Stadium,2247,Georgia State,231,Furman,48,42,GAST,Sun Belt,fbs,FUR,Southern,fcs,1,-6.0,-6.0,-6.0,-6.0,-6.0,0.0,0.0,0,,,,,,,,1,61.5,61.5,61.5,61.5,61.5,0.0,0.0,0,,,,,,,,True,,,,,False,False
401112123,2019,regular,2,2019-09-07 23:00:00+00:00,True,False,False,55509,3646,Boone Pickens Stadium,197,Oklahoma State,2377,McNeese,56,14,OKST,Big 12,fbs,MCN,Southland,fcs,1,-42.0,-42.0,-42.0,-42.0,-42.0,0.0,0.0,0,,,,,,,,1,64.5,64.5,64.5,64.5,64.5,0.0,0.0,0,,,,,,,,True,,,,,False,False
401117500,2019,regular,2,2019-09-07 23:00:00+00:00,True,False,False,20003,3644,Bobcat Stadium (TX),326,Texas State,2751,Wyoming,14,23,TXST,Sun Belt,fbs,WYO,Mountain West,fbs,4,7.5,7.5,7.5,7.5,7.5,0.0,0.0,0,,,,,,,,4,47.75,47.625,47.75,47.0,48.0,1.0,0.47871355387816905,0,,,,,,,,True,,,,,False,False
401114252,2019,regular,2,2019-09-07 23:00:00+00:00,True,False,False,20912,3725,"Johnny ""Red"" Floyd Stadium",2393,Middle Tennessee,2634,Tennessee State,45,26,MTSU,Conference USA,fbs,TNST,OVC,fcs,1,-25.5,-25.5,-25.5,-25.5,-25.5,0.0,0.0,0,,,,,,,,1,56.5,56.5,56.5,56.5,56.5,0.0,0.0,0,,,,,,,,True,,,,,False,False
401114248,2019,regular,2,2019-09-07 23:00:00+00:00,True,False,True,13311,218,FIU Stadium,2229,Florida International,98,Western Kentucky,14,20,FIU,Conference USA,fbs,WKU,Conference USA,fbs,4,-7.75,-8.0,-7.75,-9.0,-7.5,1.5,0.7071067811865476,0,,,,,,,,4,57.25,57.25,57.25,57.0,57.5,0.5,0.28867513459481287,0,,,,,,,,True,,,,,False,False
401114249,2019,regular,2,2019-09-07 23:00:00+00:00,True,False,False,30811,3715,FAU Stadium,2226,Florida Atlantic,2116,UCF,14,48,FAU,Conference USA,fbs,UCF,American Athletic,fbs,4,13.5,13.625,13.5,13.5,14.0,0.5,0.25,0,,,,,,,,4,69.0,68.75,69.0,68.0,69.0,1.0,0.5,0,,,,,,,,True,,18,,AP,False,True
401112097,2019,regular,2,2019-09-07 23:00:00+00:00,True,False,False,33493,3833,Memorial Stadium,2305,Kansas,324,Coastal Carolina,7,12,KU,Big 12,fbs,CCU,Sun Belt,fbs,4,-7.0,-7.0,-7.0,-7.0,-7.0,0.0,0.0,0,,,,,,,,4,54.0,54.0,54.0,53.5,54.5,1.0,0.408248290463863,0,,,,,,,,True,,,,,False,False
401117499,2019,regular,2,2019-09-07 23:30:00+00:00,True,False,False,22247,3905,Maverik Stadium,328,Utah State,2619,Stony Brook,62,7,USU,Mountain West,fbs,STBK,CAA,fcs,1,-31.5,-31.5,-31.5,-31.5,-31.5,0.0,0.0,0,,,,,,,,1,58.0,58.0,58.0,58.0,58.0,0.0,0.0,0,,,,,,,,True,,,,,False,False
401112213,2019,regular,2,2019-09-07 23:30:00+00:00,True,False,False,73113,3936,Spartan Stadium,127,Michigan State,2711,Western Michigan,51,17,MSU,Big Ten,fbs,WMU,Mid-American,fbs,4,-14.5,-14.625,-14.5,-15.0,-14.5,0.5,0.25,0,,,,,,,,4,46.5,46.375,46.5,46.0,46.5,0.5,0.25,0,,,,,,,,True,19,,AP,,True,False
401110779,2019,regular,2,2019-09-07 23:30:00+00:00,True,False,True,47915,3974,Vaught-Hemingway Stadium,145,Ole Miss,8,Arkansas,31,17,MISS,SEC,fbs,ARK,SEC,fbs,4,-5.25,-5.25,-5.25,-5.5,-5.0,0.5,0.28867513459481287,0,,,,,,,,4,50.5,50.375,50.5,50.0,50.5,0.5,0.25,0,,,,,,,,True,,,,,False,False
401114193,2019,regular,2,2019-09-07 23:30:00+00:00,True,False,False,50920,3626,Autzen Stadium,2483,Oregon,2440,Nevada,77,6,ORE,Pac-12,fbs,NEV,Mountain West,fbs,4,-24.0,-24.25,-24.0,-25.0,-24.0,1.0,0.5,0,,,,,,,,4,61.75,62.0,61.75,61.5,63.0,1.5,0.7071067811865476,0,,,,,,,,True,16,,AP,,True,False
401110778,2019,regular,2,2019-09-07 23:30:00+00:00,True,False,False,98763,3910,DKR-Texas Memorial Stadium,251,Texas,99,LSU,38,45,TEX,Big 12,fbs,LSU,SEC,fbs,4,6.5,6.5,6.5,6.0,7.0,1.0,0.408248290463863,0,,,,,,,,4,57.5,57.375,57.5,57.0,57.5,0.5,0.25,0,,,,,,,,True,9,6,AP,AP,True,True
401110775,2019,regular,2,2019-09-07 23:30:00+00:00,True,False,False,80007,3634,Ben Hill Griffin Stadium,57,Florida,2630,UT Martin,45,0,FLA,SEC,fbs,UTM,OVC,fcs,1,-44.5,-44.5,-44.5,-44.5,-44.5,0.0,0.0,0,,,,,,,,1,59.5,59.5,59.5,59.5,59.5,0.0,0.0,0,,,,,,,,True,11,,AP,,True,False
401110774,2019,regular,2,2019-09-07 23:30:00+00:00,True,False,False,85317,3785,Jordan-Hare Stadium,2,Auburn,2655,Tulane,24,6,AUB,SEC,fbs,TULN,American Athletic,fbs,4,-16.5,-16.125,-16.5,-16.5,-15.0,1.5,0.75,0,,,,,,,,4,51.5,51.375,51.5,51.0,51.5,0.5,0.25,0,,,,,,,,True,10,,AP,,True,False
401114347,2019,regular,2,2019-09-07 23:30:00+00:00,True,False,False,16231,3666,Cajun Field,309,Louisiana,2335,Liberty,35,14,UL,Sun Belt,fbs,LIB,FBS Independents,fbs,4,-14.0,-14.125,-14.0,-14.5,-14.0,0.5,0.25,0,,,,,,,,4,65.5,65.5,65.5,65.5,65.5,0.0,0.0,0,,,,,,,,True,,,,,False,False
401110777,2019,regular,2,2019-09-07 23:30:00+00:00,True,False,False,55240,3683,Kroger Field,96,Kentucky,2199,Eastern Michigan,38,17,UK,SEC,fbs,EMU,Mid-American,fbs,4,-15.5,-15.625,-15.5,-16.0,-15.5,0.5,0.25,0,,,,,,,,4,52.0,52.0,52.0,51.5,52.5,1.0,0.408248290463863,0,,,,,,,,True,,,,,False,False
401112258,2019,regular,2,2019-09-07 23:30:00+00:00,True,False,False,104136,3632,Beaver Stadium,213,Penn State,2084,Buffalo,45,13,PSU,Big Ten,fbs,BUF,Mid-American,fbs,4,-31.5,-31.5,-31.5,-32.0,-31.0,1.0,0.408248290463863,0,,,,,,,,4,57.0,56.875,57.0,56.5,57.0,0.5,0.25,0,,,,,,,,True,15,,AP,,True,False
401112140,2019,regular,2,2019-09-08 00:00:00+00:00,True,False,False,56957,3784,Jones AT&T Stadium,2641,Texas Tech,2638,UTEP,38,3,TTU,Big 12,fbs,UTEP,Conference USA,fbs,4,-34.75,-34.75,-34.75,-35.0,-34.5,0.5,0.28867513459481287,0,,,,,,,,4,64.0,64.0,64.0,64.0,64.0,0.0,0.0,0,,,,,,,,True,,,,,False,False
401112443,2019,regular,2,2019-09-08 00:00:00+00:00,True,False,True,50500,3787,Kenan Stadium,153,North Carolina,2390,Miami,28,25,UNC,ACC,fbs,MIA,ACC,fbs,4,5.0,5.125,5.0,4.5,6.0,1.5,0.6291528696058958,0,,,,,,,,4,45.75,45.875,45.75,45.5,46.5,1.0,0.47871355387816905,0,,,,,,,,True,,,,,False,False
401117861,2019,regular,2,2019-09-08 00:00:00+00:00,True,False,False,29360,4728,TDECU Stadium,248,Houston,2504,Prairie View A&M,37,17,HOU,American Athletic,fbs,PV,SWAC,fcs,1,-35.0,-35.0,-35.0,-35.0,-35.0,0.0,0.0,0,,,,,,,,1,77.5,77.5,77.5,77.5,77.5,0.0,0.0,0,,,,,,,,True,,,,,False,False
401117501,2019,regular,2,2019-09-08 01:00:00+00:00,True,False,False,12471,3935,CEFCU Stadium,23,San José State,202,Tulsa,16,34,SJSU,Mountain West,fbs,TLSA,American Athletic,fbs,4,6.5,6.375,6.5,6.0,6.5,0.5,0.25,0,,,,,,,,4,53.5,53.375,53.5,53.0,53.5,0.5,0.25,0,,,,,,,,True,,,,,False,False
401117502,2019,regular,2,2019-09-08 02:00:00+00:00,True,False,False,18742,3914,Sam Boyd Stadium,2439,UNLV,2032,Arkansas State,17,43,UNLV,Mountain West,fbs,ARST,Sun Belt,fbs,4,0.0,0.0,0.0,-1.0,1.0,2.0,1.1547005383792515,0,,,,,,,,4,64.25,64.125,64.25,63.5,64.5,1.0,0.47871355387816905,0,,,,,,,,True,,,,,False,False
401114175,2019,regular,2,2019-09-08 02:30:00+00:00,True,False,True,66327,3765,Husky Stadium,264,Washington,25,California,19,20,WASH,Pac-12,fbs,CAL,Pac-12,fbs,4,-13.5,-13.625,-13.5,-14.0,-13.5,0.5,0.25,0,,,,,,,,4,43.25,43.125,43.25,42.5,43.5,1.0,0.47871355387816905,0,,,,,,,,True,14,,AP,,True,False
401114207,2019,regular,2,2019-09-08 02:30:00+00:00,True,False,True,62109,477,Los Angeles Memorial Coliseum,30,USC,24,Stanford,45,20,USC,Pac-12,fbs,STAN,Pac-12,fbs,4,-3.0,-3.125,-3.0,-3.5,-3.0,0.5,0.25,0,,,,,,,,4,43.25,43.25,43.25,43.0,43.5,0.5,0.28867513459481287,0,,,,,,,,True,,23,,AP,False,True
401112230,2019,regular,2,2019-09-08 02:30:00+00:00,True,False,False,34790,3660,Valley Children's Stadium,278,Fresno State,135,Minnesota,35,38,FRES,Mountain West,fbs,MINN,Big Ten,fbs,4,3.0,2.875,3.0,2.5,3.0,0.5,0.25,0,,,,,,,,4,46.0,46.125,46.0,46.0,46.5,0.5,0.25,0,,,,,,,,True,,,,,False,False
401114165,2019,regular,2,2019-09-08 02:45:00+00:00,True,False,False,40741,3619,Arizona Stadium,12,Arizona,2464,Northern Arizona,65,41,ARIZ,Pac-12,fbs,NAU,Big Sky,fcs,1,-28.0,-28.0,-28.0,-28.0,-28.0,0.0,0.0,0,,,,,,,,1,63.5,63.5,63.5,63.5,63.5,0.0,0.0,0,,,,,,,,True,,,,,False,False
401114200,2019,regular,2,2019-09-08 03:59:00+00:00,True,False,False,26807,3610,Aloha Stadium,62,Hawai'i,204,Oregon State,31,28,HAW,Mountain West,fbs,ORST,Pac-12,fbs,4,-6.75,-6.75,-6.75,-7.0,-6.5,0.5,0.28867513459481287,0,,,,,,,,4,77.75,77.625,77.75,77.0,78.0,1.0,0.47871355387816905,0,,,,,,,,True,,,,,False,False
401112448,2019,regular,3,2019-09-13 22:00:00+00:00,True,False,False,31345,3630,Allegacy Federal Credit Union Stadium,154,Wake Forest,153,North Carolina,24,18,WAKE,ACC,fbs,UNC,ACC,fbs,4,-3.0,-3.0,-3.0,-3.0,-3.0,0.0,0.0,0,,,,,,,,4,65.0,65.0,65.0,65.0,65.0,0.0,0.0,0,,,,,,,,True,,,,,False,False
401112098,2019,regular,3,2019-09-13 23:30:00+00:00,True,False,False,32848,3615,"Alumni Stadium (Chestnut Hill, MA)",103,Boston College,2305,Kansas,24,48,BC,ACC,fbs,KU,Big 12,fbs,4,-20.0,-19.75,-20.0,-20.5,-18.5,2.0,0.8660254037844386,0,,,,,,,,4,51.0,51.0,51.0,51.0,51.0,0.0,0.0,0,,,,,,,,True,,,,,False,False
401114230,2019,regular,3,2019-09-14 01:15:00+00:00,True,True,False,40523,3891,NRG Stadium,248,Houston,265,Washington State,24,31,HOU,American Athletic,fbs,WSU,Pac-12,fbs,4,9.0,9.0,9.0,9.0,9.0,0.0,0.0,0,,,,,,,,4,73.75,73.75,73.75,73.5,74.0,0.5,0.28867513459481287,0,,,,,,,,True,,20,,AP,False,True
401112147,2019,regular,3,2019-09-14 16:00:00+00:00,True,False,False,34759,3832,"Memorial Stadium (Champaign, IL)",356,Illinois,2199,Eastern Michigan,31,34,ILL,Big Ten,fbs,EMU,Mid-American,fbs,4,-7.25,-7.25,-7.25,-7.5,-7.0,0.5,0.28867513459481287,0,,,,,,,,4,57.0,57.125,57.0,57.0,57.5,0.5,0.25,0,,,,,,,,True,,,,,False,False
401117863,2019,regular,3,2019-09-14 16:00:00+00:00,True,False,False,35526,3854,Nippert Stadium,2132,Cincinnati,193,Miami (OH),35,13,CIN,American Athletic,fbs,M-OH,Mid-American,fbs,4,-17.0,-17.125,-17.0,-17.5,-17.0,0.5,0.25,0,,,,,,,,4,49.5,49.5,49.5,49.5,49.5,0.0,0.0,0,,,,,,,,True,,,,,False,False
401112144,2019,regular,3,2019-09-14 16:00:00+00:00,True,False,False,57052,3842,Milan Puskar Stadium,277,West Virginia,152,NC State,44,27,WVU,Big 12,fbs,NCSU,ACC,fbs,4,7.0,7.0,7.0,7.0,7.0,0.0,0.0,0,,,,,,,,4,46.0,46.0,46.0,45.5,46.5,1.0,0.408248290463863,0,,,,,,,,True,,,,,False,False
401110792,2019,regular,3,2019-09-14 16:00:00+00:00,True,False,False,54522,3693,Davis Wade Stadium,344,Mississippi State,2306,Kansas State,24,31,MSST,SEC,fbs,KSU,Big 12,fbs,4,-7.0,-7.0,-7.0,-7.0,-7.0,0.0,0.0,0,,,,,,,,4,50.75,50.75,50.75,50.5,51.0,0.5,0.28867513459481287,0,,,,,,,,True,23,,Coaches,,True,False
401112203,2019,regular,3,2019-09-14 16:00:00+00:00,True,False,False,30610,3806,Lincoln Financial Field,218,Temple,120,Maryland,20,17,TEM,American Athletic,fbs,MD,Big Ten,fbs,4,5.0,5.0,5.0,5.0,5.0,0.0,0.0,0,,,,,,,,4,66.25,66.25,66.25,66.0,66.5,0.5,0.28867513459481287,0,,,,,,,,True,,21,,AP,False,True
401112159,2019,regular,3,2019-09-14 16:00:00+00:00,True,False,True,47945,3830,"Memorial Stadium (Bloomington, IN)",84,Indiana,194,Ohio State,10,51,IU,Big Ten,fbs,OSU,Big Ten,fbs,4,17.5,17.5,17.5,17.0,18.0,1.0,0.408248290463863,0,,,,,,,,4,60.25,60.25,60.25,59.5,61.0,1.5,0.6454972243679028,0,,,,,,,,True,,6,,AP,False,True
401110788,2019,regular,3,2019-09-14 16:00:00+00:00,True,False,False,92746,3917,Sanford Stadium,61,Georgia,2032,Arkansas State,55,0,UGA,SEC,fbs,ARST,Sun Belt,fbs,4,-32.75,-32.75,-32.75,-33.0,-32.5,0.5,0.28867513459481287,0,,,,,,,,4,58.5,58.75,58.5,58.5,59.5,1.0,0.5,0,,,,,,,,True,3,,AP,,True,False
401112259,2019,regular,3,2019-09-14 16:00:00+00:00,True,False,False,108661,3632,Beaver Stadium,213,Penn State,221,Pittsburgh,17,10,PSU,Big Ten,fbs,PITT,ACC,fbs,4,-17.0,-17.0,-17.0,-17.0,-17.0,0.0,0.0,0,,,,,,,,4,53.0,53.125,53.0,53.0,53.5,0.5,0.25,0,,,,,,,,True,13,,AP,,True,False
401110795,2019,regular,3,2019-09-14 16:00:00+00:00,True,False,False,86208,3853,Neyland Stadium,2633,Tennessee,236,Chattanooga,45,0,TENN,SEC,fbs,UTC,Southern,fcs,1,-30.5,-30.5,-30.5,-30.5,-30.5,0.0,0.0,0,,,,,,,,1,50.0,50.0,50.0,50.0,50.0,0.0,0.0,0,,,,,,,,True,,,,,False,False
401112455,2019,regular,3,2019-09-14 16:00:00+00:00,True,False,False,52314,3799,Lane Stadium,259,Virginia Tech,231,Furman,24,17,VT,ACC,fbs,FUR,Southern,fcs,1,-24.0,-24.0,-24.0,-24.0,-24.0,0.0,0.0,0,,,,,,,,1,64.5,64.5,64.5,64.5,64.5,0.0,0.0,0,,,,,,,,True,,,,,False,False
401112452,2019,regular,3,2019-09-14 16:30:00+00:00,True,False,False,42871,721,Bobby Dodd Stadium,59,Georgia Tech,2643,The Citadel,24,27,GT,ACC,fbs,CIT,Southern,fcs,1,-25.5,-25.5,-25.5,-25.5,-25.5,0.0,0.0,0,,,,,,,,1,58.5,58.5,58.5,58.5,58.5,0.0,0.0,0,,,,,,,,True,,,,,False,False
401114185,2019,regular,3,2019-09-14 17:00:00+00:00,True,False,False,49282,3726,Folsom Field,38,Colorado,2005,Air Force,23,30,COLO,Pac-12,fbs,AF,Mountain West,fbs,4,-3.0,-3.0,-3.0,-3.0,-3.0,0.0,0.0,0,,,,,,,,4,58.5,58.375,58.5,58.0,58.5,0.5,0.25,0,,,,,,,,True,,,,,False,False
401114257,2019,regular,3,2019-09-14 18:00:00+00:00,True,False,False,14333,3919,Scheumann Stadium,2050,Ball State,2226,Florida Atlantic,31,41,BALL,Mid-American,fbs,FAU,Conference USA,fbs,4,2.5,2.5,2.5,2.5,2.5,0.0,0.0,0,,,,,,,,4,64.0,64.0,64.0,63.5,64.5,1.0,0.408248290463863,0,,,,,,,,True,,,,,False,False
401121939,2019,regular,3,2019-09-14 18:00:00+00:00,True,False,False,13659,3654,Brooks Stadium (SC),324,Coastal Carolina,2450,Norfolk State,46,7,CCU,Sun Belt,fbs,NORF,MEAC,fcs,1,-25.5,-25.5,-25.5,-25.5,-25.5,0.0,0.0,0,,,,,,,,1,48.5,48.5,48.5,48.5,48.5,0.0,0.0,0,,,,,,,,True,,,,,False,False
401114336,2019,regular,3,2019-09-14 18:30:00+00:00,True,False,False,77622,3855,Notre Dame Stadium,87,Notre Dame,167,New Mexico,66,14,ND,FBS Independents,fbs,UNM,Mountain West,fbs,4,-34.75,-34.75,-34.75,-35.0,-34.5,0.5,0.28867513459481287,0,,,,,,,,4,64.0,63.75,64.0,63.0,64.0,1.0,0.5,0,,,,,,,,True,7,,AP,,True,False
401119263,2019,regular,3,2019-09-14 19:00:00+00:00,True,False,True,18641,3786,Kelly/Shorts Stadium,2117,Central Michigan,2006,Akron,45,24,CMU,Mid-American,fbs,AKR,Mid-American,fbs,4,-2.5,-2.5,-2.5,-2.5,-2.5,0.0,0.0,0,,,,,,,,4,45.5,45.5,45.5,45.5,45.5,0.0,0.0,0,,,,,,,,True,,,,,False,False
401114219,2019,regular,3,2019-09-14 19:30:00+00:00,True,False,False,62546,3801,LaVell Edwards Stadium,252,BYU,30,USC,30,27,BYU,FBS Independents,fbs,USC,Pac-12,fbs,4,4.5,4.5,4.5,4.5,4.5,0.0,0.0,0,,,,,,,,4,57.5,57.5,57.5,57.5,57.5,0.0,0.0,0,,,,,,,,True,,24,,AP,False,True
401112246,2019,regular,3,2019-09-14 19:30:00+00:00,True,False,False,37714,3911,Ryan Field,77,Northwestern,2439,UNLV,30,14,NU,Big Ten,fbs,UNLV,Mountain West,fbs,4,-18.5,-18.75,-18.5,-19.5,-18.5,1.0,0.5,0,,,,,,,,4,52.0,51.875,52.0,51.5,52.0,0.5,0.25,0,,,,,,,,True,,,,,False,False
401114208,2019,regular,3,2019-09-14 19:30:00+00:00,True,False,False,45008,3652,FBC Mortgage Stadium,2116,UCF,24,Stanford,45,27,UCF,American Athletic,fbs,STAN,Pac-12,fbs,4,-10.0,-9.875,-10.0,-10.0,-9.5,0.5,0.25,0,,,,,,,,4,57.75,57.875,57.75,57.5,58.5,1.0,0.47871355387816905,0,,,,,,,,True,17,,AP,,True,False
401112124,2019,regular,3,2019-09-14 19:30:00+00:00,True,False,False,28612,3674,Chapman Stadium,202,Tulsa,197,Oklahoma State,21,40,TLSA,American Athletic,fbs,OKST,Big 12,fbs,4,14.0,14.0,14.0,14.0,14.0,0.0,0.0,0,,,,,,,,4,64.0,64.125,64.0,64.0,64.5,0.5,0.25,0,,,,,,,,True,,,,,False,False
401110794,2019,regular,3,2019-09-14 19:30:00+00:00,True,False,True,81954,3994,Williams-Brice Stadium,2579,South Carolina,333,Alabama,23,47,SC,SEC,fbs,ALA,SEC,fbs,4,26.25,26.125,26.25,25.5,26.5,1.0,0.47871355387816905,0,,,,,,,,4,59.5,59.5,59.5,59.0,60.0,1.0,0.408248290463863,0,,,,,,,,True,,2,,AP,False,True
401112231,2019,regular,3,2019-09-14 19:30:00+00:00,True,False,False,41021,3953,Huntington Bank Stadium,135,Minnesota,290,Georgia Southern,35,32,MINN,Big Ten,fbs,GASO,Sun Belt,fbs,4,-16.5,-16.625,-16.5,-17.0,-16.5,0.5,0.25,0,,,,,,,,4,45.0,45.125,45.0,45.0,45.5,0.5,0.25,0,,,,,,,,True,,,,,False,False
401114261,2019,regular,3,2019-09-14 19:30:00+00:00,True,False,False,30718,3604,Alamodome,2636,UTSA,349,Army,13,31,UTSA,Conference USA,fbs,ARMY,FBS Independents,fbs,4,16.25,16.0,16.25,14.5,17.0,2.5,1.224744871391589,0,,,,,,,,4,44.25,44.0,44.25,43.0,44.5,1.5,0.7071067811865476,0,,,,,,,,True,,,,,False,False
401117864,2019,regular,3,2019-09-14 19:30:00+00:00,True,False,True,30707,3852,Navy-Marine Corps Memorial Stadium,2426,Navy,151,East Carolina,42,10,NAVY,American Athletic,fbs,ECU,American Athletic,fbs,4,-7.5,-7.375,-7.5,-7.5,-7.0,0.5,0.25,0,,,,,,,,4,53.5,53.5,53.5,53.0,54.0,1.0,0.408248290463863,0,,,,,,,,True,,,,,False,False
401117865,2019,regular,3,2019-09-14 19:30:00+00:00,True,False,False,12373,3797,Ladd Peebles Stadium,6,South Alabama,235,Memphis,6,42,USA,Sun Belt,fbs,MEM,American Athletic,fbs,4,20.5,20.5,20.5,20.5,20.5,0.0,0.0,0,,,,,,,,4,55.25,55.25,55.25,55.0,55.5,0.5,0.28867513459481287,0,,,,,,,,True,,,,,False,False
401110791,2019,regular,3,2019-09-14 20:00:00+00:00,True,False,False,45238,3974,Vaught-Hemingway Stadium,145,Ole Miss,2545,SE Louisiana,40,29,MISS,SEC,fbs,SELA,Southland,fcs,1,-30.5,-30.5,-30.5,-30.5,-30.5,0.0,0.0,0,,,,,,,,1,53.0,53.0,53.0,53.0,53.0,0.0,0.0,0,,,,,,,,True,,,,,False,False
401112086,2019,regular,3,2019-09-14 20:00:00+00:00,True,False,False,61500,3772,Jack Trice Stadium,66,Iowa State,2294,Iowa,17,18,ISU,Big 12,fbs,IOWA,Big Ten,fbs,4,1.5,1.5,1.5,1.5,1.5,0.0,0.0,0,,,,,,,,4,42.5,42.625,42.5,42.5,43.0,0.5,0.25,0,,,,,,,,True,,19,,AP,False,True
401110786,2019,regular,3,2019-09-14 20:00:00+00:00,True,False,False,55583,3887,Razorback Stadium,8,Arkansas,36,Colorado State,55,34,ARK,SEC,fbs,CSU,Mountain West,fbs,4,-9.75,-9.625,-9.75,-10.0,-9.0,1.0,0.47871355387816905,0,,,,,,,,4,64.0,63.875,64.0,63.5,64.0,0.5,0.25,0,,,,,,,,True,,,,,False,False
401112214,2019,regular,3,2019-09-14 20:00:00+00:00,True,False,False,73531,3936,Spartan Stadium,127,Michigan State,9,Arizona State,7,10,MSU,Big Ten,fbs,ASU,Pac-12,fbs,4,-15.5,-15.5,-15.5,-15.5,-15.5,0.0,0.0,0,,,,,,,,4,42.0,42.0,42.0,42.0,42.0,0.0,0.0,0,,,,,,,,True,18,,AP,,True,False
401112454,2019,regular,3,2019-09-14 20:00:00+00:00,True,False,False,52036,3948,Hard Rock Stadium,2390,Miami,2065,Bethune-Cookman,63,0,MIA,ACC,fbs,BCU,MEAC,fcs,1,-41.5,-41.5,-41.5,-41.5,-41.5,0.0,0.0,0,,,,,,,,1,56.0,56.0,56.0,56.0,56.0,0.0,0.0,0,,,,,,,,True,,,,,False,False
401112453,2019,regular,3,2019-09-14 20:00:00+00:00,True,True,False,22665,3810,Nissan Stadium,98,Western Kentucky,97,Louisville,21,38,WKU,Conference USA,fbs,LOU,ACC,fbs,4,10.5,10.5,10.5,10.5,10.5,0.0,0.0,0,,,,,,,,4,48.75,48.75,48.75,48.5,49.0,0.5,0.28867513459481287,0,,,,,,,,True,,,,,False,False
401114225,2019,regular,3,2019-09-14 20:15:00+00:00,True,False,False,45989,587,Rice-Eccles Stadium,254,Utah,304,Idaho State,31,0,UTAH,Pac-12,fbs,IDST,Big Sky,fcs,1,-37.5,-37.5,-37.5,-37.5,-37.5,0.0,0.0,0,,,,,,,,1,63.5,63.5,63.5,63.5,63.5,0.0,0.0,0,,,,,,,,True,11,,AP,,True,False
401114201,2019,regular,3,2019-09-14 20:15:00+00:00,True,False,False,33585,3893,Reser Stadium,204,Oregon State,13,Cal Poly,45,7,ORST,Pac-12,fbs,CP,Big Sky,fcs,1,-16.5,-16.5,-16.5,-16.5,-16.5,0.0,0.0,0,,,,,,,,1,75.5,75.5,75.5,75.5,75.5,0.0,0.0,0,,,,,,,,True,,,,,False,False
401114176,2019,regular,3,2019-09-14 20:15:00+00:00,True,False,False,35268,3831,California Memorial Stadium,25,California,249,North Texas,23,17,CAL,Pac-12,fbs,UNT,Conference USA,fbs,4,-14.25,-14.25,-14.25,-14.5,-14.0,0.5,0.28867513459481287,0,,,,,,,,4,50.25,50.25,50.25,50.0,50.5,0.5,0.28867513459481287,0,,,,,,,,True,,,,,False,False
401114258,2019,regular,3,2019-09-14 21:00:00+00:00,True,False,False,18021,3700,Doyt L. Perry Stadium,189,Bowling Green,2348,Louisiana Tech,7,35,BGSU,Mid-American,fbs,LT,Conference USA,fbs,4,12.75,12.75,12.75,12.5,13.0,0.5,0.28867513459481287,0,,,,,,,,4,59.0,59.0,59.0,59.0,59.0,0.0,0.0,0,,,,,,,,True,,,,,False,False
401117504,2019,regular,3,2019-09-14 21:00:00+00:00,True,False,False,28814,3984,War Memorial Stadium,2751,Wyoming,70,Idaho,21,16,WYO,Mountain West,fbs,IDHO,Big Sky,fcs,,,,,,,,,,,,,,,,,,,,,,,,,,,,,,,,,False,,,,,False,False
401117866,2019,regular,3,2019-09-14 22:00:00+00:00,True,False,False,31368,3886,Raymond James Stadium,58,South Florida,2569,South Carolina State,55,16,USF,American Athletic,fbs,SCST,MEAC,fcs,1,-25.0,-25.0,-25.0,-25.0,-25.0,0.0,0.0,0,,,,,,,,1,49.5,49.5,49.5,49.5,49.5,0.0,0.0,0,,,,,,,,True,,,,,False,False
401114348,2019,regular,3,2019-09-14 22:00:00+00:00,True,False,False,14584,3992,Williams Stadium (VA),2335,Liberty,2084,Buffalo,35,17,LIB,FBS Independents,fbs,BUF,Mid-American,fbs,4,6.0,5.875,6.0,5.5,6.0,0.5,0.25,0,,,,,,,,4,55.0,54.875,55.0,54.5,55.0,0.5,0.25,0,,,,,,,,True,,,,,False,False
401114260,2019,regular,3,2019-09-14 22:00:00+00:00,True,False,False,27108,3975,Veterans Memorial Stadium (AL),2653,Troy,2572,Southern Miss,42,47,TROY,Sun Belt,fbs,USM,Conference USA,fbs,4,-3.0,-3.0,-3.0,-3.0,-3.0,0.0,0.0,0,,,,,,,,4,49.0,48.875,49.0,48.5,49.0,0.5,0.25,0,,,,,,,,True,,,,,False,False
401114255,2019,regular,3,2019-09-14 22:00:00+00:00,True,False,False,12812,4418,Jerry Richardson Stadium,2429,Charlotte,113,Massachusetts,52,17,CLT,Conference USA,fbs,MASS,FBS Independents,fbs,4,-21.0,-20.875,-21.0,-21.0,-20.5,0.5,0.25,0,,,,,,,,4,66.5,66.5,66.5,66.5,66.5,0.0,0.0,0,,,,,,,,True,,,,,False,False
401114259,2019,regular,3,2019-09-14 22:30:00+00:00,True,False,False,27323,3775,Joan C. Edwards Stadium,276,Marshall,195,Ohio,33,31,MRSH,Conference USA,fbs,OHIO,Mid-American,fbs,4,-4.25,-4.125,-4.25,-4.5,-3.5,1.0,0.47871355387816905,0,,,,,,,,4,48.0,47.875,48.0,47.5,48.0,0.5,0.25,0,,,,,,,,True,,,,,False,False
401112450,2019,regular,3,2019-09-14 23:00:00+00:00,True,False,False,19852,3725,"Johnny ""Red"" Floyd Stadium",2393,Middle Tennessee,150,Duke,18,41,MTSU,Conference USA,fbs,DUKE,ACC,fbs,4,6.5,6.5,6.5,6.5,6.5,0.0,0.0,0,,,,,,,,4,50.75,50.75,50.75,50.5,51.0,0.5,0.28867513459481287,0,,,,,,,,True,,,,,False,False
401114256,2019,regular,3,2019-09-14 23:00:00+00:00,True,False,False,11756,218,FIU Stadium,2229,Florida International,160,New Hampshire,30,17,FIU,Conference USA,fbs,UNH,CAA,fcs,1,-13.5,-13.5,-13.5,-13.5,-13.5,0.0,0.0,0,,,,,,,,1,43.5,43.5,43.5,43.5,43.5,0.0,0.0,0,,,,,,,,True,,,,,False,False
401117505,2019,regular,3,2019-09-14 23:00:00+00:00,True,False,False,14174,3816,Mackay Stadium,2440,Nevada,2692,Weber State,19,13,NEV,Mountain West,fbs,WEB,Big Sky,fcs,1,-7.5,-7.5,-7.5,-7.5,-7.5,0.0,0.0,0,,,,,,,,1,51.5,51.5,51.5,51.5,51.5,0.0,0.0,0,,,,,,,,True,,,,,False,False
401117867,2019,regular,3,2019-09-14 23:00:00+00:00,True,False,False,17469,3735,Gerald J. Ford Stadium,2567,SMU,326,Texas State,47,17,SMU,American Athletic,fbs,TXST,Sun Belt,fbs,4,-17.5,-17.5,-17.5,-17.5,-17.5,0.0,0.0,0,,,,,,,,4,62.5,62.625,62.5,62.0,63.5,1.5,0.6291528696058958,0,,,,,,,,True,,,,,False,False
401110789,2019,regular,3,2019-09-14 23:00:00+00:00,True,False,True,63076,3683,Kroger Field,96,Kentucky,57,Florida,21,29,UK,SEC,fbs,FLA,SEC,fbs,4,9.75,9.75,9.75,9.5,10.0,0.5,0.28867513459481287,0,,,,,,,,4,46.0,45.875,46.0,45.0,46.5,1.5,0.6291528696058958,0,,,,,,,,True,,9,,AP,False,True
401119264,2019,regular,3,2019-09-14 23:00:00+00:00,True,False,False,22328,3980,Waldo Stadium,2711,Western Michigan,2247,Georgia State,57,10,WMU,Mid-American,fbs,GAST,Sun Belt,fbs,4,-9.0,-9.0,-9.0,-9.0,-9.0,0.0,0.0,0,,,,,,,,4,69.5,69.375,69.5,69.0,69.5,0.5,0.25,0,,,,,,,,True,,,,,False,False
401110787,2019,regular,3,2019-09-14 23:00:00+00:00,True,False,False,84542,3785,Jordan-Hare Stadium,2,Auburn,2309,Kent State,55,16,AUB,SEC,fbs,KENT,Mid-American,fbs,4,-35.75,-35.875,-35.75,-36.5,-35.5,1.0,0.47871355387816905,0,,,,,,,,4,54.0,54.125,54.0,54.0,54.5,0.5,0.25,0,,,,,,,,True,8,,AP,,True,False
401119265,2019,regular,3,2019-09-14 23:00:00+00:00,True,False,False,25361,3739,Glass Bowl,2649,Toledo,93,Murray State,45,0,TOL,Mid-American,fbs,MUR,OVC,fcs,1,-36.5,-36.5,-36.5,-36.5,-36.5,0.0,0.0,0,,,,,,,,1,70.0,70.0,70.0,70.0,70.0,0.0,0.0,0,,,,,,,,True,,,,,False,False
401110796,2019,regular,3,2019-09-14 23:00:00+00:00,True,False,False,97195,3795,Kyle Field,245,Texas A&M,2320,Lamar,62,3,TA&M,SEC,fbs,LAM,Southland,fcs,1,-45.0,-45.0,-45.0,-45.0,-45.0,0.0,0.0,0,,,,,,,,1,63.0,63.0,63.0,63.0,63.0,0.0,0.0,0,,,,,,,,True,16,,AP,,True,False
401110790,2019,regular,3,2019-09-14 23:30:00+00:00,True,False,False,100334,3958,Tiger Stadium (LA),99,LSU,2466,Northwestern State,65,14,LSU,SEC,fbs,NWST,Southland,fcs,1,-51.5,-51.5,-51.5,-51.5,-51.5,0.0,0.0,0,,,,,,,,1,68.0,68.0,68.0,68.0,68.0,0.0,0.0,0,,,,,,,,True,4,,AP,,True,False
401114234,2019,regular,3,2019-09-14 23:30:00+00:00,True,False,False,67589,3765,Husky Stadium,264,Washington,62,Hawai'i,52,20,WASH,Pac-12,fbs,HAW,Mountain West,fbs,4,-21.5,-21.625,-21.5,-22.0,-21.5,0.5,0.25,0,,,,,,,,4,59.5,59.75,59.5,59.0,61.0,2.0,0.9574271077563381,0,,,,,,,,True,23,,AP,,True,False
401112130,2019,regular,3,2019-09-14 23:30:00+00:00,True,False,False,60037,3907,Ross-Ade Stadium,2509,Purdue,2628,TCU,13,34,PUR,Big Ten,fbs,TCU,Big 12,fbs,4,3.25,3.25,3.25,3.0,3.5,0.5,0.28867513459481287,0,,,,,,,,4,53.0,52.875,53.0,52.0,53.5,1.5,0.6291528696058958,0,,,,,,,,True,,,,,False,False
401110793,2019,regular,3,2019-09-14 23:30:00+00:00,True,False,False,56620,3838,Memorial Stadium,142,Missouri,2546,Southeast Missouri State,50,0,MIZ,SEC,fbs,SEMO,OVC,fcs,1,-34.0,-34.0,-34.0,-34.0,-34.0,0.0,0.0,0,,,,,,,,1,68.5,68.5,68.5,68.5,68.5,0.0,0.0,0,,,,,,,,True,,,,,False,False
401121940,2019,regular,3,2019-09-14 23:30:00+00:00,True,False,False,18183,3666,Cajun Field,309,Louisiana,2640,Texas Southern,77,6,UL,Sun Belt,fbs,TXSO,SWAC,fcs,1,-47.0,-47.0,-47.0,-47.0,-47.0,0.0,0.0,0,,,,,,,,1,75.0,75.0,75.0,75.0,75.0,0.0,0.0,0,,,,,,,,True,,,,,False,False
401112449,2019,regular,3,2019-09-14 23:30:00+00:00,True,False,True,50248,1964,JMA Wireless Dome,183,Syracuse,228,Clemson,6,41,SYR,ACC,fbs,CLEM,ACC,fbs,4,28.0,28.0,28.0,28.0,28.0,0.0,0.0,0,,,,,,,,4,64.0,63.75,64.0,63.0,64.0,1.0,0.5,0,,,,,,,,True,,1,,AP,False,True
401112451,2019,regular,3,2019-09-14 23:30:00+00:00,True,False,True,57826,3923,Scott Stadium,258,Virginia,52,Florida State,31,24,UVA,ACC,fbs,FSU,ACC,fbs,4,-7.0,-7.0,-7.0,-7.0,-7.0,0.0,0.0,0,,,,,,,,4,54.5,54.5,54.5,54.0,55.0,1.0,0.408248290463863,0,,,,,,,,True,25,,AP,,True,False
401112116,2019,regular,3,2019-09-15 00:00:00+00:00,True,False,False,52578,1056,Rose Bowl,26,UCLA,201,Oklahoma,14,48,UCLA,Pac-12,fbs,OU,Big 12,fbs,4,23.5,23.25,23.5,22.5,23.5,1.0,0.5,0,,,,,,,,4,71.75,71.75,71.75,71.5,72.0,0.5,0.28867513459481287,0,,,,,,,,True,,5,,AP,False,True
401117868,2019,regular,3,2019-09-15 00:00:00+00:00,True,False,False,18746,4729,Yulman Stadium,2655,Tulane,2623,Missouri State,58,6,TULN,American Athletic,fbs,MOST,MVFC,fcs,1,-31.5,-31.5,-31.5,-31.5,-31.5,0.0,0.0,0,,,,,,,,1,55.0,55.0,55.0,55.0,55.0,0.0,0.0,0,,,,,,,,True,,,,,False,False
401112136,2019,regular,3,2019-09-15 00:00:00+00:00,True,True,False,42417,3891,NRG Stadium,242,Rice,251,Texas,13,48,RICE,Conference USA,fbs,TEX,Big 12,fbs,4,32.0,32.0,32.0,31.5,32.5,1.0,0.408248290463863,0,,,,,,,,4,57.0,57.125,57.0,56.0,58.5,2.5,1.1086778913041726,0,,,,,,,,True,,12,,AP,False,True
401114339,2019,regular,3,2019-09-15 00:00:00+00:00,True,False,False,10123,3601,Aggie Memorial Stadium,166,New Mexico State,21,San Diego State,10,31,NMSU,FBS Independents,fbs,SDSU,Mountain West,fbs,4,16.5,16.5,16.5,16.0,17.0,1.0,0.408248290463863,0,,,,,,,,4,51.25,51.25,51.25,51.0,51.5,0.5,0.28867513459481287,0,,,,,,,,True,,,,,False,False
401112240,2019,regular,3,2019-09-15 00:00:00+00:00,True,False,False,89593,3834,"Memorial Stadium (Lincoln, NE)",158,Nebraska,2459,Northern Illinois,44,8,NEB,Big Ten,fbs,NIU,Mid-American,fbs,4,-13.75,-13.75,-13.75,-14.0,-13.5,0.5,0.28867513459481287,0,,,,,,,,4,53.5,53.5,53.5,53.0,54.0,1.0,0.408248290463863,0,,,,,,,,True,,,,,False,False
401117503,2019,regular,3,2019-09-15 02:15:00+00:00,True,False,False,31068,3653,Albertsons Stadium,68,Boise State,2502,Portland State,45,10,BOIS,Mountain West,fbs,PRST,Big Sky,fcs,1,-32.5,-32.5,-32.5,-32.5,-32.5,0.0,0.0,0,,,,,,,,1,54.0,54.0,54.0,54.0,54.0,0.0,0.0,0,,,,,,,,True,22,,AP,,True,False
401112141,2019,regular,3,2019-09-15 02:30:00+00:00,True,False,False,37307,3619,Arizona Stadium,12,Arizona,2641,Texas Tech,28,14,ARIZ,Pac-12,fbs,TTU,Big 12,fbs,4,1.5,1.5,1.5,1.0,2.0,1.0,0.5773502691896257,0,,,,,,,,4,74.5,74.625,74.5,74.5,75.0,0.5,0.25,0,,,,,,,,True,,,,,False,False
401114194,2019,regular,3,2019-09-15 02:45:00+00:00,True,False,False,49098,3626,Autzen Stadium,2483,Oregon,149,Montana,35,3,ORE,Pac-12,fbs,MONT,Big Sky,fcs,1,-38.5,-38.5,-38.5,-38.5,-38.5,0.0,0.0,0,,,,,,,,1,65.5,65.5,65.5,65.5,65.5,0.0,0.0,0,,,,,,,,True,15,,AP,,True,False
401117869,2019,regular,4,2019-09-20 00:00:00+00:00,True,False,True,21032,4729,Yulman Stadium,2655,Tulane,248,Houston,38,31,TULN,American Athletic,fbs,HOU,American Athletic,fbs,4,-4.0,-4.125,-4.0,-4.5,-4.0,0.5,0.25,0,,,,,,,,4,57.5,57.625,57.5,57.0,58.5,1.5,0.6291528696058958,0,,,,,,,,True,,,,,False,False
401114262,2019,regular,4,2019-09-21 00:00:00+00:00,True,False,True,18782,3776,Joe Aillet Stadium,2348,Louisiana Tech,2229,Florida International,43,31,LT,Conference USA,fbs,FIU,Conference USA,fbs,4,-7.0,-7.0,-7.0,-7.0,-7.0,0.0,0.0,0,,,,,,,,4,51.5,51.5,51.5,51.5,51.5,0.0,0.0,0,,,,,,,,True,,,,,False,False
401114220,2019,regular,4,2019-09-21 01:00:00+00:00,True,False,True,55719,477,Los Angeles Memorial Coliseum,30,USC,254,Utah,30,23,USC,Pac-12,fbs,UTAH,Pac-12,fbs,4,3.5,3.5,3.5,3.5,3.5,0.0,0.0,0,,,,,,,,4,53.5,53.5,53.5,53.5,53.5,0.0,0.0,0,,,,,,,,True,,10,,AP,False,True
401117506,2019,regular,4,2019-09-21 01:00:00+00:00,True,False,True,36498,3653,Albertsons Stadium,68,Boise State,2005,Air Force,30,19,BOIS,Mountain West,fbs,AF,Mountain West,fbs,4,-7.5,-7.375,-7.5,-7.5,-7.0,0.5,0.25,0,,,,,,,,4,53.5,53.75,53.5,53.0,55.0,2.0,0.8660254037844386,0,,,,,,,,True,20,,AP,,True,False
401114327,2019,regular,4,2019-09-21 16:00:00+00:00,True,False,False,28018,3841,Michie Stadium,349,Army,2415,Morgan State,52,21,ARMY,FBS Independents,fbs,MORG,MEAC,fcs,1,-45.5,-45.5,-45.5,-45.5,-45.5,0.0,0.0,0,,,,,,,,1,55.5,55.5,55.5,55.5,55.5,0.0,0.0,0,,,,,,,,True,,,,,False,False
401112224,2019,regular,4,2019-09-21 16:00:00+00:00,True,False,True,80245,347,Camp Randall Stadium,275,Wisconsin,130,Michigan,35,14,WIS,Big Ten,fbs,MICH,Big Ten,fbs,4,-3.25,-3.25,-3.25,-3.5,-3.0,0.5,0.28867513459481287,0,,,,,,,,4,45.0,45.125,45.0,44.5,46.0,1.5,0.6291528696058958,0,,,,,,,,True,13,11,AP,AP,True,True
401112464,2019,regular,4,2019-09-21 16:00:00+00:00,True,False,False,24079,3630,Allegacy Federal Credit Union Stadium,154,Wake Forest,2210,Elon,49,7,WAKE,ACC,fbs,ELON,CAA,fcs,1,-29.5,-29.5,-29.5,-29.5,-29.5,0.0,0.0,0,,,,,,,,1,58.5,58.5,58.5,58.5,58.5,0.0,0.0,0,,,,,,,,True,,,,,False,False
401110797,2019,regular,4,2019-09-21 16:00:00+00:00,True,False,False,101821,3657,Bryant-Denny Stadium,333,Alabama,2572,Southern Miss,49,7,ALA,SEC,fbs,USM,Conference USA,fbs,4,-37.25,-37.25,-37.25,-38.0,-36.5,1.5,0.6454972243679028,0,,,,,,,,4,63.25,63.5,63.25,63.0,64.5,1.5,0.7071067811865476,0,,,,,,,,True,2,,AP,,True,False
401112087,2019,regular,4,2019-09-21 16:00:00+00:00,True,False,False,57442,3772,Jack Trice Stadium,66,Iowa State,2433,UL Monroe,72,20,ISU,Big 12,fbs,ULM,Sun Belt,fbs,4,-17.5,-17.375,-17.5,-17.5,-17.0,0.5,0.25,0,,,,,,,,4,51.5,51.5,51.5,51.5,51.5,0.0,0.0,0,,,,,,,,True,,,,,False,False
401110801,2019,regular,4,2019-09-21 16:00:00+00:00,True,False,False,46850,3974,Vaught-Hemingway Stadium,145,Ole Miss,25,California,20,28,MISS,SEC,fbs,CAL,Pac-12,fbs,4,-3.0,-3.0,-3.0,-3.0,-3.0,0.0,0.0,0,,,,,,,,4,42.75,42.875,42.75,42.5,43.5,1.0,0.47871355387816905,0,,,,,,,,True,,23,,AP,False,True
401112462,2019,regular,4,2019-09-21 16:00:00+00:00,True,False,False,40700,1964,JMA Wireless Dome,183,Syracuse,2711,Western Michigan,52,33,SYR,ACC,fbs,WMU,Mid-American,fbs,4,-3.5,-3.625,-3.5,-4.0,-3.5,0.5,0.25,0,,,,,,,,4,66.5,66.625,66.5,66.0,67.5,1.5,0.75,0,,,,,,,,True,,,,,False,False
401110799,2019,regular,4,2019-09-21 16:00:00+00:00,True,False,True,82776,3634,Ben Hill Griffin Stadium,57,Florida,2633,Tennessee,34,3,FLA,SEC,fbs,TENN,SEC,fbs,4,-12.75,-12.875,-12.75,-13.5,-12.5,1.0,0.47871355387816905,0,,,,,,,,4,49.0,49.0,49.0,48.5,49.5,1.0,0.408248290463863,0,,,,,,,,True,9,,AP,,True,False
401112160,2019,regular,4,2019-09-21 16:00:00+00:00,True,False,False,40084,3830,"Memorial Stadium (Bloomington, IN)",84,Indiana,41,UConn,38,3,IU,Big Ten,fbs,CONN,American Athletic,fbs,4,-27.25,-27.25,-27.25,-27.5,-27.0,0.5,0.28867513459481287,0,,,,,,,,4,57.0,57.0,57.0,56.5,57.5,1.0,0.408248290463863,0,,,,,,,,True,,,,,False,False
401112265,2019,regular,4,2019-09-21 16:00:00+00:00,True,False,False,32217,3754,High Point Solutions Stadium,164,Rutgers,103,Boston College,16,30,RUTG,Big Ten,fbs,BC,ACC,fbs,3,7.5,7.5,7.5,7.5,7.5,0.0,0.0,0,,,,,,,,3,57.5,57.5,57.5,57.5,57.5,0.0,0.0,0,,,,,,,,True,,,,,False,False
401110805,2019,regular,4,2019-09-21 16:00:00+00:00,True,False,True,32048,3973,FirstBank Stadium,238,Vanderbilt,99,LSU,38,66,VAN,SEC,fbs,LSU,SEC,fbs,4,24.0,24.125,24.0,24.0,24.5,0.5,0.25,0,,,,,,,,4,62.0,62.0,62.0,61.5,62.5,1.0,0.408248290463863,0,,,,,,,,True,,4,,AP,False,True
401112215,2019,regular,4,2019-09-21 16:00:00+00:00,True,False,True,40114,3911,Ryan Field,77,Northwestern,127,Michigan State,10,31,NU,Big Ten,fbs,MSU,Big Ten,fbs,4,7.5,7.5,7.5,7.5,7.5,0.0,0.0,0,,,,,,,,4,35.0,35.0,35.0,34.5,35.5,1.0,0.408248290463863,0,,,,,,,,True,,,,,False,False
401114355,2019,regular,4,2019-09-21 17:00:00+00:00,True,False,False,8557,3985,Warren McGuirk Alumni Stadium,113,Massachusetts,324,Coastal Carolina,28,62,MASS,FBS Independents,fbs,CCU,Sun Belt,fbs,4,17.0,17.0,17.0,17.0,17.0,0.0,0.0,0,,,,,,,,4,62.5,62.25,62.5,61.5,62.5,1.0,0.5,0,,,,,,,,True,,,,,False,False
401119268,2019,regular,4,2019-09-21 18:00:00+00:00,True,False,False,17416,3876,Peden Stadium,195,Ohio,309,Louisiana,25,45,OHIO,Mid-American,fbs,UL,Sun Belt,fbs,4,-3.0,-3.0,-3.0,-3.0,-3.0,0.0,0.0,0,,,,,,,,4,68.25,68.125,68.25,67.5,68.5,1.0,0.47871355387816905,0,,,,,,,,True,,,,,False,False
401119269,2019,regular,4,2019-09-21 19:00:00+00:00,True,False,False,16954,3768,InfoCision Stadium,2006,Akron,2653,Troy,7,35,AKR,Mid-American,fbs,TROY,Sun Belt,fbs,4,19.0,19.0,19.0,18.5,19.5,1.0,0.408248290463863,0,,,,,,,,4,57.5,57.375,57.5,57.0,57.5,0.5,0.25,0,,,,,,,,True,,,,,False,False
401119267,2019,regular,4,2019-09-21 19:00:00+00:00,True,False,False,17286,3912,Rynearson Stadium,2199,Eastern Michigan,2115,Central Connecticut,34,29,EMU,Mid-American,fbs,CCSU,NEC,fcs,1,-32.5,-32.5,-32.5,-32.5,-32.5,0.0,0.0,0,,,,,,,,1,63.0,63.0,63.0,63.0,63.0,0.0,0.0,0,,,,,,,,True,,,,,False,False
401112131,2019,regular,4,2019-09-21 19:30:00+00:00,True,False,False,41250,3616,Amon G. Carter Stadium,2628,TCU,2567,SMU,38,41,TCU,Big 12,fbs,SMU,American Athletic,fbs,4,-7.5,-7.625,-7.5,-8.0,-7.5,0.5,0.25,0,,,,,,,,4,54.5,54.5,54.5,54.5,54.5,0.0,0.0,0,,,,,,,,True,25,,AP,,True,False
401119266,2019,regular,4,2019-09-21 19:30:00+00:00,True,False,True,19700,3696,Dix Stadium,2309,Kent State,189,Bowling Green,62,20,KENT,Mid-American,fbs,BGSU,Mid-American,fbs,4,-11.75,-11.625,-11.75,-12.0,-11.0,1.0,0.47871355387816905,0,,,,,,,,4,62.0,62.0,62.0,61.5,62.5,1.0,0.408248290463863,0,,,,,,,,True,,,,,False,False
401117870,2019,regular,4,2019-09-21 19:30:00+00:00,True,False,False,17621,3965,UB Stadium,2084,Buffalo,218,Temple,38,22,BUF,Mid-American,fbs,TEM,American Athletic,fbs,4,14.0,13.875,14.0,13.5,14.0,0.5,0.25,0,,,,,,,,4,50.75,50.75,50.75,50.5,51.0,0.5,0.28867513459481287,0,,,,,,,,True,,,,,False,False
401112253,2019,regular,4,2019-09-21 19:30:00+00:00,True,False,False,103190,3861,Ohio Stadium,194,Ohio State,193,Miami (OH),76,5,OSU,Big Ten,fbs,M-OH,Mid-American,fbs,4,-38.5,-38.625,-38.5,-39.0,-38.5,0.5,0.25,0,,,,,,,,4,57.0,56.875,57.0,56.5,57.0,0.5,0.25,0,,,,,,,,True,6,,AP,,True,False
401110804,2019,regular,4,2019-09-21 19:30:00+00:00,True,False,True,101681,3795,Kyle Field,245,Texas A&M,2,Auburn,20,28,TA&M,SEC,fbs,AUB,SEC,fbs,4,-4.0,-4.0,-4.0,-4.0,-4.0,0.0,0.0,0,,,,,,,,4,48.0,48.0,48.0,47.5,48.5,1.0,0.408248290463863,0,,,,,,,,True,17,8,AP,AP,True,True
401117509,2019,regular,4,2019-09-21 19:30:00+00:00,True,False,False,16246,3674,Chapman Stadium,202,Tulsa,2751,Wyoming,24,21,TLSA,American Athletic,fbs,WYO,Mountain West,fbs,4,-5.0,-5.0,-5.0,-5.5,-4.5,1.0,0.408248290463863,0,,,,,,,,4,46.0,45.875,46.0,45.5,46.0,0.5,0.25,0,,,,,,,,True,,,,,False,False
401112459,2019,regular,4,2019-09-21 19:30:00+00:00,True,False,False,50500,3787,Kenan Stadium,153,North Carolina,2026,App State,31,34,UNC,ACC,fbs,APP,Sun Belt,fbs,4,-2.5,-2.25,-2.5,-2.5,-1.5,1.0,0.5,0,,,,,,,,4,58.0,58.0,58.0,58.0,58.0,0.0,0.0,0,,,,,,,,True,,,,,False,False
401114235,2019,regular,4,2019-09-21 19:30:00+00:00,True,False,False,62117,3801,LaVell Edwards Stadium,252,BYU,264,Washington,19,45,BYU,FBS Independents,fbs,WASH,Pac-12,fbs,4,6.5,6.5,6.5,6.5,6.5,0.0,0.0,0,,,,,,,,4,51.0,51.0,51.0,51.0,51.0,0.0,0.0,0,,,,,,,,True,,22,,AP,False,True
401112457,2019,regular,4,2019-09-21 19:30:00+00:00,True,False,True,46530,3697,Doak Campbell Stadium,52,Florida State,97,Louisville,35,24,FSU,ACC,fbs,LOU,ACC,fbs,4,-6.5,-6.5,-6.5,-6.5,-6.5,0.0,0.0,0,,,,,,,,4,61.0,61.0,61.0,61.0,61.0,0.0,0.0,0,,,,,,,,True,,,,,False,False
401112461,2019,regular,4,2019-09-21 19:30:00+00:00,True,False,False,42056,3752,Acrisure Stadium,221,Pittsburgh,2116,UCF,35,34,PITT,ACC,fbs,UCF,American Athletic,fbs,4,10.0,9.875,10.0,9.0,10.5,1.5,0.6291528696058958,0,,,,,,,,4,61.0,60.875,61.0,60.5,61.0,0.5,0.25,0,,,,,,,,True,,15,,AP,False,True
401114265,2019,regular,4,2019-09-21 19:30:00+00:00,True,False,False,27932,3803,Legion Field,5,UAB,6,South Alabama,35,3,UAB,Conference USA,fbs,USA,Sun Belt,fbs,4,-12.0,-11.875,-12.0,-12.5,-11.0,1.5,0.6291528696058958,0,,,,,,,,4,48.0,48.0,48.0,47.5,48.5,1.0,0.408248290463863,0,,,,,,,,True,,,,,False,False
401110803,2019,regular,4,2019-09-21 20:00:00+00:00,True,False,True,52012,3838,Memorial Stadium,142,Missouri,2579,South Carolina,34,14,MIZ,SEC,fbs,SC,SEC,fbs,4,-9.5,-9.5,-9.5,-9.5,-9.5,0.0,0.0,0,,,,,,,,4,61.0,60.875,61.0,60.5,61.0,0.5,0.25,0,,,,,,,,True,,,,,False,False
401110802,2019,regular,4,2019-09-21 20:00:00+00:00,True,False,True,54556,3693,Davis Wade Stadium,344,Mississippi State,96,Kentucky,28,13,MSST,SEC,fbs,UK,SEC,fbs,4,-5.5,-5.625,-5.5,-6.0,-5.5,0.5,0.25,0,,,,,,,,4,48.0,48.0,48.0,48.0,48.0,0.0,0.0,0,,,,,,,,True,,,,,False,False
401112458,2019,regular,4,2019-09-21 20:00:00+00:00,True,False,False,49997,3948,Hard Rock Stadium,2390,Miami,2117,Central Michigan,17,12,MIA,ACC,fbs,CMU,Mid-American,fbs,4,-30.5,-30.5,-30.5,-30.5,-30.5,0.0,0.0,0,,,,,,,,4,48.25,48.25,48.25,48.0,48.5,0.5,0.28867513459481287,0,,,,,,,,True,,,,,False,False
401112099,2019,regular,4,2019-09-21 20:30:00+00:00,True,False,True,35816,3833,Memorial Stadium,2305,Kansas,277,West Virginia,24,29,KU,Big 12,fbs,WVU,Big 12,fbs,4,4.5,4.75,4.5,4.5,5.5,1.0,0.5,0,,,,,,,,4,49.0,49.125,49.0,49.0,49.5,0.5,0.25,0,,,,,,,,True,,,,,False,False
401114340,2019,regular,4,2019-09-21 20:30:00+00:00,True,False,False,27269,3971,University Stadium (NM),167,New Mexico,166,New Mexico State,55,52,UNM,Mountain West,fbs,NMSU,FBS Independents,fbs,4,-4.0,-4.0,-4.0,-4.0,-4.0,0.0,0.0,0,,,,,,,,4,69.0,69.0,69.0,68.5,69.5,1.0,0.408248290463863,0,,,,,,,,True,,,,,False,False
401114263,2019,regular,4,2019-09-21 22:00:00+00:00,True,False,False,14210,3715,FAU Stadium,2226,Florida Atlantic,2681,Wagner,42,7,FAU,Conference USA,fbs,WAG,NEC,fcs,1,-37.5,-37.5,-37.5,-37.5,-37.5,0.0,0.0,0,,,,,,,,1,55.5,55.5,55.5,55.5,55.5,0.0,0.0,0,,,,,,,,True,,,,,False,False
401114349,2019,regular,4,2019-09-21 22:00:00+00:00,True,False,False,18944,3992,Williams Stadium (VA),2335,Liberty,2261,Hampton,62,27,LIB,FBS Independents,fbs,HAMP,Big South,fcs,1,-25.5,-25.5,-25.5,-25.5,-25.5,0.0,0.0,0,,,,,,,,1,58.0,58.0,58.0,58.0,58.0,0.0,0.0,0,,,,,,,,True,,,,,False,False
401116697,2019,regular,4,2019-09-21 22:00:00+00:00,True,False,False,38094,3699,Dowdy-Ficklen Stadium,151,East Carolina,2729,William & Mary,19,7,ECU,American Athletic,fbs,W&M,CAA,fcs,1,-14.0,-14.0,-14.0,-14.0,-14.0,0.0,0.0,0,,,,,,,,1,50.0,50.0,50.0,50.0,50.0,0.0,0.0,0,,,,,,,,True,,,,,False,False
401114195,2019,regular,4,2019-09-21 23:00:00+00:00,True,False,True,39249,3940,Stanford Stadium,24,Stanford,2483,Oregon,6,21,STAN,Pac-12,fbs,ORE,Pac-12,fbs,4,12.75,12.625,12.75,12.0,13.0,1.0,0.47871355387816905,0,,,,,,,,4,55.5,55.5,55.5,55.5,55.5,0.0,0.0,0,,,,,,,,True,,16,,AP,False,True
401121941,2019,regular,4,2019-09-21 23:00:00+00:00,True,False,False,24176,3625,Centennial Bank Stadium,2032,Arkansas State,79,Southern Illinois,41,28,ARST,Sun Belt,fbs,SIU,MVFC,fcs,1,-23.0,-23.0,-23.0,-23.0,-23.0,0.0,0.0,0,,,,,,,,1,62.0,62.0,62.0,62.0,62.0,0.0,0.0,0,,,,,,,,True,,,,,False,False
401121942,2019,regular,4,2019-09-21 23:00:00+00:00,True,False,True,15803,3644,Bobcat Stadium (TX),326,Texas State,2247,Georgia State,37,34,TXST,Sun Belt,fbs,GAST,Sun Belt,fbs,4,-3.0,-3.0,-3.0,-3.0,-3.0,0.0,0.0,0,,,,,,,,4,62.5,62.375,62.5,62.0,62.5,0.5,0.25,0,,,,,,,,True,,,,,False,False
401112460,2019,regular,4,2019-09-21 23:00:00+00:00,True,False,False,57702,3670,Carter-Finley Stadium,152,NC State,2050,Ball State,34,23,NCSU,ACC,fbs,BALL,Mid-American,fbs,4,-19.5,-19.375,-19.5,-19.5,-19.0,0.5,0.25,0,,,,,,,,4,58.75,59.125,58.75,58.5,60.5,2.0,0.9464847243000456,0,,,,,,,,True,,,,,False,False
401112463,2019,regular,4,2019-09-21 23:00:00+00:00,True,False,False,44573,3923,Scott Stadium,258,Virginia,295,Old Dominion,28,17,UVA,ACC,fbs,ODU,Conference USA,fbs,4,-27.0,-26.75,-27.0,-27.0,-26.0,1.0,0.5,0,,,,,,,,4,47.5,47.375,47.5,47.0,47.5,0.5,0.25,0,,,,,,,,True,21,,AP,,True,False
401112075,2019,regular,4,2019-09-21 23:00:00+00:00,True,False,False,20198,3895,Rice Stadium,242,Rice,239,Baylor,13,21,RICE,Conference USA,fbs,BAY,Big 12,fbs,4,27.0,27.0,27.0,27.0,27.0,0.0,0.0,0,,,,,,,,4,58.0,58.0,58.0,57.5,58.5,1.0,0.408248290463863,0,,,,,,,,True,,,,,False,False
401112456,2019,regular,4,2019-09-21 23:30:00+00:00,True,False,False,81500,3836,"Memorial Stadium (Clemson, SC)",228,Clemson,2429,Charlotte,52,10,CLEM,ACC,fbs,CLT,Conference USA,fbs,4,-41.5,-41.5,-41.5,-41.5,-41.5,0.0,0.0,0,,,,,,,,4,61.5,61.625,61.5,61.5,62.0,0.5,0.25,0,,,,,,,,True,1,,AP,,True,False
401112125,2019,regular,4,2019-09-21 23:30:00+00:00,True,False,True,96936,3910,DKR-Texas Memorial Stadium,251,Texas,197,Oklahoma State,36,30,TEX,Big 12,fbs,OKST,Big 12,fbs,4,-7.0,-7.0,-7.0,-7.0,-7.0,0.0,0.0,0,,,,,,,,4,72.25,72.125,72.25,71.5,72.5,1.0,0.47871355387816905,0,,,,,,,,True,12,,AP,,True,False
401110798,2019,regular,4,2019-09-21 23:30:00+00:00,True,False,False,56058,3887,Razorback Stadium,8,Arkansas,23,San José State,24,31,ARK,SEC,fbs,SJSU,Mountain West,fbs,4,-20.0,-20.0,-20.0,-20.5,-19.5,1.0,0.408248290463863,0,,,,,,,,4,61.5,61.5,61.5,61.0,62.0,1.0,0.408248290463863,0,,,,,,,,True,,,,,False,False
401114264,2019,regular,4,2019-09-21 23:30:00+00:00,True,False,True,19922,3825,DATCU Stadium,249,North Texas,2636,UTSA,45,3,UNT,Conference USA,fbs,UTSA,Conference USA,fbs,4,-17.5,-17.375,-17.5,-17.5,-17.0,0.5,0.25,0,,,,,,,,4,56.75,56.75,56.75,56.5,57.0,0.5,0.28867513459481287,0,,,,,,,,True,,,,,False,False
401114266,2019,regular,4,2019-09-22 00:00:00+00:00,True,False,False,10493,3946,Sun Bowl,2638,UTEP,2440,Nevada,21,37,UTEP,Conference USA,fbs,NEV,Mountain West,fbs,4,13.75,13.75,13.75,13.5,14.0,0.5,0.28867513459481287,0,,,,,,,,4,51.5,51.25,51.5,50.5,51.5,1.0,0.5,0,,,,,,,,True,,,,,False,False
401112148,2019,regular,4,2019-09-22 00:00:00+00:00,True,False,True,44512,3832,"Memorial Stadium (Champaign, IL)",356,Illinois,158,Nebraska,38,42,ILL,Big Ten,fbs,NEB,Big Ten,fbs,4,13.0,13.125,13.0,13.0,13.5,0.5,0.25,0,,,,,,,,4,62.25,62.125,62.25,61.5,62.5,1.0,0.47871355387816905,0,,,,,,,,True,,,,,False,False
401110800,2019,regular,4,2019-09-22 00:00:00+00:00,True,False,False,93246,3917,Sanford Stadium,61,Georgia,87,Notre Dame,23,17,UGA,SEC,fbs,ND,FBS Independents,fbs,4,-15.75,-15.75,-15.75,-16.0,-15.5,0.5,0.28867513459481287,0,,,,,,,,4,58.75,58.875,58.75,58.5,59.5,1.0,0.47871355387816905,0,,,,,,,,True,3,7,AP,AP,True,True
401114155,2019,regular,4,2019-09-22 02:00:00+00:00,True,False,True,45786,3947,Mountain America Stadium,9,Arizona State,38,Colorado,31,34,ASU,Pac-12,fbs,COLO,Pac-12,fbs,4,-7.5,-7.625,-7.5,-8.0,-7.5,0.5,0.25,0,,,,,,,,4,48.5,48.625,48.5,48.5,49.0,0.5,0.25,0,,,,,,,,True,24,,AP,,True,False
401117510,2019,regular,4,2019-09-22 02:00:00+00:00,True,False,False,31034,3660,Valley Children's Stadium,278,Fresno State,16,Sacramento State,34,20,FRES,Mountain West,fbs,SAC,Big Sky,fcs,1,-24.5,-24.5,-24.5,-24.5,-24.5,0.0,0.0,0,,,,,,,,1,54.5,54.5,54.5,54.5,54.5,0.0,0.0,0,,,,,,,,True,,,,,False,False
401117507,2019,regular,4,2019-09-22 02:15:00+00:00,True,False,False,24464,5388,Canvas Stadium,36,Colorado State,2649,Toledo,35,41,CSU,Mountain West,fbs,TOL,Mid-American,fbs,4,6.5,6.5,6.5,6.0,7.0,1.0,0.408248290463863,0,,,,,,,,4,67.25,67.25,67.25,67.0,67.5,0.5,0.28867513459481287,0,,,,,,,,True,,,,,False,False
401114215,2019,regular,4,2019-09-22 02:30:00+00:00,True,False,True,32952,3820,Gesa Field,265,Washington State,26,UCLA,63,67,WSU,Pac-12,fbs,UCLA,Pac-12,fbs,4,-18.5,-18.125,-18.5,-18.5,-17.0,1.5,0.75,0,,,,,,,,4,59.75,59.625,59.75,59.0,60.0,1.0,0.47871355387816905,0,,,,,,,,True,19,,AP,,True,False
401117508,2019,regular,4,2019-09-22 02:30:00+00:00,True,False,True,27367,3932,Qualcomm Stadium,21,San Diego State,328,Utah State,17,23,SDSU,Mountain West,fbs,USU,Mountain West,fbs,4,4.0,4.0,4.0,4.0,4.0,0.0,0.0,0,,,,,,,,4,53.0,53.0,53.0,53.0,53.0,0.0,0.0,0,,,,,,,,True,,,,,False,False
401117511,2019,regular,4,2019-09-22 03:59:00+00:00,True,False,False,23465,3610,Aloha Stadium,62,Hawai'i,2110,Central Arkansas,35,16,HAW,Mountain West,fbs,CARK,Southland,fcs,1,-16.5,-16.5,-16.5,-16.5,-16.5,0.0,0.0,0,,,,,,,,1,66.5,66.5,66.5,66.5,66.5,0.0,0.0,0,,,,,,,,True,,,,,False,False
401117871,2019,regular,5,2019-09-27 00:00:00+00:00,True,False,True,33909,3805,Simmons Bank Liberty Stadium,235,Memphis,2426,Navy,35,23,MEM,American Athletic,fbs,NAVY,American Athletic,fbs,4,-10.75,-10.75,-10.75,-11.0,-10.5,0.5,0.28867513459481287,0,,,,,,,,4,54.0,54.0,54.0,53.5,54.5,1.0,0.408248290463863,0,,,,,,,,True,,,,,False,False
401112465,2019,regular,5,2019-09-27 23:00:00+00:00,True,False,True,59537,3799,Lane Stadium,259,Virginia Tech,150,Duke,10,45,VT,ACC,fbs,DUKE,ACC,fbs,4,-2.5,-2.5,-2.5,-2.5,-2.5,0.0,0.0,0,,,,,,,,4,51.5,51.5,51.5,51.5,51.5,0.0,0.0,0,,,,,,,,True,,,,,False,False
401112204,2019,regular,5,2019-09-28 00:00:00+00:00,True,False,True,53228,3665,SECU Stadium,120,Maryland,213,Penn State,0,59,MD,Big Ten,fbs,PSU,Big Ten,fbs,4,6.5,6.5,6.5,6.5,6.5,0.0,0.0,0,,,,,,,,4,61.25,61.375,61.25,61.0,62.0,1.0,0.47871355387816905,0,,,,,,,,True,,12,,AP,False,True
401117512,2019,regular,5,2019-09-28 00:00:00+00:00,True,False,True,24786,3713,Falcon Stadium,2005,Air Force,23,San José State,41,24,AF,Mountain West,fbs,SJSU,Mountain West,fbs,4,-19.5,-19.5,-19.5,-19.5,-19.5,0.0,0.0,0,,,,,,,,4,58.0,58.125,58.0,58.0,58.5,0.5,0.25,0,,,,,,,,True,,,,,False,False
401114156,2019,regular,5,2019-09-28 02:30:00+00:00,True,False,True,47532,3831,California Memorial Stadium,25,California,9,Arizona State,17,24,CAL,Pac-12,fbs,ASU,Pac-12,fbs,4,-4.0,-4.0,-4.0,-4.0,-4.0,0.0,0.0,0,,,,,,,,4,43.0,42.875,43.0,42.5,43.0,0.5,0.25,0,,,,,,,,True,15,,AP,,True,False
401119270,2019,regular,5,2019-09-28 16:00:00+00:00,True,False,True,18419,3996,Yager Stadium,193,Miami (OH),2084,Buffalo,34,20,M-OH,Mid-American,fbs,BUF,Mid-American,fbs,4,2.5,2.5,2.5,2.5,2.5,0.0,0.0,0,,,,,,,,4,47.5,47.625,47.5,47.0,48.5,1.5,0.6291528696058958,0,,,,,,,,True,,,,,False,False
401112247,2019,regular,5,2019-09-28 16:00:00+00:00,True,False,True,76825,347,Camp Randall Stadium,275,Wisconsin,77,Northwestern,24,15,WIS,Big Ten,fbs,NU,Big Ten,fbs,4,-23.5,-23.375,-23.5,-23.5,-23.0,0.5,0.25,0,,,,,,,,4,46.0,45.875,46.0,45.5,46.0,0.5,0.25,0,,,,,,,,True,8,,AP,,True,False
401112193,2019,regular,5,2019-09-28 16:00:00+00:00,True,False,False,63706,3793,Kinnick Stadium,2294,Iowa,2393,Middle Tennessee,48,3,IOWA,Big Ten,fbs,MTSU,Conference USA,fbs,4,-23.5,-23.5,-23.5,-23.5,-23.5,0.0,0.0,0,,,,,,,,4,50.75,50.75,50.75,50.5,51.0,0.5,0.28867513459481287,0,,,,,,,,True,14,,AP,,True,False
401112117,2019,regular,5,2019-09-28 16:00:00+00:00,True,False,True,84416,3835,"Memorial Stadium (Norman, OK)",201,Oklahoma,2641,Texas Tech,55,16,OU,Big 12,fbs,TTU,Big 12,fbs,4,-27.0,-27.0,-27.0,-27.0,-27.0,0.0,0.0,0,,,,,,,,4,68.5,68.5,68.5,68.0,69.0,1.0,0.408248290463863,0,,,,,,,,True,6,,AP,,True,False
401112100,2019,regular,5,2019-09-28 16:00:00+00:00,True,False,True,41960,3616,Amon G. Carter Stadium,2628,TCU,2305,Kansas,51,14,TCU,Big 12,fbs,KU,Big 12,fbs,4,-14.5,-14.5,-14.5,-15.0,-14.0,1.0,0.408248290463863,0,,,,,,,,4,48.0,48.0,48.0,48.0,48.0,0.0,0.0,0,,,,,,,,True,,,,,False,False
401110807,2019,regular,5,2019-09-28 16:00:00+00:00,True,True,True,51441,3687,AT&T Stadium,8,Arkansas,245,Texas A&M,27,31,ARK,SEC,fbs,TA&M,SEC,fbs,4,23.0,23.125,23.0,23.0,23.5,0.5,0.25,0,,,,,,,,4,60.0,59.875,60.0,59.5,60.0,0.5,0.25,0,,,,,,,,True,,23,,AP,False,True
401112225,2019,regular,5,2019-09-28 16:00:00+00:00,True,False,True,110662,3558,Michigan Stadium,130,Michigan,164,Rutgers,52,0,MICH,Big Ten,fbs,RUTG,Big Ten,fbs,3,-27.5,-27.5,-27.5,-27.5,-27.5,0.0,0.0,0,,,,,,,,3,48.5,48.666666666666664,48.5,47.5,50.0,2.5,1.2583057392117916,0,,,,,,,,True,20,,AP,,True,False
401112471,2019,regular,5,2019-09-28 16:00:00+00:00,True,False,False,40575,1964,JMA Wireless Dome,183,Syracuse,107,Holy Cross,41,3,SYR,ACC,fbs,HC,Patriot,fcs,1,-40.0,-40.0,-40.0,-40.0,-40.0,0.0,0.0,0,,,,,,,,1,55.0,55.0,55.0,55.0,55.0,0.0,0.0,0,,,,,,,,True,,,,,False,False
401117213,2019,regular,5,2019-09-28 16:00:00+00:00,True,False,False,24889,3739,Glass Bowl,2649,Toledo,252,BYU,28,21,TOL,Mid-American,fbs,BYU,FBS Independents,fbs,4,2.25,2.125,2.25,1.5,2.5,1.0,0.47871355387816905,0,,,,,,,,4,63.25,63.125,63.25,62.5,63.5,1.0,0.47871355387816905,0,,,,,,,,True,,,,,False,False
401119271,2019,regular,5,2019-09-28 16:00:00+00:00,True,False,True,20476,3980,Waldo Stadium,2711,Western Michigan,2117,Central Michigan,31,15,WMU,Mid-American,fbs,CMU,Mid-American,fbs,4,-16.5,-16.125,-16.5,-16.5,-15.0,1.5,0.75,0,,,,,,,,4,61.25,61.25,61.25,60.5,62.0,1.5,0.6454972243679028,0,,,,,,,,True,,,,,False,False
401110811,2019,regular,5,2019-09-28 16:00:00+00:00,True,False,False,24519,3973,FirstBank Stadium,238,Vanderbilt,2459,Northern Illinois,24,18,VAN,SEC,fbs,NIU,Mid-American,fbs,4,-7.25,-7.25,-7.25,-7.5,-7.0,0.5,0.28867513459481287,0,,,,,,,,4,51.5,51.625,51.5,51.5,52.0,0.5,0.25,0,,,,,,,,True,,,,,False,False
401112470,2019,regular,5,2019-09-28 16:30:00+00:00,True,False,False,44141,3752,Acrisure Stadium,221,Pittsburgh,48,Delaware,17,14,PITT,ACC,fbs,DEL,CAA,fcs,1,-28.5,-28.5,-28.5,-28.5,-28.5,0.0,0.0,0,,,,,,,,1,50.5,50.5,50.5,50.5,50.5,0.0,0.0,0,,,,,,,,True,,,,,False,False
401114356,2019,regular,5,2019-09-28 19:30:00+00:00,True,False,False,7284,3985,Warren McGuirk Alumni Stadium,113,Massachusetts,2006,Akron,37,29,MASS,FBS Independents,fbs,AKR,Mid-American,fbs,4,8.75,8.625,8.75,7.5,9.5,2.0,0.8539125638299665,0,,,,,,,,4,60.5,60.5,60.5,60.5,60.5,0.0,0.0,0,,,,,,,,True,,,,,False,False
401112076,2019,regular,5,2019-09-28 19:30:00+00:00,True,False,True,42359,4727,McLane Stadium,239,Baylor,66,Iowa State,23,21,BAY,Big 12,fbs,ISU,Big 12,fbs,4,2.5,2.5,2.5,2.5,2.5,0.0,0.0,0,,,,,,,,4,55.5,55.375,55.5,55.0,55.5,0.5,0.25,0,,,,,,,,True,,,,,False,False
401121943,2019,regular,5,2019-09-28 19:30:00+00:00,True,False,True,25055,3792,Kidd Brewer Stadium,2026,App State,324,Coastal Carolina,56,37,APP,Sun Belt,fbs,CCU,Sun Belt,fbs,4,-15.75,-15.5,-15.75,-16.0,-14.5,1.5,0.7071067811865476,0,,,,,,,,4,58.0,58.125,58.0,57.5,59.0,1.5,0.6291528696058958,0,,,,,,,,True,,,,,False,False
401112232,2019,regular,5,2019-09-28 19:30:00+00:00,True,False,True,50629,3907,Ross-Ade Stadium,2509,Purdue,135,Minnesota,31,38,PUR,Big Ten,fbs,MINN,Big Ten,fbs,4,-1.0,-0.75,-1.0,-2.0,1.0,3.0,1.2583057392117916,0,,,,,,,,4,56.0,56.25,56.0,56.0,57.0,1.0,0.5,0,,,,,,,,True,,,,,False,False
401112469,2019,regular,5,2019-09-28 19:30:00+00:00,True,False,False,31094,3806,Lincoln Financial Field,218,Temple,59,Georgia Tech,24,2,TEM,American Athletic,fbs,GT,ACC,fbs,4,-9.5,-9.375,-9.5,-9.5,-9.0,0.5,0.25,0,,,,,,,,4,47.5,47.625,47.5,47.5,48.0,0.5,0.25,0,,,,,,,,True,,,,,False,False
401110806,2019,regular,5,2019-09-28 19:30:00+00:00,True,False,True,99590,3657,Bryant-Denny Stadium,333,Alabama,145,Ole Miss,59,31,ALA,SEC,fbs,MISS,SEC,fbs,4,-37.5,-37.625,-37.5,-38.0,-37.5,0.5,0.25,0,,,,,,,,4,62.75,62.875,62.75,62.0,64.0,2.0,0.8539125638299665,0,,,,,,,,True,2,,AP,,True,False
401112467,2019,regular,5,2019-09-28 19:30:00+00:00,True,False,True,50500,3787,Kenan Stadium,153,North Carolina,228,Clemson,20,21,UNC,ACC,fbs,CLEM,ACC,fbs,4,27.5,27.5,27.5,27.5,27.5,0.0,0.0,0,,,,,,,,4,60.75,60.625,60.75,60.0,61.0,1.0,0.47871355387816905,0,,,,,,,,True,,1,,AP,False,True
401114267,2019,regular,5,2019-09-28 19:30:00+00:00,True,False,True,12334,4418,Jerry Richardson Stadium,2429,Charlotte,2226,Florida Atlantic,27,45,CLT,Conference USA,fbs,FAU,Conference USA,fbs,3,1.0,1.5,1.0,1.0,2.5,1.5,0.8660254037844386,0,,,,,,,,4,63.75,63.875,63.75,63.0,65.0,2.0,0.8539125638299665,0,,,,,,,,True,,,,,False,False
401114221,2019,regular,5,2019-09-28 19:30:00+00:00,True,False,True,66975,3765,Husky Stadium,264,Washington,30,USC,28,14,WASH,Pac-12,fbs,USC,Pac-12,fbs,4,-11.5,-11.625,-11.5,-12.5,-11.0,1.5,0.75,0,,,,,,,,4,60.5,60.375,60.5,60.0,60.5,0.5,0.25,0,,,,,,,,True,17,21,AP,AP,True,True
401112161,2019,regular,5,2019-09-28 19:30:00+00:00,True,False,True,71048,3936,Spartan Stadium,127,Michigan State,84,Indiana,40,31,MSU,Big Ten,fbs,IU,Big Ten,fbs,4,-14.0,-14.0,-14.0,-14.0,-14.0,0.0,0.0,0,,,,,,,,4,43.5,43.625,43.5,43.0,44.5,1.5,0.6291528696058958,0,,,,,,,,True,25,,AP,,True,False
401112466,2019,regular,5,2019-09-28 19:30:00+00:00,True,False,True,39352,3615,"Alumni Stadium (Chestnut Hill, MA)",103,Boston College,154,Wake Forest,24,27,BC,ACC,fbs,WAKE,ACC,fbs,4,4.75,4.75,4.75,4.5,5.0,0.5,0.28867513459481287,0,,,,,,,,4,69.5,69.375,69.5,69.0,69.5,0.5,0.25,0,,,,,,,,True,,24,,Coaches,False,True
401112472,2019,regular,5,2019-09-28 19:30:00+00:00,True,False,False,77622,3855,Notre Dame Stadium,87,Notre Dame,258,Virginia,35,20,ND,FBS Independents,fbs,UVA,ACC,fbs,4,-10.5,-10.5,-10.5,-10.5,-10.5,0.0,0.0,0,,,,,,,,4,46.5,46.5,46.5,46.5,46.5,0.0,0.0,0,,,,,,,,True,10,18,AP,AP,True,True
401117873,2019,regular,5,2019-09-28 20:00:00+00:00,True,False,True,28850,3886,Raymond James Stadium,58,South Florida,2567,SMU,21,48,USF,American Athletic,fbs,SMU,American Athletic,fbs,4,7.5,7.375,7.5,7.0,7.5,0.5,0.25,0,,,,,,,,4,62.0,62.0,62.0,62.0,62.0,0.0,0.0,0,,,,,,,,True,,,,,False,False
401110809,2019,regular,5,2019-09-28 20:00:00+00:00,True,False,False,79126,3634,Ben Hill Griffin Stadium,57,Florida,119,Towson,38,0,FLA,SEC,fbs,TOW,CAA,fcs,1,-37.0,-37.0,-37.0,-37.0,-37.0,0.0,0.0,0,,,,,,,,1,62.5,62.5,62.5,62.5,62.5,0.0,0.0,0,,,,,,,,True,9,,AP,,True,False
401114269,2019,regular,5,2019-09-28 21:00:00+00:00,True,False,False,32192,3775,Joan C. Edwards Stadium,276,Marshall,2132,Cincinnati,14,52,MRSH,Conference USA,fbs,CIN,American Athletic,fbs,4,4.0,4.0,4.0,4.0,4.0,0.0,0.0,0,,,,,,,,4,47.0,47.125,47.0,47.0,47.5,0.5,0.25,0,,,,,,,,True,,,,,False,False
401121945,2019,regular,5,2019-09-28 22:00:00+00:00,True,False,True,19220,3608,Allen E. Paulson Stadium,290,Georgia Southern,309,Louisiana,24,37,GASO,Sun Belt,fbs,UL,Sun Belt,fbs,4,3.0,3.125,3.0,3.0,3.5,0.5,0.25,0,,,,,,,,4,55.5,55.5,55.5,55.0,56.0,1.0,0.408248290463863,0,,,,,,,,True,,,,,False,False
401114271,2019,regular,5,2019-09-28 22:00:00+00:00,True,False,False,18643,3918,S.B. Ballard Stadium,295,Old Dominion,151,East Carolina,21,24,ODU,Conference USA,fbs,ECU,American Athletic,fbs,4,-3.0,-3.0,-3.0,-3.0,-3.0,0.0,0.0,0,,,,,,,,4,46.75,46.75,46.75,46.5,47.0,0.5,0.28867513459481287,0,,,,,,,,True,,,,,False,False
401121944,2019,regular,5,2019-09-28 22:00:00+00:00,True,False,True,26437,3975,Veterans Memorial Stadium (AL),2653,Troy,2032,Arkansas State,43,50,TROY,Sun Belt,fbs,ARST,Sun Belt,fbs,4,-7.0,-7.0,-7.0,-7.0,-7.0,0.0,0.0,0,,,,,,,,4,59.25,59.25,59.25,59.0,59.5,0.5,0.28867513459481287,0,,,,,,,,True,,,,,False,False
401114350,2019,regular,5,2019-09-28 22:00:00+00:00,True,False,False,17101,3992,Williams Stadium (VA),2335,Liberty,167,New Mexico,17,10,LIB,FBS Independents,fbs,UNM,Mountain West,fbs,4,-7.5,-7.375,-7.5,-7.5,-7.0,0.5,0.25,0,,,,,,,,4,72.0,71.875,72.0,71.5,72.0,0.5,0.25,0,,,,,,,,True,,,,,False,False
401112108,2019,regular,5,2019-09-28 23:00:00+00:00,True,False,True,55509,3646,Boone Pickens Stadium,197,Oklahoma State,2306,Kansas State,26,13,OKST,Big 12,fbs,KSU,Big 12,fbs,4,-4.0,-4.125,-4.0,-4.5,-4.0,0.5,0.25,0,,,,,,,,4,60.0,60.125,60.0,60.0,60.5,0.5,0.25,0,,,,,,,,True,,24,,AP,False,True
401114272,2019,regular,5,2019-09-28 23:00:00+00:00,True,False,True,23337,3815,M. M. Roberts Stadium,2572,Southern Miss,2638,UTEP,31,13,USM,Conference USA,fbs,UTEP,Conference USA,fbs,4,-26.0,-26.0,-26.0,-26.5,-25.5,1.0,0.408248290463863,0,,,,,,,,4,48.75,48.75,48.75,48.5,49.0,0.5,0.28867513459481287,0,,,,,,,,True,,,,,False,False
401117872,2019,regular,5,2019-09-28 23:00:00+00:00,True,False,True,44164,3652,FBC Mortgage Stadium,2116,UCF,41,UConn,56,21,UCF,American Athletic,fbs,CONN,American Athletic,fbs,4,-42.0,-42.0,-42.0,-42.0,-42.0,0.0,0.0,0,,,,,,,,4,65.0,65.0,65.0,65.0,65.0,0.0,0.0,0,,,,,,,,True,22,,AP,,True,False
401114268,2019,regular,5,2019-09-28 23:00:00+00:00,True,False,True,19075,3895,Rice Stadium,242,Rice,2348,Louisiana Tech,20,23,RICE,Conference USA,fbs,LT,Conference USA,fbs,4,9.0,8.875,9.0,8.5,9.0,0.5,0.25,0,,,,,,,,4,49.0,48.875,49.0,48.5,49.0,0.5,0.25,0,,,,,,,,True,,,,,False,False
401121946,2019,regular,5,2019-09-28 23:00:00+00:00,True,False,True,16222,3817,Malone Stadium,2433,UL Monroe,6,South Alabama,30,17,ULM,Sun Belt,fbs,USA,Sun Belt,fbs,4,-14.5,-14.5,-14.5,-14.5,-14.5,0.0,0.0,0,,,,,,,,4,58.75,58.875,58.75,58.5,59.5,1.0,0.47871355387816905,0,,,,,,,,True,,,,,False,False
401121947,2019,regular,5,2019-09-28 23:00:00+00:00,True,False,False,19159,3644,Bobcat Stadium (TX),326,Texas State,2447,Nicholls,24,3,TXST,Sun Belt,fbs,NICH,Southland,fcs,1,-2.5,-2.5,-2.5,-2.5,-2.5,0.0,0.0,0,,,,,,,,1,55.0,55.0,55.0,55.0,55.0,0.0,0.0,0,,,,,,,,True,,,,,False,False
401110808,2019,regular,5,2019-09-28 23:00:00+00:00,True,False,True,87451,3785,Jordan-Hare Stadium,2,Auburn,344,Mississippi State,56,23,AUB,SEC,fbs,MSST,SEC,fbs,4,-7.5,-7.5,-7.5,-7.5,-7.5,0.0,0.0,0,,,,,,,,4,46.75,46.75,46.75,46.5,47.0,0.5,0.28867513459481287,0,,,,,,,,True,7,,AP,,True,False
401114273,2019,regular,5,2019-09-28 23:00:00+00:00,True,False,True,20304,3796,Houchens Industries-L.T. Smith Stadium,98,Western Kentucky,5,UAB,20,13,WKU,Conference USA,fbs,UAB,Conference USA,fbs,4,3.5,3.5,3.5,3.5,3.5,0.0,0.0,0,,,,,,,,4,47.5,47.375,47.5,47.0,47.5,0.5,0.25,0,,,,,,,,True,,,,,False,False
401114202,2019,regular,5,2019-09-28 23:00:00+00:00,True,False,True,32326,3893,Reser Stadium,204,Oregon State,24,Stanford,28,31,ORST,Pac-12,fbs,STAN,Pac-12,fbs,4,3.5,3.375,3.5,3.0,3.5,0.5,0.25,0,,,,,,,,4,56.0,55.875,56.0,55.5,56.0,0.5,0.25,0,,,,,,,,True,,,,,False,False
401117513,2019,regular,5,2019-09-28 23:30:00+00:00,True,False,True,20017,3905,Maverik Stadium,328,Utah State,36,Colorado State,34,24,USU,Mountain West,fbs,CSU,Mountain West,fbs,4,-23.5,-23.5,-23.5,-24.0,-23.0,1.0,0.408248290463863,0,,,,,,,,4,68.75,68.75,68.75,68.5,69.0,0.5,0.28867513459481287,0,,,,,,,,True,,,,,False,False
401112241,2019,regular,5,2019-09-28 23:30:00+00:00,True,False,True,89759,3834,"Memorial Stadium (Lincoln, NE)",158,Nebraska,194,Ohio State,7,48,NEB,Big Ten,fbs,OSU,Big Ten,fbs,4,17.0,17.0,17.0,17.0,17.0,0.0,0.0,0,,,,,,,,4,65.75,65.75,65.75,65.5,66.0,0.5,0.28867513459481287,0,,,,,,,,True,,5,,AP,False,True
401112468,2019,regular,5,2019-09-28 23:30:00+00:00,True,False,True,60351,3697,Doak Campbell Stadium,52,Florida State,152,NC State,31,13,FSU,ACC,fbs,NCSU,ACC,fbs,4,-7.0,-7.0,-7.0,-7.0,-7.0,0.0,0.0,0,,,,,,,,4,62.5,62.375,62.5,62.0,62.5,0.5,0.25,0,,,,,,,,True,,,,,False,False
401110810,2019,regular,5,2019-09-28 23:30:00+00:00,True,False,True,80828,3994,Williams-Brice Stadium,2579,South Carolina,96,Kentucky,24,7,SC,SEC,fbs,UK,SEC,fbs,4,-3.5,-3.375,-3.5,-3.5,-3.0,0.5,0.25,0,,,,,,,,4,55.0,54.875,55.0,54.0,55.5,1.5,0.6291528696058958,0,,,,,,,,True,,,,,False,False
401114270,2019,regular,5,2019-09-29 00:00:00+00:00,True,False,False,30123,3825,DATCU Stadium,249,North Texas,248,Houston,25,46,UNT,Conference USA,fbs,HOU,American Athletic,fbs,4,-7.75,-7.75,-7.75,-8.0,-7.5,0.5,0.28867513459481287,0,,,,,,,,4,59.25,59.125,59.25,58.5,59.5,1.0,0.47871355387816905,0,,,,,,,,True,,,,,False,False
401117514,2019,regular,5,2019-09-29 00:00:00+00:00,True,False,True,23029,3984,War Memorial Stadium,2751,Wyoming,2439,UNLV,53,17,WYO,Mountain West,fbs,UNLV,Mountain West,fbs,4,-8.25,-8.375,-8.25,-9.0,-8.0,1.0,0.47871355387816905,0,,,,,,,,4,44.75,44.75,44.75,44.5,45.0,0.5,0.28867513459481287,0,,,,,,,,True,,,,,False,False
401114341,2019,regular,5,2019-09-29 00:00:00+00:00,True,False,False,8872,3601,Aggie Memorial Stadium,166,New Mexico State,278,Fresno State,17,30,NMSU,FBS Independents,fbs,FRES,Mountain West,fbs,4,20.75,20.625,20.75,20.0,21.0,1.0,0.47871355387816905,0,,,,,,,,4,63.0,63.0,63.0,62.5,63.5,1.0,0.408248290463863,0,,,,,,,,True,,,,,False,False
401114226,2019,regular,5,2019-09-29 02:00:00+00:00,True,False,True,46115,587,Rice-Eccles Stadium,254,Utah,265,Washington State,38,13,UTAH,Pac-12,fbs,WSU,Pac-12,fbs,4,-5.5,-5.375,-5.5,-5.5,-5.0,0.5,0.25,0,,,,,,,,4,56.75,56.75,56.75,56.5,57.0,0.5,0.28867513459481287,0,,,,,,,,True,19,,AP,,True,False
401114166,2019,regular,5,2019-09-29 02:30:00+00:00,True,False,True,38283,3619,Arizona Stadium,12,Arizona,26,UCLA,20,17,ARIZ,Pac-12,fbs,UCLA,Pac-12,fbs,4,-5.0,-5.0,-5.0,-6.5,-3.5,3.0,1.7320508075688772,0,,,,,,,,4,70.5,70.5,70.5,68.5,72.5,4.0,2.041241452319315,0,,,,,,,,True,,,,,False,False
401117515,2019,regular,5,2019-09-29 02:30:00+00:00,True,False,True,15137,3816,Mackay Stadium,2440,Nevada,62,Hawai'i,3,54,NEV,Mountain West,fbs,HAW,Mountain West,fbs,4,-2.0,-2.125,-2.0,-2.5,-2.0,0.5,0.25,0,,,,,,,,4,63.75,63.625,63.75,63.0,64.0,1.0,0.47871355387816905,0,,,,,,,,True,,,,,False,False
401121948,2019,regular,6,2019-10-03 23:30:00+00:00,True,False,True,20013,3797,Ladd Peebles Stadium,6,South Alabama,290,Georgia Southern,17,20,USA,Sun Belt,fbs,GASO,Sun Belt,fbs,4,10.0,9.875,10.0,9.5,10.0,0.5,0.25,0,,,,,,,,4,45.0,45.0,45.0,45.0,45.0,0.0,0.0,0,,,,,,,,True,,,,,False,False
401117874,2019,regular,6,2019-10-04 00:00:00+00:00,True,False,True,33253,3699,Dowdy-Ficklen Stadium,151,East Carolina,218,Temple,17,27,ECU,American Athletic,fbs,TEM,American Athletic,fbs,4,11.75,11.75,11.75,11.0,12.5,1.5,0.6454972243679028,0,,,,,,,,4,46.5,46.5,46.5,46.0,47.0,1.0,0.408248290463863,0,,,,,,,,True,,,,,False,False
401117875,2019,regular,6,2019-10-05 00:00:00+00:00,True,False,True,40121,3854,Nippert Stadium,2132,Cincinnati,2116,UCF,27,24,CIN,American Athletic,fbs,UCF,American Athletic,fbs,4,3.5,3.5,3.5,3.5,3.5,0.0,0.0,0,,,,,,,,4,63.5,63.5,63.5,63.0,64.0,1.0,0.408248290463863,0,,,,,,,,True,,18,,AP,False,True
401117519,2019,regular,6,2019-10-05 02:00:00+00:00,True,False,True,16119,3935,CEFCU Stadium,23,San José State,167,New Mexico,32,21,SJSU,Mountain West,fbs,UNM,Mountain West,fbs,4,-6.75,-6.75,-6.75,-7.0,-6.5,0.5,0.28867513459481287,0,,,,,,,,4,70.0,69.75,70.0,69.0,70.0,1.0,0.5,0,,,,,,,,True,,,,,False,False
401112260,2019,regular,6,2019-10-05 16:00:00+00:00,True,False,True,106536,3632,Beaver Stadium,213,Penn State,2509,Purdue,35,7,PSU,Big Ten,fbs,PUR,Big Ten,fbs,4,-28.5,-28.625,-28.5,-29.0,-28.5,0.5,0.25,0,,,,,,,,4,55.5,55.5,55.5,55.5,55.5,0.0,0.0,0,,,,,,,,True,12,,AP,,True,False
401112126,2019,regular,6,2019-10-05 16:00:00+00:00,True,False,True,56479,3784,Jones AT&T Stadium,2641,Texas Tech,197,Oklahoma State,45,35,TTU,Big 12,fbs,OKST,Big 12,fbs,4,9.5,9.375,9.5,9.0,9.5,0.5,0.25,0,,,,,,,,4,63.0,62.875,63.0,62.5,63.0,0.5,0.25,0,,,,,,,,True,,21,,AP,False,True
401112194,2019,regular,6,2019-10-05 16:00:00+00:00,True,False,True,111519,3558,Michigan Stadium,130,Michigan,2294,Iowa,10,3,MICH,Big Ten,fbs,IOWA,Big Ten,fbs,4,-4.0,-4.125,-4.0,-4.5,-4.0,0.5,0.25,0,,,,,,,,4,48.5,48.5,48.5,48.0,49.0,1.0,0.408248290463863,0,,,,,,,,True,19,14,AP,AP,True,True
401112101,2019,regular,6,2019-10-05 16:00:00+00:00,True,False,True,34402,3833,Memorial Stadium,2305,Kansas,201,Oklahoma,20,45,KU,Big 12,fbs,OU,Big 12,fbs,4,32.25,32.25,32.25,32.0,32.5,0.5,0.28867513459481287,0,,,,,,,,4,67.25,67.25,67.25,67.0,67.5,0.5,0.28867513459481287,0,,,,,,,,True,,6,,AP,False,True
401117876,2019,regular,6,2019-10-05 16:00:00+00:00,True,False,True,18038,3892,Pratt & Whitney Stadium,41,UConn,58,South Florida,22,48,CONN,American Athletic,fbs,USF,American Athletic,fbs,4,10.75,10.75,10.75,10.5,11.0,0.5,0.28867513459481287,0,,,,,,,,4,48.25,48.25,48.25,48.0,48.5,0.5,0.28867513459481287,0,,,,,,,,True,,,,,False,False
401110813,2019,regular,6,2019-10-05 16:00:00+00:00,True,False,False,100266,3958,Tiger Stadium (LA),99,LSU,328,Utah State,42,6,LSU,SEC,fbs,USU,Mountain West,fbs,4,-27.25,-27.25,-27.25,-27.5,-27.0,0.5,0.28867513459481287,0,,,,,,,,4,73.5,73.375,73.5,72.5,74.0,1.5,0.6291528696058958,0,,,,,,,,True,5,,AP,,True,False
401112205,2019,regular,6,2019-10-05 16:00:00+00:00,True,False,True,30185,3754,High Point Solutions Stadium,164,Rutgers,120,Maryland,7,48,RUTG,Big Ten,fbs,MD,Big Ten,fbs,2,14.0,14.0,14.0,14.0,14.0,0.0,0.0,0,,,,,,,,2,55.5,55.5,55.5,55.5,55.5,0.0,0.0,0,,,,,,,,True,,,,,False,False
401112269,2019,regular,6,2019-10-05 16:00:00+00:00,True,False,False,74559,347,Camp Randall Stadium,275,Wisconsin,2309,Kent State,48,0,WIS,Big Ten,fbs,KENT,Mid-American,fbs,4,-35.0,-34.875,-35.0,-35.0,-34.5,0.5,0.25,0,,,,,,,,4,58.25,58.25,58.25,58.0,58.5,0.5,0.28867513459481287,0,,,,,,,,True,8,,AP,,True,False
401114328,2019,regular,6,2019-10-05 16:00:00+00:00,True,False,False,38019,3841,Michie Stadium,349,Army,2655,Tulane,33,42,ARMY,FBS Independents,fbs,TULN,American Athletic,fbs,4,2.0,2.125,2.0,2.0,2.5,0.5,0.25,0,,,,,,,,4,43.0,43.0,43.0,42.5,43.5,1.0,0.408248290463863,0,,,,,,,,True,,,,,False,False
401112473,2019,regular,6,2019-10-05 16:30:00+00:00,True,False,True,46007,3873,L&N Federal Credit Union Stadium,97,Louisville,103,Boston College,41,39,LOU,ACC,fbs,BC,ACC,fbs,4,-4.0,-3.875,-4.0,-4.0,-3.5,0.5,0.25,0,,,,,,,,4,61.0,60.75,61.0,60.0,61.0,1.0,0.5,0,,,,,,,,True,,,,,False,False
401112088,2019,regular,6,2019-10-05 18:00:00+00:00,True,False,True,59553,3772,Jack Trice Stadium,66,Iowa State,2628,TCU,49,24,ISU,Big 12,fbs,TCU,Big 12,fbs,4,-3.0,-3.0,-3.0,-3.0,-3.0,0.0,0.0,0,,,,,,,,4,45.0,45.125,45.0,45.0,45.5,0.5,0.25,0,,,,,,,,True,,,,,False,False
401119273,2019,regular,6,2019-10-05 19:00:00+00:00,True,False,True,15235,3786,Kelly/Shorts Stadium,2117,Central Michigan,2199,Eastern Michigan,42,16,CMU,Mid-American,fbs,EMU,Mid-American,fbs,4,4.0,4.0,4.0,4.0,4.0,0.0,0.0,0,,,,,,,,4,54.0,53.875,54.0,53.5,54.0,0.5,0.25,0,,,,,,,,True,,,,,False,False
401112137,2019,regular,6,2019-10-05 19:30:00+00:00,True,False,True,62069,3842,Milan Puskar Stadium,277,West Virginia,251,Texas,31,42,WVU,Big 12,fbs,TEX,Big 12,fbs,4,10.5,10.5,10.5,10.5,10.5,0.0,0.0,0,,,,,,,,4,62.0,62.0,62.0,62.0,62.0,0.0,0.0,0,,,,,,,,True,,11,,AP,False,True
401112476,2019,regular,6,2019-10-05 19:30:00+00:00,True,False,True,53183,3948,Hard Rock Stadium,2390,Miami,259,Virginia Tech,35,42,MIA,ACC,fbs,VT,ACC,fbs,4,-14.0,-14.0,-14.0,-14.0,-14.0,0.0,0.0,0,,,,,,,,4,46.0,46.0,46.0,45.5,46.5,1.0,0.408248290463863,0,,,,,,,,True,,,,,False,False
401114275,2019,regular,6,2019-10-05 19:30:00+00:00,True,False,True,15023,3725,"Johnny ""Red"" Floyd Stadium",2393,Middle Tennessee,276,Marshall,24,13,MTSU,Conference USA,fbs,MRSH,Conference USA,fbs,4,4.25,4.375,4.25,4.0,5.0,1.0,0.47871355387816905,0,,,,,,,,4,54.0,54.0,54.0,53.5,54.5,1.0,0.5773502691896257,0,,,,,,,,True,,,,,False,False
401121949,2019,regular,6,2019-10-05 19:30:00+00:00,True,False,True,16109,4246,Center Parc Stadium,2247,Georgia State,2032,Arkansas State,52,38,GAST,Sun Belt,fbs,ARST,Sun Belt,fbs,4,6.5,6.5,6.5,6.5,6.5,0.0,0.0,0,,,,,,,,4,69.5,69.375,69.5,69.0,69.5,0.5,0.25,0,,,,,,,,True,,,,,False,False
401119274,2019,regular,6,2019-10-05 19:30:00+00:00,True,False,True,20042,3965,UB Stadium,2084,Buffalo,195,Ohio,20,21,BUF,Mid-American,fbs,OHIO,Mid-American,fbs,4,3.0,3.125,3.0,3.0,3.5,0.5,0.25,0,,,,,,,,4,51.5,51.875,51.5,51.5,53.0,1.5,0.75,0,,,,,,,,True,,,,,False,False
401112149,2019,regular,6,2019-10-05 19:30:00+00:00,True,False,True,39341,3953,Huntington Bank Stadium,135,Minnesota,356,Illinois,40,17,MINN,Big Ten,fbs,ILL,Big Ten,fbs,4,-14.0,-14.0,-14.0,-14.0,-14.0,0.0,0.0,0,,,,,,,,4,57.75,57.75,57.75,57.5,58.0,0.5,0.28867513459481287,0,,,,,,,,True,,,,,False,False
401119272,2019,regular,6,2019-10-05 19:30:00+00:00,True,False,True,10365,3764,Huskie Stadium,2459,Northern Illinois,2050,Ball State,20,27,NIU,Mid-American,fbs,BALL,Mid-American,fbs,4,-3.5,-3.625,-3.5,-4.0,-3.5,0.5,0.25,0,,,,,,,,4,54.5,54.625,54.5,54.5,55.0,0.5,0.25,0,,,,,,,,True,,,,,False,False
401117516,2019,regular,6,2019-10-05 19:30:00+00:00,True,False,False,37957,3852,Navy-Marine Corps Memorial Stadium,2426,Navy,2005,Air Force,34,25,NAVY,American Athletic,fbs,AF,Mountain West,fbs,4,3.0,3.0,3.0,3.0,3.0,0.0,0.0,0,,,,,,,,4,46.5,46.5,46.5,46.0,47.0,1.0,0.408248290463863,0,,,,,,,,True,,,,,False,False
401119275,2019,regular,6,2019-10-05 19:30:00+00:00,True,False,True,22141,3739,Glass Bowl,2649,Toledo,2711,Western Michigan,31,24,TOL,Mid-American,fbs,WMU,Mid-American,fbs,4,-1.5,-1.5,-1.5,-1.5,-1.5,0.0,0.0,0,,,,,,,,4,73.5,73.625,73.5,73.5,74.0,0.5,0.25,0,,,,,,,,True,,,,,False,False
401110812,2019,regular,6,2019-10-05 19:30:00+00:00,True,False,True,90584,3634,Ben Hill Griffin Stadium,57,Florida,2,Auburn,24,13,FLA,SEC,fbs,AUB,SEC,fbs,4,2.5,2.625,2.5,2.5,3.0,0.5,0.25,0,,,,,,,,4,48.25,48.25,48.25,48.0,48.5,0.5,0.28867513459481287,0,,,,,,,,True,10,7,AP,AP,True,True
401114337,2019,regular,6,2019-10-05 19:30:00+00:00,True,False,False,77622,3855,Notre Dame Stadium,87,Notre Dame,189,Bowling Green,52,0,ND,FBS Independents,fbs,BGSU,Mid-American,fbs,4,-45.5,-45.375,-45.5,-45.5,-45.0,0.5,0.25,0,,,,,,,,4,64.5,64.25,64.5,63.5,64.5,1.0,0.5,0,,,,,,,,True,9,,AP,,True,False
401112077,2019,regular,6,2019-10-05 19:30:00+00:00,True,False,True,50448,3636,Bill Snyder Family Stadium,2306,Kansas State,239,Baylor,12,31,KSU,Big 12,fbs,BAY,Big 12,fbs,2,-0.25,-0.25,-0.25,-1.5,1.0,2.5,1.7677669529663689,0,,,,,,,,4,48.5,48.5,48.5,48.5,48.5,0.0,0.0,0,,,,,,,,True,,,,,False,False
401117877,2019,regular,6,2019-10-05 19:45:00+00:00,True,False,False,17143,3817,Malone Stadium,2433,UL Monroe,235,Memphis,33,52,ULM,Sun Belt,fbs,MEM,American Athletic,fbs,4,15.5,15.375,15.5,14.5,16.0,1.5,0.6291528696058958,0,,,,,,,,4,63.5,63.75,63.5,63.5,64.5,1.0,0.5,0,,,,,,,,True,,23,,Coaches,False,True
401112475,2019,regular,6,2019-10-05 20:00:00+00:00,True,False,True,45044,721,Bobby Dodd Stadium,59,Georgia Tech,153,North Carolina,22,38,GT,ACC,fbs,UNC,ACC,fbs,4,10.0,9.875,10.0,9.5,10.0,0.5,0.25,0,,,,,,,,4,47.0,47.0,47.0,47.0,47.0,0.0,0.0,0,,,,,,,,True,,,,,False,False
401110815,2019,regular,6,2019-10-05 20:00:00+00:00,True,False,False,50023,3838,Memorial Stadium,142,Missouri,2653,Troy,42,10,MIZ,SEC,fbs,TROY,Sun Belt,fbs,4,-24.75,-24.875,-24.75,-25.5,-24.5,1.0,0.47871355387816905,0,,,,,,,,4,65.25,65.25,65.25,65.0,65.5,0.5,0.28867513459481287,0,,,,,,,,True,,,,,False,False
401112242,2019,regular,6,2019-10-05 20:00:00+00:00,True,False,True,89384,3834,"Memorial Stadium (Lincoln, NE)",158,Nebraska,77,Northwestern,13,10,NEB,Big Ten,fbs,NU,Big Ten,fbs,4,-7.5,-7.5,-7.5,-7.5,-7.5,0.0,0.0,0,,,,,,,,4,48.5,48.375,48.5,48.0,48.5,0.5,0.25,0,,,,,,,,True,,,,,False,False
401114167,2019,regular,6,2019-10-05 20:30:00+00:00,True,False,True,52569,3726,Folsom Field,38,Colorado,12,Arizona,30,35,COLO,Pac-12,fbs,ARIZ,Pac-12,fbs,4,-2.5,-2.375,-2.5,-2.5,-2.0,0.5,0.25,0,,,,,,,,4,63.25,63.25,63.25,63.0,63.5,0.5,0.28867513459481287,0,,,,,,,,True,,,,,False,False
401114276,2019,regular,6,2019-10-05 22:00:00+00:00,True,False,True,18405,3918,S.B. Ballard Stadium,295,Old Dominion,98,Western Kentucky,3,20,ODU,Conference USA,fbs,WKU,Conference USA,fbs,4,2.5,2.625,2.5,2.5,3.0,0.5,0.25,0,,,,,,,,4,42.5,42.625,42.5,42.0,43.5,1.5,0.6291528696058958,0,,,,,,,,True,,,,,False,False
401114274,2019,regular,6,2019-10-05 23:00:00+00:00,True,False,False,12746,218,FIU Stadium,2229,Florida International,113,Massachusetts,44,0,FIU,Conference USA,fbs,MASS,FBS Independents,fbs,4,-27.75,-27.75,-27.75,-28.0,-27.5,0.5,0.28867513459481287,0,,,,,,,,4,69.75,69.875,69.75,69.5,70.5,1.0,0.47871355387816905,0,,,,,,,,True,,,,,False,False
401114277,2019,regular,6,2019-10-05 23:00:00+00:00,True,False,True,23526,3803,Legion Field,5,UAB,242,Rice,35,20,UAB,Conference USA,fbs,RICE,Conference USA,fbs,4,-10.0,-9.875,-10.0,-10.0,-9.5,0.5,0.25,0,,,,,,,,4,43.5,43.375,43.5,43.0,43.5,0.5,0.25,0,,,,,,,,True,,,,,False,False
401110816,2019,regular,6,2019-10-05 23:00:00+00:00,True,False,True,92709,3853,Neyland Stadium,2633,Tennessee,61,Georgia,14,43,TENN,SEC,fbs,UGA,SEC,fbs,4,24.5,24.375,24.5,24.0,24.5,0.5,0.25,0,,,,,,,,4,51.0,51.0,51.0,50.5,51.5,1.0,0.408248290463863,0,,,,,,,,True,,3,,AP,False,True
401110814,2019,regular,6,2019-10-05 23:30:00+00:00,True,False,True,47601,3974,Vaught-Hemingway Stadium,145,Ole Miss,238,Vanderbilt,31,6,MISS,SEC,fbs,VAN,SEC,fbs,4,-7.0,-6.875,-7.0,-7.0,-6.5,0.5,0.25,0,,,,,,,,4,64.0,64.0,64.0,63.5,64.5,1.0,0.408248290463863,0,,,,,,,,True,,,,,False,False
401112216,2019,regular,6,2019-10-05 23:30:00+00:00,True,False,True,104797,3861,Ohio Stadium,194,Ohio State,127,Michigan State,34,10,OSU,Big Ten,fbs,MSU,Big Ten,fbs,4,-19.75,-19.625,-19.75,-20.0,-19.0,1.0,0.47871355387816905,0,,,,,,,,4,51.0,50.875,51.0,50.5,51.0,0.5,0.25,0,,,,,,,,True,4,25,AP,AP,True,True
401117878,2019,regular,6,2019-10-05 23:30:00+00:00,True,False,True,28142,3735,Gerald J. Ford Stadium,2567,SMU,202,Tulsa,43,37,SMU,American Athletic,fbs,TLSA,American Athletic,fbs,4,-12.0,-12.0,-12.0,-12.0,-12.0,0.0,0.0,0,,,,,,,,4,63.5,63.625,63.5,63.5,64.0,0.5,0.25,0,,,,,,,,True,24,,AP,,True,False
401114177,2019,regular,6,2019-10-06 00:00:00+00:00,True,False,True,54766,3626,Autzen Stadium,2483,Oregon,25,California,17,7,ORE,Pac-12,fbs,CAL,Pac-12,fbs,4,-21.5,-21.5,-21.5,-21.5,-21.5,0.0,0.0,0,,,,,,,,4,46.5,46.625,46.5,46.5,47.0,0.5,0.25,0,,,,,,,,True,13,,AP,,True,False
401114342,2019,regular,6,2019-10-06 00:00:00+00:00,True,False,False,23140,3601,Aggie Memorial Stadium,166,New Mexico State,2335,Liberty,13,20,NMSU,FBS Independents,fbs,LIB,FBS Independents,fbs,4,4.25,4.25,4.25,4.0,4.5,0.5,0.28867513459481287,0,,,,,,,,4,62.75,62.75,62.75,62.5,63.0,0.5,0.28867513459481287,0,,,,,,,,True,,,,,False,False
401112474,2019,regular,6,2019-10-06 00:00:00+00:00,True,False,True,22610,3982,Wallace Wade Stadium,150,Duke,221,Pittsburgh,30,33,DUKE,ACC,fbs,PITT,ACC,fbs,4,-3.5,-3.5,-3.5,-3.5,-3.5,0.0,0.0,0,,,,,,,,4,47.5,47.625,47.5,47.0,48.5,1.5,0.6291528696058958,0,,,,,,,,True,,,,,False,False
401114278,2019,regular,6,2019-10-06 00:00:00+00:00,True,False,True,13876,3946,Sun Bowl,2638,UTEP,2636,UTSA,16,26,UTEP,Conference USA,fbs,UTSA,Conference USA,fbs,4,-1.5,-1.625,-1.5,-2.0,-1.5,0.5,0.25,0,,,,,,,,4,45.75,45.875,45.75,45.0,47.0,2.0,1.0307764064044151,0,,,,,,,,True,,,,,False,False
401114203,2019,regular,6,2019-10-06 01:00:00+00:00,True,False,True,48532,1056,Rose Bowl,26,UCLA,204,Oregon State,31,48,UCLA,Pac-12,fbs,ORST,Pac-12,fbs,4,-4.5,-4.5,-4.5,-4.5,-4.5,0.0,0.0,0,,,,,,,,4,64.0,64.0,64.0,63.5,64.5,1.0,0.408248290463863,0,,,,,,,,True,,,,,False,False
401117518,2019,regular,6,2019-10-06 02:00:00+00:00,True,False,True,29767,5388,Canvas Stadium,36,Colorado State,21,San Diego State,10,24,CSU,Mountain West,fbs,SDSU,Mountain West,fbs,4,7.0,7.0,7.0,6.5,7.5,1.0,0.5773502691896257,0,,,,,,,,4,48.5,48.5,48.5,48.0,49.0,1.0,0.5773502691896257,0,,,,,,,,True,,,,,False,False
401117517,2019,regular,6,2019-10-06 02:30:00+00:00,True,False,True,24681,3914,Sam Boyd Stadium,2439,UNLV,68,Boise State,13,38,UNLV,Mountain West,fbs,BOIS,Mountain West,fbs,4,24.0,24.0,24.0,23.5,24.5,1.0,0.408248290463863,0,,,,,,,,4,57.5,57.5,57.5,57.0,58.0,1.0,0.408248290463863,0,,,,,,,,True,,16,,AP,False,True
401114209,2019,regular,6,2019-10-06 02:30:00+00:00,True,False,True,33225,3940,Stanford Stadium,24,Stanford,264,Washington,23,13,STAN,Pac-12,fbs,WASH,Pac-12,fbs,4,13.25,13.25,13.25,12.5,14.0,1.5,0.6454972243679028,0,,,,,,,,4,51.5,51.625,51.5,51.5,52.0,0.5,0.25,0,,,,,,,,True,,15,,AP,False,True
401121950,2019,regular,7,2019-10-10 00:00:00+00:00,True,False,True,21012,3666,Cajun Field,309,Louisiana,2026,App State,7,17,UL,Sun Belt,fbs,APP,Sun Belt,fbs,4,-2.5,-2.625,-2.5,-3.0,-2.5,0.5,0.25,0,,,,,,,,4,70.0,69.875,70.0,69.5,70.0,0.5,0.25,0,,,,,,,,True,,,,,False,False
401112477,2019,regular,7,2019-10-11 00:00:00+00:00,True,False,True,55860,3670,Carter-Finley Stadium,152,NC State,183,Syracuse,16,10,NCSU,ACC,fbs,SYR,ACC,fbs,4,-4.25,-4.25,-4.25,-4.5,-4.0,0.5,0.28867513459481287,0,,,,,,,,4,56.0,56.0,56.0,55.5,56.5,1.0,0.408248290463863,0,,,,,,,,True,,,,,False,False
401121951,2019,regular,7,2019-10-11 01:15:00+00:00,True,False,True,16783,3644,Bobcat Stadium (TX),326,Texas State,2433,UL Monroe,14,24,TXST,Sun Belt,fbs,ULM,Sun Belt,fbs,4,3.5,3.5,3.5,3.5,3.5,0.0,0.0,0,,,,,,,,4,60.75,60.75,60.75,60.5,61.0,0.5,0.28867513459481287,0,,,,,,,,True,,,,,False,False
401112478,2019,regular,7,2019-10-12 00:00:00+00:00,True,False,True,54538,3948,Hard Rock Stadium,2390,Miami,258,Virginia,17,9,MIA,ACC,fbs,UVA,ACC,fbs,4,-2.5,-2.5,-2.5,-2.5,-2.5,0.0,0.0,0,,,,,,,,4,44.25,44.25,44.25,44.0,44.5,0.5,0.28867513459481287,0,,,,,,,,True,,20,,AP,False,True
401117522,2019,regular,7,2019-10-12 00:00:00+00:00,True,False,True,15393,3971,University Stadium (NM),167,New Mexico,36,Colorado State,21,35,UNM,Mountain West,fbs,CSU,Mountain West,fbs,4,4.5,4.5,4.5,4.0,5.0,1.0,0.5773502691896257,0,,,,,,,,4,65.75,65.875,65.75,65.5,66.5,1.0,0.47871355387816905,0,,,,,,,,True,,,,,False,False
401114186,2019,regular,7,2019-10-12 02:00:00+00:00,True,False,True,50529,3626,Autzen Stadium,2483,Oregon,38,Colorado,45,3,ORE,Pac-12,fbs,COLO,Pac-12,fbs,4,-22.75,-22.75,-22.75,-23.0,-22.5,0.5,0.28867513459481287,0,,,,,,,,4,61.75,61.75,61.75,61.0,62.5,1.5,0.6454972243679028,0,,,,,,,,True,13,,AP,,True,False
401112162,2019,regular,7,2019-10-12 16:00:00+00:00,True,False,True,37055,3830,"Memorial Stadium (Bloomington, IN)",84,Indiana,164,Rutgers,35,0,IU,Big Ten,fbs,RUTG,Big Ten,fbs,2,-27.5,-27.5,-27.5,-27.5,-27.5,0.0,0.0,0,,,,,,,,2,50.0,50.0,50.0,50.0,50.0,0.0,0.0,0,,,,,,,,True,,,,,False,False
401112118,2019,regular,7,2019-10-12 16:00:00+00:00,True,True,True,92100,499,Cotton Bowl,251,Texas,201,Oklahoma,27,34,TEX,Big 12,fbs,OU,Big 12,fbs,4,11.0,11.0,11.0,10.5,11.5,1.0,0.408248290463863,0,,,,,,,,4,77.5,77.75,77.5,77.5,78.5,1.0,0.5,0,,,,,,,,True,11,6,AP,AP,True,True
401112150,2019,regular,7,2019-10-12 16:00:00+00:00,True,False,True,37275,3832,"Memorial Stadium (Champaign, IL)",356,Illinois,130,Michigan,25,42,ILL,Big Ten,fbs,MICH,Big Ten,fbs,4,24.25,24.25,24.25,24.0,24.5,0.5,0.28867513459481287,0,,,,,,,,4,49.0,49.125,49.0,49.0,49.5,0.5,0.25,0,,,,,,,,True,,16,,AP,False,True
401110817,2019,regular,7,2019-10-12 16:00:00+00:00,True,False,True,92746,3917,Sanford Stadium,61,Georgia,2579,South Carolina,17,20,UGA,SEC,fbs,SC,SEC,fbs,4,-20.75,-20.75,-20.75,-21.0,-20.5,0.5,0.28867513459481287,0,,,,,,,,4,52.0,52.0,52.0,52.0,52.0,0.0,0.0,0,,,,,,,,True,3,,AP,,True,False
401112206,2019,regular,7,2019-10-12 16:00:00+00:00,True,False,True,52296,3907,Ross-Ade Stadium,2509,Purdue,120,Maryland,40,14,PUR,Big Ten,fbs,MD,Big Ten,fbs,4,4.0,4.125,4.0,4.0,4.5,0.5,0.25,0,,,,,,,,4,52.5,52.5,52.5,52.0,53.0,1.0,0.408248290463863,0,,,,,,,,True,,,,,False,False
401117881,2019,regular,7,2019-10-12 16:00:00+00:00,True,False,True,34253,3806,Lincoln Financial Field,218,Temple,235,Memphis,30,28,TEM,American Athletic,fbs,MEM,American Athletic,fbs,4,4.0,3.875,4.0,3.5,4.0,0.5,0.25,0,,,,,,,,4,50.75,50.75,50.75,50.0,51.5,1.5,0.6454972243679028,0,,,,,,,,True,,23,,AP,False,True
401119280,2019,regular,7,2019-10-12 16:00:00+00:00,True,False,True,19199,3700,Doyt L. Perry Stadium,189,Bowling Green,2649,Toledo,20,7,BGSU,Mid-American,fbs,TOL,Mid-American,fbs,4,27.0,26.875,27.0,26.5,27.0,0.5,0.25,0,,,,,,,,4,65.0,65.0,65.0,65.0,65.0,0.0,0.0,0,,,,,,,,True,,,,,False,False
401119278,2019,regular,7,2019-10-12 16:00:00+00:00,True,False,True,21702,3980,Waldo Stadium,2711,Western Michigan,193,Miami (OH),38,16,WMU,Mid-American,fbs,M-OH,Mid-American,fbs,4,-12.25,-12.25,-12.25,-12.5,-12.0,0.5,0.28867513459481287,0,,,,,,,,4,57.25,57.25,57.25,57.0,57.5,0.5,0.28867513459481287,0,,,,,,,,True,,,,,False,False
401110821,2019,regular,7,2019-10-12 16:00:00+00:00,True,False,True,85462,3853,Neyland Stadium,2633,Tennessee,344,Mississippi State,20,10,TENN,SEC,fbs,MSST,SEC,fbs,4,5.0,5.125,5.0,5.0,5.5,0.5,0.25,0,,,,,,,,4,53.0,52.875,53.0,52.5,53.0,0.5,0.25,0,,,,,,,,True,,,,,False,False
401112480,2019,regular,7,2019-10-12 16:30:00+00:00,True,False,True,21741,3982,Wallace Wade Stadium,150,Duke,59,Georgia Tech,41,23,DUKE,ACC,fbs,GT,ACC,fbs,4,-17.75,-17.75,-17.75,-18.0,-17.5,0.5,0.28867513459481287,0,,,,,,,,4,47.5,47.5,47.5,47.5,47.5,0.0,0.0,0,,,,,,,,True,,,,,False,False
401119276,2019,regular,7,2019-10-12 18:00:00+00:00,True,False,True,17852,3912,Rynearson Stadium,2199,Eastern Michigan,2050,Ball State,23,29,EMU,Mid-American,fbs,BALL,Mid-American,fbs,4,-2.0,-1.875,-2.0,-2.0,-1.5,0.5,0.25,0,,,,,,,,4,57.0,56.875,57.0,56.5,57.0,0.5,0.25,0,,,,,,,,True,,,,,False,False
401114283,2019,regular,7,2019-10-12 18:30:00+00:00,True,False,True,18351,3775,Joan C. Edwards Stadium,276,Marshall,295,Old Dominion,31,17,MRSH,Conference USA,fbs,ODU,Conference USA,fbs,4,-16.5,-16.375,-16.5,-16.5,-16.0,0.5,0.25,0,,,,,,,,4,46.25,46.375,46.25,46.0,47.0,1.0,0.47871355387816905,0,,,,,,,,True,,,,,False,False
401114343,2019,regular,7,2019-10-12 19:00:00+00:00,True,False,False,15764,3786,Kelly/Shorts Stadium,2117,Central Michigan,166,New Mexico State,42,28,CMU,Mid-American,fbs,NMSU,FBS Independents,fbs,4,-10.5,-10.5,-10.5,-11.0,-10.0,1.0,0.408248290463863,0,,,,,,,,4,56.75,56.75,56.75,56.5,57.0,0.5,0.28867513459481287,0,,,,,,,,True,,,,,False,False
401119279,2019,regular,7,2019-10-12 19:30:00+00:00,True,False,True,18019,3876,Peden Stadium,195,Ohio,2459,Northern Illinois,36,39,OHIO,Mid-American,fbs,NIU,Mid-American,fbs,4,-4.75,-4.75,-4.75,-5.0,-4.5,0.5,0.28867513459481287,0,,,,,,,,4,51.25,51.25,51.25,51.0,51.5,0.5,0.28867513459481287,0,,,,,,,,True,,,,,False,False
401110822,2019,regular,7,2019-10-12 19:30:00+00:00,True,False,True,106749,3795,Kyle Field,245,Texas A&M,333,Alabama,28,47,TA&M,SEC,fbs,ALA,SEC,fbs,4,17.0,17.0,17.0,17.0,17.0,0.0,0.0,0,,,,,,,,4,61.5,61.5,61.5,61.0,62.0,1.0,0.408248290463863,0,,,,,,,,True,24,1,AP,AP,True,True
401114157,2019,regular,7,2019-10-12 19:30:00+00:00,True,False,True,48536,3947,Mountain America Stadium,9,Arizona State,265,Washington State,38,34,ASU,Pac-12,fbs,WSU,Pac-12,fbs,4,2.5,2.375,2.5,2.0,2.5,0.5,0.25,0,,,,,,,,4,60.75,60.75,60.75,60.0,61.5,1.5,0.6454972243679028,0,,,,,,,,True,18,,AP,,True,False
401117879,2019,regular,7,2019-10-12 19:30:00+00:00,True,False,True,25716,4728,TDECU Stadium,248,Houston,2132,Cincinnati,23,38,HOU,American Athletic,fbs,CIN,American Athletic,fbs,4,9.25,9.375,9.25,9.0,10.0,1.0,0.47871355387816905,0,,,,,,,,4,50.75,50.5,50.75,49.5,51.0,1.5,0.7071067811865476,0,,,,,,,,True,,25,,AP,False,True
401119277,2019,regular,7,2019-10-12 19:30:00+00:00,True,False,True,22692,3768,InfoCision Stadium,2006,Akron,2309,Kent State,3,26,AKR,Mid-American,fbs,KENT,Mid-American,fbs,4,14.25,14.25,14.25,14.0,14.5,0.5,0.28867513459481287,0,,,,,,,,4,57.5,57.375,57.5,57.0,57.5,0.5,0.25,0,,,,,,,,True,,,,,False,False
401112217,2019,regular,7,2019-10-12 19:30:00+00:00,True,False,True,80470,347,Camp Randall Stadium,275,Wisconsin,127,Michigan State,38,0,WIS,Big Ten,fbs,MSU,Big Ten,fbs,4,-8.25,-8.5,-8.25,-9.5,-8.0,1.5,0.7071067811865476,0,,,,,,,,4,40.5,40.125,40.5,39.0,40.5,1.5,0.75,0,,,,,,,,True,8,,AP,,True,False
401117214,2019,regular,7,2019-10-12 19:30:00+00:00,True,False,False,35375,3886,Raymond James Stadium,58,South Florida,252,BYU,27,23,USF,American Athletic,fbs,BYU,FBS Independents,fbs,4,4.5,4.375,4.5,4.0,4.5,0.5,0.25,0,,,,,,,,4,49.75,49.75,49.75,49.5,50.0,0.5,0.28867513459481287,0,,,,,,,,True,,,,,False,False
401112479,2019,regular,7,2019-10-12 19:30:00+00:00,True,False,True,80500,3836,"Memorial Stadium (Clemson, SC)",228,Clemson,52,Florida State,45,14,CLEM,ACC,fbs,FSU,ACC,fbs,4,-26.25,-26.125,-26.25,-26.5,-25.5,1.0,0.47871355387816905,0,,,,,,,,4,60.75,60.75,60.75,60.5,61.0,0.5,0.28867513459481287,0,,,,,,,,True,2,,AP,,True,False
401117880,2019,regular,7,2019-10-12 19:45:00+00:00,True,False,True,17040,4729,Yulman Stadium,2655,Tulane,41,UConn,49,7,TULN,American Athletic,fbs,CONN,American Athletic,fbs,4,-33.5,-33.625,-33.5,-34.0,-33.5,0.5,0.25,0,,,,,,,,4,57.5,57.375,57.5,57.0,57.5,0.5,0.25,0,,,,,,,,True,,,,,False,False
401112482,2019,regular,7,2019-10-12 20:00:00+00:00,True,False,False,51716,3799,Lane Stadium,259,Virginia Tech,227,Rhode Island,34,17,VT,ACC,fbs,URI,CAA,fcs,1,-28.0,-28.0,-28.0,-28.0,-28.0,0.0,0.0,0,,,,,,,,1,65.5,65.5,65.5,65.5,65.5,0.0,0.0,0,,,,,,,,True,,,,,False,False
401110823,2019,regular,7,2019-10-12 20:00:00+00:00,True,False,False,20048,3973,FirstBank Stadium,238,Vanderbilt,2439,UNLV,10,34,VAN,SEC,fbs,UNLV,Mountain West,fbs,4,-15.5,-15.75,-15.5,-16.5,-15.5,1.0,0.5,0,,,,,,,,4,57.5,57.5,57.5,57.5,57.5,0.0,0.0,0,,,,,,,,True,,,,,False,False
401117524,2019,regular,7,2019-10-12 20:00:00+00:00,True,False,True,15311,3816,Mackay Stadium,2440,Nevada,23,San José State,41,38,NEV,Mountain West,fbs,SJSU,Mountain West,fbs,4,-3.0,-3.0,-3.0,-3.0,-3.0,0.0,0.0,0,,,,,,,,4,60.75,60.5,60.75,59.5,61.0,1.5,0.7071067811865476,0,,,,,,,,True,,,,,False,False
401112089,2019,regular,7,2019-10-12 20:00:00+00:00,True,False,True,51836,3842,Milan Puskar Stadium,277,West Virginia,66,Iowa State,14,38,WVU,Big 12,fbs,ISU,Big 12,fbs,4,9.5,9.375,9.5,9.0,9.5,0.5,0.25,0,,,,,,,,4,55.0,55.0,55.0,55.0,55.0,0.0,0.0,0,,,,,,,,True,,,,,False,False
401112078,2019,regular,7,2019-10-12 20:00:00+00:00,True,False,True,47264,4727,McLane Stadium,239,Baylor,2641,Texas Tech,33,30,BAY,Big 12,fbs,TTU,Big 12,fbs,4,-10.5,-10.5,-10.5,-10.5,-10.5,0.0,0.0,0,,,,,,,,4,59.0,58.875,59.0,58.5,59.0,0.5,0.25,0,,,,,,,,True,22,,AP,,True,False
401114280,2019,regular,7,2019-10-12 20:00:00+00:00,True,False,True,12107,3715,FAU Stadium,2226,Florida Atlantic,2393,Middle Tennessee,28,13,FAU,Conference USA,fbs,MTSU,Conference USA,fbs,4,-12.5,-12.5,-12.5,-13.0,-12.0,1.0,0.5773502691896257,0,,,,,,,,4,63.25,63.25,63.25,63.0,63.5,0.5,0.28867513459481287,0,,,,,,,,True,,,,,False,False
401121952,2019,regular,7,2019-10-12 21:00:00+00:00,True,False,True,17249,3654,Brooks Stadium (SC),324,Coastal Carolina,2247,Georgia State,21,31,CCU,Sun Belt,fbs,GAST,Sun Belt,fbs,4,-3.5,-3.5,-3.5,-3.5,-3.5,0.0,0.0,0,,,,,,,,4,64.5,64.5,64.5,64.5,64.5,0.0,0.0,0,,,,,,,,True,,,,,False,False
401114284,2019,regular,7,2019-10-12 22:00:00+00:00,True,False,True,15728,3604,Alamodome,2636,UTSA,5,UAB,14,33,UTSA,Conference USA,fbs,UAB,Conference USA,fbs,4,12.5,12.5,12.5,12.5,12.5,0.0,0.0,0,,,,,,,,4,47.0,46.875,47.0,46.5,47.0,0.5,0.25,0,,,,,,,,True,,,,,False,False
401117520,2019,regular,7,2019-10-12 23:00:00+00:00,True,False,True,22544,3713,Falcon Stadium,2005,Air Force,278,Fresno State,43,24,AF,Mountain West,fbs,FRES,Mountain West,fbs,4,-3.0,-2.875,-3.0,-3.0,-2.5,0.5,0.25,0,,,,,,,,4,50.5,50.5,50.5,50.5,50.5,0.0,0.0,0,,,,,,,,True,,,,,False,False
401110820,2019,regular,7,2019-10-12 23:00:00+00:00,True,False,True,62621,3838,Memorial Stadium,142,Missouri,145,Ole Miss,38,27,MIZ,SEC,fbs,MISS,SEC,fbs,4,-12.5,-12.375,-12.5,-12.5,-12.0,0.5,0.25,0,,,,,,,,4,56.0,56.0,56.0,55.5,56.5,1.0,0.408248290463863,0,,,,,,,,True,,,,,False,False
401114282,2019,regular,7,2019-10-12 23:00:00+00:00,True,False,True,25225,3815,M. M. Roberts Stadium,2572,Southern Miss,249,North Texas,45,27,USM,Conference USA,fbs,UNT,Conference USA,fbs,4,-3.0,-3.0,-3.0,-3.0,-3.0,0.0,0.0,0,,,,,,,,4,59.25,59.125,59.25,58.5,59.5,1.0,0.47871355387816905,0,,,,,,,,True,,,,,False,False
401114285,2019,regular,7,2019-10-12 23:00:00+00:00,True,False,False,16107,3796,Houchens Industries-L.T. Smith Stadium,98,Western Kentucky,349,Army,17,8,WKU,Conference USA,fbs,ARMY,FBS Independents,fbs,4,5.0,5.125,5.0,5.0,5.5,0.5,0.25,0,,,,,,,,4,43.75,43.75,43.75,43.5,44.0,0.5,0.28867513459481287,0,,,,,,,,True,,,,,False,False
401114279,2019,regular,7,2019-10-12 23:00:00+00:00,True,False,True,16834,218,FIU Stadium,2229,Florida International,2429,Charlotte,48,23,FIU,Conference USA,fbs,CLT,Conference USA,fbs,4,-6.0,-5.875,-6.0,-6.0,-5.5,0.5,0.25,0,,,,,,,,4,57.75,57.875,57.75,57.5,58.5,1.0,0.47871355387816905,0,,,,,,,,True,,,,,False,False
401114281,2019,regular,7,2019-10-12 23:00:00+00:00,True,False,False,19682,3776,Joe Aillet Stadium,2348,Louisiana Tech,113,Massachusetts,69,21,LT,Conference USA,fbs,MASS,FBS Independents,fbs,4,-31.5,-31.5,-31.5,-31.5,-31.5,0.0,0.0,0,,,,,,,,4,64.0,64.0,64.0,63.5,64.5,1.0,0.408248290463863,0,,,,,,,,True,,,,,False,False
401112481,2019,regular,7,2019-10-12 23:30:00+00:00,True,False,True,24434,3630,Allegacy Federal Credit Union Stadium,154,Wake Forest,97,Louisville,59,62,WAKE,ACC,fbs,LOU,ACC,fbs,4,-7.0,-7.0,-7.0,-7.0,-7.0,0.0,0.0,0,,,,,,,,4,65.0,65.125,65.0,65.0,65.5,0.5,0.25,0,,,,,,,,True,19,,AP,,True,False
401112233,2019,regular,7,2019-10-12 23:30:00+00:00,True,False,True,43502,3953,Huntington Bank Stadium,135,Minnesota,158,Nebraska,34,7,MINN,Big Ten,fbs,NEB,Big Ten,fbs,4,-7.25,-7.25,-7.25,-7.5,-7.0,0.5,0.28867513459481287,0,,,,,,,,4,47.0,46.875,47.0,46.0,47.5,1.5,0.6291528696058958,0,,,,,,,,True,25,,Coaches,,True,False
401112195,2019,regular,7,2019-10-12 23:30:00+00:00,True,False,True,69034,3793,Kinnick Stadium,2294,Iowa,213,Penn State,12,17,IOWA,Big Ten,fbs,PSU,Big Ten,fbs,4,3.5,3.625,3.5,3.5,4.0,0.5,0.25,0,,,,,,,,4,43.75,43.75,43.75,43.5,44.0,0.5,0.28867513459481287,0,,,,,,,,True,17,10,AP,AP,True,True
401117882,2019,regular,7,2019-10-12 23:30:00+00:00,True,False,True,17951,3674,Chapman Stadium,202,Tulsa,2426,Navy,17,45,TLSA,American Athletic,fbs,NAVY,American Athletic,fbs,4,-1.0,-1.0,-1.0,-1.0,-1.0,0.0,0.0,0,,,,,,,,4,52.5,52.5,52.5,52.0,53.0,1.0,0.408248290463863,0,,,,,,,,True,,,,,False,False
401110818,2019,regular,7,2019-10-12 23:30:00+00:00,True,False,True,57060,3683,Kroger Field,96,Kentucky,8,Arkansas,24,20,UK,SEC,fbs,ARK,SEC,fbs,4,-4.5,-4.5,-4.5,-5.0,-4.0,1.0,0.5773502691896257,0,,,,,,,,4,52.75,52.75,52.75,52.0,53.5,1.5,0.6454972243679028,0,,,,,,,,True,,,,,False,False
401114222,2019,regular,7,2019-10-12 23:30:00+00:00,True,False,False,77622,3855,Notre Dame Stadium,87,Notre Dame,30,USC,30,27,ND,FBS Independents,fbs,USC,Pac-12,fbs,4,-10.5,-10.5,-10.5,-10.5,-10.5,0.0,0.0,0,,,,,,,,4,59.25,59.25,59.25,58.5,60.0,1.5,0.6454972243679028,0,,,,,,,,True,9,,AP,,True,False
401114204,2019,regular,7,2019-10-13 00:00:00+00:00,True,False,True,31730,3893,Reser Stadium,204,Oregon State,254,Utah,7,52,ORST,Pac-12,fbs,UTAH,Pac-12,fbs,4,14.5,14.5,14.5,14.5,14.5,0.0,0.0,0,,,,,,,,4,59.5,59.5,59.5,59.0,60.0,1.0,0.408248290463863,0,,,,,,,,True,,15,,AP,False,True
401110819,2019,regular,7,2019-10-13 00:00:00+00:00,True,False,True,102321,3958,Tiger Stadium (LA),99,LSU,57,Florida,42,28,LSU,SEC,fbs,FLA,SEC,fbs,4,-14.0,-14.0,-14.0,-14.0,-14.0,0.0,0.0,0,,,,,,,,4,55.0,55.0,55.0,54.5,55.5,1.0,0.408248290463863,0,,,,,,,,True,5,7,AP,AP,True,True
401117521,2019,regular,7,2019-10-13 02:15:00+00:00,True,False,True,36902,3653,Albertsons Stadium,68,Boise State,62,Hawai'i,59,37,BOIS,Mountain West,fbs,HAW,Mountain West,fbs,4,-12.25,-12.125,-12.25,-12.5,-11.5,1.0,0.47871355387816905,0,,,,,,,,4,60.0,60.125,60.0,60.0,60.5,0.5,0.25,0,,,,,,,,True,14,,AP,,True,False
401117523,2019,regular,7,2019-10-13 02:30:00+00:00,True,False,True,28758,3932,Qualcomm Stadium,21,San Diego State,2751,Wyoming,26,22,SDSU,Mountain West,fbs,WYO,Mountain West,fbs,4,-3.5,-3.5,-3.5,-3.5,-3.5,0.0,0.0,0,,,,,,,,4,38.25,38.25,38.25,38.0,38.5,0.5,0.28867513459481287,0,,,,,,,,True,,,,,False,False
401114168,2019,regular,7,2019-10-13 03:00:00+00:00,True,False,True,47933,3619,Arizona Stadium,12,Arizona,264,Washington,27,51,ARIZ,Pac-12,fbs,WASH,Pac-12,fbs,4,6.0,5.875,6.0,5.5,6.0,0.5,0.25,0,,,,,,,,4,61.25,61.25,61.25,60.0,62.5,2.5,1.1902380714238083,0,,,,,,,,True,,,,,False,False
401121953,2019,regular,8,2019-10-17 00:00:00+00:00,True,False,True,23182,3975,Veterans Memorial Stadium (AL),2653,Troy,6,South Alabama,37,13,TROY,Sun Belt,fbs,USA,Sun Belt,fbs,4,-17.5,-17.375,-17.5,-17.5,-17.0,0.5,0.25,0,,,,,,,,4,55.25,55.25,55.25,55.0,55.5,0.5,0.28867513459481287,0,,,,,,,,True,,,,,False,False
401121954,2019,regular,8,2019-10-17 23:30:00+00:00,True,False,True,19176,3625,Centennial Bank Stadium,2032,Arkansas State,309,Louisiana,20,37,ARST,Sun Belt,fbs,UL,Sun Belt,fbs,4,6.0,5.75,6.0,5.0,6.0,1.0,0.5,0,,,,,,,,4,69.0,69.125,69.0,69.0,69.5,0.5,0.25,0,,,,,,,,True,,,,,False,False
401114210,2019,regular,8,2019-10-18 01:00:00+00:00,True,False,True,31464,3940,Stanford Stadium,24,Stanford,26,UCLA,16,34,STAN,Pac-12,fbs,UCLA,Pac-12,fbs,4,-4.25,-4.375,-4.25,-5.5,-3.5,2.0,0.8539125638299665,0,,,,,,,,4,48.75,48.75,48.75,48.5,49.0,0.5,0.28867513459481287,0,,,,,,,,True,,,,,False,False
401114288,2019,regular,8,2019-10-18 22:30:00+00:00,True,False,True,15138,3715,FAU Stadium,2226,Florida Atlantic,276,Marshall,31,36,FAU,Conference USA,fbs,MRSH,Conference USA,fbs,4,-4.0,-3.875,-4.0,-4.0,-3.5,0.5,0.25,0,,,,,,,,4,58.5,58.375,58.5,58.0,58.5,0.5,0.25,0,,,,,,,,True,,,,,False,False
401112483,2019,regular,8,2019-10-18 23:00:00+00:00,True,False,True,44886,1964,JMA Wireless Dome,183,Syracuse,221,Pittsburgh,20,27,SYR,ACC,fbs,PITT,ACC,fbs,4,3.5,3.625,3.5,3.5,4.0,0.5,0.25,0,,,,,,,,4,52.75,52.875,52.75,52.5,53.5,1.0,0.47871355387816905,0,,,,,,,,True,,,,,False,False
401112248,2019,regular,8,2019-10-19 00:30:00+00:00,True,False,True,47330,3911,Ryan Field,77,Northwestern,194,Ohio State,3,52,NU,Big Ten,fbs,OSU,Big Ten,fbs,4,27.0,26.875,27.0,26.5,27.0,0.5,0.25,0,,,,,,,,4,50.0,49.875,50.0,49.5,50.0,0.5,0.25,0,,,,,,,,True,,4,,AP,False,True
401117528,2019,regular,8,2019-10-19 02:00:00+00:00,True,False,True,26256,3660,Valley Children's Stadium,278,Fresno State,2439,UNLV,56,27,FRES,Mountain West,fbs,UNLV,Mountain West,fbs,4,-15.0,-15.0,-15.0,-15.5,-14.5,1.0,0.5773502691896257,0,,,,,,,,4,52.25,52.25,52.25,52.0,52.5,0.5,0.28867513459481287,0,,,,,,,,True,,,,,False,False
401119283,2019,regular,8,2019-10-19 16:00:00+00:00,True,False,True,15009,3876,Peden Stadium,195,Ohio,2309,Kent State,45,38,OHIO,Mid-American,fbs,KENT,Mid-American,fbs,4,-8.75,-8.625,-8.75,-9.0,-8.0,1.0,0.47871355387816905,0,,,,,,,,4,63.5,63.625,63.5,63.0,64.5,1.5,0.6291528696058958,0,,,,,,,,True,,,,,False,False
401110825,2019,regular,8,2019-10-19 16:00:00+00:00,True,False,True,54619,3887,Razorback Stadium,8,Arkansas,2,Auburn,10,51,ARK,SEC,fbs,AUB,SEC,fbs,4,19.5,19.75,19.5,19.5,20.5,1.0,0.5,0,,,,,,,,4,55.5,55.625,55.5,55.5,56.0,0.5,0.25,0,,,,,,,,True,,11,,AP,False,True
401112196,2019,regular,8,2019-10-19 16:00:00+00:00,True,False,True,69250,3793,Kinnick Stadium,2294,Iowa,2509,Purdue,26,20,IOWA,Big Ten,fbs,PUR,Big Ten,fbs,4,-17.75,-17.75,-17.75,-18.0,-17.5,0.5,0.28867513459481287,0,,,,,,,,4,47.5,47.375,47.5,47.0,47.5,0.5,0.25,0,,,,,,,,True,23,,AP,,True,False
401112485,2019,regular,8,2019-10-19 16:00:00+00:00,True,False,True,51015,3873,L&N Federal Credit Union Stadium,97,Louisville,228,Clemson,10,45,LOU,ACC,fbs,CLEM,ACC,fbs,4,24.5,24.375,24.5,24.0,24.5,0.5,0.25,0,,,,,,,,4,62.25,62.25,62.25,62.0,62.5,0.5,0.28867513459481287,0,,,,,,,,True,,3,,AP,False,True
401112488,2019,regular,8,2019-10-19 16:00:00+00:00,True,False,True,54106,3948,Hard Rock Stadium,2390,Miami,59,Georgia Tech,21,28,MIA,ACC,fbs,GT,ACC,fbs,4,-18.5,-18.375,-18.5,-18.5,-18.0,0.5,0.25,0,,,,,,,,4,46.0,46.0,46.0,46.0,46.0,0.0,0.0,0,,,,,,,,True,,,,,False,False
401112119,2019,regular,8,2019-10-19 16:00:00+00:00,True,False,True,82620,3835,"Memorial Stadium (Norman, OK)",201,Oklahoma,277,West Virginia,52,14,OU,Big 12,fbs,WVU,Big 12,fbs,4,-32.5,-32.5,-32.5,-33.0,-32.0,1.0,0.5773502691896257,0,,,,,,,,4,63.5,63.625,63.5,63.5,64.0,0.5,0.25,0,,,,,,,,True,5,,AP,,True,False
401112090,2019,regular,8,2019-10-19 16:00:00+00:00,True,False,True,52315,3784,Jones AT&T Stadium,2641,Texas Tech,66,Iowa State,24,34,TTU,Big 12,fbs,ISU,Big 12,fbs,4,8.25,8.5,8.25,7.5,10.0,2.5,1.0801234497346435,0,,,,,,,,4,57.5,57.5,57.5,57.0,58.0,1.0,0.5773502691896257,0,,,,,,,,True,,,,,False,False
401112151,2019,regular,8,2019-10-19 16:00:00+00:00,True,False,True,37363,3832,"Memorial Stadium (Champaign, IL)",356,Illinois,275,Wisconsin,24,23,ILL,Big Ten,fbs,WIS,Big Ten,fbs,4,29.75,29.625,29.75,28.5,30.5,2.0,0.8539125638299665,0,,,,,,,,4,52.0,51.875,52.0,51.5,52.0,0.5,0.25,0,,,,,,,,True,,6,,AP,False,True
401112484,2019,regular,8,2019-10-19 16:00:00+00:00,True,False,True,30275,3615,"Alumni Stadium (Chestnut Hill, MA)",103,Boston College,152,NC State,45,24,BC,ACC,fbs,NCSU,ACC,fbs,4,4.0,4.125,4.0,4.0,4.5,0.5,0.25,0,,,,,,,,4,54.25,54.25,54.25,54.0,54.5,0.5,0.28867513459481287,0,,,,,,,,True,,,,,False,False
401110829,2019,regular,8,2019-10-19 16:00:00+00:00,True,False,True,78883,3994,Williams-Brice Stadium,2579,South Carolina,57,Florida,27,38,SC,SEC,fbs,FLA,SEC,fbs,4,3.5,3.5,3.5,3.5,3.5,0.0,0.0,0,,,,,,,,4,44.5,44.5,44.5,44.0,45.0,1.0,0.408248290463863,0,,,,,,,,True,,9,,AP,False,True
401117886,2019,regular,8,2019-10-19 16:00:00+00:00,True,False,True,19760,3892,Pratt & Whitney Stadium,41,UConn,248,Houston,17,24,CONN,American Athletic,fbs,HOU,American Athletic,fbs,4,21.75,21.625,21.75,21.0,22.0,1.0,0.47871355387816905,0,,,,,,,,4,56.25,56.25,56.25,56.0,56.5,0.5,0.28867513459481287,0,,,,,,,,True,,,,,False,False
401119285,2019,regular,8,2019-10-19 18:00:00+00:00,True,False,True,15113,3919,Scheumann Stadium,2050,Ball State,2649,Toledo,52,14,BALL,Mid-American,fbs,TOL,Mid-American,fbs,4,-3.0,-3.125,-3.0,-3.5,-3.0,0.5,0.25,0,,,,,,,,4,58.25,58.125,58.25,57.5,58.5,1.0,0.47871355387816905,0,,,,,,,,True,,,,,False,False
401119282,2019,regular,8,2019-10-19 18:00:00+00:00,True,False,True,15100,3700,Doyt L. Perry Stadium,189,Bowling Green,2117,Central Michigan,20,38,BGSU,Mid-American,fbs,CMU,Mid-American,fbs,4,11.5,11.5,11.5,11.0,12.0,1.0,0.408248290463863,0,,,,,,,,4,54.5,54.375,54.5,54.0,54.5,0.5,0.25,0,,,,,,,,True,,,,,False,False
401112109,2019,regular,8,2019-10-19 18:30:00+00:00,True,False,True,48298,3636,Bill Snyder Family Stadium,2306,Kansas State,2628,TCU,24,17,KSU,Big 12,fbs,TCU,Big 12,fbs,4,4.0,4.0,4.0,3.5,4.5,1.0,0.408248290463863,0,,,,,,,,4,44.0,43.875,44.0,43.5,44.0,0.5,0.25,0,,,,,,,,True,,,,,False,False
401114178,2019,regular,8,2019-10-19 18:30:00+00:00,True,False,True,42064,3831,California Memorial Stadium,25,California,204,Oregon State,17,21,CAL,Pac-12,fbs,ORST,Pac-12,fbs,4,-10.5,-10.375,-10.5,-10.5,-10.0,0.5,0.25,0,,,,,,,,4,51.25,51.375,51.25,51.0,52.0,1.0,0.47871355387816905,0,,,,,,,,True,,,,,False,False
401119284,2019,regular,8,2019-10-19 18:30:00+00:00,True,False,True,11710,3996,Yager Stadium,193,Miami (OH),2459,Northern Illinois,27,24,M-OH,Mid-American,fbs,NIU,Mid-American,fbs,4,2.25,2.125,2.25,1.5,2.5,1.0,0.47871355387816905,0,,,,,,,,4,48.25,48.25,48.25,48.0,48.5,0.5,0.28867513459481287,0,,,,,,,,True,,,,,False,False
401121956,2019,regular,8,2019-10-19 19:00:00+00:00,True,False,True,11015,3608,Allen E. Paulson Stadium,290,Georgia Southern,324,Coastal Carolina,30,27,GASO,Sun Belt,fbs,CCU,Sun Belt,fbs,4,-7.0,-7.0,-7.0,-7.0,-7.0,0.0,0.0,0,,,,,,,,4,42.75,42.5,42.75,41.5,43.0,1.5,0.7071067811865476,0,,,,,,,,True,,,,,False,False
401117526,2019,regular,8,2019-10-19 19:00:00+00:00,True,False,True,22884,3984,War Memorial Stadium,2751,Wyoming,167,New Mexico,23,10,WYO,Mountain West,fbs,UNM,Mountain West,fbs,4,-17.25,-17.25,-17.25,-17.5,-17.0,0.5,0.28867513459481287,0,,,,,,,,4,49.75,49.625,49.75,48.5,50.5,2.0,1.0307764064044151,0,,,,,,,,True,,,,,False,False
401117887,2019,regular,8,2019-10-19 19:30:00+00:00,True,False,True,23132,3735,Gerald J. Ford Stadium,2567,SMU,218,Temple,45,21,SMU,American Athletic,fbs,TEM,American Athletic,fbs,4,-9.25,-9.25,-9.25,-9.5,-9.0,0.5,0.28867513459481287,0,,,,,,,,4,60.0,60.125,60.0,60.0,60.5,0.5,0.25,0,,,,,,,,True,19,25,AP,Coaches,True,True
401121955,2019,regular,8,2019-10-19 19:30:00+00:00,True,False,True,27717,3792,Kidd Brewer Stadium,2026,App State,2433,UL Monroe,52,7,APP,Sun Belt,fbs,ULM,Sun Belt,fbs,4,-15.5,-15.75,-15.5,-16.5,-15.5,1.0,0.5,0,,,,,,,,4,65.5,65.625,65.5,65.5,66.0,0.5,0.25,0,,,,,,,,True,24,,AP,,True,False
401117885,2019,regular,8,2019-10-19 19:30:00+00:00,True,False,True,33209,3854,Nippert Stadium,2132,Cincinnati,202,Tulsa,24,13,CIN,American Athletic,fbs,TLSA,American Athletic,fbs,4,-16.0,-16.0,-16.0,-16.0,-16.0,0.0,0.0,0,,,,,,,,4,47.0,47.0,47.0,47.0,47.0,0.0,0.0,0,,,,,,,,True,21,,AP,,True,False
401112234,2019,regular,8,2019-10-19 19:30:00+00:00,True,False,True,26429,3754,High Point Solutions Stadium,164,Rutgers,135,Minnesota,7,42,RUTG,Big Ten,fbs,MINN,Big Ten,fbs,3,28.5,28.666666666666668,28.5,28.5,29.0,0.5,0.28867513459481287,0,,,,,,,,3,46.5,46.5,46.5,46.0,47.0,1.0,0.5,0,,,,,,,,True,,20,,AP,False,True
401114196,2019,regular,8,2019-10-19 19:30:00+00:00,True,False,True,70867,3765,Husky Stadium,264,Washington,2483,Oregon,31,35,WASH,Pac-12,fbs,ORE,Pac-12,fbs,4,3.0,3.0,3.0,3.0,3.0,0.0,0.0,0,,,,,,,,4,48.5,48.375,48.5,48.0,48.5,0.5,0.25,0,,,,,,,,True,25,12,AP,AP,True,True
401112489,2019,regular,8,2019-10-19 19:30:00+00:00,True,False,True,65632,3799,Lane Stadium,259,Virginia Tech,153,North Carolina,43,41,VT,ACC,fbs,UNC,ACC,fbs,4,4.5,4.375,4.5,4.0,4.5,0.5,0.25,0,,,,,,,,4,57.0,57.125,57.0,57.0,57.5,0.5,0.25,0,,,,,,,,True,,,,,False,False
401119281,2019,regular,8,2019-10-19 19:30:00+00:00,True,False,True,16909,3768,InfoCision Stadium,2006,Akron,2084,Buffalo,0,21,AKR,Mid-American,fbs,BUF,Mid-American,fbs,4,17.5,17.5,17.5,17.5,17.5,0.0,0.0,0,,,,,,,,4,47.5,47.625,47.5,47.5,48.0,0.5,0.25,0,,,,,,,,True,,,,,False,False
401114289,2019,regular,8,2019-10-19 19:30:00+00:00,True,False,True,23419,3776,Joe Aillet Stadium,2348,Louisiana Tech,2572,Southern Miss,45,30,LT,Conference USA,fbs,USM,Conference USA,fbs,4,2.75,2.75,2.75,2.5,3.0,0.5,0.28867513459481287,0,,,,,,,,4,58.5,58.5,58.5,58.5,58.5,0.0,0.0,0,,,,,,,,True,,,,,False,False
401112486,2019,regular,8,2019-10-19 19:30:00+00:00,True,False,True,52847,3923,Scott Stadium,258,Virginia,150,Duke,48,14,UVA,ACC,fbs,DUKE,ACC,fbs,4,-3.5,-3.5,-3.5,-3.5,-3.5,0.0,0.0,0,,,,,,,,4,45.0,45.125,45.0,45.0,45.5,0.5,0.25,0,,,,,,,,True,,,,,False,False
401112163,2019,regular,8,2019-10-19 19:30:00+00:00,True,False,True,32606,3665,SECU Stadium,120,Maryland,84,Indiana,28,34,MD,Big Ten,fbs,IU,Big Ten,fbs,4,6.5,6.5,6.5,6.5,6.5,0.0,0.0,0,,,,,,,,4,59.5,59.375,59.5,59.0,59.5,0.5,0.25,0,,,,,,,,True,,,,,False,False
401110828,2019,regular,8,2019-10-19 19:30:00+00:00,True,False,True,59282,3693,Davis Wade Stadium,344,Mississippi State,99,LSU,13,36,MSST,SEC,fbs,LSU,SEC,fbs,4,19.0,18.75,19.0,17.5,19.5,2.0,0.8660254037844386,0,,,,,,,,4,62.0,62.125,62.0,62.0,62.5,0.5,0.25,0,,,,,,,,True,,2,,AP,False,True
401117883,2019,regular,8,2019-10-19 19:30:00+00:00,True,False,True,29774,3852,Navy-Marine Corps Memorial Stadium,2426,Navy,58,South Florida,35,3,NAVY,American Athletic,fbs,USF,American Athletic,fbs,4,-15.5,-15.5,-15.5,-15.5,-15.5,0.0,0.0,0,,,,,,,,4,51.5,51.625,51.5,51.5,52.0,0.5,0.25,0,,,,,,,,True,,,,,False,False
401112079,2019,regular,8,2019-10-19 20:00:00+00:00,True,False,True,55060,3646,Boone Pickens Stadium,197,Oklahoma State,239,Baylor,27,45,OKST,Big 12,fbs,BAY,Big 12,fbs,4,-6.0,-5.875,-6.0,-6.0,-5.5,0.5,0.25,0,,,,,,,,4,68.5,68.5,68.5,68.5,68.5,0.0,0.0,0,,,,,,,,True,,18,,AP,False,True
401110830,2019,regular,8,2019-10-19 20:00:00+00:00,True,False,True,23900,3973,FirstBank Stadium,238,Vanderbilt,142,Missouri,21,14,VAN,SEC,fbs,MIZ,SEC,fbs,4,21.0,21.0,21.0,21.0,21.0,0.0,0.0,0,,,,,,,,4,56.5,56.25,56.5,55.5,56.5,1.0,0.5,0,,,,,,,,True,,22,,AP,False,True
401114286,2019,regular,8,2019-10-19 20:00:00+00:00,True,False,True,15816,3796,Houchens Industries-L.T. Smith Stadium,98,Western Kentucky,2429,Charlotte,30,14,WKU,Conference USA,fbs,CLT,Conference USA,fbs,4,-9.5,-9.5,-9.5,-10.0,-9.0,1.0,0.408248290463863,0,,,,,,,,4,48.0,47.875,48.0,47.5,48.0,0.5,0.25,0,,,,,,,,True,,,,,False,False
401114291,2019,regular,8,2019-10-19 20:00:00+00:00,True,False,True,19511,3803,Legion Field,5,UAB,295,Old Dominion,38,14,UAB,Conference USA,fbs,ODU,Conference USA,fbs,4,-16.5,-16.5,-16.5,-16.5,-16.5,0.0,0.0,0,,,,,,,,4,42.0,42.125,42.0,42.0,42.5,0.5,0.25,0,,,,,,,,True,,,,,False,False
401114290,2019,regular,8,2019-10-19 20:00:00+00:00,True,False,True,16094,3825,DATCU Stadium,249,North Texas,2393,Middle Tennessee,33,30,UNT,Conference USA,fbs,MTSU,Conference USA,fbs,4,-7.25,-7.25,-7.25,-7.5,-7.0,0.5,0.28867513459481287,0,,,,,,,,4,59.5,59.5,59.5,59.5,59.5,0.0,0.0,0,,,,,,,,True,,,,,False,False
401110826,2019,regular,8,2019-10-19 22:00:00+00:00,True,False,True,92746,3917,Sanford Stadium,61,Georgia,96,Kentucky,21,0,UGA,SEC,fbs,UK,SEC,fbs,4,-24.0,-23.875,-24.0,-24.0,-23.5,0.5,0.25,0,,,,,,,,4,45.5,45.5,45.5,45.5,45.5,0.0,0.0,0,,,,,,,,True,10,,AP,,True,False
401114292,2019,regular,8,2019-10-19 22:00:00+00:00,True,False,True,17657,3604,Alamodome,2636,UTSA,242,Rice,31,27,UTSA,Conference USA,fbs,RICE,Conference USA,fbs,4,5.25,5.25,5.25,5.0,5.5,0.5,0.28867513459481287,0,,,,,,,,4,43.0,42.875,43.0,42.5,43.0,0.5,0.25,0,,,,,,,,True,,,,,False,False
401114351,2019,regular,8,2019-10-19 22:00:00+00:00,True,False,False,18657,3992,Williams Stadium (VA),2335,Liberty,311,Maine,59,44,LIB,FBS Independents,fbs,ME,CAA,fcs,,,,,,,,,,,,,,,,,,,,,,,,,,,,,,,,,False,,,,,False,False
401114158,2019,regular,8,2019-10-19 22:00:00+00:00,True,False,True,46402,587,Rice-Eccles Stadium,254,Utah,9,Arizona State,21,3,UTAH,Pac-12,fbs,ASU,Pac-12,fbs,4,-15.0,-15.25,-15.0,-16.0,-15.0,1.0,0.5,0,,,,,,,,4,46.0,46.125,46.0,46.0,46.5,0.5,0.25,0,,,,,,,,True,13,17,AP,AP,True,True
401112102,2019,regular,8,2019-10-19 23:00:00+00:00,True,False,True,97137,3910,DKR-Texas Memorial Stadium,251,Texas,2305,Kansas,50,48,TEX,Big 12,fbs,KU,Big 12,fbs,4,-21.0,-20.75,-21.0,-21.0,-20.0,1.0,0.5,0,,,,,,,,4,63.0,63.125,63.0,63.0,63.5,0.5,0.25,0,,,,,,,,True,15,,AP,,True,False
401117888,2019,regular,8,2019-10-19 23:00:00+00:00,True,False,True,30221,3805,Simmons Bank Liberty Stadium,235,Memphis,2655,Tulane,47,17,MEM,American Athletic,fbs,TULN,American Athletic,fbs,4,-2.25,-2.25,-2.25,-2.5,-2.0,0.5,0.28867513459481287,0,,,,,,,,4,60.75,60.75,60.75,60.5,61.0,0.5,0.28867513459481287,0,,,,,,,,True,,,,,False,False
401117884,2019,regular,8,2019-10-19 23:00:00+00:00,True,False,True,42906,3652,FBC Mortgage Stadium,2116,UCF,151,East Carolina,41,28,UCF,American Athletic,fbs,ECU,American Athletic,fbs,4,-34.5,-34.5,-34.5,-34.5,-34.5,0.0,0.0,0,,,,,,,,4,64.75,64.875,64.75,64.5,65.5,1.0,0.47871355387816905,0,,,,,,,,True,,,,,False,False
401117529,2019,regular,8,2019-10-19 23:00:00+00:00,True,False,True,18285,3935,CEFCU Stadium,23,San José State,21,San Diego State,17,27,SJSU,Mountain West,fbs,SDSU,Mountain West,fbs,4,7.5,7.375,7.5,7.0,7.5,0.5,0.25,0,,,,,,,,4,45.5,45.625,45.5,45.5,46.0,0.5,0.25,0,,,,,,,,True,,,,,False,False
401114187,2019,regular,8,2019-10-19 23:00:00+00:00,True,False,True,28514,3820,Gesa Field,265,Washington State,38,Colorado,41,10,WSU,Pac-12,fbs,COLO,Pac-12,fbs,4,-13.5,-13.5,-13.5,-13.5,-13.5,0.0,0.0,0,,,,,,,,4,68.5,68.5,68.5,68.0,69.0,1.0,0.408248290463863,0,,,,,,,,True,,,,,False,False
401114287,2019,regular,8,2019-10-19 23:00:00+00:00,True,False,True,13951,218,FIU Stadium,2229,Florida International,2638,UTEP,32,17,FIU,Conference USA,fbs,UTEP,Conference USA,fbs,4,-24.5,-24.625,-24.5,-25.0,-24.5,0.5,0.25,0,,,,,,,,4,51.0,50.875,51.0,50.0,51.5,1.5,0.6291528696058958,0,,,,,,,,True,,,,,False,False
401114329,2019,regular,8,2019-10-19 23:00:00+00:00,True,False,False,21720,4246,Center Parc Stadium,2247,Georgia State,349,Army,28,21,GAST,Sun Belt,fbs,ARMY,FBS Independents,fbs,4,4.0,3.875,4.0,3.5,4.0,0.5,0.25,0,,,,,,,,4,54.25,54.25,54.25,54.0,54.5,0.5,0.28867513459481287,0,,,,,,,,True,,,,,False,False
401119286,2019,regular,8,2019-10-19 23:00:00+00:00,True,False,True,20528,3912,Rynearson Stadium,2199,Eastern Michigan,2711,Western Michigan,34,27,EMU,Mid-American,fbs,WMU,Mid-American,fbs,4,9.5,9.375,9.5,9.0,9.5,0.5,0.25,0,,,,,,,,4,61.0,61.0,61.0,61.0,61.0,0.0,0.0,0,,,,,,,,True,,,,,False,False
401112487,2019,regular,8,2019-10-19 23:30:00+00:00,True,False,True,24782,3630,Allegacy Federal Credit Union Stadium,154,Wake Forest,52,Florida State,22,20,WAKE,ACC,fbs,FSU,ACC,fbs,4,2.75,2.5,2.75,1.5,3.0,1.5,0.7071067811865476,0,,,,,,,,4,69.0,68.875,69.0,68.5,69.0,0.5,0.25,0,,,,,,,,True,,,,,False,False
401112226,2019,regular,8,2019-10-19 23:30:00+00:00,True,False,True,110669,3632,Beaver Stadium,213,Penn State,130,Michigan,28,21,PSU,Big Ten,fbs,MICH,Big Ten,fbs,4,-7.5,-7.5,-7.5,-7.5,-7.5,0.0,0.0,0,,,,,,,,4,47.25,47.25,47.25,47.0,47.5,0.5,0.28867513459481287,0,,,,,,,,True,7,16,AP,AP,True,True
401110827,2019,regular,8,2019-10-19 23:30:00+00:00,True,False,True,50257,3974,Vaught-Hemingway Stadium,145,Ole Miss,245,Texas A&M,17,24,MISS,SEC,fbs,TA&M,SEC,fbs,4,6.0,5.875,6.0,5.5,6.0,0.5,0.25,0,,,,,,,,4,55.25,55.125,55.25,54.5,55.5,1.0,0.47871355387816905,0,,,,,,,,True,,,,,False,False
401110824,2019,regular,8,2019-10-20 01:00:00+00:00,True,False,True,101821,3657,Bryant-Denny Stadium,333,Alabama,2633,Tennessee,35,13,ALA,SEC,fbs,TENN,SEC,fbs,4,-35.0,-35.0,-35.0,-35.0,-35.0,0.0,0.0,0,,,,,,,,4,62.0,62.0,62.0,62.0,62.0,0.0,0.0,0,,,,,,,,True,1,,AP,,True,False
401114169,2019,regular,8,2019-10-20 01:30:00+00:00,True,False,True,53826,477,Los Angeles Memorial Coliseum,30,USC,12,Arizona,41,14,USC,Pac-12,fbs,ARIZ,Pac-12,fbs,4,-10.0,-10.125,-10.0,-10.5,-10.0,0.5,0.25,0,,,,,,,,4,68.5,68.5,68.5,68.0,69.0,1.0,0.5773502691896257,0,,,,,,,,True,,,,,False,False
401117215,2019,regular,8,2019-10-20 02:15:00+00:00,True,False,False,58930,3801,LaVell Edwards Stadium,252,BYU,68,Boise State,28,25,BYU,FBS Independents,fbs,BOIS,Mountain West,fbs,4,7.0,7.0,7.0,7.0,7.0,0.0,0.0,0,,,,,,,,4,45.0,44.875,45.0,44.5,45.0,0.5,0.25,0,,,,,,,,True,,14,,AP,False,True
401117527,2019,regular,8,2019-10-20 02:15:00+00:00,True,False,True,15240,3905,Maverik Stadium,328,Utah State,2440,Nevada,36,10,USU,Mountain West,fbs,NEV,Mountain West,fbs,4,-21.25,-21.5,-21.25,-22.5,-21.0,1.5,0.7071067811865476,0,,,,,,,,4,58.75,58.75,58.75,58.5,59.0,0.5,0.28867513459481287,0,,,,,,,,True,,,,,False,False
401117525,2019,regular,8,2019-10-20 03:00:00+00:00,True,False,True,23757,3610,Aloha Stadium,62,Hawai'i,2005,Air Force,26,56,HAW,Mountain West,fbs,AF,Mountain West,fbs,4,4.0,4.0,4.0,3.5,4.5,1.0,0.408248290463863,0,,,,,,,,4,66.25,66.25,66.25,66.0,66.5,0.5,0.28867513459481287,0,,,,,,,,True,,,,,False,False
401117889,2019,regular,9,2019-10-24 23:30:00+00:00,True,False,True,24543,4728,TDECU Stadium,248,Houston,2567,SMU,31,34,HOU,American Athletic,fbs,SMU,American Athletic,fbs,4,12.5,12.375,12.5,12.0,12.5,0.5,0.25,0,,,,,,,,4,65.25,65.25,65.25,65.0,65.5,0.5,0.28867513459481287,0,,,,,,,,True,,16,,AP,False,True
401114188,2019,regular,9,2019-10-26 01:00:00+00:00,True,False,True,48913,3726,Folsom Field,38,Colorado,30,USC,31,35,COLO,Pac-12,fbs,USC,Pac-12,fbs,4,10.5,10.5,10.5,10.5,10.5,0.0,0.0,0,,,,,,,,4,64.25,64.25,64.25,63.5,65.0,1.5,0.6454972243679028,0,,,,,,,,True,,,,,False,False
401112494,2019,regular,9,2019-10-26 16:00:00+00:00,True,False,True,47918,3752,Acrisure Stadium,221,Pittsburgh,2390,Miami,12,16,PITT,ACC,fbs,MIA,ACC,fbs,4,-4.5,-4.5,-4.5,-4.5,-4.5,0.0,0.0,0,,,,,,,,4,43.0,42.75,43.0,42.0,43.0,1.0,0.5,0,,,,,,,,True,,,,,False,False
401119288,2019,regular,9,2019-10-26 16:00:00+00:00,True,False,True,16778,3980,Waldo Stadium,2711,Western Michigan,189,Bowling Green,49,10,WMU,Mid-American,fbs,BGSU,Mid-American,fbs,4,-27.0,-26.875,-27.0,-27.0,-26.5,0.5,0.25,0,,,,,,,,4,65.5,65.5,65.5,65.5,65.5,0.0,0.0,0,,,,,,,,True,,,,,False,False
401112266,2019,regular,9,2019-10-26 16:00:00+00:00,True,False,False,23058,3754,High Point Solutions Stadium,164,Rutgers,2335,Liberty,44,34,RUTG,Big Ten,fbs,LIB,FBS Independents,fbs,3,7.5,7.5,7.5,7.5,7.5,0.0,0.0,0,,,,,,,,3,44.0,44.833333333333336,44.0,44.0,46.5,2.5,1.4433756729740643,0,,,,,,,,True,,,,,False,False
401112152,2019,regular,9,2019-10-26 16:00:00+00:00,True,False,True,58735,3907,Ross-Ade Stadium,2509,Purdue,356,Illinois,6,24,PUR,Big Ten,fbs,ILL,Big Ten,fbs,4,-9.5,-9.375,-9.5,-9.5,-9.0,0.5,0.25,0,,,,,,,,4,54.5,54.375,54.5,54.0,54.5,0.5,0.25,0,,,,,,,,True,,,,,False,False
401110835,2019,regular,9,2019-10-26 16:00:00+00:00,True,False,True,102025,3795,Kyle Field,245,Texas A&M,344,Mississippi State,49,30,TA&M,SEC,fbs,MSST,SEC,fbs,4,-10.75,-10.75,-10.75,-11.0,-10.5,0.5,0.28867513459481287,0,,,,,,,,4,50.0,50.125,50.0,50.0,50.5,0.5,0.25,0,,,,,,,,True,,,,,False,False
401121957,2019,regular,9,2019-10-26 16:00:00+00:00,True,False,True,17969,3797,Ladd Peebles Stadium,6,South Alabama,2026,App State,3,30,USA,Sun Belt,fbs,APP,Sun Belt,fbs,4,27.5,27.5,27.5,27.5,27.5,0.0,0.0,0,,,,,,,,4,50.5,50.625,50.5,50.5,51.0,0.5,0.25,0,,,,,,,,True,,21,,AP,False,True
401114330,2019,regular,9,2019-10-26 16:00:00+00:00,True,False,False,35346,3841,Michie Stadium,349,Army,23,San José State,29,34,ARMY,FBS Independents,fbs,SJSU,Mountain West,fbs,4,-9.5,-9.625,-9.5,-10.0,-9.5,0.5,0.25,0,,,,,,,,4,54.5,54.5,54.5,54.0,55.0,1.0,0.408248290463863,0,,,,,,,,True,,,,,False,False
401112254,2019,regular,9,2019-10-26 16:00:00+00:00,True,False,True,102998,3861,Ohio Stadium,194,Ohio State,275,Wisconsin,38,7,OSU,Big Ten,fbs,WIS,Big Ten,fbs,4,-14.5,-14.625,-14.5,-15.0,-14.5,0.5,0.25,0,,,,,,,,4,47.75,47.625,47.75,47.0,48.0,1.0,0.47871355387816905,0,,,,,,,,True,3,13,AP,AP,True,True
401112197,2019,regular,9,2019-10-26 16:00:00+00:00,True,False,True,42104,3911,Ryan Field,77,Northwestern,2294,Iowa,0,20,NU,Big Ten,fbs,IOWA,Big Ten,fbs,4,8.0,8.0,8.0,7.5,8.5,1.0,0.408248290463863,0,,,,,,,,4,36.0,36.0,36.0,35.5,36.5,1.0,0.5773502691896257,0,,,,,,,,True,,20,,AP,False,True
401112110,2019,regular,9,2019-10-26 16:00:00+00:00,True,False,True,50394,3636,Bill Snyder Family Stadium,2306,Kansas State,201,Oklahoma,48,41,KSU,Big 12,fbs,OU,Big 12,fbs,4,23.5,23.5,23.5,23.5,23.5,0.0,0.0,0,,,,,,,,4,59.25,59.25,59.25,59.0,59.5,0.5,0.28867513459481287,0,,,,,,,,True,,5,,AP,False,True
401114298,2019,regular,9,2019-10-26 17:00:00+00:00,True,False,True,20367,3895,Rice Stadium,242,Rice,2572,Southern Miss,6,20,RICE,Conference USA,fbs,USM,Conference USA,fbs,4,10.0,10.0,10.0,10.0,10.0,0.0,0.0,0,,,,,,,,4,51.5,51.375,51.5,51.0,51.5,0.5,0.25,0,,,,,,,,True,,,,,False,False
401117533,2019,regular,9,2019-10-26 18:00:00+00:00,True,False,True,16126,3984,War Memorial Stadium,2751,Wyoming,2440,Nevada,31,3,WYO,Mountain West,fbs,NEV,Mountain West,fbs,4,-13.5,-13.125,-13.5,-13.5,-12.0,1.5,0.75,0,,,,,,,,4,44.25,44.375,44.25,44.0,45.0,1.0,0.47871355387816905,0,,,,,,,,True,,,,,False,False
401119292,2019,regular,9,2019-10-26 18:00:00+00:00,True,False,True,5572,3919,Scheumann Stadium,2050,Ball State,195,Ohio,21,34,BALL,Mid-American,fbs,OHIO,Mid-American,fbs,4,-2.5,-2.25,-2.5,-2.5,-1.5,1.0,0.5,0,,,,,,,,4,59.5,59.5,59.5,59.0,60.0,1.0,0.408248290463863,0,,,,,,,,True,,,,,False,False
401114297,2019,regular,9,2019-10-26 18:30:00+00:00,True,False,True,22099,3775,Joan C. Edwards Stadium,276,Marshall,98,Western Kentucky,26,23,MRSH,Conference USA,fbs,WKU,Conference USA,fbs,4,-4.0,-4.0,-4.0,-4.0,-4.0,0.0,0.0,0,,,,,,,,4,44.5,44.375,44.5,44.0,44.5,0.5,0.25,0,,,,,,,,True,,,,,False,False
401114344,2019,regular,9,2019-10-26 19:00:00+00:00,True,False,False,10907,3608,Allen E. Paulson Stadium,290,Georgia Southern,166,New Mexico State,41,7,GASO,Sun Belt,fbs,NMSU,FBS Independents,fbs,4,-13.5,-13.5,-13.5,-13.5,-13.5,0.0,0.0,0,,,,,,,,4,53.5,53.375,53.5,53.0,53.5,0.5,0.25,0,,,,,,,,True,,,,,False,False
401112091,2019,regular,9,2019-10-26 19:30:00+00:00,True,False,True,61500,3772,Jack Trice Stadium,66,Iowa State,197,Oklahoma State,27,34,ISU,Big 12,fbs,OKST,Big 12,fbs,4,-11.0,-11.0,-11.0,-11.5,-10.5,1.0,0.408248290463863,0,,,,,,,,4,64.5,64.625,64.5,64.5,65.0,0.5,0.25,0,,,,,,,,True,23,,AP,,True,False
401112132,2019,regular,9,2019-10-26 19:30:00+00:00,True,False,True,47660,3616,Amon G. Carter Stadium,2628,TCU,251,Texas,37,27,TCU,Big 12,fbs,TEX,Big 12,fbs,4,-1.25,-1.25,-1.25,-1.5,-1.0,0.5,0.28867513459481287,0,,,,,,,,4,57.0,57.0,57.0,57.0,57.0,0.0,0.0,0,,,,,,,,True,,15,,AP,False,True
401112207,2019,regular,9,2019-10-26 19:30:00+00:00,True,False,True,44715,3953,Huntington Bank Stadium,135,Minnesota,120,Maryland,52,10,MINN,Big Ten,fbs,MD,Big Ten,fbs,4,-14.5,-14.375,-14.5,-14.5,-14.0,0.5,0.25,0,,,,,,,,4,59.0,59.125,59.0,59.0,59.5,0.5,0.25,0,,,,,,,,True,17,,AP,,True,False
401119287,2019,regular,9,2019-10-26 19:30:00+00:00,True,False,True,9027,3764,Huskie Stadium,2459,Northern Illinois,2006,Akron,49,0,NIU,Mid-American,fbs,AKR,Mid-American,fbs,4,-22.25,-22.375,-22.25,-23.0,-22.0,1.0,0.47871355387816905,0,,,,,,,,4,42.25,42.25,42.25,41.5,43.0,1.5,0.6454972243679028,0,,,,,,,,True,,,,,False,False
401114293,2019,regular,9,2019-10-26 19:30:00+00:00,True,False,True,8245,4418,Jerry Richardson Stadium,2429,Charlotte,249,North Texas,39,38,CLT,Conference USA,fbs,UNT,Conference USA,fbs,4,4.0,4.0,4.0,4.0,4.0,0.0,0.0,0,,,,,,,,4,64.0,64.125,64.0,64.0,64.5,0.5,0.25,0,,,,,,,,True,,,,,False,False
401110833,2019,regular,9,2019-10-26 19:30:00+00:00,True,False,True,102160,3958,Tiger Stadium (LA),99,LSU,2,Auburn,23,20,LSU,SEC,fbs,AUB,SEC,fbs,4,-11.5,-11.375,-11.5,-12.0,-10.5,1.5,0.6291528696058958,0,,,,,,,,4,58.5,58.5,58.5,57.5,59.5,2.0,0.816496580927726,0,,,,,,,,True,2,9,AP,AP,True,True
401112218,2019,regular,9,2019-10-26 19:30:00+00:00,True,False,True,70298,3936,Spartan Stadium,127,Michigan State,213,Penn State,7,28,MSU,Big Ten,fbs,PSU,Big Ten,fbs,4,5.5,5.25,5.5,4.5,5.5,1.0,0.5,0,,,,,,,,4,42.0,41.75,42.0,41.0,42.0,1.0,0.5,0,,,,,,,,True,,6,,AP,False,True
401117890,2019,regular,9,2019-10-26 19:30:00+00:00,True,False,True,31118,3852,Navy-Marine Corps Memorial Stadium,2426,Navy,2655,Tulane,41,38,NAVY,American Athletic,fbs,TULN,American Athletic,fbs,4,-4.5,-4.375,-4.5,-4.5,-4.0,0.5,0.25,0,,,,,,,,4,58.0,58.25,58.0,58.0,59.0,1.0,0.5,0,,,,,,,,True,,,,,False,False
401112492,2019,regular,9,2019-10-26 19:30:00+00:00,True,False,True,50517,3697,Doak Campbell Stadium,52,Florida State,183,Syracuse,35,17,FSU,ACC,fbs,SYR,ACC,fbs,4,-11.0,-11.125,-11.0,-12.0,-10.5,1.5,0.6291528696058958,0,,,,,,,,4,59.75,59.625,59.75,59.0,60.0,1.0,0.47871355387816905,0,,,,,,,,True,,,,,False,False
401112164,2019,regular,9,2019-10-26 19:30:00+00:00,True,False,True,89317,3834,"Memorial Stadium (Lincoln, NE)",158,Nebraska,84,Indiana,31,38,NEB,Big Ten,fbs,IU,Big Ten,fbs,4,-2.5,-2.5,-2.5,-2.5,-2.5,0.0,0.0,0,,,,,,,,4,55.0,55.0,55.0,55.0,55.0,0.0,0.0,0,,,,,,,,True,,,,,False,False
401119291,2019,regular,9,2019-10-26 19:30:00+00:00,True,False,True,8455,3696,Dix Stadium,2309,Kent State,193,Miami (OH),16,23,KENT,Mid-American,fbs,M-OH,Mid-American,fbs,4,-2.5,-2.5,-2.5,-2.5,-2.5,0.0,0.0,0,,,,,,,,4,54.5,54.5,54.5,54.0,55.0,1.0,0.408248290463863,0,,,,,,,,True,,,,,False,False
401114295,2019,regular,9,2019-10-26 19:30:00+00:00,True,False,True,17744,3918,S.B. Ballard Stadium,295,Old Dominion,2226,Florida Atlantic,3,41,ODU,Conference USA,fbs,FAU,Conference USA,fbs,4,14.0,13.875,14.0,13.5,14.0,0.5,0.25,0,,,,,,,,4,50.75,50.625,50.75,50.0,51.0,1.0,0.47871355387816905,0,,,,,,,,True,,,,,False,False
401114170,2019,regular,9,2019-10-26 19:30:00+00:00,True,False,True,31711,3940,Stanford Stadium,24,Stanford,12,Arizona,41,31,STAN,Pac-12,fbs,ARIZ,Pac-12,fbs,4,-3.0,-2.75,-3.0,-3.0,-2.0,1.0,0.5,0,,,,,,,,4,53.75,53.375,53.75,52.0,54.0,2.0,0.9464847243000456,0,,,,,,,,True,,,,,False,False
401119289,2019,regular,9,2019-10-26 19:30:00+00:00,True,False,True,14850,3965,UB Stadium,2084,Buffalo,2117,Central Michigan,43,20,BUF,Mid-American,fbs,CMU,Mid-American,fbs,4,-2.5,-2.25,-2.5,-2.5,-1.5,1.0,0.5,0,,,,,,,,4,45.75,45.875,45.75,45.5,46.5,1.0,0.47871355387816905,0,,,,,,,,True,,,,,False,False
401119290,2019,regular,9,2019-10-26 19:30:00+00:00,True,False,True,18061,3739,Glass Bowl,2649,Toledo,2199,Eastern Michigan,37,34,TOL,Mid-American,fbs,EMU,Mid-American,fbs,4,-2.5,-2.5,-2.5,-2.5,-2.5,0.0,0.0,0,,,,,,,,4,52.25,52.625,52.25,52.0,54.0,2.0,0.9464847243000456,0,,,,,,,,True,,,,,False,False
401114357,2019,regular,9,2019-10-26 19:30:00+00:00,True,False,False,12234,3985,Warren McGuirk Alumni Stadium,113,Massachusetts,41,UConn,35,56,MASS,FBS Independents,fbs,CONN,American Athletic,fbs,4,9.5,9.5,9.5,9.5,9.5,0.0,0.0,0,,,,,,,,4,62.0,62.0,62.0,62.0,62.0,0.0,0.0,0,,,,,,,,True,,,,,False,False
401114294,2019,regular,9,2019-10-26 19:30:00+00:00,True,False,True,9512,3725,"Johnny ""Red"" Floyd Stadium",2393,Middle Tennessee,2229,Florida International,50,17,MTSU,Conference USA,fbs,FIU,Conference USA,fbs,4,1.0,1.125,1.0,1.0,1.5,0.5,0.25,0,,,,,,,,4,57.25,57.5,57.25,57.0,58.5,1.5,0.7071067811865476,0,,,,,,,,True,,,,,False,False
401112493,2019,regular,9,2019-10-26 19:30:00+00:00,True,False,True,48689,3873,L&N Federal Credit Union Stadium,97,Louisville,258,Virginia,28,21,LOU,ACC,fbs,UVA,ACC,fbs,4,3.5,3.75,3.5,3.5,4.5,1.0,0.5,0,,,,,,,,4,51.5,51.375,51.5,51.0,51.5,0.5,0.25,0,,,,,,,,True,,,,,False,False
401117892,2019,regular,9,2019-10-26 19:45:00+00:00,True,False,True,33088,3699,Dowdy-Ficklen Stadium,151,East Carolina,58,South Florida,20,45,ECU,American Athletic,fbs,USF,American Athletic,fbs,4,1.0,1.0,1.0,1.0,1.0,0.0,0.0,0,,,,,,,,4,51.0,50.875,51.0,50.5,51.0,0.5,0.25,0,,,,,,,,True,,,,,False,False
401117532,2019,regular,9,2019-10-26 20:00:00+00:00,True,False,True,12617,3971,University Stadium (NM),167,New Mexico,62,Hawai'i,31,45,UNM,Mountain West,fbs,HAW,Mountain West,fbs,4,10.0,10.0,10.0,10.0,10.0,0.0,0.0,0,,,,,,,,4,70.75,70.75,70.75,70.5,71.0,0.5,0.28867513459481287,0,,,,,,,,True,,,,,False,False
401112491,2019,regular,9,2019-10-26 20:00:00+00:00,True,False,True,50500,3787,Kenan Stadium,153,North Carolina,150,Duke,20,17,UNC,ACC,fbs,DUKE,ACC,fbs,4,-3.0,-2.875,-3.0,-3.0,-2.5,0.5,0.25,0,,,,,,,,4,53.25,53.125,53.25,52.5,53.5,1.0,0.47871355387816905,0,,,,,,,,True,,,,,False,False
401110834,2019,regular,9,2019-10-26 20:00:00+00:00,True,False,True,87397,3853,Neyland Stadium,2633,Tennessee,2579,South Carolina,41,21,TENN,SEC,fbs,SC,SEC,fbs,4,4.0,4.125,4.0,4.0,4.5,0.5,0.25,0,,,,,,,,4,46.0,45.875,46.0,45.5,46.0,0.5,0.25,0,,,,,,,,True,,,,,False,False
401117893,2019,regular,9,2019-10-26 23:00:00+00:00,True,False,True,17183,3674,Chapman Stadium,202,Tulsa,235,Memphis,41,42,TLSA,American Athletic,fbs,MEM,American Athletic,fbs,4,10.0,10.0,10.0,10.0,10.0,0.0,0.0,0,,,,,,,,4,59.25,59.25,59.25,59.0,59.5,0.5,0.28867513459481287,0,,,,,,,,True,,25,,Coaches,False,True
401121958,2019,regular,9,2019-10-26 23:00:00+00:00,True,False,True,21343,3625,Centennial Bank Stadium,2032,Arkansas State,326,Texas State,38,14,ARST,Sun Belt,fbs,TXST,Sun Belt,fbs,4,-10.75,-10.875,-10.75,-11.5,-10.5,1.0,0.47871355387816905,0,,,,,,,,4,60.5,60.25,60.5,59.5,60.5,1.0,0.5,0,,,,,,,,True,,,,,False,False
401112103,2019,regular,9,2019-10-26 23:00:00+00:00,True,False,True,31036,3833,Memorial Stadium,2305,Kansas,2641,Texas Tech,37,34,KU,Big 12,fbs,TTU,Big 12,fbs,4,6.0,6.0,6.0,5.5,6.5,1.0,0.408248290463863,0,,,,,,,,4,65.5,65.5,65.5,65.5,65.5,0.0,0.0,0,,,,,,,,True,,,,,False,False
401121959,2019,regular,9,2019-10-26 23:00:00+00:00,True,False,True,14527,4246,Center Parc Stadium,2247,Georgia State,2653,Troy,52,33,GAST,Sun Belt,fbs,TROY,Sun Belt,fbs,3,-1.0,-0.3333333333333333,-1.0,-1.0,1.0,2.0,1.1547005383792515,0,,,,,,,,4,67.25,67.25,67.25,67.0,67.5,0.5,0.28867513459481287,0,,,,,,,,True,,,,,False,False
401117891,2019,regular,9,2019-10-26 23:00:00+00:00,True,False,True,29949,3806,Lincoln Financial Field,218,Temple,2116,UCF,21,63,TEM,American Athletic,fbs,UCF,American Athletic,fbs,4,11.25,11.25,11.25,11.0,11.5,0.5,0.28867513459481287,0,,,,,,,,4,61.5,61.625,61.5,61.5,62.0,0.5,0.25,0,,,,,,,,True,,,,,False,False
401110831,2019,regular,9,2019-10-26 23:00:00+00:00,True,False,True,100233,3657,Bryant-Denny Stadium,333,Alabama,8,Arkansas,48,7,ALA,SEC,fbs,ARK,SEC,fbs,4,-32.0,-32.0,-32.0,-32.0,-32.0,0.0,0.0,0,,,,,,,,4,55.75,55.875,55.75,55.5,56.5,1.0,0.47871355387816905,0,,,,,,,,True,1,,AP,,True,False
401112227,2019,regular,9,2019-10-26 23:30:00+00:00,True,False,False,111909,3558,Michigan Stadium,130,Michigan,87,Notre Dame,45,14,MICH,Big Ten,fbs,ND,FBS Independents,fbs,4,0.0,0.125,0.0,-1.0,1.5,2.5,1.3149778198382918,0,,,,,,,,4,46.5,46.625,46.5,46.5,47.0,0.5,0.25,0,,,,,,,,True,19,8,AP,AP,True,True
401114159,2019,regular,9,2019-10-26 23:30:00+00:00,True,False,True,39811,1056,Rose Bowl,26,UCLA,9,Arizona State,42,32,UCLA,Pac-12,fbs,ASU,Pac-12,fbs,4,3.0,3.0,3.0,3.0,3.0,0.0,0.0,0,,,,,,,,4,56.25,56.125,56.25,55.5,56.5,1.0,0.47871355387816905,0,,,,,,,,True,,24,,AP,False,True
401117531,2019,regular,9,2019-10-26 23:30:00+00:00,True,False,True,32890,3660,Valley Children's Stadium,278,Fresno State,36,Colorado State,31,41,FRES,Mountain West,fbs,CSU,Mountain West,fbs,4,-13.5,-13.625,-13.5,-14.0,-13.5,0.5,0.25,0,,,,,,,,4,56.5,56.625,56.5,56.5,57.0,0.5,0.25,0,,,,,,,,True,,,,,False,False
401110832,2019,regular,9,2019-10-26 23:30:00+00:00,True,False,True,48446,3683,Kroger Field,96,Kentucky,142,Missouri,29,7,UK,SEC,fbs,MIZ,SEC,fbs,4,9.5,9.625,9.5,9.5,10.0,0.5,0.25,0,,,,,,,,4,43.5,43.375,43.5,42.5,44.0,1.5,0.6291528696058958,0,,,,,,,,True,,,,,False,False
401112490,2019,regular,9,2019-10-26 23:30:00+00:00,True,False,True,81081,3836,"Memorial Stadium (Clemson, SC)",228,Clemson,103,Boston College,59,7,CLEM,ACC,fbs,BC,ACC,fbs,4,-35.0,-35.0,-35.0,-35.0,-35.0,0.0,0.0,0,,,,,,,,4,59.0,59.125,59.0,59.0,59.5,0.5,0.25,0,,,,,,,,True,4,,AP,,True,False
401114296,2019,regular,9,2019-10-27 00:00:00+00:00,True,False,True,16084,3946,Sun Bowl,2638,UTEP,2348,Louisiana Tech,21,42,UTEP,Conference USA,fbs,LT,Conference USA,fbs,4,18.5,18.375,18.5,18.0,18.5,0.5,0.25,0,,,,,,,,4,50.0,50.0,50.0,50.0,50.0,0.0,0.0,0,,,,,,,,True,,,,,False,False
401114179,2019,regular,9,2019-10-27 02:00:00+00:00,True,False,True,46626,587,Rice-Eccles Stadium,254,Utah,25,California,35,0,UTAH,Pac-12,fbs,CAL,Pac-12,fbs,4,-21.0,-21.0,-21.0,-21.0,-21.0,0.0,0.0,0,,,,,,,,4,36.5,36.375,36.5,36.0,36.5,0.5,0.25,0,,,,,,,,True,12,,AP,,True,False
401117530,2019,regular,9,2019-10-27 02:15:00+00:00,True,False,True,19248,3713,Falcon Stadium,2005,Air Force,328,Utah State,31,7,AF,Mountain West,fbs,USU,Mountain West,fbs,4,-3.5,-3.625,-3.5,-4.0,-3.5,0.5,0.25,0,,,,,,,,4,59.25,59.375,59.25,58.5,60.5,2.0,1.0307764064044151,0,,,,,,,,True,,,,,False,False
401114197,2019,regular,9,2019-10-27 02:30:00+00:00,True,False,True,59361,3626,Autzen Stadium,2483,Oregon,265,Washington State,37,35,ORE,Pac-12,fbs,WSU,Pac-12,fbs,4,-14.0,-14.125,-14.0,-14.5,-14.0,0.5,0.25,0,,,,,,,,4,68.0,68.0,68.0,67.5,68.5,1.0,0.408248290463863,0,,,,,,,,True,11,,AP,,True,False
401117534,2019,regular,9,2019-10-27 02:30:00+00:00,True,False,True,19652,3914,Sam Boyd Stadium,2439,UNLV,21,San Diego State,17,20,UNLV,Mountain West,fbs,SDSU,Mountain West,fbs,4,11.5,11.5,11.5,11.0,12.0,1.0,0.408248290463863,0,,,,,,,,4,45.0,44.875,45.0,44.5,45.0,0.5,0.25,0,,,,,,,,True,,,,,False,False
401112080,2019,regular,10,2019-11-01 00:00:00+00:00,True,False,True,46379,4727,McLane Stadium,239,Baylor,277,West Virginia,17,14,BAY,Big 12,fbs,WVU,Big 12,fbs,5,-18.0,-18.2,-18.0,-19.0,-17.5,1.5,0.570087712549569,0,,,,,,,,5,57.0,56.8,57.0,56.5,57.0,0.5,0.27386127875258304,0,,,,,,,,True,12,,AP,,True,False
401121960,2019,regular,10,2019-11-01 00:00:00+00:00,True,False,True,18796,3792,Kidd Brewer Stadium,2026,App State,290,Georgia Southern,21,24,APP,Sun Belt,fbs,GASO,Sun Belt,fbs,5,-14.0,-14.1,-14.0,-15.0,-13.5,1.5,0.6519202405202649,0,,,,,,,,5,42.0,42.3,42.0,41.5,44.5,3.0,1.2549900398011133,0,,,,,,,,True,20,,AP,,True,False
401117894,2019,regular,10,2019-11-02 00:00:00+00:00,True,False,True,16659,3892,Pratt & Whitney Stadium,41,UConn,2426,Navy,10,56,CONN,American Athletic,fbs,NAVY,American Athletic,fbs,5,26.5,26.2,26.5,25.5,26.5,1.0,0.4472135954999579,0,,,,,,,,5,55.0,54.8,55.0,54.5,55.0,0.5,0.27386127875258304,0,,,,,,,,True,,,,,False,False
401119294,2019,regular,10,2019-11-02 16:00:00+00:00,True,False,True,16017,3912,Rynearson Stadium,2199,Eastern Michigan,2084,Buffalo,14,43,EMU,Mid-American,fbs,BUF,Mid-American,fbs,5,1.5,1.5,1.5,1.0,2.0,1.0,0.3535533905932738,0,,,,,,,,5,50.0,49.9,50.0,49.5,50.5,1.0,0.4183300132670378,0,,,,,,,,True,,,,,False,False
401114352,2019,regular,10,2019-11-02 16:00:00+00:00,True,False,False,10184,3985,Warren McGuirk Alumni Stadium,113,Massachusetts,2335,Liberty,21,63,MASS,FBS Independents,fbs,LIB,FBS Independents,fbs,5,24.0,23.8,24.0,23.5,24.0,0.5,0.27386127875258304,0,,,,,,,,5,72.0,71.9,72.0,71.5,72.5,1.0,0.4183300132670378,0,,,,,,,,True,,,,,False,False
401117895,2019,regular,10,2019-11-02 16:00:00+00:00,True,False,True,41361,3652,FBC Mortgage Stadium,2116,UCF,248,Houston,44,29,UCF,American Athletic,fbs,HOU,American Athletic,fbs,5,-22.0,-21.8,-22.0,-22.0,-21.5,0.5,0.27386127875258304,0,,,,,,,,5,73.0,73.1,73.0,72.0,74.0,2.0,0.7416198487095663,0,,,,,,,,True,,,,,False,False
401112500,2019,regular,10,2019-11-02 16:00:00+00:00,True,False,True,31199,3630,Allegacy Federal Credit Union Stadium,154,Wake Forest,152,NC State,44,10,WAKE,ACC,fbs,NCSU,ACC,fbs,5,-8.0,-8.0,-8.0,-8.5,-7.5,1.0,0.3535533905932738,0,,,,,,,,5,61.0,60.8,61.0,60.0,61.5,1.5,0.570087712549569,0,,,,,,,,True,23,,AP,,True,False
401112208,2019,regular,10,2019-11-02 16:00:00+00:00,True,False,True,40701,3665,SECU Stadium,120,Maryland,130,Michigan,7,38,MD,Big Ten,fbs,MICH,Big Ten,fbs,5,21.5,21.5,21.5,21.0,22.0,1.0,0.3535533905932738,0,,,,,,,,5,57.5,57.7,57.5,57.5,58.5,1.0,0.4472135954999579,0,,,,,,,,True,,14,,AP,False,True
401110841,2019,regular,10,2019-11-02 16:00:00+00:00,True,False,False,100635,3795,Kyle Field,245,Texas A&M,2636,UTSA,45,14,TA&M,SEC,fbs,UTSA,Conference USA,fbs,5,-37.5,-37.8,-37.5,-38.5,-37.5,1.0,0.4472135954999579,0,,,,,,,,5,55.0,55.2,55.0,55.0,55.5,0.5,0.27386127875258304,0,,,,,,,,True,,,,,False,False
401112495,2019,regular,10,2019-11-02 16:00:00+00:00,True,False,True,42857,1964,JMA Wireless Dome,183,Syracuse,103,Boston College,27,58,SYR,ACC,fbs,BC,ACC,fbs,5,-3.0,-3.0,-3.0,-3.0,-3.0,0.0,0.0,0,,,,,,,,5,59.0,59.0,59.0,59.0,59.0,0.0,0.0,0,,,,,,,,True,,,,,False,False
401119295,2019,regular,10,2019-11-02 16:00:00+00:00,True,False,True,10438,3786,Kelly/Shorts Stadium,2117,Central Michigan,2459,Northern Illinois,48,10,CMU,Mid-American,fbs,NIU,Mid-American,fbs,5,1.5,1.4,1.5,1.0,1.5,0.5,0.22360679774997896,0,,,,,,,,5,49.0,48.8,49.0,48.5,49.0,0.5,0.27386127875258304,0,,,,,,,,True,,,,,False,False
401112243,2019,regular,10,2019-11-02 16:00:00+00:00,True,False,True,50606,3907,Ross-Ade Stadium,2509,Purdue,158,Nebraska,31,27,PUR,Big Ten,fbs,NEB,Big Ten,fbs,5,4.0,4.0,4.0,3.5,4.5,1.0,0.3535533905932738,0,,,,,,,,5,58.0,57.8,58.0,57.0,58.0,1.0,0.4472135954999579,0,,,,,,,,True,,,,,False,False
401114300,2019,regular,10,2019-11-02 16:00:00+00:00,True,False,True,14644,218,FIU Stadium,2229,Florida International,295,Old Dominion,24,17,FIU,Conference USA,fbs,ODU,Conference USA,fbs,5,-17.5,-17.6,-17.5,-18.0,-17.5,0.5,0.22360679774997896,0,,,,,,,,5,47.5,47.3,47.5,47.0,47.5,0.5,0.27386127875258304,0,,,,,,,,True,,,,,False,False
401119293,2019,regular,10,2019-11-02 18:00:00+00:00,True,False,True,12113,3700,Doyt L. Perry Stadium,189,Bowling Green,2006,Akron,35,6,BGSU,Mid-American,fbs,AKR,Mid-American,fbs,5,-4.0,-4.0,-4.0,-4.5,-3.5,1.0,0.3535533905932738,0,,,,,,,,5,49.5,49.4,49.5,49.0,49.5,0.5,0.22360679774997896,0,,,,,,,,True,,,,,False,False
401112501,2019,regular,10,2019-11-02 18:30:00+00:00,True,False,False,77622,3855,Notre Dame Stadium,87,Notre Dame,259,Virginia Tech,21,20,ND,FBS Independents,fbs,VT,ACC,fbs,5,-17.5,-17.4,-17.5,-17.5,-17.0,0.5,0.22360679774997896,0,,,,,,,,5,59.0,58.8,59.0,58.0,59.0,1.0,0.4472135954999579,0,,,,,,,,True,16,,AP,,True,False
401121962,2019,regular,10,2019-11-02 19:00:00+00:00,True,False,True,15098,3654,Brooks Stadium (SC),324,Coastal Carolina,2653,Troy,36,35,CCU,Sun Belt,fbs,TROY,Sun Belt,fbs,5,2.0,1.8,2.0,1.0,2.0,1.0,0.4472135954999579,0,,,,,,,,5,60.5,60.3,60.5,60.0,60.5,0.5,0.27386127875258304,0,,,,,,,,True,,,,,False,False
401114303,2019,regular,10,2019-11-02 19:30:00+00:00,True,False,True,22548,3825,DATCU Stadium,249,North Texas,2638,UTEP,52,26,UNT,Conference USA,fbs,UTEP,Conference USA,fbs,5,-22.0,-22.2,-22.0,-22.5,-22.0,0.5,0.27386127875258304,0,,,,,,,,5,58.5,58.5,58.5,58.0,59.0,1.0,0.3535533905932738,0,,,,,,,,True,,,,,False,False
401112153,2019,regular,10,2019-11-02 19:30:00+00:00,True,False,True,35652,3832,"Memorial Stadium (Champaign, IL)",356,Illinois,164,Rutgers,38,10,ILL,Big Ten,fbs,RUTG,Big Ten,fbs,4,-18.75,-18.75,-18.75,-19.0,-18.5,0.5,0.28867513459481287,0,,,,,,,,4,48.5,48.5,48.5,48.0,49.0,1.0,0.408248290463863,0,,,,,,,,True,,,,,False,False
401112104,2019,regular,10,2019-11-02 19:30:00+00:00,True,False,True,47233,3833,Memorial Stadium,2305,Kansas,2306,Kansas State,10,38,KU,Big 12,fbs,KSU,Big 12,fbs,5,4.5,4.8,4.5,4.5,5.5,1.0,0.4472135954999579,0,,,,,,,,5,55.0,54.7,55.0,54.0,55.0,1.0,0.4472135954999579,0,,,,,,,,True,,22,,AP,False,True
401117538,2019,regular,10,2019-11-02 19:30:00+00:00,True,False,True,24103,5388,Canvas Stadium,36,Colorado State,2439,UNLV,37,17,CSU,Mountain West,fbs,UNLV,Mountain West,fbs,5,-7.5,-7.6,-7.5,-8.0,-7.5,0.5,0.22360679774997896,0,,,,,,,,5,64.0,63.9,64.0,63.5,64.5,1.0,0.4183300132670378,0,,,,,,,,True,,,,,False,False
401121961,2019,regular,10,2019-11-02 19:30:00+00:00,True,False,True,15327,3817,Malone Stadium,2433,UL Monroe,2032,Arkansas State,41,48,ULM,Sun Belt,fbs,ARST,Sun Belt,fbs,5,1.0,0.6,1.0,0.0,1.0,1.0,0.5477225575051661,0,,,,,,,,5,69.5,69.1,69.5,68.0,69.5,1.5,0.6519202405202649,0,,,,,,,,True,,,,,False,False
401110838,2019,regular,10,2019-11-02 19:30:00+00:00,True,True,True,84789,3712,EverBank Stadium,57,Florida,61,Georgia,17,24,FLA,SEC,fbs,UGA,SEC,fbs,5,6.5,6.5,6.5,6.5,6.5,0.0,0.0,0,,,,,,,,5,47.5,47.5,47.5,47.0,48.0,1.0,0.3535533905932738,0,,,,,,,,True,6,8,AP,AP,True,True
401114331,2019,regular,10,2019-11-02 19:30:00+00:00,True,False,False,41401,3713,Falcon Stadium,2005,Air Force,349,Army,17,13,AF,Mountain West,fbs,ARMY,FBS Independents,fbs,5,-17.0,-17.0,-17.0,-17.0,-17.0,0.0,0.0,0,,,,,,,,5,44.5,44.6,44.5,44.0,45.0,1.0,0.4183300132670378,0,,,,,,,,True,,,,,False,False
401114299,2019,regular,10,2019-11-02 19:30:00+00:00,True,False,True,13879,4418,Jerry Richardson Stadium,2429,Charlotte,2393,Middle Tennessee,34,20,CLT,Conference USA,fbs,MTSU,Conference USA,fbs,5,4.5,4.3,4.5,3.5,5.0,1.5,0.758287544405155,0,,,,,,,,5,65.0,65.4,65.0,65.0,66.5,1.5,0.6519202405202649,0,,,,,,,,True,,,,,False,False
401112127,2019,regular,10,2019-11-02 19:30:00+00:00,True,False,True,52861,3646,Boone Pickens Stadium,197,Oklahoma State,2628,TCU,34,27,OKST,Big 12,fbs,TCU,Big 12,fbs,5,-1.5,-0.9,-1.5,-1.5,1.0,2.5,1.08397416943394,0,,,,,,,,5,58.5,58.7,58.5,58.5,59.5,1.0,0.4472135954999579,0,,,,,,,,True,,,,,False,False
401114302,2019,regular,10,2019-11-02 19:30:00+00:00,True,False,True,17385,3895,Rice Stadium,242,Rice,276,Marshall,7,20,RICE,Conference USA,fbs,MRSH,Conference USA,fbs,5,11.5,11.7,11.5,11.5,12.0,0.5,0.27386127875258304,0,,,,,,,,5,48.5,48.4,48.5,48.0,48.5,0.5,0.22360679774997896,0,,,,,,,,True,,,,,False,False
401112497,2019,regular,10,2019-11-02 19:30:00+00:00,True,False,True,63995,3697,Doak Campbell Stadium,52,Florida State,2390,Miami,10,27,FSU,ACC,fbs,MIA,ACC,fbs,5,-3.0,-3.0,-3.0,-3.0,-3.0,0.0,0.0,0,,,,,,,,5,49.5,49.6,49.5,49.5,50.0,0.5,0.22360679774997896,0,,,,,,,,True,,,,,False,False
401110836,2019,regular,10,2019-11-02 20:00:00+00:00,True,False,True,52256,3887,Razorback Stadium,8,Arkansas,344,Mississippi State,24,54,ARK,SEC,fbs,MSST,SEC,fbs,5,7.0,7.0,7.0,7.0,7.0,0.0,0.0,0,,,,,,,,5,59.0,58.9,59.0,58.5,59.0,0.5,0.22360679774997896,0,,,,,,,,True,,,,,False,False
401117898,2019,regular,10,2019-11-02 20:00:00+00:00,True,False,True,27417,4729,Yulman Stadium,2655,Tulane,202,Tulsa,38,26,TULN,American Athletic,fbs,TLSA,American Athletic,fbs,5,-10.0,-10.1,-10.0,-10.5,-10.0,0.5,0.22360679774997896,0,,,,,,,,5,59.5,59.5,59.5,59.5,59.5,0.0,0.0,0,,,,,,,,True,,,,,False,False
401114301,2019,regular,10,2019-11-02 20:00:00+00:00,True,False,True,14212,3796,Houchens Industries-L.T. Smith Stadium,98,Western Kentucky,2226,Florida Atlantic,24,35,WKU,Conference USA,fbs,FAU,Conference USA,fbs,5,1.0,1.1,1.0,0.0,2.0,2.0,0.7416198487095663,0,,,,,,,,5,51.0,51.0,51.0,50.5,51.5,1.0,0.3535533905932738,0,,,,,,,,True,,,,,False,False
401112496,2019,regular,10,2019-11-02 20:00:00+00:00,True,False,False,81500,3836,"Memorial Stadium (Clemson, SC)",228,Clemson,2747,Wofford,59,14,CLEM,ACC,fbs,WOF,Southern,fcs,1,-48.5,-48.5,-48.5,-48.5,-48.5,0.0,0.0,0,,,,,,,,1,58.5,58.5,58.5,58.5,58.5,0.0,0.0,0,,,,,,,,True,4,,AP,,True,False
401112498,2019,regular,10,2019-11-02 20:00:00+00:00,True,False,True,41219,721,Bobby Dodd Stadium,59,Georgia Tech,221,Pittsburgh,10,20,GT,ACC,fbs,PITT,ACC,fbs,5,9.5,9.3,9.5,8.5,9.5,1.0,0.4472135954999579,0,,,,,,,,5,44.0,44.0,44.0,44.0,44.0,0.0,0.0,0,,,,,,,,True,,,,,False,False
401114227,2019,regular,10,2019-11-02 20:00:00+00:00,True,False,True,69270,3765,Husky Stadium,264,Washington,254,Utah,28,33,WASH,Pac-12,fbs,UTAH,Pac-12,fbs,5,3.0,3.1,3.0,3.0,3.5,0.5,0.22360679774997896,0,,,,,,,,5,48.0,48.1,48.0,47.5,48.5,1.0,0.4183300132670378,0,,,,,,,,True,,9,,AP,False,True
401114171,2019,regular,10,2019-11-02 20:30:00+00:00,True,False,True,36939,3619,Arizona Stadium,12,Arizona,204,Oregon State,38,56,ARIZ,Pac-12,fbs,ORST,Pac-12,fbs,5,-4.5,-4.7,-4.5,-5.5,-4.5,1.0,0.4472135954999579,0,,,,,,,,5,71.5,71.7,71.5,71.5,72.0,0.5,0.27386127875258304,0,,,,,,,,True,,,,,False,False
401121963,2019,regular,10,2019-11-02 21:00:00+00:00,True,False,True,21063,3666,Cajun Field,309,Louisiana,326,Texas State,31,3,UL,Sun Belt,fbs,TXST,Sun Belt,fbs,5,-23.0,-23.1,-23.0,-23.5,-23.0,0.5,0.22360679774997896,0,,,,,,,,5,55.5,55.2,55.5,54.5,55.5,1.0,0.4472135954999579,0,,,,,,,,True,,,,,False,False
401112165,2019,regular,10,2019-11-02 23:00:00+00:00,True,False,True,40924,3830,"Memorial Stadium (Bloomington, IN)",84,Indiana,77,Northwestern,34,3,IU,Big Ten,fbs,NU,Big Ten,fbs,5,-8.5,-8.4,-8.5,-9.0,-8.0,1.0,0.4183300132670378,0,,,,,,,,5,43.5,43.8,43.5,43.5,44.5,1.0,0.4472135954999579,0,,,,,,,,True,,,,,False,False
401110840,2019,regular,10,2019-11-02 23:00:00+00:00,True,False,False,85791,3853,Neyland Stadium,2633,Tennessee,5,UAB,30,7,TENN,SEC,fbs,UAB,Conference USA,fbs,5,-13.5,-13.6,-13.5,-14.0,-13.5,0.5,0.22360679774997896,0,,,,,,,,5,49.0,49.1,49.0,49.0,49.5,0.5,0.22360679774997896,0,,,,,,,,True,,,,,False,False
401110837,2019,regular,10,2019-11-02 23:00:00+00:00,True,False,True,87457,3785,Jordan-Hare Stadium,2,Auburn,145,Ole Miss,20,14,AUB,SEC,fbs,MISS,SEC,fbs,5,-17.5,-17.5,-17.5,-18.0,-17.0,1.0,0.3535533905932738,0,,,,,,,,5,53.5,53.4,53.5,53.0,53.5,0.5,0.22360679774997896,0,,,,,,,,True,11,,AP,,True,False
401117896,2019,regular,10,2019-11-02 23:00:00+00:00,True,False,True,32276,3699,Dowdy-Ficklen Stadium,151,East Carolina,2132,Cincinnati,43,46,ECU,American Athletic,fbs,CIN,American Athletic,fbs,5,24.5,24.5,24.5,24.0,25.0,1.0,0.3535533905932738,0,,,,,,,,5,48.5,48.5,48.5,48.5,48.5,0.0,0.0,0,,,,,,,,True,,17,,AP,False,True
401117897,2019,regular,10,2019-11-02 23:30:00+00:00,True,False,True,59506,3805,Simmons Bank Liberty Stadium,235,Memphis,2567,SMU,54,48,MEM,American Athletic,fbs,SMU,American Athletic,fbs,5,-6.5,-6.5,-6.5,-6.5,-6.5,0.0,0.0,0,,,,,,,,5,71.5,71.4,71.5,71.0,72.0,1.0,0.4183300132670378,0,,,,,,,,True,24,15,AP,AP,True,True
401112499,2019,regular,10,2019-11-02 23:30:00+00:00,True,False,True,50500,3787,Kenan Stadium,153,North Carolina,258,Virginia,31,38,UNC,ACC,fbs,UVA,ACC,fbs,5,-1.0,-0.6,-1.0,-1.0,1.0,2.0,0.8944271909999159,0,,,,,,,,5,48.0,48.0,48.0,48.0,48.0,0.0,0.0,0,,,,,,,,True,,,,,False,False
401110839,2019,regular,10,2019-11-02 23:30:00+00:00,True,False,True,71945,3994,Williams-Brice Stadium,2579,South Carolina,238,Vanderbilt,24,7,SC,SEC,fbs,VAN,SEC,fbs,5,-15.0,-15.2,-15.0,-15.5,-15.0,0.5,0.27386127875258304,0,,,,,,,,5,51.0,51.2,51.0,51.0,51.5,0.5,0.27386127875258304,0,,,,,,,,True,,,,,False,False
401114198,2019,regular,10,2019-11-03 00:00:00+00:00,True,False,True,63011,477,Los Angeles Memorial Coliseum,30,USC,2483,Oregon,24,56,USC,Pac-12,fbs,ORE,Pac-12,fbs,5,3.5,3.6,3.5,3.5,4.0,0.5,0.22360679774997896,0,,,,,,,,5,60.5,60.3,60.5,59.5,61.0,1.5,0.570087712549569,0,,,,,,,,True,,7,,AP,False,True
401114189,2019,regular,10,2019-11-03 01:00:00+00:00,True,False,True,47118,1056,Rose Bowl,26,UCLA,38,Colorado,31,14,UCLA,Pac-12,fbs,COLO,Pac-12,fbs,5,-6.5,-6.6,-6.5,-7.0,-6.5,0.5,0.22360679774997896,0,,,,,,,,5,64.5,64.5,64.5,64.0,65.0,1.0,0.5,0,,,,,,,,True,,,,,False,False
401117216,2019,regular,10,2019-11-03 02:00:00+00:00,True,False,False,25472,3905,Maverik Stadium,328,Utah State,252,BYU,14,42,USU,Mountain West,fbs,BYU,FBS Independents,fbs,5,-3.0,-3.0,-3.0,-3.0,-3.0,0.0,0.0,0,,,,,,,,5,51.5,51.6,51.5,51.0,53.0,2.0,0.8215838362577492,0,,,,,,,,True,,,,,False,False
401117536,2019,regular,10,2019-11-03 02:30:00+00:00,True,False,True,15631,3816,Mackay Stadium,2440,Nevada,167,New Mexico,21,10,NEV,Mountain West,fbs,UNM,Mountain West,fbs,5,-3.5,-3.7,-3.5,-4.0,-3.5,0.5,0.27386127875258304,0,,,,,,,,5,58.0,58.1,58.0,58.0,58.5,0.5,0.22360679774997896,0,,,,,,,,True,,,,,False,False
401117535,2019,regular,10,2019-11-03 02:30:00+00:00,True,False,True,19184,3935,CEFCU Stadium,23,San José State,68,Boise State,42,52,SJSU,Mountain West,fbs,BOIS,Mountain West,fbs,5,16.5,16.2,16.5,15.5,16.5,1.0,0.4472135954999579,0,,,,,,,,5,60.5,60.6,60.5,60.0,61.0,1.0,0.4183300132670378,0,,,,,,,,True,,21,,AP,False,True
401117537,2019,regular,10,2019-11-03 03:59:00+00:00,True,False,True,22058,3610,Aloha Stadium,62,Hawai'i,278,Fresno State,38,41,HAW,Mountain West,fbs,FRES,Mountain West,fbs,5,-2.0,-2.1,-2.0,-3.0,-1.5,1.5,0.5477225575051661,0,,,,,,,,5,67.0,67.5,67.0,66.5,69.5,3.0,1.2747548783981961,0,,,,,,,,True,,,,,False,False
401119297,2019,regular,11,2019-11-06 00:00:00+00:00,True,False,True,16331,3739,Glass Bowl,2649,Toledo,2309,Kent State,35,33,TOL,Mid-American,fbs,KENT,Mid-American,fbs,5,-4.5,-4.7,-4.5,-5.5,-4.0,1.5,0.758287544405155,0,,,,,,,,5,63.0,63.1,63.0,62.5,63.5,1.0,0.4183300132670378,0,,,,,,,,True,,,,,False,False
401119296,2019,regular,11,2019-11-06 01:00:00+00:00,True,False,True,11314,3980,Waldo Stadium,2711,Western Michigan,2050,Ball State,35,31,WMU,Mid-American,fbs,BALL,Mid-American,fbs,5,-6.5,-6.5,-6.5,-6.5,-6.5,0.0,0.0,0,,,,,,,,5,65.0,64.6,65.0,64.0,65.0,1.0,0.5477225575051661,0,,,,,,,,True,,,,,False,False
401119298,2019,regular,11,2019-11-07 01:00:00+00:00,True,False,True,20589,3876,Peden Stadium,195,Ohio,193,Miami (OH),21,24,OHIO,Mid-American,fbs,M-OH,Mid-American,fbs,5,-7.0,-7.1,-7.0,-7.5,-7.0,0.5,0.22360679774997896,0,,,,,,,,5,57.5,57.3,57.5,57.0,57.5,0.5,0.27386127875258304,0,,,,,,,,True,,,,,False,False
401121964,2019,regular,11,2019-11-08 00:30:00+00:00,True,False,True,14857,3654,Brooks Stadium (SC),324,Coastal Carolina,309,Louisiana,7,48,CCU,Sun Belt,fbs,UL,Sun Belt,fbs,5,14.0,14.0,14.0,14.0,14.0,0.0,0.0,0,,,,,,,,5,58.0,58.2,58.0,58.0,58.5,0.5,0.27386127875258304,0,,,,,,,,True,,,,,False,False
401117899,2019,regular,11,2019-11-08 01:00:00+00:00,True,False,True,26214,3886,Raymond James Stadium,58,South Florida,218,Temple,7,17,USF,American Athletic,fbs,TEM,American Athletic,fbs,5,0.0,0.0,0.0,-1.0,1.0,2.0,1.0,0,,,,,,,,5,50.0,49.8,50.0,49.5,50.0,0.5,0.27386127875258304,0,,,,,,,,True,,,,,False,False
401117900,2019,regular,11,2019-11-09 00:00:00+00:00,True,False,True,16331,3674,Chapman Stadium,202,Tulsa,2116,UCF,34,31,TLSA,American Athletic,fbs,UCF,American Athletic,fbs,5,17.0,16.8,17.0,16.5,17.0,0.5,0.27386127875258304,0,,,,,,,,5,68.5,68.5,68.5,68.0,69.0,1.0,0.3535533905932738,0,,,,,,,,True,,,,,False,False
401114205,2019,regular,11,2019-11-09 03:30:00+00:00,True,False,True,34244,3893,Reser Stadium,204,Oregon State,264,Washington,7,19,ORST,Pac-12,fbs,WASH,Pac-12,fbs,5,10.5,10.5,10.5,10.0,11.0,1.0,0.3535533905932738,0,,,,,,,,5,64.5,64.6,64.5,64.0,65.0,1.0,0.4183300132670378,0,,,,,,,,True,,,,,False,False
401112081,2019,regular,11,2019-11-09 17:00:00+00:00,True,False,True,45870,3616,Amon G. Carter Stadium,2628,TCU,239,Baylor,23,29,TCU,Big 12,fbs,BAY,Big 12,fbs,5,2.0,2.0,2.0,1.0,3.0,2.0,0.7071067811865476,0,,,,,,,,5,48.5,48.4,48.5,48.0,49.0,1.0,0.4183300132670378,0,,,,,,,,True,,12,,CFP,False,True
401112142,2019,regular,11,2019-11-09 17:00:00+00:00,True,False,True,56573,3842,Milan Puskar Stadium,277,West Virginia,2641,Texas Tech,17,38,WVU,Big 12,fbs,TTU,Big 12,fbs,5,2.5,2.5,2.5,2.5,2.5,0.0,0.0,0,,,,,,,,5,56.5,56.6,56.5,56.0,57.5,1.5,0.6519202405202649,0,,,,,,,,True,,,,,False,False
401117902,2019,regular,11,2019-11-09 17:00:00+00:00,True,False,True,29528,3735,Gerald J. Ford Stadium,2567,SMU,151,East Carolina,59,51,SMU,American Athletic,fbs,ECU,American Athletic,fbs,5,-22.5,-22.4,-22.5,-23.0,-21.5,1.5,0.6519202405202649,0,,,,,,,,5,74.0,74.0,74.0,74.0,74.0,0.0,0.0,0,,,,,,,,True,25,,CFP,,True,False
401110844,2019,regular,11,2019-11-09 17:00:00+00:00,True,False,True,86201,3634,Ben Hill Griffin Stadium,57,Florida,238,Vanderbilt,56,0,FLA,SEC,fbs,VAN,SEC,fbs,5,-27.0,-27.0,-27.0,-27.5,-26.5,1.0,0.3535533905932738,0,,,,,,,,5,49.0,49.3,49.0,49.0,50.0,1.0,0.4472135954999579,0,,,,,,,,True,10,,CFP,,True,False
401112209,2019,regular,11,2019-11-09 17:00:00+00:00,True,False,True,101022,3861,Ohio Stadium,194,Ohio State,120,Maryland,73,14,OSU,Big Ten,fbs,MD,Big Ten,fbs,5,-42.5,-42.8,-42.5,-43.5,-42.5,1.0,0.4472135954999579,0,,,,,,,,5,66.0,66.0,66.0,66.0,66.0,0.0,0.0,0,,,,,,,,True,1,,CFP,,True,False
401112249,2019,regular,11,2019-11-09 17:00:00+00:00,True,False,True,37194,3911,Ryan Field,77,Northwestern,2509,Purdue,22,24,NU,Big Ten,fbs,PUR,Big Ten,fbs,5,-1.0,-0.6,-1.0,-1.0,0.0,1.0,0.5477225575051661,0,,,,,,,,5,39.0,38.9,39.0,38.5,39.0,0.5,0.22360679774997896,0,,,,,,,,True,,,,,False,False
401112235,2019,regular,11,2019-11-09 17:00:00+00:00,True,False,True,51883,3953,Huntington Bank Stadium,135,Minnesota,213,Penn State,31,26,MINN,Big Ten,fbs,PSU,Big Ten,fbs,5,6.5,6.6,6.5,6.5,7.0,0.5,0.22360679774997896,0,,,,,,,,5,49.0,48.8,49.0,48.5,49.0,0.5,0.27386127875258304,0,,,,,,,,True,17,4,CFP,CFP,True,True
401114332,2019,regular,11,2019-11-09 17:00:00+00:00,True,False,False,35567,3841,Michie Stadium,349,Army,113,Massachusetts,63,7,ARMY,FBS Independents,fbs,MASS,FBS Independents,fbs,5,-34.5,-34.5,-34.5,-35.0,-34.0,1.0,0.3535533905932738,0,,,,,,,,5,60.0,60.3,60.0,60.0,61.0,1.0,0.4472135954999579,0,,,,,,,,True,,,,,False,False
401112502,2019,regular,11,2019-11-09 17:00:00+00:00,True,False,True,37312,3615,"Alumni Stadium (Chestnut Hill, MA)",103,Boston College,52,Florida State,31,38,BC,ACC,fbs,FSU,ACC,fbs,5,-1.0,-1.2,-1.0,-1.5,-1.0,0.5,0.27386127875258304,0,,,,,,,,5,64.5,64.3,64.5,64.0,64.5,0.5,0.27386127875258304,0,,,,,,,,True,,,,,False,False
401110843,2019,regular,11,2019-11-09 17:00:00+00:00,True,False,False,42985,3887,Razorback Stadium,8,Arkansas,98,Western Kentucky,19,45,ARK,SEC,fbs,WKU,Conference USA,fbs,5,-1.0,-0.4,-1.0,-1.0,1.0,2.0,0.8944271909999159,0,,,,,,,,5,51.0,51.0,51.0,51.0,51.0,0.0,0.0,0,,,,,,,,True,,,,,False,False
401112504,2019,regular,11,2019-11-09 17:30:00+00:00,True,False,True,44596,3923,Scott Stadium,258,Virginia,59,Georgia Tech,33,28,UVA,ACC,fbs,GT,ACC,fbs,5,-16.0,-15.9,-16.0,-16.0,-15.5,0.5,0.22360679774997896,0,,,,,,,,5,45.5,45.9,45.5,45.5,46.5,1.0,0.5477225575051661,0,,,,,,,,True,,,,,False,False
401114307,2019,regular,11,2019-11-09 19:00:00+00:00,True,False,True,16297,3918,S.B. Ballard Stadium,295,Old Dominion,2636,UTSA,23,24,ODU,Conference USA,fbs,UTSA,Conference USA,fbs,5,-3.0,-3.0,-3.0,-3.0,-3.0,0.0,0.0,0,,,,,,,,5,42.0,42.1,42.0,41.5,43.0,1.5,0.5477225575051661,0,,,,,,,,True,,,,,False,False
401121967,2019,regular,11,2019-11-09 20:00:00+00:00,True,False,True,15473,3644,Bobcat Stadium (TX),326,Texas State,6,South Alabama,30,28,TXST,Sun Belt,fbs,USA,Sun Belt,fbs,5,-7.0,-7.0,-7.0,-7.0,-7.0,0.0,0.0,0,,,,,,,,5,41.5,41.5,41.5,41.0,42.5,1.5,0.6123724356957945,0,,,,,,,,True,,,,,False,False
401114190,2019,regular,11,2019-11-09 20:00:00+00:00,True,False,True,49224,3726,Folsom Field,38,Colorado,24,Stanford,16,13,COLO,Pac-12,fbs,STAN,Pac-12,fbs,5,4.0,4.0,4.0,4.0,4.0,0.0,0.0,0,,,,,,,,5,57.0,56.9,57.0,56.5,57.5,1.0,0.4183300132670378,0,,,,,,,,True,,,,,False,False
401114304,2019,regular,11,2019-11-09 20:00:00+00:00,True,False,True,15683,3946,Sun Bowl,2638,UTEP,2429,Charlotte,21,28,UTEP,Conference USA,fbs,CLT,Conference USA,fbs,5,12.5,12.5,12.5,11.5,13.0,1.5,0.6123724356957945,0,,,,,,,,5,55.0,55.0,55.0,55.0,55.0,0.0,0.0,0,,,,,,,,True,,,,,False,False
401110842,2019,regular,11,2019-11-09 20:30:00+00:00,True,False,True,101821,3657,Bryant-Denny Stadium,333,Alabama,99,LSU,41,46,ALA,SEC,fbs,LSU,SEC,fbs,5,-5.0,-5.3,-5.0,-6.0,-5.0,1.0,0.4472135954999579,0,,,,,,,,5,65.5,65.4,65.5,65.0,65.5,0.5,0.22360679774997896,0,,,,,,,,True,3,2,CFP,CFP,True,True
401112111,2019,regular,11,2019-11-09 20:30:00+00:00,True,False,True,97833,3910,DKR-Texas Memorial Stadium,251,Texas,2306,Kansas State,27,24,TEX,Big 12,fbs,KSU,Big 12,fbs,5,-7.0,-7.1,-7.0,-7.5,-7.0,0.5,0.22360679774997896,0,,,,,,,,5,57.5,57.5,57.5,57.0,58.0,1.0,0.3535533905932738,0,,,,,,,,True,,16,,CFP,False,True
401121965,2019,regular,11,2019-11-09 20:30:00+00:00,True,False,True,22108,3975,Veterans Memorial Stadium (AL),2653,Troy,290,Georgia Southern,49,28,TROY,Sun Belt,fbs,GASO,Sun Belt,fbs,5,2.5,2.3,2.5,2.0,2.5,0.5,0.27386127875258304,0,,,,,,,,5,57.0,56.6,57.0,56.0,57.0,1.0,0.5477225575051661,0,,,,,,,,True,,,,,False,False
401114308,2019,regular,11,2019-11-09 20:30:00+00:00,True,False,True,23819,3815,M. M. Roberts Stadium,2572,Southern Miss,5,UAB,37,2,USM,Conference USA,fbs,UAB,Conference USA,fbs,5,-7.0,-7.2,-7.0,-7.5,-7.0,0.5,0.27386127875258304,0,,,,,,,,5,49.5,49.4,49.5,49.0,49.5,0.5,0.22360679774997896,0,,,,,,,,True,,,,,False,False
401114160,2019,regular,11,2019-11-09 20:30:00+00:00,True,False,True,54191,3947,Mountain America Stadium,9,Arizona State,30,USC,26,31,ASU,Pac-12,fbs,USC,Pac-12,fbs,5,4.0,4.2,4.0,3.5,5.0,1.5,0.570087712549569,0,,,,,,,,5,54.5,54.3,54.5,54.0,54.5,0.5,0.27386127875258304,0,,,,,,,,True,,,,,False,False
401117901,2019,regular,11,2019-11-09 20:30:00+00:00,True,False,True,38919,3854,Nippert Stadium,2132,Cincinnati,41,UConn,48,3,CIN,American Athletic,fbs,CONN,American Athletic,fbs,5,-34.0,-34.0,-34.0,-34.5,-33.5,1.0,0.3535533905932738,0,,,,,,,,5,53.0,52.8,53.0,52.5,53.0,0.5,0.27386127875258304,0,,,,,,,,True,20,,CFP,,True,False
401112506,2019,regular,11,2019-11-09 20:30:00+00:00,True,False,True,65632,3799,Lane Stadium,259,Virginia Tech,154,Wake Forest,36,17,VT,ACC,fbs,WAKE,ACC,fbs,5,2.5,2.7,2.5,2.5,3.0,0.5,0.27386127875258304,0,,,,,,,,5,60.5,60.7,60.5,60.5,61.0,0.5,0.27386127875258304,0,,,,,,,,True,,19,,CFP,False,True
401112154,2019,regular,11,2019-11-09 20:30:00+00:00,True,False,True,63370,3936,Spartan Stadium,127,Michigan State,356,Illinois,34,37,MSU,Big Ten,fbs,ILL,Big Ten,fbs,5,-15.5,-15.3,-15.5,-16.0,-14.5,1.5,0.570087712549569,0,,,,,,,,5,47.0,47.3,47.0,47.0,48.0,1.0,0.4472135954999579,0,,,,,,,,True,,,,,False,False
401112505,2019,regular,11,2019-11-09 20:30:00+00:00,True,False,True,53111,3948,Hard Rock Stadium,2390,Miami,97,Louisville,52,27,MIA,ACC,fbs,LOU,ACC,fbs,5,-6.5,-6.6,-6.5,-7.0,-6.5,0.5,0.22360679774997896,0,,,,,,,,5,49.0,49.0,49.0,48.5,49.5,1.0,0.3535533905932738,0,,,,,,,,True,,,,,False,False
401114306,2019,regular,11,2019-11-09 21:00:00+00:00,True,False,True,22792,3776,Joe Aillet Stadium,2348,Louisiana Tech,249,North Texas,52,17,LT,Conference USA,fbs,UNT,Conference USA,fbs,5,-5.5,-5.6,-5.5,-6.0,-5.5,0.5,0.22360679774997896,0,,,,,,,,5,72.0,72.0,72.0,71.5,72.5,1.0,0.5,0,,,,,,,,True,,,,,False,False
401110847,2019,regular,11,2019-11-09 21:00:00+00:00,True,False,False,45973,3974,Vaught-Hemingway Stadium,145,Ole Miss,166,New Mexico State,41,3,MISS,SEC,fbs,NMSU,FBS Independents,fbs,5,-28.5,-28.4,-28.5,-28.5,-28.0,0.5,0.22360679774997896,0,,,,,,,,5,64.5,64.5,64.5,64.5,64.5,0.0,0.0,0,,,,,,,,True,,,,,False,False
401112198,2019,regular,11,2019-11-09 21:00:00+00:00,True,False,True,78018,347,Camp Randall Stadium,275,Wisconsin,2294,Iowa,24,22,WIS,Big Ten,fbs,IOWA,Big Ten,fbs,5,-7.5,-7.7,-7.5,-8.0,-7.5,0.5,0.27386127875258304,0,,,,,,,,5,37.5,37.2,37.5,36.5,37.5,1.0,0.4472135954999579,0,,,,,,,,True,13,18,CFP,CFP,True,True
401121966,2019,regular,11,2019-11-09 22:00:00+00:00,True,False,True,13213,3817,Malone Stadium,2433,UL Monroe,2247,Georgia State,45,31,ULM,Sun Belt,fbs,GAST,Sun Belt,fbs,5,2.5,2.6,2.5,2.5,3.0,0.5,0.22360679774997896,0,,,,,,,,5,76.0,76.4,76.0,75.5,77.5,2.0,0.8215838362577492,0,,,,,,,,True,,,,,False,False
401114305,2019,regular,11,2019-11-09 23:00:00+00:00,True,False,True,17603,3715,FAU Stadium,2226,Florida Atlantic,2229,Florida International,37,7,FAU,Conference USA,fbs,FIU,Conference USA,fbs,5,-11.5,-11.7,-11.5,-12.5,-11.5,1.0,0.4472135954999579,0,,,,,,,,5,59.0,59.0,59.0,58.5,59.5,1.0,0.3535533905932738,0,,,,,,,,True,,,,,False,False
401110848,2019,regular,11,2019-11-10 00:00:00+00:00,True,False,False,80849,3994,Williams-Brice Stadium,2579,South Carolina,2026,App State,15,20,SC,SEC,fbs,APP,Sun Belt,fbs,5,-6.5,-6.6,-6.5,-7.0,-6.5,0.5,0.22360679774997896,0,,,,,,,,5,51.0,51.0,51.0,51.0,51.0,0.0,0.0,0,,,,,,,,True,,,,,False,False
401114180,2019,regular,11,2019-11-10 00:00:00+00:00,True,False,True,39168,3831,California Memorial Stadium,25,California,265,Washington State,33,20,CAL,Pac-12,fbs,WSU,Pac-12,fbs,5,8.5,8.5,8.5,8.5,8.5,0.0,0.0,0,,,,,,,,5,52.0,52.0,52.0,51.5,52.5,1.0,0.3535533905932738,0,,,,,,,,True,,,,,False,False
401110845,2019,regular,11,2019-11-10 00:00:00+00:00,True,False,True,92746,3917,Sanford Stadium,61,Georgia,142,Missouri,27,0,UGA,SEC,fbs,MIZ,SEC,fbs,5,-18.5,-18.8,-18.5,-19.5,-18.0,1.5,0.6708203932499369,0,,,,,,,,5,48.0,48.0,48.0,48.0,48.0,0.0,0.0,0,,,,,,,,True,6,,CFP,,True,False
401117540,2019,regular,11,2019-11-10 00:00:00+00:00,True,False,True,32037,3660,Valley Children's Stadium,278,Fresno State,328,Utah State,35,37,FRES,Mountain West,fbs,USU,Mountain West,fbs,5,-5.5,-5.3,-5.5,-5.5,-5.0,0.5,0.27386127875258304,0,,,,,,,,5,59.0,58.9,59.0,58.5,59.0,0.5,0.22360679774997896,0,,,,,,,,True,,,,,False,False
401114353,2019,regular,11,2019-11-10 00:30:00+00:00,True,False,False,54683,3801,LaVell Edwards Stadium,252,BYU,2335,Liberty,31,24,BYU,FBS Independents,fbs,LIB,FBS Independents,fbs,5,-17.0,-17.2,-17.0,-17.5,-17.0,0.5,0.27386127875258304,0,,,,,,,,5,62.5,61.9,62.5,61.0,62.5,1.5,0.8215838362577492,0,,,,,,,,True,,,,,False,False
401110846,2019,regular,11,2019-11-10 00:30:00+00:00,True,False,True,56760,3683,Kroger Field,96,Kentucky,2633,Tennessee,13,17,UK,SEC,fbs,TENN,SEC,fbs,5,-1.5,-1.7,-1.5,-2.0,-1.5,0.5,0.27386127875258304,0,,,,,,,,5,42.0,42.2,42.0,42.0,42.5,0.5,0.27386127875258304,0,,,,,,,,True,,,,,False,False
401111654,2019,regular,11,2019-11-10 00:30:00+00:00,True,False,False,40004,3982,Wallace Wade Stadium,150,Duke,87,Notre Dame,7,38,DUKE,ACC,fbs,ND,FBS Independents,fbs,5,7.0,7.2,7.0,7.0,7.5,0.5,0.27386127875258304,0,,,,,,,,5,50.0,50.1,50.0,49.5,50.5,1.0,0.4183300132670378,0,,,,,,,,True,,15,,CFP,False,True
401112503,2019,regular,11,2019-11-10 00:30:00+00:00,True,False,True,57886,3670,Carter-Finley Stadium,152,NC State,228,Clemson,10,55,NCSU,ACC,fbs,CLEM,ACC,fbs,5,35.0,34.8,35.0,34.0,36.0,2.0,0.8366600265340756,0,,,,,,,,5,54.5,54.6,54.5,54.0,55.0,1.0,0.4183300132670378,0,,,,,,,,True,,5,,CFP,False,True
401112092,2019,regular,11,2019-11-10 01:00:00+00:00,True,False,True,83541,3835,"Memorial Stadium (Norman, OK)",201,Oklahoma,66,Iowa State,42,41,OU,Big 12,fbs,ISU,Big 12,fbs,5,-14.5,-14.7,-14.5,-15.5,-14.5,1.0,0.4472135954999579,0,,,,,,,,5,70.0,70.0,70.0,69.0,71.0,2.0,1.0,0,,,,,,,,True,9,,CFP,,True,False
401117541,2019,regular,11,2019-11-10 03:15:00+00:00,True,False,True,33018,3653,Albertsons Stadium,68,Boise State,2751,Wyoming,20,17,BOIS,Mountain West,fbs,WYO,Mountain West,fbs,5,-16.0,-16.2,-16.0,-16.5,-16.0,0.5,0.27386127875258304,0,,,,,,,,5,48.0,48.3,48.0,48.0,49.0,1.0,0.4472135954999579,0,,,,,,,,True,22,,CFP,,True,False
401117542,2019,regular,11,2019-11-10 03:30:00+00:00,True,False,True,27973,3932,Qualcomm Stadium,21,San Diego State,2440,Nevada,13,17,SDSU,Mountain West,fbs,NEV,Mountain West,fbs,5,-17.0,-17.1,-17.0,-17.5,-17.0,0.5,0.22360679774997896,0,,,,,,,,5,39.5,39.5,39.5,39.0,40.0,1.0,0.3535533905932738,0,,,,,,,,True,24,,AP,,True,False
401117543,2019,regular,11,2019-11-10 04:00:00+00:00,True,False,True,19858,3610,Aloha Stadium,62,Hawai'i,23,San José State,42,40,HAW,Mountain West,fbs,SJSU,Mountain West,fbs,5,-7.5,-7.5,-7.5,-7.5,-7.5,0.0,0.0,0,,,,,,,,5,78.5,78.5,78.5,78.0,79.0,1.0,0.3535533905932738,0,,,,,,,,True,,,,,False,False
401119299,2019,regular,12,2019-11-12 23:00:00+00:00,True,False,True,10811,3768,InfoCision Stadium,2006,Akron,2199,Eastern Michigan,14,42,AKR,Mid-American,fbs,EMU,Mid-American,fbs,5,17.0,17.1,17.0,17.0,17.5,0.5,0.22360679774997896,0,,,,,,,,5,45.0,45.1,45.0,45.0,45.5,0.5,0.22360679774997896,0,,,,,,,,True,,,,,False,False
401119300,2019,regular,12,2019-11-12 23:30:00+00:00,True,False,True,11700,3876,Peden Stadium,195,Ohio,2711,Western Michigan,34,37,OHIO,Mid-American,fbs,WMU,Mid-American,fbs,5,-1.5,-0.9,-1.5,-1.5,1.0,2.5,1.08397416943394,0,,,,,,,,5,63.5,63.7,63.5,63.5,64.0,0.5,0.27386127875258304,0,,,,,,,,True,,,,,False,False
401119302,2019,regular,12,2019-11-14 01:00:00+00:00,True,False,True,15610,3739,Glass Bowl,2649,Toledo,2459,Northern Illinois,28,31,TOL,Mid-American,fbs,NIU,Mid-American,fbs,5,-2.5,-2.3,-2.5,-2.5,-2.0,0.5,0.27386127875258304,0,,,,,,,,5,54.5,54.9,54.5,54.5,55.5,1.0,0.5477225575051661,0,,,,,,,,True,,,,,False,False
401119301,2019,regular,12,2019-11-14 01:00:00+00:00,True,False,True,19897,3996,Yager Stadium,193,Miami (OH),189,Bowling Green,44,3,M-OH,Mid-American,fbs,BGSU,Mid-American,fbs,5,-17.0,-17.0,-17.0,-17.0,-17.0,0.0,0.0,0,,,,,,,,5,48.0,47.9,48.0,47.5,48.0,0.5,0.22360679774997896,0,,,,,,,,True,,,,,False,False
401119303,2019,regular,12,2019-11-15 00:00:00+00:00,True,False,True,8450,3696,Dix Stadium,2309,Kent State,2084,Buffalo,30,27,KENT,Mid-American,fbs,BUF,Mid-American,fbs,5,6.0,6.0,6.0,6.0,6.0,0.0,0.0,0,,,,,,,,5,55.0,54.8,55.0,54.5,55.0,0.5,0.27386127875258304,0,,,,,,,,True,,,,,False,False
401112507,2019,regular,12,2019-11-15 01:00:00+00:00,True,False,True,39290,3752,Acrisure Stadium,221,Pittsburgh,153,North Carolina,34,27,PITT,ACC,fbs,UNC,ACC,fbs,5,-4.0,-4.1,-4.0,-4.5,-4.0,0.5,0.22360679774997896,0,,,,,,,,5,49.0,49.0,49.0,48.5,49.5,1.0,0.3535533905932738,0,,,,,,,,True,,,,,False,False
401114309,2019,regular,12,2019-11-16 00:00:00+00:00,True,False,True,19893,3775,Joan C. Edwards Stadium,276,Marshall,2348,Louisiana Tech,31,10,MRSH,Conference USA,fbs,LT,Conference USA,fbs,5,-6.5,-6.5,-6.5,-6.5,-6.5,0.0,0.0,0,,,,,,,,5,54.0,54.1,54.0,54.0,54.5,0.5,0.22360679774997896,0,,,,,,,,True,,,,,False,False
401117547,2019,regular,12,2019-11-16 02:30:00+00:00,True,False,True,26876,3932,Qualcomm Stadium,21,San Diego State,278,Fresno State,17,7,SDSU,Mountain West,fbs,FRES,Mountain West,fbs,5,-2.0,-1.7,-2.0,-2.5,-1.0,1.5,0.6708203932499369,0,,,,,,,,5,43.5,43.4,43.5,43.0,44.0,1.0,0.4183300132670378,0,,,,,,,,True,,,,,False,False
401112250,2019,regular,12,2019-11-16 17:00:00+00:00,True,False,False,29447,3911,Ryan Field,77,Northwestern,113,Massachusetts,45,6,NU,Big Ten,fbs,MASS,FBS Independents,fbs,5,-38.5,-38.7,-38.5,-39.5,-38.0,1.5,0.758287544405155,0,,,,,,,,5,57.5,57.2,57.5,56.5,57.5,1.0,0.4472135954999579,0,,,,,,,,True,,,,,False,False
401112244,2019,regular,12,2019-11-16 17:00:00+00:00,True,False,True,88842,3834,"Memorial Stadium (Lincoln, NE)",158,Nebraska,275,Wisconsin,21,37,NEB,Big Ten,fbs,WIS,Big Ten,fbs,5,14.0,14.3,14.0,14.0,15.0,1.0,0.4472135954999579,0,,,,,,,,5,50.0,49.9,50.0,49.5,50.5,1.0,0.4183300132670378,0,,,,,,,,True,,14,,CFP,False,True
401110852,2019,regular,12,2019-11-16 17:00:00+00:00,True,False,True,57280,3838,Memorial Stadium,142,Missouri,57,Florida,6,23,MIZ,SEC,fbs,FLA,SEC,fbs,5,6.5,6.6,6.5,6.5,7.0,0.5,0.22360679774997896,0,,,,,,,,5,51.0,51.0,51.0,51.0,51.0,0.0,0.0,0,,,,,,,,True,,11,,CFP,False,True
401112133,2019,regular,12,2019-11-16 17:00:00+00:00,True,False,True,50459,3784,Jones AT&T Stadium,2641,Texas Tech,2628,TCU,31,33,TTU,Big 12,fbs,TCU,Big 12,fbs,5,3.5,3.5,3.5,3.5,3.5,0.0,0.0,0,,,,,,,,5,53.5,53.4,53.5,53.0,53.5,0.5,0.22360679774997896,0,,,,,,,,True,,,,,False,False
401112105,2019,regular,12,2019-11-16 17:00:00+00:00,True,False,True,55388,3646,Boone Pickens Stadium,197,Oklahoma State,2305,Kansas,31,13,OKST,Big 12,fbs,KU,Big 12,fbs,5,-17.5,-17.5,-17.5,-17.5,-17.5,0.0,0.0,0,,,,,,,,5,69.5,69.4,69.5,68.5,70.0,1.5,0.5477225575051661,0,,,,,,,,True,22,,CFP,,True,False
401110851,2019,regular,12,2019-11-16 17:00:00+00:00,True,False,True,57607,3693,Davis Wade Stadium,344,Mississippi State,333,Alabama,7,38,MSST,SEC,fbs,ALA,SEC,fbs,5,20.0,19.8,20.0,19.0,21.0,2.0,0.8366600265340756,0,,,,,,,,5,61.5,61.4,61.5,61.0,62.0,1.0,0.4183300132670378,0,,,,,,,,True,,5,,CFP,False,True
401112166,2019,regular,12,2019-11-16 17:00:00+00:00,True,False,True,106323,3632,Beaver Stadium,213,Penn State,84,Indiana,34,27,PSU,Big Ten,fbs,IU,Big Ten,fbs,5,-15.0,-15.0,-15.0,-15.0,-15.0,0.0,0.0,0,,,,,,,,5,55.0,55.1,55.0,55.0,55.5,0.5,0.22360679774997896,0,,,,,,,,True,9,24,CFP,AP,True,True
401112219,2019,regular,12,2019-11-16 17:00:00+00:00,True,False,True,111496,3558,Michigan Stadium,130,Michigan,127,Michigan State,44,10,MICH,Big Ten,fbs,MSU,Big Ten,fbs,5,-13.5,-13.6,-13.5,-14.0,-13.5,0.5,0.22360679774997896,0,,,,,,,,5,44.0,43.7,44.0,43.0,44.0,1.0,0.4472135954999579,0,,,,,,,,True,15,,CFP,,True,False
401114333,2019,regular,12,2019-11-16 17:00:00+00:00,True,False,False,25747,3841,Michie Stadium,349,Army,2678,VMI,47,6,ARMY,FBS Independents,fbs,VMI,Southern,fcs,,,,,,,,,,,,,,,,,,,,,,,,,,,,,,,,,False,,,,,False,False
401112510,2019,regular,12,2019-11-16 17:00:00+00:00,True,False,False,52857,3697,Doak Campbell Stadium,52,Florida State,2011,Alabama State,49,12,FSU,ACC,fbs,ALST,SWAC,fcs,1,-41.0,-41.0,-41.0,-41.0,-41.0,0.0,0.0,0,,,,,,,,1,53.0,53.0,53.0,53.0,53.0,0.0,0.0,0,,,,,,,,True,,,,,False,False
401117905,2019,regular,12,2019-11-16 17:00:00+00:00,True,False,True,27850,3806,Lincoln Financial Field,218,Temple,2655,Tulane,29,21,TEM,American Athletic,fbs,TULN,American Athletic,fbs,5,6.5,6.6,6.5,6.5,7.0,0.5,0.22360679774997896,0,,,,,,,,5,52.5,52.6,52.5,52.0,53.0,1.0,0.4183300132670378,0,,,,,,,,True,,,,,False,False
401114312,2019,regular,12,2019-11-16 18:00:00+00:00,True,False,True,19875,3803,Legion Field,5,UAB,2638,UTEP,37,10,UAB,Conference USA,fbs,UTEP,Conference USA,fbs,5,-14.5,-14.7,-14.5,-15.0,-14.5,0.5,0.27386127875258304,0,,,,,,,,5,42.5,42.6,42.5,42.5,43.0,0.5,0.22360679774997896,0,,,,,,,,True,,,,,False,False
401114338,2019,regular,12,2019-11-16 19:30:00+00:00,True,False,False,74080,3855,Notre Dame Stadium,87,Notre Dame,2426,Navy,52,20,ND,FBS Independents,fbs,NAVY,American Athletic,fbs,5,-7.0,-7.2,-7.0,-7.5,-7.0,0.5,0.27386127875258304,0,,,,,,,,5,55.5,55.6,55.5,55.5,56.0,0.5,0.22360679774997896,0,,,,,,,,True,16,23,CFP,CFP,True,True
401121972,2019,regular,12,2019-11-16 20:00:00+00:00,True,False,True,15619,3644,Bobcat Stadium (TX),326,Texas State,2653,Troy,27,63,TXST,Sun Belt,fbs,TROY,Sun Belt,fbs,5,7.0,7.0,7.0,7.0,7.0,0.0,0.0,0,,,,,,,,5,64.5,64.2,64.5,63.5,65.0,1.5,0.6708203932499369,0,,,,,,,,True,,,,,False,False
401121970,2019,regular,12,2019-11-16 20:00:00+00:00,True,False,True,10266,3608,Allen E. Paulson Stadium,290,Georgia Southern,2433,UL Monroe,51,29,GASO,Sun Belt,fbs,ULM,Sun Belt,fbs,5,-6.5,-6.5,-6.5,-6.5,-6.5,0.0,0.0,0,,,,,,,,5,57.5,57.2,57.5,56.5,57.5,1.0,0.4472135954999579,0,,,,,,,,True,,,,,False,False
401117217,2019,regular,12,2019-11-16 20:00:00+00:00,True,False,False,57379,3801,LaVell Edwards Stadium,252,BYU,304,Idaho State,42,10,BYU,FBS Independents,fbs,IDST,Big Sky,fcs,,,,,,,,,,,,,,,,,,,,,,,,,,,,,,,,,False,,,,,False,False
401121969,2019,regular,12,2019-11-16 20:00:00+00:00,True,False,True,18927,3625,Centennial Bank Stadium,2032,Arkansas State,324,Coastal Carolina,28,27,ARST,Sun Belt,fbs,CCU,Sun Belt,fbs,5,-14.0,-14.0,-14.0,-14.0,-14.0,0.0,0.0,0,,,,,,,,5,60.0,60.2,60.0,60.0,60.5,0.5,0.27386127875258304,0,,,,,,,,True,,,,,False,False
401110849,2019,regular,12,2019-11-16 20:30:00+00:00,True,False,True,87451,3785,Jordan-Hare Stadium,2,Auburn,61,Georgia,14,21,AUB,SEC,fbs,UGA,SEC,fbs,5,3.0,3.0,3.0,3.0,3.0,0.0,0.0,0,,,,,,,,5,42.5,42.8,42.5,42.5,43.5,1.0,0.4472135954999579,0,,,,,,,,True,12,4,CFP,CFP,True,True
401119304,2019,regular,12,2019-11-16 20:30:00+00:00,True,False,True,7249,3919,Scheumann Stadium,2050,Ball State,2117,Central Michigan,44,45,BALL,Mid-American,fbs,CMU,Mid-American,fbs,5,-1.0,-1.3,-1.0,-2.0,-1.0,1.0,0.4472135954999579,0,,,,,,,,5,60.0,59.9,60.0,59.5,60.0,0.5,0.22360679774997896,0,,,,,,,,True,,,,,False,False
401112508,2019,regular,12,2019-11-16 20:30:00+00:00,True,False,True,80875,3836,"Memorial Stadium (Clemson, SC)",228,Clemson,154,Wake Forest,52,3,CLEM,ACC,fbs,WAKE,ACC,fbs,5,-34.5,-34.6,-34.5,-35.0,-34.5,0.5,0.22360679774997896,0,,,,,,,,5,59.0,59.1,59.0,58.5,59.5,1.0,0.4183300132670378,0,,,,,,,,True,3,,CFP,,True,False
401112255,2019,regular,12,2019-11-16 20:30:00+00:00,True,False,True,33528,3754,High Point Solutions Stadium,164,Rutgers,194,Ohio State,21,56,RUTG,Big Ten,fbs,OSU,Big Ten,fbs,5,52.0,52.4,52.0,52.0,54.0,2.0,0.8944271909999159,0,,,,,,,,5,63.0,62.7,63.0,61.0,63.5,2.5,0.9746794344808964,0,,,,,,,,True,,2,,CFP,False,True
401112112,2019,regular,12,2019-11-16 20:30:00+00:00,True,False,True,46332,3636,Bill Snyder Family Stadium,2306,Kansas State,277,West Virginia,20,24,KSU,Big 12,fbs,WVU,Big 12,fbs,5,-14.0,-14.0,-14.0,-14.5,-13.5,1.0,0.3535533905932738,0,,,,,,,,5,46.0,45.9,46.0,45.5,46.0,0.5,0.22360679774997896,0,,,,,,,,True,24,,CFP,,True,False
401112093,2019,regular,12,2019-11-16 20:30:00+00:00,True,False,True,58946,3772,Jack Trice Stadium,66,Iowa State,251,Texas,23,21,ISU,Big 12,fbs,TEX,Big 12,fbs,5,-7.0,-6.9,-7.0,-7.0,-6.5,0.5,0.22360679774997896,0,,,,,,,,5,64.5,64.7,64.5,64.5,65.0,0.5,0.27386127875258304,0,,,,,,,,True,,19,,CFP,False,True
401112511,2019,regular,12,2019-11-16 20:30:00+00:00,True,False,True,43263,721,Bobby Dodd Stadium,59,Georgia Tech,259,Virginia Tech,0,45,GT,ACC,fbs,VT,ACC,fbs,5,6.0,6.0,6.0,6.0,6.0,0.0,0.0,0,,,,,,,,5,51.0,51.2,51.0,51.0,51.5,0.5,0.27386127875258304,0,,,,,,,,True,,,,,False,False
401110854,2019,regular,12,2019-11-16 20:30:00+00:00,True,False,True,23288,3973,FirstBank Stadium,238,Vanderbilt,96,Kentucky,14,38,VAN,SEC,fbs,UK,SEC,fbs,5,9.0,9.1,9.0,8.5,9.5,1.0,0.4183300132670378,0,,,,,,,,5,43.0,43.1,43.0,43.0,43.5,0.5,0.22360679774997896,0,,,,,,,,True,,,,,False,False
401117904,2019,regular,12,2019-11-16 20:30:00+00:00,True,False,True,25149,4728,TDECU Stadium,248,Houston,235,Memphis,27,45,HOU,American Athletic,fbs,MEM,American Athletic,fbs,5,9.5,9.5,9.5,9.0,10.0,1.0,0.3535533905932738,0,,,,,,,,5,71.5,71.5,71.5,71.0,72.0,1.0,0.3535533905932738,0,,,,,,,,True,,18,,CFP,False,True
401114345,2019,regular,12,2019-11-16 21:00:00+00:00,True,False,False,25804,3601,Aggie Memorial Stadium,166,New Mexico State,2916,Incarnate Word,41,28,NMSU,FBS Independents,fbs,UIW,Southland,fcs,1,-7.5,-7.5,-7.5,-7.5,-7.5,0.0,0.0,0,,,,,,,,1,60.0,60.0,60.0,60.0,60.0,0.0,0.0,0,,,,,,,,True,,,,,False,False
401117548,2019,regular,12,2019-11-16 21:00:00+00:00,True,False,True,21317,3914,Sam Boyd Stadium,2439,UNLV,62,Hawai'i,7,21,UNLV,Mountain West,fbs,HAW,Mountain West,fbs,5,6.5,6.5,6.5,6.5,6.5,0.0,0.0,0,,,,,,,,5,72.5,72.2,72.5,71.5,72.5,1.0,0.4472135954999579,0,,,,,,,,True,,,,,False,False
401117546,2019,regular,12,2019-11-16 21:00:00+00:00,True,False,True,16364,3905,Maverik Stadium,328,Utah State,2751,Wyoming,26,21,USU,Mountain West,fbs,WYO,Mountain West,fbs,5,-4.5,-4.3,-4.5,-4.5,-4.0,0.5,0.27386127875258304,0,,,,,,,,5,51.5,51.3,51.5,51.0,51.5,0.5,0.27386127875258304,0,,,,,,,,True,,,,,False,False
401112199,2019,regular,12,2019-11-16 21:00:00+00:00,True,False,True,67518,3793,Kinnick Stadium,2294,Iowa,135,Minnesota,23,19,IOWA,Big Ten,fbs,MINN,Big Ten,fbs,5,-3.0,-3.0,-3.0,-3.0,-3.0,0.0,0.0,0,,,,,,,,5,44.5,44.5,44.5,44.5,44.5,0.0,0.0,0,,,,,,,,True,20,8,CFP,CFP,True,True
401112509,2019,regular,12,2019-11-16 21:00:00+00:00,True,False,True,16286,3982,Wallace Wade Stadium,150,Duke,183,Syracuse,6,49,DUKE,ACC,fbs,SYR,ACC,fbs,5,-9.0,-8.9,-9.0,-9.0,-8.5,0.5,0.22360679774997896,0,,,,,,,,5,49.5,49.3,49.5,49.0,49.5,0.5,0.27386127875258304,0,,,,,,,,True,,,,,False,False
401114310,2019,regular,12,2019-11-16 21:30:00+00:00,True,False,True,10411,3725,"Johnny ""Red"" Floyd Stadium",2393,Middle Tennessee,242,Rice,28,31,MTSU,Conference USA,fbs,RICE,Conference USA,fbs,5,-13.0,-13.2,-13.0,-13.5,-13.0,0.5,0.27386127875258304,0,,,,,,,,5,46.5,46.5,46.5,45.5,47.5,2.0,0.7071067811865476,0,,,,,,,,True,,,,,False,False
401114231,2019,regular,12,2019-11-16 21:30:00+00:00,True,False,True,32952,3820,Gesa Field,265,Washington State,24,Stanford,49,22,WSU,Pac-12,fbs,STAN,Pac-12,fbs,5,-10.5,-10.6,-10.5,-11.5,-10.0,1.5,0.5477225575051661,0,,,,,,,,5,65.5,65.7,65.5,65.5,66.0,0.5,0.27386127875258304,0,,,,,,,,True,,,,,False,False
401121971,2019,regular,12,2019-11-16 22:00:00+00:00,True,False,True,16748,3797,Ladd Peebles Stadium,6,South Alabama,309,Louisiana,27,37,USA,Sun Belt,fbs,UL,Sun Belt,fbs,5,27.5,27.5,27.5,27.5,27.5,0.0,0.0,0,,,,,,,,5,52.5,52.6,52.5,52.5,53.0,0.5,0.22360679774997896,0,,,,,,,,True,,,,,False,False
401114311,2019,regular,12,2019-11-16 23:00:00+00:00,True,False,True,14179,3604,Alamodome,2636,UTSA,2572,Southern Miss,17,36,UTSA,Conference USA,fbs,USM,Conference USA,fbs,5,17.0,17.0,17.0,17.0,17.0,0.0,0.0,0,,,,,,,,5,55.5,55.5,55.5,55.5,55.5,0.0,0.0,0,,,,,,,,True,,,,,False,False
401117544,2019,regular,12,2019-11-17 00:00:00+00:00,True,False,True,24914,5388,Canvas Stadium,36,Colorado State,2005,Air Force,21,38,CSU,Mountain West,fbs,AF,Mountain West,fbs,5,10.5,10.6,10.5,10.5,11.0,0.5,0.22360679774997896,0,,,,,,,,5,62.5,62.5,62.5,61.0,63.5,2.5,1.0606601717798212,0,,,,,,,,True,,,,,False,False
401110850,2019,regular,12,2019-11-17 00:00:00+00:00,True,False,True,53797,3974,Vaught-Hemingway Stadium,145,Ole Miss,99,LSU,37,58,MISS,SEC,fbs,LSU,SEC,fbs,5,21.0,21.4,21.0,21.0,22.0,1.0,0.5477225575051661,0,,,,,,,,5,66.5,66.4,66.5,66.0,67.0,1.0,0.4183300132670378,0,,,,,,,,True,,1,,CFP,False,True
401117903,2019,regular,12,2019-11-17 00:00:00+00:00,True,False,True,29112,3886,Raymond James Stadium,58,South Florida,2132,Cincinnati,17,20,USF,American Athletic,fbs,CIN,American Athletic,fbs,5,13.0,13.0,13.0,12.5,13.5,1.0,0.3535533905932738,0,,,,,,,,5,47.0,46.8,47.0,46.5,47.0,0.5,0.27386127875258304,0,,,,,,,,True,,17,,CFP,False,True
401121968,2019,regular,12,2019-11-17 00:30:00+00:00,True,False,True,17908,4246,Center Parc Stadium,2247,Georgia State,2026,App State,27,56,GAST,Sun Belt,fbs,APP,Sun Belt,fbs,5,15.0,15.1,15.0,15.0,15.5,0.5,0.22360679774997896,0,,,,,,,,5,61.0,61.1,61.0,61.0,61.5,0.5,0.22360679774997896,0,,,,,,,,True,,25,,CFP,False,True
401110853,2019,regular,12,2019-11-17 00:30:00+00:00,True,False,True,104957,3795,Kyle Field,245,Texas A&M,2579,South Carolina,30,6,TA&M,SEC,fbs,SC,SEC,fbs,5,-10.5,-10.6,-10.5,-11.0,-10.5,0.5,0.22360679774997896,0,,,,,,,,5,47.5,47.8,47.5,47.0,49.0,2.0,0.9082951062292475,0,,,,,,,,True,,,,,False,False
401112082,2019,regular,12,2019-11-17 00:30:00+00:00,True,False,True,50223,4727,McLane Stadium,239,Baylor,201,Oklahoma,31,34,BAY,Big 12,fbs,OU,Big 12,fbs,5,10.5,10.3,10.5,10.0,10.5,0.5,0.27386127875258304,0,,,,,,,,5,69.5,69.3,69.5,69.0,69.5,0.5,0.27386127875258304,0,,,,,,,,True,13,10,CFP,CFP,True,True
401112512,2019,regular,12,2019-11-17 00:30:00+00:00,True,False,True,54089,3670,Carter-Finley Stadium,152,NC State,97,Louisville,20,34,NCSU,ACC,fbs,LOU,ACC,fbs,5,4.5,4.4,4.5,4.0,4.5,0.5,0.22360679774997896,0,,,,,,,,5,51.5,51.6,51.5,51.5,52.0,0.5,0.22360679774997896,0,,,,,,,,True,,,,,False,False
401114161,2019,regular,12,2019-11-17 00:30:00+00:00,True,False,True,30980,3893,Reser Stadium,204,Oregon State,9,Arizona State,35,34,ORST,Pac-12,fbs,ASU,Pac-12,fbs,5,1.0,1.2,1.0,1.0,1.5,0.5,0.27386127875258304,0,,,,,,,,5,56.0,56.2,56.0,56.0,56.5,0.5,0.27386127875258304,0,,,,,,,,True,,,,,False,False
401114216,2019,regular,12,2019-11-17 01:00:00+00:00,True,False,True,47307,587,Rice-Eccles Stadium,254,Utah,26,UCLA,49,3,UTAH,Pac-12,fbs,UCLA,Pac-12,fbs,5,-21.0,-21.3,-21.0,-22.0,-21.0,1.0,0.4472135954999579,0,,,,,,,,5,52.0,52.1,52.0,52.0,52.5,0.5,0.22360679774997896,0,,,,,,,,True,7,,CFP,,True,False
401117545,2019,regular,12,2019-11-17 03:15:00+00:00,True,False,True,31492,3653,Albertsons Stadium,68,Boise State,167,New Mexico,42,9,BOIS,Mountain West,fbs,UNM,Mountain West,fbs,5,-26.0,-26.6,-26.0,-27.5,-26.0,1.5,0.8215838362577492,0,,,,,,,,5,58.5,58.2,58.5,57.5,59.0,1.5,0.6708203932499369,0,,,,,,,,True,21,,CFP,,True,False
401114172,2019,regular,12,2019-11-17 03:30:00+00:00,True,False,True,54219,3626,Autzen Stadium,2483,Oregon,12,Arizona,34,6,ORE,Pac-12,fbs,ARIZ,Pac-12,fbs,5,-27.0,-27.4,-27.0,-28.0,-27.0,1.0,0.5477225575051661,0,,,,,,,,5,68.5,68.8,68.5,68.5,69.5,1.0,0.4472135954999579,0,,,,,,,,True,6,,CFP,,True,False
401114181,2019,regular,12,2019-11-17 04:00:00+00:00,True,False,True,46397,3831,California Memorial Stadium,25,California,30,USC,17,41,CAL,Pac-12,fbs,USC,Pac-12,fbs,5,4.5,4.3,4.5,4.0,4.5,0.5,0.27386127875258304,0,,,,,,,,5,48.0,47.8,48.0,47.5,48.0,0.5,0.27386127875258304,0,,,,,,,,True,,,,,False,False
401119305,2019,regular,13,2019-11-20 00:30:00+00:00,True,False,True,5062,3764,Huskie Stadium,2459,Northern Illinois,2199,Eastern Michigan,17,45,NIU,Mid-American,fbs,EMU,Mid-American,fbs,5,-3.5,-3.5,-3.5,-4.0,-3.0,1.0,0.3535533905932738,0,,,,,,,,5,58.0,57.5,58.0,56.5,58.0,1.5,0.7071067811865476,0,,,,,,,,True,,,,,False,False
401119306,2019,regular,13,2019-11-20 00:30:00+00:00,True,False,True,9715,3700,Doyt L. Perry Stadium,189,Bowling Green,195,Ohio,24,66,BGSU,Mid-American,fbs,OHIO,Mid-American,fbs,5,21.0,21.0,21.0,20.5,21.5,1.0,0.3535533905932738,0,,,,,,,,5,56.0,55.8,56.0,55.5,56.0,0.5,0.27386127875258304,0,,,,,,,,True,,,,,False,False
401119308,2019,regular,13,2019-11-21 00:30:00+00:00,True,False,True,13830,3965,UB Stadium,2084,Buffalo,2649,Toledo,49,30,BUF,Mid-American,fbs,TOL,Mid-American,fbs,5,-10.0,-9.9,-10.0,-10.5,-9.5,1.0,0.4183300132670378,0,,,,,,,,5,54.0,54.2,54.0,53.5,55.0,1.5,0.570087712549569,0,,,,,,,,True,,,,,False,False
401119307,2019,regular,13,2019-11-21 00:30:00+00:00,True,False,True,22921,3996,Yager Stadium,193,Miami (OH),2006,Akron,20,17,M-OH,Mid-American,fbs,AKR,Mid-American,fbs,5,-29.0,-29.2,-29.0,-30.5,-28.0,2.5,1.036822067666386,0,,,,,,,,5,45.0,45.0,45.0,44.5,45.5,1.0,0.3535533905932738,0,,,,,,,,True,,,,,False,False
401112513,2019,regular,13,2019-11-22 01:00:00+00:00,True,False,True,38198,721,Bobby Dodd Stadium,59,Georgia Tech,152,NC State,28,26,GT,ACC,fbs,NCSU,ACC,fbs,5,2.5,2.5,2.5,2.5,2.5,0.0,0.0,0,,,,,,,,5,46.5,46.5,46.5,46.5,46.5,0.0,0.0,0,,,,,,,,True,,,,,False,False
401117550,2019,regular,13,2019-11-23 02:30:00+00:00,True,False,True,21152,3984,War Memorial Stadium,2751,Wyoming,36,Colorado State,17,7,WYO,Mountain West,fbs,CSU,Mountain West,fbs,5,-5.0,-5.0,-5.0,-5.5,-4.5,1.0,0.5,0,,,,,,,,5,51.0,50.8,51.0,50.5,51.0,0.5,0.27386127875258304,0,,,,,,,,True,,,,,False,False
401112256,2019,regular,13,2019-11-23 17:00:00+00:00,True,False,True,104355,3861,Ohio Stadium,194,Ohio State,213,Penn State,28,17,OSU,Big Ten,fbs,PSU,Big Ten,fbs,5,-20.0,-20.1,-20.0,-20.5,-20.0,0.5,0.22360679774997896,0,,,,,,,,5,58.0,58.3,58.0,58.0,59.0,1.0,0.4472135954999579,0,,,,,,,,True,2,8,CFP,CFP,True,True
401117906,2019,regular,13,2019-11-23 17:00:00+00:00,True,False,True,21032,4729,Yulman Stadium,2655,Tulane,2116,UCF,31,34,TULN,American Athletic,fbs,UCF,American Athletic,fbs,5,7.0,7.0,7.0,7.0,7.0,0.0,0.0,0,,,,,,,,5,73.0,73.0,73.0,72.5,73.5,1.0,0.5,0,,,,,,,,True,,,,,False,False
401112128,2019,regular,13,2019-11-23 17:00:00+00:00,True,False,True,46022,3842,Milan Puskar Stadium,277,West Virginia,197,Oklahoma State,13,20,WVU,Big 12,fbs,OKST,Big 12,fbs,5,7.0,6.8,7.0,6.5,7.0,0.5,0.27386127875258304,0,,,,,,,,5,56.0,56.1,56.0,56.0,56.5,0.5,0.22360679774997896,0,,,,,,,,True,,21,,CFP,False,True
401112236,2019,regular,13,2019-11-23 17:00:00+00:00,True,False,True,30246,3911,Ryan Field,77,Northwestern,135,Minnesota,22,38,NU,Big Ten,fbs,MINN,Big Ten,fbs,5,16.0,16.1,16.0,15.5,16.5,1.0,0.4183300132670378,0,,,,,,,,5,41.0,41.3,41.0,40.5,42.5,2.0,0.758287544405155,0,,,,,,,,True,,10,,CFP,False,True
401110856,2019,regular,13,2019-11-23 17:00:00+00:00,True,False,False,80692,3785,Jordan-Hare Stadium,2,Auburn,2535,Samford,52,0,AUB,SEC,fbs,SAM,Southern,fcs,1,-45.5,-45.5,-45.5,-45.5,-45.5,0.0,0.0,0,,,,,,,,1,64.0,64.0,64.0,64.0,64.0,0.0,0.0,0,,,,,,,,True,15,,CFP,,True,False
401112520,2019,regular,13,2019-11-23 17:00:00+00:00,True,False,False,37329,3923,Scott Stadium,258,Virginia,2335,Liberty,55,27,UVA,ACC,fbs,LIB,FBS Independents,fbs,5,-16.5,-16.3,-16.5,-16.5,-16.0,0.5,0.27386127875258304,0,,,,,,,,5,58.0,58.0,58.0,58.0,58.0,0.0,0.0,0,,,,,,,,True,,,,,False,False
401110855,2019,regular,13,2019-11-23 17:00:00+00:00,True,False,False,101821,3657,Bryant-Denny Stadium,333,Alabama,2717,Western Carolina,66,3,ALA,SEC,fbs,WCU,Southern,fcs,1,-58.5,-58.5,-58.5,-58.5,-58.5,0.0,0.0,0,,,,,,,,1,61.5,61.5,61.5,61.5,61.5,0.0,0.0,0,,,,,,,,True,5,,CFP,,True,False
401119309,2019,regular,13,2019-11-23 17:00:00+00:00,True,False,True,8825,3696,Dix Stadium,2309,Kent State,2050,Ball State,41,38,KENT,Mid-American,fbs,BALL,Mid-American,fbs,5,3.0,3.1,3.0,3.0,3.5,0.5,0.22360679774997896,0,,,,,,,,5,67.5,67.4,67.5,67.0,67.5,0.5,0.22360679774997896,0,,,,,,,,True,,,,,False,False
401114358,2019,regular,13,2019-11-23 17:00:00+00:00,True,False,False,8204,3985,Warren McGuirk Alumni Stadium,113,Massachusetts,252,BYU,24,56,MASS,FBS Independents,fbs,BYU,FBS Independents,fbs,5,41.5,41.8,41.5,41.5,42.5,1.0,0.4472135954999579,0,,,,,,,,5,69.0,69.0,69.0,69.0,69.0,0.0,0.0,0,,,,,,,,True,,,,,False,False
401112220,2019,regular,13,2019-11-23 17:00:00+00:00,True,False,True,24641,3754,High Point Solutions Stadium,164,Rutgers,127,Michigan State,0,27,RUTG,Big Ten,fbs,MSU,Big Ten,fbs,4,21.75,21.875,21.75,21.5,22.5,1.0,0.47871355387816905,0,,,,,,,,4,43.5,43.375,43.5,43.0,43.5,0.5,0.25,0,,,,,,,,True,,,,,False,False
401117908,2019,regular,13,2019-11-23 17:00:00+00:00,True,False,True,12084,3892,Pratt & Whitney Stadium,41,UConn,151,East Carolina,24,31,CONN,American Athletic,fbs,ECU,American Athletic,fbs,5,15.5,15.5,15.5,14.5,16.0,1.5,0.6123724356957945,0,,,,,,,,5,64.0,64.1,64.0,64.0,64.5,0.5,0.22360679774997896,0,,,,,,,,True,,,,,False,False
401112155,2019,regular,13,2019-11-23 17:00:00+00:00,True,False,True,58331,3793,Kinnick Stadium,2294,Iowa,356,Illinois,19,10,IOWA,Big Ten,fbs,ILL,Big Ten,fbs,5,-15.5,-15.3,-15.5,-15.5,-15.0,0.5,0.27386127875258304,0,,,,,,,,5,48.5,48.4,48.5,48.0,48.5,0.5,0.22360679774997896,0,,,,,,,,True,17,,CFP,,True,False
401112094,2019,regular,13,2019-11-23 17:00:00+00:00,True,False,True,58120,3772,Jack Trice Stadium,66,Iowa State,2305,Kansas,41,31,ISU,Big 12,fbs,KU,Big 12,fbs,5,-26.5,-26.4,-26.5,-26.5,-26.0,0.5,0.22360679774997896,0,,,,,,,,5,58.5,58.2,58.5,57.5,58.5,1.0,0.4472135954999579,0,,,,,,,,True,22,,CFP,,True,False
401121976,2019,regular,13,2019-11-23 19:00:00+00:00,True,False,True,12501,4246,Center Parc Stadium,2247,Georgia State,6,South Alabama,28,15,GAST,Sun Belt,fbs,USA,Sun Belt,fbs,5,-9.0,-9.0,-9.0,-9.5,-8.5,1.0,0.3535533905932738,0,,,,,,,,5,57.0,57.0,57.0,56.5,57.5,1.0,0.3535533905932738,0,,,,,,,,True,,,,,False,False
401183793,2019,regular,13,2019-11-23 19:00:00+00:00,True,False,True,13844,3971,University Stadium (NM),167,New Mexico,2005,Air Force,22,44,UNM,Mountain West,fbs,AF,Mountain West,fbs,4,24.0,24.125,24.0,24.0,24.5,0.5,0.25,0,,,,,,,,4,56.75,56.625,56.75,56.0,57.0,1.0,0.47871355387816905,0,,,,,,,,True,,,,,False,False
401121973,2019,regular,13,2019-11-23 19:30:00+00:00,True,False,True,22125,3792,Kidd Brewer Stadium,2026,App State,326,Texas State,35,13,APP,Sun Belt,fbs,TXST,Sun Belt,fbs,5,-28.5,-28.4,-28.5,-29.0,-28.0,1.0,0.4183300132670378,0,,,,,,,,5,50.0,49.8,50.0,49.0,51.0,2.0,0.8366600265340756,0,,,,,,,,True,24,,CFP,,True,False
401112514,2019,regular,13,2019-11-23 19:30:00+00:00,True,False,False,71827,3855,Notre Dame Stadium,87,Notre Dame,103,Boston College,40,7,ND,FBS Independents,fbs,BC,ACC,fbs,5,-20.5,-20.6,-20.5,-21.0,-20.5,0.5,0.22360679774997896,0,,,,,,,,5,65.5,65.5,65.5,65.0,66.0,1.0,0.3535533905932738,0,,,,,,,,True,16,,CFP,,True,False
401121974,2019,regular,13,2019-11-23 20:00:00+00:00,True,False,True,18319,3625,Centennial Bank Stadium,2032,Arkansas State,290,Georgia Southern,38,33,ARST,Sun Belt,fbs,GASO,Sun Belt,fbs,5,-1.0,-1.2,-1.0,-1.5,-1.0,0.5,0.27386127875258304,0,,,,,,,,5,52.5,52.2,52.5,51.5,52.5,1.0,0.4472135954999579,0,,,,,,,,True,,,,,False,False
401110862,2019,regular,13,2019-11-23 20:30:00+00:00,True,False,False,19863,3973,FirstBank Stadium,238,Vanderbilt,2193,East Tennessee State,38,0,VAN,SEC,fbs,ETSU,Southern,fcs,1,-20.5,-20.5,-20.5,-20.5,-20.5,0.0,0.0,0,,,,,,,,1,42.5,42.5,42.5,42.5,42.5,0.0,0.0,0,,,,,,,,True,,,,,False,False
401112083,2019,regular,13,2019-11-23 20:30:00+00:00,True,False,True,49109,4727,McLane Stadium,239,Baylor,251,Texas,24,10,BAY,Big 12,fbs,TEX,Big 12,fbs,5,-4.0,-3.9,-4.0,-4.0,-3.5,0.5,0.22360679774997896,0,,,,,,,,5,58.0,58.2,58.0,58.0,58.5,0.5,0.27386127875258304,0,,,,,,,,True,14,,CFP,,True,False
401112518,2019,regular,13,2019-11-23 20:30:00+00:00,True,False,False,50500,3787,Kenan Stadium,153,North Carolina,2382,Mercer,56,7,UNC,ACC,fbs,MER,Southern,fcs,,,,,,,,,,,,,,,,,,,,,,,,,,,,,,,,,False,,,,,False,False
401110858,2019,regular,13,2019-11-23 20:30:00+00:00,True,False,False,41495,3683,Kroger Field,96,Kentucky,2630,UT Martin,50,7,UK,SEC,fbs,UTM,OVC,fcs,1,-30.5,-30.5,-30.5,-30.5,-30.5,0.0,0.0,0,,,,,,,,1,43.5,43.5,43.5,43.5,43.5,0.0,0.0,0,,,,,,,,True,,,,,False,False
401110857,2019,regular,13,2019-11-23 20:30:00+00:00,True,False,True,92746,3917,Sanford Stadium,61,Georgia,245,Texas A&M,19,13,UGA,SEC,fbs,TA&M,SEC,fbs,5,-12.0,-12.0,-12.0,-12.5,-11.5,1.0,0.3535533905932738,0,,,,,,,,5,43.5,43.3,43.5,42.5,43.5,1.0,0.4472135954999579,0,,,,,,,,True,4,24,CFP,AP,True,True
401114313,2019,regular,13,2019-11-23 20:30:00+00:00,True,False,True,10526,4418,Jerry Richardson Stadium,2429,Charlotte,276,Marshall,24,13,CLT,Conference USA,fbs,MRSH,Conference USA,fbs,5,6.5,6.7,6.5,6.5,7.0,0.5,0.27386127875258304,0,,,,,,,,5,56.5,56.3,56.5,55.5,57.0,1.5,0.570087712549569,0,,,,,,,,True,,,,,False,False
401112167,2019,regular,13,2019-11-23 20:30:00+00:00,True,False,True,43671,3830,"Memorial Stadium (Bloomington, IN)",84,Indiana,130,Michigan,14,39,IU,Big Ten,fbs,MICH,Big Ten,fbs,5,10.0,9.9,10.0,9.5,10.0,0.5,0.22360679774997896,0,,,,,,,,5,53.5,53.5,53.5,52.5,54.5,2.0,0.7071067811865476,0,,,,,,,,True,,13,,CFP,False,True
401114217,2019,regular,13,2019-11-23 20:30:00+00:00,True,False,True,64156,477,Los Angeles Memorial Coliseum,30,USC,26,UCLA,52,35,USC,Pac-12,fbs,UCLA,Pac-12,fbs,5,-13.5,-13.4,-13.5,-14.0,-12.5,1.5,0.5477225575051661,0,,,,,,,,5,66.0,66.3,66.0,66.0,67.0,1.0,0.4472135954999579,0,,,,,,,,True,23,,CFP,,True,False
401112210,2019,regular,13,2019-11-23 20:30:00+00:00,True,False,True,34082,3665,SECU Stadium,120,Maryland,158,Nebraska,7,54,MD,Big Ten,fbs,NEB,Big Ten,fbs,5,6.5,6.7,6.5,6.5,7.0,0.5,0.27386127875258304,0,,,,,,,,5,63.5,63.3,63.5,63.0,63.5,0.5,0.27386127875258304,0,,,,,,,,True,,,,,False,False
401114318,2019,regular,13,2019-11-23 20:30:00+00:00,True,False,True,20369,3815,M. M. Roberts Stadium,2572,Southern Miss,98,Western Kentucky,10,28,USM,Conference USA,fbs,WKU,Conference USA,fbs,5,-3.5,-3.3,-3.5,-3.5,-3.0,0.5,0.27386127875258304,0,,,,,,,,5,51.0,51.0,51.0,51.0,51.0,0.0,0.0,0,,,,,,,,True,,,,,False,False
401117911,2019,regular,13,2019-11-23 20:30:00+00:00,True,False,True,33732,3852,Navy-Marine Corps Memorial Stadium,2426,Navy,2567,SMU,35,28,NAVY,American Athletic,fbs,SMU,American Athletic,fbs,5,-3.5,-3.5,-3.5,-3.5,-3.5,0.0,0.0,0,,,,,,,,5,69.0,68.8,69.0,68.5,69.0,0.5,0.27386127875258304,0,,,,,,,,True,,25,,CFP,False,True
401112519,2019,regular,13,2019-11-23 20:30:00+00:00,True,False,True,55936,3799,Lane Stadium,259,Virginia Tech,221,Pittsburgh,28,0,VT,ACC,fbs,PITT,ACC,fbs,5,-3.5,-3.7,-3.5,-4.0,-3.5,0.5,0.27386127875258304,0,,,,,,,,5,43.5,43.3,43.5,42.5,44.0,1.5,0.570087712549569,0,,,,,,,,True,25,,AP,,True,False
401114317,2019,regular,13,2019-11-23 20:30:00+00:00,True,False,True,18477,3895,Rice Stadium,242,Rice,249,North Texas,20,14,RICE,Conference USA,fbs,UNT,Conference USA,fbs,5,6.5,6.6,6.5,6.5,7.0,0.5,0.22360679774997896,0,,,,,,,,5,55.0,54.9,55.0,54.5,55.0,0.5,0.22360679774997896,0,,,,,,,,True,,,,,False,False
401114315,2019,regular,13,2019-11-23 20:30:00+00:00,True,False,True,18346,3803,Legion Field,5,UAB,2348,Louisiana Tech,20,14,UAB,Conference USA,fbs,LT,Conference USA,fbs,5,-6.5,-6.5,-6.5,-6.5,-6.5,0.0,0.0,0,,,,,,,,5,44.0,44.1,44.0,44.0,44.5,0.5,0.22360679774997896,0,,,,,,,,True,,,,,False,False
401114182,2019,regular,13,2019-11-23 21:00:00+00:00,True,False,True,48904,3940,Stanford Stadium,24,Stanford,25,California,20,24,STAN,Pac-12,fbs,CAL,Pac-12,fbs,5,-1.0,-0.4,-1.0,-1.0,1.0,2.0,0.8944271909999159,0,,,,,,,,5,41.5,41.5,41.5,41.0,42.0,1.0,0.5,0,,,,,,,,True,,,,,False,False
401117909,2019,regular,13,2019-11-23 21:00:00+00:00,True,False,True,25136,3886,Raymond James Stadium,58,South Florida,235,Memphis,10,49,USF,American Athletic,fbs,MEM,American Athletic,fbs,5,14.5,14.9,14.5,14.5,15.5,1.0,0.5477225575051661,0,,,,,,,,5,60.5,60.4,60.5,60.0,60.5,0.5,0.22360679774997896,0,,,,,,,,True,,18,,CFP,False,True
401112516,2019,regular,13,2019-11-23 21:00:00+00:00,True,False,True,46769,3873,L&N Federal Credit Union Stadium,97,Louisville,183,Syracuse,56,34,LOU,ACC,fbs,SYR,ACC,fbs,5,-7.5,-7.8,-7.5,-9.0,-7.5,1.5,0.6708203932499369,0,,,,,,,,5,64.0,64.3,64.0,64.0,65.0,1.0,0.4472135954999579,0,,,,,,,,True,,,,,False,False
401117553,2019,regular,13,2019-11-23 21:00:00+00:00,True,False,True,17373,3914,Sam Boyd Stadium,2439,UNLV,23,San José State,38,35,UNLV,Mountain West,fbs,SJSU,Mountain West,fbs,5,7.0,7.0,7.0,7.0,7.0,0.0,0.0,0,,,,,,,,5,65.5,65.5,65.5,65.5,65.5,0.0,0.0,0,,,,,,,,True,,,,,False,False
401112263,2019,regular,13,2019-11-23 21:00:00+00:00,True,False,True,70747,347,Camp Randall Stadium,275,Wisconsin,2509,Purdue,45,24,WIS,Big Ten,fbs,PUR,Big Ten,fbs,5,-24.5,-24.7,-24.5,-25.0,-24.5,0.5,0.27386127875258304,0,,,,,,,,5,49.0,48.9,49.0,48.5,49.5,1.0,0.4183300132670378,0,,,,,,,,True,12,,CFP,,True,False
401114319,2019,regular,13,2019-11-23 21:00:00+00:00,True,False,False,21584,3601,Aggie Memorial Stadium,166,New Mexico State,2638,UTEP,44,35,NMSU,FBS Independents,fbs,UTEP,Conference USA,fbs,5,-7.0,-7.2,-7.0,-8.0,-7.0,1.0,0.4472135954999579,0,,,,,,,,5,55.5,55.6,55.5,55.0,56.5,1.5,0.6519202405202649,0,,,,,,,,True,,,,,False,False
401114316,2019,regular,13,2019-11-23 21:30:00+00:00,True,False,True,9806,3725,"Johnny ""Red"" Floyd Stadium",2393,Middle Tennessee,295,Old Dominion,38,17,MTSU,Conference USA,fbs,ODU,Conference USA,fbs,5,-13.5,-13.5,-13.5,-13.5,-13.5,0.0,0.0,0,,,,,,,,5,47.0,47.1,47.0,47.0,47.5,0.5,0.22360679774997896,0,,,,,,,,True,,,,,False,False
401121975,2019,regular,13,2019-11-23 22:00:00+00:00,True,False,True,10135,3817,Malone Stadium,2433,UL Monroe,324,Coastal Carolina,45,42,ULM,Sun Belt,fbs,CCU,Sun Belt,fbs,5,-6.0,-6.0,-6.0,-6.0,-6.0,0.0,0.0,0,,,,,,,,5,63.5,63.5,63.5,63.5,63.5,0.0,0.0,0,,,,,,,,True,,,,,False,False
401121977,2019,regular,13,2019-11-23 22:00:00+00:00,True,False,True,14262,3666,Cajun Field,309,Louisiana,2653,Troy,53,3,UL,Sun Belt,fbs,TROY,Sun Belt,fbs,5,-12.5,-12.3,-12.5,-13.0,-11.5,1.5,0.570087712549569,0,,,,,,,,5,74.0,74.1,74.0,74.0,74.5,0.5,0.22360679774997896,0,,,,,,,,True,,,,,False,False
401114314,2019,regular,13,2019-11-23 23:00:00+00:00,True,False,True,14335,3604,Alamodome,2636,UTSA,2226,Florida Atlantic,26,40,UTSA,Conference USA,fbs,FAU,Conference USA,fbs,5,21.5,21.5,21.5,21.0,22.0,1.0,0.3535533905932738,0,,,,,,,,5,57.5,57.7,57.5,57.0,59.0,2.0,0.758287544405155,0,,,,,,,,True,,,,,False,False
401110859,2019,regular,13,2019-11-24 00:00:00+00:00,True,False,True,101173,3958,Tiger Stadium (LA),99,LSU,8,Arkansas,56,20,LSU,SEC,fbs,ARK,SEC,fbs,5,-41.5,-41.6,-41.5,-42.0,-41.0,1.0,0.4183300132670378,0,,,,,,,,5,69.0,69.0,69.0,68.5,69.5,1.0,0.3535533905932738,0,,,,,,,,True,1,,CFP,,True,False
401117907,2019,regular,13,2019-11-24 00:00:00+00:00,True,False,True,30101,3854,Nippert Stadium,2132,Cincinnati,218,Temple,15,13,CIN,American Athletic,fbs,TEM,American Athletic,fbs,5,-9.0,-8.9,-9.0,-9.0,-8.5,0.5,0.22360679774997896,0,,,,,,,,5,44.5,44.3,44.5,44.0,44.5,0.5,0.27386127875258304,0,,,,,,,,True,19,,CFP,,True,False
401112517,2019,regular,13,2019-11-24 00:00:00+00:00,True,False,False,27339,218,FIU Stadium,2229,Florida International,2390,Miami,30,24,FIU,Conference USA,fbs,MIA,ACC,fbs,5,21.0,21.0,21.0,20.5,21.5,1.0,0.3535533905932738,0,,,,,,,,5,50.5,50.6,50.5,50.5,51.0,0.5,0.22360679774997896,0,,,,,,,,True,,,,,False,False
401112113,2019,regular,13,2019-11-24 00:00:00+00:00,True,False,True,50117,3784,Jones AT&T Stadium,2641,Texas Tech,2306,Kansas State,27,30,TTU,Big 12,fbs,KSU,Big 12,fbs,5,-1.0,-0.6,-1.0,-1.0,1.0,2.0,0.8944271909999159,0,,,,,,,,5,57.5,57.5,57.5,57.0,58.0,1.0,0.5,0,,,,,,,,True,,,,,False,False
401117910,2019,regular,13,2019-11-24 00:30:00+00:00,True,False,True,16120,3674,Chapman Stadium,202,Tulsa,248,Houston,14,24,TLSA,American Athletic,fbs,HOU,American Athletic,fbs,5,-6.0,-5.7,-6.0,-6.5,-5.0,1.5,0.6708203932499369,0,,,,,,,,5,57.5,57.5,57.5,57.0,58.0,1.0,0.3535533905932738,0,,,,,,,,True,,,,,False,False
401110860,2019,regular,13,2019-11-24 00:30:00+00:00,True,False,False,54683,3693,Davis Wade Stadium,344,Mississippi State,2000,Abilene Christian,45,7,MSST,SEC,fbs,ACU,Southland,fcs,1,-37.0,-37.0,-37.0,-37.0,-37.0,0.0,0.0,0,,,,,,,,1,57.0,57.0,57.0,57.0,57.0,0.0,0.0,0,,,,,,,,True,,,,,False,False
401114162,2019,regular,13,2019-11-24 00:30:00+00:00,True,False,True,51875,3947,Mountain America Stadium,9,Arizona State,2483,Oregon,31,28,ASU,Pac-12,fbs,ORE,Pac-12,fbs,5,13.5,13.4,13.5,13.0,14.0,1.0,0.4183300132670378,0,,,,,,,,5,54.5,54.5,54.5,54.0,55.0,1.0,0.5,0,,,,,,,,True,,6,,CFP,False,True
401110861,2019,regular,13,2019-11-24 00:30:00+00:00,True,False,True,49348,3838,Memorial Stadium,142,Missouri,2633,Tennessee,20,24,MIZ,SEC,fbs,TENN,SEC,fbs,5,-3.0,-2.8,-3.0,-3.0,-2.5,0.5,0.27386127875258304,0,,,,,,,,5,47.0,47.0,47.0,46.5,47.5,1.0,0.3535533905932738,0,,,,,,,,True,,,,,False,False
401112515,2019,regular,13,2019-11-24 00:30:00+00:00,True,False,True,24130,3630,Allegacy Federal Credit Union Stadium,154,Wake Forest,150,Duke,39,27,WAKE,ACC,fbs,DUKE,ACC,fbs,5,-6.5,-6.6,-6.5,-7.0,-6.5,0.5,0.22360679774997896,0,,,,,,,,5,50.0,50.0,50.0,49.0,50.5,1.5,0.6123724356957945,0,,,,,,,,True,,,,,False,False
401112120,2019,regular,13,2019-11-24 01:00:00+00:00,True,False,True,82241,3835,"Memorial Stadium (Norman, OK)",201,Oklahoma,2628,TCU,28,24,OU,Big 12,fbs,TCU,Big 12,fbs,5,-18.5,-18.5,-18.5,-19.0,-18.0,1.0,0.3535533905932738,0,,,,,,,,5,65.0,65.2,65.0,65.0,65.5,0.5,0.27386127875258304,0,,,,,,,,True,9,,CFP,,True,False
401114206,2019,regular,13,2019-11-24 02:00:00+00:00,True,False,True,22016,3820,Gesa Field,265,Washington State,204,Oregon State,54,53,WSU,Pac-12,fbs,ORST,Pac-12,fbs,5,-10.5,-10.6,-10.5,-11.0,-10.5,0.5,0.22360679774997896,0,,,,,,,,5,77.5,77.6,77.5,77.5,78.0,0.5,0.22360679774997896,0,,,,,,,,True,,,,,False,False
401114191,2019,regular,13,2019-11-24 03:00:00+00:00,True,False,True,44618,3726,Folsom Field,38,Colorado,264,Washington,20,14,COLO,Pac-12,fbs,WASH,Pac-12,fbs,5,14.0,14.0,14.0,14.0,14.0,0.0,0.0,0,,,,,,,,5,53.0,53.1,53.0,53.0,53.5,0.5,0.22360679774997896,0,,,,,,,,True,,,,,False,False
401114173,2019,regular,13,2019-11-24 03:00:00+00:00,True,False,True,35991,3619,Arizona Stadium,12,Arizona,254,Utah,7,35,ARIZ,Pac-12,fbs,UTAH,Pac-12,fbs,5,23.5,23.8,23.5,23.5,24.5,1.0,0.4472135954999579,0,,,,,,,,5,57.0,56.9,57.0,55.5,57.5,2.0,0.8215838362577492,0,,,,,,,,True,,7,,CFP,False,True
401117549,2019,regular,13,2019-11-24 03:30:00+00:00,True,False,True,18315,3905,Maverik Stadium,328,Utah State,68,Boise State,21,56,USU,Mountain West,fbs,BOIS,Mountain West,fbs,5,4.5,6.3,4.5,4.0,9.5,5.5,2.9283100928692645,0,,,,,,,,5,54.0,53.6,54.0,52.5,54.5,2.0,0.8215838362577492,0,,,,,,,,True,,20,,CFP,False,True
401117551,2019,regular,13,2019-11-24 03:30:00+00:00,True,False,True,32303,3660,Valley Children's Stadium,278,Fresno State,2440,Nevada,28,35,FRES,Mountain West,fbs,NEV,Mountain West,fbs,5,-13.5,-13.2,-13.5,-13.5,-12.5,1.0,0.4472135954999579,0,,,,,,,,5,51.5,51.5,51.5,51.0,52.0,1.0,0.3535533905932738,0,,,,,,,,True,,,,,False,False
401117552,2019,regular,13,2019-11-24 04:00:00+00:00,True,False,True,24911,3610,Aloha Stadium,62,Hawai'i,21,San Diego State,14,11,HAW,Mountain West,fbs,SDSU,Mountain West,fbs,5,-1.0,-0.9,-1.0,-1.5,0.0,1.5,0.5477225575051661,0,,,,,,,,5,46.5,46.7,46.5,46.5,47.0,0.5,0.27386127875258304,0,,,,,,,,True,,25,,Coaches,False,True
401119310,2019,regular,14,2019-11-26 23:00:00+00:00,True,False,True,21414,3768,InfoCision Stadium,2006,Akron,195,Ohio,3,52,AKR,Mid-American,fbs,OHIO,Mid-American,fbs,5,27.5,27.6,27.5,27.5,28.0,0.5,0.22360679774997896,0,,,,,,,,5,53.0,53.0,53.0,52.5,53.5,1.0,0.3535533905932738,0,,,,,,,,True,,,,,False,False
401119311,2019,regular,14,2019-11-27 00:00:00+00:00,True,False,True,3568,3764,Huskie Stadium,2459,Northern Illinois,2711,Western Michigan,17,14,NIU,Mid-American,fbs,WMU,Mid-American,fbs,5,10.0,9.8,10.0,9.0,10.0,1.0,0.4472135954999579,0,,,,,,,,5,51.0,51.2,51.0,50.5,52.0,1.5,0.570087712549569,0,,,,,,,,True,,,,,False,False
401110863,2019,regular,14,2019-11-29 00:30:00+00:00,True,False,True,57529,3693,Davis Wade Stadium,344,Mississippi State,145,Ole Miss,21,20,MSST,SEC,fbs,MISS,SEC,fbs,5,1.0,0.5,1.0,-1.0,2.0,3.0,1.4142135623730951,0,,,,,,,,5,59.0,59.0,59.0,58.5,59.5,1.0,0.3535533905932738,0,,,,,,,,True,,,,,False,False
401119315,2019,regular,14,2019-11-29 17:00:00+00:00,True,False,True,9101,3786,Kelly/Shorts Stadium,2117,Central Michigan,2649,Toledo,49,7,CMU,Mid-American,fbs,TOL,Mid-American,fbs,5,-14.5,-14.5,-14.5,-14.5,-14.5,0.0,0.0,0,,,,,,,,5,64.0,64.3,64.0,63.5,65.0,1.5,0.6708203932499369,0,,,,,,,,True,,,,,False,False
401119314,2019,regular,14,2019-11-29 17:00:00+00:00,True,False,True,7155,3919,Scheumann Stadium,2050,Ball State,193,Miami (OH),41,27,BALL,Mid-American,fbs,M-OH,Mid-American,fbs,5,-3.0,-3.0,-3.0,-3.0,-3.0,0.0,0.0,0,,,,,,,,5,55.5,55.5,55.5,55.5,55.5,0.0,0.0,0,,,,,,,,True,,,,,False,False
401119312,2019,regular,14,2019-11-29 17:00:00+00:00,True,False,True,13749,3965,UB Stadium,2084,Buffalo,189,Bowling Green,49,7,BUF,Mid-American,fbs,BGSU,Mid-American,fbs,5,-28.0,-27.9,-28.0,-28.0,-27.5,0.5,0.22360679774997896,0,,,,,,,,5,53.5,53.6,53.5,53.5,54.0,0.5,0.22360679774997896,0,,,,,,,,True,,,,,False,False
401112521,2019,regular,14,2019-11-29 17:00:00+00:00,True,False,True,52619,3923,Scott Stadium,258,Virginia,259,Virginia Tech,39,30,UVA,ACC,fbs,VT,ACC,fbs,5,1.5,1.8,1.5,1.5,3.0,1.5,0.6708203932499369,0,,,,,,,,5,48.0,48.2,48.0,48.0,48.5,0.5,0.27386127875258304,0,,,,,,,,True,,23,,AP,False,True
401119313,2019,regular,14,2019-11-29 17:00:00+00:00,True,False,True,13444,3912,Rynearson Stadium,2199,Eastern Michigan,2309,Kent State,26,34,EMU,Mid-American,fbs,KENT,Mid-American,fbs,5,-3.5,-3.6,-3.5,-4.0,-3.5,0.5,0.22360679774997896,0,,,,,,,,5,68.5,68.5,68.5,68.0,69.0,1.0,0.3535533905932738,0,,,,,,,,True,,,,,False,False
401112138,2019,regular,14,2019-11-29 17:00:00+00:00,True,False,True,93747,3910,DKR-Texas Memorial Stadium,251,Texas,2641,Texas Tech,49,24,TEX,Big 12,fbs,TTU,Big 12,fbs,5,-8.0,-8.2,-8.0,-9.5,-7.5,2.0,0.758287544405155,0,,,,,,,,5,65.5,65.4,65.5,65.0,66.0,1.0,0.4183300132670378,0,,,,,,,,True,,,,,False,False
401112200,2019,regular,14,2019-11-29 19:30:00+00:00,True,False,True,89039,3834,"Memorial Stadium (Lincoln, NE)",158,Nebraska,2294,Iowa,24,27,NEB,Big Ten,fbs,IOWA,Big Ten,fbs,5,4.0,3.9,4.0,3.5,4.5,1.0,0.4183300132670378,0,,,,,,,,5,46.0,45.6,46.0,45.0,46.0,1.0,0.5477225575051661,0,,,,,,,,True,,19,,AP,False,True
401110864,2019,regular,14,2019-11-29 19:30:00+00:00,True,False,True,33961,3983,War Memorial Stadium (AR),8,Arkansas,142,Missouri,14,24,ARK,SEC,fbs,MIZ,SEC,fbs,5,15.0,15.2,15.0,14.5,16.5,2.0,0.758287544405155,0,,,,,,,,5,53.0,53.0,53.0,53.0,53.0,0.0,0.0,0,,,,,,,,True,,,,,False,False
401117913,2019,regular,14,2019-11-29 20:30:00+00:00,True,False,True,36472,3805,Simmons Bank Liberty Stadium,235,Memphis,2132,Cincinnati,34,24,MEM,American Athletic,fbs,CIN,American Athletic,fbs,5,-13.5,-13.5,-13.5,-14.0,-13.0,1.0,0.5,0,,,,,,,,5,59.5,59.2,59.5,58.5,59.5,1.0,0.4472135954999579,0,,,,,,,,True,17,18,AP,AP,True,True
401117554,2019,regular,14,2019-11-29 20:30:00+00:00,True,False,True,12324,5388,Canvas Stadium,36,Colorado State,68,Boise State,24,31,CSU,Mountain West,fbs,BOIS,Mountain West,fbs,5,13.5,13.6,13.5,13.0,14.0,1.0,0.4183300132670378,0,,,,,,,,5,57.5,57.4,57.5,56.5,58.0,1.5,0.5477225575051661,0,,,,,,,,True,,20,,AP,False,True
401114232,2019,regular,14,2019-11-29 21:00:00+00:00,True,False,True,70931,3765,Husky Stadium,264,Washington,265,Washington State,31,13,WASH,Pac-12,fbs,WSU,Pac-12,fbs,5,-7.0,-7.2,-7.0,-7.5,-7.0,0.5,0.27386127875258304,0,,,,,,,,5,65.0,65.2,65.0,65.0,65.5,0.5,0.27386127875258304,0,,,,,,,,True,,,,,False,False
401112134,2019,regular,14,2019-11-29 21:15:00+00:00,True,False,True,40126,3616,Amon G. Carter Stadium,2628,TCU,277,West Virginia,17,20,TCU,Big 12,fbs,WVU,Big 12,fbs,5,-13.5,-13.6,-13.5,-14.0,-13.5,0.5,0.22360679774997896,0,,,,,,,,5,43.0,43.2,43.0,42.5,44.0,1.5,0.570087712549569,0,,,,,,,,True,,,,,False,False
401121979,2019,regular,14,2019-11-29 22:00:00+00:00,True,False,True,16319,3797,Ladd Peebles Stadium,6,South Alabama,2032,Arkansas State,34,30,USA,Sun Belt,fbs,ARST,Sun Belt,fbs,5,10.5,10.4,10.5,10.0,10.5,0.5,0.22360679774997896,0,,,,,,,,5,53.0,53.0,53.0,52.5,53.5,1.0,0.3535533905932738,0,,,,,,,,True,,,,,False,False
401121978,2019,regular,14,2019-11-29 23:00:00+00:00,True,False,True,18989,3975,Veterans Memorial Stadium (AL),2653,Troy,2026,App State,13,48,TROY,Sun Belt,fbs,APP,Sun Belt,fbs,5,11.0,11.1,11.0,11.0,11.5,0.5,0.22360679774997896,0,,,,,,,,5,64.0,64.0,64.0,64.0,64.0,0.0,0.0,0,,,,,,,,True,,22,,AP,False,True
401117912,2019,regular,14,2019-11-30 01:00:00+00:00,True,False,True,45216,3652,FBC Mortgage Stadium,2116,UCF,58,South Florida,34,7,UCF,American Athletic,fbs,USF,American Athletic,fbs,5,-24.0,-23.9,-24.0,-24.0,-23.5,0.5,0.22360679774997896,0,,,,,,,,5,61.5,61.6,61.5,61.5,62.0,0.5,0.22360679774997896,0,,,,,,,,True,,,,,False,False
401110868,2019,regular,14,2019-11-30 17:00:00+00:00,True,False,False,48336,3683,Kroger Field,96,Kentucky,97,Louisville,45,13,UK,SEC,fbs,LOU,ACC,fbs,5,-3.5,-3.5,-3.5,-3.5,-3.5,0.0,0.0,0,,,,,,,,5,51.0,51.2,51.0,50.5,52.0,1.5,0.570087712549569,0,,,,,,,,True,,,,,False,False
401114321,2019,regular,14,2019-11-30 17:00:00+00:00,True,False,True,18596,3775,Joan C. Edwards Stadium,276,Marshall,2229,Florida International,30,27,MRSH,Conference USA,fbs,FIU,Conference USA,fbs,5,-10.0,-9.9,-10.0,-10.0,-9.5,0.5,0.22360679774997896,0,,,,,,,,5,50.0,50.2,50.0,50.0,50.5,0.5,0.27386127875258304,0,,,,,,,,True,,,,,False,False
401112228,2019,regular,14,2019-11-30 17:00:00+00:00,True,False,True,112071,3558,Michigan Stadium,130,Michigan,194,Ohio State,27,56,MICH,Big Ten,fbs,OSU,Big Ten,fbs,5,9.0,9.1,9.0,9.0,9.5,0.5,0.22360679774997896,0,,,,,,,,5,53.0,53.2,53.0,53.0,54.0,1.0,0.4472135954999579,0,,,,,,,,True,10,2,AP,AP,True,True
401112156,2019,regular,14,2019-11-30 17:00:00+00:00,True,False,True,35895,3832,"Memorial Stadium (Champaign, IL)",356,Illinois,77,Northwestern,10,29,ILL,Big Ten,fbs,NU,Big Ten,fbs,5,-6.0,-6.2,-6.0,-6.5,-6.0,0.5,0.27386127875258304,0,,,,,,,,5,39.0,39.0,39.0,38.0,40.0,2.0,0.7905694150420949,0,,,,,,,,True,,,,,False,False
401110867,2019,regular,14,2019-11-30 17:00:00+00:00,True,False,False,55000,721,Bobby Dodd Stadium,59,Georgia Tech,61,Georgia,7,52,GT,ACC,fbs,UGA,SEC,fbs,5,28.5,28.6,28.5,28.5,29.0,0.5,0.22360679774997896,0,,,,,,,,5,46.5,46.6,46.5,46.0,47.0,1.0,0.4183300132670378,0,,,,,,,,True,,4,,AP,False,True
401110870,2019,regular,14,2019-11-30 17:00:00+00:00,True,False,False,80580,3994,Williams-Brice Stadium,2579,South Carolina,228,Clemson,3,38,SC,SEC,fbs,CLEM,ACC,fbs,5,27.5,27.7,27.5,27.5,28.5,1.0,0.4472135954999579,0,,,,,,,,5,50.5,50.4,50.5,50.0,51.0,1.0,0.4183300132670378,0,,,,,,,,True,,3,,AP,False,True
401112168,2019,regular,14,2019-11-30 17:00:00+00:00,True,False,True,55338,3907,Ross-Ade Stadium,2509,Purdue,84,Indiana,41,44,PUR,Big Ten,fbs,IU,Big Ten,fbs,5,7.0,7.0,7.0,7.0,7.0,0.0,0.0,0,,,,,,,,5,56.5,56.4,56.5,56.0,56.5,0.5,0.22360679774997896,0,,,,,,,,True,,,,,False,False
401117915,2019,regular,14,2019-11-30 17:00:00+00:00,True,False,True,27978,3699,Dowdy-Ficklen Stadium,151,East Carolina,202,Tulsa,24,49,ECU,American Athletic,fbs,TLSA,American Athletic,fbs,5,7.0,6.9,7.0,6.5,7.0,0.5,0.22360679774997896,0,,,,,,,,5,64.0,63.9,64.0,63.0,64.5,1.5,0.5477225575051661,0,,,,,,,,True,,,,,False,False
401121980,2019,regular,14,2019-11-30 17:00:00+00:00,True,False,True,15102,3654,Brooks Stadium (SC),324,Coastal Carolina,326,Texas State,24,21,CCU,Sun Belt,fbs,TXST,Sun Belt,fbs,5,-7.0,-7.0,-7.0,-7.0,-7.0,0.0,0.0,0,,,,,,,,5,52.0,51.8,52.0,51.0,52.0,1.0,0.4472135954999579,0,,,,,,,,True,,,,,False,False
401112525,2019,regular,14,2019-11-30 17:30:00+00:00,True,False,True,33719,1964,JMA Wireless Dome,183,Syracuse,154,Wake Forest,39,30,SYR,ACC,fbs,WAKE,ACC,fbs,5,6.5,6.4,6.5,6.0,6.5,0.5,0.22360679774997896,0,,,,,,,,5,68.0,67.9,68.0,67.5,68.0,0.5,0.22360679774997896,0,,,,,,,,True,,,,,False,False
401117556,2019,regular,14,2019-11-30 19:00:00+00:00,True,False,True,21425,3713,Falcon Stadium,2005,Air Force,2751,Wyoming,20,6,AF,Mountain West,fbs,WYO,Mountain West,fbs,5,-13.0,-13.1,-13.0,-13.5,-13.0,0.5,0.22360679774997896,0,,,,,,,,5,41.5,41.3,41.5,41.0,41.5,0.5,0.27386127875258304,0,,,,,,,,True,,,,,False,False
401114324,2019,regular,14,2019-11-30 19:00:00+00:00,True,False,True,7589,3796,Houchens Industries-L.T. Smith Stadium,98,Western Kentucky,2393,Middle Tennessee,31,26,WKU,Conference USA,fbs,MTSU,Conference USA,fbs,5,-10.0,-10.2,-10.0,-10.5,-10.0,0.5,0.27386127875258304,0,,,,,,,,5,46.0,45.9,46.0,45.5,46.5,1.0,0.4183300132670378,0,,,,,,,,True,,,,,False,False
401114346,2019,regular,14,2019-11-30 19:00:00+00:00,True,False,False,18674,3992,Williams Stadium (VA),2335,Liberty,166,New Mexico State,49,28,LIB,FBS Independents,fbs,NMSU,FBS Independents,fbs,5,-14.5,-14.9,-14.5,-15.5,-14.5,1.0,0.5477225575051661,0,,,,,,,,5,68.0,67.6,68.0,66.5,68.5,2.0,0.8215838362577492,0,,,,,,,,True,,,,,False,False
401114320,2019,regular,14,2019-11-30 19:00:00+00:00,True,False,True,16369,3918,S.B. Ballard Stadium,295,Old Dominion,2429,Charlotte,22,38,ODU,Conference USA,fbs,CLT,Conference USA,fbs,5,10.5,10.4,10.5,10.0,10.5,0.5,0.22360679774997896,0,,,,,,,,5,51.0,50.9,51.0,50.5,51.0,0.5,0.22360679774997896,0,,,,,,,,True,,,,,False,False
401117558,2019,regular,14,2019-11-30 20:00:00+00:00,True,False,True,16683,3816,Mackay Stadium,2440,Nevada,2439,UNLV,30,33,NEV,Mountain West,fbs,UNLV,Mountain West,fbs,5,-7.0,-6.8,-7.0,-7.0,-6.5,0.5,0.27386127875258304,0,,,,,,,,5,51.5,51.6,51.5,51.0,52.0,1.0,0.4183300132670378,0,,,,,,,,True,,,,,False,False
401114326,2019,regular,14,2019-11-30 20:00:00+00:00,True,False,True,11776,3946,Sun Bowl,2638,UTEP,242,Rice,16,30,UTEP,Conference USA,fbs,RICE,Conference USA,fbs,5,6.5,6.6,6.5,6.5,7.0,0.5,0.22360679774997896,0,,,,,,,,5,43.5,43.4,43.5,43.0,43.5,0.5,0.22360679774997896,0,,,,,,,,True,,,,,False,False
401114323,2019,regular,14,2019-11-30 20:30:00+00:00,True,False,True,14782,3776,Joe Aillet Stadium,2348,Louisiana Tech,2636,UTSA,41,27,LT,Conference USA,fbs,UTSA,Conference USA,fbs,5,-21.0,-20.8,-21.0,-21.0,-20.5,0.5,0.27386127875258304,0,,,,,,,,5,56.0,56.2,56.0,55.5,57.0,1.5,0.570087712549569,0,,,,,,,,True,,,,,False,False
401114322,2019,regular,14,2019-11-30 20:30:00+00:00,True,False,True,13414,3715,FAU Stadium,2226,Florida Atlantic,2572,Southern Miss,34,17,FAU,Conference USA,fbs,USM,Conference USA,fbs,5,-9.0,-8.8,-9.0,-9.5,-8.0,1.5,0.570087712549569,0,,,,,,,,5,57.5,57.7,57.5,57.5,58.0,0.5,0.27386127875258304,0,,,,,,,,True,,,,,False,False
401112523,2019,regular,14,2019-11-30 20:30:00+00:00,True,False,True,15913,3982,Wallace Wade Stadium,150,Duke,2390,Miami,27,17,DUKE,ACC,fbs,MIA,ACC,fbs,5,9.0,9.1,9.0,8.5,9.5,1.0,0.4183300132670378,0,,,,,,,,5,44.5,44.3,44.5,44.0,44.5,0.5,0.27386127875258304,0,,,,,,,,True,,,,,False,False
401112084,2019,regular,14,2019-11-30 20:30:00+00:00,True,False,True,22531,3833,Memorial Stadium,2305,Kansas,239,Baylor,6,61,KU,Big 12,fbs,BAY,Big 12,fbs,5,14.0,14.1,14.0,14.0,14.5,0.5,0.22360679774997896,0,,,,,,,,5,48.0,48.2,48.0,48.0,48.5,0.5,0.27386127875258304,0,,,,,,,,True,,11,,AP,False,True
401112261,2019,regular,14,2019-11-30 20:30:00+00:00,True,False,True,98895,3632,Beaver Stadium,213,Penn State,164,Rutgers,27,6,PSU,Big Ten,fbs,RUTG,Big Ten,fbs,4,-39.0,-39.0,-39.0,-39.5,-38.5,1.0,0.408248290463863,0,,,,,,,,4,51.0,50.875,51.0,50.5,51.0,0.5,0.25,0,,,,,,,,True,12,,AP,,True,False
401112522,2019,regular,14,2019-11-30 20:30:00+00:00,True,False,True,40889,3752,Acrisure Stadium,221,Pittsburgh,103,Boston College,19,26,PITT,ACC,fbs,BC,ACC,fbs,5,-8.5,-8.5,-8.5,-9.0,-8.0,1.0,0.3535533905932738,0,,,,,,,,5,51.5,51.7,51.5,51.5,52.0,0.5,0.27386127875258304,0,,,,,,,,True,,,,,False,False
401117914,2019,regular,14,2019-11-30 20:30:00+00:00,True,False,True,26083,3806,Lincoln Financial Field,218,Temple,41,UConn,49,17,TEM,American Athletic,fbs,CONN,American Athletic,fbs,5,-27.0,-26.8,-27.0,-27.0,-26.0,1.0,0.4472135954999579,0,,,,,,,,5,48.0,48.0,48.0,47.5,48.5,1.0,0.3535533905932738,0,,,,,,,,True,,,,,False,False
401112221,2019,regular,14,2019-11-30 20:30:00+00:00,True,False,True,51366,3936,Spartan Stadium,127,Michigan State,120,Maryland,19,16,MSU,Big Ten,fbs,MD,Big Ten,fbs,5,-21.5,-21.8,-21.5,-22.5,-21.5,1.0,0.4472135954999579,0,,,,,,,,5,47.5,47.3,47.5,47.0,47.5,0.5,0.27386127875258304,0,,,,,,,,True,,,,,False,False
401112237,2019,regular,14,2019-11-30 20:30:00+00:00,True,False,True,53756,3953,Huntington Bank Stadium,135,Minnesota,275,Wisconsin,17,38,MINN,Big Ten,fbs,WIS,Big Ten,fbs,5,3.0,3.1,3.0,3.0,3.5,0.5,0.22360679774997896,0,,,,,,,,5,44.5,44.5,44.5,44.0,45.0,1.0,0.3535533905932738,0,,,,,,,,True,9,13,AP,AP,True,True
401110865,2019,regular,14,2019-11-30 20:30:00+00:00,True,False,True,87451,3785,Jordan-Hare Stadium,2,Auburn,333,Alabama,48,45,AUB,SEC,fbs,ALA,SEC,fbs,5,3.5,3.6,3.5,3.5,4.0,0.5,0.22360679774997896,0,,,,,,,,5,51.0,50.6,51.0,50.0,51.0,1.0,0.5477225575051661,0,,,,,,,,True,16,5,AP,AP,True,True
401117917,2019,regular,14,2019-11-30 21:00:00+00:00,True,False,True,20761,3735,Gerald J. Ford Stadium,2567,SMU,2655,Tulane,37,20,SMU,American Athletic,fbs,TULN,American Athletic,fbs,5,-3.0,-3.1,-3.0,-3.5,-3.0,0.5,0.22360679774997896,0,,,,,,,,5,72.0,71.8,72.0,71.0,72.0,1.0,0.4472135954999579,0,,,,,,,,True,,,,,False,False
401114325,2019,regular,14,2019-11-30 21:00:00+00:00,True,False,True,16406,3825,DATCU Stadium,249,North Texas,5,UAB,21,26,UNT,Conference USA,fbs,UAB,Conference USA,fbs,5,3.5,3.6,3.5,3.5,4.0,0.5,0.22360679774997896,0,,,,,,,,5,49.5,49.6,49.5,49.5,50.0,0.5,0.22360679774997896,0,,,,,,,,True,,,,,False,False
401114199,2019,regular,14,2019-11-30 21:00:00+00:00,True,False,True,56243,3626,Autzen Stadium,2483,Oregon,204,Oregon State,24,10,ORE,Pac-12,fbs,ORST,Pac-12,fbs,5,-20.0,-20.2,-20.0,-20.5,-20.0,0.5,0.27386127875258304,0,,,,,,,,5,65.0,65.1,65.0,64.5,65.5,1.0,0.4183300132670378,0,,,,,,,,True,14,,AP,,True,False
401114212,2019,regular,14,2019-11-30 21:00:00+00:00,True,False,False,37391,3940,Stanford Stadium,24,Stanford,87,Notre Dame,24,45,STAN,Pac-12,fbs,ND,FBS Independents,fbs,5,17.5,17.3,17.5,17.0,17.5,0.5,0.27386127875258304,0,,,,,,,,5,45.5,45.4,45.5,45.0,45.5,0.5,0.22360679774997896,0,,,,,,,,True,,15,,AP,False,True
401117555,2019,regular,14,2019-11-30 21:00:00+00:00,True,False,True,11611,3971,University Stadium (NM),167,New Mexico,328,Utah State,25,38,UNM,Mountain West,fbs,USU,Mountain West,fbs,5,11.5,11.7,11.5,11.0,12.5,1.5,0.570087712549569,0,,,,,,,,5,63.0,63.2,63.0,63.0,63.5,0.5,0.27386127875258304,0,,,,,,,,True,,,,,False,False
401110871,2019,regular,14,2019-11-30 21:00:00+00:00,True,False,True,87367,3853,Neyland Stadium,2633,Tennessee,238,Vanderbilt,28,10,TENN,SEC,fbs,VAN,SEC,fbs,5,-23.0,-23.3,-23.0,-24.0,-23.0,1.0,0.4472135954999579,0,,,,,,,,5,48.0,48.0,48.0,48.0,48.0,0.0,0.0,0,,,,,,,,True,,,,,False,False
401121981,2019,regular,14,2019-11-30 23:00:00+00:00,True,False,True,15175,3608,Allen E. Paulson Stadium,290,Georgia Southern,2247,Georgia State,38,10,GASO,Sun Belt,fbs,GAST,Sun Belt,fbs,5,-6.5,-6.5,-6.5,-6.5,-6.5,0.0,0.0,0,,,,,,,,5,56.0,56.0,56.0,55.5,56.5,1.0,0.5,0,,,,,,,,True,,,,,False,False
401112095,2019,regular,14,2019-12-01 00:00:00+00:00,True,False,True,48990,3636,Bill Snyder Family Stadium,2306,Kansas State,66,Iowa State,27,17,KSU,Big 12,fbs,ISU,Big 12,fbs,5,5.0,5.0,5.0,4.5,5.5,1.0,0.3535533905932738,0,,,,,,,,5,45.0,45.0,45.0,44.5,45.5,1.0,0.3535533905932738,0,,,,,,,,True,,,,,False,False
401117916,2019,regular,14,2019-12-01 00:00:00+00:00,True,False,True,22824,4728,TDECU Stadium,248,Houston,2426,Navy,41,56,HOU,American Athletic,fbs,NAVY,American Athletic,fbs,5,9.5,9.3,9.5,8.5,10.0,1.5,0.570087712549569,0,,,,,,,,5,56.5,56.3,56.5,56.0,56.5,0.5,0.27386127875258304,0,,,,,,,,True,,24,,AP,False,True
401110869,2019,regular,14,2019-12-01 00:00:00+00:00,True,False,True,102218,3958,Tiger Stadium (LA),99,LSU,245,Texas A&M,50,7,LSU,SEC,fbs,TA&M,SEC,fbs,5,-17.5,-17.4,-17.5,-18.0,-17.0,1.0,0.4183300132670378,0,,,,,,,,5,63.5,63.8,63.5,63.0,65.0,2.0,0.758287544405155,0,,,,,,,,True,1,,AP,,True,False
401112524,2019,regular,14,2019-12-01 00:00:00+00:00,True,False,True,56413,3670,Carter-Finley Stadium,152,NC State,153,North Carolina,10,41,NCSU,ACC,fbs,UNC,ACC,fbs,5,11.0,11.1,11.0,11.0,11.5,0.5,0.22360679774997896,0,,,,,,,,5,57.5,57.4,57.5,57.0,57.5,0.5,0.22360679774997896,0,,,,,,,,True,,,,,False,False
401114192,2019,regular,14,2019-12-01 00:30:00+00:00,True,False,True,46879,587,Rice-Eccles Stadium,254,Utah,38,Colorado,45,15,UTAH,Pac-12,fbs,COLO,Pac-12,fbs,5,-28.0,-27.9,-28.0,-28.0,-27.5,0.5,0.22360679774997896,0,,,,,,,,5,49.5,49.4,49.5,49.0,50.0,1.0,0.4183300132670378,0,,,,,,,,True,6,,AP,,True,False
401110866,2019,regular,14,2019-12-01 00:30:00+00:00,True,False,False,89409,3634,Ben Hill Griffin Stadium,57,Florida,52,Florida State,40,17,FLA,SEC,fbs,FSU,ACC,fbs,5,-17.0,-17.0,-17.0,-17.5,-16.5,1.0,0.3535533905932738,0,,,,,,,,5,55.0,55.2,55.0,55.0,55.5,0.5,0.27386127875258304,0,,,,,,,,True,8,,AP,,True,False
401121982,2019,regular,14,2019-12-01 00:30:00+00:00,True,False,True,14227,3666,Cajun Field,309,Louisiana,2433,UL Monroe,31,30,UL,Sun Belt,fbs,ULM,Sun Belt,fbs,5,-20.0,-19.9,-20.0,-20.5,-19.5,1.0,0.4183300132670378,0,,,,,,,,5,71.0,71.0,71.0,71.0,71.0,0.0,0.0,0,,,,,,,,True,,,,,False,False
401112121,2019,regular,14,2019-12-01 01:00:00+00:00,True,False,True,54575,3646,Boone Pickens Stadium,197,Oklahoma State,201,Oklahoma,16,34,OKST,Big 12,fbs,OU,Big 12,fbs,5,14.0,13.8,14.0,13.5,14.0,0.5,0.27386127875258304,0,,,,,,,,5,68.0,68.3,68.0,68.0,69.0,1.0,0.4472135954999579,0,,,,,,,,True,21,7,AP,AP,True,True
401117218,2019,regular,14,2019-12-01 02:00:00+00:00,True,False,False,28180,3932,Qualcomm Stadium,21,San Diego State,252,BYU,13,3,SDSU,Mountain West,fbs,BYU,FBS Independents,fbs,5,5.0,5.2,5.0,4.5,6.0,1.5,0.570087712549569,0,,,,,,,,5,39.0,38.9,39.0,38.5,39.0,0.5,0.22360679774997896,0,,,,,,,,True,,,,,False,False
401114163,2019,regular,14,2019-12-01 03:00:00+00:00,True,False,True,54074,3947,Mountain America Stadium,9,Arizona State,12,Arizona,24,14,ASU,Pac-12,fbs,ARIZ,Pac-12,fbs,5,-13.5,-13.4,-13.5,-13.5,-13.0,0.5,0.22360679774997896,0,,,,,,,,5,60.5,60.6,60.5,60.5,61.0,0.5,0.22360679774997896,0,,,,,,,,True,,,,,False,False
401114183,2019,regular,14,2019-12-01 03:30:00+00:00,True,False,True,38102,1056,Rose Bowl,26,UCLA,25,California,18,28,UCLA,Pac-12,fbs,CAL,Pac-12,fbs,5,-1.0,-0.3,-1.0,-1.5,1.0,2.5,1.2041594578792296,0,,,,,,,,5,51.0,50.9,51.0,50.5,51.5,1.0,0.4183300132670378,0,,,,,,,,True,,,,,False,False
401117557,2019,regular,14,2019-12-01 03:30:00+00:00,True,False,True,12835,3935,CEFCU Stadium,23,San José State,278,Fresno State,17,16,SJSU,Mountain West,fbs,FRES,Mountain West,fbs,5,-2.0,-1.5,-2.0,-3.0,1.0,4.0,1.5811388300841898,0,,,,,,,,5,60.0,59.8,60.0,59.0,60.5,1.5,0.758287544405155,0,,,,,,,,True,,,,,False,False
401114334,2019,regular,14,2019-12-01 04:59:00+00:00,True,False,False,26256,3610,Aloha Stadium,62,Hawai'i,349,Army,52,31,HAW,Mountain West,fbs,ARMY,FBS Independents,fbs,5,-2.0,-2.1,-2.0,-2.5,-1.5,1.0,0.4183300132670378,0,,,,,,,,5,55.0,54.8,55.0,54.5,55.0,0.5,0.27386127875258304,0,,,,,,,,True,,,,,False,False
401132973,2019,regular,15,2019-12-07 01:00:00+00:00,True,True,True,38679,4738,Levi's Stadium,2483,Oregon,254,Utah,37,15,ORE,Pac-12,fbs,UTAH,Pac-12,fbs,5,6.5,6.6,6.5,6.5,7.0,0.5,0.22360679774997896,0,,,,,,,,5,46.0,45.8,46.0,45.5,46.0,0.5,0.27386127875258304,0,,,,,,,,True,13,5,CFP,CFP,True,True
401132984,2019,regular,15,2019-12-07 17:00:00+00:00,True,False,True,18618,3792,Kidd Brewer Stadium,2026,App State,309,Louisiana,45,38,APP,Sun Belt,fbs,UL,Sun Belt,fbs,5,-5.5,-5.5,-5.5,-6.0,-5.0,1.0,0.5,0,,,,,,,,5,57.5,57.5,57.5,57.0,58.0,1.0,0.5,0,,,,,,,,True,21,,CFP,,True,False
401132974,2019,regular,15,2019-12-07 17:00:00+00:00,True,True,True,65191,3687,AT&T Stadium,201,Oklahoma,239,Baylor,30,23,OU,Big 12,fbs,BAY,Big 12,fbs,5,-9.5,-9.3,-9.5,-9.5,-9.0,0.5,0.27386127875258304,0,,,,,,,,5,66.0,66.1,66.0,65.5,66.5,1.0,0.4183300132670378,0,,,,,,,,True,6,7,CFP,CFP,True,True
401132982,2019,regular,15,2019-12-07 17:00:00+00:00,True,True,True,22427,3727,Ford Field,2117,Central Michigan,193,Miami (OH),21,26,CMU,Mid-American,fbs,M-OH,Mid-American,fbs,5,-6.5,-6.2,-6.5,-6.5,-5.5,1.0,0.4472135954999579,0,,,,,,,,5,56.5,56.5,56.5,56.0,57.0,1.0,0.3535533905932738,0,,,,,,,,True,,,,,False,False
401132980,2019,regular,15,2019-12-07 18:30:00+00:00,True,False,True,14387,3715,FAU Stadium,2226,Florida Atlantic,5,UAB,49,6,FAU,Conference USA,fbs,UAB,Conference USA,fbs,5,-8.0,-8.2,-8.0,-9.0,-8.0,1.0,0.4472135954999579,0,,,,,,,,5,49.5,49.3,49.5,49.0,49.5,0.5,0.27386127875258304,0,,,,,,,,True,,,,,False,False
401132976,2019,regular,15,2019-12-07 20:30:00+00:00,True,False,True,33008,3805,Simmons Bank Liberty Stadium,235,Memphis,2132,Cincinnati,29,24,MEM,American Athletic,fbs,CIN,American Athletic,fbs,5,-9.0,-8.9,-9.0,-9.0,-8.5,0.5,0.22360679774997896,0,,,,,,,,5,59.0,58.8,59.0,58.5,59.0,0.5,0.27386127875258304,0,,,,,,,,True,17,20,CFP,CFP,True,True
401132979,2019,regular,15,2019-12-07 21:00:00+00:00,True,False,True,23561,3653,Albertsons Stadium,68,Boise State,62,Hawai'i,31,10,BOIS,Mountain West,fbs,HAW,Mountain West,fbs,5,-14.0,-14.2,-14.0,-14.5,-14.0,0.5,0.27386127875258304,0,,,,,,,,5,65.0,65.0,65.0,64.5,65.5,1.0,0.3535533905932738,0,,,,,,,,True,19,,CFP,,True,False
401132981,2019,regular,15,2019-12-07 21:00:00+00:00,True,True,True,74150,5348,Mercedes-Benz Stadium,99,LSU,61,Georgia,37,10,LSU,SEC,fbs,UGA,SEC,fbs,5,-7.0,-7.1,-7.0,-7.5,-7.0,0.5,0.22360679774997896,0,,,,,,,,5,57.0,57.1,57.0,57.0,57.5,0.5,0.22360679774997896,0,,,,,,,,True,2,4,CFP,CFP,True,True
401132975,2019,regular,15,2019-12-08 00:30:00+00:00,True,True,True,66810,3628,Bank of America Stadium,228,Clemson,258,Virginia,62,17,CLEM,ACC,fbs,UVA,ACC,fbs,5,-29.0,-29.0,-29.0,-29.5,-28.5,1.0,0.3535533905932738,0,,,,,,,,5,57.0,57.0,57.0,56.5,57.5,1.0,0.5,0,,,,,,,,True,3,23,CFP,CFP,True,True
401132983,2019,regular,15,2019-12-08 01:00:00+00:00,True,True,True,66649,3812,Lucas Oil Stadium,275,Wisconsin,194,Ohio State,21,34,WIS,Big Ten,fbs,OSU,Big Ten,fbs,5,16.5,16.4,16.5,15.5,17.0,1.5,0.5477225575051661,0,,,,,,,,5,57.5,57.7,57.5,57.5,58.0,0.5,0.27386127875258304,0,,,,,,,,True,8,1,CFP,CFP,True,True
401114335,2019,regular,15,2019-12-14 20:00:00+00:00,True,True,False,68705,3806,Lincoln Financial Field,2426,Navy,349,Army,31,7,NAVY,American Athletic,fbs,ARMY,FBS Independents,fbs,5,-11.5,-11.6,-11.5,-12.0,-11.5,0.5,0.22360679774997896,0,,,,,,,,5,41.5,41.4,41.5,41.0,42.0,1.0,0.4183300132670378,0,,,,,,,,True,24,,CFP,,True,False
401135260,2019,postseason,1,2019-12-20 19:00:00+00:00,True,True,False,13547,4779,Thomas A. Robinson National Stadium,2429,Charlotte,2084,Buffalo,9,31,CLT,Conference USA,fbs,BUF,Mid-American,fbs,5,7.0,7.0,7.0,7.0,7.0,0.0,0.0,0,,,,,,,,5,51.5,51.7,51.5,51.0,52.5,1.5,0.570087712549569,0,,,,,,,,True,,,,,False,False
401135261,2019,postseason,1,2019-12-21 00:30:00+00:00,True,True,False,12120,1400,Toyota Stadium,2309,Kent State,328,Utah State,51,41,KENT,Mid-American,fbs,USU,Mountain West,fbs,5,7.0,7.1,7.0,7.0,7.5,0.5,0.22360679774997896,0,,,,,,,,5,71.5,71.3,71.5,71.0,71.5,0.5,0.27386127875258304,0,,,,,,,,True,,,,,False,False
401135263,2019,postseason,1,2019-12-21 19:00:00+00:00,True,True,False,18823,3971,University Stadium (NM),21,San Diego State,2117,Central Michigan,48,11,SDSU,Mountain West,fbs,CMU,Mid-American,fbs,5,-3.5,-3.8,-3.5,-4.5,-3.5,1.0,0.4472135954999579,0,,,,,,,,5,40.5,40.5,40.5,40.0,41.0,1.0,0.3535533905932738,0,,,,,,,,True,,,,,False,False
401147693,2019,postseason,1,2019-12-21 19:30:00+00:00,True,True,False,18158,5403,Orlando City Stadium,290,Georgia Southern,2335,Liberty,16,23,GASO,Sun Belt,fbs,LIB,FBS Independents,fbs,5,-5.0,-5.0,-5.0,-5.5,-4.5,1.0,0.3535533905932738,0,,,,,,,,5,58.5,58.9,58.5,58.5,60.0,1.5,0.6519202405202649,0,,,,,,,,True,,,,,False,False
401135264,2019,postseason,1,2019-12-21 20:30:00+00:00,True,False,False,23187,3715,FAU Stadium,2226,Florida Atlantic,2567,SMU,52,28,FAU,Conference USA,fbs,SMU,American Athletic,fbs,5,7.0,7.1,7.0,7.0,7.5,0.5,0.22360679774997896,0,,,,,,,,5,63.5,63.5,63.5,63.0,64.0,1.0,0.3535533905932738,0,,,,,,,,True,,,,,False,False
401135265,2019,postseason,1,2019-12-21 22:30:00+00:00,True,True,False,16209,3689,Cramton Bowl,2032,Arkansas State,2229,Florida International,34,26,ARST,Sun Belt,fbs,FIU,Conference USA,fbs,5,1.0,1.2,1.0,1.0,1.5,0.5,0.27386127875258304,0,,,,,,,,5,60.0,59.8,60.0,58.5,61.0,2.5,0.9082951062292475,0,,,,,,,,True,,,,,False,False
401135266,2019,postseason,1,2019-12-22 00:30:00+00:00,True,True,False,34197,3914,Sam Boyd Stadium,264,Washington,68,Boise State,38,7,WASH,Pac-12,fbs,BOIS,Mountain West,fbs,5,-3.5,-3.6,-3.5,-4.0,-3.5,0.5,0.22360679774997896,0,,,,,,,,5,47.5,47.6,47.5,47.0,48.0,1.0,0.4183300132670378,0,,,,,,,,True,,19,,CFP,False,True
401135267,2019,postseason,1,2019-12-22 02:00:00+00:00,True,True,False,21202,3493,Caesars Superdome,5,UAB,2026,App State,17,31,UAB,Conference USA,fbs,APP,Sun Belt,fbs,5,17.0,17.1,17.0,17.0,17.5,0.5,0.22360679774997896,0,,,,,,,,5,47.5,47.6,47.5,47.0,48.0,1.0,0.4183300132670378,0,,,,,,,,True,,20,,CFP,False,True
401135268,2019,postseason,1,2019-12-23 19:30:00+00:00,True,True,False,28987,3886,Raymond James Stadium,276,Marshall,2116,UCF,25,48,MRSH,Conference USA,fbs,UCF,American Athletic,fbs,5,15.5,15.8,15.5,15.5,16.5,1.0,0.4472135954999579,0,,,,,,,,5,59.5,59.6,59.5,59.5,60.0,0.5,0.22360679774997896,0,,,,,,,,True,,,,,False,False
401135269,2019,postseason,1,2019-12-25 01:00:00+00:00,True,True,False,21582,3610,Aloha Stadium,252,BYU,62,Hawai'i,34,38,BYU,FBS Independents,fbs,HAW,Mountain West,fbs,5,-2.5,-2.6,-2.5,-3.0,-2.5,0.5,0.22360679774997896,0,,,,,,,,5,65.5,65.3,65.5,65.0,65.5,0.5,0.27386127875258304,0,,,,,,,,True,,,,,False,False
401135270,2019,postseason,1,2019-12-26 21:00:00+00:00,True,True,False,33129,3766,Independence Stadium,2390,Miami,2348,Louisiana Tech,0,14,MIA,ACC,fbs,LT,Conference USA,fbs,5,-7.0,-6.8,-7.0,-7.0,-6.5,0.5,0.27386127875258304,0,,,,,,,,5,49.5,49.6,49.5,49.5,50.0,0.5,0.22360679774997896,0,,,,,,,,True,,,,,False,False
401135271,2019,postseason,1,2019-12-27 01:00:00+00:00,True,True,False,34765,3727,Ford Field,2199,Eastern Michigan,221,Pittsburgh,30,34,EMU,Mid-American,fbs,PITT,ACC,fbs,5,12.5,12.6,12.5,12.0,13.0,1.0,0.4183300132670378,0,,,,,,,,5,51.0,50.6,51.0,49.5,51.5,2.0,0.8215838362577492,0,,,,,,,,True,,,,,False,False
401135272,2019,postseason,1,2019-12-27 17:00:00+00:00,True,True,False,24242,3852,Navy-Marine Corps Memorial Stadium,218,Temple,153,North Carolina,13,55,TEM,American Athletic,fbs,UNC,ACC,fbs,5,6.0,6.0,6.0,6.0,6.0,0.0,0.0,0,,,,,,,,5,56.5,56.6,56.5,56.5,57.0,0.5,0.22360679774997896,0,,,,,,,,True,,,,,False,False
401135273,2019,postseason,1,2019-12-27 20:20:00+00:00,True,True,False,36895,4102,Yankee Stadium,154,Wake Forest,127,Michigan State,21,27,WAKE,ACC,fbs,MSU,Big Ten,fbs,5,3.5,3.6,3.5,3.5,4.0,0.5,0.22360679774997896,0,,,,,,,,5,51.5,51.3,51.5,50.5,52.0,1.5,0.570087712549569,0,,,,,,,,True,,,,,False,False
401135274,2019,postseason,1,2019-12-27 23:45:00+00:00,True,True,False,68415,3891,NRG Stadium,245,Texas A&M,197,Oklahoma State,24,21,TA&M,SEC,fbs,OKST,Big 12,fbs,5,-4.5,-4.6,-4.5,-5.0,-4.5,0.5,0.22360679774997896,0,,,,,,,,5,55.0,55.3,55.0,55.0,56.0,1.0,0.4472135954999579,0,,,,,,,,True,,25,,CFP,False,True
401136253,2019,postseason,1,2019-12-28 01:00:00+00:00,True,True,False,50123,3932,Qualcomm Stadium,2294,Iowa,30,USC,49,24,IOWA,Big Ten,fbs,USC,Pac-12,fbs,5,-1.5,-0.4,-1.5,-1.5,1.5,3.0,1.51657508881031,0,,,,,,,,5,54.5,54.3,54.5,54.0,54.5,0.5,0.27386127875258304,0,,,,,,,,True,16,22,CFP,CFP,True,True
401135275,2019,postseason,1,2019-12-28 03:15:00+00:00,True,True,False,34105,4251,Chase Field,265,Washington State,2005,Air Force,21,31,WSU,Pac-12,fbs,AF,Mountain West,fbs,5,2.5,2.6,2.5,2.5,3.0,0.5,0.22360679774997896,0,,,,,,,,5,71.5,71.4,71.5,70.5,73.0,2.5,1.02469507659596,0,,,,,,,,True,,24,,AP,False,True
401135276,2019,postseason,1,2019-12-28 17:00:00+00:00,True,True,False,46948,4013,Camping World Stadium,66,Iowa State,87,Notre Dame,9,33,ISU,Big 12,fbs,ND,FBS Independents,fbs,5,3.5,3.6,3.5,3.5,4.0,0.5,0.22360679774997896,0,,,,,,,,5,54.5,54.5,54.5,54.0,55.0,1.0,0.3535533905932738,0,,,,,,,,True,,15,,CFP,False,True
401135277,2019,postseason,1,2019-12-28 17:00:00+00:00,True,True,False,54828,3687,AT&T Stadium,213,Penn State,235,Memphis,53,39,PSU,Big Ten,fbs,MEM,American Athletic,fbs,5,-6.5,-6.7,-6.5,-7.0,-6.5,0.5,0.27386127875258304,0,,,,,,,,5,59.5,59.5,59.5,59.0,60.5,1.5,0.6123724356957945,0,,,,,,,,True,10,17,CFP,CFP,True,True
401135278,2019,postseason,1,2019-12-28 21:20:00+00:00,True,True,False,78347,5348,Mercedes-Benz Stadium,99,LSU,201,Oklahoma,63,28,LSU,SEC,fbs,OU,Big 12,fbs,5,-12.5,-12.5,-12.5,-13.0,-12.0,1.0,0.3535533905932738,0,,,,,,,,5,75.0,74.9,75.0,74.0,75.5,1.5,0.5477225575051661,0,,,,,,,,True,1,4,CFP,CFP,True,True
401135279,2019,postseason,1,2019-12-29 01:20:00+00:00,True,True,False,71330,3970,State Farm Stadium,194,Ohio State,228,Clemson,23,29,OSU,Big Ten,fbs,CLEM,ACC,fbs,5,2.5,2.6,2.5,2.5,3.0,0.5,0.22360679774997896,0,,,,,,,,5,62.0,62.4,62.0,62.0,63.5,1.5,0.6519202405202649,0,,,,,,,,True,2,3,CFP,CFP,True,True
401135280,2019,postseason,1,2019-12-30 17:30:00+00:00,True,True,False,13164,3735,Gerald J. Ford Stadium,2711,Western Michigan,98,Western Kentucky,20,23,WMU,Mid-American,fbs,WKU,Conference USA,fbs,5,3.0,3.1,3.0,3.0,3.5,0.5,0.22360679774997896,0,,,,,,,,5,56.0,55.9,56.0,55.0,56.5,1.5,0.5477225575051661,0,,,,,,,,True,,,,,False,False
401135281,2019,postseason,1,2019-12-30 21:00:00+00:00,True,True,False,46850,3810,Nissan Stadium,97,Louisville,344,Mississippi State,38,28,LOU,ACC,fbs,MSST,SEC,fbs,5,4.5,4.6,4.5,4.5,5.0,0.5,0.22360679774997896,0,,,,,,,,5,64.5,64.5,64.5,64.5,64.5,0.0,0.0,0,,,,,,,,True,,,,,False,False
401136254,2019,postseason,1,2019-12-30 21:00:00+00:00,True,True,False,34177,4738,Levi's Stadium,356,Illinois,25,California,20,35,ILL,Big Ten,fbs,CAL,Pac-12,fbs,5,6.5,6.3,6.5,6.0,6.5,0.5,0.27386127875258304,0,,,,,,,,5,47.5,47.6,47.5,47.5,48.0,0.5,0.22360679774997896,0,,,,,,,,True,,,,,False,False
401135282,2019,postseason,1,2019-12-31 01:00:00+00:00,True,True,False,65157,3948,Hard Rock Stadium,258,Virginia,57,Florida,28,36,UVA,ACC,fbs,FLA,SEC,fbs,5,15.5,15.6,15.5,14.5,16.5,2.0,0.7416198487095663,0,,,,,,,,5,55.0,55.1,55.0,55.0,55.5,0.5,0.22360679774997896,0,,,,,,,,True,24,9,CFP,CFP,True,True
401135283,2019,postseason,1,2019-12-31 17:00:00+00:00,True,True,False,44138,3628,Bank of America Stadium,96,Kentucky,259,Virginia Tech,37,30,UK,SEC,fbs,VT,ACC,fbs,5,2.0,1.9,2.0,1.5,2.5,1.0,0.4183300132670378,0,,,,,,,,5,46.5,46.2,46.5,45.0,47.0,2.0,0.758287544405155,0,,,,,,,,True,,,,,False,False
401136255,2019,postseason,1,2019-12-31 19:00:00+00:00,True,True,False,42412,3946,Sun Bowl,9,Arizona State,52,Florida State,20,14,ASU,Pac-12,fbs,FSU,ACC,fbs,5,-3.0,-3.1,-3.0,-3.5,-3.0,0.5,0.22360679774997896,0,,,,,,,,5,51.5,51.4,51.5,51.0,52.0,1.0,0.4183300132670378,0,,,,,,,,True,,,,,False,False
401135284,2019,postseason,1,2019-12-31 20:45:00+00:00,True,True,False,50515,3805,Simmons Bank Liberty Stadium,2306,Kansas State,2426,Navy,17,20,KSU,Big 12,fbs,NAVY,American Athletic,fbs,5,2.0,2.0,2.0,1.5,2.5,1.0,0.3535533905932738,0,,,,,,,,5,53.0,53.0,53.0,52.5,53.5,1.0,0.5,0,,,,,,,,True,,23,,CFP,False,True
401147695,2019,postseason,1,2019-12-31 21:30:00+00:00,True,True,False,36892,3619,Arizona Stadium,2247,Georgia State,2751,Wyoming,17,38,GAST,Sun Belt,fbs,WYO,Mountain West,fbs,5,7.5,7.3,7.5,7.0,7.5,0.5,0.27386127875258304,0,,,,,,,,5,49.0,49.1,49.0,49.0,49.5,0.5,0.22360679774997896,0,,,,,,,,True,,,,,False,False
401135285,2019,postseason,1,2020-01-01 00:30:00+00:00,True,True,False,60147,3604,Alamodome,251,Texas,254,Utah,38,10,TEX,Big 12,fbs,UTAH,Pac-12,fbs,5,7.0,7.1,7.0,7.0,7.5,0.5,0.22360679774997896,0,,,,,,,,5,55.5,56.0,55.5,55.5,57.0,1.5,0.7071067811865476,0,,,,,,,,True,,11,,CFP,False,True
401135287,2019,postseason,1,2020-01-01 18:00:00+00:00,True,True,False,45652,3886,Raymond James Stadium,2,Auburn,135,Minnesota,24,31,AUB,SEC,fbs,MINN,Big Ten,fbs,5,-7.0,-6.9,-7.0,-7.0,-6.5,0.5,0.22360679774997896,0,,,,,,,,5,53.5,53.6,53.5,53.5,54.0,0.5,0.22360679774997896,0,,,,,,,,True,12,18,CFP,CFP,True,True
401135286,2019,postseason,1,2020-01-01 18:00:00+00:00,True,True,False,59746,4013,Camping World Stadium,333,Alabama,130,Michigan,35,16,ALA,SEC,fbs,MICH,Big Ten,fbs,5,-7.5,-7.7,-7.5,-8.5,-7.5,1.0,0.4472135954999579,0,,,,,,,,5,60.5,60.7,60.5,60.0,62.0,2.0,0.8366600265340756,0,,,,,,,,True,13,14,CFP,CFP,True,True
401135288,2019,postseason,1,2020-01-01 22:10:00+00:00,True,True,False,90462,1056,Rose Bowl,275,Wisconsin,2483,Oregon,27,28,WIS,Big Ten,fbs,ORE,Pac-12,fbs,5,-3.0,-3.0,-3.0,-3.0,-3.0,0.0,0.0,0,,,,,,,,5,52.5,52.6,52.5,52.5,53.0,0.5,0.22360679774997896,0,,,,,,,,True,8,6,CFP,CFP,True,True
401135289,2019,postseason,1,2020-01-02 01:45:00+00:00,True,True,False,55211,3493,Caesars Superdome,239,Baylor,61,Georgia,14,26,BAY,Big 12,fbs,UGA,SEC,fbs,5,3.5,3.6,3.5,3.5,4.0,0.5,0.22360679774997896,0,,,,,,,,5,43.5,43.2,43.5,42.5,44.0,1.5,0.6708203932499369,0,,,,,,,,True,7,5,CFP,CFP,True,True
401135290,2019,postseason,1,2020-01-02 20:00:00+00:00,True,True,False,27193,3803,Legion Field,2132,Cincinnati,103,Boston College,38,6,CIN,American Athletic,fbs,BC,ACC,fbs,5,-7.5,-7.5,-7.5,-8.0,-7.0,1.0,0.3535533905932738,0,,,,,,,,5,53.5,53.6,53.5,53.0,54.5,1.5,0.5477225575051661,0,,,,,,,,True,21,,CFP,,True,False
401135291,2019,postseason,1,2020-01-03 00:00:00+00:00,True,True,False,61789,3712,EverBank Stadium,2633,Tennessee,84,Indiana,23,22,TENN,SEC,fbs,IU,Big Ten,fbs,5,-3.5,-3.6,-3.5,-4.0,-3.5,0.5,0.22360679774997896,0,,,,,,,,5,56.0,55.7,56.0,55.0,56.0,1.0,0.4472135954999579,0,,,,,,,,True,,,,,False,False
401135292,2019,postseason,1,2020-01-03 20:30:00+00:00,True,True,False,13611,3653,Albertsons Stadium,2440,Nevada,195,Ohio,21,30,NEV,Mountain West,fbs,OHIO,Mid-American,fbs,5,10.0,10.1,10.0,10.0,10.5,0.5,0.22360679774997896,0,,,,,,,,5,62.5,62.3,62.5,62.0,62.5,0.5,0.27386127875258304,0,,,,,,,,True,,,,,False,False
401135293,2019,postseason,1,2020-01-04 16:30:00+00:00,True,True,False,38513,3616,Amon G. Carter Stadium,2655,Tulane,2572,Southern Miss,30,13,TULN,American Athletic,fbs,USM,Conference USA,fbs,5,-7.5,-7.3,-7.5,-7.5,-7.0,0.5,0.27386127875258304,0,,,,,,,,5,58.0,57.8,58.0,57.5,58.0,0.5,0.27386127875258304,0,,,,,,,,True,,,,,False,False
401135294,2019,postseason,1,2020-01-07 00:30:00+00:00,True,True,False,29212,3797,Ladd Peebles Stadium,193,Miami (OH),309,Louisiana,17,27,M-OH,Mid-American,fbs,UL,Sun Belt,fbs,5,15.0,14.9,15.0,14.0,15.5,1.5,0.5477225575051661,0,,,,,,,,5,55.5,55.3,55.5,55.0,55.5,0.5,0.27386127875258304,0,,,,,,,,True,,,,,False,False
401135295,2019,postseason,1,2020-01-14 01:00:00+00:00,True,True,False,76885,3493,Caesars Superdome,99,LSU,228,Clemson,42,25,LSU,SEC,fbs,CLEM,ACC,fbs,5,-4.5,-4.6,-4.5,-5.0,-4.0,1.0,0.4183300132670378,0,,,,,,,,5,66.5,66.6,66.5,66.0,67.0,1.0,0.4183300132670378,0,,,,,,,,True,1,3,CFP,CFP,True,True
