game_id,season,season_type,week,start_date,home_team_id,home_team,away_team_id,away_team,provider,spread,spread_open,over_under,over_under_open,home_moneyline,away_moneyline
400868876,2016,regular,1,2016-09-02 23:30:00+00:00,239,Baylor,2466,Northwestern State,consensus,-48.5,,,,,
400868877,2016,regular,2,2016-09-10 19:30:00+00:00,239,Baylor,2567,SMU,consensus,-28.5,,,,,
400868877,2016,regular,2,2016-09-10 19:30:00+00:00,239,Baylor,2567,SMU,numberfire,-33,,73,,,
400868877,2016,regular,2,2016-09-10 19:30:00+00:00,239,Baylor,2567,SMU,teamrankings,-34.5,,72,,,
400868878,2016,regular,4,2016-09-24 23:30:00+00:00,239,Baylor,197,Oklahoma State,consensus,-10,,,,,
400868878,2016,regular,4,2016-09-24 23:30:00+00:00,239,Baylor,197,Oklahoma State,numberfire,-7,,73.5,,,
400868878,2016,regular,4,2016-09-24 23:30:00+00:00,239,Baylor,197,Oklahoma State,teamrankings,-7,,73.5,,,
400868879,2016,regular,5,2016-10-01 16:00:00+00:00,66,Iowa State,239,Baylor,consensus,17,,,,,
400868879,2016,regular,5,2016-10-01 16:00:00+00:00,66,Iowa State,239,Baylor,numberfire,17,,62,,,
400868879,2016,regular,5,2016-10-01 16:00:00+00:00,66,Iowa State,239,Baylor,teamrankings,17,,62,,,
400868880,2016,regular,7,2016-10-15 19:30:00+00:00,239,Baylor,2305,Kansas,consensus,-35,,,,,
400868880,2016,regular,7,2016-10-15 19:30:00+00:00,239,Baylor,2305,Kansas,numberfire,-33,,65,,,
400868880,2016,regular,7,2016-10-15 19:30:00+00:00,239,Baylor,2305,Kansas,teamrankings,-33.5,,65,,,
400868881,2016,regular,9,2016-10-29 19:30:00+00:00,251,Texas,239,Baylor,consensus,3.5,,,,,
400868881,2016,regular,9,2016-10-29 19:30:00+00:00,251,Texas,239,Baylor,numberfire,3.5,,73,,,
400868881,2016,regular,9,2016-10-29 19:30:00+00:00,251,Texas,239,Baylor,teamrankings,4,,75.5,,,
400868882,2016,regular,10,2016-11-05 19:30:00+00:00,239,Baylor,2628,TCU,consensus,-9,,,,,
400868882,2016,regular,10,2016-11-05 19:30:00+00:00,239,Baylor,2628,TCU,numberfire,-7,,65,,,
400868882,2016,regular,10,2016-11-05 19:30:00+00:00,239,Baylor,2628,TCU,teamrankings,-7,,65,,,
400868883,2016,regular,11,2016-11-12 17:00:00+00:00,201,Oklahoma,239,Baylor,consensus,-15.5,,,,,
400868883,2016,regular,11,2016-11-12 17:00:00+00:00,201,Oklahoma,239,Baylor,numberfire,-17.5,,79,,,
400868883,2016,regular,11,2016-11-12 17:00:00+00:00,201,Oklahoma,239,Baylor,teamrankings,-17.5,,78,,,
400868884,2016,regular,12,2016-11-19 17:00:00+00:00,239,Baylor,2306,Kansas State,consensus,2,,,,,
400868884,2016,regular,12,2016-11-19 17:00:00+00:00,239,Baylor,2306,Kansas State,numberfire,-2.5,,58.5,,,
400868884,2016,regular,12,2016-11-19 17:00:00+00:00,239,Baylor,2306,Kansas State,teamrankings,-2.5,,58.5,,,
400868885,2016,regular,13,2016-11-25 23:00:00+00:00,2641,Texas Tech,239,Baylor,consensus,2.5,,,,,
400868885,2016,regular,13,2016-11-25 23:00:00+00:00,2641,Texas Tech,239,Baylor,numberfire,4,,84.5,,,
400868885,2016,regular,13,2016-11-25 23:00:00+00:00,2641,Texas Tech,239,Baylor,teamrankings,4,,83,,,
400868886,2016,regular,14,2016-12-03 20:30:00+00:00,277,West Virginia,239,Baylor,consensus,-14.5,,,,,
400868886,2016,regular,14,2016-12-03 20:30:00+00:00,277,West Virginia,239,Baylor,numberfire,-17.5,,69,,,
400868886,2016,regular,14,2016-12-03 20:30:00+00:00,277,West Virginia,239,Baylor,teamrankings,-17,,69,,,
400868887,2016,regular,1,2016-09-04 00:00:00+00:00,66,Iowa State,2460,Northern Iowa,consensus,-11,,,,,
400868888,2016,regular,2,2016-09-10 23:30:00+00:00,2294,Iowa,66,Iowa State,consensus,-18,,,,,
400868888,2016,regular,2,2016-09-10 23:30:00+00:00,2294,Iowa,66,Iowa State,numberfire,-15.5,,50,,,
400868888,2016,regular,2,2016-09-10 23:30:00+00:00,2294,Iowa,66,Iowa State,teamrankings,-15.5,,49,,,
400868889,2016,regular,3,2016-09-17 16:00:00+00:00,2628,TCU,66,Iowa State,consensus,-23.5,,,,,
400868889,2016,regular,3,2016-09-17 16:00:00+00:00,2628,TCU,66,Iowa State,numberfire,-24.5,,61.5,,,
400868889,2016,regular,3,2016-09-17 16:00:00+00:00,2628,TCU,66,Iowa State,teamrankings,-24.5,,60.5,,,
400868910,2016,regular,1,2016-09-02 23:00:00+00:00,218,Temple,349,Army,consensus,-21.5,,,,,
400868910,2016,regular,1,2016-09-02 23:00:00+00:00,218,Temple,349,Army,numberfire,-15.5,,45.5,,,
400868910,2016,regular,1,2016-09-02 23:00:00+00:00,218,Temple,349,Army,teamrankings,-14.5,,45,,,
400868911,2016,regular,2,2016-09-10 16:00:00+00:00,349,Army,242,Rice,consensus,-7,,,,,
400868911,2016,regular,2,2016-09-10 16:00:00+00:00,349,Army,242,Rice,numberfire,-9,,52.5,,,
400868911,2016,regular,2,2016-09-10 16:00:00+00:00,349,Army,242,Rice,teamrankings,-8.5,,52,,,
400868912,2016,regular,3,2016-09-17 23:00:00+00:00,2638,UTEP,349,Army,numberfire,3.5,,46.5,,,
400868912,2016,regular,3,2016-09-17 23:00:00+00:00,2638,UTEP,349,Army,teamrankings,3.5,,47,,,
400868913,2016,regular,4,2016-09-24 23:00:00+00:00,2084,Buffalo,349,Army,consensus,16,,,,,
400868913,2016,regular,4,2016-09-24 23:00:00+00:00,2084,Buffalo,349,Army,numberfire,13,,50,,,
400868913,2016,regular,4,2016-09-24 23:00:00+00:00,2084,Buffalo,349,Army,teamrankings,13,,50.5,,,
400868914,2016,regular,6,2016-10-08 19:30:00+00:00,150,Duke,349,Army,consensus,-6,,,,,
400868914,2016,regular,6,2016-10-08 19:30:00+00:00,150,Duke,349,Army,numberfire,-6,,43.5,,,
400868914,2016,regular,6,2016-10-08 19:30:00+00:00,150,Duke,349,Army,teamrankings,-5.5,,43,,,
400868915,2016,regular,7,2016-10-15 16:00:00+00:00,349,Army,322,Lafayette,consensus,-33,,,,,
400868916,2016,regular,8,2016-10-22 16:00:00+00:00,349,Army,249,North Texas,consensus,-17.5,,,,,
400868916,2016,regular,8,2016-10-22 16:00:00+00:00,349,Army,249,North Texas,numberfire,-17.5,,47.5,,,
400868916,2016,regular,8,2016-10-22 16:00:00+00:00,349,Army,249,North Texas,teamrankings,-17.5,,48,,,
400868917,2016,regular,9,2016-10-29 19:30:00+00:00,154,Wake Forest,349,Army,consensus,-8,,,,,
400868917,2016,regular,9,2016-10-29 19:30:00+00:00,154,Wake Forest,349,Army,numberfire,-7.5,,41.5,,,
400868917,2016,regular,9,2016-10-29 19:30:00+00:00,154,Wake Forest,349,Army,teamrankings,-9.5,,42,,,
400868918,2016,regular,10,2016-11-05 16:00:00+00:00,349,Army,2005,Air Force,consensus,3,,,,,
400868918,2016,regular,10,2016-11-05 16:00:00+00:00,349,Army,2005,Air Force,numberfire,1,,46.5,,,
400868918,2016,regular,10,2016-11-05 16:00:00+00:00,349,Army,2005,Air Force,teamrankings,-1,,46.5,,,
400868919,2016,regular,11,2016-11-12 20:30:00+00:00,87,Notre Dame,349,Army,consensus,-11.5,,,,,
400868919,2016,regular,11,2016-11-12 20:30:00+00:00,87,Notre Dame,349,Army,numberfire,-14,,54,,,
400868919,2016,regular,11,2016-11-12 20:30:00+00:00,87,Notre Dame,349,Army,teamrankings,-14,,55.5,,,
400868920,2016,regular,12,2016-11-19 17:00:00+00:00,349,Army,2415,Morgan State,consensus,-43.5,,,,,
400868921,2016,regular,15,2016-12-10 20:00:00+00:00,349,Army,2426,Navy,consensus,11.5,,,,,
400868921,2016,regular,15,2016-12-10 20:00:00+00:00,349,Army,2426,Navy,numberfire,7,,48,,,
400868921,2016,regular,15,2016-12-10 20:00:00+00:00,349,Army,2426,Navy,teamrankings,5.5,,46.5,,,
400868922,2016,regular,1,2016-09-04 02:30:00+00:00,12,Arizona,252,BYU,consensus,-2.5,,,,,
400868922,2016,regular,1,2016-09-04 02:30:00+00:00,12,Arizona,252,BYU,numberfire,1.5,,63,,,
400868922,2016,regular,1,2016-09-04 02:30:00+00:00,12,Arizona,252,BYU,teamrankings,1,,63.5,,,
400868923,2016,regular,2,2016-09-10 23:30:00+00:00,254,Utah,252,BYU,consensus,-4.5,,,,,
400868923,2016,regular,2,2016-09-10 23:30:00+00:00,254,Utah,252,BYU,numberfire,-3,,44,,,
400868923,2016,regular,2,2016-09-10 23:30:00+00:00,254,Utah,252,BYU,teamrankings,-3,,43,,,
400868924,2016,regular,3,2016-09-18 02:15:00+00:00,252,BYU,26,UCLA,consensus,4,,,,,
400868924,2016,regular,3,2016-09-18 02:15:00+00:00,252,BYU,26,UCLA,numberfire,3.5,,50,,,
400868924,2016,regular,3,2016-09-18 02:15:00+00:00,252,BYU,26,UCLA,teamrankings,3.5,,50.5,,,
400868925,2016,regular,4,2016-09-24 19:30:00+00:00,277,West Virginia,252,BYU,consensus,-3.5,,,,,
400868925,2016,regular,4,2016-09-24 19:30:00+00:00,277,West Virginia,252,BYU,numberfire,-7,,51.5,,,
400868925,2016,regular,4,2016-09-24 19:30:00+00:00,277,West Virginia,252,BYU,teamrankings,-7.5,,53,,,
400868926,2016,regular,5,2016-10-01 02:15:00+00:00,252,BYU,2649,Toledo,consensus,-4.5,,,,,
400868926,2016,regular,5,2016-10-01 02:15:00+00:00,252,BYU,2649,Toledo,numberfire,-3.5,,51.5,,,
400868926,2016,regular,5,2016-10-01 02:15:00+00:00,252,BYU,2649,Toledo,teamrankings,-3,,51,,,
400868927,2016,regular,6,2016-10-08 19:30:00+00:00,127,Michigan State,252,BYU,consensus,-5,,,,,
400868927,2016,regular,6,2016-10-08 19:30:00+00:00,127,Michigan State,252,BYU,numberfire,-3.5,,48,,,
400868927,2016,regular,6,2016-10-08 19:30:00+00:00,127,Michigan State,252,BYU,teamrankings,-3.5,,48.5,,,
400868928,2016,regular,7,2016-10-15 02:15:00+00:00,252,BYU,344,Mississippi State,consensus,-4,,,,,
400868928,2016,regular,7,2016-10-15 02:15:00+00:00,252,BYU,344,Mississippi State,numberfire,-7,,55.5,,,
400868928,2016,regular,7,2016-10-15 02:15:00+00:00,252,BYU,344,Mississippi State,teamrankings,-7.5,,55.5,,,
400868930,2016,regular,10,2016-11-05 19:30:00+00:00,2132,Cincinnati,252,BYU,consensus,10,,,,,
400868930,2016,regular,10,2016-11-05 19:30:00+00:00,2132,Cincinnati,252,BYU,numberfire,7.5,,54,,,
400868930,2016,regular,10,2016-11-05 19:30:00+00:00,2132,Cincinnati,252,BYU,teamrankings,8,,54,,,
400868931,2016,regular,11,2016-11-12 20:00:00+00:00,252,BYU,253,Southern Utah,consensus,-31,,,,,
400868932,2016,regular,12,2016-11-19 19:00:00+00:00,252,BYU,113,Massachusetts,consensus,-30,,,,,
400868932,2016,regular,12,2016-11-19 19:00:00+00:00,252,BYU,113,Massachusetts,numberfire,-28,,53,,,
400868932,2016,regular,12,2016-11-19 19:00:00+00:00,252,BYU,113,Massachusetts,teamrankings,-28,,54,,,
400868933,2016,regular,13,2016-11-27 03:15:00+00:00,252,BYU,328,Utah State,consensus,-17,,,,,
400868933,2016,regular,13,2016-11-27 03:15:00+00:00,252,BYU,328,Utah State,numberfire,-17.5,,53.5,,,
400868933,2016,regular,13,2016-11-27 03:15:00+00:00,252,BYU,328,Utah State,teamrankings,-17,,51.5,,,
400868946,2016,regular,1,2016-09-04 23:30:00+00:00,251,Texas,87,Notre Dame,consensus,2.5,,,,,
400868946,2016,regular,1,2016-09-04 23:30:00+00:00,251,Texas,87,Notre Dame,numberfire,3.5,,55,,,
400868946,2016,regular,1,2016-09-04 23:30:00+00:00,251,Texas,87,Notre Dame,teamrankings,3.5,,54.5,,,
400868947,2016,regular,2,2016-09-10 19:30:00+00:00,87,Notre Dame,2440,Nevada,consensus,-26,,,,,
400868947,2016,regular,2,2016-09-10 19:30:00+00:00,87,Notre Dame,2440,Nevada,numberfire,-28,,62,,,
400868947,2016,regular,2,2016-09-10 19:30:00+00:00,87,Notre Dame,2440,Nevada,teamrankings,-27.5,,62,,,
400868948,2016,regular,3,2016-09-17 23:30:00+00:00,87,Notre Dame,127,Michigan State,consensus,-7,,,,,
400868948,2016,regular,3,2016-09-17 23:30:00+00:00,87,Notre Dame,127,Michigan State,numberfire,-7,,50.5,,,
400868948,2016,regular,3,2016-09-17 23:30:00+00:00,87,Notre Dame,127,Michigan State,teamrankings,-7.5,,49,,,
400868949,2016,regular,4,2016-09-24 19:30:00+00:00,87,Notre Dame,150,Duke,consensus,-20,,,,,
400868949,2016,regular,4,2016-09-24 19:30:00+00:00,87,Notre Dame,150,Duke,numberfire,-20.5,,60,,,
400868949,2016,regular,4,2016-09-24 19:30:00+00:00,87,Notre Dame,150,Duke,teamrankings,-19.5,,60.5,,,
400868950,2016,regular,5,2016-10-01 16:00:00+00:00,183,Syracuse,87,Notre Dame,consensus,12,,,,,
400868950,2016,regular,5,2016-10-01 16:00:00+00:00,183,Syracuse,87,Notre Dame,numberfire,11.5,,74,,,
400868950,2016,regular,5,2016-10-01 16:00:00+00:00,183,Syracuse,87,Notre Dame,teamrankings,13.5,,74.5,,,
400868951,2016,regular,6,2016-10-08 16:00:00+00:00,152,NC State,87,Notre Dame,consensus,2.5,,,,,
400868951,2016,regular,6,2016-10-08 16:00:00+00:00,152,NC State,87,Notre Dame,numberfire,-2.5,,55.5,,,
400868951,2016,regular,6,2016-10-08 16:00:00+00:00,152,NC State,87,Notre Dame,teamrankings,-2.5,,56.5,,,
400868952,2016,regular,7,2016-10-15 23:30:00+00:00,87,Notre Dame,24,Stanford,numberfire,-3.5,,53,,,
400868952,2016,regular,7,2016-10-15 23:30:00+00:00,87,Notre Dame,24,Stanford,teamrankings,-3,,53,,,
400868953,2016,regular,9,2016-10-29 19:30:00+00:00,87,Notre Dame,2390,Miami,consensus,-1,,,,,
400868953,2016,regular,9,2016-10-29 19:30:00+00:00,87,Notre Dame,2390,Miami,numberfire,-2.5,,58,,,
400868953,2016,regular,9,2016-10-29 19:30:00+00:00,87,Notre Dame,2390,Miami,teamrankings,-2,,58.5,,,
400868954,2016,regular,10,2016-11-05 15:30:00+00:00,2426,Navy,87,Notre Dame,consensus,-4.5,,,,,
400868954,2016,regular,10,2016-11-05 15:30:00+00:00,2426,Navy,87,Notre Dame,numberfire,7,,63,,,
400868954,2016,regular,10,2016-11-05 15:30:00+00:00,2426,Navy,87,Notre Dame,teamrankings,7.5,,63,,,
400868955,2016,regular,12,2016-11-19 20:30:00+00:00,87,Notre Dame,259,Virginia Tech,consensus,-3,,,,,
400868955,2016,regular,12,2016-11-19 20:30:00+00:00,87,Notre Dame,259,Virginia Tech,numberfire,-1,,53,,,
400868955,2016,regular,12,2016-11-19 20:30:00+00:00,87,Notre Dame,259,Virginia Tech,teamrankings,-1,,53.5,,,
400868956,2016,regular,13,2016-11-26 20:30:00+00:00,30,USC,87,Notre Dame,consensus,-17,,,,,
400868956,2016,regular,13,2016-11-26 20:30:00+00:00,30,USC,87,Notre Dame,numberfire,-17.5,,56,,,
400868956,2016,regular,13,2016-11-26 20:30:00+00:00,30,USC,87,Notre Dame,teamrankings,-17.5,,59.5,,,
400868957,2016,regular,1,2016-09-03 23:30:00+00:00,57,Florida,113,Massachusetts,consensus,-37,,,,,
400868957,2016,regular,1,2016-09-03 23:30:00+00:00,57,Florida,113,Massachusetts,numberfire,-34.5,,51,,,
400868957,2016,regular,1,2016-09-03 23:30:00+00:00,57,Florida,113,Massachusetts,teamrankings,-34.5,,51.5,,,
400868958,2016,regular,2,2016-09-10 16:00:00+00:00,113,Massachusetts,103,Boston College,consensus,16.5,,,,,
400868958,2016,regular,2,2016-09-10 16:00:00+00:00,113,Massachusetts,103,Boston College,numberfire,17,,37.5,,,
400868958,2016,regular,2,2016-09-10 16:00:00+00:00,113,Massachusetts,103,Boston College,teamrankings,15.5,,37.5,,,
400868959,2016,regular,3,2016-09-17 19:30:00+00:00,113,Massachusetts,2229,Florida International,numberfire,1,,48,,,
400868959,2016,regular,3,2016-09-17 19:30:00+00:00,113,Massachusetts,2229,Florida International,teamrankings,1,,49,,,
400868960,2016,regular,4,2016-09-24 19:30:00+00:00,113,Massachusetts,344,Mississippi State,consensus,25,,,,,
400868960,2016,regular,4,2016-09-24 19:30:00+00:00,113,Massachusetts,344,Mississippi State,numberfire,22.5,,47,,,
400868960,2016,regular,4,2016-09-24 19:30:00+00:00,113,Massachusetts,344,Mississippi State,teamrankings,22.5,,49.5,,,
400868961,2016,regular,5,2016-10-01 19:30:00+00:00,113,Massachusetts,2655,Tulane,consensus,2.5,,,,,
400868961,2016,regular,5,2016-10-01 19:30:00+00:00,113,Massachusetts,2655,Tulane,numberfire,2.5,,41.5,,,
400868961,2016,regular,5,2016-10-01 19:30:00+00:00,113,Massachusetts,2655,Tulane,teamrankings,2.5,,41.5,,,
400868962,2016,regular,6,2016-10-08 00:00:00+00:00,295,Old Dominion,113,Massachusetts,consensus,-7,,,,,
400868962,2016,regular,6,2016-10-08 00:00:00+00:00,295,Old Dominion,113,Massachusetts,numberfire,-11,,54.5,,,
400868962,2016,regular,6,2016-10-08 00:00:00+00:00,295,Old Dominion,113,Massachusetts,teamrankings,-12,,55,,,
400868963,2016,regular,7,2016-10-15 19:30:00+00:00,113,Massachusetts,2348,Louisiana Tech,consensus,16,,,,,
400868963,2016,regular,7,2016-10-15 19:30:00+00:00,113,Massachusetts,2348,Louisiana Tech,numberfire,19,,64.5,,,
400868963,2016,regular,7,2016-10-15 19:30:00+00:00,113,Massachusetts,2348,Louisiana Tech,teamrankings,19,,64,,,
400868964,2016,regular,8,2016-10-22 16:00:00+00:00,2579,South Carolina,113,Massachusetts,consensus,-21,,,,,
400868964,2016,regular,8,2016-10-22 16:00:00+00:00,2579,South Carolina,113,Massachusetts,numberfire,-19.5,,46,,,
400868964,2016,regular,8,2016-10-22 16:00:00+00:00,2579,South Carolina,113,Massachusetts,teamrankings,-20,,46,,,
400868965,2016,regular,9,2016-10-29 16:00:00+00:00,113,Massachusetts,2681,Wagner,consensus,-21,,,,,
400868966,2016,regular,10,2016-11-05 19:30:00+00:00,2653,Troy,113,Massachusetts,consensus,-23,,,,,
400868966,2016,regular,10,2016-11-05 19:30:00+00:00,2653,Troy,113,Massachusetts,numberfire,-23,,56,,,
400868966,2016,regular,10,2016-11-05 19:30:00+00:00,2653,Troy,113,Massachusetts,teamrankings,-23,,56.5,,,
400868967,2016,regular,13,2016-11-27 04:00:00+00:00,62,Hawai'i,113,Massachusetts,consensus,-10.5,,,,,
400868967,2016,regular,13,2016-11-27 04:00:00+00:00,62,Hawai'i,113,Massachusetts,numberfire,-7.5,,60,,,
400868967,2016,regular,13,2016-11-27 04:00:00+00:00,62,Hawai'i,113,Massachusetts,teamrankings,-9,,57,,,
400868968,2016,regular,1,2016-09-02 00:00:00+00:00,238,Vanderbilt,2579,South Carolina,consensus,4,,,,,
400868968,2016,regular,1,2016-09-02 00:00:00+00:00,238,Vanderbilt,2579,South Carolina,teamrankings,-5,,40.5,,,
400868969,2016,regular,1,2016-09-04 00:00:00+00:00,333,Alabama,30,USC,consensus,-9,,,,,
400868969,2016,regular,1,2016-09-04 00:00:00+00:00,333,Alabama,30,USC,numberfire,-13,,51.5,,,
400868969,2016,regular,1,2016-09-04 00:00:00+00:00,333,Alabama,30,USC,teamrankings,-13.5,,51.5,,,
400868970,2016,regular,1,2016-09-03 20:00:00+00:00,8,Arkansas,2348,Louisiana Tech,consensus,-20.5,,,,,
400868970,2016,regular,1,2016-09-03 20:00:00+00:00,8,Arkansas,2348,Louisiana Tech,numberfire,-21.5,,52,,,
400868970,2016,regular,1,2016-09-03 20:00:00+00:00,8,Arkansas,2348,Louisiana Tech,teamrankings,-21,,52.5,,,
400868971,2016,regular,1,2016-09-04 01:00:00+00:00,2,Auburn,228,Clemson,consensus,7.5,,,,,
400868971,2016,regular,1,2016-09-04 01:00:00+00:00,2,Auburn,228,Clemson,numberfire,9,,62.5,,,
400868971,2016,regular,1,2016-09-04 01:00:00+00:00,2,Auburn,228,Clemson,teamrankings,7.5,,62,,,
400868972,2016,regular,1,2016-09-03 21:30:00+00:00,153,North Carolina,61,Georgia,consensus,3.5,,,,,
400868972,2016,regular,1,2016-09-03 21:30:00+00:00,153,North Carolina,61,Georgia,numberfire,3.5,,59.5,,,
400868972,2016,regular,1,2016-09-03 21:30:00+00:00,153,North Carolina,61,Georgia,teamrankings,3.5,,60,,,
400868973,2016,regular,1,2016-09-03 23:30:00+00:00,96,Kentucky,2572,Southern Miss,consensus,-7.5,,,,,
400868973,2016,regular,1,2016-09-03 23:30:00+00:00,96,Kentucky,2572,Southern Miss,numberfire,-3.5,,62.5,,,
400868973,2016,regular,1,2016-09-03 23:30:00+00:00,96,Kentucky,2572,Southern Miss,teamrankings,-3.5,,62,,,
400868974,2016,regular,1,2016-09-03 19:30:00+00:00,275,Wisconsin,99,LSU,consensus,9.5,,,,,
400868974,2016,regular,1,2016-09-03 19:30:00+00:00,275,Wisconsin,99,LSU,numberfire,12.5,,44,,,
400868974,2016,regular,1,2016-09-03 19:30:00+00:00,275,Wisconsin,99,LSU,teamrankings,12.5,,43.5,,,
400868975,2016,regular,1,2016-09-03 16:00:00+00:00,344,Mississippi State,6,South Alabama,consensus,-34,,,,,
400868975,2016,regular,1,2016-09-03 16:00:00+00:00,344,Mississippi State,6,South Alabama,numberfire,-28.5,,53,,,
400868975,2016,regular,1,2016-09-03 16:00:00+00:00,344,Mississippi State,6,South Alabama,teamrankings,-27.5,,52,,,
400868976,2016,regular,1,2016-09-03 16:00:00+00:00,277,West Virginia,142,Missouri,consensus,-11.5,,,,,
400868976,2016,regular,1,2016-09-03 16:00:00+00:00,277,West Virginia,142,Missouri,numberfire,-10,,50.5,,,
400868976,2016,regular,1,2016-09-03 16:00:00+00:00,277,West Virginia,142,Missouri,teamrankings,-10,,51.5,,,
400868977,2016,regular,1,2016-09-01 23:30:00+00:00,2633,Tennessee,2026,App State,consensus,-23,,,,,
400868977,2016,regular,1,2016-09-01 23:30:00+00:00,2633,Tennessee,2026,App State,teamrankings,-21.5,,58,,,
400868978,2016,regular,1,2016-09-03 19:30:00+00:00,245,Texas A&M,26,UCLA,consensus,-1,,,,,
400868978,2016,regular,1,2016-09-03 19:30:00+00:00,245,Texas A&M,26,UCLA,numberfire,-5,,55,,,
400868978,2016,regular,1,2016-09-03 19:30:00+00:00,245,Texas A&M,26,UCLA,teamrankings,-5,,55,,,
400868979,2016,regular,1,2016-09-06 00:00:00+00:00,52,Florida State,145,Ole Miss,consensus,-5,,,,,
400868979,2016,regular,1,2016-09-06 00:00:00+00:00,52,Florida State,145,Ole Miss,numberfire,-4.5,,58,,,
400868979,2016,regular,1,2016-09-06 00:00:00+00:00,52,Florida State,145,Ole Miss,teamrankings,-4,,57.5,,,
400868980,2016,regular,2,2016-09-10 19:30:00+00:00,333,Alabama,98,Western Kentucky,consensus,-24,,,,,
400868980,2016,regular,2,2016-09-10 19:30:00+00:00,333,Alabama,98,Western Kentucky,numberfire,-27,,60,,,
400868980,2016,regular,2,2016-09-10 19:30:00+00:00,333,Alabama,98,Western Kentucky,teamrankings,-27,,59,,,
400868981,2016,regular,2,2016-09-10 23:00:00+00:00,2628,TCU,8,Arkansas,consensus,-6,,,,,
400868981,2016,regular,2,2016-09-10 23:00:00+00:00,2628,TCU,8,Arkansas,numberfire,-10,,58,,,
400868981,2016,regular,2,2016-09-10 23:00:00+00:00,2628,TCU,8,Arkansas,teamrankings,-10.5,,57.5,,,
400868982,2016,regular,2,2016-09-10 23:30:00+00:00,2,Auburn,2032,Arkansas State,consensus,-13,,,,,
400868982,2016,regular,2,2016-09-10 23:30:00+00:00,2,Auburn,2032,Arkansas State,numberfire,-20.5,,51,,,
400868982,2016,regular,2,2016-09-10 23:30:00+00:00,2,Auburn,2032,Arkansas State,teamrankings,-20.5,,51,,,
400868983,2016,regular,2,2016-09-10 19:30:00+00:00,57,Florida,96,Kentucky,consensus,-16.5,,,,,
400868983,2016,regular,2,2016-09-10 19:30:00+00:00,57,Florida,96,Kentucky,numberfire,-14,,49,,,
400868983,2016,regular,2,2016-09-10 19:30:00+00:00,57,Florida,96,Kentucky,teamrankings,-14,,48.5,,,
400868984,2016,regular,2,2016-09-10 16:00:00+00:00,61,Georgia,2447,Nicholls,consensus,-49.5,,,,,
400868985,2016,regular,2,2016-09-10 23:30:00+00:00,99,LSU,55,Jacksonville State,consensus,-30,,,,,
400868986,2016,regular,2,2016-09-10 20:00:00+00:00,145,Ole Miss,2747,Wofford,consensus,-44.5,,,,,
400868987,2016,regular,2,2016-09-10 23:00:00+00:00,344,Mississippi State,2579,South Carolina,consensus,-9.5,,,,,
400868987,2016,regular,2,2016-09-10 23:00:00+00:00,344,Mississippi State,2579,South Carolina,numberfire,-7.5,,48,,,
400868987,2016,regular,2,2016-09-10 23:00:00+00:00,344,Mississippi State,2579,South Carolina,teamrankings,-7.5,,50.5,,,
400868988,2016,regular,2,2016-09-10 23:30:00+00:00,142,Missouri,2199,Eastern Michigan,consensus,-24.5,,,,,
400868988,2016,regular,2,2016-09-10 23:30:00+00:00,142,Missouri,2199,Eastern Michigan,numberfire,-23,,58.5,,,
400868988,2016,regular,2,2016-09-10 23:30:00+00:00,142,Missouri,2199,Eastern Michigan,teamrankings,-23,,58.5,,,
400868989,2016,regular,2,2016-09-11 00:00:00+00:00,2633,Tennessee,259,Virginia Tech,consensus,-9,,,,,
400868989,2016,regular,2,2016-09-11 00:00:00+00:00,2633,Tennessee,259,Virginia Tech,numberfire,-11,,52.5,,,
400868989,2016,regular,2,2016-09-11 00:00:00+00:00,2633,Tennessee,259,Virginia Tech,teamrankings,-11,,52.5,,,
400868990,2016,regular,2,2016-09-10 16:00:00+00:00,245,Texas A&M,2504,Prairie View A&M,consensus,-49.5,,,,,
400868991,2016,regular,2,2016-09-10 20:00:00+00:00,238,Vanderbilt,2393,Middle Tennessee,consensus,-5,,,,,
400868991,2016,regular,2,2016-09-10 20:00:00+00:00,238,Vanderbilt,2393,Middle Tennessee,numberfire,-3,,51,,,
400868991,2016,regular,2,2016-09-10 20:00:00+00:00,238,Vanderbilt,2393,Middle Tennessee,teamrankings,-3,,51,,,
400868992,2016,regular,3,2016-09-17 23:30:00+00:00,8,Arkansas,326,Texas State,consensus,-32.5,,,,,
400868992,2016,regular,3,2016-09-17 23:30:00+00:00,8,Arkansas,326,Texas State,numberfire,-28.5,,61,,,
400868992,2016,regular,3,2016-09-17 23:30:00+00:00,8,Arkansas,326,Texas State,teamrankings,-28.5,,59.5,,,
400868993,2016,regular,3,2016-09-17 23:00:00+00:00,2,Auburn,245,Texas A&M,consensus,-4,,,,,
400868993,2016,regular,3,2016-09-17 23:00:00+00:00,2,Auburn,245,Texas A&M,numberfire,-2.5,,55.5,,,
400868993,2016,regular,3,2016-09-17 23:00:00+00:00,2,Auburn,245,Texas A&M,teamrankings,-1,,55.5,,,
400868994,2016,regular,3,2016-09-17 23:30:00+00:00,57,Florida,249,North Texas,consensus,-35,,,,,
400868994,2016,regular,3,2016-09-17 23:30:00+00:00,57,Florida,249,North Texas,numberfire,-33,,53,,,
400868994,2016,regular,3,2016-09-17 23:30:00+00:00,57,Florida,249,North Texas,teamrankings,-32.5,,52.5,,,
400868995,2016,regular,3,2016-09-17 20:00:00+00:00,96,Kentucky,166,New Mexico State,consensus,-21.5,,,,,
400868995,2016,regular,3,2016-09-17 20:00:00+00:00,96,Kentucky,166,New Mexico State,numberfire,-21.5,,66,,,
400868995,2016,regular,3,2016-09-17 20:00:00+00:00,96,Kentucky,166,New Mexico State,teamrankings,-22,,65.5,,,
400868996,2016,regular,3,2016-09-17 23:00:00+00:00,99,LSU,344,Mississippi State,numberfire,-13,,47,,,
400868996,2016,regular,3,2016-09-17 23:00:00+00:00,99,LSU,344,Mississippi State,teamrankings,-13,,47,,,
400868997,2016,regular,3,2016-09-17 19:30:00+00:00,145,Ole Miss,333,Alabama,consensus,9.5,,,,,
400868997,2016,regular,3,2016-09-17 19:30:00+00:00,145,Ole Miss,333,Alabama,numberfire,10,,53,,,
400868997,2016,regular,3,2016-09-17 19:30:00+00:00,145,Ole Miss,333,Alabama,teamrankings,10,,53,,,
400868998,2016,regular,3,2016-09-17 23:30:00+00:00,142,Missouri,61,Georgia,consensus,6,,,,,
400868998,2016,regular,3,2016-09-17 23:30:00+00:00,142,Missouri,61,Georgia,numberfire,7,,54,,,
400868998,2016,regular,3,2016-09-17 23:30:00+00:00,142,Missouri,61,Georgia,teamrankings,7,,53.5,,,
400868999,2016,regular,3,2016-09-17 20:00:00+00:00,2579,South Carolina,151,East Carolina,consensus,-6,,,,,
400868999,2016,regular,3,2016-09-17 20:00:00+00:00,2579,South Carolina,151,East Carolina,numberfire,-2,,51,,,
400868999,2016,regular,3,2016-09-17 20:00:00+00:00,2579,South Carolina,151,East Carolina,teamrankings,-2,,51.5,,,
400869000,2016,regular,3,2016-09-17 16:00:00+00:00,2633,Tennessee,195,Ohio,consensus,-27.5,,,,,
400869000,2016,regular,3,2016-09-17 16:00:00+00:00,2633,Tennessee,195,Ohio,numberfire,-27,,58,,,
400869000,2016,regular,3,2016-09-17 16:00:00+00:00,2633,Tennessee,195,Ohio,teamrankings,-27,,57.5,,,
400869001,2016,regular,3,2016-09-17 16:30:00+00:00,59,Georgia Tech,238,Vanderbilt,consensus,-7.5,,,,,
400869001,2016,regular,3,2016-09-17 16:30:00+00:00,59,Georgia Tech,238,Vanderbilt,numberfire,-6.5,,43,,,
400869001,2016,regular,3,2016-09-17 16:30:00+00:00,59,Georgia Tech,238,Vanderbilt,teamrankings,-6.5,,45,,,
400869002,2016,regular,4,2016-09-24 16:00:00+00:00,333,Alabama,2309,Kent State,consensus,-41.5,,,,,
400869002,2016,regular,4,2016-09-24 16:00:00+00:00,333,Alabama,2309,Kent State,numberfire,-44,,50,,,
400869002,2016,regular,4,2016-09-24 16:00:00+00:00,333,Alabama,2309,Kent State,teamrankings,-42.5,,49.5,,,
400869003,2016,regular,4,2016-09-24 22:00:00+00:00,2,Auburn,99,LSU,consensus,4,,,,,
400869003,2016,regular,4,2016-09-24 22:00:00+00:00,2,Auburn,99,LSU,numberfire,3.5,,44,,,
400869003,2016,regular,4,2016-09-24 22:00:00+00:00,2,Auburn,99,LSU,teamrankings,3.5,,46.5,,,
400869004,2016,regular,4,2016-09-24 23:30:00+00:00,96,Kentucky,2579,South Carolina,consensus,-1.5,,,,,
400869004,2016,regular,4,2016-09-24 23:30:00+00:00,96,Kentucky,2579,South Carolina,numberfire,-2.5,,57.5,,,
400869004,2016,regular,4,2016-09-24 23:30:00+00:00,96,Kentucky,2579,South Carolina,teamrankings,-2.5,,57.5,,,
400869005,2016,regular,4,2016-09-24 16:00:00+00:00,145,Ole Miss,61,Georgia,consensus,-6,,,,,
400869005,2016,regular,4,2016-09-24 16:00:00+00:00,145,Ole Miss,61,Georgia,numberfire,-7,,61.5,,,
400869005,2016,regular,4,2016-09-24 16:00:00+00:00,145,Ole Miss,61,Georgia,teamrankings,-7,,61,,,
400869006,2016,regular,4,2016-09-24 20:00:00+00:00,142,Missouri,2169,Delaware State,consensus,-50.5,,,,,
400869007,2016,regular,4,2016-09-24 19:30:00+00:00,2633,Tennessee,57,Florida,consensus,-8,,,,,
400869007,2016,regular,4,2016-09-24 19:30:00+00:00,2633,Tennessee,57,Florida,numberfire,-5,,43,,,
400869007,2016,regular,4,2016-09-24 19:30:00+00:00,2633,Tennessee,57,Florida,teamrankings,-4,,42.5,,,
400869008,2016,regular,4,2016-09-25 01:00:00+00:00,245,Texas A&M,8,Arkansas,consensus,-3,,,,,
400869008,2016,regular,4,2016-09-25 01:00:00+00:00,245,Texas A&M,8,Arkansas,numberfire,-7,,51,,,
400869008,2016,regular,4,2016-09-25 01:00:00+00:00,245,Texas A&M,8,Arkansas,teamrankings,-7,,52,,,
400869009,2016,regular,4,2016-09-24 20:30:00+00:00,98,Western Kentucky,238,Vanderbilt,consensus,-7.5,,,,,
400869009,2016,regular,4,2016-09-24 20:30:00+00:00,98,Western Kentucky,238,Vanderbilt,numberfire,-8,,50.5,,,
400869009,2016,regular,4,2016-09-24 20:30:00+00:00,98,Western Kentucky,238,Vanderbilt,teamrankings,-9.5,,49,,,
400869010,2016,regular,5,2016-10-01 23:00:00+00:00,333,Alabama,96,Kentucky,consensus,-32.5,,,,,
400869010,2016,regular,5,2016-10-01 23:00:00+00:00,333,Alabama,96,Kentucky,numberfire,-37,,55,,,
400869010,2016,regular,5,2016-10-01 23:00:00+00:00,333,Alabama,96,Kentucky,teamrankings,-37,,54.5,,,
400869011,2016,regular,5,2016-10-01 16:00:00+00:00,8,Arkansas,2016,Alcorn State,consensus,-53,,,,,
400869012,2016,regular,5,2016-10-01 19:30:00+00:00,2,Auburn,2433,UL Monroe,consensus,-34,,,,,
400869012,2016,regular,5,2016-10-01 19:30:00+00:00,2,Auburn,2433,UL Monroe,numberfire,-33,,56.5,,,
400869012,2016,regular,5,2016-10-01 19:30:00+00:00,2,Auburn,2433,UL Monroe,teamrankings,-32.5,,57.5,,,
400869013,2016,regular,5,2016-10-01 19:30:00+00:00,61,Georgia,2633,Tennessee,consensus,2.5,,,,,
400869013,2016,regular,5,2016-10-01 19:30:00+00:00,61,Georgia,2633,Tennessee,numberfire,3.5,,52.5,,,
400869013,2016,regular,5,2016-10-01 19:30:00+00:00,61,Georgia,2633,Tennessee,teamrankings,3.5,,51.5,,,
400869014,2016,regular,5,2016-10-01 23:30:00+00:00,99,LSU,142,Missouri,consensus,-14,,,,,
400869014,2016,regular,5,2016-10-01 23:30:00+00:00,99,LSU,142,Missouri,numberfire,-12,,51.5,,,
400869014,2016,regular,5,2016-10-01 23:30:00+00:00,99,LSU,142,Missouri,teamrankings,-12,,51,,,
400869015,2016,regular,5,2016-10-01 23:00:00+00:00,145,Ole Miss,235,Memphis,numberfire,-15.5,,71.5,,,
400869015,2016,regular,5,2016-10-01 23:00:00+00:00,145,Ole Miss,235,Memphis,teamrankings,-15.5,,71.5,,,
400869016,2016,regular,5,2016-10-01 20:00:00+00:00,2579,South Carolina,245,Texas A&M,consensus,14,,,,,
400869016,2016,regular,5,2016-10-01 20:00:00+00:00,2579,South Carolina,245,Texas A&M,numberfire,19.5,,50,,,
400869016,2016,regular,5,2016-10-01 20:00:00+00:00,2579,South Carolina,245,Texas A&M,teamrankings,19.5,,50.5,,,
400869017,2016,regular,5,2016-10-01 16:00:00+00:00,238,Vanderbilt,57,Florida,consensus,8.5,,,,,
400869017,2016,regular,5,2016-10-01 16:00:00+00:00,238,Vanderbilt,57,Florida,numberfire,11,,41.5,,,
400869017,2016,regular,5,2016-10-01 16:00:00+00:00,238,Vanderbilt,57,Florida,teamrankings,12,,40.5,,,
400869018,2016,regular,6,2016-10-08 23:00:00+00:00,8,Arkansas,333,Alabama,consensus,13,,,,,
400869018,2016,regular,6,2016-10-08 23:00:00+00:00,8,Arkansas,333,Alabama,numberfire,14.5,,48.5,,,
400869018,2016,regular,6,2016-10-08 23:00:00+00:00,8,Arkansas,333,Alabama,teamrankings,14.5,,48.5,,,
400869020,2016,regular,6,2016-10-08 20:00:00+00:00,96,Kentucky,238,Vanderbilt,consensus,-2,,,,,
400869020,2016,regular,6,2016-10-08 20:00:00+00:00,96,Kentucky,238,Vanderbilt,numberfire,-3,,48,,,
400869020,2016,regular,6,2016-10-08 20:00:00+00:00,96,Kentucky,238,Vanderbilt,teamrankings,-3,,48.5,,,
400869021,2016,regular,6,2016-10-08 16:00:00+00:00,344,Mississippi State,2,Auburn,consensus,-1.5,,,,,
400869021,2016,regular,6,2016-10-08 16:00:00+00:00,344,Mississippi State,2,Auburn,numberfire,3,,55,,,
400869021,2016,regular,6,2016-10-08 16:00:00+00:00,344,Mississippi State,2,Auburn,teamrankings,4,,55,,,
400869022,2016,regular,6,2016-10-09 18:30:00+00:00,2579,South Carolina,61,Georgia,consensus,8.5,,,,,
400869022,2016,regular,6,2016-10-09 18:30:00+00:00,2579,South Carolina,61,Georgia,numberfire,8.5,,41.5,,,
400869022,2016,regular,6,2016-10-09 18:30:00+00:00,2579,South Carolina,61,Georgia,teamrankings,8.5,,41.5,,,
400869023,2016,regular,6,2016-10-08 19:30:00+00:00,245,Texas A&M,2633,Tennessee,consensus,-6.5,,,,,
400869023,2016,regular,6,2016-10-08 19:30:00+00:00,245,Texas A&M,2633,Tennessee,numberfire,-7.5,,60,,,
400869023,2016,regular,6,2016-10-08 19:30:00+00:00,245,Texas A&M,2633,Tennessee,teamrankings,-7.5,,60.5,,,
400869024,2016,regular,7,2016-10-15 23:00:00+00:00,8,Arkansas,145,Ole Miss,consensus,6.5,,,,,
400869024,2016,regular,7,2016-10-15 23:00:00+00:00,8,Arkansas,145,Ole Miss,numberfire,10,,65,,,
400869024,2016,regular,7,2016-10-15 23:00:00+00:00,8,Arkansas,145,Ole Miss,teamrankings,10,,65,,,
400869025,2016,regular,7,2016-10-15 20:00:00+00:00,57,Florida,142,Missouri,consensus,-13,,,,,
400869025,2016,regular,7,2016-10-15 20:00:00+00:00,57,Florida,142,Missouri,numberfire,-13,,51,,,
400869025,2016,regular,7,2016-10-15 20:00:00+00:00,57,Florida,142,Missouri,teamrankings,-13,,51,,,
400869026,2016,regular,7,2016-10-15 16:00:00+00:00,61,Georgia,238,Vanderbilt,consensus,-14.5,,,,,
400869026,2016,regular,7,2016-10-15 16:00:00+00:00,61,Georgia,238,Vanderbilt,numberfire,-14,,42.5,,,
400869026,2016,regular,7,2016-10-15 16:00:00+00:00,61,Georgia,238,Vanderbilt,teamrankings,-14,,42.5,,,
400869027,2016,regular,7,2016-10-15 23:30:00+00:00,99,LSU,2572,Southern Miss,consensus,-21,,,,,
400869027,2016,regular,7,2016-10-15 23:30:00+00:00,99,LSU,2572,Southern Miss,numberfire,-24.5,,55,,,
400869027,2016,regular,7,2016-10-15 23:30:00+00:00,99,LSU,2572,Southern Miss,teamrankings,-24.5,,55,,,
400869028,2016,regular,7,2016-10-15 19:30:00+00:00,2633,Tennessee,333,Alabama,consensus,9,,,,,
400869028,2016,regular,7,2016-10-15 19:30:00+00:00,2633,Tennessee,333,Alabama,numberfire,14,,53,,,
400869028,2016,regular,7,2016-10-15 19:30:00+00:00,2633,Tennessee,333,Alabama,teamrankings,14,,54.5,,,
400869029,2016,regular,8,2016-10-22 19:30:00+00:00,333,Alabama,245,Texas A&M,consensus,-16.5,,,,,
400869029,2016,regular,8,2016-10-22 19:30:00+00:00,333,Alabama,245,Texas A&M,numberfire,-17.5,,57.5,,,
400869029,2016,regular,8,2016-10-22 19:30:00+00:00,333,Alabama,245,Texas A&M,teamrankings,-18,,59,,,
400869030,2016,regular,8,2016-10-22 22:00:00+00:00,2,Auburn,8,Arkansas,consensus,-17,,,,,
400869030,2016,regular,8,2016-10-22 22:00:00+00:00,2,Auburn,8,Arkansas,numberfire,-10.5,,53,,,
400869030,2016,regular,8,2016-10-22 22:00:00+00:00,2,Auburn,8,Arkansas,teamrankings,-10.5,,53,,,
400869031,2016,regular,8,2016-10-22 23:30:00+00:00,96,Kentucky,344,Mississippi State,consensus,1.5,,,,,
400869031,2016,regular,8,2016-10-22 23:30:00+00:00,96,Kentucky,344,Mississippi State,numberfire,6.5,,54,,,
400869031,2016,regular,8,2016-10-22 23:30:00+00:00,96,Kentucky,344,Mississippi State,teamrankings,6.5,,54.5,,,
400869032,2016,regular,8,2016-10-23 01:00:00+00:00,99,LSU,145,Ole Miss,consensus,-4.5,,,,,
400869032,2016,regular,8,2016-10-23 01:00:00+00:00,99,LSU,145,Ole Miss,numberfire,-8.5,,60.5,,,
400869032,2016,regular,8,2016-10-23 01:00:00+00:00,99,LSU,145,Ole Miss,teamrankings,-8.5,,59,,,
400869033,2016,regular,8,2016-10-22 20:00:00+00:00,142,Missouri,2393,Middle Tennessee,consensus,-4,,,,,
400869033,2016,regular,8,2016-10-22 20:00:00+00:00,142,Missouri,2393,Middle Tennessee,numberfire,-8.5,,72,,,
400869033,2016,regular,8,2016-10-22 20:00:00+00:00,142,Missouri,2393,Middle Tennessee,teamrankings,-9.5,,72,,,
400869034,2016,regular,8,2016-10-22 23:30:00+00:00,238,Vanderbilt,2634,Tennessee State,consensus,-27.5,,,,,
400869035,2016,regular,9,2016-10-29 19:30:00+00:00,61,Georgia,57,Florida,consensus,7.5,,,,,
400869035,2016,regular,9,2016-10-29 19:30:00+00:00,61,Georgia,57,Florida,numberfire,6.5,,43,,,
400869035,2016,regular,9,2016-10-29 19:30:00+00:00,61,Georgia,57,Florida,teamrankings,7,,43,,,
400869036,2016,regular,9,2016-10-29 23:15:00+00:00,145,Ole Miss,2,Auburn,consensus,2,,,,,
400869036,2016,regular,9,2016-10-29 23:15:00+00:00,145,Ole Miss,2,Auburn,numberfire,4.5,,64,,,
400869036,2016,regular,9,2016-10-29 23:15:00+00:00,145,Ole Miss,2,Auburn,teamrankings,4,,65.5,,,
400869037,2016,regular,9,2016-10-29 19:30:00+00:00,344,Mississippi State,2535,Samford,consensus,-21.5,,,,,
400869038,2016,regular,9,2016-10-29 16:00:00+00:00,142,Missouri,96,Kentucky,consensus,-4.5,,,,,
400869038,2016,regular,9,2016-10-29 16:00:00+00:00,142,Missouri,96,Kentucky,numberfire,-6.5,,69.5,,,
400869038,2016,regular,9,2016-10-29 16:00:00+00:00,142,Missouri,96,Kentucky,teamrankings,-7.5,,69,,,
400869039,2016,regular,9,2016-10-29 23:15:00+00:00,2579,South Carolina,2633,Tennessee,consensus,14,,,,,
400869039,2016,regular,9,2016-10-29 23:15:00+00:00,2579,South Carolina,2633,Tennessee,numberfire,14.5,,51,,,
400869039,2016,regular,9,2016-10-29 23:15:00+00:00,2579,South Carolina,2633,Tennessee,teamrankings,14.5,,52,,,
400869040,2016,regular,9,2016-10-29 23:30:00+00:00,245,Texas A&M,166,New Mexico State,consensus,-43.5,,,,,
400869040,2016,regular,9,2016-10-29 23:30:00+00:00,245,Texas A&M,166,New Mexico State,numberfire,-43.5,,71,,,
400869040,2016,regular,9,2016-10-29 23:30:00+00:00,245,Texas A&M,166,New Mexico State,teamrankings,-43.5,,71,,,
400869041,2016,regular,10,2016-11-05 19:30:00+00:00,8,Arkansas,57,Florida,consensus,3.5,,,,,
400869041,2016,regular,10,2016-11-05 19:30:00+00:00,8,Arkansas,57,Florida,numberfire,3.5,,44,,,
400869041,2016,regular,10,2016-11-05 19:30:00+00:00,8,Arkansas,57,Florida,teamrankings,3.5,,44,,,
400869042,2016,regular,10,2016-11-05 16:00:00+00:00,2,Auburn,238,Vanderbilt,consensus,-26,,,,,
400869042,2016,regular,10,2016-11-05 16:00:00+00:00,2,Auburn,238,Vanderbilt,numberfire,-25,,46.5,,,
400869042,2016,regular,10,2016-11-05 16:00:00+00:00,2,Auburn,238,Vanderbilt,teamrankings,-25,,47,,,
400869043,2016,regular,10,2016-11-05 23:30:00+00:00,96,Kentucky,61,Georgia,consensus,2.5,,,,,
400869043,2016,regular,10,2016-11-05 23:30:00+00:00,96,Kentucky,61,Georgia,numberfire,2.5,,52,,,
400869043,2016,regular,10,2016-11-05 23:30:00+00:00,96,Kentucky,61,Georgia,teamrankings,2.5,,52,,,
400869044,2016,regular,10,2016-11-06 00:00:00+00:00,99,LSU,333,Alabama,consensus,7,,,,,
400869044,2016,regular,10,2016-11-06 00:00:00+00:00,99,LSU,333,Alabama,numberfire,7,,46,,,
400869044,2016,regular,10,2016-11-06 00:00:00+00:00,99,LSU,333,Alabama,teamrankings,7,,46,,,
400869045,2016,regular,10,2016-11-05 16:00:00+00:00,145,Ole Miss,290,Georgia Southern,consensus,-20.5,,,,,
400869045,2016,regular,10,2016-11-05 16:00:00+00:00,145,Ole Miss,290,Georgia Southern,numberfire,-28,,63,,,
400869045,2016,regular,10,2016-11-05 16:00:00+00:00,145,Ole Miss,290,Georgia Southern,teamrankings,-28,,63,,,
400869046,2016,regular,10,2016-11-05 16:00:00+00:00,344,Mississippi State,245,Texas A&M,consensus,13,,,,,
400869046,2016,regular,10,2016-11-05 16:00:00+00:00,344,Mississippi State,245,Texas A&M,numberfire,10,,61,,,
400869046,2016,regular,10,2016-11-05 16:00:00+00:00,344,Mississippi State,245,Texas A&M,teamrankings,10,,61,,,
400869047,2016,regular,10,2016-11-05 20:00:00+00:00,2579,South Carolina,142,Missouri,consensus,-5,,,,,
400869047,2016,regular,10,2016-11-05 20:00:00+00:00,2579,South Carolina,142,Missouri,numberfire,-4.5,,56,,,
400869047,2016,regular,10,2016-11-05 20:00:00+00:00,2579,South Carolina,142,Missouri,teamrankings,-4.5,,56.5,,,
400869048,2016,regular,10,2016-11-05 20:00:00+00:00,2633,Tennessee,2635,Tennessee Tech,consensus,-44,,,,,
400869049,2016,regular,11,2016-11-12 17:00:00+00:00,333,Alabama,344,Mississippi State,consensus,-28.5,,,,,
400869049,2016,regular,11,2016-11-12 17:00:00+00:00,333,Alabama,344,Mississippi State,numberfire,-29,,52.5,,,
400869049,2016,regular,11,2016-11-12 17:00:00+00:00,333,Alabama,344,Mississippi State,teamrankings,-28.5,,52.5,,,
400869050,2016,regular,11,2016-11-13 00:00:00+00:00,8,Arkansas,99,LSU,consensus,7,,,,,
400869050,2016,regular,11,2016-11-13 00:00:00+00:00,8,Arkansas,99,LSU,numberfire,7,,46,,,
400869050,2016,regular,11,2016-11-13 00:00:00+00:00,8,Arkansas,99,LSU,teamrankings,9.5,,46.5,,,
400869051,2016,regular,11,2016-11-12 17:00:00+00:00,57,Florida,2579,South Carolina,consensus,-16,,,,,
400869051,2016,regular,11,2016-11-12 17:00:00+00:00,57,Florida,2579,South Carolina,numberfire,-10.5,,38,,,
400869051,2016,regular,11,2016-11-12 17:00:00+00:00,57,Florida,2579,South Carolina,teamrankings,-13,,38.5,,,
400869052,2016,regular,11,2016-11-12 20:30:00+00:00,61,Georgia,2,Auburn,consensus,8,,,,,
400869052,2016,regular,11,2016-11-12 20:30:00+00:00,61,Georgia,2,Auburn,numberfire,10,,51.5,,,
400869052,2016,regular,11,2016-11-12 20:30:00+00:00,61,Georgia,2,Auburn,teamrankings,10,,51,,,
400869053,2016,regular,11,2016-11-12 20:30:00+00:00,142,Missouri,238,Vanderbilt,consensus,-1,,,,,
400869053,2016,regular,11,2016-11-12 20:30:00+00:00,142,Missouri,238,Vanderbilt,numberfire,-3,,53.5,,,
400869053,2016,regular,11,2016-11-12 20:30:00+00:00,142,Missouri,238,Vanderbilt,teamrankings,-3.5,,53,,,
400869054,2016,regular,11,2016-11-12 17:00:00+00:00,2633,Tennessee,96,Kentucky,consensus,-10.5,,,,,
400869054,2016,regular,11,2016-11-12 17:00:00+00:00,2633,Tennessee,96,Kentucky,numberfire,-14,,60,,,
400869054,2016,regular,11,2016-11-12 17:00:00+00:00,2633,Tennessee,96,Kentucky,teamrankings,-14,,58,,,
400869055,2016,regular,11,2016-11-13 00:30:00+00:00,245,Texas A&M,145,Ole Miss,consensus,-11,,,,,
400869055,2016,regular,11,2016-11-13 00:30:00+00:00,245,Texas A&M,145,Ole Miss,numberfire,-7.5,,61,,,
400869055,2016,regular,11,2016-11-13 00:30:00+00:00,245,Texas A&M,145,Ole Miss,teamrankings,-7,,62,,,
400869056,2016,regular,12,2016-11-20 00:00:00+00:00,333,Alabama,236,Chattanooga,consensus,-48.5,,,,,
400869057,2016,regular,12,2016-11-20 00:30:00+00:00,2,Auburn,2010,Alabama A&M,consensus,-52,,,,,
400869059,2016,regular,12,2016-11-19 17:00:00+00:00,61,Georgia,309,Louisiana,consensus,-21,,,,,
400869059,2016,regular,12,2016-11-19 17:00:00+00:00,61,Georgia,309,Louisiana,numberfire,-21.5,,44.5,,,
400869059,2016,regular,12,2016-11-19 17:00:00+00:00,61,Georgia,309,Louisiana,teamrankings,-21.5,,44.5,,,
400869060,2016,regular,12,2016-11-19 21:30:00+00:00,96,Kentucky,2046,Austin Peay,consensus,-43,,,,,
400869062,2016,regular,12,2016-11-20 00:00:00+00:00,344,Mississippi State,8,Arkansas,numberfire,-1,,57.5,,,
400869062,2016,regular,12,2016-11-20 00:00:00+00:00,344,Mississippi State,8,Arkansas,teamrankings,1.5,,57,,,
400869063,2016,regular,12,2016-11-19 21:00:00+00:00,2579,South Carolina,2717,Western Carolina,consensus,-29,,,,,
400869064,2016,regular,12,2016-11-19 20:30:00+00:00,2633,Tennessee,142,Missouri,consensus,-14.5,,,,,
400869064,2016,regular,12,2016-11-19 20:30:00+00:00,2633,Tennessee,142,Missouri,numberfire,-17.5,,70.5,,,
400869064,2016,regular,12,2016-11-19 20:30:00+00:00,2633,Tennessee,142,Missouri,teamrankings,-17.5,,69.5,,,
400869065,2016,regular,12,2016-11-19 17:00:00+00:00,245,Texas A&M,2636,UTSA,consensus,-28,,,,,
400869065,2016,regular,12,2016-11-19 17:00:00+00:00,245,Texas A&M,2636,UTSA,numberfire,-25.5,,55.5,,,
400869065,2016,regular,12,2016-11-19 17:00:00+00:00,245,Texas A&M,2636,UTSA,teamrankings,-27,,56,,,
400869066,2016,regular,12,2016-11-20 01:00:00+00:00,238,Vanderbilt,145,Ole Miss,consensus,9.5,,,,,
400869066,2016,regular,12,2016-11-20 01:00:00+00:00,238,Vanderbilt,145,Ole Miss,numberfire,9.5,,50.5,,,
400869066,2016,regular,12,2016-11-20 01:00:00+00:00,238,Vanderbilt,145,Ole Miss,teamrankings,9.5,,50,,,
400869067,2016,regular,13,2016-11-25 00:30:00+00:00,245,Texas A&M,99,LSU,consensus,4,,,,,
400869067,2016,regular,13,2016-11-25 00:30:00+00:00,245,Texas A&M,99,LSU,numberfire,6.5,,48.5,,,
400869067,2016,regular,13,2016-11-25 00:30:00+00:00,245,Texas A&M,99,LSU,teamrankings,6.5,,48.5,,,
400869068,2016,regular,13,2016-11-26 20:30:00+00:00,333,Alabama,2,Auburn,consensus,-20,,,,,
400869068,2016,regular,13,2016-11-26 20:30:00+00:00,333,Alabama,2,Auburn,numberfire,-18,,47,,,
400869068,2016,regular,13,2016-11-26 20:30:00+00:00,333,Alabama,2,Auburn,teamrankings,-20.5,,47,,,
400869069,2016,regular,13,2016-11-27 01:00:00+00:00,52,Florida State,57,Florida,consensus,-5,,,,,
400869069,2016,regular,13,2016-11-27 01:00:00+00:00,52,Florida State,57,Florida,numberfire,-7.5,,47.5,,,
400869069,2016,regular,13,2016-11-27 01:00:00+00:00,52,Florida State,57,Florida,teamrankings,-9,,47,,,
400869070,2016,regular,13,2016-11-26 17:00:00+00:00,61,Georgia,59,Georgia Tech,consensus,-4.5,,,,,
400869070,2016,regular,13,2016-11-26 17:00:00+00:00,61,Georgia,59,Georgia Tech,numberfire,-4.5,,50,,,
400869070,2016,regular,13,2016-11-26 17:00:00+00:00,61,Georgia,59,Georgia Tech,teamrankings,-4.5,,49,,,
400869071,2016,regular,13,2016-11-26 17:00:00+00:00,97,Louisville,96,Kentucky,consensus,-26,,,,,
400869071,2016,regular,13,2016-11-26 17:00:00+00:00,97,Louisville,96,Kentucky,numberfire,-26,,73,,,
400869071,2016,regular,13,2016-11-26 17:00:00+00:00,97,Louisville,96,Kentucky,teamrankings,-28,,70.5,,,
400869072,2016,regular,13,2016-11-26 20:30:00+00:00,145,Ole Miss,344,Mississippi State,consensus,-8,,,,,
400869072,2016,regular,13,2016-11-26 20:30:00+00:00,145,Ole Miss,344,Mississippi State,numberfire,-9.5,,69.5,,,
400869072,2016,regular,13,2016-11-26 20:30:00+00:00,145,Ole Miss,344,Mississippi State,teamrankings,-10,,67.5,,,
400869073,2016,regular,13,2016-11-25 19:30:00+00:00,142,Missouri,8,Arkansas,consensus,7.5,,,,,
400869073,2016,regular,13,2016-11-25 19:30:00+00:00,142,Missouri,8,Arkansas,numberfire,8,,72,,,
400869073,2016,regular,13,2016-11-25 19:30:00+00:00,142,Missouri,8,Arkansas,teamrankings,7.5,,72,,,
400869074,2016,regular,13,2016-11-27 00:30:00+00:00,228,Clemson,2579,South Carolina,consensus,-24.5,,,,,
400869074,2016,regular,13,2016-11-27 00:30:00+00:00,228,Clemson,2579,South Carolina,numberfire,-24.5,,50,,,
400869074,2016,regular,13,2016-11-27 00:30:00+00:00,228,Clemson,2579,South Carolina,teamrankings,-27,,49.5,,,
400869075,2016,regular,13,2016-11-27 00:30:00+00:00,238,Vanderbilt,2633,Tennessee,consensus,10,,,,,
400869075,2016,regular,13,2016-11-27 00:30:00+00:00,238,Vanderbilt,2633,Tennessee,numberfire,7.5,,53.5,,,
400869075,2016,regular,13,2016-11-27 00:30:00+00:00,238,Vanderbilt,2633,Tennessee,teamrankings,7,,50,,,
400869090,2016,regular,1,2016-08-27 02:00:00+00:00,25,California,62,Hawai'i,consensus,-23,,,,,
400869090,2016,regular,1,2016-08-27 02:00:00+00:00,25,California,62,Hawai'i,teamrankings,-21.5,,66,,,
400869091,2016,regular,1,2016-09-02 00:00:00+00:00,254,Utah,253,Southern Utah,consensus,-34,,,,,
400869092,2016,regular,1,2016-09-02 01:00:00+00:00,135,Minnesota,204,Oregon State,consensus,-7.5,,,,,
400869092,2016,regular,1,2016-09-02 01:00:00+00:00,135,Minnesota,204,Oregon State,teamrankings,-12.5,,56,,,
400869093,2016,regular,1,2016-09-03 00:00:00+00:00,38,Colorado,36,Colorado State,consensus,-10,,,,,
400869093,2016,regular,1,2016-09-03 00:00:00+00:00,38,Colorado,36,Colorado State,numberfire,-7,,56.5,,,
400869093,2016,regular,1,2016-09-03 00:00:00+00:00,38,Colorado,36,Colorado State,teamrankings,-7,,56,,,
400869094,2016,regular,1,2016-09-03 01:00:00+00:00,24,Stanford,2306,Kansas State,consensus,-16.5,,,,,
400869094,2016,regular,1,2016-09-03 01:00:00+00:00,24,Stanford,2306,Kansas State,numberfire,-12.5,,49,,,
400869094,2016,regular,1,2016-09-03 01:00:00+00:00,24,Stanford,2306,Kansas State,teamrankings,-12,,49,,,
400869095,2016,regular,1,2016-09-04 03:00:00+00:00,9,Arizona State,2464,Northern Arizona,consensus,-26,,,,,
400869096,2016,regular,1,2016-09-03 21:00:00+00:00,2483,Oregon,302,UC Davis,consensus,-47,,,,,
400869097,2016,regular,1,2016-09-03 18:00:00+00:00,264,Washington,164,Rutgers,consensus,-22.5,,,,,
400869097,2016,regular,1,2016-09-03 18:00:00+00:00,264,Washington,164,Rutgers,numberfire,-25,,57,,,
400869097,2016,regular,1,2016-09-03 18:00:00+00:00,264,Washington,164,Rutgers,teamrankings,-25,,56.5,,,
400869098,2016,regular,1,2016-09-04 00:00:00+00:00,265,Washington State,331,Eastern Washington,consensus,-27.5,,,,,
400869099,2016,regular,2,2016-09-11 02:45:00+00:00,12,Arizona,2755,Grambling,consensus,-45.5,,,,,
400869100,2016,regular,2,2016-09-11 02:00:00+00:00,9,Arizona State,2641,Texas Tech,consensus,-5,,,,,
400869100,2016,regular,2,2016-09-11 02:00:00+00:00,9,Arizona State,2641,Texas Tech,numberfire,1,,79,,,
400869100,2016,regular,2,2016-09-11 02:00:00+00:00,9,Arizona State,2641,Texas Tech,teamrankings,1.5,,80,,,
400869101,2016,regular,2,2016-09-10 18:00:00+00:00,30,USC,328,Utah State,consensus,-14,,,,,
400869101,2016,regular,2,2016-09-10 18:00:00+00:00,30,USC,328,Utah State,numberfire,-16.5,,55.5,,,
400869101,2016,regular,2,2016-09-10 18:00:00+00:00,30,USC,328,Utah State,teamrankings,-15.5,,54.5,,,
400869102,2016,regular,2,2016-09-11 00:00:00+00:00,26,UCLA,2439,UNLV,consensus,-25.5,,,,,
400869102,2016,regular,2,2016-09-11 00:00:00+00:00,26,UCLA,2439,UNLV,numberfire,-27,,57.5,,,
400869102,2016,regular,2,2016-09-11 00:00:00+00:00,26,UCLA,2439,UNLV,teamrankings,-27,,57.5,,,
400869103,2016,regular,2,2016-09-10 21:30:00+00:00,38,Colorado,304,Idaho State,consensus,-41.5,,,,,
400869104,2016,regular,2,2016-09-11 02:30:00+00:00,2483,Oregon,258,Virginia,consensus,-20.5,,,,,
400869104,2016,regular,2,2016-09-11 02:30:00+00:00,2483,Oregon,258,Virginia,numberfire,-24,,70.5,,,
400869104,2016,regular,2,2016-09-11 02:30:00+00:00,2483,Oregon,258,Virginia,teamrankings,-24,,71.5,,,
400869105,2016,regular,2,2016-09-10 21:00:00+00:00,264,Washington,70,Idaho,consensus,-35,,,,,
400869105,2016,regular,2,2016-09-10 21:00:00+00:00,264,Washington,70,Idaho,numberfire,-37,,61,,,
400869105,2016,regular,2,2016-09-10 21:00:00+00:00,264,Washington,70,Idaho,teamrankings,-36.5,,60,,,
400869106,2016,regular,2,2016-09-11 02:15:00+00:00,68,Boise State,265,Washington State,consensus,-12,,,,,
400869106,2016,regular,2,2016-09-11 02:15:00+00:00,68,Boise State,265,Washington State,numberfire,-13,,72.5,,,
400869106,2016,regular,2,2016-09-11 02:15:00+00:00,68,Boise State,265,Washington State,teamrankings,-13.5,,74.5,,,
400869107,2016,regular,2,2016-09-11 02:30:00+00:00,21,San Diego State,25,California,consensus,-7,,,,,
400869107,2016,regular,2,2016-09-11 02:30:00+00:00,21,San Diego State,25,California,numberfire,-6.5,,60,,,
400869107,2016,regular,2,2016-09-11 02:30:00+00:00,21,San Diego State,25,California,teamrankings,-5.5,,59.5,,,
400869108,2016,regular,3,2016-09-18 02:45:00+00:00,12,Arizona,62,Hawai'i,numberfire,-23,,63,,,
400869108,2016,regular,3,2016-09-18 02:45:00+00:00,12,Arizona,62,Hawai'i,teamrankings,-24,,62.5,,,
400869109,2016,regular,3,2016-09-17 01:30:00+00:00,2636,UTSA,9,Arizona State,consensus,18.5,,,,,
400869109,2016,regular,3,2016-09-17 01:30:00+00:00,2636,UTSA,9,Arizona State,numberfire,22,,58.5,,,
400869109,2016,regular,3,2016-09-17 01:30:00+00:00,2636,UTSA,9,Arizona State,teamrankings,21.5,,58,,,
400869110,2016,regular,3,2016-09-18 00:00:00+00:00,24,Stanford,30,USC,consensus,-6.5,,,,,
400869110,2016,regular,3,2016-09-18 00:00:00+00:00,24,Stanford,30,USC,numberfire,-7.5,,51.5,,,
400869110,2016,regular,3,2016-09-18 00:00:00+00:00,24,Stanford,30,USC,teamrankings,-7.5,,48.5,,,
400869111,2016,regular,3,2016-09-17 19:30:00+00:00,130,Michigan,38,Colorado,consensus,-20,,,,,
400869111,2016,regular,3,2016-09-17 19:30:00+00:00,130,Michigan,38,Colorado,numberfire,-17.5,,55.5,,,
400869111,2016,regular,3,2016-09-17 19:30:00+00:00,130,Michigan,38,Colorado,teamrankings,-17.5,,55.5,,,
400869112,2016,regular,3,2016-09-18 02:30:00+00:00,23,San José State,254,Utah,consensus,13,,,,,
400869112,2016,regular,3,2016-09-18 02:30:00+00:00,23,San José State,254,Utah,numberfire,13,,46,,,
400869112,2016,regular,3,2016-09-18 02:30:00+00:00,23,San José State,254,Utah,teamrankings,13.5,,46,,,
400869113,2016,regular,3,2016-09-17 19:30:00+00:00,158,Nebraska,2483,Oregon,consensus,-3,,,,,
400869113,2016,regular,3,2016-09-17 19:30:00+00:00,158,Nebraska,2483,Oregon,numberfire,-3,,72.5,,,
400869113,2016,regular,3,2016-09-17 19:30:00+00:00,158,Nebraska,2483,Oregon,teamrankings,-3,,72.5,,,
400869114,2016,regular,3,2016-09-17 21:00:00+00:00,204,Oregon State,304,Idaho State,consensus,-35,,,,,
400869115,2016,regular,3,2016-09-18 00:00:00+00:00,264,Washington,2502,Portland State,consensus,-41.5,,,,,
400869116,2016,regular,3,2016-09-17 18:00:00+00:00,265,Washington State,70,Idaho,consensus,-27.5,,,,,
400869116,2016,regular,3,2016-09-17 18:00:00+00:00,265,Washington State,70,Idaho,numberfire,-27,,68.5,,,
400869116,2016,regular,3,2016-09-17 18:00:00+00:00,265,Washington State,70,Idaho,teamrankings,-27.5,,69,,,
400869117,2016,regular,3,2016-09-18 02:30:00+00:00,25,California,251,Texas,consensus,6,,,,,
400869117,2016,regular,3,2016-09-18 02:30:00+00:00,25,California,251,Texas,numberfire,7.5,,80,,,
400869117,2016,regular,3,2016-09-18 02:30:00+00:00,25,California,251,Texas,teamrankings,7.5,,79.5,,,
400869118,2016,regular,4,2016-09-24 01:00:00+00:00,254,Utah,30,USC,consensus,-2,,,,,
400869118,2016,regular,4,2016-09-24 01:00:00+00:00,254,Utah,30,USC,numberfire,-2.5,,46.5,,,
400869118,2016,regular,4,2016-09-24 01:00:00+00:00,254,Utah,30,USC,teamrankings,-3,,44.5,,,
400869119,2016,regular,4,2016-09-25 02:30:00+00:00,12,Arizona,264,Washington,consensus,10,,,,,
400869119,2016,regular,4,2016-09-25 02:30:00+00:00,12,Arizona,264,Washington,numberfire,14.5,,58,,,
400869119,2016,regular,4,2016-09-25 02:30:00+00:00,12,Arizona,264,Washington,teamrankings,17,,58.5,,,
400869120,2016,regular,4,2016-09-25 02:00:00+00:00,9,Arizona State,25,California,consensus,-6.5,,,,,
400869120,2016,regular,4,2016-09-25 02:00:00+00:00,9,Arizona State,25,California,numberfire,-3.5,,84,,,
400869120,2016,regular,4,2016-09-25 02:00:00+00:00,9,Arizona State,25,California,teamrankings,-3.5,,85,,,
400869121,2016,regular,4,2016-09-25 00:00:00+00:00,26,UCLA,24,Stanford,consensus,2.5,,,,,
400869121,2016,regular,4,2016-09-25 00:00:00+00:00,26,UCLA,24,Stanford,numberfire,1.5,,47.5,,,
400869121,2016,regular,4,2016-09-25 00:00:00+00:00,26,UCLA,24,Stanford,teamrankings,2.5,,47,,,
400869122,2016,regular,4,2016-09-24 21:30:00+00:00,2483,Oregon,38,Colorado,consensus,-11,,,,,
400869122,2016,regular,4,2016-09-24 21:30:00+00:00,2483,Oregon,38,Colorado,numberfire,-10.5,,68.5,,,
400869122,2016,regular,4,2016-09-24 21:30:00+00:00,2483,Oregon,38,Colorado,teamrankings,-14,,69.5,,,
400869123,2016,regular,4,2016-09-24 19:30:00+00:00,204,Oregon State,68,Boise State,consensus,14,,,,,
400869123,2016,regular,4,2016-09-24 19:30:00+00:00,204,Oregon State,68,Boise State,numberfire,13,,61,,,
400869123,2016,regular,4,2016-09-24 19:30:00+00:00,204,Oregon State,68,Boise State,teamrankings,16.5,,60,,,
400869124,2016,regular,5,2016-10-01 01:00:00+00:00,264,Washington,24,Stanford,consensus,-3.5,,,,,
400869124,2016,regular,5,2016-10-01 01:00:00+00:00,264,Washington,24,Stanford,numberfire,-3.5,,46.5,,,
400869124,2016,regular,5,2016-10-01 01:00:00+00:00,264,Washington,24,Stanford,teamrankings,-3.5,,46.5,,,
400869125,2016,regular,5,2016-10-02 02:30:00+00:00,26,UCLA,12,Arizona,consensus,3,,,,,
400869125,2016,regular,5,2016-10-02 02:30:00+00:00,26,UCLA,12,Arizona,numberfire,-12,,58.5,,,
400869125,2016,regular,5,2016-10-02 02:30:00+00:00,26,UCLA,12,Arizona,teamrankings,-10.5,,58.5,,,
400869126,2016,regular,5,2016-10-02 00:30:00+00:00,30,USC,9,Arizona State,consensus,-8,,,,,
400869126,2016,regular,5,2016-10-02 00:30:00+00:00,30,USC,9,Arizona State,numberfire,-9.5,,65,,,
400869126,2016,regular,5,2016-10-02 00:30:00+00:00,30,USC,9,Arizona State,teamrankings,-10,,63.5,,,
400869127,2016,regular,5,2016-10-01 18:30:00+00:00,38,Colorado,204,Oregon State,consensus,-16,,,,,
400869127,2016,regular,5,2016-10-01 18:30:00+00:00,38,Colorado,204,Oregon State,numberfire,-17.5,,56.5,,,
400869127,2016,regular,5,2016-10-01 18:30:00+00:00,38,Colorado,204,Oregon State,teamrankings,-17.5,,56,,,
400869128,2016,regular,5,2016-10-01 22:00:00+00:00,25,California,254,Utah,consensus,-2,,,,,
400869128,2016,regular,5,2016-10-01 22:00:00+00:00,25,California,254,Utah,numberfire,2,,63.5,,,
400869128,2016,regular,5,2016-10-01 22:00:00+00:00,25,California,254,Utah,teamrankings,2,,64,,,
400869129,2016,regular,5,2016-10-02 01:30:00+00:00,265,Washington State,2483,Oregon,consensus,1,,,,,
400869129,2016,regular,5,2016-10-02 01:30:00+00:00,265,Washington State,2483,Oregon,numberfire,1.5,,74.5,,,
400869129,2016,regular,5,2016-10-02 01:30:00+00:00,265,Washington State,2483,Oregon,teamrankings,2.5,,74.5,,,
400869130,2016,regular,6,2016-10-09 02:00:00+00:00,254,Utah,12,Arizona,consensus,-9,,,,,
400869130,2016,regular,6,2016-10-09 02:00:00+00:00,254,Utah,12,Arizona,numberfire,-9.5,,53.5,,,
400869130,2016,regular,6,2016-10-09 02:00:00+00:00,254,Utah,12,Arizona,teamrankings,-9.5,,53.5,,,
400869131,2016,regular,6,2016-10-09 02:30:00+00:00,9,Arizona State,26,UCLA,consensus,4.5,,,,,
400869131,2016,regular,6,2016-10-09 02:30:00+00:00,9,Arizona State,26,UCLA,numberfire,9.5,,57,,,
400869131,2016,regular,6,2016-10-09 02:30:00+00:00,9,Arizona State,26,UCLA,teamrankings,8,,58,,,
400869132,2016,regular,6,2016-10-08 20:00:00+00:00,30,USC,38,Colorado,consensus,-4,,,,,
400869132,2016,regular,6,2016-10-08 20:00:00+00:00,30,USC,38,Colorado,numberfire,-5.5,,62,,,
400869132,2016,regular,6,2016-10-08 20:00:00+00:00,30,USC,38,Colorado,teamrankings,-5,,62.5,,,
400869133,2016,regular,6,2016-10-08 23:30:00+00:00,2483,Oregon,264,Washington,consensus,6.5,,,,,
400869133,2016,regular,6,2016-10-08 23:30:00+00:00,2483,Oregon,264,Washington,numberfire,10,,67.5,,,
400869133,2016,regular,6,2016-10-08 23:30:00+00:00,2483,Oregon,264,Washington,teamrankings,10,,67,,,
400869134,2016,regular,6,2016-10-09 01:00:00+00:00,204,Oregon State,25,California,consensus,10,,,,,
400869134,2016,regular,6,2016-10-09 01:00:00+00:00,204,Oregon State,25,California,numberfire,13.5,,70,,,
400869134,2016,regular,6,2016-10-09 01:00:00+00:00,204,Oregon State,25,California,teamrankings,13.5,,70,,,
400869135,2016,regular,6,2016-10-09 02:30:00+00:00,24,Stanford,265,Washington State,consensus,-12.5,,,,,
400869135,2016,regular,6,2016-10-09 02:30:00+00:00,24,Stanford,265,Washington State,numberfire,-7,,54.5,,,
400869135,2016,regular,6,2016-10-09 02:30:00+00:00,24,Stanford,265,Washington State,teamrankings,-7.5,,56.5,,,
400869136,2016,regular,7,2016-10-15 19:30:00+00:00,12,Arizona,30,USC,consensus,7,,,,,
400869136,2016,regular,7,2016-10-15 19:30:00+00:00,12,Arizona,30,USC,numberfire,14,,63.5,,,
400869136,2016,regular,7,2016-10-15 19:30:00+00:00,12,Arizona,30,USC,teamrankings,14,,65,,,
400869137,2016,regular,7,2016-10-16 00:00:00+00:00,38,Colorado,9,Arizona State,consensus,-8,,,,,
400869137,2016,regular,7,2016-10-16 00:00:00+00:00,38,Colorado,9,Arizona State,numberfire,-10,,62,,,
400869137,2016,regular,7,2016-10-16 00:00:00+00:00,38,Colorado,9,Arizona State,teamrankings,-10.5,,63,,,
400869138,2016,regular,7,2016-10-16 02:30:00+00:00,265,Washington State,26,UCLA,consensus,-2,,,,,
400869138,2016,regular,7,2016-10-16 02:30:00+00:00,265,Washington State,26,UCLA,numberfire,-7,,52,,,
400869138,2016,regular,7,2016-10-16 02:30:00+00:00,265,Washington State,26,UCLA,teamrankings,-10,,51,,,
400869139,2016,regular,7,2016-10-15 20:00:00+00:00,204,Oregon State,254,Utah,consensus,13,,,,,
400869139,2016,regular,7,2016-10-15 20:00:00+00:00,204,Oregon State,254,Utah,numberfire,7,,42.5,,,
400869139,2016,regular,7,2016-10-15 20:00:00+00:00,204,Oregon State,254,Utah,teamrankings,7.5,,43,,,
400869140,2016,regular,8,2016-10-22 02:30:00+00:00,25,California,2483,Oregon,consensus,-3,,,,,
400869140,2016,regular,8,2016-10-22 02:30:00+00:00,25,California,2483,Oregon,numberfire,1,,88.5,,,
400869140,2016,regular,8,2016-10-22 02:30:00+00:00,25,California,2483,Oregon,teamrankings,2.5,,90,,,
400869141,2016,regular,8,2016-10-23 02:00:00+00:00,9,Arizona State,265,Washington State,consensus,6.5,,,,,
400869141,2016,regular,8,2016-10-23 02:00:00+00:00,9,Arizona State,265,Washington State,numberfire,7.5,,64,,,
400869141,2016,regular,8,2016-10-23 02:00:00+00:00,9,Arizona State,265,Washington State,teamrankings,7.5,,65,,,
400869142,2016,regular,8,2016-10-22 20:00:00+00:00,26,UCLA,254,Utah,consensus,-7,,,,,
400869142,2016,regular,8,2016-10-22 20:00:00+00:00,26,UCLA,254,Utah,numberfire,-3.5,,42.5,,,
400869142,2016,regular,8,2016-10-22 20:00:00+00:00,26,UCLA,254,Utah,teamrankings,-3.5,,42.5,,,
400869143,2016,regular,8,2016-10-22 19:00:00+00:00,24,Stanford,38,Colorado,consensus,-3.5,,,,,
400869143,2016,regular,8,2016-10-22 19:00:00+00:00,24,Stanford,38,Colorado,numberfire,-1.5,,50.5,,,
400869143,2016,regular,8,2016-10-22 19:00:00+00:00,24,Stanford,38,Colorado,teamrankings,-2,,50,,,
400869144,2016,regular,8,2016-10-22 22:30:00+00:00,264,Washington,204,Oregon State,consensus,-31.5,,,,,
400869144,2016,regular,8,2016-10-22 22:30:00+00:00,264,Washington,204,Oregon State,numberfire,-36.5,,52.5,,,
400869144,2016,regular,8,2016-10-22 22:30:00+00:00,264,Washington,204,Oregon State,teamrankings,-36.5,,53,,,
400869145,2016,regular,9,2016-10-28 02:30:00+00:00,30,USC,25,California,consensus,-14.5,,,,,
400869145,2016,regular,9,2016-10-28 02:30:00+00:00,30,USC,25,California,numberfire,-19.5,,75,,,
400869145,2016,regular,9,2016-10-28 02:30:00+00:00,30,USC,25,California,teamrankings,-20,,73,,,
400869146,2016,regular,9,2016-10-30 03:00:00+00:00,12,Arizona,24,Stanford,consensus,-3,,,,,
400869146,2016,regular,9,2016-10-30 03:00:00+00:00,12,Arizona,24,Stanford,numberfire,3.5,,50.5,,,
400869146,2016,regular,9,2016-10-30 03:00:00+00:00,12,Arizona,24,Stanford,teamrankings,3.5,,49.5,,,
400869147,2016,regular,9,2016-10-29 21:00:00+00:00,2483,Oregon,9,Arizona State,consensus,-7.5,,,,,
400869147,2016,regular,9,2016-10-29 21:00:00+00:00,2483,Oregon,9,Arizona State,numberfire,-10,,72,,,
400869147,2016,regular,9,2016-10-29 21:00:00+00:00,2483,Oregon,9,Arizona State,teamrankings,-10,,72.5,,,
400869148,2016,regular,9,2016-10-29 19:30:00+00:00,254,Utah,264,Washington,consensus,11.5,,,,,
400869148,2016,regular,9,2016-10-29 19:30:00+00:00,254,Utah,264,Washington,numberfire,10,,52.5,,,
400869148,2016,regular,9,2016-10-29 19:30:00+00:00,254,Utah,264,Washington,teamrankings,10,,52.5,,,
400869149,2016,regular,9,2016-10-30 02:45:00+00:00,204,Oregon State,265,Washington State,consensus,17.5,,,,,
400869149,2016,regular,9,2016-10-30 02:45:00+00:00,204,Oregon State,265,Washington State,numberfire,14,,56,,,
400869149,2016,regular,9,2016-10-30 02:45:00+00:00,204,Oregon State,265,Washington State,teamrankings,14,,55,,,
400869150,2016,regular,10,2016-11-04 01:00:00+00:00,38,Colorado,26,UCLA,consensus,-10,,,,,
400869150,2016,regular,10,2016-11-04 01:00:00+00:00,38,Colorado,26,UCLA,numberfire,-13.5,,57.5,,,
400869150,2016,regular,10,2016-11-04 01:00:00+00:00,38,Colorado,26,UCLA,teamrankings,-13.5,,56.5,,,
400869151,2016,regular,10,2016-11-05 20:00:00+00:00,265,Washington State,12,Arizona,consensus,-16.5,,,,,
400869151,2016,regular,10,2016-11-05 20:00:00+00:00,265,Washington State,12,Arizona,numberfire,-16,,67,,,
400869151,2016,regular,10,2016-11-05 20:00:00+00:00,265,Washington State,12,Arizona,teamrankings,-16,,67.5,,,
400869152,2016,regular,10,2016-11-05 23:00:00+00:00,30,USC,2483,Oregon,consensus,-14,,,,,
400869152,2016,regular,10,2016-11-05 23:00:00+00:00,30,USC,2483,Oregon,numberfire,-16.5,,77,,,
400869152,2016,regular,10,2016-11-05 23:00:00+00:00,30,USC,2483,Oregon,teamrankings,-17,,76.5,,,
400869153,2016,regular,10,2016-11-05 19:30:00+00:00,24,Stanford,204,Oregon State,consensus,-16.5,,,,,
400869153,2016,regular,10,2016-11-05 19:30:00+00:00,24,Stanford,204,Oregon State,numberfire,-16.5,,42.5,,,
400869153,2016,regular,10,2016-11-05 19:30:00+00:00,24,Stanford,204,Oregon State,teamrankings,-16.5,,42.5,,,
400869154,2016,regular,10,2016-11-06 02:30:00+00:00,25,California,264,Washington,consensus,17,,,,,
400869154,2016,regular,10,2016-11-06 02:30:00+00:00,25,California,264,Washington,numberfire,19.5,,73.5,,,
400869154,2016,regular,10,2016-11-06 02:30:00+00:00,25,California,264,Washington,teamrankings,19,,73.5,,,
400869155,2016,regular,11,2016-11-11 02:30:00+00:00,9,Arizona State,254,Utah,consensus,5.5,,,,,
400869155,2016,regular,11,2016-11-11 02:30:00+00:00,9,Arizona State,254,Utah,numberfire,5,,54.5,,,
400869155,2016,regular,11,2016-11-11 02:30:00+00:00,9,Arizona State,254,Utah,teamrankings,4,,56,,,
400869156,2016,regular,11,2016-11-13 03:00:00+00:00,12,Arizona,38,Colorado,consensus,16.5,,,,,
400869156,2016,regular,11,2016-11-13 03:00:00+00:00,12,Arizona,38,Colorado,numberfire,17,,60,,,
400869156,2016,regular,11,2016-11-13 03:00:00+00:00,12,Arizona,38,Colorado,teamrankings,17.5,,61,,,
400869157,2016,regular,11,2016-11-13 00:30:00+00:00,264,Washington,30,USC,consensus,-10,,,,,
400869157,2016,regular,11,2016-11-13 00:30:00+00:00,264,Washington,30,USC,numberfire,-7.5,,59.5,,,
400869157,2016,regular,11,2016-11-13 00:30:00+00:00,264,Washington,30,USC,teamrankings,-10,,59.5,,,
400869158,2016,regular,11,2016-11-13 02:00:00+00:00,26,UCLA,204,Oregon State,consensus,-10,,,,,
400869158,2016,regular,11,2016-11-13 02:00:00+00:00,26,UCLA,204,Oregon State,numberfire,-11,,49,,,
400869158,2016,regular,11,2016-11-13 02:00:00+00:00,26,UCLA,204,Oregon State,teamrankings,-11.5,,48.5,,,
400869159,2016,regular,11,2016-11-12 21:00:00+00:00,2483,Oregon,24,Stanford,consensus,1,,,,,
400869159,2016,regular,11,2016-11-12 21:00:00+00:00,2483,Oregon,24,Stanford,numberfire,3,,58.5,,,
400869159,2016,regular,11,2016-11-12 21:00:00+00:00,2483,Oregon,24,Stanford,teamrankings,3,,57.5,,,
400869160,2016,regular,11,2016-11-13 03:30:00+00:00,265,Washington State,25,California,consensus,-16.5,,,,,
400869160,2016,regular,11,2016-11-13 03:30:00+00:00,265,Washington State,25,California,numberfire,-17.5,,79,,,
400869160,2016,regular,11,2016-11-13 03:30:00+00:00,265,Washington State,25,California,teamrankings,-17,,78,,,
400869161,2016,regular,12,2016-11-20 03:30:00+00:00,204,Oregon State,12,Arizona,numberfire,-5,,61.5,,,
400869161,2016,regular,12,2016-11-20 03:30:00+00:00,204,Oregon State,12,Arizona,teamrankings,-3,,59.5,,,
400869162,2016,regular,12,2016-11-20 00:30:00+00:00,264,Washington,9,Arizona State,consensus,-26,,,,,
400869162,2016,regular,12,2016-11-20 00:30:00+00:00,264,Washington,9,Arizona State,numberfire,-27,,63,,,
400869162,2016,regular,12,2016-11-20 00:30:00+00:00,264,Washington,9,Arizona State,teamrankings,-27,,62.5,,,
400869163,2016,regular,12,2016-11-20 03:30:00+00:00,26,UCLA,30,USC,consensus,10.5,,,,,
400869163,2016,regular,12,2016-11-20 03:30:00+00:00,26,UCLA,30,USC,numberfire,13,,52.5,,,
400869163,2016,regular,12,2016-11-20 03:30:00+00:00,26,UCLA,30,USC,teamrankings,13,,53,,,
400869164,2016,regular,12,2016-11-19 20:30:00+00:00,38,Colorado,265,Washington State,consensus,-6,,,,,
400869164,2016,regular,12,2016-11-19 20:30:00+00:00,38,Colorado,265,Washington State,numberfire,-6,,59,,,
400869164,2016,regular,12,2016-11-19 20:30:00+00:00,38,Colorado,265,Washington State,teamrankings,-6,,60.5,,,
400869165,2016,regular,12,2016-11-19 19:00:00+00:00,254,Utah,2483,Oregon,consensus,-10.5,,,,,
400869165,2016,regular,12,2016-11-19 19:00:00+00:00,254,Utah,2483,Oregon,numberfire,-11.5,,69,,,
400869165,2016,regular,12,2016-11-19 19:00:00+00:00,254,Utah,2483,Oregon,teamrankings,-11,,69.5,,,
400869166,2016,regular,12,2016-11-19 22:30:00+00:00,25,California,24,Stanford,consensus,11,,,,,
400869166,2016,regular,12,2016-11-19 22:30:00+00:00,25,California,24,Stanford,numberfire,10,,60,,,
400869166,2016,regular,12,2016-11-19 22:30:00+00:00,25,California,24,Stanford,teamrankings,10.5,,60.5,,,
400869167,2016,regular,13,2016-11-26 02:30:00+00:00,12,Arizona,9,Arizona State,consensus,6,,,,,
400869167,2016,regular,13,2016-11-26 02:30:00+00:00,12,Arizona,9,Arizona State,numberfire,1,,65,,,
400869167,2016,regular,13,2016-11-26 02:30:00+00:00,12,Arizona,9,Arizona State,teamrankings,1,,65,,,
400869168,2016,regular,13,2016-11-25 20:30:00+00:00,265,Washington State,264,Washington,consensus,6,,,,,
400869168,2016,regular,13,2016-11-25 20:30:00+00:00,265,Washington State,264,Washington,numberfire,6.5,,63,,,
400869168,2016,regular,13,2016-11-25 20:30:00+00:00,265,Washington State,264,Washington,teamrankings,6,,62,,,
400869169,2016,regular,13,2016-11-27 00:00:00+00:00,25,California,26,UCLA,consensus,5.5,,,,,
400869169,2016,regular,13,2016-11-27 00:00:00+00:00,25,California,26,UCLA,numberfire,3,,69,,,
400869169,2016,regular,13,2016-11-27 00:00:00+00:00,25,California,26,UCLA,teamrankings,3,,70.5,,,
400869170,2016,regular,13,2016-11-27 00:30:00+00:00,38,Colorado,254,Utah,consensus,-11,,,,,
400869170,2016,regular,13,2016-11-27 00:30:00+00:00,38,Colorado,254,Utah,numberfire,-9.5,,53.5,,,
400869170,2016,regular,13,2016-11-27 00:30:00+00:00,38,Colorado,254,Utah,teamrankings,-10.5,,53.5,,,
400869171,2016,regular,13,2016-11-26 21:00:00+00:00,204,Oregon State,2483,Oregon,consensus,3,,,,,
400869171,2016,regular,13,2016-11-26 21:00:00+00:00,204,Oregon State,2483,Oregon,numberfire,3,,71.5,,,
400869171,2016,regular,13,2016-11-26 21:00:00+00:00,204,Oregon State,2483,Oregon,teamrankings,2.5,,69,,,
400869172,2016,regular,13,2016-11-27 01:00:00+00:00,24,Stanford,242,Rice,consensus,-33,,,,,
400869172,2016,regular,13,2016-11-27 01:00:00+00:00,24,Stanford,242,Rice,numberfire,-35,,53,,,
400869172,2016,regular,13,2016-11-27 01:00:00+00:00,24,Stanford,242,Rice,teamrankings,-34,,50.5,,,
400869173,2016,regular,1,2016-09-02 00:00:00+00:00,328,Utah State,2692,Weber State,consensus,-21,,,,,
400869174,2016,regular,1,2016-09-02 02:00:00+00:00,2439,UNLV,2296,Jackson State,consensus,-40,,,,,
400869175,2016,regular,1,2016-09-03 18:00:00+00:00,2005,Air Force,2000,Abilene Christian,consensus,-44,,,,,
400869176,2016,regular,1,2016-09-03 16:00:00+00:00,309,Louisiana,68,Boise State,consensus,18,,,,,
400869176,2016,regular,1,2016-09-03 16:00:00+00:00,309,Louisiana,68,Boise State,numberfire,19,,63,,,
400869176,2016,regular,1,2016-09-03 16:00:00+00:00,309,Louisiana,68,Boise State,teamrankings,18.5,,64.5,,,
400869177,2016,regular,1,2016-09-02 01:00:00+00:00,167,New Mexico,233,South Dakota,consensus,-11,,,,,
400869178,2016,regular,1,2016-09-04 02:30:00+00:00,2751,Wyoming,2459,Northern Illinois,consensus,10.5,,,,,
400869178,2016,regular,1,2016-09-04 02:30:00+00:00,2751,Wyoming,2459,Northern Illinois,numberfire,7,,54.5,,,
400869178,2016,regular,1,2016-09-04 02:30:00+00:00,2751,Wyoming,2459,Northern Illinois,teamrankings,7,,54,,,
400869179,2016,regular,1,2016-09-04 00:00:00+00:00,158,Nebraska,278,Fresno State,consensus,-29.5,,,,,
400869179,2016,regular,1,2016-09-04 00:00:00+00:00,158,Nebraska,278,Fresno State,numberfire,-29,,62,,,
400869179,2016,regular,1,2016-09-04 00:00:00+00:00,158,Nebraska,278,Fresno State,teamrankings,-28.5,,62.5,,,
400869180,2016,regular,1,2016-09-03 16:00:00+00:00,130,Michigan,62,Hawai'i,consensus,-40.5,,,,,
400869180,2016,regular,1,2016-09-03 16:00:00+00:00,130,Michigan,62,Hawai'i,numberfire,-36.5,,54.5,,,
400869180,2016,regular,1,2016-09-03 16:00:00+00:00,130,Michigan,62,Hawai'i,teamrankings,-38,,55,,,
400869181,2016,regular,1,2016-09-03 01:30:00+00:00,2440,Nevada,13,Cal Poly,consensus,-19,,,,,
400869182,2016,regular,1,2016-09-04 00:30:00+00:00,21,San Diego State,160,New Hampshire,consensus,-34,,,,,
400869183,2016,regular,1,2016-09-03 23:00:00+00:00,202,Tulsa,23,San José State,consensus,-6,,,,,
400869183,2016,regular,1,2016-09-03 23:00:00+00:00,202,Tulsa,23,San José State,numberfire,-4,,65,,,
400869183,2016,regular,1,2016-09-03 23:00:00+00:00,202,Tulsa,23,San José State,teamrankings,-4,,65,,,
400869184,2016,regular,2,2016-09-10 18:00:00+00:00,2005,Air Force,2247,Georgia State,numberfire,-22.5,,52.5,,,
400869184,2016,regular,2,2016-09-10 18:00:00+00:00,2005,Air Force,2247,Georgia State,teamrankings,-23.5,,53,,,
400869185,2016,regular,2,2016-09-10 20:00:00+00:00,36,Colorado State,2636,UTSA,consensus,-10,,,,,
400869185,2016,regular,2,2016-09-10 20:00:00+00:00,36,Colorado State,2636,UTSA,numberfire,-9,,52,,,
400869185,2016,regular,2,2016-09-10 20:00:00+00:00,36,Colorado State,2636,UTSA,teamrankings,-8.5,,51.5,,,
400869186,2016,regular,2,2016-09-11 00:00:00+00:00,166,New Mexico State,167,New Mexico,consensus,11.5,,,,,
400869186,2016,regular,2,2016-09-11 00:00:00+00:00,166,New Mexico State,167,New Mexico,numberfire,12.5,,61,,,
400869186,2016,regular,2,2016-09-11 00:00:00+00:00,166,New Mexico State,167,New Mexico,teamrankings,11,,62,,,
400869187,2016,regular,2,2016-09-10 16:00:00+00:00,158,Nebraska,2751,Wyoming,consensus,-24,,,,,
400869187,2016,regular,2,2016-09-10 16:00:00+00:00,158,Nebraska,2751,Wyoming,numberfire,-25,,57,,,
400869187,2016,regular,2,2016-09-10 16:00:00+00:00,158,Nebraska,2751,Wyoming,teamrankings,-25.5,,56,,,
400869191,2016,regular,3,2016-09-17 20:00:00+00:00,36,Colorado State,2458,Northern Colorado,consensus,-22,,,,,
400869192,2016,regular,3,2016-09-17 16:00:00+00:00,164,Rutgers,167,New Mexico,consensus,-3.5,,,,,
400869192,2016,regular,3,2016-09-17 16:00:00+00:00,164,Rutgers,167,New Mexico,numberfire,-6.5,,57,,,
400869192,2016,regular,3,2016-09-17 16:00:00+00:00,164,Rutgers,167,New Mexico,teamrankings,-7.5,,56,,,
400869193,2016,regular,3,2016-09-17 01:00:00+00:00,328,Utah State,2032,Arkansas State,consensus,-8,,,,,
400869193,2016,regular,3,2016-09-17 01:00:00+00:00,328,Utah State,2032,Arkansas State,numberfire,-8.5,,55.5,,,
400869193,2016,regular,3,2016-09-17 01:00:00+00:00,328,Utah State,2032,Arkansas State,teamrankings,-9.5,,56,,,
400869194,2016,regular,3,2016-09-17 20:00:00+00:00,2751,Wyoming,302,UC Davis,consensus,-22.5,,,,,
400869195,2016,regular,3,2016-09-17 19:00:00+00:00,2649,Toledo,278,Fresno State,consensus,-20,,,,,
400869195,2016,regular,3,2016-09-17 19:00:00+00:00,2649,Toledo,278,Fresno State,numberfire,-20.5,,57.5,,,
400869195,2016,regular,3,2016-09-17 19:00:00+00:00,2649,Toledo,278,Fresno State,teamrankings,-21.5,,57.5,,,
400869196,2016,regular,3,2016-09-18 01:00:00+00:00,2440,Nevada,2084,Buffalo,consensus,-9,,,,,
400869196,2016,regular,3,2016-09-18 01:00:00+00:00,2440,Nevada,2084,Buffalo,numberfire,-11,,50.5,,,
400869196,2016,regular,3,2016-09-18 01:00:00+00:00,2440,Nevada,2084,Buffalo,teamrankings,-12.5,,49.5,,,
400869197,2016,regular,3,2016-09-17 19:30:00+00:00,2459,Northern Illinois,21,San Diego State,consensus,8,,,,,
400869197,2016,regular,3,2016-09-17 19:30:00+00:00,2459,Northern Illinois,21,San Diego State,numberfire,12.5,,48,,,
400869197,2016,regular,3,2016-09-17 19:30:00+00:00,2459,Northern Illinois,21,San Diego State,teamrankings,13,,48,,,
400869198,2016,regular,3,2016-09-17 19:00:00+00:00,2117,Central Michigan,2439,UNLV,consensus,-14,,,,,
400869198,2016,regular,3,2016-09-17 19:00:00+00:00,2117,Central Michigan,2439,UNLV,numberfire,-11,,55,,,
400869198,2016,regular,3,2016-09-17 19:00:00+00:00,2117,Central Michigan,2439,UNLV,teamrankings,-12,,55,,,
400869199,2016,regular,4,2016-09-25 02:15:00+00:00,328,Utah State,2005,Air Force,consensus,3,,,,,
400869199,2016,regular,4,2016-09-25 02:15:00+00:00,328,Utah State,2005,Air Force,numberfire,5.5,,53.5,,,
400869199,2016,regular,4,2016-09-25 02:15:00+00:00,328,Utah State,2005,Air Force,teamrankings,5.5,,53.5,,,
400869200,2016,regular,4,2016-09-24 16:00:00+00:00,135,Minnesota,36,Colorado State,consensus,-15.5,,,,,
400869200,2016,regular,4,2016-09-24 16:00:00+00:00,135,Minnesota,36,Colorado State,numberfire,-17,,56,,,
400869200,2016,regular,4,2016-09-24 16:00:00+00:00,135,Minnesota,36,Colorado State,teamrankings,-17.5,,56,,,
400869201,2016,regular,4,2016-09-23 23:30:00+00:00,2199,Eastern Michigan,2751,Wyoming,consensus,2.5,,,,,
400869201,2016,regular,4,2016-09-23 23:30:00+00:00,2199,Eastern Michigan,2751,Wyoming,numberfire,3.5,,61,,,
400869201,2016,regular,4,2016-09-23 23:30:00+00:00,2199,Eastern Michigan,2751,Wyoming,teamrankings,6,,59.5,,,
400869202,2016,regular,4,2016-09-24 20:30:00+00:00,278,Fresno State,202,Tulsa,consensus,11.5,,,,,
400869202,2016,regular,4,2016-09-24 20:30:00+00:00,278,Fresno State,202,Tulsa,numberfire,14.5,,66,,,
400869202,2016,regular,4,2016-09-24 20:30:00+00:00,278,Fresno State,202,Tulsa,teamrankings,16.5,,66.5,,,
400869203,2016,regular,4,2016-09-24 16:00:00+00:00,2509,Purdue,2440,Nevada,consensus,-5,,,,,
400869203,2016,regular,4,2016-09-24 16:00:00+00:00,2509,Purdue,2440,Nevada,numberfire,-5.5,,60,,,
400869203,2016,regular,4,2016-09-24 16:00:00+00:00,2509,Purdue,2440,Nevada,teamrankings,-3.5,,59.5,,,
400869204,2016,regular,4,2016-09-24 16:00:00+00:00,66,Iowa State,23,San José State,consensus,-6,,,,,
400869204,2016,regular,4,2016-09-24 16:00:00+00:00,66,Iowa State,23,San José State,numberfire,-6.5,,54,,,
400869204,2016,regular,4,2016-09-24 16:00:00+00:00,66,Iowa State,23,San José State,teamrankings,-7.5,,52,,,
400869205,2016,regular,4,2016-09-25 01:00:00+00:00,2439,UNLV,70,Idaho,consensus,-13,,,,,
400869205,2016,regular,4,2016-09-25 01:00:00+00:00,2439,UNLV,70,Idaho,numberfire,-14.5,,62,,,
400869205,2016,regular,4,2016-09-25 01:00:00+00:00,2439,UNLV,70,Idaho,teamrankings,-14.5,,61.5,,,
400869206,2016,regular,5,2016-10-01 19:30:00+00:00,2005,Air Force,2426,Navy,consensus,-10.5,,,,,
400869206,2016,regular,5,2016-10-01 19:30:00+00:00,2005,Air Force,2426,Navy,numberfire,-7,,49,,,
400869206,2016,regular,5,2016-10-01 19:30:00+00:00,2005,Air Force,2426,Navy,teamrankings,-7,,50.5,,,
400869207,2016,regular,5,2016-10-02 02:15:00+00:00,68,Boise State,328,Utah State,consensus,-19.5,,,,,
400869207,2016,regular,5,2016-10-02 02:15:00+00:00,68,Boise State,328,Utah State,numberfire,-23.5,,60.5,,,
400869207,2016,regular,5,2016-10-02 02:15:00+00:00,68,Boise State,328,Utah State,teamrankings,-24.5,,60.5,,,
400869208,2016,regular,5,2016-10-02 02:15:00+00:00,36,Colorado State,2751,Wyoming,consensus,-5.5,,,,,
400869208,2016,regular,5,2016-10-02 02:15:00+00:00,36,Colorado State,2751,Wyoming,numberfire,-5.5,,54,,,
400869208,2016,regular,5,2016-10-02 02:15:00+00:00,36,Colorado State,2751,Wyoming,teamrankings,-5.5,,53.5,,,
400869209,2016,regular,5,2016-10-01 20:00:00+00:00,167,New Mexico,23,San José State,consensus,-4.5,,,,,
400869209,2016,regular,5,2016-10-01 20:00:00+00:00,167,New Mexico,23,San José State,numberfire,-10.5,,51,,,
400869209,2016,regular,5,2016-10-01 20:00:00+00:00,167,New Mexico,23,San José State,teamrankings,-10.5,,51.5,,,
400869210,2016,regular,5,2016-10-02 02:30:00+00:00,2439,UNLV,278,Fresno State,consensus,-11.5,,,,,
400869210,2016,regular,5,2016-10-02 02:30:00+00:00,2439,UNLV,278,Fresno State,numberfire,-9.5,,56.5,,,
400869210,2016,regular,5,2016-10-02 02:30:00+00:00,2439,UNLV,278,Fresno State,teamrankings,-10,,56.5,,,
400869211,2016,regular,5,2016-10-02 03:59:00+00:00,62,Hawai'i,2440,Nevada,teamrankings,3.5,,55.5,,,
400869212,2016,regular,5,2016-10-02 00:00:00+00:00,6,South Alabama,21,San Diego State,consensus,17.5,,,,,
400869212,2016,regular,5,2016-10-02 00:00:00+00:00,6,South Alabama,21,San Diego State,numberfire,19,,49.5,,,
400869212,2016,regular,5,2016-10-02 00:00:00+00:00,6,South Alabama,21,San Diego State,teamrankings,18,,49,,,
400869213,2016,regular,6,2016-10-08 19:30:00+00:00,2751,Wyoming,2005,Air Force,consensus,13.5,,,,,
400869213,2016,regular,6,2016-10-08 19:30:00+00:00,2751,Wyoming,2005,Air Force,numberfire,13,,50,,,
400869213,2016,regular,6,2016-10-08 19:30:00+00:00,2751,Wyoming,2005,Air Force,teamrankings,13.5,,50,,,
400869214,2016,regular,6,2016-10-08 01:00:00+00:00,167,New Mexico,68,Boise State,consensus,16.5,,,,,
400869214,2016,regular,6,2016-10-08 01:00:00+00:00,167,New Mexico,68,Boise State,numberfire,19,,62.5,,,
400869214,2016,regular,6,2016-10-08 01:00:00+00:00,167,New Mexico,68,Boise State,teamrankings,18.5,,61.5,,,
400869215,2016,regular,6,2016-10-09 02:00:00+00:00,36,Colorado State,328,Utah State,consensus,6,,,,,
400869215,2016,regular,6,2016-10-09 02:00:00+00:00,36,Colorado State,328,Utah State,numberfire,5,,51,,,
400869215,2016,regular,6,2016-10-09 02:00:00+00:00,36,Colorado State,328,Utah State,teamrankings,6,,53.5,,,
400869216,2016,regular,6,2016-10-08 23:00:00+00:00,2440,Nevada,278,Fresno State,consensus,-11.5,,,,,
400869216,2016,regular,6,2016-10-08 23:00:00+00:00,2440,Nevada,278,Fresno State,numberfire,-8.5,,54.5,,,
400869216,2016,regular,6,2016-10-08 23:00:00+00:00,2440,Nevada,278,Fresno State,teamrankings,-8.5,,54,,,
400869217,2016,regular,6,2016-10-08 20:30:00+00:00,23,San José State,62,Hawai'i,consensus,-3.5,,,,,
400869217,2016,regular,6,2016-10-08 20:30:00+00:00,23,San José State,62,Hawai'i,numberfire,-3,,63.5,,,
400869217,2016,regular,6,2016-10-08 20:30:00+00:00,23,San José State,62,Hawai'i,teamrankings,-3,,62.5,,,
400869218,2016,regular,6,2016-10-09 02:30:00+00:00,21,San Diego State,2439,UNLV,consensus,-17.5,,,,,
400869218,2016,regular,6,2016-10-09 02:30:00+00:00,21,San Diego State,2439,UNLV,numberfire,-16,,53,,,
400869218,2016,regular,6,2016-10-09 02:30:00+00:00,21,San Diego State,2439,UNLV,teamrankings,-16.5,,53.5,,,
400869219,2016,regular,7,2016-10-15 19:30:00+00:00,2005,Air Force,167,New Mexico,consensus,-15,,,,,
400869219,2016,regular,7,2016-10-15 19:30:00+00:00,2005,Air Force,167,New Mexico,numberfire,-14,,53.5,,,
400869219,2016,regular,7,2016-10-15 19:30:00+00:00,2005,Air Force,167,New Mexico,teamrankings,-14,,53.5,,,
400869220,2016,regular,7,2016-10-16 02:15:00+00:00,68,Boise State,36,Colorado State,consensus,-25.5,,,,,
400869220,2016,regular,7,2016-10-16 02:15:00+00:00,68,Boise State,36,Colorado State,numberfire,-28,,59,,,
400869220,2016,regular,7,2016-10-16 02:15:00+00:00,68,Boise State,36,Colorado State,teamrankings,-28,,59.5,,,
400869221,2016,regular,7,2016-10-15 02:00:00+00:00,278,Fresno State,21,San Diego State,consensus,17.5,,,,,
400869221,2016,regular,7,2016-10-15 02:00:00+00:00,278,Fresno State,21,San Diego State,numberfire,18.5,,51,,,
400869221,2016,regular,7,2016-10-15 02:00:00+00:00,278,Fresno State,21,San Diego State,teamrankings,18.5,,51,,,
400869222,2016,regular,7,2016-10-16 03:59:00+00:00,62,Hawai'i,2439,UNLV,teamrankings,-10,,54,,,
400869223,2016,regular,7,2016-10-16 02:30:00+00:00,23,San José State,2440,Nevada,consensus,-5,,,,,
400869223,2016,regular,7,2016-10-16 02:30:00+00:00,23,San José State,2440,Nevada,numberfire,-2,,56,,,
400869223,2016,regular,7,2016-10-16 02:30:00+00:00,23,San José State,2440,Nevada,teamrankings,-2.5,,56,,,
400869224,2016,regular,8,2016-10-21 02:15:00+00:00,68,Boise State,252,BYU,consensus,-9.5,,,,,
400869224,2016,regular,8,2016-10-21 02:15:00+00:00,68,Boise State,252,BYU,numberfire,-7,,58,,,
400869224,2016,regular,8,2016-10-21 02:15:00+00:00,68,Boise State,252,BYU,teamrankings,-7.5,,58,,,
400869225,2016,regular,8,2016-10-22 18:00:00+00:00,2005,Air Force,62,Hawai'i,consensus,-17.5,,,,,
400869225,2016,regular,8,2016-10-22 18:00:00+00:00,2005,Air Force,62,Hawai'i,numberfire,-16,,58,,,
400869225,2016,regular,8,2016-10-22 18:00:00+00:00,2005,Air Force,62,Hawai'i,teamrankings,-17,,58,,,
400869226,2016,regular,8,2016-10-22 21:30:00+00:00,2439,UNLV,36,Colorado State,consensus,-1.5,,,,,
400869226,2016,regular,8,2016-10-22 21:30:00+00:00,2439,UNLV,36,Colorado State,numberfire,-1.5,,57,,,
400869226,2016,regular,8,2016-10-22 21:30:00+00:00,2439,UNLV,36,Colorado State,teamrankings,-1.5,,56.5,,,
400869227,2016,regular,8,2016-10-23 01:00:00+00:00,167,New Mexico,2433,UL Monroe,consensus,-14.5,,,,,
400869227,2016,regular,8,2016-10-23 01:00:00+00:00,167,New Mexico,2433,UL Monroe,numberfire,-16,,61.5,,,
400869227,2016,regular,8,2016-10-23 01:00:00+00:00,167,New Mexico,2433,UL Monroe,teamrankings,-15.5,,59,,,
400869228,2016,regular,8,2016-10-23 02:30:00+00:00,328,Utah State,278,Fresno State,consensus,-14,,,,,
400869228,2016,regular,8,2016-10-23 02:30:00+00:00,328,Utah State,278,Fresno State,numberfire,-19,,50.5,,,
400869228,2016,regular,8,2016-10-23 02:30:00+00:00,328,Utah State,278,Fresno State,teamrankings,-20.5,,51,,,
400869229,2016,regular,8,2016-10-23 02:30:00+00:00,2440,Nevada,2751,Wyoming,consensus,3,,,,,
400869229,2016,regular,8,2016-10-23 02:30:00+00:00,2440,Nevada,2751,Wyoming,numberfire,7.5,,52.5,,,
400869229,2016,regular,8,2016-10-23 02:30:00+00:00,2440,Nevada,2751,Wyoming,teamrankings,7.5,,53,,,
400869230,2016,regular,8,2016-10-22 02:30:00+00:00,21,San Diego State,23,San José State,consensus,-22.5,,,,,
400869230,2016,regular,8,2016-10-22 02:30:00+00:00,21,San Diego State,23,San José State,numberfire,-23,,48,,,
400869230,2016,regular,8,2016-10-22 02:30:00+00:00,21,San Diego State,23,San José State,teamrankings,-23,,48,,,
400869231,2016,regular,9,2016-10-29 02:30:00+00:00,278,Fresno State,2005,Air Force,consensus,13.5,,,,,
400869231,2016,regular,9,2016-10-29 02:30:00+00:00,278,Fresno State,2005,Air Force,numberfire,14.5,,51,,,
400869231,2016,regular,9,2016-10-29 02:30:00+00:00,278,Fresno State,2005,Air Force,teamrankings,16,,51,,,
400869232,2016,regular,9,2016-10-29 23:00:00+00:00,2751,Wyoming,68,Boise State,consensus,12.5,,,,,
400869232,2016,regular,9,2016-10-29 23:00:00+00:00,2751,Wyoming,68,Boise State,numberfire,15,,61.5,,,
400869232,2016,regular,9,2016-10-29 23:00:00+00:00,2751,Wyoming,68,Boise State,teamrankings,14.5,,62.5,,,
400869233,2016,regular,9,2016-10-30 03:59:00+00:00,62,Hawai'i,167,New Mexico,teamrankings,-3,,65.5,,,
400869234,2016,regular,9,2016-10-29 00:00:00+00:00,328,Utah State,21,San Diego State,consensus,3,,,,,
400869234,2016,regular,9,2016-10-29 00:00:00+00:00,328,Utah State,21,San Diego State,numberfire,4.5,,45,,,
400869234,2016,regular,9,2016-10-29 00:00:00+00:00,328,Utah State,21,San Diego State,teamrankings,4.5,,45,,,
400869235,2016,regular,9,2016-10-30 02:30:00+00:00,23,San José State,2439,UNLV,numberfire,3,,55,,,
400869235,2016,regular,9,2016-10-30 02:30:00+00:00,23,San José State,2439,UNLV,teamrankings,3,,55,,,
400869236,2016,regular,10,2016-11-05 02:15:00+00:00,68,Boise State,23,San José State,consensus,-26.5,,,,,
400869236,2016,regular,10,2016-11-05 02:15:00+00:00,68,Boise State,23,San José State,numberfire,-30.5,,57.5,,,
400869236,2016,regular,10,2016-11-05 02:15:00+00:00,68,Boise State,23,San José State,teamrankings,-31.5,,58.5,,,
400869237,2016,regular,10,2016-11-05 19:30:00+00:00,36,Colorado State,278,Fresno State,consensus,-13,,,,,
400869237,2016,regular,10,2016-11-05 19:30:00+00:00,36,Colorado State,278,Fresno State,numberfire,-17,,57.5,,,
400869237,2016,regular,10,2016-11-05 19:30:00+00:00,36,Colorado State,278,Fresno State,teamrankings,-17,,58.5,,,
400869238,2016,regular,10,2016-11-06 02:15:00+00:00,167,New Mexico,2440,Nevada,consensus,-11,,,,,
400869238,2016,regular,10,2016-11-06 02:15:00+00:00,167,New Mexico,2440,Nevada,numberfire,-15,,59.5,,,
400869238,2016,regular,10,2016-11-06 02:15:00+00:00,167,New Mexico,2440,Nevada,teamrankings,-14,,58.5,,,
400869239,2016,regular,10,2016-11-06 02:15:00+00:00,2751,Wyoming,328,Utah State,consensus,-4,,,,,
400869239,2016,regular,10,2016-11-06 02:15:00+00:00,2751,Wyoming,328,Utah State,numberfire,-4,,55.5,,,
400869239,2016,regular,10,2016-11-06 02:15:00+00:00,2751,Wyoming,328,Utah State,teamrankings,-4,,55.5,,,
400869240,2016,regular,10,2016-11-05 23:00:00+00:00,21,San Diego State,62,Hawai'i,consensus,-19.5,,,,,
400869240,2016,regular,10,2016-11-05 23:00:00+00:00,21,San Diego State,62,Hawai'i,numberfire,-20,,50.5,,,
400869240,2016,regular,10,2016-11-05 23:00:00+00:00,21,San Diego State,62,Hawai'i,teamrankings,-20,,50.5,,,
400869241,2016,regular,11,2016-11-13 03:15:00+00:00,2005,Air Force,36,Colorado State,consensus,-6,,,,,
400869241,2016,regular,11,2016-11-13 03:15:00+00:00,2005,Air Force,36,Colorado State,numberfire,-7,,53.5,,,
400869241,2016,regular,11,2016-11-13 03:15:00+00:00,2005,Air Force,36,Colorado State,teamrankings,-7,,54,,,
400869242,2016,regular,11,2016-11-13 00:00:00+00:00,62,Hawai'i,68,Boise State,consensus,16.5,,,,,
400869242,2016,regular,11,2016-11-13 00:00:00+00:00,62,Hawai'i,68,Boise State,numberfire,21.5,,63,,,
400869242,2016,regular,11,2016-11-13 00:00:00+00:00,62,Hawai'i,68,Boise State,teamrankings,21.5,,62.5,,,
400869243,2016,regular,11,2016-11-13 03:15:00+00:00,328,Utah State,167,New Mexico,consensus,-2.5,,,,,
400869243,2016,regular,11,2016-11-13 03:15:00+00:00,328,Utah State,167,New Mexico,numberfire,1.5,,57.5,,,
400869243,2016,regular,11,2016-11-13 03:15:00+00:00,328,Utah State,167,New Mexico,teamrankings,1.5,,57,,,
400869244,2016,regular,11,2016-11-12 20:30:00+00:00,2439,UNLV,2751,Wyoming,consensus,9,,,,,
400869244,2016,regular,11,2016-11-12 20:30:00+00:00,2439,UNLV,2751,Wyoming,numberfire,7.5,,61.5,,,
400869244,2016,regular,11,2016-11-12 20:30:00+00:00,2439,UNLV,2751,Wyoming,teamrankings,7.5,,61,,,
400869245,2016,regular,11,2016-11-13 03:30:00+00:00,2440,Nevada,21,San Diego State,consensus,20.5,,,,,
400869245,2016,regular,11,2016-11-13 03:30:00+00:00,2440,Nevada,21,San Diego State,numberfire,21.5,,50.5,,,
400869245,2016,regular,11,2016-11-13 03:30:00+00:00,2440,Nevada,21,San Diego State,teamrankings,21.5,,50.5,,,
400869246,2016,regular,12,2016-11-19 02:00:00+00:00,68,Boise State,2439,UNLV,consensus,-26.5,,,,,
400869246,2016,regular,12,2016-11-19 02:00:00+00:00,68,Boise State,2439,UNLV,numberfire,-28.5,,63.5,,,
400869246,2016,regular,12,2016-11-19 02:00:00+00:00,68,Boise State,2439,UNLV,teamrankings,-28.5,,63,,,
400869247,2016,regular,12,2016-11-20 03:30:00+00:00,23,San José State,2005,Air Force,consensus,11,,,,,
400869247,2016,regular,12,2016-11-20 03:30:00+00:00,23,San José State,2005,Air Force,numberfire,11.5,,55,,,
400869247,2016,regular,12,2016-11-20 03:30:00+00:00,23,San José State,2005,Air Force,teamrankings,11.5,,54.5,,,
400869248,2016,regular,12,2016-11-20 03:15:00+00:00,36,Colorado State,167,New Mexico,consensus,-5,,,,,
400869248,2016,regular,12,2016-11-20 03:15:00+00:00,36,Colorado State,167,New Mexico,numberfire,-7,,61.5,,,
400869248,2016,regular,12,2016-11-20 03:15:00+00:00,36,Colorado State,167,New Mexico,teamrankings,-7,,61.5,,,
400869249,2016,regular,12,2016-11-19 21:00:00+00:00,2440,Nevada,328,Utah State,consensus,5,,,,,
400869249,2016,regular,12,2016-11-19 21:00:00+00:00,2440,Nevada,328,Utah State,numberfire,7,,57,,,
400869249,2016,regular,12,2016-11-19 21:00:00+00:00,2440,Nevada,328,Utah State,teamrankings,7,,56.5,,,
400869250,2016,regular,12,2016-11-19 20:30:00+00:00,2751,Wyoming,21,San Diego State,consensus,7.5,,,,,
400869250,2016,regular,12,2016-11-19 20:30:00+00:00,2751,Wyoming,21,San Diego State,numberfire,10,,53,,,
400869250,2016,regular,12,2016-11-19 20:30:00+00:00,2751,Wyoming,21,San Diego State,teamrankings,10,,54.5,,,
400869251,2016,regular,12,2016-11-20 00:00:00+00:00,278,Fresno State,62,Hawai'i,consensus,2.5,,,,,
400869251,2016,regular,12,2016-11-20 00:00:00+00:00,278,Fresno State,62,Hawai'i,numberfire,3.5,,53.5,,,
400869251,2016,regular,12,2016-11-20 00:00:00+00:00,278,Fresno State,62,Hawai'i,teamrankings,3.5,,54.5,,,
400869252,2016,regular,13,2016-11-25 20:30:00+00:00,2005,Air Force,68,Boise State,consensus,9,,,,,
400869252,2016,regular,13,2016-11-25 20:30:00+00:00,2005,Air Force,68,Boise State,numberfire,7.5,,64,,,
400869252,2016,regular,13,2016-11-25 20:30:00+00:00,2005,Air Force,68,Boise State,teamrankings,7.5,,63.5,,,
400869253,2016,regular,13,2016-11-27 02:00:00+00:00,21,San Diego State,36,Colorado State,consensus,-12.5,,,,,
400869253,2016,regular,13,2016-11-27 02:00:00+00:00,21,San Diego State,36,Colorado State,numberfire,-11.5,,55,,,
400869253,2016,regular,13,2016-11-27 02:00:00+00:00,21,San Diego State,36,Colorado State,teamrankings,-12,,53.5,,,
400869254,2016,regular,13,2016-11-27 03:15:00+00:00,167,New Mexico,2751,Wyoming,consensus,2,,,,,
400869254,2016,regular,13,2016-11-27 03:15:00+00:00,167,New Mexico,2751,Wyoming,numberfire,3,,69,,,
400869254,2016,regular,13,2016-11-27 03:15:00+00:00,167,New Mexico,2751,Wyoming,teamrankings,3,,65,,,
400869255,2016,regular,13,2016-11-26 20:30:00+00:00,278,Fresno State,23,San José State,consensus,4,,,,,
400869255,2016,regular,13,2016-11-26 20:30:00+00:00,278,Fresno State,23,San José State,numberfire,3,,51.5,,,
400869255,2016,regular,13,2016-11-26 20:30:00+00:00,278,Fresno State,23,San José State,teamrankings,3.5,,51.5,,,
400869256,2016,regular,13,2016-11-26 21:00:00+00:00,2439,UNLV,2440,Nevada,consensus,-7,,,,,
400869256,2016,regular,13,2016-11-26 21:00:00+00:00,2439,UNLV,2440,Nevada,numberfire,-9.5,,62.5,,,
400869256,2016,regular,13,2016-11-26 21:00:00+00:00,2439,UNLV,2440,Nevada,teamrankings,-9.5,,59,,,
400869257,2016,regular,1,2016-09-01 23:00:00+00:00,2117,Central Michigan,2506,Presbyterian,consensus,-33,,,,,
400869258,2016,regular,1,2016-09-02 23:00:00+00:00,2247,Georgia State,2050,Ball State,consensus,5.5,,,,,
400869258,2016,regular,1,2016-09-02 23:00:00+00:00,2247,Georgia State,2050,Ball State,numberfire,-4.5,,54.5,,,
400869258,2016,regular,1,2016-09-02 23:00:00+00:00,2247,Georgia State,2050,Ball State,teamrankings,-6.5,,56,,,
400869259,2016,regular,1,2016-09-02 23:00:00+00:00,2084,Buffalo,399,UAlbany,consensus,-23,,,,,
400869260,2016,regular,1,2016-09-03 16:00:00+00:00,194,Ohio State,189,Bowling Green,consensus,-27,,,,,
400869260,2016,regular,1,2016-09-03 16:00:00+00:00,194,Ohio State,189,Bowling Green,numberfire,-27.5,,64,,,
400869260,2016,regular,1,2016-09-03 16:00:00+00:00,194,Ohio State,189,Bowling Green,teamrankings,-27.5,,64,,,
400869261,2016,regular,1,2016-09-03 19:30:00+00:00,213,Penn State,2309,Kent State,consensus,-19,,,,,
400869261,2016,regular,1,2016-09-03 19:30:00+00:00,213,Penn State,2309,Kent State,numberfire,-23.5,,43.5,,,
400869261,2016,regular,1,2016-09-03 19:30:00+00:00,213,Penn State,2309,Kent State,teamrankings,-24,,44,,,
400869262,2016,regular,1,2016-09-03 19:30:00+00:00,2294,Iowa,193,Miami (OH),consensus,-32,,,,,
400869262,2016,regular,1,2016-09-03 19:30:00+00:00,2294,Iowa,193,Miami (OH),numberfire,-27.5,,52,,,
400869262,2016,regular,1,2016-09-03 19:30:00+00:00,2294,Iowa,193,Miami (OH),teamrankings,-27.5,,52.5,,,
400869263,2016,regular,1,2016-09-02 22:00:00+00:00,2199,Eastern Michigan,2400,Mississippi Valley State,consensus,-46,,,,,
400869264,2016,regular,1,2016-09-03 19:30:00+00:00,195,Ohio,326,Texas State,consensus,-19,,,,,
400869264,2016,regular,1,2016-09-03 19:30:00+00:00,195,Ohio,326,Texas State,numberfire,-18,,60,,,
400869264,2016,regular,1,2016-09-03 19:30:00+00:00,195,Ohio,326,Texas State,teamrankings,-17,,58.5,,,
400869265,2016,regular,1,2016-09-03 01:00:00+00:00,2032,Arkansas State,2649,Toledo,consensus,-2.5,,,,,
400869265,2016,regular,1,2016-09-03 01:00:00+00:00,2032,Arkansas State,2649,Toledo,numberfire,-4,,65.5,,,
400869265,2016,regular,1,2016-09-03 01:00:00+00:00,2032,Arkansas State,2649,Toledo,teamrankings,-4.5,,64,,,
400869266,2016,regular,1,2016-09-03 22:30:00+00:00,2006,Akron,2678,VMI,consensus,-28,,,,,
400869267,2016,regular,1,2016-09-03 16:00:00+00:00,77,Northwestern,2711,Western Michigan,consensus,-6.5,,,,,
400869267,2016,regular,1,2016-09-03 16:00:00+00:00,77,Northwestern,2711,Western Michigan,numberfire,-3.5,,52.5,,,
400869267,2016,regular,1,2016-09-03 16:00:00+00:00,77,Northwestern,2711,Western Michigan,teamrankings,-3.5,,53.5,,,
400869268,2016,regular,2,2016-09-10 19:30:00+00:00,275,Wisconsin,2006,Akron,consensus,-24,,,,,
400869268,2016,regular,2,2016-09-10 19:30:00+00:00,275,Wisconsin,2006,Akron,numberfire,-21.5,,46,,,
400869268,2016,regular,2,2016-09-10 19:30:00+00:00,275,Wisconsin,2006,Akron,teamrankings,-21.5,,45.5,,,
400869269,2016,regular,2,2016-09-10 20:00:00+00:00,84,Indiana,2050,Ball State,consensus,-17.5,,,,,
400869269,2016,regular,2,2016-09-10 20:00:00+00:00,84,Indiana,2050,Ball State,numberfire,-16.5,,62,,,
400869269,2016,regular,2,2016-09-10 20:00:00+00:00,84,Indiana,2050,Ball State,teamrankings,-16.5,,63.5,,,
400869270,2016,regular,2,2016-09-10 16:00:00+00:00,197,Oklahoma State,2117,Central Michigan,consensus,-19,,,,,
400869270,2016,regular,2,2016-09-10 16:00:00+00:00,197,Oklahoma State,2117,Central Michigan,numberfire,-17.5,,60,,,
400869270,2016,regular,2,2016-09-10 16:00:00+00:00,197,Oklahoma State,2117,Central Michigan,teamrankings,-17.5,,58.5,,,
400869271,2016,regular,2,2016-09-10 20:30:00+00:00,193,Miami (OH),2197,Eastern Illinois,consensus,-10,,,,,
400869272,2016,regular,2,2016-09-10 23:00:00+00:00,2649,Toledo,311,Maine,consensus,-30,,,,,
400869273,2016,regular,2,2016-09-10 23:00:00+00:00,58,South Florida,2459,Northern Illinois,consensus,-11.5,,,,,
400869273,2016,regular,2,2016-09-10 23:00:00+00:00,58,South Florida,2459,Northern Illinois,numberfire,-14,,57,,,
400869273,2016,regular,2,2016-09-10 23:00:00+00:00,58,South Florida,2459,Northern Illinois,teamrankings,-14,,55,,,
400869274,2016,regular,2,2016-09-10 22:00:00+00:00,2309,Kent State,2448,North Carolina A&T,consensus,-13.5,,,,,
400869276,2016,regular,2,2016-09-10 19:30:00+00:00,189,Bowling Green,155,North Dakota,consensus,-20,,,,,
400869277,2016,regular,2,2016-09-10 18:30:00+00:00,2305,Kansas,195,Ohio,consensus,9,,,,,
400869277,2016,regular,2,2016-09-10 18:30:00+00:00,2305,Kansas,195,Ohio,numberfire,-3,,61,,,
400869277,2016,regular,2,2016-09-10 18:30:00+00:00,2305,Kansas,195,Ohio,teamrankings,-3,,61,,,
400869278,2016,regular,3,2016-09-17 16:00:00+00:00,276,Marshall,2006,Akron,consensus,-15.5,,,,,
400869278,2016,regular,3,2016-09-17 16:00:00+00:00,276,Marshall,2006,Akron,numberfire,-17.5,,55.5,,,
400869278,2016,regular,3,2016-09-17 16:00:00+00:00,276,Marshall,2006,Akron,teamrankings,-17.5,,55.5,,,
400869279,2016,regular,3,2016-09-17 19:00:00+00:00,2050,Ball State,2198,Eastern Kentucky,consensus,-13,,,,,
400869280,2016,regular,3,2016-09-17 22:00:00+00:00,2429,Charlotte,2199,Eastern Michigan,consensus,1.5,,,,,
400869280,2016,regular,3,2016-09-17 22:00:00+00:00,2429,Charlotte,2199,Eastern Michigan,numberfire,2.5,,65.5,,,
400869280,2016,regular,3,2016-09-17 22:00:00+00:00,2429,Charlotte,2199,Eastern Michigan,teamrankings,1.5,,62,,,
400869281,2016,regular,3,2016-09-17 16:00:00+00:00,189,Bowling Green,2393,Middle Tennessee,consensus,3.5,,,,,
400869281,2016,regular,3,2016-09-17 16:00:00+00:00,189,Bowling Green,2393,Middle Tennessee,numberfire,6.5,,72.5,,,
400869281,2016,regular,3,2016-09-17 16:00:00+00:00,189,Bowling Green,2393,Middle Tennessee,teamrankings,5.5,,73,,,
400869282,2016,regular,3,2016-09-17 19:30:00+00:00,2309,Kent State,2405,Monmouth,consensus,-13,,,,,
400869283,2016,regular,3,2016-09-17 19:30:00+00:00,193,Miami (OH),98,Western Kentucky,consensus,15,,,,,
400869283,2016,regular,3,2016-09-17 19:30:00+00:00,193,Miami (OH),98,Western Kentucky,numberfire,17.5,,63.5,,,
400869283,2016,regular,3,2016-09-17 19:30:00+00:00,193,Miami (OH),98,Western Kentucky,teamrankings,17.5,,64.5,,,
400869284,2016,regular,3,2016-09-17 20:00:00+00:00,356,Illinois,2711,Western Michigan,consensus,1.5,,,,,
400869284,2016,regular,3,2016-09-17 20:00:00+00:00,356,Illinois,2711,Western Michigan,numberfire,3,,56,,,
400869284,2016,regular,3,2016-09-17 20:00:00+00:00,356,Illinois,2711,Western Michigan,teamrankings,3,,56,,,
400869285,2016,regular,4,2016-09-24 19:30:00+00:00,2006,Akron,2026,App State,consensus,7,,,,,
400869285,2016,regular,4,2016-09-24 19:30:00+00:00,2006,Akron,2026,App State,numberfire,5.5,,58,,,
400869285,2016,regular,4,2016-09-24 19:30:00+00:00,2006,Akron,2026,App State,teamrankings,4.5,,56,,,
400869286,2016,regular,4,2016-09-24 22:00:00+00:00,2226,Florida Atlantic,2050,Ball State,consensus,3,,,,,
400869286,2016,regular,4,2016-09-24 22:00:00+00:00,2226,Florida Atlantic,2050,Ball State,numberfire,3,,56,,,
400869286,2016,regular,4,2016-09-24 22:00:00+00:00,2226,Florida Atlantic,2050,Ball State,teamrankings,3,,53.5,,,
400869287,2016,regular,4,2016-09-25 00:00:00+00:00,235,Memphis,189,Bowling Green,consensus,-16.5,,,,,
400869287,2016,regular,4,2016-09-25 00:00:00+00:00,235,Memphis,189,Bowling Green,numberfire,-17,,66,,,
400869287,2016,regular,4,2016-09-25 00:00:00+00:00,235,Memphis,189,Bowling Green,teamrankings,-17.5,,67.5,,,
400869288,2016,regular,4,2016-09-24 16:30:00+00:00,258,Virginia,2117,Central Michigan,consensus,2,,,,,
400869288,2016,regular,4,2016-09-24 16:30:00+00:00,258,Virginia,2117,Central Michigan,numberfire,3.5,,49.5,,,
400869288,2016,regular,4,2016-09-24 16:30:00+00:00,258,Virginia,2117,Central Michigan,teamrankings,6,,51.5,,,
400869289,2016,regular,4,2016-09-24 18:00:00+00:00,195,Ohio,2241,Gardner-Webb,consensus,-27,,,,,
400869290,2016,regular,4,2016-09-24 23:00:00+00:00,2711,Western Michigan,290,Georgia Southern,consensus,-4,,,,,
400869290,2016,regular,4,2016-09-24 23:00:00+00:00,2711,Western Michigan,290,Georgia Southern,numberfire,-8,,56,,,
400869290,2016,regular,4,2016-09-24 23:00:00+00:00,2711,Western Michigan,290,Georgia Southern,teamrankings,-9.5,,55.5,,,
400869291,2016,regular,4,2016-09-24 19:30:00+00:00,2132,Cincinnati,193,Miami (OH),consensus,-19.5,,,,,
400869291,2016,regular,4,2016-09-24 19:30:00+00:00,2132,Cincinnati,193,Miami (OH),numberfire,-17.5,,57,,,
400869291,2016,regular,4,2016-09-24 19:30:00+00:00,2132,Cincinnati,193,Miami (OH),teamrankings,-14.5,,55.5,,,
400869292,2016,regular,4,2016-09-24 19:30:00+00:00,2459,Northern Illinois,2710,Western Illinois,consensus,-7,,,,,
400869293,2016,regular,5,2016-10-01 19:30:00+00:00,2309,Kent State,2006,Akron,consensus,5,,,,,
400869293,2016,regular,5,2016-10-01 19:30:00+00:00,2309,Kent State,2006,Akron,numberfire,9,,51.5,,,
400869293,2016,regular,5,2016-10-01 19:30:00+00:00,2309,Kent State,2006,Akron,teamrankings,9,,51.5,,,
400869294,2016,regular,5,2016-10-01 17:00:00+00:00,103,Boston College,2084,Buffalo,consensus,-20,,,,,
400869294,2016,regular,5,2016-10-01 17:00:00+00:00,103,Boston College,2084,Buffalo,numberfire,-17.5,,40,,,
400869294,2016,regular,5,2016-10-01 17:00:00+00:00,103,Boston College,2084,Buffalo,teamrankings,-18,,40,,,
400869295,2016,regular,5,2016-10-01 19:20:00+00:00,189,Bowling Green,2199,Eastern Michigan,consensus,-6.5,,,,,
400869295,2016,regular,5,2016-10-01 19:20:00+00:00,189,Bowling Green,2199,Eastern Michigan,numberfire,-2.5,,65.5,,,
400869295,2016,regular,5,2016-10-01 19:20:00+00:00,189,Bowling Green,2199,Eastern Michigan,teamrankings,-2.5,,64.5,,,
400869296,2016,regular,5,2016-10-01 18:30:00+00:00,193,Miami (OH),195,Ohio,consensus,3.5,,,,,
400869296,2016,regular,5,2016-10-01 18:30:00+00:00,193,Miami (OH),195,Ohio,numberfire,2,,51.5,,,
400869296,2016,regular,5,2016-10-01 18:30:00+00:00,193,Miami (OH),195,Ohio,teamrankings,2,,50,,,
400869297,2016,regular,5,2016-10-01 19:30:00+00:00,2050,Ball State,2459,Northern Illinois,consensus,-1,,,,,
400869297,2016,regular,5,2016-10-01 19:30:00+00:00,2050,Ball State,2459,Northern Illinois,numberfire,-3,,57.5,,,
400869297,2016,regular,5,2016-10-01 19:30:00+00:00,2050,Ball State,2459,Northern Illinois,teamrankings,-3,,57.5,,,
400869298,2016,regular,5,2016-10-01 23:00:00+00:00,2117,Central Michigan,2711,Western Michigan,consensus,4,,,,,
400869298,2016,regular,5,2016-10-01 23:00:00+00:00,2117,Central Michigan,2711,Western Michigan,numberfire,3.5,,61,,,
400869298,2016,regular,5,2016-10-01 23:00:00+00:00,2117,Central Michigan,2711,Western Michigan,teamrankings,3,,60.5,,,
400869299,2016,regular,6,2016-10-08 19:30:00+00:00,2117,Central Michigan,2050,Ball State,consensus,-13.5,,,,,
400869299,2016,regular,6,2016-10-08 19:30:00+00:00,2117,Central Michigan,2050,Ball State,numberfire,-12.5,,57,,,
400869299,2016,regular,6,2016-10-08 19:30:00+00:00,2117,Central Michigan,2050,Ball State,teamrankings,-12.5,,56,,,
400869300,2016,regular,6,2016-10-08 18:00:00+00:00,195,Ohio,189,Bowling Green,consensus,-15.5,,,,,
400869300,2016,regular,6,2016-10-08 18:00:00+00:00,195,Ohio,189,Bowling Green,numberfire,-11.5,,60.5,,,
400869300,2016,regular,6,2016-10-08 18:00:00+00:00,195,Ohio,189,Bowling Green,teamrankings,-11.5,,60,,,
400869301,2016,regular,6,2016-10-08 19:30:00+00:00,2084,Buffalo,2309,Kent State,consensus,-2,,,,,
400869301,2016,regular,6,2016-10-08 19:30:00+00:00,2084,Buffalo,2309,Kent State,numberfire,3,,42.5,,,
400869301,2016,regular,6,2016-10-08 19:30:00+00:00,2084,Buffalo,2309,Kent State,teamrankings,3,,42.5,,,
400869302,2016,regular,6,2016-10-08 19:00:00+00:00,2006,Akron,193,Miami (OH),consensus,-7.5,,,,,
400869302,2016,regular,6,2016-10-08 19:00:00+00:00,2006,Akron,193,Miami (OH),numberfire,-11,,54.5,,,
400869302,2016,regular,6,2016-10-08 19:00:00+00:00,2006,Akron,193,Miami (OH),teamrankings,-11.5,,54,,,
400869303,2016,regular,6,2016-10-08 22:30:00+00:00,2711,Western Michigan,2459,Northern Illinois,consensus,-19,,,,,
400869303,2016,regular,6,2016-10-08 22:30:00+00:00,2711,Western Michigan,2459,Northern Illinois,numberfire,-17,,68,,,
400869303,2016,regular,6,2016-10-08 22:30:00+00:00,2711,Western Michigan,2459,Northern Illinois,teamrankings,-17.5,,68.5,,,
400869304,2016,regular,6,2016-10-08 19:00:00+00:00,2199,Eastern Michigan,2649,Toledo,consensus,17.5,,,,,
400869304,2016,regular,6,2016-10-08 19:00:00+00:00,2199,Eastern Michigan,2649,Toledo,numberfire,19.5,,65.5,,,
400869304,2016,regular,6,2016-10-08 19:00:00+00:00,2199,Eastern Michigan,2649,Toledo,teamrankings,20.5,,65.5,,,
400869305,2016,regular,7,2016-10-15 19:30:00+00:00,2084,Buffalo,2050,Ball State,consensus,9,,,,,
400869305,2016,regular,7,2016-10-15 19:30:00+00:00,2084,Buffalo,2050,Ball State,numberfire,11,,51.5,,,
400869305,2016,regular,7,2016-10-15 19:30:00+00:00,2084,Buffalo,2050,Ball State,teamrankings,11,,52.5,,,
400869306,2016,regular,7,2016-10-15 19:30:00+00:00,2649,Toledo,189,Bowling Green,consensus,-24,,,,,
400869306,2016,regular,7,2016-10-15 19:30:00+00:00,2649,Toledo,189,Bowling Green,numberfire,-32,,70.5,,,
400869306,2016,regular,7,2016-10-15 19:30:00+00:00,2649,Toledo,189,Bowling Green,teamrankings,-31.5,,71,,,
400869307,2016,regular,7,2016-10-15 19:30:00+00:00,2459,Northern Illinois,2117,Central Michigan,consensus,4,,,,,
400869307,2016,regular,7,2016-10-15 19:30:00+00:00,2459,Northern Illinois,2117,Central Michigan,numberfire,-2.5,,62,,,
400869307,2016,regular,7,2016-10-15 19:30:00+00:00,2459,Northern Illinois,2117,Central Michigan,teamrankings,-1.5,,60,,,
400869308,2016,regular,7,2016-10-15 18:00:00+00:00,195,Ohio,2199,Eastern Michigan,consensus,-10,,,,,
400869308,2016,regular,7,2016-10-15 18:00:00+00:00,195,Ohio,2199,Eastern Michigan,numberfire,-7,,53.5,,,
400869308,2016,regular,7,2016-10-15 18:00:00+00:00,195,Ohio,2199,Eastern Michigan,teamrankings,-8,,54,,,
400869309,2016,regular,7,2016-10-15 18:30:00+00:00,193,Miami (OH),2309,Kent State,numberfire,2,,43,,,
400869309,2016,regular,7,2016-10-15 18:30:00+00:00,193,Miami (OH),2309,Kent State,teamrankings,2.5,,43.5,,,
400869310,2016,regular,7,2016-10-15 19:30:00+00:00,2006,Akron,2711,Western Michigan,consensus,10.5,,,,,
400869310,2016,regular,7,2016-10-15 19:30:00+00:00,2006,Akron,2711,Western Michigan,numberfire,14,,67,,,
400869310,2016,regular,7,2016-10-15 19:30:00+00:00,2006,Akron,2711,Western Michigan,teamrankings,14,,67,,,
400869311,2016,regular,8,2016-10-22 19:00:00+00:00,2050,Ball State,2006,Akron,consensus,-2,,,,,
400869311,2016,regular,8,2016-10-22 19:00:00+00:00,2050,Ball State,2006,Akron,numberfire,-3.5,,62,,,
400869311,2016,regular,8,2016-10-22 19:00:00+00:00,2050,Ball State,2006,Akron,teamrankings,-3.5,,62.5,,,
400869312,2016,regular,8,2016-10-22 19:30:00+00:00,2459,Northern Illinois,2084,Buffalo,consensus,-20,,,,,
400869312,2016,regular,8,2016-10-22 19:30:00+00:00,2459,Northern Illinois,2084,Buffalo,numberfire,-24,,61,,,
400869312,2016,regular,8,2016-10-22 19:30:00+00:00,2459,Northern Illinois,2084,Buffalo,teamrankings,-24,,61,,,
400869313,2016,regular,8,2016-10-22 16:00:00+00:00,2649,Toledo,2117,Central Michigan,consensus,-10,,,,,
400869313,2016,regular,8,2016-10-22 16:00:00+00:00,2649,Toledo,2117,Central Michigan,numberfire,-9.5,,61,,,
400869313,2016,regular,8,2016-10-22 16:00:00+00:00,2649,Toledo,2117,Central Michigan,teamrankings,-10,,61.5,,,
400869314,2016,regular,8,2016-10-22 19:30:00+00:00,2711,Western Michigan,2199,Eastern Michigan,consensus,-23.5,,,,,
400869314,2016,regular,8,2016-10-22 19:30:00+00:00,2711,Western Michigan,2199,Eastern Michigan,numberfire,-25,,60.5,,,
400869314,2016,regular,8,2016-10-22 19:30:00+00:00,2711,Western Michigan,2199,Eastern Michigan,teamrankings,-25.5,,62,,,
400869315,2016,regular,8,2016-10-22 17:00:00+00:00,2309,Kent State,195,Ohio,consensus,4,,,,,
400869315,2016,regular,8,2016-10-22 17:00:00+00:00,2309,Kent State,195,Ohio,numberfire,1,,43.5,,,
400869315,2016,regular,8,2016-10-22 17:00:00+00:00,2309,Kent State,195,Ohio,teamrankings,1,,43.5,,,
400869316,2016,regular,8,2016-10-22 16:00:00+00:00,189,Bowling Green,193,Miami (OH),consensus,-3.5,,,,,
400869316,2016,regular,8,2016-10-22 16:00:00+00:00,189,Bowling Green,193,Miami (OH),numberfire,-1,,52,,,
400869316,2016,regular,8,2016-10-22 16:00:00+00:00,189,Bowling Green,193,Miami (OH),teamrankings,-1,,52,,,
400869317,2016,regular,9,2016-10-27 23:30:00+00:00,2084,Buffalo,2006,Akron,consensus,14.5,,,,,
400869317,2016,regular,9,2016-10-27 23:30:00+00:00,2084,Buffalo,2006,Akron,numberfire,19.5,,58.5,,,
400869317,2016,regular,9,2016-10-27 23:30:00+00:00,2084,Buffalo,2006,Akron,teamrankings,19.5,,63,,,
400869318,2016,regular,9,2016-10-27 23:30:00+00:00,2649,Toledo,195,Ohio,consensus,-17.5,,,,,
400869318,2016,regular,9,2016-10-27 23:30:00+00:00,2649,Toledo,195,Ohio,numberfire,-15,,56.5,,,
400869318,2016,regular,9,2016-10-27 23:30:00+00:00,2649,Toledo,195,Ohio,teamrankings,-15,,57,,,
400869319,2016,regular,9,2016-10-29 16:00:00+00:00,2117,Central Michigan,2309,Kent State,consensus,-14,,,,,
400869319,2016,regular,9,2016-10-29 16:00:00+00:00,2117,Central Michigan,2309,Kent State,numberfire,-12.5,,44,,,
400869319,2016,regular,9,2016-10-29 16:00:00+00:00,2117,Central Michigan,2309,Kent State,teamrankings,-12.5,,44.5,,,
400869320,2016,regular,10,2016-11-02 00:00:00+00:00,2459,Northern Illinois,189,Bowling Green,consensus,-17,,,,,
400869320,2016,regular,10,2016-11-02 00:00:00+00:00,2459,Northern Illinois,189,Bowling Green,numberfire,-17,,72,,,
400869320,2016,regular,10,2016-11-02 00:00:00+00:00,2459,Northern Illinois,189,Bowling Green,teamrankings,-17,,72,,,
400869321,2016,regular,10,2016-11-02 00:00:00+00:00,2050,Ball State,2711,Western Michigan,consensus,16,,,,,
400869321,2016,regular,10,2016-11-02 00:00:00+00:00,2050,Ball State,2711,Western Michigan,numberfire,17.5,,64,,,
400869321,2016,regular,10,2016-11-02 00:00:00+00:00,2050,Ball State,2711,Western Michigan,teamrankings,17.5,,64.5,,,
400869322,2016,regular,10,2016-11-02 23:30:00+00:00,2006,Akron,2649,Toledo,consensus,8,,,,,
400869322,2016,regular,10,2016-11-02 23:30:00+00:00,2006,Akron,2649,Toledo,numberfire,10,,72,,,
400869322,2016,regular,10,2016-11-02 23:30:00+00:00,2006,Akron,2649,Toledo,teamrankings,10,,72,,,
400869323,2016,regular,10,2016-11-03 22:00:00+00:00,195,Ohio,2084,Buffalo,consensus,-19,,,,,
400869323,2016,regular,10,2016-11-03 22:00:00+00:00,195,Ohio,2084,Buffalo,numberfire,-17.5,,51.5,,,
400869323,2016,regular,10,2016-11-03 22:00:00+00:00,195,Ohio,2084,Buffalo,teamrankings,-17,,51.5,,,
400869324,2016,regular,10,2016-11-04 22:00:00+00:00,193,Miami (OH),2117,Central Michigan,consensus,6,,,,,
400869324,2016,regular,10,2016-11-04 22:00:00+00:00,193,Miami (OH),2117,Central Michigan,numberfire,-1,,46.5,,,
400869324,2016,regular,10,2016-11-04 22:00:00+00:00,193,Miami (OH),2117,Central Michigan,teamrankings,-1,,46.5,,,
400869325,2016,regular,11,2016-11-09 00:00:00+00:00,2050,Ball State,2199,Eastern Michigan,consensus,-3.5,,,,,
400869325,2016,regular,11,2016-11-09 00:00:00+00:00,2050,Ball State,2199,Eastern Michigan,numberfire,-1,,59.5,,,
400869325,2016,regular,11,2016-11-09 00:00:00+00:00,2050,Ball State,2199,Eastern Michigan,teamrankings,-1,,59.5,,,
400869326,2016,regular,11,2016-11-09 00:30:00+00:00,2309,Kent State,2711,Western Michigan,consensus,18.5,,,,,
400869326,2016,regular,11,2016-11-09 00:30:00+00:00,2309,Kent State,2711,Western Michigan,numberfire,22,,55,,,
400869326,2016,regular,11,2016-11-09 00:30:00+00:00,2309,Kent State,2711,Western Michigan,teamrankings,21,,55,,,
400869327,2016,regular,11,2016-11-10 01:00:00+00:00,2006,Akron,189,Bowling Green,consensus,-11.5,,,,,
400869327,2016,regular,11,2016-11-10 01:00:00+00:00,2006,Akron,189,Bowling Green,numberfire,-10.5,,71.5,,,
400869327,2016,regular,11,2016-11-10 01:00:00+00:00,2006,Akron,189,Bowling Green,teamrankings,-10.5,,73,,,
400869328,2016,regular,11,2016-11-10 01:00:00+00:00,2459,Northern Illinois,2649,Toledo,consensus,7.5,,,,,
400869328,2016,regular,11,2016-11-10 01:00:00+00:00,2459,Northern Illinois,2649,Toledo,numberfire,7,,71,,,
400869328,2016,regular,11,2016-11-10 01:00:00+00:00,2459,Northern Illinois,2649,Toledo,teamrankings,6,,69.5,,,
400869329,2016,regular,11,2016-11-12 18:00:00+00:00,2084,Buffalo,193,Miami (OH),consensus,12,,,,,
400869329,2016,regular,11,2016-11-12 18:00:00+00:00,2084,Buffalo,193,Miami (OH),numberfire,10,,50.5,,,
400869329,2016,regular,11,2016-11-12 18:00:00+00:00,2084,Buffalo,193,Miami (OH),teamrankings,10,,50.5,,,
400869330,2016,regular,12,2016-11-16 00:00:00+00:00,189,Bowling Green,2309,Kent State,consensus,3,,,,,
400869330,2016,regular,12,2016-11-16 00:00:00+00:00,189,Bowling Green,2309,Kent State,numberfire,2.5,,54,,,
400869330,2016,regular,12,2016-11-16 00:00:00+00:00,189,Bowling Green,2309,Kent State,teamrankings,2.5,,54,,,
400869331,2016,regular,12,2016-11-16 00:00:00+00:00,2117,Central Michigan,195,Ohio,consensus,-1,,,,,
400869331,2016,regular,12,2016-11-16 00:00:00+00:00,2117,Central Michigan,195,Ohio,numberfire,-1,,51,,,
400869331,2016,regular,12,2016-11-16 00:00:00+00:00,2117,Central Michigan,195,Ohio,teamrankings,1,,51,,,
400869332,2016,regular,12,2016-11-17 00:00:00+00:00,2649,Toledo,2050,Ball State,consensus,-19,,,,,
400869332,2016,regular,12,2016-11-17 00:00:00+00:00,2649,Toledo,2050,Ball State,numberfire,-20,,68.5,,,
400869332,2016,regular,12,2016-11-17 00:00:00+00:00,2649,Toledo,2050,Ball State,teamrankings,-20,,68.5,,,
400869333,2016,regular,12,2016-11-17 01:00:00+00:00,2199,Eastern Michigan,2459,Northern Illinois,consensus,4,,,,,
400869333,2016,regular,12,2016-11-17 01:00:00+00:00,2199,Eastern Michigan,2459,Northern Illinois,numberfire,2.5,,63,,,
400869333,2016,regular,12,2016-11-17 01:00:00+00:00,2199,Eastern Michigan,2459,Northern Illinois,teamrankings,1,,63,,,
400869334,2016,regular,12,2016-11-19 20:30:00+00:00,2711,Western Michigan,2084,Buffalo,consensus,-34,,,,,
400869334,2016,regular,12,2016-11-19 20:30:00+00:00,2711,Western Michigan,2084,Buffalo,numberfire,-34,,55.5,,,
400869334,2016,regular,12,2016-11-19 20:30:00+00:00,2711,Western Michigan,2084,Buffalo,teamrankings,-34.5,,55.5,,,
400869335,2016,regular,13,2016-11-23 00:00:00+00:00,195,Ohio,2006,Akron,consensus,-7.5,,,,,
400869335,2016,regular,13,2016-11-23 00:00:00+00:00,195,Ohio,2006,Akron,numberfire,-11,,54,,,
400869335,2016,regular,13,2016-11-23 00:00:00+00:00,195,Ohio,2006,Akron,teamrankings,-12.5,,53,,,
400869336,2016,regular,13,2016-11-23 00:00:00+00:00,193,Miami (OH),2050,Ball State,consensus,-6,,,,,
400869336,2016,regular,13,2016-11-23 00:00:00+00:00,193,Miami (OH),2050,Ball State,numberfire,-7,,54,,,
400869336,2016,regular,13,2016-11-23 00:00:00+00:00,193,Miami (OH),2050,Ball State,teamrankings,-8.5,,55,,,
400869337,2016,regular,13,2016-11-23 00:00:00+00:00,2199,Eastern Michigan,2117,Central Michigan,numberfire,1,,55.5,,,
400869337,2016,regular,13,2016-11-23 00:00:00+00:00,2199,Eastern Michigan,2117,Central Michigan,teamrankings,,,56.5,,,
400869338,2016,regular,13,2016-11-25 19:30:00+00:00,189,Bowling Green,2084,Buffalo,consensus,-11,,,,,
400869338,2016,regular,13,2016-11-25 19:30:00+00:00,189,Bowling Green,2084,Buffalo,numberfire,-12,,60,,,
400869338,2016,regular,13,2016-11-25 19:30:00+00:00,189,Bowling Green,2084,Buffalo,teamrankings,-11.5,,60,,,
400869339,2016,regular,13,2016-11-25 17:00:00+00:00,2309,Kent State,2459,Northern Illinois,consensus,5,,,,,
400869339,2016,regular,13,2016-11-25 17:00:00+00:00,2309,Kent State,2459,Northern Illinois,numberfire,7,,46,,,
400869339,2016,regular,13,2016-11-25 17:00:00+00:00,2309,Kent State,2459,Northern Illinois,teamrankings,7,,45.5,,,
400869340,2016,regular,13,2016-11-25 22:00:00+00:00,2711,Western Michigan,2649,Toledo,consensus,-9.5,,,,,
400869340,2016,regular,13,2016-11-25 22:00:00+00:00,2711,Western Michigan,2649,Toledo,numberfire,-7,,72,,,
400869340,2016,regular,13,2016-11-25 22:00:00+00:00,2711,Western Michigan,2649,Toledo,teamrankings,-8,,71.5,,,
400869341,2016,regular,1,2016-09-01 23:00:00+00:00,97,Louisville,2429,Charlotte,consensus,-39.5,,,,,
400869341,2016,regular,1,2016-09-01 23:00:00+00:00,97,Louisville,2429,Charlotte,teamrankings,-38.5,,58.5,,,
400869342,2016,regular,1,2016-09-01 23:30:00+00:00,2229,Florida International,84,Indiana,consensus,3,,,,,
400869342,2016,regular,1,2016-09-01 23:30:00+00:00,2229,Florida International,84,Indiana,teamrankings,10,,64,,,
400869343,2016,regular,1,2016-09-03 22:00:00+00:00,2226,Florida Atlantic,79,Southern Illinois,consensus,-8,,,,,
400869344,2016,regular,1,2016-09-03 23:00:00+00:00,2393,Middle Tennessee,2010,Alabama A&M,consensus,-47,,,,,
400869345,2016,regular,1,2016-09-03 23:00:00+00:00,249,North Texas,2567,SMU,consensus,12,,,,,
400869345,2016,regular,1,2016-09-03 23:00:00+00:00,249,North Texas,2567,SMU,numberfire,7,,67,,,
400869345,2016,regular,1,2016-09-03 23:00:00+00:00,249,North Texas,2567,SMU,teamrankings,7,,68,,,
400869346,2016,regular,1,2016-09-04 19:30:00+00:00,295,Old Dominion,2261,Hampton,consensus,-28,,,,,
400869347,2016,regular,1,2016-09-02 00:00:00+00:00,98,Western Kentucky,242,Rice,consensus,-14.5,,,,,
400869347,2016,regular,1,2016-09-02 00:00:00+00:00,98,Western Kentucky,242,Rice,teamrankings,-19,,64.5,,,
400869348,2016,regular,1,2016-09-04 00:00:00+00:00,2638,UTEP,166,New Mexico State,consensus,-3.5,,,,,
400869348,2016,regular,1,2016-09-04 00:00:00+00:00,2638,UTEP,166,New Mexico State,numberfire,-9,,58,,,
400869348,2016,regular,1,2016-09-04 00:00:00+00:00,2638,UTEP,166,New Mexico State,teamrankings,-9.5,,58,,,
400869349,2016,regular,1,2016-09-03 23:00:00+00:00,2636,UTSA,2011,Alabama State,consensus,-28.5,,,,,
400869350,2016,regular,2,2016-09-10 22:00:00+00:00,2429,Charlotte,2210,Elon,consensus,-9,,,,,
400869351,2016,regular,2,2016-09-09 23:30:00+00:00,2229,Florida International,120,Maryland,consensus,7,,,,,
400869351,2016,regular,2,2016-09-09 23:30:00+00:00,2229,Florida International,120,Maryland,numberfire,11.5,,56,,,
400869351,2016,regular,2,2016-09-09 23:30:00+00:00,2229,Florida International,120,Maryland,teamrankings,11.5,,56.5,,,
400869352,2016,regular,2,2016-09-10 23:00:00+00:00,2348,Louisiana Tech,2569,South Carolina State,consensus,-33,,,,,
400869353,2016,regular,2,2016-09-10 22:00:00+00:00,276,Marshall,2415,Morgan State,consensus,-41.5,,,,,
400869354,2016,regular,2,2016-09-10 23:00:00+00:00,249,North Texas,2065,Bethune-Cookman,consensus,-13,,,,,
400869355,2016,regular,2,2016-09-10 19:30:00+00:00,2026,App State,295,Old Dominion,numberfire,-21,,54,,,
400869355,2016,regular,2,2016-09-10 19:30:00+00:00,2026,App State,295,Old Dominion,teamrankings,-21,,54,,,
400869356,2016,regular,2,2016-09-10 23:00:00+00:00,2572,Southern Miss,2542,Savannah St,consensus,-57,,,,,
400869357,2016,regular,2,2016-09-10 23:00:00+00:00,251,Texas,2638,UTEP,consensus,-26,,,,,
400869357,2016,regular,2,2016-09-10 23:00:00+00:00,251,Texas,2638,UTEP,numberfire,-31,,59,,,
400869357,2016,regular,2,2016-09-10 23:00:00+00:00,251,Texas,2638,UTEP,teamrankings,-31,,58,,,
400869358,2016,regular,3,2016-09-17 18:30:00+00:00,2306,Kansas State,2226,Florida Atlantic,consensus,-19,,,,,
400869358,2016,regular,3,2016-09-17 18:30:00+00:00,2306,Kansas State,2226,Florida Atlantic,numberfire,-25.5,,49.5,,,
400869358,2016,regular,3,2016-09-17 18:30:00+00:00,2306,Kansas State,2226,Florida Atlantic,teamrankings,-23.5,,49.5,,,
400869359,2016,regular,3,2016-09-17 23:00:00+00:00,2641,Texas Tech,2348,Louisiana Tech,consensus,-12,,,,,
400869359,2016,regular,3,2016-09-17 23:00:00+00:00,2641,Texas Tech,2348,Louisiana Tech,numberfire,-10.5,,80.5,,,
400869359,2016,regular,3,2016-09-17 23:00:00+00:00,2641,Texas Tech,2348,Louisiana Tech,teamrankings,-11,,82.5,,,
400869360,2016,regular,3,2016-09-17 22:00:00+00:00,152,NC State,295,Old Dominion,consensus,-20.5,,,,,
400869360,2016,regular,3,2016-09-17 22:00:00+00:00,152,NC State,295,Old Dominion,numberfire,-24.5,,58,,,
400869360,2016,regular,3,2016-09-17 22:00:00+00:00,152,NC State,295,Old Dominion,teamrankings,-24.5,,58,,,
400869361,2016,regular,3,2016-09-17 00:00:00+00:00,242,Rice,239,Baylor,consensus,27.5,,,,,
400869361,2016,regular,3,2016-09-17 00:00:00+00:00,242,Rice,239,Baylor,numberfire,33.5,,66.5,,,
400869361,2016,regular,3,2016-09-17 00:00:00+00:00,242,Rice,239,Baylor,teamrankings,33.5,,66,,,
400869362,2016,regular,3,2016-09-17 23:00:00+00:00,2572,Southern Miss,2653,Troy,consensus,-11.5,,,,,
400869362,2016,regular,3,2016-09-17 23:00:00+00:00,2572,Southern Miss,2653,Troy,numberfire,-9,,64,,,
400869362,2016,regular,3,2016-09-17 23:00:00+00:00,2572,Southern Miss,2653,Troy,teamrankings,-9.5,,61,,,
400869363,2016,regular,4,2016-09-24 16:00:00+00:00,218,Temple,2429,Charlotte,consensus,-29.5,,,,,
400869363,2016,regular,4,2016-09-24 16:00:00+00:00,218,Temple,2429,Charlotte,numberfire,-27,,53.5,,,
400869363,2016,regular,4,2016-09-24 16:00:00+00:00,218,Temple,2429,Charlotte,teamrankings,-24.5,,52,,,
400869364,2016,regular,4,2016-09-24 23:00:00+00:00,2229,Florida International,2116,UCF,consensus,5.5,,,,,
400869364,2016,regular,4,2016-09-24 23:00:00+00:00,2229,Florida International,2116,UCF,numberfire,10,,52.5,,,
400869364,2016,regular,4,2016-09-24 23:00:00+00:00,2229,Florida International,2116,UCF,teamrankings,10,,52.5,,,
400869365,2016,regular,4,2016-09-24 23:00:00+00:00,2393,Middle Tennessee,2348,Louisiana Tech,consensus,-4,,,,,
400869365,2016,regular,4,2016-09-24 23:00:00+00:00,2393,Middle Tennessee,2348,Louisiana Tech,numberfire,-4,,69.5,,,
400869366,2016,regular,4,2016-09-25 00:00:00+00:00,276,Marshall,97,Louisville,consensus,23,,,,,
400869366,2016,regular,4,2016-09-25 00:00:00+00:00,276,Marshall,97,Louisville,numberfire,30.5,,69,,,
400869366,2016,regular,4,2016-09-25 00:00:00+00:00,276,Marshall,97,Louisville,teamrankings,31,,69,,,
400869367,2016,regular,4,2016-09-24 22:00:00+00:00,242,Rice,249,North Texas,consensus,-7.5,,,,,
400869367,2016,regular,4,2016-09-24 22:00:00+00:00,242,Rice,249,North Texas,numberfire,-7.5,,53,,,
400869367,2016,regular,4,2016-09-24 22:00:00+00:00,242,Rice,249,North Texas,teamrankings,-7,,55,,,
400869368,2016,regular,4,2016-09-24 19:30:00+00:00,295,Old Dominion,2636,UTSA,consensus,-1.5,,,,,
400869368,2016,regular,4,2016-09-24 19:30:00+00:00,295,Old Dominion,2636,UTSA,numberfire,-5,,52,,,
400869368,2016,regular,4,2016-09-24 19:30:00+00:00,295,Old Dominion,2636,UTSA,teamrankings,-6,,49.5,,,
400869369,2016,regular,4,2016-09-25 00:00:00+00:00,2638,UTEP,2572,Southern Miss,consensus,10,,,,,
400869369,2016,regular,4,2016-09-25 00:00:00+00:00,2638,UTEP,2572,Southern Miss,numberfire,13.5,,59,,,
400869369,2016,regular,4,2016-09-25 00:00:00+00:00,2638,UTEP,2572,Southern Miss,teamrankings,14,,58.5,,,
400869370,2016,regular,5,2016-10-01 22:00:00+00:00,2429,Charlotte,295,Old Dominion,consensus,7.5,,,,,
400869370,2016,regular,5,2016-10-01 22:00:00+00:00,2429,Charlotte,295,Old Dominion,numberfire,8.5,,57.5,,,
400869370,2016,regular,5,2016-10-01 22:00:00+00:00,2429,Charlotte,295,Old Dominion,teamrankings,9.5,,57,,,
400869371,2016,regular,5,2016-10-01 23:00:00+00:00,2229,Florida International,2226,Florida Atlantic,consensus,5,,,,,
400869371,2016,regular,5,2016-10-01 23:00:00+00:00,2229,Florida International,2226,Florida Atlantic,numberfire,3,,53,,,
400869371,2016,regular,5,2016-10-01 23:00:00+00:00,2229,Florida International,2226,Florida Atlantic,teamrankings,3,,52.5,,,
400869372,2016,regular,5,2016-10-01 23:00:00+00:00,2348,Louisiana Tech,2638,UTEP,consensus,-21,,,,,
400869372,2016,regular,5,2016-10-01 23:00:00+00:00,2348,Louisiana Tech,2638,UTEP,numberfire,-22,,57,,,
400869372,2016,regular,5,2016-10-01 23:00:00+00:00,2348,Louisiana Tech,2638,UTEP,teamrankings,-22.5,,57.5,,,
400869373,2016,regular,5,2016-10-01 23:30:00+00:00,221,Pittsburgh,276,Marshall,consensus,-14,,,,,
400869373,2016,regular,5,2016-10-01 23:30:00+00:00,221,Pittsburgh,276,Marshall,numberfire,-17,,58,,,
400869373,2016,regular,5,2016-10-01 23:30:00+00:00,221,Pittsburgh,276,Marshall,teamrankings,-16.5,,57,,,
400869374,2016,regular,5,2016-10-01 23:00:00+00:00,249,North Texas,2393,Middle Tennessee,consensus,16,,,,,
400869374,2016,regular,5,2016-10-01 23:00:00+00:00,249,North Texas,2393,Middle Tennessee,numberfire,17,,65,,,
400869374,2016,regular,5,2016-10-01 23:00:00+00:00,249,North Texas,2393,Middle Tennessee,teamrankings,17,,65,,,
400869375,2016,regular,5,2016-10-01 23:00:00+00:00,2572,Southern Miss,242,Rice,consensus,-21,,,,,
400869375,2016,regular,5,2016-10-01 23:00:00+00:00,2572,Southern Miss,242,Rice,numberfire,-26,,58.5,,,
400869375,2016,regular,5,2016-10-01 23:00:00+00:00,2572,Southern Miss,242,Rice,teamrankings,-26,,58.5,,,
400869377,2016,regular,6,2016-10-09 16:00:00+00:00,2226,Florida Atlantic,2429,Charlotte,consensus,-15,,,,,
400869377,2016,regular,6,2016-10-09 16:00:00+00:00,2226,Florida Atlantic,2429,Charlotte,numberfire,-13,,61.5,,,
400869377,2016,regular,6,2016-10-09 16:00:00+00:00,2226,Florida Atlantic,2429,Charlotte,teamrankings,-13,,62,,,
400869378,2016,regular,6,2016-10-09 00:00:00+00:00,2638,UTEP,2229,Florida International,consensus,-2.5,,,,,
400869378,2016,regular,6,2016-10-09 00:00:00+00:00,2638,UTEP,2229,Florida International,numberfire,-4.5,,48,,,
400869378,2016,regular,6,2016-10-09 00:00:00+00:00,2638,UTEP,2229,Florida International,teamrankings,-4.5,,49.5,,,
400869379,2016,regular,6,2016-10-07 00:00:00+00:00,2348,Louisiana Tech,98,Western Kentucky,consensus,-1,,,,,
400869379,2016,regular,6,2016-10-07 00:00:00+00:00,2348,Louisiana Tech,98,Western Kentucky,numberfire,2.5,,69,,,
400869379,2016,regular,6,2016-10-07 00:00:00+00:00,2348,Louisiana Tech,98,Western Kentucky,teamrankings,2.5,,69,,,
400869380,2016,regular,6,2016-10-08 23:00:00+00:00,249,North Texas,276,Marshall,consensus,11,,,,,
400869380,2016,regular,6,2016-10-08 23:00:00+00:00,249,North Texas,276,Marshall,numberfire,13.5,,61.5,,,
400869380,2016,regular,6,2016-10-08 23:00:00+00:00,249,North Texas,276,Marshall,teamrankings,13.5,,59.5,,,
400869381,2016,regular,6,2016-10-08 16:00:00+00:00,2636,UTSA,2572,Southern Miss,consensus,14.5,,,,,
400869381,2016,regular,6,2016-10-08 16:00:00+00:00,2636,UTSA,2572,Southern Miss,numberfire,16.5,,54.5,,,
400869381,2016,regular,6,2016-10-08 16:00:00+00:00,2636,UTSA,2572,Southern Miss,teamrankings,16.5,,53,,,
400869382,2016,regular,7,2016-10-15 22:00:00+00:00,2429,Charlotte,2229,Florida International,numberfire,1.5,,57,,,
400869382,2016,regular,7,2016-10-15 22:00:00+00:00,2429,Charlotte,2229,Florida International,teamrankings,2.5,,55.5,,,
400869383,2016,regular,7,2016-10-15 23:00:00+00:00,276,Marshall,2226,Florida Atlantic,consensus,-12,,,,,
400869383,2016,regular,7,2016-10-15 23:00:00+00:00,276,Marshall,2226,Florida Atlantic,numberfire,-12,,61,,,
400869383,2016,regular,7,2016-10-15 23:00:00+00:00,276,Marshall,2226,Florida Atlantic,teamrankings,-12.5,,61,,,
400869384,2016,regular,7,2016-10-15 18:30:00+00:00,2393,Middle Tennessee,98,Western Kentucky,consensus,-2.5,,,,,
400869384,2016,regular,7,2016-10-15 18:30:00+00:00,2393,Middle Tennessee,98,Western Kentucky,numberfire,1.5,,75,,,
400869385,2016,regular,7,2016-10-15 23:00:00+00:00,242,Rice,2636,UTSA,consensus,-1.5,,,,,
400869385,2016,regular,7,2016-10-15 23:00:00+00:00,242,Rice,2636,UTSA,numberfire,2.5,,53.5,,,
400869385,2016,regular,7,2016-10-15 23:00:00+00:00,242,Rice,2636,UTSA,teamrankings,2.5,,52.5,,,
400869386,2016,regular,8,2016-10-22 21:30:00+00:00,276,Marshall,2429,Charlotte,consensus,-17,,,,,
400869386,2016,regular,8,2016-10-22 21:30:00+00:00,276,Marshall,2429,Charlotte,numberfire,-8.5,,60,,,
400869386,2016,regular,8,2016-10-22 21:30:00+00:00,276,Marshall,2429,Charlotte,teamrankings,-8.5,,59.5,,,
400869387,2016,regular,8,2016-10-22 23:00:00+00:00,2229,Florida International,2348,Louisiana Tech,consensus,16,,,,,
400869387,2016,regular,8,2016-10-22 23:00:00+00:00,2229,Florida International,2348,Louisiana Tech,numberfire,18.5,,66,,,
400869387,2016,regular,8,2016-10-22 23:00:00+00:00,2229,Florida International,2348,Louisiana Tech,teamrankings,18,,65.5,,,
400869388,2016,regular,8,2016-10-22 23:00:00+00:00,98,Western Kentucky,295,Old Dominion,consensus,-13,,,,,
400869388,2016,regular,8,2016-10-22 23:00:00+00:00,98,Western Kentucky,295,Old Dominion,numberfire,-15.5,,64.5,,,
400869388,2016,regular,8,2016-10-22 23:00:00+00:00,98,Western Kentucky,295,Old Dominion,teamrankings,-15.5,,65,,,
400869389,2016,regular,8,2016-10-22 19:30:00+00:00,242,Rice,2504,Prairie View A&M,consensus,-22,,,,,
400869390,2016,regular,8,2016-10-22 23:00:00+00:00,2636,UTSA,2638,UTEP,consensus,-7,,,,,
400869390,2016,regular,8,2016-10-22 23:00:00+00:00,2636,UTSA,2638,UTEP,numberfire,-10.5,,46,,,
400869390,2016,regular,8,2016-10-22 23:00:00+00:00,2636,UTSA,2638,UTEP,teamrankings,-10.5,,45,,,
400869391,2016,regular,9,2016-10-29 23:00:00+00:00,2229,Florida International,2393,Middle Tennessee,consensus,17,,,,,
400869391,2016,regular,9,2016-10-29 23:00:00+00:00,2229,Florida International,2393,Middle Tennessee,numberfire,17.5,,62,,,
400869391,2016,regular,9,2016-10-29 23:00:00+00:00,2229,Florida International,2393,Middle Tennessee,teamrankings,17.5,,62.5,,,
400869392,2016,regular,9,2016-10-29 19:30:00+00:00,2226,Florida Atlantic,98,Western Kentucky,consensus,18,,,,,
400869392,2016,regular,9,2016-10-29 19:30:00+00:00,2226,Florida Atlantic,98,Western Kentucky,numberfire,21.5,,66.5,,,
400869392,2016,regular,9,2016-10-29 19:30:00+00:00,2226,Florida Atlantic,98,Western Kentucky,teamrankings,21.5,,66.5,,,
400869393,2016,regular,9,2016-10-29 23:00:00+00:00,2348,Louisiana Tech,242,Rice,consensus,-23,,,,,
400869393,2016,regular,9,2016-10-29 23:00:00+00:00,2348,Louisiana Tech,242,Rice,numberfire,-29.5,,68,,,
400869393,2016,regular,9,2016-10-29 23:00:00+00:00,2348,Louisiana Tech,242,Rice,teamrankings,-29.5,,68,,,
400869394,2016,regular,9,2016-10-29 23:00:00+00:00,2572,Southern Miss,276,Marshall,consensus,-10,,,,,
400869394,2016,regular,9,2016-10-29 23:00:00+00:00,2572,Southern Miss,276,Marshall,numberfire,-17,,67.5,,,
400869394,2016,regular,9,2016-10-29 23:00:00+00:00,2572,Southern Miss,276,Marshall,teamrankings,-17,,67,,,
400869395,2016,regular,9,2016-10-29 23:00:00+00:00,2636,UTSA,249,North Texas,consensus,-4,,,,,
400869395,2016,regular,9,2016-10-29 23:00:00+00:00,2636,UTSA,249,North Texas,numberfire,-4.5,,52,,,
400869395,2016,regular,9,2016-10-29 23:00:00+00:00,2636,UTSA,249,North Texas,teamrankings,-4.5,,51,,,
400869396,2016,regular,9,2016-10-30 00:00:00+00:00,2638,UTEP,295,Old Dominion,consensus,5.5,,,,,
400869396,2016,regular,9,2016-10-30 00:00:00+00:00,2638,UTEP,295,Old Dominion,numberfire,5,,55,,,
400869396,2016,regular,9,2016-10-30 00:00:00+00:00,2638,UTEP,295,Old Dominion,teamrankings,5,,54.5,,,
400869397,2016,regular,10,2016-11-05 19:30:00+00:00,2572,Southern Miss,2429,Charlotte,consensus,-18,,,,,
400869397,2016,regular,10,2016-11-05 19:30:00+00:00,2572,Southern Miss,2429,Charlotte,numberfire,-17.5,,61.5,,,
400869397,2016,regular,10,2016-11-05 19:30:00+00:00,2572,Southern Miss,2429,Charlotte,teamrankings,-19.5,,60.5,,,
400869398,2016,regular,10,2016-11-05 21:30:00+00:00,98,Western Kentucky,2229,Florida International,consensus,-25,,,,,
400869398,2016,regular,10,2016-11-05 21:30:00+00:00,98,Western Kentucky,2229,Florida International,numberfire,-34,,65,,,
400869398,2016,regular,10,2016-11-05 21:30:00+00:00,98,Western Kentucky,2229,Florida International,teamrankings,-34,,65.5,,,
400869399,2016,regular,10,2016-11-05 19:30:00+00:00,242,Rice,2226,Florida Atlantic,consensus,-2,,,,,
400869399,2016,regular,10,2016-11-05 19:30:00+00:00,242,Rice,2226,Florida Atlantic,numberfire,-3.5,,57,,,
400869399,2016,regular,10,2016-11-05 19:30:00+00:00,242,Rice,2226,Florida Atlantic,teamrankings,-3.5,,57,,,
400869400,2016,regular,10,2016-11-05 21:30:00+00:00,249,North Texas,2348,Louisiana Tech,consensus,21,,,,,
400869400,2016,regular,10,2016-11-05 21:30:00+00:00,249,North Texas,2348,Louisiana Tech,numberfire,17.5,,64,,,
400869400,2016,regular,10,2016-11-05 21:30:00+00:00,249,North Texas,2348,Louisiana Tech,teamrankings,17.5,,63.5,,,
400869401,2016,regular,10,2016-11-05 23:00:00+00:00,295,Old Dominion,276,Marshall,consensus,-7,,,,,
400869401,2016,regular,10,2016-11-05 23:00:00+00:00,295,Old Dominion,276,Marshall,numberfire,-8.5,,57.5,,,
400869401,2016,regular,10,2016-11-05 23:00:00+00:00,295,Old Dominion,276,Marshall,teamrankings,-10,,58,,,
400869403,2016,regular,10,2016-11-05 18:30:00+00:00,2393,Middle Tennessee,2636,UTSA,consensus,-19,,,,,
400869403,2016,regular,10,2016-11-05 18:30:00+00:00,2393,Middle Tennessee,2636,UTSA,numberfire,-20,,64,,,
400869404,2016,regular,11,2016-11-12 19:00:00+00:00,2429,Charlotte,242,Rice,consensus,-10,,,,,
400869404,2016,regular,11,2016-11-12 19:00:00+00:00,2429,Charlotte,242,Rice,numberfire,-11.5,,59.5,,,
400869404,2016,regular,11,2016-11-12 19:00:00+00:00,2429,Charlotte,242,Rice,teamrankings,-12,,60,,,
400869405,2016,regular,11,2016-11-12 23:00:00+00:00,2226,Florida Atlantic,2638,UTEP,consensus,-2,,,,,
400869405,2016,regular,11,2016-11-12 23:00:00+00:00,2226,Florida Atlantic,2638,UTEP,numberfire,-4,,54,,,
400869405,2016,regular,11,2016-11-12 23:00:00+00:00,2226,Florida Atlantic,2638,UTEP,teamrankings,-4,,54.5,,,
400869406,2016,regular,11,2016-11-12 20:30:00+00:00,2348,Louisiana Tech,2636,UTSA,consensus,-19,,,,,
400869406,2016,regular,11,2016-11-12 20:30:00+00:00,2348,Louisiana Tech,2636,UTSA,numberfire,-21,,65,,,
400869406,2016,regular,11,2016-11-12 20:30:00+00:00,2348,Louisiana Tech,2636,UTSA,teamrankings,-22,,63,,,
400869407,2016,regular,11,2016-11-13 00:00:00+00:00,276,Marshall,2393,Middle Tennessee,consensus,11.5,,,,,
400869407,2016,regular,11,2016-11-13 00:00:00+00:00,276,Marshall,2393,Middle Tennessee,numberfire,8,,60,,,
400869407,2016,regular,11,2016-11-13 00:00:00+00:00,276,Marshall,2393,Middle Tennessee,teamrankings,8,,60,,,
400869408,2016,regular,11,2016-11-12 20:30:00+00:00,98,Western Kentucky,249,North Texas,consensus,-30,,,,,
400869408,2016,regular,11,2016-11-12 20:30:00+00:00,98,Western Kentucky,249,North Texas,numberfire,-28.5,,64,,,
400869408,2016,regular,11,2016-11-12 20:30:00+00:00,98,Western Kentucky,249,North Texas,teamrankings,-28.5,,66.5,,,
400869409,2016,regular,11,2016-11-12 20:30:00+00:00,295,Old Dominion,2572,Southern Miss,consensus,-2,,,,,
400869409,2016,regular,11,2016-11-12 20:30:00+00:00,295,Old Dominion,2572,Southern Miss,numberfire,-2.5,,62.5,,,
400869409,2016,regular,11,2016-11-12 20:30:00+00:00,295,Old Dominion,2572,Southern Miss,teamrankings,1,,63.5,,,
400869410,2016,regular,12,2016-11-19 19:00:00+00:00,2429,Charlotte,2393,Middle Tennessee,consensus,6,,,,,
400869410,2016,regular,12,2016-11-19 19:00:00+00:00,2429,Charlotte,2393,Middle Tennessee,numberfire,5.5,,55,,,
400869410,2016,regular,12,2016-11-19 19:00:00+00:00,2429,Charlotte,2393,Middle Tennessee,teamrankings,6.5,,55.5,,,
400869411,2016,regular,12,2016-11-20 00:00:00+00:00,2229,Florida International,276,Marshall,consensus,3,,,,,
400869411,2016,regular,12,2016-11-20 00:00:00+00:00,2229,Florida International,276,Marshall,numberfire,2.5,,53.5,,,
400869411,2016,regular,12,2016-11-20 00:00:00+00:00,2229,Florida International,276,Marshall,teamrankings,2.5,,53.5,,,
400869412,2016,regular,12,2016-11-19 23:00:00+00:00,2226,Florida Atlantic,295,Old Dominion,consensus,7.5,,,,,
400869412,2016,regular,12,2016-11-19 23:00:00+00:00,2226,Florida Atlantic,295,Old Dominion,numberfire,8,,61.5,,,
400869412,2016,regular,12,2016-11-19 23:00:00+00:00,2226,Florida Atlantic,295,Old Dominion,teamrankings,8,,61,,,
400869413,2016,regular,12,2016-11-19 22:30:00+00:00,249,North Texas,2572,Southern Miss,consensus,5.5,,,,,
400869413,2016,regular,12,2016-11-19 22:30:00+00:00,249,North Texas,2572,Southern Miss,numberfire,6,,58.5,,,
400869413,2016,regular,12,2016-11-19 22:30:00+00:00,249,North Texas,2572,Southern Miss,teamrankings,6,,58.5,,,
400869414,2016,regular,12,2016-11-19 17:00:00+00:00,242,Rice,2638,UTEP,consensus,1.5,,,,,
400869414,2016,regular,12,2016-11-19 17:00:00+00:00,242,Rice,2638,UTEP,numberfire,-2,,54.5,,,
400869414,2016,regular,12,2016-11-19 17:00:00+00:00,242,Rice,2638,UTEP,teamrankings,-1.5,,55.5,,,
400869415,2016,regular,13,2016-11-27 00:00:00+00:00,2636,UTSA,2429,Charlotte,consensus,-7,,,,,
400869415,2016,regular,13,2016-11-27 00:00:00+00:00,2636,UTSA,2429,Charlotte,numberfire,-10.5,,54.5,,,
400869415,2016,regular,13,2016-11-27 00:00:00+00:00,2636,UTSA,2429,Charlotte,teamrankings,-12.5,,53,,,
400869416,2016,regular,13,2016-11-26 20:30:00+00:00,295,Old Dominion,2229,Florida International,consensus,-14,,,,,
400869416,2016,regular,13,2016-11-26 20:30:00+00:00,295,Old Dominion,2229,Florida International,numberfire,-13.5,,61.5,,,
400869416,2016,regular,13,2016-11-26 20:30:00+00:00,295,Old Dominion,2229,Florida International,teamrankings,-14,,60,,,
400869417,2016,regular,13,2016-11-26 22:30:00+00:00,2393,Middle Tennessee,2226,Florida Atlantic,consensus,-12.5,,,,,
400869417,2016,regular,13,2016-11-26 22:30:00+00:00,2393,Middle Tennessee,2226,Florida Atlantic,numberfire,-13.5,,64,,,
400869418,2016,regular,13,2016-11-25 21:00:00+00:00,2572,Southern Miss,2348,Louisiana Tech,consensus,13.5,,,,,
400869418,2016,regular,13,2016-11-25 21:00:00+00:00,2572,Southern Miss,2348,Louisiana Tech,numberfire,15,,70.5,,,
400869418,2016,regular,13,2016-11-25 21:00:00+00:00,2572,Southern Miss,2348,Louisiana Tech,teamrankings,14.5,,71.5,,,
400869419,2016,regular,13,2016-11-27 00:00:00+00:00,276,Marshall,98,Western Kentucky,consensus,21,,,,,
400869419,2016,regular,13,2016-11-27 00:00:00+00:00,276,Marshall,98,Western Kentucky,numberfire,24,,64.5,,,
400869419,2016,regular,13,2016-11-27 00:00:00+00:00,276,Marshall,98,Western Kentucky,teamrankings,28,,62.5,,,
400869420,2016,regular,13,2016-11-26 21:00:00+00:00,2638,UTEP,249,North Texas,numberfire,3,,52.5,,,
400869420,2016,regular,13,2016-11-26 21:00:00+00:00,2638,UTEP,249,North Texas,teamrankings,4,,51.5,,,
400869421,2016,regular,1,2016-09-01 23:00:00+00:00,154,Wake Forest,2655,Tulane,consensus,-16,,,,,
400869421,2016,regular,1,2016-09-01 23:00:00+00:00,154,Wake Forest,2655,Tulane,teamrankings,-14,,43,,,
400869422,2016,regular,1,2016-09-01 23:30:00+00:00,152,NC State,2729,William & Mary,consensus,-30.5,,,,,
400869423,2016,regular,1,2016-09-02 23:00:00+00:00,183,Syracuse,2142,Colgate,consensus,-25.5,,,,,
400869424,2016,regular,1,2016-09-03 11:30:00+00:00,103,Boston College,59,Georgia Tech,consensus,3,,,,,
400869424,2016,regular,1,2016-09-03 11:30:00+00:00,103,Boston College,59,Georgia Tech,numberfire,3.5,,43,,,
400869424,2016,regular,1,2016-09-03 11:30:00+00:00,103,Boston College,59,Georgia Tech,teamrankings,3,,42.5,,,
400869425,2016,regular,1,2016-09-03 22:00:00+00:00,150,Duke,2428,North Carolina Central,consensus,-37,,,,,
400869426,2016,regular,1,2016-09-03 17:30:00+00:00,221,Pittsburgh,222,Villanova,consensus,-27,,,,,
400869427,2016,regular,1,2016-09-03 19:30:00+00:00,258,Virginia,257,Richmond,consensus,-14,,,,,
400869428,2016,regular,1,2016-09-03 16:30:00+00:00,259,Virginia Tech,2335,Liberty,consensus,-35,,,,,
400869429,2016,regular,2,2016-09-10 00:00:00+00:00,183,Syracuse,97,Louisville,consensus,13,,,,,
400869429,2016,regular,2,2016-09-10 00:00:00+00:00,183,Syracuse,97,Louisville,numberfire,17,,69.5,,,
400869429,2016,regular,2,2016-09-10 00:00:00+00:00,183,Syracuse,97,Louisville,teamrankings,17,,69,,,
400869430,2016,regular,2,2016-09-10 16:30:00+00:00,228,Clemson,2653,Troy,consensus,-34,,,,,
400869430,2016,regular,2,2016-09-10 16:30:00+00:00,228,Clemson,2653,Troy,numberfire,-34.5,,62,,,
400869430,2016,regular,2,2016-09-10 16:30:00+00:00,228,Clemson,2653,Troy,teamrankings,-34.5,,62,,,
400869431,2016,regular,2,2016-09-10 19:30:00+00:00,150,Duke,154,Wake Forest,consensus,-8.5,,,,,
400869431,2016,regular,2,2016-09-10 19:30:00+00:00,150,Duke,154,Wake Forest,numberfire,-6.5,,45,,,
400869431,2016,regular,2,2016-09-10 19:30:00+00:00,150,Duke,154,Wake Forest,teamrankings,-6.5,,45.5,,,
400869432,2016,regular,2,2016-09-10 16:30:00+00:00,52,Florida State,2127,Charleston Southern,consensus,-59.5,,,,,
400869434,2016,regular,2,2016-09-10 23:30:00+00:00,356,Illinois,153,North Carolina,consensus,7,,,,,
400869434,2016,regular,2,2016-09-10 23:30:00+00:00,356,Illinois,153,North Carolina,numberfire,7,,59.5,,,
400869434,2016,regular,2,2016-09-10 23:30:00+00:00,356,Illinois,153,North Carolina,teamrankings,7,,59.5,,,
400869435,2016,regular,2,2016-09-10 16:00:00+00:00,151,East Carolina,152,NC State,consensus,3.5,,,,,
400869435,2016,regular,2,2016-09-10 16:00:00+00:00,151,East Carolina,152,NC State,numberfire,6.5,,58,,,
400869435,2016,regular,2,2016-09-10 16:00:00+00:00,151,East Carolina,152,NC State,teamrankings,6,,59,,,
400869436,2016,regular,2,2016-09-10 16:00:00+00:00,221,Pittsburgh,213,Penn State,consensus,-4.5,,,,,
400869436,2016,regular,2,2016-09-10 16:00:00+00:00,221,Pittsburgh,213,Penn State,numberfire,-3.5,,45.5,,,
400869436,2016,regular,2,2016-09-10 16:00:00+00:00,221,Pittsburgh,213,Penn State,teamrankings,-3.5,,44,,,
400869437,2016,regular,3,2016-09-17 19:30:00+00:00,259,Virginia Tech,103,Boston College,consensus,-7,,,,,
400869437,2016,regular,3,2016-09-17 19:30:00+00:00,259,Virginia Tech,103,Boston College,numberfire,-6.5,,39.5,,,
400869437,2016,regular,3,2016-09-17 19:30:00+00:00,259,Virginia Tech,103,Boston College,teamrankings,-6.5,,39,,,
400869438,2016,regular,3,2016-09-17 16:00:00+00:00,228,Clemson,2569,South Carolina State,consensus,-54,,,,,
400869439,2016,regular,3,2016-09-18 00:00:00+00:00,77,Northwestern,150,Duke,consensus,-4,,,,,
400869439,2016,regular,3,2016-09-18 00:00:00+00:00,77,Northwestern,150,Duke,numberfire,-4,,45,,,
400869439,2016,regular,3,2016-09-18 00:00:00+00:00,77,Northwestern,150,Duke,teamrankings,-4,,44,,,
400869440,2016,regular,3,2016-09-17 16:00:00+00:00,97,Louisville,52,Florida State,consensus,4.5,,,,,
400869440,2016,regular,3,2016-09-17 16:00:00+00:00,97,Louisville,52,Florida State,numberfire,1,,68,,,
400869440,2016,regular,3,2016-09-17 16:00:00+00:00,97,Louisville,52,Florida State,teamrankings,-2,,65,,,
400869441,2016,regular,3,2016-09-17 19:30:00+00:00,153,North Carolina,256,James Madison,consensus,-24.5,,,,,
400869442,2016,regular,3,2016-09-17 19:30:00+00:00,197,Oklahoma State,221,Pittsburgh,consensus,-6,,,,,
400869442,2016,regular,3,2016-09-17 19:30:00+00:00,197,Oklahoma State,221,Pittsburgh,numberfire,-2.5,,57.5,,,
400869442,2016,regular,3,2016-09-17 19:30:00+00:00,197,Oklahoma State,221,Pittsburgh,teamrankings,-2.5,,57.5,,,
400869443,2016,regular,3,2016-09-17 19:30:00+00:00,183,Syracuse,58,South Florida,consensus,13.5,,,,,
400869443,2016,regular,3,2016-09-17 19:30:00+00:00,183,Syracuse,58,South Florida,numberfire,12.5,,74.5,,,
400869443,2016,regular,3,2016-09-17 19:30:00+00:00,183,Syracuse,58,South Florida,teamrankings,12.5,,74.5,,,
400869444,2016,regular,3,2016-09-17 17:30:00+00:00,41,UConn,258,Virginia,consensus,-6.5,,,,,
400869444,2016,regular,3,2016-09-17 17:30:00+00:00,41,UConn,258,Virginia,numberfire,-4.5,,49,,,
400869444,2016,regular,3,2016-09-17 17:30:00+00:00,41,UConn,258,Virginia,teamrankings,-3,,47.5,,,
400869445,2016,regular,3,2016-09-17 22:30:00+00:00,154,Wake Forest,48,Delaware,consensus,-24,,,,,
400869446,2016,regular,4,2016-09-22 23:30:00+00:00,59,Georgia Tech,228,Clemson,consensus,11,,,,,
400869446,2016,regular,4,2016-09-22 23:30:00+00:00,59,Georgia Tech,228,Clemson,numberfire,10.5,,58,,,
400869446,2016,regular,4,2016-09-22 23:30:00+00:00,59,Georgia Tech,228,Clemson,teamrankings,10.5,,58,,,
400869447,2016,regular,4,2016-09-24 17:00:00+00:00,103,Boston College,2681,Wagner,consensus,-35,,,,,
400869448,2016,regular,4,2016-09-24 16:00:00+00:00,58,South Florida,52,Florida State,consensus,5.5,,,,,
400869448,2016,regular,4,2016-09-24 16:00:00+00:00,58,South Florida,52,Florida State,numberfire,5,,63,,,
400869448,2016,regular,4,2016-09-24 16:00:00+00:00,58,South Florida,52,Florida State,teamrankings,4,,64,,,
400869449,2016,regular,4,2016-09-24 19:30:00+00:00,153,North Carolina,221,Pittsburgh,consensus,-7,,,,,
400869449,2016,regular,4,2016-09-24 19:30:00+00:00,153,North Carolina,221,Pittsburgh,numberfire,-6.5,,67,,,
400869449,2016,regular,4,2016-09-24 19:30:00+00:00,153,North Carolina,221,Pittsburgh,teamrankings,-7.5,,67,,,
400869450,2016,regular,4,2016-09-24 17:00:00+00:00,41,UConn,183,Syracuse,consensus,-6,,,,,
400869450,2016,regular,4,2016-09-24 17:00:00+00:00,41,UConn,183,Syracuse,numberfire,-3,,57.5,,,
400869450,2016,regular,4,2016-09-24 17:00:00+00:00,41,UConn,183,Syracuse,teamrankings,-2.5,,58,,,
400869451,2016,regular,4,2016-09-24 16:30:00+00:00,259,Virginia Tech,151,East Carolina,consensus,-9.5,,,,,
400869451,2016,regular,4,2016-09-24 16:30:00+00:00,259,Virginia Tech,151,East Carolina,numberfire,-13,,57,,,
400869451,2016,regular,4,2016-09-24 16:30:00+00:00,259,Virginia Tech,151,East Carolina,teamrankings,-14.5,,57,,,
400869452,2016,regular,4,2016-09-24 19:30:00+00:00,84,Indiana,154,Wake Forest,consensus,-5.5,,,,,
400869452,2016,regular,4,2016-09-24 19:30:00+00:00,84,Indiana,154,Wake Forest,numberfire,-7.5,,45,,,
400869452,2016,regular,4,2016-09-24 19:30:00+00:00,84,Indiana,154,Wake Forest,teamrankings,-7,,47.5,,,
400869453,2016,regular,5,2016-10-02 00:00:00+00:00,228,Clemson,97,Louisville,consensus,-3.5,,,,,
400869453,2016,regular,5,2016-10-02 00:00:00+00:00,228,Clemson,97,Louisville,numberfire,1,,64.5,,,
400869453,2016,regular,5,2016-10-02 00:00:00+00:00,228,Clemson,97,Louisville,teamrankings,1,,64,,,
400869454,2016,regular,5,2016-10-01 16:30:00+00:00,150,Duke,258,Virginia,consensus,-5,,,,,
400869454,2016,regular,5,2016-10-01 16:30:00+00:00,150,Duke,258,Virginia,numberfire,-3,,61,,,
400869454,2016,regular,5,2016-10-01 16:30:00+00:00,150,Duke,258,Virginia,teamrankings,-3.5,,60.5,,,
400869455,2016,regular,5,2016-10-01 19:30:00+00:00,52,Florida State,153,North Carolina,consensus,-12,,,,,
400869455,2016,regular,5,2016-10-01 19:30:00+00:00,52,Florida State,153,North Carolina,numberfire,-10.5,,73,,,
400869455,2016,regular,5,2016-10-01 19:30:00+00:00,52,Florida State,153,North Carolina,teamrankings,-10.5,,72.5,,,
400869456,2016,regular,5,2016-10-01 19:30:00+00:00,152,NC State,154,Wake Forest,consensus,-9,,,,,
400869456,2016,regular,5,2016-10-01 19:30:00+00:00,152,NC State,154,Wake Forest,numberfire,-14,,48,,,
400869456,2016,regular,5,2016-10-01 19:30:00+00:00,152,NC State,154,Wake Forest,teamrankings,-14,,48,,,
400869457,2016,regular,6,2016-10-07 23:30:00+00:00,103,Boston College,228,Clemson,consensus,17,,,,,
400869457,2016,regular,6,2016-10-07 23:30:00+00:00,103,Boston College,228,Clemson,numberfire,18,,43,,,
400869457,2016,regular,6,2016-10-07 23:30:00+00:00,103,Boston College,228,Clemson,teamrankings,17.5,,43,,,
400869458,2016,regular,6,2016-10-08 16:30:00+00:00,221,Pittsburgh,59,Georgia Tech,consensus,-8,,,,,
400869458,2016,regular,6,2016-10-08 16:30:00+00:00,221,Pittsburgh,59,Georgia Tech,numberfire,-6.5,,52,,,
400869458,2016,regular,6,2016-10-08 16:30:00+00:00,221,Pittsburgh,59,Georgia Tech,teamrankings,-6.5,,53,,,
400869459,2016,regular,6,2016-10-08 19:30:00+00:00,153,North Carolina,259,Virginia Tech,consensus,-5.5,,,,,
400869459,2016,regular,6,2016-10-08 19:30:00+00:00,153,North Carolina,259,Virginia Tech,numberfire,2.5,,51,,,
400869459,2016,regular,6,2016-10-08 19:30:00+00:00,153,North Carolina,259,Virginia Tech,teamrankings,3,,49.5,,,
400869460,2016,regular,6,2016-10-08 23:00:00+00:00,154,Wake Forest,183,Syracuse,consensus,-3,,,,,
400869460,2016,regular,6,2016-10-08 23:00:00+00:00,154,Wake Forest,183,Syracuse,numberfire,-4.5,,53.5,,,
400869460,2016,regular,6,2016-10-08 23:00:00+00:00,154,Wake Forest,183,Syracuse,teamrankings,-4.5,,53.5,,,
400869461,2016,regular,7,2016-10-14 23:00:00+00:00,97,Louisville,150,Duke,consensus,-27.5,,,,,
400869461,2016,regular,7,2016-10-14 23:00:00+00:00,97,Louisville,150,Duke,numberfire,-34.5,,69.5,,,
400869461,2016,regular,7,2016-10-14 23:00:00+00:00,97,Louisville,150,Duke,teamrankings,-35,,69.5,,,
400869462,2016,regular,7,2016-10-15 16:00:00+00:00,228,Clemson,152,NC State,consensus,-17,,,,,
400869462,2016,regular,7,2016-10-15 16:00:00+00:00,228,Clemson,152,NC State,numberfire,-20,,61.5,,,
400869462,2016,regular,7,2016-10-15 16:00:00+00:00,228,Clemson,152,NC State,teamrankings,-21,,60,,,
400869463,2016,regular,7,2016-10-15 19:30:00+00:00,52,Florida State,154,Wake Forest,consensus,-25.5,,,,,
400869463,2016,regular,7,2016-10-15 19:30:00+00:00,52,Florida State,154,Wake Forest,numberfire,-24,,51.5,,,
400869463,2016,regular,7,2016-10-15 19:30:00+00:00,52,Florida State,154,Wake Forest,teamrankings,-23.5,,51,,,
400869464,2016,regular,7,2016-10-15 16:30:00+00:00,59,Georgia Tech,290,Georgia Southern,consensus,-8,,,,,
400869464,2016,regular,7,2016-10-15 16:30:00+00:00,59,Georgia Tech,290,Georgia Southern,numberfire,-10.5,,48,,,
400869464,2016,regular,7,2016-10-15 16:30:00+00:00,59,Georgia Tech,290,Georgia Southern,teamrankings,-10,,48,,,
400869465,2016,regular,7,2016-10-15 16:30:00+00:00,258,Virginia,221,Pittsburgh,consensus,5,,,,,
400869465,2016,regular,7,2016-10-15 16:30:00+00:00,258,Virginia,221,Pittsburgh,numberfire,3,,61,,,
400869465,2016,regular,7,2016-10-15 16:30:00+00:00,258,Virginia,221,Pittsburgh,teamrankings,3.5,,60.5,,,
400869466,2016,regular,7,2016-10-15 19:45:00+00:00,183,Syracuse,259,Virginia Tech,consensus,17,,,,,
400869466,2016,regular,7,2016-10-15 19:45:00+00:00,183,Syracuse,259,Virginia Tech,numberfire,23,,65.5,,,
400869466,2016,regular,7,2016-10-15 19:45:00+00:00,183,Syracuse,259,Virginia Tech,teamrankings,23,,65,,,
400869467,2016,regular,8,2016-10-20 23:00:00+00:00,259,Virginia Tech,2390,Miami,consensus,-4.5,,,,,
400869467,2016,regular,8,2016-10-20 23:00:00+00:00,259,Virginia Tech,2390,Miami,numberfire,-4.5,,52.5,,,
400869467,2016,regular,8,2016-10-20 23:00:00+00:00,259,Virginia Tech,2390,Miami,teamrankings,-4.5,,52.5,,,
400869468,2016,regular,8,2016-10-22 16:30:00+00:00,103,Boston College,183,Syracuse,consensus,-4.5,,,,,
400869468,2016,regular,8,2016-10-22 16:30:00+00:00,103,Boston College,183,Syracuse,numberfire,-3.5,,50.5,,,
400869468,2016,regular,8,2016-10-22 16:30:00+00:00,103,Boston College,183,Syracuse,teamrankings,-3.5,,49.5,,,
400869469,2016,regular,8,2016-10-22 16:00:00+00:00,97,Louisville,152,NC State,consensus,-20,,,,,
400869469,2016,regular,8,2016-10-22 16:00:00+00:00,97,Louisville,152,NC State,numberfire,-19,,65,,,
400869469,2016,regular,8,2016-10-22 16:00:00+00:00,97,Louisville,152,NC State,teamrankings,-19,,65,,,
400869470,2016,regular,8,2016-10-22 19:00:00+00:00,258,Virginia,153,North Carolina,consensus,9,,,,,
400869470,2016,regular,8,2016-10-22 19:00:00+00:00,258,Virginia,153,North Carolina,numberfire,11,,67,,,
400869470,2016,regular,8,2016-10-22 19:00:00+00:00,258,Virginia,153,North Carolina,teamrankings,10.5,,68.5,,,
400869471,2016,regular,9,2016-10-27 23:00:00+00:00,221,Pittsburgh,259,Virginia Tech,consensus,4,,,,,
400869471,2016,regular,9,2016-10-27 23:00:00+00:00,221,Pittsburgh,259,Virginia Tech,numberfire,3.5,,54,,,
400869471,2016,regular,9,2016-10-27 23:00:00+00:00,221,Pittsburgh,259,Virginia Tech,teamrankings,3.5,,53.5,,,
400869472,2016,regular,9,2016-10-29 16:30:00+00:00,152,NC State,103,Boston College,consensus,-15.5,,,,,
400869472,2016,regular,9,2016-10-29 16:30:00+00:00,152,NC State,103,Boston College,numberfire,-16,,43,,,
400869472,2016,regular,9,2016-10-29 16:30:00+00:00,152,NC State,103,Boston College,teamrankings,-16,,42,,,
400869473,2016,regular,9,2016-10-30 00:00:00+00:00,52,Florida State,228,Clemson,consensus,3,,,,,
400869473,2016,regular,9,2016-10-30 00:00:00+00:00,52,Florida State,228,Clemson,numberfire,4,,59,,,
400869473,2016,regular,9,2016-10-30 00:00:00+00:00,52,Florida State,228,Clemson,teamrankings,4.5,,58.5,,,
400869474,2016,regular,9,2016-10-29 16:00:00+00:00,59,Georgia Tech,150,Duke,consensus,-8.5,,,,,
400869474,2016,regular,9,2016-10-29 16:00:00+00:00,59,Georgia Tech,150,Duke,numberfire,-6.5,,50.5,,,
400869474,2016,regular,9,2016-10-29 16:00:00+00:00,59,Georgia Tech,150,Duke,teamrankings,-6.5,,50.5,,,
400869475,2016,regular,9,2016-10-29 16:00:00+00:00,258,Virginia,97,Louisville,consensus,27,,,,,
400869475,2016,regular,9,2016-10-29 16:00:00+00:00,258,Virginia,97,Louisville,numberfire,34,,69,,,
400869475,2016,regular,9,2016-10-29 16:00:00+00:00,258,Virginia,97,Louisville,teamrankings,32,,69.5,,,
400869476,2016,regular,10,2016-11-05 16:00:00+00:00,103,Boston College,97,Louisville,consensus,24.5,,,,,
400869476,2016,regular,10,2016-11-05 16:00:00+00:00,103,Boston College,97,Louisville,numberfire,25,,52,,,
400869476,2016,regular,10,2016-11-05 16:00:00+00:00,103,Boston College,97,Louisville,teamrankings,24.5,,52,,,
400869477,2016,regular,10,2016-11-05 19:30:00+00:00,228,Clemson,183,Syracuse,consensus,-28,,,,,
400869477,2016,regular,10,2016-11-05 19:30:00+00:00,228,Clemson,183,Syracuse,numberfire,-28,,68,,,
400869477,2016,regular,10,2016-11-05 19:30:00+00:00,228,Clemson,183,Syracuse,teamrankings,-28,,69,,,
400869478,2016,regular,10,2016-11-05 19:30:00+00:00,150,Duke,259,Virginia Tech,consensus,10,,,,,
400869478,2016,regular,10,2016-11-05 19:30:00+00:00,150,Duke,259,Virginia Tech,numberfire,11,,55,,,
400869478,2016,regular,10,2016-11-05 19:30:00+00:00,150,Duke,259,Virginia Tech,teamrankings,12.5,,55.5,,,
400869479,2016,regular,10,2016-11-05 23:00:00+00:00,152,NC State,52,Florida State,consensus,6.5,,,,,
400869479,2016,regular,10,2016-11-05 23:00:00+00:00,152,NC State,52,Florida State,numberfire,7,,58,,,
400869479,2016,regular,10,2016-11-05 23:00:00+00:00,152,NC State,52,Florida State,teamrankings,6.5,,58,,,
400869480,2016,regular,10,2016-11-05 16:30:00+00:00,153,North Carolina,59,Georgia Tech,consensus,-9.5,,,,,
400869480,2016,regular,10,2016-11-05 16:30:00+00:00,153,North Carolina,59,Georgia Tech,numberfire,-12.5,,64.5,,,
400869480,2016,regular,10,2016-11-05 16:30:00+00:00,153,North Carolina,59,Georgia Tech,teamrankings,-12.5,,63.5,,,
400869481,2016,regular,10,2016-11-05 16:30:00+00:00,2390,Miami,221,Pittsburgh,consensus,-6,,,,,
400869481,2016,regular,10,2016-11-05 16:30:00+00:00,2390,Miami,221,Pittsburgh,numberfire,-4.5,,58,,,
400869481,2016,regular,10,2016-11-05 16:30:00+00:00,2390,Miami,221,Pittsburgh,teamrankings,-4.5,,58,,,
400869482,2016,regular,10,2016-11-05 19:00:00+00:00,154,Wake Forest,258,Virginia,consensus,-2.5,,,,,
400869482,2016,regular,10,2016-11-05 19:00:00+00:00,154,Wake Forest,258,Virginia,numberfire,-2,,45,,,
400869482,2016,regular,10,2016-11-05 19:00:00+00:00,154,Wake Forest,258,Virginia,teamrankings,-2,,45,,,
400869483,2016,regular,11,2016-11-11 00:30:00+00:00,150,Duke,153,North Carolina,consensus,10.5,,,,,
400869483,2016,regular,11,2016-11-11 00:30:00+00:00,150,Duke,153,North Carolina,numberfire,11.5,,66,,,
400869483,2016,regular,11,2016-11-11 00:30:00+00:00,150,Duke,153,North Carolina,teamrankings,10.5,,66.5,,,
400869484,2016,regular,11,2016-11-12 00:30:00+00:00,52,Florida State,103,Boston College,consensus,-23,,,,,
400869484,2016,regular,11,2016-11-12 00:30:00+00:00,52,Florida State,103,Boston College,numberfire,-21,,47,,,
400869484,2016,regular,11,2016-11-12 00:30:00+00:00,52,Florida State,103,Boston College,teamrankings,-21,,47,,,
400869485,2016,regular,11,2016-11-12 20:30:00+00:00,228,Clemson,221,Pittsburgh,consensus,-19,,,,,
400869485,2016,regular,11,2016-11-12 20:30:00+00:00,228,Clemson,221,Pittsburgh,numberfire,-21.5,,62.5,,,
400869485,2016,regular,11,2016-11-12 20:30:00+00:00,228,Clemson,221,Pittsburgh,teamrankings,-21.5,,61,,,
400869486,2016,regular,11,2016-11-12 20:30:00+00:00,259,Virginia Tech,59,Georgia Tech,consensus,-14.5,,,,,
400869486,2016,regular,11,2016-11-12 20:30:00+00:00,259,Virginia Tech,59,Georgia Tech,numberfire,-14,,55.5,,,
400869486,2016,regular,11,2016-11-12 20:30:00+00:00,259,Virginia Tech,59,Georgia Tech,teamrankings,-14,,55,,,
400869487,2016,regular,11,2016-11-13 00:00:00+00:00,97,Louisville,154,Wake Forest,consensus,-33,,,,,
400869487,2016,regular,11,2016-11-13 00:00:00+00:00,97,Louisville,154,Wake Forest,numberfire,-35,,57,,,
400869487,2016,regular,11,2016-11-13 00:00:00+00:00,97,Louisville,154,Wake Forest,teamrankings,-34.5,,56.5,,,
400869488,2016,regular,11,2016-11-12 17:30:00+00:00,183,Syracuse,152,NC State,consensus,7,,,,,
400869488,2016,regular,11,2016-11-12 17:30:00+00:00,183,Syracuse,152,NC State,numberfire,7,,55.5,,,
400869488,2016,regular,11,2016-11-12 17:30:00+00:00,183,Syracuse,152,NC State,teamrankings,7.5,,62,,,
400869490,2016,regular,12,2016-11-19 18:00:00+00:00,103,Boston College,41,UConn,consensus,-7,,,,,
400869490,2016,regular,12,2016-11-19 18:00:00+00:00,103,Boston College,41,UConn,numberfire,-8,,36,,,
400869490,2016,regular,12,2016-11-19 18:00:00+00:00,103,Boston College,41,UConn,teamrankings,-9,,36,,,
400869491,2016,regular,12,2016-11-20 00:00:00+00:00,154,Wake Forest,228,Clemson,consensus,23.5,,,,,
400869491,2016,regular,12,2016-11-20 00:00:00+00:00,154,Wake Forest,228,Clemson,numberfire,24,,47.5,,,
400869491,2016,regular,12,2016-11-20 00:00:00+00:00,154,Wake Forest,228,Clemson,teamrankings,24,,47.5,,,
400869492,2016,regular,12,2016-11-19 20:00:00+00:00,221,Pittsburgh,150,Duke,consensus,-6.5,,,,,
400869492,2016,regular,12,2016-11-19 20:00:00+00:00,221,Pittsburgh,150,Duke,numberfire,-8,,60,,,
400869492,2016,regular,12,2016-11-19 20:00:00+00:00,221,Pittsburgh,150,Duke,teamrankings,-9.5,,61.5,,,
400869493,2016,regular,12,2016-11-19 20:30:00+00:00,183,Syracuse,52,Florida State,consensus,20,,,,,
400869493,2016,regular,12,2016-11-19 20:30:00+00:00,183,Syracuse,52,Florida State,numberfire,23,,67,,,
400869493,2016,regular,12,2016-11-19 20:30:00+00:00,183,Syracuse,52,Florida State,teamrankings,23,,65.5,,,
400869494,2016,regular,12,2016-11-19 17:30:00+00:00,59,Georgia Tech,258,Virginia,consensus,-10.5,,,,,
400869494,2016,regular,12,2016-11-19 17:30:00+00:00,59,Georgia Tech,258,Virginia,numberfire,-10.5,,53.5,,,
400869494,2016,regular,12,2016-11-19 17:30:00+00:00,59,Georgia Tech,258,Virginia,teamrankings,-10.5,,54,,,
400869495,2016,regular,12,2016-11-19 17:30:00+00:00,152,NC State,2390,Miami,numberfire,2.5,,52,,,
400869495,2016,regular,12,2016-11-19 17:30:00+00:00,152,NC State,2390,Miami,teamrankings,2.5,,52,,,
400869496,2016,regular,12,2016-11-19 20:30:00+00:00,153,North Carolina,2643,The Citadel,consensus,-24,,,,,
400869497,2016,regular,13,2016-11-25 17:00:00+00:00,153,North Carolina,152,NC State,consensus,-10,,,,,
400869497,2016,regular,13,2016-11-25 17:00:00+00:00,153,North Carolina,152,NC State,numberfire,-9.5,,62.5,,,
400869497,2016,regular,13,2016-11-25 17:00:00+00:00,153,North Carolina,152,NC State,teamrankings,-10,,63,,,
400869498,2016,regular,13,2016-11-26 20:00:00+00:00,154,Wake Forest,103,Boston College,consensus,-2,,,,,
400869498,2016,regular,13,2016-11-26 20:00:00+00:00,154,Wake Forest,103,Boston College,numberfire,-3.5,,36.5,,,
400869498,2016,regular,13,2016-11-26 20:00:00+00:00,154,Wake Forest,103,Boston College,teamrankings,-3,,34.5,,,
400869499,2016,regular,13,2016-11-26 20:30:00+00:00,2390,Miami,150,Duke,consensus,-14,,,,,
400869499,2016,regular,13,2016-11-26 20:30:00+00:00,2390,Miami,150,Duke,numberfire,-15,,53,,,
400869499,2016,regular,13,2016-11-26 20:30:00+00:00,2390,Miami,150,Duke,teamrankings,-16,,55,,,
400869500,2016,regular,13,2016-11-26 17:30:00+00:00,221,Pittsburgh,183,Syracuse,consensus,-23.5,,,,,
400869500,2016,regular,13,2016-11-26 17:30:00+00:00,221,Pittsburgh,183,Syracuse,numberfire,-24.5,,67,,,
400869500,2016,regular,13,2016-11-26 17:30:00+00:00,221,Pittsburgh,183,Syracuse,teamrankings,-26,,65.5,,,
400869501,2016,regular,13,2016-11-26 17:00:00+00:00,259,Virginia Tech,258,Virginia,consensus,-18.5,,,,,
400869501,2016,regular,13,2016-11-26 17:00:00+00:00,259,Virginia Tech,258,Virginia,numberfire,-18.5,,55,,,
400869501,2016,regular,13,2016-11-26 17:00:00+00:00,259,Virginia Tech,258,Virginia,teamrankings,-19,,53.5,,,
400869502,2016,regular,1,2016-09-01 23:00:00+00:00,2132,Cincinnati,2630,UT Martin,consensus,-24,,,,,
400869503,2016,regular,1,2016-09-01 23:00:00+00:00,41,UConn,311,Maine,consensus,-27,,,,,
400869504,2016,regular,1,2016-09-03 23:00:00+00:00,2116,UCF,2569,South Carolina State,consensus,-27,,,,,
400869505,2016,regular,1,2016-09-03 22:00:00+00:00,151,East Carolina,2717,Western Carolina,consensus,-17,,,,,
400869506,2016,regular,1,2016-09-03 23:00:00+00:00,58,South Florida,119,Towson,consensus,-17,,,,,
400869507,2016,regular,1,2016-09-03 16:00:00+00:00,248,Houston,201,Oklahoma,consensus,10,,,,,
400869507,2016,regular,1,2016-09-03 16:00:00+00:00,248,Houston,201,Oklahoma,numberfire,13,,66.5,,,
400869507,2016,regular,1,2016-09-03 16:00:00+00:00,248,Houston,201,Oklahoma,teamrankings,13,,65.5,,,
400869508,2016,regular,1,2016-09-03 23:00:00+00:00,235,Memphis,2546,Southeast Missouri State,consensus,-24,,,,,
400869509,2016,regular,1,2016-09-03 16:00:00+00:00,2426,Navy,2230,Fordham,consensus,-24,,,,,
400869510,2016,regular,2,2016-09-10 16:00:00+00:00,130,Michigan,2116,UCF,consensus,-34.5,,,,,
400869510,2016,regular,2,2016-09-10 16:00:00+00:00,130,Michigan,2116,UCF,numberfire,-35.5,,54,,,
400869510,2016,regular,2,2016-09-10 16:00:00+00:00,130,Michigan,2116,UCF,teamrankings,-36,,53.5,,,
400869511,2016,regular,2,2016-09-10 16:00:00+00:00,2509,Purdue,2132,Cincinnati,consensus,7,,,,,
400869511,2016,regular,2,2016-09-10 16:00:00+00:00,2509,Purdue,2132,Cincinnati,numberfire,4,,57.5,,,
400869511,2016,regular,2,2016-09-10 16:00:00+00:00,2509,Purdue,2132,Cincinnati,teamrankings,3,,57.5,,,
400869512,2016,regular,2,2016-09-10 19:30:00+00:00,2426,Navy,41,UConn,consensus,-7.5,,,,,
400869512,2016,regular,2,2016-09-10 19:30:00+00:00,2426,Navy,41,UConn,numberfire,-5,,44,,,
400869512,2016,regular,2,2016-09-10 19:30:00+00:00,2426,Navy,41,UConn,teamrankings,-3.5,,43.5,,,
400869513,2016,regular,2,2016-09-10 17:00:00+00:00,218,Temple,2619,Stony Brook,consensus,-22,,,,,
400869514,2016,regular,2,2016-09-10 16:00:00+00:00,248,Houston,2320,Lamar,consensus,-48,,,,,
400869515,2016,regular,2,2016-09-11 00:00:00+00:00,2655,Tulane,2582,Southern,consensus,-31,,,,,
400869516,2016,regular,2,2016-09-10 19:30:00+00:00,194,Ohio State,202,Tulsa,consensus,-28.5,,,,,
400869516,2016,regular,2,2016-09-10 19:30:00+00:00,194,Ohio State,202,Tulsa,numberfire,-28.5,,72.5,,,
400869516,2016,regular,2,2016-09-10 19:30:00+00:00,194,Ohio State,202,Tulsa,teamrankings,-28,,72,,,
400869517,2016,regular,3,2016-09-15 23:30:00+00:00,2132,Cincinnati,248,Houston,consensus,7.5,,,,,
400869517,2016,regular,3,2016-09-15 23:30:00+00:00,2132,Cincinnati,248,Houston,numberfire,8,,64,,,
400869517,2016,regular,3,2016-09-15 23:30:00+00:00,2132,Cincinnati,248,Houston,teamrankings,8,,63,,,
400869518,2016,regular,3,2016-09-17 23:00:00+00:00,2116,UCF,120,Maryland,consensus,9,,,,,
400869518,2016,regular,3,2016-09-17 23:00:00+00:00,2116,UCF,120,Maryland,numberfire,11,,56.5,,,
400869518,2016,regular,3,2016-09-17 23:00:00+00:00,2116,UCF,120,Maryland,teamrankings,10.5,,56,,,
400869519,2016,regular,3,2016-09-17 16:00:00+00:00,213,Penn State,218,Temple,consensus,-7,,,,,
400869519,2016,regular,3,2016-09-17 16:00:00+00:00,213,Penn State,218,Temple,numberfire,-8.5,,51.5,,,
400869519,2016,regular,3,2016-09-17 16:00:00+00:00,213,Penn State,218,Temple,teamrankings,-8.5,,48,,,
400869520,2016,regular,3,2016-09-17 16:00:00+00:00,235,Memphis,2305,Kansas,consensus,-20,,,,,
400869520,2016,regular,3,2016-09-17 16:00:00+00:00,235,Memphis,2305,Kansas,numberfire,-21,,61,,,
400869520,2016,regular,3,2016-09-17 16:00:00+00:00,235,Memphis,2305,Kansas,teamrankings,-20,,60,,,
400869521,2016,regular,3,2016-09-17 23:00:00+00:00,2655,Tulane,2426,Navy,consensus,10.5,,,,,
400869521,2016,regular,3,2016-09-17 23:00:00+00:00,2655,Tulane,2426,Navy,numberfire,6.5,,43.5,,,
400869521,2016,regular,3,2016-09-17 23:00:00+00:00,2655,Tulane,2426,Navy,teamrankings,7,,42,,,
400869522,2016,regular,3,2016-09-17 23:00:00+00:00,2567,SMU,2335,Liberty,consensus,-13.5,,,,,
400869523,2016,regular,3,2016-09-17 18:00:00+00:00,202,Tulsa,2448,North Carolina A&T,consensus,-25,,,,,
400869524,2016,regular,4,2016-09-24 00:00:00+00:00,2567,SMU,2628,TCU,consensus,24,,,,,
400869524,2016,regular,4,2016-09-24 00:00:00+00:00,2567,SMU,2628,TCU,numberfire,21.5,,68,,,
400869524,2016,regular,4,2016-09-24 00:00:00+00:00,2567,SMU,2628,TCU,teamrankings,21.5,,68,,,
400869525,2016,regular,4,2016-09-24 23:00:00+00:00,326,Texas State,248,Houston,consensus,33,,,,,
400869525,2016,regular,4,2016-09-24 23:00:00+00:00,326,Texas State,248,Houston,numberfire,31,,64,,,
400869525,2016,regular,4,2016-09-24 23:00:00+00:00,326,Texas State,248,Houston,teamrankings,31,,63.5,,,
400869526,2016,regular,4,2016-09-25 00:00:00+00:00,2655,Tulane,309,Louisiana,consensus,-3,,,,,
400869526,2016,regular,4,2016-09-25 00:00:00+00:00,2655,Tulane,309,Louisiana,numberfire,-3,,46.5,,,
400869526,2016,regular,4,2016-09-25 00:00:00+00:00,2655,Tulane,309,Louisiana,teamrankings,-3,,46.5,,,
400869527,2016,regular,5,2016-09-30 00:00:00+00:00,248,Houston,41,UConn,consensus,-24.5,,,,,
400869527,2016,regular,5,2016-09-30 00:00:00+00:00,248,Houston,41,UConn,numberfire,-27.5,,49,,,
400869527,2016,regular,5,2016-09-30 00:00:00+00:00,248,Houston,41,UConn,teamrankings,-27.5,,49,,,
400869528,2016,regular,5,2016-10-01 16:00:00+00:00,151,East Carolina,2116,UCF,consensus,-5.5,,,,,
400869528,2016,regular,5,2016-10-01 16:00:00+00:00,151,East Carolina,2116,UCF,numberfire,-3,,61,,,
400869528,2016,regular,5,2016-10-01 16:00:00+00:00,151,East Carolina,2116,UCF,teamrankings,-3,,61,,,
400869529,2016,regular,5,2016-10-01 23:00:00+00:00,2132,Cincinnati,58,South Florida,consensus,6,,,,,
400869529,2016,regular,5,2016-10-01 23:00:00+00:00,2132,Cincinnati,58,South Florida,numberfire,7,,64.5,,,
400869529,2016,regular,5,2016-10-01 23:00:00+00:00,2132,Cincinnati,58,South Florida,teamrankings,8,,64.5,,,
400869530,2016,regular,5,2016-10-01 16:00:00+00:00,218,Temple,2567,SMU,consensus,-13.5,,,,,
400869530,2016,regular,5,2016-10-01 16:00:00+00:00,218,Temple,2567,SMU,numberfire,-12,,52,,,
400869530,2016,regular,5,2016-10-01 16:00:00+00:00,218,Temple,2567,SMU,teamrankings,-12,,53,,,
400869531,2016,regular,6,2016-10-07 00:00:00+00:00,235,Memphis,218,Temple,consensus,-6.5,,,,,
400869531,2016,regular,6,2016-10-07 00:00:00+00:00,235,Memphis,218,Temple,numberfire,-10,,57.5,,,
400869531,2016,regular,6,2016-10-07 00:00:00+00:00,235,Memphis,218,Temple,teamrankings,-9.5,,57.5,,,
400869533,2016,regular,6,2016-10-08 00:00:00+00:00,202,Tulsa,2567,SMU,consensus,-11,,,,,
400869533,2016,regular,6,2016-10-08 00:00:00+00:00,202,Tulsa,2567,SMU,numberfire,-16,,68,,,
400869533,2016,regular,6,2016-10-08 00:00:00+00:00,202,Tulsa,2567,SMU,teamrankings,-16,,68,,,
400869534,2016,regular,6,2016-10-08 15:30:00+00:00,41,UConn,2132,Cincinnati,consensus,2.5,,,,,
400869534,2016,regular,6,2016-10-08 15:30:00+00:00,41,UConn,2132,Cincinnati,numberfire,3,,48.5,,,
400869534,2016,regular,6,2016-10-08 15:30:00+00:00,41,UConn,2132,Cincinnati,teamrankings,3,,49.5,,,
400869535,2016,regular,6,2016-10-08 16:00:00+00:00,58,South Florida,151,East Carolina,consensus,-20,,,,,
400869535,2016,regular,6,2016-10-08 16:00:00+00:00,58,South Florida,151,East Carolina,numberfire,-14.5,,67.5,,,
400869535,2016,regular,6,2016-10-08 16:00:00+00:00,58,South Florida,151,East Carolina,teamrankings,-14,,68.5,,,
400869536,2016,regular,6,2016-10-08 19:00:00+00:00,2426,Navy,248,Houston,consensus,17,,,,,
400869536,2016,regular,6,2016-10-08 19:00:00+00:00,2426,Navy,248,Houston,numberfire,15,,52.5,,,
400869536,2016,regular,6,2016-10-08 19:00:00+00:00,2426,Navy,248,Houston,teamrankings,15.5,,52,,,
400869538,2016,regular,7,2016-10-15 00:00:00+00:00,2655,Tulane,235,Memphis,consensus,10.5,,,,,
400869538,2016,regular,7,2016-10-15 00:00:00+00:00,2655,Tulane,235,Memphis,numberfire,11.5,,52.5,,,
400869538,2016,regular,7,2016-10-15 00:00:00+00:00,2655,Tulane,235,Memphis,teamrankings,12.5,,52.5,,,
400869539,2016,regular,7,2016-10-15 23:30:00+00:00,2116,UCF,218,Temple,consensus,-1,,,,,
400869539,2016,regular,7,2016-10-15 23:30:00+00:00,2116,UCF,218,Temple,numberfire,-3.5,,51.5,,,
400869539,2016,regular,7,2016-10-15 23:30:00+00:00,2116,UCF,218,Temple,teamrankings,-3.5,,51.5,,,
400869540,2016,regular,7,2016-10-15 23:00:00+00:00,58,South Florida,41,UConn,consensus,-17,,,,,
400869540,2016,regular,7,2016-10-15 23:00:00+00:00,58,South Florida,41,UConn,numberfire,-19,,53.5,,,
400869540,2016,regular,7,2016-10-15 23:00:00+00:00,58,South Florida,41,UConn,teamrankings,-20,,53.5,,,
400869541,2016,regular,7,2016-10-15 23:00:00+00:00,248,Houston,202,Tulsa,consensus,-23.5,,,,,
400869541,2016,regular,7,2016-10-15 23:00:00+00:00,248,Houston,202,Tulsa,numberfire,-22,,68,,,
400869541,2016,regular,7,2016-10-15 23:00:00+00:00,248,Houston,202,Tulsa,teamrankings,-21.5,,68,,,
400869542,2016,regular,8,2016-10-21 23:00:00+00:00,218,Temple,58,South Florida,consensus,6,,,,,
400869542,2016,regular,8,2016-10-21 23:00:00+00:00,218,Temple,58,South Florida,numberfire,6,,58.5,,,
400869542,2016,regular,8,2016-10-21 23:00:00+00:00,218,Temple,58,South Florida,teamrankings,5.5,,58.5,,,
400869543,2016,regular,8,2016-10-22 16:00:00+00:00,41,UConn,2116,UCF,consensus,2,,,,,
400869543,2016,regular,8,2016-10-22 16:00:00+00:00,41,UConn,2116,UCF,numberfire,4,,45.5,,,
400869543,2016,regular,8,2016-10-22 16:00:00+00:00,41,UConn,2116,UCF,teamrankings,4.5,,46.5,,,
400869544,2016,regular,8,2016-10-22 23:00:00+00:00,2132,Cincinnati,151,East Carolina,consensus,-2,,,,,
400869544,2016,regular,8,2016-10-22 23:00:00+00:00,2132,Cincinnati,151,East Carolina,numberfire,-1,,63.5,,,
400869544,2016,regular,8,2016-10-22 23:00:00+00:00,2132,Cincinnati,151,East Carolina,teamrankings,1,,63,,,
400869545,2016,regular,8,2016-10-22 23:00:00+00:00,2567,SMU,248,Houston,consensus,24,,,,,
400869545,2016,regular,8,2016-10-22 23:00:00+00:00,2567,SMU,248,Houston,numberfire,22.5,,60,,,
400869545,2016,regular,8,2016-10-22 23:00:00+00:00,2567,SMU,248,Houston,teamrankings,23.5,,60,,,
400869546,2016,regular,8,2016-10-22 19:30:00+00:00,2426,Navy,235,Memphis,consensus,2,,,,,
400869546,2016,regular,8,2016-10-22 19:30:00+00:00,2426,Navy,235,Memphis,numberfire,-1.5,,57.5,,,
400869546,2016,regular,8,2016-10-22 19:30:00+00:00,2426,Navy,235,Memphis,teamrankings,-1,,57,,,
400869547,2016,regular,8,2016-10-22 19:45:00+00:00,202,Tulsa,2655,Tulane,consensus,-10,,,,,
400869547,2016,regular,8,2016-10-22 19:45:00+00:00,202,Tulsa,2655,Tulane,numberfire,-10.5,,53.5,,,
400869547,2016,regular,8,2016-10-22 19:45:00+00:00,202,Tulsa,2655,Tulane,teamrankings,-10.5,,54,,,
400869548,2016,regular,9,2016-10-28 23:00:00+00:00,58,South Florida,2426,Navy,consensus,-9,,,,,
400869548,2016,regular,9,2016-10-28 23:00:00+00:00,58,South Florida,2426,Navy,numberfire,-6,,66,,,
400869548,2016,regular,9,2016-10-28 23:00:00+00:00,58,South Florida,2426,Navy,teamrankings,-6,,66,,,
400869549,2016,regular,9,2016-10-29 16:00:00+00:00,248,Houston,2116,UCF,consensus,-12.5,,,,,
400869549,2016,regular,9,2016-10-29 16:00:00+00:00,248,Houston,2116,UCF,numberfire,-9.5,,59,,,
400869549,2016,regular,9,2016-10-29 16:00:00+00:00,248,Houston,2116,UCF,teamrankings,-9.5,,59,,,
400869550,2016,regular,9,2016-10-29 19:30:00+00:00,218,Temple,2132,Cincinnati,consensus,-8.5,,,,,
400869550,2016,regular,9,2016-10-29 19:30:00+00:00,218,Temple,2132,Cincinnati,numberfire,-7.5,,52.5,,,
400869550,2016,regular,9,2016-10-29 19:30:00+00:00,218,Temple,2132,Cincinnati,teamrankings,-9.5,,53,,,
400869551,2016,regular,9,2016-10-29 16:00:00+00:00,151,East Carolina,41,UConn,consensus,-7.5,,,,,
400869551,2016,regular,9,2016-10-29 16:00:00+00:00,151,East Carolina,41,UConn,numberfire,-6.5,,53,,,
400869551,2016,regular,9,2016-10-29 16:00:00+00:00,151,East Carolina,41,UConn,teamrankings,-6.5,,54,,,
400869552,2016,regular,9,2016-10-30 00:00:00+00:00,235,Memphis,202,Tulsa,consensus,-7.5,,,,,
400869552,2016,regular,9,2016-10-30 00:00:00+00:00,235,Memphis,202,Tulsa,numberfire,-6,,73.5,,,
400869552,2016,regular,9,2016-10-30 00:00:00+00:00,235,Memphis,202,Tulsa,teamrankings,-6,,74.5,,,
400869553,2016,regular,9,2016-10-29 20:00:00+00:00,2655,Tulane,2567,SMU,consensus,-1,,,,,
400869553,2016,regular,9,2016-10-29 20:00:00+00:00,2655,Tulane,2567,SMU,numberfire,1.5,,48,,,
400869553,2016,regular,9,2016-10-29 20:00:00+00:00,2655,Tulane,2567,SMU,teamrankings,1.5,,48,,,
400869554,2016,regular,10,2016-11-04 23:00:00+00:00,41,UConn,218,Temple,consensus,9.5,,,,,
400869554,2016,regular,10,2016-11-04 23:00:00+00:00,41,UConn,218,Temple,numberfire,10,,44,,,
400869554,2016,regular,10,2016-11-04 23:00:00+00:00,41,UConn,218,Temple,teamrankings,10,,44,,,
400869555,2016,regular,10,2016-11-06 00:00:00+00:00,202,Tulsa,151,East Carolina,numberfire,-10,,76.5,,,
400869555,2016,regular,10,2016-11-06 00:00:00+00:00,202,Tulsa,151,East Carolina,teamrankings,-10,,75.5,,,
400869556,2016,regular,10,2016-11-05 20:00:00+00:00,2567,SMU,235,Memphis,consensus,6.5,,,,,
400869556,2016,regular,10,2016-11-05 20:00:00+00:00,2567,SMU,235,Memphis,numberfire,3,,64.5,,,
400869556,2016,regular,10,2016-11-05 20:00:00+00:00,2567,SMU,235,Memphis,teamrankings,3,,65,,,
400869557,2016,regular,11,2016-11-12 17:00:00+00:00,2116,UCF,2132,Cincinnati,consensus,-10,,,,,
400869557,2016,regular,11,2016-11-12 17:00:00+00:00,2116,UCF,2132,Cincinnati,numberfire,-10.5,,51.5,,,
400869557,2016,regular,11,2016-11-12 17:00:00+00:00,2116,UCF,2132,Cincinnati,teamrankings,-10.5,,55,,,
400869558,2016,regular,11,2016-11-12 17:00:00+00:00,151,East Carolina,2567,SMU,consensus,-5,,,,,
400869558,2016,regular,11,2016-11-12 17:00:00+00:00,151,East Carolina,2567,SMU,numberfire,-7,,63,,,
400869558,2016,regular,11,2016-11-12 17:00:00+00:00,151,East Carolina,2567,SMU,teamrankings,-7,,63,,,
400869559,2016,regular,11,2016-11-13 00:00:00+00:00,235,Memphis,58,South Florida,consensus,3,,,,,
400869559,2016,regular,11,2016-11-13 00:00:00+00:00,235,Memphis,58,South Florida,numberfire,3,,75,,,
400869559,2016,regular,11,2016-11-13 00:00:00+00:00,235,Memphis,58,South Florida,teamrankings,3,,76.5,,,
400869560,2016,regular,11,2016-11-12 20:30:00+00:00,248,Houston,2655,Tulane,consensus,-22,,,,,
400869560,2016,regular,11,2016-11-12 20:30:00+00:00,248,Houston,2655,Tulane,numberfire,-24.5,,48.5,,,
400869560,2016,regular,11,2016-11-12 20:30:00+00:00,248,Houston,2655,Tulane,teamrankings,-26,,49,,,
400869561,2016,regular,11,2016-11-12 17:00:00+00:00,2426,Navy,202,Tulsa,consensus,-1,,,,,
400869561,2016,regular,11,2016-11-12 17:00:00+00:00,2426,Navy,202,Tulsa,numberfire,-2,,69,,,
400869561,2016,regular,11,2016-11-12 17:00:00+00:00,2426,Navy,202,Tulsa,teamrankings,-3,,71.5,,,
400869562,2016,regular,12,2016-11-18 01:00:00+00:00,248,Houston,97,Louisville,numberfire,16,,68,,,
400869562,2016,regular,12,2016-11-18 01:00:00+00:00,248,Houston,97,Louisville,teamrankings,17,,68,,,
400869563,2016,regular,12,2016-11-19 01:00:00+00:00,2132,Cincinnati,235,Memphis,consensus,7.5,,,,,
400869563,2016,regular,12,2016-11-19 01:00:00+00:00,2132,Cincinnati,235,Memphis,numberfire,7,,60,,,
400869563,2016,regular,12,2016-11-19 01:00:00+00:00,2132,Cincinnati,235,Memphis,teamrankings,7,,61.5,,,
400869564,2016,regular,12,2016-11-20 01:00:00+00:00,2116,UCF,202,Tulsa,consensus,-1.5,,,,,
400869564,2016,regular,12,2016-11-20 01:00:00+00:00,2116,UCF,202,Tulsa,numberfire,-1.5,,64.5,,,
400869564,2016,regular,12,2016-11-20 01:00:00+00:00,2116,UCF,202,Tulsa,teamrankings,-1,,64,,,
400869565,2016,regular,12,2016-11-20 00:00:00+00:00,2567,SMU,58,South Florida,consensus,12.5,,,,,
400869565,2016,regular,12,2016-11-20 00:00:00+00:00,2567,SMU,58,South Florida,numberfire,12,,72.5,,,
400869565,2016,regular,12,2016-11-20 00:00:00+00:00,2567,SMU,58,South Florida,teamrankings,12,,73,,,
400869566,2016,regular,12,2016-11-19 20:30:00+00:00,2655,Tulane,218,Temple,consensus,14.5,,,,,
400869566,2016,regular,12,2016-11-19 20:30:00+00:00,2655,Tulane,218,Temple,numberfire,15,,44,,,
400869566,2016,regular,12,2016-11-19 20:30:00+00:00,2655,Tulane,218,Temple,teamrankings,15,,43.5,,,
400869567,2016,regular,13,2016-11-26 01:30:00+00:00,202,Tulsa,2132,Cincinnati,consensus,-18.5,,,,,
400869567,2016,regular,13,2016-11-26 01:30:00+00:00,202,Tulsa,2132,Cincinnati,numberfire,-23,,62.5,,,
400869567,2016,regular,13,2016-11-26 01:30:00+00:00,202,Tulsa,2132,Cincinnati,teamrankings,-22,,63,,,
400869568,2016,regular,13,2016-11-25 17:00:00+00:00,235,Memphis,248,Houston,consensus,3,,,,,
400869568,2016,regular,13,2016-11-25 17:00:00+00:00,235,Memphis,248,Houston,numberfire,5.5,,61.5,,,
400869568,2016,regular,13,2016-11-25 17:00:00+00:00,235,Memphis,248,Houston,teamrankings,6,,60.5,,,
400869569,2016,regular,13,2016-11-26 17:00:00+00:00,58,South Florida,2116,UCF,consensus,-9.5,,,,,
400869569,2016,regular,13,2016-11-26 17:00:00+00:00,58,South Florida,2116,UCF,numberfire,-11,,65,,,
400869569,2016,regular,13,2016-11-26 17:00:00+00:00,58,South Florida,2116,UCF,teamrankings,-12,,66,,,
400869570,2016,regular,13,2016-11-26 21:00:00+00:00,41,UConn,2655,Tulane,consensus,-2,,,,,
400869570,2016,regular,13,2016-11-26 21:00:00+00:00,41,UConn,2655,Tulane,numberfire,1.5,,37,,,
400869570,2016,regular,13,2016-11-26 21:00:00+00:00,41,UConn,2655,Tulane,teamrankings,1.5,,36.5,,,
400869571,2016,regular,13,2016-11-27 00:30:00+00:00,218,Temple,151,East Carolina,consensus,-19,,,,,
400869571,2016,regular,13,2016-11-27 00:30:00+00:00,218,Temple,151,East Carolina,numberfire,-21,,60,,,
400869571,2016,regular,13,2016-11-27 00:30:00+00:00,218,Temple,151,East Carolina,teamrankings,-23,,58.5,,,
400869572,2016,regular,13,2016-11-26 20:30:00+00:00,2567,SMU,2426,Navy,consensus,8,,,,,
400869572,2016,regular,13,2016-11-26 20:30:00+00:00,2567,SMU,2426,Navy,numberfire,7,,67,,,
400869572,2016,regular,13,2016-11-26 20:30:00+00:00,2567,SMU,2426,Navy,teamrankings,7,,65.5,,,
400869578,2016,regular,1,2016-09-03 16:00:00+00:00,2509,Purdue,2198,Eastern Kentucky,consensus,-15,,,,,
400869590,2016,regular,6,2016-10-08 19:30:00+00:00,197,Oklahoma State,66,Iowa State,consensus,-16.5,,,,,
400869590,2016,regular,6,2016-10-08 19:30:00+00:00,197,Oklahoma State,66,Iowa State,numberfire,-14.5,,68,,,
400869590,2016,regular,6,2016-10-08 19:30:00+00:00,197,Oklahoma State,66,Iowa State,teamrankings,-14,,68.5,,,
400869591,2016,regular,7,2016-10-15 23:00:00+00:00,251,Texas,66,Iowa State,consensus,-13.5,,,,,
400869591,2016,regular,7,2016-10-15 23:00:00+00:00,251,Texas,66,Iowa State,numberfire,-17,,68,,,
400869591,2016,regular,7,2016-10-15 23:00:00+00:00,251,Texas,66,Iowa State,teamrankings,-17,,69,,,
400869592,2016,regular,9,2016-10-29 16:00:00+00:00,66,Iowa State,2306,Kansas State,consensus,6,,,,,
400869592,2016,regular,9,2016-10-29 16:00:00+00:00,66,Iowa State,2306,Kansas State,numberfire,6,,50.5,,,
400869592,2016,regular,9,2016-10-29 16:00:00+00:00,66,Iowa State,2306,Kansas State,teamrankings,6,,50.5,,,
400869593,2016,regular,10,2016-11-03 23:30:00+00:00,66,Iowa State,201,Oklahoma,consensus,19.5,,,,,
400869593,2016,regular,10,2016-11-03 23:30:00+00:00,66,Iowa State,201,Oklahoma,numberfire,21,,71.5,,,
400869593,2016,regular,10,2016-11-03 23:30:00+00:00,66,Iowa State,201,Oklahoma,teamrankings,21,,71,,,
400869594,2016,regular,11,2016-11-12 17:00:00+00:00,2305,Kansas,66,Iowa State,consensus,11.5,,,,,
400869594,2016,regular,11,2016-11-12 17:00:00+00:00,2305,Kansas,66,Iowa State,numberfire,10.5,,56,,,
400869594,2016,regular,11,2016-11-12 17:00:00+00:00,2305,Kansas,66,Iowa State,teamrankings,10.5,,54.5,,,
400869595,2016,regular,12,2016-11-19 20:30:00+00:00,66,Iowa State,2641,Texas Tech,consensus,3,,,,,
400869595,2016,regular,12,2016-11-19 20:30:00+00:00,66,Iowa State,2641,Texas Tech,numberfire,3.5,,75.5,,,
400869595,2016,regular,12,2016-11-19 20:30:00+00:00,66,Iowa State,2641,Texas Tech,teamrankings,3.5,,74.5,,,
400869596,2016,regular,13,2016-11-26 20:30:00+00:00,66,Iowa State,277,West Virginia,consensus,9,,,,,
400869596,2016,regular,13,2016-11-26 20:30:00+00:00,66,Iowa State,277,West Virginia,numberfire,6.5,,58,,,
400869596,2016,regular,13,2016-11-26 20:30:00+00:00,66,Iowa State,277,West Virginia,teamrankings,7,,60.5,,,
400869597,2016,regular,1,2016-09-03 23:00:00+00:00,2305,Kansas,227,Rhode Island,consensus,-35,,,,,
400869598,2016,regular,5,2016-09-30 00:30:00+00:00,2641,Texas Tech,2305,Kansas,consensus,-27,,,,,
400869598,2016,regular,5,2016-09-30 00:30:00+00:00,2641,Texas Tech,2305,Kansas,numberfire,-27.5,,79.5,,,
400869598,2016,regular,5,2016-09-30 00:30:00+00:00,2641,Texas Tech,2305,Kansas,teamrankings,-27.5,,78.5,,,
400869599,2016,regular,6,2016-10-08 16:00:00+00:00,2305,Kansas,2628,TCU,consensus,29.5,,,,,
400869599,2016,regular,6,2016-10-08 16:00:00+00:00,2305,Kansas,2628,TCU,numberfire,28,,61.5,,,
400869599,2016,regular,6,2016-10-08 16:00:00+00:00,2305,Kansas,2628,TCU,teamrankings,28.5,,61,,,
400869600,2016,regular,8,2016-10-22 16:00:00+00:00,2305,Kansas,197,Oklahoma State,consensus,28,,,,,
400869600,2016,regular,8,2016-10-22 16:00:00+00:00,2305,Kansas,197,Oklahoma State,numberfire,23.5,,60,,,
400869600,2016,regular,8,2016-10-22 16:00:00+00:00,2305,Kansas,197,Oklahoma State,teamrankings,23,,61,,,
400869601,2016,regular,9,2016-10-29 23:00:00+00:00,201,Oklahoma,2305,Kansas,consensus,-38.5,,,,,
400869601,2016,regular,9,2016-10-29 23:00:00+00:00,201,Oklahoma,2305,Kansas,numberfire,-39.5,,64.5,,,
400869601,2016,regular,9,2016-10-29 23:00:00+00:00,201,Oklahoma,2305,Kansas,teamrankings,-39.5,,64.5,,,
400869602,2016,regular,10,2016-11-05 23:00:00+00:00,277,West Virginia,2305,Kansas,consensus,-32,,,,,
400869602,2016,regular,10,2016-11-05 23:00:00+00:00,277,West Virginia,2305,Kansas,numberfire,-31.5,,54,,,
400869602,2016,regular,10,2016-11-05 23:00:00+00:00,277,West Virginia,2305,Kansas,teamrankings,-31.5,,53.5,,,
400869603,2016,regular,12,2016-11-19 20:30:00+00:00,2305,Kansas,251,Texas,consensus,21,,,,,
400869603,2016,regular,12,2016-11-19 20:30:00+00:00,2305,Kansas,251,Texas,numberfire,23.5,,62,,,
400869603,2016,regular,12,2016-11-19 20:30:00+00:00,2305,Kansas,251,Texas,teamrankings,23.5,,61.5,,,
400869604,2016,regular,13,2016-11-26 17:00:00+00:00,2306,Kansas State,2305,Kansas,consensus,-24.5,,,,,
400869604,2016,regular,13,2016-11-26 17:00:00+00:00,2306,Kansas State,2305,Kansas,numberfire,-27,,53,,,
400869604,2016,regular,13,2016-11-26 17:00:00+00:00,2306,Kansas State,2305,Kansas,teamrankings,-24,,51,,,
400869605,2016,regular,4,2016-09-24 23:10:00+00:00,2306,Kansas State,2623,Missouri State,consensus,-46.5,,,,,
400869606,2016,regular,5,2016-10-01 19:30:00+00:00,277,West Virginia,2306,Kansas State,consensus,-5.5,,,,,
400869606,2016,regular,5,2016-10-01 19:30:00+00:00,277,West Virginia,2306,Kansas State,numberfire,-3,,56,,,
400869606,2016,regular,5,2016-10-01 19:30:00+00:00,277,West Virginia,2306,Kansas State,teamrankings,-3,,56,,,
400869607,2016,regular,6,2016-10-08 23:00:00+00:00,2306,Kansas State,2641,Texas Tech,consensus,-9,,,,,
400869607,2016,regular,6,2016-10-08 23:00:00+00:00,2306,Kansas State,2641,Texas Tech,numberfire,-10,,67.5,,,
400869607,2016,regular,6,2016-10-08 23:00:00+00:00,2306,Kansas State,2641,Texas Tech,teamrankings,-9.5,,67.5,,,
400869608,2016,regular,7,2016-10-15 16:00:00+00:00,201,Oklahoma,2306,Kansas State,consensus,-13,,,,,
400869608,2016,regular,7,2016-10-15 16:00:00+00:00,201,Oklahoma,2306,Kansas State,numberfire,-13.5,,57.5,,,
400869608,2016,regular,7,2016-10-15 16:00:00+00:00,201,Oklahoma,2306,Kansas State,teamrankings,-13.5,,56.5,,,
400869609,2016,regular,8,2016-10-22 16:00:00+00:00,2306,Kansas State,251,Texas,consensus,-3,,,,,
400869609,2016,regular,8,2016-10-22 16:00:00+00:00,2306,Kansas State,251,Texas,numberfire,1,,54,,,
400869609,2016,regular,8,2016-10-22 16:00:00+00:00,2306,Kansas State,251,Texas,teamrankings,1,,54,,,
400869610,2016,regular,10,2016-11-05 19:30:00+00:00,2306,Kansas State,197,Oklahoma State,consensus,-2.5,,,,,
400869610,2016,regular,10,2016-11-05 19:30:00+00:00,2306,Kansas State,197,Oklahoma State,numberfire,-2,,58,,,
400869610,2016,regular,10,2016-11-05 19:30:00+00:00,2306,Kansas State,197,Oklahoma State,teamrankings,-2,,58,,,
400869611,2016,regular,14,2016-12-03 17:00:00+00:00,2628,TCU,2306,Kansas State,consensus,-4.5,,,,,
400869611,2016,regular,14,2016-12-03 17:00:00+00:00,2628,TCU,2306,Kansas State,numberfire,-4,,50.5,,,
400869611,2016,regular,14,2016-12-03 17:00:00+00:00,2628,TCU,2306,Kansas State,teamrankings,-4,,50,,,
400869612,2016,regular,2,2016-09-10 23:00:00+00:00,201,Oklahoma,2433,UL Monroe,consensus,-44,,,,,
400869612,2016,regular,2,2016-09-10 23:00:00+00:00,201,Oklahoma,2433,UL Monroe,numberfire,-46,,64,,,
400869612,2016,regular,2,2016-09-10 23:00:00+00:00,201,Oklahoma,2433,UL Monroe,teamrankings,-46,,63,,,
400869613,2016,regular,3,2016-09-17 23:30:00+00:00,201,Oklahoma,194,Ohio State,consensus,2.5,,,,,
400869613,2016,regular,3,2016-09-17 23:30:00+00:00,201,Oklahoma,194,Ohio State,numberfire,1,,58.5,,,
400869613,2016,regular,3,2016-09-17 23:30:00+00:00,201,Oklahoma,194,Ohio State,teamrankings,2,,58.5,,,
400869614,2016,regular,5,2016-10-01 21:00:00+00:00,2628,TCU,201,Oklahoma,numberfire,3.5,,65.5,,,
400869614,2016,regular,5,2016-10-01 21:00:00+00:00,2628,TCU,201,Oklahoma,teamrankings,3.5,,66,,,
400869615,2016,regular,6,2016-10-08 16:00:00+00:00,201,Oklahoma,251,Texas,consensus,-6.5,,,,,
400869615,2016,regular,6,2016-10-08 16:00:00+00:00,201,Oklahoma,251,Texas,numberfire,-13.5,,72.5,,,
400869615,2016,regular,6,2016-10-08 16:00:00+00:00,201,Oklahoma,251,Texas,teamrankings,-11.5,,72.5,,,
400869616,2016,regular,8,2016-10-23 00:00:00+00:00,2641,Texas Tech,201,Oklahoma,consensus,13,,,,,
400869616,2016,regular,8,2016-10-23 00:00:00+00:00,2641,Texas Tech,201,Oklahoma,numberfire,16,,85,,,
400869616,2016,regular,8,2016-10-23 00:00:00+00:00,2641,Texas Tech,201,Oklahoma,teamrankings,16.5,,86,,,
400869617,2016,regular,12,2016-11-20 01:00:00+00:00,277,West Virginia,201,Oklahoma,consensus,2.5,,,,,
400869617,2016,regular,12,2016-11-20 01:00:00+00:00,277,West Virginia,201,Oklahoma,numberfire,3,,63.5,,,
400869617,2016,regular,12,2016-11-20 01:00:00+00:00,277,West Virginia,201,Oklahoma,teamrankings,3.5,,63.5,,,
400869618,2016,regular,14,2016-12-03 17:30:00+00:00,201,Oklahoma,197,Oklahoma State,consensus,-14,,,,,
400869618,2016,regular,14,2016-12-03 17:30:00+00:00,201,Oklahoma,197,Oklahoma State,numberfire,-12,,74,,,
400869618,2016,regular,14,2016-12-03 17:30:00+00:00,201,Oklahoma,197,Oklahoma State,teamrankings,-12,,74,,,
400869619,2016,regular,1,2016-09-03 19:30:00+00:00,197,Oklahoma State,2545,SE Louisiana,consensus,-48.5,,,,,
400869620,2016,regular,5,2016-10-01 16:00:00+00:00,197,Oklahoma State,251,Texas,consensus,-3,,,,,
400869620,2016,regular,5,2016-10-01 16:00:00+00:00,197,Oklahoma State,251,Texas,numberfire,-1,,67,,,
400869620,2016,regular,5,2016-10-01 16:00:00+00:00,197,Oklahoma State,251,Texas,teamrankings,-2.5,,68,,,
400869621,2016,regular,9,2016-10-29 16:00:00+00:00,197,Oklahoma State,277,West Virginia,consensus,3,,,,,
400869621,2016,regular,9,2016-10-29 16:00:00+00:00,197,Oklahoma State,277,West Virginia,numberfire,4.5,,64.5,,,
400869621,2016,regular,9,2016-10-29 16:00:00+00:00,197,Oklahoma State,277,West Virginia,teamrankings,4.5,,66,,,
400869622,2016,regular,11,2016-11-12 20:30:00+00:00,197,Oklahoma State,2641,Texas Tech,consensus,-11,,,,,
400869622,2016,regular,11,2016-11-12 20:30:00+00:00,197,Oklahoma State,2641,Texas Tech,numberfire,-11.5,,87,,,
400869622,2016,regular,11,2016-11-12 20:30:00+00:00,197,Oklahoma State,2641,Texas Tech,teamrankings,-10.5,,87.5,,,
400869623,2016,regular,12,2016-11-19 17:00:00+00:00,2628,TCU,197,Oklahoma State,consensus,-4.5,,,,,
400869623,2016,regular,12,2016-11-19 17:00:00+00:00,2628,TCU,197,Oklahoma State,numberfire,-6,,68.5,,,
400869623,2016,regular,12,2016-11-19 17:00:00+00:00,2628,TCU,197,Oklahoma State,teamrankings,-6,,68.5,,,
400869624,2016,regular,1,2016-09-04 00:00:00+00:00,2628,TCU,2571,South Dakota State,consensus,-39.5,,,,,
400869625,2016,regular,1,2016-09-04 00:00:00+00:00,2641,Texas Tech,2617,Stephen F. Austin,consensus,-42,,,,,
400869626,2016,regular,2,2016-09-10 18:00:00+00:00,277,West Virginia,2754,Youngstown State,consensus,-25.5,,,,,
400869627,2016,regular,7,2016-10-15 16:00:00+00:00,2641,Texas Tech,277,West Virginia,consensus,-1,,,,,
400869627,2016,regular,7,2016-10-15 16:00:00+00:00,2641,Texas Tech,277,West Virginia,numberfire,3,,82,,,
400869627,2016,regular,7,2016-10-15 16:00:00+00:00,2641,Texas Tech,277,West Virginia,teamrankings,3,,82,,,
400869628,2016,regular,8,2016-10-22 19:30:00+00:00,277,West Virginia,2628,TCU,consensus,-5,,,,,
400869628,2016,regular,8,2016-10-22 19:30:00+00:00,277,West Virginia,2628,TCU,numberfire,-5.5,,63.5,,,
400869628,2016,regular,8,2016-10-22 19:30:00+00:00,277,West Virginia,2628,TCU,teamrankings,-5.5,,65,,,
400869629,2016,regular,9,2016-10-29 19:30:00+00:00,2628,TCU,2641,Texas Tech,consensus,-8.5,,,,,
400869629,2016,regular,9,2016-10-29 19:30:00+00:00,2628,TCU,2641,Texas Tech,numberfire,-9.5,,86.5,,,
400869629,2016,regular,9,2016-10-29 19:30:00+00:00,2628,TCU,2641,Texas Tech,teamrankings,-9.5,,87,,,
400869630,2016,regular,10,2016-11-05 16:00:00+00:00,2641,Texas Tech,251,Texas,consensus,4,,,,,
400869630,2016,regular,10,2016-11-05 16:00:00+00:00,2641,Texas Tech,251,Texas,numberfire,3,,85.5,,,
400869630,2016,regular,10,2016-11-05 16:00:00+00:00,2641,Texas Tech,251,Texas,teamrankings,2.5,,85.5,,,
400869631,2016,regular,11,2016-11-12 17:00:00+00:00,251,Texas,277,West Virginia,consensus,1,,,,,
400869631,2016,regular,11,2016-11-12 17:00:00+00:00,251,Texas,277,West Virginia,numberfire,-2,,64,,,
400869631,2016,regular,11,2016-11-12 17:00:00+00:00,251,Texas,277,West Virginia,teamrankings,1,,66,,,
400869632,2016,regular,13,2016-11-25 20:30:00+00:00,251,Texas,2628,TCU,numberfire,-3,,60.5,,,
400869632,2016,regular,13,2016-11-25 20:30:00+00:00,251,Texas,2628,TCU,teamrankings,-3,,61,,,
400869633,2016,regular,2,2016-09-10 16:00:00+00:00,164,Rutgers,47,Howard,consensus,-42,,,,,
400869634,2016,regular,4,2016-09-24 16:00:00+00:00,164,Rutgers,2294,Iowa,consensus,13.5,,,,,
400869634,2016,regular,4,2016-09-24 16:00:00+00:00,164,Rutgers,2294,Iowa,numberfire,14,,56,,,
400869634,2016,regular,4,2016-09-24 16:00:00+00:00,164,Rutgers,2294,Iowa,teamrankings,14.5,,56.5,,,
400869635,2016,regular,5,2016-10-01 16:00:00+00:00,194,Ohio State,164,Rutgers,consensus,-37,,,,,
400869635,2016,regular,5,2016-10-01 16:00:00+00:00,194,Ohio State,164,Rutgers,numberfire,-39,,58,,,
400869635,2016,regular,5,2016-10-01 16:00:00+00:00,194,Ohio State,164,Rutgers,teamrankings,-39,,59.5,,,
400869636,2016,regular,6,2016-10-08 23:00:00+00:00,164,Rutgers,130,Michigan,consensus,26.5,,,,,
400869636,2016,regular,6,2016-10-08 23:00:00+00:00,164,Rutgers,130,Michigan,numberfire,30.5,,52.5,,,
400869636,2016,regular,6,2016-10-08 23:00:00+00:00,164,Rutgers,130,Michigan,teamrankings,30,,52.5,,,
400869637,2016,regular,7,2016-10-15 16:00:00+00:00,164,Rutgers,356,Illinois,consensus,6,,,,,
400869637,2016,regular,7,2016-10-15 16:00:00+00:00,164,Rutgers,356,Illinois,numberfire,4,,51.5,,,
400869637,2016,regular,7,2016-10-15 16:00:00+00:00,164,Rutgers,356,Illinois,teamrankings,4,,52,,,
400869638,2016,regular,8,2016-10-22 16:00:00+00:00,135,Minnesota,164,Rutgers,consensus,-21,,,,,
400869638,2016,regular,8,2016-10-22 16:00:00+00:00,135,Minnesota,164,Rutgers,numberfire,-17.5,,45,,,
400869638,2016,regular,8,2016-10-22 16:00:00+00:00,135,Minnesota,164,Rutgers,teamrankings,-17.5,,45,,,
400869639,2016,regular,10,2016-11-05 16:00:00+00:00,164,Rutgers,84,Indiana,consensus,13,,,,,
400869639,2016,regular,10,2016-11-05 16:00:00+00:00,164,Rutgers,84,Indiana,numberfire,13,,58.5,,,
400869639,2016,regular,10,2016-11-05 16:00:00+00:00,164,Rutgers,84,Indiana,teamrankings,13.5,,58.5,,,
400869640,2016,regular,11,2016-11-12 17:00:00+00:00,127,Michigan State,164,Rutgers,consensus,-15.5,,,,,
400869640,2016,regular,11,2016-11-12 17:00:00+00:00,127,Michigan State,164,Rutgers,numberfire,-14.5,,54.5,,,
400869640,2016,regular,11,2016-11-12 17:00:00+00:00,127,Michigan State,164,Rutgers,teamrankings,-17,,53.5,,,
400869641,2016,regular,12,2016-11-20 01:00:00+00:00,164,Rutgers,213,Penn State,consensus,22.5,,,,,
400869641,2016,regular,12,2016-11-20 01:00:00+00:00,164,Rutgers,213,Penn State,numberfire,26,,55,,,
400869641,2016,regular,12,2016-11-20 01:00:00+00:00,164,Rutgers,213,Penn State,teamrankings,25,,55,,,
400869642,2016,regular,13,2016-11-26 17:00:00+00:00,120,Maryland,164,Rutgers,consensus,-2,,,,,
400869642,2016,regular,13,2016-11-26 17:00:00+00:00,120,Maryland,164,Rutgers,numberfire,-14,,52,,,
400869642,2016,regular,13,2016-11-26 17:00:00+00:00,120,Maryland,164,Rutgers,teamrankings,-15.5,,53.5,,,
400869643,2016,regular,6,2016-10-08 19:30:00+00:00,194,Ohio State,84,Indiana,consensus,-32,,,,,
400869643,2016,regular,6,2016-10-08 19:30:00+00:00,194,Ohio State,84,Indiana,numberfire,-28,,61,,,
400869643,2016,regular,6,2016-10-08 19:30:00+00:00,194,Ohio State,84,Indiana,teamrankings,-28,,60.5,,,
400869644,2016,regular,7,2016-10-16 00:00:00+00:00,275,Wisconsin,194,Ohio State,consensus,9.5,,,,,
400869644,2016,regular,7,2016-10-16 00:00:00+00:00,275,Wisconsin,194,Ohio State,numberfire,10.5,,46.5,,,
400869644,2016,regular,7,2016-10-16 00:00:00+00:00,275,Wisconsin,194,Ohio State,teamrankings,10,,46,,,
400869645,2016,regular,8,2016-10-23 00:00:00+00:00,213,Penn State,194,Ohio State,consensus,20,,,,,
400869645,2016,regular,8,2016-10-23 00:00:00+00:00,213,Penn State,194,Ohio State,numberfire,17.5,,54.5,,,
400869645,2016,regular,8,2016-10-23 00:00:00+00:00,213,Penn State,194,Ohio State,teamrankings,17.5,,55,,,
400869646,2016,regular,9,2016-10-29 19:30:00+00:00,194,Ohio State,77,Northwestern,consensus,-24,,,,,
400869646,2016,regular,9,2016-10-29 19:30:00+00:00,194,Ohio State,77,Northwestern,numberfire,-26,,53.5,,,
400869646,2016,regular,9,2016-10-29 19:30:00+00:00,194,Ohio State,77,Northwestern,teamrankings,-25.5,,53.5,,,
400869647,2016,regular,10,2016-11-06 00:00:00+00:00,194,Ohio State,158,Nebraska,consensus,-15.5,,,,,
400869647,2016,regular,10,2016-11-06 00:00:00+00:00,194,Ohio State,158,Nebraska,numberfire,-17.5,,54,,,
400869647,2016,regular,10,2016-11-06 00:00:00+00:00,194,Ohio State,158,Nebraska,teamrankings,-17,,53.5,,,
400869648,2016,regular,11,2016-11-12 20:30:00+00:00,120,Maryland,194,Ohio State,consensus,28,,,,,
400869648,2016,regular,11,2016-11-12 20:30:00+00:00,120,Maryland,194,Ohio State,numberfire,30,,57.5,,,
400869648,2016,regular,11,2016-11-12 20:30:00+00:00,120,Maryland,194,Ohio State,teamrankings,28,,58.5,,,
400869649,2016,regular,12,2016-11-19 17:00:00+00:00,127,Michigan State,194,Ohio State,consensus,23.5,,,,,
400869649,2016,regular,12,2016-11-19 17:00:00+00:00,127,Michigan State,194,Ohio State,numberfire,20,,50,,,
400869649,2016,regular,12,2016-11-19 17:00:00+00:00,127,Michigan State,194,Ohio State,teamrankings,20.5,,50,,,
400869650,2016,regular,13,2016-11-26 17:00:00+00:00,194,Ohio State,130,Michigan,consensus,-7,,,,,
400869650,2016,regular,13,2016-11-26 17:00:00+00:00,194,Ohio State,130,Michigan,numberfire,-5,,44.5,,,
400869650,2016,regular,13,2016-11-26 17:00:00+00:00,194,Ohio State,130,Michigan,teamrankings,-4.5,,44.5,,,
400869651,2016,regular,1,2016-09-02 23:00:00+00:00,127,Michigan State,231,Furman,consensus,-45,,,,,
400869652,2016,regular,1,2016-09-03 19:30:00+00:00,356,Illinois,93,Murray State,consensus,-31,,,,,
400869653,2016,regular,1,2016-09-03 16:00:00+00:00,120,Maryland,47,Howard,consensus,-51,,,,,
400869654,2016,regular,2,2016-09-10 16:00:00+00:00,135,Minnesota,282,Indiana State,consensus,-44.5,,,,,
400869655,2016,regular,2,2016-09-10 19:30:00+00:00,77,Northwestern,2287,Illinois State,consensus,-12.5,,,,,
400869656,2016,regular,3,2016-09-17 16:00:00+00:00,2294,Iowa,2449,North Dakota State,consensus,-14.5,,,,,
400869657,2016,regular,3,2016-09-17 16:00:00+00:00,275,Wisconsin,2247,Georgia State,consensus,-30,,,,,
400869657,2016,regular,3,2016-09-17 16:00:00+00:00,275,Wisconsin,2247,Georgia State,numberfire,-35.5,,50.5,,,
400869657,2016,regular,3,2016-09-17 16:00:00+00:00,275,Wisconsin,2247,Georgia State,teamrankings,-35.5,,51.5,,,
400869658,2016,regular,4,2016-09-24 19:30:00+00:00,130,Michigan,213,Penn State,consensus,-15.5,,,,,
400869658,2016,regular,4,2016-09-24 19:30:00+00:00,130,Michigan,213,Penn State,numberfire,-18,,56,,,
400869658,2016,regular,4,2016-09-24 19:30:00+00:00,130,Michigan,213,Penn State,teamrankings,-15.5,,56,,,
400869659,2016,regular,4,2016-09-24 16:00:00+00:00,127,Michigan State,275,Wisconsin,consensus,-6,,,,,
400869659,2016,regular,4,2016-09-24 16:00:00+00:00,127,Michigan State,275,Wisconsin,numberfire,-3.5,,40.5,,,
400869659,2016,regular,4,2016-09-24 16:00:00+00:00,127,Michigan State,275,Wisconsin,teamrankings,-3.5,,42.5,,,
400869660,2016,regular,4,2016-09-24 23:30:00+00:00,77,Northwestern,158,Nebraska,consensus,6.5,,,,,
400869660,2016,regular,4,2016-09-24 23:30:00+00:00,77,Northwestern,158,Nebraska,numberfire,9.5,,47.5,,,
400869660,2016,regular,4,2016-09-24 23:30:00+00:00,77,Northwestern,158,Nebraska,teamrankings,9.5,,48,,,
400869661,2016,regular,5,2016-10-02 00:00:00+00:00,84,Indiana,127,Michigan State,consensus,8,,,,,
400869661,2016,regular,5,2016-10-02 00:00:00+00:00,84,Indiana,127,Michigan State,numberfire,5.5,,53,,,
400869661,2016,regular,5,2016-10-02 00:00:00+00:00,84,Indiana,127,Michigan State,teamrankings,4.5,,52.5,,,
400869662,2016,regular,5,2016-10-01 16:00:00+00:00,2294,Iowa,77,Northwestern,consensus,-12,,,,,
400869662,2016,regular,5,2016-10-01 16:00:00+00:00,2294,Iowa,77,Northwestern,numberfire,-11.5,,44.5,,,
400869662,2016,regular,5,2016-10-01 16:00:00+00:00,2294,Iowa,77,Northwestern,teamrankings,-11,,44.5,,,
400869663,2016,regular,5,2016-10-01 19:30:00+00:00,120,Maryland,2509,Purdue,consensus,-9,,,,,
400869663,2016,regular,5,2016-10-01 19:30:00+00:00,120,Maryland,2509,Purdue,numberfire,-10.5,,55,,,
400869663,2016,regular,5,2016-10-01 19:30:00+00:00,120,Maryland,2509,Purdue,teamrankings,-11,,55,,,
400869664,2016,regular,5,2016-10-01 19:30:00+00:00,130,Michigan,275,Wisconsin,consensus,-10,,,,,
400869664,2016,regular,5,2016-10-01 19:30:00+00:00,130,Michigan,275,Wisconsin,numberfire,-12,,45,,,
400869664,2016,regular,5,2016-10-01 19:30:00+00:00,130,Michigan,275,Wisconsin,teamrankings,-11.5,,44.5,,,
400869665,2016,regular,5,2016-10-01 19:30:00+00:00,158,Nebraska,356,Illinois,consensus,-21.5,,,,,
400869665,2016,regular,5,2016-10-01 19:30:00+00:00,158,Nebraska,356,Illinois,numberfire,-20.5,,52,,,
400869665,2016,regular,5,2016-10-01 19:30:00+00:00,158,Nebraska,356,Illinois,teamrankings,-20.5,,53,,,
400869666,2016,regular,5,2016-10-01 19:40:00+00:00,213,Penn State,135,Minnesota,consensus,-4,,,,,
400869666,2016,regular,5,2016-10-01 19:40:00+00:00,213,Penn State,135,Minnesota,numberfire,-3,,54.5,,,
400869666,2016,regular,5,2016-10-01 19:40:00+00:00,213,Penn State,135,Minnesota,teamrankings,-3,,54.5,,,
400869667,2016,regular,6,2016-10-08 19:30:00+00:00,356,Illinois,2509,Purdue,consensus,-9,,,,,
400869667,2016,regular,6,2016-10-08 19:30:00+00:00,356,Illinois,2509,Purdue,numberfire,-9,,48.5,,,
400869667,2016,regular,6,2016-10-08 19:30:00+00:00,356,Illinois,2509,Purdue,teamrankings,-9,,49.5,,,
400869668,2016,regular,6,2016-10-08 16:00:00+00:00,135,Minnesota,2294,Iowa,consensus,1.5,,,,,
400869668,2016,regular,6,2016-10-08 16:00:00+00:00,135,Minnesota,2294,Iowa,numberfire,-2.5,,50,,,
400869668,2016,regular,6,2016-10-08 16:00:00+00:00,135,Minnesota,2294,Iowa,teamrankings,-2.5,,50,,,
400869669,2016,regular,6,2016-10-08 16:00:00+00:00,213,Penn State,120,Maryland,consensus,-3,,,,,
400869669,2016,regular,6,2016-10-08 16:00:00+00:00,213,Penn State,120,Maryland,numberfire,1,,55.5,,,
400869669,2016,regular,6,2016-10-08 16:00:00+00:00,213,Penn State,120,Maryland,teamrankings,2,,56,,,
400869670,2016,regular,7,2016-10-15 19:30:00+00:00,84,Indiana,158,Nebraska,consensus,6,,,,,
400869670,2016,regular,7,2016-10-15 19:30:00+00:00,84,Indiana,158,Nebraska,numberfire,3.5,,59,,,
400869670,2016,regular,7,2016-10-15 19:30:00+00:00,84,Indiana,158,Nebraska,teamrankings,3.5,,58,,,
400869671,2016,regular,7,2016-10-15 16:00:00+00:00,120,Maryland,135,Minnesota,consensus,-3,,,,,
400869671,2016,regular,7,2016-10-15 16:00:00+00:00,120,Maryland,135,Minnesota,numberfire,-3.5,,47.5,,,
400869671,2016,regular,7,2016-10-15 16:00:00+00:00,120,Maryland,135,Minnesota,teamrankings,-3,,47,,,
400869672,2016,regular,7,2016-10-15 19:30:00+00:00,127,Michigan State,77,Northwestern,consensus,-6.5,,,,,
400869672,2016,regular,7,2016-10-15 19:30:00+00:00,127,Michigan State,77,Northwestern,numberfire,-6.5,,41.5,,,
400869672,2016,regular,7,2016-10-15 19:30:00+00:00,127,Michigan State,77,Northwestern,teamrankings,-6.5,,41,,,
400869673,2016,regular,7,2016-10-15 16:00:00+00:00,2509,Purdue,2294,Iowa,consensus,13,,,,,
400869673,2016,regular,7,2016-10-15 16:00:00+00:00,2509,Purdue,2294,Iowa,numberfire,12,,51.5,,,
400869673,2016,regular,7,2016-10-15 16:00:00+00:00,2509,Purdue,2294,Iowa,teamrankings,11,,52.5,,,
400869674,2016,regular,8,2016-10-22 16:00:00+00:00,2294,Iowa,275,Wisconsin,consensus,2.5,,,,,
400869674,2016,regular,8,2016-10-22 16:00:00+00:00,2294,Iowa,275,Wisconsin,numberfire,4,,42.5,,,
400869674,2016,regular,8,2016-10-22 16:00:00+00:00,2294,Iowa,275,Wisconsin,teamrankings,3.5,,43,,,
400869675,2016,regular,8,2016-10-22 23:30:00+00:00,120,Maryland,127,Michigan State,consensus,2.5,,,,,
400869675,2016,regular,8,2016-10-22 23:30:00+00:00,120,Maryland,127,Michigan State,numberfire,3,,49,,,
400869675,2016,regular,8,2016-10-22 23:30:00+00:00,120,Maryland,127,Michigan State,teamrankings,3,,49,,,
400869676,2016,regular,8,2016-10-22 19:30:00+00:00,130,Michigan,356,Illinois,consensus,-28,,,,,
400869676,2016,regular,8,2016-10-22 19:30:00+00:00,130,Michigan,356,Illinois,numberfire,-40.5,,51.5,,,
400869676,2016,regular,8,2016-10-22 19:30:00+00:00,130,Michigan,356,Illinois,teamrankings,-39.5,,51.5,,,
400869677,2016,regular,8,2016-10-22 19:30:00+00:00,158,Nebraska,2509,Purdue,consensus,-23.5,,,,,
400869677,2016,regular,8,2016-10-22 19:30:00+00:00,158,Nebraska,2509,Purdue,numberfire,-24.5,,59.5,,,
400869677,2016,regular,8,2016-10-22 19:30:00+00:00,158,Nebraska,2509,Purdue,teamrankings,-24,,59,,,
400869678,2016,regular,8,2016-10-22 16:00:00+00:00,77,Northwestern,84,Indiana,consensus,-2.5,,,,,
400869678,2016,regular,8,2016-10-22 16:00:00+00:00,77,Northwestern,84,Indiana,numberfire,-3,,53.5,,,
400869678,2016,regular,8,2016-10-22 16:00:00+00:00,77,Northwestern,84,Indiana,teamrankings,-3,,54,,,
400869679,2016,regular,9,2016-10-29 16:00:00+00:00,356,Illinois,135,Minnesota,consensus,10,,,,,
400869679,2016,regular,9,2016-10-29 16:00:00+00:00,356,Illinois,135,Minnesota,numberfire,9,,46.5,,,
400869679,2016,regular,9,2016-10-29 16:00:00+00:00,356,Illinois,135,Minnesota,teamrankings,8.5,,46.5,,,
400869680,2016,regular,9,2016-10-29 19:30:00+00:00,84,Indiana,120,Maryland,consensus,-5,,,,,
400869680,2016,regular,9,2016-10-29 19:30:00+00:00,84,Indiana,120,Maryland,numberfire,-3.5,,54,,,
400869680,2016,regular,9,2016-10-29 19:30:00+00:00,84,Indiana,120,Maryland,teamrankings,-3.5,,55.5,,,
400869681,2016,regular,9,2016-10-29 16:00:00+00:00,127,Michigan State,130,Michigan,consensus,21,,,,,
400869681,2016,regular,9,2016-10-29 16:00:00+00:00,127,Michigan State,130,Michigan,numberfire,24.5,,51,,,
400869681,2016,regular,9,2016-10-29 16:00:00+00:00,127,Michigan State,130,Michigan,teamrankings,24.5,,49.5,,,
400869682,2016,regular,9,2016-10-29 16:00:00+00:00,2509,Purdue,213,Penn State,consensus,10.5,,,,,
400869682,2016,regular,9,2016-10-29 16:00:00+00:00,2509,Purdue,213,Penn State,numberfire,14.5,,57,,,
400869682,2016,regular,9,2016-10-29 16:00:00+00:00,2509,Purdue,213,Penn State,teamrankings,14.5,,58.5,,,
400869683,2016,regular,9,2016-10-29 23:00:00+00:00,275,Wisconsin,158,Nebraska,consensus,-7.5,,,,,
400869683,2016,regular,9,2016-10-29 23:00:00+00:00,275,Wisconsin,158,Nebraska,numberfire,-9,,43,,,
400869683,2016,regular,9,2016-10-29 23:00:00+00:00,275,Wisconsin,158,Nebraska,teamrankings,-9,,44,,,
400869684,2016,regular,10,2016-11-05 16:00:00+00:00,356,Illinois,127,Michigan State,consensus,7,,,,,
400869684,2016,regular,10,2016-11-05 16:00:00+00:00,356,Illinois,127,Michigan State,numberfire,9,,47,,,
400869684,2016,regular,10,2016-11-05 16:00:00+00:00,356,Illinois,127,Michigan State,teamrankings,9.5,,47.5,,,
400869685,2016,regular,10,2016-11-05 19:30:00+00:00,130,Michigan,120,Maryland,consensus,-26.5,,,,,
400869685,2016,regular,10,2016-11-05 19:30:00+00:00,130,Michigan,120,Maryland,numberfire,-30,,55,,,
400869685,2016,regular,10,2016-11-05 19:30:00+00:00,130,Michigan,120,Maryland,teamrankings,-29.5,,54.5,,,
400869686,2016,regular,10,2016-11-05 19:30:00+00:00,135,Minnesota,2509,Purdue,consensus,-16.5,,,,,
400869686,2016,regular,10,2016-11-05 19:30:00+00:00,135,Minnesota,2509,Purdue,numberfire,-18,,53.5,,,
400869686,2016,regular,10,2016-11-05 19:30:00+00:00,135,Minnesota,2509,Purdue,teamrankings,-18.5,,54,,,
400869687,2016,regular,10,2016-11-05 16:00:00+00:00,77,Northwestern,275,Wisconsin,consensus,6.5,,,,,
400869687,2016,regular,10,2016-11-05 16:00:00+00:00,77,Northwestern,275,Wisconsin,numberfire,6,,42,,,
400869687,2016,regular,10,2016-11-05 16:00:00+00:00,77,Northwestern,275,Wisconsin,teamrankings,5.5,,41.5,,,
400869688,2016,regular,10,2016-11-05 23:30:00+00:00,213,Penn State,2294,Iowa,consensus,-6.5,,,,,
400869688,2016,regular,10,2016-11-05 23:30:00+00:00,213,Penn State,2294,Iowa,numberfire,-6.5,,52.5,,,
400869688,2016,regular,10,2016-11-05 23:30:00+00:00,213,Penn State,2294,Iowa,teamrankings,-6.5,,52,,,
400869689,2016,regular,11,2016-11-12 17:00:00+00:00,84,Indiana,213,Penn State,consensus,6.5,,,,,
400869689,2016,regular,11,2016-11-12 17:00:00+00:00,84,Indiana,213,Penn State,numberfire,7,,59.5,,,
400869689,2016,regular,11,2016-11-12 17:00:00+00:00,84,Indiana,213,Penn State,teamrankings,6.5,,60,,,
400869690,2016,regular,11,2016-11-13 01:00:00+00:00,2294,Iowa,130,Michigan,consensus,18.5,,,,,
400869690,2016,regular,11,2016-11-13 01:00:00+00:00,2294,Iowa,130,Michigan,numberfire,21.5,,51,,,
400869690,2016,regular,11,2016-11-13 01:00:00+00:00,2294,Iowa,130,Michigan,teamrankings,24,,51,,,
400869691,2016,regular,11,2016-11-13 00:30:00+00:00,158,Nebraska,135,Minnesota,consensus,-8,,,,,
400869691,2016,regular,11,2016-11-13 00:30:00+00:00,158,Nebraska,135,Minnesota,numberfire,-6,,46,,,
400869691,2016,regular,11,2016-11-13 00:30:00+00:00,158,Nebraska,135,Minnesota,teamrankings,-7,,48.5,,,
400869692,2016,regular,11,2016-11-12 17:00:00+00:00,2509,Purdue,77,Northwestern,consensus,10.5,,,,,
400869692,2016,regular,11,2016-11-12 17:00:00+00:00,2509,Purdue,77,Northwestern,numberfire,13,,58,,,
400869692,2016,regular,11,2016-11-12 17:00:00+00:00,2509,Purdue,77,Northwestern,teamrankings,13.5,,58,,,
400869693,2016,regular,11,2016-11-12 20:30:00+00:00,275,Wisconsin,356,Illinois,consensus,-26.5,,,,,
400869693,2016,regular,11,2016-11-12 20:30:00+00:00,275,Wisconsin,356,Illinois,numberfire,-24,,41.5,,,
400869693,2016,regular,11,2016-11-12 20:30:00+00:00,275,Wisconsin,356,Illinois,teamrankings,-24.5,,42,,,
400869694,2016,regular,12,2016-11-19 17:00:00+00:00,356,Illinois,2294,Iowa,consensus,10,,,,,
400869694,2016,regular,12,2016-11-19 17:00:00+00:00,356,Illinois,2294,Iowa,numberfire,9,,45,,,
400869694,2016,regular,12,2016-11-19 17:00:00+00:00,356,Illinois,2294,Iowa,teamrankings,9.5,,45.5,,,
400869695,2016,regular,12,2016-11-19 20:30:00+00:00,130,Michigan,84,Indiana,consensus,-28,,,,,
400869695,2016,regular,12,2016-11-19 20:30:00+00:00,130,Michigan,84,Indiana,numberfire,-24.5,,51,,,
400869695,2016,regular,12,2016-11-19 20:30:00+00:00,130,Michigan,84,Indiana,teamrankings,-24,,50.5,,,
400869696,2016,regular,12,2016-11-19 20:30:00+00:00,135,Minnesota,77,Northwestern,consensus,-2,,,,,
400869696,2016,regular,12,2016-11-19 20:30:00+00:00,135,Minnesota,77,Northwestern,numberfire,1,,45,,,
400869696,2016,regular,12,2016-11-19 20:30:00+00:00,135,Minnesota,77,Northwestern,teamrankings,,,46,,,
400869697,2016,regular,12,2016-11-19 17:00:00+00:00,158,Nebraska,120,Maryland,consensus,-14.5,,,,,
400869697,2016,regular,12,2016-11-19 17:00:00+00:00,158,Nebraska,120,Maryland,numberfire,-13,,49,,,
400869697,2016,regular,12,2016-11-19 17:00:00+00:00,158,Nebraska,120,Maryland,teamrankings,-13.5,,50,,,
400869698,2016,regular,12,2016-11-19 17:00:00+00:00,2509,Purdue,275,Wisconsin,consensus,26.5,,,,,
400869698,2016,regular,12,2016-11-19 17:00:00+00:00,2509,Purdue,275,Wisconsin,numberfire,27.5,,48.5,,,
400869698,2016,regular,12,2016-11-19 17:00:00+00:00,2509,Purdue,275,Wisconsin,teamrankings,27.5,,48.5,,,
400869699,2016,regular,13,2016-11-25 20:30:00+00:00,2294,Iowa,158,Nebraska,consensus,-2.5,,,,,
400869699,2016,regular,13,2016-11-25 20:30:00+00:00,2294,Iowa,158,Nebraska,numberfire,-3,,45,,,
400869699,2016,regular,13,2016-11-25 20:30:00+00:00,2294,Iowa,158,Nebraska,teamrankings,-3,,45.5,,,
400869700,2016,regular,13,2016-11-26 17:00:00+00:00,84,Indiana,2509,Purdue,consensus,-16,,,,,
400869700,2016,regular,13,2016-11-26 17:00:00+00:00,84,Indiana,2509,Purdue,numberfire,-20.5,,64.5,,,
400869700,2016,regular,13,2016-11-26 17:00:00+00:00,84,Indiana,2509,Purdue,teamrankings,-21.5,,66.5,,,
400869701,2016,regular,13,2016-11-26 17:00:00+00:00,77,Northwestern,356,Illinois,consensus,-15,,,,,
400869701,2016,regular,13,2016-11-26 17:00:00+00:00,77,Northwestern,356,Illinois,numberfire,-17,,45.5,,,
400869701,2016,regular,13,2016-11-26 17:00:00+00:00,77,Northwestern,356,Illinois,teamrankings,-16.5,,48.5,,,
400869702,2016,regular,13,2016-11-26 20:30:00+00:00,213,Penn State,127,Michigan State,consensus,-13.5,,,,,
400869702,2016,regular,13,2016-11-26 20:30:00+00:00,213,Penn State,127,Michigan State,numberfire,-11,,53.5,,,
400869702,2016,regular,13,2016-11-26 20:30:00+00:00,213,Penn State,127,Michigan State,teamrankings,-11,,53.5,,,
400869703,2016,regular,13,2016-11-26 20:30:00+00:00,275,Wisconsin,135,Minnesota,consensus,-14,,,,,
400869703,2016,regular,13,2016-11-26 20:30:00+00:00,275,Wisconsin,135,Minnesota,numberfire,-14.5,,43.5,,,
400869703,2016,regular,13,2016-11-26 20:30:00+00:00,275,Wisconsin,135,Minnesota,teamrankings,-14,,42.5,,,
400869717,2016,regular,9,2016-10-29 19:30:00+00:00,2199,Eastern Michigan,193,Miami (OH),consensus,-7,,,,,
400869717,2016,regular,9,2016-10-29 19:30:00+00:00,2199,Eastern Michigan,193,Miami (OH),numberfire,-7,,50,,,
400869717,2016,regular,9,2016-10-29 19:30:00+00:00,2199,Eastern Michigan,193,Miami (OH),teamrankings,-7,,50,,,
400869718,2016,regular,1,2016-09-03 22:00:00+00:00,2390,Miami,50,Florida A&M,consensus,-59,,,,,
400869719,2016,regular,2,2016-09-10 22:00:00+00:00,2390,Miami,2226,Florida Atlantic,consensus,-23,,,,,
400869719,2016,regular,2,2016-09-10 22:00:00+00:00,2390,Miami,2226,Florida Atlantic,numberfire,-25.5,,63,,,
400869719,2016,regular,2,2016-09-10 22:00:00+00:00,2390,Miami,2226,Florida Atlantic,teamrankings,-25,,63,,,
400869720,2016,regular,3,2016-09-17 16:00:00+00:00,2026,App State,2390,Miami,consensus,4,,,,,
400869720,2016,regular,3,2016-09-17 16:00:00+00:00,2026,App State,2390,Miami,numberfire,3.5,,51.5,,,
400869720,2016,regular,3,2016-09-17 16:00:00+00:00,2026,App State,2390,Miami,teamrankings,4.5,,50.5,,,
400869721,2016,regular,5,2016-10-01 16:00:00+00:00,59,Georgia Tech,2390,Miami,consensus,5,,,,,
400869721,2016,regular,5,2016-10-01 16:00:00+00:00,59,Georgia Tech,2390,Miami,numberfire,7.5,,53.5,,,
400869721,2016,regular,5,2016-10-01 16:00:00+00:00,59,Georgia Tech,2390,Miami,teamrankings,7.5,,53.5,,,
400869722,2016,regular,6,2016-10-09 00:00:00+00:00,2390,Miami,52,Florida State,consensus,-1.5,,,,,
400869722,2016,regular,6,2016-10-09 00:00:00+00:00,2390,Miami,52,Florida State,numberfire,-2,,62,,,
400869722,2016,regular,6,2016-10-09 00:00:00+00:00,2390,Miami,52,Florida State,teamrankings,-1.5,,61.5,,,
400869723,2016,regular,7,2016-10-15 19:30:00+00:00,2390,Miami,153,North Carolina,consensus,-7,,,,,
400869723,2016,regular,7,2016-10-15 19:30:00+00:00,2390,Miami,153,North Carolina,numberfire,-6,,67,,,
400869723,2016,regular,7,2016-10-15 19:30:00+00:00,2390,Miami,153,North Carolina,teamrankings,-6,,67,,,
400869724,2016,regular,11,2016-11-12 19:00:00+00:00,258,Virginia,2390,Miami,consensus,11,,,,,
400869724,2016,regular,11,2016-11-12 19:00:00+00:00,258,Virginia,2390,Miami,numberfire,9.5,,54.5,,,
400869724,2016,regular,11,2016-11-12 19:00:00+00:00,258,Virginia,2390,Miami,teamrankings,10,,55.5,,,
400869725,2016,regular,1,2016-09-02 01:00:00+00:00,70,Idaho,147,Montana State,consensus,-7,,,,,
400869808,2016,regular,1,2016-09-03 22:00:00+00:00,290,Georgia Southern,2542,Savannah St,consensus,-53,,,,,
400869809,2016,regular,1,2016-09-03 23:00:00+00:00,2433,UL Monroe,2582,Southern,consensus,-16,,,,,
400869810,2016,regular,1,2016-09-03 22:00:00+00:00,2653,Troy,2046,Austin Peay,consensus,-37,,,,,
400869811,2016,regular,2,2016-09-10 23:00:00+00:00,6,South Alabama,290,Georgia Southern,consensus,11.5,,,,,
400869811,2016,regular,2,2016-09-10 23:00:00+00:00,6,South Alabama,290,Georgia Southern,numberfire,13.5,,57,,,
400869811,2016,regular,2,2016-09-10 23:00:00+00:00,6,South Alabama,290,Georgia Southern,teamrankings,13.5,,57.5,,,
400869812,2016,regular,2,2016-09-10 23:00:00+00:00,309,Louisiana,2377,McNeese,consensus,-4.5,,,,,
400869813,2016,regular,3,2016-09-17 22:00:00+00:00,290,Georgia Southern,2433,UL Monroe,consensus,-27,,,,,
400869813,2016,regular,3,2016-09-17 22:00:00+00:00,290,Georgia Southern,2433,UL Monroe,numberfire,-27,,58,,,
400869813,2016,regular,3,2016-09-17 22:00:00+00:00,290,Georgia Southern,2433,UL Monroe,teamrankings,-27,,57,,,
400869814,2016,regular,3,2016-09-17 23:00:00+00:00,309,Louisiana,6,South Alabama,consensus,-3.5,,,,,
400869814,2016,regular,3,2016-09-17 23:00:00+00:00,309,Louisiana,6,South Alabama,numberfire,-1.5,,53,,,
400869814,2016,regular,3,2016-09-17 23:00:00+00:00,309,Louisiana,6,South Alabama,teamrankings,-1.5,,53,,,
400869815,2016,regular,4,2016-09-24 23:00:00+00:00,2032,Arkansas State,2110,Central Arkansas,consensus,-15.5,,,,,
400869816,2016,regular,4,2016-09-24 23:00:00+00:00,2653,Troy,166,New Mexico State,consensus,-17.5,,,,,
400869816,2016,regular,4,2016-09-24 23:00:00+00:00,2653,Troy,166,New Mexico State,numberfire,-20,,66.5,,,
400869816,2016,regular,4,2016-09-24 23:00:00+00:00,2653,Troy,166,New Mexico State,teamrankings,-20,,66,,,
400869817,2016,regular,4,2016-09-24 23:00:00+00:00,6,South Alabama,2447,Nicholls,consensus,-16.5,,,,,
400869818,2016,regular,5,2016-10-01 16:00:00+00:00,2026,App State,2247,Georgia State,consensus,-21,,,,,
400869818,2016,regular,5,2016-10-01 16:00:00+00:00,2026,App State,2247,Georgia State,numberfire,-19,,52,,,
400869818,2016,regular,5,2016-10-01 16:00:00+00:00,2026,App State,2247,Georgia State,teamrankings,-19,,52,,,
400869819,2016,regular,5,2016-10-01 21:00:00+00:00,70,Idaho,2653,Troy,consensus,13.5,,,,,
400869819,2016,regular,5,2016-10-01 21:00:00+00:00,70,Idaho,2653,Troy,numberfire,15,,58,,,
400869819,2016,regular,5,2016-10-01 21:00:00+00:00,70,Idaho,2653,Troy,teamrankings,15,,57.5,,,
400869820,2016,regular,5,2016-10-02 00:00:00+00:00,166,New Mexico State,309,Louisiana,consensus,8,,,,,
400869820,2016,regular,5,2016-10-02 00:00:00+00:00,166,New Mexico State,309,Louisiana,numberfire,5,,68,,,
400869820,2016,regular,5,2016-10-02 00:00:00+00:00,166,New Mexico State,309,Louisiana,teamrankings,5.5,,67.5,,,
400869821,2016,regular,5,2016-10-01 23:30:00+00:00,326,Texas State,2916,Incarnate Word,consensus,-17,,,,,
400869822,2016,regular,6,2016-10-06 00:00:00+00:00,2032,Arkansas State,290,Georgia Southern,consensus,5.5,,,,,
400869822,2016,regular,6,2016-10-06 00:00:00+00:00,2032,Arkansas State,290,Georgia Southern,numberfire,6.5,,53.5,,,
400869822,2016,regular,6,2016-10-06 00:00:00+00:00,2032,Arkansas State,290,Georgia Southern,teamrankings,6.5,,53.5,,,
400869823,2016,regular,6,2016-10-08 19:30:00+00:00,2247,Georgia State,326,Texas State,consensus,-8.5,,,,,
400869823,2016,regular,6,2016-10-08 19:30:00+00:00,2247,Georgia State,326,Texas State,numberfire,-10,,58.5,,,
400869823,2016,regular,6,2016-10-08 19:30:00+00:00,2247,Georgia State,326,Texas State,teamrankings,-10,,58,,,
400869824,2016,regular,6,2016-10-08 23:00:00+00:00,2433,UL Monroe,70,Idaho,consensus,-3,,,,,
400869824,2016,regular,6,2016-10-08 23:00:00+00:00,2433,UL Monroe,70,Idaho,numberfire,-3,,57.5,,,
400869824,2016,regular,6,2016-10-08 23:00:00+00:00,2433,UL Monroe,70,Idaho,teamrankings,-3,,57,,,
400869825,2016,regular,7,2016-10-13 00:00:00+00:00,309,Louisiana,2026,App State,consensus,10.5,,,,,
400869825,2016,regular,7,2016-10-13 00:00:00+00:00,309,Louisiana,2026,App State,numberfire,10.5,,49,,,
400869825,2016,regular,7,2016-10-13 00:00:00+00:00,309,Louisiana,2026,App State,teamrankings,10,,50,,,
400869826,2016,regular,7,2016-10-15 23:00:00+00:00,2032,Arkansas State,6,South Alabama,consensus,-6,,,,,
400869826,2016,regular,7,2016-10-15 23:00:00+00:00,2032,Arkansas State,6,South Alabama,numberfire,-4.5,,55,,,
400869826,2016,regular,7,2016-10-15 23:00:00+00:00,2032,Arkansas State,6,South Alabama,teamrankings,-4.5,,54.5,,,
400869827,2016,regular,7,2016-10-15 19:30:00+00:00,2653,Troy,2247,Georgia State,consensus,-16.5,,,,,
400869827,2016,regular,7,2016-10-15 19:30:00+00:00,2653,Troy,2247,Georgia State,numberfire,-20,,54,,,
400869827,2016,regular,7,2016-10-15 19:30:00+00:00,2653,Troy,2247,Georgia State,teamrankings,-19.5,,54,,,
400869828,2016,regular,7,2016-10-15 21:00:00+00:00,70,Idaho,166,New Mexico State,consensus,-3,,,,,
400869828,2016,regular,7,2016-10-15 21:00:00+00:00,70,Idaho,166,New Mexico State,numberfire,-4,,67,,,
400869828,2016,regular,7,2016-10-15 21:00:00+00:00,70,Idaho,166,New Mexico State,teamrankings,-4,,67.5,,,
400869829,2016,regular,7,2016-10-15 23:00:00+00:00,2433,UL Monroe,326,Texas State,consensus,-4.5,,,,,
400869829,2016,regular,7,2016-10-15 23:00:00+00:00,2433,UL Monroe,326,Texas State,numberfire,-10,,65,,,
400869829,2016,regular,7,2016-10-15 23:00:00+00:00,2433,UL Monroe,326,Texas State,teamrankings,-10,,66.5,,,
400869830,2016,regular,8,2016-10-20 23:30:00+00:00,6,South Alabama,2653,Troy,consensus,9,,,,,
400869830,2016,regular,8,2016-10-20 23:30:00+00:00,6,South Alabama,2653,Troy,numberfire,9.5,,48,,,
400869830,2016,regular,8,2016-10-20 23:30:00+00:00,6,South Alabama,2653,Troy,teamrankings,9.5,,49,,,
400869831,2016,regular,8,2016-10-22 19:30:00+00:00,2026,App State,70,Idaho,consensus,-22,,,,,
400869831,2016,regular,8,2016-10-22 19:30:00+00:00,2026,App State,70,Idaho,numberfire,-21.5,,52.5,,,
400869831,2016,regular,8,2016-10-22 19:30:00+00:00,2026,App State,70,Idaho,teamrankings,-21,,53,,,
400869832,2016,regular,8,2016-10-23 00:00:00+00:00,166,New Mexico State,290,Georgia Southern,consensus,14,,,,,
400869832,2016,regular,8,2016-10-23 00:00:00+00:00,166,New Mexico State,290,Georgia Southern,numberfire,13.5,,64.5,,,
400869832,2016,regular,8,2016-10-23 00:00:00+00:00,166,New Mexico State,290,Georgia Southern,teamrankings,14,,64,,,
400869833,2016,regular,8,2016-10-22 19:30:00+00:00,2247,Georgia State,2630,UT Martin,consensus,-12.5,,,,,
400869834,2016,regular,8,2016-10-22 23:00:00+00:00,326,Texas State,309,Louisiana,consensus,11.5,,,,,
400869834,2016,regular,8,2016-10-22 23:00:00+00:00,326,Texas State,309,Louisiana,numberfire,6,,65,,,
400869834,2016,regular,8,2016-10-22 23:00:00+00:00,326,Texas State,309,Louisiana,teamrankings,6,,65,,,
400869835,2016,regular,9,2016-10-27 23:30:00+00:00,290,Georgia Southern,2026,App State,consensus,4,,,,,
400869835,2016,regular,9,2016-10-27 23:30:00+00:00,290,Georgia Southern,2026,App State,numberfire,5,,46,,,
400869835,2016,regular,9,2016-10-27 23:30:00+00:00,290,Georgia Southern,2026,App State,teamrankings,6,,46.5,,,
400869836,2016,regular,9,2016-10-29 23:00:00+00:00,2032,Arkansas State,2433,UL Monroe,consensus,-17,,,,,
400869836,2016,regular,9,2016-10-29 23:00:00+00:00,2032,Arkansas State,2433,UL Monroe,numberfire,-21,,55,,,
400869836,2016,regular,9,2016-10-29 23:00:00+00:00,2032,Arkansas State,2433,UL Monroe,teamrankings,-21,,55,,,
400869837,2016,regular,9,2016-10-29 21:00:00+00:00,6,South Alabama,2247,Georgia State,consensus,-3.5,,,,,
400869837,2016,regular,9,2016-10-29 21:00:00+00:00,6,South Alabama,2247,Georgia State,numberfire,-5.5,,46.5,,,
400869837,2016,regular,9,2016-10-29 21:00:00+00:00,6,South Alabama,2247,Georgia State,teamrankings,-5,,47.5,,,
400869838,2016,regular,10,2016-11-03 23:30:00+00:00,2247,Georgia State,2032,Arkansas State,consensus,2,,,,,
400869838,2016,regular,10,2016-11-03 23:30:00+00:00,2247,Georgia State,2032,Arkansas State,numberfire,4.5,,48,,,
400869838,2016,regular,10,2016-11-03 23:30:00+00:00,2247,Georgia State,2032,Arkansas State,teamrankings,3.5,,48,,,
400869839,2016,regular,10,2016-11-05 19:30:00+00:00,2026,App State,326,Texas State,consensus,-30,,,,,
400869839,2016,regular,10,2016-11-05 19:30:00+00:00,2026,App State,326,Texas State,numberfire,-31,,54,,,
400869839,2016,regular,10,2016-11-05 19:30:00+00:00,2026,App State,326,Texas State,teamrankings,-31,,53,,,
400869840,2016,regular,10,2016-11-05 21:00:00+00:00,309,Louisiana,70,Idaho,consensus,-7.5,,,,,
400869840,2016,regular,10,2016-11-05 21:00:00+00:00,309,Louisiana,70,Idaho,numberfire,-4.5,,56,,,
400869840,2016,regular,10,2016-11-05 21:00:00+00:00,309,Louisiana,70,Idaho,teamrankings,-5,,56,,,
400869841,2016,regular,10,2016-11-05 21:00:00+00:00,2433,UL Monroe,6,South Alabama,consensus,13.5,,,,,
400869841,2016,regular,10,2016-11-05 21:00:00+00:00,2433,UL Monroe,6,South Alabama,numberfire,10,,50,,,
400869841,2016,regular,10,2016-11-05 21:00:00+00:00,2433,UL Monroe,6,South Alabama,teamrankings,9,,49.5,,,
400869842,2016,regular,11,2016-11-12 20:30:00+00:00,2653,Troy,2026,App State,consensus,-1.5,,,,,
400869842,2016,regular,11,2016-11-12 20:30:00+00:00,2653,Troy,2026,App State,numberfire,-2,,48,,,
400869842,2016,regular,11,2016-11-12 20:30:00+00:00,2653,Troy,2026,App State,teamrankings,-2,,49,,,
400869843,2016,regular,11,2016-11-12 20:00:00+00:00,2032,Arkansas State,166,New Mexico State,consensus,-20.5,,,,,
400869843,2016,regular,11,2016-11-12 20:00:00+00:00,2032,Arkansas State,166,New Mexico State,numberfire,-18,,62.5,,,
400869843,2016,regular,11,2016-11-12 20:00:00+00:00,2032,Arkansas State,166,New Mexico State,teamrankings,-18.5,,63,,,
400869844,2016,regular,11,2016-11-11 00:30:00+00:00,290,Georgia Southern,309,Louisiana,consensus,-10.5,,,,,
400869844,2016,regular,11,2016-11-11 00:30:00+00:00,290,Georgia Southern,309,Louisiana,numberfire,-6.5,,45.5,,,
400869844,2016,regular,11,2016-11-11 00:30:00+00:00,290,Georgia Southern,309,Louisiana,teamrankings,-7.5,,45,,,
400869845,2016,regular,11,2016-11-12 19:00:00+00:00,2247,Georgia State,2433,UL Monroe,consensus,-12.5,,,,,
400869845,2016,regular,11,2016-11-12 19:00:00+00:00,2247,Georgia State,2433,UL Monroe,numberfire,-12.5,,51.5,,,
400869845,2016,regular,11,2016-11-12 19:00:00+00:00,2247,Georgia State,2433,UL Monroe,teamrankings,-12.5,,51.5,,,
400869846,2016,regular,11,2016-11-12 21:00:00+00:00,326,Texas State,70,Idaho,consensus,8,,,,,
400869846,2016,regular,11,2016-11-12 21:00:00+00:00,326,Texas State,70,Idaho,numberfire,10,,61.5,,,
400869846,2016,regular,11,2016-11-12 21:00:00+00:00,326,Texas State,70,Idaho,teamrankings,10,,62,,,
400869847,2016,regular,12,2016-11-18 02:30:00+00:00,2653,Troy,2032,Arkansas State,consensus,-8.5,,,,,
400869847,2016,regular,12,2016-11-18 02:30:00+00:00,2653,Troy,2032,Arkansas State,numberfire,-9,,54.5,,,
400869847,2016,regular,12,2016-11-18 02:30:00+00:00,2653,Troy,2032,Arkansas State,teamrankings,-10,,53.5,,,
400869848,2016,regular,12,2016-11-19 19:30:00+00:00,2026,App State,2433,UL Monroe,consensus,-27.5,,,,,
400869848,2016,regular,12,2016-11-19 19:30:00+00:00,2026,App State,2433,UL Monroe,numberfire,-26,,50.5,,,
400869848,2016,regular,12,2016-11-19 19:30:00+00:00,2026,App State,2433,UL Monroe,teamrankings,-26.5,,52,,,
400869849,2016,regular,12,2016-11-19 19:00:00+00:00,2247,Georgia State,290,Georgia Southern,consensus,3.5,,,,,
400869849,2016,regular,12,2016-11-19 19:00:00+00:00,2247,Georgia State,290,Georgia Southern,numberfire,3,,47.5,,,
400869849,2016,regular,12,2016-11-19 19:00:00+00:00,2247,Georgia State,290,Georgia Southern,teamrankings,3,,47.5,,,
400869850,2016,regular,12,2016-11-19 22:20:00+00:00,166,New Mexico State,326,Texas State,consensus,-6.5,,,,,
400869850,2016,regular,12,2016-11-19 22:20:00+00:00,166,New Mexico State,326,Texas State,numberfire,-10,,67,,,
400869850,2016,regular,12,2016-11-19 22:20:00+00:00,166,New Mexico State,326,Texas State,teamrankings,-10,,66,,,
400869851,2016,regular,13,2016-11-26 21:00:00+00:00,166,New Mexico State,2026,App State,consensus,17,,,,,
400869851,2016,regular,13,2016-11-26 21:00:00+00:00,166,New Mexico State,2026,App State,numberfire,17.5,,59.5,,,
400869851,2016,regular,13,2016-11-26 21:00:00+00:00,166,New Mexico State,2026,App State,teamrankings,20,,60,,,
400869852,2016,regular,13,2016-11-26 17:00:00+00:00,309,Louisiana,2032,Arkansas State,consensus,6.5,,,,,
400869852,2016,regular,13,2016-11-26 17:00:00+00:00,309,Louisiana,2032,Arkansas State,numberfire,5,,49,,,
400869852,2016,regular,13,2016-11-26 17:00:00+00:00,309,Louisiana,2032,Arkansas State,teamrankings,6,,50.5,,,
400869853,2016,regular,13,2016-11-26 20:30:00+00:00,70,Idaho,6,South Alabama,consensus,-2.5,,,,,
400869853,2016,regular,13,2016-11-26 20:30:00+00:00,70,Idaho,6,South Alabama,numberfire,-5.5,,52,,,
400869853,2016,regular,13,2016-11-26 20:30:00+00:00,70,Idaho,6,South Alabama,teamrankings,-7,,53,,,
400869854,2016,regular,13,2016-11-26 21:00:00+00:00,326,Texas State,2653,Troy,consensus,26.5,,,,,
400869854,2016,regular,13,2016-11-26 21:00:00+00:00,326,Texas State,2653,Troy,numberfire,27.5,,59,,,
400869854,2016,regular,13,2016-11-26 21:00:00+00:00,326,Texas State,2653,Troy,teamrankings,28,,57.5,,,
400869855,2016,regular,14,2016-12-04 00:30:00+00:00,326,Texas State,2032,Arkansas State,consensus,21.5,,,,,
400869855,2016,regular,14,2016-12-04 00:30:00+00:00,326,Texas State,2032,Arkansas State,numberfire,26,,53.5,,,
400869855,2016,regular,14,2016-12-04 00:30:00+00:00,326,Texas State,2032,Arkansas State,teamrankings,25.5,,54,,,
400869856,2016,regular,14,2016-12-03 17:00:00+00:00,290,Georgia Southern,2653,Troy,consensus,9,,,,,
400869856,2016,regular,14,2016-12-03 17:00:00+00:00,290,Georgia Southern,2653,Troy,numberfire,7,,52,,,
400869856,2016,regular,14,2016-12-03 17:00:00+00:00,290,Georgia Southern,2653,Troy,teamrankings,7,,53,,,
400869857,2016,regular,14,2016-12-03 22:00:00+00:00,70,Idaho,2247,Georgia State,consensus,-7,,,,,
400869857,2016,regular,14,2016-12-03 22:00:00+00:00,70,Idaho,2247,Georgia State,numberfire,-4,,53,,,
400869857,2016,regular,14,2016-12-03 22:00:00+00:00,70,Idaho,2247,Georgia State,teamrankings,-4,,53.5,,,
400869858,2016,regular,14,2016-12-03 20:00:00+00:00,2433,UL Monroe,309,Louisiana,consensus,9.5,,,,,
400869858,2016,regular,14,2016-12-03 20:00:00+00:00,2433,UL Monroe,309,Louisiana,numberfire,5.5,,52.5,,,
400869858,2016,regular,14,2016-12-03 20:00:00+00:00,2433,UL Monroe,309,Louisiana,teamrankings,5.5,,53,,,
400869859,2016,regular,14,2016-12-03 18:00:00+00:00,6,South Alabama,166,New Mexico State,consensus,-12,,,,,
400869859,2016,regular,14,2016-12-03 18:00:00+00:00,6,South Alabama,166,New Mexico State,numberfire,-11,,58.5,,,
400869859,2016,regular,14,2016-12-03 18:00:00+00:00,6,South Alabama,166,New Mexico State,teamrankings,-11,,57.5,,,
400876038,2016,postseason,1,2016-12-17 19:00:00+00:00,2636,UTSA,167,New Mexico,consensus,7.5,,,,,
400876038,2016,postseason,1,2016-12-17 19:00:00+00:00,2636,UTSA,167,New Mexico,numberfire,9.5,,54,,,
400876038,2016,postseason,1,2016-12-17 19:00:00+00:00,2636,UTSA,167,New Mexico,teamrankings,9,,54,,,
400876039,2016,postseason,1,2016-12-17 20:30:00+00:00,21,San Diego State,248,Houston,consensus,3,,,,,
400876039,2016,postseason,1,2016-12-17 20:30:00+00:00,21,San Diego State,248,Houston,numberfire,5,,51,,,
400876039,2016,postseason,1,2016-12-17 20:30:00+00:00,21,San Diego State,248,Houston,teamrankings,4.5,,50.5,,,
400876040,2016,postseason,1,2016-12-17 22:30:00+00:00,2649,Toledo,2026,App State,consensus,-2.5,,,,,
400876040,2016,postseason,1,2016-12-17 22:30:00+00:00,2649,Toledo,2026,App State,numberfire,1.5,,60.5,,,
400876040,2016,postseason,1,2016-12-17 22:30:00+00:00,2649,Toledo,2026,App State,teamrankings,1,,59.5,,,
400876041,2016,postseason,1,2016-12-18 02:00:00+00:00,309,Louisiana,2572,Southern Miss,consensus,2,,,,,
400876041,2016,postseason,1,2016-12-18 02:00:00+00:00,309,Louisiana,2572,Southern Miss,numberfire,6,,56.5,,,
400876041,2016,postseason,1,2016-12-18 02:00:00+00:00,309,Louisiana,2572,Southern Miss,teamrankings,5.5,,56.5,,,
400876042,2016,postseason,1,2016-12-19 19:30:00+00:00,202,Tulsa,2117,Central Michigan,consensus,-11,,,,,
400876042,2016,postseason,1,2016-12-19 19:30:00+00:00,202,Tulsa,2117,Central Michigan,numberfire,-13.5,,67.5,,,
400876042,2016,postseason,1,2016-12-19 19:30:00+00:00,202,Tulsa,2117,Central Michigan,teamrankings,-13,,67.5,,,
400876043,2016,postseason,1,2016-12-21 00:00:00+00:00,98,Western Kentucky,235,Memphis,consensus,-6.5,,,,,
400876043,2016,postseason,1,2016-12-21 00:00:00+00:00,98,Western Kentucky,235,Memphis,numberfire,-6.5,,78.5,,,
400876043,2016,postseason,1,2016-12-21 00:00:00+00:00,98,Western Kentucky,235,Memphis,teamrankings,-6.5,,78.5,,,
400876044,2016,postseason,1,2016-12-22 02:00:00+00:00,2751,Wyoming,252,BYU,consensus,7.5,,,,,
400876044,2016,postseason,1,2016-12-22 02:00:00+00:00,2751,Wyoming,252,BYU,numberfire,9.5,,57,,,
400876044,2016,postseason,1,2016-12-22 02:00:00+00:00,2751,Wyoming,252,BYU,teamrankings,10,,56,,,
400876045,2016,postseason,1,2016-12-23 00:00:00+00:00,36,Colorado State,70,Idaho,consensus,-13,,,,,
400876045,2016,postseason,1,2016-12-23 00:00:00+00:00,36,Colorado State,70,Idaho,numberfire,-16,,65,,,
400876045,2016,postseason,1,2016-12-23 00:00:00+00:00,36,Colorado State,70,Idaho,teamrankings,-16,,64.5,,,
400876046,2016,postseason,1,2016-12-23 18:00:00+00:00,295,Old Dominion,2199,Eastern Michigan,consensus,-4,,,,,
400876046,2016,postseason,1,2016-12-23 18:00:00+00:00,295,Old Dominion,2199,Eastern Michigan,numberfire,-5.5,,63,,,
400876046,2016,postseason,1,2016-12-23 18:00:00+00:00,295,Old Dominion,2199,Eastern Michigan,teamrankings,-5,,63,,,
400876047,2016,postseason,1,2016-12-23 21:30:00+00:00,2426,Navy,2348,Louisiana Tech,consensus,-1,,,,,
400876047,2016,postseason,1,2016-12-23 21:30:00+00:00,2426,Navy,2348,Louisiana Tech,numberfire,7.5,,67,,,
400876047,2016,postseason,1,2016-12-23 21:30:00+00:00,2426,Navy,2348,Louisiana Tech,teamrankings,7.5,,67,,,
400876048,2016,postseason,1,2016-12-24 01:00:00+00:00,2653,Troy,195,Ohio,consensus,-5,,,,,
400876048,2016,postseason,1,2016-12-24 01:00:00+00:00,2653,Troy,195,Ohio,numberfire,-6,,49.5,,,
400876048,2016,postseason,1,2016-12-24 01:00:00+00:00,2653,Troy,195,Ohio,teamrankings,-6,,49.5,,,
400876049,2016,postseason,1,2016-12-25 01:00:00+00:00,2393,Middle Tennessee,62,Hawai'i,consensus,-4.5,,,,,
400876049,2016,postseason,1,2016-12-25 01:00:00+00:00,2393,Middle Tennessee,62,Hawai'i,numberfire,-7.5,,70,,,
400876049,2016,postseason,1,2016-12-25 01:00:00+00:00,2393,Middle Tennessee,62,Hawai'i,teamrankings,-7.5,,70,,,
400876090,2016,postseason,1,2016-12-26 16:00:00+00:00,344,Mississippi State,193,Miami (OH),consensus,-11.5,,,,,
400876090,2016,postseason,1,2016-12-26 16:00:00+00:00,344,Mississippi State,193,Miami (OH),numberfire,-14.5,,57.5,,,
400876090,2016,postseason,1,2016-12-26 16:00:00+00:00,344,Mississippi State,193,Miami (OH),teamrankings,-14.5,,57.5,,,
400876091,2016,postseason,1,2016-12-26 19:30:00+00:00,103,Boston College,120,Maryland,consensus,-1,,,,,
400876091,2016,postseason,1,2016-12-26 19:30:00+00:00,103,Boston College,120,Maryland,numberfire,1,,43.5,,,
400876091,2016,postseason,1,2016-12-26 19:30:00+00:00,103,Boston College,120,Maryland,teamrankings,1,,43.5,,,
400876092,2016,postseason,1,2016-12-26 22:00:00+00:00,238,Vanderbilt,152,NC State,consensus,4,,,,,
400876092,2016,postseason,1,2016-12-26 22:00:00+00:00,238,Vanderbilt,152,NC State,numberfire,5.5,,46,,,
400876092,2016,postseason,1,2016-12-26 22:00:00+00:00,238,Vanderbilt,152,NC State,teamrankings,6.5,,46.5,,,
400876093,2016,postseason,1,2016-12-27 17:00:00+00:00,249,North Texas,349,Army,consensus,9.5,,,,,
400876093,2016,postseason,1,2016-12-27 17:00:00+00:00,249,North Texas,349,Army,numberfire,10.5,,47,,,
400876093,2016,postseason,1,2016-12-27 17:00:00+00:00,249,North Texas,349,Army,teamrankings,10.5,,47,,,
400876094,2016,postseason,1,2016-12-27 20:30:00+00:00,154,Wake Forest,218,Temple,consensus,12.5,,,,,
400876094,2016,postseason,1,2016-12-27 20:30:00+00:00,154,Wake Forest,218,Temple,numberfire,10.5,,41.5,,,
400876094,2016,postseason,1,2016-12-27 20:30:00+00:00,154,Wake Forest,218,Temple,teamrankings,10.5,,41.5,,,
400876095,2016,postseason,1,2016-12-28 00:00:00+00:00,265,Washington State,135,Minnesota,consensus,-5.5,,,,,
400876095,2016,postseason,1,2016-12-28 00:00:00+00:00,265,Washington State,135,Minnesota,numberfire,-8.5,,61,,,
400876095,2016,postseason,1,2016-12-28 00:00:00+00:00,265,Washington State,135,Minnesota,teamrankings,-8.5,,61,,,
400876096,2016,postseason,1,2016-12-28 03:25:00+00:00,239,Baylor,68,Boise State,consensus,10,,,,,
400876096,2016,postseason,1,2016-12-28 03:25:00+00:00,239,Baylor,68,Boise State,numberfire,7,,70.5,,,
400876096,2016,postseason,1,2016-12-28 03:25:00+00:00,239,Baylor,68,Boise State,teamrankings,7,,70.5,,,
400876097,2016,postseason,1,2016-12-28 19:00:00+00:00,77,Northwestern,221,Pittsburgh,consensus,3,,,,,
400876097,2016,postseason,1,2016-12-28 19:00:00+00:00,77,Northwestern,221,Pittsburgh,numberfire,3.5,,63,,,
400876097,2016,postseason,1,2016-12-28 19:00:00+00:00,77,Northwestern,221,Pittsburgh,teamrankings,3.5,,63,,,
400876098,2016,postseason,1,2016-12-28 22:30:00+00:00,2390,Miami,277,West Virginia,consensus,-1.5,,,,,
400876098,2016,postseason,1,2016-12-28 22:30:00+00:00,2390,Miami,277,West Virginia,numberfire,-3,,58,,,
400876098,2016,postseason,1,2016-12-28 22:30:00+00:00,2390,Miami,277,West Virginia,teamrankings,-3,,57.5,,,
400876099,2016,postseason,1,2016-12-29 02:00:00+00:00,2306,Kansas State,245,Texas A&M,consensus,2.5,,,,,
400876099,2016,postseason,1,2016-12-29 02:00:00+00:00,2306,Kansas State,245,Texas A&M,numberfire,4,,56.5,,,
400876099,2016,postseason,1,2016-12-29 02:00:00+00:00,2306,Kansas State,245,Texas A&M,teamrankings,4,,56,,,
400876100,2016,postseason,1,2016-12-29 19:00:00+00:00,2579,South Carolina,58,South Florida,consensus,11,,,,,
400876100,2016,postseason,1,2016-12-29 19:00:00+00:00,2579,South Carolina,58,South Florida,numberfire,10.5,,60,,,
400876100,2016,postseason,1,2016-12-29 19:00:00+00:00,2579,South Carolina,58,South Florida,teamrankings,10,,58,,,
400876101,2016,postseason,1,2016-12-29 22:30:00+00:00,259,Virginia Tech,8,Arkansas,consensus,-6,,,,,
400876101,2016,postseason,1,2016-12-29 22:30:00+00:00,259,Virginia Tech,8,Arkansas,numberfire,-7,,61.5,,,
400876101,2016,postseason,1,2016-12-29 22:30:00+00:00,259,Virginia Tech,8,Arkansas,teamrankings,-7.5,,61,,,
400876102,2016,postseason,1,2016-12-30 02:00:00+00:00,38,Colorado,197,Oklahoma State,consensus,-2,,,,,
400876102,2016,postseason,1,2016-12-30 02:00:00+00:00,38,Colorado,197,Oklahoma State,numberfire,-3,,64.5,,,
400876102,2016,postseason,1,2016-12-30 02:00:00+00:00,38,Colorado,197,Oklahoma State,teamrankings,-3,,64,,,
400876103,2016,postseason,1,2016-12-30 17:00:00+00:00,2628,TCU,61,Georgia,consensus,-1.5,,,,,
400876103,2016,postseason,1,2016-12-30 17:00:00+00:00,2628,TCU,61,Georgia,numberfire,-3,,49,,,
400876103,2016,postseason,1,2016-12-30 17:00:00+00:00,2628,TCU,61,Georgia,teamrankings,-3,,48.5,,,
400876104,2016,postseason,1,2016-12-30 20:30:00+00:00,2633,Tennessee,158,Nebraska,consensus,-3,,,,,
400876104,2016,postseason,1,2016-12-30 20:30:00+00:00,2633,Tennessee,158,Nebraska,numberfire,-9.5,,60.5,,,
400876104,2016,postseason,1,2016-12-30 20:30:00+00:00,2633,Tennessee,158,Nebraska,teamrankings,-9.5,,59,,,
400876105,2016,postseason,1,2016-12-31 01:00:00+00:00,52,Florida State,130,Michigan,consensus,6.5,,,,,
400876105,2016,postseason,1,2016-12-31 01:00:00+00:00,52,Florida State,130,Michigan,numberfire,7,,49,,,
400876105,2016,postseason,1,2016-12-31 01:00:00+00:00,52,Florida State,130,Michigan,teamrankings,7,,50.5,,,
400876106,2016,postseason,1,2016-12-31 16:00:00+00:00,97,Louisville,99,LSU,numberfire,3,,59,,,
400876106,2016,postseason,1,2016-12-31 16:00:00+00:00,97,Louisville,99,LSU,teamrankings,3,,59.5,,,
400876107,2016,postseason,1,2016-12-31 20:00:00+00:00,333,Alabama,264,Washington,consensus,-14,,,,,
400876107,2016,postseason,1,2016-12-31 20:00:00+00:00,333,Alabama,264,Washington,numberfire,-13,,51.5,,,
400876107,2016,postseason,1,2016-12-31 20:00:00+00:00,333,Alabama,264,Washington,teamrankings,-12.5,,50.5,,,
400876108,2016,postseason,1,2017-01-01 00:00:00+00:00,228,Clemson,194,Ohio State,consensus,3,,,,,
400876108,2016,postseason,1,2017-01-01 00:00:00+00:00,228,Clemson,194,Ohio State,numberfire,1.5,,57.5,,,
400876108,2016,postseason,1,2017-01-01 00:00:00+00:00,228,Clemson,194,Ohio State,teamrankings,1,,56,,,
400876109,2016,postseason,1,2017-01-02 18:00:00+00:00,2294,Iowa,57,Florida,consensus,2,,,,,
400876109,2016,postseason,1,2017-01-02 18:00:00+00:00,2294,Iowa,57,Florida,numberfire,1.5,,40.5,,,
400876109,2016,postseason,1,2017-01-02 18:00:00+00:00,2294,Iowa,57,Florida,teamrankings,1,,41,,,
400876110,2016,postseason,1,2017-01-02 18:00:00+00:00,275,Wisconsin,2711,Western Michigan,consensus,-6.5,,,,,
400876110,2016,postseason,1,2017-01-02 18:00:00+00:00,275,Wisconsin,2711,Western Michigan,numberfire,-9,,54,,,
400876110,2016,postseason,1,2017-01-02 18:00:00+00:00,275,Wisconsin,2711,Western Michigan,teamrankings,-9,,53.5,,,
400876111,2016,postseason,1,2017-01-02 22:00:00+00:00,213,Penn State,30,USC,consensus,6.5,,,,,
400876111,2016,postseason,1,2017-01-02 22:00:00+00:00,213,Penn State,30,USC,numberfire,7.5,,60.5,,,
400876111,2016,postseason,1,2017-01-02 22:00:00+00:00,213,Penn State,30,USC,teamrankings,7,,59.5,,,
400876112,2016,postseason,1,2017-01-03 01:50:00+00:00,201,Oklahoma,2,Auburn,consensus,-5.5,,,,,
400876112,2016,postseason,1,2017-01-03 01:50:00+00:00,201,Oklahoma,2,Auburn,numberfire,-2,,66,,,
400876112,2016,postseason,1,2017-01-03 01:50:00+00:00,201,Oklahoma,2,Auburn,teamrankings,-2,,67,,,
400876113,2016,postseason,1,2016-12-31 16:00:00+00:00,96,Kentucky,59,Georgia Tech,consensus,5,,,,,
400876113,2016,postseason,1,2016-12-31 16:00:00+00:00,96,Kentucky,59,Georgia Tech,numberfire,3,,61.5,,,
400876113,2016,postseason,1,2016-12-31 16:00:00+00:00,96,Kentucky,59,Georgia Tech,teamrankings,3,,61,,,
400876570,2016,postseason,1,2017-01-10 01:00:00+00:00,333,Alabama,228,Clemson,consensus,-6,,,,,
400876570,2016,postseason,1,2017-01-10 01:00:00+00:00,333,Alabama,228,Clemson,numberfire,-6.5,,51,,,
400876570,2016,postseason,1,2017-01-10 01:00:00+00:00,333,Alabama,228,Clemson,teamrankings,-6.5,,51,,,
400878692,2016,postseason,1,2016-12-30 19:00:00+00:00,153,North Carolina,24,Stanford,consensus,2.5,,,,,
400878692,2016,postseason,1,2016-12-30 19:00:00+00:00,153,North Carolina,24,Stanford,numberfire,2.5,,55,,,
400878692,2016,postseason,1,2016-12-30 19:00:00+00:00,153,North Carolina,24,Stanford,teamrankings,2.5,,54.5,,,
400903226,2016,postseason,1,2016-12-29 01:30:00+00:00,254,Utah,84,Indiana,consensus,-6.5,,,,,
400903226,2016,postseason,1,2016-12-29 01:30:00+00:00,254,Utah,84,Indiana,numberfire,-4,,54,,,
400903226,2016,postseason,1,2016-12-29 01:30:00+00:00,254,Utah,84,Indiana,teamrankings,-3.5,,54,,,
400903611,2016,postseason,1,2016-12-17 22:30:00+00:00,2116,UCF,2032,Arkansas State,consensus,6.5,,,,,
400903611,2016,postseason,1,2016-12-17 22:30:00+00:00,2116,UCF,2032,Arkansas State,numberfire,4,,51,,,
400903611,2016,postseason,1,2016-12-17 22:30:00+00:00,2116,UCF,2032,Arkansas State,teamrankings,-4,,51,,,
400921256,2016,regular,10,2016-11-05 21:00:00+00:00,2116,UCF,2655,Tulane,consensus,-16.5,,,,,
400921256,2016,regular,10,2016-11-05 21:00:00+00:00,2116,UCF,2655,Tulane,numberfire,-16.5,,47.5,,,
400921256,2016,regular,10,2016-11-05 21:00:00+00:00,2116,UCF,2655,Tulane,teamrankings,-16.5,,47,,,
400922541,2016,regular,12,2016-11-19 21:00:00+00:00,151,East Carolina,2426,Navy,consensus,8,,,,,
400922541,2016,regular,12,2016-11-19 21:00:00+00:00,151,East Carolina,2426,Navy,numberfire,9.5,,64.5,,,
400922541,2016,regular,12,2016-11-19 21:00:00+00:00,151,East Carolina,2426,Navy,teamrankings,9.5,,64,,,
400922862,2016,regular,12,2016-11-19 18:00:00+00:00,99,LSU,57,Florida,consensus,-10.5,,,,,
400922862,2016,regular,12,2016-11-19 18:00:00+00:00,99,LSU,57,Florida,numberfire,-14,,37.5,,,
400922862,2016,regular,12,2016-11-19 18:00:00+00:00,99,LSU,57,Florida,teamrankings,-14,,38,,,
400925661,2016,regular,12,2016-11-20 00:00:00+00:00,6,South Alabama,2506,Presbyterian,consensus,-31,,,,,
400926941,2016,regular,14,2016-12-03 00:00:00+00:00,195,Ohio,2711,Western Michigan,consensus,17,,,,,
400926941,2016,regular,14,2016-12-03 00:00:00+00:00,195,Ohio,2711,Western Michigan,numberfire,16.5,,57.5,,,
400926941,2016,regular,14,2016-12-03 00:00:00+00:00,195,Ohio,2711,Western Michigan,teamrankings,16.5,,58,,,
400926942,2016,regular,14,2016-12-03 02:00:00+00:00,264,Washington,38,Colorado,consensus,-6,,,,,
400926942,2016,regular,14,2016-12-03 02:00:00+00:00,264,Washington,38,Colorado,numberfire,-8,,55,,,
400926942,2016,regular,14,2016-12-03 02:00:00+00:00,264,Washington,38,Colorado,teamrankings,-8.5,,55.5,,,
400926943,2016,regular,14,2016-12-03 21:00:00+00:00,57,Florida,333,Alabama,consensus,21.5,,,,,
400926943,2016,regular,14,2016-12-03 21:00:00+00:00,57,Florida,333,Alabama,numberfire,24,,40.5,,,
400926943,2016,regular,14,2016-12-03 21:00:00+00:00,57,Florida,333,Alabama,teamrankings,24,,40.5,,,
400926944,2016,regular,14,2016-12-04 01:00:00+00:00,259,Virginia Tech,228,Clemson,consensus,8.5,,,,,
400926944,2016,regular,14,2016-12-04 01:00:00+00:00,259,Virginia Tech,228,Clemson,numberfire,10.5,,59,,,
400926944,2016,regular,14,2016-12-04 01:00:00+00:00,259,Virginia Tech,228,Clemson,teamrankings,10,,58.5,,,
400926946,2016,regular,14,2016-12-04 01:00:00+00:00,213,Penn State,275,Wisconsin,consensus,1,,,,,
400926946,2016,regular,14,2016-12-04 01:00:00+00:00,213,Penn State,275,Wisconsin,numberfire,2.5,,44.5,,,
400926946,2016,regular,14,2016-12-04 01:00:00+00:00,213,Penn State,275,Wisconsin,teamrankings,3,,47,,,
400926947,2016,regular,14,2016-12-03 17:00:00+00:00,2426,Navy,218,Temple,consensus,-1.5,,,,,
400926947,2016,regular,14,2016-12-03 17:00:00+00:00,2426,Navy,218,Temple,numberfire,-1,,60,,,
400926947,2016,regular,14,2016-12-03 17:00:00+00:00,2426,Navy,218,Temple,teamrankings,-1.5,,59.5,,,
400926948,2016,regular,14,2016-12-03 17:00:00+00:00,98,Western Kentucky,2348,Louisiana Tech,consensus,-7.5,,,,,
400926948,2016,regular,14,2016-12-03 17:00:00+00:00,98,Western Kentucky,2348,Louisiana Tech,numberfire,-13,,78,,,
400926948,2016,regular,14,2016-12-03 17:00:00+00:00,98,Western Kentucky,2348,Louisiana Tech,teamrankings,-12,,78.5,,,
400926949,2016,regular,14,2016-12-04 00:45:00+00:00,2751,Wyoming,21,San Diego State,consensus,7,,,,,
400926949,2016,regular,14,2016-12-04 00:45:00+00:00,2751,Wyoming,21,San Diego State,numberfire,7.5,,57,,,
400926949,2016,regular,14,2016-12-04 00:45:00+00:00,2751,Wyoming,21,San Diego State,teamrankings,7,,57.5,,,
400928102,2016,postseason,1,2016-12-30 22:30:00+00:00,2005,Air Force,6,South Alabama,consensus,-14,,,,,
400928102,2016,postseason,1,2016-12-30 22:30:00+00:00,2005,Air Force,6,South Alabama,numberfire,-14,,54,,,
400928102,2016,postseason,1,2016-12-30 22:30:00+00:00,2005,Air Force,6,South Alabama,teamrankings,-14.5,,54,,,
