game_id,season,season_type,week,start_date,home_team_id,home_team,away_team_id,away_team,provider,spread,spread_open,over_under,over_under_open,home_moneyline,away_moneyline
401520145,2023,regular,1,2023-08-26 21:30:00+00:00,55,Jacksonville State,2638,UTEP,Bovada,1,-2.5,53.5,52.5,-105,-115
401520145,2023,regular,1,2023-08-26 21:30:00+00:00,55,Jacksonville State,2638,UTEP,DraftKings,,,51.5,51.5,-110,-110
401520145,2023,regular,1,2023-08-26 21:30:00+00:00,55,Jacksonville State,2638,UTEP,William Hill (New Jersey),1.5,,54.5,,,
401520145,2023,regular,1,2023-08-26 21:30:00+00:00,55,Jacksonville State,2638,UTEP,teamrankings,1,,52,,,
401520146,2023,regular,1,2023-08-27 01:00:00+00:00,2348,Louisiana Tech,2229,Florida International,Bovada,-11,-9.5,58.5,59,-450,335
401520146,2023,regular,1,2023-08-27 01:00:00+00:00,2348,Louisiana Tech,2229,Florida International,DraftKings,-10,-10,59,59,-360,285
401520146,2023,regular,1,2023-08-27 01:00:00+00:00,2348,Louisiana Tech,2229,Florida International,William Hill (New Jersey),-12,,57.5,,,
401520146,2023,regular,1,2023-08-27 01:00:00+00:00,2348,Louisiana Tech,2229,Florida International,consensus,-10,,59,,,
401520146,2023,regular,1,2023-08-27 01:00:00+00:00,2348,Louisiana Tech,2229,Florida International,teamrankings,-10,,58.5,,,
401520147,2023,regular,1,2023-08-26 23:30:00+00:00,238,Vanderbilt,62,Hawai'i,Bovada,-18,-18,56,56,-1000,625
401520147,2023,regular,1,2023-08-26 23:30:00+00:00,238,Vanderbilt,62,Hawai'i,DraftKings,-18,-18,54.5,54.5,-1050,675
401520147,2023,regular,1,2023-08-26 23:30:00+00:00,238,Vanderbilt,62,Hawai'i,William Hill (New Jersey),-17,,54.5,,,
401520147,2023,regular,1,2023-08-26 23:30:00+00:00,238,Vanderbilt,62,Hawai'i,teamrankings,-17.5,,55,,,
401520148,2023,regular,1,2023-09-01 00:00:00+00:00,135,Minnesota,158,Nebraska,Bovada,-7.5,-6.5,43,47,-300,250
401520148,2023,regular,1,2023-09-01 00:00:00+00:00,135,Minnesota,158,Nebraska,DraftKings,-7.5,-6.5,43,46.5,-305,245
401520148,2023,regular,1,2023-09-01 00:00:00+00:00,135,Minnesota,158,Nebraska,William Hill (New Jersey),-7.5,,43,,,
401520148,2023,regular,1,2023-09-01 00:00:00+00:00,135,Minnesota,158,Nebraska,consensus,-7,,46,,,
401520148,2023,regular,1,2023-09-01 00:00:00+00:00,135,Minnesota,158,Nebraska,teamrankings,-7,,46,,,
401520149,2023,regular,1,2023-09-02 23:30:00+00:00,333,Alabama,2393,Middle Tennessee,Bovada,-39.5,-39,51.5,54,,
401520149,2023,regular,1,2023-09-02 23:30:00+00:00,333,Alabama,2393,Middle Tennessee,DraftKings,-39.5,-39,51.5,55,,
401520149,2023,regular,1,2023-09-02 23:30:00+00:00,333,Alabama,2393,Middle Tennessee,William Hill (New Jersey),-39.5,,52,,,
401520149,2023,regular,1,2023-09-02 23:30:00+00:00,333,Alabama,2393,Middle Tennessee,teamrankings,-39,,54.5,,,
401520150,2023,regular,1,2023-09-02 20:00:00+00:00,8,Arkansas,2717,Western Carolina,Bovada,-38,-35,61.5,61.5,-20000,1800
401520150,2023,regular,1,2023-09-02 20:00:00+00:00,8,Arkansas,2717,Western Carolina,William Hill (New Jersey),-38,,61,,,
401520151,2023,regular,1,2023-09-02 19:30:00+00:00,2,Auburn,113,Massachusetts,Bovada,-35,-37,51,51.5,,
401520151,2023,regular,1,2023-09-02 19:30:00+00:00,2,Auburn,113,Massachusetts,Caesars Sportsbook (Colorado),-35,,52,,,
401520151,2023,regular,1,2023-09-02 19:30:00+00:00,2,Auburn,113,Massachusetts,DraftKings,-35,-39.5,52,53.5,,
401520151,2023,regular,1,2023-09-02 19:30:00+00:00,2,Auburn,113,Massachusetts,consensus,-39,,53.5,,,
401520151,2023,regular,1,2023-09-02 19:30:00+00:00,2,Auburn,113,Massachusetts,teamrankings,-39,,53,,,
401520152,2023,regular,1,2023-09-03 02:15:00+00:00,252,BYU,2534,Sam Houston,Bovada,-20,-20,46.5,51,-2000,950
401520152,2023,regular,1,2023-09-03 02:15:00+00:00,252,BYU,2534,Sam Houston,DraftKings,-20,-23.5,46.5,51.5,-1200,850
401520152,2023,regular,1,2023-09-03 02:15:00+00:00,252,BYU,2534,Sam Houston,William Hill (New Jersey),-19,,46.5,,,
401520152,2023,regular,1,2023-09-03 02:15:00+00:00,252,BYU,2534,Sam Houston,teamrankings,-22.5,,50.5,,,
401520153,2023,regular,1,2023-09-02 22:30:00+00:00,2229,Florida International,311,Maine,Bovada,-15,-10,46.5,49.5,-415,310
401520153,2023,regular,1,2023-09-02 22:30:00+00:00,2229,Florida International,311,Maine,William Hill (New Jersey),-15,,46,,,
401520154,2023,regular,1,2023-09-02 22:00:00+00:00,61,Georgia,2630,UT Martin,Bovada,-51,-50,58,55.5,,
401520154,2023,regular,1,2023-09-02 22:00:00+00:00,61,Georgia,2630,UT Martin,William Hill (New Jersey),-50,,56.5,,,
401520155,2023,regular,1,2023-09-02 23:30:00+00:00,356,Illinois,2649,Toledo,Bovada,-7.5,-9.5,45,46,-370,285
401520155,2023,regular,1,2023-09-02 23:30:00+00:00,356,Illinois,2649,Toledo,DraftKings,-9.5,-10,45.5,49.5,-290,280
401520155,2023,regular,1,2023-09-02 23:30:00+00:00,356,Illinois,2649,Toledo,William Hill (New Jersey),-7,,45.5,,,
401520155,2023,regular,1,2023-09-02 23:30:00+00:00,356,Illinois,2649,Toledo,consensus,-10,,49.5,,,
401520155,2023,regular,1,2023-09-02 23:30:00+00:00,356,Illinois,2649,Toledo,teamrankings,-9,,49.5,,,
401520156,2023,regular,1,2023-09-02 19:30:00+00:00,84,Indiana,194,Ohio State,Bovada,30,28,59.5,59.5,1600,-10000
401520156,2023,regular,1,2023-09-02 19:30:00+00:00,84,Indiana,194,Ohio State,DraftKings,30,28.5,59,60,2500,-8000
401520156,2023,regular,1,2023-09-02 19:30:00+00:00,84,Indiana,194,Ohio State,William Hill (New Jersey),30,,59,,,
401520156,2023,regular,1,2023-09-02 19:30:00+00:00,84,Indiana,194,Ohio State,consensus,27.5,,59.5,,,
401520156,2023,regular,1,2023-09-02 19:30:00+00:00,84,Indiana,194,Ohio State,teamrankings,28,,59.5,,,
401520157,2023,regular,1,2023-09-02 16:00:00+00:00,2294,Iowa,328,Utah State,Bovada,-24,-26,43.5,43.5,-2800,1100
401520157,2023,regular,1,2023-09-02 16:00:00+00:00,2294,Iowa,328,Utah State,DraftKings,-23.5,-23.5,43.5,43.5,-2100,1100
401520157,2023,regular,1,2023-09-02 16:00:00+00:00,2294,Iowa,328,Utah State,William Hill (New Jersey),-24,,43.5,,,
401520157,2023,regular,1,2023-09-02 16:00:00+00:00,2294,Iowa,328,Utah State,teamrankings,-23,,43,,,
401520158,2023,regular,1,2023-09-02 18:00:00+00:00,55,Jacksonville State,2193,East Tennessee State,Bovada,-20,-13.5,55,54.5,-675,460
401520158,2023,regular,1,2023-09-02 18:00:00+00:00,55,Jacksonville State,2193,East Tennessee State,William Hill (New Jersey),-20.5,,55,,,
401520159,2023,regular,1,2023-09-02 16:00:00+00:00,96,Kentucky,2050,Ball State,Bovada,-25.5,-26,48.5,49,-5000,1200
401520159,2023,regular,1,2023-09-02 16:00:00+00:00,96,Kentucky,2050,Ball State,DraftKings,-26.5,-26.5,49,48,-4000,1700
401520159,2023,regular,1,2023-09-02 16:00:00+00:00,96,Kentucky,2050,Ball State,William Hill (New Jersey),-25,,49,,,
401520159,2023,regular,1,2023-09-02 16:00:00+00:00,96,Kentucky,2050,Ball State,teamrankings,-26.5,,48.5,,,
401520160,2023,regular,1,2023-09-02 16:00:00+00:00,2335,Liberty,189,Bowling Green,Bovada,-7,-12.5,48,50,-500,360
401520160,2023,regular,1,2023-09-02 16:00:00+00:00,2335,Liberty,189,Bowling Green,DraftKings,-9.5,-12.5,49.5,51.5,-305,275
401520160,2023,regular,1,2023-09-02 16:00:00+00:00,2335,Liberty,189,Bowling Green,William Hill (New Jersey),-8.5,,48.5,,,
401520160,2023,regular,1,2023-09-02 16:00:00+00:00,2335,Liberty,189,Bowling Green,teamrankings,-12,,51.5,,,
401520161,2023,regular,1,2023-09-02 19:30:00+00:00,120,Maryland,119,Towson,Bovada,-38.5,-38.5,56.5,49,,
401520161,2023,regular,1,2023-09-02 19:30:00+00:00,120,Maryland,119,Towson,William Hill (New Jersey),-38.5,,55.5,,,
401520162,2023,regular,1,2023-09-02 16:00:00+00:00,130,Michigan,151,East Carolina,Bovada,-35.5,-34,53.5,52,,
401520162,2023,regular,1,2023-09-02 16:00:00+00:00,130,Michigan,151,East Carolina,DraftKings,-36,-34.5,51.5,51.5,,
401520162,2023,regular,1,2023-09-02 16:00:00+00:00,130,Michigan,151,East Carolina,William Hill (New Jersey),-36,,53.5,,,
401520162,2023,regular,1,2023-09-02 16:00:00+00:00,130,Michigan,151,East Carolina,consensus,-34.5,,52,,,
401520162,2023,regular,1,2023-09-02 16:00:00+00:00,130,Michigan,151,East Carolina,teamrankings,-35,,51.5,,,
401520163,2023,regular,1,2023-09-01 23:00:00+00:00,127,Michigan State,2117,Central Michigan,Bovada,-14,-14,44.5,52,-675,460
401520163,2023,regular,1,2023-09-01 23:00:00+00:00,127,Michigan State,2117,Central Michigan,DraftKings,-14,-14.5,45.5,49.5,-575,470
401520163,2023,regular,1,2023-09-01 23:00:00+00:00,127,Michigan State,2117,Central Michigan,William Hill (New Jersey),-14,,45,,,
401520163,2023,regular,1,2023-09-01 23:00:00+00:00,127,Michigan State,2117,Central Michigan,consensus,-15,,50,,,
401520163,2023,regular,1,2023-09-01 23:00:00+00:00,127,Michigan State,2117,Central Michigan,teamrankings,-14.5,,49.5,,,
401520164,2023,regular,1,2023-09-02 20:00:00+00:00,344,Mississippi State,2545,SE Louisiana,Bovada,-31.5,-28,59.5,58.5,,
401520164,2023,regular,1,2023-09-02 20:00:00+00:00,344,Mississippi State,2545,SE Louisiana,William Hill (New Jersey),-31.5,,59.5,,,
401520165,2023,regular,1,2023-09-01 00:00:00+00:00,142,Missouri,233,South Dakota,Bovada,-28,-29,45.5,46.5,-10000,1600
401520165,2023,regular,1,2023-09-01 00:00:00+00:00,142,Missouri,233,South Dakota,DraftKings,-27,-27.5,44.5,44.5,-6500,2000
401520165,2023,regular,1,2023-09-01 00:00:00+00:00,142,Missouri,233,South Dakota,William Hill (New Jersey),-27,,44.5,,,
401520166,2023,regular,1,2023-09-03 01:00:00+00:00,166,New Mexico State,2710,Western Illinois,Bovada,-21,-17,55,53,-1200,700
401520166,2023,regular,1,2023-09-03 01:00:00+00:00,166,New Mexico State,2710,Western Illinois,William Hill (New Jersey),-21,,55,,,
401520167,2023,regular,1,2023-09-02 23:30:00+00:00,153,North Carolina,2579,South Carolina,Bovada,-2,-3,63.5,62.5,105,-125
401520167,2023,regular,1,2023-09-02 23:30:00+00:00,153,North Carolina,2579,South Carolina,DraftKings,-2.5,-2.5,64.5,62.5,-142,120
401520167,2023,regular,1,2023-09-02 23:30:00+00:00,153,North Carolina,2579,South Carolina,William Hill (New Jersey),2.5,,63.5,,,
401520167,2023,regular,1,2023-09-02 23:30:00+00:00,153,North Carolina,2579,South Carolina,consensus,2.5,,62.5,,,
401520167,2023,regular,1,2023-09-02 23:30:00+00:00,153,North Carolina,2579,South Carolina,teamrankings,2.5,,62.5,,,
401520168,2023,regular,1,2023-09-02 18:00:00+00:00,145,Ole Miss,2382,Mercer,Bovada,-34,-31.5,58.5,55,,
401520168,2023,regular,1,2023-09-02 18:00:00+00:00,145,Ole Miss,2382,Mercer,William Hill (New Jersey),-35,,59.5,,,
401520169,2023,regular,1,2023-09-02 23:30:00+00:00,213,Penn State,277,West Virginia,Bovada,-20.5,-20,48,53.5,-1400,750
401520169,2023,regular,1,2023-09-02 23:30:00+00:00,213,Penn State,277,West Virginia,Caesars Sportsbook (Colorado),-21,,48,,,
401520169,2023,regular,1,2023-09-02 23:30:00+00:00,213,Penn State,277,West Virginia,DraftKings,-20.5,-20.5,48,53.5,-1600,850
401520169,2023,regular,1,2023-09-02 23:30:00+00:00,213,Penn State,277,West Virginia,consensus,-20.5,,53.5,,,
401520169,2023,regular,1,2023-09-02 23:30:00+00:00,213,Penn State,277,West Virginia,teamrankings,-20.5,,53.5,,,
401520170,2023,regular,1,2023-09-02 16:00:00+00:00,2509,Purdue,278,Fresno State,Bovada,-4,-5.5,46.5,51.5,-180,155
401520170,2023,regular,1,2023-09-02 16:00:00+00:00,2509,Purdue,278,Fresno State,DraftKings,-4,-5.5,47,51.5,-180,154
401520170,2023,regular,1,2023-09-02 16:00:00+00:00,2509,Purdue,278,Fresno State,William Hill (New Jersey),-4,,47,,,
401520170,2023,regular,1,2023-09-02 16:00:00+00:00,2509,Purdue,278,Fresno State,consensus,-5.5,,51.5,,,
401520170,2023,regular,1,2023-09-02 16:00:00+00:00,2509,Purdue,278,Fresno State,teamrankings,-4,,50.5,,,
401520171,2023,regular,1,2023-09-03 16:00:00+00:00,164,Rutgers,77,Northwestern,Bovada,-5,-6,38,40.5,-270,220
401520171,2023,regular,1,2023-09-03 16:00:00+00:00,164,Rutgers,77,Northwestern,Caesars Sportsbook (Colorado),-5,,39,,,
401520171,2023,regular,1,2023-09-03 16:00:00+00:00,164,Rutgers,77,Northwestern,DraftKings,-6.5,-6.5,39.5,40,-198,205
401520171,2023,regular,1,2023-09-03 16:00:00+00:00,164,Rutgers,77,Northwestern,consensus,-7,,40.5,,,
401520171,2023,regular,1,2023-09-03 16:00:00+00:00,164,Rutgers,77,Northwestern,teamrankings,-7,,40.5,,,
401520172,2023,regular,1,2023-09-02 16:00:00+00:00,2567,SMU,2348,Louisiana Tech,Bovada,-21,-17,66.5,65.5,-1000,625
401520172,2023,regular,1,2023-09-02 16:00:00+00:00,2567,SMU,2348,Louisiana Tech,Caesars Sportsbook (Colorado),-21,,66,,,
401520172,2023,regular,1,2023-09-02 16:00:00+00:00,2567,SMU,2348,Louisiana Tech,DraftKings,-20,-16.5,66.5,65.5,-1450,800
401520172,2023,regular,1,2023-09-02 16:00:00+00:00,2567,SMU,2348,Louisiana Tech,teamrankings,-18.5,,65.5,,,
401520173,2023,regular,1,2023-09-02 23:00:00+00:00,245,Texas A&M,167,New Mexico,Bovada,-38,-38.5,49,49,,
401520173,2023,regular,1,2023-09-02 23:00:00+00:00,245,Texas A&M,167,New Mexico,DraftKings,-38,-38.5,49,49,,
401520173,2023,regular,1,2023-09-02 23:00:00+00:00,245,Texas A&M,167,New Mexico,William Hill (New Jersey),-37.5,,48.5,,,
401520173,2023,regular,1,2023-09-02 23:00:00+00:00,245,Texas A&M,167,New Mexico,teamrankings,-38,,48.5,,,
401520174,2023,regular,1,2023-08-31 23:30:00+00:00,41,UConn,152,NC State,Bovada,14.5,16,48,50,500,-750
401520174,2023,regular,1,2023-08-31 23:30:00+00:00,41,UConn,152,NC State,Caesars Sportsbook (Colorado),14.5,,47.5,,,
401520174,2023,regular,1,2023-08-31 23:30:00+00:00,41,UConn,152,NC State,DraftKings,14.5,15.5,48,48,500,-675
401520174,2023,regular,1,2023-08-31 23:30:00+00:00,41,UConn,152,NC State,consensus,16.5,,48,,,
401520174,2023,regular,1,2023-08-31 23:30:00+00:00,41,UConn,152,NC State,teamrankings,15,,47.5,,,
401520175,2023,regular,1,2023-09-02 23:00:00+00:00,2433,UL Monroe,349,Army,Bovada,8.5,10,47.5,47.5,240,-290
401520175,2023,regular,1,2023-09-02 23:00:00+00:00,2433,UL Monroe,349,Army,DraftKings,9,7.5,47,48.5,270,-355
401520175,2023,regular,1,2023-09-02 23:00:00+00:00,2433,UL Monroe,349,Army,William Hill (New Jersey),8.5,,47,,,
401520175,2023,regular,1,2023-09-02 23:00:00+00:00,2433,UL Monroe,349,Army,teamrankings,7.5,,48.5,,,
401520176,2023,regular,1,2023-09-01 00:00:00+00:00,254,Utah,57,Florida,Bovada,-5.5,-8.5,44,51,-230,190
401520176,2023,regular,1,2023-09-01 00:00:00+00:00,254,Utah,57,Florida,Caesars Sportsbook (Colorado),-5.5,,44.5,,,
401520176,2023,regular,1,2023-09-01 00:00:00+00:00,254,Utah,57,Florida,DraftKings,-5.5,-8,44.5,48,-225,185
401520176,2023,regular,1,2023-09-01 00:00:00+00:00,254,Utah,57,Florida,consensus,-8,,48,,,
401520176,2023,regular,1,2023-09-01 00:00:00+00:00,254,Utah,57,Florida,teamrankings,-7,,46.5,,,
401520177,2023,regular,1,2023-09-03 01:00:00+00:00,2638,UTEP,2916,Incarnate Word,Bovada,-7.5,-7,57.5,57.5,-280,230
401520177,2023,regular,1,2023-09-03 01:00:00+00:00,2638,UTEP,2916,Incarnate Word,William Hill (New Jersey),-7.5,,57.5,,,
401520178,2023,regular,1,2023-09-02 23:00:00+00:00,238,Vanderbilt,2010,Alabama A&M,Bovada,-35,-36,53.5,57,,
401520178,2023,regular,1,2023-09-02 23:00:00+00:00,238,Vanderbilt,2010,Alabama A&M,William Hill (New Jersey),-35,,53.5,,,
401520179,2023,regular,1,2023-09-02 16:00:00+00:00,2633,Tennessee,258,Virginia,Bovada,-27,-27.5,55.5,56.5,,
401520179,2023,regular,1,2023-09-02 16:00:00+00:00,2633,Tennessee,258,Virginia,DraftKings,-28,-28,56,58.5,-4500,1800
401520179,2023,regular,1,2023-09-02 16:00:00+00:00,2633,Tennessee,258,Virginia,William Hill (New Jersey),-27.5,,56,,,
401520179,2023,regular,1,2023-09-02 16:00:00+00:00,2633,Tennessee,258,Virginia,consensus,-28,,58.5,,,
401520179,2023,regular,1,2023-09-02 16:00:00+00:00,2633,Tennessee,258,Virginia,teamrankings,-28,,58.5,,,
401520180,2023,regular,1,2023-09-02 19:30:00+00:00,275,Wisconsin,2084,Buffalo,Bovada,-28.5,-24.5,52.5,54.5,-7500,1400
401520180,2023,regular,1,2023-09-02 19:30:00+00:00,275,Wisconsin,2084,Buffalo,DraftKings,-28,-24.5,54,54.5,-8000,1800
401520180,2023,regular,1,2023-09-02 19:30:00+00:00,275,Wisconsin,2084,Buffalo,William Hill (New Jersey),-29,,52.5,,,
401520180,2023,regular,1,2023-09-02 19:30:00+00:00,275,Wisconsin,2084,Buffalo,consensus,-24,,55,,,
401520180,2023,regular,1,2023-09-02 19:30:00+00:00,275,Wisconsin,2084,Buffalo,teamrankings,-25.5,,55,,,
401520181,2023,regular,1,2023-09-02 19:30:00+00:00,98,Western Kentucky,58,South Florida,Bovada,-13,-11.5,71.5,70,-480,350
401520181,2023,regular,1,2023-09-02 19:30:00+00:00,98,Western Kentucky,58,South Florida,Caesars Sportsbook (Colorado),-13.5,,71.5,,,
401520181,2023,regular,1,2023-09-02 19:30:00+00:00,98,Western Kentucky,58,South Florida,DraftKings,-11.5,-13.5,70,71,-535,350
401520181,2023,regular,1,2023-09-02 19:30:00+00:00,98,Western Kentucky,58,South Florida,teamrankings,-13.5,,70.5,,,
401520182,2023,regular,1,2023-09-03 23:30:00+00:00,52,Florida State,99,LSU,Bovada,1.5,2,57,56.5,125,-145
401520182,2023,regular,1,2023-09-03 23:30:00+00:00,52,Florida State,99,LSU,DraftKings,2.5,2.5,56.5,55.5,110,-135
401520182,2023,regular,1,2023-09-03 23:30:00+00:00,52,Florida State,99,LSU,William Hill (New Jersey),2,,56.5,,,
401520182,2023,regular,1,2023-09-03 23:30:00+00:00,52,Florida State,99,LSU,consensus,2.5,,55.5,,,
401520182,2023,regular,1,2023-09-03 23:30:00+00:00,52,Florida State,99,LSU,teamrankings,2.5,,56,,,
401520183,2023,regular,2,2023-09-09 23:00:00+00:00,333,Alabama,251,Texas,Bovada,-7.5,-6.5,53.5,56,-300,250
401520183,2023,regular,2,2023-09-09 23:00:00+00:00,333,Alabama,251,Texas,DraftKings,-7,-7,53.5,,-298,220
401520183,2023,regular,2,2023-09-09 23:00:00+00:00,333,Alabama,251,Texas,William Hill (New Jersey),-7,,53,,,
401520184,2023,regular,2,2023-09-09 20:00:00+00:00,8,Arkansas,2309,Kent State,Bovada,-38.5,-38,57.5,59.5,,
401520184,2023,regular,2,2023-09-09 20:00:00+00:00,8,Arkansas,2309,Kent State,DraftKings,-38.5,-38,58,58,,
401520184,2023,regular,2,2023-09-09 20:00:00+00:00,8,Arkansas,2309,Kent State,William Hill (New Jersey),-38,,57.5,,,
401520185,2023,regular,2,2023-09-09 16:00:00+00:00,349,Army,2169,Delaware State,DraftKings,-39.5,-39.5,44,44,,
401520185,2023,regular,2,2023-09-09 16:00:00+00:00,349,Army,2169,Delaware State,William Hill (New Jersey),-39.5,,44,,,
401520186,2023,regular,2,2023-09-10 02:30:00+00:00,25,California,2,Auburn,Bovada,5,7,55.5,57,225,-275
401520186,2023,regular,2,2023-09-10 02:30:00+00:00,25,California,2,Auburn,DraftKings,4.5,6,55.5,,170,-192
401520186,2023,regular,2,2023-09-10 02:30:00+00:00,25,California,2,Auburn,William Hill (New Jersey),5,,55.5,,,
401520187,2023,regular,2,2023-09-09 23:00:00+00:00,324,Coastal Carolina,55,Jacksonville State,Bovada,-14,-13,61,56.5,-550,390
401520187,2023,regular,2,2023-09-09 23:00:00+00:00,324,Coastal Carolina,55,Jacksonville State,DraftKings,-13.5,-14,61,61,-550,410
401520187,2023,regular,2,2023-09-09 23:00:00+00:00,324,Coastal Carolina,55,Jacksonville State,William Hill (New Jersey),-13.5,,61,,,
401520188,2023,regular,2,2023-09-09 16:00:00+00:00,38,Colorado,158,Nebraska,Bovada,-3,-2.5,56.5,58.5,-150,130
401520188,2023,regular,2,2023-09-09 16:00:00+00:00,38,Colorado,158,Nebraska,DraftKings,-3,7.5,57,,-155,130
401520188,2023,regular,2,2023-09-09 16:00:00+00:00,38,Colorado,158,Nebraska,William Hill (New Jersey),-2.5,,56.5,,,
401520189,2023,regular,2,2023-09-09 22:30:00+00:00,2229,Florida International,249,North Texas,Bovada,10.5,14,51.5,53.5,410,-585
401520189,2023,regular,2,2023-09-09 22:30:00+00:00,2229,Florida International,249,North Texas,DraftKings,11,12,52,51,360,-410
401520189,2023,regular,2,2023-09-09 22:30:00+00:00,2229,Florida International,249,North Texas,William Hill (New Jersey),10.5,,51.5,,,
401520190,2023,regular,2,2023-09-09 23:30:00+00:00,57,Florida,2377,McNeese,DraftKings,,,54.5,54.5,,
401520190,2023,regular,2,2023-09-09 23:30:00+00:00,57,Florida,2377,McNeese,William Hill (New Jersey),-48.5,,55.5,,,
401520191,2023,regular,2,2023-09-09 16:00:00+00:00,61,Georgia,2050,Ball State,Bovada,-42,-41.5,53,53,,
401520191,2023,regular,2,2023-09-09 16:00:00+00:00,61,Georgia,2050,Ball State,DraftKings,-42,-41.5,52.5,52.5,,
401520191,2023,regular,2,2023-09-09 16:00:00+00:00,61,Georgia,2050,Ball State,William Hill (New Jersey),-42,,52.5,,,
401520192,2023,regular,2,2023-09-09 23:00:00+00:00,2247,Georgia State,41,UConn,Bovada,-3,-5,54.5,54.5,-160,135
401520192,2023,regular,2,2023-09-09 23:00:00+00:00,2247,Georgia State,41,UConn,DraftKings,-3,-3,54,54,-142,124
401520192,2023,regular,2,2023-09-09 23:00:00+00:00,2247,Georgia State,41,UConn,William Hill (New Jersey),-3,,54.5,,,
401520193,2023,regular,2,2023-09-08 23:00:00+00:00,84,Indiana,282,Indiana State,DraftKings,-31,-31,45.5,45.5,,
401520193,2023,regular,2,2023-09-08 23:00:00+00:00,84,Indiana,282,Indiana State,William Hill (New Jersey),-31,,44,,,
401520194,2023,regular,2,2023-09-09 19:30:00+00:00,66,Iowa State,2294,Iowa,Bovada,3.5,3.5,35.5,36,160,-185
401520194,2023,regular,2,2023-09-09 19:30:00+00:00,66,Iowa State,2294,Iowa,DraftKings,3.5,4,36,36.5,150,-175
401520194,2023,regular,2,2023-09-09 19:30:00+00:00,66,Iowa State,2294,Iowa,William Hill (New Jersey),3.5,,35.5,,,
401520195,2023,regular,2,2023-09-08 23:30:00+00:00,2305,Kansas,356,Illinois,Bovada,-4,-3,57.5,55.5,-180,155
401520195,2023,regular,2,2023-09-08 23:30:00+00:00,2305,Kansas,356,Illinois,DraftKings,-3.5,-2,56.5,,-166,140
401520195,2023,regular,2,2023-09-08 23:30:00+00:00,2305,Kansas,356,Illinois,William Hill (New Jersey),-3.5,,57.5,,,
401520196,2023,regular,2,2023-09-09 19:00:00+00:00,96,Kentucky,2198,Eastern Kentucky,DraftKings,-35.5,-35.5,62.5,62.5,,
401520196,2023,regular,2,2023-09-09 19:00:00+00:00,96,Kentucky,2198,Eastern Kentucky,William Hill (New Jersey),-35,,62.5,,,
401520197,2023,regular,2,2023-09-09 23:00:00+00:00,2348,Louisiana Tech,2466,Northwestern State,William Hill (New Jersey),-23,,58.5,,,
401520198,2023,regular,2,2023-09-09 22:00:00+00:00,2335,Liberty,166,New Mexico State,Bovada,-9.5,-13,54.5,56.5,-550,390
401520198,2023,regular,2,2023-09-09 22:00:00+00:00,2335,Liberty,166,New Mexico State,DraftKings,-9.5,-10,53,53.5,-380,295
401520198,2023,regular,2,2023-09-09 22:00:00+00:00,2335,Liberty,166,New Mexico State,William Hill (New Jersey),-9,,54.5,,,
401520199,2023,regular,2,2023-09-09 23:30:00+00:00,99,LSU,2755,Grambling,William Hill (New Jersey),-56.5,,61.5,,,
401520200,2023,regular,2,2023-09-09 23:30:00+00:00,120,Maryland,2429,Charlotte,Bovada,-24.5,-24.5,50,50.5,-3500,1100
401520200,2023,regular,2,2023-09-09 23:30:00+00:00,120,Maryland,2429,Charlotte,DraftKings,-24.5,-24.5,50.5,50.5,-2800,1300
401520200,2023,regular,2,2023-09-09 23:30:00+00:00,120,Maryland,2429,Charlotte,William Hill (New Jersey),-24.5,,50,,,
401520201,2023,regular,2,2023-09-09 19:30:00+00:00,2390,Miami,245,Texas A&M,Bovada,2.5,4.5,50,49.5,175,-210
401520201,2023,regular,2,2023-09-09 19:30:00+00:00,2390,Miami,245,Texas A&M,DraftKings,3,6.5,50.5,,114,-148
401520201,2023,regular,2,2023-09-09 19:30:00+00:00,2390,Miami,245,Texas A&M,William Hill (New Jersey),3,,50.5,,,
401520202,2023,regular,2,2023-09-09 19:30:00+00:00,130,Michigan,2439,UNLV,Bovada,-37.5,-36,57.5,58.5,,
401520202,2023,regular,2,2023-09-09 19:30:00+00:00,130,Michigan,2439,UNLV,DraftKings,-38,-37,57.5,57,,
401520202,2023,regular,2,2023-09-09 19:30:00+00:00,130,Michigan,2439,UNLV,William Hill (New Jersey),-38,,57.5,,,
401520203,2023,regular,2,2023-09-09 19:30:00+00:00,127,Michigan State,257,Richmond,DraftKings,-29.5,-29.5,43.5,43.5,,
401520203,2023,regular,2,2023-09-09 19:30:00+00:00,127,Michigan State,257,Richmond,William Hill (New Jersey),-29.5,,43.5,,,
401520204,2023,regular,2,2023-09-09 23:30:00+00:00,135,Minnesota,2199,Eastern Michigan,Bovada,-19.5,-19.5,48,47,-1300,725
401520204,2023,regular,2,2023-09-09 23:30:00+00:00,135,Minnesota,2199,Eastern Michigan,DraftKings,-20,-20.5,48,48.5,-1200,800
401520204,2023,regular,2,2023-09-09 23:30:00+00:00,135,Minnesota,2199,Eastern Michigan,William Hill (New Jersey),-19.5,,48,,,
401520205,2023,regular,2,2023-09-09 23:30:00+00:00,344,Mississippi State,12,Arizona,Bovada,-9,-13,60,58,-420,315
401520205,2023,regular,2,2023-09-09 23:30:00+00:00,344,Mississippi State,12,Arizona,DraftKings,-8.5,-9.5,60,60.5,-325,270
401520205,2023,regular,2,2023-09-09 23:30:00+00:00,344,Mississippi State,12,Arizona,William Hill (New Jersey),-9,,60,,,
401520206,2023,regular,2,2023-09-09 23:00:00+00:00,142,Missouri,2393,Middle Tennessee,Bovada,-21,-20.5,47,51,-1600,800
401520206,2023,regular,2,2023-09-09 23:00:00+00:00,142,Missouri,2393,Middle Tennessee,DraftKings,-21,-21,47.5,47.5,-1600,900
401520206,2023,regular,2,2023-09-09 23:00:00+00:00,142,Missouri,2393,Middle Tennessee,William Hill (New Jersey),-21,,47.5,,,
401520207,2023,regular,2,2023-09-09 19:30:00+00:00,77,Northwestern,2638,UTEP,Bovada,-1,0,39.5,37.5,-115,-105
401520207,2023,regular,2,2023-09-09 19:30:00+00:00,77,Northwestern,2638,UTEP,DraftKings,-1,1,40,40,-122,-105
401520207,2023,regular,2,2023-09-09 19:30:00+00:00,77,Northwestern,2638,UTEP,William Hill (New Jersey),-1,,40,,,
401520208,2023,regular,2,2023-09-09 16:00:00+00:00,194,Ohio State,2754,Youngstown State,DraftKings,-45,-41,56.5,56.5,,
401520208,2023,regular,2,2023-09-09 16:00:00+00:00,194,Ohio State,2754,Youngstown State,William Hill (New Jersey),-45.5,,56,,,
401520209,2023,regular,2,2023-09-09 16:00:00+00:00,213,Penn State,48,Delaware,DraftKings,-43.5,-43.5,56.5,56.5,,
401520209,2023,regular,2,2023-09-09 16:00:00+00:00,213,Penn State,48,Delaware,William Hill (New Jersey),-44,,55,,,
401520210,2023,regular,2,2023-09-09 23:30:00+00:00,164,Rutgers,218,Temple,Bovada,-7.5,-10,43.5,46.5,-400,300
401520210,2023,regular,2,2023-09-09 23:30:00+00:00,164,Rutgers,218,Temple,Caesars Sportsbook (Colorado),-7.5,,43.5,,,
401520210,2023,regular,2,2023-09-09 23:30:00+00:00,164,Rutgers,218,Temple,DraftKings,-8,-8.5,44,44.5,-305,250
401520211,2023,regular,2,2023-09-10 00:00:00+00:00,2534,Sam Houston,2005,Air Force,Bovada,12.5,15,36.5,37,475,-700
401520211,2023,regular,2,2023-09-10 00:00:00+00:00,2534,Sam Houston,2005,Air Force,DraftKings,13.5,13.5,36.5,37,470,-600
401520211,2023,regular,2,2023-09-10 00:00:00+00:00,2534,Sam Houston,2005,Air Force,William Hill (New Jersey),13.5,,36.5,,,
401520212,2023,regular,2,2023-09-09 23:30:00+00:00,2579,South Carolina,231,Furman,William Hill (New Jersey),-18,,52.5,,,
401520213,2023,regular,2,2023-09-09 21:00:00+00:00,2633,Tennessee,2046,Austin Peay,DraftKings,-45.5,-45.5,65.5,65.5,,
401520213,2023,regular,2,2023-09-09 21:00:00+00:00,2633,Tennessee,2046,Austin Peay,William Hill (New Jersey),-48,,65.5,,,
401520214,2023,regular,2,2023-09-09 19:30:00+00:00,2655,Tulane,145,Ole Miss,Bovada,13,3.5,61,62.5,310,-415
401520214,2023,regular,2,2023-09-09 19:30:00+00:00,2655,Tulane,145,Ole Miss,DraftKings,8.5,6.5,65,,400,-340
401520214,2023,regular,2,2023-09-09 19:30:00+00:00,2655,Tulane,145,Ole Miss,William Hill (New Jersey),8,,64,,,
401520215,2023,regular,2,2023-09-09 16:00:00+00:00,259,Virginia Tech,2509,Purdue,Bovada,-1.5,0,49,50,-130,110
401520215,2023,regular,2,2023-09-09 16:00:00+00:00,259,Virginia Tech,2509,Purdue,DraftKings,-1,-2.5,49,49,-110,-110
401520215,2023,regular,2,2023-09-09 16:00:00+00:00,259,Virginia Tech,2509,Purdue,William Hill (New Jersey),0,,49,,,
401520216,2023,regular,2,2023-09-09 15:00:00+00:00,154,Wake Forest,238,Vanderbilt,Bovada,-9.5,-10,56.5,58.5,-470,345
401520216,2023,regular,2,2023-09-09 15:00:00+00:00,154,Wake Forest,238,Vanderbilt,DraftKings,-10,-10,57.5,57.5,-455,340
401520216,2023,regular,2,2023-09-09 15:00:00+00:00,154,Wake Forest,238,Vanderbilt,William Hill (New Jersey),-9.5,,55,,,
401520217,2023,regular,2,2023-09-09 23:30:00+00:00,265,Washington State,275,Wisconsin,Bovada,5.5,4.5,57.5,55,155,-180
401520217,2023,regular,2,2023-09-09 23:30:00+00:00,265,Washington State,275,Wisconsin,DraftKings,5.5,6,58,58.5,180,-225
401520217,2023,regular,2,2023-09-09 23:30:00+00:00,265,Washington State,275,Wisconsin,William Hill (New Jersey),5,,58,,,
401520218,2023,regular,2,2023-09-09 23:00:00+00:00,98,Western Kentucky,2277,Houston Christian,William Hill (New Jersey),-41.5,,64.5,,,
401520219,2023,regular,3,2023-09-17 03:00:00+00:00,12,Arizona,2638,UTEP,Bovada,-18.5,-17,57.5,55.5,-950,600
401520219,2023,regular,3,2023-09-17 03:00:00+00:00,12,Arizona,2638,UTEP,William Hill (New Jersey),-18,,57,,,
401520220,2023,regular,3,2023-09-16 23:30:00+00:00,8,Arkansas,252,BYU,Bovada,-7.5,-10,47.5,52,-390,295
401520220,2023,regular,3,2023-09-16 23:30:00+00:00,8,Arkansas,252,BYU,William Hill (New Jersey),-9,,48,,,
401520221,2023,regular,3,2023-09-16 23:00:00+00:00,2,Auburn,2535,Samford,William Hill (New Jersey),-37.5,,62,,,
401520222,2023,regular,3,2023-09-16 16:00:00+00:00,2084,Buffalo,2335,Liberty,Bovada,3,4.5,54,56.5,150,-175
401520222,2023,regular,3,2023-09-16 16:00:00+00:00,2084,Buffalo,2335,Liberty,William Hill (New Jersey),2.5,,54,,,
401520223,2023,regular,3,2023-09-16 19:30:00+00:00,150,Duke,77,Northwestern,Bovada,-17,-19,48,46.5,-1200,700
401520223,2023,regular,3,2023-09-16 19:30:00+00:00,150,Duke,77,Northwestern,William Hill (New Jersey),-17,,48,,,
401520224,2023,regular,3,2023-09-16 23:00:00+00:00,57,Florida,2633,Tennessee,Bovada,5,7.5,56,57.5,215,-260
401520224,2023,regular,3,2023-09-16 23:00:00+00:00,57,Florida,2633,Tennessee,DraftKings,7,7.5,,,164,
401520224,2023,regular,3,2023-09-16 23:00:00+00:00,57,Florida,2633,Tennessee,William Hill (New Jersey),5,,57,,,
401520225,2023,regular,3,2023-09-16 19:30:00+00:00,61,Georgia,2579,South Carolina,Bovada,-26.5,-27,53.5,55,-7000,1300
401520225,2023,regular,3,2023-09-16 19:30:00+00:00,61,Georgia,2579,South Carolina,DraftKings,-24.5,-24,,,,
401520225,2023,regular,3,2023-09-16 19:30:00+00:00,61,Georgia,2579,South Carolina,William Hill (New Jersey),-27,,54.5,,,
401520226,2023,regular,3,2023-09-16 16:00:00+00:00,356,Illinois,213,Penn State,Bovada,14,15,47.5,48,475,-700
401520226,2023,regular,3,2023-09-16 16:00:00+00:00,356,Illinois,213,Penn State,DraftKings,12.5,12.5,,,425,
401520226,2023,regular,3,2023-09-16 16:00:00+00:00,356,Illinois,213,Penn State,William Hill (New Jersey),14,,47.5,,,
401520227,2023,regular,3,2023-09-16 19:30:00+00:00,2294,Iowa,2711,Western Michigan,Bovada,-28.5,-25,43,43.5,-6500,1300
401520227,2023,regular,3,2023-09-16 19:30:00+00:00,2294,Iowa,2711,Western Michigan,William Hill (New Jersey),-28.5,,43.5,,,
401520228,2023,regular,3,2023-09-16 23:30:00+00:00,96,Kentucky,2006,Akron,Bovada,-25.5,-24.5,48.5,50.5,-3500,1100
401520228,2023,regular,3,2023-09-16 23:30:00+00:00,96,Kentucky,2006,Akron,William Hill (New Jersey),-25,,48.5,,,
401520229,2023,regular,3,2023-09-16 23:00:00+00:00,2348,Louisiana Tech,249,North Texas,Bovada,-4.5,-3,66.5,68.5,-180,155
401520229,2023,regular,3,2023-09-16 23:00:00+00:00,2348,Louisiana Tech,249,North Texas,William Hill (New Jersey),-4.5,,66.5,,,
401520230,2023,regular,3,2023-09-16 16:00:00+00:00,84,Indiana,97,Louisville,Bovada,10,9.5,50,54,280,-360
401520230,2023,regular,3,2023-09-16 16:00:00+00:00,84,Indiana,97,Louisville,William Hill (New Jersey),10,,51,,,
401520231,2023,regular,3,2023-09-15 23:00:00+00:00,120,Maryland,258,Virginia,Bovada,-16,-14,48,50,-625,430
401520231,2023,regular,3,2023-09-15 23:00:00+00:00,120,Maryland,258,Virginia,William Hill (New Jersey),-16.5,,48.5,,,
401520232,2023,regular,3,2023-09-16 23:30:00+00:00,130,Michigan,189,Bowling Green,Bovada,-41,-40,53.5,51,,
401520232,2023,regular,3,2023-09-16 23:30:00+00:00,130,Michigan,189,Bowling Green,William Hill (New Jersey),-40.5,,53.5,,,
401520233,2023,regular,3,2023-09-16 21:00:00+00:00,127,Michigan State,264,Washington,Bovada,15,12,57.5,58,500,-750
401520233,2023,regular,3,2023-09-16 21:00:00+00:00,127,Michigan State,264,Washington,DraftKings,15,12,,,525,
401520233,2023,regular,3,2023-09-16 21:00:00+00:00,127,Michigan State,264,Washington,William Hill (New Jersey),14.5,,57,,,
401520234,2023,regular,3,2023-09-16 23:00:00+00:00,2393,Middle Tennessee,93,Murray State,William Hill (New Jersey),-34.5,,51,,,
401520235,2023,regular,3,2023-09-16 16:00:00+00:00,344,Mississippi State,99,LSU,Bovada,9.5,9,54,54.5,300,-400
401520235,2023,regular,3,2023-09-16 16:00:00+00:00,344,Mississippi State,99,LSU,DraftKings,7.5,9,,,295,
401520235,2023,regular,3,2023-09-16 16:00:00+00:00,344,Mississippi State,99,LSU,William Hill (New Jersey),9.5,,54,,,
401520236,2023,regular,3,2023-09-16 16:00:00+00:00,142,Missouri,2306,Kansas State,Bovada,3.5,5.5,49,46,190,-230
401520236,2023,regular,3,2023-09-16 16:00:00+00:00,142,Missouri,2306,Kansas State,DraftKings,2,2,,,142,
401520236,2023,regular,3,2023-09-16 16:00:00+00:00,142,Missouri,2306,Kansas State,William Hill (New Jersey),3.5,,48,,,
401520237,2023,regular,3,2023-09-16 23:00:00+00:00,158,Nebraska,2459,Northern Illinois,Bovada,-11.5,-13,43,46,-500,360
401520237,2023,regular,3,2023-09-16 23:00:00+00:00,158,Nebraska,2459,Northern Illinois,William Hill (New Jersey),-11.5,,42.5,,,
401520238,2023,regular,3,2023-09-17 00:00:00+00:00,167,New Mexico,166,New Mexico State,Bovada,-3,-1.5,52.5,51,-110,-110
401520238,2023,regular,3,2023-09-17 00:00:00+00:00,167,New Mexico,166,New Mexico State,William Hill (New Jersey),-2.5,,52,,,
401520239,2023,regular,3,2023-09-16 19:30:00+00:00,153,North Carolina,135,Minnesota,Bovada,-7,-6.5,52,49,-285,235
401520239,2023,regular,3,2023-09-16 19:30:00+00:00,153,North Carolina,135,Minnesota,DraftKings,-6,-6,,,-265,
401520239,2023,regular,3,2023-09-16 19:30:00+00:00,153,North Carolina,135,Minnesota,William Hill (New Jersey),-7,,51,,,
401520240,2023,regular,3,2023-09-16 20:00:00+00:00,194,Ohio State,98,Western Kentucky,Bovada,-29.5,-27.5,64.5,64,-6500,1300
401520240,2023,regular,3,2023-09-16 20:00:00+00:00,194,Ohio State,98,Western Kentucky,William Hill (New Jersey),-29.5,,65,,,
401520241,2023,regular,3,2023-09-16 23:30:00+00:00,145,Ole Miss,59,Georgia Tech,Bovada,-17,-19,61.5,63,-1400,750
401520241,2023,regular,3,2023-09-16 23:30:00+00:00,145,Ole Miss,59,Georgia Tech,William Hill (New Jersey),-17,,61.5,,,
401520242,2023,regular,3,2023-09-16 23:30:00+00:00,2509,Purdue,183,Syracuse,Bovada,1,0,56.5,57,120,-140
401520242,2023,regular,3,2023-09-16 23:30:00+00:00,2509,Purdue,183,Syracuse,William Hill (New Jersey),1,,56.5,,,
401520243,2023,regular,3,2023-09-16 19:30:00+00:00,164,Rutgers,259,Virginia Tech,Bovada,-6.5,-4.5,37.5,39.5,-185,160
401520243,2023,regular,3,2023-09-16 19:30:00+00:00,164,Rutgers,259,Virginia Tech,Caesars Sportsbook (Colorado),-6.5,,37.5,,,
401520244,2023,regular,3,2023-09-16 19:30:00+00:00,58,South Florida,333,Alabama,Bovada,34.5,31.5,60.5,61.5,2500,-20000
401520244,2023,regular,3,2023-09-16 19:30:00+00:00,58,South Florida,333,Alabama,William Hill (New Jersey),34,,61,,,
401520245,2023,regular,3,2023-09-16 20:00:00+00:00,245,Texas A&M,2433,UL Monroe,Bovada,-36.5,-32,53.5,53.5,-20000,2500
401520245,2023,regular,3,2023-09-16 20:00:00+00:00,245,Texas A&M,2433,UL Monroe,William Hill (New Jersey),-36.5,,53.5,,,
401520246,2023,regular,3,2023-09-16 19:30:00+00:00,41,UConn,2229,Florida International,Bovada,-7,-10,44,46.5,-410,305
401520246,2023,regular,3,2023-09-16 19:30:00+00:00,41,UConn,2229,Florida International,William Hill (New Jersey),-7,,43,,,
401520247,2023,regular,3,2023-09-16 23:00:00+00:00,2439,UNLV,238,Vanderbilt,Bovada,4.5,4,57,57,175,-210
401520247,2023,regular,3,2023-09-16 23:00:00+00:00,2439,UNLV,238,Vanderbilt,William Hill (New Jersey),4.5,,56.5,,,
401520249,2023,regular,3,2023-09-16 16:00:00+00:00,275,Wisconsin,290,Georgia Southern,Bovada,-20.5,-15,65.5,63,-900,575
401520249,2023,regular,3,2023-09-16 16:00:00+00:00,275,Wisconsin,290,Georgia Southern,William Hill (New Jersey),-20.5,,65.5,,,
401520250,2023,regular,4,2023-09-23 19:30:00+00:00,333,Alabama,145,Ole Miss,Bovada,-7,-14.5,55.5,55,-260,215
401520250,2023,regular,4,2023-09-23 19:30:00+00:00,333,Alabama,145,Ole Miss,DraftKings,-7,-15.5,55.5,,-258,225
401520250,2023,regular,4,2023-09-23 19:30:00+00:00,333,Alabama,145,Ole Miss,William Hill (New Jersey),-7,,56,,,
401520251,2023,regular,4,2023-09-23 23:00:00+00:00,57,Florida,2429,Charlotte,Bovada,-27.5,-27,48.5,51,-6500,1300
401520251,2023,regular,4,2023-09-23 23:00:00+00:00,57,Florida,2429,Charlotte,DraftKings,-28,-28,48.5,49.5,-5000,1800
401520251,2023,regular,4,2023-09-23 23:00:00+00:00,57,Florida,2429,Charlotte,William Hill (New Jersey),-28,,48.5,,,
401520252,2023,regular,4,2023-09-23 23:30:00+00:00,61,Georgia,5,UAB,Bovada,-41,-39.5,57,53.5,,
401520252,2023,regular,4,2023-09-23 23:30:00+00:00,61,Georgia,5,UAB,DraftKings,-41.5,-42,54.5,54,,
401520252,2023,regular,4,2023-09-23 23:30:00+00:00,61,Georgia,5,UAB,William Hill (New Jersey),-40,,56,,,
401520253,2023,regular,4,2023-09-24 03:59:00+00:00,62,Hawai'i,166,New Mexico State,Bovada,-4,-3,55,58.5,-140,120
401520253,2023,regular,4,2023-09-24 03:59:00+00:00,62,Hawai'i,166,New Mexico State,DraftKings,-3,-3,57.5,58.5,-192,130
401520253,2023,regular,4,2023-09-24 03:59:00+00:00,62,Hawai'i,166,New Mexico State,William Hill (New Jersey),-4,,54.5,,,
401520254,2023,regular,4,2023-09-23 23:00:00+00:00,248,Houston,2534,Sam Houston,Bovada,-11.5,-14,37,39,-440,330
401520254,2023,regular,4,2023-09-23 23:00:00+00:00,248,Houston,2534,Sam Houston,DraftKings,-11.5,-12.5,37.5,38,-470,350
401520254,2023,regular,4,2023-09-23 23:00:00+00:00,248,Houston,2534,Sam Houston,William Hill (New Jersey),-11.5,,37,,,
401520255,2023,regular,4,2023-09-23 19:30:00+00:00,356,Illinois,2226,Florida Atlantic,Bovada,-16.5,-12,45.5,49,-585,410
401520255,2023,regular,4,2023-09-23 19:30:00+00:00,356,Illinois,2226,Florida Atlantic,DraftKings,-15.5,-15,45.5,45.5,-700,525
401520255,2023,regular,4,2023-09-23 19:30:00+00:00,356,Illinois,2226,Florida Atlantic,William Hill (New Jersey),-16,,45.5,,,
401520256,2023,regular,4,2023-09-23 23:30:00+00:00,84,Indiana,2006,Akron,Bovada,-16.5,-17.5,46,45,-900,575
401520256,2023,regular,4,2023-09-23 23:30:00+00:00,84,Indiana,2006,Akron,DraftKings,-16.5,-16,46,46.5,-800,550
401520256,2023,regular,4,2023-09-23 23:30:00+00:00,84,Indiana,2006,Akron,William Hill (New Jersey),-16.5,,45.5,,,
401520257,2023,regular,4,2023-09-23 21:00:00+00:00,55,Jacksonville State,2199,Eastern Michigan,Bovada,-6.5,-4.5,51,50.5,-200,170
401520257,2023,regular,4,2023-09-23 21:00:00+00:00,55,Jacksonville State,2199,Eastern Michigan,DraftKings,-6.5,-6.5,51,52.5,-250,200
401520257,2023,regular,4,2023-09-23 21:00:00+00:00,55,Jacksonville State,2199,Eastern Michigan,William Hill (New Jersey),-6.5,,51,,,
401520258,2023,regular,4,2023-09-23 23:00:00+00:00,99,LSU,8,Arkansas,Bovada,-18,-12.5,56,56,-950,600
401520258,2023,regular,4,2023-09-23 23:00:00+00:00,99,LSU,8,Arkansas,DraftKings,-17.5,-13.5,55,,-1000,625
401520258,2023,regular,4,2023-09-23 23:00:00+00:00,99,LSU,8,Arkansas,William Hill (New Jersey),-17.5,,55,,,
401520259,2023,regular,4,2023-09-23 23:30:00+00:00,142,Missouri,235,Memphis,Bovada,-6.5,-6.5,52.5,53,-275,225
401520259,2023,regular,4,2023-09-23 23:30:00+00:00,142,Missouri,235,Memphis,DraftKings,-6.5,-5.5,51.5,51.5,-230,195
401520259,2023,regular,4,2023-09-23 23:30:00+00:00,142,Missouri,235,Memphis,William Hill (New Jersey),-6.5,,52,,,
401520260,2023,regular,4,2023-09-23 16:00:00+00:00,130,Michigan,164,Rutgers,Bovada,-23.5,-26,43,45,-2800,1100
401520260,2023,regular,4,2023-09-23 16:00:00+00:00,130,Michigan,164,Rutgers,Caesars Sportsbook (Colorado),-24,,44.5,,,
401520260,2023,regular,4,2023-09-23 16:00:00+00:00,130,Michigan,164,Rutgers,DraftKings,-24,-24,44,44,-2800,1100
401520261,2023,regular,4,2023-09-23 19:30:00+00:00,127,Michigan State,120,Maryland,Bovada,7.5,6,52.5,53,180,-220
401520261,2023,regular,4,2023-09-23 19:30:00+00:00,127,Michigan State,120,Maryland,DraftKings,7.5,7.5,52.5,52.5,230,-305
401520261,2023,regular,4,2023-09-23 19:30:00+00:00,127,Michigan State,120,Maryland,William Hill (New Jersey),7,,52.5,,,
401520262,2023,regular,4,2023-09-23 23:00:00+00:00,2393,Middle Tennessee,36,Colorado State,Bovada,-4,-2,50,53,-130,110
401520262,2023,regular,4,2023-09-23 23:00:00+00:00,2393,Middle Tennessee,36,Colorado State,DraftKings,-3,-3,51.5,53,-192,130
401520262,2023,regular,4,2023-09-23 23:00:00+00:00,2393,Middle Tennessee,36,Colorado State,William Hill (New Jersey),-3.5,,50,,,
401520263,2023,regular,4,2023-09-23 19:30:00+00:00,158,Nebraska,2348,Louisiana Tech,Bovada,-21,-19.5,45,48.5,-1000,625
401520263,2023,regular,4,2023-09-23 19:30:00+00:00,158,Nebraska,2348,Louisiana Tech,DraftKings,-20.5,-19.5,46.5,47.5,-1450,850
401520263,2023,regular,4,2023-09-23 19:30:00+00:00,158,Nebraska,2348,Louisiana Tech,William Hill (New Jersey),-20.5,,44.5,,,
401520264,2023,regular,4,2023-09-23 23:30:00+00:00,77,Northwestern,135,Minnesota,Bovada,10.5,13,39.5,39,350,-480
401520264,2023,regular,4,2023-09-23 23:30:00+00:00,77,Northwestern,135,Minnesota,DraftKings,11.5,12,39.5,38,360,-440
401520264,2023,regular,4,2023-09-23 23:30:00+00:00,77,Northwestern,135,Minnesota,William Hill (New Jersey),11.5,,39.5,,,
401520265,2023,regular,4,2023-09-23 23:30:00+00:00,213,Penn State,2294,Iowa,Bovada,-14,-14,38,42,-575,400
401520265,2023,regular,4,2023-09-23 23:30:00+00:00,213,Penn State,2294,Iowa,DraftKings,-14.5,-14.5,39.5,40,-700,470
401520265,2023,regular,4,2023-09-23 23:30:00+00:00,213,Penn State,2294,Iowa,William Hill (New Jersey),-14,,38.5,,,
401520266,2023,regular,4,2023-09-22 23:00:00+00:00,2509,Purdue,275,Wisconsin,Bovada,6,7,54,54,220,-270
401520266,2023,regular,4,2023-09-22 23:00:00+00:00,2509,Purdue,275,Wisconsin,DraftKings,6.5,6,54.5,53.5,205,-265
401520266,2023,regular,4,2023-09-22 23:00:00+00:00,2509,Purdue,275,Wisconsin,William Hill (New Jersey),5.5,,54,,,
401520267,2023,regular,4,2023-09-23 23:30:00+00:00,2579,South Carolina,344,Mississippi State,Bovada,-6,-5,47,51,-210,175
401520267,2023,regular,4,2023-09-23 23:30:00+00:00,2579,South Carolina,344,Mississippi State,DraftKings,-6,-6.5,47,49,-225,190
401520267,2023,regular,4,2023-09-23 23:30:00+00:00,2579,South Carolina,344,Mississippi State,William Hill (New Jersey),-6,,46.5,,,
401520268,2023,regular,4,2023-09-23 16:00:00+00:00,183,Syracuse,349,Army,Bovada,-13,-13,50.5,50.5,-550,390
401520268,2023,regular,4,2023-09-23 16:00:00+00:00,183,Syracuse,349,Army,DraftKings,-13,-13.5,49.5,51,-500,400
401520268,2023,regular,4,2023-09-23 16:00:00+00:00,183,Syracuse,349,Army,William Hill (New Jersey),-13,,50.5,,,
401520269,2023,regular,4,2023-09-23 20:00:00+00:00,2633,Tennessee,2636,UTSA,Bovada,-24.5,-20,59.5,56,-1400,750
401520269,2023,regular,4,2023-09-23 20:00:00+00:00,2633,Tennessee,2636,UTSA,DraftKings,-21.5,-20.5,59,59,-1800,850
401520269,2023,regular,4,2023-09-23 20:00:00+00:00,2633,Tennessee,2636,UTSA,William Hill (New Jersey),-24,,59,,,
401520270,2023,regular,4,2023-09-23 16:00:00+00:00,245,Texas A&M,2,Auburn,Bovada,-9,-7,51.5,52,-275,225
401520270,2023,regular,4,2023-09-23 16:00:00+00:00,245,Texas A&M,2,Auburn,DraftKings,-8.5,-7.5,51,52.5,-360,275
401520270,2023,regular,4,2023-09-23 16:00:00+00:00,245,Texas A&M,2,Auburn,William Hill (New Jersey),-9.5,,51,,,
401520271,2023,regular,4,2023-09-23 16:00:00+00:00,2653,Troy,98,Western Kentucky,Bovada,-3.5,-3,57,57,-150,130
401520271,2023,regular,4,2023-09-23 16:00:00+00:00,2653,Troy,98,Western Kentucky,DraftKings,-3.5,-3.5,57,59,-192,145
401520271,2023,regular,4,2023-09-23 16:00:00+00:00,2653,Troy,98,Western Kentucky,William Hill (New Jersey),-3.5,,57,,,
401520272,2023,regular,4,2023-09-23 19:30:00+00:00,41,UConn,150,Duke,Bovada,22,22.5,45,47,850,-1800
401520272,2023,regular,4,2023-09-23 19:30:00+00:00,41,UConn,150,Duke,DraftKings,22.5,21.5,44.5,45.5,1000,-2100
401520272,2023,regular,4,2023-09-23 19:30:00+00:00,41,UConn,150,Duke,William Hill (New Jersey),22,,45,,,
401520273,2023,regular,4,2023-09-24 01:00:00+00:00,2638,UTEP,2439,UNLV,Bovada,-2,3,49.5,50.5,120,-140
401520273,2023,regular,4,2023-09-24 01:00:00+00:00,2638,UTEP,2439,UNLV,DraftKings,2.5,2.5,50,49,-115,-130
401520273,2023,regular,4,2023-09-24 01:00:00+00:00,2638,UTEP,2439,UNLV,William Hill (New Jersey),-1,,49.5,,,
401520274,2023,regular,4,2023-09-23 16:00:00+00:00,238,Vanderbilt,96,Kentucky,Bovada,13,13.5,50,51,400,-575
401520274,2023,regular,4,2023-09-23 16:00:00+00:00,238,Vanderbilt,96,Kentucky,DraftKings,13.5,14,50,50.5,400,-520
401520274,2023,regular,4,2023-09-23 16:00:00+00:00,238,Vanderbilt,96,Kentucky,William Hill (New Jersey),13.5,,50,,,
401520275,2023,regular,4,2023-09-23 22:30:00+00:00,2229,Florida International,2335,Liberty,Bovada,10,13,52,54,305,-410
401520275,2023,regular,4,2023-09-23 22:30:00+00:00,2229,Florida International,2335,Liberty,DraftKings,10,10.5,53.5,52.5,300,-395
401520275,2023,regular,4,2023-09-23 22:30:00+00:00,2229,Florida International,2335,Liberty,William Hill (New Jersey),10,,54,,,
401520276,2023,regular,5,2023-09-29 00:00:00+00:00,2534,Sam Houston,55,Jacksonville State,Bovada,6.5,6,36,36.5,210,-250
401520276,2023,regular,5,2023-09-29 00:00:00+00:00,2534,Sam Houston,55,Jacksonville State,DraftKings,6.5,6.5,36.5,36.5,210,-258
401520276,2023,regular,5,2023-09-29 00:00:00+00:00,2534,Sam Houston,55,Jacksonville State,William Hill (New Jersey),7,,36,,,
401520277,2023,regular,5,2023-09-28 23:30:00+00:00,98,Western Kentucky,2393,Middle Tennessee,Bovada,-5.5,-8,60,60,-225,185
401520277,2023,regular,5,2023-09-28 23:30:00+00:00,98,Western Kentucky,2393,Middle Tennessee,DraftKings,-7,-5.5,60,59.5,-278,225
401520277,2023,regular,5,2023-09-28 23:30:00+00:00,98,Western Kentucky,2393,Middle Tennessee,William Hill (New Jersey),-6.5,,61,,,
401520278,2023,regular,5,2023-09-30 01:00:00+00:00,2638,UTEP,2348,Louisiana Tech,Bovada,1,-1,52.5,52.5,-110,-110
401520278,2023,regular,5,2023-09-30 01:00:00+00:00,2638,UTEP,2348,Louisiana Tech,DraftKings,-1,-1,50.5,53,-115,-105
401520278,2023,regular,5,2023-09-30 01:00:00+00:00,2638,UTEP,2348,Louisiana Tech,William Hill (New Jersey),2,,49.5,,,
401520279,2023,regular,5,2023-09-30 16:00:00+00:00,8,Arkansas,245,Texas A&M,Bovada,6.5,6.5,54.5,55.5,210,-250
401520279,2023,regular,5,2023-09-30 16:00:00+00:00,8,Arkansas,245,Texas A&M,DraftKings,6,4,54,,200,-245
401520279,2023,regular,5,2023-09-30 16:00:00+00:00,8,Arkansas,245,Texas A&M,William Hill (New Jersey),6.5,,53.5,,,
401520280,2023,regular,5,2023-09-30 19:30:00+00:00,2,Auburn,61,Georgia,Bovada,14.5,18,47,47,475,-700
401520280,2023,regular,5,2023-09-30 19:30:00+00:00,2,Auburn,61,Georgia,DraftKings,14,18.5,45.5,,440,-600
401520280,2023,regular,5,2023-09-30 19:30:00+00:00,2,Auburn,61,Georgia,William Hill (New Jersey),14,,44.5,,,
401520281,2023,regular,5,2023-09-30 23:30:00+00:00,2294,Iowa,127,Michigan State,Bovada,-12,-10,36.5,36,-470,345
401520281,2023,regular,5,2023-09-30 23:30:00+00:00,2294,Iowa,127,Michigan State,DraftKings,-12.5,-11.5,36.5,36.5,-470,360
401520281,2023,regular,5,2023-09-30 23:30:00+00:00,2294,Iowa,127,Michigan State,William Hill (New Jersey),-10,,36.5,,,
401520282,2023,regular,5,2023-09-30 16:00:00+00:00,96,Kentucky,57,Florida,Bovada,-2.5,-3,46.5,46,-140,120
401520282,2023,regular,5,2023-09-30 16:00:00+00:00,96,Kentucky,57,Florida,DraftKings,-1.5,-3.5,45,,-122,102
401520282,2023,regular,5,2023-09-30 16:00:00+00:00,96,Kentucky,57,Florida,William Hill (New Jersey),-1,,44,,,
401520283,2023,regular,5,2023-09-30 19:30:00+00:00,120,Maryland,84,Indiana,Bovada,-14,-14.5,50,50,-625,430
401520283,2023,regular,5,2023-09-30 19:30:00+00:00,120,Maryland,84,Indiana,DraftKings,-14,-14,50,50.5,-650,470
401520283,2023,regular,5,2023-09-30 19:30:00+00:00,120,Maryland,84,Indiana,William Hill (New Jersey),-14.5,,50,,,
401520284,2023,regular,5,2023-09-30 16:00:00+00:00,135,Minnesota,309,Louisiana,Bovada,-10,-9.5,47.5,47,,
401520284,2023,regular,5,2023-09-30 16:00:00+00:00,135,Minnesota,309,Louisiana,DraftKings,-11,-12.5,48.5,47.5,-440,340
401520284,2023,regular,5,2023-09-30 16:00:00+00:00,135,Minnesota,309,Louisiana,William Hill (New Jersey),-9.5,,49,,,
401520285,2023,regular,5,2023-10-01 01:00:00+00:00,344,Mississippi State,333,Alabama,Bovada,14,15,46.5,48.5,430,-625
401520285,2023,regular,5,2023-10-01 01:00:00+00:00,344,Mississippi State,333,Alabama,DraftKings,14.5,11.5,47,,500,-700
401520285,2023,regular,5,2023-10-01 01:00:00+00:00,344,Mississippi State,333,Alabama,William Hill (New Jersey),16.5,,45,,,
401520286,2023,regular,5,2023-09-30 19:30:00+00:00,158,Nebraska,130,Michigan,Bovada,17.5,,40,40.5,575,-900
401520286,2023,regular,5,2023-09-30 19:30:00+00:00,158,Nebraska,130,Michigan,DraftKings,17,18,39,,625,-950
401520286,2023,regular,5,2023-09-30 19:30:00+00:00,158,Nebraska,130,Michigan,William Hill (New Jersey),17,,39.5,,,
401520287,2023,regular,5,2023-09-30 16:00:00+00:00,77,Northwestern,213,Penn State,Bovada,25.5,25.5,46,46,1100,-3300
401520287,2023,regular,5,2023-09-30 16:00:00+00:00,77,Northwestern,213,Penn State,DraftKings,27,25.5,46,46,1600,-4000
401520287,2023,regular,5,2023-09-30 16:00:00+00:00,77,Northwestern,213,Penn State,William Hill (New Jersey),27,,48,,,
401520288,2023,regular,5,2023-09-30 22:00:00+00:00,145,Ole Miss,99,LSU,Bovada,3,2.5,65.5,63.5,130,-150
401520288,2023,regular,5,2023-09-30 22:00:00+00:00,145,Ole Miss,99,LSU,DraftKings,2.5,4.5,67,,120,-142
401520288,2023,regular,5,2023-09-30 22:00:00+00:00,145,Ole Miss,99,LSU,William Hill (New Jersey),3,,67,,,
401520289,2023,regular,5,2023-09-30 19:30:00+00:00,2509,Purdue,356,Illinois,Bovada,-1,-1.5,53,53.5,-115,-105
401520289,2023,regular,5,2023-09-30 19:30:00+00:00,2509,Purdue,356,Illinois,DraftKings,-1,-1,53.5,53.5,-115,-105
401520289,2023,regular,5,2023-09-30 19:30:00+00:00,2509,Purdue,356,Illinois,William Hill (New Jersey),0,,54,,,
401520290,2023,regular,5,2023-09-30 19:30:00+00:00,164,Rutgers,2681,Wagner,Caesars Sportsbook (Colorado),-46,,52.5,,,
401520291,2023,regular,5,2023-09-30 23:30:00+00:00,2633,Tennessee,2579,South Carolina,Bovada,-13,-11,63,62.5,-490,355
401520291,2023,regular,5,2023-09-30 23:30:00+00:00,2633,Tennessee,2579,South Carolina,DraftKings,-12.5,-13,63.5,,-470,360
401520291,2023,regular,5,2023-09-30 23:30:00+00:00,2633,Tennessee,2579,South Carolina,William Hill (New Jersey),-12,,59,,,
401520292,2023,regular,5,2023-09-30 16:00:00+00:00,41,UConn,328,Utah State,Bovada,4.5,6,51,51,165,-195
401520292,2023,regular,5,2023-09-30 16:00:00+00:00,41,UConn,328,Utah State,DraftKings,6,4.5,51,51,195,-238
401520292,2023,regular,5,2023-09-30 16:00:00+00:00,41,UConn,328,Utah State,William Hill (New Jersey),4,,50.5,,,
401520293,2023,regular,5,2023-09-30 20:00:00+00:00,238,Vanderbilt,142,Missouri,Bovada,13.5,12,56,56.5,390,-550
401520293,2023,regular,5,2023-09-30 20:00:00+00:00,238,Vanderbilt,142,Missouri,DraftKings,13.5,13.5,54.5,56.5,410,-550
401520293,2023,regular,5,2023-09-30 20:00:00+00:00,238,Vanderbilt,142,Missouri,William Hill (New Jersey),14,,53.5,,,
401520294,2023,regular,6,2023-10-05 00:00:00+00:00,2393,Middle Tennessee,55,Jacksonville State,Bovada,-3,-4,52,51,-165,140
401520294,2023,regular,6,2023-10-05 00:00:00+00:00,2393,Middle Tennessee,55,Jacksonville State,DraftKings,-3.5,-4.5,52,51.5,-142,145
401520294,2023,regular,6,2023-10-05 00:00:00+00:00,2393,Middle Tennessee,55,Jacksonville State,William Hill (New Jersey),-2.5,,52,,,
401520295,2023,regular,6,2023-10-06 00:00:00+00:00,2348,Louisiana Tech,98,Western Kentucky,Bovada,6,5,59,58.5,185,-225
401520295,2023,regular,6,2023-10-06 00:00:00+00:00,2348,Louisiana Tech,98,Western Kentucky,DraftKings,6,7,59.5,59.5,195,-250
401520295,2023,regular,6,2023-10-06 00:00:00+00:00,2348,Louisiana Tech,98,Western Kentucky,William Hill (New Jersey),6,,59,,,
401520296,2023,regular,6,2023-10-05 23:00:00+00:00,2335,Liberty,2534,Sam Houston,Bovada,-21.5,-18.5,46.5,47,-1000,625
401520296,2023,regular,6,2023-10-05 23:00:00+00:00,2335,Liberty,2534,Sam Houston,DraftKings,-19,-18,45.5,47.5,-1450,700
401520296,2023,regular,6,2023-10-05 23:00:00+00:00,2335,Liberty,2534,Sam Houston,William Hill (New Jersey),-21,,46.5,,,
401520297,2023,regular,6,2023-10-05 01:00:00+00:00,166,New Mexico State,2229,Florida International,Bovada,-6.5,-6,49.5,50,-235,195
401520297,2023,regular,6,2023-10-05 01:00:00+00:00,166,New Mexico State,2229,Florida International,DraftKings,-6.5,-5.5,49,,-245,205
401520297,2023,regular,6,2023-10-05 01:00:00+00:00,166,New Mexico State,2229,Florida International,William Hill (New Jersey),-6.5,,49.5,,,
401520298,2023,regular,6,2023-10-07 16:00:00+00:00,349,Army,103,Boston College,Bovada,-2,-3,47,51,-145,125
401520298,2023,regular,6,2023-10-07 16:00:00+00:00,349,Army,103,Boston College,DraftKings,-3,-3.5,50,,-130,124
401520298,2023,regular,6,2023-10-07 16:00:00+00:00,349,Army,103,Boston College,William Hill (New Jersey),-2.5,,47,,,
401520299,2023,regular,6,2023-10-07 20:00:00+00:00,57,Florida,238,Vanderbilt,Bovada,-18.5,-18,51,53.5,-1000,625
401520299,2023,regular,6,2023-10-07 20:00:00+00:00,57,Florida,238,Vanderbilt,DraftKings,-18.5,-18,51.5,53.5,-1000,675
401520299,2023,regular,6,2023-10-07 20:00:00+00:00,57,Florida,238,Vanderbilt,William Hill (New Jersey),-18,,51,,,
401520300,2023,regular,6,2023-10-07 23:00:00+00:00,61,Georgia,96,Kentucky,Bovada,-14.5,-14,46.5,47.5,-675,460
401520300,2023,regular,6,2023-10-07 23:00:00+00:00,61,Georgia,96,Kentucky,DraftKings,-14.5,-21.5,47.5,,-650,425
401520300,2023,regular,6,2023-10-07 23:00:00+00:00,61,Georgia,96,Kentucky,William Hill (New Jersey),-14.5,,47,,,
401520301,2023,regular,6,2023-10-07 00:00:00+00:00,356,Illinois,158,Nebraska,Bovada,-3,-3,41.5,44,-170,145
401520301,2023,regular,6,2023-10-07 00:00:00+00:00,356,Illinois,158,Nebraska,DraftKings,-3.5,-3,43,44.5,-155,142
401520301,2023,regular,6,2023-10-07 00:00:00+00:00,356,Illinois,158,Nebraska,William Hill (New Jersey),-3,,42,,,
401520302,2023,regular,6,2023-10-07 19:30:00+00:00,2294,Iowa,2509,Purdue,Bovada,-2,-2,38.5,41,-130,110
401520302,2023,regular,6,2023-10-07 19:30:00+00:00,2294,Iowa,2509,Purdue,DraftKings,-2.5,-3.5,39,41.5,-130,110
401520302,2023,regular,6,2023-10-07 19:30:00+00:00,2294,Iowa,2509,Purdue,William Hill (New Jersey),-2.5,,38.5,,,
401520303,2023,regular,6,2023-10-07 23:30:00+00:00,135,Minnesota,130,Michigan,Bovada,18.5,20,46,46,750,-1400
401520303,2023,regular,6,2023-10-07 23:30:00+00:00,135,Minnesota,130,Michigan,DraftKings,18,15,46,,800,-1100
401520303,2023,regular,6,2023-10-07 23:30:00+00:00,135,Minnesota,130,Michigan,William Hill (New Jersey),18.5,,46,,,
401520304,2023,regular,6,2023-10-07 16:00:00+00:00,344,Mississippi State,2711,Western Michigan,Bovada,-21,-20,55,56,-1500,775
401520304,2023,regular,6,2023-10-07 16:00:00+00:00,344,Mississippi State,2711,Western Michigan,DraftKings,-20.5,-21.5,56.5,,-1800,900
401520304,2023,regular,6,2023-10-07 16:00:00+00:00,344,Mississippi State,2711,Western Michigan,William Hill (New Jersey),-21.5,,54.5,,,
401520305,2023,regular,6,2023-10-07 16:00:00+00:00,142,Missouri,99,LSU,Bovada,6.5,6,63.5,63.5,165,-195
401520305,2023,regular,6,2023-10-07 16:00:00+00:00,142,Missouri,99,LSU,DraftKings,4,8,65,,200,-192
401520305,2023,regular,6,2023-10-07 16:00:00+00:00,142,Missouri,99,LSU,William Hill (New Jersey),6,,63.5,,,
401520306,2023,regular,6,2023-10-07 19:00:00+00:00,77,Northwestern,47,Howard,William Hill (New Jersey),-23,,51,,,
401520307,2023,regular,6,2023-10-07 16:00:00+00:00,194,Ohio State,120,Maryland,Bovada,-17,-18,57,55,-1200,700
401520307,2023,regular,6,2023-10-07 16:00:00+00:00,194,Ohio State,120,Maryland,DraftKings,-20,-18.5,57,,-950,800
401520307,2023,regular,6,2023-10-07 16:00:00+00:00,194,Ohio State,120,Maryland,William Hill (New Jersey),-17,,56.5,,,
401520308,2023,regular,6,2023-10-07 23:30:00+00:00,145,Ole Miss,8,Arkansas,Bovada,-13.5,-11.5,62,62.5,-460,340
401520308,2023,regular,6,2023-10-07 23:30:00+00:00,145,Ole Miss,8,Arkansas,DraftKings,-11.5,-9.5,62.5,,-470,350
401520308,2023,regular,6,2023-10-07 23:30:00+00:00,145,Ole Miss,8,Arkansas,William Hill (New Jersey),-13,,61.5,,,
401520309,2023,regular,6,2023-10-07 21:00:00+00:00,242,Rice,41,UConn,Bovada,-10,-10,47.5,49.5,-380,290
401520309,2023,regular,6,2023-10-07 21:00:00+00:00,242,Rice,41,UConn,DraftKings,-9.5,-10,47.5,,-355,275
401520309,2023,regular,6,2023-10-07 21:00:00+00:00,242,Rice,41,UConn,William Hill (New Jersey),-10,,47.5,,,
401520310,2023,regular,6,2023-10-07 19:30:00+00:00,245,Texas A&M,333,Alabama,Bovada,2.5,3,45.5,49.5,-105,-115
401520310,2023,regular,6,2023-10-07 19:30:00+00:00,245,Texas A&M,333,Alabama,DraftKings,1,8.5,46,,110,-115
401520310,2023,regular,6,2023-10-07 19:30:00+00:00,245,Texas A&M,333,Alabama,William Hill (New Jersey),2.5,,45,,,
401520311,2023,regular,6,2023-10-07 16:00:00+00:00,275,Wisconsin,164,Rutgers,Bovada,-13,-13.5,44,46.5,-525,375
401520311,2023,regular,6,2023-10-07 16:00:00+00:00,275,Wisconsin,164,Rutgers,Caesars Sportsbook (Colorado),-12.5,,44,,,
401520311,2023,regular,6,2023-10-07 16:00:00+00:00,275,Wisconsin,164,Rutgers,DraftKings,-13,-13.5,44,,-500,380
401520312,2023,regular,7,2023-10-10 23:30:00+00:00,55,Jacksonville State,2335,Liberty,Bovada,7,6.5,59,56,185,-225
401520312,2023,regular,7,2023-10-10 23:30:00+00:00,55,Jacksonville State,2335,Liberty,DraftKings,6,6,56,56,225,-245
401520312,2023,regular,7,2023-10-10 23:30:00+00:00,55,Jacksonville State,2335,Liberty,William Hill (New Jersey),7,,59.5,,,
401520313,2023,regular,7,2023-10-10 23:00:00+00:00,2393,Middle Tennessee,2348,Louisiana Tech,Bovada,-3,-2.5,54,54.5,-150,130
401520313,2023,regular,7,2023-10-10 23:00:00+00:00,2393,Middle Tennessee,2348,Louisiana Tech,DraftKings,-3,-3,54.5,54.5,-148,130
401520313,2023,regular,7,2023-10-10 23:00:00+00:00,2393,Middle Tennessee,2348,Louisiana Tech,William Hill (New Jersey),-3,,53.5,,,
401520314,2023,regular,7,2023-10-11 23:30:00+00:00,2229,Florida International,2638,UTEP,Bovada,-3.5,1.5,43,44,-105,-115
401520314,2023,regular,7,2023-10-11 23:30:00+00:00,2229,Florida International,2638,UTEP,DraftKings,1.5,1.5,44,44,-180,-120
401520314,2023,regular,7,2023-10-11 23:30:00+00:00,2229,Florida International,2638,UTEP,William Hill (New Jersey),-3.5,,42.5,,,
401520315,2023,regular,7,2023-10-12 01:00:00+00:00,166,New Mexico State,2534,Sam Houston,Bovada,-4,-6,42.5,43,-170,145
401520315,2023,regular,7,2023-10-12 01:00:00+00:00,166,New Mexico State,2534,Sam Houston,DraftKings,-4.5,-4.5,43,43,-192,164
401520315,2023,regular,7,2023-10-12 01:00:00+00:00,166,New Mexico State,2534,Sam Houston,William Hill (New Jersey),-3.5,,42.5,,,
401520316,2023,regular,7,2023-10-14 16:00:00+00:00,333,Alabama,8,Arkansas,Bovada,-19.5,-19,45.5,48.5,-1200,700
401520316,2023,regular,7,2023-10-14 16:00:00+00:00,333,Alabama,8,Arkansas,DraftKings,-19.5,-18,46.5,,-1350,850
401520316,2023,regular,7,2023-10-14 16:00:00+00:00,333,Alabama,8,Arkansas,William Hill (New Jersey),-19,,45,,,
401520317,2023,regular,7,2023-10-14 19:30:00+00:00,349,Army,2653,Troy,Bovada,6.5,3,42,44,170,-200
401520317,2023,regular,7,2023-10-14 19:30:00+00:00,349,Army,2653,Troy,DraftKings,6,4,42.5,43.5,205,-230
401520317,2023,regular,7,2023-10-14 19:30:00+00:00,349,Army,2653,Troy,William Hill (New Jersey),6.5,,41.5,,,
401520318,2023,regular,7,2023-10-14 23:30:00+00:00,96,Kentucky,142,Missouri,Bovada,-2,-3,50.5,53.5,-135,115
401520318,2023,regular,7,2023-10-14 23:30:00+00:00,96,Kentucky,142,Missouri,DraftKings,-2.5,-2.5,50.5,53,-125,114
401520318,2023,regular,7,2023-10-14 23:30:00+00:00,96,Kentucky,142,Missouri,William Hill (New Jersey),-1.5,,50.5,,,
401520319,2023,regular,7,2023-10-14 23:00:00+00:00,99,LSU,2,Auburn,Bovada,-11,-16,60,63.5,-440,330
401520319,2023,regular,7,2023-10-14 23:00:00+00:00,99,LSU,2,Auburn,DraftKings,-11.5,-16.5,60.5,,-380,330
401520319,2023,regular,7,2023-10-14 23:00:00+00:00,99,LSU,2,Auburn,William Hill (New Jersey),-11,,60,,,
401520320,2023,regular,7,2023-10-14 19:30:00+00:00,120,Maryland,356,Illinois,Bovada,-13,-14.5,52,52.5,-600,425
401520320,2023,regular,7,2023-10-14 19:30:00+00:00,120,Maryland,356,Illinois,DraftKings,-13.5,-14,51,52,-535,400
401520320,2023,regular,7,2023-10-14 19:30:00+00:00,120,Maryland,356,Illinois,William Hill (New Jersey),-13.5,,52,,,
401520321,2023,regular,7,2023-10-14 16:00:00+00:00,130,Michigan,84,Indiana,Bovada,-33.5,-34,45.5,49.5,,
401520321,2023,regular,7,2023-10-14 16:00:00+00:00,130,Michigan,84,Indiana,DraftKings,-34,-34,45.5,49.5,,
401520321,2023,regular,7,2023-10-14 16:00:00+00:00,130,Michigan,84,Indiana,William Hill (New Jersey),-33,,45.5,,,
401520322,2023,regular,7,2023-10-14 19:30:00+00:00,213,Penn State,113,Massachusetts,Bovada,-42,-42.5,54.5,58,,
401520322,2023,regular,7,2023-10-14 19:30:00+00:00,213,Penn State,113,Massachusetts,DraftKings,-41.5,-43,55,58,,
401520322,2023,regular,7,2023-10-14 19:30:00+00:00,213,Penn State,113,Massachusetts,William Hill (New Jersey),-42,,55,,,
401520323,2023,regular,7,2023-10-14 16:00:00+00:00,2509,Purdue,194,Ohio State,Bovada,17.5,21,53,51.5,700,-1200
401520323,2023,regular,7,2023-10-14 16:00:00+00:00,2509,Purdue,194,Ohio State,DraftKings,18,19.5,52,52,625,-1000
401520323,2023,regular,7,2023-10-14 16:00:00+00:00,2509,Purdue,194,Ohio State,William Hill (New Jersey),17,,53.5,,,
401520324,2023,regular,7,2023-10-14 16:00:00+00:00,164,Rutgers,127,Michigan State,Bovada,-4.5,-5,40,41.5,-220,180
401520324,2023,regular,7,2023-10-14 16:00:00+00:00,164,Rutgers,127,Michigan State,Caesars Sportsbook (Colorado),-4,,38.5,,,
401520324,2023,regular,7,2023-10-14 16:00:00+00:00,164,Rutgers,127,Michigan State,DraftKings,-4.5,-5.5,39.5,41,-180,164
401520325,2023,regular,7,2023-10-14 19:30:00+00:00,2579,South Carolina,57,Florida,Bovada,1,-2.5,50,53.5,-125,105
401520325,2023,regular,7,2023-10-14 19:30:00+00:00,2579,South Carolina,57,Florida,DraftKings,-2.5,-1,50,,-110,114
401520325,2023,regular,7,2023-10-14 19:30:00+00:00,2579,South Carolina,57,Florida,William Hill (New Jersey),0,,50,,,
401520326,2023,regular,7,2023-10-14 19:30:00+00:00,2633,Tennessee,245,Texas A&M,Bovada,-3,-3.5,54,56.5,-160,135
401520326,2023,regular,7,2023-10-14 19:30:00+00:00,2633,Tennessee,245,Texas A&M,DraftKings,-3,-7,54.5,,-155,130
401520326,2023,regular,7,2023-10-14 19:30:00+00:00,2633,Tennessee,245,Texas A&M,William Hill (New Jersey),-3,,54.5,,,
401520327,2023,regular,7,2023-10-14 16:00:00+00:00,238,Vanderbilt,61,Georgia,Bovada,32.5,32,55,57,2500,-20000
401520327,2023,regular,7,2023-10-14 16:00:00+00:00,238,Vanderbilt,61,Georgia,DraftKings,32.5,31.5,55,57,,
401520327,2023,regular,7,2023-10-14 16:00:00+00:00,238,Vanderbilt,61,Georgia,William Hill (New Jersey),32.5,,55,,,
401520328,2023,regular,7,2023-10-14 20:00:00+00:00,275,Wisconsin,2294,Iowa,Bovada,-8,-10,33.5,37,-380,290
401520328,2023,regular,7,2023-10-14 20:00:00+00:00,275,Wisconsin,2294,Iowa,DraftKings,-9.5,-9.5,35,37.5,-340,250
401520328,2023,regular,7,2023-10-14 20:00:00+00:00,275,Wisconsin,2294,Iowa,William Hill (New Jersey),-8.5,,33.5,,,
401520329,2023,regular,8,2023-10-17 23:30:00+00:00,55,Jacksonville State,98,Western Kentucky,Bovada,7.5,8,60.5,59,270,-340
401520329,2023,regular,8,2023-10-17 23:30:00+00:00,55,Jacksonville State,98,Western Kentucky,DraftKings,7,7,61,61,260,
401520329,2023,regular,8,2023-10-17 23:30:00+00:00,55,Jacksonville State,98,Western Kentucky,William Hill (New Jersey),7.5,,60.5,,,
401520330,2023,regular,8,2023-10-17 23:00:00+00:00,2335,Liberty,2393,Middle Tennessee,Bovada,-16,-14.5,56.5,56.5,-675,460
401520330,2023,regular,8,2023-10-17 23:00:00+00:00,2335,Liberty,2393,Middle Tennessee,DraftKings,-14,-14,54.5,54.5,-750,
401520330,2023,regular,8,2023-10-17 23:00:00+00:00,2335,Liberty,2393,Middle Tennessee,William Hill (New Jersey),-16,,56.5,,,
401520331,2023,regular,8,2023-10-18 23:00:00+00:00,2534,Sam Houston,2229,Florida International,Bovada,-5.5,-5.5,42,41,-210,175
401520331,2023,regular,8,2023-10-18 23:00:00+00:00,2534,Sam Houston,2229,Florida International,DraftKings,-5.5,-5.5,39.5,39.5,-230,
401520331,2023,regular,8,2023-10-18 23:00:00+00:00,2534,Sam Houston,2229,Florida International,William Hill (New Jersey),-6,,42,,,
401520332,2023,regular,8,2023-10-19 01:00:00+00:00,2638,UTEP,166,New Mexico State,Bovada,3,3,49,48,125,-145
401520332,2023,regular,8,2023-10-19 01:00:00+00:00,2638,UTEP,166,New Mexico State,DraftKings,1,1,49.5,49.5,114,
401520332,2023,regular,8,2023-10-19 01:00:00+00:00,2638,UTEP,166,New Mexico State,William Hill (New Jersey),3,,48.5,,,
401520333,2023,regular,8,2023-10-21 19:30:00+00:00,333,Alabama,2633,Tennessee,Bovada,-8.5,-8,47.5,49,-350,275
401520333,2023,regular,8,2023-10-21 19:30:00+00:00,333,Alabama,2633,Tennessee,DraftKings,-9.5,-9.5,47.5,,-375,295
401520333,2023,regular,8,2023-10-21 19:30:00+00:00,333,Alabama,2633,Tennessee,William Hill (New Jersey),-8.5,,47.5,,,
401520334,2023,regular,8,2023-10-21 16:00:00+00:00,8,Arkansas,344,Mississippi State,Bovada,-7,-6.5,45.5,48.5,-245,205
401520334,2023,regular,8,2023-10-21 16:00:00+00:00,8,Arkansas,344,Mississippi State,DraftKings,-6.5,-7,46.5,50.5,-278,225
401520334,2023,regular,8,2023-10-21 16:00:00+00:00,8,Arkansas,344,Mississippi State,William Hill (New Jersey),-7,,46,,,
401520335,2023,regular,8,2023-10-21 23:00:00+00:00,2,Auburn,145,Ole Miss,Bovada,6.5,7,55.5,57,190,-230
401520335,2023,regular,8,2023-10-21 23:00:00+00:00,2,Auburn,145,Ole Miss,DraftKings,6.5,3,55.5,,220,-270
401520335,2023,regular,8,2023-10-21 23:00:00+00:00,2,Auburn,145,Ole Miss,William Hill (New Jersey),6.5,,55.5,,,
401520336,2023,regular,8,2023-10-21 19:30:00+00:00,356,Illinois,275,Wisconsin,Bovada,3,2,41,41.5,130,-150
401520336,2023,regular,8,2023-10-21 19:30:00+00:00,356,Illinois,275,Wisconsin,DraftKings,3,5,40.5,43,130,-155
401520336,2023,regular,8,2023-10-21 19:30:00+00:00,356,Illinois,275,Wisconsin,William Hill (New Jersey),3,,41,,,
401520337,2023,regular,8,2023-10-21 16:00:00+00:00,84,Indiana,164,Rutgers,Bovada,6,5.5,39.5,39.5,185,-225
401520337,2023,regular,8,2023-10-21 16:00:00+00:00,84,Indiana,164,Rutgers,Caesars Sportsbook (Colorado),6,,39.5,,,
401520337,2023,regular,8,2023-10-21 16:00:00+00:00,84,Indiana,164,Rutgers,DraftKings,6,4,39.5,42.5,185,-225
401520338,2023,regular,8,2023-10-21 19:30:00+00:00,2294,Iowa,135,Minnesota,Bovada,-3,-4,30.5,32,-175,150
401520338,2023,regular,8,2023-10-21 19:30:00+00:00,2294,Iowa,135,Minnesota,DraftKings,-3.5,-5.5,30.5,32.5,-166,140
401520338,2023,regular,8,2023-10-21 19:30:00+00:00,2294,Iowa,135,Minnesota,William Hill (New Jersey),-3.5,,30.5,,,
401520339,2023,regular,8,2023-10-21 23:30:00+00:00,99,LSU,349,Army,Bovada,-33,-30.5,60.5,58.5,-10000,1600
401520339,2023,regular,8,2023-10-21 23:30:00+00:00,99,LSU,349,Army,DraftKings,-33,-29.5,60,58,-10000,3000
401520339,2023,regular,8,2023-10-21 23:30:00+00:00,99,LSU,349,Army,William Hill (New Jersey),-33,,60,,,
401520340,2023,regular,8,2023-10-21 23:30:00+00:00,127,Michigan State,130,Michigan,Bovada,25.5,17,47,47.5,1100,-2800
401520340,2023,regular,8,2023-10-21 23:30:00+00:00,127,Michigan State,130,Michigan,DraftKings,24.5,19,46,,1700,-4500
401520340,2023,regular,8,2023-10-21 23:30:00+00:00,127,Michigan State,130,Michigan,William Hill (New Jersey),25.5,,46.5,,,
401520341,2023,regular,8,2023-10-21 19:30:00+00:00,142,Missouri,2579,South Carolina,Bovada,-7,-7.5,57.5,59.5,-300,250
401520341,2023,regular,8,2023-10-21 19:30:00+00:00,142,Missouri,2579,South Carolina,DraftKings,-7.5,-6,58,59,-278,225
401520341,2023,regular,8,2023-10-21 19:30:00+00:00,142,Missouri,2579,South Carolina,William Hill (New Jersey),-7.5,,57.5,,,
401520342,2023,regular,8,2023-10-21 19:30:00+00:00,158,Nebraska,77,Northwestern,Bovada,-10.5,-12,40,41,-460,340
401520342,2023,regular,8,2023-10-21 19:30:00+00:00,158,Nebraska,77,Northwestern,DraftKings,-10.5,-12,40,44,-425,330
401520342,2023,regular,8,2023-10-21 19:30:00+00:00,158,Nebraska,77,Northwestern,William Hill (New Jersey),-10.5,,40,,,
401520343,2023,regular,8,2023-10-21 16:00:00+00:00,194,Ohio State,213,Penn State,Bovada,-4,-10,47,45.5,-180,155
401520343,2023,regular,8,2023-10-21 16:00:00+00:00,194,Ohio State,213,Penn State,DraftKings,-4,-10,45.5,,-192,160
401520343,2023,regular,8,2023-10-21 16:00:00+00:00,194,Ohio State,213,Penn State,William Hill (New Jersey),-4,,46.5,,,
401520344,2023,regular,8,2023-10-21 19:30:00+00:00,41,UConn,58,South Florida,Bovada,-1,1.5,57,54.5,-110,-110
401520344,2023,regular,8,2023-10-21 19:30:00+00:00,41,UConn,58,South Florida,DraftKings,1,3.5,57,56.5,-112,-108
401520344,2023,regular,8,2023-10-21 19:30:00+00:00,41,UConn,58,South Florida,William Hill (New Jersey),-1,,57,,,
401520345,2023,regular,9,2023-10-24 23:00:00+00:00,2348,Louisiana Tech,166,New Mexico State,Bovada,-3,-2,55,51.5,-130,110
401520345,2023,regular,9,2023-10-24 23:00:00+00:00,2348,Louisiana Tech,166,New Mexico State,DraftKings,-3,-4,52,,-155,130
401520345,2023,regular,9,2023-10-24 23:00:00+00:00,2348,Louisiana Tech,166,New Mexico State,William Hill (New Jersey),-3,,55,,,
401520346,2023,regular,9,2023-10-24 23:30:00+00:00,98,Western Kentucky,2335,Liberty,Bovada,4,3,61.5,60.5,185,-225
401520346,2023,regular,9,2023-10-24 23:30:00+00:00,98,Western Kentucky,2335,Liberty,DraftKings,4,1.5,60,,164,-198
401520346,2023,regular,9,2023-10-24 23:30:00+00:00,98,Western Kentucky,2335,Liberty,William Hill (New Jersey),4,,61.5,,,
401520347,2023,regular,9,2023-10-25 23:00:00+00:00,2229,Florida International,55,Jacksonville State,Bovada,9.5,7.5,48,44,260,-320
401520347,2023,regular,9,2023-10-25 23:00:00+00:00,2229,Florida International,55,Jacksonville State,DraftKings,8,8,44,44,270,-340
401520347,2023,regular,9,2023-10-25 23:00:00+00:00,2229,Florida International,55,Jacksonville State,William Hill (New Jersey),9,,48,,,
401520348,2023,regular,9,2023-10-26 00:00:00+00:00,2534,Sam Houston,2638,UTEP,Bovada,-4,-3,38,36,-185,160
401520348,2023,regular,9,2023-10-26 00:00:00+00:00,2534,Sam Houston,2638,UTEP,DraftKings,-3,-3,36,36,-185,154
401520348,2023,regular,9,2023-10-26 00:00:00+00:00,2534,Sam Houston,2638,UTEP,William Hill (New Jersey),-4,,38.5,,,
401520349,2023,regular,9,2023-10-28 16:00:00+00:00,349,Army,113,Massachusetts,Bovada,-10,-9,49,48,-360,280
401520349,2023,regular,9,2023-10-28 16:00:00+00:00,349,Army,113,Massachusetts,DraftKings,-10,-10,48,48,-380,300
401520349,2023,regular,9,2023-10-28 16:00:00+00:00,349,Army,113,Massachusetts,William Hill (New Jersey),-10,,49.5,,,
401520350,2023,regular,9,2023-10-28 19:30:00+00:00,2,Auburn,344,Mississippi State,Bovada,-6.5,-6,40,43,-245,205
401520350,2023,regular,9,2023-10-28 19:30:00+00:00,2,Auburn,344,Mississippi State,DraftKings,-6.5,-7,41.5,43.5,-230,190
401520350,2023,regular,9,2023-10-28 19:30:00+00:00,2,Auburn,344,Mississippi State,William Hill (New Jersey),-6.5,,40,,,
401520351,2023,regular,9,2023-10-28 16:00:00+00:00,103,Boston College,41,UConn,Bovada,-14.5,-12,49,52.5,-650,450
401520351,2023,regular,9,2023-10-28 16:00:00+00:00,103,Boston College,41,UConn,DraftKings,-14.5,-13,51,52.5,-625,455
401520351,2023,regular,9,2023-10-28 16:00:00+00:00,103,Boston College,41,UConn,William Hill (New Jersey),-14.5,,49,,,
401520352,2023,regular,9,2023-10-28 19:30:00+00:00,57,Florida,61,Georgia,Bovada,14,14.5,50.5,49,430,-625
401520352,2023,regular,9,2023-10-28 19:30:00+00:00,57,Florida,61,Georgia,DraftKings,14.5,21.5,47,,410,-550
401520352,2023,regular,9,2023-10-28 19:30:00+00:00,57,Florida,61,Georgia,William Hill (New Jersey),14,,50,,,
401520353,2023,regular,9,2023-10-28 23:00:00+00:00,96,Kentucky,2633,Tennessee,Bovada,3.5,4,50,51.5,150,-175
401520353,2023,regular,9,2023-10-28 23:00:00+00:00,96,Kentucky,2633,Tennessee,DraftKings,3.5,3.5,51.5,,154,-185
401520353,2023,regular,9,2023-10-28 23:00:00+00:00,96,Kentucky,2633,Tennessee,William Hill (New Jersey),4,,50.5,,,
401520354,2023,regular,9,2023-10-28 19:30:00+00:00,135,Minnesota,127,Michigan State,Bovada,-6.5,-7,41,40.5,-270,220
401520354,2023,regular,9,2023-10-28 19:30:00+00:00,135,Minnesota,127,Michigan State,DraftKings,-7,-7,40,40.5,-230,190
401520354,2023,regular,9,2023-10-28 19:30:00+00:00,135,Minnesota,127,Michigan State,William Hill (New Jersey),-6.5,,41.5,,,
401520355,2023,regular,9,2023-10-28 19:30:00+00:00,158,Nebraska,2509,Purdue,Bovada,1.5,-3,39.5,42,100,-120
401520355,2023,regular,9,2023-10-28 19:30:00+00:00,158,Nebraska,2509,Purdue,DraftKings,-2.5,-3,39.5,41.5,-105,-115
401520355,2023,regular,9,2023-10-28 19:30:00+00:00,158,Nebraska,2509,Purdue,William Hill (New Jersey),1,,39.5,,,
401520356,2023,regular,9,2023-10-28 16:00:00+00:00,77,Northwestern,120,Maryland,Bovada,14.5,13,49,48.5,430,-625
401520356,2023,regular,9,2023-10-28 16:00:00+00:00,77,Northwestern,120,Maryland,DraftKings,13.5,13.5,48.5,49,455,-625
401520356,2023,regular,9,2023-10-28 16:00:00+00:00,77,Northwestern,120,Maryland,William Hill (New Jersey),14,,48.5,,,
401520357,2023,regular,9,2023-10-28 23:30:00+00:00,145,Ole Miss,238,Vanderbilt,Bovada,-24,-25,63,63.5,-3300,1100
401520357,2023,regular,9,2023-10-28 23:30:00+00:00,145,Ole Miss,238,Vanderbilt,DraftKings,-24.5,-25.5,63.5,63.5,-2800,1300
401520357,2023,regular,9,2023-10-28 23:30:00+00:00,145,Ole Miss,238,Vanderbilt,William Hill (New Jersey),-24,,62,,,
401520358,2023,regular,9,2023-10-28 16:00:00+00:00,213,Penn State,84,Indiana,Bovada,-31,-31,45,44.5,-10000,1600
401520358,2023,regular,9,2023-10-28 16:00:00+00:00,213,Penn State,84,Indiana,DraftKings,-32,-31,46,44.5,-8000,2200
401520358,2023,regular,9,2023-10-28 16:00:00+00:00,213,Penn State,84,Indiana,William Hill (New Jersey),-31,,45,,,
401520359,2023,regular,9,2023-10-28 16:00:00+00:00,245,Texas A&M,2579,South Carolina,Bovada,-17,-13.5,51.5,54.5,-750,500
401520359,2023,regular,9,2023-10-28 16:00:00+00:00,245,Texas A&M,2579,South Carolina,DraftKings,-14.5,-14,54,54.5,-850,575
401520359,2023,regular,9,2023-10-28 16:00:00+00:00,245,Texas A&M,2579,South Carolina,William Hill (New Jersey),-17,,51.5,,,
401520360,2023,regular,9,2023-10-28 23:30:00+00:00,275,Wisconsin,194,Ohio State,Bovada,14.5,9.5,48,44,450,-650
401520360,2023,regular,9,2023-10-28 23:30:00+00:00,275,Wisconsin,194,Ohio State,DraftKings,14.5,9.5,45.5,,470,-650
401520360,2023,regular,9,2023-10-28 23:30:00+00:00,275,Wisconsin,194,Ohio State,William Hill (New Jersey),14.5,,48,,,
401520361,2023,regular,10,2023-11-04 18:30:00+00:00,2005,Air Force,349,Army,Bovada,-18,-19,32,35,-1200,700
401520361,2023,regular,10,2023-11-04 18:30:00+00:00,2005,Air Force,349,Army,DraftKings,-18.5,-18.5,32,,-1100,700
401520361,2023,regular,10,2023-11-04 18:30:00+00:00,2005,Air Force,349,Army,ESPN Bet,-17.5,,32.5,,,
401520362,2023,regular,10,2023-11-04 23:45:00+00:00,333,Alabama,99,LSU,Bovada,-3,-6.5,60.5,60,-150,130
401520362,2023,regular,10,2023-11-04 23:45:00+00:00,333,Alabama,99,LSU,DraftKings,-3,-7,61.5,,-166,140
401520362,2023,regular,10,2023-11-04 23:45:00+00:00,333,Alabama,99,LSU,ESPN Bet,-3.5,,60.5,,,
401520363,2023,regular,10,2023-11-04 16:00:00+00:00,57,Florida,8,Arkansas,Bovada,-3,-6,49,49,-235,195
401520363,2023,regular,10,2023-11-04 16:00:00+00:00,57,Florida,8,Arkansas,DraftKings,-4.5,-5,50,48.5,-148,124
401520363,2023,regular,10,2023-11-04 16:00:00+00:00,57,Florida,8,Arkansas,ESPN Bet,-3.5,,49.5,,,
401520364,2023,regular,10,2023-11-04 19:30:00+00:00,61,Georgia,142,Missouri,Bovada,-14.5,-16,55.5,56,-700,475
401520364,2023,regular,10,2023-11-04 19:30:00+00:00,61,Georgia,142,Missouri,DraftKings,-15,-15.5,56.5,,-675,490
401520364,2023,regular,10,2023-11-04 19:30:00+00:00,61,Georgia,142,Missouri,ESPN Bet,-14.5,,55.5,,,
401520365,2023,regular,10,2023-11-04 16:00:00+00:00,84,Indiana,275,Wisconsin,Bovada,9.5,9.5,45.5,44.5,275,-350
401520365,2023,regular,10,2023-11-04 16:00:00+00:00,84,Indiana,275,Wisconsin,DraftKings,9.5,10,45,43.5,235,-290
401520365,2023,regular,10,2023-11-04 16:00:00+00:00,84,Indiana,275,Wisconsin,ESPN Bet,7.5,,44.5,,,
401520366,2023,regular,10,2023-11-04 22:00:00+00:00,2335,Liberty,2348,Louisiana Tech,Bovada,-14,-17,59,57,-900,575
401520366,2023,regular,10,2023-11-04 22:00:00+00:00,2335,Liberty,2348,Louisiana Tech,DraftKings,-16.5,-17.5,58,,-600,440
401520366,2023,regular,10,2023-11-04 22:00:00+00:00,2335,Liberty,2348,Louisiana Tech,ESPN Bet,-14.5,,59.5,,,
401520367,2023,regular,10,2023-11-04 19:30:00+00:00,120,Maryland,213,Penn State,Bovada,8.5,10,50.5,50,310,-415
401520367,2023,regular,10,2023-11-04 19:30:00+00:00,120,Maryland,213,Penn State,DraftKings,8.5,12,50,,245,-305
401520367,2023,regular,10,2023-11-04 19:30:00+00:00,120,Maryland,213,Penn State,ESPN Bet,7.5,,50.5,,,
401520368,2023,regular,10,2023-11-04 23:30:00+00:00,130,Michigan,2509,Purdue,Bovada,-31,-32.5,54,48.5,-20000,3000
401520368,2023,regular,10,2023-11-04 23:30:00+00:00,130,Michigan,2509,Purdue,DraftKings,-32.5,-32,52.5,,-6500,2000
401520368,2023,regular,10,2023-11-04 23:30:00+00:00,130,Michigan,2509,Purdue,ESPN Bet,-32.5,,54.5,,,
401520369,2023,regular,10,2023-11-04 16:00:00+00:00,127,Michigan State,158,Nebraska,Bovada,3,3.5,34.5,35,120,-140
401520369,2023,regular,10,2023-11-04 16:00:00+00:00,127,Michigan State,158,Nebraska,DraftKings,3,3.5,34.5,,130,-155
401520369,2023,regular,10,2023-11-04 16:00:00+00:00,127,Michigan State,158,Nebraska,ESPN Bet,3.5,,34.5,,,
401520370,2023,regular,10,2023-11-04 19:30:00+00:00,135,Minnesota,356,Illinois,Bovada,-2,-3,44,42.5,-120,100
401520370,2023,regular,10,2023-11-04 19:30:00+00:00,135,Minnesota,356,Illinois,DraftKings,-1.5,-3.5,43,,-142,120
401520370,2023,regular,10,2023-11-04 19:30:00+00:00,135,Minnesota,356,Illinois,ESPN Bet,-2.5,,44.5,,,
401520371,2023,regular,10,2023-11-04 23:30:00+00:00,344,Mississippi State,96,Kentucky,Bovada,5.5,3.5,44.5,46,155,-180
401520371,2023,regular,10,2023-11-04 23:30:00+00:00,344,Mississippi State,96,Kentucky,DraftKings,5,3,46,,185,-225
401520371,2023,regular,10,2023-11-04 23:30:00+00:00,344,Mississippi State,96,Kentucky,ESPN Bet,5.5,,44.5,,,
401520372,2023,regular,10,2023-11-04 22:00:00+00:00,166,New Mexico State,2393,Middle Tennessee,Bovada,-3,-3,55.5,56.5,-160,135
401520372,2023,regular,10,2023-11-04 22:00:00+00:00,166,New Mexico State,2393,Middle Tennessee,DraftKings,-3.5,-3,56.5,,-155,130
401520372,2023,regular,10,2023-11-04 22:00:00+00:00,166,New Mexico State,2393,Middle Tennessee,ESPN Bet,-3.5,,55.5,,,
401520373,2023,regular,10,2023-11-04 19:30:00+00:00,77,Northwestern,2294,Iowa,Bovada,5,5.5,31,31,175,-210
401520373,2023,regular,10,2023-11-04 19:30:00+00:00,77,Northwestern,2294,Iowa,DraftKings,4.5,6,30.5,,170,-205
401520373,2023,regular,10,2023-11-04 19:30:00+00:00,77,Northwestern,2294,Iowa,ESPN Bet,5.5,,32.5,,,
401520374,2023,regular,10,2023-11-04 16:00:00+00:00,145,Ole Miss,245,Texas A&M,Bovada,-3,-4.5,52.5,53.5,-160,135
401520374,2023,regular,10,2023-11-04 16:00:00+00:00,145,Ole Miss,245,Texas A&M,DraftKings,-3,-3,53.5,,-148,124
401520374,2023,regular,10,2023-11-04 16:00:00+00:00,145,Ole Miss,245,Texas A&M,ESPN Bet,-3.5,,51.5,,,
401520375,2023,regular,10,2023-11-04 16:00:00+00:00,164,Rutgers,194,Ohio State,Bovada,19,18,43,43.5,650,-1100
401520375,2023,regular,10,2023-11-04 16:00:00+00:00,164,Rutgers,194,Ohio State,DraftKings,19,19,42.5,,750,-1200
401520375,2023,regular,10,2023-11-04 16:00:00+00:00,164,Rutgers,194,Ohio State,ESPN Bet,18.5,,42.5,,,
401520376,2023,regular,10,2023-11-04 16:00:00+00:00,2579,South Carolina,55,Jacksonville State,Bovada,-15.5,-14.5,55,55,-700,475
401520376,2023,regular,10,2023-11-04 16:00:00+00:00,2579,South Carolina,55,Jacksonville State,DraftKings,-15.5,-15.5,55,,-650,470
401520376,2023,regular,10,2023-11-04 16:00:00+00:00,2579,South Carolina,55,Jacksonville State,ESPN Bet,-14.5,,54.5,,,
401520377,2023,regular,10,2023-11-04 16:00:00+00:00,2633,Tennessee,41,UConn,Bovada,-35,-35.5,55.5,53,,
401520377,2023,regular,10,2023-11-04 16:00:00+00:00,2633,Tennessee,41,UConn,DraftKings,-36,-34,55,,,
401520377,2023,regular,10,2023-11-04 16:00:00+00:00,2633,Tennessee,41,UConn,ESPN Bet,-35.5,,55.5,,,
401520378,2023,regular,10,2023-11-05 01:00:00+00:00,2638,UTEP,98,Western Kentucky,Bovada,10,10.5,54,54.5,275,-350
401520378,2023,regular,10,2023-11-05 01:00:00+00:00,2638,UTEP,98,Western Kentucky,DraftKings,9.5,11.5,54.5,,320,-410
401520378,2023,regular,10,2023-11-05 01:00:00+00:00,2638,UTEP,98,Western Kentucky,ESPN Bet,9.5,,53.5,,,
401520379,2023,regular,10,2023-11-04 20:00:00+00:00,238,Vanderbilt,2,Auburn,Bovada,12.5,12.5,50,49,360,-500
401520379,2023,regular,10,2023-11-04 20:00:00+00:00,238,Vanderbilt,2,Auburn,DraftKings,12.5,13,49,,390,-520
401520380,2023,regular,11,2023-11-11 21:00:00+00:00,8,Arkansas,2,Auburn,Bovada,-2,-3,47,51,-125,105
401520380,2023,regular,11,2023-11-11 21:00:00+00:00,8,Arkansas,2,Auburn,DraftKings,-3,-3,50.5,50.5,-130,110
401520380,2023,regular,11,2023-11-11 21:00:00+00:00,8,Arkansas,2,Auburn,ESPN Bet,-2.5,,46.5,,,
401520381,2023,regular,11,2023-11-11 17:00:00+00:00,349,Army,107,Holy Cross,ESPN Bet,-11.5,,55.5,,,
401520382,2023,regular,11,2023-11-12 00:00:00+00:00,61,Georgia,145,Ole Miss,Bovada,-11,-19.5,59,58.5,-440,330
401520382,2023,regular,11,2023-11-12 00:00:00+00:00,61,Georgia,145,Ole Miss,DraftKings,-13,-19.5,,,-520,390
401520382,2023,regular,11,2023-11-12 00:00:00+00:00,61,Georgia,145,Ole Miss,ESPN Bet,-10.5,,58.5,,,
401520383,2023,regular,11,2023-11-11 17:00:00+00:00,356,Illinois,84,Indiana,Bovada,-4.5,-5.5,44,43.5,-210,175
401520383,2023,regular,11,2023-11-11 17:00:00+00:00,356,Illinois,84,Indiana,DraftKings,-5.5,-5.5,43,43,-198,164
401520383,2023,regular,11,2023-11-11 17:00:00+00:00,356,Illinois,84,Indiana,ESPN Bet,-4.5,,43.5,,,
401520384,2023,regular,11,2023-11-11 20:30:00+00:00,2294,Iowa,164,Rutgers,Bovada,-1,-2.5,27.5,29,-120,100
401520384,2023,regular,11,2023-11-11 20:30:00+00:00,2294,Iowa,164,Rutgers,DraftKings,-2.5,-2.5,29.5,29.5,-118,-102
401520384,2023,regular,11,2023-11-11 20:30:00+00:00,2294,Iowa,164,Rutgers,ESPN Bet,2.5,,27.5,,,
401520385,2023,regular,11,2023-11-11 19:00:00+00:00,256,James Madison,41,UConn,Bovada,-25,-27,47.5,49,-6500,1300
401520385,2023,regular,11,2023-11-11 19:00:00+00:00,256,James Madison,41,UConn,DraftKings,-27,-27,,,-2400,1200
401520385,2023,regular,11,2023-11-11 19:00:00+00:00,256,James Madison,41,UConn,ESPN Bet,-24.5,,47.5,,,
401520386,2023,regular,11,2023-11-11 17:00:00+00:00,96,Kentucky,333,Alabama,Bovada,10.5,-3,47,49,360,-500
401520386,2023,regular,11,2023-11-11 17:00:00+00:00,96,Kentucky,333,Alabama,DraftKings,10,10,,,330,-425
401520386,2023,regular,11,2023-11-11 17:00:00+00:00,96,Kentucky,333,Alabama,ESPN Bet,11.5,,45.5,,,
401520387,2023,regular,11,2023-11-11 20:00:00+00:00,2348,Louisiana Tech,2534,Sam Houston,Bovada,-8,-7.5,49,49,-310,255
401520387,2023,regular,11,2023-11-11 20:00:00+00:00,2348,Louisiana Tech,2534,Sam Houston,DraftKings,-8.5,-8.5,,,-290,235
401520387,2023,regular,11,2023-11-11 20:00:00+00:00,2348,Louisiana Tech,2534,Sam Houston,ESPN Bet,-8.5,,49.5,,,
401520388,2023,regular,11,2023-11-11 18:00:00+00:00,2335,Liberty,295,Old Dominion,Bovada,-14,-13,59.5,58.5,-585,410
401520388,2023,regular,11,2023-11-11 18:00:00+00:00,2335,Liberty,295,Old Dominion,DraftKings,-13,-13,57.5,57.5,-600,440
401520388,2023,regular,11,2023-11-11 18:00:00+00:00,2335,Liberty,295,Old Dominion,ESPN Bet,-13.5,,58.5,,,
401520389,2023,regular,11,2023-11-12 00:30:00+00:00,99,LSU,57,Florida,Bovada,-16,-15.5,67.5,63,-750,500
401520389,2023,regular,11,2023-11-12 00:30:00+00:00,99,LSU,57,Florida,DraftKings,-14,-16.5,,,-850,575
401520389,2023,regular,11,2023-11-12 00:30:00+00:00,99,LSU,57,Florida,ESPN Bet,-16.5,,68.5,,,
401520390,2023,regular,11,2023-11-11 20:30:00+00:00,2393,Middle Tennessee,2229,Florida International,Bovada,-10.5,-11,51.5,52.5,-430,320
401520390,2023,regular,11,2023-11-11 20:30:00+00:00,2393,Middle Tennessee,2229,Florida International,DraftKings,-11.5,-11.5,,,-425,330
401520390,2023,regular,11,2023-11-11 20:30:00+00:00,2393,Middle Tennessee,2229,Florida International,ESPN Bet,-10.5,,50.5,,,
401520391,2023,regular,11,2023-11-11 20:30:00+00:00,142,Missouri,2633,Tennessee,Bovada,2,1,59,58.5,115,-135
401520391,2023,regular,11,2023-11-11 20:30:00+00:00,142,Missouri,2633,Tennessee,DraftKings,1,1,,,110,-130
401520391,2023,regular,11,2023-11-11 20:30:00+00:00,142,Missouri,2633,Tennessee,ESPN Bet,2.5,,58.5,,,
401520392,2023,regular,11,2023-11-11 17:00:00+00:00,158,Nebraska,120,Maryland,Bovada,1.5,1,42.5,45.5,105,-125
401520392,2023,regular,11,2023-11-11 17:00:00+00:00,158,Nebraska,120,Maryland,DraftKings,1,1,,,102,-122
401520392,2023,regular,11,2023-11-11 17:00:00+00:00,158,Nebraska,120,Maryland,ESPN Bet,1.5,,41.5,,,
401520393,2023,regular,11,2023-11-12 00:30:00+00:00,194,Ohio State,127,Michigan State,Bovada,-32,-25,48,46.5,-20000,2400
401520393,2023,regular,11,2023-11-12 00:30:00+00:00,194,Ohio State,127,Michigan State,DraftKings,-30.5,-25.5,,,-20000,3500
401520393,2023,regular,11,2023-11-12 00:30:00+00:00,194,Ohio State,127,Michigan State,ESPN Bet,-32.5,,48.5,,,
401520394,2023,regular,11,2023-11-11 17:00:00+00:00,213,Penn State,130,Michigan,Bovada,4,3,44.5,43.5,180,-220
401520394,2023,regular,11,2023-11-11 17:00:00+00:00,213,Penn State,130,Michigan,DraftKings,6.5,2,,,160,-192
401520394,2023,regular,11,2023-11-11 17:00:00+00:00,213,Penn State,130,Michigan,ESPN Bet,4.5,,44.5,,,
401520395,2023,regular,11,2023-11-11 20:30:00+00:00,2509,Purdue,135,Minnesota,Bovada,2,0,48.5,46.5,105,-125
401520395,2023,regular,11,2023-11-11 20:30:00+00:00,2509,Purdue,135,Minnesota,DraftKings,0,0,45.5,45.5,105,-125
401520395,2023,regular,11,2023-11-11 20:30:00+00:00,2509,Purdue,135,Minnesota,ESPN Bet,1.5,,48.5,,,
401520396,2023,regular,11,2023-11-11 17:00:00+00:00,2579,South Carolina,238,Vanderbilt,Bovada,-13,-14.5,53.5,58,-575,400
401520396,2023,regular,11,2023-11-11 17:00:00+00:00,2579,South Carolina,238,Vanderbilt,DraftKings,-14,-14,58,58,-520,390
401520396,2023,regular,11,2023-11-11 17:00:00+00:00,2579,South Carolina,238,Vanderbilt,ESPN Bet,-13.5,,53.5,,,
401520397,2023,regular,11,2023-11-12 00:30:00+00:00,245,Texas A&M,344,Mississippi State,Bovada,-16.5,-18,40.5,44.5,-1100,650
401520397,2023,regular,11,2023-11-12 00:30:00+00:00,245,Texas A&M,344,Mississippi State,DraftKings,-18.5,-18.5,,,-700,500
401520397,2023,regular,11,2023-11-12 00:30:00+00:00,245,Texas A&M,344,Mississippi State,ESPN Bet,-16.5,,40.5,,,
401520398,2023,regular,11,2023-11-11 20:30:00+00:00,275,Wisconsin,77,Northwestern,Bovada,-12,-11.5,44,42.5,-460,340
401520398,2023,regular,11,2023-11-11 20:30:00+00:00,275,Wisconsin,77,Northwestern,DraftKings,-12,-12,42.5,42.5,-440,340
401520398,2023,regular,11,2023-11-11 20:30:00+00:00,275,Wisconsin,77,Northwestern,ESPN Bet,-9.5,,43.5,,,
401520399,2023,regular,11,2023-11-11 20:30:00+00:00,98,Western Kentucky,166,New Mexico State,Bovada,-5,-5.5,53.5,57.5,-200,170
401520399,2023,regular,11,2023-11-11 20:30:00+00:00,98,Western Kentucky,166,New Mexico State,DraftKings,-5.5,-5.5,,,-205,170
401520399,2023,regular,11,2023-11-11 20:30:00+00:00,98,Western Kentucky,166,New Mexico State,ESPN Bet,-4.5,,55.5,,,
401520400,2023,regular,10,2023-11-04 19:30:00+00:00,113,Massachusetts,2771,Merrimack,ESPN Bet,-16.5,,57.5,,,
401520401,2023,regular,12,2023-11-18 17:00:00+00:00,333,Alabama,236,Chattanooga,ESPN Bet,-44.5,,54.5,,,
401520402,2023,regular,12,2023-11-19 00:30:00+00:00,8,Arkansas,2229,Florida International,Bovada,-26.5,-31.5,49.5,51.5,-10000,1600
401520402,2023,regular,12,2023-11-19 00:30:00+00:00,8,Arkansas,2229,Florida International,DraftKings,-32,-32,52,52,-3200,1400
401520402,2023,regular,12,2023-11-19 00:30:00+00:00,8,Arkansas,2229,Florida International,ESPN Bet,-27.5,,49.5,,,
401520403,2023,regular,12,2023-11-18 17:00:00+00:00,349,Army,324,Coastal Carolina,Bovada,1,5,40.5,44.5,145,-170
401520403,2023,regular,12,2023-11-18 17:00:00+00:00,349,Army,324,Coastal Carolina,DraftKings,5.5,5.5,,,-105,-115
401520403,2023,regular,12,2023-11-18 17:00:00+00:00,349,Army,324,Coastal Carolina,ESPN Bet,1.5,,40.5,,,
401520404,2023,regular,12,2023-11-18 21:00:00+00:00,2,Auburn,166,New Mexico State,Bovada,-25,-22,48,48.5,-2800,1100
401520404,2023,regular,12,2023-11-18 21:00:00+00:00,2,Auburn,166,New Mexico State,DraftKings,-22,-22,48.5,48.5,-1800,1000
401520404,2023,regular,12,2023-11-18 21:00:00+00:00,2,Auburn,166,New Mexico State,ESPN Bet,-25.5,,48.5,,,
401520405,2023,regular,12,2023-11-18 17:00:00+00:00,84,Indiana,127,Michigan State,Bovada,-3.5,-5,46.5,46.5,-165,140
401520405,2023,regular,12,2023-11-18 17:00:00+00:00,84,Indiana,127,Michigan State,DraftKings,-4.5,-4.5,47,47,-180,150
401520405,2023,regular,12,2023-11-18 17:00:00+00:00,84,Indiana,127,Michigan State,ESPN Bet,-3.5,,47.5,,,
401520406,2023,regular,12,2023-11-18 20:30:00+00:00,2294,Iowa,356,Illinois,Bovada,-3,-4,33.5,31.5,-145,125
401520406,2023,regular,12,2023-11-18 20:30:00+00:00,2294,Iowa,356,Illinois,DraftKings,-3.5,-3.5,30.5,30.5,-142,120
401520406,2023,regular,12,2023-11-18 20:30:00+00:00,2294,Iowa,356,Illinois,ESPN Bet,-2.5,,33.5,,,
401520407,2023,regular,12,2023-11-18 19:00:00+00:00,55,Jacksonville State,2348,Louisiana Tech,Bovada,-9.5,-8,54.5,55.5,-330,265
401520407,2023,regular,12,2023-11-18 19:00:00+00:00,55,Jacksonville State,2348,Louisiana Tech,DraftKings,-9,-9,55.5,55.5,-360,285
401520407,2023,regular,12,2023-11-18 19:00:00+00:00,55,Jacksonville State,2348,Louisiana Tech,ESPN Bet,-8.5,,53.5,,,
401520408,2023,regular,12,2023-11-18 18:00:00+00:00,2335,Liberty,113,Massachusetts,Bovada,-25.5,-28,63.5,63,-10000,1600
401520408,2023,regular,12,2023-11-18 18:00:00+00:00,2335,Liberty,113,Massachusetts,DraftKings,-28,-28,62,62,-2800,1300
401520408,2023,regular,12,2023-11-18 18:00:00+00:00,2335,Liberty,113,Massachusetts,ESPN Bet,-26.5,,64.5,,,
401520409,2023,regular,12,2023-11-19 01:00:00+00:00,99,LSU,2247,Georgia State,Bovada,-32,-31,75,72.5,-20000,2400
401520409,2023,regular,12,2023-11-19 01:00:00+00:00,99,LSU,2247,Georgia State,DraftKings,-30.5,-30.5,71.5,71.5,-10000,3000
401520409,2023,regular,12,2023-11-19 01:00:00+00:00,99,LSU,2247,Georgia State,ESPN Bet,-32.5,,73.5,,,
401520410,2023,regular,12,2023-11-18 17:00:00+00:00,120,Maryland,130,Michigan,Bovada,17.5,21,51,50.5,750,-1400
401520410,2023,regular,12,2023-11-18 17:00:00+00:00,120,Maryland,130,Michigan,DraftKings,21,21,50,,600,-900
401520410,2023,regular,12,2023-11-18 17:00:00+00:00,120,Maryland,130,Michigan,ESPN Bet,17.5,,50.5,,,
401520411,2023,regular,12,2023-11-18 19:00:00+00:00,2393,Middle Tennessee,2638,UTEP,Bovada,-8,-7.5,48.5,48,-300,250
401520411,2023,regular,12,2023-11-18 19:00:00+00:00,2393,Middle Tennessee,2638,UTEP,DraftKings,-8,-8,48.5,48.5,-340,270
401520411,2023,regular,12,2023-11-18 19:00:00+00:00,2393,Middle Tennessee,2638,UTEP,ESPN Bet,-8.5,,48.5,,,
401520412,2023,regular,12,2023-11-18 17:00:00+00:00,344,Mississippi State,2572,Southern Miss,Bovada,-18.5,-14,48.5,47,-650,450
401520412,2023,regular,12,2023-11-18 17:00:00+00:00,344,Mississippi State,2572,Southern Miss,DraftKings,-14,-14,46.5,46.5,-850,575
401520412,2023,regular,12,2023-11-18 17:00:00+00:00,344,Mississippi State,2572,Southern Miss,ESPN Bet,-18.5,,47.5,,,
401520413,2023,regular,12,2023-11-19 00:30:00+00:00,142,Missouri,57,Florida,Bovada,-12.5,-11,55,57.5,-460,340
401520413,2023,regular,12,2023-11-19 00:30:00+00:00,142,Missouri,57,Florida,DraftKings,-10.5,-10.5,59.5,59.5,-485,370
401520413,2023,regular,12,2023-11-19 00:30:00+00:00,142,Missouri,57,Florida,ESPN Bet,-12.5,,56.5,,,
401520414,2023,regular,12,2023-11-18 17:00:00+00:00,77,Northwestern,2509,Purdue,Bovada,-2.5,-1.5,47.5,47.5,115,-135
401520414,2023,regular,12,2023-11-18 17:00:00+00:00,77,Northwestern,2509,Purdue,DraftKings,-1,-1,48.5,48.5,-135,114
401520414,2023,regular,12,2023-11-18 17:00:00+00:00,77,Northwestern,2509,Purdue,ESPN Bet,-2.5,,47.5,,,
401520415,2023,regular,12,2023-11-18 21:00:00+00:00,194,Ohio State,135,Minnesota,Bovada,-27.5,-28.5,51.5,49,-10000,1600
401520415,2023,regular,12,2023-11-18 21:00:00+00:00,194,Ohio State,135,Minnesota,DraftKings,-28,-28,49,49,-4500,1700
401520415,2023,regular,12,2023-11-18 21:00:00+00:00,194,Ohio State,135,Minnesota,ESPN Bet,-27.5,,51.5,,,
401520416,2023,regular,12,2023-11-18 17:00:00+00:00,145,Ole Miss,2433,UL Monroe,Bovada,-36,-36.5,60.5,61.5,,
401520416,2023,regular,12,2023-11-18 17:00:00+00:00,145,Ole Miss,2433,UL Monroe,DraftKings,-37,-37,62,62,-20000,3500
401520416,2023,regular,12,2023-11-18 17:00:00+00:00,145,Ole Miss,2433,UL Monroe,ESPN Bet,-35.5,,59.5,,,
401520417,2023,regular,12,2023-11-18 17:00:00+00:00,213,Penn State,164,Rutgers,Bovada,-19.5,-19,40,43,-1200,700
401520417,2023,regular,12,2023-11-18 17:00:00+00:00,213,Penn State,164,Rutgers,DraftKings,-19.5,-19.5,43.5,43.5,-1100,700
401520417,2023,regular,12,2023-11-18 17:00:00+00:00,213,Penn State,164,Rutgers,ESPN Bet,-19.5,,39.5,,,
401520418,2023,regular,12,2023-11-19 00:30:00+00:00,2579,South Carolina,96,Kentucky,Bovada,-2.5,2,52.5,54.5,-105,-115
401520418,2023,regular,12,2023-11-19 00:30:00+00:00,2579,South Carolina,96,Kentucky,DraftKings,1.5,1.5,54.5,54.5,-130,110
401520418,2023,regular,12,2023-11-19 00:30:00+00:00,2579,South Carolina,96,Kentucky,ESPN Bet,-2.5,,52.5,,,
401520419,2023,regular,12,2023-11-18 20:30:00+00:00,2633,Tennessee,61,Georgia,Bovada,9,7.5,59,59.5,300,-400
401520419,2023,regular,12,2023-11-18 20:30:00+00:00,2633,Tennessee,61,Georgia,DraftKings,10,8.5,58.5,,285,-360
401520419,2023,regular,12,2023-11-18 20:30:00+00:00,2633,Tennessee,61,Georgia,ESPN Bet,8.5,,59.5,,,
401520420,2023,regular,12,2023-11-18 17:00:00+00:00,245,Texas A&M,2000,Abilene Christian,ESPN Bet,-40.5,,54.5,,,
401520421,2023,regular,12,2023-11-18 17:00:00+00:00,41,UConn,2529,Sacred Heart,ESPN Bet,-25.5,,40.5,,,
401520422,2023,regular,12,2023-11-19 00:30:00+00:00,275,Wisconsin,158,Nebraska,Bovada,-7,-5,36.5,37.5,-225,185
401520422,2023,regular,12,2023-11-19 00:30:00+00:00,275,Wisconsin,158,Nebraska,DraftKings,-5,-5,37,37,-278,225
401520422,2023,regular,12,2023-11-19 00:30:00+00:00,275,Wisconsin,158,Nebraska,ESPN Bet,-7.5,,36.5,,,
401520423,2023,regular,12,2023-11-18 20:30:00+00:00,98,Western Kentucky,2534,Sam Houston,Bovada,-9.5,-13,52.5,51.5,-525,375
401520423,2023,regular,12,2023-11-18 20:30:00+00:00,98,Western Kentucky,2534,Sam Houston,DraftKings,-12.5,-12.5,52,52,-360,285
401520424,2023,regular,13,2023-11-24 00:30:00+00:00,344,Mississippi State,145,Ole Miss,Bovada,10,1.5,55,56,335,-450
401520424,2023,regular,13,2023-11-24 00:30:00+00:00,344,Mississippi State,145,Ole Miss,DraftKings,11,1.5,56,,300,-380
401520424,2023,regular,13,2023-11-24 00:30:00+00:00,344,Mississippi State,145,Ole Miss,ESPN Bet,10.5,,54.5,,,
401520425,2023,regular,13,2023-11-24 17:00:00+00:00,158,Nebraska,2294,Iowa,Bovada,-3,0,26,27.5,-120,100
401520425,2023,regular,13,2023-11-24 17:00:00+00:00,158,Nebraska,2294,Iowa,DraftKings,1,1,,,-148,124
401520425,2023,regular,13,2023-11-24 17:00:00+00:00,158,Nebraska,2294,Iowa,ESPN Bet,-3,,25.5,,,
401520426,2023,regular,13,2023-11-24 21:00:00+00:00,8,Arkansas,142,Missouri,Bovada,10,7.5,53.5,55,250,-300
401520426,2023,regular,13,2023-11-24 21:00:00+00:00,8,Arkansas,142,Missouri,DraftKings,7,7,,,280,-355
401520426,2023,regular,13,2023-11-24 21:00:00+00:00,8,Arkansas,142,Missouri,ESPN Bet,9.5,,53.5,,,
401520427,2023,regular,13,2023-11-25 20:30:00+00:00,2,Auburn,333,Alabama,Bovada,14,13,48,49,475,-700
401520427,2023,regular,13,2023-11-25 20:30:00+00:00,2,Auburn,333,Alabama,DraftKings,14.5,14,49,,425,-575
401520427,2023,regular,13,2023-11-25 20:30:00+00:00,2,Auburn,333,Alabama,ESPN Bet,14.5,,47.5,,,
401520428,2023,regular,13,2023-11-25 20:00:00+00:00,2229,Florida International,98,Western Kentucky,Bovada,11.5,10,54,55,290,-380
401520428,2023,regular,13,2023-11-25 20:00:00+00:00,2229,Florida International,98,Western Kentucky,DraftKings,10,10,,,350,-455
401520428,2023,regular,13,2023-11-25 20:00:00+00:00,2229,Florida International,98,Western Kentucky,ESPN Bet,11.5,,54.5,,,
401520429,2023,regular,13,2023-11-26 00:00:00+00:00,57,Florida,52,Florida State,Bovada,6.5,9.5,48.5,51,205,-245
401520429,2023,regular,13,2023-11-26 00:00:00+00:00,57,Florida,52,Florida State,DraftKings,6,9,51,,185,-225
401520429,2023,regular,13,2023-11-26 00:00:00+00:00,57,Florida,52,Florida State,ESPN Bet,6.5,,48.5,,,
401520430,2023,regular,13,2023-11-26 00:30:00+00:00,59,Georgia Tech,61,Georgia,Bovada,25,23,59.5,60,1000,-2500
401520430,2023,regular,13,2023-11-26 00:30:00+00:00,59,Georgia Tech,61,Georgia,DraftKings,23,23,,,1300,-2800
401520430,2023,regular,13,2023-11-26 00:30:00+00:00,59,Georgia Tech,61,Georgia,ESPN Bet,24.5,,59.5,,,
401520431,2023,regular,13,2023-11-25 20:30:00+00:00,356,Illinois,77,Northwestern,Bovada,-6,-5.5,47,47,-220,180
401520431,2023,regular,13,2023-11-25 20:30:00+00:00,356,Illinois,77,Northwestern,DraftKings,-5,-5,,,-192,160
401520431,2023,regular,13,2023-11-25 20:30:00+00:00,356,Illinois,77,Northwestern,ESPN Bet,-5.5,,46.5,,,
401520432,2023,regular,13,2023-11-25 17:00:00+00:00,97,Louisville,96,Kentucky,Bovada,-7.5,-7,47.5,51,-285,235
401520432,2023,regular,13,2023-11-25 17:00:00+00:00,97,Louisville,96,Kentucky,DraftKings,-7,-7,51,51,-278,225
401520432,2023,regular,13,2023-11-25 17:00:00+00:00,97,Louisville,96,Kentucky,ESPN Bet,-7.5,,47.5,,,
401520433,2023,regular,13,2023-11-25 17:00:00+00:00,99,LSU,245,Texas A&M,Bovada,-11,-10.5,68,66,-415,310
401520433,2023,regular,13,2023-11-25 17:00:00+00:00,99,LSU,245,Texas A&M,DraftKings,-10.5,-9.5,,,-440,340
401520433,2023,regular,13,2023-11-25 17:00:00+00:00,99,LSU,245,Texas A&M,ESPN Bet,-10.5,,67.5,,,
401520434,2023,regular,13,2023-11-25 17:00:00+00:00,130,Michigan,194,Ohio State,Bovada,-3,-3,47,46.5,-180,155
401520434,2023,regular,13,2023-11-25 17:00:00+00:00,130,Michigan,194,Ohio State,DraftKings,-4,-2.5,47,,-155,130
401520434,2023,regular,13,2023-11-25 17:00:00+00:00,130,Michigan,194,Ohio State,ESPN Bet,-3,,46.5,,,
401520435,2023,regular,13,2023-11-25 00:30:00+00:00,127,Michigan State,213,Penn State,Bovada,23.5,10.5,43,43,750,-1400
401520435,2023,regular,13,2023-11-25 00:30:00+00:00,127,Michigan State,213,Penn State,DraftKings,20,13,42,,1200,-2400
401520436,2023,regular,13,2023-11-25 20:30:00+00:00,135,Minnesota,275,Wisconsin,Bovada,3,2,46,42,105,-125
401520436,2023,regular,13,2023-11-25 20:30:00+00:00,135,Minnesota,275,Wisconsin,DraftKings,1.5,1.5,42,42,130,-155
401520437,2023,regular,13,2023-11-25 21:00:00+00:00,166,New Mexico State,55,Jacksonville State,Bovada,2.5,-2.5,48.5,50,-120,100
401520437,2023,regular,13,2023-11-25 21:00:00+00:00,166,New Mexico State,55,Jacksonville State,DraftKings,-2,-2,,,114,-135
401520438,2023,regular,13,2023-11-25 17:00:00+00:00,2509,Purdue,84,Indiana,Bovada,-6.5,-2.5,55.5,50,-130,110
401520438,2023,regular,13,2023-11-25 17:00:00+00:00,2509,Purdue,84,Indiana,DraftKings,-2.5,-2.5,,,-225,185
401520438,2023,regular,13,2023-11-25 17:00:00+00:00,2509,Purdue,84,Indiana,ESPN Bet,-6.5,,55.5,,,
401520439,2023,regular,13,2023-11-25 20:30:00+00:00,164,Rutgers,120,Maryland,Bovada,2,1.5,45.5,45.5,105,-125
401520439,2023,regular,13,2023-11-25 20:30:00+00:00,164,Rutgers,120,Maryland,DraftKings,2,2,,,110,-130
401520440,2023,regular,13,2023-11-25 17:00:00+00:00,2534,Sam Houston,2393,Middle Tennessee,Bovada,3.5,4.5,50.5,49,150,-175
401520440,2023,regular,13,2023-11-25 17:00:00+00:00,2534,Sam Houston,2393,Middle Tennessee,DraftKings,4,4,,,145,-175
401520440,2023,regular,13,2023-11-25 17:00:00+00:00,2534,Sam Houston,2393,Middle Tennessee,ESPN Bet,3.5,,49.5,,,
401520441,2023,regular,13,2023-11-26 00:30:00+00:00,2579,South Carolina,228,Clemson,Bovada,7.5,6.5,48,52,235,-285
401520441,2023,regular,13,2023-11-26 00:30:00+00:00,2579,South Carolina,228,Clemson,DraftKings,7,7,,,235,-290
401520441,2023,regular,13,2023-11-26 00:30:00+00:00,2579,South Carolina,228,Clemson,ESPN Bet,7.5,,48.5,,,
401520442,2023,regular,13,2023-11-25 20:30:00+00:00,2633,Tennessee,238,Vanderbilt,Bovada,-27,-25.5,58,56.5,-5000,1300
401520442,2023,regular,13,2023-11-25 20:30:00+00:00,2633,Tennessee,238,Vanderbilt,DraftKings,-25.5,-25.5,,,-3200,1400
401520442,2023,regular,13,2023-11-25 20:30:00+00:00,2633,Tennessee,238,Vanderbilt,ESPN Bet,-27.5,,56.5,,,
401520443,2023,regular,13,2023-11-25 17:00:00+00:00,113,Massachusetts,41,UConn,Bovada,-2.5,2.5,51,50.5,,-130
401520443,2023,regular,13,2023-11-25 17:00:00+00:00,113,Massachusetts,41,UConn,DraftKings,2.5,2.5,,,-130,110
401520443,2023,regular,13,2023-11-25 17:00:00+00:00,113,Massachusetts,41,UConn,ESPN Bet,-2.5,,50.5,,,
401520444,2023,regular,13,2023-11-25 20:30:00+00:00,2638,UTEP,2335,Liberty,Bovada,18,16,54.5,59,600,-950
401520444,2023,regular,13,2023-11-25 20:30:00+00:00,2638,UTEP,2335,Liberty,DraftKings,17,17,,,700,-1100
401520444,2023,regular,13,2023-11-25 20:30:00+00:00,2638,UTEP,2335,Liberty,ESPN Bet,17.5,,54.5,,,
401520445,2023,regular,15,2023-12-09 20:00:00+00:00,349,Army,2426,Navy,Bovada,-2.5,-1.5,28,30.5,130,-150
401520445,2023,regular,15,2023-12-09 20:00:00+00:00,349,Army,2426,Navy,DraftKings,-2,-2,28,31.5,-142,120
401520445,2023,regular,15,2023-12-09 20:00:00+00:00,349,Army,2426,Navy,ESPN Bet,2.5,,28.5,,,
401521330,2023,regular,4,2023-09-23 23:30:00+00:00,87,Notre Dame,194,Ohio State,Bovada,3,7.5,55.5,54,130,-150
401521330,2023,regular,4,2023-09-23 23:30:00+00:00,87,Notre Dame,194,Ohio State,DraftKings,3.5,7,55.5,,130,-166
401521330,2023,regular,4,2023-09-23 23:30:00+00:00,87,Notre Dame,194,Ohio State,William Hill (New Jersey),3,,55.5,,,
401523986,2023,regular,1,2023-08-27 00:00:00+00:00,30,USC,23,San José State,Bovada,-30.5,-31,66.5,63.5,-10000,1600
401523986,2023,regular,1,2023-08-27 00:00:00+00:00,30,USC,23,San José State,DraftKings,-30.5,-30.5,63.5,63.5,-9000,2500
401523986,2023,regular,1,2023-08-27 00:00:00+00:00,30,USC,23,San José State,William Hill (New Jersey),-31.5,,66,,,
401523986,2023,regular,1,2023-08-27 00:00:00+00:00,30,USC,23,San José State,consensus,-30.5,,63.5,,,
401523986,2023,regular,1,2023-08-27 00:00:00+00:00,30,USC,23,San José State,teamrankings,-30,,64.5,,,
401523987,2023,regular,1,2023-09-01 02:00:00+00:00,9,Arizona State,253,Southern Utah,Bovada,-31,-31.5,53,53.5,,
401523987,2023,regular,1,2023-09-01 02:00:00+00:00,9,Arizona State,253,Southern Utah,DraftKings,-34.5,-31.5,59.5,58.5,-50000,4000
401523987,2023,regular,1,2023-09-01 02:00:00+00:00,9,Arizona State,253,Southern Utah,William Hill (New Jersey),-34,,60.5,,,
401523988,2023,regular,1,2023-09-02 03:00:00+00:00,62,Hawai'i,24,Stanford,Bovada,2.5,8,54.5,58.5,235,-285
401523988,2023,regular,1,2023-09-02 03:00:00+00:00,62,Hawai'i,24,Stanford,Caesars Sportsbook (Colorado),2,,54,,,
401523988,2023,regular,1,2023-09-02 03:00:00+00:00,62,Hawai'i,24,Stanford,DraftKings,3,8.5,55.5,58.5,110,-155
401523988,2023,regular,1,2023-09-02 03:00:00+00:00,62,Hawai'i,24,Stanford,teamrankings,7,,58.5,,,
401523989,2023,regular,1,2023-09-03 02:00:00+00:00,12,Arizona,2464,Northern Arizona,Bovada,-28.5,-28,61,60,,
401523989,2023,regular,1,2023-09-03 02:00:00+00:00,12,Arizona,2464,Northern Arizona,William Hill (New Jersey),-28.5,,61,,,
401523990,2023,regular,1,2023-09-02 23:00:00+00:00,36,Colorado State,265,Washington State,Bovada,8.5,14.5,53.5,54.5,360,-500
401523990,2023,regular,1,2023-09-02 23:00:00+00:00,36,Colorado State,265,Washington State,Caesars Sportsbook (Colorado),9.5,,54,,,
401523990,2023,regular,1,2023-09-02 23:00:00+00:00,36,Colorado State,265,Washington State,DraftKings,11,14,55.5,57.5,295,-440
401523990,2023,regular,1,2023-09-02 23:00:00+00:00,36,Colorado State,265,Washington State,teamrankings,12.5,,58,,,
401523991,2023,regular,1,2023-09-02 20:00:00+00:00,249,North Texas,25,California,Bovada,4.5,9,53.5,56,240,-290
401523991,2023,regular,1,2023-09-02 20:00:00+00:00,249,North Texas,25,California,DraftKings,6.5,7.5,54,58,170,-245
401523991,2023,regular,1,2023-09-02 20:00:00+00:00,249,North Texas,25,California,William Hill (New Jersey),5,,53.5,,,
401523991,2023,regular,1,2023-09-02 20:00:00+00:00,249,North Texas,25,California,consensus,9,,57.5,,,
401523991,2023,regular,1,2023-09-02 20:00:00+00:00,249,North Texas,25,California,teamrankings,7.5,,57.5,,,
401523992,2023,regular,1,2023-09-02 19:00:00+00:00,2483,Oregon,2502,Portland State,Bovada,-48.5,-48,65,64.5,,
401523992,2023,regular,1,2023-09-02 19:00:00+00:00,2483,Oregon,2502,Portland State,William Hill (New Jersey),-48,,64.5,,,
401523994,2023,regular,1,2023-09-02 16:00:00+00:00,2628,TCU,38,Colorado,Bovada,-21,-21,63.5,59,-900,575
401523994,2023,regular,1,2023-09-02 16:00:00+00:00,2628,TCU,38,Colorado,Caesars Sportsbook (Colorado),-21,,63,,,
401523994,2023,regular,1,2023-09-02 16:00:00+00:00,2628,TCU,38,Colorado,DraftKings,-20.5,-20,63.5,59,-1350,850
401523994,2023,regular,1,2023-09-02 16:00:00+00:00,2628,TCU,38,Colorado,consensus,-20,,59,,,
401523994,2023,regular,1,2023-09-02 16:00:00+00:00,2628,TCU,38,Colorado,teamrankings,-20.5,,59.5,,,
401523995,2023,regular,1,2023-09-03 02:30:00+00:00,26,UCLA,324,Coastal Carolina,Bovada,-15.5,-15.5,67.5,65,-750,500
401523995,2023,regular,1,2023-09-03 02:30:00+00:00,26,UCLA,324,Coastal Carolina,DraftKings,-14.5,-16.5,66.5,64.5,-750,490
401523995,2023,regular,1,2023-09-03 02:30:00+00:00,26,UCLA,324,Coastal Carolina,William Hill (New Jersey),-15.5,,66.5,,,
401523995,2023,regular,1,2023-09-03 02:30:00+00:00,26,UCLA,324,Coastal Carolina,teamrankings,-16,,64.5,,,
401523996,2023,regular,1,2023-09-02 22:30:00+00:00,30,USC,2440,Nevada,Bovada,-38,-38,63.5,66,,
401523996,2023,regular,1,2023-09-02 22:30:00+00:00,30,USC,2440,Nevada,Caesars Sportsbook (Colorado),-37.5,,63.5,,,
401523996,2023,regular,1,2023-09-02 22:30:00+00:00,30,USC,2440,Nevada,DraftKings,-38,-38,63.5,63.5,,
401523996,2023,regular,1,2023-09-02 22:30:00+00:00,30,USC,2440,Nevada,teamrankings,-38,,63.5,,,
401523997,2023,regular,1,2023-09-02 19:30:00+00:00,264,Washington,68,Boise State,Bovada,-14.5,-14.5,59,58.5,-675,460
401523997,2023,regular,1,2023-09-02 19:30:00+00:00,264,Washington,68,Boise State,DraftKings,-14,-14.5,58.5,58.5,-650,440
401523997,2023,regular,1,2023-09-02 19:30:00+00:00,264,Washington,68,Boise State,William Hill (New Jersey),-14,,59,,,
401523997,2023,regular,1,2023-09-02 19:30:00+00:00,264,Washington,68,Boise State,consensus,-14.5,,59,,,
401523997,2023,regular,1,2023-09-02 19:30:00+00:00,264,Washington,68,Boise State,teamrankings,-14.5,,59,,,
401523998,2023,regular,2,2023-09-10 02:30:00+00:00,9,Arizona State,197,Oklahoma State,Bovada,2.5,3.5,53.5,53,145,-170
401523998,2023,regular,2,2023-09-10 02:30:00+00:00,9,Arizona State,197,Oklahoma State,DraftKings,2.5,3,53.5,55.5,114,-135
401523998,2023,regular,2,2023-09-10 02:30:00+00:00,9,Arizona State,197,Oklahoma State,William Hill (New Jersey),2.5,,53.5,,,
401523999,2023,regular,2,2023-09-09 16:00:00+00:00,239,Baylor,254,Utah,Bovada,7,7,45.5,51,250,-300
401523999,2023,regular,2,2023-09-09 16:00:00+00:00,239,Baylor,254,Utah,DraftKings,7,-1.5,45.5,,230,-285
401523999,2023,regular,2,2023-09-09 16:00:00+00:00,239,Baylor,254,Utah,William Hill (New Jersey),7,,46.5,,,
401524000,2023,regular,2,2023-09-10 01:00:00+00:00,204,Oregon State,302,UC Davis,Caesars Sportsbook (Colorado),-24,,57,,,
401524000,2023,regular,2,2023-09-10 01:00:00+00:00,204,Oregon State,302,UC Davis,DraftKings,-23,-23,56,56,,
401524001,2023,regular,2,2023-09-09 23:30:00+00:00,21,San Diego State,26,UCLA,Bovada,13.5,13,49,49,400,-575
401524001,2023,regular,2,2023-09-09 23:30:00+00:00,21,San Diego State,26,UCLA,DraftKings,14,14,49.5,48.5,380,-600
401524001,2023,regular,2,2023-09-09 23:30:00+00:00,21,San Diego State,26,UCLA,William Hill (New Jersey),13,,49,,,
401524002,2023,regular,2,2023-09-09 23:00:00+00:00,2641,Texas Tech,2483,Oregon,Bovada,4.5,7.5,68.5,67,205,-245
401524002,2023,regular,2,2023-09-09 23:00:00+00:00,2641,Texas Tech,2483,Oregon,DraftKings,6,3.5,69,,164,-245
401524002,2023,regular,2,2023-09-09 23:00:00+00:00,2641,Texas Tech,2483,Oregon,William Hill (New Jersey),4.5,,70,,,
401524003,2023,regular,2,2023-09-10 02:30:00+00:00,30,USC,24,Stanford,Bovada,-28.5,-30,70,71,-10000,1600
401524003,2023,regular,2,2023-09-10 02:30:00+00:00,30,USC,24,Stanford,DraftKings,-29,-29.5,69.5,70,-5000,1800
401524003,2023,regular,2,2023-09-10 02:30:00+00:00,30,USC,24,Stanford,William Hill (New Jersey),-28.5,,70.5,,,
401524004,2023,regular,2,2023-09-09 21:00:00+00:00,264,Washington,202,Tulsa,Bovada,-34,-35.5,67,64.5,,
401524004,2023,regular,2,2023-09-09 21:00:00+00:00,264,Washington,202,Tulsa,DraftKings,-33,-34.5,65.5,65.5,,
401524004,2023,regular,2,2023-09-09 21:00:00+00:00,264,Washington,202,Tulsa,William Hill (New Jersey),-34,,66.5,,,
401524005,2023,regular,3,2023-09-17 02:30:00+00:00,9,Arizona State,278,Fresno State,Bovada,3.5,2.5,48,51.5,145,-170
401524005,2023,regular,3,2023-09-17 02:30:00+00:00,9,Arizona State,278,Fresno State,William Hill (New Jersey),4,,48,,,
401524006,2023,regular,3,2023-09-16 20:00:00+00:00,25,California,70,Idaho,William Hill (New Jersey),-14.5,,52.5,,,
401524007,2023,regular,3,2023-09-17 02:00:00+00:00,38,Colorado,36,Colorado State,Bovada,-24,-21,63.5,59.5,-2200,1000
401524007,2023,regular,3,2023-09-17 02:00:00+00:00,38,Colorado,36,Colorado State,DraftKings,-17,-17,,,-2400,
401524007,2023,regular,3,2023-09-17 02:00:00+00:00,38,Colorado,36,Colorado State,William Hill (New Jersey),-23,,63,,,
401524008,2023,regular,3,2023-09-17 00:00:00+00:00,2483,Oregon,62,Hawai'i,Bovada,-38,-37,68,68,,
401524008,2023,regular,3,2023-09-17 00:00:00+00:00,2483,Oregon,62,Hawai'i,William Hill (New Jersey),-38.5,,67.5,,,
401524009,2023,regular,3,2023-09-16 19:30:00+00:00,204,Oregon State,21,San Diego State,Bovada,-24.5,-22,48.5,47.5,-2500,1000
401524009,2023,regular,3,2023-09-16 19:30:00+00:00,204,Oregon State,21,San Diego State,William Hill (New Jersey),-24.5,,48.5,,,
401524010,2023,regular,3,2023-09-17 00:00:00+00:00,24,Stanford,16,Sacramento State,William Hill (New Jersey),-7,,60.5,,,
401524011,2023,regular,3,2023-09-16 21:00:00+00:00,26,UCLA,2428,North Carolina Central,William Hill (New Jersey),-35,,60.5,,,
401524012,2023,regular,3,2023-09-16 18:00:00+00:00,254,Utah,2692,Weber State,William Hill (New Jersey),-26.5,,44,,,
401524013,2023,regular,3,2023-09-16 21:00:00+00:00,265,Washington State,2458,Northern Colorado,William Hill (New Jersey),-48,,55,,,
401524014,2023,regular,4,2023-09-24 02:30:00+00:00,9,Arizona State,30,USC,Bovada,34,33,62,61.5,,
401524014,2023,regular,4,2023-09-24 02:30:00+00:00,9,Arizona State,30,USC,DraftKings,34.5,35,62,62,5000,-10000
401524014,2023,regular,4,2023-09-24 02:30:00+00:00,9,Arizona State,30,USC,William Hill (New Jersey),34.5,,62,,,
401524015,2023,regular,4,2023-09-23 19:30:00+00:00,2483,Oregon,38,Colorado,Bovada,-21,-16.5,70,71.5,-1200,700
401524015,2023,regular,4,2023-09-23 19:30:00+00:00,2483,Oregon,38,Colorado,DraftKings,-21,-21,70,71.5,-950,625
401524015,2023,regular,4,2023-09-23 19:30:00+00:00,2483,Oregon,38,Colorado,William Hill (New Jersey),-21,,70,,,
401524016,2023,regular,4,2023-09-23 23:00:00+00:00,24,Stanford,12,Arizona,Bovada,13,10,59.5,59,290,-380
401524016,2023,regular,4,2023-09-23 23:00:00+00:00,24,Stanford,12,Arizona,DraftKings,12.5,11.5,60,59.5,350,-470
401524016,2023,regular,4,2023-09-23 23:00:00+00:00,24,Stanford,12,Arizona,William Hill (New Jersey),13,,60,,,
401524017,2023,regular,4,2023-09-23 19:30:00+00:00,254,Utah,26,UCLA,Bovada,-3,-5,51,51,-240,200
401524017,2023,regular,4,2023-09-23 19:30:00+00:00,254,Utah,26,UCLA,DraftKings,-5.5,-8,52.5,,-175,190
401524017,2023,regular,4,2023-09-23 19:30:00+00:00,254,Utah,26,UCLA,William Hill (New Jersey),-3,,50.5,,,
401524018,2023,regular,4,2023-09-24 02:30:00+00:00,264,Washington,25,California,Bovada,-20,-21.5,55.5,63,-1500,775
401524018,2023,regular,4,2023-09-24 02:30:00+00:00,264,Washington,25,California,DraftKings,-20.5,-21,57,60.5,-1050,675
401524018,2023,regular,4,2023-09-24 02:30:00+00:00,264,Washington,25,California,William Hill (New Jersey),-21,,55.5,,,
401524019,2023,regular,4,2023-09-23 23:00:00+00:00,265,Washington State,204,Oregon State,Bovada,3,2.5,58,55.5,110,-130
401524019,2023,regular,4,2023-09-23 23:00:00+00:00,265,Washington State,204,Oregon State,DraftKings,3,3,59,56,130,-155
401524019,2023,regular,4,2023-09-23 23:00:00+00:00,265,Washington State,204,Oregon State,William Hill (New Jersey),3,,58.5,,,
401524020,2023,regular,5,2023-09-30 01:00:00+00:00,204,Oregon State,254,Utah,Bovada,-3,1,44.5,45.5,-150,130
401524020,2023,regular,5,2023-09-30 01:00:00+00:00,204,Oregon State,254,Utah,DraftKings,-3.5,-2.5,44.5,,-166,140
401524020,2023,regular,5,2023-09-30 01:00:00+00:00,204,Oregon State,254,Utah,William Hill (New Jersey),-4,,43,,,
401524021,2023,regular,5,2023-10-01 02:00:00+00:00,12,Arizona,264,Washington,Bovada,17.5,18.5,68.5,69.5,575,-900
401524021,2023,regular,5,2023-10-01 02:00:00+00:00,12,Arizona,264,Washington,DraftKings,20,18,67,67.5,750,-1200
401524021,2023,regular,5,2023-10-01 02:00:00+00:00,12,Arizona,264,Washington,William Hill (New Jersey),20,,66,,,
401524022,2023,regular,5,2023-09-30 19:00:00+00:00,25,California,9,Arizona State,Bovada,-11.5,-11.5,49.5,50.5,-440,330
401524022,2023,regular,5,2023-09-30 19:00:00+00:00,25,California,9,Arizona State,DraftKings,-12.5,-12,47.5,49,-455,350
401524022,2023,regular,5,2023-09-30 19:00:00+00:00,25,California,9,Arizona State,William Hill (New Jersey),-13,,47.5,,,
401524023,2023,regular,5,2023-09-30 16:00:00+00:00,38,Colorado,30,USC,Bovada,21.5,27,74.5,73.5,750,-1400
401524023,2023,regular,5,2023-09-30 16:00:00+00:00,38,Colorado,30,USC,DraftKings,21.5,17,73.5,,850,-1350
401524023,2023,regular,5,2023-09-30 16:00:00+00:00,38,Colorado,30,USC,William Hill (New Jersey),22,,74.5,,,
401524024,2023,regular,5,2023-09-30 22:30:00+00:00,24,Stanford,2483,Oregon,Bovada,27,27,61,61,1200,-4000
401524024,2023,regular,5,2023-09-30 22:30:00+00:00,24,Stanford,2483,Oregon,DraftKings,27,27,61,61,1700,-4500
401524024,2023,regular,5,2023-09-30 22:30:00+00:00,24,Stanford,2483,Oregon,William Hill (New Jersey),27,,59.5,,,
401524025,2023,regular,6,2023-10-08 02:30:00+00:00,30,USC,12,Arizona,Bovada,-21,-22,69.5,71,-1900,900
401524025,2023,regular,6,2023-10-08 02:30:00+00:00,30,USC,12,Arizona,DraftKings,-21.5,-22,72,72,-1800,1100
401524025,2023,regular,6,2023-10-08 02:30:00+00:00,30,USC,12,Arizona,William Hill (New Jersey),-21,,69.5,,,
401524026,2023,regular,6,2023-10-07 22:30:00+00:00,9,Arizona State,38,Colorado,Bovada,3,4,58.5,59,150,-175
401524026,2023,regular,6,2023-10-07 22:30:00+00:00,9,Arizona State,38,Colorado,DraftKings,4,5.5,60,,136,-192
401524026,2023,regular,6,2023-10-07 22:30:00+00:00,9,Arizona State,38,Colorado,William Hill (New Jersey),3,,58,,,
401524027,2023,regular,6,2023-10-08 02:00:00+00:00,25,California,204,Oregon State,Bovada,7.5,9.5,51,51,275,-350
401524027,2023,regular,6,2023-10-08 02:00:00+00:00,25,California,204,Oregon State,DraftKings,9.5,9,51.5,52.5,260,-375
401524027,2023,regular,6,2023-10-08 02:00:00+00:00,25,California,204,Oregon State,William Hill (New Jersey),7.5,,51,,,
401524028,2023,regular,6,2023-10-07 19:00:00+00:00,26,UCLA,265,Washington State,Bovada,-3.5,-4,59.5,60,-150,130
401524028,2023,regular,6,2023-10-07 19:00:00+00:00,26,UCLA,265,Washington State,DraftKings,-3.5,-4,60.5,,-170,142
401524028,2023,regular,6,2023-10-07 19:00:00+00:00,26,UCLA,265,Washington State,William Hill (New Jersey),-3,,60,,,
401524029,2023,regular,7,2023-10-14 02:00:00+00:00,38,Colorado,24,Stanford,Bovada,-13,-11.5,59,59,-460,340
401524029,2023,regular,7,2023-10-14 02:00:00+00:00,38,Colorado,24,Stanford,DraftKings,-11.5,-15,59,,-520,340
401524029,2023,regular,7,2023-10-14 02:00:00+00:00,38,Colorado,24,Stanford,William Hill (New Jersey),-13.5,,58.5,,,
401524030,2023,regular,7,2023-10-14 23:00:00+00:00,265,Washington State,12,Arizona,Bovada,-8,-9,56.5,60.5,-300,250
401524030,2023,regular,7,2023-10-14 23:00:00+00:00,265,Washington State,12,Arizona,DraftKings,-7.5,-8,57.5,61,-290,230
401524030,2023,regular,7,2023-10-14 23:00:00+00:00,265,Washington State,12,Arizona,William Hill (New Jersey),-7.5,,56.5,,,
401524031,2023,regular,7,2023-10-14 23:30:00+00:00,87,Notre Dame,30,USC,Bovada,-3,0,61,62.5,-125,105
401524031,2023,regular,7,2023-10-14 23:30:00+00:00,87,Notre Dame,30,USC,DraftKings,-2.5,-1,60.5,,-162,120
401524031,2023,regular,7,2023-10-14 23:30:00+00:00,87,Notre Dame,30,USC,William Hill (New Jersey),-3,,61,,,
401524032,2023,regular,7,2023-10-15 00:00:00+00:00,204,Oregon State,26,UCLA,Bovada,-4,-5,53.5,53.5,-185,160
401524032,2023,regular,7,2023-10-15 00:00:00+00:00,204,Oregon State,26,UCLA,DraftKings,-3.5,-4,54,53,-192,160
401524032,2023,regular,7,2023-10-15 00:00:00+00:00,204,Oregon State,26,UCLA,William Hill (New Jersey),-3.5,,53.5,,,
401524033,2023,regular,7,2023-10-14 19:00:00+00:00,254,Utah,25,California,Bovada,-9,-13.5,42.5,45,-525,375
401524033,2023,regular,7,2023-10-14 19:00:00+00:00,254,Utah,25,California,DraftKings,-11,-13.5,44,45,-375,320
401524033,2023,regular,7,2023-10-14 19:00:00+00:00,254,Utah,25,California,William Hill (New Jersey),-9.5,,43,,,
401524034,2023,regular,7,2023-10-14 19:30:00+00:00,264,Washington,2483,Oregon,Bovada,-3.5,-1.5,67,67.5,-150,130
401524034,2023,regular,7,2023-10-14 19:30:00+00:00,264,Washington,2483,Oregon,DraftKings,-3,-2,67,,-162,130
401524034,2023,regular,7,2023-10-14 19:30:00+00:00,264,Washington,2483,Oregon,William Hill (New Jersey),-3,,67,,,
401524035,2023,regular,8,2023-10-21 19:30:00+00:00,2483,Oregon,265,Washington State,Bovada,-19,-19.5,61.5,62.5,-1300,725
401524035,2023,regular,8,2023-10-21 19:30:00+00:00,2483,Oregon,265,Washington State,DraftKings,-20,-14,60,,-1100,700
401524035,2023,regular,8,2023-10-21 19:30:00+00:00,2483,Oregon,265,Washington State,William Hill (New Jersey),-19.5,,60.5,,,
401524036,2023,regular,8,2023-10-22 02:30:00+00:00,24,Stanford,26,UCLA,Bovada,17,16.5,51.5,54,550,-850
401524036,2023,regular,8,2023-10-22 02:30:00+00:00,24,Stanford,26,UCLA,DraftKings,17,16.5,52,55.5,600,-900
401524036,2023,regular,8,2023-10-22 02:30:00+00:00,24,Stanford,26,UCLA,William Hill (New Jersey),17,,52,,,
401524037,2023,regular,8,2023-10-22 00:00:00+00:00,30,USC,254,Utah,Bovada,-7,-6,52,56,-245,205
401524037,2023,regular,8,2023-10-22 00:00:00+00:00,30,USC,254,Utah,DraftKings,-6.5,-6.5,52,,-270,220
401524037,2023,regular,8,2023-10-22 00:00:00+00:00,30,USC,254,Utah,William Hill (New Jersey),-7.5,,51.5,,,
401524038,2023,regular,8,2023-10-22 02:30:00+00:00,264,Washington,9,Arizona State,Bovada,-28,-27.5,60,59,-10000,1600
401524038,2023,regular,8,2023-10-22 02:30:00+00:00,264,Washington,9,Arizona State,DraftKings,-27.5,-27.5,60,58.5,-4000,1600
401524038,2023,regular,8,2023-10-22 02:30:00+00:00,264,Washington,9,Arizona State,William Hill (New Jersey),-28,,59.5,,,
401524039,2023,regular,9,2023-10-29 02:30:00+00:00,12,Arizona,204,Oregon State,Bovada,3,4,57.5,57,130,-150
401524039,2023,regular,9,2023-10-29 02:30:00+00:00,12,Arizona,204,Oregon State,DraftKings,3.5,5,56.5,,130,-155
401524039,2023,regular,9,2023-10-29 02:30:00+00:00,12,Arizona,204,Oregon State,William Hill (New Jersey),3,,57.5,,,
401524040,2023,regular,9,2023-10-29 00:00:00+00:00,9,Arizona State,265,Washington State,Bovada,4,6.5,48.5,51.5,175,-210
401524040,2023,regular,9,2023-10-29 00:00:00+00:00,9,Arizona State,265,Washington State,DraftKings,6,6.5,51,51.5,170,-205
401524040,2023,regular,9,2023-10-29 00:00:00+00:00,9,Arizona State,265,Washington State,William Hill (New Jersey),4.5,,49,,,
401524041,2023,regular,9,2023-10-28 20:00:00+00:00,25,California,30,USC,Bovada,10.5,10.5,67.5,67,305,-410
401524041,2023,regular,9,2023-10-28 20:00:00+00:00,25,California,30,USC,DraftKings,10.5,11,67,67.5,320,-410
401524041,2023,regular,9,2023-10-28 20:00:00+00:00,25,California,30,USC,William Hill (New Jersey),10,,67.5,,,
401524042,2023,regular,9,2023-10-28 23:00:00+00:00,24,Stanford,264,Washington,Bovada,28,26.5,62,59.5,1300,-5000
401524042,2023,regular,9,2023-10-28 23:00:00+00:00,24,Stanford,264,Washington,DraftKings,26.5,26.5,60.5,59.5,1700,-4500
401524042,2023,regular,9,2023-10-28 23:00:00+00:00,24,Stanford,264,Washington,William Hill (New Jersey),27.5,,62,,,
401524043,2023,regular,9,2023-10-28 23:30:00+00:00,26,UCLA,38,Colorado,Bovada,-14,-17,60.5,64,-750,500
401524043,2023,regular,9,2023-10-28 23:30:00+00:00,26,UCLA,38,Colorado,DraftKings,-17,-15.5,63.5,,-600,440
401524043,2023,regular,9,2023-10-28 23:30:00+00:00,26,UCLA,38,Colorado,William Hill (New Jersey),-14,,60,,,
401524044,2023,regular,9,2023-10-28 19:30:00+00:00,254,Utah,2483,Oregon,Bovada,6.5,5,47.5,49,195,-235
401524044,2023,regular,9,2023-10-28 19:30:00+00:00,254,Utah,2483,Oregon,DraftKings,6.5,-1.5,48,,205,-250
401524044,2023,regular,9,2023-10-28 19:30:00+00:00,254,Utah,2483,Oregon,William Hill (New Jersey),6.5,,47.5,,,
401524045,2023,regular,10,2023-11-05 02:30:00+00:00,12,Arizona,26,UCLA,Bovada,2.5,2.5,49,53.5,120,-140
401524045,2023,regular,10,2023-11-05 02:30:00+00:00,12,Arizona,26,UCLA,DraftKings,2.5,1.5,50,,120,-142
401524045,2023,regular,10,2023-11-05 02:30:00+00:00,12,Arizona,26,UCLA,ESPN Bet,2.5,,49.5,,,
401524046,2023,regular,10,2023-11-05 02:00:00+00:00,38,Colorado,204,Oregon State,Bovada,13,-23.5,60.5,59,390,-550
401524046,2023,regular,10,2023-11-05 02:00:00+00:00,38,Colorado,204,Oregon State,DraftKings,13.5,11.5,62.5,,400,-535
401524046,2023,regular,10,2023-11-05 02:00:00+00:00,38,Colorado,204,Oregon State,ESPN Bet,13.5,,59.5,,,
401524047,2023,regular,10,2023-11-04 21:30:00+00:00,2483,Oregon,25,California,Bovada,-26.5,-24,61.5,59,-2200,1000
401524047,2023,regular,10,2023-11-04 21:30:00+00:00,2483,Oregon,25,California,DraftKings,-24.5,-24,59,,-4000,1600
401524047,2023,regular,10,2023-11-04 21:30:00+00:00,2483,Oregon,25,California,ESPN Bet,-25.5,,61.5,,,
401524048,2023,regular,10,2023-11-04 23:30:00+00:00,30,USC,264,Washington,Bovada,3,-6,76,76.5,140,-165
401524048,2023,regular,10,2023-11-04 23:30:00+00:00,30,USC,264,Washington,DraftKings,3,-6,76.5,,120,-142
401524048,2023,regular,10,2023-11-04 23:30:00+00:00,30,USC,264,Washington,ESPN Bet,3.5,,75.5,,,
401524049,2023,regular,10,2023-11-04 18:00:00+00:00,254,Utah,9,Arizona State,Bovada,-10.5,-11.5,39,41.5,-430,320
401524049,2023,regular,10,2023-11-04 18:00:00+00:00,254,Utah,9,Arizona State,DraftKings,-11,-12.5,40.5,,-380,300
401524049,2023,regular,10,2023-11-04 18:00:00+00:00,254,Utah,9,Arizona State,ESPN Bet,-9.5,,37.5,,,
401524050,2023,regular,10,2023-11-05 01:00:00+00:00,265,Washington State,24,Stanford,Bovada,-14,-13.5,58,61,-575,400
401524050,2023,regular,10,2023-11-05 01:00:00+00:00,265,Washington State,24,Stanford,DraftKings,-13,-13,59.5,,-600,440
401524050,2023,regular,10,2023-11-05 01:00:00+00:00,265,Washington State,24,Stanford,ESPN Bet,-13.5,,57.5,,,
401524051,2023,regular,11,2023-11-11 21:00:00+00:00,25,California,265,Washington State,Bovada,-2,0,60,58.5,-125,105
401524051,2023,regular,11,2023-11-11 21:00:00+00:00,25,California,265,Washington State,DraftKings,-1.5,-1.5,59,59,-135,114
401524051,2023,regular,11,2023-11-11 21:00:00+00:00,25,California,265,Washington State,ESPN Bet,-1.5,,58.5,,,
401524052,2023,regular,11,2023-11-11 19:00:00+00:00,38,Colorado,12,Arizona,Bovada,8,10,55.5,55.5,275,-350
401524052,2023,regular,11,2023-11-11 19:00:00+00:00,38,Colorado,12,Arizona,DraftKings,6,6,,,260,-325
401524052,2023,regular,11,2023-11-11 19:00:00+00:00,38,Colorado,12,Arizona,ESPN Bet,8,,55.5,,,
401524053,2023,regular,11,2023-11-12 03:30:00+00:00,2483,Oregon,30,USC,Bovada,-16.5,-3,77.5,74,-800,525
401524053,2023,regular,11,2023-11-12 03:30:00+00:00,2483,Oregon,30,USC,DraftKings,-12.5,-2,,,-1050,675
401524053,2023,regular,11,2023-11-12 03:30:00+00:00,2483,Oregon,30,USC,ESPN Bet,-16.5,,78.5,,,
401524054,2023,regular,11,2023-11-11 22:30:00+00:00,204,Oregon State,24,Stanford,Bovada,-21.5,-20.5,52.5,54.5,-1800,850
401524054,2023,regular,11,2023-11-11 22:30:00+00:00,204,Oregon State,24,Stanford,DraftKings,-20,-20,54,54,-1450,850
401524054,2023,regular,11,2023-11-11 22:30:00+00:00,204,Oregon State,24,Stanford,ESPN Bet,-21.5,,51.5,,,
401524055,2023,regular,11,2023-11-12 02:00:00+00:00,26,UCLA,9,Arizona State,Bovada,-14,-16.5,45.5,47.5,-850,550
401524055,2023,regular,11,2023-11-12 02:00:00+00:00,26,UCLA,9,Arizona State,DraftKings,-16,-16,,,-575,425
401524055,2023,regular,11,2023-11-12 02:00:00+00:00,26,UCLA,9,Arizona State,ESPN Bet,-14,,45.5,,,
401524056,2023,regular,11,2023-11-11 20:30:00+00:00,264,Washington,254,Utah,Bovada,-9.5,-3.5,48.5,54.5,-320,260
401524056,2023,regular,11,2023-11-11 20:30:00+00:00,264,Washington,254,Utah,DraftKings,-10.5,-3.5,,,-375,295
401524056,2023,regular,11,2023-11-11 20:30:00+00:00,264,Washington,254,Utah,ESPN Bet,-9.5,,49.5,,,
401524057,2023,regular,12,2023-11-18 03:30:00+00:00,265,Washington State,38,Colorado,Bovada,-4,-5,59,64,-185,160
401524057,2023,regular,12,2023-11-18 03:30:00+00:00,265,Washington State,38,Colorado,DraftKings,-5.5,-5.5,63.5,,-205,170
401524057,2023,regular,12,2023-11-18 03:30:00+00:00,265,Washington State,38,Colorado,ESPN Bet,-4.5,,59.5,,,
401524058,2023,regular,12,2023-11-18 19:30:00+00:00,12,Arizona,254,Utah,Bovada,-2.5,0,47,46,-115,-105
401524058,2023,regular,12,2023-11-18 19:30:00+00:00,12,Arizona,254,Utah,DraftKings,1,1,44.5,44.5,-135,120
401524058,2023,regular,12,2023-11-18 19:30:00+00:00,12,Arizona,254,Utah,ESPN Bet,-2.5,,45.5,,,
401524059,2023,regular,12,2023-11-18 21:00:00+00:00,9,Arizona State,2483,Oregon,Bovada,24.5,22.5,53.5,54.5,1000,-2500
401524059,2023,regular,12,2023-11-18 21:00:00+00:00,9,Arizona State,2483,Oregon,DraftKings,22,22,54,54,1200,-2400
401524059,2023,regular,12,2023-11-18 21:00:00+00:00,9,Arizona State,2483,Oregon,ESPN Bet,21.5,,52.5,,,
401524060,2023,regular,12,2023-11-19 00:30:00+00:00,204,Oregon State,264,Washington,Bovada,-1,-1,62,64,-120,100
401524060,2023,regular,12,2023-11-19 00:30:00+00:00,204,Oregon State,264,Washington,DraftKings,1,1,64,,-118,-102
401524060,2023,regular,12,2023-11-19 00:30:00+00:00,204,Oregon State,264,Washington,ESPN Bet,-1.5,,62.5,,,
401524061,2023,regular,12,2023-11-18 23:30:00+00:00,24,Stanford,25,California,Bovada,7,4.5,53.5,57.5,210,-250
401524061,2023,regular,12,2023-11-18 23:30:00+00:00,24,Stanford,25,California,DraftKings,4.5,4.5,58,58,225,-278
401524061,2023,regular,12,2023-11-18 23:30:00+00:00,24,Stanford,25,California,ESPN Bet,6.5,,52.5,,,
401524062,2023,regular,12,2023-11-18 20:30:00+00:00,30,USC,26,UCLA,Bovada,-5,-12,62.5,65.5,-250,210
401524062,2023,regular,12,2023-11-18 20:30:00+00:00,30,USC,26,UCLA,DraftKings,-6,-12,65.5,,-218,180
401524062,2023,regular,12,2023-11-18 20:30:00+00:00,30,USC,26,UCLA,ESPN Bet,-5,,62.5,,,
401524063,2023,regular,13,2023-11-25 01:30:00+00:00,2483,Oregon,204,Oregon State,Bovada,-14,-8,61,62.5,-650,450
401524063,2023,regular,13,2023-11-25 01:30:00+00:00,2483,Oregon,204,Oregon State,DraftKings,-14,-7,,,-600,440
401524063,2023,regular,13,2023-11-25 01:30:00+00:00,2483,Oregon,204,Oregon State,ESPN Bet,-14.5,,61.5,,,
401524064,2023,regular,13,2023-11-25 20:30:00+00:00,9,Arizona State,12,Arizona,Bovada,13,12.5,50,51,370,-510
401524064,2023,regular,13,2023-11-25 20:30:00+00:00,9,Arizona State,12,Arizona,DraftKings,12.5,12.5,,,370,-485
401524064,2023,regular,13,2023-11-25 20:30:00+00:00,9,Arizona State,12,Arizona,ESPN Bet,12.5,,48.5,,,
401524065,2023,regular,13,2023-11-26 00:00:00+00:00,24,Stanford,87,Notre Dame,Bovada,26,24.5,50.5,52,1100,-3300
401524065,2023,regular,13,2023-11-26 00:00:00+00:00,24,Stanford,87,Notre Dame,DraftKings,24.5,24.5,,,1700,-4500
401524065,2023,regular,13,2023-11-26 00:00:00+00:00,24,Stanford,87,Notre Dame,ESPN Bet,26.5,,49.5,,,
401524066,2023,regular,13,2023-11-26 03:30:00+00:00,26,UCLA,25,California,Bovada,-9.5,-10,50.5,52,-430,320
401524066,2023,regular,13,2023-11-26 03:30:00+00:00,26,UCLA,25,California,DraftKings,-10,-10,,,-355,280
401524066,2023,regular,13,2023-11-26 03:30:00+00:00,26,UCLA,25,California,ESPN Bet,-9.5,,51.5,,,
401524067,2023,regular,13,2023-11-25 20:00:00+00:00,254,Utah,38,Colorado,Bovada,-21.5,-22,43.5,52.5,-2800,1100
401524067,2023,regular,13,2023-11-25 20:00:00+00:00,254,Utah,38,Colorado,DraftKings,-21.5,-21.5,,,-1650,950
401524067,2023,regular,13,2023-11-25 20:00:00+00:00,254,Utah,38,Colorado,ESPN Bet,-21.5,,43.5,,,
401524068,2023,regular,13,2023-11-25 21:00:00+00:00,264,Washington,265,Washington State,Bovada,-14.5,-16.5,64.5,68,-950,600
401524068,2023,regular,13,2023-11-25 21:00:00+00:00,264,Washington,265,Washington State,DraftKings,-16,-16,68.5,68.5,-675,490
401524068,2023,regular,13,2023-11-25 21:00:00+00:00,264,Washington,265,Washington State,ESPN Bet,-15.5,,65.5,,,
401525434,2023,regular,1,2023-08-26 18:30:00+00:00,87,Notre Dame,2426,Navy,Bovada,-20.5,-19.5,50.5,49,-1500,775
401525434,2023,regular,1,2023-08-26 18:30:00+00:00,87,Notre Dame,2426,Navy,DraftKings,-20,-20,50.5,50.5,-1350,800
401525434,2023,regular,1,2023-08-26 18:30:00+00:00,87,Notre Dame,2426,Navy,William Hill (New Jersey),-20.5,,49,,,
401525434,2023,regular,1,2023-08-26 18:30:00+00:00,87,Notre Dame,2426,Navy,consensus,-20,,50.5,,,
401525434,2023,regular,1,2023-08-26 18:30:00+00:00,87,Notre Dame,2426,Navy,teamrankings,-20.5,,50.5,,,
401525435,2023,regular,1,2023-09-02 19:30:00+00:00,87,Notre Dame,2634,Tennessee State,Bovada,-48,-48,54.5,52.5,,
401525435,2023,regular,1,2023-09-02 19:30:00+00:00,87,Notre Dame,2634,Tennessee State,William Hill (New Jersey),-48.5,,55,,,
401525436,2023,regular,2,2023-09-09 16:00:00+00:00,152,NC State,87,Notre Dame,Bovada,7,7.5,49,50.5,270,-340
401525436,2023,regular,2,2023-09-09 16:00:00+00:00,152,NC State,87,Notre Dame,DraftKings,7,8,49.5,,225,-278
401525436,2023,regular,2,2023-09-09 16:00:00+00:00,152,NC State,87,Notre Dame,William Hill (New Jersey),7,,49.5,,,
401525437,2023,regular,3,2023-09-16 18:30:00+00:00,87,Notre Dame,2117,Central Michigan,Bovada,-35,-33,51,55,,
401525437,2023,regular,3,2023-09-16 18:30:00+00:00,87,Notre Dame,2117,Central Michigan,William Hill (New Jersey),-34.5,,51.5,,,
401525438,2023,regular,5,2023-09-30 23:30:00+00:00,150,Duke,87,Notre Dame,Bovada,5.5,6.5,52.5,51.5,180,-220
401525438,2023,regular,5,2023-09-30 23:30:00+00:00,150,Duke,87,Notre Dame,DraftKings,5.5,6.5,54.5,,180,-218
401525438,2023,regular,5,2023-09-30 23:30:00+00:00,150,Duke,87,Notre Dame,William Hill (New Jersey),5.5,,52.5,,,
401525439,2023,regular,6,2023-10-07 23:37:00+00:00,97,Louisville,87,Notre Dame,Bovada,6,7,54.5,51.5,200,-240
401525439,2023,regular,6,2023-10-07 23:37:00+00:00,97,Louisville,87,Notre Dame,DraftKings,6,6.5,54,,205,-245
401525439,2023,regular,6,2023-10-07 23:37:00+00:00,97,Louisville,87,Notre Dame,William Hill (New Jersey),6.5,,53,,,
401525440,2023,regular,9,2023-10-28 19:30:00+00:00,87,Notre Dame,221,Pittsburgh,Bovada,-21,-18,46.5,46.5,-1500,775
401525440,2023,regular,9,2023-10-28 19:30:00+00:00,87,Notre Dame,221,Pittsburgh,DraftKings,-20.5,-18,44.5,46.5,-1450,850
401525440,2023,regular,9,2023-10-28 19:30:00+00:00,87,Notre Dame,221,Pittsburgh,William Hill (New Jersey),-21,,45.5,,,
401525441,2023,regular,10,2023-11-04 16:00:00+00:00,228,Clemson,87,Notre Dame,Bovada,3,-5,44.5,46,135,-160
401525441,2023,regular,10,2023-11-04 16:00:00+00:00,228,Clemson,87,Notre Dame,DraftKings,3,-5,44.5,,142,-170
401525441,2023,regular,10,2023-11-04 16:00:00+00:00,228,Clemson,87,Notre Dame,ESPN Bet,2.5,,43.5,,,
401525442,2023,regular,12,2023-11-18 20:30:00+00:00,87,Notre Dame,154,Wake Forest,Bovada,-23.5,-25,47.5,47,-3500,1100
401525442,2023,regular,12,2023-11-18 20:30:00+00:00,87,Notre Dame,154,Wake Forest,DraftKings,-25,-25,47.5,47.5,-2100,1100
401525442,2023,regular,12,2023-11-18 20:30:00+00:00,87,Notre Dame,154,Wake Forest,ESPN Bet,-22.5,,47.5,,,
401525450,2023,regular,1,2023-08-26 23:00:00+00:00,166,New Mexico State,113,Massachusetts,Bovada,-7.5,-8.5,45.5,44.5,-310,255
401525450,2023,regular,1,2023-08-26 23:00:00+00:00,166,New Mexico State,113,Massachusetts,DraftKings,-8,-8,42.5,42.5,-325,260
401525450,2023,regular,1,2023-08-26 23:00:00+00:00,166,New Mexico State,113,Massachusetts,William Hill (New Jersey),-7,,45.5,,,
401525450,2023,regular,1,2023-08-26 23:00:00+00:00,166,New Mexico State,113,Massachusetts,consensus,-8,,42.5,,,
401525450,2023,regular,1,2023-08-26 23:00:00+00:00,166,New Mexico State,113,Massachusetts,teamrankings,-8,,44.5,,,
401525451,2023,regular,10,2023-11-04 17:00:00+00:00,2534,Sam Houston,338,Kennesaw State,ESPN Bet,-16.5,,41.5,,,
401525461,2023,regular,1,2023-08-31 23:00:00+00:00,154,Wake Forest,2210,Elon,Bovada,-30.5,-28.5,56,55.5,-8000,1400
401525461,2023,regular,1,2023-08-31 23:00:00+00:00,154,Wake Forest,2210,Elon,DraftKings,-32.5,-31,53.5,53.5,-10000,3000
401525461,2023,regular,1,2023-08-31 23:00:00+00:00,154,Wake Forest,2210,Elon,William Hill (New Jersey),-33.5,,53.5,,,
401525462,2023,regular,1,2023-09-01 23:30:00+00:00,59,Georgia Tech,97,Louisville,Bovada,7.5,8,49.5,52,250,-300
401525462,2023,regular,1,2023-09-01 23:30:00+00:00,59,Georgia Tech,97,Louisville,Caesars Sportsbook (Colorado),7,,49.5,,,
401525462,2023,regular,1,2023-09-01 23:30:00+00:00,59,Georgia Tech,97,Louisville,DraftKings,7.5,8,49.5,51.5,250,-290
401525462,2023,regular,1,2023-09-01 23:30:00+00:00,59,Georgia Tech,97,Louisville,consensus,8,,51.5,,,
401525462,2023,regular,1,2023-09-01 23:30:00+00:00,59,Georgia Tech,97,Louisville,teamrankings,8,,51,,,
401525463,2023,regular,1,2023-09-01 23:00:00+00:00,2390,Miami,193,Miami (OH),Bovada,-16.5,-17.5,45,48.5,-900,575
401525463,2023,regular,1,2023-09-01 23:00:00+00:00,2390,Miami,193,Miami (OH),DraftKings,-16.5,-17.5,45.5,48.5,-850,550
401525463,2023,regular,1,2023-09-01 23:00:00+00:00,2390,Miami,193,Miami (OH),William Hill (New Jersey),-16.5,,45,,,
401525463,2023,regular,1,2023-09-01 23:00:00+00:00,2390,Miami,193,Miami (OH),teamrankings,-17,,46.5,,,
401525464,2023,regular,1,2023-09-02 16:00:00+00:00,103,Boston College,2459,Northern Illinois,Bovada,-8,-9.5,50,52,-360,280
401525464,2023,regular,1,2023-09-02 16:00:00+00:00,103,Boston College,2459,Northern Illinois,DraftKings,-8.5,-10,50.5,52,-305,260
401525464,2023,regular,1,2023-09-02 16:00:00+00:00,103,Boston College,2459,Northern Illinois,William Hill (New Jersey),-8,,50,,,
401525464,2023,regular,1,2023-09-02 16:00:00+00:00,103,Boston College,2459,Northern Illinois,consensus,-10,,52,,,
401525464,2023,regular,1,2023-09-02 16:00:00+00:00,103,Boston College,2459,Northern Illinois,teamrankings,-9.5,,52,,,
401525465,2023,regular,1,2023-09-02 19:30:00+00:00,221,Pittsburgh,2747,Wofford,Bovada,-37.5,-38.5,48.5,52,,
401525465,2023,regular,1,2023-09-02 19:30:00+00:00,221,Pittsburgh,2747,Wofford,William Hill (New Jersey),-37.5,,49.5,,,
401525466,2023,regular,1,2023-09-02 20:00:00+00:00,183,Syracuse,2142,Colgate,Bovada,-40,-37,49.5,49.5,,
401525466,2023,regular,1,2023-09-02 20:00:00+00:00,183,Syracuse,2142,Colgate,William Hill (New Jersey),-40,,49.5,,,
401525467,2023,regular,1,2023-09-03 00:00:00+00:00,259,Virginia Tech,295,Old Dominion,Bovada,-17,-14,47.5,49.5,-750,500
401525467,2023,regular,1,2023-09-03 00:00:00+00:00,259,Virginia Tech,295,Old Dominion,DraftKings,-16,-13.5,48,49.5,-750,525
401525467,2023,regular,1,2023-09-03 00:00:00+00:00,259,Virginia Tech,295,Old Dominion,William Hill (New Jersey),-16,,48,,,
401525467,2023,regular,1,2023-09-03 00:00:00+00:00,259,Virginia Tech,295,Old Dominion,teamrankings,-14,,50,,,
401525468,2023,regular,1,2023-09-05 00:00:00+00:00,150,Duke,228,Clemson,Bovada,12.5,13.5,55,55.5,400,-575
401525468,2023,regular,1,2023-09-05 00:00:00+00:00,150,Duke,228,Clemson,Caesars Sportsbook (Colorado),12.5,,54,,,
401525468,2023,regular,1,2023-09-05 00:00:00+00:00,150,Duke,228,Clemson,DraftKings,13,12.5,55.5,57,350,-520
401525468,2023,regular,1,2023-09-05 00:00:00+00:00,150,Duke,228,Clemson,consensus,12.5,,57.5,,,
401525468,2023,regular,1,2023-09-05 00:00:00+00:00,150,Duke,228,Clemson,teamrankings,13,,55.5,,,
401525469,2023,regular,2,2023-09-07 23:30:00+00:00,97,Louisville,93,Murray State,William Hill (New Jersey),-43.5,,55.5,,,
401525490,2023,regular,2,2023-09-09 16:00:00+00:00,103,Boston College,107,Holy Cross,DraftKings,-10,-10,52.5,52.5,,
401525490,2023,regular,2,2023-09-09 16:00:00+00:00,103,Boston College,107,Holy Cross,William Hill (New Jersey),-10,,52,,,
401525491,2023,regular,2,2023-09-09 18:15:00+00:00,228,Clemson,2127,Charleston Southern,DraftKings,-50.5,-50.5,53,53,,
401525492,2023,regular,2,2023-09-09 22:00:00+00:00,150,Duke,322,Lafayette,DraftKings,-41,-41,48,48,,
401525492,2023,regular,2,2023-09-09 22:00:00+00:00,150,Duke,322,Lafayette,William Hill (New Jersey),-42.5,,49,,,
401525493,2023,regular,2,2023-09-10 00:30:00+00:00,52,Florida State,2572,Southern Miss,Bovada,-31,-28,54,52,-10000,1600
401525493,2023,regular,2,2023-09-10 00:30:00+00:00,52,Florida State,2572,Southern Miss,DraftKings,-31,-31,54,53.5,-8000,2200
401525493,2023,regular,2,2023-09-10 00:30:00+00:00,52,Florida State,2572,Southern Miss,William Hill (New Jersey),-31,,54,,,
401525494,2023,regular,2,2023-09-09 17:00:00+00:00,59,Georgia Tech,2569,South Carolina State,Bovada,-41,-41,52.5,52.5,,
401525494,2023,regular,2,2023-09-09 17:00:00+00:00,59,Georgia Tech,2569,South Carolina State,DraftKings,-43,-43,53.5,53.5,,
401525494,2023,regular,2,2023-09-09 17:00:00+00:00,59,Georgia Tech,2569,South Carolina State,William Hill (New Jersey),-44,,53.5,,,
401525495,2023,regular,2,2023-09-09 21:15:00+00:00,153,North Carolina,2026,App State,Bovada,-19.5,-14.5,58,61,-800,525
401525495,2023,regular,2,2023-09-09 21:15:00+00:00,153,North Carolina,2026,App State,DraftKings,-19.5,-19,58,58.5,-1050,675
401525495,2023,regular,2,2023-09-09 21:15:00+00:00,153,North Carolina,2026,App State,William Hill (New Jersey),-18,,58,,,
401525496,2023,regular,2,2023-09-09 22:30:00+00:00,221,Pittsburgh,2132,Cincinnati,Bovada,-6.5,-7,44.5,48.5,-300,250
401525496,2023,regular,2,2023-09-09 22:30:00+00:00,221,Pittsburgh,2132,Cincinnati,DraftKings,-6.5,-7.5,44.5,45,-265,210
401525496,2023,regular,2,2023-09-09 22:30:00+00:00,221,Pittsburgh,2132,Cincinnati,William Hill (New Jersey),-6.5,,44.5,,,
401525497,2023,regular,2,2023-09-09 19:30:00+00:00,183,Syracuse,2711,Western Michigan,Bovada,-24.5,-21,56.5,52.5,-1600,800
401525497,2023,regular,2,2023-09-09 19:30:00+00:00,183,Syracuse,2711,Western Michigan,DraftKings,-25,-24.5,56.5,56.5,-3200,1400
401525497,2023,regular,2,2023-09-09 19:30:00+00:00,183,Syracuse,2711,Western Michigan,William Hill (New Jersey),-24.5,,56.5,,,
401525498,2023,regular,2,2023-09-09 16:00:00+00:00,258,Virginia,256,James Madison,Bovada,6,6,39.5,44,210,-250
401525498,2023,regular,2,2023-09-09 16:00:00+00:00,258,Virginia,256,James Madison,DraftKings,6,6.5,40,40.5,185,-225
401525498,2023,regular,2,2023-09-09 16:00:00+00:00,258,Virginia,256,James Madison,William Hill (New Jersey),6,,40,,,
401525499,2023,regular,3,2023-09-14 23:30:00+00:00,2390,Miami,2065,Bethune-Cookman,William Hill (New Jersey),-54,,63.5,,,
401525500,2023,regular,3,2023-09-16 16:00:00+00:00,103,Boston College,52,Florida State,Bovada,25,28.5,47.5,56.5,1600,-10000
401525500,2023,regular,3,2023-09-16 16:00:00+00:00,103,Boston College,52,Florida State,William Hill (New Jersey),25.5,,48,,,
401525501,2023,regular,3,2023-09-17 00:00:00+00:00,228,Clemson,2226,Florida Atlantic,Bovada,-25,-24,51.5,52.5,-2500,1050
401525501,2023,regular,3,2023-09-17 00:00:00+00:00,228,Clemson,2226,Florida Atlantic,William Hill (New Jersey),-25,,51.5,,,
401525502,2023,regular,3,2023-09-16 18:00:00+00:00,152,NC State,2678,VMI,William Hill (New Jersey),-42.5,,51,,,
401525503,2023,regular,3,2023-09-16 23:30:00+00:00,277,West Virginia,221,Pittsburgh,Bovada,-2.5,1.5,47.5,50,105,-125
401525503,2023,regular,3,2023-09-16 23:30:00+00:00,277,West Virginia,221,Pittsburgh,DraftKings,2,2,,,-142,
401525503,2023,regular,3,2023-09-16 23:30:00+00:00,277,West Virginia,221,Pittsburgh,William Hill (New Jersey),-2.5,,48,,,
401525504,2023,regular,3,2023-09-16 16:00:00+00:00,295,Old Dominion,154,Wake Forest,Bovada,14,14,61,59.5,475,-700
401525504,2023,regular,3,2023-09-16 16:00:00+00:00,295,Old Dominion,154,Wake Forest,William Hill (New Jersey),13.5,,60,,,
401525505,2023,regular,4,2023-09-22 23:30:00+00:00,258,Virginia,152,NC State,Bovada,8,9,47,45.5,285,-370
401525505,2023,regular,4,2023-09-22 23:30:00+00:00,258,Virginia,152,NC State,DraftKings,7.5,9.5,48,49,260,-310
401525505,2023,regular,4,2023-09-22 23:30:00+00:00,258,Virginia,152,NC State,William Hill (New Jersey),8.5,,47.5,,,
401525506,2023,regular,4,2023-09-23 19:30:00+00:00,97,Louisville,103,Boston College,Bovada,-13.5,-13.5,53.5,55,-625,430
401525506,2023,regular,4,2023-09-23 19:30:00+00:00,97,Louisville,103,Boston College,DraftKings,-14,-14,54,54.5,-550,440
401525506,2023,regular,4,2023-09-23 19:30:00+00:00,97,Louisville,103,Boston College,William Hill (New Jersey),-14,,53,,,
401525507,2023,regular,4,2023-09-23 16:00:00+00:00,228,Clemson,52,Florida State,Bovada,2,1.5,55,55,105,-125
401525507,2023,regular,4,2023-09-23 16:00:00+00:00,228,Clemson,52,Florida State,DraftKings,2,-3,55,,110,-130
401525507,2023,regular,4,2023-09-23 16:00:00+00:00,228,Clemson,52,Florida State,William Hill (New Jersey),2,,55.5,,,
401525508,2023,regular,4,2023-09-23 22:30:00+00:00,154,Wake Forest,59,Georgia Tech,Bovada,-3.5,-7,58.5,60.5,-240,200
401525508,2023,regular,4,2023-09-23 22:30:00+00:00,154,Wake Forest,59,Georgia Tech,DraftKings,-4,-4,58.5,60,-180,160
401525508,2023,regular,4,2023-09-23 22:30:00+00:00,154,Wake Forest,59,Georgia Tech,William Hill (New Jersey),-3.5,,58.5,,,
401525509,2023,regular,4,2023-09-23 19:30:00+00:00,218,Temple,2390,Miami,Bovada,23.5,25,46,52.5,1100,-3300
401525509,2023,regular,4,2023-09-23 19:30:00+00:00,218,Temple,2390,Miami,DraftKings,23.5,23,47,50.5,1200,-2400
401525509,2023,regular,4,2023-09-23 19:30:00+00:00,218,Temple,2390,Miami,William Hill (New Jersey),23,,46.5,,,
401525510,2023,regular,4,2023-09-24 00:00:00+00:00,221,Pittsburgh,153,North Carolina,Bovada,7,5.5,49.5,50,200,-240
401525510,2023,regular,4,2023-09-24 00:00:00+00:00,221,Pittsburgh,153,North Carolina,DraftKings,7.5,7.5,50,50,215,-290
401525510,2023,regular,4,2023-09-24 00:00:00+00:00,221,Pittsburgh,153,North Carolina,William Hill (New Jersey),7,,49.5,,,
401525511,2023,regular,4,2023-09-23 16:00:00+00:00,276,Marshall,259,Virginia Tech,Bovada,-6,-7.5,41.5,41.5,-300,250
401525511,2023,regular,4,2023-09-23 16:00:00+00:00,276,Marshall,259,Virginia Tech,DraftKings,-4.5,-5,41,41,-218,154
401525511,2023,regular,4,2023-09-23 16:00:00+00:00,276,Marshall,259,Virginia Tech,William Hill (New Jersey),-5.5,,41.5,,,
401525512,2023,regular,5,2023-09-29 23:00:00+00:00,152,NC State,97,Louisville,Bovada,3,3,55.5,55.5,145,-170
401525512,2023,regular,5,2023-09-29 23:00:00+00:00,152,NC State,97,Louisville,DraftKings,3.5,3.5,55.5,55.5,160,-192
401525512,2023,regular,5,2023-09-29 23:00:00+00:00,152,NC State,97,Louisville,William Hill (New Jersey),3.5,,56.5,,,
401525513,2023,regular,5,2023-09-30 18:00:00+00:00,103,Boston College,258,Virginia,Bovada,-3,-2,55,56,-160,135
401525513,2023,regular,5,2023-09-30 18:00:00+00:00,103,Boston College,258,Virginia,DraftKings,-3.5,-3,52.5,55,-166,140
401525513,2023,regular,5,2023-09-30 18:00:00+00:00,103,Boston College,258,Virginia,William Hill (New Jersey),-5,,52.5,,,
401525514,2023,regular,5,2023-09-30 16:00:00+00:00,183,Syracuse,228,Clemson,Bovada,7,7.5,53.5,52.5,220,-270
401525514,2023,regular,5,2023-09-30 16:00:00+00:00,183,Syracuse,228,Clemson,DraftKings,6.5,9,53,,205,-250
401525514,2023,regular,5,2023-09-30 16:00:00+00:00,183,Syracuse,228,Clemson,William Hill (New Jersey),7,,52,,,
401525515,2023,regular,5,2023-09-30 19:30:00+00:00,59,Georgia Tech,189,Bowling Green,Bovada,-22.5,-20,52.5,54.5,-1200,700
401525515,2023,regular,5,2023-09-30 19:30:00+00:00,59,Georgia Tech,189,Bowling Green,DraftKings,-22,-22,51.5,52.5,-1800,1000
401525515,2023,regular,5,2023-09-30 19:30:00+00:00,59,Georgia Tech,189,Bowling Green,William Hill (New Jersey),-21,,49.5,,,
401525516,2023,regular,5,2023-10-01 00:00:00+00:00,259,Virginia Tech,221,Pittsburgh,Bovada,2.5,2,40,42.5,110,-130
401525516,2023,regular,5,2023-10-01 00:00:00+00:00,259,Virginia Tech,221,Pittsburgh,DraftKings,2.5,2.5,39.5,41,114,-135
401525516,2023,regular,5,2023-10-01 00:00:00+00:00,259,Virginia Tech,221,Pittsburgh,William Hill (New Jersey),3,,40,,,
401525517,2023,regular,6,2023-10-07 19:30:00+00:00,228,Clemson,154,Wake Forest,Bovada,-21,-21,53,51.5,-1500,775
401525517,2023,regular,6,2023-10-07 19:30:00+00:00,228,Clemson,154,Wake Forest,DraftKings,-21,-20.5,52.5,,-1650,950
401525517,2023,regular,6,2023-10-07 19:30:00+00:00,228,Clemson,154,Wake Forest,William Hill (New Jersey),-21,,53.5,,,
401525518,2023,regular,6,2023-10-07 19:30:00+00:00,52,Florida State,259,Virginia Tech,Bovada,-24,-24,52.5,52.5,-2800,1100
401525518,2023,regular,6,2023-10-07 19:30:00+00:00,52,Florida State,259,Virginia Tech,DraftKings,-24,-25.5,53,53,-2400,1100
401525518,2023,regular,6,2023-10-07 19:30:00+00:00,52,Florida State,259,Virginia Tech,William Hill (New Jersey),-23.5,,52.5,,,
401525519,2023,regular,6,2023-10-08 00:00:00+00:00,2390,Miami,59,Georgia Tech,Bovada,-19,-20.5,57,59,-1300,725
401525519,2023,regular,6,2023-10-08 00:00:00+00:00,2390,Miami,59,Georgia Tech,DraftKings,-19.5,-18,57.5,,-1200,800
401525519,2023,regular,6,2023-10-08 00:00:00+00:00,2390,Miami,59,Georgia Tech,William Hill (New Jersey),-19,,57,,,
401525520,2023,regular,6,2023-10-07 19:30:00+00:00,153,North Carolina,183,Syracuse,Bovada,-9,-8.5,59,58,-370,285
401525520,2023,regular,6,2023-10-07 19:30:00+00:00,153,North Carolina,183,Syracuse,DraftKings,-9.5,-6.5,60,,-395,310
401525520,2023,regular,6,2023-10-07 19:30:00+00:00,153,North Carolina,183,Syracuse,William Hill (New Jersey),-9.5,,59,,,
401525521,2023,regular,6,2023-10-07 18:00:00+00:00,152,NC State,276,Marshall,Bovada,-6.5,-6.5,44,45.5,-250,210
401525521,2023,regular,6,2023-10-07 18:00:00+00:00,152,NC State,276,Marshall,DraftKings,-6.5,-6.5,44.5,,-258,215
401525521,2023,regular,6,2023-10-07 18:00:00+00:00,152,NC State,276,Marshall,William Hill (New Jersey),-6.5,,44,,,
401525522,2023,regular,6,2023-10-07 16:00:00+00:00,258,Virginia,2729,William & Mary,William Hill (New Jersey),-10,,42,,,
401525523,2023,regular,7,2023-10-15 00:00:00+00:00,150,Duke,152,NC State,Bovada,-3.5,-3.5,42.5,48,-175,150
401525523,2023,regular,7,2023-10-15 00:00:00+00:00,150,Duke,152,NC State,DraftKings,-3.5,-3.5,44,48,-180,140
401525523,2023,regular,7,2023-10-15 00:00:00+00:00,150,Duke,152,NC State,William Hill (New Jersey),-4,,42.5,,,
401525524,2023,regular,7,2023-10-14 16:00:00+00:00,52,Florida State,183,Syracuse,Bovada,-19.5,-18,53,56.5,-900,575
401525524,2023,regular,7,2023-10-14 16:00:00+00:00,52,Florida State,183,Syracuse,DraftKings,-18.5,-17.5,53.5,56.5,-1100,675
401525524,2023,regular,7,2023-10-14 16:00:00+00:00,52,Florida State,183,Syracuse,William Hill (New Jersey),-18.5,,53,,,
401525525,2023,regular,7,2023-10-14 22:30:00+00:00,221,Pittsburgh,97,Louisville,Bovada,7,9.5,45,47.5,260,-320
401525525,2023,regular,7,2023-10-14 22:30:00+00:00,221,Pittsburgh,97,Louisville,DraftKings,7.5,8,44.5,47.5,235,-290
401525525,2023,regular,7,2023-10-14 22:30:00+00:00,221,Pittsburgh,97,Louisville,William Hill (New Jersey),7,,45,,,
401525526,2023,regular,7,2023-10-14 23:30:00+00:00,153,North Carolina,2390,Miami,Bovada,-2.5,-4,57.5,56,-185,160
401525526,2023,regular,7,2023-10-14 23:30:00+00:00,153,North Carolina,2390,Miami,DraftKings,-2.5,-1,56.5,,-155,124
401525526,2023,regular,7,2023-10-14 23:30:00+00:00,153,North Carolina,2390,Miami,William Hill (New Jersey),-3,,57,,,
401525527,2023,regular,7,2023-10-14 19:30:00+00:00,259,Virginia Tech,154,Wake Forest,Bovada,-1.5,1,48.5,49,-120,100
401525527,2023,regular,7,2023-10-14 19:30:00+00:00,259,Virginia Tech,154,Wake Forest,DraftKings,-1.5,1,48,48.5,-122,102
401525527,2023,regular,7,2023-10-14 19:30:00+00:00,259,Virginia Tech,154,Wake Forest,William Hill (New Jersey),-1.5,,48.5,,,
401525528,2023,regular,8,2023-10-21 16:00:00+00:00,59,Georgia Tech,103,Boston College,Bovada,-6,-4,57,58,-235,195
401525528,2023,regular,8,2023-10-21 16:00:00+00:00,59,Georgia Tech,103,Boston College,DraftKings,-5.5,-5,57,57.5,-225,185
401525528,2023,regular,8,2023-10-21 16:00:00+00:00,59,Georgia Tech,103,Boston College,William Hill (New Jersey),-6,,57,,,
401525529,2023,regular,8,2023-10-22 00:00:00+00:00,2390,Miami,228,Clemson,Bovada,6.5,9.5,44.5,49,130,-150
401525529,2023,regular,8,2023-10-22 00:00:00+00:00,2390,Miami,228,Clemson,DraftKings,3,10,48.5,,195,-238
401525529,2023,regular,8,2023-10-22 00:00:00+00:00,2390,Miami,228,Clemson,William Hill (New Jersey),6,,45,,,
401525530,2023,regular,8,2023-10-21 23:30:00+00:00,52,Florida State,150,Duke,Bovada,-14,-13.5,49,48.5,-650,450
401525530,2023,regular,8,2023-10-21 23:30:00+00:00,52,Florida State,150,Duke,DraftKings,-14.5,-15.5,49.5,49,-600,440
401525530,2023,regular,8,2023-10-21 23:30:00+00:00,52,Florida State,150,Duke,William Hill (New Jersey),-14,,48.5,,,
401525531,2023,regular,8,2023-10-21 22:30:00+00:00,153,North Carolina,258,Virginia,Bovada,-24,-23.5,57.5,56.5,-2200,1000
401525531,2023,regular,8,2023-10-21 22:30:00+00:00,153,North Carolina,258,Virginia,DraftKings,-24,-23,58,56.5,-2800,1300
401525531,2023,regular,8,2023-10-21 22:30:00+00:00,153,North Carolina,258,Virginia,William Hill (New Jersey),-24,,58,,,
401525532,2023,regular,8,2023-10-21 19:30:00+00:00,154,Wake Forest,221,Pittsburgh,Bovada,3,-1,45,47,-105,-115
401525532,2023,regular,8,2023-10-21 19:30:00+00:00,154,Wake Forest,221,Pittsburgh,DraftKings,-1,-1.5,45.5,48,120,-142
401525532,2023,regular,8,2023-10-21 19:30:00+00:00,154,Wake Forest,221,Pittsburgh,William Hill (New Jersey),3,,45,,,
401525533,2023,regular,9,2023-10-26 23:30:00+00:00,259,Virginia Tech,183,Syracuse,Bovada,-2.5,-3,47,47,-145,125
401525533,2023,regular,9,2023-10-26 23:30:00+00:00,259,Virginia Tech,183,Syracuse,DraftKings,-2.5,-3,47,47,-142,120
401525533,2023,regular,9,2023-10-26 23:30:00+00:00,259,Virginia Tech,183,Syracuse,William Hill (New Jersey),-2.5,,47.5,,,
401525534,2023,regular,9,2023-10-28 18:00:00+00:00,152,NC State,228,Clemson,Bovada,10,10,44.5,43.5,275,-350
401525534,2023,regular,9,2023-10-28 18:00:00+00:00,152,NC State,228,Clemson,DraftKings,10,10.5,44,,285,-360
401525534,2023,regular,9,2023-10-28 18:00:00+00:00,152,NC State,228,Clemson,William Hill (New Jersey),9.5,,44.5,,,
401525535,2023,regular,9,2023-10-28 19:30:00+00:00,97,Louisville,150,Duke,Bovada,-5,-4,47,47,-235,195
401525535,2023,regular,9,2023-10-28 19:30:00+00:00,97,Louisville,150,Duke,DraftKings,-4.5,-4,46,47,-198,164
401525535,2023,regular,9,2023-10-28 19:30:00+00:00,97,Louisville,150,Duke,William Hill (New Jersey),-5,,47,,,
401525536,2023,regular,9,2023-10-28 16:00:00+00:00,154,Wake Forest,52,Florida State,Bovada,21,20,53,53,775,-1500
401525536,2023,regular,9,2023-10-28 16:00:00+00:00,154,Wake Forest,52,Florida State,DraftKings,20.5,20,51,53,850,-1450
401525536,2023,regular,9,2023-10-28 16:00:00+00:00,154,Wake Forest,52,Florida State,William Hill (New Jersey),21,,53.5,,,
401525537,2023,regular,9,2023-10-29 00:00:00+00:00,59,Georgia Tech,153,North Carolina,Bovada,12.5,12,65,63.5,350,-480
401525537,2023,regular,9,2023-10-29 00:00:00+00:00,59,Georgia Tech,153,North Carolina,DraftKings,11,11.5,64,63.5,380,-500
401525537,2023,regular,9,2023-10-29 00:00:00+00:00,59,Georgia Tech,153,North Carolina,William Hill (New Jersey),12,,65.5,,,
401525538,2023,regular,9,2023-10-28 19:30:00+00:00,2390,Miami,258,Virginia,Bovada,-19,-18,48,50,-1100,650
401525538,2023,regular,9,2023-10-28 19:30:00+00:00,2390,Miami,258,Virginia,DraftKings,-18.5,-18,46.5,50,-1600,900
401525538,2023,regular,9,2023-10-28 19:30:00+00:00,2390,Miami,258,Virginia,William Hill (New Jersey),-18.5,,48,,,
401525539,2023,regular,10,2023-11-02 23:30:00+00:00,150,Duke,154,Wake Forest,Bovada,-7,-12.5,41,45.5,-270,220
401525539,2023,regular,10,2023-11-02 23:30:00+00:00,150,Duke,154,Wake Forest,DraftKings,-6.5,-11.5,41,45,-265,215
401525539,2023,regular,10,2023-11-02 23:30:00+00:00,150,Duke,154,Wake Forest,ESPN Bet,-6.5,,40.5,,,
401525540,2023,regular,10,2023-11-03 23:30:00+00:00,183,Syracuse,103,Boston College,Bovada,1,-3,47,51,-140,120
401525540,2023,regular,10,2023-11-03 23:30:00+00:00,183,Syracuse,103,Boston College,DraftKings,-3,-3,51,51.5,100,-120
401525540,2023,regular,10,2023-11-03 23:30:00+00:00,183,Syracuse,103,Boston College,ESPN Bet,-0.5,,47.5,,,
401525541,2023,regular,10,2023-11-04 19:30:00+00:00,221,Pittsburgh,52,Florida State,Bovada,21.5,21.5,50,51.5,800,-1600
401525541,2023,regular,10,2023-11-04 19:30:00+00:00,221,Pittsburgh,52,Florida State,DraftKings,21.5,23,50,,800,-1350
401525541,2023,regular,10,2023-11-04 19:30:00+00:00,221,Pittsburgh,52,Florida State,ESPN Bet,20.5,,48.5,,,
401525542,2023,regular,10,2023-11-04 18:00:00+00:00,258,Virginia,59,Georgia Tech,Bovada,-1,-2.5,56,54.5,-125,105
401525542,2023,regular,10,2023-11-04 18:00:00+00:00,258,Virginia,59,Georgia Tech,DraftKings,-2,-1.5,57.5,,-115,-105
401525542,2023,regular,10,2023-11-04 18:00:00+00:00,258,Virginia,59,Georgia Tech,ESPN Bet,-1.5,,55.5,,,
401525543,2023,regular,10,2023-11-04 19:30:00+00:00,97,Louisville,259,Virginia Tech,Bovada,-10,-10.5,48.5,48.5,-390,295
401525543,2023,regular,10,2023-11-04 19:30:00+00:00,97,Louisville,259,Virginia Tech,DraftKings,-9.5,-10,48.5,,-340,270
401525544,2023,regular,10,2023-11-05 00:00:00+00:00,152,NC State,2390,Miami,Bovada,6.5,3.5,44,45.5,160,-185
401525544,2023,regular,10,2023-11-05 00:00:00+00:00,152,NC State,2390,Miami,DraftKings,5.5,4,44,,210,-258
401525544,2023,regular,10,2023-11-05 00:00:00+00:00,152,NC State,2390,Miami,ESPN Bet,6,,44.5,,,
401525545,2023,regular,10,2023-11-04 16:00:00+00:00,153,North Carolina,2097,Campbell,ESPN Bet,-45.5,,68.5,,,
401525546,2023,regular,11,2023-11-10 00:30:00+00:00,97,Louisville,258,Virginia,Bovada,-20,-19.5,49.5,51.5,-1300,725
401525546,2023,regular,11,2023-11-10 00:30:00+00:00,97,Louisville,258,Virginia,DraftKings,-19.5,-19.5,51.5,51.5,-1100,700
401525546,2023,regular,11,2023-11-10 00:30:00+00:00,97,Louisville,258,Virginia,ESPN Bet,-20.5,,49.5,,,
401525547,2023,regular,11,2023-11-11 17:00:00+00:00,103,Boston College,259,Virginia Tech,Bovada,2.5,-2.5,48,49.5,125,-145
401525547,2023,regular,11,2023-11-11 17:00:00+00:00,103,Boston College,259,Virginia Tech,DraftKings,-2.5,-2.5,50,50,120,-142
401525547,2023,regular,11,2023-11-11 17:00:00+00:00,103,Boston College,259,Virginia Tech,ESPN Bet,2.5,,48.5,,,
401525548,2023,regular,11,2023-11-11 17:00:00+00:00,228,Clemson,59,Georgia Tech,Bovada,-14.5,-14.5,53.5,55.5,-675,460
401525548,2023,regular,11,2023-11-11 17:00:00+00:00,228,Clemson,59,Georgia Tech,DraftKings,-15.5,-15.5,55,55,-650,470
401525548,2023,regular,11,2023-11-11 17:00:00+00:00,228,Clemson,59,Georgia Tech,ESPN Bet,-17.5,,55.5,,,
401525549,2023,regular,11,2023-11-12 01:00:00+00:00,153,North Carolina,150,Duke,Bovada,-10,-8.5,53.5,50.5,-525,375
401525549,2023,regular,11,2023-11-12 01:00:00+00:00,153,North Carolina,150,Duke,DraftKings,-9.5,-9.5,,,-455,350
401525549,2023,regular,11,2023-11-12 01:00:00+00:00,153,North Carolina,150,Duke,ESPN Bet,-10.5,,52.5,,,
401525550,2023,regular,11,2023-11-11 20:30:00+00:00,52,Florida State,2390,Miami,Bovada,-14.5,-15.5,50.5,50,-650,450
401525550,2023,regular,11,2023-11-11 20:30:00+00:00,52,Florida State,2390,Miami,DraftKings,-14,-15,,,-625,455
401525550,2023,regular,11,2023-11-11 20:30:00+00:00,52,Florida State,2390,Miami,ESPN Bet,-15.5,,50.5,,,
401525551,2023,regular,11,2023-11-11 19:00:00+00:00,154,Wake Forest,152,NC State,Bovada,2,2.5,43.5,45,100,-120
401525551,2023,regular,11,2023-11-11 19:00:00+00:00,154,Wake Forest,152,NC State,DraftKings,2.5,2.5,,,-105,-115
401525551,2023,regular,11,2023-11-11 19:00:00+00:00,154,Wake Forest,152,NC State,ESPN Bet,-0.5,,42.5,,,
401525552,2023,regular,11,2023-11-11 20:30:00+00:00,183,Syracuse,221,Pittsburgh,Bovada,3,1.5,38,37.5,130,-150
401525552,2023,regular,11,2023-11-11 20:30:00+00:00,183,Syracuse,221,Pittsburgh,DraftKings,1,1,,,140,-166
401525552,2023,regular,11,2023-11-11 20:30:00+00:00,183,Syracuse,221,Pittsburgh,ESPN Bet,4.5,,37.5,,,
401525553,2023,regular,12,2023-11-17 00:00:00+00:00,221,Pittsburgh,103,Boston College,Bovada,-2.5,-2,46.5,47.5,-140,120
401525553,2023,regular,12,2023-11-17 00:00:00+00:00,221,Pittsburgh,103,Boston College,DraftKings,-1,-1,47,47,-122,102
401525554,2023,regular,12,2023-11-18 20:30:00+00:00,228,Clemson,153,North Carolina,Bovada,-8,-10.5,59.5,58.5,-300,250
401525554,2023,regular,12,2023-11-18 20:30:00+00:00,228,Clemson,153,North Carolina,DraftKings,-7.5,-11,58,,-305,245
401525554,2023,regular,12,2023-11-18 20:30:00+00:00,228,Clemson,153,North Carolina,ESPN Bet,-7.5,,60.5,,,
401525555,2023,regular,12,2023-11-18 20:00:00+00:00,258,Virginia,150,Duke,Bovada,3,3.5,45.5,47,150,-175
401525555,2023,regular,12,2023-11-18 20:00:00+00:00,258,Virginia,150,Duke,DraftKings,4,4,48.5,48.5,120,-142
401525557,2023,regular,12,2023-11-19 01:00:00+00:00,59,Georgia Tech,183,Syracuse,Bovada,-6,-6,51.5,52.5,-245,205
401525557,2023,regular,12,2023-11-19 01:00:00+00:00,59,Georgia Tech,183,Syracuse,DraftKings,-6,-6,53,53,-225,185
401525557,2023,regular,12,2023-11-19 01:00:00+00:00,59,Georgia Tech,183,Syracuse,ESPN Bet,-6.5,,51.5,,,
401525558,2023,regular,12,2023-11-18 17:00:00+00:00,2390,Miami,97,Louisville,Bovada,-1,2,46,46.5,-115,-105
401525558,2023,regular,12,2023-11-18 17:00:00+00:00,2390,Miami,97,Louisville,DraftKings,1.5,1.5,47.5,47.5,-112,-108
401525558,2023,regular,12,2023-11-18 17:00:00+00:00,2390,Miami,97,Louisville,ESPN Bet,-1.5,,46.5,,,
401525559,2023,regular,12,2023-11-18 20:30:00+00:00,259,Virginia Tech,152,NC State,Bovada,-2.5,-3,41,44,-140,120
401525559,2023,regular,12,2023-11-18 20:30:00+00:00,259,Virginia Tech,152,NC State,DraftKings,-3.5,-3.5,45.5,45.5,-135,114
401525559,2023,regular,12,2023-11-18 20:30:00+00:00,259,Virginia Tech,152,NC State,ESPN Bet,-2.5,,40.5,,,
401525560,2023,regular,13,2023-11-24 17:00:00+00:00,103,Boston College,2390,Miami,Bovada,10,9,50,48.5,275,-350
401525560,2023,regular,13,2023-11-24 17:00:00+00:00,103,Boston College,2390,Miami,DraftKings,9,9,,,280,-355
401525560,2023,regular,13,2023-11-24 17:00:00+00:00,103,Boston College,2390,Miami,ESPN Bet,13.5,,50.5,,,
401525561,2023,regular,13,2023-11-25 17:00:00+00:00,150,Duke,221,Pittsburgh,Bovada,-4.5,-6,41,42.5,-230,190
401525561,2023,regular,13,2023-11-25 17:00:00+00:00,150,Duke,221,Pittsburgh,DraftKings,-6.5,-6.5,,,-185,154
401525561,2023,regular,13,2023-11-25 17:00:00+00:00,150,Duke,221,Pittsburgh,ESPN Bet,-4.5,,40.5,,,
401525562,2023,regular,13,2023-11-26 01:00:00+00:00,152,NC State,153,North Carolina,Bovada,3,4,56,55,115,-135
401525562,2023,regular,13,2023-11-26 01:00:00+00:00,152,NC State,153,North Carolina,DraftKings,2,2.5,55,,114,-135
401525563,2023,regular,13,2023-11-25 19:00:00+00:00,183,Syracuse,154,Wake Forest,Bovada,-2,-2.5,43.5,44,-130,110
401525563,2023,regular,13,2023-11-25 19:00:00+00:00,183,Syracuse,154,Wake Forest,DraftKings,-3,-3,,,-118,-102
401525563,2023,regular,13,2023-11-25 19:00:00+00:00,183,Syracuse,154,Wake Forest,ESPN Bet,-1.5,,43.5,,,
401525564,2023,regular,13,2023-11-25 20:30:00+00:00,258,Virginia,259,Virginia Tech,Bovada,1,2.5,53.5,53,105,-125
401525564,2023,regular,13,2023-11-25 20:30:00+00:00,258,Virginia,259,Virginia Tech,DraftKings,2.5,2.5,52.5,52.5,-105,-115
401525815,2023,regular,1,2023-09-02 00:00:00+00:00,2305,Kansas,2623,Missouri State,William Hill (New Jersey),-32.5,,60.5,,,
401525816,2023,regular,1,2023-08-31 23:00:00+00:00,2116,UCF,2309,Kent State,Bovada,-35.5,-36.5,53.5,59,,
401525816,2023,regular,1,2023-08-31 23:00:00+00:00,2116,UCF,2309,Kent State,DraftKings,-35.5,-34.5,53,58.5,,
401525816,2023,regular,1,2023-08-31 23:00:00+00:00,2116,UCF,2309,Kent State,William Hill (New Jersey),-35,,54,,,
401525816,2023,regular,1,2023-08-31 23:00:00+00:00,2116,UCF,2309,Kent State,consensus,-33.5,,58.5,,,
401525816,2023,regular,1,2023-08-31 23:00:00+00:00,2116,UCF,2309,Kent State,teamrankings,-35,,58.5,,,
401525817,2023,regular,1,2023-09-02 23:00:00+00:00,239,Baylor,326,Texas State,Bovada,-27,-26.5,59,58.5,-5000,1300
401525817,2023,regular,1,2023-09-02 23:00:00+00:00,239,Baylor,326,Texas State,DraftKings,-27.5,-26,60.5,57,-4500,1700
401525817,2023,regular,1,2023-09-02 23:00:00+00:00,239,Baylor,326,Texas State,William Hill (New Jersey),-26.5,,58.5,,,
401525817,2023,regular,1,2023-09-02 23:00:00+00:00,239,Baylor,326,Texas State,teamrankings,-25.5,,58,,,
401525818,2023,regular,1,2023-09-02 19:30:00+00:00,2132,Cincinnati,2198,Eastern Kentucky,Bovada,-21.5,-23.5,58,55.5,-2500,1000
401525818,2023,regular,1,2023-09-02 19:30:00+00:00,2132,Cincinnati,2198,Eastern Kentucky,William Hill (New Jersey),-21.5,,57.5,,,
401525819,2023,regular,1,2023-09-02 23:00:00+00:00,248,Houston,2636,UTSA,Bovada,2.5,1.5,59,59.5,100,-120
401525819,2023,regular,1,2023-09-02 23:00:00+00:00,248,Houston,2636,UTSA,Caesars Sportsbook (Colorado),2.5,,59.5,,,
401525819,2023,regular,1,2023-09-02 23:00:00+00:00,248,Houston,2636,UTSA,DraftKings,1.5,,60,61,110,-125
401525819,2023,regular,1,2023-09-02 23:00:00+00:00,248,Houston,2636,UTSA,consensus,0,,61,,,
401525819,2023,regular,1,2023-09-02 23:00:00+00:00,248,Houston,2636,UTSA,teamrankings,1,,61,,,
401525820,2023,regular,1,2023-09-02 18:00:00+00:00,66,Iowa State,2460,Northern Iowa,Bovada,-7.5,-8.5,41.5,42.5,-370,285
401525820,2023,regular,1,2023-09-02 18:00:00+00:00,66,Iowa State,2460,Northern Iowa,William Hill (New Jersey),-7,,40.5,,,
401525821,2023,regular,1,2023-09-02 23:00:00+00:00,2306,Kansas State,2546,Southeast Missouri State,William Hill (New Jersey),-28.5,,56.5,,,
401525822,2023,regular,1,2023-09-02 16:00:00+00:00,201,Oklahoma,2032,Arkansas State,Bovada,-36.5,-35.5,58,61,-20000,3000
401525822,2023,regular,1,2023-09-02 16:00:00+00:00,201,Oklahoma,2032,Arkansas State,DraftKings,-36,-33.5,58,61,,
401525822,2023,regular,1,2023-09-02 16:00:00+00:00,201,Oklahoma,2032,Arkansas State,William Hill (New Jersey),-36,,57.5,,,
401525822,2023,regular,1,2023-09-02 16:00:00+00:00,201,Oklahoma,2032,Arkansas State,teamrankings,-33,,61,,,
401525823,2023,regular,1,2023-09-02 23:00:00+00:00,197,Oklahoma State,2110,Central Arkansas,Bovada,-26.5,-27,59.5,60,-6500,1300
401525823,2023,regular,1,2023-09-02 23:00:00+00:00,197,Oklahoma State,2110,Central Arkansas,William Hill (New Jersey),-25.5,,59.5,,,
401525824,2023,regular,1,2023-09-02 19:30:00+00:00,251,Texas,242,Rice,Bovada,-35.5,-35,58.5,59,,
401525824,2023,regular,1,2023-09-02 19:30:00+00:00,251,Texas,242,Rice,DraftKings,-35,-35.5,59,59,,
401525824,2023,regular,1,2023-09-02 19:30:00+00:00,251,Texas,242,Rice,William Hill (New Jersey),-35.5,,59,,,
401525824,2023,regular,1,2023-09-02 19:30:00+00:00,251,Texas,242,Rice,teamrankings,-35,,59.5,,,
401525825,2023,regular,1,2023-09-02 23:30:00+00:00,2751,Wyoming,2641,Texas Tech,Bovada,13.5,13.5,50.5,52.5,460,-675
401525825,2023,regular,1,2023-09-02 23:30:00+00:00,2751,Wyoming,2641,Texas Tech,Caesars Sportsbook (Colorado),13,,50.5,,,
401525825,2023,regular,1,2023-09-02 23:30:00+00:00,2751,Wyoming,2641,Texas Tech,DraftKings,14,13.5,50.5,53,410,-600
401525825,2023,regular,1,2023-09-02 23:30:00+00:00,2751,Wyoming,2641,Texas Tech,consensus,13.5,,53.5,,,
401525825,2023,regular,1,2023-09-02 23:30:00+00:00,2751,Wyoming,2641,Texas Tech,teamrankings,14,,53,,,
401525827,2023,regular,2,2023-09-09 23:00:00+00:00,68,Boise State,2116,UCF,Bovada,3,2,58.5,58.5,135,-160
401525827,2023,regular,2,2023-09-09 23:00:00+00:00,68,Boise State,2116,UCF,DraftKings,3,-1.5,58,,130,-162
401525827,2023,regular,2,2023-09-09 23:00:00+00:00,68,Boise State,2116,UCF,William Hill (New Jersey),3,,58.5,,,
401525828,2023,regular,2,2023-09-09 19:00:00+00:00,252,BYU,253,Southern Utah,DraftKings,-31,-31,49.5,49.5,,
401525828,2023,regular,2,2023-09-09 19:00:00+00:00,252,BYU,253,Southern Utah,William Hill (New Jersey),-30.5,,46.5,,,
401525829,2023,regular,2,2023-09-09 16:00:00+00:00,2306,Kansas State,2653,Troy,Bovada,-15,-17,50,50,-850,550
401525829,2023,regular,2,2023-09-09 16:00:00+00:00,2306,Kansas State,2653,Troy,DraftKings,-14.5,-15.5,49.5,50.5,-650,470
401525829,2023,regular,2,2023-09-09 16:00:00+00:00,2306,Kansas State,2653,Troy,William Hill (New Jersey),-15,,50,,,
401525830,2023,regular,2,2023-09-09 22:00:00+00:00,201,Oklahoma,2567,SMU,Bovada,-16.5,-14,68.5,70.5,-950,600
401525830,2023,regular,2,2023-09-09 22:00:00+00:00,201,Oklahoma,2567,SMU,DraftKings,-16.5,-16,68.5,68.5,-750,525
401525830,2023,regular,2,2023-09-09 22:00:00+00:00,201,Oklahoma,2567,SMU,William Hill (New Jersey),-16,,69,,,
401525831,2023,regular,2,2023-09-09 23:00:00+00:00,242,Rice,248,Houston,Bovada,7,9,51,52.5,275,-350
401525831,2023,regular,2,2023-09-09 23:00:00+00:00,242,Rice,248,Houston,DraftKings,7,8.5,53,53,215,-290
401525831,2023,regular,2,2023-09-09 23:00:00+00:00,242,Rice,248,Houston,William Hill (New Jersey),7.5,,51,,,
401525832,2023,regular,2,2023-09-10 00:00:00+00:00,2628,TCU,2447,Nicholls,William Hill (New Jersey),-41.5,,59.5,,,
401525833,2023,regular,2,2023-09-09 22:00:00+00:00,277,West Virginia,2184,Duquesne,William Hill (New Jersey),-38.5,,55.5,,,
401525834,2023,regular,3,2023-09-16 16:00:00+00:00,239,Baylor,2341,Long Island University,William Hill (New Jersey),-44,,54,,,
401525835,2023,regular,3,2023-09-16 23:00:00+00:00,2132,Cincinnati,193,Miami (OH),Bovada,-14,-16.5,44,47.5,-625,430
401525835,2023,regular,3,2023-09-16 23:00:00+00:00,2132,Cincinnati,193,Miami (OH),William Hill (New Jersey),-14.5,,44.5,,,
401525836,2023,regular,3,2023-09-17 00:00:00+00:00,248,Houston,2628,TCU,Bovada,7,8,64,62,260,-320
401525836,2023,regular,3,2023-09-17 00:00:00+00:00,248,Houston,2628,TCU,William Hill (New Jersey),7.5,,64,,,
401525837,2023,regular,3,2023-09-17 02:30:00+00:00,2440,Nevada,2305,Kansas,Bovada,28.5,28,58,60.5,,
401525837,2023,regular,3,2023-09-17 02:30:00+00:00,2440,Nevada,2305,Kansas,William Hill (New Jersey),28.5,,58,,,
401525838,2023,regular,3,2023-09-16 16:00:00+00:00,195,Ohio,66,Iowa State,Bovada,2.5,2,41.5,44.5,110,-130
401525838,2023,regular,3,2023-09-16 16:00:00+00:00,195,Ohio,66,Iowa State,William Hill (New Jersey),1.5,,42,,,
401525839,2023,regular,3,2023-09-16 23:00:00+00:00,197,Oklahoma State,6,South Alabama,Bovada,-7,-9,49,47.5,-290,240
401525839,2023,regular,3,2023-09-16 23:00:00+00:00,197,Oklahoma State,6,South Alabama,William Hill (New Jersey),-7,,49.5,,,
401525840,2023,regular,3,2023-09-17 00:00:00+00:00,251,Texas,2751,Wyoming,Bovada,-31,-28,48.5,49,-10000,1600
401525840,2023,regular,3,2023-09-17 00:00:00+00:00,251,Texas,2751,Wyoming,William Hill (New Jersey),-31,,48.5,,,
401525841,2023,regular,3,2023-09-16 23:00:00+00:00,2641,Texas Tech,2627,Tarleton State,William Hill (New Jersey),-36.5,,75.5,,,
401525842,2023,regular,3,2023-09-16 19:30:00+00:00,202,Tulsa,201,Oklahoma,Bovada,28,26,59,59.5,1200,-5000
401525842,2023,regular,3,2023-09-16 19:30:00+00:00,202,Tulsa,201,Oklahoma,William Hill (New Jersey),28,,58.5,,,
401525843,2023,regular,3,2023-09-16 22:30:00+00:00,2116,UCF,222,Villanova,William Hill (New Jersey),-26.5,,54,,,
401525844,2023,regular,4,2023-09-23 23:30:00+00:00,239,Baylor,251,Texas,Bovada,17.5,14.5,49.5,52,425,-600
401525844,2023,regular,4,2023-09-23 23:30:00+00:00,239,Baylor,251,Texas,DraftKings,14.5,8,48.5,,575,-625
401525844,2023,regular,4,2023-09-23 23:30:00+00:00,239,Baylor,251,Texas,William Hill (New Jersey),17.5,,49.5,,,
401525845,2023,regular,4,2023-09-23 16:00:00+00:00,2132,Cincinnati,201,Oklahoma,Bovada,14,13.5,57,61,375,-525
401525845,2023,regular,4,2023-09-23 16:00:00+00:00,2132,Cincinnati,201,Oklahoma,DraftKings,14,14.5,57.5,57.5,390,-535
401525845,2023,regular,4,2023-09-23 16:00:00+00:00,2132,Cincinnati,201,Oklahoma,William Hill (New Jersey),13,,58,,,
401525846,2023,regular,4,2023-09-23 20:00:00+00:00,66,Iowa State,197,Oklahoma State,Bovada,-3.5,-2.5,36,37,-150,130
401525846,2023,regular,4,2023-09-23 20:00:00+00:00,66,Iowa State,197,Oklahoma State,DraftKings,-3.5,-3.5,36.5,36.5,-170,145
401525846,2023,regular,4,2023-09-23 20:00:00+00:00,66,Iowa State,197,Oklahoma State,William Hill (New Jersey),-3.5,,36,,,
401525847,2023,regular,4,2023-09-23 19:30:00+00:00,2305,Kansas,252,BYU,Bovada,-9.5,-8,54.5,55.5,-320,260
401525847,2023,regular,4,2023-09-23 19:30:00+00:00,2305,Kansas,252,BYU,DraftKings,-9.5,-9,54.5,55.5,-355,285
401525847,2023,regular,4,2023-09-23 19:30:00+00:00,2305,Kansas,252,BYU,William Hill (New Jersey),-9,,55.5,,,
401525848,2023,regular,4,2023-09-24 00:00:00+00:00,2306,Kansas State,2116,UCF,Bovada,-6.5,-7,52.5,57,-260,215
401525848,2023,regular,4,2023-09-24 00:00:00+00:00,2306,Kansas State,2116,UCF,DraftKings,-3.5,-5,52,53,-238,150
401525848,2023,regular,4,2023-09-24 00:00:00+00:00,2306,Kansas State,2116,UCF,William Hill (New Jersey),-6,,53.5,,,
401525849,2023,regular,4,2023-09-23 16:00:00+00:00,2628,TCU,2567,SMU,Bovada,-7,-6,63,64,-230,190
401525849,2023,regular,4,2023-09-23 16:00:00+00:00,2628,TCU,2567,SMU,DraftKings,-6.5,-6.5,62,64,-270,225
401525849,2023,regular,4,2023-09-23 16:00:00+00:00,2628,TCU,2567,SMU,William Hill (New Jersey),-7,,63.5,,,
401525850,2023,regular,4,2023-09-23 19:30:00+00:00,277,West Virginia,2641,Texas Tech,Bovada,5.5,5,54.5,55,170,-200
401525850,2023,regular,4,2023-09-23 19:30:00+00:00,277,West Virginia,2641,Texas Tech,DraftKings,6,6,54.5,55,190,-225
401525850,2023,regular,4,2023-09-23 19:30:00+00:00,277,West Virginia,2641,Texas Tech,William Hill (New Jersey),6,,53.5,,,
401525851,2023,regular,5,2023-09-30 02:15:00+00:00,252,BYU,2132,Cincinnati,Bovada,-2.5,-3,48,50,-135,115
401525851,2023,regular,5,2023-09-30 02:15:00+00:00,252,BYU,2132,Cincinnati,DraftKings,2,-2.5,50.5,50,110,-130
401525851,2023,regular,5,2023-09-30 02:15:00+00:00,252,BYU,2132,Cincinnati,William Hill (New Jersey),-1,,47.5,,,
401525852,2023,regular,5,2023-09-30 23:00:00+00:00,201,Oklahoma,66,Iowa State,Bovada,-20,-21,48.5,48.5,-1300,725
401525852,2023,regular,5,2023-09-30 23:00:00+00:00,201,Oklahoma,66,Iowa State,DraftKings,-20,-20,48.5,48.5,-1350,800
401525852,2023,regular,5,2023-09-30 23:00:00+00:00,201,Oklahoma,66,Iowa State,William Hill (New Jersey),-19.5,,48.5,,,
401525853,2023,regular,5,2023-10-01 00:00:00+00:00,2628,TCU,277,West Virginia,Bovada,-11,-10,51,51,-435,325
401525853,2023,regular,5,2023-10-01 00:00:00+00:00,2628,TCU,277,West Virginia,DraftKings,-12.5,-10.5,52,51,-470,360
401525853,2023,regular,5,2023-10-01 00:00:00+00:00,2628,TCU,277,West Virginia,William Hill (New Jersey),-14,,52,,,
401525854,2023,regular,5,2023-09-30 19:30:00+00:00,251,Texas,2305,Kansas,Bovada,-17,-18.5,63,62,-800,525
401525854,2023,regular,5,2023-09-30 19:30:00+00:00,251,Texas,2305,Kansas,DraftKings,-16.5,-18,61,,-900,600
401525854,2023,regular,5,2023-09-30 19:30:00+00:00,251,Texas,2305,Kansas,William Hill (New Jersey),-15.5,,61,,,
401525855,2023,regular,5,2023-09-30 19:30:00+00:00,2641,Texas Tech,248,Houston,Bovada,-10,-10,51.5,56,-390,295
401525855,2023,regular,5,2023-09-30 19:30:00+00:00,2641,Texas Tech,248,Houston,DraftKings,-8.5,-10,50.5,51.5,-325,260
401525855,2023,regular,5,2023-09-30 19:30:00+00:00,2641,Texas Tech,248,Houston,William Hill (New Jersey),-8.5,,52,,,
401525856,2023,regular,5,2023-09-30 19:30:00+00:00,2116,UCF,239,Baylor,Bovada,-11.5,-12,56,56,-450,335
401525856,2023,regular,5,2023-09-30 19:30:00+00:00,2116,UCF,239,Baylor,DraftKings,-12.5,-11.5,55,55,-470,360
401525856,2023,regular,5,2023-09-30 19:30:00+00:00,2116,UCF,239,Baylor,William Hill (New Jersey),-8,,56.5,,,
401525857,2023,regular,6,2023-10-06 23:30:00+00:00,197,Oklahoma State,2306,Kansas State,Bovada,11.5,11.5,54,54.5,340,-460
401525857,2023,regular,6,2023-10-06 23:30:00+00:00,197,Oklahoma State,2306,Kansas State,DraftKings,11.5,11,53.5,55,360,-440
401525857,2023,regular,6,2023-10-06 23:30:00+00:00,197,Oklahoma State,2306,Kansas State,William Hill (New Jersey),12,,54,,,
401525858,2023,regular,6,2023-10-08 00:00:00+00:00,239,Baylor,2641,Texas Tech,Bovada,2.5,1.5,59.5,60,100,-120
401525858,2023,regular,6,2023-10-08 00:00:00+00:00,239,Baylor,2641,Texas Tech,DraftKings,1.5,-1,59.5,56.5,110,-122
401525858,2023,regular,6,2023-10-08 00:00:00+00:00,239,Baylor,2641,Texas Tech,William Hill (New Jersey),2.5,,59.5,,,
401525859,2023,regular,6,2023-10-08 00:00:00+00:00,66,Iowa State,2628,TCU,Bovada,6.5,7,52.5,51,210,-250
401525859,2023,regular,6,2023-10-08 00:00:00+00:00,66,Iowa State,2628,TCU,DraftKings,6.5,5.5,53,49.5,200,-245
401525859,2023,regular,6,2023-10-08 00:00:00+00:00,66,Iowa State,2628,TCU,William Hill (New Jersey),6.5,,52.5,,,
401525860,2023,regular,6,2023-10-07 20:00:00+00:00,2305,Kansas,2116,UCF,Bovada,2,-3,64.5,62,105,-125
401525860,2023,regular,6,2023-10-07 20:00:00+00:00,2305,Kansas,2116,UCF,DraftKings,1.5,-3.5,64,,110,-120
401525860,2023,regular,6,2023-10-07 20:00:00+00:00,2305,Kansas,2116,UCF,William Hill (New Jersey),2,,65,,,
401525861,2023,regular,6,2023-10-07 16:00:00+00:00,251,Texas,201,Oklahoma,Bovada,-4,6,61.5,60,-230,190
401525861,2023,regular,6,2023-10-07 16:00:00+00:00,251,Texas,201,Oklahoma,DraftKings,-5.5,6.5,60.5,,-225,154
401525861,2023,regular,6,2023-10-07 16:00:00+00:00,251,Texas,201,Oklahoma,William Hill (New Jersey),-4,,62,,,
401525862,2023,regular,7,2023-10-12 23:00:00+00:00,248,Houston,277,West Virginia,Bovada,3,3,49.5,52.5,120,-140
401525862,2023,regular,7,2023-10-12 23:00:00+00:00,248,Houston,277,West Virginia,DraftKings,2.5,2.5,52.5,52.5,124,-135
401525862,2023,regular,7,2023-10-12 23:00:00+00:00,248,Houston,277,West Virginia,William Hill (New Jersey),3,,49,,,
401525863,2023,regular,7,2023-10-14 16:00:00+00:00,2132,Cincinnati,66,Iowa State,Bovada,-5,-3.5,43,49,-185,160
401525863,2023,regular,7,2023-10-14 16:00:00+00:00,2132,Cincinnati,66,Iowa State,DraftKings,-5,-4,42.5,49,-180,154
401525863,2023,regular,7,2023-10-14 16:00:00+00:00,2132,Cincinnati,66,Iowa State,William Hill (New Jersey),-4,,42.5,,,
401525864,2023,regular,7,2023-10-14 19:30:00+00:00,197,Oklahoma State,2305,Kansas,Bovada,3,3.5,53.5,58,150,-175
401525864,2023,regular,7,2023-10-14 19:30:00+00:00,197,Oklahoma State,2305,Kansas,DraftKings,3,4,54,58,124,-135
401525864,2023,regular,7,2023-10-14 19:30:00+00:00,197,Oklahoma State,2305,Kansas,William Hill (New Jersey),3,,54,,,
401525865,2023,regular,7,2023-10-14 19:30:00+00:00,2628,TCU,252,BYU,Bovada,-5,-5,53.5,52,-210,175
401525865,2023,regular,7,2023-10-14 19:30:00+00:00,2628,TCU,252,BYU,DraftKings,-5,-5,52.5,52,-205,170
401525865,2023,regular,7,2023-10-14 19:30:00+00:00,2628,TCU,252,BYU,William Hill (New Jersey),-5,,52.5,,,
401525866,2023,regular,7,2023-10-14 23:00:00+00:00,2641,Texas Tech,2306,Kansas State,Bovada,-1,-1,57.5,56,-115,-105
401525866,2023,regular,7,2023-10-14 23:00:00+00:00,2641,Texas Tech,2306,Kansas State,DraftKings,-1.5,-1,58,56,-118,110
401525866,2023,regular,7,2023-10-14 23:00:00+00:00,2641,Texas Tech,2306,Kansas State,William Hill (New Jersey),-1,,57,,,
401525867,2023,regular,8,2023-10-21 23:00:00+00:00,252,BYU,2641,Texas Tech,Bovada,3,4,50,51.5,130,-150
401525867,2023,regular,8,2023-10-21 23:00:00+00:00,252,BYU,2641,Texas Tech,DraftKings,3,3.5,51,51,120,-142
401525867,2023,regular,8,2023-10-21 23:00:00+00:00,252,BYU,2641,Texas Tech,William Hill (New Jersey),3,,49,,,
401525868,2023,regular,8,2023-10-21 16:00:00+00:00,2132,Cincinnati,239,Baylor,Bovada,-2.5,-3,50.5,50,-145,125
401525868,2023,regular,8,2023-10-21 16:00:00+00:00,2132,Cincinnati,239,Baylor,DraftKings,-3,-1,50.5,52,-135,114
401525868,2023,regular,8,2023-10-21 16:00:00+00:00,2132,Cincinnati,239,Baylor,William Hill (New Jersey),-2.5,,51.5,,,
401525869,2023,regular,8,2023-10-21 20:00:00+00:00,248,Houston,251,Texas,Bovada,23,23,60.5,61,900,-1900
401525869,2023,regular,8,2023-10-21 20:00:00+00:00,248,Houston,251,Texas,DraftKings,23.5,22,60.5,61.5,1100,-2100
401525869,2023,regular,8,2023-10-21 20:00:00+00:00,248,Houston,251,Texas,William Hill (New Jersey),24,,60.5,,,
401525870,2023,regular,8,2023-10-21 23:00:00+00:00,2306,Kansas State,2628,TCU,Bovada,-5.5,-5,60,58.5,-230,190
401525870,2023,regular,8,2023-10-21 23:00:00+00:00,2306,Kansas State,2628,TCU,DraftKings,-6,-4.5,60.5,,-230,190
401525870,2023,regular,8,2023-10-21 23:00:00+00:00,2306,Kansas State,2628,TCU,William Hill (New Jersey),-5.5,,60,,,
401525871,2023,regular,8,2023-10-21 16:00:00+00:00,201,Oklahoma,2116,UCF,Bovada,-17,-19.5,68,65,-1000,625
401525871,2023,regular,8,2023-10-21 16:00:00+00:00,201,Oklahoma,2116,UCF,DraftKings,-17.5,-18,67.5,63.5,-900,600
401525871,2023,regular,8,2023-10-21 16:00:00+00:00,201,Oklahoma,2116,UCF,William Hill (New Jersey),-17,,67.5,,,
401525872,2023,regular,8,2023-10-21 19:30:00+00:00,277,West Virginia,197,Oklahoma State,Bovada,-3,-3,48.5,50,-150,130
401525872,2023,regular,8,2023-10-21 19:30:00+00:00,277,West Virginia,197,Oklahoma State,DraftKings,-3,-2.5,48.5,50.5,-148,124
401525872,2023,regular,8,2023-10-21 19:30:00+00:00,277,West Virginia,197,Oklahoma State,William Hill (New Jersey),-3,,48,,,
401525873,2023,regular,9,2023-10-28 19:30:00+00:00,239,Baylor,66,Iowa State,Bovada,3,-1.5,46.5,47,130,-150
401525873,2023,regular,9,2023-10-28 19:30:00+00:00,239,Baylor,66,Iowa State,DraftKings,2.5,1,47,47,130,-155
401525873,2023,regular,9,2023-10-28 19:30:00+00:00,239,Baylor,66,Iowa State,William Hill (New Jersey),3,,47,,,
401525874,2023,regular,9,2023-10-28 16:00:00+00:00,2305,Kansas,201,Oklahoma,Bovada,7,7,67,66,280,-360
401525874,2023,regular,9,2023-10-28 16:00:00+00:00,2305,Kansas,201,Oklahoma,DraftKings,9,7,65,,245,-305
401525874,2023,regular,9,2023-10-28 16:00:00+00:00,2305,Kansas,201,Oklahoma,William Hill (New Jersey),7,,66.5,,,
401525875,2023,regular,9,2023-10-28 16:00:00+00:00,2306,Kansas State,248,Houston,Bovada,-18.5,-17,60.5,60.5,-950,600
401525875,2023,regular,9,2023-10-28 16:00:00+00:00,2306,Kansas State,248,Houston,DraftKings,-17.5,-17,58,60,-1050,675
401525875,2023,regular,9,2023-10-28 16:00:00+00:00,2306,Kansas State,248,Houston,William Hill (New Jersey),-17.5,,61,,,
401525876,2023,regular,9,2023-10-29 00:00:00+00:00,197,Oklahoma State,2132,Cincinnati,Bovada,-7.5,-8,53,54.5,-310,255
401525876,2023,regular,9,2023-10-29 00:00:00+00:00,197,Oklahoma State,2132,Cincinnati,DraftKings,-7.5,-7.5,53,54,-298,240
401525876,2023,regular,9,2023-10-29 00:00:00+00:00,197,Oklahoma State,2132,Cincinnati,William Hill (New Jersey),-7,,53,,,
401525877,2023,regular,9,2023-10-28 19:30:00+00:00,251,Texas,252,BYU,Bovada,-20.5,-19,49.5,50.5,-1200,700
401525877,2023,regular,9,2023-10-28 19:30:00+00:00,251,Texas,252,BYU,DraftKings,-18.5,-17.5,50,50.5,-1200,750
401525877,2023,regular,9,2023-10-28 19:30:00+00:00,251,Texas,252,BYU,William Hill (New Jersey),-20.5,,48.5,,,
401525878,2023,regular,9,2023-10-28 16:00:00+00:00,2116,UCF,277,West Virginia,Bovada,-6.5,-6,59,59.5,-275,225
401525878,2023,regular,9,2023-10-28 16:00:00+00:00,2116,UCF,277,West Virginia,DraftKings,-7,-7,58,59.5,-258,210
401525878,2023,regular,9,2023-10-28 16:00:00+00:00,2116,UCF,277,West Virginia,William Hill (New Jersey),-6.5,,59.5,,,
401525879,2023,regular,10,2023-11-02 23:00:00+00:00,2641,Texas Tech,2628,TCU,Bovada,-2.5,-3,59,59,-150,130
401525879,2023,regular,10,2023-11-02 23:00:00+00:00,2641,Texas Tech,2628,TCU,DraftKings,-2.5,-3,59.5,59.5,-142,120
401525879,2023,regular,10,2023-11-02 23:00:00+00:00,2641,Texas Tech,2628,TCU,ESPN Bet,-2.5,,59.5,,,
401525880,2023,regular,10,2023-11-04 19:30:00+00:00,239,Baylor,248,Houston,Bovada,-2.5,-3,58.5,57.5,-170,145
401525880,2023,regular,10,2023-11-04 19:30:00+00:00,239,Baylor,248,Houston,DraftKings,-3,-5,58.5,,-122,102
401525880,2023,regular,10,2023-11-04 19:30:00+00:00,239,Baylor,248,Houston,ESPN Bet,-2.5,,58.5,,,
401525881,2023,regular,10,2023-11-04 19:30:00+00:00,2132,Cincinnati,2116,UCF,Bovada,3.5,4.5,60,59,170,-200
401525881,2023,regular,10,2023-11-04 19:30:00+00:00,2132,Cincinnati,2116,UCF,DraftKings,3.5,4.5,59.5,,154,-185
401525881,2023,regular,10,2023-11-04 19:30:00+00:00,2132,Cincinnati,2116,UCF,ESPN Bet,3.5,,60.5,,,
401525882,2023,regular,10,2023-11-04 23:00:00+00:00,66,Iowa State,2305,Kansas,Bovada,-2.5,-2.5,53.5,54,-135,115
401525882,2023,regular,10,2023-11-04 23:00:00+00:00,66,Iowa State,2305,Kansas,DraftKings,-2.5,0,53,,-135,114
401525882,2023,regular,10,2023-11-04 23:00:00+00:00,66,Iowa State,2305,Kansas,ESPN Bet,-2.5,,53.5,,,
401525883,2023,regular,10,2023-11-04 19:30:00+00:00,197,Oklahoma State,201,Oklahoma,Bovada,5,8,62.5,62,180,-220
401525883,2023,regular,10,2023-11-04 19:30:00+00:00,197,Oklahoma State,201,Oklahoma,DraftKings,6,8,61.5,,195,-238
401525883,2023,regular,10,2023-11-04 19:30:00+00:00,197,Oklahoma State,201,Oklahoma,ESPN Bet,7.5,,62.5,,,
401525884,2023,regular,10,2023-11-04 16:00:00+00:00,251,Texas,2306,Kansas State,Bovada,-3.5,-8.5,49,51.5,-210,175
401525884,2023,regular,10,2023-11-04 16:00:00+00:00,251,Texas,2306,Kansas State,DraftKings,-4,-9.5,49.5,,-180,150
401525885,2023,regular,10,2023-11-04 23:00:00+00:00,277,West Virginia,252,BYU,Bovada,-12.5,-9,49,51,-410,305
401525885,2023,regular,10,2023-11-04 23:00:00+00:00,277,West Virginia,252,BYU,DraftKings,-13,-8,48.5,,-500,380
401525885,2023,regular,10,2023-11-04 23:00:00+00:00,277,West Virginia,252,BYU,ESPN Bet,-12.5,,47.5,,,
401525886,2023,regular,11,2023-11-12 03:15:00+00:00,252,BYU,66,Iowa State,Bovada,7.5,7,41.5,42.5,240,-290
401525886,2023,regular,11,2023-11-12 03:15:00+00:00,252,BYU,66,Iowa State,DraftKings,7,7,43,43,235,-290
401525886,2023,regular,11,2023-11-12 03:15:00+00:00,252,BYU,66,Iowa State,ESPN Bet,7.5,,40.5,,,
401525887,2023,regular,11,2023-11-12 00:00:00+00:00,248,Houston,2132,Cincinnati,Bovada,-3,-2,54,55.5,-160,135
401525887,2023,regular,11,2023-11-12 00:00:00+00:00,248,Houston,2132,Cincinnati,DraftKings,-2.5,-2.5,,,-175,145
401525887,2023,regular,11,2023-11-12 00:00:00+00:00,248,Houston,2132,Cincinnati,ESPN Bet,-3.5,,53.5,,,
401525888,2023,regular,11,2023-11-11 17:00:00+00:00,2305,Kansas,2641,Texas Tech,Bovada,-3.5,-3.5,62.5,60.5,-195,165
401525888,2023,regular,11,2023-11-11 17:00:00+00:00,2305,Kansas,2641,Texas Tech,DraftKings,-3.5,-3.5,61,61,-185,154
401525888,2023,regular,11,2023-11-11 17:00:00+00:00,2305,Kansas,2641,Texas Tech,ESPN Bet,-3.5,,61.5,,,
401525889,2023,regular,11,2023-11-11 20:00:00+00:00,2306,Kansas State,239,Baylor,Bovada,-21,-20,55.5,55,-1800,850
401525889,2023,regular,11,2023-11-11 20:00:00+00:00,2306,Kansas State,239,Baylor,DraftKings,-19,-19,55.5,55.5,-1600,900
401525889,2023,regular,11,2023-11-11 20:00:00+00:00,2306,Kansas State,239,Baylor,ESPN Bet,-20.5,,55.5,,,
401525890,2023,regular,11,2023-11-12 00:00:00+00:00,201,Oklahoma,277,West Virginia,Bovada,-13,-13,59.5,58,-490,355
401525890,2023,regular,11,2023-11-12 00:00:00+00:00,201,Oklahoma,277,West Virginia,DraftKings,-12,-12,58.5,58.5,-485,370
401525890,2023,regular,11,2023-11-12 00:00:00+00:00,201,Oklahoma,277,West Virginia,ESPN Bet,-13.5,,59.5,,,
401525891,2023,regular,11,2023-11-12 00:30:00+00:00,2628,TCU,251,Texas,Bovada,13,5,56,53,350,-480
401525891,2023,regular,11,2023-11-12 00:30:00+00:00,2628,TCU,251,Texas,DraftKings,6,6,,,410,-550
401525891,2023,regular,11,2023-11-12 00:30:00+00:00,2628,TCU,251,Texas,ESPN Bet,12.5,,56.5,,,
401525892,2023,regular,11,2023-11-11 20:30:00+00:00,2116,UCF,197,Oklahoma State,Bovada,2,2.5,64,64,115,-135
401525892,2023,regular,11,2023-11-11 20:30:00+00:00,2116,UCF,197,Oklahoma State,DraftKings,2.5,2.5,64,64,102,-122
401525892,2023,regular,11,2023-11-11 20:30:00+00:00,2116,UCF,197,Oklahoma State,ESPN Bet,2.5,,63.5,,,
401525893,2023,regular,12,2023-11-18 17:00:00+00:00,252,BYU,201,Oklahoma,Bovada,24.5,24,58.5,57.5,1100,-3300
401525893,2023,regular,12,2023-11-18 17:00:00+00:00,252,BYU,201,Oklahoma,DraftKings,24,24,57,57,1200,-2400
401525893,2023,regular,12,2023-11-18 17:00:00+00:00,252,BYU,201,Oklahoma,ESPN Bet,24.5,,58.5,,,
401525894,2023,regular,12,2023-11-18 21:00:00+00:00,248,Houston,197,Oklahoma State,Bovada,6.5,7.5,57.5,59,195,-235
401525894,2023,regular,12,2023-11-18 21:00:00+00:00,248,Houston,197,Oklahoma State,DraftKings,7.5,7.5,59.5,59.5,205,-250
401525894,2023,regular,12,2023-11-18 21:00:00+00:00,248,Houston,197,Oklahoma State,ESPN Bet,6.5,,56.5,,,
401525895,2023,regular,12,2023-11-19 01:00:00+00:00,66,Iowa State,251,Texas,Bovada,6.5,8.5,44.5,47.5,255,-310
401525895,2023,regular,12,2023-11-19 01:00:00+00:00,66,Iowa State,251,Texas,DraftKings,8,8,48.5,48.5,230,-285
401525895,2023,regular,12,2023-11-19 01:00:00+00:00,66,Iowa State,251,Texas,ESPN Bet,7.5,,43.5,,,
401525896,2023,regular,12,2023-11-19 00:00:00+00:00,2305,Kansas,2306,Kansas State,Bovada,7,6,60.5,55.5,275,-350
401525896,2023,regular,12,2023-11-19 00:00:00+00:00,2305,Kansas,2306,Kansas State,DraftKings,8,6,55.5,,225,-278
401525896,2023,regular,12,2023-11-19 00:00:00+00:00,2305,Kansas,2306,Kansas State,ESPN Bet,7.5,,59.5,,,
401525897,2023,regular,12,2023-11-18 20:30:00+00:00,2628,TCU,239,Baylor,Bovada,-13,-3.5,62,58.5,-575,400
401525897,2023,regular,12,2023-11-18 20:30:00+00:00,2628,TCU,239,Baylor,DraftKings,-12,-4,58.5,,-535,400
401525897,2023,regular,12,2023-11-18 20:30:00+00:00,2628,TCU,239,Baylor,ESPN Bet,-13.5,,61.5,,,
401525898,2023,regular,12,2023-11-18 22:00:00+00:00,2641,Texas Tech,2116,UCF,Bovada,-2,-3,59,59.5,-135,115
401525898,2023,regular,12,2023-11-18 22:00:00+00:00,2641,Texas Tech,2116,UCF,DraftKings,-3,-3,60,60,-130,110
401525899,2023,regular,12,2023-11-18 19:30:00+00:00,277,West Virginia,2132,Cincinnati,Bovada,-5,-6,52,54.5,-245,205
401525899,2023,regular,12,2023-11-18 19:30:00+00:00,277,West Virginia,2132,Cincinnati,DraftKings,-6.5,-6.5,56,56,-218,180
401525899,2023,regular,12,2023-11-18 19:30:00+00:00,277,West Virginia,2132,Cincinnati,ESPN Bet,-4.5,,52.5,,,
401525900,2023,regular,13,2023-11-24 17:00:00+00:00,201,Oklahoma,2628,TCU,Bovada,-10,-7,65.5,63,-400,300
401525900,2023,regular,13,2023-11-24 17:00:00+00:00,201,Oklahoma,2628,TCU,DraftKings,-12.5,-6.5,,,-425,330
401525900,2023,regular,13,2023-11-24 17:00:00+00:00,201,Oklahoma,2628,TCU,ESPN Bet,-11.5,,66.5,,,
401525901,2023,regular,13,2023-11-25 00:30:00+00:00,251,Texas,2641,Texas Tech,Bovada,-16,-14,53.5,53.5,-625,430
401525901,2023,regular,13,2023-11-25 00:30:00+00:00,251,Texas,2641,Texas Tech,DraftKings,-13.5,-13.5,,,-675,490
401525901,2023,regular,13,2023-11-25 00:30:00+00:00,251,Texas,2641,Texas Tech,ESPN Bet,-16.5,,53.5,,,
401525902,2023,regular,13,2023-11-26 00:00:00+00:00,239,Baylor,277,West Virginia,Bovada,13,6.5,54.5,57,215,-260
401525902,2023,regular,13,2023-11-26 00:00:00+00:00,239,Baylor,277,West Virginia,DraftKings,6.5,6.5,,,360,-470
401525902,2023,regular,13,2023-11-26 00:00:00+00:00,239,Baylor,277,West Virginia,ESPN Bet,8.5,,53.5,,,
401525903,2023,regular,13,2023-11-26 00:30:00+00:00,2132,Cincinnati,2305,Kansas,Bovada,7.5,6,59,58,190,-230
401525903,2023,regular,13,2023-11-26 00:30:00+00:00,2132,Cincinnati,2305,Kansas,DraftKings,6,6,,,250,-310
401525903,2023,regular,13,2023-11-26 00:30:00+00:00,2132,Cincinnati,2305,Kansas,ESPN Bet,7.5,,59.5,,,
401525904,2023,regular,13,2023-11-26 01:00:00+00:00,2306,Kansas State,66,Iowa State,Bovada,-9.5,-11,46,48,-480,350
401525904,2023,regular,13,2023-11-26 01:00:00+00:00,2306,Kansas State,66,Iowa State,DraftKings,-11.5,-11.5,,,-310,250
401525904,2023,regular,13,2023-11-26 01:00:00+00:00,2306,Kansas State,66,Iowa State,ESPN Bet,-9.5,,46.5,,,
401525905,2023,regular,13,2023-11-25 20:30:00+00:00,197,Oklahoma State,252,BYU,Bovada,-15.5,-17.5,55.5,57,-950,600
401525905,2023,regular,13,2023-11-25 20:30:00+00:00,197,Oklahoma State,252,BYU,DraftKings,-17.5,-17.5,,,-750,525
401525905,2023,regular,13,2023-11-25 20:30:00+00:00,197,Oklahoma State,252,BYU,ESPN Bet,-16.5,,54.5,,,
401525906,2023,regular,13,2023-11-25 17:00:00+00:00,2116,UCF,248,Houston,Bovada,-15.5,-13,61,60.5,-575,400
401525906,2023,regular,13,2023-11-25 17:00:00+00:00,2116,UCF,248,Houston,DraftKings,-13.5,-13.5,,,-675,490
401525906,2023,regular,13,2023-11-25 17:00:00+00:00,2116,UCF,248,Houston,ESPN Bet,-15.5,,61.5,,,
401526833,2023,regular,2,2023-09-09 19:30:00+00:00,113,Massachusetts,193,Miami (OH),Bovada,7,6.5,44,47,175,-210
401526833,2023,regular,2,2023-09-09 19:30:00+00:00,113,Massachusetts,193,Miami (OH),DraftKings,6.5,7,44,44.5,210,-258
401526833,2023,regular,2,2023-09-09 19:30:00+00:00,113,Massachusetts,193,Miami (OH),William Hill (New Jersey),7,,45,,,
401526834,2023,regular,3,2023-09-16 18:00:00+00:00,2199,Eastern Michigan,113,Massachusetts,Bovada,-8,-10,49.5,53,-410,305
401526834,2023,regular,3,2023-09-16 18:00:00+00:00,2199,Eastern Michigan,113,Massachusetts,William Hill (New Jersey),-7,,50,,,
401526835,2023,regular,4,2023-09-23 19:30:00+00:00,113,Massachusetts,167,New Mexico,Bovada,-3.5,-1,48.5,49.5,-130,110
401526835,2023,regular,4,2023-09-23 19:30:00+00:00,113,Massachusetts,167,New Mexico,DraftKings,-3.5,-3.5,50.5,49.5,-148,145
401526835,2023,regular,4,2023-09-23 19:30:00+00:00,113,Massachusetts,167,New Mexico,William Hill (New Jersey),-3.5,,48.5,,,
401526836,2023,regular,5,2023-09-30 19:30:00+00:00,113,Massachusetts,2032,Arkansas State,Bovada,-1.5,0,55,55.5,-120,100
401526836,2023,regular,5,2023-09-30 19:30:00+00:00,113,Massachusetts,2032,Arkansas State,DraftKings,-1,-1,55,55.5,-115,-105
401526836,2023,regular,5,2023-09-30 19:30:00+00:00,113,Massachusetts,2032,Arkansas State,William Hill (New Jersey),-2.5,,55.5,,,
401526837,2023,regular,6,2023-10-07 16:00:00+00:00,113,Massachusetts,2649,Toledo,Bovada,19,18.5,55.5,59.5,650,-1100
401526837,2023,regular,6,2023-10-07 16:00:00+00:00,113,Massachusetts,2649,Toledo,DraftKings,19,20,56.5,,750,-1100
401526837,2023,regular,6,2023-10-07 16:00:00+00:00,113,Massachusetts,2649,Toledo,William Hill (New Jersey),19,,55.5,,,
401531337,2023,regular,1,2023-09-01 00:00:00+00:00,202,Tulsa,2029,Arkansas-Pine Bluff,Bovada,-38.5,-37,55,55,,
401531337,2023,regular,1,2023-09-01 00:00:00+00:00,202,Tulsa,2029,Arkansas-Pine Bluff,DraftKings,-40.5,-40.5,52.5,53,,
401531337,2023,regular,1,2023-09-01 00:00:00+00:00,202,Tulsa,2029,Arkansas-Pine Bluff,William Hill (New Jersey),-41,,52.5,,,
401531338,2023,regular,4,2023-09-23 16:00:00+00:00,2459,Northern Illinois,202,Tulsa,Bovada,-4,-3,54.5,53.5,-175,150
401531338,2023,regular,4,2023-09-23 16:00:00+00:00,2459,Northern Illinois,202,Tulsa,DraftKings,-4,-3.5,54.5,53.5,-192,160
401531338,2023,regular,4,2023-09-23 16:00:00+00:00,2459,Northern Illinois,202,Tulsa,William Hill (New Jersey),-3.5,,54.5,,,
401531339,2023,regular,5,2023-09-28 23:30:00+00:00,202,Tulsa,218,Temple,Bovada,-3.5,-4.5,54.5,54.5,-170,145
401531339,2023,regular,5,2023-09-28 23:30:00+00:00,202,Tulsa,218,Temple,DraftKings,-3,-3.5,55,54.5,-162,136
401531339,2023,regular,5,2023-09-28 23:30:00+00:00,202,Tulsa,218,Temple,William Hill (New Jersey),-3,,56,,,
401531340,2023,regular,6,2023-10-07 22:00:00+00:00,2226,Florida Atlantic,202,Tulsa,Bovada,-2.5,-4,54.5,55,-150,130
401531340,2023,regular,6,2023-10-07 22:00:00+00:00,2226,Florida Atlantic,202,Tulsa,DraftKings,-3,-3.5,54,,-155,130
401531340,2023,regular,6,2023-10-07 22:00:00+00:00,2226,Florida Atlantic,202,Tulsa,William Hill (New Jersey),-3,,54.5,,,
401531341,2023,regular,8,2023-10-19 23:00:00+00:00,202,Tulsa,242,Rice,Bovada,-3.5,-3,56.5,57.5,-160,135
401531341,2023,regular,8,2023-10-19 23:00:00+00:00,202,Tulsa,242,Rice,DraftKings,-3,-3,57,57,-175,
401531341,2023,regular,8,2023-10-19 23:00:00+00:00,202,Tulsa,242,Rice,William Hill (New Jersey),-3,,56.5,,,
401531342,2023,regular,9,2023-10-28 16:00:00+00:00,2567,SMU,202,Tulsa,Bovada,-20.5,-19.5,55,57,-1300,725
401531342,2023,regular,9,2023-10-28 16:00:00+00:00,2567,SMU,202,Tulsa,DraftKings,-20.5,-19.5,57,57,-1350,800
401531342,2023,regular,9,2023-10-28 16:00:00+00:00,2567,SMU,202,Tulsa,William Hill (New Jersey),-20.5,,55,,,
401531343,2023,regular,10,2023-11-04 20:00:00+00:00,202,Tulsa,2429,Charlotte,Bovada,-4,-3.5,48,49,-175,150
401531343,2023,regular,10,2023-11-04 20:00:00+00:00,202,Tulsa,2429,Charlotte,DraftKings,-4.5,-3,47.5,,-192,160
401531343,2023,regular,10,2023-11-04 20:00:00+00:00,202,Tulsa,2429,Charlotte,ESPN Bet,-4.5,,47.5,,,
401531344,2023,regular,11,2023-11-11 17:00:00+00:00,2655,Tulane,202,Tulsa,Bovada,-25,-22.5,53,53.5,-2500,1000
401531344,2023,regular,11,2023-11-11 17:00:00+00:00,2655,Tulane,202,Tulsa,DraftKings,-22.5,-22.5,,,-2400,1200
401531344,2023,regular,11,2023-11-11 17:00:00+00:00,2655,Tulane,202,Tulsa,ESPN Bet,-24.5,,52.5,,,
401531345,2023,regular,12,2023-11-18 20:00:00+00:00,202,Tulsa,249,North Texas,Bovada,2,2.5,69.5,68,100,-120
401531345,2023,regular,12,2023-11-18 20:00:00+00:00,202,Tulsa,249,North Texas,DraftKings,3,3,66.5,66.5,110,-130
401531345,2023,regular,12,2023-11-18 20:00:00+00:00,202,Tulsa,249,North Texas,ESPN Bet,1.5,,69.5,,,
401531346,2023,regular,13,2023-11-25 19:00:00+00:00,151,East Carolina,202,Tulsa,Bovada,-3,-3,44,44.5,-165,140
401531346,2023,regular,13,2023-11-25 19:00:00+00:00,151,East Carolina,202,Tulsa,DraftKings,-3,-3,,,-142,120
401531346,2023,regular,13,2023-11-25 19:00:00+00:00,151,East Carolina,202,Tulsa,ESPN Bet,-4.5,,44.5,,,
401531347,2023,regular,1,2023-09-03 00:00:00+00:00,2655,Tulane,6,South Alabama,Bovada,-6,-7,51,55,-250,210
401531347,2023,regular,1,2023-09-03 00:00:00+00:00,2655,Tulane,6,South Alabama,Caesars Sportsbook (Colorado),-6,,51,,,
401531347,2023,regular,1,2023-09-03 00:00:00+00:00,2655,Tulane,6,South Alabama,DraftKings,-6.5,-7,52,55,-230,200
401531347,2023,regular,1,2023-09-03 00:00:00+00:00,2655,Tulane,6,South Alabama,teamrankings,-7,,55.5,,,
401531348,2023,regular,3,2023-09-16 20:00:00+00:00,2572,Southern Miss,2655,Tulane,Bovada,7.5,11,47.5,52.5,360,-500
401531348,2023,regular,3,2023-09-16 20:00:00+00:00,2572,Southern Miss,2655,Tulane,William Hill (New Jersey),8,,47.5,,,
401531349,2023,regular,4,2023-09-23 23:00:00+00:00,2655,Tulane,2447,Nicholls,William Hill (New Jersey),-38,,55.5,,,
401531370,2023,regular,5,2023-09-30 16:00:00+00:00,2655,Tulane,5,UAB,Bovada,-22,-20,57,57,-1400,750
401531370,2023,regular,5,2023-09-30 16:00:00+00:00,2655,Tulane,5,UAB,DraftKings,-21.5,-21,58.5,57,-1650,950
401531370,2023,regular,5,2023-09-30 16:00:00+00:00,2655,Tulane,5,UAB,William Hill (New Jersey),-22.5,,59.5,,,
401531371,2023,regular,7,2023-10-13 23:00:00+00:00,235,Memphis,2655,Tulane,Bovada,4.5,3,54.5,56.5,135,-160
401531371,2023,regular,7,2023-10-13 23:00:00+00:00,235,Memphis,2655,Tulane,DraftKings,3.5,3,57,,170,-170
401531371,2023,regular,7,2023-10-13 23:00:00+00:00,235,Memphis,2655,Tulane,William Hill (New Jersey),5,,55,,,
401531372,2023,regular,8,2023-10-21 19:30:00+00:00,2655,Tulane,249,North Texas,Bovada,-20.5,-20,64.5,63.5,-1400,750
401531372,2023,regular,8,2023-10-21 19:30:00+00:00,2655,Tulane,249,North Texas,DraftKings,-20,-19,63.5,62,-1350,800
401531372,2023,regular,8,2023-10-21 19:30:00+00:00,2655,Tulane,249,North Texas,William Hill (New Jersey),-20,,63.5,,,
401531373,2023,regular,9,2023-10-28 20:00:00+00:00,242,Rice,2655,Tulane,Bovada,10,10.5,55,54.5,320,-430
401531373,2023,regular,9,2023-10-28 20:00:00+00:00,242,Rice,2655,Tulane,DraftKings,10.5,11.5,53.5,55,300,-380
401531373,2023,regular,9,2023-10-28 20:00:00+00:00,242,Rice,2655,Tulane,William Hill (New Jersey),10,,55,,,
401531374,2023,regular,10,2023-11-04 19:30:00+00:00,151,East Carolina,2655,Tulane,Bovada,17,16.5,44.5,48,525,-800
401531374,2023,regular,10,2023-11-04 19:30:00+00:00,151,East Carolina,2655,Tulane,DraftKings,17,16.5,46,,575,-850
401531374,2023,regular,10,2023-11-04 19:30:00+00:00,151,East Carolina,2655,Tulane,ESPN Bet,16.5,,44.5,,,
401531375,2023,regular,12,2023-11-18 17:00:00+00:00,2226,Florida Atlantic,2655,Tulane,Bovada,9,9.5,47,48,270,-340
401531375,2023,regular,12,2023-11-18 17:00:00+00:00,2226,Florida Atlantic,2655,Tulane,DraftKings,9,9,48.5,48.5,275,-345
401531375,2023,regular,12,2023-11-18 17:00:00+00:00,2226,Florida Atlantic,2655,Tulane,ESPN Bet,9.5,,46.5,,,
401531376,2023,regular,13,2023-11-24 20:30:00+00:00,2655,Tulane,2636,UTSA,Bovada,-3.5,-2.5,53.5,52,-145,125
401531376,2023,regular,13,2023-11-24 20:30:00+00:00,2655,Tulane,2636,UTSA,DraftKings,-2.5,-2.5,,,-170,142
401531376,2023,regular,13,2023-11-24 20:30:00+00:00,2655,Tulane,2636,UTSA,ESPN Bet,-3.5,,51.5,,,
401531377,2023,regular,1,2023-09-01 00:00:00+00:00,5,UAB,2448,North Carolina A&T,Bovada,-24,-22.5,50.5,50.5,-2200,1000
401531377,2023,regular,1,2023-09-01 00:00:00+00:00,5,UAB,2448,North Carolina A&T,DraftKings,-24,-24,46.5,,-3600,1300
401531377,2023,regular,1,2023-09-01 00:00:00+00:00,5,UAB,2448,North Carolina A&T,William Hill (New Jersey),-24.5,,46.5,,,
401531378,2023,regular,2,2023-09-09 22:00:00+00:00,290,Georgia Southern,5,UAB,Bovada,-6.5,-5,63.5,59,-230,190
401531378,2023,regular,2,2023-09-09 22:00:00+00:00,290,Georgia Southern,5,UAB,DraftKings,-7,-7,63,62,-265,220
401531378,2023,regular,2,2023-09-09 22:00:00+00:00,290,Georgia Southern,5,UAB,William Hill (New Jersey),-7,,63,,,
401531379,2023,regular,3,2023-09-16 23:00:00+00:00,5,UAB,309,Louisiana,Bovada,-2,-1,59,58,-130,100
401531379,2023,regular,3,2023-09-16 23:00:00+00:00,5,UAB,309,Louisiana,William Hill (New Jersey),-2,,60,,,
401531380,2023,regular,6,2023-10-07 20:00:00+00:00,5,UAB,58,South Florida,Bovada,3,4,67.5,67,145,-170
401531380,2023,regular,6,2023-10-07 20:00:00+00:00,5,UAB,58,South Florida,DraftKings,3.5,2.5,68.5,,130,-166
401531380,2023,regular,6,2023-10-07 20:00:00+00:00,5,UAB,58,South Florida,William Hill (New Jersey),3,,68.5,,,
401531381,2023,regular,7,2023-10-15 00:00:00+00:00,2636,UTSA,5,UAB,Bovada,-8.5,-8.5,66.5,64.5,-330,265
401531381,2023,regular,7,2023-10-15 00:00:00+00:00,2636,UTSA,5,UAB,DraftKings,-9,-8.5,67,64.5,-355,275
401531381,2023,regular,7,2023-10-15 00:00:00+00:00,2636,UTSA,5,UAB,William Hill (New Jersey),-9,,67,,,
401531382,2023,regular,8,2023-10-21 16:00:00+00:00,5,UAB,235,Memphis,Bovada,7.5,6.5,62,62,250,-300
401531382,2023,regular,8,2023-10-21 16:00:00+00:00,5,UAB,235,Memphis,DraftKings,7,4.5,62,63,270,-340
401531382,2023,regular,8,2023-10-21 16:00:00+00:00,5,UAB,235,Memphis,William Hill (New Jersey),7.5,,61.5,,,
401531383,2023,regular,10,2023-11-04 19:00:00+00:00,5,UAB,2226,Florida Atlantic,Bovada,1,2,59,60,-105,-115
401531383,2023,regular,10,2023-11-04 19:00:00+00:00,5,UAB,2226,Florida Atlantic,DraftKings,-1,2.5,59.5,,-112,-108
401531383,2023,regular,10,2023-11-04 19:00:00+00:00,5,UAB,2226,Florida Atlantic,ESPN Bet,2.5,,59.5,,,
401531384,2023,regular,11,2023-11-11 20:30:00+00:00,2426,Navy,5,UAB,Bovada,3,5,51.5,54,120,-140
401531384,2023,regular,11,2023-11-11 20:30:00+00:00,2426,Navy,5,UAB,DraftKings,4.5,4.5,,,130,-155
401531384,2023,regular,11,2023-11-11 20:30:00+00:00,2426,Navy,5,UAB,ESPN Bet,3.5,,52.5,,,
401531385,2023,regular,12,2023-11-18 20:00:00+00:00,5,UAB,218,Temple,Bovada,-8.5,-7.5,61,64.5,-290,240
401531385,2023,regular,12,2023-11-18 20:00:00+00:00,5,UAB,218,Temple,DraftKings,-7,-7,65,65,-310,250
401531385,2023,regular,12,2023-11-18 20:00:00+00:00,5,UAB,218,Temple,ESPN Bet,-8,,61.5,,,
401531386,2023,regular,13,2023-11-25 19:00:00+00:00,249,North Texas,5,UAB,Bovada,-2.5,-3,73.5,73.5,-150,130
401531386,2023,regular,13,2023-11-25 19:00:00+00:00,249,North Texas,5,UAB,DraftKings,-3,-3,,,-135,114
401531386,2023,regular,13,2023-11-25 19:00:00+00:00,249,North Texas,5,UAB,ESPN Bet,-2.5,,72.5,,,
401531387,2023,regular,1,2023-09-02 18:00:00+00:00,218,Temple,2006,Akron,Bovada,-9.5,-9.5,55,55,-420,315
401531387,2023,regular,1,2023-09-02 18:00:00+00:00,218,Temple,2006,Akron,DraftKings,-10,-10.5,56.5,54,-340,300
401531387,2023,regular,1,2023-09-02 18:00:00+00:00,218,Temple,2006,Akron,William Hill (New Jersey),-9.5,,55,,,
401531387,2023,regular,1,2023-09-02 18:00:00+00:00,218,Temple,2006,Akron,teamrankings,-10.5,,54.5,,,
401531388,2023,regular,3,2023-09-16 18:00:00+00:00,218,Temple,2450,Norfolk State,William Hill (New Jersey),-30.5,,55,,,
401531389,2023,regular,6,2023-10-07 18:00:00+00:00,218,Temple,2636,UTSA,Bovada,14,13.5,56.5,56,425,-600
401531389,2023,regular,6,2023-10-07 18:00:00+00:00,218,Temple,2636,UTSA,DraftKings,14,11,55,,455,-650
401531389,2023,regular,6,2023-10-07 18:00:00+00:00,218,Temple,2636,UTSA,William Hill (New Jersey),14,,56,,,
401531390,2023,regular,7,2023-10-14 16:00:00+00:00,249,North Texas,218,Temple,Bovada,-6,-8,68,70.5,-270,220
401531390,2023,regular,7,2023-10-14 16:00:00+00:00,249,North Texas,218,Temple,DraftKings,-6.5,-7,68.5,70.5,-325,215
401531390,2023,regular,7,2023-10-14 16:00:00+00:00,249,North Texas,218,Temple,William Hill (New Jersey),-8,,65.5,,,
401531391,2023,regular,8,2023-10-20 23:00:00+00:00,218,Temple,2567,SMU,Bovada,24,20.5,53,54.5,700,-1200
401531391,2023,regular,8,2023-10-20 23:00:00+00:00,218,Temple,2567,SMU,DraftKings,22.5,18,54.5,57,1100,-2100
401531391,2023,regular,8,2023-10-20 23:00:00+00:00,218,Temple,2567,SMU,William Hill (New Jersey),24,,53,,,
401531392,2023,regular,10,2023-11-04 18:00:00+00:00,218,Temple,2426,Navy,Bovada,7,7,46,41.5,210,-250
401531392,2023,regular,10,2023-11-04 18:00:00+00:00,218,Temple,2426,Navy,DraftKings,7,8.5,46,,215,-265
401531392,2023,regular,10,2023-11-04 18:00:00+00:00,218,Temple,2426,Navy,ESPN Bet,7.5,,45.5,,,
401531393,2023,regular,11,2023-11-11 17:00:00+00:00,58,South Florida,218,Temple,Bovada,-7,-8,69.5,66.5,-285,235
401531393,2023,regular,11,2023-11-11 17:00:00+00:00,58,South Florida,218,Temple,DraftKings,-7.5,-7.5,66.5,66.5,-305,245
401531393,2023,regular,11,2023-11-11 17:00:00+00:00,58,South Florida,218,Temple,ESPN Bet,-7.5,,70.5,,,
401531394,2023,regular,13,2023-11-24 17:00:00+00:00,218,Temple,235,Memphis,Bovada,13.5,11,65,65,350,-480
401531394,2023,regular,13,2023-11-24 17:00:00+00:00,218,Temple,235,Memphis,DraftKings,11,11,,,440,-600
401531394,2023,regular,13,2023-11-24 17:00:00+00:00,218,Temple,235,Memphis,ESPN Bet,13.5,,63.5,,,
401531395,2023,regular,2,2023-09-09 19:30:00+00:00,2636,UTSA,326,Texas State,Bovada,-14,-11,66.5,62,,335
401531395,2023,regular,2,2023-09-09 19:30:00+00:00,2636,UTSA,326,Texas State,DraftKings,-14,-14,66.5,65.5,-550,410
401531395,2023,regular,2,2023-09-09 19:30:00+00:00,2636,UTSA,326,Texas State,William Hill (New Jersey),-13.5,,66.5,,,
401531396,2023,regular,3,2023-09-15 23:00:00+00:00,2636,UTSA,349,Army,Bovada,-7,-10,41.5,46.5,-285,235
401531396,2023,regular,3,2023-09-15 23:00:00+00:00,2636,UTSA,349,Army,William Hill (New Jersey),-7,,42,,,
401531397,2023,regular,8,2023-10-21 22:00:00+00:00,2226,Florida Atlantic,2636,UTSA,Bovada,2.5,3,59,59.5,120,-140
401531397,2023,regular,8,2023-10-21 22:00:00+00:00,2226,Florida Atlantic,2636,UTSA,DraftKings,2.5,2.5,58,58.5,120,-142
401531397,2023,regular,8,2023-10-21 22:00:00+00:00,2226,Florida Atlantic,2636,UTSA,William Hill (New Jersey),2.5,,58.5,,,
401531398,2023,regular,9,2023-10-28 19:30:00+00:00,2636,UTSA,151,East Carolina,Bovada,-17.5,-17.5,48,46,-1000,625
401531398,2023,regular,9,2023-10-28 19:30:00+00:00,2636,UTSA,151,East Carolina,DraftKings,-18.5,-17,46,46,-1000,650
401531398,2023,regular,9,2023-10-28 19:30:00+00:00,2636,UTSA,151,East Carolina,William Hill (New Jersey),-17.5,,48,,,
401531399,2023,regular,10,2023-11-04 19:00:00+00:00,249,North Texas,2636,UTSA,Bovada,7.5,8,71,70,260,-320
401531399,2023,regular,10,2023-11-04 19:00:00+00:00,249,North Texas,2636,UTSA,DraftKings,7.5,7,71,,250,-310
401531399,2023,regular,10,2023-11-04 19:00:00+00:00,249,North Texas,2636,UTSA,ESPN Bet,7.5,,68.5,,,
401531400,2023,regular,11,2023-11-12 00:30:00+00:00,2636,UTSA,242,Rice,Bovada,-13.5,-12.5,55,60,-550,390
401531400,2023,regular,11,2023-11-12 00:30:00+00:00,2636,UTSA,242,Rice,DraftKings,-13,-13,,,-550,410
401531400,2023,regular,11,2023-11-12 00:30:00+00:00,2636,UTSA,242,Rice,ESPN Bet,-13.5,,53.5,,,
401531401,2023,regular,12,2023-11-18 02:00:00+00:00,2636,UTSA,58,South Florida,Bovada,-14.5,-16,66.5,66.5,-800,525
401531401,2023,regular,12,2023-11-18 02:00:00+00:00,2636,UTSA,58,South Florida,DraftKings,-15.5,-15.5,67.5,67.5,-650,470
401531401,2023,regular,12,2023-11-18 02:00:00+00:00,2636,UTSA,58,South Florida,ESPN Bet,-14.5,,65.5,,,
401531402,2023,regular,1,2023-09-02 22:00:00+00:00,2429,Charlotte,2569,South Carolina State,Bovada,-23.5,-28,44.5,48.5,,
401531402,2023,regular,1,2023-09-02 22:00:00+00:00,2429,Charlotte,2569,South Carolina State,William Hill (New Jersey),-24,,44.5,,,
401531403,2023,regular,3,2023-09-16 22:00:00+00:00,2429,Charlotte,2247,Georgia State,Bovada,6,8.5,52,55.5,205,-245
401531403,2023,regular,3,2023-09-16 22:00:00+00:00,2429,Charlotte,2247,Georgia State,William Hill (New Jersey),6.5,,52,,,
401531404,2023,regular,5,2023-09-30 23:30:00+00:00,2567,SMU,2429,Charlotte,Bovada,-23.5,-23,56,56.5,-1800,850
401531404,2023,regular,5,2023-09-30 23:30:00+00:00,2567,SMU,2429,Charlotte,DraftKings,-23.5,-23,53.5,56.5,-2100,1100
401531404,2023,regular,5,2023-09-30 23:30:00+00:00,2567,SMU,2429,Charlotte,William Hill (New Jersey),-22.5,,53,,,
401531405,2023,regular,7,2023-10-14 18:00:00+00:00,2429,Charlotte,2426,Navy,Bovada,3,4.5,44.5,45,135,-160
401531405,2023,regular,7,2023-10-14 18:00:00+00:00,2429,Charlotte,2426,Navy,DraftKings,3,3.5,44.5,45,140,-162
401531405,2023,regular,7,2023-10-14 18:00:00+00:00,2429,Charlotte,2426,Navy,William Hill (New Jersey),3.5,,44,,,
401531406,2023,regular,8,2023-10-21 18:00:00+00:00,151,East Carolina,2429,Charlotte,Bovada,-6,-6.5,38.5,40.5,-245,205
401531406,2023,regular,8,2023-10-21 18:00:00+00:00,151,East Carolina,2429,Charlotte,DraftKings,-6.5,-7.5,40.5,41.5,-230,190
401531406,2023,regular,8,2023-10-21 18:00:00+00:00,151,East Carolina,2429,Charlotte,William Hill (New Jersey),-6,,39.5,,,
401531407,2023,regular,9,2023-10-27 23:30:00+00:00,2429,Charlotte,2226,Florida Atlantic,Bovada,3.5,6,45,42,145,-170
401531407,2023,regular,9,2023-10-27 23:30:00+00:00,2429,Charlotte,2226,Florida Atlantic,DraftKings,4,5,42,41,136,-162
401531407,2023,regular,9,2023-10-27 23:30:00+00:00,2429,Charlotte,2226,Florida Atlantic,William Hill (New Jersey),3.5,,45.5,,,
401531408,2023,regular,11,2023-11-11 19:00:00+00:00,2429,Charlotte,235,Memphis,Bovada,10,11.5,51.5,53,315,-420
401531408,2023,regular,11,2023-11-11 19:00:00+00:00,2429,Charlotte,235,Memphis,DraftKings,11,11,,,275,-345
401531408,2023,regular,11,2023-11-11 19:00:00+00:00,2429,Charlotte,235,Memphis,ESPN Bet,9.5,,51.5,,,
401531409,2023,regular,12,2023-11-18 19:00:00+00:00,2429,Charlotte,242,Rice,Bovada,1,1.5,46.5,47,105,-125
401531409,2023,regular,12,2023-11-18 19:00:00+00:00,2429,Charlotte,242,Rice,DraftKings,2,2,47.5,47.5,-102,-118
401531409,2023,regular,12,2023-11-18 19:00:00+00:00,2429,Charlotte,242,Rice,ESPN Bet,-0.5,,46.5,,,
401531410,2023,regular,13,2023-11-26 00:30:00+00:00,58,South Florida,2429,Charlotte,Bovada,-7,-5,57,56.5,-200,170
401531410,2023,regular,13,2023-11-26 00:30:00+00:00,58,South Florida,2429,Charlotte,DraftKings,-5.5,-5.5,,,-278,225
401531410,2023,regular,13,2023-11-26 00:30:00+00:00,58,South Florida,2429,Charlotte,ESPN Bet,-7.5,,56.5,,,
401531411,2023,regular,2,2023-09-09 20:00:00+00:00,151,East Carolina,276,Marshall,Bovada,3,0,43.5,46.5,-105,-115
401531411,2023,regular,2,2023-09-09 20:00:00+00:00,151,East Carolina,276,Marshall,DraftKings,2.5,3,43.5,43.5,120,-135
401531411,2023,regular,2,2023-09-09 20:00:00+00:00,151,East Carolina,276,Marshall,William Hill (New Jersey),3,,43.5,,,
401531412,2023,regular,3,2023-09-16 19:30:00+00:00,2026,App State,151,East Carolina,Bovada,-7.5,-9.5,48,50.5,-370,285
401531412,2023,regular,3,2023-09-16 19:30:00+00:00,2026,App State,151,East Carolina,William Hill (New Jersey),-7.5,,48.5,,,
401531413,2023,regular,4,2023-09-23 22:00:00+00:00,151,East Carolina,2241,Gardner-Webb,William Hill (New Jersey),-13,,51,,,
401531414,2023,regular,5,2023-09-30 23:00:00+00:00,242,Rice,151,East Carolina,Bovada,-3,-5.5,48.5,51.5,-145,125
401531414,2023,regular,5,2023-09-30 23:00:00+00:00,242,Rice,151,East Carolina,DraftKings,-3.5,-3,46.5,48,-175,145
401531414,2023,regular,5,2023-09-30 23:00:00+00:00,242,Rice,151,East Carolina,William Hill (New Jersey),-3.5,,47,,,
401531415,2023,regular,7,2023-10-12 23:30:00+00:00,151,East Carolina,2567,SMU,Bovada,11.5,9,48.5,50.5,330,-440
401531415,2023,regular,7,2023-10-12 23:30:00+00:00,151,East Carolina,2567,SMU,DraftKings,11,11,50.5,50.5,320,-425
401531415,2023,regular,7,2023-10-12 23:30:00+00:00,151,East Carolina,2567,SMU,William Hill (New Jersey),11.5,,49,,,
401531416,2023,regular,11,2023-11-11 21:00:00+00:00,2226,Florida Atlantic,151,East Carolina,Bovada,-7.5,-10,45,45.5,-310,255
401531416,2023,regular,11,2023-11-11 21:00:00+00:00,2226,Florida Atlantic,151,East Carolina,DraftKings,-9.5,-9.5,,,-290,235
401531416,2023,regular,11,2023-11-11 21:00:00+00:00,2226,Florida Atlantic,151,East Carolina,ESPN Bet,-7.5,,44.5,,,
401531417,2023,regular,12,2023-11-18 17:00:00+00:00,2426,Navy,151,East Carolina,Bovada,-2,-3,30.5,32.5,-145,125
401531417,2023,regular,12,2023-11-18 17:00:00+00:00,2426,Navy,151,East Carolina,DraftKings,-3,-3,33.5,33.5,-135,114
401531417,2023,regular,12,2023-11-18 17:00:00+00:00,2426,Navy,151,East Carolina,ESPN Bet,-2.5,,30.5,,,
401531418,2023,regular,1,2023-09-02 22:00:00+00:00,2226,Florida Atlantic,2405,Monmouth,Bovada,-26,-21.5,56,59.5,,
401531418,2023,regular,1,2023-09-02 22:00:00+00:00,2226,Florida Atlantic,2405,Monmouth,Caesars Sportsbook (Colorado),-26.5,,56,,,
401531419,2023,regular,2,2023-09-09 22:00:00+00:00,2226,Florida Atlantic,195,Ohio,Bovada,-3.5,-5,62,59,-200,170
401531419,2023,regular,2,2023-09-09 22:00:00+00:00,2226,Florida Atlantic,195,Ohio,DraftKings,-3.5,-3.5,61.5,61.5,-180,142
401531419,2023,regular,2,2023-09-09 22:00:00+00:00,2226,Florida Atlantic,195,Ohio,William Hill (New Jersey),-3.5,,61.5,,,
401531420,2023,regular,7,2023-10-14 19:30:00+00:00,58,South Florida,2226,Florida Atlantic,Bovada,-2.5,-2,61.5,59.5,-140,120
401531420,2023,regular,7,2023-10-14 19:30:00+00:00,58,South Florida,2226,Florida Atlantic,DraftKings,-2.5,-2,61,59.5,-155,120
401531420,2023,regular,7,2023-10-14 19:30:00+00:00,58,South Florida,2226,Florida Atlantic,William Hill (New Jersey),-3,,61,,,
401531421,2023,regular,13,2023-11-25 18:00:00+00:00,242,Rice,2226,Florida Atlantic,Bovada,-3,-5,47,48.5,-150,130
401531421,2023,regular,13,2023-11-25 18:00:00+00:00,242,Rice,2226,Florida Atlantic,DraftKings,-5,-5,,,-155,130
401531421,2023,regular,13,2023-11-25 18:00:00+00:00,242,Rice,2226,Florida Atlantic,ESPN Bet,-3.5,,46.5,,,
401531422,2023,regular,2,2023-09-09 23:00:00+00:00,58,South Florida,50,Florida A&M,William Hill (New Jersey),-20,,63,,,
401531423,2023,regular,4,2023-09-23 20:00:00+00:00,58,South Florida,242,Rice,Bovada,2.5,2,57.5,55.5,105,-125
401531423,2023,regular,4,2023-09-23 20:00:00+00:00,58,South Florida,242,Rice,DraftKings,2.5,2.5,58,57.5,136,-142
401531423,2023,regular,4,2023-09-23 20:00:00+00:00,58,South Florida,242,Rice,William Hill (New Jersey),2.5,,56.5,,,
401531424,2023,regular,5,2023-09-30 19:30:00+00:00,2426,Navy,58,South Florida,Bovada,-4,-4,54.5,53,-185,160
401531424,2023,regular,5,2023-09-30 19:30:00+00:00,2426,Navy,58,South Florida,DraftKings,-3,-4,54.5,54.5,-162,136
401531424,2023,regular,5,2023-09-30 19:30:00+00:00,2426,Navy,58,South Florida,William Hill (New Jersey),-4,,54,,,
401531425,2023,regular,10,2023-11-04 19:00:00+00:00,235,Memphis,58,South Florida,Bovada,-13.5,-13.5,68,67,-550,390
401531425,2023,regular,10,2023-11-04 19:00:00+00:00,235,Memphis,58,South Florida,DraftKings,-13.5,-13.5,68.5,,-500,380
401531425,2023,regular,10,2023-11-04 19:00:00+00:00,235,Memphis,58,South Florida,ESPN Bet,-13.5,,68.5,,,
401531426,2023,regular,1,2023-09-02 23:00:00+00:00,235,Memphis,2065,Bethune-Cookman,William Hill (New Jersey),-49,,59.5,,,
401531427,2023,regular,2,2023-09-09 23:00:00+00:00,2032,Arkansas State,235,Memphis,Bovada,21,21.5,57.5,58.5,800,-1600
401531427,2023,regular,2,2023-09-09 23:00:00+00:00,2032,Arkansas State,235,Memphis,DraftKings,20.5,21,57.5,57.5,950,-1600
401531427,2023,regular,2,2023-09-09 23:00:00+00:00,2032,Arkansas State,235,Memphis,William Hill (New Jersey),21,,57,,,
401531428,2023,regular,3,2023-09-14 23:30:00+00:00,235,Memphis,2426,Navy,Bovada,-12,-16,46.5,47,-650,450
401531428,2023,regular,3,2023-09-14 23:30:00+00:00,235,Memphis,2426,Navy,William Hill (New Jersey),-12.5,,47,,,
401531429,2023,regular,5,2023-09-30 20:00:00+00:00,235,Memphis,68,Boise State,Bovada,-3.5,-1,59.5,60,-170,145
401531429,2023,regular,5,2023-09-30 20:00:00+00:00,235,Memphis,68,Boise State,DraftKings,-3.5,-3.5,60,60,-170,142
401531429,2023,regular,5,2023-09-30 20:00:00+00:00,235,Memphis,68,Boise State,William Hill (New Jersey),-3,,58,,,
401531430,2023,regular,9,2023-10-28 19:00:00+00:00,249,North Texas,235,Memphis,Bovada,6.5,7.5,69.5,67.5,220,-270
401531430,2023,regular,9,2023-10-28 19:00:00+00:00,249,North Texas,235,Memphis,DraftKings,7.5,7.5,69.5,67.5,205,-250
401531430,2023,regular,9,2023-10-28 19:00:00+00:00,249,North Texas,235,Memphis,William Hill (New Jersey),6.5,,70,,,
401531431,2023,regular,12,2023-11-18 17:00:00+00:00,235,Memphis,2567,SMU,Bovada,9.5,7.5,64.5,67,270,-340
401531431,2023,regular,12,2023-11-18 17:00:00+00:00,235,Memphis,2567,SMU,DraftKings,7.5,7.5,67.5,67.5,295,-375
401531431,2023,regular,12,2023-11-18 17:00:00+00:00,235,Memphis,2567,SMU,ESPN Bet,9.5,,64.5,,,
401531432,2023,regular,2,2023-09-09 19:30:00+00:00,2426,Navy,2681,Wagner,DraftKings,-42,-42,50,50,,
401531432,2023,regular,2,2023-09-09 19:30:00+00:00,2426,Navy,2681,Wagner,William Hill (New Jersey),-43.5,,49,,,
401531433,2023,regular,6,2023-10-07 19:30:00+00:00,2426,Navy,249,North Texas,Bovada,-6.5,-6.5,60,61.5,-240,200
401531433,2023,regular,6,2023-10-07 19:30:00+00:00,2426,Navy,249,North Texas,DraftKings,-6,-5.5,61,,-238,190
401531433,2023,regular,6,2023-10-07 19:30:00+00:00,2426,Navy,249,North Texas,William Hill (New Jersey),-6.5,,60.5,,,
401531434,2023,regular,8,2023-10-21 16:00:00+00:00,2426,Navy,2005,Air Force,Bovada,10.5,10.5,34.5,36.5,325,-435
401531434,2023,regular,8,2023-10-21 16:00:00+00:00,2426,Navy,2005,Air Force,DraftKings,11.5,9.5,34,38,340,-440
401531434,2023,regular,8,2023-10-21 16:00:00+00:00,2426,Navy,2005,Air Force,William Hill (New Jersey),11,,34,,,
401531435,2023,regular,13,2023-11-25 17:00:00+00:00,2567,SMU,2426,Navy,Bovada,-20.5,-20,46,45.5,-1600,800
401531435,2023,regular,13,2023-11-25 17:00:00+00:00,2567,SMU,2426,Navy,DraftKings,-20,-20,,,-1350,800
401531436,2023,regular,5,2023-09-30 23:00:00+00:00,249,North Texas,2000,Abilene Christian,William Hill (New Jersey),-15.5,,70.5,,,
401531437,2023,regular,11,2023-11-11 02:00:00+00:00,2567,SMU,249,North Texas,Bovada,-20.5,-15.5,67,67.5,-750,500
401531437,2023,regular,11,2023-11-11 02:00:00+00:00,2567,SMU,249,North Texas,DraftKings,-15.5,-15.5,68,68,-1600,900
401531437,2023,regular,11,2023-11-11 02:00:00+00:00,2567,SMU,249,North Texas,ESPN Bet,-21.5,,67.5,,,
401531438,2023,regular,3,2023-09-16 23:00:00+00:00,2567,SMU,2504,Prairie View A&M,William Hill (New Jersey),-42.5,,63.5,,,
401531440,2023,regular,10,2023-11-04 23:30:00+00:00,242,Rice,2567,SMU,Bovada,13,11,59,58.5,335,-450
401531440,2023,regular,10,2023-11-04 23:30:00+00:00,242,Rice,2567,SMU,DraftKings,12,10.5,59.5,,380,-500
401531440,2023,regular,10,2023-11-04 23:30:00+00:00,242,Rice,2567,SMU,ESPN Bet,12.5,,58.5,,,
401531441,2023,regular,3,2023-09-16 23:00:00+00:00,242,Rice,2640,Texas Southern,William Hill (New Jersey),-35.5,,60,,,
401531834,2023,regular,1,2023-08-31 23:00:00+00:00,2247,Georgia State,227,Rhode Island,Bovada,-16.5,-19,56,55.5,-1200,700
401531834,2023,regular,1,2023-08-31 23:00:00+00:00,2247,Georgia State,227,Rhode Island,DraftKings,-17.5,-17.5,61.5,58.5,-1000,650
401531834,2023,regular,1,2023-08-31 23:00:00+00:00,2247,Georgia State,227,Rhode Island,William Hill (New Jersey),-18,,61.5,,,
401531835,2023,regular,1,2023-09-02 19:30:00+00:00,2026,App State,2241,Gardner-Webb,Bovada,-22.5,-23,51.5,57,,
401531835,2023,regular,1,2023-09-02 19:30:00+00:00,2026,App State,2241,Gardner-Webb,William Hill (New Jersey),-22.5,,51,,,
401531836,2023,regular,1,2023-09-02 22:00:00+00:00,290,Georgia Southern,2643,The Citadel,Bovada,-34.5,-30,53.5,53.5,,
401531836,2023,regular,1,2023-09-02 22:00:00+00:00,290,Georgia Southern,2643,The Citadel,William Hill (New Jersey),-34,,53.5,,,
401531837,2023,regular,1,2023-09-02 22:00:00+00:00,256,James Madison,2083,Bucknell,Bovada,-47.5,-46.5,53.5,50,,
401531837,2023,regular,1,2023-09-02 22:00:00+00:00,256,James Madison,2083,Bucknell,William Hill (New Jersey),-47,,53.5,,,
401531838,2023,regular,1,2023-09-02 22:00:00+00:00,276,Marshall,399,UAlbany,Bovada,-22,-24.5,48,46.5,,
401531838,2023,regular,1,2023-09-02 22:00:00+00:00,276,Marshall,399,UAlbany,William Hill (New Jersey),-22,,47.5,,,
401531839,2023,regular,1,2023-09-02 23:30:00+00:00,309,Louisiana,2466,Northwestern State,Bovada,-35,-35,54.5,54.5,,
401531839,2023,regular,1,2023-09-02 23:30:00+00:00,309,Louisiana,2466,Northwestern State,William Hill (New Jersey),-35,,54.5,,,
401531840,2023,regular,1,2023-09-02 23:00:00+00:00,2572,Southern Miss,2016,Alcorn State,Bovada,-24.5,-24,47.5,46.5,-5000,1300
401531840,2023,regular,1,2023-09-02 23:00:00+00:00,2572,Southern Miss,2016,Alcorn State,William Hill (New Jersey),-24,,47.5,,,
401531841,2023,regular,1,2023-09-02 23:00:00+00:00,2653,Troy,2617,Stephen F. Austin,Bovada,-26,-27,48,49.5,,
401531841,2023,regular,1,2023-09-02 23:00:00+00:00,2653,Troy,2617,Stephen F. Austin,William Hill (New Jersey),-26,,48,,,
401531842,2023,regular,2,2023-09-09 22:00:00+00:00,295,Old Dominion,309,Louisiana,Bovada,6.5,8,51,48.5,220,
401531842,2023,regular,2,2023-09-09 22:00:00+00:00,295,Old Dominion,309,Louisiana,DraftKings,5.5,5.5,51.5,52,200,-225
401531842,2023,regular,2,2023-09-09 22:00:00+00:00,295,Old Dominion,309,Louisiana,William Hill (New Jersey),6,,51,,,
401531843,2023,regular,2,2023-09-10 00:00:00+00:00,2433,UL Monroe,2320,Lamar,William Hill (New Jersey),-26,,48.5,,,
401531844,2023,regular,2,2023-09-09 21:00:00+00:00,6,South Alabama,2545,SE Louisiana,William Hill (New Jersey),-24,,59.5,,,
401531845,2023,regular,3,2023-09-16 23:00:00+00:00,324,Coastal Carolina,2184,Duquesne,William Hill (New Jersey),-35,,55.5,,,
401531846,2023,regular,3,2023-09-16 23:00:00+00:00,2032,Arkansas State,2619,Stony Brook,William Hill (New Jersey),-24,,47.5,,,
401531847,2023,regular,3,2023-09-17 00:30:00+00:00,326,Texas State,2296,Jackson State,William Hill (New Jersey),-17.5,,61.5,,,
401531848,2023,regular,3,2023-09-16 23:00:00+00:00,2653,Troy,256,James Madison,Bovada,-2.5,-1,46,49.5,-125,105
401531848,2023,regular,3,2023-09-16 23:00:00+00:00,2653,Troy,256,James Madison,DraftKings,-3.5,-3.5,,,-142,
401531848,2023,regular,3,2023-09-16 23:00:00+00:00,2653,Troy,256,James Madison,William Hill (New Jersey),-2.5,,46.5,,,
401531849,2023,regular,4,2023-09-21 23:30:00+00:00,324,Coastal Carolina,2247,Georgia State,Bovada,-6.5,-6.5,63,61,-240,200
401531849,2023,regular,4,2023-09-21 23:30:00+00:00,324,Coastal Carolina,2247,Georgia State,DraftKings,-6.5,-6.5,62.5,62.5,-245,200
401531849,2023,regular,4,2023-09-21 23:30:00+00:00,324,Coastal Carolina,2247,Georgia State,William Hill (New Jersey),-4.5,,62.5,,,
401531870,2023,regular,4,2023-09-23 23:00:00+00:00,2751,Wyoming,2026,App State,Bovada,-3,-1.5,45,44,-130,110
401531870,2023,regular,4,2023-09-23 23:00:00+00:00,2751,Wyoming,2026,App State,DraftKings,-3,-2.5,44,43.5,-155,130
401531870,2023,regular,4,2023-09-23 23:00:00+00:00,2751,Wyoming,2026,App State,William Hill (New Jersey),-3,,45,,,
401531871,2023,regular,4,2023-09-23 18:00:00+00:00,2050,Ball State,290,Georgia Southern,Bovada,6,7,61.5,58.5,225,-275
401531871,2023,regular,4,2023-09-23 18:00:00+00:00,2050,Ball State,290,Georgia Southern,DraftKings,6,6.5,61,60.5,190,-245
401531871,2023,regular,4,2023-09-23 18:00:00+00:00,2050,Ball State,290,Georgia Southern,William Hill (New Jersey),6,,60,,,
401531872,2023,regular,4,2023-09-24 00:00:00+00:00,328,Utah State,256,James Madison,Bovada,5,6.5,52.5,53.5,190,-230
401531872,2023,regular,4,2023-09-24 00:00:00+00:00,328,Utah State,256,James Madison,DraftKings,4.5,6.5,52.5,52.5,180,-198
401531872,2023,regular,4,2023-09-24 00:00:00+00:00,328,Utah State,256,James Madison,William Hill (New Jersey),5.5,,53.5,,,
401531874,2023,regular,4,2023-09-23 23:00:00+00:00,2032,Arkansas State,2572,Southern Miss,Bovada,7,5,46.5,48.5,190,-230
401531874,2023,regular,4,2023-09-23 23:00:00+00:00,2032,Arkansas State,2572,Southern Miss,DraftKings,6,7,49,49,195,-230
401531874,2023,regular,4,2023-09-23 23:00:00+00:00,2032,Arkansas State,2572,Southern Miss,William Hill (New Jersey),7,,46.5,,,
401531875,2023,regular,4,2023-09-23 23:30:00+00:00,309,Louisiana,2084,Buffalo,Bovada,-10.5,-9.5,57.5,58,-340,270
401531875,2023,regular,4,2023-09-23 23:30:00+00:00,309,Louisiana,2084,Buffalo,DraftKings,-10,-8.5,57.5,59.5,-375,295
401531875,2023,regular,4,2023-09-23 23:30:00+00:00,309,Louisiana,2084,Buffalo,William Hill (New Jersey),-10.5,,57.5,,,
401531876,2023,regular,4,2023-09-23 21:00:00+00:00,6,South Alabama,2117,Central Michigan,Bovada,-16,-14.5,47.5,52.5,-700,475
401531876,2023,regular,4,2023-09-23 21:00:00+00:00,6,South Alabama,2117,Central Michigan,DraftKings,-16,-15,47.5,49.5,-750,490
401531876,2023,regular,4,2023-09-23 21:00:00+00:00,6,South Alabama,2117,Central Michigan,William Hill (New Jersey),-16.5,,46.5,,,
401531877,2023,regular,4,2023-09-23 23:00:00+00:00,326,Texas State,2440,Nevada,Bovada,-17,-16.5,59.5,62,-800,525
401531877,2023,regular,4,2023-09-23 23:00:00+00:00,326,Texas State,2440,Nevada,DraftKings,-17,-17.5,59,59.5,-950,575
401531877,2023,regular,4,2023-09-23 23:00:00+00:00,326,Texas State,2440,Nevada,William Hill (New Jersey),-17,,60,,,
401531878,2023,regular,5,2023-09-30 23:00:00+00:00,290,Georgia Southern,324,Coastal Carolina,Bovada,-6,-5,62,62.5,-230,190
401531878,2023,regular,5,2023-09-30 23:00:00+00:00,290,Georgia Southern,324,Coastal Carolina,DraftKings,-6.5,-6.5,64.5,61.5,-245,200
401531878,2023,regular,5,2023-09-30 23:00:00+00:00,290,Georgia Southern,324,Coastal Carolina,William Hill (New Jersey),-6,,67.5,,,
401531879,2023,regular,5,2023-09-30 23:00:00+00:00,2247,Georgia State,2653,Troy,Bovada,-1,-3.5,51.5,52,-115,-105
401531879,2023,regular,5,2023-09-30 23:00:00+00:00,2247,Georgia State,2653,Troy,DraftKings,-1.5,-1.5,51,52,-120,100
401531879,2023,regular,5,2023-09-30 23:00:00+00:00,2247,Georgia State,2653,Troy,William Hill (New Jersey),-1,,50.5,,,
401531880,2023,regular,5,2023-09-30 16:00:00+00:00,256,James Madison,6,South Alabama,Bovada,-3.5,-5,52,52,-165,140
401531880,2023,regular,5,2023-09-30 16:00:00+00:00,256,James Madison,6,South Alabama,DraftKings,-3,-1,49.5,,-155,130
401531880,2023,regular,5,2023-09-30 16:00:00+00:00,256,James Madison,6,South Alabama,William Hill (New Jersey),-1,,48.5,,,
401531881,2023,regular,5,2023-09-30 19:30:00+00:00,276,Marshall,295,Old Dominion,Bovada,-14,-13,47,46.5,-585,410
401531881,2023,regular,5,2023-09-30 19:30:00+00:00,276,Marshall,295,Old Dominion,DraftKings,-14,-14,46.5,46.5,-550,410
401531881,2023,regular,5,2023-09-30 19:30:00+00:00,276,Marshall,295,Old Dominion,William Hill (New Jersey),-14.5,,47,,,
401531882,2023,regular,5,2023-10-01 00:00:00+00:00,2433,UL Monroe,2026,App State,Bovada,13.5,13.5,53,53.5,390,-550
401531882,2023,regular,5,2023-10-01 00:00:00+00:00,2433,UL Monroe,2026,App State,DraftKings,13.5,13.5,51,53,410,-550
401531882,2023,regular,5,2023-10-01 00:00:00+00:00,2433,UL Monroe,2026,App State,William Hill (New Jersey),13.5,,50.5,,,
401531883,2023,regular,5,2023-09-30 23:00:00+00:00,2572,Southern Miss,326,Texas State,Bovada,7,7.5,60.5,62.5,215,-260
401531883,2023,regular,5,2023-09-30 23:00:00+00:00,2572,Southern Miss,326,Texas State,DraftKings,5,7,62.5,60.5,170,-205
401531883,2023,regular,5,2023-09-30 23:00:00+00:00,2572,Southern Miss,326,Texas State,William Hill (New Jersey),6.5,,60,,,
401531884,2023,regular,6,2023-10-07 19:30:00+00:00,309,Louisiana,326,Texas State,Bovada,-1,-2.5,66.5,67,-135,115
401531884,2023,regular,6,2023-10-07 19:30:00+00:00,309,Louisiana,326,Texas State,DraftKings,-2.5,-1,68,,-122,120
401531884,2023,regular,6,2023-10-07 19:30:00+00:00,309,Louisiana,326,Texas State,William Hill (New Jersey),-1,,67.5,,,
401531885,2023,regular,6,2023-10-07 23:00:00+00:00,2433,UL Monroe,6,South Alabama,Bovada,11,12,50.5,51.5,315,-420
401531885,2023,regular,6,2023-10-07 23:00:00+00:00,2433,UL Monroe,6,South Alabama,DraftKings,10,12,51,,320,-360
401531885,2023,regular,6,2023-10-07 23:00:00+00:00,2433,UL Monroe,6,South Alabama,William Hill (New Jersey),11,,51.5,,,
401531886,2023,regular,6,2023-10-07 23:00:00+00:00,2572,Southern Miss,295,Old Dominion,Bovada,-3,-1.5,56.5,57.5,-125,105
401531886,2023,regular,6,2023-10-07 23:00:00+00:00,2572,Southern Miss,295,Old Dominion,DraftKings,-1.5,-3,58,,-155,102
401531886,2023,regular,6,2023-10-07 23:00:00+00:00,2572,Southern Miss,295,Old Dominion,William Hill (New Jersey),-3,,56.5,,,
401531887,2023,regular,6,2023-10-07 20:00:00+00:00,2653,Troy,2032,Arkansas State,Bovada,-15.5,-16,52.5,52,-800,525
401531887,2023,regular,6,2023-10-07 20:00:00+00:00,2653,Troy,2032,Arkansas State,DraftKings,-16,-17,52,,-700,550
401531887,2023,regular,6,2023-10-07 20:00:00+00:00,2653,Troy,2032,Arkansas State,William Hill (New Jersey),-15.5,,52,,,
401531888,2023,regular,7,2023-10-10 23:30:00+00:00,2026,App State,324,Coastal Carolina,Bovada,-4.5,-6,59,63,-225,185
401531888,2023,regular,7,2023-10-10 23:30:00+00:00,2026,App State,324,Coastal Carolina,DraftKings,-6,-6,63,63,-192,210
401531888,2023,regular,7,2023-10-10 23:30:00+00:00,2026,App State,324,Coastal Carolina,William Hill (New Jersey),-4.5,,59,,,
401531889,2023,regular,7,2023-10-14 23:00:00+00:00,2247,Georgia State,276,Marshall,Bovada,-1.5,-1,54.5,57,-105,-115
401531889,2023,regular,7,2023-10-14 23:00:00+00:00,2247,Georgia State,276,Marshall,DraftKings,-1,-1,53,57,-125,-105
401531889,2023,regular,7,2023-10-14 23:00:00+00:00,2247,Georgia State,276,Marshall,William Hill (New Jersey),-2,,53.5,,,
401531890,2023,regular,7,2023-10-14 16:00:00+00:00,256,James Madison,290,Georgia Southern,Bovada,-6,-3.5,59.5,58.5,-175,150
401531890,2023,regular,7,2023-10-14 16:00:00+00:00,256,James Madison,290,Georgia Southern,DraftKings,-6,-3.5,59.5,,-218,190
401531890,2023,regular,7,2023-10-14 16:00:00+00:00,256,James Madison,290,Georgia Southern,William Hill (New Jersey),-5.5,,60,,,
401531891,2023,regular,7,2023-10-14 23:00:00+00:00,326,Texas State,2433,UL Monroe,Bovada,-19,-15.5,64.5,62,-800,525
401531891,2023,regular,7,2023-10-14 23:00:00+00:00,326,Texas State,2433,UL Monroe,DraftKings,-18,-16.5,63.5,62,-1100,675
401531891,2023,regular,7,2023-10-14 23:00:00+00:00,326,Texas State,2433,UL Monroe,William Hill (New Jersey),-18.5,,64.5,,,
401531892,2023,regular,8,2023-10-17 23:30:00+00:00,6,South Alabama,2572,Southern Miss,Bovada,-18.5,-19,51,51.5,-1100,650
401531892,2023,regular,8,2023-10-17 23:30:00+00:00,6,South Alabama,2572,Southern Miss,DraftKings,-17,-17,53.5,53.5,-1100,
401531892,2023,regular,8,2023-10-17 23:30:00+00:00,6,South Alabama,2572,Southern Miss,William Hill (New Jersey),-18.5,,51,,,
401531893,2023,regular,8,2023-10-19 23:00:00+00:00,276,Marshall,256,James Madison,Bovada,5,4,49.5,51,145,-170
401531893,2023,regular,8,2023-10-19 23:00:00+00:00,276,Marshall,256,James Madison,DraftKings,1,1,,,150,
401531893,2023,regular,8,2023-10-19 23:00:00+00:00,276,Marshall,256,James Madison,William Hill (New Jersey),5,,49,,,
401531894,2023,regular,8,2023-10-21 18:00:00+00:00,290,Georgia Southern,2433,UL Monroe,Bovada,-16,-16.5,61,60,-800,525
401531894,2023,regular,8,2023-10-21 18:00:00+00:00,290,Georgia Southern,2433,UL Monroe,DraftKings,-16.5,-16,60,58.5,-800,550
401531894,2023,regular,8,2023-10-21 18:00:00+00:00,290,Georgia Southern,2433,UL Monroe,William Hill (New Jersey),-16.5,,60.5,,,
401531895,2023,regular,8,2023-10-21 23:00:00+00:00,295,Old Dominion,2026,App State,Bovada,6,6.5,56.5,54,180,-220
401531895,2023,regular,8,2023-10-21 23:00:00+00:00,295,Old Dominion,2026,App State,DraftKings,5.5,6,55.5,54,200,-245
401531895,2023,regular,8,2023-10-21 23:00:00+00:00,295,Old Dominion,2026,App State,William Hill (New Jersey),6,,56,,,
401531896,2023,regular,8,2023-10-21 23:00:00+00:00,2032,Arkansas State,324,Coastal Carolina,Bovada,8.5,10,59.5,59,270,-340
401531896,2023,regular,8,2023-10-21 23:00:00+00:00,2032,Arkansas State,324,Coastal Carolina,DraftKings,9,9,59.5,61.5,300,-380
401531896,2023,regular,8,2023-10-21 23:00:00+00:00,2032,Arkansas State,324,Coastal Carolina,William Hill (New Jersey),8.5,,59,,,
401531897,2023,regular,8,2023-10-22 00:00:00+00:00,309,Louisiana,2247,Georgia State,Bovada,-3,-3.5,62,62.5,-170,145
401531897,2023,regular,8,2023-10-22 00:00:00+00:00,309,Louisiana,2247,Georgia State,DraftKings,-3.5,-2,62,58,-148,124
401531897,2023,regular,8,2023-10-22 00:00:00+00:00,309,Louisiana,2247,Georgia State,William Hill (New Jersey),-3,,62,,,
401531898,2023,regular,9,2023-10-28 19:30:00+00:00,2026,App State,2572,Southern Miss,Bovada,-16,-17,55.5,55.5,-850,550
401531898,2023,regular,9,2023-10-28 19:30:00+00:00,2026,App State,2572,Southern Miss,DraftKings,-17,-17.5,55,55.5,-800,550
401531898,2023,regular,9,2023-10-28 19:30:00+00:00,2026,App State,2572,Southern Miss,William Hill (New Jersey),-16,,55.5,,,
401531899,2023,regular,9,2023-10-28 22:00:00+00:00,324,Coastal Carolina,276,Marshall,Bovada,3.5,3.5,47,48,140,-165
401531899,2023,regular,9,2023-10-28 22:00:00+00:00,324,Coastal Carolina,276,Marshall,DraftKings,4,3.5,45,48,142,-170
401531899,2023,regular,9,2023-10-28 22:00:00+00:00,324,Coastal Carolina,276,Marshall,William Hill (New Jersey),3.5,,47,,,
401531900,2023,regular,9,2023-10-29 00:00:00+00:00,256,James Madison,295,Old Dominion,Bovada,-19.5,-17.5,48,49,-1400,750
401531900,2023,regular,9,2023-10-29 00:00:00+00:00,256,James Madison,295,Old Dominion,DraftKings,-20.5,-17.5,49,49,-1450,850
401531900,2023,regular,9,2023-10-29 00:00:00+00:00,256,James Madison,295,Old Dominion,William Hill (New Jersey),-19.5,,48,,,
401531901,2023,regular,9,2023-10-28 21:00:00+00:00,2433,UL Monroe,2032,Arkansas State,Bovada,-1,-1.5,55.5,58.5,-120,100
401531901,2023,regular,9,2023-10-28 21:00:00+00:00,2433,UL Monroe,2032,Arkansas State,DraftKings,-2.5,-2,56.5,58,-112,-108
401531901,2023,regular,9,2023-10-28 21:00:00+00:00,2433,UL Monroe,2032,Arkansas State,William Hill (New Jersey),-1,,55,,,
401531902,2023,regular,9,2023-10-28 21:00:00+00:00,6,South Alabama,309,Louisiana,Bovada,-11.5,-9.5,55,52,-440,330
401531902,2023,regular,9,2023-10-28 21:00:00+00:00,6,South Alabama,309,Louisiana,DraftKings,-10.5,-10,55,52.5,-440,340
401531902,2023,regular,9,2023-10-28 21:00:00+00:00,6,South Alabama,309,Louisiana,William Hill (New Jersey),-11.5,,55,,,
401531903,2023,regular,9,2023-10-28 23:00:00+00:00,326,Texas State,2653,Troy,Bovada,6.5,5.5,53.5,52.5,220,-270
401531903,2023,regular,9,2023-10-28 23:00:00+00:00,326,Texas State,2653,Troy,DraftKings,6,6,53.5,52.5,215,-265
401531903,2023,regular,9,2023-10-28 23:00:00+00:00,326,Texas State,2653,Troy,William Hill (New Jersey),6.5,,53,,,
401531904,2023,regular,10,2023-11-02 23:30:00+00:00,2653,Troy,6,South Alabama,Bovada,-6.5,-5.5,43.5,46.5,-210,175
401531904,2023,regular,10,2023-11-02 23:30:00+00:00,2653,Troy,6,South Alabama,DraftKings,-5.5,-3,44.5,,-250,205
401531904,2023,regular,10,2023-11-02 23:30:00+00:00,2653,Troy,6,South Alabama,ESPN Bet,-7,,42.5,,,
401531905,2023,regular,10,2023-11-04 22:00:00+00:00,2026,App State,276,Marshall,Bovada,-3,-3.5,57.5,55.5,-175,150
401531905,2023,regular,10,2023-11-04 22:00:00+00:00,2026,App State,276,Marshall,DraftKings,-3.5,-4,55.5,,-162,136
401531905,2023,regular,10,2023-11-04 22:00:00+00:00,2026,App State,276,Marshall,ESPN Bet,-2.5,,57.5,,,
401531906,2023,regular,10,2023-11-04 19:30:00+00:00,2247,Georgia State,256,James Madison,Bovada,6,5.5,53,55,180,-220
401531906,2023,regular,10,2023-11-04 19:30:00+00:00,2247,Georgia State,256,James Madison,DraftKings,6,5.5,53,,195,-238
401531906,2023,regular,10,2023-11-04 19:30:00+00:00,2247,Georgia State,256,James Madison,ESPN Bet,6.5,,52.5,,,
401531907,2023,regular,10,2023-11-04 19:30:00+00:00,295,Old Dominion,324,Coastal Carolina,Bovada,-1,-35,51.5,53,-110,-110
401531907,2023,regular,10,2023-11-04 19:30:00+00:00,295,Old Dominion,324,Coastal Carolina,DraftKings,1,1.5,51,,-118,-102
401531907,2023,regular,10,2023-11-04 19:30:00+00:00,295,Old Dominion,324,Coastal Carolina,ESPN Bet,-0.5,,51.5,,,
401531908,2023,regular,10,2023-11-04 19:00:00+00:00,2032,Arkansas State,309,Louisiana,Bovada,7,9.5,59.5,60.5,290,-380
401531908,2023,regular,10,2023-11-04 19:00:00+00:00,2032,Arkansas State,309,Louisiana,DraftKings,9,9,60,,225,-278
401531908,2023,regular,10,2023-11-04 19:00:00+00:00,2032,Arkansas State,309,Louisiana,ESPN Bet,6.5,,59.5,,,
401531909,2023,regular,10,2023-11-04 20:00:00+00:00,2572,Southern Miss,2433,UL Monroe,Bovada,-3,-2.5,56,55,-135,115
401531909,2023,regular,10,2023-11-04 20:00:00+00:00,2572,Southern Miss,2433,UL Monroe,DraftKings,-3,-2.5,56.5,,-142,120
401531909,2023,regular,10,2023-11-04 20:00:00+00:00,2572,Southern Miss,2433,UL Monroe,ESPN Bet,-2.5,,56.5,,,
401531910,2023,regular,10,2023-11-04 21:00:00+00:00,326,Texas State,290,Georgia Southern,Bovada,-2.5,1.5,68.5,71,105,-125
401531910,2023,regular,10,2023-11-04 21:00:00+00:00,326,Texas State,290,Georgia Southern,DraftKings,2,2.5,69,,-135,114
401531911,2023,regular,11,2023-11-10 00:30:00+00:00,309,Louisiana,2572,Southern Miss,Bovada,-7.5,-12,52.5,53.5,-470,345
401531911,2023,regular,11,2023-11-10 00:30:00+00:00,309,Louisiana,2572,Southern Miss,DraftKings,-12,-12,53.5,53.5,-310,250
401531911,2023,regular,11,2023-11-10 00:30:00+00:00,309,Louisiana,2572,Southern Miss,ESPN Bet,-8.5,,51.5,,,
401531912,2023,regular,11,2023-11-11 20:30:00+00:00,324,Coastal Carolina,326,Texas State,Bovada,3,-1.5,55.5,60.5,110,-130
401531912,2023,regular,11,2023-11-11 20:30:00+00:00,324,Coastal Carolina,326,Texas State,ESPN Bet,2.5,,55.5,,,
401531913,2023,regular,11,2023-11-11 19:00:00+00:00,2247,Georgia State,2026,App State,Bovada,-3,-2,62.5,60,-145,125
401531913,2023,regular,11,2023-11-11 19:00:00+00:00,2247,Georgia State,2026,App State,DraftKings,-2,-2,,,-148,124
401531913,2023,regular,11,2023-11-11 19:00:00+00:00,2247,Georgia State,2026,App State,ESPN Bet,-2.5,,62.5,,,
401531914,2023,regular,11,2023-11-12 00:00:00+00:00,276,Marshall,290,Georgia Southern,Bovada,1.5,1.5,56.5,56.5,100,-120
401531914,2023,regular,11,2023-11-12 00:00:00+00:00,276,Marshall,290,Georgia Southern,DraftKings,1.5,1.5,,,-110,-110
401531914,2023,regular,11,2023-11-12 00:00:00+00:00,276,Marshall,290,Georgia Southern,ESPN Bet,1.5,,56.5,,,
401531915,2023,regular,11,2023-11-11 19:00:00+00:00,2433,UL Monroe,2653,Troy,Bovada,21.5,20.5,46,45.5,900,-1900
401531915,2023,regular,11,2023-11-11 19:00:00+00:00,2433,UL Monroe,2653,Troy,DraftKings,20,20,,,900,-1600
401531915,2023,regular,11,2023-11-11 19:00:00+00:00,2433,UL Monroe,2653,Troy,ESPN Bet,23.5,,47.5,,,
401531916,2023,regular,11,2023-11-11 22:00:00+00:00,6,South Alabama,2032,Arkansas State,Bovada,-15,-11,55.5,55,-575,400
401531916,2023,regular,11,2023-11-11 22:00:00+00:00,6,South Alabama,2032,Arkansas State,DraftKings,-12,-12,,,-750,525
401531916,2023,regular,11,2023-11-11 22:00:00+00:00,6,South Alabama,2032,Arkansas State,ESPN Bet,-14.5,,54.5,,,
401531917,2023,regular,12,2023-11-18 23:00:00+00:00,290,Georgia Southern,295,Old Dominion,Bovada,-5.5,-7,62.5,62,-235,195
401531917,2023,regular,12,2023-11-18 23:00:00+00:00,290,Georgia Southern,295,Old Dominion,DraftKings,-7,-7,60.5,60.5,-225,185
401531917,2023,regular,12,2023-11-18 23:00:00+00:00,290,Georgia Southern,295,Old Dominion,ESPN Bet,-4.5,,61.5,,,
401531918,2023,regular,12,2023-11-18 19:00:00+00:00,256,James Madison,2026,App State,Bovada,-10,-12,56.5,55.5,-400,300
401531918,2023,regular,12,2023-11-18 19:00:00+00:00,256,James Madison,2026,App State,DraftKings,-11.5,-11.5,56,56,-395,310
401531919,2023,regular,12,2023-11-18 20:00:00+00:00,2032,Arkansas State,326,Texas State,Bovada,3,3.5,59.5,59,150,-175
401531919,2023,regular,12,2023-11-18 20:00:00+00:00,2032,Arkansas State,326,Texas State,DraftKings,3.5,3.5,59.5,59.5,130,-155
401531920,2023,regular,12,2023-11-18 22:00:00+00:00,6,South Alabama,276,Marshall,Bovada,-10,-8.5,45,50,-430,320
401531920,2023,regular,12,2023-11-18 22:00:00+00:00,6,South Alabama,276,Marshall,DraftKings,-8,-8,51.5,51.5,-375,295
401531920,2023,regular,12,2023-11-18 22:00:00+00:00,6,South Alabama,276,Marshall,ESPN Bet,-10.5,,44.5,,,
401531921,2023,regular,12,2023-11-18 20:30:00+00:00,2653,Troy,309,Louisiana,Bovada,-15.5,-15,47.5,47,-800,525
401531921,2023,regular,12,2023-11-18 20:30:00+00:00,2653,Troy,309,Louisiana,DraftKings,-14.5,-14.5,47.5,47.5,-700,500
401531921,2023,regular,12,2023-11-18 20:30:00+00:00,2653,Troy,309,Louisiana,ESPN Bet,-17.5,,47.5,,,
401531922,2023,regular,13,2023-11-25 20:30:00+00:00,2026,App State,290,Georgia Southern,Bovada,-10.5,-8,63.5,63,-350,275
401531922,2023,regular,13,2023-11-25 20:30:00+00:00,2026,App State,290,Georgia Southern,DraftKings,-7.5,-7.5,,,-375,295
401531922,2023,regular,13,2023-11-25 20:30:00+00:00,2026,App State,290,Georgia Southern,ESPN Bet,-10.5,,62.5,,,
401531923,2023,regular,13,2023-11-25 20:30:00+00:00,324,Coastal Carolina,256,James Madison,Bovada,4,9.5,51,50.5,275,-350
401531923,2023,regular,13,2023-11-25 20:30:00+00:00,324,Coastal Carolina,256,James Madison,DraftKings,9.5,9.5,50.5,50.5,160,-192
401531923,2023,regular,13,2023-11-25 20:30:00+00:00,324,Coastal Carolina,256,James Madison,ESPN Bet,3.5,,50.5,,,
401531924,2023,regular,13,2023-11-25 20:30:00+00:00,276,Marshall,2032,Arkansas State,Bovada,1,-3,52,54,-140,120
401531924,2023,regular,13,2023-11-25 20:30:00+00:00,276,Marshall,2032,Arkansas State,DraftKings,-2,-2,54,54,-105,-115
401531924,2023,regular,13,2023-11-25 20:30:00+00:00,276,Marshall,2032,Arkansas State,ESPN Bet,-1.5,,52.5,,,
401531925,2023,regular,13,2023-11-25 19:00:00+00:00,295,Old Dominion,2247,Georgia State,Bovada,-1.5,-2,50.5,54.5,-150,130
401531925,2023,regular,13,2023-11-25 19:00:00+00:00,295,Old Dominion,2247,Georgia State,DraftKings,-2,-2,,,-130,110
401531925,2023,regular,13,2023-11-25 19:00:00+00:00,295,Old Dominion,2247,Georgia State,ESPN Bet,-2.5,,49.5,,,
401531926,2023,regular,13,2023-11-25 20:00:00+00:00,309,Louisiana,2433,UL Monroe,Bovada,-12.5,-12,53,52,-525,375
401531926,2023,regular,13,2023-11-25 20:00:00+00:00,309,Louisiana,2433,UL Monroe,DraftKings,-12.5,-12.5,,,-455,350
401531926,2023,regular,13,2023-11-25 20:00:00+00:00,309,Louisiana,2433,UL Monroe,ESPN Bet,-13.5,,53.5,,,
401531927,2023,regular,13,2023-11-25 17:00:00+00:00,2572,Southern Miss,2653,Troy,Bovada,17.5,17,48.5,48,550,-850
401531927,2023,regular,13,2023-11-25 17:00:00+00:00,2572,Southern Miss,2653,Troy,DraftKings,16.5,16.5,,,575,-850
401531928,2023,regular,13,2023-11-26 00:00:00+00:00,326,Texas State,6,South Alabama,Bovada,6.5,5,57,58,180,-220
401531928,2023,regular,13,2023-11-26 00:00:00+00:00,326,Texas State,6,South Alabama,DraftKings,5,5,,,200,-245
401531928,2023,regular,13,2023-11-26 00:00:00+00:00,326,Texas State,6,South Alabama,ESPN Bet,5.5,,56.5,,,
401531929,2023,regular,9,2023-10-26 23:30:00+00:00,290,Georgia Southern,2247,Georgia State,Bovada,1,-2.5,63.5,62,-110,-110
401531929,2023,regular,9,2023-10-26 23:30:00+00:00,290,Georgia Southern,2247,Georgia State,DraftKings,-1.5,-2.5,63,62,-115,-105
401531929,2023,regular,9,2023-10-26 23:30:00+00:00,290,Georgia Southern,2247,Georgia State,William Hill (New Jersey),0,,63,,,
401532392,2023,regular,1,2023-08-26 23:00:00+00:00,21,San Diego State,195,Ohio,Bovada,-2.5,-3,48.5,50,-135,115
401532392,2023,regular,1,2023-08-26 23:00:00+00:00,21,San Diego State,195,Ohio,DraftKings,-3.5,-3.5,49,49,-162,136
401532392,2023,regular,1,2023-08-26 23:00:00+00:00,21,San Diego State,195,Ohio,William Hill (New Jersey),-2,,48.5,,,
401532392,2023,regular,1,2023-08-26 23:00:00+00:00,21,San Diego State,195,Ohio,consensus,-3.5,,49,,,
401532392,2023,regular,1,2023-08-26 23:00:00+00:00,21,San Diego State,195,Ohio,teamrankings,-3,,49,,,
401532393,2023,regular,1,2023-08-31 23:00:00+00:00,2711,Western Michigan,2598,St. Francis (PA),William Hill (New Jersey),-14,,58,,,
401532394,2023,regular,1,2023-09-01 22:30:00+00:00,2199,Eastern Michigan,47,Howard,William Hill (New Jersey),-20,,55.5,,,
401532395,2023,regular,1,2023-09-02 18:00:00+00:00,195,Ohio,2341,Long Island University,Bovada,-35.5,-38,57.5,57.5,,
401532395,2023,regular,1,2023-09-02 18:00:00+00:00,195,Ohio,2341,Long Island University,William Hill (New Jersey),-34.5,,58,,,
401532396,2023,regular,2,2023-09-09 17:30:00+00:00,2117,Central Michigan,160,New Hampshire,William Hill (New Jersey),-7,,48.5,,,
401532397,2023,regular,2,2023-09-09 19:30:00+00:00,2459,Northern Illinois,79,Southern Illinois,DraftKings,-7,-7,59,59,-310,
401532397,2023,regular,2,2023-09-09 19:30:00+00:00,2459,Northern Illinois,79,Southern Illinois,William Hill (New Jersey),-6.5,,58.5,,,
401532398,2023,regular,2,2023-09-09 19:30:00+00:00,2649,Toledo,2640,Texas Southern,DraftKings,-38,-38,59.5,59.5,,
401532398,2023,regular,2,2023-09-09 19:30:00+00:00,2649,Toledo,2640,Texas Southern,William Hill (New Jersey),-40.5,,61,,,
401532399,2023,regular,2,2023-09-09 22:00:00+00:00,2006,Akron,2415,Morgan State,William Hill (New Jersey),-25,,46,,,
401532400,2023,regular,2,2023-09-09 18:00:00+00:00,189,Bowling Green,2197,Eastern Illinois,DraftKings,-17,-17,48,48,-900,
401532400,2023,regular,2,2023-09-09 18:00:00+00:00,189,Bowling Green,2197,Eastern Illinois,William Hill (New Jersey),-17,,48,,,
401532401,2023,regular,2,2023-09-09 22:00:00+00:00,2084,Buffalo,2230,Fordham,William Hill (New Jersey),-23.5,,55.5,,,
401532402,2023,regular,3,2023-09-16 18:00:00+00:00,2050,Ball State,282,Indiana State,William Hill (New Jersey),-26,,45,,,
401532403,2023,regular,3,2023-09-16 23:00:00+00:00,2649,Toledo,23,San José State,Bovada,-9,-7.5,56.5,57,-300,250
401532403,2023,regular,3,2023-09-16 23:00:00+00:00,2649,Toledo,23,San José State,William Hill (New Jersey),-9,,56.5,,,
401532404,2023,regular,3,2023-09-16 16:00:00+00:00,2309,Kent State,2115,Central Connecticut,William Hill (New Jersey),-21.5,,46.5,,,
401532405,2023,regular,4,2023-09-23 19:30:00+00:00,189,Bowling Green,195,Ohio,Bovada,13,9,45,46,280,-360
401532405,2023,regular,4,2023-09-23 19:30:00+00:00,189,Bowling Green,195,Ohio,DraftKings,13,13,44.5,45,350,-520
401532405,2023,regular,4,2023-09-23 19:30:00+00:00,189,Bowling Green,195,Ohio,William Hill (New Jersey),13,,45,,,
401532406,2023,regular,4,2023-09-23 17:30:00+00:00,2649,Toledo,2711,Western Michigan,Bovada,-21.5,-20.5,52,55,-1200,700
401532406,2023,regular,4,2023-09-23 17:30:00+00:00,2649,Toledo,2711,Western Michigan,DraftKings,-21.5,-21,53.5,54,-1450,850
401532406,2023,regular,4,2023-09-23 17:30:00+00:00,2649,Toledo,2711,Western Michigan,William Hill (New Jersey),-21.5,,52.5,,,
401532407,2023,regular,4,2023-09-24 02:30:00+00:00,278,Fresno State,2309,Kent State,Bovada,-27,-27,47,51,-5000,1300
401532407,2023,regular,4,2023-09-24 02:30:00+00:00,278,Fresno State,2309,Kent State,DraftKings,-28,-28,47.5,50.5,-4000,1700
401532407,2023,regular,4,2023-09-24 02:30:00+00:00,278,Fresno State,2309,Kent State,William Hill (New Jersey),-27.5,,47.5,,,
401532408,2023,regular,4,2023-09-23 19:30:00+00:00,193,Miami (OH),2169,Delaware State,Caesars Sportsbook (Colorado),-40.5,,49.5,,,
401532409,2023,regular,5,2023-09-30 19:30:00+00:00,2711,Western Michigan,2050,Ball State,Bovada,-1,-1,52,53,-115,-105
401532409,2023,regular,5,2023-09-30 19:30:00+00:00,2711,Western Michigan,2050,Ball State,DraftKings,-1.5,-1,50.5,52.5,-122,102
401532409,2023,regular,5,2023-09-30 19:30:00+00:00,2711,Western Michigan,2050,Ball State,William Hill (New Jersey),-1.5,,50,,,
401532410,2023,regular,5,2023-09-30 17:30:00+00:00,2117,Central Michigan,2199,Eastern Michigan,Bovada,-7.5,-6,47.5,47.5,-300,250
401532410,2023,regular,5,2023-09-30 17:30:00+00:00,2117,Central Michigan,2199,Eastern Michigan,DraftKings,-7.5,-7.5,48,48,-310,250
401532410,2023,regular,5,2023-09-30 17:30:00+00:00,2117,Central Michigan,2199,Eastern Michigan,William Hill (New Jersey),-9.5,,45,,,
401532411,2023,regular,5,2023-09-30 19:30:00+00:00,2649,Toledo,2459,Northern Illinois,Bovada,-13.5,-14,50,50,-525,375
401532411,2023,regular,5,2023-09-30 19:30:00+00:00,2649,Toledo,2459,Northern Illinois,DraftKings,-13,-12.5,47,50,-520,390
401532411,2023,regular,5,2023-09-30 19:30:00+00:00,2649,Toledo,2459,Northern Illinois,William Hill (New Jersey),-13,,48,,,
401532412,2023,regular,5,2023-09-30 16:00:00+00:00,2006,Akron,2084,Buffalo,Bovada,-2.5,-1.5,55.5,56,-140,120
401532412,2023,regular,5,2023-09-30 16:00:00+00:00,2006,Akron,2084,Buffalo,DraftKings,-2.5,-2.5,55.5,55.5,-142,120
401532412,2023,regular,5,2023-09-30 16:00:00+00:00,2006,Akron,2084,Buffalo,William Hill (New Jersey),-3,,53,,,
401532413,2023,regular,5,2023-09-30 18:30:00+00:00,2309,Kent State,193,Miami (OH),Bovada,14.5,15.5,49.5,51.5,430,-625
401532413,2023,regular,5,2023-09-30 18:30:00+00:00,2309,Kent State,193,Miami (OH),DraftKings,14.5,15.5,48.5,49.5,455,-625
401532413,2023,regular,5,2023-09-30 18:30:00+00:00,2309,Kent State,193,Miami (OH),William Hill (New Jersey),14,,51.5,,,
401532414,2023,regular,6,2023-10-07 19:30:00+00:00,2199,Eastern Michigan,2050,Ball State,Bovada,-2,-3,43.5,42.5,-130,110
401532414,2023,regular,6,2023-10-07 19:30:00+00:00,2199,Eastern Michigan,2050,Ball State,DraftKings,-2.5,-2.5,43,,-130,120
401532414,2023,regular,6,2023-10-07 19:30:00+00:00,2199,Eastern Michigan,2050,Ball State,William Hill (New Jersey),-2.5,,43.5,,,
401532415,2023,regular,6,2023-10-07 18:00:00+00:00,2084,Buffalo,2117,Central Michigan,Bovada,2.5,3,52,57,125,-145
401532415,2023,regular,6,2023-10-07 18:00:00+00:00,2084,Buffalo,2117,Central Michigan,DraftKings,3,2,52,,124,-155
401532415,2023,regular,6,2023-10-07 18:00:00+00:00,2084,Buffalo,2117,Central Michigan,William Hill (New Jersey),2.5,,51.5,,,
401532416,2023,regular,6,2023-10-07 19:30:00+00:00,193,Miami (OH),189,Bowling Green,Bovada,-7.5,-11,43,48,-410,305
401532416,2023,regular,6,2023-10-07 19:30:00+00:00,193,Miami (OH),189,Bowling Green,DraftKings,-10,-11.5,44.5,,-355,310
401532416,2023,regular,6,2023-10-07 19:30:00+00:00,193,Miami (OH),189,Bowling Green,William Hill (New Jersey),-7.5,,43,,,
401532417,2023,regular,6,2023-10-07 19:30:00+00:00,195,Ohio,2309,Kent State,Bovada,-24,-26,45.5,45.5,-4000,1200
401532417,2023,regular,6,2023-10-07 19:30:00+00:00,195,Ohio,2309,Kent State,DraftKings,-26,-26,45.5,,-2800,1400
401532417,2023,regular,6,2023-10-07 19:30:00+00:00,195,Ohio,2309,Kent State,William Hill (New Jersey),-24.5,,45.5,,,
401532418,2023,regular,6,2023-10-07 19:30:00+00:00,2006,Akron,2459,Northern Illinois,Bovada,4,5,42.5,44.5,160,-185
401532418,2023,regular,6,2023-10-07 19:30:00+00:00,2006,Akron,2459,Northern Illinois,DraftKings,5,3,42.5,,160,-205
401532418,2023,regular,6,2023-10-07 19:30:00+00:00,2006,Akron,2459,Northern Illinois,William Hill (New Jersey),4,,42.5,,,
401532419,2023,regular,7,2023-10-14 18:00:00+00:00,2050,Ball State,2649,Toledo,Bovada,17.5,16,48,52,525,-800
401532419,2023,regular,7,2023-10-14 18:00:00+00:00,2050,Ball State,2649,Toledo,DraftKings,17.5,16.5,48,52,675,-950
401532419,2023,regular,7,2023-10-14 18:00:00+00:00,2050,Ball State,2649,Toledo,William Hill (New Jersey),17.5,,48.5,,,
401532420,2023,regular,7,2023-10-14 19:30:00+00:00,2117,Central Michigan,2006,Akron,Bovada,-10.5,-13,44,48,-470,345
401532420,2023,regular,7,2023-10-14 19:30:00+00:00,2117,Central Michigan,2006,Akron,DraftKings,-10,-12.5,43,48,-440,320
401532420,2023,regular,7,2023-10-14 19:30:00+00:00,2117,Central Michigan,2006,Akron,William Hill (New Jersey),-10.5,,44,,,
401532421,2023,regular,7,2023-10-14 19:30:00+00:00,2084,Buffalo,189,Bowling Green,Bovada,-3,-6,44.5,49,-220,180
401532421,2023,regular,7,2023-10-14 19:30:00+00:00,2084,Buffalo,189,Bowling Green,DraftKings,-4,-5,44,48.5,-155,154
401532421,2023,regular,7,2023-10-14 19:30:00+00:00,2084,Buffalo,189,Bowling Green,William Hill (New Jersey),-3,,44.5,,,
401532422,2023,regular,7,2023-10-14 16:00:00+00:00,2199,Eastern Michigan,2309,Kent State,Bovada,-7.5,-11,40,45,-400,300
401532422,2023,regular,7,2023-10-14 16:00:00+00:00,2199,Eastern Michigan,2309,Kent State,DraftKings,-8.5,-10.5,39.5,43.5,-270,270
401532422,2023,regular,7,2023-10-14 16:00:00+00:00,2199,Eastern Michigan,2309,Kent State,William Hill (New Jersey),-7,,40,,,
401532423,2023,regular,7,2023-10-14 19:30:00+00:00,2711,Western Michigan,193,Miami (OH),Bovada,7.5,9.5,44.5,53.5,260,-320
401532423,2023,regular,7,2023-10-14 19:30:00+00:00,2711,Western Michigan,193,Miami (OH),DraftKings,8.5,9,45,53,250,-325
401532423,2023,regular,7,2023-10-14 19:30:00+00:00,2711,Western Michigan,193,Miami (OH),William Hill (New Jersey),7.5,,46,,,
401532424,2023,regular,7,2023-10-14 20:00:00+00:00,2459,Northern Illinois,195,Ohio,Bovada,5.5,7,45,47,220,-270
401532424,2023,regular,7,2023-10-14 20:00:00+00:00,2459,Northern Illinois,195,Ohio,DraftKings,5.5,7,45,46.5,180,-218
401532424,2023,regular,7,2023-10-14 20:00:00+00:00,2459,Northern Illinois,195,Ohio,William Hill (New Jersey),5.5,,45,,,
401532425,2023,regular,8,2023-10-21 19:30:00+00:00,2050,Ball State,2117,Central Michigan,Bovada,5,5.5,42,40.5,180,-220
401532425,2023,regular,8,2023-10-21 19:30:00+00:00,2050,Ball State,2117,Central Michigan,DraftKings,5,3,41,44,170,-205
401532425,2023,regular,8,2023-10-21 19:30:00+00:00,2050,Ball State,2117,Central Michigan,William Hill (New Jersey),5,,42,,,
401532426,2023,regular,8,2023-10-21 19:30:00+00:00,2459,Northern Illinois,2199,Eastern Michigan,Bovada,-12,-11.5,43,45.5,-480,350
401532426,2023,regular,8,2023-10-21 19:30:00+00:00,2459,Northern Illinois,2199,Eastern Michigan,DraftKings,-12,-11,43.5,45,-485,370
401532426,2023,regular,8,2023-10-21 19:30:00+00:00,2459,Northern Illinois,2199,Eastern Michigan,William Hill (New Jersey),-11.5,,43.5,,,
401532427,2023,regular,8,2023-10-21 20:00:00+00:00,193,Miami (OH),2649,Toledo,Bovada,2.5,1,46.5,48,100,-120
401532427,2023,regular,8,2023-10-21 20:00:00+00:00,193,Miami (OH),2649,Toledo,DraftKings,2,1,46.5,49.5,110,-130
401532427,2023,regular,8,2023-10-21 20:00:00+00:00,193,Miami (OH),2649,Toledo,William Hill (New Jersey),2,,46.5,,,
401532428,2023,regular,8,2023-10-21 16:00:00+00:00,195,Ohio,2711,Western Michigan,Bovada,-16.5,-17.5,52,53,-750,500
401532428,2023,regular,8,2023-10-21 16:00:00+00:00,195,Ohio,2711,Western Michigan,DraftKings,-16.5,-15.5,52,51.5,-750,525
401532428,2023,regular,8,2023-10-21 16:00:00+00:00,195,Ohio,2711,Western Michigan,William Hill (New Jersey),-16.5,,52,,,
401532429,2023,regular,8,2023-10-21 18:00:00+00:00,189,Bowling Green,2006,Akron,Bovada,-7,-8,37,39.5,-320,260
401532429,2023,regular,8,2023-10-21 18:00:00+00:00,189,Bowling Green,2006,Akron,DraftKings,-7.5,-9,37.5,41.5,-285,230
401532429,2023,regular,8,2023-10-21 18:00:00+00:00,189,Bowling Green,2006,Akron,William Hill (New Jersey),-7,,37,,,
401532430,2023,regular,8,2023-10-21 19:30:00+00:00,2309,Kent State,2084,Buffalo,Bovada,6.5,,44,44.5,210,-250
401532430,2023,regular,8,2023-10-21 19:30:00+00:00,2309,Kent State,2084,Buffalo,DraftKings,7,8.5,43,47,200,-245
401532430,2023,regular,8,2023-10-21 19:30:00+00:00,2309,Kent State,2084,Buffalo,William Hill (New Jersey),6.5,,44,,,
401532431,2023,regular,9,2023-10-28 17:00:00+00:00,2199,Eastern Michigan,2711,Western Michigan,Bovada,3,0,49.5,44.5,130,-150
401532431,2023,regular,9,2023-10-28 17:00:00+00:00,2199,Eastern Michigan,2711,Western Michigan,DraftKings,3,1.5,46.5,44.5,130,-155
401532431,2023,regular,9,2023-10-28 17:00:00+00:00,2199,Eastern Michigan,2711,Western Michigan,William Hill (New Jersey),3,,50,,,
401532432,2023,regular,9,2023-10-28 19:30:00+00:00,195,Ohio,193,Miami (OH),Bovada,-7.5,-7,39,40,-300,250
401532432,2023,regular,9,2023-10-28 19:30:00+00:00,195,Ohio,193,Miami (OH),DraftKings,-7,-7,39.5,40,-298,240
401532432,2023,regular,9,2023-10-28 19:30:00+00:00,195,Ohio,193,Miami (OH),William Hill (New Jersey),-7.5,,39,,,
401532433,2023,regular,10,2023-10-31 23:00:00+00:00,2117,Central Michigan,2459,Northern Illinois,Bovada,6.5,3.5,48,45.5,180,-220
401532433,2023,regular,10,2023-10-31 23:00:00+00:00,2117,Central Michigan,2459,Northern Illinois,DraftKings,3,3,,,205,-250
401532434,2023,regular,10,2023-10-31 23:30:00+00:00,2649,Toledo,2084,Buffalo,Bovada,-14.5,-15.5,47,52.5,-750,500
401532434,2023,regular,10,2023-10-31 23:30:00+00:00,2649,Toledo,2084,Buffalo,DraftKings,-14,-14,,,-700,500
401532434,2023,regular,10,2023-10-31 23:30:00+00:00,2649,Toledo,2084,Buffalo,ESPN Bet,-15.5,,47.5,,,
401532435,2023,regular,10,2023-11-01 23:00:00+00:00,189,Bowling Green,2050,Ball State,Bovada,-4.5,-6.5,39.5,39.5,-220,180
401532435,2023,regular,10,2023-11-01 23:00:00+00:00,189,Bowling Green,2050,Ball State,DraftKings,-6.5,-6.5,,,-205,170
401532435,2023,regular,10,2023-11-01 23:00:00+00:00,189,Bowling Green,2050,Ball State,ESPN Bet,-4.5,,39.5,,,
401532436,2023,regular,10,2023-11-01 23:30:00+00:00,2006,Akron,2309,Kent State,Bovada,-3.5,-4.5,39,39,-170,145
401532436,2023,regular,10,2023-11-01 23:30:00+00:00,2006,Akron,2309,Kent State,DraftKings,-4,-4,,,-170,142
401532436,2023,regular,10,2023-11-01 23:30:00+00:00,2006,Akron,2309,Kent State,ESPN Bet,-3.5,,40.5,,,
401532437,2023,regular,11,2023-11-08 00:00:00+00:00,2459,Northern Illinois,2050,Ball State,Bovada,-8,-10,43,43,-390,295
401532437,2023,regular,11,2023-11-08 00:00:00+00:00,2459,Northern Illinois,2050,Ball State,DraftKings,-10.5,-10.5,43,43,-305,245
401532437,2023,regular,11,2023-11-08 00:00:00+00:00,2459,Northern Illinois,2050,Ball State,ESPN Bet,-9.5,,43.5,,,
401532438,2023,regular,11,2023-11-08 00:00:00+00:00,2711,Western Michigan,2117,Central Michigan,Bovada,-3,-3.5,58,56,-175,150
401532438,2023,regular,11,2023-11-08 00:00:00+00:00,2711,Western Michigan,2117,Central Michigan,DraftKings,-3.5,-3.5,55.5,55.5,-166,140
401532438,2023,regular,11,2023-11-08 00:00:00+00:00,2711,Western Michigan,2117,Central Michigan,ESPN Bet,-3.5,,57.5,,,
401532439,2023,regular,11,2023-11-08 00:30:00+00:00,2084,Buffalo,195,Ohio,Bovada,9.5,6.5,45,44,240,-290
401532439,2023,regular,11,2023-11-08 00:30:00+00:00,2084,Buffalo,195,Ohio,DraftKings,7,7,44.5,44.5,270,-340
401532439,2023,regular,11,2023-11-08 00:30:00+00:00,2084,Buffalo,195,Ohio,ESPN Bet,9.5,,45.5,,,
401532440,2023,regular,11,2023-11-09 00:30:00+00:00,2649,Toledo,2199,Eastern Michigan,Bovada,-20,-18,45,46.5,-1100,650
401532440,2023,regular,11,2023-11-09 00:30:00+00:00,2649,Toledo,2199,Eastern Michigan,DraftKings,-18.5,-18.5,47,47,-1200,750
401532440,2023,regular,11,2023-11-09 00:30:00+00:00,2649,Toledo,2199,Eastern Michigan,ESPN Bet,-19.5,,45.5,,,
401532441,2023,regular,11,2023-11-09 00:00:00+00:00,193,Miami (OH),2006,Akron,Bovada,-17,-17,37.5,43.5,-900,575
401532441,2023,regular,11,2023-11-09 00:00:00+00:00,193,Miami (OH),2006,Akron,DraftKings,-17,-17,42,42,-950,625
401532441,2023,regular,11,2023-11-09 00:00:00+00:00,193,Miami (OH),2006,Akron,ESPN Bet,-17.5,,37.5,,,
401532442,2023,regular,11,2023-11-09 00:00:00+00:00,2309,Kent State,189,Bowling Green,Bovada,11,8.5,41.5,41,250,-300
401532442,2023,regular,11,2023-11-09 00:00:00+00:00,2309,Kent State,189,Bowling Green,DraftKings,8.5,8.5,41,41,330,-425
401532442,2023,regular,11,2023-11-09 00:00:00+00:00,2309,Kent State,189,Bowling Green,ESPN Bet,10.5,,41.5,,,
401532443,2023,regular,12,2023-11-15 00:00:00+00:00,189,Bowling Green,2649,Toledo,Bovada,10,10,49.5,52,315,-420
401532443,2023,regular,12,2023-11-15 00:00:00+00:00,189,Bowling Green,2649,Toledo,DraftKings,10,9.5,52,,270,-340
401532443,2023,regular,12,2023-11-15 00:00:00+00:00,189,Bowling Green,2649,Toledo,ESPN Bet,9.5,,48.5,,,
401532444,2023,regular,12,2023-11-15 00:00:00+00:00,2459,Northern Illinois,2711,Western Michigan,Bovada,-4,-3,56.5,55.5,-210,175
401532444,2023,regular,12,2023-11-15 00:00:00+00:00,2459,Northern Illinois,2711,Western Michigan,DraftKings,-3,-3.5,55.5,,-198,164
401532444,2023,regular,12,2023-11-15 00:00:00+00:00,2459,Northern Illinois,2711,Western Michigan,ESPN Bet,-4.5,,55.5,,,
401532445,2023,regular,12,2023-11-15 00:00:00+00:00,2199,Eastern Michigan,2006,Akron,Bovada,-3,-4.5,39.5,39,-185,160
401532445,2023,regular,12,2023-11-15 00:00:00+00:00,2199,Eastern Michigan,2006,Akron,DraftKings,-5.5,-7,39,,-162,136
401532445,2023,regular,12,2023-11-15 00:00:00+00:00,2199,Eastern Michigan,2006,Akron,ESPN Bet,-3.5,,39.5,,,
401532446,2023,regular,12,2023-11-16 00:00:00+00:00,195,Ohio,2117,Central Michigan,Bovada,-10.5,-8.5,50,46,-390,295
401532446,2023,regular,12,2023-11-16 00:00:00+00:00,195,Ohio,2117,Central Michigan,DraftKings,-8.5,-9.5,46.5,,-455,350
401532446,2023,regular,12,2023-11-16 00:00:00+00:00,195,Ohio,2117,Central Michigan,ESPN Bet,-11.5,,48.5,,,
401532447,2023,regular,12,2023-11-16 00:00:00+00:00,193,Miami (OH),2084,Buffalo,Bovada,-7.5,-9,37,41.5,-350,275
401532447,2023,regular,12,2023-11-16 00:00:00+00:00,193,Miami (OH),2084,Buffalo,DraftKings,-8.5,-8.5,41.5,,-298,240
401532447,2023,regular,12,2023-11-16 00:00:00+00:00,193,Miami (OH),2084,Buffalo,ESPN Bet,-7.5,,36.5,,,
401532448,2023,regular,12,2023-11-18 19:00:00+00:00,2050,Ball State,2309,Kent State,Bovada,-10.5,-11.5,43,41.5,-525,375
401532448,2023,regular,12,2023-11-18 19:00:00+00:00,2050,Ball State,2309,Kent State,DraftKings,-13,-13,42,42,-470,360
401532448,2023,regular,12,2023-11-18 19:00:00+00:00,2050,Ball State,2309,Kent State,ESPN Bet,-10.5,,41.5,,,
401532449,2023,regular,13,2023-11-22 00:30:00+00:00,2084,Buffalo,2199,Eastern Michigan,Bovada,-5.5,-6.5,38,41,-240,200
401532449,2023,regular,13,2023-11-22 00:30:00+00:00,2084,Buffalo,2199,Eastern Michigan,DraftKings,-6.5,-6.5,37.5,37.5,-230,190
401532449,2023,regular,13,2023-11-22 00:30:00+00:00,2084,Buffalo,2199,Eastern Michigan,ESPN Bet,-6.5,,38.5,,,
401532450,2023,regular,13,2023-11-22 00:00:00+00:00,2711,Western Michigan,189,Bowling Green,Bovada,3,1.5,51.5,54,100,-120
401532450,2023,regular,13,2023-11-22 00:00:00+00:00,2711,Western Michigan,189,Bowling Green,DraftKings,2,2,54.5,54.5,120,-142
401532450,2023,regular,13,2023-11-22 00:00:00+00:00,2711,Western Michigan,189,Bowling Green,ESPN Bet,2.5,,50.5,,,
401532451,2023,regular,13,2023-11-24 17:00:00+00:00,2117,Central Michigan,2649,Toledo,Bovada,10,12.5,54.5,55.5,360,-500
401532451,2023,regular,13,2023-11-24 17:00:00+00:00,2117,Central Michigan,2649,Toledo,DraftKings,12.5,12.5,,,270,-340
401532451,2023,regular,13,2023-11-24 17:00:00+00:00,2117,Central Michigan,2649,Toledo,ESPN Bet,9.5,,54.5,,,
401532452,2023,regular,13,2023-11-24 17:00:00+00:00,2006,Akron,195,Ohio,Bovada,16,14,42,41,430,-625
401532452,2023,regular,13,2023-11-24 17:00:00+00:00,2006,Akron,195,Ohio,DraftKings,13.5,13.5,,,525,-750
401532452,2023,regular,13,2023-11-24 17:00:00+00:00,2006,Akron,195,Ohio,ESPN Bet,14.5,,41.5,,,
401532453,2023,regular,13,2023-11-25 17:00:00+00:00,2309,Kent State,2459,Northern Illinois,Bovada,20.5,18,45,44.5,600,-950
401532453,2023,regular,13,2023-11-25 17:00:00+00:00,2309,Kent State,2459,Northern Illinois,DraftKings,18.5,18.5,,,1000,-1800
401532453,2023,regular,13,2023-11-25 17:00:00+00:00,2309,Kent State,2459,Northern Illinois,ESPN Bet,20.5,,44.5,,,
401532454,2023,regular,13,2023-11-25 17:00:00+00:00,2050,Ball State,193,Miami (OH),Bovada,4,7,34,36,200,-240
401532454,2023,regular,13,2023-11-25 17:00:00+00:00,2050,Ball State,193,Miami (OH),DraftKings,6.5,6.5,,,142,-170
401532454,2023,regular,13,2023-11-25 17:00:00+00:00,2050,Ball State,193,Miami (OH),ESPN Bet,3.5,,34.5,,,
401532570,2023,regular,1,2023-09-02 17:00:00+00:00,2005,Air Force,2523,Robert Morris,Bovada,-46,-46,51.5,51,,
401532570,2023,regular,1,2023-09-02 17:00:00+00:00,2005,Air Force,2523,Robert Morris,William Hill (New Jersey),-47,,51,,,
401532571,2023,regular,1,2023-09-03 02:30:00+00:00,21,San Diego State,304,Idaho State,Bovada,-34.5,-34,51.5,46.5,,
401532571,2023,regular,1,2023-09-03 02:30:00+00:00,21,San Diego State,304,Idaho State,William Hill (New Jersey),-34.5,,51,,,
401532572,2023,regular,1,2023-09-02 20:00:00+00:00,2439,UNLV,2803,Bryant,Bovada,-17,-16.5,66,58,-800,525
401532572,2023,regular,1,2023-09-02 20:00:00+00:00,2439,UNLV,2803,Bryant,William Hill (New Jersey),-16.5,,66,,,
401532573,2023,regular,1,2023-09-03 19:30:00+00:00,23,San José State,204,Oregon State,Bovada,14,16.5,56.5,55,600,-950
401532573,2023,regular,1,2023-09-03 19:30:00+00:00,23,San José State,204,Oregon State,DraftKings,16.5,16.5,55,54.5,425,-850
401532573,2023,regular,1,2023-09-03 19:30:00+00:00,23,San José State,204,Oregon State,William Hill (New Jersey),14,,56.5,,,
401532573,2023,regular,1,2023-09-03 19:30:00+00:00,23,San José State,204,Oregon State,teamrankings,16.5,,54.5,,,
401532574,2023,regular,2,2023-09-10 01:00:00+00:00,278,Fresno State,331,Eastern Washington,DraftKings,,,63,63,,
401532574,2023,regular,2,2023-09-10 01:00:00+00:00,278,Fresno State,331,Eastern Washington,William Hill (New Jersey),-31.5,,63.5,,,
401532575,2023,regular,2,2023-09-10 03:59:00+00:00,62,Hawai'i,399,UAlbany,William Hill (New Jersey),-10.5,,58.5,,,
401532576,2023,regular,2,2023-09-09 23:00:00+00:00,2440,Nevada,70,Idaho,DraftKings,2.5,2.5,52,52,160,
401532576,2023,regular,2,2023-09-09 23:00:00+00:00,2440,Nevada,70,Idaho,William Hill (New Jersey),5.5,,51,,,
401532577,2023,regular,2,2023-09-10 00:00:00+00:00,167,New Mexico,2635,Tennessee Tech,William Hill (New Jersey),-16,,51.5,,,
401532578,2023,regular,2,2023-09-09 20:00:00+00:00,23,San José State,13,Cal Poly,DraftKings,-22.5,-22.5,56,56,,
401532578,2023,regular,2,2023-09-09 20:00:00+00:00,23,San José State,13,Cal Poly,William Hill (New Jersey),-23.5,,60,,,
401532579,2023,regular,2,2023-09-10 00:00:00+00:00,328,Utah State,304,Idaho State,William Hill (New Jersey),-24,,61,,,
401532580,2023,regular,2,2023-09-09 20:00:00+00:00,2751,Wyoming,2502,Portland State,DraftKings,-28,-28,51.5,51.5,,
401532580,2023,regular,2,2023-09-09 20:00:00+00:00,2751,Wyoming,2502,Portland State,William Hill (New Jersey),-28,,51,,,
401532581,2023,regular,3,2023-09-16 00:00:00+00:00,2005,Air Force,328,Utah State,Bovada,-8.5,-8.5,45.5,47,-380,290
401532581,2023,regular,3,2023-09-16 00:00:00+00:00,2005,Air Force,328,Utah State,William Hill (New Jersey),-9,,45.5,,,
401532582,2023,regular,3,2023-09-16 16:00:00+00:00,68,Boise State,155,North Dakota,William Hill (New Jersey),-15,,58,,,
401532583,2023,regular,4,2023-09-23 02:30:00+00:00,21,San Diego State,68,Boise State,Bovada,4.5,7,47.5,45.5,225,-275
401532583,2023,regular,4,2023-09-23 02:30:00+00:00,21,San Diego State,68,Boise State,DraftKings,6.5,6.5,46.5,45,170,-250
401532583,2023,regular,4,2023-09-23 02:30:00+00:00,21,San Diego State,68,Boise State,William Hill (New Jersey),6.5,,46,,,
401532584,2023,regular,4,2023-09-23 02:30:00+00:00,23,San José State,2005,Air Force,Bovada,6.5,4,45,47,160,-185
401532584,2023,regular,4,2023-09-23 02:30:00+00:00,23,San José State,2005,Air Force,DraftKings,6,3.5,45.5,47,215,-230
401532584,2023,regular,4,2023-09-23 02:30:00+00:00,23,San José State,2005,Air Force,William Hill (New Jersey),6,,45.5,,,
401532586,2023,regular,5,2023-09-30 20:00:00+00:00,2439,UNLV,62,Hawai'i,Bovada,-11,-10,59,61,-440,330
401532586,2023,regular,5,2023-09-30 20:00:00+00:00,2439,UNLV,62,Hawai'i,DraftKings,-11,-11,59.5,59,-440,340
401532586,2023,regular,5,2023-09-30 20:00:00+00:00,2439,UNLV,62,Hawai'i,William Hill (New Jersey),-10.5,,58.5,,,
401532587,2023,regular,5,2023-10-01 02:30:00+00:00,278,Fresno State,2440,Nevada,Bovada,-24.5,-23,53,54,-2200,1000
401532587,2023,regular,5,2023-10-01 02:30:00+00:00,278,Fresno State,2440,Nevada,DraftKings,-24.5,-24.5,51.5,52.5,-2800,1300
401532587,2023,regular,5,2023-10-01 02:30:00+00:00,278,Fresno State,2440,Nevada,William Hill (New Jersey),-25.5,,50.5,,,
401532588,2023,regular,5,2023-09-30 20:00:00+00:00,2751,Wyoming,167,New Mexico,Bovada,-14,-12,41,41,,
401532588,2023,regular,5,2023-09-30 20:00:00+00:00,2751,Wyoming,167,New Mexico,DraftKings,-14,-14.5,41,42,-625,455
401532588,2023,regular,5,2023-09-30 20:00:00+00:00,2751,Wyoming,167,New Mexico,William Hill (New Jersey),-14.5,,40.5,,,
401532589,2023,regular,5,2023-10-01 00:00:00+00:00,2005,Air Force,21,San Diego State,Bovada,-11,-10,44,43,-430,320
401532589,2023,regular,5,2023-10-01 00:00:00+00:00,2005,Air Force,21,San Diego State,DraftKings,-10.5,-10.5,43.5,43.5,-375,295
401532589,2023,regular,5,2023-10-01 00:00:00+00:00,2005,Air Force,21,San Diego State,William Hill (New Jersey),-10.5,,43.5,,,
401532590,2023,regular,6,2023-10-08 00:00:00+00:00,328,Utah State,36,Colorado State,Bovada,3,1,62,64,125,-145
401532590,2023,regular,6,2023-10-08 00:00:00+00:00,328,Utah State,36,Colorado State,DraftKings,3,0,62.5,,124,-155
401532590,2023,regular,6,2023-10-08 00:00:00+00:00,328,Utah State,36,Colorado State,William Hill (New Jersey),3,,62,,,
401532591,2023,regular,6,2023-10-08 00:00:00+00:00,2751,Wyoming,278,Fresno State,Bovada,6,6,42.5,46,180,-220
401532591,2023,regular,6,2023-10-08 00:00:00+00:00,2751,Wyoming,278,Fresno State,DraftKings,6,3,44.5,,160,-230
401532591,2023,regular,6,2023-10-08 00:00:00+00:00,2751,Wyoming,278,Fresno State,William Hill (New Jersey),5.5,,43,,,
401532592,2023,regular,6,2023-10-08 00:00:00+00:00,68,Boise State,23,San José State,Bovada,-7.5,-9.5,57,57.5,-350,275
401532592,2023,regular,6,2023-10-08 00:00:00+00:00,68,Boise State,23,San José State,DraftKings,-10,-8.5,57.5,,-298,285
401532592,2023,regular,6,2023-10-08 00:00:00+00:00,68,Boise State,23,San José State,William Hill (New Jersey),-8,,57.5,,,
401532593,2023,regular,7,2023-10-15 01:45:00+00:00,36,Colorado State,68,Boise State,Bovada,7.5,7,59,62.5,250,-300
401532593,2023,regular,7,2023-10-15 01:45:00+00:00,36,Colorado State,68,Boise State,DraftKings,8.5,7.5,60.5,62,250,-345
401532593,2023,regular,7,2023-10-15 01:45:00+00:00,36,Colorado State,68,Boise State,William Hill (New Jersey),7.5,,60,,,
401532594,2023,regular,7,2023-10-14 00:00:00+00:00,328,Utah State,278,Fresno State,Bovada,5.5,7,55.5,61.5,215,-260
401532594,2023,regular,7,2023-10-14 00:00:00+00:00,328,Utah State,278,Fresno State,DraftKings,7,7,60.5,60.5,185,-298
401532594,2023,regular,7,2023-10-14 00:00:00+00:00,328,Utah State,278,Fresno State,William Hill (New Jersey),5.5,,56,,,
401532595,2023,regular,7,2023-10-15 03:00:00+00:00,62,Hawai'i,21,San Diego State,Bovada,6,5,52,52,190,-230
401532595,2023,regular,7,2023-10-15 03:00:00+00:00,62,Hawai'i,21,San Diego State,DraftKings,6,6,52.5,52.5,190,-245
401532595,2023,regular,7,2023-10-15 03:00:00+00:00,62,Hawai'i,21,San Diego State,William Hill (New Jersey),6,,51.5,,,
401532596,2023,regular,7,2023-10-14 22:00:00+00:00,167,New Mexico,23,San José State,Bovada,6,9,54.5,57.5,255,-310
401532596,2023,regular,7,2023-10-14 22:00:00+00:00,167,New Mexico,23,San José State,DraftKings,7,8.5,56,57.5,190,-278
401532596,2023,regular,7,2023-10-14 22:00:00+00:00,167,New Mexico,23,San José State,William Hill (New Jersey),6.5,,55,,,
401532597,2023,regular,7,2023-10-14 21:00:00+00:00,2440,Nevada,2439,UNLV,Bovada,7.5,9.5,51.5,56,290,-380
401532597,2023,regular,7,2023-10-14 21:00:00+00:00,2440,Nevada,2439,UNLV,DraftKings,8,9.5,53.5,56,225,-340
401532597,2023,regular,7,2023-10-14 21:00:00+00:00,2440,Nevada,2439,UNLV,William Hill (New Jersey),7.5,,51.5,,,
401532598,2023,regular,7,2023-10-14 23:00:00+00:00,2005,Air Force,2751,Wyoming,Bovada,-13,-10,41,45,-415,310
401532598,2023,regular,7,2023-10-14 23:00:00+00:00,2005,Air Force,2751,Wyoming,DraftKings,-11.5,-10,42,44,-440,320
401532598,2023,regular,7,2023-10-14 23:00:00+00:00,2005,Air Force,2751,Wyoming,William Hill (New Jersey),-12.5,,42,,,
401532599,2023,regular,8,2023-10-21 23:00:00+00:00,2439,UNLV,36,Colorado State,Bovada,-6.5,-8,60,63,-275,225
401532599,2023,regular,8,2023-10-21 23:00:00+00:00,2439,UNLV,36,Colorado State,DraftKings,-7,-7,61.5,62,-290,235
401532599,2023,regular,8,2023-10-21 23:00:00+00:00,2439,UNLV,36,Colorado State,William Hill (New Jersey),-6.5,,60,,,
401532600,2023,regular,8,2023-10-21 22:00:00+00:00,167,New Mexico,62,Hawai'i,Bovada,1.5,2,59.5,60,115,-135
401532600,2023,regular,8,2023-10-21 22:00:00+00:00,167,New Mexico,62,Hawai'i,DraftKings,2.5,-2,60,59,110,-130
401532600,2023,regular,8,2023-10-21 22:00:00+00:00,167,New Mexico,62,Hawai'i,William Hill (New Jersey),1.5,,60,,,
401532601,2023,regular,8,2023-10-22 01:00:00+00:00,21,San Diego State,2440,Nevada,Bovada,-11,-12.5,48.5,47.5,-480,350
401532601,2023,regular,8,2023-10-22 01:00:00+00:00,21,San Diego State,2440,Nevada,DraftKings,-11.5,-13,48,49.5,-410,320
401532601,2023,regular,8,2023-10-22 01:00:00+00:00,21,San Diego State,2440,Nevada,William Hill (New Jersey),-11,,48.5,,,
401532602,2023,regular,8,2023-10-21 23:00:00+00:00,23,San José State,328,Utah State,Bovada,-4,-3.5,64.5,65.5,-185,160
401532602,2023,regular,8,2023-10-21 23:00:00+00:00,23,San José State,328,Utah State,DraftKings,-4,-4.5,65.5,66,-185,154
401532602,2023,regular,8,2023-10-21 23:00:00+00:00,23,San José State,328,Utah State,William Hill (New Jersey),-4,,65,,,
401532603,2023,regular,9,2023-10-28 23:00:00+00:00,36,Colorado State,2005,Air Force,Bovada,14.5,11.5,47.5,50,430,-625
401532603,2023,regular,9,2023-10-28 23:00:00+00:00,36,Colorado State,2005,Air Force,DraftKings,13,12,48,49.5,455,-625
401532603,2023,regular,9,2023-10-28 23:00:00+00:00,36,Colorado State,2005,Air Force,William Hill (New Jersey),14.5,,47,,,
401532604,2023,regular,9,2023-10-29 02:30:00+00:00,2440,Nevada,167,New Mexico,Bovada,1,-1,49.5,51,100,-120
401532604,2023,regular,9,2023-10-29 02:30:00+00:00,2440,Nevada,167,New Mexico,DraftKings,-1,-1.5,49.5,50.5,-105,-115
401532604,2023,regular,9,2023-10-29 02:30:00+00:00,2440,Nevada,167,New Mexico,William Hill (New Jersey),0,,50,,,
401532605,2023,regular,9,2023-10-29 03:59:00+00:00,62,Hawai'i,23,San José State,Bovada,10,8.5,57,61,315,-420
401532605,2023,regular,9,2023-10-29 03:59:00+00:00,62,Hawai'i,23,San José State,DraftKings,10,8.5,58.5,61,310,-395
401532605,2023,regular,9,2023-10-29 03:59:00+00:00,62,Hawai'i,23,San José State,William Hill (New Jersey),10.5,,57,,,
401532606,2023,regular,9,2023-10-29 02:30:00+00:00,278,Fresno State,2439,UNLV,Bovada,-10.5,-8.5,55.5,58.5,-340,270
401532606,2023,regular,9,2023-10-29 02:30:00+00:00,278,Fresno State,2439,UNLV,DraftKings,-7.5,-7,57.5,,-425,330
401532606,2023,regular,9,2023-10-29 02:30:00+00:00,278,Fresno State,2439,UNLV,William Hill (New Jersey),-10.5,,56,,,
401532607,2023,regular,9,2023-10-28 21:30:00+00:00,68,Boise State,2751,Wyoming,Bovada,-4.5,-5,48.5,49,-185,160
401532607,2023,regular,9,2023-10-28 21:30:00+00:00,68,Boise State,2751,Wyoming,DraftKings,-5,-5,49,50,-185,154
401532607,2023,regular,9,2023-10-28 21:30:00+00:00,68,Boise State,2751,Wyoming,William Hill (New Jersey),-4.5,,48.5,,,
401532608,2023,regular,10,2023-11-05 02:00:00+00:00,278,Fresno State,68,Boise State,Bovada,-2.5,-3,53.5,55,-150,130
401532608,2023,regular,10,2023-11-05 02:00:00+00:00,278,Fresno State,68,Boise State,DraftKings,-3,-3.5,55,,-142,120
401532608,2023,regular,10,2023-11-05 02:00:00+00:00,278,Fresno State,68,Boise State,ESPN Bet,-2.5,,54.5,,,
401532609,2023,regular,10,2023-11-04 00:00:00+00:00,2751,Wyoming,36,Colorado State,Bovada,-6,-7,44,43.5,-235,195
401532609,2023,regular,10,2023-11-04 00:00:00+00:00,2751,Wyoming,36,Colorado State,DraftKings,-6,-7.5,41,43.5,-225,185
401532609,2023,regular,10,2023-11-04 00:00:00+00:00,2751,Wyoming,36,Colorado State,ESPN Bet,-5.5,,43.5,,,
401532610,2023,regular,10,2023-11-04 20:00:00+00:00,2440,Nevada,62,Hawai'i,Bovada,-3,-3.5,50,50.5,-180,155
401532610,2023,regular,10,2023-11-04 20:00:00+00:00,2440,Nevada,62,Hawai'i,DraftKings,-3.5,-4,50.5,,-185,154
401532610,2023,regular,10,2023-11-04 20:00:00+00:00,2440,Nevada,62,Hawai'i,ESPN Bet,-3.5,,49.5,,,
401532611,2023,regular,10,2023-11-04 22:00:00+00:00,167,New Mexico,2439,UNLV,Bovada,15,10,58,61.5,295,-390
401532611,2023,regular,10,2023-11-04 22:00:00+00:00,167,New Mexico,2439,UNLV,DraftKings,10,11.5,61,,490,-675
401532611,2023,regular,10,2023-11-04 22:00:00+00:00,167,New Mexico,2439,UNLV,ESPN Bet,14.5,,57.5,,,
401532612,2023,regular,10,2023-11-04 23:00:00+00:00,21,San Diego State,328,Utah State,Bovada,2,2.5,56.5,56,115,-135
401532612,2023,regular,10,2023-11-04 23:00:00+00:00,21,San Diego State,328,Utah State,DraftKings,2.5,1,56.5,,114,-135
401532613,2023,regular,11,2023-11-12 04:00:00+00:00,62,Hawai'i,2005,Air Force,Bovada,20.5,19,46.5,49.5,725,-1300
401532613,2023,regular,11,2023-11-12 04:00:00+00:00,62,Hawai'i,2005,Air Force,DraftKings,20,20,49.5,49.5,750,-1200
401532613,2023,regular,11,2023-11-12 04:00:00+00:00,62,Hawai'i,2005,Air Force,ESPN Bet,22.5,,47.5,,,
401532614,2023,regular,11,2023-11-12 03:30:00+00:00,23,San José State,278,Fresno State,Bovada,-2.5,1,51.5,56,-130,110
401532614,2023,regular,11,2023-11-12 03:30:00+00:00,23,San José State,278,Fresno State,DraftKings,1,1,,,-130,110
401532614,2023,regular,11,2023-11-12 03:30:00+00:00,23,San José State,278,Fresno State,ESPN Bet,-2.5,,51.5,,,
401532615,2023,regular,11,2023-11-11 20:00:00+00:00,328,Utah State,2440,Nevada,Bovada,-14.5,-16,54,56,-800,525
401532615,2023,regular,11,2023-11-11 20:00:00+00:00,328,Utah State,2440,Nevada,DraftKings,-15.5,-15.5,,,-650,470
401532615,2023,regular,11,2023-11-11 20:00:00+00:00,328,Utah State,2440,Nevada,ESPN Bet,-14.5,,54.5,,,
401532616,2023,regular,11,2023-11-12 03:00:00+00:00,68,Boise State,167,New Mexico,Bovada,-27.5,-25,59.5,60.5,-7000,1300
401532616,2023,regular,11,2023-11-12 03:00:00+00:00,68,Boise State,167,New Mexico,DraftKings,-26.5,-26.5,,,-4000,1500
401532616,2023,regular,11,2023-11-12 03:00:00+00:00,68,Boise State,167,New Mexico,ESPN Bet,-27.5,,58.5,,,
401532617,2023,regular,11,2023-11-12 00:00:00+00:00,36,Colorado State,21,San Diego State,Bovada,-3.5,-4,46.5,47.5,-175,150
401532617,2023,regular,11,2023-11-12 00:00:00+00:00,36,Colorado State,21,San Diego State,DraftKings,-4.5,-4.5,,,-175,145
401532617,2023,regular,11,2023-11-12 00:00:00+00:00,36,Colorado State,21,San Diego State,ESPN Bet,-3.5,,46.5,,,
401532618,2023,regular,11,2023-11-11 03:45:00+00:00,2439,UNLV,2751,Wyoming,Bovada,-3,-3,48,51.5,-200,170
401532618,2023,regular,11,2023-11-11 03:45:00+00:00,2439,UNLV,2751,Wyoming,DraftKings,-2.5,-2.5,,,-148,124
401532618,2023,regular,11,2023-11-11 03:45:00+00:00,2439,UNLV,2751,Wyoming,ESPN Bet,-2.5,,48.5,,,
401532619,2023,regular,12,2023-11-19 00:00:00+00:00,328,Utah State,68,Boise State,Bovada,5,4,63.5,64,145,-170
401532619,2023,regular,12,2023-11-19 00:00:00+00:00,328,Utah State,68,Boise State,DraftKings,4,4,64.5,64.5,170,-205
401532619,2023,regular,12,2023-11-19 00:00:00+00:00,328,Utah State,68,Boise State,ESPN Bet,5.5,,62.5,,,
401532620,2023,regular,12,2023-11-18 19:00:00+00:00,2751,Wyoming,62,Hawai'i,Bovada,-13,-14,45,45.5,-585,410
401532620,2023,regular,12,2023-11-18 19:00:00+00:00,2751,Wyoming,62,Hawai'i,DraftKings,-14.5,-14.5,44.5,44.5,-550,410
401532620,2023,regular,12,2023-11-18 19:00:00+00:00,2751,Wyoming,62,Hawai'i,ESPN Bet,-13.5,,45.5,,,
401532621,2023,regular,12,2023-11-18 20:00:00+00:00,36,Colorado State,2440,Nevada,Bovada,-12.5,-11,45,47.5,-480,350
401532621,2023,regular,12,2023-11-18 20:00:00+00:00,36,Colorado State,2440,Nevada,DraftKings,-11,-11,47.5,47.5,-485,370
401532621,2023,regular,12,2023-11-18 20:00:00+00:00,36,Colorado State,2440,Nevada,ESPN Bet,-12.5,,45.5,,,
401532622,2023,regular,12,2023-11-19 03:30:00+00:00,278,Fresno State,167,New Mexico,Bovada,-22,-24,58.5,57,-2500,1000
401532622,2023,regular,12,2023-11-19 03:30:00+00:00,278,Fresno State,167,New Mexico,DraftKings,-24,-24,56.5,56.5,-1800,1000
401532622,2023,regular,12,2023-11-19 03:30:00+00:00,278,Fresno State,167,New Mexico,ESPN Bet,-22.5,,58.5,,,
401532623,2023,regular,12,2023-11-19 03:30:00+00:00,23,San José State,21,San Diego State,Bovada,-16.5,-14,48,49.5,-700,475
401532623,2023,regular,12,2023-11-19 03:30:00+00:00,23,San José State,21,San Diego State,DraftKings,-14,-14,51,51,-700,500
401532623,2023,regular,12,2023-11-19 03:30:00+00:00,23,San José State,21,San Diego State,ESPN Bet,-16.5,,48.5,,,
401532624,2023,regular,12,2023-11-18 20:30:00+00:00,2005,Air Force,2439,UNLV,Bovada,-3,-4,46.5,46.5,-150,130
401532624,2023,regular,12,2023-11-18 20:30:00+00:00,2005,Air Force,2439,UNLV,DraftKings,-4,-4,47,47,-148,124
401532624,2023,regular,12,2023-11-18 20:30:00+00:00,2005,Air Force,2439,UNLV,ESPN Bet,-2.5,,46.5,,,
401532625,2023,regular,13,2023-11-24 21:00:00+00:00,68,Boise State,2005,Air Force,Bovada,-6.5,-6,45,46,-220,180
401532625,2023,regular,13,2023-11-24 21:00:00+00:00,68,Boise State,2005,Air Force,DraftKings,-6.5,-6.5,,,-238,195
401532625,2023,regular,13,2023-11-24 21:00:00+00:00,68,Boise State,2005,Air Force,ESPN Bet,-6.5,,44.5,,,
401532626,2023,regular,13,2023-11-26 04:00:00+00:00,62,Hawai'i,36,Colorado State,Bovada,5.5,6,54,54.5,180,-220
401532626,2023,regular,13,2023-11-26 04:00:00+00:00,62,Hawai'i,36,Colorado State,DraftKings,6,6,,,160,-192
401532626,2023,regular,13,2023-11-26 04:00:00+00:00,62,Hawai'i,36,Colorado State,ESPN Bet,5.5,,53.5,,,
401532627,2023,regular,13,2023-11-26 03:30:00+00:00,21,San Diego State,278,Fresno State,Bovada,4.5,6,47,46,175,-210
401532627,2023,regular,13,2023-11-26 03:30:00+00:00,21,San Diego State,278,Fresno State,DraftKings,5.5,5.5,,,170,-205
401532627,2023,regular,13,2023-11-26 03:30:00+00:00,21,San Diego State,278,Fresno State,ESPN Bet,5.5,,47.5,,,
401532628,2023,regular,13,2023-11-25 20:00:00+00:00,2439,UNLV,23,San José State,Bovada,-1,-3,58,58,-160,135
401532628,2023,regular,13,2023-11-25 20:00:00+00:00,2439,UNLV,23,San José State,DraftKings,-3.5,-3.5,,,-112,-108
401532628,2023,regular,13,2023-11-25 20:00:00+00:00,2439,UNLV,23,San José State,ESPN Bet,-1.5,,58.5,,,
401532629,2023,regular,13,2023-11-24 20:30:00+00:00,167,New Mexico,328,Utah State,Bovada,4.5,8.5,58.5,62,275,-350
401532629,2023,regular,13,2023-11-24 20:30:00+00:00,167,New Mexico,328,Utah State,DraftKings,8.5,8.5,,,170,-205
401532629,2023,regular,13,2023-11-24 20:30:00+00:00,167,New Mexico,328,Utah State,ESPN Bet,4.5,,58.5,,,
401532630,2023,regular,13,2023-11-26 02:00:00+00:00,2440,Nevada,2751,Wyoming,Bovada,11.5,11,42,41.5,335,-450
401532630,2023,regular,13,2023-11-26 02:00:00+00:00,2440,Nevada,2751,Wyoming,DraftKings,11,11,,,320,-410
401532630,2023,regular,13,2023-11-26 02:00:00+00:00,2440,Nevada,2751,Wyoming,ESPN Bet,10.5,,41.5,,,
401534852,2023,regular,5,2023-09-30 16:00:00+00:00,2523,Robert Morris,47,Howard,William Hill (New Jersey),9.5,,59,,,
401534853,2023,regular,7,2023-10-14 17:00:00+00:00,108,Harvard,47,Howard,William Hill (New Jersey),-8,,60.5,,,
401534854,2023,regular,8,2023-10-21 16:00:00+00:00,47,Howard,2450,Norfolk State,William Hill (New Jersey),-10,,48,,,
401534855,2023,regular,9,2023-10-28 16:00:00+00:00,2169,Delaware State,47,Howard,William Hill (New Jersey),19,,53.5,,,
401534856,2023,regular,10,2023-11-04 19:30:00+00:00,2569,South Carolina State,47,Howard,ESPN Bet,6.5,,47.5,,,
401534857,2023,regular,11,2023-11-11 20:30:00+00:00,47,Howard,2428,North Carolina Central,ESPN Bet,7.5,,59.5,,,
401534858,2023,regular,12,2023-11-18 18:00:00+00:00,47,Howard,2415,Morgan State,ESPN Bet,-7.5,,40.5,,,
401539475,2023,regular,14,2023-12-02 01:00:00+00:00,264,Washington,2483,Oregon,Bovada,10,9,65.5,67,270,-340
401539475,2023,regular,14,2023-12-02 01:00:00+00:00,264,Washington,2483,Oregon,DraftKings,9,9,67,67,300,-380
401539475,2023,regular,14,2023-12-02 01:00:00+00:00,264,Washington,2483,Oregon,ESPN Bet,9.5,,64.5,,,
401539476,2023,regular,14,2023-12-02 00:00:00+00:00,2335,Liberty,166,New Mexico State,Bovada,-9.5,-10,58,53.5,-410,305
401539476,2023,regular,14,2023-12-02 00:00:00+00:00,2335,Liberty,166,New Mexico State,DraftKings,-10.5,-10.5,54,54,-375,295
401539476,2023,regular,14,2023-12-02 00:00:00+00:00,2335,Liberty,166,New Mexico State,ESPN Bet,-10.5,,58.5,,,
401539477,2023,regular,14,2023-12-02 21:00:00+00:00,2655,Tulane,2567,SMU,Bovada,-2.5,-3,47.5,52.5,-185,160
401539477,2023,regular,14,2023-12-02 21:00:00+00:00,2655,Tulane,2567,SMU,DraftKings,-4,-4,50.5,50.5,-135,114
401539477,2023,regular,14,2023-12-02 21:00:00+00:00,2655,Tulane,2567,SMU,ESPN Bet,-2.5,,47.5,,,
401539478,2023,regular,14,2023-12-03 01:00:00+00:00,52,Florida State,97,Louisville,Bovada,1.5,-5,45.5,53.5,-165,140
401539478,2023,regular,14,2023-12-03 01:00:00+00:00,52,Florida State,97,Louisville,DraftKings,-3.5,-3.5,51,51,-102,-118
401539478,2023,regular,14,2023-12-03 01:00:00+00:00,52,Florida State,97,Louisville,ESPN Bet,1.5,,45.5,,,
401539479,2023,regular,14,2023-12-02 17:00:00+00:00,251,Texas,197,Oklahoma State,Bovada,-14.5,-11.5,57.5,53.5,-625,430
401539479,2023,regular,14,2023-12-02 17:00:00+00:00,251,Texas,197,Oklahoma State,DraftKings,-14,-14,55,55,-650,470
401539479,2023,regular,14,2023-12-02 17:00:00+00:00,251,Texas,197,Oklahoma State,ESPN Bet,-14.5,,56.5,,,
401539480,2023,regular,14,2023-12-03 01:00:00+00:00,2294,Iowa,130,Michigan,Bovada,21,23.5,36,35,1000,-2200
401539480,2023,regular,14,2023-12-03 01:00:00+00:00,2294,Iowa,130,Michigan,DraftKings,23.5,23.5,35,35,1200,-2400
401539480,2023,regular,14,2023-12-03 01:00:00+00:00,2294,Iowa,130,Michigan,ESPN Bet,20.5,,35.5,,,
401539481,2023,regular,14,2023-12-02 17:00:00+00:00,2649,Toledo,193,Miami (OH),Bovada,-7,-7.5,43,46.5,-320,260
401539481,2023,regular,14,2023-12-02 17:00:00+00:00,2649,Toledo,193,Miami (OH),DraftKings,-8.5,-8.5,46,46,-250,205
401539481,2023,regular,14,2023-12-02 17:00:00+00:00,2649,Toledo,193,Miami (OH),ESPN Bet,-6.5,,43.5,,,
401539482,2023,regular,14,2023-12-02 20:00:00+00:00,2439,UNLV,68,Boise State,Bovada,2.5,2.5,62,59,130,-150
401539482,2023,regular,14,2023-12-02 20:00:00+00:00,2439,UNLV,68,Boise State,DraftKings,2.5,2.5,58,58,114,-135
401539482,2023,regular,14,2023-12-02 20:00:00+00:00,2439,UNLV,68,Boise State,ESPN Bet,2.5,,62.5,,,
401539483,2023,regular,14,2023-12-02 21:00:00+00:00,333,Alabama,61,Georgia,Bovada,5,4.5,53.5,56,175,-210
401539483,2023,regular,14,2023-12-02 21:00:00+00:00,333,Alabama,61,Georgia,DraftKings,5,5,56,,170,-205
401539483,2023,regular,14,2023-12-02 21:00:00+00:00,333,Alabama,61,Georgia,ESPN Bet,5.5,,52.5,,,
401539484,2023,regular,14,2023-12-02 21:00:00+00:00,2653,Troy,2026,App State,Bovada,-5.5,-6.5,53,51.5,-240,200
401539484,2023,regular,14,2023-12-02 21:00:00+00:00,2653,Troy,2026,App State,DraftKings,-6.5,-6.5,51.5,51.5,-225,185
401539484,2023,regular,14,2023-12-02 21:00:00+00:00,2653,Troy,2026,App State,ESPN Bet,-5.5,,52.5,,,
401539485,2023,postseason,14,2023-12-02 21:00:00+00:00,50,Florida A&M,2504,Prairie View A&M,Bovada,-17.5,-17.5,48,51,-1000,625
401539485,2023,postseason,14,2023-12-02 21:00:00+00:00,50,Florida A&M,2504,Prairie View A&M,ESPN Bet,-17.5,,48.5,,,
401539973,2023,regular,6,2023-10-07 17:00:00+00:00,2115,Central Connecticut,2169,Delaware State,William Hill (New Jersey),-4.5,,51,,,
401539974,2023,regular,8,2023-10-21 16:00:00+00:00,2169,Delaware State,2569,South Carolina State,William Hill (New Jersey),7,,46.5,,,
401539975,2023,regular,10,2023-11-04 17:00:00+00:00,2415,Morgan State,2169,Delaware State,ESPN Bet,-17.5,,41.5,,,
401539976,2023,regular,11,2023-11-11 17:00:00+00:00,2169,Delaware State,2450,Norfolk State,ESPN Bet,7,,51.5,,,
401539977,2023,regular,12,2023-11-18 19:00:00+00:00,2428,North Carolina Central,2169,Delaware State,ESPN Bet,-25,,64.5,,,
401539978,2023,regular,1,2023-09-02 22:00:00+00:00,257,Richmond,2415,Morgan State,Bovada,-25.5,-25.5,43.5,47,,
401539980,2023,regular,4,2023-09-23 22:00:00+00:00,2415,Morgan State,399,UAlbany,William Hill (New Jersey),13,,35.5,,,
401539981,2023,regular,5,2023-09-30 16:00:00+00:00,43,Yale,2415,Morgan State,William Hill (New Jersey),-15.5,,39,,,
401539983,2023,regular,8,2023-10-19 23:30:00+00:00,2415,Morgan State,2428,North Carolina Central,William Hill (New Jersey),14,,47.5,,,
401539984,2023,regular,9,2023-10-28 18:00:00+00:00,2450,Norfolk State,2415,Morgan State,William Hill (New Jersey),0,,38,,,
401539985,2023,regular,11,2023-11-11 17:00:00+00:00,2569,South Carolina State,2415,Morgan State,ESPN Bet,-2,,39.5,,,
401539988,2023,regular,4,2023-09-23 20:00:00+00:00,119,Towson,2450,Norfolk State,William Hill (New Jersey),-17.5,,40.5,,,
401539990,2023,regular,7,2023-10-14 22:00:00+00:00,2634,Tennessee State,2450,Norfolk State,William Hill (New Jersey),-9.5,,50.5,,,
401539991,2023,regular,10,2023-11-04 19:30:00+00:00,2428,North Carolina Central,2450,Norfolk State,ESPN Bet,-18,,60.5,,,
401539992,2023,regular,12,2023-11-18 19:00:00+00:00,2450,Norfolk State,2569,South Carolina State,ESPN Bet,-4.5,,46.5,,,
401539994,2023,regular,2,2023-09-09 23:00:00+00:00,2448,North Carolina A&T,2428,North Carolina Central,Bovada,-6.5,-6.5,57.5,57.5,-260,215
401539995,2023,regular,4,2023-09-23 19:00:00+00:00,2428,North Carolina Central,2400,Mississippi Valley State,Caesars Sportsbook (Colorado),-24.5,,47.5,,,
401539996,2023,regular,5,2023-09-30 20:00:00+00:00,2428,North Carolina Central,2097,Campbell,William Hill (New Jersey),2.5,,62.5,,,
401539997,2023,regular,6,2023-10-07 18:00:00+00:00,2210,Elon,2428,North Carolina Central,William Hill (New Jersey),-6.5,,51,,,
401539998,2023,regular,9,2023-10-26 23:30:00+00:00,2428,North Carolina Central,2569,South Carolina State,William Hill (New Jersey),-14.5,,51.5,,,
401539999,2023,regular,1,2023-08-26 23:30:00+00:00,2296,Jackson State,2569,South Carolina State,William Hill (New Jersey),-9.5,,45.5,,,
401540000,2023,regular,4,2023-09-23 22:00:00+00:00,2569,South Carolina State,2643,The Citadel,William Hill (New Jersey),-4.5,,40.5,,,
401540002,2023,regular,7,2023-10-14 17:30:00+00:00,2569,South Carolina State,2635,Tennessee Tech,William Hill (New Jersey),-4,,37.5,,,
401540005,2023,regular,5,2023-09-30 16:00:00+00:00,225,Brown,2115,Central Connecticut,William Hill (New Jersey),-14.5,,53.5,,,
401540006,2023,regular,7,2023-10-14 16:00:00+00:00,2184,Duquesne,2115,Central Connecticut,William Hill (New Jersey),-9,,54.5,,,
401540007,2023,regular,8,2023-10-21 16:00:00+00:00,2681,Wagner,2115,Central Connecticut,William Hill (New Jersey),2.5,,43.5,,,
401540008,2023,regular,9,2023-10-26 23:00:00+00:00,2115,Central Connecticut,2341,Long Island University,William Hill (New Jersey),2.5,,45.5,,,
401540009,2023,regular,10,2023-11-04 16:00:00+00:00,2529,Sacred Heart,2115,Central Connecticut,ESPN Bet,-3,,41.5,,,
401540011,2023,regular,12,2023-11-18 17:00:00+00:00,2115,Central Connecticut,2598,St. Francis (PA),ESPN Bet,7,,57.5,,,
401540013,2023,regular,5,2023-09-30 16:00:00+00:00,2341,Long Island University,2184,Duquesne,William Hill (New Jersey),-3.5,,47.5,,,
401540014,2023,regular,6,2023-10-07 19:00:00+00:00,48,Delaware,2184,Duquesne,William Hill (New Jersey),-21.5,,60,,,
401540015,2023,regular,8,2023-10-21 17:00:00+00:00,2184,Duquesne,2598,St. Francis (PA),William Hill (New Jersey),-3,,57.5,,,
401540016,2023,regular,9,2023-10-28 16:00:00+00:00,2529,Sacred Heart,2184,Duquesne,William Hill (New Jersey),5.5,,49,,,
401540017,2023,regular,10,2023-11-04 16:00:00+00:00,2681,Wagner,2184,Duquesne,ESPN Bet,13.5,,49.5,,,
401540018,2023,regular,11,2023-11-11 17:00:00+00:00,2184,Duquesne,284,Stonehill,ESPN Bet,-12.5,,53.5,,,
401540019,2023,regular,12,2023-11-18 17:00:00+00:00,2771,Merrimack,2184,Duquesne,ESPN Bet,-2.5,,55.5,,,
401540021,2023,regular,6,2023-10-07 16:00:00+00:00,2341,Long Island University,2529,Sacred Heart,William Hill (New Jersey),-7.5,,42,,,
401540022,2023,regular,7,2023-10-14 17:00:00+00:00,311,Maine,2341,Long Island University,William Hill (New Jersey),-7.5,,50,,,
401540023,2023,regular,8,2023-10-21 16:00:00+00:00,2341,Long Island University,2771,Merrimack,William Hill (New Jersey),-2.5,,40,,,
401540027,2023,regular,1,2023-09-02 22:00:00+00:00,2529,Sacred Heart,322,Lafayette,Bovada,-5.5,-6.5,38.5,41.5,-270,220
401540029,2023,regular,4,2023-09-23 16:00:00+00:00,2598,St. Francis (PA),2529,Sacred Heart,Caesars Sportsbook (Colorado),-9.5,,41.5,,,
401540030,2023,regular,5,2023-09-30 17:00:00+00:00,2529,Sacred Heart,2771,Merrimack,William Hill (New Jersey),-2.5,,41.5,,,
401540031,2023,regular,7,2023-10-14 16:00:00+00:00,43,Yale,2529,Sacred Heart,William Hill (New Jersey),-22.5,,44,,,
401540036,2023,regular,7,2023-10-12 23:00:00+00:00,2598,St. Francis (PA),2681,Wagner,William Hill (New Jersey),-11,,50,,,
401540037,2023,regular,9,2023-10-28 17:00:00+00:00,2598,St. Francis (PA),2771,Merrimack,William Hill (New Jersey),-1.5,,48.5,,,
401540043,2023,regular,1,2023-09-02 22:00:00+00:00,2230,Fordham,2681,Wagner,Bovada,-28,-27,56.5,58,,
401540044,2023,regular,3,2023-09-16 17:00:00+00:00,2529,Sacred Heart,2681,Wagner,William Hill (New Jersey),-11.5,,39.5,,,
401540045,2023,regular,4,2023-09-23 20:00:00+00:00,2681,Wagner,2771,Merrimack,William Hill (New Jersey),11.5,,35,,,
401540048,2023,regular,4,2023-09-23 19:30:00+00:00,2083,Bucknell,219,Pennsylvania,Caesars Sportsbook (Colorado),12,,35.5,,,
401540049,2023,regular,5,2023-09-30 19:30:00+00:00,322,Lafayette,2083,Bucknell,Caesars Sportsbook (Colorado),-13,,40,,,
401540050,2023,regular,6,2023-10-07 17:00:00+00:00,2083,Bucknell,107,Holy Cross,William Hill (New Jersey),29,,64.5,,,
401540051,2023,regular,7,2023-10-14 17:00:00+00:00,172,Cornell,2083,Bucknell,William Hill (New Jersey),-11,,53.5,,,
401540052,2023,regular,8,2023-10-21 17:00:00+00:00,2083,Bucknell,2329,Lehigh,William Hill (New Jersey),-3,,47,,,
401540053,2023,regular,9,2023-10-28 17:00:00+00:00,2142,Colgate,2083,Bucknell,William Hill (New Jersey),-7.5,,50.5,,,
401540054,2023,regular,10,2023-11-04 17:00:00+00:00,2230,Fordham,2083,Bucknell,ESPN Bet,-18.5,,67.5,,,
401540055,2023,regular,11,2023-11-11 18:00:00+00:00,2083,Bucknell,46,Georgetown,ESPN Bet,2,,51.5,,,
401540057,2023,regular,1,2023-09-02 16:30:00+00:00,46,Georgetown,2368,Marist,Bovada,-7,-7.5,46,50,,
401540057,2023,regular,1,2023-09-02 16:30:00+00:00,46,Georgetown,2368,Marist,William Hill (New Jersey),-6.5,,47,,,
401540058,2023,regular,4,2023-09-23 16:30:00+00:00,171,Columbia,46,Georgetown,Caesars Sportsbook (Colorado),-6.5,,35,,,
401540060,2023,regular,6,2023-10-07 17:00:00+00:00,219,Pennsylvania,46,Georgetown,William Hill (New Jersey),-15.5,,41.5,,,
401540061,2023,regular,7,2023-10-14 16:00:00+00:00,2329,Lehigh,46,Georgetown,William Hill (New Jersey),3.5,,42.5,,,
401540062,2023,regular,8,2023-10-21 19:00:00+00:00,46,Georgetown,2142,Colgate,William Hill (New Jersey),-4,,44,,,
401540063,2023,regular,9,2023-10-28 16:30:00+00:00,46,Georgetown,322,Lafayette,William Hill (New Jersey),9.5,,45,,,
401540064,2023,regular,12,2023-11-18 17:00:00+00:00,107,Holy Cross,46,Georgetown,ESPN Bet,-21,,64.5,,,
401540066,2023,regular,3,2023-09-16 16:00:00+00:00,43,Yale,107,Holy Cross,William Hill (New Jersey),2.5,,50,,,
401540067,2023,regular,4,2023-09-23 18:00:00+00:00,107,Holy Cross,2142,Colgate,Caesars Sportsbook (Colorado),-31,,55,,,
401540069,2023,regular,8,2023-10-21 17:00:00+00:00,107,Holy Cross,322,Lafayette,William Hill (New Jersey),-14.5,,52,,,
401540070,2023,regular,9,2023-10-28 17:00:00+00:00,2230,Fordham,107,Holy Cross,William Hill (New Jersey),10,,71,,,
401540071,2023,regular,10,2023-11-04 16:00:00+00:00,2329,Lehigh,107,Holy Cross,ESPN Bet,22,,58.5,,,
401540072,2023,regular,3,2023-09-16 16:30:00+00:00,322,Lafayette,171,Columbia,William Hill (New Jersey),5.5,,40.5,,,
401540073,2023,regular,4,2023-09-23 19:30:00+00:00,322,Lafayette,2405,Monmouth,Caesars Sportsbook (Colorado),7,,43,,,
401540074,2023,regular,6,2023-10-07 17:00:00+00:00,163,Princeton,322,Lafayette,Caesars Sportsbook (Colorado),-5.5,,39.5,,,
401540075,2023,regular,10,2023-11-04 16:30:00+00:00,322,Lafayette,2142,Colgate,ESPN Bet,-15.5,,49.5,,,
401540076,2023,regular,11,2023-11-11 17:30:00+00:00,322,Lafayette,2230,Fordham,ESPN Bet,-2.5,,63.5,,,
401540077,2023,regular,12,2023-11-18 17:00:00+00:00,2329,Lehigh,322,Lafayette,ESPN Bet,10.5,,44.5,,,
401540078,2023,regular,1,2023-09-02 04:00:00+00:00,2329,Lehigh,222,Villanova,William Hill (New Jersey),19,,50.5,,,
401540080,2023,regular,3,2023-09-16 16:00:00+00:00,2329,Lehigh,172,Cornell,William Hill (New Jersey),3.5,,45.5,,,
401540081,2023,regular,4,2023-09-23 17:30:00+00:00,159,Dartmouth,2329,Lehigh,Caesars Sportsbook (Colorado),-17,,41,,,
401540082,2023,regular,5,2023-09-30 17:00:00+00:00,2405,Monmouth,2329,Lehigh,Caesars Sportsbook (Colorado),-15.5,,53,,,
401540083,2023,regular,6,2023-10-07 17:00:00+00:00,2230,Fordham,2329,Lehigh,William Hill (New Jersey),-20.5,,55.5,,,
401540084,2023,regular,11,2023-11-11 18:00:00+00:00,2142,Colgate,2329,Lehigh,ESPN Bet,-3.5,,51.5,,,
401540087,2023,regular,4,2023-09-21 23:30:00+00:00,2010,Alabama A&M,2029,Arkansas-Pine Bluff,William Hill (New Jersey),-9.5,,50.5,,,
401540089,2023,regular,6,2023-10-07 20:00:00+00:00,2010,Alabama A&M,2296,Jackson State,William Hill (New Jersey),10,,54.5,,,
401540099,2023,regular,1,2023-09-02 17:00:00+00:00,2287,Illinois State,2168,Dayton,Bovada,-19,-21.5,45,45,,
401540099,2023,regular,1,2023-09-02 17:00:00+00:00,2287,Illinois State,2168,Dayton,William Hill (New Jersey),-19,,46,,,
401540101,2023,regular,3,2023-09-16 19:00:00+00:00,2197,Eastern Illinois,2287,Illinois State,William Hill (New Jersey),11.5,,41.5,,,
401540102,2023,regular,4,2023-09-23 17:00:00+00:00,2287,Illinois State,2815,Lindenwood,Caesars Sportsbook (Colorado),-21,,55.5,,,
401540103,2023,regular,6,2023-10-07 23:00:00+00:00,2287,Illinois State,2571,South Dakota State,William Hill (New Jersey),21,,47,,,
401540104,2023,regular,7,2023-10-14 19:00:00+00:00,2287,Illinois State,282,Indiana State,William Hill (New Jersey),-15.5,,42.5,,,
401540105,2023,regular,8,2023-10-21 18:00:00+00:00,2754,Youngstown State,2287,Illinois State,William Hill (New Jersey),-8,,57,,,
401540106,2023,regular,9,2023-10-28 17:00:00+00:00,2287,Illinois State,2460,Northern Iowa,William Hill (New Jersey),1.5,,54.5,,,
401540107,2023,regular,10,2023-11-04 19:00:00+00:00,2623,Missouri State,2287,Illinois State,ESPN Bet,1.5,,57.5,,,
401540108,2023,regular,11,2023-11-11 17:00:00+00:00,2287,Illinois State,93,Murray State,ESPN Bet,-16.5,,54.5,,,
401540110,2023,regular,7,2023-10-14 19:00:00+00:00,2755,Grambling,2010,Alabama A&M,William Hill (New Jersey),-4.5,,57,,,
401540111,2023,regular,9,2023-10-28 19:30:00+00:00,2011,Alabama State,2010,Alabama A&M,William Hill (New Jersey),-2.5,,47.5,,,
401540112,2023,regular,10,2023-11-04 18:00:00+00:00,2010,Alabama A&M,50,Florida A&M,ESPN Bet,13.5,,50.5,,,
401540113,2023,regular,11,2023-11-11 18:00:00+00:00,2065,Bethune-Cookman,2010,Alabama A&M,ESPN Bet,3.5,,54.5,,,
401540114,2023,regular,12,2023-11-17 00:00:00+00:00,2010,Alabama A&M,2400,Mississippi Valley State,ESPN Bet,-14,,47.5,,,
401540115,2023,regular,1,2023-09-02 22:00:00+00:00,2011,Alabama State,2582,Southern,Bovada,2.5,6,42.5,42.5,200,-240
401540117,2023,regular,4,2023-09-23 22:00:00+00:00,50,Florida A&M,2011,Alabama State,William Hill (New Jersey),-17,,44,,,
401540118,2023,regular,5,2023-09-30 22:00:00+00:00,2011,Alabama State,2016,Alcorn State,William Hill (New Jersey),-2,,37.5,,,
401540119,2023,regular,6,2023-10-07 19:05:00+00:00,2011,Alabama State,2065,Bethune-Cookman,William Hill (New Jersey),-7,,41,,,
401540120,2023,regular,7,2023-10-14 19:00:00+00:00,2296,Jackson State,2011,Alabama State,William Hill (New Jersey),-11.5,,45,,,
401540121,2023,regular,10,2023-11-04 21:00:00+00:00,2011,Alabama State,2755,Grambling,ESPN Bet,-1.5,,46.5,,,
401540122,2023,regular,11,2023-11-11 20:00:00+00:00,2400,Mississippi Valley State,2011,Alabama State,ESPN Bet,14,,35.5,,,
401540123,2023,regular,12,2023-11-18 20:00:00+00:00,2504,Prairie View A&M,2011,Alabama State,ESPN Bet,6,,43.5,,,
401540126,2023,regular,4,2023-09-23 23:00:00+00:00,2016,Alcorn State,2504,Prairie View A&M,William Hill (New Jersey),-6.5,,50.5,,,
401540127,2023,regular,6,2023-10-07 19:30:00+00:00,2016,Alcorn State,2755,Grambling,William Hill (New Jersey),-1.5,,48,,,
401540128,2023,regular,8,2023-10-21 19:00:00+00:00,2029,Arkansas-Pine Bluff,2016,Alcorn State,William Hill (New Jersey),14,,45.5,,,
401540129,2023,regular,9,2023-10-28 19:00:00+00:00,2016,Alcorn State,2400,Mississippi Valley State,Caesars Sportsbook (Colorado),-19.5,,39.5,,,
401540130,2023,regular,10,2023-11-04 19:00:00+00:00,2016,Alcorn State,2582,Southern,ESPN Bet,-3,,37.5,,,
401540131,2023,regular,11,2023-11-12 20:00:00+00:00,2640,Texas Southern,2016,Alcorn State,ESPN Bet,5.5,,51.5,,,
401540136,2023,regular,7,2023-10-14 19:00:00+00:00,2400,Mississippi Valley State,2029,Arkansas-Pine Bluff,William Hill (New Jersey),2,,41.5,,,
401540137,2023,regular,9,2023-10-28 19:00:00+00:00,2029,Arkansas-Pine Bluff,2296,Jackson State,Caesars Sportsbook (Colorado),21,,50,,,
401540138,2023,regular,10,2023-11-04 19:00:00+00:00,2504,Prairie View A&M,2029,Arkansas-Pine Bluff,ESPN Bet,-12,,49.5,,,
401540139,2023,regular,11,2023-11-11 02:00:00+00:00,2029,Arkansas-Pine Bluff,2755,Grambling,ESPN Bet,15.5,,51.5,,,
401540140,2023,regular,12,2023-11-18 20:00:00+00:00,2640,Texas Southern,2029,Arkansas-Pine Bluff,ESPN Bet,-20,,52.5,,,
401540142,2023,regular,4,2023-09-23 23:00:00+00:00,2296,Jackson State,2065,Bethune-Cookman,William Hill (New Jersey),-20.5,,50.5,,,
401540143,2023,regular,7,2023-10-14 19:00:00+00:00,2065,Bethune-Cookman,2640,Texas Southern,William Hill (New Jersey),-3.5,,55,,,
401540144,2023,regular,8,2023-10-21 20:00:00+00:00,2065,Bethune-Cookman,2582,Southern,William Hill (New Jersey),7.5,,42.5,,,
401540145,2023,regular,9,2023-10-28 19:00:00+00:00,2755,Grambling,2065,Bethune-Cookman,Caesars Sportsbook (Colorado),-7,,54.5,,,
401540146,2023,regular,10,2023-11-02 23:30:00+00:00,2065,Bethune-Cookman,2400,Mississippi Valley State,ESPN Bet,-10.5,,40.5,,,
401540147,2023,regular,12,2023-11-18 20:30:00+00:00,50,Florida A&M,2065,Bethune-Cookman,ESPN Bet,16.5,,44.5,,,
401540148,2023,regular,1,2023-09-03 19:00:00+00:00,50,Florida A&M,2296,Jackson State,Bovada,3.5,4.5,47.5,49,160,-185
401540148,2023,regular,1,2023-09-03 19:00:00+00:00,50,Florida A&M,2296,Jackson State,William Hill (New Jersey),3.5,,45.5,,,
401540150,2023,regular,5,2023-09-30 23:00:00+00:00,2400,Mississippi Valley State,50,Florida A&M,William Hill (New Jersey),30.5,,45.5,,,
401540151,2023,regular,6,2023-10-07 23:00:00+00:00,2582,Southern,50,Florida A&M,William Hill (New Jersey),8,,38,,,
401540152,2023,regular,8,2023-10-22 00:00:00+00:00,2640,Texas Southern,50,Florida A&M,William Hill (New Jersey),17.5,,55.5,,,
401540153,2023,regular,9,2023-10-28 20:00:00+00:00,50,Florida A&M,2504,Prairie View A&M,William Hill (New Jersey),-20,,51,,,
401540157,2023,regular,4,2023-09-23 19:00:00+00:00,2755,Grambling,2640,Texas Southern,Caesars Sportsbook (Colorado),-3,,63.5,,,
401540158,2023,regular,5,2023-09-30 23:00:00+00:00,2504,Prairie View A&M,2755,Grambling,William Hill (New Jersey),2,,60.5,,,
401540159,2023,regular,13,2023-11-25 19:00:00+00:00,2755,Grambling,2582,Southern,ESPN Bet,-1.5,,49.5,,,
401540161,2023,regular,8,2023-10-21 19:00:00+00:00,2400,Mississippi Valley State,2296,Jackson State,William Hill (New Jersey),19.5,,48,,,
401540162,2023,regular,10,2023-11-04 19:00:00+00:00,2296,Jackson State,2640,Texas Southern,ESPN Bet,-15.5,,57.5,,,
401540165,2023,regular,6,2023-10-07 23:00:00+00:00,2504,Prairie View A&M,2400,Mississippi Valley State,William Hill (New Jersey),-18.5,,50.5,,,
401540168,2023,regular,7,2023-10-14 23:00:00+00:00,2277,Houston Christian,2504,Prairie View A&M,William Hill (New Jersey),2,,56,,,
401540169,2023,regular,11,2023-11-11 20:00:00+00:00,2582,Southern,2504,Prairie View A&M,ESPN Bet,-9.5,,49.5,,,
401540171,2023,regular,9,2023-10-28 21:00:00+00:00,2582,Southern,2640,Texas Southern,William Hill (New Jersey),-11,,50,,,
401540173,2023,regular,1,2023-09-02 23:00:00+00:00,79,Southern Illinois,2046,Austin Peay,Bovada,-7.5,-6,55,54,,
401540175,2023,regular,4,2023-09-23 23:00:00+00:00,2617,Stephen F. Austin,2046,Austin Peay,William Hill (New Jersey),1.5,,61.5,,,
401540177,2023,regular,7,2023-10-14 18:00:00+00:00,2046,Austin Peay,2241,Gardner-Webb,William Hill (New Jersey),-14,,54,,,
401540178,2023,regular,8,2023-10-22 00:00:00+00:00,253,Southern Utah,2046,Austin Peay,William Hill (New Jersey),8,,51.5,,,
401540179,2023,regular,9,2023-10-28 20:00:00+00:00,2046,Austin Peay,2453,North Alabama,William Hill (New Jersey),-21,,60.5,,,
401540182,2023,regular,12,2023-11-18 19:00:00+00:00,2046,Austin Peay,2110,Central Arkansas,ESPN Bet,-6,,61.5,,,
401540185,2023,regular,4,2023-09-23 23:00:00+00:00,2110,Central Arkansas,2000,Abilene Christian,William Hill (New Jersey),-7,,55.5,,,
401540186,2023,regular,5,2023-10-01 00:00:00+00:00,253,Southern Utah,2110,Central Arkansas,William Hill (New Jersey),8,,57.5,,,
401540187,2023,regular,6,2023-10-07 21:00:00+00:00,2110,Central Arkansas,2546,Southeast Missouri State,William Hill (New Jersey),-3.5,,65.5,,,
401540188,2023,regular,7,2023-10-14 21:00:00+00:00,2110,Central Arkansas,2617,Stephen F. Austin,William Hill (New Jersey),-7.5,,64.5,,,
401540189,2023,regular,9,2023-10-28 21:00:00+00:00,2110,Central Arkansas,2627,Tarleton State,William Hill (New Jersey),-11,,61,,,
401540190,2023,regular,10,2023-11-04 21:00:00+00:00,2453,North Alabama,2110,Central Arkansas,ESPN Bet,13.5,,59.5,,,
401540191,2023,regular,11,2023-11-11 22:00:00+00:00,2110,Central Arkansas,2198,Eastern Kentucky,ESPN Bet,-9.5,,62.5,,,
401540193,2023,regular,4,2023-09-23 22:00:00+00:00,2198,Eastern Kentucky,2546,Southeast Missouri State,William Hill (New Jersey),3.5,,61.5,,,
401540194,2023,regular,5,2023-09-30 23:00:00+00:00,2453,North Alabama,2198,Eastern Kentucky,William Hill (New Jersey),7,,62.5,,,
401540195,2023,regular,7,2023-10-14 19:00:00+00:00,2198,Eastern Kentucky,2627,Tarleton State,William Hill (New Jersey),-8,,64.5,,,
401540196,2023,regular,8,2023-10-21 22:00:00+00:00,2241,Gardner-Webb,2198,Eastern Kentucky,William Hill (New Jersey),4,,61.5,,,
401540198,2023,regular,12,2023-11-18 19:00:00+00:00,2198,Eastern Kentucky,2617,Stephen F. Austin,ESPN Bet,-7,,65.5,,,
401540199,2023,regular,1,2023-08-26 19:30:00+00:00,2382,Mercer,2453,North Alabama,William Hill (New Jersey),-23.5,,58.5,,,
401540200,2023,regular,1,2023-09-02 23:00:00+00:00,2453,North Alabama,236,Chattanooga,Bovada,19.5,21,52.5,53,,
401540203,2023,regular,4,2023-09-23 23:00:00+00:00,2453,North Alabama,2630,UT Martin,William Hill (New Jersey),12,,61.5,,,
401540204,2023,regular,7,2023-10-14 20:00:00+00:00,2000,Abilene Christian,2453,North Alabama,William Hill (New Jersey),-7.5,,58,,,
401540207,2023,regular,4,2023-09-24 00:00:00+00:00,253,Southern Utah,2710,Western Illinois,William Hill (New Jersey),-18.5,,58.5,,,
401540208,2023,regular,6,2023-10-07 23:00:00+00:00,2627,Tarleton State,253,Southern Utah,William Hill (New Jersey),1,,53.5,,,
401540209,2023,regular,9,2023-10-28 19:00:00+00:00,253,Southern Utah,2000,Abilene Christian,Caesars Sportsbook (Colorado),-3.5,,56,,,
401540211,2023,regular,11,2023-11-11 22:00:00+00:00,2617,Stephen F. Austin,253,Southern Utah,ESPN Bet,2,,60.5,,,
401540212,2023,regular,12,2023-11-19 00:00:00+00:00,3101,Utah Tech,253,Southern Utah,ESPN Bet,12,,62.5,,,
401540213,2023,regular,1,2023-09-03 00:00:00+00:00,2377,McNeese,2627,Tarleton State,Bovada,3.5,-1.5,54.5,54.5,,
401540215,2023,regular,5,2023-09-30 20:00:00+00:00,2545,SE Louisiana,2627,Tarleton State,William Hill (New Jersey),-3.5,,67.5,,,
401540216,2023,regular,8,2023-10-21 23:00:00+00:00,2627,Tarleton State,2413,Morehead State,William Hill (New Jersey),-22,,60.5,,,
401540217,2023,regular,10,2023-11-04 23:00:00+00:00,2627,Tarleton State,2617,Stephen F. Austin,ESPN Bet,-1,,60.5,,,
401540218,2023,regular,11,2023-11-11 20:00:00+00:00,2000,Abilene Christian,2627,Tarleton State,ESPN Bet,6,,54.5,,,
401540224,2023,regular,10,2023-11-04 19:00:00+00:00,2000,Abilene Christian,3101,Utah Tech,ESPN Bet,-9,,64.5,,,
401540227,2023,regular,4,2023-09-23 20:00:00+00:00,2502,Portland State,13,Cal Poly,William Hill (New Jersey),-10.5,,65.5,,,
401540228,2023,regular,5,2023-10-01 00:00:00+00:00,13,Cal Poly,302,UC Davis,William Hill (New Jersey),23,,58,,,
401540229,2023,regular,6,2023-10-08 00:00:00+00:00,13,Cal Poly,70,Idaho,William Hill (New Jersey),28,,56,,,
401540230,2023,regular,7,2023-10-15 00:00:00+00:00,147,Montana State,13,Cal Poly,William Hill (New Jersey),-39,,60.5,,,
401540231,2023,regular,8,2023-10-22 00:00:00+00:00,13,Cal Poly,2458,Northern Colorado,William Hill (New Jersey),2.5,,55,,,
401540232,2023,regular,10,2023-11-04 20:00:00+00:00,331,Eastern Washington,13,Cal Poly,ESPN Bet,-21.5,,62.5,,,
401540234,2023,regular,12,2023-11-19 01:00:00+00:00,13,Cal Poly,2692,Weber State,ESPN Bet,16.5,,53.5,,,
401540235,2023,regular,1,2023-09-02 19:30:00+00:00,2449,North Dakota State,331,Eastern Washington,Bovada,-23,-20.5,59,59,,
401540235,2023,regular,1,2023-09-02 19:30:00+00:00,2449,North Dakota State,331,Eastern Washington,William Hill (New Jersey),-24.5,,59,,,
401540237,2023,regular,4,2023-09-24 02:00:00+00:00,302,UC Davis,331,Eastern Washington,William Hill (New Jersey),-7,,62.5,,,
401540238,2023,regular,5,2023-09-30 20:00:00+00:00,331,Eastern Washington,70,Idaho,William Hill (New Jersey),7.5,,63,,,
401540239,2023,regular,7,2023-10-14 22:00:00+00:00,304,Idaho State,331,Eastern Washington,William Hill (New Jersey),12.5,,69,,,
401540240,2023,regular,8,2023-10-21 23:00:00+00:00,331,Eastern Washington,2692,Weber State,William Hill (New Jersey),-5,,57,,,
401540241,2023,regular,9,2023-10-28 20:00:00+00:00,2502,Portland State,331,Eastern Washington,William Hill (New Jersey),2.5,,68.5,,,
401540242,2023,regular,11,2023-11-11 20:00:00+00:00,147,Montana State,331,Eastern Washington,ESPN Bet,-19.5,,65.5,,,
401540243,2023,regular,12,2023-11-18 21:00:00+00:00,331,Eastern Washington,2464,Northern Arizona,ESPN Bet,-3.5,,64.5,,,
401540244,2023,regular,1,2023-08-31 04:00:00+00:00,2320,Lamar,70,Idaho,William Hill (New Jersey),25.5,,55.5,,,
401540245,2023,regular,4,2023-09-23 20:00:00+00:00,70,Idaho,16,Sacramento State,William Hill (New Jersey),-2.5,,57.5,,,
401540246,2023,regular,7,2023-10-15 02:30:00+00:00,70,Idaho,149,Montana,William Hill (New Jersey),-13,,53,,,
401540247,2023,regular,9,2023-10-28 20:00:00+00:00,70,Idaho,147,Montana State,William Hill (New Jersey),6,,60,,,
401540248,2023,regular,10,2023-11-04 19:00:00+00:00,2458,Northern Colorado,70,Idaho,ESPN Bet,27.5,,52.5,,,
401540249,2023,regular,11,2023-11-11 20:00:00+00:00,2692,Weber State,70,Idaho,ESPN Bet,10.5,,50.5,,,
401540250,2023,regular,12,2023-11-19 00:00:00+00:00,70,Idaho,304,Idaho State,ESPN Bet,-22,,60.5,,,
401540252,2023,regular,4,2023-09-23 22:00:00+00:00,304,Idaho State,2458,Northern Colorado,William Hill (New Jersey),-6.5,,67,,,
401540253,2023,regular,5,2023-09-30 20:00:00+00:00,149,Montana,304,Idaho State,William Hill (New Jersey),-21,,56.5,,,
401540254,2023,regular,8,2023-10-21 20:00:00+00:00,2502,Portland State,304,Idaho State,William Hill (New Jersey),-12,,68.5,,,
401540255,2023,regular,9,2023-10-29 01:00:00+00:00,16,Sacramento State,304,Idaho State,William Hill (New Jersey),-16.5,,63.5,,,
401540256,2023,regular,10,2023-11-04 22:00:00+00:00,304,Idaho State,2692,Weber State,ESPN Bet,8,,56.5,,,
401540257,2023,regular,11,2023-11-11 23:00:00+00:00,304,Idaho State,302,UC Davis,ESPN Bet,11.5,,58.5,,,
401540260,2023,regular,4,2023-09-23 20:00:00+00:00,2464,Northern Arizona,149,Montana,William Hill (New Jersey),17,,52.5,,,
401540261,2023,regular,6,2023-10-07 23:00:00+00:00,302,UC Davis,149,Montana,William Hill (New Jersey),-7.5,,50.5,,,
401540262,2023,regular,9,2023-10-28 19:00:00+00:00,149,Montana,2458,Northern Colorado,Caesars Sportsbook (Colorado),-23.5,,46.5,,,
401540263,2023,regular,10,2023-11-05 00:00:00+00:00,149,Montana,16,Sacramento State,ESPN Bet,-2.5,,53.5,,,
401540264,2023,regular,11,2023-11-12 02:00:00+00:00,2502,Portland State,149,Montana,ESPN Bet,10.5,,58.5,,,
401540265,2023,regular,12,2023-11-18 19:00:00+00:00,149,Montana,147,Montana State,ESPN Bet,6.5,,52.5,,,
401540267,2023,regular,3,2023-09-16 19:00:00+00:00,147,Montana State,56,Stetson,William Hill (New Jersey),-45.5,,59.5,,,
401540268,2023,regular,4,2023-09-24 00:00:00+00:00,2692,Weber State,147,Montana State,William Hill (New Jersey),7,,54.5,,,
401540269,2023,regular,5,2023-09-30 20:00:00+00:00,147,Montana State,2502,Portland State,William Hill (New Jersey),-24.5,,65.5,,,
401540270,2023,regular,8,2023-10-22 02:30:00+00:00,16,Sacramento State,147,Montana State,William Hill (New Jersey),10,,59,,,
401540273,2023,regular,5,2023-10-01 01:00:00+00:00,16,Sacramento State,2464,Northern Arizona,William Hill (New Jersey),-20,,59.5,,,
401540274,2023,regular,6,2023-10-08 00:00:00+00:00,2692,Weber State,2464,Northern Arizona,William Hill (New Jersey),-8.5,,50.5,,,
401540275,2023,regular,7,2023-10-14 20:00:00+00:00,2464,Northern Arizona,2502,Portland State,William Hill (New Jersey),-7,,57.5,,,
401540276,2023,regular,9,2023-10-28 20:00:00+00:00,2464,Northern Arizona,302,UC Davis,William Hill (New Jersey),3,,54,,,
401540278,2023,regular,1,2023-09-01 00:00:00+00:00,2000,Abilene Christian,2458,Northern Colorado,William Hill (New Jersey),-13.5,,51.5,,,
401540280,2023,regular,5,2023-09-30 19:00:00+00:00,2458,Northern Colorado,2692,Weber State,Caesars Sportsbook (Colorado),22.5,,50.5,,,
401540281,2023,regular,7,2023-10-14 19:00:00+00:00,2458,Northern Colorado,16,Sacramento State,William Hill (New Jersey),24,,58,,,
401540282,2023,regular,12,2023-11-18 19:00:00+00:00,2458,Northern Colorado,2502,Portland State,ESPN Bet,11.5,,55.5,,,
401540284,2023,regular,10,2023-11-04 23:00:00+00:00,302,UC Davis,2502,Portland State,ESPN Bet,-6.5,,60.5,,,
401540285,2023,regular,1,2023-09-02 04:00:00+00:00,2447,Nicholls,16,Sacramento State,William Hill (New Jersey),23.5,,54.5,,,
401540286,2023,regular,2,2023-09-10 02:00:00+00:00,16,Sacramento State,2837,East Texas A&M,Bovada,-34.5,-34.5,,,,
401540287,2023,regular,12,2023-11-18 20:00:00+00:00,302,UC Davis,16,Sacramento State,ESPN Bet,-2,,53.5,,,
401540289,2023,regular,7,2023-10-15 00:00:00+00:00,2692,Weber State,302,UC Davis,William Hill (New Jersey),2,,46.5,,,
401540291,2023,regular,4,2023-09-22 23:00:00+00:00,108,Harvard,225,Brown,Bovada,-16.5,-18.5,54.5,56.5,,
401540291,2023,regular,4,2023-09-22 23:00:00+00:00,108,Harvard,225,Brown,Caesars Sportsbook (Colorado),-14.5,,54.5,,,
401540292,2023,regular,6,2023-10-07 16:00:00+00:00,225,Brown,227,Rhode Island,William Hill (New Jersey),10,,63.5,,,
401540293,2023,regular,7,2023-10-14 16:00:00+00:00,225,Brown,163,Princeton,Caesars Sportsbook (Colorado),3,,51,,,
401540294,2023,regular,8,2023-10-21 17:00:00+00:00,172,Cornell,225,Brown,William Hill (New Jersey),5.5,,57,,,
401540295,2023,regular,9,2023-10-27 23:00:00+00:00,219,Pennsylvania,225,Brown,William Hill (New Jersey),-10,,57,,,
401540296,2023,regular,10,2023-11-04 16:00:00+00:00,225,Brown,43,Yale,ESPN Bet,5.5,,61.5,,,
401540297,2023,regular,11,2023-11-11 17:30:00+00:00,171,Columbia,225,Brown,ESPN Bet,-2,,46.5,,,
401540300,2023,regular,5,2023-09-30 23:00:00+00:00,93,Murray State,282,Indiana State,William Hill (New Jersey),2,,45.5,,,
401540301,2023,regular,6,2023-10-07 23:00:00+00:00,282,Indiana State,2460,Northern Iowa,William Hill (New Jersey),17.5,,50,,,
401540302,2023,regular,8,2023-10-21 17:00:00+00:00,282,Indiana State,233,South Dakota,William Hill (New Jersey),20,,43,,,
401540303,2023,regular,9,2023-10-28 18:00:00+00:00,155,North Dakota,282,Indiana State,William Hill (New Jersey),-26,,52.5,,,
401540304,2023,regular,10,2023-11-04 17:00:00+00:00,282,Indiana State,2754,Youngstown State,ESPN Bet,19.5,,59.5,,,
401540305,2023,regular,11,2023-11-11 18:00:00+00:00,282,Indiana State,2710,Western Illinois,ESPN Bet,-14.5,,49.5,,,
401540306,2023,regular,12,2023-11-18 19:00:00+00:00,79,Southern Illinois,282,Indiana State,ESPN Bet,-24,,37.5,,,
401540307,2023,regular,4,2023-09-23 16:00:00+00:00,43,Yale,172,Cornell,Caesars Sportsbook (Colorado),-14.5,,46,,,
401540309,2023,regular,6,2023-10-06 23:00:00+00:00,108,Harvard,172,Cornell,William Hill (New Jersey),-12.5,,48,,,
401540310,2023,regular,2,2023-09-09 21:00:00+00:00,2460,Northern Iowa,2692,Weber State,William Hill (New Jersey),-7.5,,50.5,,,
401540311,2023,regular,1,2023-08-31 23:00:00+00:00,2097,Campbell,2729,William & Mary,William Hill (New Jersey),17.5,,54.5,,,
401540313,2023,regular,3,2023-09-16 17:00:00+00:00,2405,Monmouth,2097,Campbell,Caesars Sportsbook (Colorado),-3,,61.5,,,
401540314,2023,regular,4,2023-09-23 22:00:00+00:00,2097,Campbell,2210,Elon,William Hill (New Jersey),-4.5,,57.5,,,
401540315,2023,regular,6,2023-10-07 18:00:00+00:00,2261,Hampton,2097,Campbell,William Hill (New Jersey),7.5,,64,,,
401540316,2023,regular,8,2023-10-21 20:00:00+00:00,2097,Campbell,311,Maine,William Hill (New Jersey),-13,,61,,,
401540317,2023,regular,9,2023-10-28 19:30:00+00:00,257,Richmond,2097,Campbell,William Hill (New Jersey),-2,,58.5,,,
401540318,2023,regular,11,2023-11-11 18:00:00+00:00,2097,Campbell,48,Delaware,ESPN Bet,11.5,,61.5,,,
401540319,2023,regular,12,2023-11-18 18:00:00+00:00,2448,North Carolina A&T,2097,Campbell,ESPN Bet,3,,53.5,,,
401540323,2023,regular,1,2023-08-31 23:00:00+00:00,2619,Stony Brook,48,Delaware,William Hill (New Jersey),15,,45.5,,,
401540324,2023,regular,4,2023-09-23 22:00:00+00:00,48,Delaware,160,New Hampshire,William Hill (New Jersey),2.5,,47.5,,,
401540325,2023,regular,7,2023-10-14 19:00:00+00:00,48,Delaware,2448,North Carolina A&T,William Hill (New Jersey),-21,,47.5,,,
401540326,2023,regular,8,2023-10-21 18:00:00+00:00,2261,Hampton,48,Delaware,William Hill (New Jersey),14,,52,,,
401540327,2023,regular,9,2023-10-28 17:00:00+00:00,119,Towson,48,Delaware,William Hill (New Jersey),9.5,,52.5,,,
401540328,2023,regular,10,2023-11-04 17:00:00+00:00,48,Delaware,2210,Elon,ESPN Bet,-14.5,,47.5,,,
401540329,2023,regular,12,2023-11-18 18:00:00+00:00,48,Delaware,222,Villanova,ESPN Bet,-1.5,,47.5,,,
401540330,2023,regular,9,2023-10-28 17:00:00+00:00,172,Cornell,163,Princeton,Caesars Sportsbook (Colorado),5.5,,41,,,
401540331,2023,regular,10,2023-11-04 17:00:00+00:00,219,Pennsylvania,172,Cornell,ESPN Bet,-10.5,,44.5,,,
401540332,2023,regular,11,2023-11-11 18:30:00+00:00,159,Dartmouth,172,Cornell,ESPN Bet,-7.5,,43.5,,,
401540333,2023,regular,12,2023-11-18 18:00:00+00:00,172,Cornell,171,Columbia,ESPN Bet,-2,,32.5,,,
401540335,2023,regular,5,2023-09-30 17:00:00+00:00,219,Pennsylvania,159,Dartmouth,William Hill (New Jersey),-2,,38.5,,,
401540336,2023,regular,6,2023-10-07 17:30:00+00:00,159,Dartmouth,43,Yale,William Hill (New Jersey),4.5,,42,,,
401540337,2023,regular,7,2023-10-14 17:00:00+00:00,2142,Colgate,159,Dartmouth,William Hill (New Jersey),10.5,,44.5,,,
401540338,2023,regular,8,2023-10-21 17:30:00+00:00,159,Dartmouth,171,Columbia,William Hill (New Jersey),-6,,33.5,,,
401540339,2023,regular,9,2023-10-28 20:00:00+00:00,108,Harvard,159,Dartmouth,William Hill (New Jersey),-8.5,,45.5,,,
401540340,2023,regular,10,2023-11-03 23:00:00+00:00,159,Dartmouth,163,Princeton,ESPN Bet,2.5,,33.5,,,
401540342,2023,regular,8,2023-10-21 17:00:00+00:00,163,Princeton,108,Harvard,Caesars Sportsbook (Colorado),8,,38,,,
401540343,2023,regular,10,2023-11-04 16:30:00+00:00,171,Columbia,108,Harvard,ESPN Bet,13.5,,40.5,,,
401540344,2023,regular,11,2023-11-11 18:00:00+00:00,108,Harvard,219,Pennsylvania,ESPN Bet,-7,,50.5,,,
401540345,2023,regular,12,2023-11-18 17:00:00+00:00,43,Yale,108,Harvard,ESPN Bet,-3,,54.5,,,
401540348,2023,regular,6,2023-10-07 19:00:00+00:00,2623,Missouri State,2449,North Dakota State,William Hill (New Jersey),15.5,,56,,,
401540349,2023,regular,7,2023-10-14 20:00:00+00:00,2710,Western Illinois,2623,Missouri State,William Hill (New Jersey),17,,56,,,
401540350,2023,regular,8,2023-10-21 19:00:00+00:00,2623,Missouri State,93,Murray State,William Hill (New Jersey),-19,,55,,,
401540351,2023,regular,9,2023-10-28 18:00:00+00:00,2754,Youngstown State,2623,Missouri State,William Hill (New Jersey),-10,,64.5,,,
401540352,2023,regular,11,2023-11-11 20:00:00+00:00,2623,Missouri State,2460,Northern Iowa,ESPN Bet,6.5,,56.5,,,
401540356,2023,regular,4,2023-09-23 23:00:00+00:00,2545,SE Louisiana,2277,Houston Christian,William Hill (New Jersey),-28.5,,64.5,,,
401540357,2023,regular,5,2023-09-30 23:00:00+00:00,2277,Houston Christian,2320,Lamar,William Hill (New Jersey),-2.5,,55.5,,,
401540358,2023,regular,6,2023-10-07 20:00:00+00:00,2447,Nicholls,2277,Houston Christian,William Hill (New Jersey),-14.5,,55,,,
401540363,2023,regular,1,2023-09-02 23:00:00+00:00,93,Murray State,2506,Presbyterian,Bovada,-28.5,-25.5,54.5,54.5,,
401540364,2023,regular,6,2023-10-07 19:00:00+00:00,233,South Dakota,93,Murray State,William Hill (New Jersey),-20,,45.5,,,
401540365,2023,regular,7,2023-10-14 19:00:00+00:00,93,Murray State,79,Southern Illinois,William Hill (New Jersey),21,,47.5,,,
401540366,2023,regular,9,2023-10-28 19:30:00+00:00,2449,North Dakota State,93,Murray State,William Hill (New Jersey),-32.5,,54.5,,,
401540367,2023,regular,10,2023-11-04 18:00:00+00:00,93,Murray State,155,North Dakota,ESPN Bet,19.5,,56.5,,,
401540369,2023,regular,1,2023-09-02 20:00:00+00:00,155,North Dakota,2181,Drake,Bovada,-34.5,-34.5,50.5,50.5,,
401540370,2023,regular,5,2023-09-30 19:00:00+00:00,2571,South Dakota State,155,North Dakota,Caesars Sportsbook (Colorado),-18.5,,54.5,,,
401540371,2023,regular,6,2023-10-07 18:00:00+00:00,155,North Dakota,2710,Western Illinois,William Hill (New Jersey),-27,,64,,,
401540372,2023,regular,7,2023-10-14 18:00:00+00:00,155,North Dakota,2449,North Dakota State,William Hill (New Jersey),7,,58,,,
401540373,2023,regular,8,2023-10-21 21:00:00+00:00,2460,Northern Iowa,155,North Dakota,William Hill (New Jersey),4.5,,59,,,
401540374,2023,regular,11,2023-11-11 18:00:00+00:00,233,South Dakota,155,North Dakota,ESPN Bet,-2,,50.5,,,
401540375,2023,regular,3,2023-09-16 18:00:00+00:00,233,South Dakota,2320,Lamar,William Hill (New Jersey),-24,,48,,,
401540377,2023,regular,6,2023-10-07 20:00:00+00:00,2320,Lamar,2466,Northwestern State,William Hill (New Jersey),-3,,46,,,
401540378,2023,regular,7,2023-10-14 20:00:00+00:00,2545,SE Louisiana,2320,Lamar,William Hill (New Jersey),-15,,47.5,,,
401540379,2023,regular,9,2023-10-28 20:00:00+00:00,2320,Lamar,2916,Incarnate Word,William Hill (New Jersey),15,,51,,,
401540380,2023,regular,10,2023-11-04 20:00:00+00:00,2320,Lamar,2837,East Texas A&M,ESPN Bet,-3.5,,38.5,,,
401540381,2023,regular,11,2023-11-11 21:00:00+00:00,2447,Nicholls,2320,Lamar,ESPN Bet,-14.5,,49.5,,,
401540382,2023,regular,12,2023-11-18 21:00:00+00:00,2320,Lamar,2377,McNeese,ESPN Bet,-10,,50.5,,,
401540383,2023,regular,2,2023-09-09 19:30:00+00:00,2449,North Dakota State,311,Maine,Caesars Sportsbook (Colorado),-35.5,,50.5,,,
401540385,2023,regular,8,2023-10-21 19:30:00+00:00,2449,North Dakota State,2710,Western Illinois,William Hill (New Jersey),-36.5,,60.5,,,
401540386,2023,regular,10,2023-11-04 19:00:00+00:00,2571,South Dakota State,2449,North Dakota State,ESPN Bet,-14,,51.5,,,
401540387,2023,regular,11,2023-11-11 20:30:00+00:00,2449,North Dakota State,79,Southern Illinois,ESPN Bet,-8,,46.5,,,
401540388,2023,regular,12,2023-11-18 22:00:00+00:00,2460,Northern Iowa,2449,North Dakota State,ESPN Bet,8.5,,50.5,,,
401540390,2023,regular,4,2023-09-23 19:00:00+00:00,2197,Eastern Illinois,2377,McNeese,Caesars Sportsbook (Colorado),-12,,47.5,,,
401540391,2023,regular,5,2023-10-01 00:00:00+00:00,2377,McNeese,2447,Nicholls,William Hill (New Jersey),7,,53.5,,,
401540393,2023,regular,8,2023-10-22 00:00:00+00:00,2377,McNeese,2916,Incarnate Word,William Hill (New Jersey),22,,56.5,,,
401540395,2023,regular,10,2023-11-04 20:00:00+00:00,2545,SE Louisiana,2377,McNeese,ESPN Bet,-15,,57.5,,,
401540398,2023,regular,3,2023-09-16 17:00:00+00:00,2368,Marist,2166,Davidson,William Hill (New Jersey),8,,51,,,
401540400,2023,regular,5,2023-09-30 16:00:00+00:00,2166,Davidson,301,San Diego,William Hill (New Jersey),-6,,49,,,
401540401,2023,regular,7,2023-10-14 17:00:00+00:00,2086,Butler,2166,Davidson,William Hill (New Jersey),4,,51.5,,,
401540402,2023,regular,8,2023-10-21 17:00:00+00:00,2166,Davidson,2674,Valparaiso,William Hill (New Jersey),-15.5,,56.5,,,
401540403,2023,regular,9,2023-10-28 23:00:00+00:00,2166,Davidson,2506,Presbyterian,William Hill (New Jersey),-20.5,,60.5,,,
401540404,2023,regular,10,2023-11-04 17:00:00+00:00,56,Stetson,2166,Davidson,ESPN Bet,16.5,,64.5,,,
401540405,2023,regular,11,2023-11-11 18:00:00+00:00,2413,Morehead State,2166,Davidson,ESPN Bet,14,,64.5,,,
401540408,2023,regular,7,2023-10-14 19:00:00+00:00,2571,South Dakota State,2460,Northern Iowa,William Hill (New Jersey),-24,,54.5,,,
401540413,2023,regular,7,2023-10-14 17:00:00+00:00,222,Villanova,2210,Elon,William Hill (New Jersey),-7.5,,45,,,
401540414,2023,regular,8,2023-10-21 18:00:00+00:00,2210,Elon,2405,Monmouth,Caesars Sportsbook (Colorado),3,,52,,,
401540415,2023,regular,11,2023-11-11 19:00:00+00:00,257,Richmond,2210,Elon,ESPN Bet,-3,,45.5,,,
401540416,2023,regular,12,2023-11-18 18:00:00+00:00,2210,Elon,2261,Hampton,ESPN Bet,-14.5,,54.5,,,
401540418,2023,regular,7,2023-10-14 17:00:00+00:00,2405,Monmouth,2261,Hampton,Caesars Sportsbook (Colorado),-8.5,,57,,,
401540419,2023,regular,9,2023-10-28 18:00:00+00:00,2261,Hampton,2448,North Carolina A&T,William Hill (New Jersey),-4,,44,,,
401540421,2023,regular,11,2023-11-11 18:00:00+00:00,2261,Hampton,2729,William & Mary,ESPN Bet,11.5,,51.5,,,
401540422,2023,regular,4,2023-09-23 16:00:00+00:00,163,Princeton,2803,Bryant,Caesars Sportsbook (Colorado),-10.5,,38,,,
401540423,2023,regular,5,2023-09-30 17:00:00+00:00,227,Rhode Island,2803,Bryant,William Hill (New Jersey),-11.5,,56.5,,,
401540424,2023,regular,7,2023-10-14 20:00:00+00:00,2803,Bryant,2523,Robert Morris,William Hill (New Jersey),-10.5,,51,,,
401540425,2023,regular,8,2023-10-21 19:00:00+00:00,2197,Eastern Illinois,2803,Bryant,William Hill (New Jersey),-4,,46,,,
401540426,2023,regular,9,2023-10-28 20:00:00+00:00,2127,Charleston Southern,2803,Bryant,William Hill (New Jersey),1.5,,46.5,,,
401540427,2023,regular,10,2023-11-04 17:00:00+00:00,2803,Bryant,2241,Gardner-Webb,ESPN Bet,2,,56.5,,,
401540428,2023,regular,11,2023-11-11 19:00:00+00:00,2815,Lindenwood,2803,Bryant,ESPN Bet,10,,61.5,,,
401540429,2023,regular,12,2023-11-18 18:00:00+00:00,2803,Bryant,2546,Southeast Missouri State,ESPN Bet,-1,,58.5,,,
401540430,2023,regular,5,2023-09-30 23:00:00+00:00,2466,Northwestern State,2197,Eastern Illinois,William Hill (New Jersey),6.5,,49.5,,,
401540432,2023,regular,8,2023-10-20 00:00:00+00:00,2466,Northwestern State,2545,SE Louisiana,Bovada,12.5,12,51,51,,
401540432,2023,regular,8,2023-10-20 00:00:00+00:00,2466,Northwestern State,2545,SE Louisiana,William Hill (New Jersey),12.5,,52,,,
401540435,2023,regular,6,2023-10-07 21:00:00+00:00,2916,Incarnate Word,2545,SE Louisiana,William Hill (New Jersey),-19.5,,61,,,
401540436,2023,regular,11,2023-11-11 21:30:00+00:00,2837,East Texas A&M,2545,SE Louisiana,ESPN Bet,10,,52.5,,,
401540437,2023,regular,12,2023-11-17 00:00:00+00:00,2545,SE Louisiana,2447,Nicholls,ESPN Bet,-2.5,,58.5,,,
401540442,2023,regular,7,2023-10-14 18:00:00+00:00,233,South Dakota,2754,Youngstown State,William Hill (New Jersey),-1,,46,,,
401540443,2023,regular,9,2023-10-28 18:00:00+00:00,233,South Dakota,2571,South Dakota State,William Hill (New Jersey),14.5,,47,,,
401540444,2023,regular,10,2023-11-04 18:00:00+00:00,79,Southern Illinois,233,South Dakota,ESPN Bet,-8,,41.5,,,
401540447,2023,regular,6,2023-10-07 22:00:00+00:00,2754,Youngstown State,79,Southern Illinois,William Hill (New Jersey),4,,57,,,
401540448,2023,regular,8,2023-10-21 19:00:00+00:00,79,Southern Illinois,2571,South Dakota State,William Hill (New Jersey),14,,47.5,,,
401540449,2023,regular,9,2023-10-28 20:00:00+00:00,2710,Western Illinois,79,Southern Illinois,William Hill (New Jersey),28,,51.5,,,
401540451,2023,regular,1,2023-08-31 23:30:00+00:00,2754,Youngstown State,2674,Valparaiso,William Hill (New Jersey),-36,,51.5,,,
401540452,2023,regular,3,2023-09-16 18:00:00+00:00,2754,Youngstown State,2523,Robert Morris,William Hill (New Jersey),-28.5,,50.5,,,
401540453,2023,regular,11,2023-11-11 17:00:00+00:00,2754,Youngstown State,2571,South Dakota State,ESPN Bet,16,,57.5,,,
401540455,2023,regular,4,2023-09-23 17:00:00+00:00,2674,Valparaiso,2368,Marist,Caesars Sportsbook (Colorado),-9,,53,,,
401540457,2023,regular,6,2023-10-07 18:00:00+00:00,2181,Drake,2674,Valparaiso,William Hill (New Jersey),-4.5,,47,,,
401540458,2023,regular,7,2023-10-14 18:00:00+00:00,2674,Valparaiso,2413,Morehead State,William Hill (New Jersey),1.5,,46,,,
401540459,2023,regular,9,2023-10-28 17:00:00+00:00,2086,Butler,2674,Valparaiso,William Hill (New Jersey),-13,,47.5,,,
401540460,2023,regular,10,2023-11-04 18:00:00+00:00,2674,Valparaiso,2168,Dayton,ESPN Bet,-3,,45.5,,,
401540467,2023,regular,4,2023-09-23 21:00:00+00:00,301,San Diego,2168,Dayton,William Hill (New Jersey),-3.5,,47.5,,,
401540468,2023,regular,5,2023-09-30 17:00:00+00:00,2168,Dayton,2900,St. Thomas (MN),William Hill (New Jersey),4,,54.5,,,
401540469,2023,regular,6,2023-10-07 17:00:00+00:00,2413,Morehead State,2168,Dayton,William Hill (New Jersey),4,,54.5,,,
401540472,2023,regular,4,2023-09-23 18:30:00+00:00,2717,Western Carolina,2127,Charleston Southern,Caesars Sportsbook (Colorado),-22,,48,,,
401540474,2023,regular,7,2023-10-14 20:00:00+00:00,2127,Charleston Southern,2815,Lindenwood,William Hill (New Jersey),-2.5,,,,,
401540475,2023,regular,8,2023-10-21 19:00:00+00:00,2630,UT Martin,2127,Charleston Southern,William Hill (New Jersey),-20,,53.5,,,
401540476,2023,regular,10,2023-11-04 20:00:00+00:00,2127,Charleston Southern,2634,Tennessee State,ESPN Bet,8,,42.5,,,
401540477,2023,regular,11,2023-11-11 17:00:00+00:00,2523,Robert Morris,2127,Charleston Southern,ESPN Bet,2,,44.5,,,
401540478,2023,regular,12,2023-11-18 18:00:00+00:00,2241,Gardner-Webb,2127,Charleston Southern,ESPN Bet,-14,,50.5,,,
401540479,2023,regular,6,2023-10-07 19:00:00+00:00,2197,Eastern Illinois,2630,UT Martin,William Hill (New Jersey),14,,50.5,,,
401540480,2023,regular,7,2023-10-14 19:00:00+00:00,2546,Southeast Missouri State,2197,Eastern Illinois,William Hill (New Jersey),-12,,49.5,,,
401540481,2023,regular,10,2023-11-04 19:00:00+00:00,2815,Lindenwood,2197,Eastern Illinois,ESPN Bet,10,,52.5,,,
401540482,2023,regular,11,2023-11-11 18:00:00+00:00,2197,Eastern Illinois,2634,Tennessee State,ESPN Bet,-4,,45.5,,,
401540483,2023,regular,12,2023-11-18 17:00:00+00:00,2523,Robert Morris,2197,Eastern Illinois,ESPN Bet,10.5,,43.5,,,
401540485,2023,regular,6,2023-10-07 20:00:00+00:00,2241,Gardner-Webb,2523,Robert Morris,William Hill (New Jersey),-21,,52,,,
401540486,2023,regular,9,2023-10-28 17:30:00+00:00,2241,Gardner-Webb,2630,UT Martin,William Hill (New Jersey),6,,51.5,,,
401540488,2023,regular,3,2023-09-16 19:30:00+00:00,311,Maine,227,Rhode Island,Caesars Sportsbook (Colorado),11,,53,,,
401540489,2023,regular,4,2023-09-23 19:30:00+00:00,2729,William & Mary,311,Maine,Caesars Sportsbook (Colorado),-17.5,,35.5,,,
401540490,2023,regular,5,2023-09-30 19:30:00+00:00,311,Maine,2619,Stony Brook,Caesars Sportsbook (Colorado),-6,,40.5,,,
401540491,2023,regular,6,2023-10-07 19:30:00+00:00,257,Richmond,311,Maine,William Hill (New Jersey),-3.5,,45,,,
401540492,2023,regular,9,2023-10-28 17:00:00+00:00,311,Maine,399,UAlbany,William Hill (New Jersey),11,,48.5,,,
401540493,2023,regular,12,2023-11-18 18:00:00+00:00,160,New Hampshire,311,Maine,ESPN Bet,-18,,71.5,,,
401540495,2023,regular,6,2023-10-07 18:00:00+00:00,2815,Lindenwood,2635,Tennessee Tech,William Hill (New Jersey),2.5,,55,,,
401540496,2023,regular,9,2023-10-28 19:00:00+00:00,2634,Tennessee State,2815,Lindenwood,Caesars Sportsbook (Colorado),-11.5,,54,,,
401540497,2023,regular,9,2023-10-28 16:00:00+00:00,2523,Robert Morris,2635,Tennessee Tech,William Hill (New Jersey),0,,42.5,,,
401540500,2023,regular,8,2023-10-21 18:30:00+00:00,2635,Tennessee Tech,2546,Southeast Missouri State,William Hill (New Jersey),17.5,,49,,,
401540501,2023,regular,9,2023-10-28 19:00:00+00:00,2447,Nicholls,2546,Southeast Missouri State,Caesars Sportsbook (Colorado),3.5,,49,,,
401540502,2023,regular,11,2023-11-11 20:00:00+00:00,2630,UT Martin,2546,Southeast Missouri State,ESPN Bet,-3,,61.5,,,
401540504,2023,regular,9,2023-10-28 17:00:00+00:00,2729,William & Mary,2405,Monmouth,Caesars Sportsbook (Colorado),-2.5,,52.5,,,
401540505,2023,regular,10,2023-11-04 17:00:00+00:00,2405,Monmouth,2619,Stony Brook,ESPN Bet,-24.5,,56.5,,,
401540506,2023,regular,11,2023-11-11 17:00:00+00:00,2405,Monmouth,160,New Hampshire,ESPN Bet,-3.5,,70.5,,,
401540507,2023,regular,12,2023-11-18 18:00:00+00:00,399,UAlbany,2405,Monmouth,ESPN Bet,-3.5,,56.5,,,
401540508,2023,regular,1,2023-09-02 17:00:00+00:00,284,Stonehill,160,New Hampshire,Bovada,21,21,53,53,,
401540509,2023,regular,5,2023-09-30 19:00:00+00:00,160,New Hampshire,119,Towson,Caesars Sportsbook (Colorado),-20,,55,,,
401540510,2023,regular,7,2023-10-14 17:00:00+00:00,2168,Dayton,2506,Presbyterian,William Hill (New Jersey),-8,,51,,,
401540511,2023,regular,8,2023-10-21 17:00:00+00:00,2168,Dayton,2086,Butler,William Hill (New Jersey),7,,48.5,,,
401540512,2023,regular,11,2023-11-11 18:00:00+00:00,2168,Dayton,2368,Marist,ESPN Bet,-1.5,,45.5,,,
401540515,2023,regular,7,2023-10-14 17:00:00+00:00,2181,Drake,2900,St. Thomas (MN),William Hill (New Jersey),6,,38.5,,,
401540516,2023,regular,8,2023-10-21 21:00:00+00:00,301,San Diego,2181,Drake,William Hill (New Jersey),4,,50,,,
401540517,2023,regular,9,2023-10-28 17:00:00+00:00,2181,Drake,56,Stetson,William Hill (New Jersey),-14,,51,,,
401540518,2023,regular,10,2023-11-04 16:00:00+00:00,2368,Marist,2181,Drake,ESPN Bet,8,,46.5,,,
401540519,2023,regular,11,2023-11-11 19:00:00+00:00,2181,Drake,2506,Presbyterian,ESPN Bet,-14.5,,43.5,,,
401540520,2023,regular,12,2023-11-18 17:00:00+00:00,2086,Butler,2181,Drake,ESPN Bet,-5.5,,42.5,,,
401540522,2023,regular,5,2023-09-30 17:00:00+00:00,2368,Marist,56,Stetson,William Hill (New Jersey),2.5,,54.5,,,
401540523,2023,regular,6,2023-10-07 16:30:00+00:00,171,Columbia,2368,Marist,William Hill (New Jersey),-21.5,,45,,,
401540524,2023,regular,7,2023-10-14 16:00:00+00:00,2368,Marist,301,San Diego,William Hill (New Jersey),3,,54.5,,,
401540525,2023,regular,8,2023-10-21 17:00:00+00:00,2506,Presbyterian,2368,Marist,William Hill (New Jersey),1,,49.5,,,
401540526,2023,regular,9,2023-10-28 18:00:00+00:00,2900,St. Thomas (MN),2368,Marist,William Hill (New Jersey),-10.5,,46.5,,,
401540529,2023,regular,4,2023-09-23 18:00:00+00:00,2900,St. Thomas (MN),2413,Morehead State,Caesars Sportsbook (Colorado),-16,,49.5,,,
401540530,2023,regular,7,2023-10-14 17:00:00+00:00,160,New Hampshire,399,UAlbany,William Hill (New Jersey),-2.5,,55,,,
401540531,2023,regular,8,2023-10-21 19:30:00+00:00,2619,Stony Brook,160,New Hampshire,William Hill (New Jersey),17.5,,52,,,
401540532,2023,regular,9,2023-10-28 17:00:00+00:00,227,Rhode Island,160,New Hampshire,William Hill (New Jersey),4.5,,64,,,
401540533,2023,regular,10,2023-11-04 17:00:00+00:00,160,New Hampshire,222,Villanova,ESPN Bet,1.5,,58.5,,,
401540534,2023,regular,1,2023-08-31 23:00:00+00:00,231,Furman,2635,Tennessee Tech,William Hill (New Jersey),-27,,49.5,,,
401540536,2023,regular,10,2023-11-04 18:30:00+00:00,2635,Tennessee Tech,2630,UT Martin,ESPN Bet,16.5,,45.5,,,
401540537,2023,regular,12,2023-11-18 20:00:00+00:00,2634,Tennessee State,2635,Tennessee Tech,ESPN Bet,-8,,40.5,,,
401540542,2023,regular,5,2023-09-30 23:00:00+00:00,2630,UT Martin,2634,Tennessee State,William Hill (New Jersey),-20.5,,55.5,,,
401540543,2023,regular,12,2023-11-18 18:00:00+00:00,2535,Samford,2630,UT Martin,ESPN Bet,5.5,,57.5,,,
401540544,2023,regular,6,2023-10-07 20:00:00+00:00,2448,North Carolina A&T,222,Villanova,William Hill (New Jersey),15,,46,,,
401540545,2023,regular,8,2023-10-21 17:00:00+00:00,2448,North Carolina A&T,257,Richmond,William Hill (New Jersey),8,,42,,,
401540546,2023,regular,10,2023-11-04 17:00:00+00:00,2448,North Carolina A&T,119,Towson,ESPN Bet,6,,45.5,,,
401540547,2023,regular,11,2023-11-11 18:00:00+00:00,227,Rhode Island,2448,North Carolina A&T,ESPN Bet,-17,,51.5,,,
401540548,2023,regular,2,2023-09-08 23:00:00+00:00,227,Rhode Island,2619,Stony Brook,William Hill (New Jersey),-24.5,,55,,,
401540549,2023,regular,4,2023-09-23 18:00:00+00:00,222,Villanova,227,Rhode Island,Caesars Sportsbook (Colorado),-3.5,,48,,,
401540550,2023,regular,9,2023-10-28 21:00:00+00:00,301,San Diego,2413,Morehead State,William Hill (New Jersey),-4.5,,48,,,
401540551,2023,regular,10,2023-11-04 18:00:00+00:00,2413,Morehead State,2086,Butler,ESPN Bet,7.5,,46.5,,,
401540552,2023,regular,12,2023-11-18 18:00:00+00:00,2506,Presbyterian,2413,Morehead State,ESPN Bet,1.5,,46.5,,,
401540555,2023,regular,5,2023-09-30 17:00:00+00:00,2086,Butler,2506,Presbyterian,William Hill (New Jersey),-21,,50.5,,,
401540556,2023,regular,6,2023-10-07 17:00:00+00:00,2506,Presbyterian,56,Stetson,William Hill (New Jersey),-1.5,,53.5,,,
401540557,2023,regular,10,2023-11-04 16:00:00+00:00,2506,Presbyterian,301,San Diego,ESPN Bet,5,,46.5,,,
401540561,2023,regular,12,2023-11-18 17:00:00+00:00,56,Stetson,301,San Diego,ESPN Bet,6,,50.5,,,
401540563,2023,regular,6,2023-10-07 17:00:00+00:00,2900,St. Thomas (MN),2086,Butler,William Hill (New Jersey),-2,,45.5,,,
401540564,2023,regular,8,2023-10-21 17:00:00+00:00,56,Stetson,2900,St. Thomas (MN),William Hill (New Jersey),6,,51,,,
401540567,2023,regular,4,2023-09-23 16:00:00+00:00,56,Stetson,2086,Butler,Caesars Sportsbook (Colorado),9,,57.5,,,
401540568,2023,regular,11,2023-11-11 18:00:00+00:00,2674,Valparaiso,56,Stetson,ESPN Bet,-7.5,,53.5,,,
401540570,2023,regular,7,2023-10-14 17:00:00+00:00,227,Rhode Island,257,Richmond,William Hill (New Jersey),-8.5,,59,,,
401540571,2023,regular,8,2023-10-21 19:30:00+00:00,399,UAlbany,227,Rhode Island,William Hill (New Jersey),-3.5,,52,,,
401540572,2023,regular,12,2023-11-18 18:00:00+00:00,119,Towson,227,Rhode Island,ESPN Bet,3.5,,59.5,,,
401540573,2023,regular,4,2023-09-23 19:30:00+00:00,2619,Stony Brook,257,Richmond,Caesars Sportsbook (Colorado),13,,34.5,,,
401540574,2023,regular,12,2023-11-18 18:00:00+00:00,2729,William & Mary,257,Richmond,ESPN Bet,-3.5,,39.5,,,
401540575,2023,regular,7,2023-10-14 19:30:00+00:00,2619,Stony Brook,2230,Fordham,William Hill (New Jersey),10.5,,57,,,
401540576,2023,regular,9,2023-10-28 18:00:00+00:00,222,Villanova,2619,Stony Brook,William Hill (New Jersey),-27.5,,46.5,,,
401540577,2023,regular,11,2023-11-11 18:00:00+00:00,2619,Stony Brook,399,UAlbany,ESPN Bet,23.5,,50.5,,,
401540578,2023,regular,6,2023-10-07 20:00:00+00:00,119,Towson,399,UAlbany,William Hill (New Jersey),9.5,,46.5,,,
401540579,2023,regular,8,2023-10-21 19:30:00+00:00,2729,William & Mary,119,Towson,William Hill (New Jersey),-12.5,,41,,,
401540580,2023,regular,11,2023-11-11 18:00:00+00:00,222,Villanova,119,Towson,ESPN Bet,-18,,58.5,,,
401540583,2023,regular,4,2023-09-23 19:00:00+00:00,2535,Samford,236,Chattanooga,Caesars Sportsbook (Colorado),-6.5,,56,,,
401540584,2023,regular,5,2023-09-30 22:00:00+00:00,2747,Wofford,236,Chattanooga,William Hill (New Jersey),17.5,,49.5,,,
401540585,2023,regular,6,2023-10-07 20:00:00+00:00,236,Chattanooga,2717,Western Carolina,William Hill (New Jersey),3.5,,60.5,,,
401540586,2023,regular,7,2023-10-14 20:00:00+00:00,2382,Mercer,236,Chattanooga,William Hill (New Jersey),-1,,50,,,
401540587,2023,regular,8,2023-10-21 17:00:00+00:00,236,Chattanooga,2193,East Tennessee State,William Hill (New Jersey),-18,,55,,,
401540588,2023,regular,9,2023-10-28 17:30:00+00:00,2678,VMI,236,Chattanooga,William Hill (New Jersey),18.5,,45.5,,,
401540589,2023,regular,10,2023-11-04 17:30:00+00:00,236,Chattanooga,231,Furman,ESPN Bet,1.5,,52.5,,,
401540591,2023,regular,5,2023-09-30 17:00:00+00:00,2535,Samford,2193,East Tennessee State,William Hill (New Jersey),-17.5,,59.5,,,
401540592,2023,regular,6,2023-10-07 19:30:00+00:00,2193,East Tennessee State,2382,Mercer,William Hill (New Jersey),14.5,,54,,,
401540593,2023,regular,7,2023-10-14 19:30:00+00:00,2193,East Tennessee State,2747,Wofford,William Hill (New Jersey),-4,,42,,,
401540594,2023,regular,9,2023-10-28 18:00:00+00:00,231,Furman,2193,East Tennessee State,William Hill (New Jersey),-24,,51.5,,,
401540595,2023,regular,10,2023-11-04 17:00:00+00:00,2193,East Tennessee State,2678,VMI,ESPN Bet,-3.5,,37.5,,,
401540596,2023,regular,11,2023-11-11 18:00:00+00:00,2717,Western Carolina,2193,East Tennessee State,ESPN Bet,-17,,60.5,,,
401540597,2023,regular,12,2023-11-18 18:00:00+00:00,2193,East Tennessee State,2643,The Citadel,ESPN Bet,-9.5,,39.5,,,
401540599,2023,regular,4,2023-09-23 17:00:00+00:00,231,Furman,2382,Mercer,Caesars Sportsbook (Colorado),-10.5,,50.5,,,
401540600,2023,regular,6,2023-10-07 18:00:00+00:00,231,Furman,2643,The Citadel,William Hill (New Jersey),-34.5,,51.5,,,
401540601,2023,regular,7,2023-10-14 17:00:00+00:00,2535,Samford,231,Furman,William Hill (New Jersey),6,,59,,,
401540602,2023,regular,8,2023-10-21 18:30:00+00:00,2717,Western Carolina,231,Furman,William Hill (New Jersey),-3,,64,,,
401540603,2023,regular,11,2023-11-11 18:30:00+00:00,231,Furman,2678,VMI,ESPN Bet,-21.5,,44.5,,,
401540604,2023,regular,12,2023-11-18 17:00:00+00:00,2747,Wofford,231,Furman,ESPN Bet,20,,42.5,,,
401540606,2023,regular,5,2023-09-30 19:30:00+00:00,399,UAlbany,222,Villanova,Caesars Sportsbook (Colorado),4,,49.5,,,
401540611,2023,regular,5,2023-09-30 20:00:00+00:00,2382,Mercer,2678,VMI,William Hill (New Jersey),-20,,41,,,
401540612,2023,regular,8,2023-10-21 20:00:00+00:00,2382,Mercer,2747,Wofford,William Hill (New Jersey),-18.5,,42.5,,,
401540613,2023,regular,9,2023-10-28 18:30:00+00:00,2717,Western Carolina,2382,Mercer,Caesars Sportsbook (Colorado),-8,,56,,,
401540614,2023,regular,10,2023-11-04 18:00:00+00:00,2643,The Citadel,2382,Mercer,ESPN Bet,20,,45.5,,,
401540615,2023,regular,11,2023-11-11 20:00:00+00:00,2382,Mercer,2535,Samford,ESPN Bet,-2.5,,55.5,,,
401540617,2023,regular,10,2023-11-04 17:00:00+00:00,399,UAlbany,2729,William & Mary,ESPN Bet,-5,,41.5,,,
401540619,2023,regular,7,2023-10-14 17:00:00+00:00,2643,The Citadel,2678,VMI,William Hill (New Jersey),2,,35,,,
401540620,2023,regular,9,2023-10-28 19:00:00+00:00,2535,Samford,2643,The Citadel,Caesars Sportsbook (Colorado),-24,,51.5,,,
401540621,2023,regular,11,2023-11-11 19:00:00+00:00,2643,The Citadel,2747,Wofford,ESPN Bet,3.5,,42.5,,,
401540622,2023,regular,4,2023-09-23 17:30:00+00:00,2678,VMI,2747,Wofford,Caesars Sportsbook (Colorado),-4,,35.5,,,
401540623,2023,regular,8,2023-10-21 17:30:00+00:00,2678,VMI,2535,Samford,William Hill (New Jersey),14,,45,,,
401540624,2023,regular,12,2023-11-18 17:00:00+00:00,2678,VMI,2717,Western Carolina,ESPN Bet,16.5,,54.5,,,
401540626,2023,regular,10,2023-11-04 19:00:00+00:00,2747,Wofford,2717,Western Carolina,ESPN Bet,20.5,,56.5,,,
401540627,2023,regular,6,2023-10-07 17:30:00+00:00,2747,Wofford,2535,Samford,William Hill (New Jersey),12.5,,49.5,,,
401540628,2023,regular,1,2023-08-26 23:00:00+00:00,399,UAlbany,2230,Fordham,William Hill (New Jersey),-4.5,,59,,,
401541631,2023,regular,8,2023-10-21 21:00:00+00:00,2617,Stephen F. Austin,2000,Abilene Christian,William Hill (New Jersey),-7.5,,58,,,
401541632,2023,regular,5,2023-09-29 23:00:00+00:00,163,Princeton,171,Columbia,Caesars Sportsbook (Colorado),-6.5,,40.5,,,
401541633,2023,regular,7,2023-10-14 17:30:00+00:00,171,Columbia,219,Pennsylvania,William Hill (New Jersey),3,,34.5,,,
401541634,2023,regular,9,2023-10-28 16:00:00+00:00,43,Yale,171,Columbia,William Hill (New Jersey),-7.5,,40.5,,,
401541635,2023,regular,12,2023-11-18 18:00:00+00:00,2142,Colgate,2230,Fordham,ESPN Bet,6,,63.5,,,
401544197,2023,regular,8,2023-10-21 16:00:00+00:00,43,Yale,219,Pennsylvania,William Hill (New Jersey),-6,,46,,,
401544198,2023,regular,11,2023-11-11 17:00:00+00:00,163,Princeton,43,Yale,ESPN Bet,2.5,,38.5,,,
401544202,2023,regular,10,2023-11-04 20:00:00+00:00,2916,Incarnate Word,2447,Nicholls,ESPN Bet,-7.5,,50.5,,,
401549200,2023,regular,3,2023-09-16 17:00:00+00:00,2142,Colgate,219,Pennsylvania,William Hill (New Jersey),9.5,,46.5,,,
401551469,2023,postseason,1,2023-12-18 19:30:00+00:00,295,Old Dominion,98,Western Kentucky,Bovada,-4,-2.5,49,56,-130,110
401551469,2023,postseason,1,2023-12-18 19:30:00+00:00,295,Old Dominion,98,Western Kentucky,DraftKings,1,1,,,-185,154
401551469,2023,postseason,1,2023-12-18 19:30:00+00:00,295,Old Dominion,98,Western Kentucky,ESPN Bet,-4.5,,48.5,,,
401551470,2023,postseason,1,2023-12-16 17:00:00+00:00,50,Florida A&M,47,Howard,ESPN Bet,-7.5,,48.5,,,
401551731,2023,postseason,1,2023-12-16 20:30:00+00:00,2026,App State,193,Miami (OH),Bovada,-6.5,-4.5,41,48.5,-210,175
401551731,2023,postseason,1,2023-12-16 20:30:00+00:00,2026,App State,193,Miami (OH),DraftKings,-4.5,-4.5,,,-225,185
401551731,2023,postseason,1,2023-12-16 20:30:00+00:00,2026,App State,193,Miami (OH),ESPN Bet,-6.5,,40.5,,,
401551732,2023,postseason,1,2023-12-16 22:45:00+00:00,278,Fresno State,166,New Mexico State,Bovada,3,1.5,52.5,51.5,150,-175
401551732,2023,postseason,1,2023-12-16 22:45:00+00:00,278,Fresno State,166,New Mexico State,DraftKings,1,1,,,140,-166
401551732,2023,postseason,1,2023-12-16 22:45:00+00:00,278,Fresno State,166,New Mexico State,ESPN Bet,3.5,,53.5,,,
401551733,2023,postseason,1,2023-12-16 16:00:00+00:00,195,Ohio,290,Georgia Southern,Bovada,1.5,-1.5,48.5,52.5,145,-170
401551733,2023,postseason,1,2023-12-16 16:00:00+00:00,195,Ohio,290,Georgia Southern,DraftKings,-1.5,-1.5,,,102,-122
401551733,2023,postseason,1,2023-12-16 16:00:00+00:00,195,Ohio,290,Georgia Southern,ESPN Bet,1.5,,48.5,,,
401551735,2023,postseason,1,2023-12-20 02:00:00+00:00,276,Marshall,2636,UTSA,Bovada,7,9.5,47,55,290,
401551735,2023,postseason,1,2023-12-20 02:00:00+00:00,276,Marshall,2636,UTSA,DraftKings,8.5,8.5,,,205,-250
401551735,2023,postseason,1,2023-12-20 02:00:00+00:00,276,Marshall,2636,UTSA,ESPN Bet,7.5,,46.5,,,
401551737,2023,postseason,1,2023-12-22 01:00:00+00:00,183,Syracuse,58,South Florida,Bovada,-3,-3,56,59,100,-120
401551737,2023,postseason,1,2023-12-22 01:00:00+00:00,183,Syracuse,58,South Florida,ESPN Bet,-5.5,,55.5,,,
401551739,2023,postseason,1,2023-12-23 17:00:00+00:00,150,Duke,2653,Troy,Bovada,7,7,44,44,-300,250
401551739,2023,postseason,1,2023-12-23 17:00:00+00:00,150,Duke,2653,Troy,ESPN Bet,6.5,,44.5,,,
401551741,2023,postseason,1,2023-12-23 17:00:00+00:00,2459,Northern Illinois,2032,Arkansas State,Bovada,2.5,1.5,54,53.5,-110,-110
401551741,2023,postseason,1,2023-12-23 17:00:00+00:00,2459,Northern Illinois,2032,Arkansas State,ESPN Bet,2.5,,53.5,,,
401551742,2023,postseason,1,2023-12-23 20:30:00+00:00,2005,Air Force,256,James Madison,Bovada,-2.5,3,44.5,41,135,-160
401551742,2023,postseason,1,2023-12-23 20:30:00+00:00,2005,Air Force,256,James Madison,ESPN Bet,-2.5,,43.5,,,
401551743,2023,postseason,1,2023-12-23 20:30:00+00:00,328,Utah State,2247,Georgia State,Bovada,-2,2,58,63,-110,-110
401551743,2023,postseason,1,2023-12-23 20:30:00+00:00,328,Utah State,2247,Georgia State,ESPN Bet,-1.5,,57.5,,,
401551744,2023,postseason,1,2023-12-24 00:30:00+00:00,77,Northwestern,254,Utah,Bovada,6.5,7,44.5,42,225,-275
401551744,2023,postseason,1,2023-12-24 00:30:00+00:00,77,Northwestern,254,Utah,ESPN Bet,6.5,,43.5,,,
401551746,2023,postseason,1,2023-12-24 03:30:00+00:00,23,San José State,324,Coastal Carolina,Bovada,-7.5,-9,48,54.5,-360,280
401551746,2023,postseason,1,2023-12-24 03:30:00+00:00,23,San José State,324,Coastal Carolina,DraftKings,-7.5,-7.5,54.5,54.5,-310,250
401551746,2023,postseason,1,2023-12-24 03:30:00+00:00,23,San José State,324,Coastal Carolina,ESPN Bet,-8.5,,48.5,,,
401551748,2023,postseason,1,2023-12-26 22:30:00+00:00,242,Rice,326,Texas State,Bovada,3.5,4.5,58.5,60,165,-195
401551748,2023,postseason,1,2023-12-26 22:30:00+00:00,242,Rice,326,Texas State,ESPN Bet,3.5,,59.5,,,
401551749,2023,postseason,1,2023-12-28 02:00:00+00:00,197,Oklahoma State,245,Texas A&M,Bovada,-4,3.5,56,53,130,-150
401551749,2023,postseason,1,2023-12-28 02:00:00+00:00,197,Oklahoma State,245,Texas A&M,DraftKings,4.5,4.5,53.5,53.5,-192,160
401551749,2023,postseason,1,2023-12-28 02:00:00+00:00,197,Oklahoma State,245,Texas A&M,ESPN Bet,-4.5,,55.5,,,
401551750,2023,postseason,1,2023-12-28 16:00:00+00:00,103,Boston College,2567,SMU,Bovada,13.5,11,49,51,325,-435
401551750,2023,postseason,1,2023-12-28 16:00:00+00:00,103,Boston College,2567,SMU,ESPN Bet,13.5,,48.5,,,
401551751,2023,postseason,1,2023-12-16 19:15:00+00:00,309,Louisiana,55,Jacksonville State,Bovada,3.5,3,58.5,56,135,-160
401551751,2023,postseason,1,2023-12-16 19:15:00+00:00,309,Louisiana,55,Jacksonville State,DraftKings,-1.5,-1.5,,,140,-166
401551751,2023,postseason,1,2023-12-16 19:15:00+00:00,309,Louisiana,55,Jacksonville State,ESPN Bet,3.5,,57.5,,,
401551752,2023,postseason,1,2023-12-17 00:30:00+00:00,68,Boise State,26,UCLA,Bovada,6.5,2.5,46,50.5,115,-135
401551752,2023,postseason,1,2023-12-17 00:30:00+00:00,68,Boise State,26,UCLA,DraftKings,2.5,2.5,,,210,-258
401551752,2023,postseason,1,2023-12-17 00:30:00+00:00,68,Boise State,26,UCLA,ESPN Bet,6.5,,44.5,,,
401551753,2023,postseason,1,2023-12-17 02:15:00+00:00,2641,Texas Tech,25,California,Bovada,-3.5,-3,54.5,58.5,-145,125
401551753,2023,postseason,1,2023-12-17 02:15:00+00:00,2641,Texas Tech,25,California,DraftKings,-1.5,-1.5,,,-180,150
401551753,2023,postseason,1,2023-12-17 02:15:00+00:00,2641,Texas Tech,25,California,ESPN Bet,-3.5,,56.5,,,
401551754,2023,postseason,1,2023-12-22 23:30:00+00:00,2116,UCF,59,Georgia Tech,Bovada,-6,-4.5,66.5,63,175,-210
401551754,2023,postseason,1,2023-12-22 23:30:00+00:00,2116,UCF,59,Georgia Tech,ESPN Bet,-6.5,,65.5,,,
401551755,2023,postseason,1,2023-12-24 00:00:00+00:00,2199,Eastern Michigan,6,South Alabama,Bovada,18,15,43,48,500,-750
401551755,2023,postseason,1,2023-12-24 00:00:00+00:00,2199,Eastern Michigan,6,South Alabama,ESPN Bet,17.5,,42.5,,,
401551756,2023,postseason,1,2023-12-26 19:00:00+00:00,135,Minnesota,189,Bowling Green,Bovada,-2.5,-6,45,37.5,-180,155
401551756,2023,postseason,1,2023-12-26 19:00:00+00:00,135,Minnesota,189,Bowling Green,ESPN Bet,-2.5,,44.5,,,
401551757,2023,postseason,1,2023-12-27 02:00:00+00:00,2439,UNLV,2305,Kansas,Bovada,8,10.5,64.5,65,375,-525
401551757,2023,postseason,1,2023-12-27 02:00:00+00:00,2439,UNLV,2305,Kansas,DraftKings,10.5,10.5,64.5,64.5,250,-310
401551757,2023,postseason,1,2023-12-27 02:00:00+00:00,2439,UNLV,2305,Kansas,ESPN Bet,8.5,,65.5,,,
401551758,2023,postseason,1,2023-12-27 19:00:00+00:00,2655,Tulane,259,Virginia Tech,Bovada,13.5,6,43.5,47,235,-285
401551758,2023,postseason,1,2023-12-27 19:00:00+00:00,2655,Tulane,259,Virginia Tech,ESPN Bet,12.5,,44.5,,,
401551761,2023,postseason,1,2023-12-27 22:30:00+00:00,277,West Virginia,153,North Carolina,Bovada,-4.5,-3,62,56.5,-160,135
401551761,2023,postseason,1,2023-12-27 22:30:00+00:00,277,West Virginia,153,North Carolina,ESPN Bet,-3.5,,61.5,,,
401551762,2023,postseason,1,2023-12-28 19:15:00+00:00,2390,Miami,164,Rutgers,Bovada,3,-3.5,41,41.5,-135,115
401551762,2023,postseason,1,2023-12-28 19:15:00+00:00,2390,Miami,164,Rutgers,ESPN Bet,2.5,,40.5,,,
401551764,2023,postseason,1,2023-12-28 22:45:00+00:00,2306,Kansas State,152,NC State,Bovada,-3,-4,48.5,48,-170,145
401551764,2023,postseason,1,2023-12-28 22:45:00+00:00,2306,Kansas State,152,NC State,DraftKings,-5.5,-5.5,48.5,48.5,-148,124
401551764,2023,postseason,1,2023-12-28 22:45:00+00:00,2306,Kansas State,152,NC State,ESPN Bet,-3.5,,47.5,,,
401551765,2023,postseason,1,2023-12-29 02:15:00+00:00,201,Oklahoma,12,Arizona,Bovada,2.5,3.5,59.5,62,125,-145
401551765,2023,postseason,1,2023-12-29 02:15:00+00:00,201,Oklahoma,12,Arizona,DraftKings,1,1,64.5,64.5,110,-130
401551765,2023,postseason,1,2023-12-29 02:15:00+00:00,201,Oklahoma,12,Arizona,ESPN Bet,2.5,,58.5,,,
401551766,2023,postseason,1,2023-12-29 17:00:00+00:00,96,Kentucky,228,Clemson,Bovada,3.5,7,44.5,47,225,-275
401551766,2023,postseason,1,2023-12-29 17:00:00+00:00,96,Kentucky,228,Clemson,DraftKings,7.5,7.5,48.5,48.5,142,-170
401551766,2023,postseason,1,2023-12-29 17:00:00+00:00,96,Kentucky,228,Clemson,ESPN Bet,3.5,,43.5,,,
401551767,2023,postseason,1,2023-12-29 20:30:00+00:00,66,Iowa State,235,Memphis,Bovada,-10.5,-7,58,57.5,-340,270
401551767,2023,postseason,1,2023-12-29 20:30:00+00:00,66,Iowa State,235,Memphis,DraftKings,-5.5,-5.5,57.5,57.5,-395,310
401551767,2023,postseason,1,2023-12-29 20:30:00+00:00,66,Iowa State,235,Memphis,ESPN Bet,-10.5,,58.5,,,
401551768,2023,postseason,1,2023-12-30 01:00:00+00:00,194,Ohio State,142,Missouri,Bovada,-4,-2.5,51,49,125,-145
401551768,2023,postseason,1,2023-12-30 01:00:00+00:00,194,Ohio State,142,Missouri,DraftKings,-6.5,-6.5,51.5,51.5,-192,160
401551768,2023,postseason,1,2023-12-30 01:00:00+00:00,194,Ohio State,142,Missouri,ESPN Bet,-3.5,,50.5,,,
401551769,2023,postseason,1,2023-12-30 17:00:00+00:00,213,Penn State,145,Ole Miss,Bovada,-5.5,-4,53,49.5,-180,155
401551769,2023,postseason,1,2023-12-30 17:00:00+00:00,213,Penn State,145,Ole Miss,DraftKings,-3.5,-3.5,48.5,48.5,-192,160
401551769,2023,postseason,1,2023-12-30 17:00:00+00:00,213,Penn State,145,Ole Miss,ESPN Bet,-5.5,,52.5,,,
401551770,2023,postseason,1,2023-12-30 19:00:00+00:00,120,Maryland,2,Auburn,Bovada,4,2.5,47.5,50,120,-140
401551770,2023,postseason,1,2023-12-30 19:00:00+00:00,120,Maryland,2,Auburn,DraftKings,1.5,1.5,48.5,48.5,160,-192
401551770,2023,postseason,1,2023-12-30 19:00:00+00:00,120,Maryland,2,Auburn,ESPN Bet,5.5,,48.5,,,
401551773,2023,postseason,1,2023-12-30 21:00:00+00:00,52,Florida State,61,Georgia,Bovada,23.5,14,47,45.5,700,-1200
401551773,2023,postseason,1,2023-12-30 21:00:00+00:00,52,Florida State,61,Georgia,DraftKings,13.5,13.5,45,45,1100,-2100
401551773,2023,postseason,1,2023-12-30 21:00:00+00:00,52,Florida State,61,Georgia,ESPN Bet,23.5,,47.5,,,
401551778,2023,postseason,1,2024-01-01 17:00:00+00:00,99,LSU,275,Wisconsin,Bovada,-9.5,-10,59.5,56,-380,290
401551778,2023,postseason,1,2024-01-01 17:00:00+00:00,99,LSU,275,Wisconsin,DraftKings,-10,-10,55,55,-340,270
401551778,2023,postseason,1,2024-01-01 17:00:00+00:00,99,LSU,275,Wisconsin,ESPN Bet,-8.5,,58.5,,,
401551780,2023,postseason,1,2024-01-01 18:00:00+00:00,2633,Tennessee,2294,Iowa,Bovada,-4.5,-7.5,37,36.5,-320,260
401551780,2023,postseason,1,2024-01-01 18:00:00+00:00,2633,Tennessee,2294,Iowa,DraftKings,-8,-8,36,36,-198,164
401551780,2023,postseason,1,2024-01-01 18:00:00+00:00,2633,Tennessee,2294,Iowa,ESPN Bet,-4.5,,36.5,,,
401551782,2023,postseason,1,2024-01-01 18:00:00+00:00,2483,Oregon,2335,Liberty,Bovada,-18.5,-15,71.5,65.5,-750,500
401551782,2023,postseason,1,2024-01-01 18:00:00+00:00,2483,Oregon,2335,Liberty,DraftKings,-16.5,-16.5,64.5,64.5,-1100,700
401551782,2023,postseason,1,2024-01-01 18:00:00+00:00,2483,Oregon,2335,Liberty,ESPN Bet,-22.5,,71.5,,,
401551786,2023,postseason,1,2024-01-01 22:00:00+00:00,130,Michigan,333,Alabama,Bovada,-2,-2.5,46,45.5,-125,105
401551786,2023,postseason,1,2024-01-01 22:00:00+00:00,130,Michigan,333,Alabama,DraftKings,-1.5,-1.5,46,46,-130,110
401551786,2023,postseason,1,2024-01-01 22:00:00+00:00,130,Michigan,333,Alabama,ESPN Bet,-2.5,,45.5,,,
401551788,2023,postseason,1,2024-01-02 01:45:00+00:00,264,Washington,251,Texas,Bovada,3,4,61.5,64.5,155,-180
401551788,2023,postseason,1,2024-01-02 01:45:00+00:00,264,Washington,251,Texas,DraftKings,4.5,4.5,64,64,140,-166
401551788,2023,postseason,1,2024-01-02 01:45:00+00:00,264,Washington,251,Texas,ESPN Bet,3.5,,61.5,,,
401551789,2023,postseason,1,2024-01-09 00:30:00+00:00,130,Michigan,264,Washington,Bovada,-5.5,-4,55.5,54.5,,
401551789,2023,postseason,1,2024-01-09 00:30:00+00:00,130,Michigan,264,Washington,ESPN Bet,-4.5,,55.5,,,
401551798,2023,postseason,1,2023-12-29 19:00:00+00:00,87,Notre Dame,204,Oregon State,Bovada,-5.5,-11,40.5,45.5,210,-250
401551798,2023,postseason,1,2023-12-29 19:00:00+00:00,87,Notre Dame,204,Oregon State,ESPN Bet,-5.5,,40.5,,,
401552541,2023,regular,12,2023-11-18 18:00:00+00:00,219,Pennsylvania,163,Princeton,ESPN Bet,-3,,36.5,,,
401553854,2023,regular,10,2023-11-04 19:00:00+00:00,147,Montana State,2464,Northern Arizona,ESPN Bet,-23.5,,63.5,,,
401554566,2023,postseason,1,2023-12-30 21:30:00+00:00,2751,Wyoming,2649,Toledo,Bovada,-4.5,2,43.5,46,-130,110
401554566,2023,postseason,1,2023-12-30 21:30:00+00:00,2751,Wyoming,2649,Toledo,ESPN Bet,-4.5,,44.5,,,
401555031,2023,postseason,1,2024-01-07 19:00:00+00:00,2571,South Dakota State,149,Montana,Bovada,-12.5,-12.5,49.5,49.5,-510,370
401555031,2023,postseason,1,2024-01-07 19:00:00+00:00,2571,South Dakota State,149,Montana,ESPN Bet,-14.5,,48.5,,,
401581109,2023,postseason,1,2023-12-28 01:00:00+00:00,30,USC,97,Louisville,Bovada,4.5,8,58,57,260,-320
401581109,2023,postseason,1,2023-12-28 01:00:00+00:00,30,USC,97,Louisville,ESPN Bet,4.5,,56.5,,,
401614599,2023,postseason,13,2023-11-25 20:00:00+00:00,2382,Mercer,2241,Gardner-Webb,ESPN Bet,-4,,54.5,,,
401614600,2023,postseason,13,2023-11-25 22:00:00+00:00,2754,Youngstown State,2184,Duquesne,ESPN Bet,-21.5,,63.5,,,
401614601,2023,postseason,13,2023-11-25 19:00:00+00:00,257,Richmond,2428,North Carolina Central,ESPN Bet,-5,,57.5,,,
401614602,2023,postseason,13,2023-11-25 20:00:00+00:00,79,Southern Illinois,2447,Nicholls,ESPN Bet,-14,,44.5,,,
401614603,2023,postseason,13,2023-11-25 18:00:00+00:00,155,North Dakota,16,Sacramento State,ESPN Bet,-3,,59.5,,,
401614604,2023,postseason,13,2023-11-25 20:30:00+00:00,2449,North Dakota State,2181,Drake,ESPN Bet,-40.5,,48.5,,,
401614615,2023,postseason,13,2023-11-25 20:00:00+00:00,2046,Austin Peay,236,Chattanooga,ESPN Bet,-5.5,,55.5,,,
401614616,2023,postseason,13,2023-11-25 19:00:00+00:00,48,Delaware,322,Lafayette,ESPN Bet,-7.5,,49.5,,,
401615819,2023,postseason,14,2023-12-02 19:00:00+00:00,233,South Dakota,16,Sacramento State,ESPN Bet,-4,,50.5,,,
401615859,2023,postseason,14,2023-12-03 02:00:00+00:00,149,Montana,48,Delaware,ESPN Bet,-21,,47.5,,,
401615860,2023,postseason,14,2023-12-02 17:00:00+00:00,399,UAlbany,257,Richmond,ESPN Bet,-7.5,,48.5,,,
401615899,2023,postseason,14,2023-12-02 19:00:00+00:00,2571,South Dakota State,2382,Mercer,ESPN Bet,-33.5,,47.5,,,
401615900,2023,postseason,14,2023-12-02 20:00:00+00:00,147,Montana State,2449,North Dakota State,ESPN Bet,-3.5,,55.5,,,
401615901,2023,postseason,14,2023-12-02 18:00:00+00:00,231,Furman,236,Chattanooga,ESPN Bet,-5.5,,41.5,,,
401615939,2023,postseason,14,2023-12-02 17:00:00+00:00,222,Villanova,2754,Youngstown State,ESPN Bet,-6,,57.5,,,
401617307,2023,postseason,15,2023-12-09 17:00:00+00:00,2571,South Dakota State,222,Villanova,Bovada,-20.5,-20.5,50.5,50.5,,
401617307,2023,postseason,15,2023-12-09 17:00:00+00:00,2571,South Dakota State,222,Villanova,ESPN Bet,-20.5,,44.5,,,
401617308,2023,postseason,15,2023-12-09 19:30:00+00:00,233,South Dakota,2449,North Dakota State,Bovada,6.5,6.5,49.5,49.5,,
401617308,2023,postseason,15,2023-12-09 19:30:00+00:00,233,South Dakota,2449,North Dakota State,ESPN Bet,5.5,,47.5,,,
401617309,2023,postseason,15,2023-12-10 03:00:00+00:00,70,Idaho,399,UAlbany,Bovada,-4.5,-4.5,51.5,51.5,,
401617309,2023,postseason,15,2023-12-10 03:00:00+00:00,70,Idaho,399,UAlbany,ESPN Bet,-5.5,,50.5,,,
401617310,2023,postseason,15,2023-12-09 02:00:00+00:00,149,Montana,231,Furman,Bovada,-18,-17.5,44,45,-950,600
401617310,2023,postseason,15,2023-12-09 02:00:00+00:00,149,Montana,231,Furman,ESPN Bet,-14.5,,42.5,,,
401618099,2023,postseason,1,2023-12-16 21:30:00+00:00,149,Montana,2449,North Dakota State,ESPN Bet,1.5,,51.5,,,
401618179,2023,postseason,1,2023-12-16 00:00:00+00:00,2571,South Dakota State,399,UAlbany,ESPN Bet,-17.5,,48.5,,,
