game_id,season,season_type,week,start_date,home_team_id,home_team,away_team_id,away_team,provider,spread,spread_open,over_under,over_under_open,home_moneyline,away_moneyline
401628319,2024,regular,1,2024-08-31 23:00:00+00:00,333,Alabama,98,Western Kentucky,Bovada,-34,-31.5,59.5,60,,
401628319,2024,regular,1,2024-08-31 23:00:00+00:00,333,Alabama,98,Western Kentucky,DraftKings,-31,-31,60,60.5,-20000,3500
401628319,2024,regular,1,2024-08-31 23:00:00+00:00,333,Alabama,98,Western Kentucky,ESPN Bet,-37.5,,60.5,,,
401628320,2024,regular,1,2024-08-29 23:30:00+00:00,8,Arkansas,2029,Arkansas-Pine Bluff,ESPN Bet,-50.5,,60.5,,,
401628321,2024,regular,1,2024-08-31 23:30:00+00:00,2,Auburn,2010,Alabama A&M,ESPN Bet,-48.5,,58.5,,,
401628322,2024,regular,1,2024-08-31 19:30:00+00:00,57,Florida,2390,Miami,Bovada,2.5,2.5,54.5,54.5,115,-135
401628322,2024,regular,1,2024-08-31 19:30:00+00:00,57,Florida,2390,Miami,DraftKings,2.5,2.5,54.5,54.5,120,-142
401628322,2024,regular,1,2024-08-31 19:30:00+00:00,57,Florida,2390,Miami,ESPN Bet,2.5,,54.5,,,
401628323,2024,regular,1,2024-08-31 16:00:00+00:00,61,Georgia,228,Clemson,Bovada,-10.5,-13.5,49,49,-600,425
401628323,2024,regular,1,2024-08-31 16:00:00+00:00,61,Georgia,228,Clemson,DraftKings,-14,-14,49,47.5,-455,350
401628323,2024,regular,1,2024-08-31 16:00:00+00:00,61,Georgia,228,Clemson,ESPN Bet,-10.5,,49.5,,,
401628324,2024,regular,1,2024-08-31 23:45:00+00:00,96,Kentucky,2572,Southern Miss,Bovada,-25.5,-27,50,51.5,-6500,1300
401628324,2024,regular,1,2024-08-31 23:45:00+00:00,96,Kentucky,2572,Southern Miss,DraftKings,-25.5,-25.5,50.5,50.5,-5000,1800
401628324,2024,regular,1,2024-08-31 23:45:00+00:00,96,Kentucky,2572,Southern Miss,ESPN Bet,-25.5,,49.5,,,
401628325,2024,regular,1,2024-08-31 23:00:00+00:00,145,Ole Miss,231,Furman,ESPN Bet,-45.5,,58.5,,,
401628326,2024,regular,1,2024-08-31 22:00:00+00:00,344,Mississippi State,2198,Eastern Kentucky,ESPN Bet,-26.5,,61.5,,,
401628327,2024,regular,1,2024-08-30 00:00:00+00:00,142,Missouri,93,Murray State,ESPN Bet,-50.5,,62.5,,,
401628328,2024,regular,1,2024-08-30 23:00:00+00:00,201,Oklahoma,218,Temple,Bovada,-43,-43,57.5,59,,
401628328,2024,regular,1,2024-08-30 23:00:00+00:00,201,Oklahoma,218,Temple,DraftKings,-42.5,-42.5,59.5,59.5,,
401628328,2024,regular,1,2024-08-30 23:00:00+00:00,201,Oklahoma,218,Temple,ESPN Bet,-43.5,,57.5,,,
401628329,2024,regular,1,2024-08-31 20:15:00+00:00,2579,South Carolina,295,Old Dominion,Bovada,-20.5,-20.5,49.5,54,-1600,800
401628329,2024,regular,1,2024-08-31 20:15:00+00:00,2579,South Carolina,295,Old Dominion,DraftKings,-20,-20,54.5,55.5,-2100,1100
401628329,2024,regular,1,2024-08-31 20:15:00+00:00,2579,South Carolina,295,Old Dominion,ESPN Bet,-20.5,,48.5,,,
401628330,2024,regular,1,2024-08-31 16:45:00+00:00,2633,Tennessee,236,Chattanooga,ESPN Bet,-38.5,,56.5,,,
401628331,2024,regular,1,2024-08-31 19:30:00+00:00,251,Texas,36,Colorado State,Bovada,-35,-33.5,62.5,60,,
401628331,2024,regular,1,2024-08-31 19:30:00+00:00,251,Texas,36,Colorado State,DraftKings,-35.5,-35.5,59,59,-20000,3500
401628331,2024,regular,1,2024-08-31 19:30:00+00:00,251,Texas,36,Colorado State,ESPN Bet,-34.5,,62.5,,,
401628332,2024,regular,1,2024-08-31 23:30:00+00:00,245,Texas A&M,87,Notre Dame,Bovada,-3,-2.5,47,46.5,-145,125
401628332,2024,regular,1,2024-08-31 23:30:00+00:00,245,Texas A&M,87,Notre Dame,DraftKings,-2.5,-1,46.5,47,-148,124
401628332,2024,regular,1,2024-08-31 23:30:00+00:00,245,Texas A&M,87,Notre Dame,ESPN Bet,-2.5,,46.5,,,
401628333,2024,regular,1,2024-08-31 16:00:00+00:00,238,Vanderbilt,259,Virginia Tech,Bovada,13,13,49,53.5,390,-550
401628333,2024,regular,1,2024-08-31 16:00:00+00:00,238,Vanderbilt,259,Virginia Tech,DraftKings,13.5,13,53.5,54,390,-520
401628333,2024,regular,1,2024-08-31 16:00:00+00:00,238,Vanderbilt,259,Virginia Tech,ESPN Bet,13.5,,48.5,,,
401628334,2024,regular,1,2024-09-01 23:30:00+00:00,99,LSU,30,USC,Bovada,-4,-4.5,67,63,175,-210
401628334,2024,regular,1,2024-09-01 23:30:00+00:00,99,LSU,30,USC,DraftKings,-4,-6,66.5,62.5,-185,154
401628334,2024,regular,1,2024-09-01 23:30:00+00:00,99,LSU,30,USC,ESPN Bet,-3.5,-4,67.5,65.5,-185,155
401628335,2024,regular,2,2024-09-07 23:00:00+00:00,333,Alabama,58,South Florida,Bovada,-30.5,-31,64.5,64.5,-20000,2500
401628335,2024,regular,2,2024-09-07 23:00:00+00:00,333,Alabama,58,South Florida,DraftKings,-31,-31,64,63.5,-8000,2200
401628335,2024,regular,2,2024-09-07 23:00:00+00:00,333,Alabama,58,South Florida,ESPN Bet,-33.5,-31,65.5,63.5,-10000,3000
401628336,2024,regular,2,2024-09-07 16:00:00+00:00,197,Oklahoma State,8,Arkansas,Bovada,-10,-9.5,61,60.5,-290,240
401628336,2024,regular,2,2024-09-07 16:00:00+00:00,197,Oklahoma State,8,Arkansas,DraftKings,-7.5,-9,63,59.5,-395,310
401628336,2024,regular,2,2024-09-07 16:00:00+00:00,197,Oklahoma State,8,Arkansas,ESPN Bet,-10.5,-7.5,60.5,62.5,-360,290
401628337,2024,regular,2,2024-09-07 19:30:00+00:00,2,Auburn,25,California,Bovada,-12.5,-12.5,52.5,53.5,-575,400
401628337,2024,regular,2,2024-09-07 19:30:00+00:00,2,Auburn,25,California,DraftKings,-13,-12.5,53,53,-485,370
401628337,2024,regular,2,2024-09-07 19:30:00+00:00,2,Auburn,25,California,ESPN Bet,-11.5,-13,52.5,53.5,-525,400
401628338,2024,regular,2,2024-09-07 23:00:00+00:00,57,Florida,2535,Samford,ESPN Bet,-38.5,-37,55.5,53.5,,
401628339,2024,regular,2,2024-09-07 18:00:00+00:00,61,Georgia,2635,Tennessee Tech,DraftKings,-54.5,-54.5,62.5,62.5,,
401628339,2024,regular,2,2024-09-07 18:00:00+00:00,61,Georgia,2635,Tennessee Tech,ESPN Bet,-54.5,-54.5,68.5,62.5,,
401628340,2024,regular,2,2024-09-07 19:30:00+00:00,96,Kentucky,2579,South Carolina,Bovada,-9.5,-8.5,41.5,46,-350,275
401628340,2024,regular,2,2024-09-07 19:30:00+00:00,96,Kentucky,2579,South Carolina,DraftKings,-9,-9,42.5,45.5,-380,300
401628340,2024,regular,2,2024-09-07 19:30:00+00:00,96,Kentucky,2579,South Carolina,ESPN Bet,-9.5,-10,41.5,42.5,-340,270
401628341,2024,regular,2,2024-09-07 23:30:00+00:00,99,LSU,2447,Nicholls,DraftKings,-50.5,-50.5,62,62,,
401628341,2024,regular,2,2024-09-07 23:30:00+00:00,99,LSU,2447,Nicholls,ESPN Bet,-46.5,-50.5,57.5,61.5,,
401628342,2024,regular,2,2024-09-07 20:15:00+00:00,145,Ole Miss,2393,Middle Tennessee,Bovada,-42,-40.5,61.5,62.5,,
401628342,2024,regular,2,2024-09-07 20:15:00+00:00,145,Ole Miss,2393,Middle Tennessee,DraftKings,-43,-40.5,63,62.5,,
401628342,2024,regular,2,2024-09-07 20:15:00+00:00,145,Ole Miss,2393,Middle Tennessee,ESPN Bet,-42.5,-41,60.5,63.5,,
401628343,2024,regular,2,2024-09-08 02:30:00+00:00,9,Arizona State,344,Mississippi State,Bovada,-6.5,-4.5,58.5,58.5,-225,185
401628343,2024,regular,2,2024-09-08 02:30:00+00:00,9,Arizona State,344,Mississippi State,DraftKings,-5.5,-4.5,59,58.5,-245,200
401628343,2024,regular,2,2024-09-08 02:30:00+00:00,9,Arizona State,344,Mississippi State,ESPN Bet,-6.5,-6.5,57.5,59.5,-225,190
401628344,2024,regular,2,2024-09-07 23:00:00+00:00,142,Missouri,2084,Buffalo,Bovada,-32,-34,51.5,51,,
401628344,2024,regular,2,2024-09-07 23:00:00+00:00,142,Missouri,2084,Buffalo,DraftKings,-34.5,-35,52,52.5,,
401628344,2024,regular,2,2024-09-07 23:00:00+00:00,142,Missouri,2084,Buffalo,ESPN Bet,-34.5,-34.5,53.5,51.5,-20000,4000
401628345,2024,regular,2,2024-09-07 23:45:00+00:00,201,Oklahoma,248,Houston,Bovada,-27.5,-28,49.5,52.5,-10000,1600
401628345,2024,regular,2,2024-09-07 23:45:00+00:00,201,Oklahoma,248,Houston,DraftKings,-28,-27,50,53,-4000,1600
401628345,2024,regular,2,2024-09-07 23:45:00+00:00,201,Oklahoma,248,Houston,ESPN Bet,-27.5,-30,48.5,49.5,-4000,1800
401628346,2024,regular,2,2024-09-07 23:30:00+00:00,152,NC State,2633,Tennessee,Bovada,8.5,7,60.5,60,295,-390
401628346,2024,regular,2,2024-09-07 23:30:00+00:00,152,NC State,2633,Tennessee,DraftKings,10,4.5,60.5,,270,-340
401628346,2024,regular,2,2024-09-07 23:30:00+00:00,152,NC State,2633,Tennessee,ESPN Bet,13.5,8,59.5,60.5,270,-340
401628347,2024,regular,2,2024-09-07 16:00:00+00:00,130,Michigan,251,Texas,Bovada,6.5,6,42,45.5,235,-285
401628347,2024,regular,2,2024-09-07 16:00:00+00:00,130,Michigan,251,Texas,DraftKings,7,3.5,42,,200,-245
401628347,2024,regular,2,2024-09-07 16:00:00+00:00,130,Michigan,251,Texas,ESPN Bet,6.5,7.5,41.5,42.5,200,-240
401628348,2024,regular,2,2024-09-07 16:45:00+00:00,245,Texas A&M,2377,McNeese,ESPN Bet,-48.5,-48,56.5,55.5,,
401628349,2024,regular,2,2024-09-07 23:30:00+00:00,238,Vanderbilt,2016,Alcorn State,ESPN Bet,-32.5,-31,47.5,49.5,-20000,4000
401628350,2024,regular,3,2024-09-14 16:00:00+00:00,275,Wisconsin,333,Alabama,Bovada,14.5,9.5,47,50,500,-750
401628350,2024,regular,3,2024-09-14 16:00:00+00:00,275,Wisconsin,333,Alabama,DraftKings,15.5,9,51,,470,-650
401628350,2024,regular,3,2024-09-14 16:00:00+00:00,275,Wisconsin,333,Alabama,ESPN Bet,15.5,9.5,47.5,,550,-800
401628351,2024,regular,3,2024-09-14 20:15:00+00:00,8,Arkansas,5,UAB,Bovada,-23.5,-24,61,60.5,-2200,1000
401628351,2024,regular,3,2024-09-14 20:15:00+00:00,8,Arkansas,5,UAB,DraftKings,-24,-24,59.5,58.5,-1800,1000
401628351,2024,regular,3,2024-09-14 20:15:00+00:00,8,Arkansas,5,UAB,ESPN Bet,-23.5,-21,60.5,58.5,-2000,1100
401628352,2024,regular,3,2024-09-14 23:30:00+00:00,2,Auburn,167,New Mexico,Bovada,-24,-28,58,60,,
401628352,2024,regular,3,2024-09-14 23:30:00+00:00,2,Auburn,167,New Mexico,DraftKings,-28,-28,61.5,62,-2400,1200
401628352,2024,regular,3,2024-09-14 23:30:00+00:00,2,Auburn,167,New Mexico,ESPN Bet,-25.5,-28,58.5,59.5,-2500,1200
401628353,2024,regular,3,2024-09-14 19:30:00+00:00,57,Florida,245,Texas A&M,Bovada,3,4,45.5,46.5,170,-200
401628353,2024,regular,3,2024-09-14 19:30:00+00:00,57,Florida,245,Texas A&M,DraftKings,4.5,4,47,,124,-148
401628353,2024,regular,3,2024-09-14 19:30:00+00:00,57,Florida,245,Texas A&M,ESPN Bet,3.5,4.5,45.5,,130,-150
401628354,2024,regular,3,2024-09-14 23:30:00+00:00,96,Kentucky,61,Georgia,Bovada,22,23.5,45.5,44.5,1000,-2500
401628354,2024,regular,3,2024-09-14 23:30:00+00:00,96,Kentucky,61,Georgia,DraftKings,24,18,45,,1300,-2800
401628354,2024,regular,3,2024-09-14 23:30:00+00:00,96,Kentucky,61,Georgia,ESPN Bet,21.5,23.5,44.5,46.5,1200,-2500
401628355,2024,regular,3,2024-09-14 22:30:00+00:00,154,Wake Forest,145,Ole Miss,Bovada,20.5,23,66,63.5,1000,-2200
401628355,2024,regular,3,2024-09-14 22:30:00+00:00,154,Wake Forest,145,Ole Miss,DraftKings,23.5,23,63.5,64,1000,-1800
401628355,2024,regular,3,2024-09-14 22:30:00+00:00,154,Wake Forest,145,Ole Miss,ESPN Bet,20.5,23,65.5,63.5,900,-1600
401628356,2024,regular,3,2024-09-14 23:30:00+00:00,344,Mississippi State,2649,Toledo,Bovada,-10.5,-11.5,57.5,60,-500,360
401628356,2024,regular,3,2024-09-14 23:30:00+00:00,344,Mississippi State,2649,Toledo,DraftKings,-13,-12.5,59.5,58,-410,320
401628356,2024,regular,3,2024-09-14 23:30:00+00:00,344,Mississippi State,2649,Toledo,ESPN Bet,-10.5,-9.5,56.5,57.5,-380,300
401628357,2024,regular,3,2024-09-14 16:45:00+00:00,142,Missouri,103,Boston College,Bovada,-14.5,-17,52,53.5,-800,525
401628357,2024,regular,3,2024-09-14 16:45:00+00:00,142,Missouri,103,Boston College,DraftKings,-16.5,-16.5,54,54,-625,455
401628357,2024,regular,3,2024-09-14 16:45:00+00:00,142,Missouri,103,Boston College,ESPN Bet,-14.5,-16,51.5,54.5,-600,450
401628358,2024,regular,3,2024-09-14 19:30:00+00:00,201,Oklahoma,2655,Tulane,Bovada,-13,-14,49,47.5,-600,425
401628358,2024,regular,3,2024-09-14 19:30:00+00:00,201,Oklahoma,2655,Tulane,DraftKings,-13.5,-13.5,50,50.5,-550,410
401628358,2024,regular,3,2024-09-14 19:30:00+00:00,201,Oklahoma,2655,Tulane,ESPN Bet,-13.5,-14,48.5,49.5,-525,400
401628359,2024,regular,3,2024-09-14 16:00:00+00:00,2579,South Carolina,99,LSU,Bovada,6.5,7,48.5,49.5,220,-270
401628359,2024,regular,3,2024-09-14 16:00:00+00:00,2579,South Carolina,99,LSU,DraftKings,7,9.5,50,,205,-250
401628359,2024,regular,3,2024-09-14 16:00:00+00:00,2579,South Carolina,99,LSU,ESPN Bet,6.5,7.5,48.5,52.5,220,-270
401628360,2024,regular,3,2024-09-14 23:45:00+00:00,2633,Tennessee,2309,Kent State,Bovada,-49.5,-49.5,62.5,62.5,,
401628360,2024,regular,3,2024-09-14 23:45:00+00:00,2633,Tennessee,2309,Kent State,DraftKings,-47.5,-48,62.5,62.5,,
401628360,2024,regular,3,2024-09-14 23:45:00+00:00,2633,Tennessee,2309,Kent State,ESPN Bet,-49.5,-48,61.5,62.5,,
401628361,2024,regular,3,2024-09-14 23:00:00+00:00,251,Texas,2636,UTSA,Bovada,-35.5,-35,56.5,54.5,,
401628361,2024,regular,3,2024-09-14 23:00:00+00:00,251,Texas,2636,UTSA,DraftKings,-34.5,-34.5,53.5,53.5,,
401628361,2024,regular,3,2024-09-14 23:00:00+00:00,251,Texas,2636,UTSA,ESPN Bet,-36.5,-33.5,56.5,53.5,-20000,4000
401628362,2024,regular,3,2024-09-14 23:00:00+00:00,2247,Georgia State,238,Vanderbilt,Bovada,9,10,45,44,310,-415
401628362,2024,regular,3,2024-09-14 23:00:00+00:00,2247,Georgia State,238,Vanderbilt,DraftKings,10,10,46,46,270,-340
401628362,2024,regular,3,2024-09-14 23:00:00+00:00,2247,Georgia State,238,Vanderbilt,ESPN Bet,8.5,10,45.5,46.5,280,-350
401628363,2024,regular,4,2024-09-21 19:30:00+00:00,2,Auburn,8,Arkansas,Bovada,-2.5,-3.5,54,58,-135,115
401628363,2024,regular,4,2024-09-21 19:30:00+00:00,2,Auburn,8,Arkansas,DraftKings,-2.5,,53.5,,-142,120
401628363,2024,regular,4,2024-09-21 19:30:00+00:00,2,Auburn,8,Arkansas,ESPN Bet,-2.5,-3.5,53.5,58.5,-140,120
401628364,2024,regular,4,2024-09-21 16:45:00+00:00,96,Kentucky,195,Ohio,Bovada,-19,-18.5,42,42.5,-1200,700
401628364,2024,regular,4,2024-09-21 16:45:00+00:00,96,Kentucky,195,Ohio,DraftKings,-21.5,,42,,-2100,1100
401628364,2024,regular,4,2024-09-21 16:45:00+00:00,96,Kentucky,195,Ohio,ESPN Bet,-21.5,-18,41.5,41.5,-1800,1000
401628365,2024,regular,4,2024-09-21 19:30:00+00:00,99,LSU,26,UCLA,Bovada,-21.5,-23,56.5,56.5,-2200,1000
401628365,2024,regular,4,2024-09-21 19:30:00+00:00,99,LSU,26,UCLA,DraftKings,-21.5,,56.5,,-1800,1000
401628365,2024,regular,4,2024-09-21 19:30:00+00:00,99,LSU,26,UCLA,ESPN Bet,-21.5,-22.5,56.5,56.5,-2500,1200
401628366,2024,regular,4,2024-09-21 23:45:00+00:00,145,Ole Miss,290,Georgia Southern,Bovada,-35,-35.5,68.5,64.5,,
401628366,2024,regular,4,2024-09-21 23:45:00+00:00,145,Ole Miss,290,Georgia Southern,DraftKings,-35,-36,68.5,66,,
401628366,2024,regular,4,2024-09-21 23:45:00+00:00,145,Ole Miss,290,Georgia Southern,ESPN Bet,-35.5,-36,68.5,65.5,-7500,2500
401628367,2024,regular,4,2024-09-21 16:00:00+00:00,344,Mississippi State,57,Florida,Bovada,6.5,4.5,58,57,215,-260
401628367,2024,regular,4,2024-09-21 16:00:00+00:00,344,Mississippi State,57,Florida,DraftKings,6.5,,57.5,,190,-230
401628367,2024,regular,4,2024-09-21 16:00:00+00:00,344,Mississippi State,57,Florida,ESPN Bet,7,4.5,58.5,57.5,210,-250
401628368,2024,regular,4,2024-09-21 20:15:00+00:00,142,Missouri,238,Vanderbilt,Bovada,-18,-21,52,53.5,-950,600
401628368,2024,regular,4,2024-09-21 20:15:00+00:00,142,Missouri,238,Vanderbilt,DraftKings,-17.5,,52,,-950,625
401628368,2024,regular,4,2024-09-21 20:15:00+00:00,142,Missouri,238,Vanderbilt,ESPN Bet,-18.5,-21,52.5,52.5,-1000,700
401628369,2024,regular,4,2024-09-21 23:30:00+00:00,201,Oklahoma,2633,Tennessee,Bovada,6.5,-3.5,57,58,215,-260
401628369,2024,regular,4,2024-09-21 23:30:00+00:00,201,Oklahoma,2633,Tennessee,DraftKings,6,-3,57,,185,-225
401628369,2024,regular,4,2024-09-21 23:30:00+00:00,201,Oklahoma,2633,Tennessee,ESPN Bet,5.5,7.5,56.5,57.5,190,-225
401628370,2024,regular,4,2024-09-21 23:30:00+00:00,2579,South Carolina,2006,Akron,Bovada,-26,-27,41.5,47,-5000,1200
401628370,2024,regular,4,2024-09-21 23:30:00+00:00,2579,South Carolina,2006,Akron,DraftKings,-25,-27.5,42,46.5,-2400,1200
401628370,2024,regular,4,2024-09-21 23:30:00+00:00,2579,South Carolina,2006,Akron,ESPN Bet,-22.5,-27,40.5,46.5,-4000,1800
401628371,2024,regular,4,2024-09-22 00:00:00+00:00,251,Texas,2433,UL Monroe,Bovada,-44,-45,53.5,53,,
401628371,2024,regular,4,2024-09-22 00:00:00+00:00,251,Texas,2433,UL Monroe,DraftKings,-43.5,-44.5,54.5,52.5,,
401628371,2024,regular,4,2024-09-22 00:00:00+00:00,251,Texas,2433,UL Monroe,ESPN Bet,-41.5,-45,53.5,52.5,,
401628372,2024,regular,4,2024-09-21 23:30:00+00:00,245,Texas A&M,189,Bowling Green,Bovada,-21.5,-23,50.5,52.5,-2200,1000
401628372,2024,regular,4,2024-09-21 23:30:00+00:00,245,Texas A&M,189,Bowling Green,DraftKings,-21,,50.5,,-1450,850
401628372,2024,regular,4,2024-09-21 23:30:00+00:00,245,Texas A&M,189,Bowling Green,ESPN Bet,-21,-23,50.5,52.5,-1400,800
401628373,2024,regular,5,2024-09-28 19:30:00+00:00,245,Texas A&M,8,Arkansas,Bovada,-6.5,-4,50.5,52.5,-200,170
401628373,2024,regular,5,2024-09-28 19:30:00+00:00,245,Texas A&M,8,Arkansas,DraftKings,-6.5,-10.5,50.5,,-230,190
401628373,2024,regular,5,2024-09-28 19:30:00+00:00,245,Texas A&M,8,Arkansas,ESPN Bet,-7.5,-4.5,50.5,52.5,-230,195
401628374,2024,regular,5,2024-09-28 23:30:00+00:00,333,Alabama,61,Georgia,Bovada,2,2,50,49.5,110,-130
401628374,2024,regular,5,2024-09-28 23:30:00+00:00,333,Alabama,61,Georgia,DraftKings,2,4.5,50,,105,-125
401628374,2024,regular,5,2024-09-28 23:30:00+00:00,333,Alabama,61,Georgia,ESPN Bet,-7.5,1.5,64.5,49.5,105,-125
401628375,2024,regular,5,2024-09-28 19:30:00+00:00,2,Auburn,201,Oklahoma,Bovada,-2,2,43,45,110,-130
401628375,2024,regular,5,2024-09-28 19:30:00+00:00,2,Auburn,201,Oklahoma,DraftKings,-2,2.5,43,,-125,105
401628375,2024,regular,5,2024-09-28 19:30:00+00:00,2,Auburn,201,Oklahoma,ESPN Bet,-1.5,2.5,43.5,47.5,-120,-105
401628376,2024,regular,5,2024-09-28 23:45:00+00:00,99,LSU,6,South Alabama,Bovada,-21,-21,64.5,67,-1800,850
401628376,2024,regular,5,2024-09-28 23:45:00+00:00,99,LSU,6,South Alabama,DraftKings,-21,-22,64.5,,-1450,850
401628376,2024,regular,5,2024-09-28 23:45:00+00:00,99,LSU,6,South Alabama,ESPN Bet,-20.5,-20.5,64.5,65.5,-1600,900
401628377,2024,regular,5,2024-09-28 16:00:00+00:00,145,Ole Miss,96,Kentucky,Bovada,-14.5,-17,51.5,54.5,-1000,625
401628377,2024,regular,5,2024-09-28 16:00:00+00:00,145,Ole Miss,96,Kentucky,DraftKings,-15,-16.5,51.5,,-700,500
401628377,2024,regular,5,2024-09-28 16:00:00+00:00,145,Ole Miss,96,Kentucky,ESPN Bet,-15.5,-17,51.5,51.5,-700,500
401628378,2024,regular,5,2024-09-28 20:15:00+00:00,251,Texas,344,Mississippi State,Bovada,-37,-38,59,62,,
401628378,2024,regular,5,2024-09-28 20:15:00+00:00,251,Texas,344,Mississippi State,DraftKings,-37,-35.5,58.5,,,
401628378,2024,regular,5,2024-09-28 20:15:00+00:00,251,Texas,344,Mississippi State,ESPN Bet,-38.5,-38.5,58.5,61.5,-20000,4000
401628379,2024,regular,6,2024-10-05 23:30:00+00:00,8,Arkansas,2633,Tennessee,Bovada,14,13.5,57,60,400,-575
401628379,2024,regular,6,2024-10-05 23:30:00+00:00,8,Arkansas,2633,Tennessee,DraftKings,14,10.5,57.5,,410,-550
401628379,2024,regular,6,2024-10-05 23:30:00+00:00,8,Arkansas,2633,Tennessee,ESPN Bet,14.5,13.5,57.5,59.5,425,-550
401628380,2024,regular,6,2024-10-05 23:45:00+00:00,57,Florida,2116,UCF,Bovada,1,-1,62,60,120,-140
401628380,2024,regular,6,2024-10-05 23:45:00+00:00,57,Florida,2116,UCF,DraftKings,1,1,62,,-108,-112
401628380,2024,regular,6,2024-10-05 23:45:00+00:00,57,Florida,2116,UCF,ESPN Bet,1.5,-1,60.5,59.5,-115,-105
401628381,2024,regular,6,2024-10-05 19:30:00+00:00,61,Georgia,2,Auburn,Bovada,-21,-23.5,50.5,52,-2800,1100
401628381,2024,regular,6,2024-10-05 19:30:00+00:00,61,Georgia,2,Auburn,DraftKings,-21,-23.5,50,,-1650,950
401628381,2024,regular,6,2024-10-05 19:30:00+00:00,61,Georgia,2,Auburn,ESPN Bet,-21.5,-23.5,49.5,52.5,-1600,900
401628382,2024,regular,6,2024-10-05 19:30:00+00:00,2579,South Carolina,145,Ole Miss,Bovada,10,9.5,53.5,51.5,285,-370
401628382,2024,regular,6,2024-10-05 19:30:00+00:00,2579,South Carolina,145,Ole Miss,DraftKings,10,11.5,53,,285,-360
401628382,2024,regular,6,2024-10-05 19:30:00+00:00,2579,South Carolina,145,Ole Miss,ESPN Bet,10.5,9,51.5,51.5,290,-360
401628383,2024,regular,6,2024-10-05 16:00:00+00:00,245,Texas A&M,142,Missouri,Bovada,-2.5,-1.5,47.5,49.5,-140,120
401628383,2024,regular,6,2024-10-05 16:00:00+00:00,245,Texas A&M,142,Missouri,DraftKings,-3,-4,47.5,,-142,120
401628383,2024,regular,6,2024-10-05 16:00:00+00:00,245,Texas A&M,142,Missouri,ESPN Bet,-2.5,-1,46.5,49.5,-145,125
401628384,2024,regular,6,2024-10-05 20:15:00+00:00,238,Vanderbilt,333,Alabama,Bovada,23,24,53.5,55,1000,-2200
401628384,2024,regular,6,2024-10-05 20:15:00+00:00,238,Vanderbilt,333,Alabama,DraftKings,23.5,24,53.5,,1200,-2400
401628384,2024,regular,6,2024-10-05 20:15:00+00:00,238,Vanderbilt,333,Alabama,ESPN Bet,22.5,24,53.5,54.5,1100,-2000
401628385,2024,regular,7,2024-10-12 16:00:00+00:00,333,Alabama,2579,South Carolina,Bovada,-21.5,-22,50,50.5,-2000,950
401628385,2024,regular,7,2024-10-12 16:00:00+00:00,333,Alabama,2579,South Carolina,DraftKings,-21,-21.5,50,,-1800,1000
401628385,2024,regular,7,2024-10-12 16:00:00+00:00,333,Alabama,2579,South Carolina,ESPN Bet,-19.5,-21.5,49.5,50.5,-1600,900
401628386,2024,regular,7,2024-10-12 20:15:00+00:00,61,Georgia,344,Mississippi State,Bovada,-33,-34,53.5,54,,
401628386,2024,regular,7,2024-10-12 20:15:00+00:00,61,Georgia,344,Mississippi State,DraftKings,-34,-34.5,53.5,,-10000,3000
401628386,2024,regular,7,2024-10-12 20:15:00+00:00,61,Georgia,344,Mississippi State,ESPN Bet,-34.5,-33,54.5,53.5,-20000,4000
401628387,2024,regular,7,2024-10-12 23:45:00+00:00,96,Kentucky,238,Vanderbilt,Bovada,-13,-13.5,44.5,45.5,-585,410
401628387,2024,regular,7,2024-10-12 23:45:00+00:00,96,Kentucky,238,Vanderbilt,DraftKings,-12.5,-10.5,44.5,,-520,390
401628387,2024,regular,7,2024-10-12 23:45:00+00:00,96,Kentucky,238,Vanderbilt,ESPN Bet,-12.5,-13.5,43.5,45.5,-525,400
401628388,2024,regular,7,2024-10-12 23:30:00+00:00,99,LSU,145,Ole Miss,Bovada,4,3,64.5,64,120,-140
401628388,2024,regular,7,2024-10-12 23:30:00+00:00,99,LSU,145,Ole Miss,DraftKings,4,-2.5,64.5,,154,-185
401628388,2024,regular,7,2024-10-12 23:30:00+00:00,99,LSU,145,Ole Miss,ESPN Bet,3.5,2.5,64.5,64.5,155,-185
401628389,2024,regular,7,2024-10-12 16:00:00+00:00,113,Massachusetts,142,Missouri,Bovada,27,27.5,53.5,53.5,1400,-8000
401628389,2024,regular,7,2024-10-12 16:00:00+00:00,113,Massachusetts,142,Missouri,DraftKings,27,28.5,54,,1600,-4000
401628389,2024,regular,7,2024-10-12 16:00:00+00:00,113,Massachusetts,142,Missouri,ESPN Bet,27.5,27.5,53.5,53.5,1800,-4000
401628390,2024,regular,7,2024-10-12 19:30:00+00:00,201,Oklahoma,251,Texas,Bovada,17,7.5,49,60.5,410,-585
401628390,2024,regular,7,2024-10-12 19:30:00+00:00,201,Oklahoma,251,Texas,DraftKings,17,8.5,49,,575,-850
401628390,2024,regular,7,2024-10-12 19:30:00+00:00,201,Oklahoma,251,Texas,ESPN Bet,16.5,14,48.5,51.5,600,-900
401628391,2024,regular,7,2024-10-12 23:00:00+00:00,2633,Tennessee,57,Florida,Bovada,-14,-15,55.5,54,-750,500
401628391,2024,regular,7,2024-10-12 23:00:00+00:00,2633,Tennessee,57,Florida,DraftKings,-14,-10,55.5,,-600,440
401628391,2024,regular,7,2024-10-12 23:00:00+00:00,2633,Tennessee,57,Florida,ESPN Bet,-13.5,-15.5,54.5,54.5,-650,475
401628392,2024,regular,8,2024-10-19 23:00:00+00:00,8,Arkansas,99,LSU,Bovada,3,3,57,57,120,-140
401628392,2024,regular,8,2024-10-19 23:00:00+00:00,8,Arkansas,99,LSU,DraftKings,3,9.5,57,,124,-148
401628392,2024,regular,8,2024-10-19 23:00:00+00:00,8,Arkansas,99,LSU,ESPN Bet,2.5,2.5,55.5,57.5,125,-145
401628393,2024,regular,8,2024-10-19 23:45:00+00:00,57,Florida,96,Kentucky,Bovada,2.5,-2,42.5,42.5,-125,105
401628393,2024,regular,8,2024-10-19 23:45:00+00:00,57,Florida,96,Kentucky,DraftKings,2.5,1,42.5,,110,-130
401628393,2024,regular,8,2024-10-19 23:45:00+00:00,57,Florida,96,Kentucky,ESPN Bet,2.5,-2,41.5,42.5,115,-135
401628394,2024,regular,8,2024-10-19 20:15:00+00:00,344,Mississippi State,245,Texas A&M,Bovada,21,15,55.5,55.5,,-675
401628394,2024,regular,8,2024-10-19 20:15:00+00:00,344,Mississippi State,245,Texas A&M,DraftKings,21,15,55.5,,750,-1200
401628394,2024,regular,8,2024-10-19 20:15:00+00:00,344,Mississippi State,245,Texas A&M,ESPN Bet,21.5,15,55.5,55.5,800,-1400
401628395,2024,regular,8,2024-10-19 16:00:00+00:00,142,Missouri,2,Auburn,Bovada,-3.5,-9.5,49.5,51.5,-240,200
401628395,2024,regular,8,2024-10-19 16:00:00+00:00,142,Missouri,2,Auburn,DraftKings,-3.5,-9.5,49.5,,-162,136
401628395,2024,regular,8,2024-10-19 16:00:00+00:00,142,Missouri,2,Auburn,ESPN Bet,-4.5,-6.5,49.5,51.5,-155,135
401628396,2024,regular,8,2024-10-19 16:45:00+00:00,201,Oklahoma,2579,South Carolina,Bovada,1,-3,40,40.5,-140,120
401628396,2024,regular,8,2024-10-19 16:45:00+00:00,201,Oklahoma,2579,South Carolina,DraftKings,1,-7.5,40.5,,-105,-115
401628396,2024,regular,8,2024-10-19 16:45:00+00:00,201,Oklahoma,2579,South Carolina,ESPN Bet,2.5,-3,40.5,41.5,-105,-120
401628397,2024,regular,8,2024-10-19 19:30:00+00:00,2633,Tennessee,333,Alabama,Bovada,3.5,3,57.5,56,120,-140
401628397,2024,regular,8,2024-10-19 19:30:00+00:00,2633,Tennessee,333,Alabama,DraftKings,3.5,2.5,57.5,,136,-162
401628397,2024,regular,8,2024-10-19 19:30:00+00:00,2633,Tennessee,333,Alabama,ESPN Bet,3.5,2.5,57.5,55.5,145,-170
401628398,2024,regular,8,2024-10-19 23:30:00+00:00,251,Texas,61,Georgia,Bovada,-4,-3.5,57,56.5,-180,155
401628398,2024,regular,8,2024-10-19 23:30:00+00:00,251,Texas,61,Georgia,DraftKings,-4,2,57,,-180,150
401628398,2024,regular,8,2024-10-19 23:30:00+00:00,251,Texas,61,Georgia,ESPN Bet,-4.5,-3.5,56.5,56.5,-190,160
401628399,2024,regular,8,2024-10-19 23:00:00+00:00,238,Vanderbilt,2050,Ball State,Bovada,-27.5,-24.5,57.5,58.5,-4000,1200
401628399,2024,regular,8,2024-10-19 23:00:00+00:00,238,Vanderbilt,2050,Ball State,DraftKings,-27.5,-24.5,57.5,,-4500,1700
401628399,2024,regular,8,2024-10-19 23:00:00+00:00,238,Vanderbilt,2050,Ball State,ESPN Bet,-27.5,-26.5,56.5,58.5,-3000,1300
401628400,2024,regular,9,2024-10-26 19:30:00+00:00,333,Alabama,142,Missouri,Bovada,-15.5,-13.5,51.5,56,-600,425
401628400,2024,regular,9,2024-10-26 19:30:00+00:00,333,Alabama,142,Missouri,DraftKings,-16,-8.5,51.5,,-700,490
401628400,2024,regular,9,2024-10-26 19:30:00+00:00,333,Alabama,142,Missouri,ESPN Bet,-16.5,-14,51.5,56.5,-900,550
401628401,2024,regular,9,2024-10-26 23:45:00+00:00,96,Kentucky,2,Auburn,Bovada,-2,-2,43.5,43.5,-135,115
401628401,2024,regular,9,2024-10-26 23:45:00+00:00,96,Kentucky,2,Auburn,DraftKings,-2,-3.5,44,,-122,102
401628401,2024,regular,9,2024-10-26 23:45:00+00:00,96,Kentucky,2,Auburn,ESPN Bet,-1.5,-2.5,42.5,42.5,-130,110
401628402,2024,regular,9,2024-10-26 16:00:00+00:00,145,Ole Miss,201,Oklahoma,Bovada,-19.5,-20.5,50,48,-1500,775
401628402,2024,regular,9,2024-10-26 16:00:00+00:00,145,Ole Miss,201,Oklahoma,DraftKings,-19,-6,50,,-1200,750
401628402,2024,regular,9,2024-10-26 16:00:00+00:00,145,Ole Miss,201,Oklahoma,ESPN Bet,-19.5,-20.5,50.5,48.5,-1400,750
401628403,2024,regular,9,2024-10-26 16:45:00+00:00,344,Mississippi State,8,Arkansas,Bovada,7.5,7,55,58,230,-280
401628403,2024,regular,9,2024-10-26 16:45:00+00:00,344,Mississippi State,8,Arkansas,DraftKings,7.5,8.5,55,,230,-285
401628403,2024,regular,9,2024-10-26 16:45:00+00:00,344,Mississippi State,8,Arkansas,ESPN Bet,7.5,7.5,54.5,57.5,225,-275
401628404,2024,regular,9,2024-10-26 23:30:00+00:00,245,Texas A&M,99,LSU,Bovada,-2,-3.5,54.5,54.5,-150,130
401628404,2024,regular,9,2024-10-26 23:30:00+00:00,245,Texas A&M,99,LSU,DraftKings,-2,-2,54.5,,-122,102
401628404,2024,regular,9,2024-10-26 23:30:00+00:00,245,Texas A&M,99,LSU,ESPN Bet,-1.5,-2.5,54.5,53.5,-120,105
401628405,2024,regular,9,2024-10-26 20:15:00+00:00,238,Vanderbilt,251,Texas,Bovada,17,17.5,50.5,53,600,-950
401628405,2024,regular,9,2024-10-26 20:15:00+00:00,238,Vanderbilt,251,Texas,DraftKings,17,21,51,,525,-750
401628405,2024,regular,9,2024-10-26 20:15:00+00:00,238,Vanderbilt,251,Texas,ESPN Bet,16.5,17.5,51.5,53.5,500,-800
401628406,2024,regular,10,2024-11-02 16:00:00+00:00,8,Arkansas,145,Ole Miss,Bovada,8.5,6.5,54,55,205,-245
401628406,2024,regular,10,2024-11-02 16:00:00+00:00,8,Arkansas,145,Ole Miss,DraftKings,8,9.5,54,,260,-325
401628406,2024,regular,10,2024-11-02 16:00:00+00:00,8,Arkansas,145,Ole Miss,ESPN Bet,7.5,6.5,54.5,55.5,240,-290
401628407,2024,regular,10,2024-11-02 16:45:00+00:00,2,Auburn,238,Vanderbilt,Bovada,-8.5,-6,48,48,-235,195
401628407,2024,regular,10,2024-11-02 16:45:00+00:00,2,Auburn,238,Vanderbilt,DraftKings,-7.5,-5,48,,-278,225
401628407,2024,regular,10,2024-11-02 16:45:00+00:00,2,Auburn,238,Vanderbilt,ESPN Bet,-7.5,-6.5,47.5,48.5,-280,230
401628408,2024,regular,10,2024-11-02 19:30:00+00:00,61,Georgia,57,Florida,Bovada,-15,-16,52.5,52,-800,525
401628408,2024,regular,10,2024-11-02 19:30:00+00:00,61,Georgia,57,Florida,DraftKings,-14.5,-21,52.5,,-700,500
401628408,2024,regular,10,2024-11-02 19:30:00+00:00,61,Georgia,57,Florida,ESPN Bet,-14.5,-16.5,52.5,52.5,-750,475
401628409,2024,regular,10,2024-11-02 20:15:00+00:00,344,Mississippi State,113,Massachusetts,Bovada,-19.5,-17.5,59,58.5,-1000,625
401628409,2024,regular,10,2024-11-02 20:15:00+00:00,344,Mississippi State,113,Massachusetts,DraftKings,-19.5,-22.5,59.5,,-1200,750
401628409,2024,regular,10,2024-11-02 20:15:00+00:00,344,Mississippi State,113,Massachusetts,ESPN Bet,-18.5,-18,58.5,58.5,-1000,600
401628410,2024,regular,10,2024-11-02 16:00:00+00:00,201,Oklahoma,311,Maine,DraftKings,-37.5,,48.5,44,,
401628410,2024,regular,10,2024-11-02 16:00:00+00:00,201,Oklahoma,311,Maine,ESPN Bet,-37.5,-35,47.5,46.5,,
401628411,2024,regular,10,2024-11-02 23:30:00+00:00,2579,South Carolina,245,Texas A&M,Bovada,3,3.5,43.5,46,145,-170
401628411,2024,regular,10,2024-11-02 23:30:00+00:00,2579,South Carolina,245,Texas A&M,DraftKings,3,4,43.5,,130,-155
401628411,2024,regular,10,2024-11-02 23:30:00+00:00,2579,South Carolina,245,Texas A&M,ESPN Bet,3.5,3.5,43.5,46.5,130,-150
401628412,2024,regular,10,2024-11-02 23:45:00+00:00,2633,Tennessee,96,Kentucky,Bovada,-17.5,-16,45.5,45.5,-800,525
401628412,2024,regular,10,2024-11-02 23:45:00+00:00,2633,Tennessee,96,Kentucky,DraftKings,-17.5,-13,45.5,,-950,625
401628412,2024,regular,10,2024-11-02 23:45:00+00:00,2633,Tennessee,96,Kentucky,ESPN Bet,-17.5,-16,45.5,45.5,-1000,600
401628413,2024,regular,11,2024-11-10 00:30:00+00:00,99,LSU,333,Alabama,Bovada,3,3,58.5,58.5,125,-145
401628413,2024,regular,11,2024-11-10 00:30:00+00:00,99,LSU,333,Alabama,DraftKings,2.5,-1,59.5,,120,-142
401628413,2024,regular,11,2024-11-10 00:30:00+00:00,99,LSU,333,Alabama,ESPN Bet,2.5,2.5,57.5,58.5,120,-140
401628414,2024,regular,11,2024-11-09 20:30:00+00:00,145,Ole Miss,61,Georgia,Bovada,2,2.5,55.5,55,110,-130
401628414,2024,regular,11,2024-11-09 20:30:00+00:00,145,Ole Miss,61,Georgia,DraftKings,2.5,7,55,,114,-135
401628414,2024,regular,11,2024-11-09 20:30:00+00:00,145,Ole Miss,61,Georgia,ESPN Bet,1.5,2.5,54.5,54.5,105,-125
401628415,2024,regular,11,2024-11-10 00:45:00+00:00,142,Missouri,201,Oklahoma,Bovada,3.5,-2.5,42.5,42.5,-130,110
401628415,2024,regular,11,2024-11-10 00:45:00+00:00,142,Missouri,201,Oklahoma,DraftKings,3.5,-3,42,,140,-166
401628415,2024,regular,11,2024-11-10 00:45:00+00:00,142,Missouri,201,Oklahoma,ESPN Bet,3.5,-2.5,41.5,42.5,140,-165
401628416,2024,regular,11,2024-11-10 00:00:00+00:00,2633,Tennessee,344,Mississippi State,Bovada,-26.5,-24,61.5,61,-2800,1100
401628416,2024,regular,11,2024-11-10 00:00:00+00:00,2633,Tennessee,344,Mississippi State,DraftKings,-26,-23,61.5,,-3200,1400
401628416,2024,regular,11,2024-11-10 00:00:00+00:00,2633,Tennessee,344,Mississippi State,ESPN Bet,-26.5,-23.5,61.5,61.5,-5000,1500
401628417,2024,regular,11,2024-11-09 17:00:00+00:00,251,Texas,57,Florida,Bovada,-22,-21.5,49,47.5,-1800,850
401628417,2024,regular,11,2024-11-09 17:00:00+00:00,251,Texas,57,Florida,DraftKings,-23,-17.5,48.5,,-2800,1300
401628417,2024,regular,11,2024-11-09 17:00:00+00:00,251,Texas,57,Florida,ESPN Bet,-24.5,-21.5,48.5,47.5,-2500,1100
401628418,2024,regular,11,2024-11-09 21:15:00+00:00,238,Vanderbilt,2579,South Carolina,Bovada,6,3.5,44.5,46,155,-180
401628418,2024,regular,11,2024-11-09 21:15:00+00:00,238,Vanderbilt,2579,South Carolina,DraftKings,6,1.5,45,,185,-225
401628418,2024,regular,11,2024-11-09 21:15:00+00:00,238,Vanderbilt,2579,South Carolina,ESPN Bet,5.5,3.5,45.5,45.5,195,-230
401628419,2024,regular,12,2024-11-16 17:00:00+00:00,8,Arkansas,251,Texas,Bovada,12,15,57.5,57.5,475,-700
401628419,2024,regular,12,2024-11-16 17:00:00+00:00,8,Arkansas,251,Texas,DraftKings,13,16.5,57.5,,455,-625
401628419,2024,regular,12,2024-11-16 17:00:00+00:00,8,Arkansas,251,Texas,ESPN Bet,13.5,16.5,56.5,57.5,400,-600
401628420,2024,regular,12,2024-11-16 20:30:00+00:00,57,Florida,99,LSU,Bovada,3,5,56.5,55,175,-210
401628420,2024,regular,12,2024-11-16 20:30:00+00:00,57,Florida,99,LSU,DraftKings,3,5.5,57,,130,-155
401628420,2024,regular,12,2024-11-16 20:30:00+00:00,57,Florida,99,LSU,ESPN Bet,2.5,4.5,55.5,55.5,135,-155
401628421,2024,regular,12,2024-11-17 00:30:00+00:00,61,Georgia,2633,Tennessee,Bovada,-9.5,-9.5,47,48,-380,290
401628421,2024,regular,12,2024-11-17 00:30:00+00:00,61,Georgia,2633,Tennessee,DraftKings,-8.5,-16.5,47,,-305,245
401628421,2024,regular,12,2024-11-17 00:30:00+00:00,61,Georgia,2633,Tennessee,ESPN Bet,-7.5,-9,46.5,48.5,-320,260
401628422,2024,regular,12,2024-11-16 18:30:00+00:00,96,Kentucky,93,Murray State,DraftKings,-41.5,,54.5,49.5,,
401628422,2024,regular,12,2024-11-16 18:30:00+00:00,96,Kentucky,93,Murray State,ESPN Bet,-41.5,-38.5,54.5,49.5,,
401628423,2024,regular,12,2024-11-16 21:15:00+00:00,2579,South Carolina,142,Missouri,Bovada,-10.5,-13,43,44.5,-550,390
401628423,2024,regular,12,2024-11-16 21:15:00+00:00,2579,South Carolina,142,Missouri,DraftKings,-10.5,-13,42.5,,-410,320
401628423,2024,regular,12,2024-11-16 21:15:00+00:00,2579,South Carolina,142,Missouri,ESPN Bet,-10.5,-13.5,42.5,44.5,-450,340
401628424,2024,regular,12,2024-11-17 00:45:00+00:00,245,Texas A&M,166,New Mexico State,Bovada,-39.5,-40,54,55.5,,
401628424,2024,regular,12,2024-11-17 00:45:00+00:00,245,Texas A&M,166,New Mexico State,DraftKings,-38.5,-42,54.5,,,
401628424,2024,regular,12,2024-11-17 00:45:00+00:00,245,Texas A&M,166,New Mexico State,ESPN Bet,-38.5,-40.5,54.5,55.5,-10000,2500
401628425,2024,regular,12,2024-11-16 19:00:00+00:00,333,Alabama,2382,Mercer,DraftKings,-42,,58.5,58,,
401628425,2024,regular,12,2024-11-16 19:00:00+00:00,333,Alabama,2382,Mercer,ESPN Bet,-42.5,-43.5,58.5,57.5,,
401628426,2024,regular,12,2024-11-16 17:45:00+00:00,2,Auburn,2433,UL Monroe,Bovada,-24.5,-23,46,45.5,-2500,1000
401628426,2024,regular,12,2024-11-16 17:45:00+00:00,2,Auburn,2433,UL Monroe,DraftKings,-24.5,-25.5,46,,-3200,1400
401628426,2024,regular,12,2024-11-16 17:45:00+00:00,2,Auburn,2433,UL Monroe,ESPN Bet,-25.5,-24,45.5,45.5,-4000,1300
401628427,2024,regular,13,2024-11-23 21:00:00+00:00,8,Arkansas,2348,Louisiana Tech,Bovada,-23.5,-21.5,48.5,50,-1900,900
401628427,2024,regular,13,2024-11-23 21:00:00+00:00,8,Arkansas,2348,Louisiana Tech,DraftKings,-23.5,-23.5,48.5,,-1800,1000
401628427,2024,regular,13,2024-11-23 21:00:00+00:00,8,Arkansas,2348,Louisiana Tech,ESPN Bet,-23.5,-23,48.5,50.5,-2500,1100
401628428,2024,regular,13,2024-11-24 00:30:00+00:00,2,Auburn,245,Texas A&M,Bovada,2.5,2,47,46.5,,-130
401628428,2024,regular,13,2024-11-24 00:30:00+00:00,2,Auburn,245,Texas A&M,DraftKings,2.5,2,47,,114,-135
401628428,2024,regular,13,2024-11-24 00:30:00+00:00,2,Auburn,245,Texas A&M,ESPN Bet,2.5,2.5,47.5,46.5,115,-135
401628429,2024,regular,13,2024-11-23 17:00:00+00:00,57,Florida,145,Ole Miss,Bovada,12.5,9.5,55.5,55,310,-415
401628429,2024,regular,13,2024-11-23 17:00:00+00:00,57,Florida,145,Ole Miss,DraftKings,13,6.5,57.5,,380,-470
401628429,2024,regular,13,2024-11-23 17:00:00+00:00,57,Florida,145,Ole Miss,ESPN Bet,13.5,9.5,57.5,55.5,380,-550
401628430,2024,regular,13,2024-11-23 17:45:00+00:00,61,Georgia,113,Massachusetts,Bovada,-42,-43.5,55.5,56,,
401628430,2024,regular,13,2024-11-23 17:45:00+00:00,61,Georgia,113,Massachusetts,DraftKings,-42.5,-45.5,55.5,,,
401628430,2024,regular,13,2024-11-23 17:45:00+00:00,61,Georgia,113,Massachusetts,ESPN Bet,-42.5,-43.5,55.5,56.5,,
401628431,2024,regular,13,2024-11-24 00:45:00+00:00,99,LSU,238,Vanderbilt,Bovada,-9.5,-8.5,52.5,54.5,-320,260
401628431,2024,regular,13,2024-11-24 00:45:00+00:00,99,LSU,238,Vanderbilt,DraftKings,-10,-11,53,,-375,295
401628431,2024,regular,13,2024-11-24 00:45:00+00:00,99,LSU,238,Vanderbilt,ESPN Bet,-9.5,-9,52.5,54.5,-340,270
401628432,2024,regular,13,2024-11-23 21:15:00+00:00,344,Mississippi State,142,Missouri,Bovada,9.5,7.5,57.5,57.5,250,-300
401628432,2024,regular,13,2024-11-23 21:15:00+00:00,344,Mississippi State,142,Missouri,DraftKings,9.5,6.5,58,,280,-355
401628432,2024,regular,13,2024-11-23 21:15:00+00:00,344,Mississippi State,142,Missouri,ESPN Bet,9.5,8,57.5,56.5,280,-360
401628433,2024,regular,13,2024-11-24 00:30:00+00:00,201,Oklahoma,333,Alabama,Bovada,13.5,14,46.5,47.5,410,-585
401628433,2024,regular,13,2024-11-24 00:30:00+00:00,201,Oklahoma,333,Alabama,DraftKings,14,2,47,,455,-625
401628433,2024,regular,13,2024-11-24 00:30:00+00:00,201,Oklahoma,333,Alabama,ESPN Bet,14.5,14,46.5,47.5,450,-700
401628434,2024,regular,13,2024-11-23 21:00:00+00:00,2579,South Carolina,2747,Wofford,DraftKings,-42.5,-42.5,49.5,,,
401628434,2024,regular,13,2024-11-23 21:00:00+00:00,2579,South Carolina,2747,Wofford,ESPN Bet,-42.5,-42.5,49.5,49.5,,
401628435,2024,regular,13,2024-11-23 18:00:00+00:00,2633,Tennessee,2638,UTEP,Bovada,-41.5,-41,53,53,,
401628435,2024,regular,13,2024-11-23 18:00:00+00:00,2633,Tennessee,2638,UTEP,DraftKings,-41.5,-41.5,54,,,
401628435,2024,regular,13,2024-11-23 18:00:00+00:00,2633,Tennessee,2638,UTEP,ESPN Bet,-41.5,-41.5,54.5,53.5,,
401628436,2024,regular,13,2024-11-23 20:30:00+00:00,251,Texas,96,Kentucky,Bovada,-19,-20.5,47,47,-1600,800
401628436,2024,regular,13,2024-11-23 20:30:00+00:00,251,Texas,96,Kentucky,DraftKings,-18.5,-21,47,,-1200,750
401628436,2024,regular,13,2024-11-23 20:30:00+00:00,251,Texas,96,Kentucky,ESPN Bet,-18.5,-20.5,46.5,47.5,-1000,600
401628437,2024,regular,14,2024-11-30 20:30:00+00:00,333,Alabama,2,Auburn,Bovada,-11,-14,51,52,-480,350
401628437,2024,regular,14,2024-11-30 20:30:00+00:00,333,Alabama,2,Auburn,DraftKings,-11,-14,51,,-410,320
401628437,2024,regular,14,2024-11-30 20:30:00+00:00,333,Alabama,2,Auburn,ESPN Bet,-10.5,-11.5,50.5,52.5,-450,340
401628438,2024,regular,14,2024-12-01 00:00:00+00:00,52,Florida State,57,Florida,Bovada,17,14.5,46,45.5,475,-700
401628438,2024,regular,14,2024-12-01 00:00:00+00:00,52,Florida State,57,Florida,DraftKings,17,-11.5,46,,500,-700
401628438,2024,regular,14,2024-12-01 00:00:00+00:00,52,Florida State,57,Florida,ESPN Bet,17.5,15,45.5,45.5,600,-1000
401628439,2024,regular,14,2024-11-30 00:30:00+00:00,61,Georgia,59,Georgia Tech,Bovada,-17.5,-19.5,49.5,54.5,-1300,725
401628439,2024,regular,14,2024-11-30 00:30:00+00:00,61,Georgia,59,Georgia Tech,DraftKings,-17,-20.5,49,,-850,575
401628439,2024,regular,14,2024-11-30 00:30:00+00:00,61,Georgia,59,Georgia Tech,ESPN Bet,-17.5,-19.5,48.5,54.5,-1000,600
401628440,2024,regular,14,2024-11-30 17:00:00+00:00,96,Kentucky,97,Louisville,Bovada,4,3.5,49.5,48.5,150,-175
401628440,2024,regular,14,2024-11-30 17:00:00+00:00,96,Kentucky,97,Louisville,DraftKings,4.5,0,50,,164,-198
401628440,2024,regular,14,2024-11-30 17:00:00+00:00,96,Kentucky,97,Louisville,ESPN Bet,3.5,3.5,48.5,48.5,155,-185
401628441,2024,regular,14,2024-12-01 00:00:00+00:00,99,LSU,201,Oklahoma,Bovada,-6,-5.5,48,47,-220,180
401628441,2024,regular,14,2024-12-01 00:00:00+00:00,99,LSU,201,Oklahoma,DraftKings,-6,-5,48,,-225,185
401628441,2024,regular,14,2024-12-01 00:00:00+00:00,99,LSU,201,Oklahoma,ESPN Bet,-4.5,-6,47.5,47.5,-215,180
401628442,2024,regular,14,2024-11-29 20:30:00+00:00,145,Ole Miss,344,Mississippi State,Bovada,-26,-26,62,61.5,-5000,1300
401628442,2024,regular,14,2024-11-29 20:30:00+00:00,145,Ole Miss,344,Mississippi State,DraftKings,-26,-27.5,63.5,,-3600,1500
401628442,2024,regular,14,2024-11-29 20:30:00+00:00,145,Ole Miss,344,Mississippi State,ESPN Bet,-26.5,-27,63.5,62.5,-4000,1300
401628443,2024,regular,14,2024-11-30 20:30:00+00:00,142,Missouri,8,Arkansas,Bovada,-3,-3.5,51,54.5,-175,150
401628443,2024,regular,14,2024-11-30 20:30:00+00:00,142,Missouri,8,Arkansas,DraftKings,-3,-3,51,,-148,124
401628443,2024,regular,14,2024-11-30 20:30:00+00:00,142,Missouri,8,Arkansas,ESPN Bet,-3.5,-3.5,51.5,54.5,-145,125
401628444,2024,regular,14,2024-11-30 17:00:00+00:00,228,Clemson,2579,South Carolina,Bovada,-2.5,-2.5,49,49,-135,115
401628444,2024,regular,14,2024-11-30 17:00:00+00:00,228,Clemson,2579,South Carolina,DraftKings,-3,-4.5,49.5,,-142,120
401628444,2024,regular,14,2024-11-30 17:00:00+00:00,228,Clemson,2579,South Carolina,ESPN Bet,-2.5,-2.5,48.5,49.5,-140,120
401628445,2024,regular,14,2024-12-01 00:30:00+00:00,245,Texas A&M,251,Texas,Bovada,4.5,5.5,50,48.5,175,-210
401628445,2024,regular,14,2024-12-01 00:30:00+00:00,245,Texas A&M,251,Texas,DraftKings,4.5,4.5,50,,164,-198
401628445,2024,regular,14,2024-12-01 00:30:00+00:00,245,Texas A&M,251,Texas,ESPN Bet,4.5,6,49.5,48.5,175,-210
401628446,2024,regular,14,2024-11-30 17:00:00+00:00,238,Vanderbilt,2633,Tennessee,Bovada,10.5,10.5,47,48.5,320,-430
401628446,2024,regular,14,2024-11-30 17:00:00+00:00,238,Vanderbilt,2633,Tennessee,DraftKings,9.5,10.5,47,,295,-375
401628446,2024,regular,14,2024-11-30 17:00:00+00:00,238,Vanderbilt,2633,Tennessee,ESPN Bet,9.5,10.5,45.5,48.5,320,-425
401628448,2024,regular,1,2024-08-30 00:00:00+00:00,135,Minnesota,153,North Carolina,Bovada,2,-2.5,52.5,51,-135,115
401628448,2024,regular,1,2024-08-30 00:00:00+00:00,135,Minnesota,153,North Carolina,DraftKings,-2.5,-2,50.5,50.5,105,-125
401628448,2024,regular,1,2024-08-30 00:00:00+00:00,135,Minnesota,153,North Carolina,ESPN Bet,1.5,,52.5,,,
401628449,2024,regular,1,2024-08-31 19:30:00+00:00,84,Indiana,2229,Florida International,Bovada,-25.5,-21,51,51,-1800,850
401628449,2024,regular,1,2024-08-31 19:30:00+00:00,84,Indiana,2229,Florida International,DraftKings,-20.5,-19.5,50.5,51,-3200,1400
401628449,2024,regular,1,2024-08-31 19:30:00+00:00,84,Indiana,2229,Florida International,ESPN Bet,-25.5,,51.5,,,
401628451,2024,regular,1,2024-08-31 16:00:00+00:00,120,Maryland,41,UConn,Bovada,-19,-20,45.5,47.5,-1500,775
401628451,2024,regular,1,2024-08-31 16:00:00+00:00,120,Maryland,41,UConn,DraftKings,-20.5,-21,47.5,47.5,-1350,800
401628451,2024,regular,1,2024-08-31 16:00:00+00:00,120,Maryland,41,UConn,ESPN Bet,-18.5,,44.5,,,
401628452,2024,regular,1,2024-08-31 23:30:00+00:00,130,Michigan,278,Fresno State,Bovada,-21,-21,45,47.5,-1800,850
401628452,2024,regular,1,2024-08-31 23:30:00+00:00,130,Michigan,278,Fresno State,DraftKings,-21,-21,48,48,-1800,1000
401628453,2024,regular,1,2024-08-30 23:00:00+00:00,127,Michigan State,2226,Florida Atlantic,Bovada,-12,-11.5,45,46.5,-480,350
401628453,2024,regular,1,2024-08-30 23:00:00+00:00,127,Michigan State,2226,Florida Atlantic,DraftKings,-11.5,-11.5,47,47,-535,400
401628453,2024,regular,1,2024-08-30 23:00:00+00:00,127,Michigan State,2226,Florida Atlantic,ESPN Bet,-12.5,,44.5,,,
401628454,2024,regular,1,2024-08-31 19:30:00+00:00,158,Nebraska,2638,UTEP,Bovada,-27.5,-27,48.5,48.5,-8000,1400
401628454,2024,regular,1,2024-08-31 19:30:00+00:00,158,Nebraska,2638,UTEP,DraftKings,-27.5,-27.5,49,49,-3600,1500
401628455,2024,regular,1,2024-08-31 19:30:00+00:00,194,Ohio State,2006,Akron,Bovada,-49.5,-50.5,56,58,,
401628455,2024,regular,1,2024-08-31 19:30:00+00:00,194,Ohio State,2006,Akron,DraftKings,-50.5,-50.5,58.5,58.5,,
401628455,2024,regular,1,2024-08-31 19:30:00+00:00,194,Ohio State,2006,Akron,ESPN Bet,-48.5,,55.5,,,
401628457,2024,regular,1,2024-08-31 16:00:00+00:00,277,West Virginia,213,Penn State,Bovada,7.5,10,48,51,290,-380
401628457,2024,regular,1,2024-08-31 16:00:00+00:00,277,West Virginia,213,Penn State,DraftKings,10,10.5,51.5,51,235,-290
401628457,2024,regular,1,2024-08-31 16:00:00+00:00,277,West Virginia,213,Penn State,ESPN Bet,7.5,,48.5,,,
401628458,2024,regular,1,2024-08-29 22:00:00+00:00,164,Rutgers,47,Howard,ESPN Bet,-38.5,,51.5,,,
401628459,2024,regular,1,2024-08-31 23:30:00+00:00,62,Hawai'i,26,UCLA,Bovada,13.5,13,52,55,425,-600
401628459,2024,regular,1,2024-08-31 23:30:00+00:00,62,Hawai'i,26,UCLA,DraftKings,13.5,13.5,55.5,55.5,410,-550
401628459,2024,regular,1,2024-08-31 23:30:00+00:00,62,Hawai'i,26,UCLA,ESPN Bet,13.5,,51.5,,,
401628460,2024,regular,1,2024-09-01 03:00:00+00:00,264,Washington,2692,Weber State,ESPN Bet,-29,,51.5,,,
401628461,2024,regular,1,2024-08-31 01:00:00+00:00,275,Wisconsin,2711,Western Michigan,Bovada,-24,-24,57,56.5,-3300,1100
401628461,2024,regular,1,2024-08-31 01:00:00+00:00,275,Wisconsin,2711,Western Michigan,DraftKings,-24,-24,56.5,56.5,-3200,1400
401628461,2024,regular,1,2024-08-31 01:00:00+00:00,275,Wisconsin,2711,Western Michigan,ESPN Bet,-24.5,,56.5,,,
401628462,2024,regular,2,2024-09-07 23:00:00+00:00,356,Illinois,2305,Kansas,Bovada,5.5,5.5,58.5,55,170,-200
401628462,2024,regular,2,2024-09-07 23:00:00+00:00,356,Illinois,2305,Kansas,DraftKings,4.5,6,57.5,55.5,170,-205
401628462,2024,regular,2,2024-09-07 23:00:00+00:00,356,Illinois,2305,Kansas,ESPN Bet,4.5,5,58.5,55.5,170,-200
401628463,2024,regular,2,2024-09-06 23:00:00+00:00,84,Indiana,2710,Western Illinois,ESPN Bet,-44.5,-42.5,52.5,52.5,,
401628464,2024,regular,2,2024-09-07 19:30:00+00:00,2294,Iowa,66,Iowa State,Bovada,-3,-3,36,36,-150,130
401628464,2024,regular,2,2024-09-07 19:30:00+00:00,2294,Iowa,66,Iowa State,DraftKings,-3,-2.5,35,,-142,120
401628464,2024,regular,2,2024-09-07 19:30:00+00:00,2294,Iowa,66,Iowa State,ESPN Bet,-2.5,-2.5,36.5,35.5,-140,120
401628465,2024,regular,2,2024-09-07 19:30:00+00:00,120,Maryland,127,Michigan State,Bovada,-8,-9,44.5,43.5,-390,295
401628465,2024,regular,2,2024-09-07 19:30:00+00:00,120,Maryland,127,Michigan State,DraftKings,-9.5,-8.5,44.5,,-325,260
401628465,2024,regular,2,2024-09-07 19:30:00+00:00,120,Maryland,127,Michigan State,ESPN Bet,-7.5,-8,44.5,43.5,-340,270
401628466,2024,regular,2,2024-09-07 16:00:00+00:00,135,Minnesota,227,Rhode Island,ESPN Bet,-27.5,-24.5,47.5,47.5,-5000,2000
401628467,2024,regular,2,2024-09-07 23:30:00+00:00,158,Nebraska,38,Colorado,Bovada,-6.5,-7,55,56.5,-280,230
401628467,2024,regular,2,2024-09-07 23:30:00+00:00,158,Nebraska,38,Colorado,DraftKings,-7,-6.5,56,,-225,185
401628467,2024,regular,2,2024-09-07 23:30:00+00:00,158,Nebraska,38,Colorado,ESPN Bet,-6.5,-7.5,55.5,58.5,-240,200
401628468,2024,regular,2,2024-09-07 23:30:00+00:00,194,Ohio State,2711,Western Michigan,Bovada,-37,-39,54.5,54,,
401628468,2024,regular,2,2024-09-07 23:30:00+00:00,194,Ohio State,2711,Western Michigan,DraftKings,-37.5,-39.5,54,54,,
401628468,2024,regular,2,2024-09-07 23:30:00+00:00,194,Ohio State,2711,Western Michigan,ESPN Bet,-37.5,-38.5,54.5,54.5,,
401628469,2024,regular,2,2024-09-08 02:00:00+00:00,2483,Oregon,68,Boise State,Bovada,-18,-18,61.5,62.5,-1400,750
401628469,2024,regular,2,2024-09-08 02:00:00+00:00,2483,Oregon,68,Boise State,DraftKings,-21,-19.5,60.5,61.5,-950,625
401628469,2024,regular,2,2024-09-08 02:00:00+00:00,2483,Oregon,68,Boise State,ESPN Bet,-17.5,-19.5,60.5,61.5,-1200,750
401628470,2024,regular,2,2024-09-07 16:00:00+00:00,213,Penn State,189,Bowling Green,Bovada,-34,-32,51.5,49,-20000,3000
401628470,2024,regular,2,2024-09-07 16:00:00+00:00,213,Penn State,189,Bowling Green,DraftKings,-35,-32,50.5,49.5,,
401628470,2024,regular,2,2024-09-07 16:00:00+00:00,213,Penn State,189,Bowling Green,ESPN Bet,-35.5,-34.5,51.5,48.5,-20000,4000
401628471,2024,regular,2,2024-09-07 16:00:00+00:00,164,Rutgers,2006,Akron,Bovada,-24.5,-23,42,41,-2200,1000
401628471,2024,regular,2,2024-09-07 16:00:00+00:00,164,Rutgers,2006,Akron,ESPN Bet,-24.5,-22.5,41.5,39.5,-3500,1500
401628472,2024,regular,2,2024-09-08 03:00:00+00:00,30,USC,328,Utah State,Bovada,-29.5,-27,64,61.5,-10000,1600
401628472,2024,regular,2,2024-09-08 03:00:00+00:00,30,USC,328,Utah State,DraftKings,-28.5,-27,63,61.5,-9000,2500
401628472,2024,regular,2,2024-09-08 03:00:00+00:00,30,USC,328,Utah State,ESPN Bet,-30.5,-28.5,62.5,63.5,-7500,2500
401628473,2024,regular,2,2024-09-07 19:30:00+00:00,264,Washington,2199,Eastern Michigan,Bovada,-24.5,-24,49,47,-2500,1000
401628473,2024,regular,2,2024-09-07 19:30:00+00:00,264,Washington,2199,Eastern Michigan,DraftKings,-25,-24.5,47.5,47.5,-2400,1200
401628473,2024,regular,2,2024-09-07 19:30:00+00:00,264,Washington,2199,Eastern Michigan,ESPN Bet,-25,-25,48.5,47.5,-3000,1300
401628474,2024,regular,2,2024-09-07 19:30:00+00:00,275,Wisconsin,233,South Dakota,ESPN Bet,-17.5,-19.5,44.5,47.5,-1600,900
401628475,2024,regular,3,2024-09-14 16:00:00+00:00,356,Illinois,2117,Central Michigan,Bovada,-21,-19.5,50,50,-1300,725
401628475,2024,regular,3,2024-09-14 16:00:00+00:00,356,Illinois,2117,Central Michigan,DraftKings,-20,-20,51.5,52,-1800,1000
401628475,2024,regular,3,2024-09-14 16:00:00+00:00,356,Illinois,2117,Central Michigan,ESPN Bet,-21.5,-18,49.5,52.5,-1600,900
401628476,2024,regular,3,2024-09-14 23:30:00+00:00,26,UCLA,84,Indiana,Bovada,3.5,3.5,46.5,46,130,-150
401628476,2024,regular,3,2024-09-14 23:30:00+00:00,26,UCLA,84,Indiana,DraftKings,2.5,2.5,46.5,47.5,154,-185
401628476,2024,regular,3,2024-09-14 23:30:00+00:00,26,UCLA,84,Indiana,ESPN Bet,3.5,2.5,46.5,47.5,160,-190
401628477,2024,regular,3,2024-09-14 20:00:00+00:00,2294,Iowa,2653,Troy,Bovada,-24,-22.5,39,39.5,-2000,950
401628477,2024,regular,3,2024-09-14 20:00:00+00:00,2294,Iowa,2653,Troy,DraftKings,-22.5,-22.5,39,39,-2800,1300
401628477,2024,regular,3,2024-09-14 20:00:00+00:00,2294,Iowa,2653,Troy,ESPN Bet,-23.5,-22.5,39.5,38.5,-3000,1300
401628478,2024,regular,3,2024-09-15 00:00:00+00:00,258,Virginia,120,Maryland,Bovada,-3,2.5,55.5,57,120,-140
401628478,2024,regular,3,2024-09-15 00:00:00+00:00,258,Virginia,120,Maryland,DraftKings,2,2,55,55,-148,124
401628478,2024,regular,3,2024-09-15 00:00:00+00:00,258,Virginia,120,Maryland,ESPN Bet,-2.5,2.5,55.5,54.5,-145,125
401628479,2024,regular,3,2024-09-14 16:00:00+00:00,130,Michigan,2032,Arkansas State,Bovada,-21.5,-23.5,47.5,47.5,-2200,1000
401628479,2024,regular,3,2024-09-14 16:00:00+00:00,130,Michigan,2032,Arkansas State,DraftKings,-22.5,-22.5,45.5,45.5,-1600,900
401628479,2024,regular,3,2024-09-14 16:00:00+00:00,130,Michigan,2032,Arkansas State,ESPN Bet,-22,-24,47.5,45.5,-1800,1000
401628480,2024,regular,3,2024-09-14 19:30:00+00:00,127,Michigan State,2504,Prairie View A&M,ESPN Bet,-42.5,-40.5,53.5,50.5,,
401628481,2024,regular,3,2024-09-14 19:30:00+00:00,135,Minnesota,2440,Nevada,Bovada,-17,-17.5,44,43.5,-800,525
401628481,2024,regular,3,2024-09-14 19:30:00+00:00,135,Minnesota,2440,Nevada,DraftKings,-16,-16,43.5,43.5,-800,550
401628481,2024,regular,3,2024-09-14 19:30:00+00:00,135,Minnesota,2440,Nevada,ESPN Bet,-17.5,-14.5,44.5,43.5,-800,550
401628482,2024,regular,3,2024-09-14 23:30:00+00:00,158,Nebraska,2460,Northern Iowa,DraftKings,,,,,-100000,5000
401628482,2024,regular,3,2024-09-14 23:30:00+00:00,158,Nebraska,2460,Northern Iowa,ESPN Bet,-30.5,-32.5,49.5,47.5,-7500,2500
401628483,2024,regular,3,2024-09-14 19:30:00+00:00,204,Oregon State,2483,Oregon,Bovada,19,16,50,50.5,525,-800
401628483,2024,regular,3,2024-09-14 19:30:00+00:00,204,Oregon State,2483,Oregon,DraftKings,16,20.5,50,,750,-1200
401628483,2024,regular,3,2024-09-14 19:30:00+00:00,204,Oregon State,2483,Oregon,ESPN Bet,18,20.5,49.5,,600,-900
401628484,2024,regular,3,2024-09-14 19:30:00+00:00,264,Washington,265,Washington State,Bovada,-6,-5.5,54,56.5,-200,170
401628484,2024,regular,3,2024-09-14 19:30:00+00:00,264,Washington,265,Washington State,DraftKings,-4,-8,56,,-225,185
401628484,2024,regular,3,2024-09-14 19:30:00+00:00,264,Washington,265,Washington State,ESPN Bet,-5.5,-7.5,54.5,,-215,180
401628485,2024,regular,4,2024-09-21 00:00:00+00:00,158,Nebraska,356,Illinois,Bovada,-8,-9,42,43,-350,275
401628485,2024,regular,4,2024-09-21 00:00:00+00:00,158,Nebraska,356,Illinois,DraftKings,-9,,42.5,,-375,295
401628485,2024,regular,4,2024-09-21 00:00:00+00:00,158,Nebraska,356,Illinois,ESPN Bet,-9.5,-8.5,41.5,43.5,-350,280
401628486,2024,regular,4,2024-09-21 16:00:00+00:00,84,Indiana,2429,Charlotte,Bovada,-28.5,-28,50,48.5,-8000,1400
401628486,2024,regular,4,2024-09-21 16:00:00+00:00,84,Indiana,2429,Charlotte,DraftKings,-28.5,,51,,-6500,2000
401628486,2024,regular,4,2024-09-21 16:00:00+00:00,84,Indiana,2429,Charlotte,ESPN Bet,-28.5,-28,50.5,50.5,-5000,2000
401628487,2024,regular,4,2024-09-21 23:30:00+00:00,135,Minnesota,2294,Iowa,Bovada,3,2.5,35,36,125,-145
401628487,2024,regular,4,2024-09-21 23:30:00+00:00,135,Minnesota,2294,Iowa,DraftKings,3,,34.5,,120,-142
401628487,2024,regular,4,2024-09-21 23:30:00+00:00,135,Minnesota,2294,Iowa,ESPN Bet,2.5,2.5,34.5,36.5,125,-145
401628488,2024,regular,4,2024-09-21 16:00:00+00:00,120,Maryland,222,Villanova,DraftKings,-22,,47.5,43.5,-2400,1200
401628488,2024,regular,4,2024-09-21 16:00:00+00:00,120,Maryland,222,Villanova,ESPN Bet,-22.5,-17.5,46.5,43.5,-1800,1000
401628489,2024,regular,4,2024-09-21 19:30:00+00:00,130,Michigan,30,USC,Bovada,4,5.5,44.5,46.5,160,-185
401628489,2024,regular,4,2024-09-21 19:30:00+00:00,130,Michigan,30,USC,DraftKings,4,-9,44,,154,-185
401628489,2024,regular,4,2024-09-21 19:30:00+00:00,130,Michigan,30,USC,ESPN Bet,4.5,5.5,43.5,46.5,160,-190
401628490,2024,regular,4,2024-09-22 00:00:00+00:00,103,Boston College,127,Michigan State,Bovada,-4.5,-6,45.5,46,-200,170
401628490,2024,regular,4,2024-09-22 00:00:00+00:00,103,Boston College,127,Michigan State,DraftKings,-4.5,,45.5,,-205,170
401628490,2024,regular,4,2024-09-22 00:00:00+00:00,103,Boston College,127,Michigan State,ESPN Bet,-4.5,-6.5,45.5,45.5,-200,170
401628491,2024,regular,4,2024-09-21 23:00:00+00:00,264,Washington,77,Northwestern,Bovada,-12,-10,43,43,-500,360
401628491,2024,regular,4,2024-09-21 23:00:00+00:00,264,Washington,77,Northwestern,DraftKings,-11.5,,42.5,,-455,350
401628491,2024,regular,4,2024-09-21 23:00:00+00:00,264,Washington,77,Northwestern,ESPN Bet,-12,-10.5,42.5,42.5,-500,380
401628492,2024,regular,4,2024-09-21 16:00:00+00:00,194,Ohio State,276,Marshall,Bovada,-39,-40,51.5,51,,
401628492,2024,regular,4,2024-09-21 16:00:00+00:00,194,Ohio State,276,Marshall,DraftKings,-40,-40,57,51,,
401628492,2024,regular,4,2024-09-21 16:00:00+00:00,194,Ohio State,276,Marshall,ESPN Bet,-38.5,-39.5,55.5,51.5,,
401628493,2024,regular,4,2024-09-21 19:30:00+00:00,213,Penn State,2309,Kent State,Bovada,-48.5,-48.5,57.5,54.5,,
401628493,2024,regular,4,2024-09-21 19:30:00+00:00,213,Penn State,2309,Kent State,DraftKings,-49,-49,58,55,,
401628493,2024,regular,4,2024-09-21 19:30:00+00:00,213,Penn State,2309,Kent State,ESPN Bet,-49,-49.5,57.5,54.5,,
401628494,2024,regular,4,2024-09-21 19:30:00+00:00,259,Virginia Tech,164,Rutgers,Bovada,-3,-4.5,45,46,-150,130
401628494,2024,regular,4,2024-09-21 19:30:00+00:00,259,Virginia Tech,164,Rutgers,ESPN Bet,-3.5,-3.5,44.5,45.5,-150,130
401628495,2024,regular,5,2024-09-28 23:30:00+00:00,213,Penn State,356,Illinois,Bovada,-19,-18.5,48.5,47.5,-1100,650
401628495,2024,regular,5,2024-09-28 23:30:00+00:00,213,Penn State,356,Illinois,DraftKings,-19.5,-18,48,,-1100,700
401628495,2024,regular,5,2024-09-28 23:30:00+00:00,213,Penn State,356,Illinois,ESPN Bet,-19.5,-17.5,48.5,47.5,-1000,700
401628496,2024,regular,5,2024-09-28 16:00:00+00:00,84,Indiana,120,Maryland,Bovada,-7.5,-6.5,49.5,55,-275,225
401628496,2024,regular,5,2024-09-28 16:00:00+00:00,84,Indiana,120,Maryland,DraftKings,-7.5,-6.5,50,,-290,235
401628496,2024,regular,5,2024-09-28 16:00:00+00:00,84,Indiana,120,Maryland,ESPN Bet,-7.5,-7,48.5,55.5,-300,250
401628497,2024,regular,5,2024-09-28 16:00:00+00:00,130,Michigan,135,Minnesota,Bovada,-10.5,-9,34.5,38,-380,290
401628497,2024,regular,5,2024-09-28 16:00:00+00:00,130,Michigan,135,Minnesota,DraftKings,-10.5,-11,34.5,,-410,320
401628497,2024,regular,5,2024-09-28 16:00:00+00:00,130,Michigan,135,Minnesota,ESPN Bet,-10.5,-10,34.5,39.5,-425,340
401628498,2024,regular,5,2024-09-28 23:30:00+00:00,127,Michigan State,194,Ohio State,Bovada,23.5,24,48.5,48.5,1100,-3300
401628498,2024,regular,5,2024-09-28 23:30:00+00:00,127,Michigan State,194,Ohio State,DraftKings,23.5,25,48.5,,1200,-2400
401628498,2024,regular,5,2024-09-28 23:30:00+00:00,127,Michigan State,194,Ohio State,ESPN Bet,23.5,25,47.5,49.5,1500,-3500
401628499,2024,regular,5,2024-09-28 16:00:00+00:00,2509,Purdue,158,Nebraska,Bovada,10,9.5,47,48.5,295,-390
401628499,2024,regular,5,2024-09-28 16:00:00+00:00,2509,Purdue,158,Nebraska,DraftKings,10,10,47.5,,300,-380
401628499,2024,regular,5,2024-09-28 16:00:00+00:00,2509,Purdue,158,Nebraska,ESPN Bet,10.5,10,46.5,49.5,320,-400
401628500,2024,regular,5,2024-09-29 03:00:00+00:00,26,UCLA,2483,Oregon,Bovada,23.5,24.5,54,55.5,1100,-3500
401628500,2024,regular,5,2024-09-29 03:00:00+00:00,26,UCLA,2483,Oregon,DraftKings,23.5,24,54.5,,1100,-2100
401628500,2024,regular,5,2024-09-29 03:00:00+00:00,26,UCLA,2483,Oregon,ESPN Bet,23.5,24.5,52.5,55.5,1200,-2500
401628501,2024,regular,5,2024-09-28 00:00:00+00:00,164,Rutgers,264,Washington,Bovada,-1,-3,45.5,45.5,-130,110
401628501,2024,regular,5,2024-09-28 00:00:00+00:00,164,Rutgers,264,Washington,ESPN Bet,-1.5,-2.5,44.5,45.5,-120,105
401628502,2024,regular,5,2024-09-28 19:30:00+00:00,30,USC,275,Wisconsin,Bovada,-13.5,-16,50,51,-750,500
401628502,2024,regular,5,2024-09-28 19:30:00+00:00,30,USC,275,Wisconsin,DraftKings,-14,-5.5,50.5,,-575,425
401628502,2024,regular,5,2024-09-28 19:30:00+00:00,30,USC,275,Wisconsin,ESPN Bet,-13.5,-14.5,49.5,51.5,-650,475
401628503,2024,regular,6,2024-10-05 19:30:00+00:00,77,Northwestern,84,Indiana,Bovada,12.5,13.5,40.5,42.5,410,-585
401628503,2024,regular,6,2024-10-05 19:30:00+00:00,77,Northwestern,84,Indiana,DraftKings,12.5,10.5,40.5,,400,-535
401628503,2024,regular,6,2024-10-05 19:30:00+00:00,77,Northwestern,84,Indiana,ESPN Bet,12.5,13.5,38.5,42.5,425,-550
401628504,2024,regular,6,2024-10-05 19:30:00+00:00,194,Ohio State,2294,Iowa,Bovada,-17,-20.5,46,44.5,-1400,750
401628504,2024,regular,6,2024-10-05 19:30:00+00:00,194,Ohio State,2294,Iowa,DraftKings,-17,-24,46,,-1200,750
401628504,2024,regular,6,2024-10-05 19:30:00+00:00,194,Ohio State,2294,Iowa,ESPN Bet,-17.5,-20.5,45.5,44.5,-1600,900
401628505,2024,regular,6,2024-10-05 23:30:00+00:00,264,Washington,130,Michigan,Bovada,-1.5,-3,39.5,41,-140,120
401628505,2024,regular,6,2024-10-05 23:30:00+00:00,264,Washington,130,Michigan,DraftKings,-1.5,8.5,39.5,,-118,-102
401628505,2024,regular,6,2024-10-05 23:30:00+00:00,264,Washington,130,Michigan,ESPN Bet,-1.5,-2.5,39.5,40.5,-120,-105
401628506,2024,regular,6,2024-10-05 01:00:00+00:00,2483,Oregon,127,Michigan State,Bovada,-22.5,-24,53,52.5,-2500,1000
401628506,2024,regular,6,2024-10-05 01:00:00+00:00,2483,Oregon,127,Michigan State,DraftKings,-22.5,-26.5,53,,-2100,1100
401628506,2024,regular,6,2024-10-05 01:00:00+00:00,2483,Oregon,127,Michigan State,ESPN Bet,-21.5,-24,52.5,52.5,-2000,1100
401628507,2024,regular,6,2024-10-05 23:30:00+00:00,135,Minnesota,30,USC,Bovada,8.5,8.5,45.5,52,260,-320
401628507,2024,regular,6,2024-10-05 23:30:00+00:00,135,Minnesota,30,USC,DraftKings,8.5,9.5,45.5,,240,-298
401628507,2024,regular,6,2024-10-05 23:30:00+00:00,135,Minnesota,30,USC,ESPN Bet,9.5,9.5,44.5,52.5,270,-340
401628508,2024,regular,6,2024-10-05 20:00:00+00:00,158,Nebraska,164,Rutgers,Bovada,-7,-7,39.5,44,-285,235
401628508,2024,regular,6,2024-10-05 20:00:00+00:00,158,Nebraska,164,Rutgers,ESPN Bet,-5.5,-7,40.5,43.5,-270,220
401628509,2024,regular,6,2024-10-05 16:00:00+00:00,275,Wisconsin,2509,Purdue,Bovada,-12,-14,44.5,47,-550,390
401628509,2024,regular,6,2024-10-05 16:00:00+00:00,275,Wisconsin,2509,Purdue,DraftKings,-12,-10,44.5,,-485,370
401628509,2024,regular,6,2024-10-05 16:00:00+00:00,275,Wisconsin,2509,Purdue,ESPN Bet,-11.5,-12,45.5,46.5,-450,360
401628510,2024,regular,6,2024-10-05 16:00:00+00:00,213,Penn State,26,UCLA,Bovada,-29.5,-28.5,47.5,45,-10000,1600
401628510,2024,regular,6,2024-10-05 16:00:00+00:00,213,Penn State,26,UCLA,DraftKings,-30,-27.5,48,,-9000,2500
401628510,2024,regular,6,2024-10-05 16:00:00+00:00,213,Penn State,26,UCLA,ESPN Bet,-29.5,-28,47.5,45.5,-5000,2000
401628511,2024,regular,7,2024-10-12 19:30:00+00:00,356,Illinois,2509,Purdue,Bovada,-23,-19,47,50.5,-1300,725
401628511,2024,regular,7,2024-10-12 19:30:00+00:00,356,Illinois,2509,Purdue,DraftKings,-22.5,-17.5,47.5,,-1800,1000
401628511,2024,regular,7,2024-10-12 19:30:00+00:00,356,Illinois,2509,Purdue,ESPN Bet,-21.5,-19.5,46.5,50.5,-1800,1000
401628512,2024,regular,7,2024-10-12 16:00:00+00:00,2294,Iowa,264,Washington,Bovada,-3,-3.5,41.5,41.5,-150,130
401628512,2024,regular,7,2024-10-12 16:00:00+00:00,2294,Iowa,264,Washington,DraftKings,-2.5,-4,41.5,,-142,120
401628512,2024,regular,7,2024-10-12 16:00:00+00:00,2294,Iowa,264,Washington,ESPN Bet,-2.5,-3,41.5,40.5,-145,125
401628513,2024,regular,7,2024-10-12 00:00:00+00:00,120,Maryland,77,Northwestern,Bovada,-11,-9.5,45.5,45.5,-380,290
401628513,2024,regular,7,2024-10-12 00:00:00+00:00,120,Maryland,77,Northwestern,DraftKings,-11,-10,45,,-425,330
401628513,2024,regular,7,2024-10-12 00:00:00+00:00,120,Maryland,77,Northwestern,ESPN Bet,-10.5,-10,44.5,45.5,-425,340
401628514,2024,regular,7,2024-10-13 01:00:00+00:00,26,UCLA,135,Minnesota,Bovada,3.5,5,39,40,180,-220
401628514,2024,regular,7,2024-10-13 01:00:00+00:00,26,UCLA,135,Minnesota,DraftKings,3.5,4.5,39,,140,-166
401628514,2024,regular,7,2024-10-13 01:00:00+00:00,26,UCLA,135,Minnesota,ESPN Bet,3.5,5.5,39.5,40.5,150,-175
401628515,2024,regular,7,2024-10-12 23:30:00+00:00,2483,Oregon,194,Ohio State,Bovada,3.5,4,54.5,52.5,160,-185
401628515,2024,regular,7,2024-10-12 23:30:00+00:00,2483,Oregon,194,Ohio State,DraftKings,3.5,0,55,,142,-170
401628515,2024,regular,7,2024-10-12 23:30:00+00:00,2483,Oregon,194,Ohio State,ESPN Bet,3.5,4,54.5,52.5,140,-165
401628516,2024,regular,7,2024-10-12 19:30:00+00:00,30,USC,213,Penn State,Bovada,4,5,52,47.5,175,-210
401628516,2024,regular,7,2024-10-12 19:30:00+00:00,30,USC,213,Penn State,DraftKings,3.5,4,52,,154,-185
401628516,2024,regular,7,2024-10-12 19:30:00+00:00,30,USC,213,Penn State,ESPN Bet,3.5,5.5,51.5,47.5,155,-185
401628517,2024,regular,7,2024-10-12 16:00:00+00:00,164,Rutgers,275,Wisconsin,Bovada,-1,-2.5,43.5,40,-130,110
401628517,2024,regular,7,2024-10-12 16:00:00+00:00,164,Rutgers,275,Wisconsin,ESPN Bet,-1.5,-2.5,43.5,39.5,-125,105
401628518,2024,regular,8,2024-10-19 19:30:00+00:00,356,Illinois,130,Michigan,Bovada,6,1.5,44,44,100,-120
401628518,2024,regular,8,2024-10-19 19:30:00+00:00,356,Illinois,130,Michigan,DraftKings,6,2,44,,180,-218
401628518,2024,regular,8,2024-10-19 19:30:00+00:00,356,Illinois,130,Michigan,ESPN Bet,5.5,1,44.5,43.5,190,-225
401628519,2024,regular,8,2024-10-19 16:00:00+00:00,84,Indiana,158,Nebraska,Bovada,-6.5,-6,48.5,51.5,-235,195
401628519,2024,regular,8,2024-10-19 16:00:00+00:00,84,Indiana,158,Nebraska,DraftKings,-6.5,-3.5,48,,-230,190
401628519,2024,regular,8,2024-10-19 16:00:00+00:00,84,Indiana,158,Nebraska,ESPN Bet,-6.5,-6.5,47.5,51.5,-250,210
401628520,2024,regular,8,2024-10-19 23:30:00+00:00,127,Michigan State,2294,Iowa,Bovada,6.5,6,39.5,41.5,195,-235
401628520,2024,regular,8,2024-10-19 23:30:00+00:00,127,Michigan State,2294,Iowa,DraftKings,7,6,39.5,,225,-278
401628520,2024,regular,8,2024-10-19 23:30:00+00:00,127,Michigan State,2294,Iowa,ESPN Bet,6.5,6.5,39.5,41.5,220,-270
401628521,2024,regular,8,2024-10-19 20:00:00+00:00,120,Maryland,30,USC,Bovada,7,7,56,57,230,-280
401628521,2024,regular,8,2024-10-19 20:00:00+00:00,120,Maryland,30,USC,DraftKings,6.5,6.5,56.5,,195,-238
401628521,2024,regular,8,2024-10-19 20:00:00+00:00,120,Maryland,30,USC,ESPN Bet,6.5,7,55.5,56.5,220,-270
401628522,2024,regular,8,2024-10-19 16:00:00+00:00,77,Northwestern,275,Wisconsin,Bovada,9.5,7,42.5,41.5,220,-270
401628522,2024,regular,8,2024-10-19 16:00:00+00:00,77,Northwestern,275,Wisconsin,DraftKings,9.5,7,42.5,,295,-375
401628522,2024,regular,8,2024-10-19 16:00:00+00:00,77,Northwestern,275,Wisconsin,ESPN Bet,9.5,6.5,42.5,41.5,300,-380
401628523,2024,regular,8,2024-10-19 00:00:00+00:00,2509,Purdue,2483,Oregon,Bovada,29.5,28,61,57.5,1600,-10000
401628523,2024,regular,8,2024-10-19 00:00:00+00:00,2509,Purdue,2483,Oregon,DraftKings,30,29.5,61,,1800,-5000
401628523,2024,regular,8,2024-10-19 00:00:00+00:00,2509,Purdue,2483,Oregon,ESPN Bet,29.5,28,60.5,58.5,1800,-4000
401628524,2024,regular,8,2024-10-19 16:00:00+00:00,164,Rutgers,26,UCLA,Bovada,-4,-6.5,42.5,41,-240,200
401628524,2024,regular,8,2024-10-19 16:00:00+00:00,164,Rutgers,26,UCLA,ESPN Bet,-4.5,-6,42.5,40.5,-190,160
401628525,2024,regular,9,2024-10-26 19:30:00+00:00,2483,Oregon,356,Illinois,Bovada,-22.5,-21,54,53.5,-1800,850
401628525,2024,regular,9,2024-10-26 19:30:00+00:00,2483,Oregon,356,Illinois,DraftKings,-22,-21.5,54,,-1800,1000
401628525,2024,regular,9,2024-10-26 19:30:00+00:00,2483,Oregon,356,Illinois,ESPN Bet,-22.5,-21.5,54.5,54.5,-2000,1000
401628526,2024,regular,9,2024-10-26 16:00:00+00:00,84,Indiana,264,Washington,Bovada,-5.5,-7,54,53,-250,210
401628526,2024,regular,9,2024-10-26 16:00:00+00:00,84,Indiana,264,Washington,DraftKings,-5.5,-7,54,,-218,180
401628526,2024,regular,9,2024-10-26 16:00:00+00:00,84,Indiana,264,Washington,ESPN Bet,-5.5,-7,53.5,52.5,-200,170
401628527,2024,regular,9,2024-10-26 19:30:00+00:00,2294,Iowa,77,Northwestern,Bovada,-16.5,-14,38.5,38,-585,410
401628527,2024,regular,9,2024-10-26 19:30:00+00:00,2294,Iowa,77,Northwestern,DraftKings,-16.5,-14,38,,-850,575
401628527,2024,regular,9,2024-10-26 19:30:00+00:00,2294,Iowa,77,Northwestern,ESPN Bet,-16.5,-13.5,37.5,37.5,-900,550
401628528,2024,regular,9,2024-10-26 19:30:00+00:00,135,Minnesota,120,Maryland,Bovada,-6,-4.5,45,45.5,-185,160
401628528,2024,regular,9,2024-10-26 19:30:00+00:00,135,Minnesota,120,Maryland,DraftKings,-6,-3,45,,-225,185
401628528,2024,regular,9,2024-10-26 19:30:00+00:00,135,Minnesota,120,Maryland,ESPN Bet,-5.5,-4.5,44.5,46.5,-225,190
401628529,2024,regular,9,2024-10-26 23:30:00+00:00,130,Michigan,127,Michigan State,Bovada,-3,-4,39,40.5,-220,180
401628529,2024,regular,9,2024-10-26 23:30:00+00:00,130,Michigan,127,Michigan State,DraftKings,-3.5,-22,39,,-155,130
401628529,2024,regular,9,2024-10-26 23:30:00+00:00,130,Michigan,127,Michigan State,ESPN Bet,-3.5,-5,39.5,40.5,-150,130
401628530,2024,regular,9,2024-10-26 16:00:00+00:00,194,Ohio State,158,Nebraska,Bovada,-25,-25.5,49,49,-4000,1200
401628530,2024,regular,9,2024-10-26 16:00:00+00:00,194,Ohio State,158,Nebraska,DraftKings,-25,-25.5,48.5,,-3200,1400
401628530,2024,regular,9,2024-10-26 16:00:00+00:00,194,Ohio State,158,Nebraska,ESPN Bet,-25.5,-25.5,48.5,48.5,-6000,1800
401628531,2024,regular,9,2024-10-26 23:30:00+00:00,275,Wisconsin,213,Penn State,Bovada,6,6,47.5,47.5,205,-245
401628531,2024,regular,9,2024-10-26 23:30:00+00:00,275,Wisconsin,213,Penn State,DraftKings,6.5,6.5,47,,195,-238
401628531,2024,regular,9,2024-10-26 23:30:00+00:00,275,Wisconsin,213,Penn State,ESPN Bet,6.5,6.5,45.5,47.5,195,-230
401628532,2024,regular,9,2024-10-26 03:00:00+00:00,30,USC,164,Rutgers,Bovada,-14,-14.5,57,56,-650,450
401628532,2024,regular,9,2024-10-26 03:00:00+00:00,30,USC,164,Rutgers,ESPN Bet,-13.5,-14,55.5,54.5,-650,425
401628533,2024,regular,10,2024-11-02 16:00:00+00:00,356,Illinois,135,Minnesota,Bovada,3,2.5,47,45.5,110,-130
401628533,2024,regular,10,2024-11-02 16:00:00+00:00,356,Illinois,135,Minnesota,DraftKings,2.5,-2.5,47,,120,-142
401628533,2024,regular,10,2024-11-02 16:00:00+00:00,356,Illinois,135,Minnesota,ESPN Bet,2.5,2,47.5,45.5,120,-140
401628534,2024,regular,10,2024-11-02 19:30:00+00:00,127,Michigan State,84,Indiana,Bovada,7.5,6.5,53.5,51,215,-260
401628534,2024,regular,10,2024-11-02 19:30:00+00:00,127,Michigan State,84,Indiana,DraftKings,7.5,7,53.5,,245,-305
401628534,2024,regular,10,2024-11-02 19:30:00+00:00,127,Michigan State,84,Indiana,ESPN Bet,7.5,7,53.5,50.5,250,-300
401628535,2024,regular,10,2024-11-02 23:30:00+00:00,2294,Iowa,275,Wisconsin,Bovada,-2.5,-4,40.5,42.5,-185,160
401628535,2024,regular,10,2024-11-02 23:30:00+00:00,2294,Iowa,275,Wisconsin,DraftKings,-2.5,-3,40,,-135,114
401628535,2024,regular,10,2024-11-02 23:30:00+00:00,2294,Iowa,275,Wisconsin,ESPN Bet,-2.5,-3.5,40.5,42.5,-140,120
401628536,2024,regular,10,2024-11-02 19:30:00+00:00,130,Michigan,2483,Oregon,Bovada,14.5,16,45,45,500,-750
401628536,2024,regular,10,2024-11-02 19:30:00+00:00,130,Michigan,2483,Oregon,DraftKings,14.5,3,45.5,,500,-810
401628536,2024,regular,10,2024-11-02 19:30:00+00:00,130,Michigan,2483,Oregon,ESPN Bet,14.5,14.5,45.5,44.5,475,-750
401628537,2024,regular,10,2024-11-02 19:30:00+00:00,158,Nebraska,26,UCLA,Bovada,-7.5,-7,38.5,41,-285,235
401628537,2024,regular,10,2024-11-02 19:30:00+00:00,158,Nebraska,26,UCLA,DraftKings,-7.5,-8.5,38.5,,-305,245
401628537,2024,regular,10,2024-11-02 19:30:00+00:00,158,Nebraska,26,UCLA,ESPN Bet,-8.5,-7.5,39.5,40.5,-300,250
401628538,2024,regular,10,2024-11-02 16:00:00+00:00,2509,Purdue,77,Northwestern,Bovada,-2.5,1.5,44,47,100,-120
401628538,2024,regular,10,2024-11-02 16:00:00+00:00,2509,Purdue,77,Northwestern,DraftKings,-3,1.5,44.5,,-142,120
401628538,2024,regular,10,2024-11-02 16:00:00+00:00,2509,Purdue,77,Northwestern,ESPN Bet,-3.5,1.5,44.5,46.5,-145,125
401628539,2024,regular,10,2024-11-02 16:00:00+00:00,213,Penn State,194,Ohio State,Bovada,3,4,47.5,47,160,-185
401628539,2024,regular,10,2024-11-02 16:00:00+00:00,213,Penn State,194,Ohio State,DraftKings,3,4,47.5,,136,-162
401628539,2024,regular,10,2024-11-02 16:00:00+00:00,213,Penn State,194,Ohio State,ESPN Bet,3.5,4,47.5,47.5,140,-165
401628540,2024,regular,10,2024-11-02 23:30:00+00:00,264,Washington,30,USC,Bovada,2,2.5,55,55.5,115,-135
401628540,2024,regular,10,2024-11-02 23:30:00+00:00,264,Washington,30,USC,DraftKings,2,3,55,,105,-125
401628540,2024,regular,10,2024-11-02 23:30:00+00:00,264,Washington,30,USC,ESPN Bet,2.5,2.5,55.5,55.5,110,-130
401628541,2024,regular,11,2024-11-09 20:30:00+00:00,84,Indiana,130,Michigan,Bovada,-14.5,-14,47.5,49,-650,450
401628541,2024,regular,11,2024-11-09 20:30:00+00:00,84,Indiana,130,Michigan,DraftKings,-14.5,-9.5,47.5,,-650,470
401628541,2024,regular,11,2024-11-09 20:30:00+00:00,84,Indiana,130,Michigan,ESPN Bet,-14.5,-14,47.5,48.5,-700,450
401628542,2024,regular,11,2024-11-09 02:00:00+00:00,26,UCLA,2294,Iowa,Bovada,6.5,6,45.5,44.5,190,-230
401628542,2024,regular,11,2024-11-09 02:00:00+00:00,26,UCLA,2294,Iowa,DraftKings,6.5,5.5,45,,200,-245
401628542,2024,regular,11,2024-11-09 02:00:00+00:00,26,UCLA,2294,Iowa,ESPN Bet,6.5,7,44.5,44.5,200,-240
401628543,2024,regular,11,2024-11-10 00:00:00+00:00,2483,Oregon,120,Maryland,Bovada,-24,-25,58,57.5,-3500,1100
401628543,2024,regular,11,2024-11-10 00:00:00+00:00,2483,Oregon,120,Maryland,DraftKings,-24,-26.5,58,,-3200,1400
401628543,2024,regular,11,2024-11-10 00:00:00+00:00,2483,Oregon,120,Maryland,ESPN Bet,-24,-25,57.5,57.5,-3000,1200
401628544,2024,regular,11,2024-11-09 17:00:00+00:00,164,Rutgers,135,Minnesota,Bovada,6.5,6,44.5,47,185,-225
401628544,2024,regular,11,2024-11-09 17:00:00+00:00,164,Rutgers,135,Minnesota,ESPN Bet,6.5,6.5,44.5,46.5,195,-230
401628545,2024,regular,11,2024-11-09 17:00:00+00:00,194,Ohio State,2509,Purdue,Bovada,-37,-38,56,54,,
401628545,2024,regular,11,2024-11-09 17:00:00+00:00,194,Ohio State,2509,Purdue,DraftKings,-37.5,-38.5,55,,,
401628545,2024,regular,11,2024-11-09 17:00:00+00:00,194,Ohio State,2509,Purdue,ESPN Bet,-37.5,-38.5,55.5,53.5,,
401628546,2024,regular,11,2024-11-10 01:00:00+00:00,213,Penn State,264,Washington,Bovada,-13.5,-13.5,48,46,-575,400
401628546,2024,regular,11,2024-11-10 01:00:00+00:00,213,Penn State,264,Washington,DraftKings,-13.5,-14,47.5,,-600,440
401628546,2024,regular,11,2024-11-10 01:00:00+00:00,213,Penn State,264,Washington,ESPN Bet,-13.5,-13,48.5,45.5,-650,425
401628547,2024,regular,12,2024-11-16 19:30:00+00:00,356,Illinois,127,Michigan State,Bovada,-2,-3.5,48,47,-175,150
401628547,2024,regular,12,2024-11-16 19:30:00+00:00,356,Illinois,127,Michigan State,DraftKings,-2,-3.5,47.5,,-122,102
401628547,2024,regular,12,2024-11-16 19:30:00+00:00,356,Illinois,127,Michigan State,ESPN Bet,-1.5,-3,47.5,47.5,-130,110
401628548,2024,regular,12,2024-11-16 23:00:00+00:00,120,Maryland,164,Rutgers,Bovada,-4.5,-4,54.5,51,-185,160
401628548,2024,regular,12,2024-11-16 23:00:00+00:00,120,Maryland,164,Rutgers,ESPN Bet,-4.5,-3.5,54.5,50.5,-170,145
401628549,2024,regular,12,2024-11-16 21:00:00+00:00,30,USC,158,Nebraska,Bovada,-6.5,-8.5,50.5,50,-340,270
401628549,2024,regular,12,2024-11-16 21:00:00+00:00,30,USC,158,Nebraska,DraftKings,-6.5,-9,51,,-250,205
401628549,2024,regular,12,2024-11-16 21:00:00+00:00,30,USC,158,Nebraska,ESPN Bet,-6.5,-9.5,50.5,50.5,-240,200
401628550,2024,regular,12,2024-11-16 17:00:00+00:00,77,Northwestern,194,Ohio State,Bovada,28.5,31,44.5,45,2500,-20000
401628550,2024,regular,12,2024-11-16 17:00:00+00:00,77,Northwestern,194,Ohio State,DraftKings,28,30.5,43.5,,2500,-9000
401628550,2024,regular,12,2024-11-16 17:00:00+00:00,77,Northwestern,194,Ohio State,ESPN Bet,29.5,30.5,44.5,44.5,2000,-7500
401628551,2024,regular,12,2024-11-17 00:30:00+00:00,275,Wisconsin,2483,Oregon,Bovada,13.5,14.5,50.5,52.5,460,-675
401628551,2024,regular,12,2024-11-17 00:30:00+00:00,275,Wisconsin,2483,Oregon,DraftKings,13.5,11,49.5,,400,-535
401628551,2024,regular,12,2024-11-17 00:30:00+00:00,275,Wisconsin,2483,Oregon,ESPN Bet,13.5,14.5,49.5,52.5,425,-650
401628552,2024,regular,12,2024-11-16 20:30:00+00:00,2509,Purdue,213,Penn State,Bovada,30,28,51.5,51,1600,-10000
401628552,2024,regular,12,2024-11-16 20:30:00+00:00,2509,Purdue,213,Penn State,DraftKings,30,28,51.5,,3000,-10000
401628552,2024,regular,12,2024-11-16 20:30:00+00:00,2509,Purdue,213,Penn State,ESPN Bet,30.5,28,51.5,49.5,2000,-7500
401628553,2024,regular,12,2024-11-16 02:00:00+00:00,264,Washington,26,UCLA,Bovada,-5,-3.5,47,47.5,-175,150
401628553,2024,regular,12,2024-11-16 02:00:00+00:00,264,Washington,26,UCLA,DraftKings,-4.5,-8,47,,-185,154
401628553,2024,regular,12,2024-11-16 02:00:00+00:00,264,Washington,26,UCLA,ESPN Bet,-5.5,-3.5,47.5,46.5,-200,170
401628554,2024,regular,13,2024-11-23 17:00:00+00:00,164,Rutgers,356,Illinois,Bovada,-2,-2,48,48,100,-120
401628554,2024,regular,13,2024-11-23 17:00:00+00:00,164,Rutgers,356,Illinois,ESPN Bet,-2.5,-1.5,47.5,48.5,-135,115
401628555,2024,regular,13,2024-11-23 17:00:00+00:00,194,Ohio State,84,Indiana,Bovada,-10.5,-11,52.5,52.5,-510,370
401628555,2024,regular,13,2024-11-23 17:00:00+00:00,194,Ohio State,84,Indiana,DraftKings,-10.5,-11.5,52.5,,-410,320
401628555,2024,regular,13,2024-11-23 17:00:00+00:00,194,Ohio State,84,Indiana,ESPN Bet,-10.5,-12.5,51.5,52.5,-425,320
401628556,2024,regular,13,2024-11-23 17:00:00+00:00,120,Maryland,2294,Iowa,Bovada,4,6.5,42,46.5,200,-240
401628556,2024,regular,13,2024-11-23 17:00:00+00:00,120,Maryland,2294,Iowa,DraftKings,4,7,40.5,,154,-185
401628556,2024,regular,13,2024-11-23 17:00:00+00:00,120,Maryland,2294,Iowa,ESPN Bet,4.5,6,39.5,46.5,170,-200
401628557,2024,regular,13,2024-11-23 20:30:00+00:00,130,Michigan,77,Northwestern,Bovada,-10.5,-12,35,38,-450,335
401628557,2024,regular,13,2024-11-23 20:30:00+00:00,130,Michigan,77,Northwestern,DraftKings,-10.5,-13.5,35.5,,-425,330
401628557,2024,regular,13,2024-11-23 20:30:00+00:00,130,Michigan,77,Northwestern,ESPN Bet,-10.5,-12.5,34.5,37.5,-425,320
401628558,2024,regular,13,2024-11-23 01:00:00+00:00,127,Michigan State,2509,Purdue,Bovada,-14,-13,48,48.5,-585,410
401628558,2024,regular,13,2024-11-23 01:00:00+00:00,127,Michigan State,2509,Purdue,DraftKings,-14,-14.5,49,,-600,440
401628558,2024,regular,13,2024-11-23 01:00:00+00:00,127,Michigan State,2509,Purdue,ESPN Bet,-14.5,-13,50.5,48.5,-650,425
401628559,2024,regular,13,2024-11-23 20:30:00+00:00,135,Minnesota,213,Penn State,Bovada,11,11,45,45,340,-460
401628559,2024,regular,13,2024-11-23 20:30:00+00:00,135,Minnesota,213,Penn State,DraftKings,11,10,45,,330,-425
401628559,2024,regular,13,2024-11-23 20:30:00+00:00,135,Minnesota,213,Penn State,ESPN Bet,11.5,12.5,45.5,45.5,340,-450
401628560,2024,regular,13,2024-11-23 20:30:00+00:00,158,Nebraska,275,Wisconsin,Bovada,-1,-2.5,40.5,42.5,-135,115
401628560,2024,regular,13,2024-11-23 20:30:00+00:00,158,Nebraska,275,Wisconsin,DraftKings,-1.5,-1.5,40.5,,-118,-102
401628560,2024,regular,13,2024-11-23 20:30:00+00:00,158,Nebraska,275,Wisconsin,ESPN Bet,-1.5,-2.5,40.5,42.5,-115,-105
401628561,2024,regular,13,2024-11-24 03:30:00+00:00,26,UCLA,30,USC,Bovada,4.5,5,52.5,51.5,155,-180
401628561,2024,regular,13,2024-11-24 03:30:00+00:00,26,UCLA,30,USC,DraftKings,5,6.5,53,,150,-180
401628561,2024,regular,13,2024-11-24 03:30:00+00:00,26,UCLA,30,USC,ESPN Bet,4.5,4.5,52.5,51.5,170,-200
401628562,2024,regular,14,2024-11-30 00:30:00+00:00,2294,Iowa,158,Nebraska,Bovada,-3,-5.5,41,39.5,-220,180
401628562,2024,regular,14,2024-11-30 00:30:00+00:00,2294,Iowa,158,Nebraska,DraftKings,-3,-4,41.5,,-135,114
401628562,2024,regular,14,2024-11-30 00:30:00+00:00,2294,Iowa,158,Nebraska,ESPN Bet,-3.5,-5.5,41.5,39.5,-150,130
401628563,2024,regular,14,2024-11-30 17:00:00+00:00,77,Northwestern,356,Illinois,Bovada,9,7.5,43.5,44,240,-290
401628563,2024,regular,14,2024-11-30 17:00:00+00:00,77,Northwestern,356,Illinois,DraftKings,9,9,43.5,,275,-345
401628563,2024,regular,14,2024-11-30 17:00:00+00:00,77,Northwestern,356,Illinois,ESPN Bet,8.5,7.5,42.5,44.5,270,-340
401628564,2024,regular,14,2024-12-01 00:00:00+00:00,84,Indiana,2509,Purdue,Bovada,-29,-28,56.5,56.5,-10000,1600
401628564,2024,regular,14,2024-12-01 00:00:00+00:00,84,Indiana,2509,Purdue,DraftKings,-28.5,-25.5,56.5,,-10000,3000
401628564,2024,regular,14,2024-12-01 00:00:00+00:00,84,Indiana,2509,Purdue,ESPN Bet,-28.5,-29,56.5,56.5,-6000,1800
401628565,2024,regular,14,2024-11-30 20:30:00+00:00,213,Penn State,120,Maryland,Bovada,-25.5,-24.5,50,50.5,-3300,1100
401628565,2024,regular,14,2024-11-30 20:30:00+00:00,213,Penn State,120,Maryland,DraftKings,-26,-24.5,50.5,,-4000,1600
401628565,2024,regular,14,2024-11-30 20:30:00+00:00,213,Penn State,120,Maryland,ESPN Bet,-26.5,-24.5,50.5,50.5,-4000,1300
401628566,2024,regular,14,2024-11-30 17:00:00+00:00,194,Ohio State,130,Michigan,Bovada,-20,-20.5,42,43,-1500,775
401628566,2024,regular,14,2024-11-30 17:00:00+00:00,194,Ohio State,130,Michigan,DraftKings,-19.5,-10,41.5,,-1350,800
401628566,2024,regular,14,2024-11-30 17:00:00+00:00,194,Ohio State,130,Michigan,ESPN Bet,-20.5,-20.5,41.5,43.5,-2000,1000
401628567,2024,regular,14,2024-11-30 20:30:00+00:00,127,Michigan State,164,Rutgers,Bovada,-1.5,-1,46.5,48,-115,-105
401628567,2024,regular,14,2024-11-30 20:30:00+00:00,127,Michigan State,164,Rutgers,ESPN Bet,-1.5,-1.5,46.5,48.5,-125,105
401628568,2024,regular,14,2024-11-29 17:00:00+00:00,275,Wisconsin,135,Minnesota,Bovada,1,-2,41,43.5,-125,105
401628568,2024,regular,14,2024-11-29 17:00:00+00:00,275,Wisconsin,135,Minnesota,DraftKings,2,-2,40.5,,102,-122
401628568,2024,regular,14,2024-11-29 17:00:00+00:00,275,Wisconsin,135,Minnesota,ESPN Bet,1.5,-2,40.5,43.5,105,-125
401628569,2024,regular,14,2024-12-01 00:30:00+00:00,2483,Oregon,264,Washington,Bovada,-17.5,-18.5,51,50.5,-1100,650
401628569,2024,regular,14,2024-12-01 00:30:00+00:00,2483,Oregon,264,Washington,DraftKings,-17,-20,50.5,,-850,575
401628569,2024,regular,14,2024-12-01 00:30:00+00:00,2483,Oregon,264,Washington,ESPN Bet,-17.5,-18.5,50.5,50.5,-900,550
401628570,2024,regular,14,2024-11-30 20:30:00+00:00,26,UCLA,278,Fresno State,Bovada,-7.5,-9.5,46.5,46.5,-370,285
401628570,2024,regular,14,2024-11-30 20:30:00+00:00,26,UCLA,278,Fresno State,DraftKings,-7.5,-10,46.5,,-285,230
401628570,2024,regular,14,2024-11-30 20:30:00+00:00,26,UCLA,278,Fresno State,ESPN Bet,-7.5,-9.5,46.5,46.5,-320,260
401628571,2024,regular,14,2024-11-30 20:30:00+00:00,30,USC,87,Notre Dame,Bovada,7,7,52.5,51,235,-285
401628571,2024,regular,14,2024-11-30 20:30:00+00:00,30,USC,87,Notre Dame,DraftKings,7,3.5,52.5,,210,-258
401628571,2024,regular,14,2024-11-30 20:30:00+00:00,30,USC,87,Notre Dame,ESPN Bet,6.5,7.5,52.5,51.5,215,-260
401628572,2024,regular,13,2024-11-24 00:00:00+00:00,204,Oregon State,265,Washington State,Bovada,11,12.5,56.5,56.5,360,-500
401628572,2024,regular,13,2024-11-24 00:00:00+00:00,204,Oregon State,265,Washington State,DraftKings,11,12.5,57,,340,-440
401628572,2024,regular,13,2024-11-24 00:00:00+00:00,204,Oregon State,265,Washington State,ESPN Bet,10.5,12.5,55.5,56.5,340,-450
401628579,2024,regular,1,2024-08-29 23:00:00+00:00,48,Delaware,2803,Bryant,ESPN Bet,-18.5,,55.5,,,
401628580,2024,regular,1,2024-08-29 22:00:00+00:00,222,Villanova,2754,Youngstown State,ESPN Bet,-11.5,,54.5,,,
401628582,2024,regular,1,2024-08-29 23:00:00+00:00,2116,UCF,160,New Hampshire,ESPN Bet,-38.5,,58.5,,,
401628583,2024,regular,1,2024-08-30 01:00:00+00:00,331,Eastern Washington,2405,Monmouth,ESPN Bet,-14.5,,63.5,,,
401628584,2024,regular,1,2024-08-30 23:30:00+00:00,150,Duke,2210,Elon,ESPN Bet,-24.5,,47.5,,,
401628585,2024,regular,1,2024-08-31 23:00:00+00:00,399,UAlbany,2341,Long Island University,ESPN Bet,-23.5,,48.5,,,
401628586,2024,regular,1,2024-08-31 22:00:00+00:00,2335,Liberty,2097,Campbell,ESPN Bet,-41.5,,58.5,,,
401628588,2024,regular,1,2024-08-31 23:00:00+00:00,227,Rhode Island,107,Holy Cross,ESPN Bet,-2.5,,54.5,,,
401628590,2024,regular,1,2024-08-31 21:00:00+00:00,276,Marshall,2619,Stony Brook,ESPN Bet,-32.5,,56.5,,,
401628591,2024,regular,1,2024-08-31 18:30:00+00:00,2132,Cincinnati,119,Towson,ESPN Bet,-33.5,,56.5,,,
401628592,2024,regular,1,2024-08-29 23:00:00+00:00,2729,William & Mary,2678,VMI,ESPN Bet,-17.5,,44.5,,,
401628593,2024,regular,2,2024-09-07 22:00:00+00:00,277,West Virginia,399,UAlbany,ESPN Bet,-38.5,-33.5,53.5,52.5,,
401628594,2024,regular,2,2024-09-07 17:00:00+00:00,2717,Western Carolina,2097,Campbell,ESPN Bet,-14,,62.5,,,
401628595,2024,regular,2,2024-09-07 22:00:00+00:00,2428,North Carolina Central,2210,Elon,ESPN Bet,7,,52.5,,,
401628597,2024,regular,2,2024-09-08 00:00:00+00:00,147,Montana State,311,Maine,ESPN Bet,-30.5,,52.5,,,
401628598,2024,regular,2,2024-09-07 18:00:00+00:00,107,Holy Cross,160,New Hampshire,ESPN Bet,-3,,54.5,,,
401628599,2024,regular,2,2024-09-07 19:30:00+00:00,257,Richmond,2747,Wofford,ESPN Bet,-17.5,,48.5,,,
401628600,2024,regular,2,2024-09-07 19:30:00+00:00,2619,Stony Brook,284,Stonehill,ESPN Bet,-10.5,,50.5,,,
401628601,2024,regular,2,2024-09-07 22:00:00+00:00,119,Towson,2415,Morgan State,ESPN Bet,-11,,48.5,,,
401628602,2024,regular,2,2024-09-07 22:00:00+00:00,2142,Colgate,222,Villanova,ESPN Bet,19,,49.5,,,
401628603,2024,regular,2,2024-09-07 23:00:00+00:00,324,Coastal Carolina,2729,William & Mary,ESPN Bet,-17.5,-14.5,,55.5,-800,550
401628607,2024,regular,3,2024-09-14 19:30:00+00:00,311,Maine,2405,Monmouth,ESPN Bet,-2.5,,55.5,,,
401628609,2024,regular,3,2024-09-14 17:00:00+00:00,2448,North Carolina A&T,48,Delaware,ESPN Bet,14,,49.5,,,
401628610,2024,regular,3,2024-09-14 19:30:00+00:00,222,Villanova,119,Towson,ESPN Bet,-19.5,,50.5,,,
401628611,2024,regular,3,2024-09-14 22:00:00+00:00,2747,Wofford,2729,William & Mary,ESPN Bet,9.5,,45.5,,,
401628612,2024,regular,3,2024-09-14 22:00:00+00:00,2210,Elon,2717,Western Carolina,ESPN Bet,-6,,54.5,,,
401628613,2024,regular,3,2024-09-14 20:00:00+00:00,2450,Norfolk State,2261,Hampton,ESPN Bet,-2.5,,50.5,,,
401628614,2024,regular,3,2024-09-14 22:00:00+00:00,160,New Hampshire,284,Stonehill,ESPN Bet,-27.5,,52.5,,,
401628615,2024,regular,3,2024-09-14 18:00:00+00:00,257,Richmond,2127,Charleston Southern,ESPN Bet,-13.5,,46.5,,,
401628616,2024,regular,3,2024-09-14 17:00:00+00:00,2230,Fordham,2619,Stony Brook,ESPN Bet,-9.5,,52.5,,,
401628617,2024,regular,3,2024-09-14 20:00:00+00:00,70,Idaho,399,UAlbany,ESPN Bet,-15,,43.5,,,
401628618,2024,regular,3,2024-09-14 18:00:00+00:00,2803,Bryant,107,Holy Cross,ESPN Bet,11.5,,54.5,,,
401628620,2024,regular,4,2024-09-21 21:00:00+00:00,2097,Campbell,2619,Stony Brook,ESPN Bet,-7.5,,50.5,,,
401628621,2024,regular,4,2024-09-21 22:00:00+00:00,48,Delaware,219,Pennsylvania,ESPN Bet,-13,,51.5,,,
401628622,2024,regular,4,2024-09-21 22:00:00+00:00,2210,Elon,2193,East Tennessee State,ESPN Bet,-7.5,,48.5,,,
401628623,2024,regular,4,2024-09-21 20:00:00+00:00,2261,Hampton,47,Howard,ESPN Bet,-4,,55.5,,,
401628624,2024,regular,4,2024-09-21 17:00:00+00:00,2771,Merrimack,311,Maine,ESPN Bet,-0.5,,48.5,,,
401628625,2024,regular,4,2024-09-21 22:00:00+00:00,2229,Florida International,2405,Monmouth,ESPN Bet,-12.5,-13.5,59.5,58.5,-450,360
401628627,2024,regular,4,2024-09-21 16:00:00+00:00,2341,Long Island University,227,Rhode Island,ESPN Bet,10.5,,47.5,,,
401628628,2024,regular,4,2024-09-21 22:00:00+00:00,2169,Delaware State,257,Richmond,ESPN Bet,23.5,,47.5,,,
401628629,2024,regular,4,2024-09-21 18:00:00+00:00,2449,North Dakota State,119,Towson,ESPN Bet,-25,,53.5,,,
401628630,2024,regular,4,2024-09-21 22:00:00+00:00,2729,William & Mary,231,Furman,ESPN Bet,-10,,47.5,,,
401628631,2024,regular,5,2024-09-28 19:30:00+00:00,399,UAlbany,311,Maine,ESPN Bet,-10,,51.5,,,
401628632,2024,regular,5,2024-09-28 18:00:00+00:00,2210,Elon,257,Richmond,ESPN Bet,0,,46.5,,,
401628633,2024,regular,5,2024-09-28 22:00:00+00:00,2729,William & Mary,2261,Hampton,ESPN Bet,-14,,52.5,,,
401628634,2024,regular,5,2024-09-28 18:00:00+00:00,2097,Campbell,2169,Delaware State,ESPN Bet,-18,,51.5,,,
401628635,2024,regular,5,2024-09-28 19:30:00+00:00,48,Delaware,2529,Sacred Heart,ESPN Bet,-31,,47.5,,,
401628636,2024,regular,5,2024-09-28 17:00:00+00:00,2405,Monmouth,2230,Fordham,ESPN Bet,-16,,54.5,,,
401628637,2024,regular,5,2024-09-28 22:00:00+00:00,2569,South Carolina State,2448,North Carolina A&T,ESPN Bet,-3.5,,46.5,,,
401628638,2024,regular,5,2024-09-28 19:30:00+00:00,2619,Stony Brook,2415,Morgan State,ESPN Bet,-2.5,,41.5,,,
401628639,2024,regular,5,2024-09-28 22:00:00+00:00,222,Villanova,2341,Long Island University,ESPN Bet,-24,,48.5,,,
401628640,2024,regular,6,2024-10-05 17:00:00+00:00,2405,Monmouth,48,Delaware,ESPN Bet,5.5,,63.5,,,
401628641,2024,regular,6,2024-10-05 18:00:00+00:00,2261,Hampton,227,Rhode Island,ESPN Bet,7.5,,50.5,,,
401628642,2024,regular,6,2024-10-05 18:00:00+00:00,257,Richmond,2448,North Carolina A&T,ESPN Bet,-22.5,,50.5,,,
401628643,2024,regular,6,2024-10-05 19:30:00+00:00,2619,Stony Brook,222,Villanova,ESPN Bet,16.5,,45.5,,,
401628644,2024,regular,6,2024-10-05 22:00:00+00:00,119,Towson,2729,William & Mary,ESPN Bet,4.5,,51.5,,,
401628645,2024,regular,6,2024-10-05 17:00:00+00:00,172,Cornell,399,UAlbany,ESPN Bet,-2,,51.5,,,
401628646,2024,regular,6,2024-10-05 16:00:00+00:00,225,Brown,2803,Bryant,ESPN Bet,-13,,58.5,,,
401628647,2024,regular,6,2024-10-05 20:00:00+00:00,2097,Campbell,2428,North Carolina Central,ESPN Bet,4.5,,58.5,,,
401628649,2024,regular,7,2024-10-12 17:00:00+00:00,2803,Bryant,399,UAlbany,ESPN Bet,7,,54.5,,,
401628650,2024,regular,7,2024-10-12 17:00:00+00:00,48,Delaware,311,Maine,ESPN Bet,-19.5,,55.5,,,
401628651,2024,regular,7,2024-10-12 18:00:00+00:00,2210,Elon,160,New Hampshire,ESPN Bet,-1,,51.5,,,
401628652,2024,regular,7,2024-10-12 18:00:00+00:00,2450,Norfolk State,119,Towson,ESPN Bet,18,,48.5,,,
401628653,2024,regular,7,2024-10-12 17:00:00+00:00,227,Rhode Island,225,Brown,ESPN Bet,-3.5,,57.5,,,
401628654,2024,regular,8,2024-10-19 19:30:00+00:00,2729,William & Mary,2097,Campbell,ESPN Bet,-17,,57.5,,,
401628655,2024,regular,8,2024-10-19 17:00:00+00:00,311,Maine,222,Villanova,ESPN Bet,13.5,,50.5,,,
401628656,2024,regular,8,2024-10-19 17:00:00+00:00,2448,North Carolina A&T,2261,Hampton,ESPN Bet,1.5,,58.5,,,
401628657,2024,regular,8,2024-10-19 17:00:00+00:00,119,Towson,2619,Stony Brook,ESPN Bet,-10,,52.5,,,
401628658,2024,regular,8,2024-10-19 19:30:00+00:00,257,Richmond,48,Delaware,ESPN Bet,10.5,,54.5,,,
401628659,2024,regular,8,2024-10-19 17:00:00+00:00,160,New Hampshire,227,Rhode Island,ESPN Bet,-5,,51.5,,,
401628661,2024,regular,8,2024-10-19 19:30:00+00:00,399,UAlbany,2210,Elon,ESPN Bet,-2.5,,45.5,,,
401628662,2024,regular,9,2024-10-26 19:00:00+00:00,48,Delaware,399,UAlbany,ESPN Bet,-14,,54.5,,,
401628663,2024,regular,9,2024-10-26 16:00:00+00:00,2803,Bryant,257,Richmond,ESPN Bet,16,,52.5,,,
401628664,2024,regular,9,2024-10-26 20:00:00+00:00,2097,Campbell,2448,North Carolina A&T,ESPN Bet,-10,,57.5,,,
401628665,2024,regular,9,2024-10-26 18:00:00+00:00,2261,Hampton,2210,Elon,ESPN Bet,7,,51.5,,,
401628666,2024,regular,9,2024-10-26 17:00:00+00:00,227,Rhode Island,311,Maine,ESPN Bet,-4.5,,49.5,,,
401628667,2024,regular,9,2024-10-26 17:00:00+00:00,2405,Monmouth,119,Towson,ESPN Bet,-9.5,,62.5,,,
401628668,2024,regular,9,2024-10-26 19:30:00+00:00,222,Villanova,160,New Hampshire,ESPN Bet,-8.5,,46.5,,,
401628669,2024,regular,9,2024-10-26 19:30:00+00:00,2619,Stony Brook,2729,William & Mary,ESPN Bet,7.5,,52.5,,,
401628670,2024,regular,10,2024-11-02 17:00:00+00:00,2448,North Carolina A&T,2729,William & Mary,ESPN Bet,16.5,,55.5,,,
401628671,2024,regular,10,2024-11-02 17:00:00+00:00,2261,Hampton,222,Villanova,ESPN Bet,8.5,,51.5,,,
401628673,2024,regular,10,2024-11-02 17:00:00+00:00,2803,Bryant,2619,Stony Brook,ESPN Bet,14,,54.5,,,
401628674,2024,regular,10,2024-11-02 17:00:00+00:00,227,Rhode Island,2405,Monmouth,ESPN Bet,2,,60.5,,,
401628675,2024,regular,10,2024-11-02 17:00:00+00:00,399,UAlbany,160,New Hampshire,ESPN Bet,-0.5,,45.5,,,
401628677,2024,regular,11,2024-11-09 18:00:00+00:00,2619,Stony Brook,399,UAlbany,ESPN Bet,-2.5,,48.5,,,
401628678,2024,regular,11,2024-11-09 18:00:00+00:00,311,Maine,2803,Bryant,ESPN Bet,-13.5,,57.5,,,
401628679,2024,regular,11,2024-11-09 20:30:00+00:00,2097,Campbell,257,Richmond,ESPN Bet,9.5,,52.5,,,
401628680,2024,regular,11,2024-11-09 18:00:00+00:00,48,Delaware,227,Rhode Island,ESPN Bet,-6,,54.5,,,
401628681,2024,regular,11,2024-11-09 18:00:00+00:00,2729,William & Mary,2210,Elon,ESPN Bet,-7.5,,49.5,,,
401628682,2024,regular,11,2024-11-09 18:00:00+00:00,119,Towson,2261,Hampton,ESPN Bet,-5.5,,55.5,,,
401628683,2024,regular,11,2024-11-09 18:00:00+00:00,160,New Hampshire,2405,Monmouth,ESPN Bet,1.5,,56.5,,,
401628684,2024,regular,11,2024-11-09 18:00:00+00:00,222,Villanova,2448,North Carolina A&T,ESPN Bet,-25.5,,49.5,,,
401628685,2024,regular,12,2024-11-16 17:00:00+00:00,2261,Hampton,257,Richmond,ESPN Bet,7,,49.5,,,
401628686,2024,regular,12,2024-11-16 17:00:00+00:00,2405,Monmouth,222,Villanova,ESPN Bet,3,,52.5,,,
401628687,2024,regular,12,2024-11-16 19:00:00+00:00,2210,Elon,311,Maine,ESPN Bet,-4,,51.5,,,
401628688,2024,regular,12,2024-11-16 17:00:00+00:00,119,Towson,2448,North Carolina A&T,ESPN Bet,-22,,48.5,,,
401628689,2024,regular,12,2024-11-16 18:00:00+00:00,227,Rhode Island,399,UAlbany,ESPN Bet,-13,,46.5,,,
401628690,2024,regular,12,2024-11-16 18:00:00+00:00,2729,William & Mary,2803,Bryant,ESPN Bet,-21,,57.5,,,
401628691,2024,regular,12,2024-11-16 18:00:00+00:00,48,Delaware,2097,Campbell,ESPN Bet,-16.5,,49.5,,,
401628692,2024,regular,12,2024-11-16 18:00:00+00:00,160,New Hampshire,2619,Stony Brook,ESPN Bet,-5.5,,46.5,,,
401628693,2024,regular,13,2024-11-23 18:00:00+00:00,311,Maine,160,New Hampshire,ESPN Bet,3,,45.5,,,
401628694,2024,regular,13,2024-11-23 18:00:00+00:00,222,Villanova,48,Delaware,ESPN Bet,1.5,,46.5,,,
401628695,2024,regular,13,2024-11-23 17:00:00+00:00,257,Richmond,2729,William & Mary,ESPN Bet,-5.5,,49.5,,,
401628696,2024,regular,13,2024-11-23 18:00:00+00:00,2448,North Carolina A&T,2210,Elon,ESPN Bet,17,,47.5,,,
401628697,2024,regular,13,2024-11-23 18:00:00+00:00,2619,Stony Brook,2405,Monmouth,ESPN Bet,3,,59.5,,,
401628698,2024,regular,13,2024-11-23 18:00:00+00:00,399,UAlbany,2261,Hampton,ESPN Bet,-3,,44.5,,,
401628699,2024,regular,13,2024-11-23 18:00:00+00:00,2803,Bryant,227,Rhode Island,ESPN Bet,12,,45.5,,,
401628700,2024,regular,13,2024-11-23 19:00:00+00:00,2097,Campbell,119,Towson,ESPN Bet,4.5,,50.5,,,
401628977,2024,regular,2,2024-09-07 19:30:00+00:00,87,Notre Dame,2459,Northern Illinois,Bovada,-28,-30,47.5,46,-10000,1600
401628977,2024,regular,2,2024-09-07 19:30:00+00:00,87,Notre Dame,2459,Northern Illinois,DraftKings,-27.5,-30.5,44.5,46,-6500,2000
401628977,2024,regular,2,2024-09-07 19:30:00+00:00,87,Notre Dame,2459,Northern Illinois,ESPN Bet,-28.5,-28.5,46.5,44.5,-7500,2500
401628978,2024,regular,3,2024-09-14 19:30:00+00:00,2509,Purdue,87,Notre Dame,Bovada,7,10.5,47,45,325,-435
401628978,2024,regular,3,2024-09-14 19:30:00+00:00,2509,Purdue,87,Notre Dame,DraftKings,11.5,16,45.5,,220,-270
401628978,2024,regular,3,2024-09-14 19:30:00+00:00,2509,Purdue,87,Notre Dame,ESPN Bet,7.5,10.5,47.5,45.5,250,-300
401628979,2024,regular,4,2024-09-21 19:30:00+00:00,87,Notre Dame,193,Miami (OH),Bovada,-27,-27,44,44,-7000,1300
401628979,2024,regular,4,2024-09-21 19:30:00+00:00,87,Notre Dame,193,Miami (OH),DraftKings,-27.5,,44,,-4500,1700
401628979,2024,regular,4,2024-09-21 19:30:00+00:00,87,Notre Dame,193,Miami (OH),ESPN Bet,-27.5,-26.5,43.5,43.5,-5000,2000
401628980,2024,regular,5,2024-09-28 19:30:00+00:00,87,Notre Dame,97,Louisville,Bovada,-6.5,-6.5,45,47.5,-240,200
401628980,2024,regular,5,2024-09-28 19:30:00+00:00,87,Notre Dame,97,Louisville,DraftKings,-6.5,-9.5,45,,-245,200
401628980,2024,regular,5,2024-09-28 19:30:00+00:00,87,Notre Dame,97,Louisville,ESPN Bet,-6.5,-5,45.5,48.5,-240,200
401628981,2024,regular,7,2024-10-12 19:30:00+00:00,87,Notre Dame,24,Stanford,Bovada,-22.5,-23,45,46,-2200,1000
401628981,2024,regular,7,2024-10-12 19:30:00+00:00,87,Notre Dame,24,Stanford,DraftKings,-22.5,-23,45.5,,-2100,1100
401628981,2024,regular,7,2024-10-12 19:30:00+00:00,87,Notre Dame,24,Stanford,ESPN Bet,-22.5,-23.5,45.5,45.5,-2000,1100
401628982,2024,regular,8,2024-10-19 19:30:00+00:00,59,Georgia Tech,87,Notre Dame,Bovada,14,8.5,50,50,270,-340
401628982,2024,regular,8,2024-10-19 19:30:00+00:00,59,Georgia Tech,87,Notre Dame,DraftKings,14,8.5,49.5,,440,-600
401628982,2024,regular,8,2024-10-19 19:30:00+00:00,59,Georgia Tech,87,Notre Dame,ESPN Bet,14.5,7.5,49.5,50.5,425,-550
401628983,2024,regular,9,2024-10-26 16:00:00+00:00,2426,Navy,87,Notre Dame,Bovada,14,12.5,50.5,51.5,355,-490
401628983,2024,regular,9,2024-10-26 16:00:00+00:00,2426,Navy,87,Notre Dame,DraftKings,11.5,17,52,,370,-485
401628983,2024,regular,9,2024-10-26 16:00:00+00:00,2426,Navy,87,Notre Dame,ESPN Bet,14.5,12.5,50.5,52.5,425,-650
401628984,2024,regular,11,2024-11-10 00:30:00+00:00,87,Notre Dame,52,Florida State,Bovada,-25.5,-26,44,42.5,-5000,1300
401628984,2024,regular,11,2024-11-10 00:30:00+00:00,87,Notre Dame,52,Florida State,DraftKings,-25.5,-3.5,44,,-5000,1800
401628984,2024,regular,11,2024-11-10 00:30:00+00:00,87,Notre Dame,52,Florida State,ESPN Bet,-25.5,-26,44.5,42.5,-5000,1500
401628985,2024,regular,12,2024-11-16 20:30:00+00:00,87,Notre Dame,258,Virginia,Bovada,-21.5,-23,51,50.5,-2200,1000
401628985,2024,regular,12,2024-11-16 20:30:00+00:00,87,Notre Dame,258,Virginia,DraftKings,-20.5,-20,51,,-1800,1000
401628985,2024,regular,12,2024-11-16 20:30:00+00:00,87,Notre Dame,258,Virginia,ESPN Bet,-21.5,-23.5,51.5,50.5,-1800,900
401629030,2024,regular,3,2024-09-14 22:00:00+00:00,150,Duke,41,UConn,Bovada,-16,-17.5,46.5,47,-850,550
401629030,2024,regular,3,2024-09-14 22:00:00+00:00,150,Duke,41,UConn,DraftKings,-17,-17,47.5,47.5,-900,600
401629030,2024,regular,3,2024-09-14 22:00:00+00:00,150,Duke,41,UConn,ESPN Bet,-17.5,-16.5,46.5,47.5,-800,550
401629031,2024,regular,4,2024-09-21 23:00:00+00:00,41,UConn,2226,Florida Atlantic,Bovada,-1,,46,,-115,-105
401629031,2024,regular,4,2024-09-21 23:00:00+00:00,41,UConn,2226,Florida Atlantic,DraftKings,-1,,45.5,,-112,-108
401629031,2024,regular,4,2024-09-21 23:00:00+00:00,41,UConn,2226,Florida Atlantic,ESPN Bet,0.5,-2.5,45.5,46.5,-120,-105
401629032,2024,regular,5,2024-09-28 16:00:00+00:00,41,UConn,2084,Buffalo,Bovada,-6,-5,44.5,44.5,-270,220
401629032,2024,regular,5,2024-09-28 16:00:00+00:00,41,UConn,2084,Buffalo,DraftKings,-6,-3,44.5,,-218,180
401629032,2024,regular,5,2024-09-28 16:00:00+00:00,41,UConn,2084,Buffalo,ESPN Bet,-5.5,-4,44.5,46.5,-225,190
401629033,2024,regular,6,2024-10-05 19:30:00+00:00,41,UConn,218,Temple,Bovada,-17.5,-14,49.5,50,-800,525
401629033,2024,regular,6,2024-10-05 19:30:00+00:00,41,UConn,218,Temple,DraftKings,-17.5,-11,49,,-800,550
401629033,2024,regular,6,2024-10-05 19:30:00+00:00,41,UConn,218,Temple,ESPN Bet,-17.5,-14,48.5,50.5,-900,600
401629034,2024,regular,8,2024-10-19 16:00:00+00:00,41,UConn,154,Wake Forest,Bovada,2.5,-2,55.5,58,-125,105
401629034,2024,regular,8,2024-10-19 16:00:00+00:00,41,UConn,154,Wake Forest,DraftKings,2.5,3.5,55.5,,110,-130
401629034,2024,regular,8,2024-10-19 16:00:00+00:00,41,UConn,154,Wake Forest,ESPN Bet,2.5,-2,56.5,57.5,115,-135
401629035,2024,regular,9,2024-10-26 19:30:00+00:00,41,UConn,242,Rice,Bovada,-6.5,-6,47,47,-240,200
401629035,2024,regular,9,2024-10-26 19:30:00+00:00,41,UConn,242,Rice,DraftKings,-6.5,-5,47,,-238,195
401629035,2024,regular,9,2024-10-26 19:30:00+00:00,41,UConn,242,Rice,ESPN Bet,-6.5,-6.5,45.5,46.5,-250,210
401629036,2024,regular,10,2024-11-01 23:00:00+00:00,41,UConn,2247,Georgia State,Bovada,-7,-7,48,48.5,-290,240
401629036,2024,regular,10,2024-11-01 23:00:00+00:00,41,UConn,2247,Georgia State,DraftKings,-7,-5.5,48,,-270,220
401629036,2024,regular,10,2024-11-01 23:00:00+00:00,41,UConn,2247,Georgia State,ESPN Bet,-7.5,-7.5,48.5,48.5,-275,225
401629037,2024,regular,11,2024-11-09 19:30:00+00:00,5,UAB,41,UConn,Bovada,7.5,6,54,56.5,190,-230
401629037,2024,regular,11,2024-11-09 19:30:00+00:00,5,UAB,41,UConn,DraftKings,7.5,6.5,54,,230,-285
401629037,2024,regular,11,2024-11-09 19:30:00+00:00,5,UAB,41,UConn,ESPN Bet,7.5,6,53.5,56.5,250,-300
401629038,2024,regular,14,2024-11-30 17:00:00+00:00,113,Massachusetts,41,UConn,Bovada,10.5,10,49.5,50,305,-410
401629038,2024,regular,14,2024-11-30 17:00:00+00:00,113,Massachusetts,41,UConn,DraftKings,8,10,50,,250,-310
401629038,2024,regular,14,2024-11-30 17:00:00+00:00,113,Massachusetts,41,UConn,ESPN Bet,9.5,10.5,49.5,50.5,260,-320
401629039,2024,regular,1,2024-08-31 19:30:00+00:00,113,Massachusetts,2199,Eastern Michigan,Bovada,-2.5,-1,51,49,-160,135
401629039,2024,regular,1,2024-08-31 19:30:00+00:00,113,Massachusetts,2199,Eastern Michigan,DraftKings,-2.5,1,49,49,-130,110
401629039,2024,regular,1,2024-08-31 19:30:00+00:00,113,Massachusetts,2199,Eastern Michigan,ESPN Bet,-2.5,,50.5,,,
401629040,2024,regular,2,2024-09-07 19:30:00+00:00,2649,Toledo,113,Massachusetts,Bovada,-17.5,-19.5,51,50.5,-1200,700
401629040,2024,regular,2,2024-09-07 19:30:00+00:00,2649,Toledo,113,Massachusetts,DraftKings,-17.5,-19.5,51,50.5,-1100,700
401629040,2024,regular,2,2024-09-07 19:30:00+00:00,2649,Toledo,113,Massachusetts,ESPN Bet,-17.5,-20,50.5,51.5,-1000,700
401629041,2024,regular,3,2024-09-14 17:00:00+00:00,2084,Buffalo,113,Massachusetts,Bovada,-3.5,-4,46,44.5,-195,165
401629041,2024,regular,3,2024-09-14 17:00:00+00:00,2084,Buffalo,113,Massachusetts,DraftKings,-4.5,-4.5,45,45,-170,142
401629041,2024,regular,3,2024-09-14 17:00:00+00:00,2084,Buffalo,113,Massachusetts,ESPN Bet,-3.5,-5.5,45.5,45.5,-165,140
401629042,2024,regular,4,2024-09-21 19:30:00+00:00,113,Massachusetts,2115,Central Connecticut,DraftKings,-19.5,,52,52.5,-1200,750
401629042,2024,regular,4,2024-09-21 19:30:00+00:00,113,Massachusetts,2115,Central Connecticut,ESPN Bet,-19.5,-20,51.5,52.5,-1200,750
401629043,2024,regular,5,2024-09-28 19:30:00+00:00,193,Miami (OH),113,Massachusetts,Bovada,-14.5,-17.5,44.5,46,-950,600
401629043,2024,regular,5,2024-09-28 19:30:00+00:00,193,Miami (OH),113,Massachusetts,DraftKings,-15.5,-17.5,44.5,,-750,525
401629043,2024,regular,5,2024-09-28 19:30:00+00:00,193,Miami (OH),113,Massachusetts,ESPN Bet,-15.5,-17.5,43.5,47.5,-700,500
401629044,2024,regular,6,2024-10-05 16:00:00+00:00,2459,Northern Illinois,113,Massachusetts,Bovada,-14,-17,41,45,-950,600
401629044,2024,regular,6,2024-10-05 16:00:00+00:00,2459,Northern Illinois,113,Massachusetts,DraftKings,-14,-16.5,41,,-575,425
401629044,2024,regular,6,2024-10-05 16:00:00+00:00,2459,Northern Illinois,113,Massachusetts,ESPN Bet,-13.5,-17.5,40.5,46.5,-650,475
401629045,2024,regular,11,2024-11-09 20:30:00+00:00,249,North Texas,349,Army,Bovada,6.5,5.5,68,63,180,-220
401629045,2024,regular,11,2024-11-09 20:30:00+00:00,249,North Texas,349,Army,DraftKings,6.5,4,68,,205,-250
401629045,2024,regular,11,2024-11-09 20:30:00+00:00,249,North Texas,349,Army,ESPN Bet,6.5,5,66.5,63.5,200,-240
401629046,2024,regular,12,2024-11-16 17:00:00+00:00,113,Massachusetts,2335,Liberty,Bovada,14.5,14,52,53,430,-625
401629046,2024,regular,12,2024-11-16 17:00:00+00:00,113,Massachusetts,2335,Liberty,DraftKings,17,12.5,53,,575,-850
401629046,2024,regular,12,2024-11-16 17:00:00+00:00,113,Massachusetts,2335,Liberty,ESPN Bet,16.5,14,52.5,53.5,600,-1000
401632062,2024,regular,1,2024-08-31 16:00:00+00:00,97,Louisville,2046,Austin Peay,ESPN Bet,-38.5,,54.5,,,
401632066,2024,regular,1,2024-09-01 02:00:00+00:00,3101,Utah Tech,147,Montana State,ESPN Bet,30.5,,62.5,,,
401632068,2024,regular,2,2024-09-07 23:00:00+00:00,98,Western Kentucky,2198,Eastern Kentucky,ESPN Bet,-18.5,-20.5,59.5,59.5,-1400,800
401632069,2024,regular,2,2024-09-07 23:00:00+00:00,2815,Lindenwood,2110,Central Arkansas,ESPN Bet,20.5,,54.5,,,
401632070,2024,regular,2,2024-09-07 23:00:00+00:00,2046,Austin Peay,79,Southern Illinois,ESPN Bet,9.5,,51.5,,,
401632071,2024,regular,2,2024-09-07 19:00:00+00:00,2439,UNLV,3101,Utah Tech,ESPN Bet,-41.5,,55.5,54.5,,
401632072,2024,regular,2,2024-09-08 01:00:00+00:00,2638,UTEP,253,Southern Utah,ESPN Bet,-6.5,-6.5,54.5,51.5,-230,195
401632073,2024,regular,3,2024-09-14 23:00:00+00:00,2110,Central Arkansas,2046,Austin Peay,ESPN Bet,-15.5,,55.5,,,
401632074,2024,regular,3,2024-09-14 22:00:00+00:00,2198,Eastern Kentucky,2698,West Georgia,ESPN Bet,-12.5,,57.5,,,
401632075,2024,regular,3,2024-09-15 00:00:00+00:00,253,Southern Utah,302,UC Davis,ESPN Bet,6.5,,52.5,,,
401632076,2024,regular,3,2024-09-15 01:00:00+00:00,3101,Utah Tech,2464,Northern Arizona,ESPN Bet,20,,54.5,,,
401632077,2024,regular,11,2024-11-09 19:00:00+00:00,2698,West Georgia,2627,Tarleton State,ESPN Bet,8.5,,53.5,,,
401632078,2024,regular,4,2024-09-21 22:00:00+00:00,2198,Eastern Kentucky,2413,Morehead State,ESPN Bet,-28,,52.5,,,
401632099,2024,regular,4,2024-09-21 23:00:00+00:00,2029,Arkansas-Pine Bluff,2110,Central Arkansas,ESPN Bet,33,,57.5,,,
401632100,2024,regular,4,2024-09-21 23:00:00+00:00,2046,Austin Peay,2010,Alabama A&M,ESPN Bet,-13.5,,56.5,,,
401632102,2024,regular,4,2024-09-21 22:00:00+00:00,304,Idaho State,253,Southern Utah,ESPN Bet,2.5,,58.5,,,
401632105,2024,regular,5,2024-09-28 18:00:00+00:00,2698,West Georgia,2453,North Alabama,ESPN Bet,3,,55.5,,,
401632106,2024,regular,5,2024-09-28 18:00:00+00:00,2046,Austin Peay,253,Southern Utah,ESPN Bet,-1,,51.5,,,
401632107,2024,regular,5,2024-09-28 23:00:00+00:00,2110,Central Arkansas,2320,Lamar,ESPN Bet,-17.5,,51.5,,,
401632108,2024,regular,6,2024-10-05 21:00:00+00:00,2453,North Alabama,3101,Utah Tech,ESPN Bet,-10,,55.5,,,
401632109,2024,regular,6,2024-10-05 18:00:00+00:00,2698,West Georgia,2046,Austin Peay,ESPN Bet,9.5,,53.5,,,
401632110,2024,regular,5,2024-09-28 18:00:00+00:00,2198,Eastern Kentucky,2523,Robert Morris,ESPN Bet,-14,,50.5,,,
401632112,2024,regular,6,2024-10-06 00:00:00+00:00,253,Southern Utah,2627,Tarleton State,ESPN Bet,-1.5,,54.5,,,
401632113,2024,regular,7,2024-10-12 23:00:00+00:00,2453,North Alabama,2000,Abilene Christian,ESPN Bet,7.5,,58.5,,,
401632114,2024,regular,7,2024-10-12 23:00:00+00:00,2627,Tarleton State,3101,Utah Tech,ESPN Bet,-24,,58.5,,,
401632116,2024,regular,9,2024-10-26 18:00:00+00:00,253,Southern Utah,2698,West Georgia,ESPN Bet,10.5,,55.5,,,
401632117,2024,regular,6,2024-10-05 20:00:00+00:00,2000,Abilene Christian,2110,Central Arkansas,ESPN Bet,3,,58.5,,,
401632119,2024,regular,12,2024-11-16 19:00:00+00:00,2046,Austin Peay,2198,Eastern Kentucky,ESPN Bet,-1,,50.5,,,
401632120,2024,regular,9,2024-10-26 19:00:00+00:00,2198,Eastern Kentucky,3101,Utah Tech,ESPN Bet,-20,,55.5,,,
401632122,2024,regular,9,2024-10-26 20:00:00+00:00,2046,Austin Peay,2627,Tarleton State,ESPN Bet,7.5,,52.5,,,
401632123,2024,regular,9,2024-10-26 21:00:00+00:00,2110,Central Arkansas,2453,North Alabama,ESPN Bet,-10,,59.5,,,
401632124,2024,regular,10,2024-11-02 23:00:00+00:00,2627,Tarleton State,2198,Eastern Kentucky,ESPN Bet,-13,,53.5,,,
401632125,2024,regular,10,2024-11-02 20:00:00+00:00,3101,Utah Tech,2110,Central Arkansas,ESPN Bet,24.5,,57.5,,,
401632126,2024,regular,10,2024-11-02 21:00:00+00:00,2453,North Alabama,2046,Austin Peay,ESPN Bet,-7.5,,53.5,,,
401632128,2024,regular,10,2024-11-02 20:00:00+00:00,2000,Abilene Christian,253,Southern Utah,ESPN Bet,-3.5,,58.5,,,
401632129,2024,regular,12,2024-11-16 21:00:00+00:00,3101,Utah Tech,2698,West Georgia,ESPN Bet,4.5,,54.5,,,
401632130,2024,regular,11,2024-11-09 21:00:00+00:00,2046,Austin Peay,2000,Abilene Christian,ESPN Bet,4,,54.5,,,
401632131,2024,regular,13,2024-11-23 20:00:00+00:00,2627,Tarleton State,2110,Central Arkansas,ESPN Bet,-3,,57.5,,,
401632132,2024,regular,13,2024-11-23 19:00:00+00:00,2198,Eastern Kentucky,2453,North Alabama,ESPN Bet,-4,,49.5,,,
401632134,2024,regular,8,2024-10-19 20:00:00+00:00,3101,Utah Tech,2046,Austin Peay,ESPN Bet,15.5,,56.5,,,
401632135,2024,regular,11,2024-11-09 20:00:00+00:00,2453,North Alabama,253,Southern Utah,ESPN Bet,-7.5,,55.5,,,
401632136,2024,regular,7,2024-10-12 21:00:00+00:00,2110,Central Arkansas,2698,West Georgia,ESPN Bet,-23.5,,57.5,,,
401632137,2024,regular,8,2024-10-19 20:00:00+00:00,2000,Abilene Christian,2198,Eastern Kentucky,ESPN Bet,-7.5,,58.5,,,
401632139,2024,regular,12,2024-11-17 00:00:00+00:00,2627,Tarleton State,2000,Abilene Christian,ESPN Bet,-3,,57.5,,,
401632140,2024,regular,11,2024-11-09 19:00:00+00:00,2198,Eastern Kentucky,2110,Central Arkansas,ESPN Bet,4,,55.5,,,
401632142,2024,regular,13,2024-11-23 19:00:00+00:00,2046,Austin Peay,236,Chattanooga,ESPN Bet,4,,44.5,,,
401632143,2024,regular,13,2024-11-23 20:00:00+00:00,253,Southern Utah,3101,Utah Tech,ESPN Bet,-19,,53.5,,,
401632459,2024,regular,2,2024-09-07 23:00:00+00:00,2247,Georgia State,236,Chattanooga,ESPN Bet,-9.5,-10,51.5,54.5,-360,290
401632460,2024,regular,3,2024-09-14 22:00:00+00:00,236,Chattanooga,2382,Mercer,ESPN Bet,-5.5,,48.5,,,
401632461,2024,regular,5,2024-09-28 23:00:00+00:00,236,Chattanooga,2502,Portland State,ESPN Bet,-11.5,,56.5,,,
401632462,2024,regular,6,2024-10-05 19:30:00+00:00,2193,East Tennessee State,236,Chattanooga,ESPN Bet,-1.5,,50.5,,,
401632463,2024,regular,7,2024-10-12 18:00:00+00:00,231,Furman,236,Chattanooga,ESPN Bet,6.5,,47.5,,,
401632464,2024,regular,8,2024-10-19 17:30:00+00:00,236,Chattanooga,2747,Wofford,ESPN Bet,-15.5,,44.5,,,
401632465,2024,regular,9,2024-10-26 20:00:00+00:00,236,Chattanooga,2678,VMI,ESPN Bet,-30.5,,46.5,,,
401632466,2024,regular,10,2024-11-02 18:30:00+00:00,2717,Western Carolina,236,Chattanooga,ESPN Bet,2,,56.5,,,
401632467,2024,regular,11,2024-11-09 19:00:00+00:00,2643,The Citadel,236,Chattanooga,ESPN Bet,14,,44.5,,,
401632468,2024,regular,12,2024-11-16 18:30:00+00:00,236,Chattanooga,2535,Samford,ESPN Bet,-16.5,,49.5,,,
401633979,2024,regular,2,2024-09-07 23:00:00+00:00,2546,Southeast Missouri State,2630,UT Martin,ESPN Bet,-3,,54.5,,,
401633980,2024,regular,4,2024-09-21 18:30:00+00:00,2635,Tennessee Tech,2634,Tennessee State,ESPN Bet,-6.5,,54.5,,,
401633981,2024,regular,5,2024-09-28 22:00:00+00:00,2634,Tennessee State,2127,Charleston Southern,ESPN Bet,-4,,47.5,,,
401633982,2024,regular,5,2024-09-28 19:00:00+00:00,2197,Eastern Illinois,2815,Lindenwood,ESPN Bet,-3,,46.5,,,
401633983,2024,regular,5,2024-09-28 20:00:00+00:00,2241,Gardner-Webb,2635,Tennessee Tech,ESPN Bet,-4,,55.5,,,
401633984,2024,regular,6,2024-10-05 20:00:00+00:00,2127,Charleston Southern,2710,Western Illinois,ESPN Bet,-14,,51.5,,,
401633985,2024,regular,6,2024-10-05 19:00:00+00:00,2197,Eastern Illinois,2546,Southeast Missouri State,ESPN Bet,10.5,,50.5,,,
401633986,2024,regular,6,2024-10-05 18:00:00+00:00,2630,UT Martin,2241,Gardner-Webb,ESPN Bet,-10.5,,53.5,,,
401633987,2024,regular,6,2024-10-05 18:00:00+00:00,2815,Lindenwood,2634,Tennessee State,ESPN Bet,-7.5,,50.5,,,
401633988,2024,regular,7,2024-10-12 18:00:00+00:00,2815,Lindenwood,2127,Charleston Southern,ESPN Bet,-8.5,,47.5,,,
401633989,2024,regular,7,2024-10-12 22:00:00+00:00,2634,Tennessee State,2197,Eastern Illinois,ESPN Bet,2.5,,48.5,,,
401633990,2024,regular,7,2024-10-12 20:00:00+00:00,2546,Southeast Missouri State,2635,Tennessee Tech,ESPN Bet,-13,,56.5,,,
401633991,2024,regular,7,2024-10-12 20:00:00+00:00,2710,Western Illinois,2630,UT Martin,ESPN Bet,21.5,,60.5,,,
401633992,2024,regular,8,2024-10-19 20:00:00+00:00,2127,Charleston Southern,2546,Southeast Missouri State,ESPN Bet,19,,45.5,,,
401633993,2024,regular,8,2024-10-19 17:30:00+00:00,2241,Gardner-Webb,2815,Lindenwood,ESPN Bet,-2.5,,50.5,,,
401633994,2024,regular,8,2024-10-19 20:00:00+00:00,2710,Western Illinois,2635,Tennessee Tech,ESPN Bet,10,,60.5,,,
401633995,2024,regular,9,2024-10-26 18:30:00+00:00,2635,Tennessee Tech,2127,Charleston Southern,ESPN Bet,-7,,44.5,,,
401633996,2024,regular,9,2024-10-26 19:00:00+00:00,2630,UT Martin,2197,Eastern Illinois,ESPN Bet,-17,,54.5,,,
401633997,2024,regular,9,2024-10-26 19:00:00+00:00,2546,Southeast Missouri State,2241,Gardner-Webb,ESPN Bet,-18,,53.5,,,
401633998,2024,regular,9,2024-10-26 19:00:00+00:00,2815,Lindenwood,2710,Western Illinois,ESPN Bet,-8.5,,,,,
401634000,2024,regular,10,2024-11-02 19:00:00+00:00,2197,Eastern Illinois,2710,Western Illinois,ESPN Bet,-4,,62.5,,,
401634001,2024,regular,10,2024-11-02 18:30:00+00:00,2635,Tennessee Tech,2815,Lindenwood,ESPN Bet,-2.5,,53.5,,,
401634002,2024,regular,10,2024-11-02 22:00:00+00:00,2634,Tennessee State,2630,UT Martin,ESPN Bet,14.5,,51.5,,,
401634003,2024,regular,11,2024-11-09 19:00:00+00:00,2127,Charleston Southern,2630,UT Martin,ESPN Bet,17.5,,45.5,,,
401634004,2024,regular,11,2024-11-09 18:30:00+00:00,2241,Gardner-Webb,2197,Eastern Illinois,ESPN Bet,-5.5,,54.5,,,
401634005,2024,regular,11,2024-11-09 19:00:00+00:00,2815,Lindenwood,2546,Southeast Missouri State,ESPN Bet,17,,56.5,,,
401634006,2024,regular,11,2024-11-09 19:00:00+00:00,2710,Western Illinois,2634,Tennessee State,ESPN Bet,4,,62.5,,,
401634007,2024,regular,12,2024-11-16 18:00:00+00:00,2197,Eastern Illinois,2127,Charleston Southern,ESPN Bet,-5,,47.5,,,
401634008,2024,regular,12,2024-11-16 18:30:00+00:00,2241,Gardner-Webb,2634,Tennessee State,ESPN Bet,-2,,51.5,,,
401634009,2024,regular,12,2024-11-16 19:00:00+00:00,2546,Southeast Missouri State,2710,Western Illinois,ESPN Bet,-24,,63.5,,,
401634010,2024,regular,12,2024-11-16 19:00:00+00:00,2630,UT Martin,2635,Tennessee Tech,ESPN Bet,-13,,51.5,,,
401634011,2024,regular,13,2024-11-23 18:00:00+00:00,2635,Tennessee Tech,2197,Eastern Illinois,ESPN Bet,-13,,47.5,,,
401634012,2024,regular,13,2024-11-23 19:00:00+00:00,2710,Western Illinois,2241,Gardner-Webb,ESPN Bet,7,,68.5,,,
401634013,2024,regular,13,2024-11-23 20:00:00+00:00,2630,UT Martin,2815,Lindenwood,ESPN Bet,-19.5,,56.5,,,
401634014,2024,regular,13,2024-11-23 21:30:00+00:00,2634,Tennessee State,2546,Southeast Missouri State,ESPN Bet,6.5,,50.5,,,
401634017,2024,regular,9,2024-10-26 19:00:00+00:00,2466,Northwestern State,2320,Lamar,ESPN Bet,17.5,,48.5,,,
401634019,2024,regular,7,2024-10-12 23:00:00+00:00,2916,Incarnate Word,2447,Nicholls,ESPN Bet,-3.5,,58.5,,,
401634020,2024,regular,10,2024-11-03 00:00:00+00:00,2377,McNeese,2837,East Texas A&M,ESPN Bet,-12,,50.5,,,
401634021,2024,regular,12,2024-11-16 19:00:00+00:00,2837,East Texas A&M,2277,Houston Christian,ESPN Bet,-3,,47.5,,,
401634022,2024,regular,8,2024-10-19 21:00:00+00:00,2916,Incarnate Word,2377,McNeese,ESPN Bet,-14.5,,59.5,,,
401634023,2024,regular,11,2024-11-09 18:00:00+00:00,2545,SE Louisiana,2466,Northwestern State,ESPN Bet,-28,,53.5,,,
401634025,2024,regular,10,2024-11-02 20:00:00+00:00,2320,Lamar,2545,SE Louisiana,ESPN Bet,2,,48.5,,,
401634026,2024,regular,9,2024-10-26 20:00:00+00:00,2447,Nicholls,2377,McNeese,ESPN Bet,-6.5,,48.5,,,
401634027,2024,regular,11,2024-11-09 20:00:00+00:00,2277,Houston Christian,2447,Nicholls,ESPN Bet,11.5,,49.5,,,
401634028,2024,regular,11,2024-11-09 20:00:00+00:00,2916,Incarnate Word,2320,Lamar,ESPN Bet,-15.5,,55.5,,,
401634030,2024,regular,7,2024-10-12 19:00:00+00:00,2466,Northwestern State,2837,East Texas A&M,ESPN Bet,11.5,,51.5,,,
401634031,2024,regular,6,2024-10-05 23:00:00+00:00,2277,Houston Christian,2377,McNeese,ESPN Bet,10.5,,53.5,,,
401634032,2024,regular,9,2024-10-26 23:00:00+00:00,2545,SE Louisiana,2916,Incarnate Word,ESPN Bet,6.5,,56.5,,,
401634033,2024,regular,8,2024-10-19 20:30:00+00:00,2837,East Texas A&M,2320,Lamar,ESPN Bet,6.5,,46.5,,,
401634034,2024,regular,8,2024-10-19 16:00:00+00:00,2447,Nicholls,2466,Northwestern State,ESPN Bet,-30,,54.5,,,
401634035,2024,regular,10,2024-11-02 19:00:00+00:00,2916,Incarnate Word,2277,Houston Christian,ESPN Bet,-23.5,,58.5,,,
401634036,2024,regular,12,2024-11-16 19:00:00+00:00,2466,Northwestern State,2377,McNeese,ESPN Bet,25.5,,51.5,,,
401634037,2024,regular,12,2024-11-16 21:00:00+00:00,2320,Lamar,2447,Nicholls,ESPN Bet,1.5,,45.5,,,
401634039,2024,regular,13,2024-11-22 00:00:00+00:00,2447,Nicholls,2545,SE Louisiana,ESPN Bet,4.5,,47.5,,,
401634040,2024,regular,13,2024-11-23 20:00:00+00:00,2277,Houston Christian,2466,Northwestern State,ESPN Bet,-17.5,,55.5,,,
401634041,2024,regular,13,2024-11-23 19:00:00+00:00,2837,East Texas A&M,2916,Incarnate Word,ESPN Bet,21.5,,,,,
401634042,2024,regular,13,2024-11-24 01:00:00+00:00,2377,McNeese,2320,Lamar,ESPN Bet,-3,,45.5,,,
401634046,2024,regular,5,2024-09-28 19:00:00+00:00,2458,Northern Colorado,13,Cal Poly,ESPN Bet,2.5,,47.5,,,
401634047,2024,regular,5,2024-09-29 02:00:00+00:00,302,UC Davis,70,Idaho,ESPN Bet,4,,48.5,,,
401634048,2024,regular,5,2024-09-28 22:00:00+00:00,304,Idaho State,147,Montana State,ESPN Bet,17.5,,59.5,,,
401634049,2024,regular,5,2024-09-29 00:00:00+00:00,331,Eastern Washington,149,Montana,ESPN Bet,16.5,,58.5,,,
401634050,2024,regular,5,2024-09-28 20:00:00+00:00,2464,Northern Arizona,16,Sacramento State,ESPN Bet,7.5,,56.5,,,
401634051,2024,regular,6,2024-10-06 00:00:00+00:00,13,Cal Poly,304,Idaho State,ESPN Bet,3.5,,53.5,,,
401634052,2024,regular,6,2024-10-05 21:00:00+00:00,70,Idaho,2464,Northern Arizona,ESPN Bet,-10.5,,52.5,,,
401634053,2024,regular,6,2024-10-05 19:00:00+00:00,149,Montana,2692,Weber State,ESPN Bet,-13,,53.5,,,
401634054,2024,regular,6,2024-10-05 20:00:00+00:00,147,Montana State,2458,Northern Colorado,ESPN Bet,-37.5,,53.5,,,
401634055,2024,regular,6,2024-10-05 20:00:00+00:00,2502,Portland State,302,UC Davis,ESPN Bet,10.5,,60.5,,,
401634056,2024,regular,7,2024-10-12 23:00:00+00:00,302,UC Davis,13,Cal Poly,ESPN Bet,-17,,50.5,,,
401634057,2024,regular,7,2024-10-13 01:00:00+00:00,16,Sacramento State,331,Eastern Washington,ESPN Bet,-11.5,,65.5,,,
401634058,2024,regular,7,2024-10-12 22:00:00+00:00,304,Idaho State,2502,Portland State,ESPN Bet,-7,,65.5,,,
401634099,2024,regular,7,2024-10-12 20:00:00+00:00,149,Montana,2464,Northern Arizona,ESPN Bet,-12.5,,57.5,,,
401634100,2024,regular,7,2024-10-13 02:15:00+00:00,147,Montana State,70,Idaho,ESPN Bet,-9.5,,54.5,,,
401634101,2024,regular,7,2024-10-13 00:00:00+00:00,2692,Weber State,2458,Northern Colorado,ESPN Bet,-27,,51.5,,,
401634102,2024,regular,8,2024-10-19 20:00:00+00:00,70,Idaho,13,Cal Poly,ESPN Bet,-22,,53.5,,,
401634103,2024,regular,8,2024-10-19 23:00:00+00:00,331,Eastern Washington,302,UC Davis,ESPN Bet,4,,61.5,,,
401634104,2024,regular,8,2024-10-19 20:00:00+00:00,2464,Northern Arizona,304,Idaho State,ESPN Bet,-7.5,,59.5,,,
401634105,2024,regular,8,2024-10-19 20:00:00+00:00,2502,Portland State,147,Montana State,ESPN Bet,21.5,,63.5,,,
401634106,2024,regular,8,2024-10-20 01:00:00+00:00,16,Sacramento State,2692,Weber State,ESPN Bet,-5,,56.5,,,
401634107,2024,regular,9,2024-10-27 01:00:00+00:00,70,Idaho,331,Eastern Washington,ESPN Bet,-9,,61.5,,,
401634108,2024,regular,9,2024-10-26 22:00:00+00:00,304,Idaho State,16,Sacramento State,ESPN Bet,7.5,,61.5,,,
401634109,2024,regular,9,2024-10-26 19:00:00+00:00,2458,Northern Colorado,149,Montana,ESPN Bet,24,,53.5,,,
401634110,2024,regular,10,2024-11-02 21:00:00+00:00,13,Cal Poly,149,Montana,ESPN Bet,20.5,,56.5,,,
401634111,2024,regular,10,2024-11-02 20:00:00+00:00,331,Eastern Washington,147,Montana State,ESPN Bet,17,,63.5,,,
401634112,2024,regular,10,2024-11-02 20:00:00+00:00,2464,Northern Arizona,2692,Weber State,ESPN Bet,-1.5,,54.5,,,
401634113,2024,regular,10,2024-11-02 20:00:00+00:00,302,UC Davis,2458,Northern Colorado,ESPN Bet,-23.5,,49.5,,,
401634114,2024,regular,10,2024-11-03 01:00:00+00:00,16,Sacramento State,2502,Portland State,ESPN Bet,-12.5,,68.5,,,
401634115,2024,regular,11,2024-11-10 01:00:00+00:00,13,Cal Poly,2464,Northern Arizona,ESPN Bet,13.5,,53.5,,,
401634116,2024,regular,11,2024-11-09 19:00:00+00:00,2458,Northern Colorado,331,Eastern Washington,ESPN Bet,13.5,,60.5,,,
401634117,2024,regular,11,2024-11-09 21:00:00+00:00,2502,Portland State,70,Idaho,ESPN Bet,11,,61.5,,,
401634118,2024,regular,11,2024-11-09 20:00:00+00:00,2692,Weber State,304,Idaho State,ESPN Bet,-6.5,,56.5,,,
401634119,2024,regular,11,2024-11-10 03:15:00+00:00,149,Montana,302,UC Davis,ESPN Bet,-5.5,,54.5,,,
401634120,2024,regular,11,2024-11-09 20:00:00+00:00,147,Montana State,16,Sacramento State,ESPN Bet,-17.5,,62.5,,,
401634121,2024,regular,12,2024-11-16 22:00:00+00:00,13,Cal Poly,16,Sacramento State,ESPN Bet,7.5,,58.5,,,
401634122,2024,regular,12,2024-11-16 21:00:00+00:00,331,Eastern Washington,304,Idaho State,ESPN Bet,-5,,69.5,,,
401634123,2024,regular,12,2024-11-17 01:00:00+00:00,70,Idaho,2692,Weber State,ESPN Bet,-10.5,,55.5,,,
401634124,2024,regular,12,2024-11-16 20:00:00+00:00,149,Montana,2502,Portland State,ESPN Bet,-15.5,,63.5,,,
401634125,2024,regular,12,2024-11-17 01:00:00+00:00,302,UC Davis,147,Montana State,ESPN Bet,7,,55.5,,,
401634126,2024,regular,12,2024-11-16 19:00:00+00:00,2458,Northern Colorado,2464,Northern Arizona,ESPN Bet,19.5,,42.5,,,
401634127,2024,regular,13,2024-11-23 20:00:00+00:00,2692,Weber State,13,Cal Poly,ESPN Bet,-14,,54.5,,,
401634128,2024,regular,13,2024-11-23 20:00:00+00:00,2464,Northern Arizona,331,Eastern Washington,ESPN Bet,-5.5,,61.5,,,
401634129,2024,regular,13,2024-11-23 23:00:00+00:00,304,Idaho State,70,Idaho,ESPN Bet,10.5,,57.5,,,
401634130,2024,regular,13,2024-11-23 19:00:00+00:00,147,Montana State,149,Montana,ESPN Bet,-16.5,,54.5,,,
401634131,2024,regular,13,2024-11-23 21:00:00+00:00,2502,Portland State,2458,Northern Colorado,ESPN Bet,-16.5,,55.5,,,
401634132,2024,regular,13,2024-11-23 22:00:00+00:00,16,Sacramento State,302,UC Davis,ESPN Bet,13.5,,57.5,,,
401634133,2024,regular,1,2024-08-31 19:30:00+00:00,2026,App State,2193,East Tennessee State,ESPN Bet,-35.5,,58.5,,,
401634135,2024,regular,3,2024-09-14 21:30:00+00:00,2193,East Tennessee State,2449,North Dakota State,ESPN Bet,27,,53.5,,,
401634136,2024,regular,5,2024-09-28 21:00:00+00:00,2643,The Citadel,2193,East Tennessee State,ESPN Bet,13,,51.5,,,
401634137,2024,regular,7,2024-10-12 19:30:00+00:00,2193,East Tennessee State,2535,Samford,ESPN Bet,-9.5,,52.5,,,
401634138,2024,regular,9,2024-10-26 18:00:00+00:00,2747,Wofford,2193,East Tennessee State,ESPN Bet,9.5,,49.5,,,
401634139,2024,regular,10,2024-11-02 19:00:00+00:00,2382,Mercer,2193,East Tennessee State,ESPN Bet,-6,,50.5,,,
401634140,2024,regular,11,2024-11-09 17:00:00+00:00,2193,East Tennessee State,2717,Western Carolina,ESPN Bet,-6.5,,58.5,,,
401634141,2024,regular,12,2024-11-16 17:00:00+00:00,2193,East Tennessee State,231,Furman,ESPN Bet,-15,,51.5,,,
401634142,2024,regular,13,2024-11-23 17:00:00+00:00,2678,VMI,2193,East Tennessee State,ESPN Bet,16.5,,41.5,,,
401634143,2024,regular,1,2024-08-29 23:00:00+00:00,2382,Mercer,2506,Presbyterian,ESPN Bet,-27.5,,46.5,,,
401634144,2024,regular,2,2024-09-07 19:00:00+00:00,2065,Bethune-Cookman,2382,Mercer,ESPN Bet,21.5,,48.5,,,
401634145,2024,regular,4,2024-09-21 22:00:00+00:00,2382,Mercer,2643,The Citadel,ESPN Bet,-20.5,,46.5,,,
401634146,2024,regular,5,2024-09-28 19:00:00+00:00,2747,Wofford,2382,Mercer,ESPN Bet,6.5,,46.5,,,
401634147,2024,regular,7,2024-10-12 19:30:00+00:00,2382,Mercer,163,Princeton,ESPN Bet,-13,,45.5,,,
401634148,2024,regular,8,2024-10-19 19:00:00+00:00,2535,Samford,2382,Mercer,ESPN Bet,9,,49.5,,,
401634149,2024,regular,9,2024-10-26 19:30:00+00:00,2382,Mercer,2717,Western Carolina,ESPN Bet,-3.5,,55.5,,,
401634150,2024,regular,11,2024-11-09 18:30:00+00:00,2678,VMI,2382,Mercer,ESPN Bet,21,,47.5,,,
401634151,2024,regular,13,2024-11-23 20:00:00+00:00,2382,Mercer,231,Furman,ESPN Bet,-14,,51.5,,,
401634152,2024,regular,1,2024-08-29 23:00:00+00:00,2241,Gardner-Webb,2747,Wofford,ESPN Bet,-3.5,,49.5,,,
401634153,2024,regular,6,2024-10-05 18:30:00+00:00,2717,Western Carolina,2747,Wofford,ESPN Bet,-13,,51.5,,,
401634154,2024,regular,7,2024-10-12 17:30:00+00:00,2747,Wofford,2678,VMI,ESPN Bet,-17.5,,43.5,,,
401634155,2024,regular,10,2024-11-02 19:00:00+00:00,2535,Samford,2747,Wofford,ESPN Bet,-9,,47.5,,,
401634156,2024,regular,11,2024-11-09 19:00:00+00:00,231,Furman,2747,Wofford,ESPN Bet,-4.5,,42.5,,,
401634157,2024,regular,12,2024-11-16 18:30:00+00:00,2747,Wofford,2643,The Citadel,ESPN Bet,-6.5,,38.5,,,
401634158,2024,regular,2,2024-09-07 23:00:00+00:00,2453,North Alabama,2287,Illinois State,ESPN Bet,13.5,,50.5,,,
401634159,2024,regular,3,2024-09-14 17:00:00+00:00,2287,Illinois State,2710,Western Illinois,ESPN Bet,-36,,50.5,,,
401634161,2024,regular,5,2024-09-28 19:00:00+00:00,2287,Illinois State,2449,North Dakota State,ESPN Bet,10,,50.5,,,
401634162,2024,regular,6,2024-10-05 23:00:00+00:00,79,Southern Illinois,2287,Illinois State,ESPN Bet,-2.5,,50.5,,,
401634163,2024,regular,7,2024-10-12 17:00:00+00:00,2287,Illinois State,2623,Missouri State,ESPN Bet,-2.5,,53.5,,,
401634164,2024,regular,8,2024-10-19 19:00:00+00:00,93,Murray State,2287,Illinois State,ESPN Bet,19.5,,54.5,,,
401634165,2024,regular,10,2024-11-02 19:00:00+00:00,2287,Illinois State,2754,Youngstown State,ESPN Bet,-7.5,,57.5,,,
401634166,2024,regular,11,2024-11-09 19:00:00+00:00,2460,Northern Iowa,2287,Illinois State,ESPN Bet,2.5,,52.5,,,
401634167,2024,regular,12,2024-11-16 18:00:00+00:00,282,Indiana State,2287,Illinois State,ESPN Bet,14.5,,45.5,,,
401634168,2024,regular,13,2024-11-23 18:00:00+00:00,2287,Illinois State,155,North Dakota,ESPN Bet,-3.5,,54.5,,,
401634169,2024,regular,1,2024-08-31 16:00:00+00:00,2509,Purdue,282,Indiana State,ESPN Bet,-35.5,,52.5,,,
401634170,2024,regular,2,2024-09-07 23:00:00+00:00,2197,Eastern Illinois,282,Indiana State,ESPN Bet,-8.5,,44.5,,,
401634171,2024,regular,3,2024-09-14 22:00:00+00:00,282,Indiana State,2168,Dayton,ESPN Bet,-10.5,,44.5,,,
401634172,2024,regular,5,2024-09-28 17:00:00+00:00,282,Indiana State,2277,Houston Christian,ESPN Bet,-9.5,,47.5,,,
401634173,2024,regular,6,2024-10-05 18:00:00+00:00,2754,Youngstown State,282,Indiana State,ESPN Bet,-14,,51.5,,,
401634174,2024,regular,7,2024-10-12 17:00:00+00:00,282,Indiana State,93,Murray State,ESPN Bet,-6.5,,46.5,,,
401634175,2024,regular,8,2024-10-19 19:00:00+00:00,2623,Missouri State,282,Indiana State,ESPN Bet,-27,,50.5,,,
401634176,2024,regular,9,2024-10-26 17:00:00+00:00,282,Indiana State,79,Southern Illinois,ESPN Bet,9.5,,47.5,,,
401634177,2024,regular,10,2024-11-02 17:00:00+00:00,282,Indiana State,155,North Dakota,ESPN Bet,17,,52.5,,,
401634178,2024,regular,11,2024-11-09 19:00:00+00:00,233,South Dakota,282,Indiana State,ESPN Bet,-31,,45.5,,,
401634179,2024,regular,13,2024-11-23 19:00:00+00:00,2460,Northern Iowa,282,Indiana State,ESPN Bet,-8.5,,44.5,,,
401634180,2024,regular,1,2024-09-01 01:00:00+00:00,149,Montana,2623,Missouri State,ESPN Bet,-13.5,,54.5,,,
401634181,2024,regular,2,2024-09-07 18:00:00+00:00,2050,Ball State,2623,Missouri State,ESPN Bet,-2.5,-2.5,50.5,52.5,-140,120
401634182,2024,regular,3,2024-09-14 23:00:00+00:00,2623,Missouri State,2815,Lindenwood,ESPN Bet,-26.5,,54.5,,,
401634184,2024,regular,5,2024-09-28 19:00:00+00:00,2623,Missouri State,2754,Youngstown State,ESPN Bet,-10,,54.5,,,
401634185,2024,regular,9,2024-10-26 21:00:00+00:00,2460,Northern Iowa,2623,Missouri State,ESPN Bet,10.5,,53.5,,,
401634186,2024,regular,10,2024-11-02 19:00:00+00:00,2623,Missouri State,79,Southern Illinois,ESPN Bet,-14.5,,55.5,,,
401634187,2024,regular,11,2024-11-09 19:00:00+00:00,93,Murray State,2623,Missouri State,ESPN Bet,24,,58.5,,,
401634188,2024,regular,12,2024-11-16 20:30:00+00:00,2449,North Dakota State,2623,Missouri State,ESPN Bet,-13.5,,57.5,,,
401634189,2024,regular,13,2024-11-23 20:00:00+00:00,2623,Missouri State,2571,South Dakota State,ESPN Bet,14.5,,58.5,,,
401634190,2024,regular,2,2024-09-07 23:00:00+00:00,93,Murray State,2086,Butler,ESPN Bet,-7.5,,48.5,,,
401634191,2024,regular,3,2024-09-14 23:00:00+00:00,93,Murray State,2400,Mississippi Valley State,ESPN Bet,-14.5,,48.5,,,
401634192,2024,regular,5,2024-09-28 18:00:00+00:00,155,North Dakota,93,Murray State,ESPN Bet,-21,,52.5,,,
401634193,2024,regular,6,2024-10-05 19:00:00+00:00,93,Murray State,233,South Dakota,ESPN Bet,27.5,,51.5,,,
401634194,2024,regular,9,2024-10-26 18:00:00+00:00,93,Murray State,2449,North Dakota State,ESPN Bet,35,,56.5,,,
401634195,2024,regular,10,2024-11-02 19:00:00+00:00,2571,South Dakota State,93,Murray State,ESPN Bet,-42,,54.5,,,
401634196,2024,regular,13,2024-11-23 18:00:00+00:00,79,Southern Illinois,93,Murray State,ESPN Bet,-17,,56.5,,,
401634197,2024,regular,1,2024-08-31 19:30:00+00:00,66,Iowa State,155,North Dakota,ESPN Bet,-30.5,,51.5,,,
401634198,2024,regular,2,2024-09-07 23:00:00+00:00,155,North Dakota,149,Montana,ESPN Bet,7,,50.5,,,
401634199,2024,regular,3,2024-09-14 18:00:00+00:00,155,North Dakota,304,Idaho State,ESPN Bet,-10,,57.5,,,
401634200,2024,regular,4,2024-09-21 18:00:00+00:00,155,North Dakota,301,San Diego,ESPN Bet,-27.5,,50.5,,,
401634201,2024,regular,6,2024-10-05 19:30:00+00:00,2449,North Dakota State,155,North Dakota,ESPN Bet,-14.5,,60.5,,,
401634202,2024,regular,8,2024-10-19 18:00:00+00:00,155,North Dakota,2460,Northern Iowa,ESPN Bet,-16,,55.5,,,
401634203,2024,regular,9,2024-10-26 22:00:00+00:00,2754,Youngstown State,155,North Dakota,ESPN Bet,9.5,,60.5,,,
401634204,2024,regular,11,2024-11-09 19:00:00+00:00,155,North Dakota,2571,South Dakota State,ESPN Bet,17,,55.5,,,
401634205,2024,regular,12,2024-11-16 18:00:00+00:00,155,North Dakota,233,South Dakota,ESPN Bet,14,,54.5,,,
401634206,2024,regular,1,2024-08-30 00:00:00+00:00,38,Colorado,2449,North Dakota State,Bovada,-9.5,-9,60.5,60.5,-360,280
401634206,2024,regular,1,2024-08-30 00:00:00+00:00,38,Colorado,2449,North Dakota State,DraftKings,-9,-8,59,59.5,-470,360
401634206,2024,regular,1,2024-08-30 00:00:00+00:00,38,Colorado,2449,North Dakota State,ESPN Bet,-11.5,,54.5,,,
401634207,2024,regular,2,2024-09-07 19:30:00+00:00,2449,North Dakota State,2634,Tennessee State,ESPN Bet,-35.5,,52.5,,,
401634208,2024,regular,7,2024-10-12 19:00:00+00:00,79,Southern Illinois,2449,North Dakota State,ESPN Bet,22.5,,55.5,,,
401634209,2024,regular,8,2024-10-20 00:00:00+00:00,2449,North Dakota State,2571,South Dakota State,ESPN Bet,1.5,,52.5,,,
401634210,2024,regular,10,2024-11-02 19:30:00+00:00,2449,North Dakota State,2460,Northern Iowa,ESPN Bet,-30,,52.5,,,
401634211,2024,regular,13,2024-11-23 19:00:00+00:00,233,South Dakota,2449,North Dakota State,ESPN Bet,3,,55.5,,,
401634212,2024,regular,1,2024-08-31 18:00:00+00:00,197,Oklahoma State,2571,South Dakota State,Bovada,-9.5,-9.5,54.5,54.5,,
401634212,2024,regular,1,2024-08-31 18:00:00+00:00,197,Oklahoma State,2571,South Dakota State,DraftKings,-9.5,-9,54,54,-500,380
401634212,2024,regular,1,2024-08-31 18:00:00+00:00,197,Oklahoma State,2571,South Dakota State,ESPN Bet,-12.5,,55.5,,,
401634213,2024,regular,2,2024-09-07 23:00:00+00:00,2571,South Dakota State,2916,Incarnate Word,ESPN Bet,-25,,52.5,,,
401634216,2024,regular,6,2024-10-05 21:00:00+00:00,2460,Northern Iowa,2571,South Dakota State,ESPN Bet,24.5,,48.5,,,
401634217,2024,regular,7,2024-10-12 19:00:00+00:00,2571,South Dakota State,2754,Youngstown State,ESPN Bet,-33,,55.5,,,
401634218,2024,regular,9,2024-10-26 23:30:00+00:00,2571,South Dakota State,233,South Dakota,ESPN Bet,-8.5,,49.5,,,
401634239,2024,regular,12,2024-11-16 20:00:00+00:00,2571,South Dakota State,79,Southern Illinois,ESPN Bet,-30.5,,49.5,,,
401634241,2024,regular,3,2024-09-14 23:00:00+00:00,79,Southern Illinois,2916,Incarnate Word,ESPN Bet,-3.5,,56.5,,,
401634242,2024,regular,4,2024-09-21 23:00:00+00:00,79,Southern Illinois,2546,Southeast Missouri State,ESPN Bet,-6.5,,54.5,,,
401634243,2024,regular,5,2024-09-28 18:00:00+00:00,233,South Dakota,79,Southern Illinois,ESPN Bet,-13.5,,47.5,,,
401634244,2024,regular,11,2024-11-09 18:00:00+00:00,79,Southern Illinois,2754,Youngstown State,ESPN Bet,-0.5,,54.5,,,
401634245,2024,regular,2,2024-09-07 18:00:00+00:00,2754,Youngstown State,2674,Valparaiso,ESPN Bet,-35.5,,50.5,,,
401634246,2024,regular,3,2024-09-14 18:00:00+00:00,2754,Youngstown State,2184,Duquesne,ESPN Bet,-17.5,,55.5,,,
401634247,2024,regular,4,2024-09-21 19:30:00+00:00,221,Pittsburgh,2754,Youngstown State,DraftKings,-27,,60.5,62.5,-3600,1500
401634247,2024,regular,4,2024-09-21 19:30:00+00:00,221,Pittsburgh,2754,Youngstown State,ESPN Bet,-29.5,-25.5,59.5,62.5,-3500,1500
401634248,2024,regular,8,2024-10-19 22:00:00+00:00,2754,Youngstown State,233,South Dakota,ESPN Bet,23.5,,57.5,,,
401634249,2024,regular,12,2024-11-16 17:00:00+00:00,2754,Youngstown State,2460,Northern Iowa,ESPN Bet,-4.5,,58.5,,,
401634252,2024,regular,14,2024-11-29 21:00:00+00:00,50,Florida A&M,2010,Alabama A&M,ESPN Bet,-5,,57.5,,,
401634253,2024,regular,6,2024-10-05 21:00:00+00:00,2296,Jackson State,2010,Alabama A&M,ESPN Bet,-15,,55.5,,,
401634254,2024,regular,7,2024-10-12 19:00:00+00:00,2010,Alabama A&M,2065,Bethune-Cookman,ESPN Bet,-3.5,,56.5,,,
401634255,2024,regular,9,2024-10-26 19:30:00+00:00,2010,Alabama A&M,2011,Alabama State,ESPN Bet,2,,51.5,,,
401634256,2024,regular,10,2024-11-02 19:00:00+00:00,2010,Alabama A&M,2582,Southern,ESPN Bet,-2.5,,51.5,,,
401634257,2024,regular,11,2024-11-09 20:00:00+00:00,2029,Arkansas-Pine Bluff,2010,Alabama A&M,ESPN Bet,8,,60.5,,,
401634258,2024,regular,12,2024-11-15 01:00:00+00:00,2010,Alabama A&M,2755,Grambling,ESPN Bet,-6,,58.5,,,
401634259,2024,regular,13,2024-11-23 18:00:00+00:00,2400,Mississippi Valley State,2010,Alabama A&M,ESPN Bet,14,,55.5,,,
401634299,2024,regular,1,2024-08-29 23:00:00+00:00,152,NC State,2717,Western Carolina,ESPN Bet,-32.5,,60.5,,,
401634300,2024,regular,1,2024-08-31 02:30:00+00:00,24,Stanford,2628,TCU,Bovada,8,8.5,58.5,58.5,250,-300
401634300,2024,regular,1,2024-08-31 02:30:00+00:00,24,Stanford,2628,TCU,DraftKings,8.5,8.5,61,61,250,-310
401634300,2024,regular,1,2024-08-31 02:30:00+00:00,24,Stanford,2628,TCU,ESPN Bet,8.5,,58.5,,,
401634301,2024,regular,1,2024-08-31 21:00:00+00:00,25,California,302,UC Davis,ESPN Bet,-20.5,,56.5,,,
401634302,2024,regular,1,2024-09-01 00:00:00+00:00,59,Georgia Tech,2247,Georgia State,Bovada,-20.5,-21,55.5,57,-1900,900
401634302,2024,regular,1,2024-09-01 00:00:00+00:00,59,Georgia Tech,2247,Georgia State,DraftKings,-20.5,-20.5,57,57.5,-2100,1100
401634304,2024,regular,1,2024-08-31 19:30:00+00:00,183,Syracuse,195,Ohio,Bovada,-17,-17.5,45,47,-1000,625
401634304,2024,regular,1,2024-08-31 19:30:00+00:00,183,Syracuse,195,Ohio,DraftKings,-17.5,-17,47.5,47.5,-850,575
401634304,2024,regular,1,2024-08-31 19:30:00+00:00,183,Syracuse,195,Ohio,ESPN Bet,-17.5,,45.5,,,
401634305,2024,regular,1,2024-08-31 16:00:00+00:00,221,Pittsburgh,2309,Kent State,Bovada,-23.5,-24,55.5,54,-3300,1100
401634305,2024,regular,1,2024-08-31 16:00:00+00:00,221,Pittsburgh,2309,Kent State,DraftKings,-23.5,-23.5,53.5,53.5,-2100,1100
401634305,2024,regular,1,2024-08-31 16:00:00+00:00,221,Pittsburgh,2309,Kent State,ESPN Bet,-23.5,,54.5,,,
401634306,2024,regular,1,2024-09-02 23:30:00+00:00,52,Florida State,103,Boston College,Bovada,-16.5,-21,51.5,50,-850,550
401634306,2024,regular,1,2024-09-02 23:30:00+00:00,52,Florida State,103,Boston College,DraftKings,-16.5,-22,50,51.5,-900,600
401634306,2024,regular,1,2024-09-02 23:30:00+00:00,52,Florida State,103,Boston College,ESPN Bet,-16.5,-16.5,51.5,49.5,-900,600
401634765,2024,regular,2,2024-09-06 23:00:00+00:00,2567,SMU,252,BYU,Bovada,-13,-11.5,56,52,-490,355
401634765,2024,regular,2,2024-09-06 23:00:00+00:00,2567,SMU,252,BYU,DraftKings,-11.5,-11,56,54.5,-500,380
401634765,2024,regular,2,2024-09-06 23:00:00+00:00,2567,SMU,252,BYU,ESPN Bet,-12.5,-10.5,55.5,55.5,-500,380
401634766,2024,regular,4,2024-09-20 23:30:00+00:00,183,Syracuse,24,Stanford,Bovada,-7.5,-9.5,57,58.5,-330,265
401634766,2024,regular,4,2024-09-20 23:30:00+00:00,183,Syracuse,24,Stanford,DraftKings,-9.5,,56.5,,-345,275
401634766,2024,regular,4,2024-09-20 23:30:00+00:00,183,Syracuse,24,Stanford,ESPN Bet,-9.5,-9.5,56.5,58.5,-350,280
401634767,2024,regular,5,2024-09-27 23:30:00+00:00,2390,Miami,259,Virginia Tech,Bovada,-18,-20,55.5,54.5,-1100,650
401634767,2024,regular,5,2024-09-27 23:30:00+00:00,2390,Miami,259,Virginia Tech,DraftKings,-17.5,-7.5,55.5,,-900,600
401634767,2024,regular,5,2024-09-27 23:30:00+00:00,2390,Miami,259,Virginia Tech,ESPN Bet,-17.5,-17,55.5,56.5,-900,600
401634768,2024,regular,8,2024-10-17 23:30:00+00:00,259,Virginia Tech,103,Boston College,Bovada,-8,-7,47.5,49.5,-270,220
401634768,2024,regular,8,2024-10-17 23:30:00+00:00,259,Virginia Tech,103,Boston College,DraftKings,-8.5,-7,47.5,,-325,260
401634768,2024,regular,8,2024-10-17 23:30:00+00:00,259,Virginia Tech,103,Boston College,ESPN Bet,-8.5,-7,46.5,49.5,-320,260
401634769,2024,regular,8,2024-10-18 23:00:00+00:00,150,Duke,52,Florida State,Bovada,-3,-3,43,42.5,-165,140
401634769,2024,regular,8,2024-10-18 23:00:00+00:00,150,Duke,52,Florida State,DraftKings,-2.5,-3,43,,-142,120
401634769,2024,regular,8,2024-10-18 23:00:00+00:00,150,Duke,52,Florida State,ESPN Bet,-2.5,-3,41.5,42.5,-140,120
401634770,2024,regular,9,2024-10-24 23:30:00+00:00,221,Pittsburgh,183,Syracuse,Bovada,-5,-5,62.5,61,-220,180
401634770,2024,regular,9,2024-10-24 23:30:00+00:00,221,Pittsburgh,183,Syracuse,DraftKings,-5,-3.5,62.5,,-198,164
401634770,2024,regular,9,2024-10-24 23:30:00+00:00,221,Pittsburgh,183,Syracuse,ESPN Bet,-4.5,-5.5,62.5,60.5,-200,170
401634771,2024,regular,9,2024-10-25 23:30:00+00:00,103,Boston College,97,Louisville,Bovada,7,7.5,54,54,220,-270
401634771,2024,regular,9,2024-10-25 23:30:00+00:00,103,Boston College,97,Louisville,DraftKings,7,6.5,54,,200,-245
401634771,2024,regular,9,2024-10-25 23:30:00+00:00,103,Boston College,97,Louisville,ESPN Bet,7.5,7,52.5,53.5,210,-250
401634772,2024,regular,13,2024-11-22 00:30:00+00:00,59,Georgia Tech,152,NC State,Bovada,-8.5,-9,51,52.5,-350,275
401634772,2024,regular,13,2024-11-22 00:30:00+00:00,59,Georgia Tech,152,NC State,DraftKings,-7.5,-9.5,51.5,,-298,240
401634772,2024,regular,13,2024-11-22 00:30:00+00:00,59,Georgia Tech,152,NC State,ESPN Bet,-7.5,-9,50.5,52.5,-300,250
401634773,2024,regular,11,2024-11-09 01:00:00+00:00,154,Wake Forest,25,California,Bovada,7,7,55.5,54,225,-275
401634773,2024,regular,11,2024-11-09 01:00:00+00:00,154,Wake Forest,25,California,DraftKings,7,7,55,,235,-290
401634773,2024,regular,11,2024-11-09 01:00:00+00:00,154,Wake Forest,25,California,ESPN Bet,7.5,7.5,54.5,53.5,225,-275
401634779,2024,regular,6,2024-10-05 01:00:00+00:00,2439,UNLV,183,Syracuse,Bovada,-5.5,-5.5,55.5,58,-250,210
401634779,2024,regular,6,2024-10-05 01:00:00+00:00,2439,UNLV,183,Syracuse,DraftKings,-5.5,-4,55.5,,-218,180
401634779,2024,regular,6,2024-10-05 01:00:00+00:00,2439,UNLV,183,Syracuse,ESPN Bet,-5.5,-4.5,54.5,57.5,-210,175
401635516,2024,regular,10,2024-11-02 16:00:00+00:00,152,NC State,24,Stanford,Bovada,-9.5,-10,46.5,47.5,-410,305
401635516,2024,regular,10,2024-11-02 16:00:00+00:00,152,NC State,24,Stanford,DraftKings,-10,-10.5,46.5,,-375,295
401635516,2024,regular,10,2024-11-02 16:00:00+00:00,152,NC State,24,Stanford,ESPN Bet,-9.5,-10,46.5,47.5,-400,300
401635517,2024,regular,12,2024-11-16 20:30:00+00:00,24,Stanford,97,Louisville,Bovada,21,20,58.5,57.5,750,-1400
401635517,2024,regular,12,2024-11-16 20:30:00+00:00,24,Stanford,97,Louisville,DraftKings,21,20,57.5,,900,-1600
401635517,2024,regular,12,2024-11-16 20:30:00+00:00,24,Stanford,97,Louisville,ESPN Bet,20.5,20.5,57.5,58.5,900,-1800
401635518,2024,regular,13,2024-11-23 17:00:00+00:00,183,Syracuse,41,UConn,Bovada,-10,-11,54.5,54.5,-430,320
401635518,2024,regular,13,2024-11-23 17:00:00+00:00,183,Syracuse,41,UConn,DraftKings,-10,-11.5,53,,-345,275
401635518,2024,regular,13,2024-11-23 17:00:00+00:00,183,Syracuse,41,UConn,ESPN Bet,-9.5,-10.5,53.5,54.5,-380,290
401635525,2024,regular,1,2024-08-24 16:00:00+00:00,59,Georgia Tech,52,Florida State,Bovada,10,12,54.5,57,345,-470
401635525,2024,regular,1,2024-08-24 16:00:00+00:00,59,Georgia Tech,52,Florida State,DraftKings,11.5,13,55.5,56,320,-410
401635525,2024,regular,1,2024-08-24 16:00:00+00:00,59,Georgia Tech,52,Florida State,ESPN Bet,10.5,,54.5,,,
401635531,2024,regular,2,2024-09-07 19:30:00+00:00,103,Boston College,2184,Duquesne,ESPN Bet,-33.5,-34.5,52.5,52.5,-20000,4000
401635532,2024,regular,2,2024-09-08 00:00:00+00:00,228,Clemson,2026,App State,Bovada,-17,-17,52,51.5,-900,575
401635532,2024,regular,2,2024-09-08 00:00:00+00:00,228,Clemson,2026,App State,DraftKings,-16.5,-17,53,51.5,-900,600
401635532,2024,regular,2,2024-09-08 00:00:00+00:00,228,Clemson,2026,App State,ESPN Bet,-13.5,-17.5,53.5,53.5,-800,550
401635533,2024,regular,2,2024-09-07 01:00:00+00:00,77,Northwestern,150,Duke,Bovada,-2.5,-2.5,37.5,41,-120,100
401635533,2024,regular,2,2024-09-07 01:00:00+00:00,77,Northwestern,150,Duke,DraftKings,-1.5,-2.5,37.5,,-135,114
401635533,2024,regular,2,2024-09-07 01:00:00+00:00,77,Northwestern,150,Duke,ESPN Bet,-2.5,-2.5,37.5,36.5,-130,110
401635534,2024,regular,2,2024-09-07 16:00:00+00:00,183,Syracuse,59,Georgia Tech,Bovada,3,2,60.5,58.5,130,-150
401635534,2024,regular,2,2024-09-07 16:00:00+00:00,183,Syracuse,59,Georgia Tech,DraftKings,3,2.5,61,57.5,124,-148
401635534,2024,regular,2,2024-09-07 16:00:00+00:00,183,Syracuse,59,Georgia Tech,ESPN Bet,2.5,3,60.5,62.5,125,-145
401635535,2024,regular,2,2024-09-07 19:30:00+00:00,97,Louisville,55,Jacksonville State,Bovada,-29,-26,56,58,-8000,1400
401635535,2024,regular,2,2024-09-07 19:30:00+00:00,97,Louisville,55,Jacksonville State,DraftKings,-29,-27,56.5,58.5,-6500,2000
401635535,2024,regular,2,2024-09-07 19:30:00+00:00,97,Louisville,55,Jacksonville State,ESPN Bet,-27.5,-28,56.5,57.5,-5000,2000
401635536,2024,regular,2,2024-09-07 22:00:00+00:00,2390,Miami,50,Florida A&M,ESPN Bet,-46.5,-44.5,55.5,53.5,,
401635537,2024,regular,2,2024-09-07 19:30:00+00:00,153,North Carolina,2429,Charlotte,Bovada,-21,-22,47.5,48,-1900,900
401635537,2024,regular,2,2024-09-07 19:30:00+00:00,153,North Carolina,2429,Charlotte,DraftKings,-22,-22.5,48,48.5,-1650,950
401635537,2024,regular,2,2024-09-07 19:30:00+00:00,153,North Carolina,2429,Charlotte,ESPN Bet,-21.5,-22.5,47.5,46.5,-2000,1100
401635538,2024,regular,2,2024-09-07 16:00:00+00:00,2132,Cincinnati,221,Pittsburgh,Bovada,-2,-2,62,59.5,-125,105
401635538,2024,regular,2,2024-09-07 16:00:00+00:00,2132,Cincinnati,221,Pittsburgh,DraftKings,-2,-2.5,62.5,59,-122,102
401635538,2024,regular,2,2024-09-07 16:00:00+00:00,2132,Cincinnati,221,Pittsburgh,ESPN Bet,2.5,-2,62.5,63.5,-125,105
401635539,2024,regular,2,2024-09-07 23:00:00+00:00,24,Stanford,13,Cal Poly,ESPN Bet,-33.5,-35.5,59.5,58.5,,
401635540,2024,regular,2,2024-09-07 20:30:00+00:00,259,Virginia Tech,276,Marshall,Bovada,-21,-17,53.5,47.5,-1500,775
401635540,2024,regular,2,2024-09-07 20:30:00+00:00,259,Virginia Tech,276,Marshall,DraftKings,-20.5,-16.5,52,47.5,-1600,900
401635540,2024,regular,2,2024-09-07 20:30:00+00:00,259,Virginia Tech,276,Marshall,ESPN Bet,-20.5,-20.5,52.5,51.5,-1600,900
401635541,2024,regular,3,2024-09-15 02:30:00+00:00,25,California,21,San Diego State,Bovada,-19.5,-19,48.5,48,-1100,650
401635541,2024,regular,3,2024-09-15 02:30:00+00:00,25,California,21,San Diego State,DraftKings,-18,-18,49.5,50,-1100,700
401635541,2024,regular,3,2024-09-15 02:30:00+00:00,25,California,21,San Diego State,ESPN Bet,-18.5,-17.5,48.5,50.5,-900,600
401635542,2024,regular,3,2024-09-14 16:00:00+00:00,52,Florida State,235,Memphis,Bovada,-7,-7,54.5,52.5,-280,230
401635542,2024,regular,3,2024-09-14 16:00:00+00:00,52,Florida State,235,Memphis,DraftKings,-7,-5,52,,-258,210
401635542,2024,regular,3,2024-09-14 16:00:00+00:00,52,Florida State,235,Memphis,ESPN Bet,-6.5,-5.5,54.5,52.5,-250,210
401635543,2024,regular,3,2024-09-14 19:30:00+00:00,59,Georgia Tech,2678,VMI,ESPN Bet,-42.5,-43,53.5,56.5,,
401635544,2024,regular,3,2024-09-14 19:30:00+00:00,2390,Miami,2050,Ball State,Bovada,-36.5,-37,56,54,,
401635544,2024,regular,3,2024-09-14 19:30:00+00:00,2390,Miami,2050,Ball State,DraftKings,-36.5,-36.5,54.5,54.5,,
401635544,2024,regular,3,2024-09-14 19:30:00+00:00,2390,Miami,2050,Ball State,ESPN Bet,-36.5,-36.5,55.5,54.5,-7500,3000
401635545,2024,regular,3,2024-09-14 22:00:00+00:00,153,North Carolina,2428,North Carolina Central,ESPN Bet,-37.5,-37.5,57.5,55.5,,
401635546,2024,regular,3,2024-09-14 16:00:00+00:00,152,NC State,2348,Louisiana Tech,Bovada,-20.5,-21.5,48,49.5,-1800,850
401635546,2024,regular,3,2024-09-14 16:00:00+00:00,152,NC State,2348,Louisiana Tech,DraftKings,-21.5,-21.5,51,51.5,-1350,800
401635546,2024,regular,3,2024-09-14 16:00:00+00:00,152,NC State,2348,Louisiana Tech,ESPN Bet,-20.5,-22,47.5,51.5,-1200,750
401635547,2024,regular,3,2024-09-14 19:30:00+00:00,221,Pittsburgh,277,West Virginia,Bovada,2,3,61.5,60.5,120,-140
401635547,2024,regular,3,2024-09-14 19:30:00+00:00,221,Pittsburgh,277,West Virginia,DraftKings,2.5,4.5,60.5,,102,-122
401635547,2024,regular,3,2024-09-14 19:30:00+00:00,221,Pittsburgh,277,West Virginia,ESPN Bet,1.5,5.5,61.5,,105,-125
401635548,2024,regular,3,2024-09-14 22:00:00+00:00,295,Old Dominion,259,Virginia Tech,Bovada,16.5,14.5,47.5,49.5,450,-650
401635548,2024,regular,3,2024-09-14 22:00:00+00:00,295,Old Dominion,259,Virginia Tech,DraftKings,14,14,50,50,550,-800
401635548,2024,regular,3,2024-09-14 22:00:00+00:00,295,Old Dominion,259,Virginia Tech,ESPN Bet,15.5,14,47.5,49.5,500,-700
401635551,2024,regular,4,2024-09-21 23:00:00+00:00,52,Florida State,25,California,Bovada,-3,-2.5,44.5,45,-145,125
401635551,2024,regular,4,2024-09-21 23:00:00+00:00,52,Florida State,25,California,DraftKings,-3,,44,,-142,120
401635551,2024,regular,4,2024-09-21 23:00:00+00:00,52,Florida State,25,California,ESPN Bet,-2.5,-2,44.5,44.5,-145,125
401635552,2024,regular,4,2024-09-21 16:00:00+00:00,228,Clemson,152,NC State,Bovada,-19,-17,44,48,-1100,650
401635552,2024,regular,4,2024-09-21 16:00:00+00:00,228,Clemson,152,NC State,DraftKings,-17,-7.5,44,,-800,550
401635552,2024,regular,4,2024-09-21 16:00:00+00:00,228,Clemson,152,NC State,ESPN Bet,-17.5,-15.5,44.5,48.5,-1000,700
401635553,2024,regular,4,2024-09-21 20:00:00+00:00,2393,Middle Tennessee,150,Duke,Bovada,15,14,51,54.5,475,-700
401635553,2024,regular,4,2024-09-21 20:00:00+00:00,2393,Middle Tennessee,150,Duke,DraftKings,14.5,,51,,455,-625
401635553,2024,regular,4,2024-09-21 20:00:00+00:00,2393,Middle Tennessee,150,Duke,ESPN Bet,14.5,14,50.5,53.5,500,-700
401635554,2024,regular,4,2024-09-21 19:30:00+00:00,97,Louisville,59,Georgia Tech,Bovada,-8.5,-10,56,57.5,-330,265
401635554,2024,regular,4,2024-09-21 19:30:00+00:00,97,Louisville,59,Georgia Tech,DraftKings,-9.5,,56,,-325,260
401635554,2024,regular,4,2024-09-21 19:30:00+00:00,97,Louisville,59,Georgia Tech,ESPN Bet,-8.5,-10,55.5,57.5,-320,260
401635555,2024,regular,4,2024-09-21 23:00:00+00:00,58,South Florida,2390,Miami,Bovada,16.5,17.5,64.5,65,575,-900
401635555,2024,regular,4,2024-09-21 23:00:00+00:00,58,South Florida,2390,Miami,DraftKings,17,,64.5,,600,-900
401635555,2024,regular,4,2024-09-21 23:00:00+00:00,58,South Florida,2390,Miami,ESPN Bet,15.5,17.5,63.5,65.5,600,-900
401635556,2024,regular,4,2024-09-21 16:00:00+00:00,153,North Carolina,256,James Madison,Bovada,-10,-10.5,48,47.5,-415,310
401635556,2024,regular,4,2024-09-21 16:00:00+00:00,153,North Carolina,256,James Madison,DraftKings,-11,,48.5,,-455,350
401635556,2024,regular,4,2024-09-21 16:00:00+00:00,153,North Carolina,256,James Madison,ESPN Bet,-11.5,-10.5,48.5,47.5,-450,360
401635557,2024,regular,4,2024-09-21 21:00:00+00:00,2567,SMU,2628,TCU,Bovada,2.5,2.5,59,57.5,115,-135
401635557,2024,regular,4,2024-09-21 21:00:00+00:00,2567,SMU,2628,TCU,DraftKings,1,,58.5,,-105,-115
401635557,2024,regular,4,2024-09-21 21:00:00+00:00,2567,SMU,2628,TCU,ESPN Bet,1.5,2.5,58.5,57.5,105,-120
401635558,2024,regular,4,2024-09-21 18:00:00+00:00,324,Coastal Carolina,258,Virginia,Bovada,3.5,3,52,55,145,-170
401635558,2024,regular,4,2024-09-21 18:00:00+00:00,324,Coastal Carolina,258,Virginia,DraftKings,3.5,,52,,145,-175
401635558,2024,regular,4,2024-09-21 18:00:00+00:00,324,Coastal Carolina,258,Virginia,ESPN Bet,3.5,3,52.5,54.5,140,-165
401635560,2024,regular,5,2024-09-28 16:00:00+00:00,103,Boston College,98,Western Kentucky,Bovada,-7.5,-13,48,54.5,-550,390
401635560,2024,regular,5,2024-09-28 16:00:00+00:00,103,Boston College,98,Western Kentucky,DraftKings,-7.5,-11,48,,-285,230
401635560,2024,regular,5,2024-09-28 16:00:00+00:00,103,Boston College,98,Western Kentucky,ESPN Bet,-7.5,-12.5,48.5,55.5,-300,250
401635561,2024,regular,5,2024-09-28 23:00:00+00:00,228,Clemson,24,Stanford,Bovada,-24,-21.5,58,58,-1900,900
401635561,2024,regular,5,2024-09-28 23:00:00+00:00,228,Clemson,24,Stanford,DraftKings,-24,-22.5,58,,-2800,1300
401635561,2024,regular,5,2024-09-28 23:00:00+00:00,228,Clemson,24,Stanford,ESPN Bet,-23.5,-22,57.5,57.5,-2500,1200
401635562,2024,regular,5,2024-09-28 20:00:00+00:00,150,Duke,153,North Carolina,Bovada,1.5,-3,55.5,56.5,-140,120
401635562,2024,regular,5,2024-09-28 20:00:00+00:00,150,Duke,153,North Carolina,DraftKings,1,3,55.5,,-105,-115
401635562,2024,regular,5,2024-09-28 20:00:00+00:00,150,Duke,153,North Carolina,ESPN Bet,1.5,-3,54.5,55.5,-105,-120
401635563,2024,regular,5,2024-09-29 00:00:00+00:00,2567,SMU,52,Florida State,Bovada,-6,-6.5,46.5,47.5,-240,200
401635563,2024,regular,5,2024-09-29 00:00:00+00:00,2567,SMU,52,Florida State,DraftKings,-6,-4.5,46,,-205,170
401635563,2024,regular,5,2024-09-29 00:00:00+00:00,2567,SMU,52,Florida State,ESPN Bet,-5.5,-5.5,46.5,47.5,-230,195
401635564,2024,regular,5,2024-09-28 16:00:00+00:00,152,NC State,2459,Northern Illinois,Bovada,-7,-5.5,46.5,46.5,-270,220
401635564,2024,regular,5,2024-09-28 16:00:00+00:00,152,NC State,2459,Northern Illinois,DraftKings,-7,-10,46,,-265,215
401635564,2024,regular,5,2024-09-28 16:00:00+00:00,152,NC State,2459,Northern Illinois,ESPN Bet,-7.5,-7.5,46.5,47.5,-290,240
401635565,2024,regular,5,2024-09-28 16:00:00+00:00,183,Syracuse,107,Holy Cross,DraftKings,-30,,59.5,58.5,,
401635565,2024,regular,5,2024-09-28 16:00:00+00:00,183,Syracuse,107,Holy Cross,ESPN Bet,-31.5,-28.5,59.5,56.5,-4000,1800
401635567,2024,regular,6,2024-10-05 16:00:00+00:00,258,Virginia,103,Boston College,Bovada,-2,-3.5,52.5,50,-145,125
401635567,2024,regular,6,2024-10-05 16:00:00+00:00,258,Virginia,103,Boston College,DraftKings,-2,-2.5,52.5,,-122,102
401635567,2024,regular,6,2024-10-05 16:00:00+00:00,258,Virginia,103,Boston College,ESPN Bet,-1.5,-3,53.5,50.5,-125,105
401635568,2024,regular,6,2024-10-06 02:30:00+00:00,25,California,2390,Miami,Bovada,10,12.5,54,55,345,-470
401635568,2024,regular,6,2024-10-06 02:30:00+00:00,25,California,2390,Miami,DraftKings,10,14,54,,300,-380
401635568,2024,regular,6,2024-10-06 02:30:00+00:00,25,California,2390,Miami,ESPN Bet,8.5,12.5,53.5,55.5,300,-380
401635569,2024,regular,6,2024-10-05 23:00:00+00:00,52,Florida State,228,Clemson,Bovada,16.5,15,47,47,430,-625
401635569,2024,regular,6,2024-10-05 23:00:00+00:00,52,Florida State,228,Clemson,DraftKings,16.5,-4,47,,525,-750
401635569,2024,regular,6,2024-10-05 23:00:00+00:00,52,Florida State,228,Clemson,ESPN Bet,16.5,15.5,46.5,47.5,550,-800
401635570,2024,regular,6,2024-10-06 00:00:00+00:00,59,Georgia Tech,150,Duke,Bovada,-10,-7.5,52.5,53.5,-300,250
401635570,2024,regular,6,2024-10-06 00:00:00+00:00,59,Georgia Tech,150,Duke,DraftKings,-10,-8,52.5,,-375,295
401635570,2024,regular,6,2024-10-06 00:00:00+00:00,59,Georgia Tech,150,Duke,ESPN Bet,,-8,51.5,54.5,-360,290
401635571,2024,regular,6,2024-10-05 16:00:00+00:00,97,Louisville,2567,SMU,Bovada,-7,-7,55,57.5,-270,220
401635571,2024,regular,6,2024-10-05 16:00:00+00:00,97,Louisville,2567,SMU,DraftKings,-6.5,-11,55,,-265,215
401635571,2024,regular,6,2024-10-05 16:00:00+00:00,97,Louisville,2567,SMU,ESPN Bet,-6.5,-7,55.5,57.5,-250,210
401635572,2024,regular,6,2024-10-05 16:00:00+00:00,153,North Carolina,221,Pittsburgh,Bovada,2.5,3,62.5,64.5,120,-140
401635572,2024,regular,6,2024-10-05 16:00:00+00:00,153,North Carolina,221,Pittsburgh,DraftKings,2.5,0,63,,114,-135
401635572,2024,regular,6,2024-10-05 16:00:00+00:00,153,North Carolina,221,Pittsburgh,ESPN Bet,2.5,2.5,61.5,64.5,115,-135
401635573,2024,regular,6,2024-10-05 19:30:00+00:00,24,Stanford,259,Virginia Tech,Bovada,8.5,6.5,49.5,53.5,255,-310
401635573,2024,regular,6,2024-10-05 19:30:00+00:00,24,Stanford,259,Virginia Tech,DraftKings,9.5,6.5,50,,275,-345
401635573,2024,regular,6,2024-10-05 19:30:00+00:00,24,Stanford,259,Virginia Tech,ESPN Bet,9.5,6,49.5,53.5,280,-350
401635574,2024,regular,7,2024-10-13 00:00:00+00:00,152,NC State,183,Syracuse,Bovada,1,4.5,51.5,54.5,170,-200
401635574,2024,regular,7,2024-10-13 00:00:00+00:00,152,NC State,183,Syracuse,DraftKings,1,3.5,51.5,,-110,-110
401635574,2024,regular,7,2024-10-13 00:00:00+00:00,152,NC State,183,Syracuse,ESPN Bet,1.5,4.5,51.5,54.5,-105,-115
401635575,2024,regular,7,2024-10-12 19:30:00+00:00,221,Pittsburgh,25,California,Bovada,-3.5,-4.5,57.5,59,-170,145
401635575,2024,regular,7,2024-10-12 19:30:00+00:00,221,Pittsburgh,25,California,DraftKings,-3.5,-2.5,57.5,,-166,140
401635575,2024,regular,7,2024-10-12 19:30:00+00:00,221,Pittsburgh,25,California,ESPN Bet,-3.5,-3.5,56.5,59.5,-170,145
401635576,2024,regular,7,2024-10-12 16:00:00+00:00,154,Wake Forest,228,Clemson,Bovada,21,20.5,63,61,775,-1500
401635576,2024,regular,7,2024-10-12 16:00:00+00:00,154,Wake Forest,228,Clemson,DraftKings,21,20.5,63,,950,-1650
401635576,2024,regular,7,2024-10-12 16:00:00+00:00,154,Wake Forest,228,Clemson,ESPN Bet,21.5,20.5,63.5,60.5,900,-1600
401635577,2024,regular,7,2024-10-12 16:00:00+00:00,153,North Carolina,59,Georgia Tech,Bovada,3.5,6,61.5,57.5,195,-235
401635577,2024,regular,7,2024-10-12 16:00:00+00:00,153,North Carolina,59,Georgia Tech,DraftKings,3.5,4,60.5,,142,-170
401635577,2024,regular,7,2024-10-12 16:00:00+00:00,153,North Carolina,59,Georgia Tech,ESPN Bet,3.5,6,60.5,56.5,145,-170
401635578,2024,regular,7,2024-10-12 19:30:00+00:00,258,Virginia,97,Louisville,Bovada,7,7,54,55.5,230,-280
401635578,2024,regular,7,2024-10-12 19:30:00+00:00,258,Virginia,97,Louisville,DraftKings,7,8,54,,225,-278
401635578,2024,regular,7,2024-10-12 19:30:00+00:00,258,Virginia,97,Louisville,ESPN Bet,7.5,7.5,52.5,55.5,240,-290
401635580,2024,regular,12,2024-11-16 20:30:00+00:00,2567,SMU,103,Boston College,Bovada,-19,-15.5,54,54,-750,500
401635580,2024,regular,12,2024-11-16 20:30:00+00:00,2567,SMU,103,Boston College,DraftKings,-19,-15.5,54.5,,-1050,675
401635580,2024,regular,12,2024-11-16 20:30:00+00:00,2567,SMU,103,Boston College,ESPN Bet,-19.5,-16.5,53.5,53.5,-1000,600
401635581,2024,regular,12,2024-11-16 20:00:00+00:00,25,California,183,Syracuse,Bovada,-10,-7,57,56,-280,230
401635581,2024,regular,12,2024-11-16 20:00:00+00:00,25,California,183,Syracuse,DraftKings,-10.5,-7,58,,-360,285
401635581,2024,regular,12,2024-11-16 20:00:00+00:00,25,California,183,Syracuse,ESPN Bet,-10.5,-7.5,57.5,55.5,-380,290
401635582,2024,regular,12,2024-11-16 17:00:00+00:00,221,Pittsburgh,228,Clemson,Bovada,11.5,10,53,54,305,-410
401635582,2024,regular,12,2024-11-16 17:00:00+00:00,221,Pittsburgh,228,Clemson,DraftKings,12,9.5,52,,360,-470
401635582,2024,regular,12,2024-11-16 17:00:00+00:00,221,Pittsburgh,228,Clemson,ESPN Bet,12.5,10,50.5,54.5,380,-550
401635583,2024,regular,12,2024-11-17 01:00:00+00:00,153,North Carolina,154,Wake Forest,Bovada,-10,-11,64,64.5,-450,335
401635583,2024,regular,12,2024-11-17 01:00:00+00:00,153,North Carolina,154,Wake Forest,DraftKings,-10.5,-10,64.5,,-410,320
401635583,2024,regular,12,2024-11-17 01:00:00+00:00,153,North Carolina,154,Wake Forest,ESPN Bet,-10.5,-11.5,64.5,63.5,-425,320
401635587,2024,regular,8,2024-10-19 19:30:00+00:00,25,California,152,NC State,Bovada,-9.5,-10,46,46.5,-400,300
401635587,2024,regular,8,2024-10-19 19:30:00+00:00,25,California,152,NC State,DraftKings,-9.5,-9.5,46,,-355,280
401635587,2024,regular,8,2024-10-19 19:30:00+00:00,25,California,152,NC State,ESPN Bet,-9.5,-10.5,45.5,46.5,-380,300
401635588,2024,regular,8,2024-10-19 16:00:00+00:00,228,Clemson,258,Virginia,Bovada,-20,-21.5,57.5,57.5,-1800,850
401635588,2024,regular,8,2024-10-19 16:00:00+00:00,228,Clemson,258,Virginia,DraftKings,-20,-21,57.5,,-1350,800
401635588,2024,regular,8,2024-10-19 16:00:00+00:00,228,Clemson,258,Virginia,ESPN Bet,-20.5,-21.5,56.5,57.5,-1600,900
401635589,2024,regular,8,2024-10-19 16:00:00+00:00,97,Louisville,2390,Miami,Bovada,4,3.5,61,61,160,-185
401635589,2024,regular,8,2024-10-19 16:00:00+00:00,97,Louisville,2390,Miami,DraftKings,4.5,-1,61.5,,154,-185
401635589,2024,regular,8,2024-10-19 16:00:00+00:00,97,Louisville,2390,Miami,ESPN Bet,4.5,4,60.5,60.5,165,-195
401635590,2024,regular,8,2024-10-20 00:00:00+00:00,24,Stanford,2567,SMU,Bovada,16.5,14.5,52.5,55.5,460,-675
401635590,2024,regular,8,2024-10-20 00:00:00+00:00,24,Stanford,2567,SMU,DraftKings,16.5,14,52.5,,525,-750
401635590,2024,regular,8,2024-10-20 00:00:00+00:00,24,Stanford,2567,SMU,ESPN Bet,16.5,15.5,52.5,55.5,550,-800
401635594,2024,regular,9,2024-10-26 20:00:00+00:00,25,California,204,Oregon State,Bovada,-13,-10.5,51,49,-400,300
401635594,2024,regular,9,2024-10-26 20:00:00+00:00,25,California,204,Oregon State,DraftKings,-13,-9,51,,-535,400
401635594,2024,regular,9,2024-10-26 20:00:00+00:00,25,California,204,Oregon State,ESPN Bet,-11.5,-10,49.5,48.5,-550,380
401635595,2024,regular,9,2024-10-27 00:00:00+00:00,150,Duke,2567,SMU,Bovada,11.5,12.5,49.5,49,340,-460
401635595,2024,regular,9,2024-10-27 00:00:00+00:00,150,Duke,2567,SMU,DraftKings,11.5,10,49.5,,370,-485
401635595,2024,regular,9,2024-10-27 00:00:00+00:00,150,Duke,2567,SMU,ESPN Bet,11.5,11.5,50.5,48.5,340,-450
401635596,2024,regular,9,2024-10-26 23:00:00+00:00,2390,Miami,52,Florida State,Bovada,-22.5,-21,55,54.5,-1500,775
401635596,2024,regular,9,2024-10-26 23:00:00+00:00,2390,Miami,52,Florida State,DraftKings,-22.5,1,55,,-1800,1000
401635596,2024,regular,9,2024-10-26 23:00:00+00:00,2390,Miami,52,Florida State,ESPN Bet,-21.5,-21.5,53.5,54.5,-2000,1000
401635597,2024,regular,9,2024-10-26 16:00:00+00:00,259,Virginia Tech,59,Georgia Tech,Bovada,-11,-9.5,52,52,-370,285
401635597,2024,regular,9,2024-10-26 16:00:00+00:00,259,Virginia Tech,59,Georgia Tech,DraftKings,-11,-7.5,52,,-410,320
401635597,2024,regular,9,2024-10-26 16:00:00+00:00,259,Virginia Tech,59,Georgia Tech,ESPN Bet,-11.5,-9,52.5,52.5,-425,320
401635598,2024,regular,9,2024-10-26 16:00:00+00:00,258,Virginia,153,North Carolina,Bovada,-3.5,-5.5,58.5,59.5,-210,175
401635598,2024,regular,9,2024-10-26 16:00:00+00:00,258,Virginia,153,North Carolina,DraftKings,-3.5,-5,58.5,,-175,145
401635598,2024,regular,9,2024-10-26 16:00:00+00:00,258,Virginia,153,North Carolina,ESPN Bet,-3.5,-5,57.5,60.5,-165,140
401635599,2024,regular,9,2024-10-26 19:30:00+00:00,24,Stanford,154,Wake Forest,Bovada,3,3,53,55.5,125,-145
401635599,2024,regular,9,2024-10-26 19:30:00+00:00,24,Stanford,154,Wake Forest,DraftKings,3,-1.5,53,,124,-148
401635599,2024,regular,9,2024-10-26 19:30:00+00:00,24,Stanford,154,Wake Forest,ESPN Bet,2.5,2.5,51.5,55.5,130,-150
401635600,2024,regular,10,2024-11-02 23:30:00+00:00,228,Clemson,97,Louisville,Bovada,-11,-10.5,62.5,61.5,-430,320
401635600,2024,regular,10,2024-11-02 23:30:00+00:00,228,Clemson,97,Louisville,DraftKings,-11,-8,62.5,,-410,320
401635600,2024,regular,10,2024-11-02 23:30:00+00:00,228,Clemson,97,Louisville,ESPN Bet,-11.5,-11.5,62.5,61.5,-425,320
401635601,2024,regular,10,2024-11-02 16:00:00+00:00,2390,Miami,150,Duke,Bovada,-21,-20,56,54.5,-1400,750
401635601,2024,regular,10,2024-11-02 16:00:00+00:00,2390,Miami,150,Duke,DraftKings,-21,-19.5,55.5,,-1650,950
401635601,2024,regular,10,2024-11-02 16:00:00+00:00,2390,Miami,150,Duke,ESPN Bet,-19.5,-20,53.5,54.5,-1800,900
401635602,2024,regular,10,2024-11-02 19:30:00+00:00,52,Florida State,153,North Carolina,Bovada,2.5,2.5,50.5,50,110,-130
401635602,2024,regular,10,2024-11-02 19:30:00+00:00,52,Florida State,153,North Carolina,DraftKings,2.5,2.5,50.5,,120,-142
401635602,2024,regular,10,2024-11-02 19:30:00+00:00,52,Florida State,153,North Carolina,ESPN Bet,2.5,2,50.5,49.5,120,-140
401635604,2024,regular,10,2024-11-02 16:00:00+00:00,183,Syracuse,259,Virginia Tech,Bovada,3.5,4,53.5,54,160,-185
401635604,2024,regular,10,2024-11-02 16:00:00+00:00,183,Syracuse,259,Virginia Tech,DraftKings,3.5,1,54,,150,-180
401635604,2024,regular,10,2024-11-02 16:00:00+00:00,183,Syracuse,259,Virginia Tech,ESPN Bet,3.5,4,50.5,53.5,155,-185
401635606,2024,regular,11,2024-11-09 17:00:00+00:00,103,Boston College,183,Syracuse,Bovada,-3,-2,52,53.5,-125,105
401635606,2024,regular,11,2024-11-09 17:00:00+00:00,103,Boston College,183,Syracuse,DraftKings,-3,1,52,,-148,124
401635606,2024,regular,11,2024-11-09 17:00:00+00:00,103,Boston College,183,Syracuse,ESPN Bet,-5.5,-1.5,51.5,53.5,-145,125
401635607,2024,regular,11,2024-11-09 20:30:00+00:00,259,Virginia Tech,228,Clemson,Bovada,5.5,6.5,54.5,53,200,-240
401635607,2024,regular,11,2024-11-09 20:30:00+00:00,259,Virginia Tech,228,Clemson,DraftKings,5.5,4.5,54.5,,180,-218
401635607,2024,regular,11,2024-11-09 20:30:00+00:00,259,Virginia Tech,228,Clemson,ESPN Bet,6.5,6.5,54.5,53.5,175,-210
401635608,2024,regular,11,2024-11-09 20:30:00+00:00,152,NC State,150,Duke,Bovada,-3,-3,51.5,50,-150,130
401635608,2024,regular,11,2024-11-09 20:30:00+00:00,152,NC State,150,Duke,DraftKings,-3,-3,51.5,,-148,124
401635608,2024,regular,11,2024-11-09 20:30:00+00:00,152,NC State,150,Duke,ESPN Bet,-3.5,-3,51.5,50.5,-150,130
401635609,2024,regular,11,2024-11-09 17:00:00+00:00,59,Georgia Tech,2390,Miami,Bovada,9.5,11,65,64,335,-450
401635609,2024,regular,11,2024-11-09 17:00:00+00:00,59,Georgia Tech,2390,Miami,DraftKings,9.5,13,65,,260,-325
401635609,2024,regular,11,2024-11-09 17:00:00+00:00,59,Georgia Tech,2390,Miami,ESPN Bet,9.5,11,64.5,63.5,280,-360
401635610,2024,regular,11,2024-11-10 01:00:00+00:00,221,Pittsburgh,258,Virginia,Bovada,-7,-7,58,57.5,-275,225
401635610,2024,regular,11,2024-11-10 01:00:00+00:00,221,Pittsburgh,258,Virginia,DraftKings,-7.5,-7,57.5,,-290,235
401635610,2024,regular,11,2024-11-10 01:00:00+00:00,221,Pittsburgh,258,Virginia,ESPN Bet,-7.5,-7,56.5,57.5,-275,225
401635612,2024,regular,13,2024-11-23 17:00:00+00:00,103,Boston College,153,North Carolina,Bovada,3,2.5,51,56.5,130,-150
401635612,2024,regular,13,2024-11-23 17:00:00+00:00,103,Boston College,153,North Carolina,DraftKings,2,3.5,50.5,,105,-125
401635612,2024,regular,13,2024-11-23 17:00:00+00:00,103,Boston College,153,North Carolina,ESPN Bet,1.5,2.5,50.5,56.5,110,-130
401635613,2024,regular,13,2024-11-23 20:30:00+00:00,25,California,24,Stanford,Bovada,-14.5,-14,53.5,55.5,-675,460
401635613,2024,regular,13,2024-11-23 20:30:00+00:00,25,California,24,Stanford,DraftKings,-15,-13,53.5,,-600,440
401635613,2024,regular,13,2024-11-23 20:30:00+00:00,25,California,24,Stanford,ESPN Bet,-15.5,-14,52.5,55.5,-700,450
401635614,2024,regular,13,2024-11-23 20:30:00+00:00,228,Clemson,2643,The Citadel,DraftKings,-49.5,,58.5,58.5,,
401635614,2024,regular,13,2024-11-23 20:30:00+00:00,228,Clemson,2643,The Citadel,ESPN Bet,-48.5,-49.5,58.5,58.5,,
401635615,2024,regular,13,2024-11-24 01:00:00+00:00,150,Duke,259,Virginia Tech,Bovada,2.5,2.5,46,47,135,-160
401635615,2024,regular,13,2024-11-24 01:00:00+00:00,150,Duke,259,Virginia Tech,DraftKings,2.5,2.5,45.5,,114,-135
401635615,2024,regular,13,2024-11-24 01:00:00+00:00,150,Duke,259,Virginia Tech,ESPN Bet,2.5,2.5,45.5,47.5,120,-140
401635616,2024,regular,13,2024-11-23 18:30:00+00:00,52,Florida State,2127,Charleston Southern,DraftKings,-33,,44.5,,-20000,3500
401635616,2024,regular,13,2024-11-23 18:30:00+00:00,52,Florida State,2127,Charleston Southern,ESPN Bet,-33.5,-33,44.5,44.5,,
401635617,2024,regular,13,2024-11-23 21:00:00+00:00,97,Louisville,221,Pittsburgh,Bovada,-7.5,-8,57.5,57.5,-330,265
401635617,2024,regular,13,2024-11-23 21:00:00+00:00,97,Louisville,221,Pittsburgh,DraftKings,-7,-7.5,57,,-278,225
401635617,2024,regular,13,2024-11-23 21:00:00+00:00,97,Louisville,221,Pittsburgh,ESPN Bet,-7.5,-8.5,57.5,57.5,-275,225
401635618,2024,regular,13,2024-11-23 17:00:00+00:00,2390,Miami,154,Wake Forest,Bovada,-23.5,-24,67.5,64.5,-3500,1100
401635618,2024,regular,13,2024-11-23 17:00:00+00:00,2390,Miami,154,Wake Forest,DraftKings,-23.5,-24,67,,-2400,1200
401635618,2024,regular,13,2024-11-23 17:00:00+00:00,2390,Miami,154,Wake Forest,ESPN Bet,-23.5,-24,65.5,64.5,-2500,1100
401635619,2024,regular,13,2024-11-23 17:00:00+00:00,258,Virginia,2567,SMU,Bovada,10.5,9.5,54.5,58,275,-350
401635619,2024,regular,13,2024-11-23 17:00:00+00:00,258,Virginia,2567,SMU,DraftKings,11.5,9.5,54.5,,295,-375
401635619,2024,regular,13,2024-11-23 17:00:00+00:00,258,Virginia,2567,SMU,ESPN Bet,10.5,9.5,53.5,58.5,340,-450
401635620,2024,regular,14,2024-11-30 20:00:00+00:00,103,Boston College,221,Pittsburgh,Bovada,-3.5,-4.5,51,48.5,-195,165
401635620,2024,regular,14,2024-11-30 20:00:00+00:00,103,Boston College,221,Pittsburgh,DraftKings,-3.5,-3.5,50.5,,-166,140
401635620,2024,regular,14,2024-11-30 20:00:00+00:00,103,Boston College,221,Pittsburgh,ESPN Bet,-3.5,-4,50.5,48.5,-165,140
401635621,2024,regular,14,2024-11-30 20:30:00+00:00,2567,SMU,25,California,Bovada,-12.5,-14,54.5,57,-600,425
401635621,2024,regular,14,2024-11-30 20:30:00+00:00,2567,SMU,25,California,DraftKings,-12.5,-9,54.5,,-500,380
401635621,2024,regular,14,2024-11-30 20:30:00+00:00,2567,SMU,25,California,ESPN Bet,-11.5,-13.5,54.5,56.5,-500,360
401635622,2024,regular,14,2024-11-30 17:00:00+00:00,154,Wake Forest,150,Duke,Bovada,3.5,4,53,53.5,160,-185
401635622,2024,regular,14,2024-11-30 17:00:00+00:00,154,Wake Forest,150,Duke,DraftKings,3.5,3,53,,140,-166
401635622,2024,regular,14,2024-11-30 17:00:00+00:00,154,Wake Forest,150,Duke,ESPN Bet,3.5,2.5,53.5,54.5,140,-165
401635623,2024,regular,14,2024-11-30 20:30:00+00:00,183,Syracuse,2390,Miami,Bovada,12,11,68,67,335,-450
401635623,2024,regular,14,2024-11-30 20:30:00+00:00,183,Syracuse,2390,Miami,DraftKings,12,10,67.5,,330,-425
401635623,2024,regular,14,2024-11-30 20:30:00+00:00,183,Syracuse,2390,Miami,ESPN Bet,12.5,10.5,65.5,67.5,340,-450
401635624,2024,regular,14,2024-11-30 20:30:00+00:00,153,North Carolina,152,NC State,Bovada,-2,-3.5,53.5,55.5,-175,150
401635624,2024,regular,14,2024-11-30 20:30:00+00:00,153,North Carolina,152,NC State,DraftKings,-2,4,54.5,,-125,105
401635624,2024,regular,14,2024-11-30 20:30:00+00:00,153,North Carolina,152,NC State,ESPN Bet,-2.5,-3.5,54.5,55.5,-125,105
401635625,2024,regular,14,2024-11-29 21:00:00+00:00,23,San José State,24,Stanford,Bovada,-2.5,-2.5,54.5,56,-135,115
401635625,2024,regular,14,2024-11-29 21:00:00+00:00,23,San José State,24,Stanford,DraftKings,-2.5,-1.5,54.5,,-130,110
401635625,2024,regular,14,2024-11-29 21:00:00+00:00,23,San José State,24,Stanford,ESPN Bet,-2.5,-2.5,54.5,55.5,-135,115
401635627,2024,regular,10,2024-11-03 00:00:00+00:00,2567,SMU,221,Pittsburgh,Bovada,-7,-7.5,55.5,59,-300,250
401635627,2024,regular,10,2024-11-03 00:00:00+00:00,2567,SMU,221,Pittsburgh,DraftKings,-7,-6.5,55.5,,-278,225
401635627,2024,regular,10,2024-11-03 00:00:00+00:00,2567,SMU,221,Pittsburgh,ESPN Bet,-7.5,-7.5,54.5,59.5,-280,230
401635638,2024,regular,6,2024-10-05 16:00:00+00:00,152,NC State,154,Wake Forest,Bovada,-4,-5.5,52.5,54.5,-195,165
401635638,2024,regular,6,2024-10-05 16:00:00+00:00,152,NC State,154,Wake Forest,DraftKings,-4,-6,52.5,,-185,154
401635638,2024,regular,6,2024-10-05 16:00:00+00:00,152,NC State,154,Wake Forest,ESPN Bet,-4.5,-4.5,52.5,55.5,-185,155
401635639,2024,regular,2,2024-09-07 23:00:00+00:00,154,Wake Forest,258,Virginia,Bovada,1,-2,55.5,54.5,-115,-105
401635639,2024,regular,2,2024-09-07 23:00:00+00:00,154,Wake Forest,258,Virginia,DraftKings,-1,-2.5,56,54.5,-102,-118
401635639,2024,regular,2,2024-09-07 23:00:00+00:00,154,Wake Forest,258,Virginia,ESPN Bet,1.5,-1.5,55.5,56.5,-110,-110
401635640,2024,regular,14,2024-12-01 01:00:00+00:00,259,Virginia Tech,258,Virginia,Bovada,-4.5,-7.5,44.5,48.5,-300,250
401635640,2024,regular,14,2024-12-01 01:00:00+00:00,259,Virginia Tech,258,Virginia,DraftKings,-4.5,-7,44.5,,-180,150
401635640,2024,regular,14,2024-12-01 01:00:00+00:00,259,Virginia Tech,258,Virginia,ESPN Bet,-4.5,-7.5,44.5,48.5,-185,155
401635659,2024,regular,5,2024-09-28 19:30:00+00:00,154,Wake Forest,309,Louisiana,Bovada,-3,-3.5,60,60.5,-170,145
401635659,2024,regular,5,2024-09-28 19:30:00+00:00,154,Wake Forest,309,Louisiana,DraftKings,-3,-3,59.5,,-155,130
401635659,2024,regular,5,2024-09-28 19:30:00+00:00,154,Wake Forest,309,Louisiana,ESPN Bet,-2.5,-2.5,58.5,60.5,-165,140
401636343,2024,regular,1,2024-09-01 19:00:00+00:00,2011,Alabama State,2428,North Carolina Central,ESPN Bet,4.5,,44.5,,,
401636345,2024,regular,3,2024-09-14 23:00:00+00:00,2535,Samford,2011,Alabama State,ESPN Bet,-12.5,,46.5,,,
401636346,2024,regular,5,2024-09-28 19:00:00+00:00,2065,Bethune-Cookman,2011,Alabama State,ESPN Bet,6.5,,41.5,,,
401636347,2024,regular,6,2024-10-05 19:00:00+00:00,2011,Alabama State,50,Florida A&M,ESPN Bet,7.5,,42.5,,,
401636349,2024,regular,10,2024-11-02 21:00:00+00:00,2011,Alabama State,2016,Alcorn State,ESPN Bet,-4,,42.5,,,
401636350,2024,regular,11,2024-11-09 20:00:00+00:00,2755,Grambling,2011,Alabama State,ESPN Bet,3.5,,44.5,,,
401636351,2024,regular,12,2024-11-16 20:00:00+00:00,2011,Alabama State,2296,Jackson State,ESPN Bet,7.5,,48.5,,,
401636352,2024,regular,13,2024-11-23 20:00:00+00:00,2011,Alabama State,2504,Prairie View A&M,ESPN Bet,-9,,47.5,,,
401636355,2024,regular,3,2024-09-14 23:00:00+00:00,2634,Tennessee State,2029,Arkansas-Pine Bluff,ESPN Bet,-20,,56.5,,,
401636356,2024,regular,6,2024-10-05 19:00:00+00:00,2016,Alcorn State,2029,Arkansas-Pine Bluff,ESPN Bet,-14.5,,54.5,,,
401636357,2024,regular,7,2024-10-12 01:15:00+00:00,2029,Arkansas-Pine Bluff,2504,Prairie View A&M,ESPN Bet,8.5,,58.5,,,
401636358,2024,regular,8,2024-10-19 19:00:00+00:00,2755,Grambling,2029,Arkansas-Pine Bluff,ESPN Bet,-13,,58.5,,,
401636359,2024,regular,9,2024-10-26 19:00:00+00:00,2029,Arkansas-Pine Bluff,2400,Mississippi Valley State,ESPN Bet,-11,,54.5,,,
401636360,2024,regular,10,2024-11-02 19:00:00+00:00,2296,Jackson State,2029,Arkansas-Pine Bluff,ESPN Bet,-24.5,,58.5,,,
401636361,2024,regular,12,2024-11-16 20:00:00+00:00,2582,Southern,2029,Arkansas-Pine Bluff,ESPN Bet,-14,,51.5,,,
401636362,2024,regular,13,2024-11-23 20:00:00+00:00,2029,Arkansas-Pine Bluff,2640,Texas Southern,ESPN Bet,3.5,,58.5,,,
401636364,2024,regular,3,2024-09-14 22:30:00+00:00,2711,Western Michigan,2065,Bethune-Cookman,ESPN Bet,-33.5,-33,54.5,51.5,-15000,3500
401636366,2024,regular,8,2024-10-19 19:00:00+00:00,2400,Mississippi Valley State,2065,Bethune-Cookman,ESPN Bet,8.5,,52.5,,,
401636367,2024,regular,9,2024-10-26 19:00:00+00:00,2065,Bethune-Cookman,2296,Jackson State,ESPN Bet,17.5,,53.5,,,
401636368,2024,regular,10,2024-11-02 19:00:00+00:00,2065,Bethune-Cookman,2755,Grambling,ESPN Bet,5.5,,49.5,,,
401636369,2024,regular,11,2024-11-09 20:00:00+00:00,2582,Southern,2065,Bethune-Cookman,ESPN Bet,-7,,44.5,,,
401636370,2024,regular,12,2024-11-16 20:00:00+00:00,2640,Texas Southern,2065,Bethune-Cookman,ESPN Bet,-2.5,,50.5,,,
401636371,2024,regular,13,2024-11-23 20:30:00+00:00,2065,Bethune-Cookman,50,Florida A&M,ESPN Bet,10.5,,44.5,,,
401636372,2024,regular,1,2024-08-24 23:30:00+00:00,2450,Norfolk State,50,Florida A&M,ESPN Bet,13.5,,50.5,,,
401636373,2024,regular,1,2024-08-31 22:00:00+00:00,50,Florida A&M,2569,South Carolina State,ESPN Bet,-11.5,,47.5,,,
401636374,2024,regular,4,2024-09-21 23:00:00+00:00,2653,Troy,50,Florida A&M,DraftKings,-21.5,,49.5,,-1800,1000
401636374,2024,regular,4,2024-09-21 23:00:00+00:00,2653,Troy,50,Florida A&M,ESPN Bet,-21.5,-22.5,48.5,49.5,-1800,1000
401636375,2024,regular,8,2024-10-19 19:30:00+00:00,2296,Jackson State,50,Florida A&M,ESPN Bet,-4,,51.5,,,
401636376,2024,regular,9,2024-10-26 23:00:00+00:00,50,Florida A&M,2582,Southern,ESPN Bet,-10.5,,47.5,,,
401636377,2024,regular,10,2024-11-02 20:00:00+00:00,50,Florida A&M,2640,Texas Southern,ESPN Bet,-14.5,,47.5,,,
401636378,2024,regular,11,2024-11-09 20:00:00+00:00,2504,Prairie View A&M,50,Florida A&M,ESPN Bet,17,,50.5,,,
401636379,2024,regular,12,2024-11-16 18:00:00+00:00,50,Florida A&M,2400,Mississippi Valley State,ESPN Bet,-31,,48.5,,,
401636383,2024,regular,5,2024-09-28 23:00:00+00:00,2504,Prairie View A&M,2755,Grambling,ESPN Bet,-7,,53.5,,,
401636384,2024,regular,7,2024-10-12 19:00:00+00:00,2755,Grambling,2016,Alcorn State,ESPN Bet,-4.5,,53.5,,,
401636385,2024,regular,9,2024-10-26 23:00:00+00:00,2640,Texas Southern,2755,Grambling,ESPN Bet,-1,,49.5,,,
401636386,2024,regular,14,2024-11-30 19:00:00+00:00,2582,Southern,2755,Grambling,ESPN Bet,-3,,45.5,,,
401636387,2024,regular,1,2024-08-29 23:00:00+00:00,2433,UL Monroe,2296,Jackson State,ESPN Bet,-4.5,,45.5,,,
401636389,2024,regular,3,2024-09-14 23:00:00+00:00,2296,Jackson State,2582,Southern,ESPN Bet,-10,,43.5,,,
401636390,2024,regular,5,2024-09-28 23:00:00+00:00,2640,Texas Southern,2296,Jackson State,ESPN Bet,6.5,,49.5,,,
401636391,2024,regular,11,2024-11-09 20:00:00+00:00,2296,Jackson State,2400,Mississippi Valley State,ESPN Bet,-31.5,,52.5,,,
401636392,2024,regular,13,2024-11-23 20:00:00+00:00,2016,Alcorn State,2296,Jackson State,ESPN Bet,9.5,,49.5,,,
401636606,2024,regular,1,2024-08-30 00:00:00+00:00,2305,Kansas,2815,Lindenwood,ESPN Bet,-48.5,,62.5,,,
401636607,2024,regular,1,2024-08-30 01:00:00+00:00,254,Utah,253,Southern Utah,ESPN Bet,-37.5,,55.5,,,
401636608,2024,regular,1,2024-09-01 02:30:00+00:00,12,Arizona,167,New Mexico,Bovada,-28,-30.5,60,55,,
401636608,2024,regular,1,2024-09-01 02:30:00+00:00,12,Arizona,167,New Mexico,DraftKings,-30.5,-30.5,54,53.5,-10000,3000
401636608,2024,regular,1,2024-09-01 02:30:00+00:00,12,Arizona,167,New Mexico,ESPN Bet,-29,,60.5,,,
401636609,2024,regular,1,2024-09-01 02:30:00+00:00,9,Arizona State,2751,Wyoming,Bovada,-6.5,-6,47,47.5,-250,210
401636609,2024,regular,1,2024-09-01 02:30:00+00:00,9,Arizona State,2751,Wyoming,DraftKings,-6.5,-6.5,47.5,47.5,-245,200
401636609,2024,regular,1,2024-09-01 02:30:00+00:00,9,Arizona State,2751,Wyoming,ESPN Bet,-6.5,,47.5,,,
401636610,2024,regular,1,2024-08-31 23:00:00+00:00,239,Baylor,2627,Tarleton State,ESPN Bet,-33.5,,53.5,,,
401636611,2024,regular,1,2024-08-31 23:00:00+00:00,248,Houston,2439,UNLV,Bovada,-3,-2,56,54,-130,110
401636611,2024,regular,1,2024-08-31 23:00:00+00:00,248,Houston,2439,UNLV,DraftKings,-1.5,-3,55,56.5,-170,142
401636612,2024,regular,1,2024-08-31 23:00:00+00:00,2306,Kansas State,2630,UT Martin,ESPN Bet,-36.5,,56.5,,,
401636613,2024,regular,1,2024-08-31 23:30:00+00:00,2641,Texas Tech,2000,Abilene Christian,ESPN Bet,-34.5,,58.5,,,
401636614,2024,regular,2,2024-09-08 02:00:00+00:00,12,Arizona,2464,Northern Arizona,DraftKings,-43,-43,65,65,,
401636614,2024,regular,2,2024-09-08 02:00:00+00:00,12,Arizona,2464,Northern Arizona,ESPN Bet,-36.5,-42,63.5,64.5,-7500,2500
401636615,2024,regular,2,2024-09-08 00:00:00+00:00,2628,TCU,2341,Long Island University,ESPN Bet,-45.5,-45.5,56.5,54.5,,
401636616,2024,regular,2,2024-09-07 16:00:00+00:00,2655,Tulane,2306,Kansas State,Bovada,9,10.5,47.5,49.5,290,-380
401636616,2024,regular,2,2024-09-07 16:00:00+00:00,2655,Tulane,2306,Kansas State,DraftKings,9,10,47,48.5,285,-360
401636616,2024,regular,2,2024-09-07 16:00:00+00:00,2655,Tulane,2306,Kansas State,ESPN Bet,8.5,10,47.5,48.5,280,-350
401636617,2024,regular,2,2024-09-07 22:30:00+00:00,2116,UCF,2534,Sam Houston,Bovada,-21.5,-23.5,54,58,-1800,850
401636617,2024,regular,2,2024-09-07 22:30:00+00:00,2116,UCF,2534,Sam Houston,DraftKings,-21.5,-24,55.5,58.5,-1600,900
401636617,2024,regular,2,2024-09-07 22:30:00+00:00,2116,UCF,2534,Sam Houston,ESPN Bet,-21.5,-22,53.5,57.5,-1600,800
401636618,2024,regular,2,2024-09-07 19:30:00+00:00,254,Utah,239,Baylor,Bovada,-15,-17.5,54,53.5,-800,525
401636618,2024,regular,2,2024-09-07 19:30:00+00:00,254,Utah,239,Baylor,DraftKings,-14.5,-17,55.5,53.5,-750,525
401636618,2024,regular,2,2024-09-07 19:30:00+00:00,254,Utah,239,Baylor,ESPN Bet,-14.5,-14,52.5,54.5,-800,550
401636859,2024,regular,2,2024-09-08 02:00:00+00:00,265,Washington State,2641,Texas Tech,Bovada,2.5,1,66,66,-135,115
401636859,2024,regular,2,2024-09-08 02:00:00+00:00,265,Washington State,2641,Texas Tech,DraftKings,-2.5,-1.5,65.5,65.5,114,-135
401636859,2024,regular,2,2024-09-08 02:00:00+00:00,265,Washington State,2641,Texas Tech,ESPN Bet,2.5,-2,64.5,65.5,110,-130
401636860,2024,regular,3,2024-09-14 23:30:00+00:00,239,Baylor,2005,Air Force,Bovada,-17,-15.5,41,41.5,-700,475
401636860,2024,regular,3,2024-09-14 23:30:00+00:00,239,Baylor,2005,Air Force,DraftKings,-15.5,-15.5,43.5,43.5,-800,550
401636860,2024,regular,3,2024-09-14 23:30:00+00:00,239,Baylor,2005,Air Force,ESPN Bet,-17.5,-15.5,40.5,43.5,-900,600
401636861,2024,regular,3,2024-09-14 23:30:00+00:00,36,Colorado State,38,Colorado,Bovada,7.5,8,59.5,58,250,-300
401636861,2024,regular,3,2024-09-14 23:30:00+00:00,36,Colorado State,38,Colorado,DraftKings,7.5,7.5,58.5,,245,-305
401636861,2024,regular,3,2024-09-14 23:30:00+00:00,36,Colorado State,38,Colorado,ESPN Bet,7.5,7.5,58.5,,240,-290
401636862,2024,regular,3,2024-09-15 00:00:00+00:00,248,Houston,242,Rice,Bovada,-4.5,-4.5,45,44.5,-210,175
401636862,2024,regular,3,2024-09-15 00:00:00+00:00,248,Houston,242,Rice,DraftKings,-5,-5,44,44,-205,170
401636862,2024,regular,3,2024-09-15 00:00:00+00:00,248,Houston,242,Rice,ESPN Bet,-3.5,-5,43.5,42.5,-190,160
401636863,2024,regular,3,2024-09-13 23:00:00+00:00,2305,Kansas,2439,UNLV,Bovada,-9.5,-7.5,57.5,57.5,-280,230
401636863,2024,regular,3,2024-09-13 23:00:00+00:00,2305,Kansas,2439,UNLV,DraftKings,-7,-10.5,57,,-345,275
401636863,2024,regular,3,2024-09-13 23:00:00+00:00,2305,Kansas,2439,UNLV,ESPN Bet,-10.5,-7,57.5,56.5,-340,270
401636864,2024,regular,3,2024-09-14 00:00:00+00:00,2306,Kansas State,12,Arizona,Bovada,-7,-8,61,58.5,-270,220
401636864,2024,regular,3,2024-09-14 00:00:00+00:00,2306,Kansas State,12,Arizona,DraftKings,-7,-7.5,58,,-258,210
401636864,2024,regular,3,2024-09-14 00:00:00+00:00,2306,Kansas State,12,Arizona,ESPN Bet,-9.5,-8.5,61.5,,-240,200
401636865,2024,regular,3,2024-09-14 16:00:00+00:00,193,Miami (OH),2132,Cincinnati,Bovada,3,3.5,47.5,46.5,120,-140
401636865,2024,regular,3,2024-09-14 16:00:00+00:00,193,Miami (OH),2132,Cincinnati,DraftKings,2.5,2.5,45.5,45,130,-155
401636865,2024,regular,3,2024-09-14 16:00:00+00:00,193,Miami (OH),2132,Cincinnati,ESPN Bet,3.5,2,47.5,45.5,130,-150
401636866,2024,regular,3,2024-09-14 23:30:00+00:00,2628,TCU,2116,UCF,Bovada,-2.5,2,61.5,62.5,-110,-110
401636866,2024,regular,3,2024-09-14 23:30:00+00:00,2628,TCU,2116,UCF,DraftKings,-1.5,-3,61.5,,-148,124
401636866,2024,regular,3,2024-09-14 23:30:00+00:00,2628,TCU,2116,UCF,ESPN Bet,-2.5,-2,59.5,62.5,-135,115
401636867,2024,regular,3,2024-09-12 23:30:00+00:00,326,Texas State,9,Arizona State,Bovada,-3,1.5,58.5,59.5,100,-120
401636867,2024,regular,3,2024-09-12 23:30:00+00:00,326,Texas State,9,Arizona State,DraftKings,2,2,58.5,58.5,-148,124
401636867,2024,regular,3,2024-09-12 23:30:00+00:00,326,Texas State,9,Arizona State,ESPN Bet,-2.5,1.5,58.5,58.5,-145,125
401636868,2024,regular,3,2024-09-14 16:00:00+00:00,2641,Texas Tech,249,North Texas,Bovada,-11,-10,70.5,68.5,-390,295
401636868,2024,regular,3,2024-09-14 16:00:00+00:00,2641,Texas Tech,249,North Texas,DraftKings,-9.5,-9.5,68.5,68.5,-425,330
401636868,2024,regular,3,2024-09-14 16:00:00+00:00,2641,Texas Tech,249,North Texas,ESPN Bet,-10.5,-11.5,70.5,68.5,-360,290
401636869,2024,regular,3,2024-09-14 16:00:00+00:00,202,Tulsa,197,Oklahoma State,Bovada,17.5,20.5,63.5,62.5,750,-1400
401636869,2024,regular,3,2024-09-14 16:00:00+00:00,202,Tulsa,197,Oklahoma State,DraftKings,20,20,62.5,62.5,625,-950
401636869,2024,regular,3,2024-09-14 16:00:00+00:00,202,Tulsa,197,Oklahoma State,ESPN Bet,17.5,20,62.5,62.5,600,-900
401636870,2024,regular,3,2024-09-14 20:30:00+00:00,328,Utah State,254,Utah,Bovada,20,21,43,46,850,-1800
401636870,2024,regular,3,2024-09-14 20:30:00+00:00,328,Utah State,254,Utah,DraftKings,21.5,21.5,46.5,46.5,900,-1600
401636870,2024,regular,3,2024-09-14 20:30:00+00:00,328,Utah State,254,Utah,ESPN Bet,20.5,22,43.5,46.5,900,-1600
401636871,2024,regular,3,2024-09-15 01:00:00+00:00,2751,Wyoming,252,BYU,Bovada,9.5,11,39.5,40.5,305,-410
401636871,2024,regular,3,2024-09-15 01:00:00+00:00,2751,Wyoming,252,BYU,DraftKings,10,10,39.5,39.5,275,-345
401636871,2024,regular,3,2024-09-15 01:00:00+00:00,2751,Wyoming,252,BYU,ESPN Bet,9.5,8.5,40.5,39.5,290,-360
401636872,2024,regular,4,2024-09-22 02:30:00+00:00,252,BYU,2306,Kansas State,Bovada,7,7.5,49.5,47.5,215,-260
401636872,2024,regular,4,2024-09-22 02:30:00+00:00,252,BYU,2306,Kansas State,DraftKings,7.5,,49.5,,220,-270
401636872,2024,regular,4,2024-09-22 02:30:00+00:00,252,BYU,2306,Kansas State,ESPN Bet,7.5,7,48.5,47.5,240,-290
401636873,2024,regular,4,2024-09-21 16:00:00+00:00,2132,Cincinnati,248,Houston,Bovada,-3.5,-5.5,48,48.5,-170,145
401636873,2024,regular,4,2024-09-21 16:00:00+00:00,2132,Cincinnati,248,Houston,DraftKings,-4,,47.5,,-170,142
401636873,2024,regular,4,2024-09-21 16:00:00+00:00,2132,Cincinnati,248,Houston,ESPN Bet,-4,-5.5,47.5,48.5,-175,150
401636874,2024,regular,4,2024-09-22 00:00:00+00:00,38,Colorado,239,Baylor,Bovada,-2,-1,51.5,54,-125,105
401636874,2024,regular,4,2024-09-22 00:00:00+00:00,38,Colorado,239,Baylor,DraftKings,-2.5,,52.5,,-135,114
401636874,2024,regular,4,2024-09-22 00:00:00+00:00,38,Colorado,239,Baylor,ESPN Bet,-2.5,-1.5,54.5,54.5,-130,110
401636875,2024,regular,4,2024-09-21 18:00:00+00:00,66,Iowa State,2032,Arkansas State,Bovada,-20.5,-21,52,51.5,-1600,800
401636875,2024,regular,4,2024-09-21 18:00:00+00:00,66,Iowa State,2032,Arkansas State,DraftKings,-20.5,,52,,-1600,900
401636875,2024,regular,4,2024-09-21 18:00:00+00:00,66,Iowa State,2032,Arkansas State,ESPN Bet,-18.5,-21,52.5,51.5,-1600,900
401636876,2024,regular,4,2024-09-21 20:00:00+00:00,197,Oklahoma State,254,Utah,Bovada,1,-3,53.5,51.5,-105,-115
401636876,2024,regular,4,2024-09-21 20:00:00+00:00,197,Oklahoma State,254,Utah,DraftKings,1,1,53.5,,-105,-115
401636876,2024,regular,4,2024-09-21 20:00:00+00:00,197,Oklahoma State,254,Utah,ESPN Bet,0.5,-3,53.5,51.5,-105,-115
401636877,2024,regular,4,2024-09-21 19:30:00+00:00,2641,Texas Tech,9,Arizona State,Bovada,-4.5,-3.5,58.5,60.5,-200,170
401636877,2024,regular,4,2024-09-21 19:30:00+00:00,2641,Texas Tech,9,Arizona State,DraftKings,-4.5,,58.5,,-198,164
401636877,2024,regular,4,2024-09-21 19:30:00+00:00,2641,Texas Tech,9,Arizona State,ESPN Bet,-4.5,-3,57.5,60.5,-200,170
401636879,2024,regular,4,2024-09-21 16:00:00+00:00,277,West Virginia,2305,Kansas,Bovada,-1.5,-2.5,56,57.5,-120,100
401636879,2024,regular,4,2024-09-21 16:00:00+00:00,277,West Virginia,2305,Kansas,DraftKings,-1,,55,,-115,-105
401636879,2024,regular,4,2024-09-21 16:00:00+00:00,277,West Virginia,2305,Kansas,ESPN Bet,-1.5,-2.5,56.5,57.5,-120,-105
401636880,2024,regular,5,2024-09-28 16:00:00+00:00,239,Baylor,252,BYU,Bovada,-3,-3.5,46.5,45,-160,135
401636880,2024,regular,5,2024-09-28 16:00:00+00:00,239,Baylor,252,BYU,DraftKings,-3,-1,47,,-155,130
401636880,2024,regular,5,2024-09-28 16:00:00+00:00,239,Baylor,252,BYU,ESPN Bet,-3.5,-3,46.5,45.5,-150,130
401636881,2024,regular,5,2024-09-28 23:00:00+00:00,248,Houston,66,Iowa State,Bovada,16.5,14,43,43,450,-650
401636881,2024,regular,5,2024-09-28 23:00:00+00:00,248,Houston,66,Iowa State,DraftKings,16,11,43,,525,-750
401636881,2024,regular,5,2024-09-28 23:00:00+00:00,248,Houston,66,Iowa State,ESPN Bet,16.5,12.5,42.5,43.5,550,-800
401636882,2024,regular,5,2024-09-28 19:30:00+00:00,2305,Kansas,2628,TCU,Bovada,-1.5,-1.5,58.5,59.5,-125,105
401636882,2024,regular,5,2024-09-28 19:30:00+00:00,2305,Kansas,2628,TCU,DraftKings,-1.5,-1,58.5,,-118,-102
401636882,2024,regular,5,2024-09-28 19:30:00+00:00,2305,Kansas,2628,TCU,ESPN Bet,-1.5,-2,59.5,59.5,-120,105
401636883,2024,regular,5,2024-09-28 16:00:00+00:00,2306,Kansas State,197,Oklahoma State,Bovada,-6,-5,58,56,-200,170
401636883,2024,regular,5,2024-09-28 16:00:00+00:00,2306,Kansas State,197,Oklahoma State,DraftKings,-6,-5.5,58,,-230,190
401636883,2024,regular,5,2024-09-28 16:00:00+00:00,2306,Kansas State,197,Oklahoma State,ESPN Bet,-5.5,-5.5,58.5,54.5,-225,190
401636884,2024,regular,5,2024-09-29 00:00:00+00:00,2641,Texas Tech,2132,Cincinnati,Bovada,-3,-2.5,60,57.5,-145,125
401636884,2024,regular,5,2024-09-29 00:00:00+00:00,2641,Texas Tech,2132,Cincinnati,DraftKings,-3,-5,60,,-155,130
401636884,2024,regular,5,2024-09-29 00:00:00+00:00,2641,Texas Tech,2132,Cincinnati,ESPN Bet,-3.5,-3.5,59.5,58.5,-165,140
401636885,2024,regular,5,2024-09-28 19:30:00+00:00,2116,UCF,38,Colorado,Bovada,-12.5,-15,60.5,63.5,-650,450
401636885,2024,regular,5,2024-09-28 19:30:00+00:00,2116,UCF,38,Colorado,DraftKings,-12.5,-11,60.5,,-455,350
401636885,2024,regular,5,2024-09-28 19:30:00+00:00,2116,UCF,38,Colorado,ESPN Bet,-12.5,-14,59.5,63.5,-525,400
401636886,2024,regular,5,2024-09-29 02:15:00+00:00,254,Utah,12,Arizona,Bovada,-7.5,-11,47.5,50,-480,350
401636886,2024,regular,5,2024-09-29 02:15:00+00:00,254,Utah,12,Arizona,DraftKings,-7.5,-9.5,47,,-285,230
401636886,2024,regular,5,2024-09-29 02:15:00+00:00,254,Utah,12,Arizona,ESPN Bet,-7.5,-11.5,46.5,51.5,-300,250
401636887,2024,regular,6,2024-10-06 03:00:00+00:00,12,Arizona,2641,Texas Tech,Bovada,-6,-6,63.5,62.5,-225,185
401636887,2024,regular,6,2024-10-06 03:00:00+00:00,12,Arizona,2641,Texas Tech,DraftKings,-6,-5,64,,-218,180
401636887,2024,regular,6,2024-10-06 03:00:00+00:00,12,Arizona,2641,Texas Tech,ESPN Bet,-5.5,-5,62.5,62.5,-210,175
401636888,2024,regular,6,2024-10-06 00:00:00+00:00,9,Arizona State,2305,Kansas,Bovada,-2.5,-2.5,50,50.5,-150,130
401636888,2024,regular,6,2024-10-06 00:00:00+00:00,9,Arizona State,2305,Kansas,DraftKings,-2.5,-1.5,50,,-130,110
401636888,2024,regular,6,2024-10-06 00:00:00+00:00,9,Arizona State,2305,Kansas,ESPN Bet,-2.5,-3,48.5,50.5,-130,110
401636889,2024,regular,6,2024-10-05 23:30:00+00:00,66,Iowa State,239,Baylor,Bovada,-13,-13,45,46.5,-585,410
401636889,2024,regular,6,2024-10-05 23:30:00+00:00,66,Iowa State,239,Baylor,DraftKings,-13,-13,45,,-500,380
401636889,2024,regular,6,2024-10-05 23:30:00+00:00,66,Iowa State,239,Baylor,ESPN Bet,-12.5,-13,45.5,46.5,-450,360
401636890,2024,regular,6,2024-10-05 20:00:00+00:00,197,Oklahoma State,277,West Virginia,Bovada,-2.5,-4,64.5,65.5,-185,160
401636890,2024,regular,6,2024-10-05 20:00:00+00:00,197,Oklahoma State,277,West Virginia,DraftKings,-2.5,-8,65,,-135,114
401636890,2024,regular,6,2024-10-05 20:00:00+00:00,197,Oklahoma State,277,West Virginia,ESPN Bet,-2.5,-4.5,64.5,65.5,-140,120
401636891,2024,regular,6,2024-10-04 23:30:00+00:00,2628,TCU,248,Houston,Bovada,-16.5,-16,52,50,-850,550
401636891,2024,regular,6,2024-10-04 23:30:00+00:00,2628,TCU,248,Houston,DraftKings,-16.5,-17,52,,-800,550
401636891,2024,regular,6,2024-10-04 23:30:00+00:00,2628,TCU,248,Houston,ESPN Bet,-16.5,-17,51.5,49.5,-800,550
401636892,2024,regular,7,2024-10-12 02:30:00+00:00,9,Arizona State,254,Utah,Bovada,5.5,5,46,46,,-195
401636892,2024,regular,7,2024-10-12 02:30:00+00:00,9,Arizona State,254,Utah,DraftKings,6,5,46.5,,180,-218
401636892,2024,regular,7,2024-10-12 02:30:00+00:00,9,Arizona State,254,Utah,ESPN Bet,5.5,4,46.5,45.5,195,-230
401636893,2024,regular,7,2024-10-12 20:00:00+00:00,252,BYU,12,Arizona,Bovada,-2.5,-3.5,48.5,49.5,-185,160
401636893,2024,regular,7,2024-10-12 20:00:00+00:00,252,BYU,12,Arizona,DraftKings,-3,1,48.5,,-148,120
401636893,2024,regular,7,2024-10-12 20:00:00+00:00,252,BYU,12,Arizona,ESPN Bet,-2.5,-3.5,48.5,49.5,-150,130
401636894,2024,regular,7,2024-10-13 02:15:00+00:00,38,Colorado,2306,Kansas State,Bovada,3.5,6.5,55,56.5,180,-220
401636894,2024,regular,7,2024-10-13 02:15:00+00:00,38,Colorado,2306,Kansas State,DraftKings,3.5,6,55.5,,130,-155
401636894,2024,regular,7,2024-10-13 02:15:00+00:00,38,Colorado,2306,Kansas State,ESPN Bet,3.5,6,54.5,56.5,135,-155
401636895,2024,regular,7,2024-10-12 19:30:00+00:00,2116,UCF,2132,Cincinnati,Bovada,-2.5,-3.5,58,58.5,-175,150
401636895,2024,regular,7,2024-10-12 19:30:00+00:00,2116,UCF,2132,Cincinnati,DraftKings,-2,-7.5,58,,-125,105
401636895,2024,regular,7,2024-10-12 19:30:00+00:00,2116,UCF,2132,Cincinnati,ESPN Bet,-2.5,-3.5,57.5,58.5,-130,110
401636896,2024,regular,7,2024-10-13 00:00:00+00:00,277,West Virginia,66,Iowa State,Bovada,3,3,54,51,130,-150
401636896,2024,regular,7,2024-10-13 00:00:00+00:00,277,West Virginia,66,Iowa State,DraftKings,3,3.5,54,,130,-155
401636896,2024,regular,7,2024-10-13 00:00:00+00:00,277,West Virginia,66,Iowa State,ESPN Bet,3,3,53.5,51.5,135,-155
401636897,2024,regular,8,2024-10-19 20:00:00+00:00,12,Arizona,38,Colorado,Bovada,-2.5,-4,57.5,56,-185,160
401636897,2024,regular,8,2024-10-19 20:00:00+00:00,12,Arizona,38,Colorado,DraftKings,-2.5,-4,57.5,,-135,114
401636897,2024,regular,8,2024-10-19 20:00:00+00:00,12,Arizona,38,Colorado,ESPN Bet,-2.5,-3.5,56.5,55.5,-130,110
401636898,2024,regular,8,2024-10-19 02:15:00+00:00,252,BYU,197,Oklahoma State,Bovada,-8.5,-8,53,55.5,-350,275
401636898,2024,regular,8,2024-10-19 02:15:00+00:00,252,BYU,197,Oklahoma State,DraftKings,-8.5,-7.5,53,,-325,260
401636898,2024,regular,8,2024-10-19 02:15:00+00:00,252,BYU,197,Oklahoma State,ESPN Bet,-7.5,-9,52.5,55.5,-320,260
401636899,2024,regular,8,2024-10-19 16:00:00+00:00,2132,Cincinnati,9,Arizona State,Bovada,-5,-3,51.5,53.5,-145,125
401636899,2024,regular,8,2024-10-19 16:00:00+00:00,2132,Cincinnati,9,Arizona State,DraftKings,-5.5,-3,51,,-205,170
401636899,2024,regular,8,2024-10-19 16:00:00+00:00,2132,Cincinnati,9,Arizona State,ESPN Bet,-4.5,-3,50.5,53.5,-225,190
401636900,2024,regular,8,2024-10-19 23:30:00+00:00,66,Iowa State,2116,UCF,Bovada,-13,-12.5,49.5,48.5,-525,375
401636900,2024,regular,8,2024-10-19 23:30:00+00:00,66,Iowa State,2116,UCF,DraftKings,-13,-10,49.5,,-575,425
401636900,2024,regular,8,2024-10-19 23:30:00+00:00,66,Iowa State,2116,UCF,ESPN Bet,-13.5,-13,49.5,47.5,-550,425
401636901,2024,regular,8,2024-10-19 19:30:00+00:00,2305,Kansas,248,Houston,Bovada,-4.5,-6.5,45.5,47,-240,200
401636901,2024,regular,8,2024-10-19 19:30:00+00:00,2305,Kansas,248,Houston,DraftKings,-4.5,-8.5,45.5,,-192,160
401636901,2024,regular,8,2024-10-19 19:30:00+00:00,2305,Kansas,248,Houston,ESPN Bet,-5.5,-6.5,45.5,46.5,-215,180
401636902,2024,regular,8,2024-10-19 20:00:00+00:00,2641,Texas Tech,239,Baylor,Bovada,-4.5,-6.5,56,57.5,-240,200
401636902,2024,regular,8,2024-10-19 20:00:00+00:00,2641,Texas Tech,239,Baylor,DraftKings,-4.5,-7.5,56,,-185,154
401636902,2024,regular,8,2024-10-19 20:00:00+00:00,2641,Texas Tech,239,Baylor,ESPN Bet,-4.5,-6.5,55.5,57.5,-185,155
401636903,2024,regular,8,2024-10-20 02:30:00+00:00,254,Utah,2628,TCU,Bovada,-3,-6.5,51.5,52,-185,160
401636903,2024,regular,8,2024-10-20 02:30:00+00:00,254,Utah,2628,TCU,DraftKings,-3,-7.5,52,,-155,130
401636903,2024,regular,8,2024-10-20 02:30:00+00:00,254,Utah,2628,TCU,ESPN Bet,-5.5,-7,51.5,51.5,-155,135
401636904,2024,regular,8,2024-10-19 23:30:00+00:00,277,West Virginia,2306,Kansas State,Bovada,2.5,3,56,54.5,135,-160
401636904,2024,regular,8,2024-10-19 23:30:00+00:00,277,West Virginia,2306,Kansas State,DraftKings,2.5,2.5,56.5,,120,-142
401636904,2024,regular,8,2024-10-19 23:30:00+00:00,277,West Virginia,2306,Kansas State,ESPN Bet,2.5,3,55.5,54.5,115,-135
401636905,2024,regular,9,2024-10-26 23:00:00+00:00,12,Arizona,277,West Virginia,Bovada,-5.5,-3,51.5,55,-145,125
401636905,2024,regular,9,2024-10-26 23:00:00+00:00,12,Arizona,277,West Virginia,DraftKings,-5.5,-1,51.5,,-218,180
401636905,2024,regular,9,2024-10-26 23:00:00+00:00,12,Arizona,277,West Virginia,ESPN Bet,-5.5,-3,51.5,54.5,-195,165
401636906,2024,regular,9,2024-10-26 19:30:00+00:00,239,Baylor,197,Oklahoma State,Bovada,-7,-4.5,64.5,65,-200,170
401636906,2024,regular,9,2024-10-26 19:30:00+00:00,239,Baylor,197,Oklahoma State,DraftKings,-7,-3,64.5,,-265,215
401636906,2024,regular,9,2024-10-26 19:30:00+00:00,239,Baylor,197,Oklahoma State,ESPN Bet,-6.5,-4,63.5,64.5,-250,210
401636907,2024,regular,9,2024-10-27 02:15:00+00:00,38,Colorado,2132,Cincinnati,Bovada,-6,-5,57,56.5,-200,170
401636907,2024,regular,9,2024-10-27 02:15:00+00:00,38,Colorado,2132,Cincinnati,DraftKings,-6,-3,57,,-230,190
401636907,2024,regular,9,2024-10-27 02:15:00+00:00,38,Colorado,2132,Cincinnati,ESPN Bet,-6.5,-4,56.5,57.5,-230,195
401636908,2024,regular,9,2024-10-26 23:00:00+00:00,248,Houston,254,Utah,Bovada,4.5,3.5,36,38,145,-170
401636908,2024,regular,9,2024-10-26 23:00:00+00:00,248,Houston,254,Utah,DraftKings,5,6,36.5,,164,-198
401636908,2024,regular,9,2024-10-26 23:00:00+00:00,248,Houston,254,Utah,ESPN Bet,4.5,3,35.5,37.5,170,-200
401636909,2024,regular,9,2024-10-27 00:00:00+00:00,2306,Kansas State,2305,Kansas,Bovada,-10,-9.5,56,55,-380,290
401636909,2024,regular,9,2024-10-27 00:00:00+00:00,2306,Kansas State,2305,Kansas,DraftKings,-10,-7,56.5,,-360,285
401636909,2024,regular,9,2024-10-27 00:00:00+00:00,2306,Kansas State,2305,Kansas,ESPN Bet,-9.5,-10,55.5,55.5,-360,280
401636910,2024,regular,9,2024-10-26 19:30:00+00:00,2628,TCU,2641,Texas Tech,Bovada,-5,-6,66,67.5,-230,190
401636910,2024,regular,9,2024-10-26 19:30:00+00:00,2628,TCU,2641,Texas Tech,DraftKings,-5,-4,66.5,,-198,164
401636910,2024,regular,9,2024-10-26 19:30:00+00:00,2628,TCU,2641,Texas Tech,ESPN Bet,-4.5,-6,65.5,67.5,-200,170
401636911,2024,regular,9,2024-10-26 19:30:00+00:00,2116,UCF,252,BYU,Bovada,-2.5,-1,53.5,54.5,105,-125
401636911,2024,regular,9,2024-10-26 19:30:00+00:00,2116,UCF,252,BYU,DraftKings,-2.5,1,53.5,,-130,110
401636911,2024,regular,9,2024-10-26 19:30:00+00:00,2116,UCF,252,BYU,ESPN Bet,-2.5,1.5,53.5,54.5,-145,125
401636912,2024,regular,10,2024-11-03 00:00:00+00:00,239,Baylor,2628,TCU,Bovada,-2.5,-3,64.5,65,-150,130
401636912,2024,regular,10,2024-11-03 00:00:00+00:00,239,Baylor,2628,TCU,DraftKings,-2.5,-2.5,64,,-135,114
401636912,2024,regular,10,2024-11-03 00:00:00+00:00,239,Baylor,2628,TCU,ESPN Bet,-2.5,-3,62.5,64.5,-140,120
401636913,2024,regular,10,2024-11-02 19:30:00+00:00,248,Houston,2306,Kansas State,Bovada,13,13,45.5,46,375,-525
401636913,2024,regular,10,2024-11-02 19:30:00+00:00,248,Houston,2306,Kansas State,DraftKings,12.5,13.5,46.5,,370,-560
401636913,2024,regular,10,2024-11-02 19:30:00+00:00,248,Houston,2306,Kansas State,ESPN Bet,9.5,13,44.5,46.5,380,-550
401636914,2024,regular,10,2024-11-02 19:30:00+00:00,66,Iowa State,2641,Texas Tech,Bovada,-13.5,-14,56,57.5,-650,450
401636914,2024,regular,10,2024-11-02 19:30:00+00:00,66,Iowa State,2641,Texas Tech,DraftKings,-13.5,-11,55,,-520,390
401636914,2024,regular,10,2024-11-02 19:30:00+00:00,66,Iowa State,2641,Texas Tech,ESPN Bet,-14.5,-14.5,55.5,57.5,-600,400
401636915,2024,regular,10,2024-11-02 19:30:00+00:00,197,Oklahoma State,9,Arizona State,Bovada,5,-1,57.5,57,-115,-105
401636915,2024,regular,10,2024-11-02 19:30:00+00:00,197,Oklahoma State,9,Arizona State,DraftKings,5,-1.5,57,,164,-198
401636915,2024,regular,10,2024-11-02 19:30:00+00:00,197,Oklahoma State,9,Arizona State,ESPN Bet,4.5,1,56.5,56.5,160,-190
401636916,2024,regular,10,2024-11-02 19:30:00+00:00,2116,UCF,12,Arizona,Bovada,-6.5,-6,55,55,-235,195
401636916,2024,regular,10,2024-11-02 19:30:00+00:00,2116,UCF,12,Arizona,DraftKings,-6.5,-4,55,,-225,185
401636916,2024,regular,10,2024-11-02 19:30:00+00:00,2116,UCF,12,Arizona,ESPN Bet,-5.5,-6.5,54.5,54.5,-240,200
401636917,2024,regular,11,2024-11-10 00:00:00+00:00,9,Arizona State,2116,UCF,Bovada,-2.5,-4,56,56,-180,155
401636917,2024,regular,11,2024-11-10 00:00:00+00:00,9,Arizona State,2116,UCF,DraftKings,-2.5,-3.5,55.5,,-135,114
401636917,2024,regular,11,2024-11-10 00:00:00+00:00,9,Arizona State,2116,UCF,ESPN Bet,-2.5,-4,55.5,56.5,-140,120
401636918,2024,regular,11,2024-11-09 17:00:00+00:00,2132,Cincinnati,277,West Virginia,Bovada,-5,-4.5,54.5,57.5,-200,170
401636918,2024,regular,11,2024-11-09 17:00:00+00:00,2132,Cincinnati,277,West Virginia,DraftKings,-5.5,-3.5,54.5,,-205,170
401636918,2024,regular,11,2024-11-09 17:00:00+00:00,2132,Cincinnati,277,West Virginia,ESPN Bet,-5.5,-4,54.5,57.5,-215,180
401636919,2024,regular,11,2024-11-09 20:30:00+00:00,2305,Kansas,66,Iowa State,Bovada,2.5,3,53,50.5,130,-150
401636919,2024,regular,11,2024-11-09 20:30:00+00:00,2305,Kansas,66,Iowa State,DraftKings,2.5,6.5,52.5,,110,-130
401636919,2024,regular,11,2024-11-09 20:30:00+00:00,2305,Kansas,66,Iowa State,ESPN Bet,2.5,3,50.5,50.5,110,-130
401636920,2024,regular,11,2024-11-10 00:00:00+00:00,2628,TCU,197,Oklahoma State,Bovada,-10.5,-12,68.5,67,-500,360
401636920,2024,regular,11,2024-11-10 00:00:00+00:00,2628,TCU,197,Oklahoma State,DraftKings,-10.5,-8,68.5,,-380,300
401636920,2024,regular,11,2024-11-10 00:00:00+00:00,2628,TCU,197,Oklahoma State,ESPN Bet,-10.5,-11.5,69.5,66.5,-425,320
401636921,2024,regular,11,2024-11-09 21:00:00+00:00,2641,Texas Tech,38,Colorado,Bovada,5,3,62,63,130,-150
401636921,2024,regular,11,2024-11-09 21:00:00+00:00,2641,Texas Tech,38,Colorado,DraftKings,4.5,3,62,,164,-198
401636921,2024,regular,11,2024-11-09 21:00:00+00:00,2641,Texas Tech,38,Colorado,ESPN Bet,4.5,3,62.5,62.5,165,-195
401636922,2024,regular,11,2024-11-10 03:15:00+00:00,254,Utah,252,BYU,Bovada,3,4.5,40.5,41.5,170,-200
401636922,2024,regular,11,2024-11-10 03:15:00+00:00,254,Utah,252,BYU,DraftKings,3,-16.5,40.5,,124,-148
401636922,2024,regular,11,2024-11-10 03:15:00+00:00,254,Utah,252,BYU,ESPN Bet,3.5,4.5,40.5,41.5,145,-170
401636923,2024,regular,12,2024-11-16 03:15:00+00:00,12,Arizona,248,Houston,Bovada,-1,-2,46,45,-125,105
401636923,2024,regular,12,2024-11-16 03:15:00+00:00,12,Arizona,248,Houston,DraftKings,-1,-2,46.5,,-115,-105
401636923,2024,regular,12,2024-11-16 03:15:00+00:00,12,Arizona,248,Houston,ESPN Bet,-1.5,-1.5,46.5,44.5,-115,-105
401636924,2024,regular,12,2024-11-17 03:15:00+00:00,252,BYU,2305,Kansas,Bovada,-2,-3.5,56.5,55.5,-170,145
401636924,2024,regular,12,2024-11-17 03:15:00+00:00,252,BYU,2305,Kansas,DraftKings,-3,-7,55.5,,-142,120
401636924,2024,regular,12,2024-11-17 03:15:00+00:00,252,BYU,2305,Kansas,ESPN Bet,-2.5,-3,55.5,55.5,-140,120
401636925,2024,regular,12,2024-11-16 17:00:00+00:00,38,Colorado,254,Utah,Bovada,-13.5,-10,43.5,47.5,-410,305
401636925,2024,regular,12,2024-11-16 17:00:00+00:00,38,Colorado,254,Utah,DraftKings,-13.5,8,43,,-575,425
401636925,2024,regular,12,2024-11-16 17:00:00+00:00,38,Colorado,254,Utah,ESPN Bet,-13.5,-10,43.5,47.5,-600,400
401636926,2024,regular,12,2024-11-17 01:00:00+00:00,66,Iowa State,2132,Cincinnati,Bovada,-7,-10,52.5,53.5,-370,285
401636926,2024,regular,12,2024-11-17 01:00:00+00:00,66,Iowa State,2132,Cincinnati,DraftKings,-7,-7.5,52.5,,-265,215
401636926,2024,regular,12,2024-11-17 01:00:00+00:00,66,Iowa State,2132,Cincinnati,ESPN Bet,-7.5,-9,52.5,53.5,-270,220
401636927,2024,regular,12,2024-11-17 00:00:00+00:00,2306,Kansas State,9,Arizona State,Bovada,-7.5,-8.5,51.5,49.5,-340,270
401636927,2024,regular,12,2024-11-17 00:00:00+00:00,2306,Kansas State,9,Arizona State,DraftKings,-7.5,-7,51.5,,-278,225
401636927,2024,regular,12,2024-11-17 00:00:00+00:00,2306,Kansas State,9,Arizona State,ESPN Bet,-7.5,-8,51.5,50.5,-300,250
401636929,2024,regular,12,2024-11-16 21:00:00+00:00,277,West Virginia,239,Baylor,Bovada,2.5,2,60,58.5,105,-125
401636929,2024,regular,12,2024-11-16 21:00:00+00:00,277,West Virginia,239,Baylor,DraftKings,2,-1.5,60,,110,-130
401636929,2024,regular,12,2024-11-16 21:00:00+00:00,277,West Virginia,239,Baylor,ESPN Bet,1.5,1.5,57.5,58.5,110,-130
401636930,2024,regular,13,2024-11-23 20:30:00+00:00,9,Arizona State,252,BYU,Bovada,-3.5,-3.5,48.5,48,-170,145
401636930,2024,regular,13,2024-11-23 20:30:00+00:00,9,Arizona State,252,BYU,DraftKings,-3.5,-1,49,,-170,142
401636930,2024,regular,13,2024-11-23 20:30:00+00:00,9,Arizona State,252,BYU,ESPN Bet,-3.5,-3.5,48.5,48.5,-170,145
401636931,2024,regular,13,2024-11-24 00:00:00+00:00,248,Houston,239,Baylor,Bovada,7,7.5,51,50.5,260,-320
401636931,2024,regular,13,2024-11-24 00:00:00+00:00,248,Houston,239,Baylor,DraftKings,7,6.5,51,,215,-265
401636931,2024,regular,13,2024-11-24 00:00:00+00:00,248,Houston,239,Baylor,ESPN Bet,6.5,8,50.5,50.5,240,-290
401636932,2024,regular,13,2024-11-23 20:30:00+00:00,2305,Kansas,38,Colorado,Bovada,2.5,2.5,59,59.5,125,-145
401636932,2024,regular,13,2024-11-23 20:30:00+00:00,2305,Kansas,38,Colorado,DraftKings,1.5,2.5,59.5,,102,-122
401636932,2024,regular,13,2024-11-23 20:30:00+00:00,2305,Kansas,38,Colorado,ESPN Bet,1.5,2.5,59.5,59.5,115,-135
401636933,2024,regular,13,2024-11-24 01:00:00+00:00,2306,Kansas State,2132,Cincinnati,Bovada,-7.5,-8.5,54.5,53,-330,265
401636933,2024,regular,13,2024-11-24 01:00:00+00:00,2306,Kansas State,2132,Cincinnati,DraftKings,-7.5,-8.5,54.5,,-270,220
401636933,2024,regular,13,2024-11-24 01:00:00+00:00,2306,Kansas State,2132,Cincinnati,ESPN Bet,-7.5,-9,54.5,52.5,-300,250
401636934,2024,regular,13,2024-11-23 20:30:00+00:00,197,Oklahoma State,2641,Texas Tech,Bovada,5,3.5,64.5,68,140,-165
401636934,2024,regular,13,2024-11-23 20:30:00+00:00,197,Oklahoma State,2641,Texas Tech,DraftKings,5,4,63.5,,150,-180
401636934,2024,regular,13,2024-11-23 20:30:00+00:00,197,Oklahoma State,2641,Texas Tech,ESPN Bet,4.5,3.5,62.5,68.5,165,-195
401636935,2024,regular,13,2024-11-23 20:00:00+00:00,2628,TCU,12,Arizona,Bovada,-11,-11,60,59.5,-470,345
401636935,2024,regular,13,2024-11-23 20:00:00+00:00,2628,TCU,12,Arizona,DraftKings,-10.5,-9.5,60,,-425,330
401636935,2024,regular,13,2024-11-23 20:00:00+00:00,2628,TCU,12,Arizona,ESPN Bet,-10.5,-12,60.5,58.5,-380,290
401636936,2024,regular,13,2024-11-24 00:30:00+00:00,254,Utah,66,Iowa State,Bovada,6.5,6.5,42.5,42.5,235,-285
401636936,2024,regular,13,2024-11-24 00:30:00+00:00,254,Utah,66,Iowa State,DraftKings,6.5,-9,42.5,,210,-258
401636936,2024,regular,13,2024-11-24 00:30:00+00:00,254,Utah,66,Iowa State,ESPN Bet,3.5,6.5,42.5,42.5,210,-250
401636937,2024,regular,13,2024-11-23 20:30:00+00:00,277,West Virginia,2116,UCF,Bovada,3,3,60.5,64,130,-150
401636937,2024,regular,13,2024-11-23 20:30:00+00:00,277,West Virginia,2116,UCF,DraftKings,3,2.5,60,,124,-148
401636937,2024,regular,13,2024-11-23 20:30:00+00:00,277,West Virginia,2116,UCF,ESPN Bet,3.5,3,60.5,64.5,130,-150
401636938,2024,regular,14,2024-11-29 17:00:00+00:00,38,Colorado,197,Oklahoma State,Bovada,-16.5,-16.5,66,64.5,-850,550
401636938,2024,regular,14,2024-11-29 17:00:00+00:00,38,Colorado,197,Oklahoma State,DraftKings,-15,-16.5,67,,-700,500
401636938,2024,regular,14,2024-11-29 17:00:00+00:00,38,Colorado,197,Oklahoma State,ESPN Bet,-14.5,-16.5,66.5,64.5,-700,450
401636939,2024,regular,14,2024-11-30 01:00:00+00:00,2116,UCF,254,Utah,Bovada,-10,-9,46.5,49,-350,275
401636939,2024,regular,14,2024-11-30 01:00:00+00:00,2116,UCF,254,Utah,DraftKings,-10,-4.5,46.5,,-375,295
401636939,2024,regular,14,2024-11-30 01:00:00+00:00,2116,UCF,254,Utah,ESPN Bet,-9.5,-9,45.5,49.5,-360,280
401636940,2024,regular,14,2024-11-30 20:30:00+00:00,12,Arizona,9,Arizona State,Bovada,7.5,8.5,53.5,53.5,270,-340
401636940,2024,regular,14,2024-11-30 20:30:00+00:00,12,Arizona,9,Arizona State,DraftKings,7.5,8.5,54,,215,-265
401636940,2024,regular,14,2024-11-30 20:30:00+00:00,12,Arizona,9,Arizona State,ESPN Bet,7.5,9,52.5,53.5,250,-300
401636941,2024,regular,14,2024-11-30 17:00:00+00:00,239,Baylor,2305,Kansas,Bovada,-1,-1.5,62,61.5,-120,100
401636941,2024,regular,14,2024-11-30 17:00:00+00:00,239,Baylor,2305,Kansas,DraftKings,1.5,-3,62,,100,-120
401636941,2024,regular,14,2024-11-30 17:00:00+00:00,239,Baylor,2305,Kansas,ESPN Bet,2.5,-1.5,62.5,61.5,105,-125
401636942,2024,regular,14,2024-12-01 03:15:00+00:00,252,BYU,248,Houston,Bovada,-12,-12,40.5,41,-500,360
401636942,2024,regular,14,2024-12-01 03:15:00+00:00,252,BYU,248,Houston,DraftKings,-12.5,-11,40.5,,-470,360
401636942,2024,regular,14,2024-12-01 03:15:00+00:00,252,BYU,248,Houston,ESPN Bet,-9.5,-12.5,39.5,41.5,-450,340
401636943,2024,regular,14,2024-11-30 23:00:00+00:00,2132,Cincinnati,2628,TCU,Bovada,2.5,3,58.5,58,125,-145
401636943,2024,regular,14,2024-11-30 23:00:00+00:00,2132,Cincinnati,2628,TCU,DraftKings,2.5,1.5,58.5,,114,-135
401636943,2024,regular,14,2024-11-30 23:00:00+00:00,2132,Cincinnati,2628,TCU,ESPN Bet,2.5,3,58.5,58.5,120,-140
401636944,2024,regular,14,2024-12-01 00:30:00+00:00,66,Iowa State,2306,Kansas State,Bovada,-1.5,-3,52,52,-150,130
401636944,2024,regular,14,2024-12-01 00:30:00+00:00,66,Iowa State,2306,Kansas State,DraftKings,-2,0,51.5,,-122,102
401636944,2024,regular,14,2024-12-01 00:30:00+00:00,66,Iowa State,2306,Kansas State,ESPN Bet,-2.5,-2.5,51.5,52.5,-125,105
401636945,2024,regular,14,2024-11-30 17:00:00+00:00,2641,Texas Tech,277,West Virginia,Bovada,-3,-3.5,64.5,64.5,-170,145
401636945,2024,regular,14,2024-11-30 17:00:00+00:00,2641,Texas Tech,277,West Virginia,DraftKings,-2.5,-3.5,62.5,,-135,114
401636945,2024,regular,14,2024-11-30 17:00:00+00:00,2641,Texas Tech,277,West Virginia,ESPN Bet,-2.5,-3.5,61.5,64.5,-135,115
401636999,2024,regular,2,2024-09-07 16:00:00+00:00,41,UConn,2771,Merrimack,ESPN Bet,-14.5,-15.5,44.5,45.5,-800,550
401637159,2024,regular,1,2024-08-31 19:00:00+00:00,265,Washington State,2502,Portland State,ESPN Bet,-26.5,,57.5,,,
401637160,2024,regular,2,2024-09-08 00:00:00+00:00,2692,Weber State,2502,Portland State,ESPN Bet,-9,,62.5,,,
401637162,2024,regular,4,2024-09-22 01:45:00+00:00,68,Boise State,2502,Portland State,DraftKings,-43,-41.5,69.5,,,
401637162,2024,regular,4,2024-09-22 01:45:00+00:00,68,Boise State,2502,Portland State,ESPN Bet,-42.5,-41.5,69.5,69.5,,
401638342,2024,regular,6,2024-10-05 19:00:00+00:00,2535,Samford,2678,VMI,ESPN Bet,-17,,50.5,,,
401638343,2024,regular,6,2024-10-05 18:00:00+00:00,2643,The Citadel,231,Furman,ESPN Bet,12.5,,45.5,,,
401638344,2024,regular,7,2024-10-12 18:30:00+00:00,2717,Western Carolina,2643,The Citadel,ESPN Bet,-17.5,,56.5,,,
401638345,2024,regular,8,2024-10-19 18:00:00+00:00,231,Furman,2717,Western Carolina,ESPN Bet,6.5,,55.5,,,
401638346,2024,regular,8,2024-10-19 17:30:00+00:00,2678,VMI,2643,The Citadel,ESPN Bet,4,,47.5,,,
401638347,2024,regular,9,2024-10-26 18:00:00+00:00,2643,The Citadel,2535,Samford,ESPN Bet,8.5,,49.5,,,
401638348,2024,regular,10,2024-11-02 17:30:00+00:00,2678,VMI,231,Furman,ESPN Bet,10,,44.5,,,
401638349,2024,regular,12,2024-11-16 18:00:00+00:00,2717,Western Carolina,2678,VMI,ESPN Bet,-24.5,,54.5,,,
401638350,2024,regular,13,2024-11-23 20:00:00+00:00,2535,Samford,2717,Western Carolina,ESPN Bet,2.5,,58.5,,,
401638359,2024,regular,1,2024-08-31 23:00:00+00:00,2916,Incarnate Word,2458,Northern Colorado,ESPN Bet,-22.5,,54.5,,,
401638361,2024,regular,6,2024-10-05 23:00:00+00:00,2916,Incarnate Word,2504,Prairie View A&M,ESPN Bet,-23.5,,55.5,,,
401638659,2024,regular,5,2024-09-29 21:00:00+00:00,2506,Presbyterian,2166,Davidson,ESPN Bet,-12.5,,55.5,,,
401638660,2024,regular,5,2024-09-28 16:00:00+00:00,2368,Marist,2168,Dayton,ESPN Bet,9.5,,46.5,,,
401638661,2024,regular,5,2024-09-28 17:00:00+00:00,2181,Drake,301,San Diego,ESPN Bet,-3.5,,44.5,,,
401638662,2024,regular,5,2024-09-28 17:00:00+00:00,2413,Morehead State,2674,Valparaiso,ESPN Bet,-1,,49.5,,,
401638663,2024,regular,6,2024-10-05 17:00:00+00:00,2674,Valparaiso,2181,Drake,ESPN Bet,11.5,,43.5,,,
401638664,2024,regular,6,2024-10-05 17:00:00+00:00,2166,Davidson,2368,Marist,ESPN Bet,-20.5,,58.5,,,
401638665,2024,regular,6,2024-10-05 17:00:00+00:00,2086,Butler,2413,Morehead State,ESPN Bet,-14.5,,47.5,,,
401638666,2024,regular,6,2024-10-05 20:00:00+00:00,301,San Diego,2506,Presbyterian,ESPN Bet,-18,,54.5,,,
401638667,2024,regular,6,2024-10-05 18:00:00+00:00,2900,St. Thomas (MN),56,Stetson,ESPN Bet,-10.5,,45.5,,,
401638668,2024,regular,7,2024-10-12 18:00:00+00:00,2181,Drake,2086,Butler,ESPN Bet,-2.5,,44.5,,,
401638669,2024,regular,7,2024-10-12 16:00:00+00:00,2168,Dayton,2166,Davidson,ESPN Bet,-1.5,,57.5,,,
401638670,2024,regular,7,2024-10-12 18:00:00+00:00,2413,Morehead State,2506,Presbyterian,ESPN Bet,2.5,,51.5,,,
401638671,2024,regular,7,2024-10-12 16:00:00+00:00,2368,Marist,2900,St. Thomas (MN),ESPN Bet,7,,48.5,,,
401638673,2024,regular,8,2024-10-19 17:00:00+00:00,2086,Butler,2168,Dayton,ESPN Bet,-5.5,,44.5,,,
401638674,2024,regular,8,2024-10-19 17:00:00+00:00,2506,Presbyterian,2181,Drake,ESPN Bet,11.5,,48.5,,,
401638675,2024,regular,8,2024-10-19 21:00:00+00:00,301,San Diego,2368,Marist,ESPN Bet,-16.5,,50.5,,,
401638676,2024,regular,8,2024-10-19 17:00:00+00:00,2166,Davidson,56,Stetson,ESPN Bet,-18.5,,58.5,,,
401638678,2024,regular,9,2024-10-26 17:00:00+00:00,2166,Davidson,2086,Butler,ESPN Bet,1,,58.5,,,
401638679,2024,regular,9,2024-10-26 16:00:00+00:00,2168,Dayton,2413,Morehead State,ESPN Bet,-14.5,,44.5,,,
401638680,2024,regular,9,2024-10-26 17:00:00+00:00,56,Stetson,2506,Presbyterian,ESPN Bet,4.5,,55.5,,,
401638682,2024,regular,9,2024-10-26 16:00:00+00:00,2368,Marist,2674,Valparaiso,ESPN Bet,1,,47.5,,,
401638683,2024,regular,10,2024-11-02 20:00:00+00:00,301,San Diego,2166,Davidson,ESPN Bet,-3,,60.5,,,
401638684,2024,regular,10,2024-11-02 17:00:00+00:00,2506,Presbyterian,2168,Dayton,ESPN Bet,5.5,,47.5,,,
401638686,2024,regular,10,2024-11-02 17:00:00+00:00,2086,Butler,56,Stetson,ESPN Bet,-26.5,,49.5,,,
401638687,2024,regular,10,2024-11-02 17:00:00+00:00,2413,Morehead State,2900,St. Thomas (MN),ESPN Bet,6,,45.5,,,
401638688,2024,regular,11,2024-11-09 19:00:00+00:00,2674,Valparaiso,2086,Butler,ESPN Bet,14.5,,45.5,,,
401638689,2024,regular,11,2024-11-09 19:00:00+00:00,2900,St. Thomas (MN),2181,Drake,ESPN Bet,4.5,,42.5,,,
401638690,2024,regular,11,2024-11-09 18:00:00+00:00,56,Stetson,2368,Marist,ESPN Bet,-0.5,,53.5,,,
401638691,2024,regular,11,2024-11-09 18:00:00+00:00,2166,Davidson,2413,Morehead State,ESPN Bet,-7,,55.5,,,
401638692,2024,regular,11,2024-11-09 17:00:00+00:00,2168,Dayton,301,San Diego,ESPN Bet,3.5,,41.5,,,
401638693,2024,regular,12,2024-11-16 18:00:00+00:00,2181,Drake,2413,Morehead State,ESPN Bet,-14.5,,37.5,,,
401638694,2024,regular,12,2024-11-16 17:00:00+00:00,2368,Marist,2506,Presbyterian,ESPN Bet,10,,52.5,,,
401638695,2024,regular,12,2024-11-16 21:00:00+00:00,301,San Diego,56,Stetson,ESPN Bet,-27.5,,54.5,,,
401638696,2024,regular,12,2024-11-16 18:00:00+00:00,2086,Butler,2900,St. Thomas (MN),ESPN Bet,-6.5,,44.5,,,
401638697,2024,regular,12,2024-11-16 17:00:00+00:00,2168,Dayton,2674,Valparaiso,ESPN Bet,-13,,39.5,,,
401638698,2024,regular,13,2024-11-23 18:00:00+00:00,2506,Presbyterian,2086,Butler,ESPN Bet,9.5,,48.5,,,
401638699,2024,regular,13,2024-11-23 19:00:00+00:00,2674,Valparaiso,2166,Davidson,ESPN Bet,8,,57.5,,,
401638700,2024,regular,13,2024-11-23 19:00:00+00:00,2900,St. Thomas (MN),2168,Dayton,ESPN Bet,-2.5,,40.5,,,
401638701,2024,regular,13,2024-11-23 18:00:00+00:00,56,Stetson,2181,Drake,ESPN Bet,19.5,,51.5,,,
401638702,2024,regular,13,2024-11-23 18:00:00+00:00,2413,Morehead State,301,San Diego,ESPN Bet,6.5,,40.5,,,
401640959,2024,regular,13,2024-11-24 00:00:00+00:00,87,Notre Dame,349,Army,Bovada,-14.5,-15.5,44.5,44.5,-750,500
401640959,2024,regular,13,2024-11-24 00:00:00+00:00,87,Notre Dame,349,Army,DraftKings,-14.5,-15.5,44.5,,-675,490
401640959,2024,regular,13,2024-11-24 00:00:00+00:00,87,Notre Dame,349,Army,ESPN Bet,-14.5,-16.5,44.5,44.5,-650,425
401640979,2024,regular,2,2024-09-07 22:00:00+00:00,2229,Florida International,2117,Central Michigan,Bovada,3.5,5,52,51.5,185,-225
401640979,2024,regular,2,2024-09-07 22:00:00+00:00,2229,Florida International,2117,Central Michigan,DraftKings,5.5,5,51.5,51.5,136,-162
401640979,2024,regular,2,2024-09-07 22:00:00+00:00,2229,Florida International,2117,Central Michigan,ESPN Bet,3.5,6.5,51.5,51.5,145,-170
401640980,2024,regular,3,2024-09-14 22:00:00+00:00,2226,Florida Atlantic,2229,Florida International,Bovada,-3.5,-5,45,43.5,-210,175
401640980,2024,regular,3,2024-09-14 22:00:00+00:00,2226,Florida Atlantic,2229,Florida International,DraftKings,-6,-6,44,44,-155,130
401640980,2024,regular,3,2024-09-14 22:00:00+00:00,2226,Florida Atlantic,2229,Florida International,ESPN Bet,-3.5,-6,44.5,43.5,-165,140
401640981,2024,regular,5,2024-09-28 22:00:00+00:00,2229,Florida International,2348,Louisiana Tech,Bovada,2,3,48.5,52,130,-150
401640981,2024,regular,5,2024-09-28 22:00:00+00:00,2229,Florida International,2348,Louisiana Tech,DraftKings,2,1,49,,105,-125
401640981,2024,regular,5,2024-09-28 22:00:00+00:00,2229,Florida International,2348,Louisiana Tech,ESPN Bet,2,2.5,49.5,51.5,110,-130
401640982,2024,regular,7,2024-10-08 23:00:00+00:00,2335,Liberty,2229,Florida International,Bovada,-16,-19.5,55.5,55,-1400,750
401640982,2024,regular,7,2024-10-08 23:00:00+00:00,2335,Liberty,2229,Florida International,DraftKings,-15.5,-19.5,56,,-800,550
401640982,2024,regular,7,2024-10-08 23:00:00+00:00,2335,Liberty,2229,Florida International,ESPN Bet,-15.5,-20,55.5,54.5,-900,600
401640983,2024,regular,8,2024-10-17 01:00:00+00:00,2638,UTEP,2229,Florida International,Bovada,7,5,47,49.5,175,-210
401640983,2024,regular,8,2024-10-17 01:00:00+00:00,2638,UTEP,2229,Florida International,DraftKings,7,3.5,47,,200,-245
401640983,2024,regular,8,2024-10-17 01:00:00+00:00,2638,UTEP,2229,Florida International,ESPN Bet,6.5,5,47.5,49.5,220,-270
401640984,2024,regular,9,2024-10-22 23:30:00+00:00,2229,Florida International,2534,Sam Houston,Bovada,5,7,47,46,180,-220
401640984,2024,regular,9,2024-10-22 23:30:00+00:00,2229,Florida International,2534,Sam Houston,DraftKings,4.5,8.5,47.5,,160,-192
401640984,2024,regular,9,2024-10-22 23:30:00+00:00,2229,Florida International,2534,Sam Houston,ESPN Bet,6.5,6.5,46.5,45.5,170,-200
401640985,2024,regular,10,2024-10-29 23:00:00+00:00,2229,Florida International,166,New Mexico State,Bovada,-7,-7.5,43.5,45,-360,280
401640985,2024,regular,10,2024-10-29 23:00:00+00:00,2229,Florida International,166,New Mexico State,DraftKings,-7,-10,43.5,,-278,230
401640985,2024,regular,10,2024-10-29 23:00:00+00:00,2229,Florida International,166,New Mexico State,ESPN Bet,-7.5,-7.5,43.5,45.5,-275,225
401640986,2024,regular,12,2024-11-16 19:00:00+00:00,55,Jacksonville State,2229,Florida International,Bovada,-12.5,-14,58.5,58,-625,430
401640986,2024,regular,12,2024-11-16 19:00:00+00:00,55,Jacksonville State,2229,Florida International,DraftKings,-12.5,-13.5,58.5,,-455,350
401640986,2024,regular,12,2024-11-16 19:00:00+00:00,55,Jacksonville State,2229,Florida International,ESPN Bet,-12.5,-14,58.5,57.5,-550,380
401640987,2024,regular,13,2024-11-23 20:00:00+00:00,338,Kennesaw State,2229,Florida International,Bovada,9,9,42,44,275,-350
401640987,2024,regular,13,2024-11-23 20:00:00+00:00,338,Kennesaw State,2229,Florida International,DraftKings,9,9.5,42.5,,260,-325
401640987,2024,regular,13,2024-11-23 20:00:00+00:00,338,Kennesaw State,2229,Florida International,ESPN Bet,8.5,9,41.5,43.5,300,-400
401640988,2024,regular,14,2024-11-30 19:00:00+00:00,2229,Florida International,2393,Middle Tennessee,Bovada,-8,-9,51,52,-350,275
401640988,2024,regular,14,2024-11-30 19:00:00+00:00,2229,Florida International,2393,Middle Tennessee,DraftKings,-10,-7,51,,-375,295
401640988,2024,regular,14,2024-11-30 19:00:00+00:00,2229,Florida International,2393,Middle Tennessee,ESPN Bet,-9.5,-9,50.5,51.5,-425,320
401640989,2024,regular,2,2024-09-08 02:15:00+00:00,166,New Mexico State,2335,Liberty,Bovada,22,21,54,57,850,-1800
401640989,2024,regular,2,2024-09-08 02:15:00+00:00,166,New Mexico State,2335,Liberty,DraftKings,22,20.5,54,57,1100,-2100
401640989,2024,regular,2,2024-09-08 02:15:00+00:00,166,New Mexico State,2335,Liberty,ESPN Bet,22.5,22.5,54.5,56.5,1100,-2000
401640990,2024,regular,3,2024-09-14 22:00:00+00:00,2335,Liberty,2638,UTEP,Bovada,-24,-24,57.5,,-2200,1000
401640990,2024,regular,3,2024-09-14 22:00:00+00:00,2335,Liberty,2638,UTEP,DraftKings,-23.5,-23.5,57.5,57.5,-2800,1300
401640990,2024,regular,3,2024-09-14 22:00:00+00:00,2335,Liberty,2638,UTEP,ESPN Bet,-23.5,-22,57.5,57.5,-2500,1200
401640991,2024,regular,4,2024-09-21 22:00:00+00:00,2335,Liberty,151,East Carolina,Bovada,-7.5,-7,54.5,52.5,-290,240
401640991,2024,regular,4,2024-09-21 22:00:00+00:00,2335,Liberty,151,East Carolina,DraftKings,-7.5,,55,,-285,230
401640991,2024,regular,4,2024-09-21 22:00:00+00:00,2335,Liberty,151,East Carolina,ESPN Bet,-7.5,-7.5,54.5,52.5,-290,240
401640993,2024,regular,9,2024-10-23 23:00:00+00:00,338,Kennesaw State,2335,Liberty,Bovada,27,23.5,48,45.5,1000,-2500
401640993,2024,regular,9,2024-10-23 23:00:00+00:00,338,Kennesaw State,2335,Liberty,DraftKings,27,22.5,48,,1600,-4000
401640993,2024,regular,9,2024-10-23 23:00:00+00:00,338,Kennesaw State,2335,Liberty,ESPN Bet,27.5,23.5,47.5,45.5,1300,-4000
401640994,2024,regular,10,2024-10-30 23:00:00+00:00,2335,Liberty,55,Jacksonville State,Bovada,-2.5,-1.5,64.5,63.5,-120,100
401640994,2024,regular,10,2024-10-30 23:00:00+00:00,2335,Liberty,55,Jacksonville State,DraftKings,-2.5,1,64,,-135,114
401640994,2024,regular,10,2024-10-30 23:00:00+00:00,2335,Liberty,55,Jacksonville State,ESPN Bet,-2.5,-1,63.5,63.5,-135,115
401640995,2024,regular,11,2024-11-09 18:00:00+00:00,2393,Middle Tennessee,2335,Liberty,Bovada,13,10.5,55,54,320,-430
401640995,2024,regular,11,2024-11-09 18:00:00+00:00,2393,Middle Tennessee,2335,Liberty,DraftKings,12.5,10.5,55,,370,-485
401640995,2024,regular,11,2024-11-09 18:00:00+00:00,2393,Middle Tennessee,2335,Liberty,ESPN Bet,12.5,10.5,54.5,54.5,360,-500
401640996,2024,regular,13,2024-11-23 18:00:00+00:00,2335,Liberty,98,Western Kentucky,Bovada,-1,-1,55.5,57.5,-120,100
401640996,2024,regular,13,2024-11-23 18:00:00+00:00,2335,Liberty,98,Western Kentucky,DraftKings,-1,1,56.5,,-112,-108
401640996,2024,regular,13,2024-11-23 18:00:00+00:00,2335,Liberty,98,Western Kentucky,ESPN Bet,-1.5,1.5,55.5,56.5,-120,-105
401640997,2024,regular,14,2024-11-29 20:30:00+00:00,2534,Sam Houston,2335,Liberty,Bovada,2,2.5,47.5,47.5,115,-135
401640997,2024,regular,14,2024-11-29 20:30:00+00:00,2534,Sam Houston,2335,Liberty,DraftKings,2.5,1,48,,110,-130
401640997,2024,regular,14,2024-11-29 20:30:00+00:00,2534,Sam Houston,2335,Liberty,ESPN Bet,2.5,2.5,47.5,47.5,120,-140
401640998,2024,regular,1,2024-08-30 00:00:00+00:00,55,Jacksonville State,324,Coastal Carolina,Bovada,-3.5,-3.5,54.5,56.5,-170,145
401640998,2024,regular,1,2024-08-30 00:00:00+00:00,55,Jacksonville State,324,Coastal Carolina,DraftKings,-3.5,-3.5,56.5,57,-180,150
401640998,2024,regular,1,2024-08-30 00:00:00+00:00,55,Jacksonville State,324,Coastal Carolina,ESPN Bet,-3.5,,54.5,,,
401640999,2024,regular,3,2024-09-14 23:00:00+00:00,2199,Eastern Michigan,55,Jacksonville State,Bovada,2.5,-1.5,53.5,50,-130,110
401640999,2024,regular,3,2024-09-14 23:00:00+00:00,2199,Eastern Michigan,55,Jacksonville State,DraftKings,-2,-2,49.5,49,120,-142
401640999,2024,regular,3,2024-09-14 23:00:00+00:00,2199,Eastern Michigan,55,Jacksonville State,ESPN Bet,2.5,-1.5,53.5,48.5,105,-125
401641000,2024,regular,4,2024-09-21 19:00:00+00:00,55,Jacksonville State,2572,Southern Miss,Bovada,-6,,59.5,,-230,190
401641000,2024,regular,4,2024-09-21 19:00:00+00:00,55,Jacksonville State,2572,Southern Miss,DraftKings,-6,,59,,-238,195
401641000,2024,regular,4,2024-09-21 19:00:00+00:00,55,Jacksonville State,2572,Southern Miss,ESPN Bet,-6.5,-6.5,60.5,61.5,-225,190
401641001,2024,regular,6,2024-10-04 23:00:00+00:00,338,Kennesaw State,55,Jacksonville State,Bovada,17,14,49.5,48.5,475,-700
401641001,2024,regular,6,2024-10-04 23:00:00+00:00,338,Kennesaw State,55,Jacksonville State,DraftKings,17.5,15.5,49.5,,575,-850
401641001,2024,regular,6,2024-10-04 23:00:00+00:00,338,Kennesaw State,55,Jacksonville State,ESPN Bet,17.5,14.5,49.5,48.5,550,-800
401641002,2024,regular,7,2024-10-09 23:30:00+00:00,55,Jacksonville State,166,New Mexico State,Bovada,-21,-20.5,59,58.5,-1800,850
401641002,2024,regular,7,2024-10-09 23:30:00+00:00,55,Jacksonville State,166,New Mexico State,DraftKings,-21,-20.5,58.5,,-1600,900
401641002,2024,regular,7,2024-10-09 23:30:00+00:00,55,Jacksonville State,166,New Mexico State,ESPN Bet,-21.5,-21,58.5,57.5,-1800,1000
401641003,2024,regular,9,2024-10-23 23:30:00+00:00,55,Jacksonville State,2393,Middle Tennessee,Bovada,-20.5,-21,64.5,63.5,-1600,800
401641003,2024,regular,9,2024-10-23 23:30:00+00:00,55,Jacksonville State,2393,Middle Tennessee,DraftKings,-20.5,-21.5,64,,-1100,700
401641003,2024,regular,9,2024-10-23 23:30:00+00:00,55,Jacksonville State,2393,Middle Tennessee,ESPN Bet,-20.5,-21.5,64.5,63.5,-1400,750
401641004,2024,regular,11,2024-11-09 21:30:00+00:00,2348,Louisiana Tech,55,Jacksonville State,Bovada,10,10,55.5,56,305,-410
401641004,2024,regular,11,2024-11-09 21:30:00+00:00,2348,Louisiana Tech,55,Jacksonville State,DraftKings,10,10,56,,310,-395
401641004,2024,regular,11,2024-11-09 21:30:00+00:00,2348,Louisiana Tech,55,Jacksonville State,ESPN Bet,9.5,10.5,55.5,55.5,270,-340
401641005,2024,regular,13,2024-11-23 17:00:00+00:00,55,Jacksonville State,2534,Sam Houston,Bovada,-5,-5.5,57,56,-225,185
401641005,2024,regular,13,2024-11-23 17:00:00+00:00,55,Jacksonville State,2534,Sam Houston,DraftKings,-5.5,-6.5,57.5,,-198,164
401641005,2024,regular,13,2024-11-23 17:00:00+00:00,55,Jacksonville State,2534,Sam Houston,ESPN Bet,-5.5,-6,57.5,55.5,-210,175
401641006,2024,regular,14,2024-11-30 21:00:00+00:00,98,Western Kentucky,55,Jacksonville State,Bovada,1,-1.5,62.5,60.5,-120,100
401641006,2024,regular,14,2024-11-30 21:00:00+00:00,98,Western Kentucky,55,Jacksonville State,DraftKings,-1,-2.5,62.5,,-112,-108
401641006,2024,regular,14,2024-11-30 21:00:00+00:00,98,Western Kentucky,55,Jacksonville State,ESPN Bet,0.5,-1.5,62.5,60.5,-110,-110
401641008,2024,regular,4,2024-09-21 23:00:00+00:00,2348,Louisiana Tech,202,Tulsa,Bovada,-2.5,-2,56.5,57.5,-135,115
401641008,2024,regular,4,2024-09-21 23:00:00+00:00,2348,Louisiana Tech,202,Tulsa,DraftKings,-3,,56.5,,-135,114
401641008,2024,regular,4,2024-09-21 23:00:00+00:00,2348,Louisiana Tech,202,Tulsa,ESPN Bet,-1.5,-2.5,55.5,57.5,-135,115
401641009,2024,regular,7,2024-10-11 00:00:00+00:00,2348,Louisiana Tech,2393,Middle Tennessee,Bovada,-5,-4,47.5,48,-195,165
401641009,2024,regular,7,2024-10-11 00:00:00+00:00,2348,Louisiana Tech,2393,Middle Tennessee,DraftKings,-5,-3.5,48,,-218,180
401641009,2024,regular,7,2024-10-11 00:00:00+00:00,2348,Louisiana Tech,2393,Middle Tennessee,ESPN Bet,-4.5,-4.5,47.5,48.5,-195,165
401641010,2024,regular,8,2024-10-16 01:00:00+00:00,166,New Mexico State,2348,Louisiana Tech,Bovada,12.5,10.5,48.5,48,320,-430
401641010,2024,regular,8,2024-10-16 01:00:00+00:00,166,New Mexico State,2348,Louisiana Tech,DraftKings,12.5,11.5,49,,360,-470
401641010,2024,regular,8,2024-10-16 01:00:00+00:00,166,New Mexico State,2348,Louisiana Tech,ESPN Bet,12.5,10.5,48.5,48.5,360,-450
401641011,2024,regular,9,2024-10-23 00:00:00+00:00,2348,Louisiana Tech,2638,UTEP,Bovada,-6.5,-7.5,49,49.5,-280,230
401641011,2024,regular,9,2024-10-23 00:00:00+00:00,2348,Louisiana Tech,2638,UTEP,DraftKings,-6.5,-7.5,49,,-238,195
401641011,2024,regular,9,2024-10-23 00:00:00+00:00,2348,Louisiana Tech,2638,UTEP,ESPN Bet,-6.5,-7,48.5,50.5,-250,210
401641012,2024,regular,10,2024-10-30 00:00:00+00:00,2534,Sam Houston,2348,Louisiana Tech,Bovada,-10.5,-10.5,45.5,45.5,-430,320
401641012,2024,regular,10,2024-10-30 00:00:00+00:00,2534,Sam Houston,2348,Louisiana Tech,DraftKings,-10.5,-9.5,45.5,,-425,330
401641012,2024,regular,10,2024-10-30 00:00:00+00:00,2534,Sam Houston,2348,Louisiana Tech,ESPN Bet,-10.5,-10.5,45.5,45.5,-425,320
401641013,2024,regular,12,2024-11-16 17:00:00+00:00,98,Western Kentucky,2348,Louisiana Tech,Bovada,-12.5,-13,52.5,53,-550,390
401641013,2024,regular,12,2024-11-16 17:00:00+00:00,98,Western Kentucky,2348,Louisiana Tech,DraftKings,-11.5,-14.5,52.5,,-440,340
401641013,2024,regular,12,2024-11-16 17:00:00+00:00,98,Western Kentucky,2348,Louisiana Tech,ESPN Bet,-11.5,-13,52.5,52.5,-600,400
401641014,2024,regular,14,2024-11-30 21:00:00+00:00,2348,Louisiana Tech,338,Kennesaw State,Bovada,-10.5,-11,41,43,-490,355
401641014,2024,regular,14,2024-11-30 21:00:00+00:00,2348,Louisiana Tech,338,Kennesaw State,DraftKings,-10,-12.5,41.5,,-355,280
401641014,2024,regular,14,2024-11-30 21:00:00+00:00,2348,Louisiana Tech,338,Kennesaw State,ESPN Bet,-13.5,-12.5,41.5,43.5,-450,340
401641015,2024,regular,1,2024-08-31 19:30:00+00:00,2636,UTSA,338,Kennesaw State,Bovada,-24,-24.5,48.5,50,-3300,1100
401641015,2024,regular,1,2024-08-31 19:30:00+00:00,2636,UTSA,338,Kennesaw State,DraftKings,-24,-24,49.5,50,-3600,1500
401641016,2024,regular,2,2024-09-07 23:00:00+00:00,338,Kennesaw State,309,Louisiana,Bovada,14.5,15,46.5,46.5,430,-625
401641016,2024,regular,2,2024-09-07 23:00:00+00:00,338,Kennesaw State,309,Louisiana,DraftKings,14,16,47.5,46.5,455,-625
401641016,2024,regular,2,2024-09-07 23:00:00+00:00,338,Kennesaw State,309,Louisiana,ESPN Bet,14.5,15.5,46.5,47.5,475,-650
401641017,2024,regular,3,2024-09-14 23:00:00+00:00,23,San José State,338,Kennesaw State,Bovada,-17,-18,42,45,-1300,725
401641017,2024,regular,3,2024-09-14 23:00:00+00:00,23,San José State,338,Kennesaw State,DraftKings,-19,-20,44,44,-850,575
401641017,2024,regular,3,2024-09-14 23:00:00+00:00,23,San José State,338,Kennesaw State,ESPN Bet,-16.5,-20,41.5,43.5,-1200,750
401641018,2024,regular,5,2024-09-28 22:00:00+00:00,338,Kennesaw State,2630,UT Martin,DraftKings,2,,45.5,45.5,100,-120
401641018,2024,regular,5,2024-09-28 22:00:00+00:00,338,Kennesaw State,2630,UT Martin,ESPN Bet,1.5,-1.5,45.5,45.5,,
401641019,2024,regular,8,2024-10-16 00:00:00+00:00,2393,Middle Tennessee,338,Kennesaw State,Bovada,-8,-10,50,51,,
401641019,2024,regular,8,2024-10-16 00:00:00+00:00,2393,Middle Tennessee,338,Kennesaw State,DraftKings,-8.5,-10,50,,-325,260
401641019,2024,regular,8,2024-10-16 00:00:00+00:00,2393,Middle Tennessee,338,Kennesaw State,ESPN Bet,-10.5,-10,50.5,50.5,-340,270
401641020,2024,regular,10,2024-10-30 23:30:00+00:00,98,Western Kentucky,338,Kennesaw State,Bovada,-23.5,-24,49,50.5,-2800,1100
401641020,2024,regular,10,2024-10-30 23:30:00+00:00,98,Western Kentucky,338,Kennesaw State,DraftKings,-24,-24.5,49,,-2100,1100
401641020,2024,regular,10,2024-10-30 23:30:00+00:00,98,Western Kentucky,338,Kennesaw State,ESPN Bet,-23.5,-24,49.5,50.5,-3000,1200
401641021,2024,regular,11,2024-11-09 21:00:00+00:00,2638,UTEP,338,Kennesaw State,Bovada,-4.5,-3.5,42,42,-175,150
401641021,2024,regular,11,2024-11-09 21:00:00+00:00,2638,UTEP,338,Kennesaw State,DraftKings,-4.5,-3.5,42.5,,-185,154
401641021,2024,regular,11,2024-11-09 21:00:00+00:00,2638,UTEP,338,Kennesaw State,ESPN Bet,-4.5,-3.5,42.5,42.5,-200,170
401641022,2024,regular,12,2024-11-16 20:00:00+00:00,338,Kennesaw State,2534,Sam Houston,Bovada,21,14,43.5,42.5,430,-625
401641022,2024,regular,12,2024-11-16 20:00:00+00:00,338,Kennesaw State,2534,Sam Houston,DraftKings,21,13.5,42.5,,850,-1450
401641022,2024,regular,12,2024-11-16 20:00:00+00:00,338,Kennesaw State,2534,Sam Houston,ESPN Bet,20.5,13,43.5,42.5,700,-1200
401641024,2024,regular,3,2024-09-14 23:00:00+00:00,2393,Middle Tennessee,98,Western Kentucky,Bovada,7.5,7.5,54,54.5,230,-280
401641024,2024,regular,3,2024-09-14 23:00:00+00:00,2393,Middle Tennessee,98,Western Kentucky,DraftKings,7.5,7.5,54,54,230,-285
401641024,2024,regular,3,2024-09-14 23:00:00+00:00,2393,Middle Tennessee,98,Western Kentucky,ESPN Bet,10.5,7.5,53.5,54.5,225,-275
401641025,2024,regular,5,2024-09-28 23:30:00+00:00,235,Memphis,2393,Middle Tennessee,Bovada,-27,-26,61.5,61.5,-4000,1200
401641025,2024,regular,5,2024-09-28 23:30:00+00:00,235,Memphis,2393,Middle Tennessee,DraftKings,-27,-23,62,,-4000,1600
401641025,2024,regular,5,2024-09-28 23:30:00+00:00,235,Memphis,2393,Middle Tennessee,ESPN Bet,-27.5,-24.5,60.5,61.5,-3500,1500
401641026,2024,regular,10,2024-11-02 19:30:00+00:00,2638,UTEP,2393,Middle Tennessee,Bovada,-2,-3,48.5,51.5,-150,130
401641026,2024,regular,10,2024-11-02 19:30:00+00:00,2638,UTEP,2393,Middle Tennessee,DraftKings,-2,-2.5,48,,-122,102
401641026,2024,regular,10,2024-11-02 19:30:00+00:00,2638,UTEP,2393,Middle Tennessee,ESPN Bet,-1.5,-3,48.5,51.5,-125,105
401641027,2024,regular,13,2024-11-23 19:30:00+00:00,2393,Middle Tennessee,166,New Mexico State,Bovada,-3,-4,53,51.5,-170,145
401641027,2024,regular,13,2024-11-23 19:30:00+00:00,2393,Middle Tennessee,166,New Mexico State,DraftKings,-3.5,-4.5,54,,-162,136
401641027,2024,regular,13,2024-11-23 19:30:00+00:00,2393,Middle Tennessee,166,New Mexico State,ESPN Bet,-3.5,-3.5,53.5,50.5,-165,140
401641028,2024,regular,4,2024-09-21 21:00:00+00:00,36,Colorado State,2638,UTEP,Bovada,-8.5,-10,49,50.5,-330,265
401641028,2024,regular,4,2024-09-21 21:00:00+00:00,36,Colorado State,2638,UTEP,DraftKings,-8.5,,49,,-305,245
401641028,2024,regular,4,2024-09-21 21:00:00+00:00,36,Colorado State,2638,UTEP,ESPN Bet,-8.5,-10,48.5,50.5,-320,260
401641029,2024,regular,6,2024-10-04 01:00:00+00:00,2638,UTEP,2534,Sam Houston,Bovada,10,10.5,49.5,50,320,-430
401641029,2024,regular,6,2024-10-04 01:00:00+00:00,2638,UTEP,2534,Sam Houston,DraftKings,10,10.5,49.5,,280,-355
401641029,2024,regular,6,2024-10-04 01:00:00+00:00,2638,UTEP,2534,Sam Houston,ESPN Bet,9.5,10.5,49.5,49.5,290,-360
401641030,2024,regular,7,2024-10-11 00:00:00+00:00,98,Western Kentucky,2638,UTEP,Bovada,-19.5,-19.5,56,55.5,-1300,725
401641030,2024,regular,7,2024-10-11 00:00:00+00:00,98,Western Kentucky,2638,UTEP,DraftKings,-19,-18.5,55.5,,-1200,750
401641030,2024,regular,7,2024-10-11 00:00:00+00:00,98,Western Kentucky,2638,UTEP,ESPN Bet,-18.5,-20,54.5,55.5,-1400,800
401641031,2024,regular,14,2024-11-30 21:00:00+00:00,166,New Mexico State,2638,UTEP,Bovada,-3,-2.5,51.5,51.5,-140,120
401641031,2024,regular,14,2024-11-30 21:00:00+00:00,166,New Mexico State,2638,UTEP,DraftKings,-3.5,-2.5,51.5,,-162,136
401641031,2024,regular,14,2024-11-30 21:00:00+00:00,166,New Mexico State,2638,UTEP,ESPN Bet,-3.5,-2.5,51.5,51.5,-170,145
401641032,2024,regular,1,2024-09-01 01:00:00+00:00,166,New Mexico State,2546,Southeast Missouri State,ESPN Bet,-9.5,,52.5,,,
401641033,2024,regular,3,2024-09-15 02:30:00+00:00,278,Fresno State,166,New Mexico State,Bovada,-20,-19.5,48,47.5,-1400,750
401641033,2024,regular,3,2024-09-15 02:30:00+00:00,278,Fresno State,166,New Mexico State,DraftKings,-20,-19.5,48.5,48.5,-1600,900
401641033,2024,regular,3,2024-09-15 02:30:00+00:00,278,Fresno State,166,New Mexico State,ESPN Bet,-19.5,-20,48.5,48.5,-1600,900
401641034,2024,regular,4,2024-09-21 23:00:00+00:00,2534,Sam Houston,166,New Mexico State,Bovada,-15.5,,44.5,,-750,500
401641034,2024,regular,4,2024-09-21 23:00:00+00:00,2534,Sam Houston,166,New Mexico State,DraftKings,-15,,44.5,,-700,500
401641034,2024,regular,4,2024-09-21 23:00:00+00:00,2534,Sam Houston,166,New Mexico State,ESPN Bet,-14.5,-14,43.5,43.5,-700,500
401641035,2024,regular,5,2024-09-29 00:00:00+00:00,166,New Mexico State,167,New Mexico,Bovada,9.5,9.5,54.5,56.5,275,-350
401641035,2024,regular,5,2024-09-29 00:00:00+00:00,166,New Mexico State,167,New Mexico,DraftKings,9.5,3,54,,280,-355
401641035,2024,regular,5,2024-09-29 00:00:00+00:00,166,New Mexico State,167,New Mexico,ESPN Bet,8.5,7,53.5,58.5,260,-320
401641036,2024,regular,11,2024-11-09 23:00:00+00:00,166,New Mexico State,98,Western Kentucky,Bovada,18,17.5,53.5,51.5,600,-950
401641036,2024,regular,11,2024-11-09 23:00:00+00:00,166,New Mexico State,98,Western Kentucky,DraftKings,18,19.5,53.5,,650,-1000
401641036,2024,regular,11,2024-11-09 23:00:00+00:00,166,New Mexico State,98,Western Kentucky,ESPN Bet,18,18,53.5,51.5,550,-900
401641037,2024,regular,4,2024-09-21 23:00:00+00:00,98,Western Kentucky,2649,Toledo,Bovada,2.5,1,61,59,110,-130
401641037,2024,regular,4,2024-09-21 23:00:00+00:00,98,Western Kentucky,2649,Toledo,DraftKings,2,,60.5,,102,-122
401641037,2024,regular,4,2024-09-21 23:00:00+00:00,98,Western Kentucky,2649,Toledo,ESPN Bet,2.5,-1,60.5,58.5,115,-135
401641038,2024,regular,8,2024-10-16 23:00:00+00:00,2534,Sam Houston,98,Western Kentucky,Bovada,-1,-2.5,54.5,55.5,-140,120
401641038,2024,regular,8,2024-10-16 23:00:00+00:00,2534,Sam Houston,98,Western Kentucky,DraftKings,-1.5,1,55,,-118,-102
401641038,2024,regular,8,2024-10-16 23:00:00+00:00,2534,Sam Houston,98,Western Kentucky,ESPN Bet,-1.5,-3,55.5,55.5,-120,105
401641039,2024,regular,1,2024-08-31 23:00:00+00:00,242,Rice,2534,Sam Houston,Bovada,-9.5,-10.5,49,49.5,-390,295
401641039,2024,regular,1,2024-08-31 23:00:00+00:00,242,Rice,2534,Sam Houston,DraftKings,-10.5,-11.5,49,48.5,-345,275
401641039,2024,regular,1,2024-08-31 23:00:00+00:00,242,Rice,2534,Sam Houston,ESPN Bet,-9.5,,48.5,,,
401641040,2024,regular,3,2024-09-14 23:00:00+00:00,2534,Sam Houston,62,Hawai'i,Bovada,-4,-4,48.5,50,-195,165
401641040,2024,regular,3,2024-09-14 23:00:00+00:00,2534,Sam Houston,62,Hawai'i,DraftKings,-4.5,-4.5,50.5,50.5,-170,142
401641040,2024,regular,3,2024-09-14 23:00:00+00:00,2534,Sam Houston,62,Hawai'i,ESPN Bet,-3.5,-3,48.5,52.5,-170,145
401641041,2024,regular,5,2024-09-28 19:00:00+00:00,2534,Sam Houston,326,Texas State,Bovada,11,8,55.5,55.5,260,-320
401641041,2024,regular,5,2024-09-28 19:00:00+00:00,2534,Sam Houston,326,Texas State,DraftKings,11,7.5,55,,320,-410
401641041,2024,regular,5,2024-09-28 19:00:00+00:00,2534,Sam Houston,326,Texas State,ESPN Bet,10.5,8.5,54.5,55.5,340,-425
401643696,2024,regular,1,2024-08-25 00:00:00+00:00,2440,Nevada,2567,SMU,Bovada,28,25.5,55.5,57.5,1100,-3500
401643696,2024,regular,1,2024-08-25 00:00:00+00:00,2440,Nevada,2567,SMU,DraftKings,27,25,56.5,57,1500,-3600
401643696,2024,regular,1,2024-08-25 00:00:00+00:00,2440,Nevada,2567,SMU,ESPN Bet,27.5,,55.5,,,
401643697,2024,regular,1,2024-08-24 20:00:00+00:00,167,New Mexico,147,Montana State,Bovada,10.5,10,53.5,53,280,-360
401643697,2024,regular,1,2024-08-24 20:00:00+00:00,167,New Mexico,147,Montana State,DraftKings,10.5,9,54,53.5,360,-470
401643697,2024,regular,1,2024-08-24 20:00:00+00:00,167,New Mexico,147,Montana State,ESPN Bet,13.5,,54.5,,,
401643698,2024,regular,1,2024-08-30 02:00:00+00:00,23,San José State,16,Sacramento State,ESPN Bet,-2.5,,62.5,,,
401643699,2024,regular,1,2024-08-31 19:30:00+00:00,2005,Air Force,2771,Merrimack,ESPN Bet,-30.5,,47.5,,,
401643700,2024,regular,1,2024-08-31 20:00:00+00:00,290,Georgia Southern,68,Boise State,Bovada,13,12,57.5,57,320,-430
401643700,2024,regular,1,2024-08-31 20:00:00+00:00,290,Georgia Southern,68,Boise State,DraftKings,12,11.5,57,57,390,-520
401643700,2024,regular,1,2024-08-31 20:00:00+00:00,290,Georgia Southern,68,Boise State,ESPN Bet,12.5,,57.5,,,
401643701,2024,regular,1,2024-08-31 23:00:00+00:00,2653,Troy,2440,Nevada,Bovada,-7.5,-15,44.5,45.5,-550,390
401643701,2024,regular,1,2024-08-31 23:00:00+00:00,2653,Troy,2440,Nevada,DraftKings,-15.5,-16,47,46.5,-278,225
401643701,2024,regular,1,2024-08-31 23:00:00+00:00,2653,Troy,2440,Nevada,ESPN Bet,-7.5,,44.5,,,
401643704,2024,regular,1,2024-08-31 22:30:00+00:00,204,Oregon State,304,Idaho State,ESPN Bet,-29.5,,57.5,,,
401643705,2024,regular,2,2024-09-07 23:00:00+00:00,2005,Air Force,23,San José State,Bovada,-3,-6,44.5,46.5,-195,165
401643705,2024,regular,2,2024-09-07 23:00:00+00:00,2005,Air Force,23,San José State,DraftKings,-5,-6,44.5,46.5,-135,114
401643705,2024,regular,2,2024-09-07 23:00:00+00:00,2005,Air Force,23,San José State,ESPN Bet,-1.5,-6.5,43.5,45.5,-135,115
401643706,2024,regular,2,2024-09-07 23:00:00+00:00,36,Colorado State,2458,Northern Colorado,ESPN Bet,-31,-28.5,52.5,53.5,-7500,2500
401643707,2024,regular,2,2024-09-08 02:00:00+00:00,278,Fresno State,16,Sacramento State,ESPN Bet,-18.5,-15.5,55.5,56.5,-1200,750
401643708,2024,regular,2,2024-09-07 23:00:00+00:00,2440,Nevada,290,Georgia Southern,Bovada,1,3,56,55,-115,-105
401643708,2024,regular,2,2024-09-07 23:00:00+00:00,2440,Nevada,290,Georgia Southern,DraftKings,-1,3,58.5,55,100,-120
401643708,2024,regular,2,2024-09-07 23:00:00+00:00,2440,Nevada,290,Georgia Southern,ESPN Bet,-1.5,1,56.5,57.5,-110,-110
401643709,2024,regular,2,2024-09-08 02:30:00+00:00,21,San Diego State,204,Oregon State,Bovada,5.5,3.5,53.5,56,180,-220
401643709,2024,regular,2,2024-09-08 02:30:00+00:00,21,San Diego State,204,Oregon State,DraftKings,6,5.5,54,56,164,-198
401643709,2024,regular,2,2024-09-08 02:30:00+00:00,21,San Diego State,204,Oregon State,ESPN Bet,5.5,6,54.5,54.5,175,-210
401643710,2024,regular,2,2024-09-07 19:30:00+00:00,2751,Wyoming,70,Idaho,ESPN Bet,-6.5,-7.5,39.5,41.5,-300,250
401643711,2024,regular,4,2024-09-22 00:30:00+00:00,167,New Mexico,278,Fresno State,Bovada,13.5,15,60,61.5,425,-600
401643711,2024,regular,4,2024-09-22 00:30:00+00:00,167,New Mexico,278,Fresno State,DraftKings,12,,61,,370,-485
401643711,2024,regular,4,2024-09-22 00:30:00+00:00,167,New Mexico,278,Fresno State,ESPN Bet,11.5,15.5,62.5,61.5,380,-500
401643712,2024,regular,4,2024-09-22 03:59:00+00:00,62,Hawai'i,2460,Northern Iowa,DraftKings,-10,-8.5,46,,-380,300
401643712,2024,regular,4,2024-09-22 03:59:00+00:00,62,Hawai'i,2460,Northern Iowa,ESPN Bet,-10.5,-7.5,46.5,48.5,-380,300
401643713,2024,regular,4,2024-09-21 19:00:00+00:00,2440,Nevada,331,Eastern Washington,DraftKings,-13.5,-9.5,55.5,,-520,390
401643713,2024,regular,4,2024-09-21 19:00:00+00:00,2440,Nevada,331,Eastern Washington,ESPN Bet,-13.5,-9,54.5,55.5,-525,400
401643714,2024,regular,4,2024-09-21 02:00:00+00:00,265,Washington State,23,San José State,Bovada,-13,-14.5,55.5,55.5,-550,390
401643714,2024,regular,4,2024-09-21 02:00:00+00:00,265,Washington State,23,San José State,DraftKings,-13,,55.5,,-535,400
401643714,2024,regular,4,2024-09-21 02:00:00+00:00,265,Washington State,23,San José State,ESPN Bet,-13,-14,55.5,55.5,-525,400
401643715,2024,regular,4,2024-09-21 18:00:00+00:00,218,Temple,328,Utah State,Bovada,6.5,6,53.5,52,205,-245
401643715,2024,regular,4,2024-09-21 18:00:00+00:00,218,Temple,328,Utah State,DraftKings,6.5,,53.5,,195,-238
401643715,2024,regular,4,2024-09-21 18:00:00+00:00,218,Temple,328,Utah State,ESPN Bet,6.5,6.5,53.5,52.5,210,-250
401643716,2024,regular,4,2024-09-21 23:00:00+00:00,249,North Texas,2751,Wyoming,Bovada,-6.5,-9,55,55.5,-270,220
401643716,2024,regular,4,2024-09-21 23:00:00+00:00,249,North Texas,2751,Wyoming,DraftKings,-7,,55,,-250,205
401643716,2024,regular,4,2024-09-21 23:00:00+00:00,249,North Texas,2751,Wyoming,ESPN Bet,-7.5,-9.5,55.5,56.5,-250,210
401643717,2024,regular,4,2024-09-22 00:30:00+00:00,204,Oregon State,2509,Purdue,Bovada,-2.5,-6,50.5,50.5,-130,110
401643717,2024,regular,4,2024-09-22 00:30:00+00:00,204,Oregon State,2509,Purdue,DraftKings,-1.5,,51,,-118,-102
401643717,2024,regular,4,2024-09-22 00:30:00+00:00,204,Oregon State,2509,Purdue,ESPN Bet,-1.5,-5.5,49.5,50.5,-125,105
401643718,2024,regular,5,2024-09-29 00:00:00+00:00,2751,Wyoming,2005,Air Force,Bovada,4,3.5,33,34.5,160,-185
401643718,2024,regular,5,2024-09-29 00:00:00+00:00,2751,Wyoming,2005,Air Force,DraftKings,4,1.5,33.5,,145,-175
401643718,2024,regular,5,2024-09-29 00:00:00+00:00,2751,Wyoming,2005,Air Force,ESPN Bet,4.5,2.5,33.5,36.5,150,-175
401643719,2024,regular,5,2024-09-29 02:00:00+00:00,68,Boise State,265,Washington State,Bovada,-6.5,-7,66,65.5,-285,235
401643719,2024,regular,5,2024-09-29 02:00:00+00:00,68,Boise State,265,Washington State,DraftKings,-6.5,-6,66,,-238,195
401643719,2024,regular,5,2024-09-29 02:00:00+00:00,68,Boise State,265,Washington State,ESPN Bet,-6.5,-7,65.5,64.5,-230,195
401643720,2024,regular,5,2024-09-28 19:30:00+00:00,2439,UNLV,278,Fresno State,Bovada,-2.5,-4,50.5,50.5,-135,115
401643720,2024,regular,5,2024-09-28 19:30:00+00:00,2439,UNLV,278,Fresno State,DraftKings,-2.5,-3,51,,-135,114
401643720,2024,regular,5,2024-09-28 19:30:00+00:00,2439,UNLV,278,Fresno State,ESPN Bet,-2.5,-3.5,49.5,51.5,-140,120
401643721,2024,regular,5,2024-09-28 19:30:00+00:00,2117,Central Michigan,21,San Diego State,Bovada,-2.5,-2.5,47,53,-135,115
401643721,2024,regular,5,2024-09-28 19:30:00+00:00,2117,Central Michigan,21,San Diego State,DraftKings,-2.5,-1,47.5,,-130,110
401643721,2024,regular,5,2024-09-28 19:30:00+00:00,2117,Central Michigan,21,San Diego State,ESPN Bet,-2.5,,48.5,54.5,-130,110
401643722,2024,regular,6,2024-10-05 16:00:00+00:00,2005,Air Force,2426,Navy,Bovada,10,8.5,37,36,275,-350
401643722,2024,regular,6,2024-10-05 16:00:00+00:00,2005,Air Force,2426,Navy,DraftKings,10,7,37,,320,-410
401643722,2024,regular,6,2024-10-05 16:00:00+00:00,2005,Air Force,2426,Navy,ESPN Bet,9.5,8.5,37.5,36.5,300,-380
401643723,2024,regular,6,2024-10-05 23:00:00+00:00,68,Boise State,328,Utah State,Bovada,-28,-26.5,66.5,65.5,-5000,1200
401643723,2024,regular,6,2024-10-05 23:00:00+00:00,68,Boise State,328,Utah State,DraftKings,-28,-25,66.5,,-6500,2000
401643723,2024,regular,6,2024-10-05 23:00:00+00:00,68,Boise State,328,Utah State,ESPN Bet,-27.5,-26,66.5,65.5,-3500,1500
401643724,2024,regular,6,2024-10-05 22:30:00+00:00,204,Oregon State,36,Colorado State,Bovada,-10.5,-14,47,47.5,-585,410
401643724,2024,regular,6,2024-10-05 22:30:00+00:00,204,Oregon State,36,Colorado State,DraftKings,-10,-14,47,,-380,300
401643724,2024,regular,6,2024-10-05 22:30:00+00:00,204,Oregon State,36,Colorado State,ESPN Bet,-10.5,-14,47.5,47.5,-425,340
401643725,2024,regular,6,2024-10-06 00:00:00+00:00,21,San Diego State,62,Hawai'i,Bovada,-1.5,-3,47.5,47,-130,110
401643725,2024,regular,6,2024-10-06 00:00:00+00:00,21,San Diego State,62,Hawai'i,DraftKings,-1.5,-4,47.5,,-115,-105
401643725,2024,regular,6,2024-10-06 00:00:00+00:00,21,San Diego State,62,Hawai'i,ESPN Bet,-1.5,-3,48.5,47.5,-125,105
401643726,2024,regular,6,2024-10-05 23:30:00+00:00,23,San José State,2440,Nevada,Bovada,-7,-7,51,48,-280,230
401643726,2024,regular,6,2024-10-05 23:30:00+00:00,23,San José State,2440,Nevada,DraftKings,-7,-10,51.5,,-285,230
401643726,2024,regular,6,2024-10-05 23:30:00+00:00,23,San José State,2440,Nevada,ESPN Bet,-7.5,-7,51.5,48.5,-250,210
401643727,2024,regular,7,2024-10-12 23:00:00+00:00,167,New Mexico,2005,Air Force,Bovada,-7,-6.5,56,54.5,-200,170
401643727,2024,regular,7,2024-10-12 23:00:00+00:00,167,New Mexico,2005,Air Force,DraftKings,-7,-3.5,56,,-265,215
401643727,2024,regular,7,2024-10-12 23:00:00+00:00,167,New Mexico,2005,Air Force,ESPN Bet,-6.5,-4.5,54.5,54.5,-270,220
401643728,2024,regular,7,2024-10-13 03:00:00+00:00,62,Hawai'i,68,Boise State,Bovada,21,21,60,60.5,800,-1600
401643728,2024,regular,7,2024-10-13 03:00:00+00:00,62,Hawai'i,68,Boise State,DraftKings,21,21,60,,950,-1650
401643728,2024,regular,7,2024-10-13 03:00:00+00:00,62,Hawai'i,68,Boise State,ESPN Bet,20.5,21,60.5,61.5,900,-1600
401643729,2024,regular,7,2024-10-12 19:30:00+00:00,36,Colorado State,23,San José State,Bovada,-2.5,2,55.5,55,105,-125
401643729,2024,regular,7,2024-10-12 19:30:00+00:00,36,Colorado State,23,San José State,DraftKings,-2.5,1,55.5,,-130,110
401643729,2024,regular,7,2024-10-12 19:30:00+00:00,36,Colorado State,23,San José State,ESPN Bet,-2.5,2,54.5,55.5,-130,110
401643730,2024,regular,7,2024-10-12 23:00:00+00:00,278,Fresno State,265,Washington State,Bovada,3.5,3.5,60,61.5,155,-180
401643730,2024,regular,7,2024-10-12 23:00:00+00:00,278,Fresno State,265,Washington State,DraftKings,3.5,2.5,60.5,,140,-166
401643730,2024,regular,7,2024-10-12 23:00:00+00:00,278,Fresno State,265,Washington State,ESPN Bet,3.5,3.5,60.5,61.5,140,-165
401643731,2024,regular,7,2024-10-12 23:30:00+00:00,2440,Nevada,204,Oregon State,Bovada,3,3.5,47,48.5,160,-185
401643731,2024,regular,7,2024-10-12 23:30:00+00:00,2440,Nevada,204,Oregon State,DraftKings,3,8.5,47,,120,-142
401643731,2024,regular,7,2024-10-12 23:30:00+00:00,2440,Nevada,204,Oregon State,ESPN Bet,2.5,4.5,45.5,48.5,130,-150
401643732,2024,regular,7,2024-10-12 19:30:00+00:00,2751,Wyoming,21,San Diego State,Bovada,-2,1,43,42.5,-105,-115
401643732,2024,regular,7,2024-10-12 19:30:00+00:00,2751,Wyoming,21,San Diego State,DraftKings,-1.5,-1,43,,-122,102
401643732,2024,regular,7,2024-10-12 19:30:00+00:00,2751,Wyoming,21,San Diego State,ESPN Bet,-1.5,1,41.5,42.5,-120,-105
401643733,2024,regular,7,2024-10-12 01:00:00+00:00,328,Utah State,2439,UNLV,Bovada,18.5,19,67,64.5,700,-1200
401643733,2024,regular,7,2024-10-12 01:00:00+00:00,328,Utah State,2439,UNLV,DraftKings,19,18.5,67.5,,700,-1100
401643733,2024,regular,7,2024-10-12 01:00:00+00:00,328,Utah State,2439,UNLV,ESPN Bet,18.5,20,66.5,64.5,700,-1000
401643734,2024,regular,8,2024-10-20 00:00:00+00:00,2005,Air Force,36,Colorado State,Bovada,6,7.5,44,47,240,-290
401643734,2024,regular,8,2024-10-20 00:00:00+00:00,2005,Air Force,36,Colorado State,DraftKings,6,8,43.5,,195,-238
401643734,2024,regular,8,2024-10-20 00:00:00+00:00,2005,Air Force,36,Colorado State,ESPN Bet,5.5,7.5,44.5,46.5,190,-225
401643735,2024,regular,8,2024-10-19 02:30:00+00:00,2440,Nevada,278,Fresno State,Bovada,3,3,50,51,125,-145
401643735,2024,regular,8,2024-10-19 02:30:00+00:00,2440,Nevada,278,Fresno State,DraftKings,3,4,50,,120,-142
401643735,2024,regular,8,2024-10-19 02:30:00+00:00,2440,Nevada,278,Fresno State,ESPN Bet,2.5,3,49.5,51.5,125,-145
401643736,2024,regular,8,2024-10-19 19:30:00+00:00,265,Washington State,62,Hawai'i,Bovada,-19,-19.5,55.5,55.5,-1300,725
401643736,2024,regular,8,2024-10-19 19:30:00+00:00,265,Washington State,62,Hawai'i,DraftKings,-18.5,-19.5,55.5,,-1100,700
401643736,2024,regular,8,2024-10-19 19:30:00+00:00,265,Washington State,62,Hawai'i,ESPN Bet,-18.5,-19.5,54.5,55.5,-1200,750
401643737,2024,regular,8,2024-10-19 20:00:00+00:00,328,Utah State,167,New Mexico,Bovada,1,2.5,78.5,78,,-125
401643737,2024,regular,8,2024-10-19 20:00:00+00:00,328,Utah State,167,New Mexico,DraftKings,1,2.5,78.5,,-108,-112
401643737,2024,regular,8,2024-10-19 20:00:00+00:00,328,Utah State,167,New Mexico,ESPN Bet,0.5,2.5,77.5,78.5,-110,-110
401643738,2024,regular,8,2024-10-19 20:00:00+00:00,23,San José State,2751,Wyoming,Bovada,-13,-11,53.5,50,-450,335
401643738,2024,regular,8,2024-10-19 20:00:00+00:00,23,San José State,2751,Wyoming,DraftKings,-13,-11,53,,-455,350
401643738,2024,regular,8,2024-10-19 20:00:00+00:00,23,San José State,2751,Wyoming,ESPN Bet,-11.5,-11.5,52.5,49.5,-425,340
401643739,2024,regular,8,2024-10-20 02:00:00+00:00,204,Oregon State,2439,UNLV,Bovada,6.5,6.5,61.5,61,,-235
401643739,2024,regular,8,2024-10-20 02:00:00+00:00,204,Oregon State,2439,UNLV,DraftKings,6.5,4,61,,195,-238
401643739,2024,regular,8,2024-10-20 02:00:00+00:00,204,Oregon State,2439,UNLV,ESPN Bet,6.5,6,61.5,60.5,190,-225
401643740,2024,regular,9,2024-10-26 02:30:00+00:00,2439,UNLV,68,Boise State,Bovada,4,3,64,65.5,125,-145
401643740,2024,regular,9,2024-10-26 02:30:00+00:00,2439,UNLV,68,Boise State,DraftKings,4,2.5,64,,164,-198
401643740,2024,regular,9,2024-10-26 02:30:00+00:00,2439,UNLV,68,Boise State,ESPN Bet,3.5,2.5,62.5,65.5,175,-210
401643741,2024,regular,9,2024-10-26 21:00:00+00:00,36,Colorado State,167,New Mexico,Bovada,-3.5,-6,62,65,-230,190
401643741,2024,regular,9,2024-10-26 21:00:00+00:00,36,Colorado State,167,New Mexico,DraftKings,-4,-7,61.5,,-185,154
401643741,2024,regular,9,2024-10-26 21:00:00+00:00,36,Colorado State,167,New Mexico,ESPN Bet,-3.5,-6,61.5,65.5,-170,145
401643742,2024,regular,9,2024-10-27 00:00:00+00:00,278,Fresno State,23,San José State,Bovada,-6.5,-6,55,54.5,-200,170
401643742,2024,regular,9,2024-10-27 00:00:00+00:00,278,Fresno State,23,San José State,DraftKings,-6.5,-7,55,,-225,185
401643742,2024,regular,9,2024-10-27 00:00:00+00:00,278,Fresno State,23,San José State,ESPN Bet,-6.5,-6.5,55.5,54.5,-225,190
401643743,2024,regular,9,2024-10-27 03:59:00+00:00,62,Hawai'i,2440,Nevada,Bovada,-2.5,2.5,42,47.5,110,-130
401643743,2024,regular,9,2024-10-27 03:59:00+00:00,62,Hawai'i,2440,Nevada,DraftKings,-2.5,2.5,42,,-130,110
401643743,2024,regular,9,2024-10-27 03:59:00+00:00,62,Hawai'i,2440,Nevada,ESPN Bet,-1.5,2.5,41.5,47.5,-135,115
401643744,2024,regular,9,2024-10-27 02:30:00+00:00,21,San Diego State,265,Washington State,Bovada,17,14.5,56.5,57,430,-625
401643744,2024,regular,9,2024-10-27 02:30:00+00:00,21,San Diego State,265,Washington State,DraftKings,17,14.5,57,,525,-750
401643744,2024,regular,9,2024-10-27 02:30:00+00:00,21,San Diego State,265,Washington State,ESPN Bet,17.5,14.5,56.5,55.5,550,-900
401643745,2024,regular,9,2024-10-26 23:00:00+00:00,2751,Wyoming,328,Utah State,Bovada,2.5,-2.5,57,57,-130,110
401643745,2024,regular,9,2024-10-26 23:00:00+00:00,2751,Wyoming,328,Utah State,DraftKings,2,-3,56.5,,105,-125
401643745,2024,regular,9,2024-10-26 23:00:00+00:00,2751,Wyoming,328,Utah State,ESPN Bet,1.5,-2,56.5,55.5,110,-130
401643746,2024,regular,10,2024-11-02 16:00:00+00:00,349,Army,2005,Air Force,Bovada,-18,-24,38,41.5,-1200,700
401643746,2024,regular,10,2024-11-02 16:00:00+00:00,349,Army,2005,Air Force,DraftKings,-18,-23,38.5,,-1100,700
401643746,2024,regular,10,2024-11-02 16:00:00+00:00,349,Army,2005,Air Force,ESPN Bet,-18.5,-23.5,38.5,40.5,-1200,700
401643747,2024,regular,10,2024-11-02 00:00:00+00:00,68,Boise State,21,San Diego State,Bovada,-24.5,-24,55.5,57,-2800,1100
401643747,2024,regular,10,2024-11-02 00:00:00+00:00,68,Boise State,21,San Diego State,DraftKings,-24.5,-22.5,55.5,,-3200,1400
401643747,2024,regular,10,2024-11-02 00:00:00+00:00,68,Boise State,21,San Diego State,ESPN Bet,-24.5,-23.5,57.5,57.5,-3000,1200
401643748,2024,regular,10,2024-11-03 00:00:00+00:00,2440,Nevada,36,Colorado State,Bovada,2,1,45,45,-105,-115
401643748,2024,regular,10,2024-11-03 00:00:00+00:00,2440,Nevada,36,Colorado State,DraftKings,2,1,45.5,,110,-130
401643748,2024,regular,10,2024-11-03 00:00:00+00:00,2440,Nevada,36,Colorado State,ESPN Bet,2.5,1,45.5,44.5,110,-120
401643749,2024,regular,10,2024-11-02 23:00:00+00:00,278,Fresno State,62,Hawai'i,Bovada,-12.5,-13,46,48.5,-550,390
401643749,2024,regular,10,2024-11-02 23:00:00+00:00,278,Fresno State,62,Hawai'i,DraftKings,-12,-13,45.5,,-455,350
401643749,2024,regular,10,2024-11-02 23:00:00+00:00,278,Fresno State,62,Hawai'i,ESPN Bet,-12.5,-13,44.5,48.5,-550,380
401643750,2024,regular,10,2024-11-02 20:00:00+00:00,167,New Mexico,2751,Wyoming,Bovada,-8,-7,60.5,59.5,-270,220
401643750,2024,regular,10,2024-11-02 20:00:00+00:00,167,New Mexico,2751,Wyoming,DraftKings,-7.5,-6.5,60.5,,-285,230
401643750,2024,regular,10,2024-11-02 20:00:00+00:00,167,New Mexico,2751,Wyoming,ESPN Bet,-7.5,-7,60.5,60.5,-290,240
401643751,2024,regular,11,2024-11-10 02:45:00+00:00,2005,Air Force,278,Fresno State,Bovada,9.5,10.5,40.5,41,320,-430
401643751,2024,regular,11,2024-11-10 02:45:00+00:00,2005,Air Force,278,Fresno State,DraftKings,10,11,40.5,,285,-360
401643751,2024,regular,11,2024-11-10 02:45:00+00:00,2005,Air Force,278,Fresno State,ESPN Bet,9.5,10.5,40.5,41.5,260,-320
401643752,2024,regular,11,2024-11-10 01:00:00+00:00,68,Boise State,2440,Nevada,Bovada,-23.5,-24.5,61.5,61,-3300,1100
401643752,2024,regular,11,2024-11-10 01:00:00+00:00,68,Boise State,2440,Nevada,DraftKings,-23.5,-24.5,61.5,,-2400,1200
401643752,2024,regular,11,2024-11-10 01:00:00+00:00,68,Boise State,2440,Nevada,ESPN Bet,-23.5,-25,60.5,60.5,-4000,1300
401643753,2024,regular,11,2024-11-10 02:00:00+00:00,62,Hawai'i,2439,UNLV,Bovada,12,13.5,51.5,50.5,390,-550
401643753,2024,regular,11,2024-11-10 02:00:00+00:00,62,Hawai'i,2439,UNLV,DraftKings,13.5,13,50.5,,380,-500
401643753,2024,regular,11,2024-11-10 02:00:00+00:00,62,Hawai'i,2439,UNLV,ESPN Bet,12.5,13.5,50.5,50.5,340,-450
401643754,2024,regular,11,2024-11-09 03:30:00+00:00,21,San Diego State,167,New Mexico,Bovada,-1,-3,65,68,-150,130
401643754,2024,regular,11,2024-11-09 03:30:00+00:00,21,San Diego State,167,New Mexico,DraftKings,-1.5,-3,65,,-120,100
401643754,2024,regular,11,2024-11-09 03:30:00+00:00,21,San Diego State,167,New Mexico,ESPN Bet,-1.5,-3,65.5,67.5,-120,105
401643755,2024,regular,11,2024-11-09 20:30:00+00:00,204,Oregon State,23,San José State,Bovada,-3,-3.5,58.5,55.5,-170,145
401643755,2024,regular,11,2024-11-09 20:30:00+00:00,204,Oregon State,23,San José State,DraftKings,-3,-4,58.5,,-148,124
401643755,2024,regular,11,2024-11-09 20:30:00+00:00,204,Oregon State,23,San José State,ESPN Bet,-2.5,-3,56.5,56.5,-150,130
401643756,2024,regular,11,2024-11-10 03:30:00+00:00,265,Washington State,328,Utah State,Bovada,-20.5,-20.5,69,69.5,-1500,775
401643756,2024,regular,11,2024-11-10 03:30:00+00:00,265,Washington State,328,Utah State,DraftKings,-20,-20,68.5,,-1350,800
401643756,2024,regular,11,2024-11-10 03:30:00+00:00,265,Washington State,328,Utah State,ESPN Bet,-20.5,-20.5,67.5,69.5,-1600,800
401643757,2024,regular,12,2024-11-16 20:30:00+00:00,2005,Air Force,204,Oregon State,Bovada,2.5,4.5,44.5,45,170,-200
401643757,2024,regular,12,2024-11-16 20:30:00+00:00,2005,Air Force,204,Oregon State,DraftKings,3,7,44.5,,120,-142
401643757,2024,regular,12,2024-11-16 20:30:00+00:00,2005,Air Force,204,Oregon State,ESPN Bet,2.5,4.5,44.5,44.5,120,-140
401643758,2024,regular,12,2024-11-17 00:00:00+00:00,23,San José State,68,Boise State,Bovada,14,13.5,62.5,61,400,-575
401643758,2024,regular,12,2024-11-17 00:00:00+00:00,23,San José State,68,Boise State,DraftKings,14.5,14,62,,455,-625
401643758,2024,regular,12,2024-11-17 00:00:00+00:00,23,San José State,68,Boise State,ESPN Bet,14.5,13.5,61.5,61.5,450,-700
401643759,2024,regular,12,2024-11-16 01:00:00+00:00,36,Colorado State,2751,Wyoming,Bovada,-9,-10,47,48,-415,310
401643759,2024,regular,12,2024-11-16 01:00:00+00:00,36,Colorado State,2751,Wyoming,DraftKings,-8.5,-10.5,47.5,,-325,260
401643759,2024,regular,12,2024-11-16 01:00:00+00:00,36,Colorado State,2751,Wyoming,ESPN Bet,-7.5,-10,46.5,48.5,-300,250
401643760,2024,regular,12,2024-11-16 20:00:00+00:00,328,Utah State,62,Hawai'i,Bovada,2.5,2,62,60,110,-130
401643760,2024,regular,12,2024-11-16 20:00:00+00:00,328,Utah State,62,Hawai'i,DraftKings,2.5,3,62,,110,-130
401643760,2024,regular,12,2024-11-16 20:00:00+00:00,328,Utah State,62,Hawai'i,ESPN Bet,2.5,2.5,61.5,59.5,110,-130
401643761,2024,regular,12,2024-11-17 02:30:00+00:00,167,New Mexico,265,Washington State,Bovada,10.5,13,72,72,375,-525
401643761,2024,regular,12,2024-11-17 02:30:00+00:00,167,New Mexico,265,Washington State,DraftKings,10.5,14,72.5,,310,-395
401643761,2024,regular,12,2024-11-17 02:30:00+00:00,167,New Mexico,265,Washington State,ESPN Bet,11.5,13.5,71.5,72.5,320,-425
401643762,2024,regular,12,2024-11-17 03:30:00+00:00,2439,UNLV,21,San Diego State,Bovada,-21.5,-20.5,55,54.5,-1500,775
401643762,2024,regular,12,2024-11-17 03:30:00+00:00,2439,UNLV,21,San Diego State,DraftKings,-22,-18.5,55.5,,-2100,1100
401643762,2024,regular,12,2024-11-17 03:30:00+00:00,2439,UNLV,21,San Diego State,ESPN Bet,-19.5,-20.5,54.5,54.5,-1800,900
401643763,2024,regular,13,2024-11-24 03:30:00+00:00,2440,Nevada,2005,Air Force,Bovada,-2.5,-4,45,44.5,-175,150
401643763,2024,regular,13,2024-11-24 03:30:00+00:00,2440,Nevada,2005,Air Force,DraftKings,-3,-3.5,44.5,,-148,124
401643763,2024,regular,13,2024-11-24 03:30:00+00:00,2440,Nevada,2005,Air Force,ESPN Bet,-2.5,-4,44.5,44.5,-140,120
401643764,2024,regular,13,2024-11-24 00:00:00+00:00,2751,Wyoming,68,Boise State,Bovada,22,22.5,54,57.5,950,-2000
401643764,2024,regular,13,2024-11-24 00:00:00+00:00,2751,Wyoming,68,Boise State,DraftKings,22,22.5,54,,1100,-2100
401643764,2024,regular,13,2024-11-24 00:00:00+00:00,2751,Wyoming,68,Boise State,ESPN Bet,25.5,23,54.5,57.5,1100,-2500
401643765,2024,regular,13,2024-11-24 03:30:00+00:00,278,Fresno State,36,Colorado State,Bovada,-3,-3,43.5,46.5,-170,145
401643765,2024,regular,13,2024-11-24 03:30:00+00:00,278,Fresno State,36,Colorado State,DraftKings,-3.5,-1,43.5,,-155,130
401643765,2024,regular,13,2024-11-24 03:30:00+00:00,278,Fresno State,36,Colorado State,ESPN Bet,-3.5,-3,42.5,46.5,-155,135
401643766,2024,regular,13,2024-11-23 20:30:00+00:00,328,Utah State,21,San Diego State,Bovada,-5,-4,60,62,-195,165
401643766,2024,regular,13,2024-11-23 20:30:00+00:00,328,Utah State,21,San Diego State,DraftKings,-5,-4.5,60,,-198,164
401643766,2024,regular,13,2024-11-23 20:30:00+00:00,328,Utah State,21,San Diego State,ESPN Bet,-4.5,-4,59.5,62.5,-200,170
401643767,2024,regular,13,2024-11-23 03:00:00+00:00,23,San José State,2439,UNLV,Bovada,7.5,7,60,62.5,255,-310
401643767,2024,regular,13,2024-11-23 03:00:00+00:00,23,San José State,2439,UNLV,DraftKings,7.5,7.5,59.5,,245,-305
401643767,2024,regular,13,2024-11-23 03:00:00+00:00,23,San José State,2439,UNLV,ESPN Bet,7.5,8,59.5,62.5,240,-290
401643768,2024,regular,14,2024-12-01 03:30:00+00:00,21,San Diego State,2005,Air Force,Bovada,5.5,3.5,43.5,43.5,145,-170
401643768,2024,regular,14,2024-12-01 03:30:00+00:00,21,San Diego State,2005,Air Force,DraftKings,6,2.5,43.5,,180,-218
401643768,2024,regular,14,2024-12-01 03:30:00+00:00,21,San Diego State,2005,Air Force,ESPN Bet,6.5,3.5,43.5,43.5,195,-230
401643769,2024,regular,14,2024-11-29 17:00:00+00:00,68,Boise State,204,Oregon State,Bovada,-18,-20,57.5,56.5,-1400,750
401643769,2024,regular,14,2024-11-29 17:00:00+00:00,68,Boise State,204,Oregon State,DraftKings,-17.5,-18.5,58,,-900,600
401643769,2024,regular,14,2024-11-29 17:00:00+00:00,68,Boise State,204,Oregon State,ESPN Bet,-17.5,-19.5,58.5,55.5,-900,550
401643770,2024,regular,14,2024-11-29 20:30:00+00:00,36,Colorado State,328,Utah State,Bovada,-5.5,-6,58.5,60.5,-230,190
401643770,2024,regular,14,2024-11-29 20:30:00+00:00,36,Colorado State,328,Utah State,DraftKings,-5,-7,57,,-192,160
401643770,2024,regular,14,2024-11-29 20:30:00+00:00,36,Colorado State,328,Utah State,ESPN Bet,-5.5,-5.5,56.5,60.5,-210,175
401643771,2024,regular,14,2024-12-01 04:00:00+00:00,62,Hawai'i,167,New Mexico,Bovada,4,2.5,62.5,61,110,-130
401643771,2024,regular,14,2024-12-01 04:00:00+00:00,62,Hawai'i,167,New Mexico,DraftKings,6.5,2.5,59.5,,185,-225
401643771,2024,regular,14,2024-12-01 04:00:00+00:00,62,Hawai'i,167,New Mexico,ESPN Bet,6.5,2.5,61.5,61.5,150,-175
401643772,2024,regular,14,2024-12-01 01:00:00+00:00,2439,UNLV,2440,Nevada,Bovada,-17.5,-17.5,55,55,-1000,625
401643772,2024,regular,14,2024-12-01 01:00:00+00:00,2439,UNLV,2440,Nevada,DraftKings,-17.5,-18,54,,-800,550
401643772,2024,regular,14,2024-12-01 01:00:00+00:00,2439,UNLV,2440,Nevada,ESPN Bet,-17.5,-18.5,54.5,55.5,-1000,600
401643773,2024,regular,14,2024-11-30 23:30:00+00:00,265,Washington State,2751,Wyoming,Bovada,-18.5,-17,55,58.5,-900,575
401643773,2024,regular,14,2024-11-30 23:30:00+00:00,265,Washington State,2751,Wyoming,DraftKings,-18.5,-17.5,55,,-850,575
401643773,2024,regular,14,2024-11-30 23:30:00+00:00,265,Washington State,2751,Wyoming,ESPN Bet,-18.5,-17.5,55.5,58.5,-1000,600
401643774,2024,regular,1,2024-09-01 00:00:00+00:00,2429,Charlotte,256,James Madison,Bovada,6.5,7.5,47.5,51,230,-280
401643774,2024,regular,1,2024-09-01 00:00:00+00:00,2429,Charlotte,256,James Madison,DraftKings,7.5,9,51,51,215,-265
401643775,2024,regular,1,2024-08-31 21:00:00+00:00,6,South Alabama,249,North Texas,Bovada,-6,-6,61.5,64.5,-210,175
401643775,2024,regular,1,2024-08-31 21:00:00+00:00,6,South Alabama,249,North Texas,DraftKings,-6,-7,65,64.5,-218,180
401643775,2024,regular,1,2024-08-31 21:00:00+00:00,6,South Alabama,249,North Texas,ESPN Bet,-5.5,,60.5,,,
401643777,2024,regular,2,2024-09-07 22:00:00+00:00,256,James Madison,2241,Gardner-Webb,ESPN Bet,-35.5,-33,50.5,54.5,,
401643778,2024,regular,2,2024-09-07 22:00:00+00:00,295,Old Dominion,151,East Carolina,Bovada,-2,-2,54,51,-115,-105
401643778,2024,regular,2,2024-09-07 22:00:00+00:00,295,Old Dominion,151,East Carolina,DraftKings,-1.5,-2.5,54,49,-125,105
401643778,2024,regular,2,2024-09-07 22:00:00+00:00,295,Old Dominion,151,East Carolina,ESPN Bet,-1.5,2.5,53.5,55.5,-125,105
401643779,2024,regular,2,2024-09-07 23:00:00+00:00,2032,Arkansas State,202,Tulsa,Bovada,-9,-6.5,66,64.5,-300,250
401643779,2024,regular,2,2024-09-07 23:00:00+00:00,2032,Arkansas State,202,Tulsa,DraftKings,-7.5,-6,65.5,64.5,-325,260
401643779,2024,regular,2,2024-09-07 23:00:00+00:00,2032,Arkansas State,202,Tulsa,ESPN Bet,-9.5,-7,65.5,65.5,-300,250
401643780,2024,regular,2,2024-09-07 23:00:00+00:00,2433,UL Monroe,5,UAB,Bovada,11,11.5,55,54.5,390,-550
401643780,2024,regular,2,2024-09-07 23:00:00+00:00,2433,UL Monroe,5,UAB,DraftKings,13,11,54,54.5,320,-410
401643780,2024,regular,2,2024-09-07 23:00:00+00:00,2433,UL Monroe,5,UAB,ESPN Bet,10.5,13,55.5,52.5,320,-400
401643781,2024,regular,2,2024-09-07 22:00:00+00:00,195,Ohio,6,South Alabama,Bovada,-1,0,55,54.5,105,-125
401643781,2024,regular,2,2024-09-07 22:00:00+00:00,195,Ohio,6,South Alabama,DraftKings,2,1,57,54.5,-108,-112
401643781,2024,regular,2,2024-09-07 22:00:00+00:00,195,Ohio,6,South Alabama,ESPN Bet,1.5,1.5,55.5,56.5,,-120
401643782,2024,regular,2,2024-09-07 23:00:00+00:00,2572,Southern Miss,2545,SE Louisiana,ESPN Bet,-17.5,-14.5,53.5,54.5,-800,550
401643783,2024,regular,2,2024-09-07 20:00:00+00:00,326,Texas State,2636,UTSA,Bovada,-2.5,-2,59,60.5,-110,-110
401643783,2024,regular,2,2024-09-07 20:00:00+00:00,326,Texas State,2636,UTSA,DraftKings,-1,-2,62.5,60.5,-130,110
401643783,2024,regular,2,2024-09-07 20:00:00+00:00,326,Texas State,2636,UTSA,ESPN Bet,-2.5,-1,58.5,63.5,-130,110
401643784,2024,regular,2,2024-09-07 16:00:00+00:00,235,Memphis,2653,Troy,Bovada,-18.5,-17,56,55.5,-1000,625
401643784,2024,regular,2,2024-09-07 16:00:00+00:00,235,Memphis,2653,Troy,DraftKings,-19,-16.5,56.5,56,-1000,650
401643784,2024,regular,2,2024-09-07 16:00:00+00:00,235,Memphis,2653,Troy,ESPN Bet,-18.5,-18.5,57.5,57.5,-1200,750
401643785,2024,regular,3,2024-09-14 20:00:00+00:00,151,East Carolina,2026,App State,Bovada,1.5,3,59.5,61,110,-130
401643785,2024,regular,3,2024-09-14 20:00:00+00:00,151,East Carolina,2026,App State,DraftKings,2.5,2.5,58.5,58.5,100,-120
401643785,2024,regular,3,2024-09-14 20:00:00+00:00,151,East Carolina,2026,App State,ESPN Bet,-0.5,2.5,56.5,57.5,-105,-115
401643786,2024,regular,3,2024-09-14 18:00:00+00:00,218,Temple,324,Coastal Carolina,Bovada,17,18.5,52,51.5,600,-950
401643786,2024,regular,3,2024-09-14 18:00:00+00:00,218,Temple,324,Coastal Carolina,DraftKings,17.5,17.5,52,52,550,-800
401643786,2024,regular,3,2024-09-14 18:00:00+00:00,218,Temple,324,Coastal Carolina,ESPN Bet,17.5,17.5,51.5,51.5,550,-800
401643787,2024,regular,3,2024-09-14 22:00:00+00:00,290,Georgia Southern,2569,South Carolina State,DraftKings,,,,,-5000,1800
401643787,2024,regular,3,2024-09-14 22:00:00+00:00,290,Georgia Southern,2569,South Carolina State,ESPN Bet,-27.5,-27.5,52.5,55.5,-3500,1500
401643788,2024,regular,3,2024-09-12 23:30:00+00:00,6,South Alabama,2466,Northwestern State,ESPN Bet,-36.5,-38,60.5,60.5,-7500,2500
401643789,2024,regular,3,2024-09-14 23:00:00+00:00,2572,Southern Miss,58,South Florida,Bovada,10.5,10.5,58.5,57.5,345,-470
401643789,2024,regular,3,2024-09-14 23:00:00+00:00,2572,Southern Miss,58,South Florida,DraftKings,11.5,11.5,58.5,58.5,360,-470
401643789,2024,regular,3,2024-09-14 23:00:00+00:00,2572,Southern Miss,58,South Florida,ESPN Bet,13,12,58.5,57.5,360,-450
401643790,2024,regular,4,2024-09-19 23:30:00+00:00,2026,App State,6,South Alabama,Bovada,-7.5,-8,62.5,,-285,235
401643790,2024,regular,4,2024-09-19 23:30:00+00:00,2026,App State,6,South Alabama,DraftKings,-8,-8,62.5,63.5,-310,250
401643790,2024,regular,4,2024-09-19 23:30:00+00:00,2026,App State,6,South Alabama,ESPN Bet,-7.5,-7,62.5,64.5,-320,260
401643791,2024,regular,4,2024-09-21 16:00:00+00:00,309,Louisiana,2655,Tulane,Bovada,1.5,3.5,53.5,55,100,-120
401643791,2024,regular,4,2024-09-21 16:00:00+00:00,309,Louisiana,2655,Tulane,DraftKings,1.5,,53,,-102,-118
401643791,2024,regular,4,2024-09-21 16:00:00+00:00,309,Louisiana,2655,Tulane,ESPN Bet,1.5,3.5,53.5,54.5,105,-125
401643792,2024,regular,5,2024-09-28 19:30:00+00:00,2247,Georgia State,290,Georgia Southern,Bovada,-3.5,-3,57,58,-165,140
401643792,2024,regular,5,2024-09-28 19:30:00+00:00,2247,Georgia State,290,Georgia Southern,DraftKings,-3.5,1,57.5,,-155,130
401643792,2024,regular,5,2024-09-28 19:30:00+00:00,2247,Georgia State,290,Georgia Southern,ESPN Bet,-3.5,,56.5,57.5,-155,135
401643793,2024,regular,5,2024-09-28 17:30:00+00:00,256,James Madison,2050,Ball State,Bovada,-22,-21,56.5,57,-1400,750
401643793,2024,regular,5,2024-09-28 17:30:00+00:00,256,James Madison,2050,Ball State,DraftKings,-22,-17,56.5,,-1600,900
401643793,2024,regular,5,2024-09-28 17:30:00+00:00,256,James Madison,2050,Ball State,ESPN Bet,-20.5,-20,54.5,56.5,-1600,900
401643794,2024,regular,5,2024-09-28 19:30:00+00:00,276,Marshall,2711,Western Michigan,Bovada,-3.5,-3.5,53.5,54.5,-150,130
401643794,2024,regular,5,2024-09-28 19:30:00+00:00,276,Marshall,2711,Western Michigan,DraftKings,-3.5,-6,53.5,,-166,140
401643794,2024,regular,5,2024-09-28 19:30:00+00:00,276,Marshall,2711,Western Michigan,ESPN Bet,-3.5,-5.5,52.5,53.5,-170,145
401643795,2024,regular,5,2024-09-28 21:00:00+00:00,189,Bowling Green,295,Old Dominion,Bovada,-11,-10,51.5,51,-380,290
401643795,2024,regular,5,2024-09-28 21:00:00+00:00,189,Bowling Green,295,Old Dominion,DraftKings,-11,-8,51.5,,-395,310
401643795,2024,regular,5,2024-09-28 21:00:00+00:00,189,Bowling Green,295,Old Dominion,ESPN Bet,-11.5,-9.5,51.5,49.5,-400,320
401643796,2024,regular,5,2024-09-28 23:00:00+00:00,2653,Troy,2433,UL Monroe,Bovada,-6,-7,46,45.5,-280,230
401643796,2024,regular,5,2024-09-28 23:00:00+00:00,2653,Troy,2433,UL Monroe,DraftKings,-6,-10.5,46,,-218,180
401643796,2024,regular,5,2024-09-28 23:00:00+00:00,2653,Troy,2433,UL Monroe,ESPN Bet,-6.5,-8.5,44.5,45.5,-240,200
401643797,2024,regular,6,2024-10-03 23:00:00+00:00,2653,Troy,326,Texas State,Bovada,14.5,14.5,56,58,450,-650
401643797,2024,regular,6,2024-10-03 23:00:00+00:00,2653,Troy,326,Texas State,DraftKings,14.5,13.5,56,,455,-625
401643797,2024,regular,6,2024-10-03 23:00:00+00:00,2653,Troy,326,Texas State,ESPN Bet,14.5,14.5,55.5,57.5,475,-650
401643798,2024,regular,6,2024-10-05 23:00:00+00:00,324,Coastal Carolina,295,Old Dominion,Bovada,-4,-5,51.5,55,-200,170
401643798,2024,regular,6,2024-10-05 23:00:00+00:00,324,Coastal Carolina,295,Old Dominion,DraftKings,-4,-4,51.5,,-180,150
401643798,2024,regular,6,2024-10-05 23:00:00+00:00,324,Coastal Carolina,295,Old Dominion,ESPN Bet,-4.5,-5,51.5,55.5,-185,155
401643799,2024,regular,6,2024-10-05 19:30:00+00:00,276,Marshall,2026,App State,Bovada,-3,-2,56.5,58,-145,125
401643799,2024,regular,6,2024-10-05 19:30:00+00:00,276,Marshall,2026,App State,DraftKings,-3,-1,56.5,,-155,130
401643799,2024,regular,6,2024-10-05 19:30:00+00:00,276,Marshall,2026,App State,ESPN Bet,-3.5,-1.5,56.5,58.5,-155,135
401643800,2024,regular,6,2024-10-05 23:00:00+00:00,2032,Arkansas State,6,South Alabama,Bovada,2.5,2.5,62.5,62,130,-150
401643800,2024,regular,6,2024-10-05 23:00:00+00:00,2032,Arkansas State,6,South Alabama,DraftKings,2.5,4.5,62.5,,120,-142
401643800,2024,regular,6,2024-10-05 23:00:00+00:00,2032,Arkansas State,6,South Alabama,ESPN Bet,2.5,3.5,62.5,62.5,115,-135
401643801,2024,regular,6,2024-10-05 23:00:00+00:00,2433,UL Monroe,256,James Madison,Bovada,16.5,16,48,49,550,-850
401643801,2024,regular,6,2024-10-05 23:00:00+00:00,2433,UL Monroe,256,James Madison,DraftKings,16.5,13.5,48.5,,525,-750
401643801,2024,regular,6,2024-10-05 23:00:00+00:00,2433,UL Monroe,256,James Madison,ESPN Bet,16.5,15.5,47.5,48.5,550,-800
401643802,2024,regular,6,2024-10-05 23:00:00+00:00,2572,Southern Miss,309,Louisiana,Bovada,17.5,15,57.5,57.5,460,-675
401643802,2024,regular,6,2024-10-05 23:00:00+00:00,2572,Southern Miss,309,Louisiana,DraftKings,17.5,11.5,57.5,,575,-850
401643802,2024,regular,6,2024-10-05 23:00:00+00:00,2572,Southern Miss,309,Louisiana,ESPN Bet,16.5,14.5,56.5,57.5,550,-800
401643803,2024,regular,7,2024-10-10 23:30:00+00:00,256,James Madison,324,Coastal Carolina,Bovada,-7,-9.5,59,58.5,-360,280
401643803,2024,regular,7,2024-10-10 23:30:00+00:00,256,James Madison,324,Coastal Carolina,DraftKings,-7,-9.5,59,,-265,215
401643803,2024,regular,7,2024-10-10 23:30:00+00:00,256,James Madison,324,Coastal Carolina,ESPN Bet,-6.5,-9.5,58.5,58.5,-280,230
401643804,2024,regular,7,2024-10-13 00:00:00+00:00,290,Georgia Southern,276,Marshall,Bovada,1,2.5,58,61,110,-130
401643804,2024,regular,7,2024-10-13 00:00:00+00:00,290,Georgia Southern,276,Marshall,DraftKings,-1,1,58.5,,-112,-108
401643804,2024,regular,7,2024-10-13 00:00:00+00:00,290,Georgia Southern,276,Marshall,ESPN Bet,-1.5,2.5,57.5,61.5,-120,-105
401643805,2024,regular,7,2024-10-12 19:30:00+00:00,2247,Georgia State,295,Old Dominion,Bovada,-3,-1.5,53.5,54.5,-120,100
401643805,2024,regular,7,2024-10-12 19:30:00+00:00,2247,Georgia State,295,Old Dominion,DraftKings,-3,0,53,,-135,114
401643805,2024,regular,7,2024-10-12 19:30:00+00:00,2247,Georgia State,295,Old Dominion,ESPN Bet,-2.5,-1.5,53.5,54.5,-140,120
401643806,2024,regular,7,2024-10-12 23:30:00+00:00,309,Louisiana,2026,App State,Bovada,-10,-10.5,64.5,65,-435,325
401643806,2024,regular,7,2024-10-12 23:30:00+00:00,309,Louisiana,2026,App State,DraftKings,-10,-6,64,,-355,280
401643806,2024,regular,7,2024-10-12 23:30:00+00:00,309,Louisiana,2026,App State,ESPN Bet,-10.5,-10.5,63.5,64.5,-380,300
401643807,2024,regular,7,2024-10-12 21:00:00+00:00,2433,UL Monroe,2572,Southern Miss,Bovada,-4,-6,41,41,-230,190
401643807,2024,regular,7,2024-10-12 21:00:00+00:00,2433,UL Monroe,2572,Southern Miss,DraftKings,-4.5,-4.5,41,,-185,154
401643807,2024,regular,7,2024-10-12 21:00:00+00:00,2433,UL Monroe,2572,Southern Miss,ESPN Bet,-4.5,-6.5,41.5,41.5,-175,150
401643808,2024,regular,7,2024-10-12 23:00:00+00:00,326,Texas State,2032,Arkansas State,Bovada,-13.5,-14.5,66,63,-675,460
401643808,2024,regular,7,2024-10-12 23:00:00+00:00,326,Texas State,2032,Arkansas State,DraftKings,-13.5,-11,66,,-535,400
401643808,2024,regular,7,2024-10-12 23:00:00+00:00,326,Texas State,2032,Arkansas State,ESPN Bet,-13.5,-14,66.5,63.5,-500,380
401643809,2024,regular,8,2024-10-15 23:30:00+00:00,6,South Alabama,2653,Troy,Bovada,-10,-11.5,53.5,56.5,,340
401643809,2024,regular,8,2024-10-15 23:30:00+00:00,6,South Alabama,2653,Troy,DraftKings,-10,-13.5,53,,-395,310
401643809,2024,regular,8,2024-10-15 23:30:00+00:00,6,South Alabama,2653,Troy,ESPN Bet,-8.5,-11.5,51.5,56.5,-400,320
401643810,2024,regular,8,2024-10-17 23:00:00+00:00,276,Marshall,2247,Georgia State,Bovada,-9.5,-9,51.5,53.5,-350,275
401643810,2024,regular,8,2024-10-17 23:00:00+00:00,276,Marshall,2247,Georgia State,DraftKings,-9.5,-7,51.5,,-325,260
401643810,2024,regular,8,2024-10-17 23:00:00+00:00,276,Marshall,2247,Georgia State,ESPN Bet,-8.5,-9.5,50.5,53.5,-360,290
401643811,2024,regular,8,2024-10-19 16:00:00+00:00,324,Coastal Carolina,309,Louisiana,Bovada,6.5,3.5,57,56.5,,
401643811,2024,regular,8,2024-10-19 16:00:00+00:00,324,Coastal Carolina,309,Louisiana,DraftKings,6,3,57,,190,-230
401643811,2024,regular,8,2024-10-19 16:00:00+00:00,324,Coastal Carolina,309,Louisiana,ESPN Bet,6.5,4,56.5,55.5,195,-230
401643812,2024,regular,8,2024-10-19 20:00:00+00:00,290,Georgia Southern,256,James Madison,Bovada,10,10,58.5,59.5,305,-410
401643812,2024,regular,8,2024-10-19 20:00:00+00:00,290,Georgia Southern,256,James Madison,DraftKings,9.5,6.5,58.5,,275,-345
401643812,2024,regular,8,2024-10-19 20:00:00+00:00,290,Georgia Southern,256,James Madison,ESPN Bet,8.5,10,57.5,59.5,290,-360
401643813,2024,regular,8,2024-10-19 19:30:00+00:00,295,Old Dominion,326,Texas State,Bovada,10.5,10,60.5,62.5,305,-410
401643813,2024,regular,8,2024-10-19 19:30:00+00:00,295,Old Dominion,326,Texas State,DraftKings,10.5,7.5,60,,300,-380
401643813,2024,regular,8,2024-10-19 19:30:00+00:00,295,Old Dominion,326,Texas State,ESPN Bet,10.5,10,59.5,62.5,300,-380
401643814,2024,regular,8,2024-10-19 23:00:00+00:00,2572,Southern Miss,2032,Arkansas State,Bovada,7,6.5,56.5,53.5,200,-240
401643814,2024,regular,8,2024-10-19 23:00:00+00:00,2572,Southern Miss,2032,Arkansas State,DraftKings,7,7,57,,205,-250
401643814,2024,regular,8,2024-10-19 23:00:00+00:00,2572,Southern Miss,2032,Arkansas State,ESPN Bet,7,6.5,56.5,53.5,210,-250
401643815,2024,regular,9,2024-10-24 23:00:00+00:00,295,Old Dominion,290,Georgia Southern,Bovada,1,-2,52,54,-125,105
401643815,2024,regular,9,2024-10-24 23:00:00+00:00,295,Old Dominion,290,Georgia Southern,DraftKings,1,0,51.5,,-108,-112
401643815,2024,regular,9,2024-10-24 23:00:00+00:00,295,Old Dominion,290,Georgia Southern,ESPN Bet,0.5,-2,51.5,54.5,-105,-120
401643816,2024,regular,9,2024-10-26 17:00:00+00:00,2026,App State,2247,Georgia State,Bovada,-7.5,-8,59,63,-310,255
401643816,2024,regular,9,2024-10-26 17:00:00+00:00,2026,App State,2247,Georgia State,DraftKings,-7.5,-5.5,59,,-285,230
401643816,2024,regular,9,2024-10-26 17:00:00+00:00,2026,App State,2247,Georgia State,ESPN Bet,-7.5,-8,59.5,62.5,-280,230
401643817,2024,regular,9,2024-10-26 19:30:00+00:00,256,James Madison,2572,Southern Miss,Bovada,-24,-24,54,54.5,-3300,1100
401643817,2024,regular,9,2024-10-26 19:30:00+00:00,256,James Madison,2572,Southern Miss,DraftKings,-24,-23,54,,-2400,1200
401643817,2024,regular,9,2024-10-26 19:30:00+00:00,256,James Madison,2572,Southern Miss,ESPN Bet,-27.5,-24.5,54.5,54.5,-2500,1100
401643818,2024,regular,9,2024-10-26 23:00:00+00:00,2032,Arkansas State,2653,Troy,Bovada,-8.5,-7.5,50,51.5,-275,225
401643818,2024,regular,9,2024-10-26 23:00:00+00:00,2032,Arkansas State,2653,Troy,DraftKings,-8.5,-8.5,50,,-355,280
401643818,2024,regular,9,2024-10-26 23:00:00+00:00,2032,Arkansas State,2653,Troy,ESPN Bet,-7.5,-7,50.5,52.5,-340,270
401643819,2024,regular,9,2024-10-26 21:00:00+00:00,6,South Alabama,2433,UL Monroe,Bovada,-7,-7.5,45,46.5,-310,255
401643819,2024,regular,9,2024-10-26 21:00:00+00:00,6,South Alabama,2433,UL Monroe,DraftKings,-7,-8.5,45,,-265,215
401643819,2024,regular,9,2024-10-26 21:00:00+00:00,6,South Alabama,2433,UL Monroe,ESPN Bet,-7.5,-8.5,45.5,47.5,-275,225
401643820,2024,regular,10,2024-10-29 23:30:00+00:00,326,Texas State,309,Louisiana,Bovada,-4,-3,60.5,59,-160,135
401643820,2024,regular,10,2024-10-29 23:30:00+00:00,326,Texas State,309,Louisiana,DraftKings,-4,-4,60.5,,-185,154
401643820,2024,regular,10,2024-10-29 23:30:00+00:00,326,Texas State,309,Louisiana,ESPN Bet,-3.5,-3,61.5,59.5,-185,155
401643821,2024,regular,10,2024-11-02 18:30:00+00:00,2026,App State,295,Old Dominion,Bovada,3,2,58,60.5,105,-125
401643821,2024,regular,10,2024-11-02 18:30:00+00:00,2026,App State,295,Old Dominion,DraftKings,2.5,-2.5,58,,120,-142
401643821,2024,regular,10,2024-11-02 18:30:00+00:00,2026,App State,295,Old Dominion,ESPN Bet,2.5,2.5,58.5,60.5,125,-145
401643822,2024,regular,10,2024-11-02 19:30:00+00:00,276,Marshall,2433,UL Monroe,Bovada,-10.5,-10,48,47,-415,310
401643822,2024,regular,10,2024-11-02 19:30:00+00:00,276,Marshall,2433,UL Monroe,DraftKings,-10.5,-10.5,48,,-395,310
401643822,2024,regular,10,2024-11-02 19:30:00+00:00,276,Marshall,2433,UL Monroe,ESPN Bet,,-10.5,47.5,47.5,-400,300
401643823,2024,regular,10,2024-11-02 23:30:00+00:00,6,South Alabama,290,Georgia Southern,Bovada,-5.5,-6,60,61,-230,190
401643823,2024,regular,10,2024-11-02 23:30:00+00:00,6,South Alabama,290,Georgia Southern,DraftKings,-5.5,-5.5,60,,-192,160
401643823,2024,regular,10,2024-11-02 23:30:00+00:00,6,South Alabama,290,Georgia Southern,ESPN Bet,-5.5,-6,59.5,61.5,-195,165
401643824,2024,regular,10,2024-11-02 20:00:00+00:00,2653,Troy,324,Coastal Carolina,Bovada,4.5,4,51.5,52.5,165,-195
401643824,2024,regular,10,2024-11-02 20:00:00+00:00,2653,Troy,324,Coastal Carolina,DraftKings,4,5,52,,150,-180
401643824,2024,regular,10,2024-11-02 20:00:00+00:00,2653,Troy,324,Coastal Carolina,ESPN Bet,3.5,4.5,51.5,52.5,155,-185
401643825,2024,regular,11,2024-11-08 01:00:00+00:00,324,Coastal Carolina,2026,App State,Bovada,2.5,-1,63,63,-115,-105
401643825,2024,regular,11,2024-11-08 01:00:00+00:00,324,Coastal Carolina,2026,App State,DraftKings,2.5,-2,62.5,,105,-125
401643825,2024,regular,11,2024-11-08 01:00:00+00:00,324,Coastal Carolina,2026,App State,ESPN Bet,1.5,-1.5,62.5,62.5,110,-130
401643826,2024,regular,11,2024-11-09 20:30:00+00:00,256,James Madison,2247,Georgia State,Bovada,-14.5,-16.5,53.5,54,-850,550
401643826,2024,regular,11,2024-11-09 20:30:00+00:00,256,James Madison,2247,Georgia State,DraftKings,-14.5,-16.5,53.5,,-625,455
401643826,2024,regular,11,2024-11-09 20:30:00+00:00,256,James Madison,2247,Georgia State,ESPN Bet,-15.5,-17,54.5,54.5,-750,475
401643827,2024,regular,11,2024-11-09 22:00:00+00:00,309,Louisiana,2032,Arkansas State,Bovada,-14,-14.5,60,60.5,-700,475
401643827,2024,regular,11,2024-11-09 22:00:00+00:00,309,Louisiana,2032,Arkansas State,DraftKings,-14,-13,60,,-550,410
401643827,2024,regular,11,2024-11-09 22:00:00+00:00,309,Louisiana,2032,Arkansas State,ESPN Bet,-14.5,-14,59.5,60.5,-650,425
401643828,2024,regular,11,2024-11-09 17:00:00+00:00,2433,UL Monroe,326,Texas State,Bovada,9.5,7,50,48.5,240,-290
401643828,2024,regular,11,2024-11-09 17:00:00+00:00,2433,UL Monroe,326,Texas State,DraftKings,9.5,8.5,50,,280,-355
401643828,2024,regular,11,2024-11-09 17:00:00+00:00,2433,UL Monroe,326,Texas State,ESPN Bet,9.5,7,49.5,48.5,300,-400
401643829,2024,regular,11,2024-11-09 20:00:00+00:00,2572,Southern Miss,276,Marshall,Bovada,13.5,13.5,53.5,55.5,400,-575
401643829,2024,regular,11,2024-11-09 20:00:00+00:00,2572,Southern Miss,276,Marshall,DraftKings,13.5,13,53.5,,390,-520
401643829,2024,regular,11,2024-11-09 20:00:00+00:00,2572,Southern Miss,276,Marshall,ESPN Bet,13.5,13.5,52.5,55.5,400,-600
401643830,2024,regular,12,2024-11-16 21:00:00+00:00,290,Georgia Southern,2653,Troy,Bovada,-7,-7.5,53.5,54,-310,255
401643830,2024,regular,12,2024-11-16 21:00:00+00:00,290,Georgia Southern,2653,Troy,DraftKings,-7,-8.5,54,,-278,230
401643830,2024,regular,12,2024-11-16 21:00:00+00:00,290,Georgia Southern,2653,Troy,ESPN Bet,-7.5,-8,53.5,54.5,-280,230
401643831,2024,regular,12,2024-11-16 22:00:00+00:00,2247,Georgia State,2032,Arkansas State,Bovada,-3,-2,59.5,58.5,-125,105
401643831,2024,regular,12,2024-11-16 22:00:00+00:00,2247,Georgia State,2032,Arkansas State,DraftKings,-2.5,0,60,,-135,114
401643831,2024,regular,12,2024-11-16 22:00:00+00:00,2247,Georgia State,2032,Arkansas State,ESPN Bet,-2.5,-1.5,58.5,58.5,-140,120
401643832,2024,regular,12,2024-11-16 18:00:00+00:00,276,Marshall,324,Coastal Carolina,Bovada,-7.5,-8,57,56,-320,260
401643832,2024,regular,12,2024-11-16 18:00:00+00:00,276,Marshall,324,Coastal Carolina,DraftKings,-7.5,-8.5,57,,-298,240
401643832,2024,regular,12,2024-11-16 18:00:00+00:00,276,Marshall,324,Coastal Carolina,ESPN Bet,-7.5,-9,56.5,55.5,-300,250
401643833,2024,regular,12,2024-11-16 21:00:00+00:00,295,Old Dominion,256,James Madison,Bovada,2.5,4,50.5,52,160,-185
401643833,2024,regular,12,2024-11-16 21:00:00+00:00,295,Old Dominion,256,James Madison,DraftKings,1.5,4.5,51,,100,-120
401643833,2024,regular,12,2024-11-16 21:00:00+00:00,295,Old Dominion,256,James Madison,ESPN Bet,1.5,3.5,50.5,52.5,115,-135
401643834,2024,regular,12,2024-11-17 00:00:00+00:00,309,Louisiana,6,South Alabama,Bovada,-6.5,-9,60,58.5,-350,275
401643834,2024,regular,12,2024-11-17 00:00:00+00:00,309,Louisiana,6,South Alabama,DraftKings,-6.5,-8.5,60,,-230,190
401643834,2024,regular,12,2024-11-17 00:00:00+00:00,309,Louisiana,6,South Alabama,ESPN Bet,-6.5,-9,60.5,58.5,-230,195
401643835,2024,regular,12,2024-11-17 00:00:00+00:00,326,Texas State,2572,Southern Miss,Bovada,-27.5,-26.5,56.5,56,-5000,1300
401643835,2024,regular,12,2024-11-17 00:00:00+00:00,326,Texas State,2572,Southern Miss,DraftKings,-27.5,-25.5,56.5,,-4000,1600
401643835,2024,regular,12,2024-11-17 00:00:00+00:00,326,Texas State,2572,Southern Miss,ESPN Bet,-27.5,-27,55.5,55.5,-5000,1500
401643836,2024,regular,13,2024-11-23 19:30:00+00:00,2026,App State,256,James Madison,Bovada,7,7,57.5,60.5,225,-275
401643836,2024,regular,13,2024-11-23 19:30:00+00:00,2026,App State,256,James Madison,DraftKings,7.5,7,57.5,,215,-265
401643836,2024,regular,13,2024-11-23 19:30:00+00:00,2026,App State,256,James Madison,ESPN Bet,6.5,7,56.5,60.5,230,-280
401643837,2024,regular,13,2024-11-23 20:30:00+00:00,324,Coastal Carolina,290,Georgia Southern,Bovada,-2,-2.5,59,57,-130,110
401643837,2024,regular,13,2024-11-23 20:30:00+00:00,324,Coastal Carolina,290,Georgia Southern,DraftKings,-2,-1.5,59.5,,-125,105
401643837,2024,regular,13,2024-11-23 20:30:00+00:00,324,Coastal Carolina,290,Georgia Southern,ESPN Bet,-1.5,-2,59.5,56.5,-130,110
401643838,2024,regular,13,2024-11-24 00:30:00+00:00,295,Old Dominion,276,Marshall,Bovada,-3,-2,51.5,51.5,-125,105
401643838,2024,regular,13,2024-11-24 00:30:00+00:00,295,Old Dominion,276,Marshall,DraftKings,-3,2,51,,-135,114
401643838,2024,regular,13,2024-11-24 00:30:00+00:00,295,Old Dominion,276,Marshall,ESPN Bet,-2.5,-2,51.5,51.5,-135,115
401643839,2024,regular,13,2024-11-23 20:00:00+00:00,2032,Arkansas State,2433,UL Monroe,Bovada,-3,-3,51.5,52.5,-125,105
401643839,2024,regular,13,2024-11-23 20:00:00+00:00,2032,Arkansas State,2433,UL Monroe,DraftKings,-3,-4,51.5,,-148,124
401643839,2024,regular,13,2024-11-23 20:00:00+00:00,2032,Arkansas State,2433,UL Monroe,ESPN Bet,-2.5,-3,51.5,52.5,-145,125
401643840,2024,regular,13,2024-11-23 22:00:00+00:00,309,Louisiana,2653,Troy,Bovada,-7.5,-11.5,51.5,53,-400,300
401643840,2024,regular,13,2024-11-23 22:00:00+00:00,309,Louisiana,2653,Troy,DraftKings,-7.5,-10.5,51.5,,-285,230
401643840,2024,regular,13,2024-11-23 22:00:00+00:00,309,Louisiana,2653,Troy,ESPN Bet,-7.5,-12,51.5,53.5,-290,240
401643841,2024,regular,13,2024-11-23 20:00:00+00:00,2572,Southern Miss,6,South Alabama,Bovada,24,21.5,54,55,950,-2000
401643841,2024,regular,13,2024-11-23 20:00:00+00:00,2572,Southern Miss,6,South Alabama,DraftKings,24,21.5,54,,1200,-2400
401643841,2024,regular,13,2024-11-23 20:00:00+00:00,2572,Southern Miss,6,South Alabama,ESPN Bet,24.5,23,54.5,55.5,1100,-2500
401643842,2024,regular,13,2024-11-24 00:00:00+00:00,326,Texas State,2247,Georgia State,Bovada,-23,-20.5,59.5,58,-1400,750
401643842,2024,regular,13,2024-11-24 00:00:00+00:00,326,Texas State,2247,Georgia State,DraftKings,-23,-18,59.5,,-2100,1100
401643842,2024,regular,13,2024-11-24 00:00:00+00:00,326,Texas State,2247,Georgia State,ESPN Bet,-22.5,-20,59.5,57.5,-1800,900
401643843,2024,regular,14,2024-11-29 20:30:00+00:00,6,South Alabama,326,Texas State,Bovada,1.5,1,61,61.5,-110,-110
401643843,2024,regular,14,2024-11-29 20:30:00+00:00,6,South Alabama,326,Texas State,DraftKings,2.5,-1,61,,105,-125
401643843,2024,regular,14,2024-11-29 20:30:00+00:00,6,South Alabama,326,Texas State,ESPN Bet,2.5,1,60.5,61.5,110,-130
401643844,2024,regular,14,2024-11-30 23:00:00+00:00,290,Georgia Southern,2026,App State,Bovada,-2.5,-2.5,60.5,62,-135,115
401643844,2024,regular,14,2024-11-30 23:00:00+00:00,290,Georgia Southern,2026,App State,DraftKings,-2.5,-3,60,,-135,114
401643844,2024,regular,14,2024-11-30 23:00:00+00:00,290,Georgia Southern,2026,App State,ESPN Bet,-2.5,-2.5,60.5,62.5,-135,115
401643845,2024,regular,14,2024-11-30 19:00:00+00:00,2247,Georgia State,324,Coastal Carolina,Bovada,1,1.5,54,55.5,100,-120
401643845,2024,regular,14,2024-11-30 19:00:00+00:00,2247,Georgia State,324,Coastal Carolina,DraftKings,-1,0,53,,-112,-108
401643845,2024,regular,14,2024-11-30 19:00:00+00:00,2247,Georgia State,324,Coastal Carolina,ESPN Bet,-0.5,1.5,52.5,55.5,-110,-110
401643846,2024,regular,14,2024-12-01 01:00:00+00:00,256,James Madison,276,Marshall,Bovada,-3.5,-3.5,52,52.5,-175,150
401643846,2024,regular,14,2024-12-01 01:00:00+00:00,256,James Madison,276,Marshall,DraftKings,-4,-3,52,,-170,142
401643846,2024,regular,14,2024-12-01 01:00:00+00:00,256,James Madison,276,Marshall,ESPN Bet,-2.5,-3.5,52.5,52.5,-175,150
401643847,2024,regular,14,2024-11-30 20:00:00+00:00,2032,Arkansas State,295,Old Dominion,Bovada,5.5,4,58.5,58.5,160,-185
401643847,2024,regular,14,2024-11-30 20:00:00+00:00,2032,Arkansas State,295,Old Dominion,DraftKings,5.5,1,59,,170,-205
401643847,2024,regular,14,2024-11-30 20:00:00+00:00,2032,Arkansas State,295,Old Dominion,ESPN Bet,5.5,4,58.5,58.5,175,-210
401643848,2024,regular,14,2024-11-30 17:00:00+00:00,2433,UL Monroe,309,Louisiana,Bovada,10,9.5,49.5,48.5,285,-370
401643848,2024,regular,14,2024-11-30 17:00:00+00:00,2433,UL Monroe,309,Louisiana,DraftKings,8.5,10.5,50,,250,-310
401643848,2024,regular,14,2024-11-30 17:00:00+00:00,2433,UL Monroe,309,Louisiana,ESPN Bet,8.5,10,50.5,48.5,280,-360
401643849,2024,regular,14,2024-11-30 19:00:00+00:00,2653,Troy,2572,Southern Miss,Bovada,-17.5,-17,49,48.5,-950,600
401643849,2024,regular,14,2024-11-30 19:00:00+00:00,2653,Troy,2572,Southern Miss,DraftKings,-17.5,-15.5,49,,-800,550
401643849,2024,regular,14,2024-11-30 19:00:00+00:00,2653,Troy,2572,Southern Miss,ESPN Bet,-17.5,-17.5,48.5,48.5,-1000,600
401643858,2024,regular,1,2024-08-25 03:59:00+00:00,62,Hawai'i,2169,Delaware State,Bovada,-38.5,-38,57.5,57,,
401643858,2024,regular,1,2024-08-25 03:59:00+00:00,62,Hawai'i,2169,Delaware State,DraftKings,-38,-38,57.5,55.5,,
401643858,2024,regular,1,2024-08-25 03:59:00+00:00,62,Hawai'i,2169,Delaware State,ESPN Bet,-39.5,,53.5,,,
401644596,2024,regular,4,2024-09-21 16:00:00+00:00,108,Harvard,56,Stetson,ESPN Bet,-34.5,,52.5,,,
401644597,2024,regular,5,2024-09-28 16:00:00+00:00,225,Brown,108,Harvard,ESPN Bet,7,,53.5,,,
401644598,2024,regular,6,2024-10-04 23:00:00+00:00,108,Harvard,160,New Hampshire,ESPN Bet,1.5,,50.5,,,
401644599,2024,regular,7,2024-10-11 22:00:00+00:00,172,Cornell,108,Harvard,ESPN Bet,8.5,,51.5,,,
401644600,2024,regular,8,2024-10-19 16:00:00+00:00,108,Harvard,107,Holy Cross,ESPN Bet,-6.5,,53.5,,,
401644601,2024,regular,9,2024-10-26 19:00:00+00:00,108,Harvard,163,Princeton,ESPN Bet,-9.5,,47.5,,,
401644602,2024,regular,10,2024-11-02 17:30:00+00:00,159,Dartmouth,108,Harvard,ESPN Bet,3,,49.5,,,
401644604,2024,regular,12,2024-11-16 18:00:00+00:00,219,Pennsylvania,108,Harvard,ESPN Bet,8.5,,52.5,,,
401644605,2024,regular,13,2024-11-23 17:00:00+00:00,108,Harvard,43,Yale,ESPN Bet,-3.5,,49.5,,,
401644683,2024,regular,1,2024-08-31 19:30:00+00:00,77,Northwestern,193,Miami (OH),Bovada,-3,-3.5,39.5,42.5,-185,160
401644683,2024,regular,1,2024-08-31 19:30:00+00:00,77,Northwestern,193,Miami (OH),DraftKings,-4,-4,43,43,-148,124
401644683,2024,regular,1,2024-08-31 19:30:00+00:00,77,Northwestern,193,Miami (OH),ESPN Bet,-3.5,,40.5,,,
401644684,2024,regular,6,2024-10-05 19:30:00+00:00,2649,Toledo,193,Miami (OH),Bovada,-4.5,-7,43.5,44,-250,210
401644684,2024,regular,6,2024-10-05 19:30:00+00:00,2649,Toledo,193,Miami (OH),DraftKings,-4.5,-8,44,,-192,160
401644684,2024,regular,6,2024-10-05 19:30:00+00:00,2649,Toledo,193,Miami (OH),ESPN Bet,-5.5,-7,43.5,43.5,-195,165
401644685,2024,regular,7,2024-10-12 18:00:00+00:00,2199,Eastern Michigan,193,Miami (OH),Bovada,3,3.5,45.5,44,145,-170
401644685,2024,regular,7,2024-10-12 18:00:00+00:00,2199,Eastern Michigan,193,Miami (OH),DraftKings,3,3.5,45.5,,124,-148
401644685,2024,regular,7,2024-10-12 18:00:00+00:00,2199,Eastern Michigan,193,Miami (OH),ESPN Bet,2.5,3,46.5,44.5,125,-145
401644686,2024,regular,8,2024-10-19 19:30:00+00:00,193,Miami (OH),195,Ohio,Bovada,-3.5,-4,43.5,44,-185,160
401644686,2024,regular,8,2024-10-19 19:30:00+00:00,193,Miami (OH),195,Ohio,DraftKings,-3.5,-4,43.5,,-166,140
401644686,2024,regular,8,2024-10-19 19:30:00+00:00,193,Miami (OH),195,Ohio,ESPN Bet,-3.5,-3.5,42.5,43.5,-175,150
401644687,2024,regular,9,2024-10-26 18:00:00+00:00,193,Miami (OH),2117,Central Michigan,Bovada,-10.5,-12,48.5,47,-500,360
401644687,2024,regular,9,2024-10-26 18:00:00+00:00,193,Miami (OH),2117,Central Michigan,DraftKings,-10.5,-10.5,48.5,,-395,310
401644687,2024,regular,9,2024-10-26 18:00:00+00:00,193,Miami (OH),2117,Central Michigan,ESPN Bet,-9.5,-12,48.5,46.5,-425,320
401644688,2024,regular,11,2024-11-06 01:00:00+00:00,2050,Ball State,193,Miami (OH),Bovada,13,12,48,50,360,-500
401644688,2024,regular,11,2024-11-06 01:00:00+00:00,2050,Ball State,193,Miami (OH),DraftKings,13,10,48,,370,-485
401644688,2024,regular,11,2024-11-06 01:00:00+00:00,2050,Ball State,193,Miami (OH),ESPN Bet,12.5,12.5,48.5,49.5,360,-500
401644689,2024,regular,12,2024-11-14 00:00:00+00:00,193,Miami (OH),2309,Kent State,Bovada,-30.5,-31,47.5,46,-20000,2500
401644689,2024,regular,12,2024-11-14 00:00:00+00:00,193,Miami (OH),2309,Kent State,DraftKings,-31,-30.5,47.5,,-20000,3500
401644689,2024,regular,12,2024-11-14 00:00:00+00:00,193,Miami (OH),2309,Kent State,ESPN Bet,-30.5,-30.5,45.5,45.5,-20000,3000
401644690,2024,regular,13,2024-11-20 01:00:00+00:00,193,Miami (OH),2459,Northern Illinois,Bovada,-1.5,-3,43,41.5,-145,125
401644690,2024,regular,13,2024-11-20 01:00:00+00:00,193,Miami (OH),2459,Northern Illinois,DraftKings,-1.5,-3.5,43,,-122,102
401644690,2024,regular,13,2024-11-20 01:00:00+00:00,193,Miami (OH),2459,Northern Illinois,ESPN Bet,-2.5,-3,42.5,41.5,-120,105
401644691,2024,regular,14,2024-11-29 17:00:00+00:00,189,Bowling Green,193,Miami (OH),Bovada,-2.5,-3,39,42.5,-140,120
401644691,2024,regular,14,2024-11-29 17:00:00+00:00,189,Bowling Green,193,Miami (OH),DraftKings,-3,-3,38.5,,-142,120
401644691,2024,regular,14,2024-11-29 17:00:00+00:00,189,Bowling Green,193,Miami (OH),ESPN Bet,-3,-2.5,37.5,42.5,-150,130
401644727,2024,regular,1,2024-08-29 23:00:00+00:00,2084,Buffalo,322,Lafayette,ESPN Bet,-3.5,,45.5,,,
401644728,2024,regular,1,2024-08-29 23:30:00+00:00,2649,Toledo,2184,Duquesne,ESPN Bet,-27.5,,53.5,,,
401644729,2024,regular,1,2024-08-29 23:00:00+00:00,189,Bowling Green,2230,Fordham,ESPN Bet,-15.5,,60.5,,,
401644730,2024,regular,1,2024-08-29 23:00:00+00:00,2117,Central Michigan,2115,Central Connecticut,ESPN Bet,-33.5,,54.5,,,
401644731,2024,regular,1,2024-08-31 19:30:00+00:00,2459,Northern Illinois,2710,Western Illinois,ESPN Bet,-36.5,,55.5,,,
401644732,2024,regular,2,2024-09-07 18:30:00+00:00,2309,Kent State,2598,St. Francis (PA),ESPN Bet,-17.5,-17,49.5,52.5,-1000,700
401644733,2024,regular,3,2024-09-14 22:00:00+00:00,2006,Akron,2142,Colgate,DraftKings,,,,,-535,400
401644733,2024,regular,3,2024-09-14 22:00:00+00:00,2006,Akron,2142,Colgate,ESPN Bet,-13.5,-14.5,48.5,45.5,-600,450
401644734,2024,regular,3,2024-09-14 19:30:00+00:00,195,Ohio,2415,Morgan State,DraftKings,,,,,-8000,2200
401644734,2024,regular,3,2024-09-14 19:30:00+00:00,195,Ohio,2415,Morgan State,ESPN Bet,-24.5,-24.5,45.5,46.5,-3500,1500
401644735,2024,regular,4,2024-09-21 17:00:00+00:00,2117,Central Michigan,2050,Ball State,Bovada,-6.5,-6.5,51,53,-245,205
401644735,2024,regular,4,2024-09-21 17:00:00+00:00,2117,Central Michigan,2050,Ball State,DraftKings,-6.5,,50.5,,-218,180
401644735,2024,regular,4,2024-09-21 17:00:00+00:00,2117,Central Michigan,2050,Ball State,ESPN Bet,-5.5,-6.5,49.5,52.5,-230,195
401644736,2024,regular,4,2024-09-21 19:30:00+00:00,2459,Northern Illinois,2084,Buffalo,Bovada,-13,-15.5,42.5,45,-550,390
401644736,2024,regular,4,2024-09-21 19:30:00+00:00,2459,Northern Illinois,2084,Buffalo,DraftKings,-13,,43,,-535,400
401644736,2024,regular,4,2024-09-21 19:30:00+00:00,2459,Northern Illinois,2084,Buffalo,ESPN Bet,-12.5,-14,42.5,44.5,-550,425
401644737,2024,regular,4,2024-09-21 18:00:00+00:00,2199,Eastern Michigan,2598,St. Francis (PA),ESPN Bet,-25.5,-24,45.5,42.5,-4000,1800
401644738,2024,regular,5,2024-09-28 19:30:00+00:00,195,Ohio,2006,Akron,Bovada,-8,-12.5,46.5,47,-510,370
401644738,2024,regular,5,2024-09-28 19:30:00+00:00,195,Ohio,2006,Akron,DraftKings,-8.5,-14.5,46,,-325,260
401644738,2024,regular,5,2024-09-28 19:30:00+00:00,195,Ohio,2006,Akron,ESPN Bet,-7.5,-11.5,45.5,46.5,-360,290
401644739,2024,regular,5,2024-09-28 19:30:00+00:00,2309,Kent State,2199,Eastern Michigan,Bovada,14,14.5,46,48,475,-700
401644739,2024,regular,5,2024-09-28 19:30:00+00:00,2309,Kent State,2199,Eastern Michigan,DraftKings,14,12.5,46,,425,-575
401644739,2024,regular,5,2024-09-28 19:30:00+00:00,2309,Kent State,2199,Eastern Michigan,ESPN Bet,13.5,14,44.5,48.5,425,-550
401644740,2024,regular,6,2024-10-05 19:30:00+00:00,2006,Akron,189,Bowling Green,Bovada,16.5,15.5,48.5,51,475,-700
401644740,2024,regular,6,2024-10-05 19:30:00+00:00,2006,Akron,189,Bowling Green,DraftKings,17,14.5,48.5,,525,-750
401644740,2024,regular,6,2024-10-05 19:30:00+00:00,2006,Akron,189,Bowling Green,ESPN Bet,16.5,14.5,48.5,51.5,500,-700
401644741,2024,regular,6,2024-10-05 18:00:00+00:00,2050,Ball State,2711,Western Michigan,Bovada,10,7.5,58,56.5,280,-360
401644741,2024,regular,6,2024-10-05 18:00:00+00:00,2050,Ball State,2711,Western Michigan,DraftKings,10,7.5,57.5,,285,-360
401644741,2024,regular,6,2024-10-05 18:00:00+00:00,2050,Ball State,2711,Western Michigan,ESPN Bet,10.5,7.5,57.5,56.5,290,-360
401644742,2024,regular,7,2024-10-12 19:30:00+00:00,2711,Western Michigan,2006,Akron,Bovada,-9.5,-9.5,48.5,53.5,-360,280
401644742,2024,regular,7,2024-10-12 19:30:00+00:00,2711,Western Michigan,2006,Akron,DraftKings,-9.5,-12.5,48.5,,-325,260
401644742,2024,regular,7,2024-10-12 19:30:00+00:00,2711,Western Michigan,2006,Akron,ESPN Bet,-9.5,-9.5,48.5,53.5,-380,300
401644743,2024,regular,7,2024-10-12 16:00:00+00:00,2309,Kent State,2050,Ball State,Bovada,3,5.5,58,60,205,-245
401644743,2024,regular,7,2024-10-12 16:00:00+00:00,2309,Kent State,2050,Ball State,DraftKings,3,7,58,,124,-148
401644743,2024,regular,7,2024-10-12 16:00:00+00:00,2309,Kent State,2050,Ball State,ESPN Bet,3.5,6.5,58.5,57.5,125,-145
401644744,2024,regular,7,2024-10-12 19:30:00+00:00,189,Bowling Green,2459,Northern Illinois,Bovada,-3,-3,46.5,47.5,-140,120
401644744,2024,regular,7,2024-10-12 19:30:00+00:00,189,Bowling Green,2459,Northern Illinois,DraftKings,-3,-3,46.5,,-155,130
401644744,2024,regular,7,2024-10-12 19:30:00+00:00,189,Bowling Green,2459,Northern Illinois,ESPN Bet,-3.5,-2.5,46.5,47.5,-155,135
401644745,2024,regular,7,2024-10-12 16:00:00+00:00,2084,Buffalo,2649,Toledo,Bovada,10.5,9.5,44,44,285,-370
401644745,2024,regular,7,2024-10-12 16:00:00+00:00,2084,Buffalo,2649,Toledo,DraftKings,10.5,10,44.5,,310,-395
401644745,2024,regular,7,2024-10-12 16:00:00+00:00,2084,Buffalo,2649,Toledo,ESPN Bet,10.5,9.5,44.5,44.5,320,-400
401644746,2024,regular,7,2024-10-12 20:00:00+00:00,2117,Central Michigan,195,Ohio,Bovada,3,3.5,50.5,48.5,125,-145
401644746,2024,regular,7,2024-10-12 20:00:00+00:00,2117,Central Michigan,195,Ohio,DraftKings,3,3,50.5,,120,-142
401644746,2024,regular,7,2024-10-12 20:00:00+00:00,2117,Central Michigan,195,Ohio,ESPN Bet,2.5,2.5,49.5,47.5,125,-145
401644748,2024,regular,8,2024-10-19 19:30:00+00:00,189,Bowling Green,2309,Kent State,Bovada,-24,-21,54.5,56,-1600,800
401644748,2024,regular,8,2024-10-19 19:30:00+00:00,189,Bowling Green,2309,Kent State,DraftKings,-24,-24.5,54.5,,-2400,1200
401644748,2024,regular,8,2024-10-19 19:30:00+00:00,189,Bowling Green,2309,Kent State,ESPN Bet,-23.5,-20.5,54.5,56.5,-1600,900
401644749,2024,regular,8,2024-10-19 19:30:00+00:00,2084,Buffalo,2711,Western Michigan,Bovada,1.5,-1.5,49.5,49.5,-120,100
401644749,2024,regular,8,2024-10-19 19:30:00+00:00,2084,Buffalo,2711,Western Michigan,DraftKings,1,1,49.5,,-105,-115
401644749,2024,regular,8,2024-10-19 19:30:00+00:00,2084,Buffalo,2711,Western Michigan,ESPN Bet,1.5,-1.5,48.5,49.5,-105,-120
401644750,2024,regular,8,2024-10-19 18:00:00+00:00,2199,Eastern Michigan,2117,Central Michigan,Bovada,-3.5,-2,52,54.5,-125,105
401644750,2024,regular,8,2024-10-19 18:00:00+00:00,2199,Eastern Michigan,2117,Central Michigan,DraftKings,-3.5,-1.5,52.5,,-148,124
401644750,2024,regular,8,2024-10-19 18:00:00+00:00,2199,Eastern Michigan,2117,Central Michigan,ESPN Bet,-3.5,-1.5,52.5,54.5,-165,140
401644751,2024,regular,8,2024-10-19 19:30:00+00:00,2459,Northern Illinois,2649,Toledo,Bovada,-3,-2.5,43,45.5,-140,120
401644751,2024,regular,8,2024-10-19 19:30:00+00:00,2459,Northern Illinois,2649,Toledo,DraftKings,-3,-1,42.5,,-155,130
401644751,2024,regular,8,2024-10-19 19:30:00+00:00,2459,Northern Illinois,2649,Toledo,ESPN Bet,-3.5,-2.5,42.5,45.5,-150,130
401644752,2024,regular,9,2024-10-26 19:30:00+00:00,2006,Akron,2199,Eastern Michigan,Bovada,2.5,3,50.5,52,145,-170
401644752,2024,regular,9,2024-10-26 19:30:00+00:00,2006,Akron,2199,Eastern Michigan,DraftKings,2.5,6,50.5,,120,-142
401644752,2024,regular,9,2024-10-26 19:30:00+00:00,2006,Akron,2199,Eastern Michigan,ESPN Bet,2.5,3,50.5,51.5,120,-140
401644753,2024,regular,9,2024-10-26 19:30:00+00:00,2050,Ball State,2459,Northern Illinois,Bovada,13.5,12,47.5,48.5,360,-500
401644753,2024,regular,9,2024-10-26 19:30:00+00:00,2050,Ball State,2459,Northern Illinois,DraftKings,13.5,10,47.5,,400,-535
401644753,2024,regular,9,2024-10-26 19:30:00+00:00,2050,Ball State,2459,Northern Illinois,ESPN Bet,13.5,12,47.5,48.5,360,-500
401644754,2024,regular,9,2024-10-26 19:30:00+00:00,2649,Toledo,189,Bowling Green,Bovada,-2.5,-2.5,48,49,-145,125
401644754,2024,regular,9,2024-10-26 19:30:00+00:00,2649,Toledo,189,Bowling Green,DraftKings,-2,-3.5,48,,-125,105
401644754,2024,regular,9,2024-10-26 19:30:00+00:00,2649,Toledo,189,Bowling Green,ESPN Bet,-1.5,-3,47.5,47.5,-130,110
401644755,2024,regular,9,2024-10-26 16:00:00+00:00,195,Ohio,2084,Buffalo,Bovada,-4,-6,46.5,46,-235,195
401644755,2024,regular,9,2024-10-26 16:00:00+00:00,195,Ohio,2084,Buffalo,DraftKings,-4,-6.5,46.5,,-192,160
401644755,2024,regular,9,2024-10-26 16:00:00+00:00,195,Ohio,2084,Buffalo,ESPN Bet,-4.5,-6.5,45.5,46.5,-175,150
401644756,2024,regular,9,2024-10-26 19:30:00+00:00,2711,Western Michigan,2309,Kent State,Bovada,-19,-17,61,59,-900,575
401644756,2024,regular,9,2024-10-26 19:30:00+00:00,2711,Western Michigan,2309,Kent State,DraftKings,-19,-18.5,61,,-1050,675
401644756,2024,regular,9,2024-10-26 19:30:00+00:00,2711,Western Michigan,2309,Kent State,ESPN Bet,-19.5,-17,61.5,59.5,-1200,700
401644757,2024,regular,10,2024-11-02 16:00:00+00:00,2006,Akron,2084,Buffalo,Bovada,1,-1,48,48,-110,-110
401644757,2024,regular,10,2024-11-02 16:00:00+00:00,2006,Akron,2084,Buffalo,DraftKings,-1,2.5,49,,-110,-110
401644757,2024,regular,10,2024-11-02 16:00:00+00:00,2006,Akron,2084,Buffalo,ESPN Bet,2.5,1,47.5,47.5,-110,-110
401644758,2024,regular,10,2024-11-02 16:00:00+00:00,2199,Eastern Michigan,2649,Toledo,Bovada,10,7.5,54.5,52.5,250,-300
401644758,2024,regular,10,2024-11-02 16:00:00+00:00,2199,Eastern Michigan,2649,Toledo,DraftKings,10,6,54.5,,285,-360
401644758,2024,regular,10,2024-11-02 16:00:00+00:00,2199,Eastern Michigan,2649,Toledo,ESPN Bet,10.5,8,54.5,52.5,290,-380
401644760,2024,regular,11,2024-11-06 00:30:00+00:00,2117,Central Michigan,189,Bowling Green,Bovada,16,12.5,48.5,48.5,370,-510
401644760,2024,regular,11,2024-11-06 00:30:00+00:00,2117,Central Michigan,189,Bowling Green,DraftKings,15.5,9.5,49,,525,-750
401644760,2024,regular,11,2024-11-06 00:30:00+00:00,2117,Central Michigan,189,Bowling Green,ESPN Bet,14.5,12.5,47.5,48.5,450,-700
401644761,2024,regular,11,2024-11-07 00:00:00+00:00,2309,Kent State,195,Ohio,Bovada,20.5,18.5,53,52,650,-1100
401644761,2024,regular,11,2024-11-07 00:00:00+00:00,2309,Kent State,195,Ohio,DraftKings,20.5,17,53,,800,-1350
401644761,2024,regular,11,2024-11-07 00:00:00+00:00,2309,Kent State,195,Ohio,ESPN Bet,20.5,18.5,53.5,52.5,750,-1400
401644762,2024,regular,11,2024-11-07 00:00:00+00:00,2711,Western Michigan,2459,Northern Illinois,Bovada,2,1.5,52,52.5,100,-120
401644762,2024,regular,11,2024-11-07 00:00:00+00:00,2711,Western Michigan,2459,Northern Illinois,DraftKings,2,-1.5,52,,110,-130
401644762,2024,regular,11,2024-11-07 00:00:00+00:00,2711,Western Michigan,2459,Northern Illinois,ESPN Bet,2.5,1.5,51.5,52.5,110,-130
401644763,2024,regular,12,2024-11-13 00:00:00+00:00,2084,Buffalo,2050,Ball State,Bovada,-3,-6,55.5,53.5,-230,190
401644763,2024,regular,12,2024-11-13 00:00:00+00:00,2084,Buffalo,2050,Ball State,DraftKings,-3.5,-5,55.5,,-162,136
401644763,2024,regular,12,2024-11-13 00:00:00+00:00,2084,Buffalo,2050,Ball State,ESPN Bet,-3.5,-6.5,54.5,53.5,-175,150
401644764,2024,regular,12,2024-11-13 00:00:00+00:00,189,Bowling Green,2711,Western Michigan,Bovada,-9.5,-9.5,57.5,56.5,-350,275
401644764,2024,regular,12,2024-11-13 00:00:00+00:00,189,Bowling Green,2711,Western Michigan,DraftKings,-9.5,-7,57.5,,-345,275
401644764,2024,regular,12,2024-11-13 00:00:00+00:00,189,Bowling Green,2711,Western Michigan,ESPN Bet,-9.5,-9,56.5,57.5,-340,270
401644765,2024,regular,12,2024-11-13 00:00:00+00:00,2649,Toledo,2117,Central Michigan,Bovada,-15,-15,52,49.5,-700,475
401644765,2024,regular,12,2024-11-13 00:00:00+00:00,2649,Toledo,2117,Central Michigan,DraftKings,-15,-14,52.5,,-625,455
401644765,2024,regular,12,2024-11-13 00:00:00+00:00,2649,Toledo,2117,Central Michigan,ESPN Bet,-14.5,-15,51.5,50.5,-650,425
401644766,2024,regular,12,2024-11-14 00:00:00+00:00,2459,Northern Illinois,2006,Akron,Bovada,-14,-16,43.5,47,-800,525
401644766,2024,regular,12,2024-11-14 00:00:00+00:00,2459,Northern Illinois,2006,Akron,DraftKings,-14,-18,43.5,,-600,440
401644766,2024,regular,12,2024-11-14 00:00:00+00:00,2459,Northern Illinois,2006,Akron,ESPN Bet,-14.5,-15.5,43.5,46.5,-700,450
401644767,2024,regular,12,2024-11-14 00:00:00+00:00,195,Ohio,2199,Eastern Michigan,Bovada,-10.5,-8,51.5,49,-310,255
401644767,2024,regular,12,2024-11-14 00:00:00+00:00,195,Ohio,2199,Eastern Michigan,DraftKings,-10.5,-9,51.5,,-410,320
401644767,2024,regular,12,2024-11-14 00:00:00+00:00,195,Ohio,2199,Eastern Michigan,ESPN Bet,-10.5,-8.5,51.5,49.5,-400,300
401644769,2024,regular,13,2024-11-20 00:00:00+00:00,2309,Kent State,2006,Akron,Bovada,10.5,9.5,49,49,290,-380
401644769,2024,regular,13,2024-11-20 00:00:00+00:00,2309,Kent State,2006,Akron,DraftKings,10.5,9.5,49,,310,-395
401644769,2024,regular,13,2024-11-20 00:00:00+00:00,2309,Kent State,2006,Akron,ESPN Bet,10.5,10,48.5,49.5,340,-450
401644770,2024,regular,13,2024-11-20 00:30:00+00:00,2117,Central Michigan,2711,Western Michigan,Bovada,6,6.5,56,56,210,-250
401644770,2024,regular,13,2024-11-20 00:30:00+00:00,2117,Central Michigan,2711,Western Michigan,DraftKings,6,7.5,56,,180,-218
401644770,2024,regular,13,2024-11-20 00:30:00+00:00,2117,Central Michigan,2711,Western Michigan,ESPN Bet,5.5,6.5,54.5,56.5,190,-225
401644772,2024,regular,13,2024-11-21 00:00:00+00:00,2199,Eastern Michigan,2084,Buffalo,Bovada,-1,-3,51,54,-140,120
401644772,2024,regular,13,2024-11-21 00:00:00+00:00,2199,Eastern Michigan,2084,Buffalo,DraftKings,-1,-1.5,53.5,,-112,-108
401644772,2024,regular,13,2024-11-21 00:00:00+00:00,2199,Eastern Michigan,2084,Buffalo,ESPN Bet,-1.5,-2.5,53.5,53.5,-115,-105
401644773,2024,regular,13,2024-11-21 00:00:00+00:00,2649,Toledo,195,Ohio,Bovada,-1.5,-2.5,45,46,-130,110
401644773,2024,regular,13,2024-11-21 00:00:00+00:00,2649,Toledo,195,Ohio,DraftKings,-1.5,-3,47,,-115,-105
401644773,2024,regular,13,2024-11-21 00:00:00+00:00,2649,Toledo,195,Ohio,ESPN Bet,0.5,-2.5,45.5,46.5,-115,-105
401644774,2024,regular,13,2024-11-23 19:00:00+00:00,2050,Ball State,189,Bowling Green,Bovada,12.5,11,54.5,56.5,355,-490
401644774,2024,regular,13,2024-11-23 19:00:00+00:00,2050,Ball State,189,Bowling Green,DraftKings,12.5,10,54.5,,350,-455
401644774,2024,regular,13,2024-11-23 19:00:00+00:00,2050,Ball State,189,Bowling Green,ESPN Bet,12.5,11,54.5,57.5,340,-450
401644775,2024,regular,14,2024-11-27 00:00:00+00:00,2006,Akron,2649,Toledo,Bovada,9.5,8,49,49,260,-320
401644775,2024,regular,14,2024-11-27 00:00:00+00:00,2006,Akron,2649,Toledo,DraftKings,9,9.5,49.5,,260,-325
401644775,2024,regular,14,2024-11-27 00:00:00+00:00,2006,Akron,2649,Toledo,ESPN Bet,9.5,8,50.5,48.5,270,-340
401644776,2024,regular,14,2024-11-27 00:00:00+00:00,2084,Buffalo,2309,Kent State,Bovada,-24,-21,50,49,-1800,850
401644776,2024,regular,14,2024-11-27 00:00:00+00:00,2084,Buffalo,2309,Kent State,DraftKings,-23.5,-21.5,51,,-1600,900
401644776,2024,regular,14,2024-11-27 00:00:00+00:00,2084,Buffalo,2309,Kent State,ESPN Bet,-23.5,-21,50.5,49.5,-3000,1200
401644777,2024,regular,14,2024-11-29 17:00:00+00:00,195,Ohio,2050,Ball State,Bovada,-17.5,-14.5,52.5,53,-700,475
401644777,2024,regular,14,2024-11-29 17:00:00+00:00,195,Ohio,2050,Ball State,DraftKings,-18,-13.5,51.5,,-900,600
401644777,2024,regular,14,2024-11-29 17:00:00+00:00,195,Ohio,2050,Ball State,ESPN Bet,-17.5,-14.5,51.5,52.5,-1000,600
401644779,2024,regular,14,2024-11-30 20:30:00+00:00,2459,Northern Illinois,2117,Central Michigan,Bovada,-13.5,-12.5,40,45,-525,375
401644779,2024,regular,14,2024-11-30 20:30:00+00:00,2459,Northern Illinois,2117,Central Michigan,DraftKings,-13.5,-12.5,40,,-520,390
401644779,2024,regular,14,2024-11-30 20:30:00+00:00,2459,Northern Illinois,2117,Central Michigan,ESPN Bet,-16.5,-12.5,41.5,45.5,-550,380
401644780,2024,regular,14,2024-11-30 18:30:00+00:00,2711,Western Michigan,2199,Eastern Michigan,Bovada,-6.5,-6.5,55.5,57.5,-250,210
401644780,2024,regular,14,2024-11-30 18:30:00+00:00,2711,Western Michigan,2199,Eastern Michigan,DraftKings,-6,-6.5,55.5,,-205,170
401644780,2024,regular,14,2024-11-30 18:30:00+00:00,2711,Western Michigan,2199,Eastern Michigan,ESPN Bet,-6.5,-7,56.5,57.5,-225,190
401645308,2024,regular,9,2024-10-26 19:30:00+00:00,113,Massachusetts,2681,Wagner,DraftKings,-23,-23,48,,-1650,950
401645308,2024,regular,9,2024-10-26 19:30:00+00:00,113,Massachusetts,2681,Wagner,ESPN Bet,-23.5,-22.5,49.5,48.5,,
401645316,2024,regular,1,2024-08-30 00:00:00+00:00,5,UAB,2016,Alcorn State,ESPN Bet,-29.5,,55.5,,,
401645317,2024,regular,1,2024-08-30 00:00:00+00:00,2655,Tulane,2545,SE Louisiana,ESPN Bet,-28.5,,55.5,,,
401645318,2024,regular,1,2024-08-30 00:00:00+00:00,202,Tulsa,2466,Northwestern State,ESPN Bet,-37.5,,55.5,,,
401645320,2024,regular,1,2024-08-31 22:00:00+00:00,151,East Carolina,2450,Norfolk State,ESPN Bet,-31.5,,51.5,,,
401645321,2024,regular,1,2024-08-31 23:00:00+00:00,235,Memphis,2453,North Alabama,ESPN Bet,-38.5,,62.5,,,
401645322,2024,regular,1,2024-08-31 16:00:00+00:00,2426,Navy,2083,Bucknell,ESPN Bet,-31.5,,48.5,,,
401645323,2024,regular,2,2024-09-07 16:00:00+00:00,2226,Florida Atlantic,349,Army,Bovada,-1,-2.5,41.5,44.5,-165,140
401645323,2024,regular,2,2024-09-07 16:00:00+00:00,2226,Florida Atlantic,349,Army,DraftKings,-3.5,-3,42.5,44.5,-112,-108
401645323,2024,regular,2,2024-09-07 16:00:00+00:00,2226,Florida Atlantic,349,Army,ESPN Bet,-1.5,-4,42.5,42.5,-115,-105
401645324,2024,regular,2,2024-09-07 19:30:00+00:00,2426,Navy,218,Temple,Bovada,-11.5,-12.5,42,44,-585,410
401645324,2024,regular,2,2024-09-07 19:30:00+00:00,2426,Navy,218,Temple,DraftKings,-13.5,-13,44.5,44,-470,360
401645324,2024,regular,2,2024-09-07 19:30:00+00:00,2426,Navy,218,Temple,ESPN Bet,-11.5,-12.5,43.5,42.5,-525,400
401645325,2024,regular,2,2024-09-07 23:30:00+00:00,249,North Texas,2617,Stephen F. Austin,ESPN Bet,-21.5,-23.5,72.5,67.5,-1600,900
401645326,2024,regular,2,2024-09-07 23:00:00+00:00,242,Rice,2640,Texas Southern,ESPN Bet,-30,-29.5,52.5,54.5,-5000,2000
401645327,2024,regular,3,2024-09-14 22:00:00+00:00,2429,Charlotte,2241,Gardner-Webb,DraftKings,,,,,-650,470
401645327,2024,regular,3,2024-09-14 22:00:00+00:00,2429,Charlotte,2241,Gardner-Webb,ESPN Bet,-14,-11.5,46.5,48.5,-700,500
401645328,2024,regular,4,2024-09-21 16:00:00+00:00,349,Army,242,Rice,Bovada,-7,-6,44,42.5,-285,235
401645328,2024,regular,4,2024-09-21 16:00:00+00:00,349,Army,242,Rice,DraftKings,-7.5,,43.5,,-290,235
401645328,2024,regular,4,2024-09-21 16:00:00+00:00,349,Army,242,Rice,ESPN Bet,-7.5,-6.5,42.5,42.5,-300,250
401645329,2024,regular,4,2024-09-21 19:30:00+00:00,2426,Navy,235,Memphis,Bovada,8.5,10.5,47.5,50.5,275,-350
401645329,2024,regular,4,2024-09-21 19:30:00+00:00,2426,Navy,235,Memphis,DraftKings,9.5,,47,,250,-310
401645329,2024,regular,4,2024-09-21 19:30:00+00:00,2426,Navy,235,Memphis,ESPN Bet,8.5,10.5,46.5,50.5,290,-360
401645330,2024,regular,4,2024-09-21 19:30:00+00:00,2636,UTSA,2277,Houston Christian,DraftKings,-35.5,-35.5,54.5,,,
401645330,2024,regular,4,2024-09-21 19:30:00+00:00,2636,UTSA,2277,Houston Christian,ESPN Bet,-36.5,-35.5,55.5,55.5,-20000,4000
401645331,2024,regular,5,2024-09-26 23:30:00+00:00,218,Temple,349,Army,Bovada,11,13,47,46.5,375,-525
401645331,2024,regular,5,2024-09-26 23:30:00+00:00,218,Temple,349,Army,DraftKings,11,10,46.5,,350,-455
401645331,2024,regular,5,2024-09-26 23:30:00+00:00,218,Temple,349,Army,ESPN Bet,21.5,13.5,52.5,45.5,360,-450
401645332,2024,regular,5,2024-09-28 16:00:00+00:00,5,UAB,2426,Navy,Bovada,4.5,4,56.5,57.5,150,-175
401645332,2024,regular,5,2024-09-28 16:00:00+00:00,5,UAB,2426,Navy,DraftKings,4.5,0,56.5,,150,-180
401645332,2024,regular,5,2024-09-28 16:00:00+00:00,5,UAB,2426,Navy,ESPN Bet,5.5,2.5,56.5,55.5,165,-195
401645333,2024,regular,5,2024-09-28 23:00:00+00:00,242,Rice,2429,Charlotte,Bovada,-4,-6.5,48,47.5,-250,210
401645333,2024,regular,5,2024-09-28 23:00:00+00:00,242,Rice,2429,Charlotte,DraftKings,-4,-10.5,48,,-185,154
401645333,2024,regular,5,2024-09-28 23:00:00+00:00,242,Rice,2429,Charlotte,ESPN Bet,-4.5,-6.5,47.5,46.5,-185,155
401645334,2024,regular,5,2024-09-28 20:00:00+00:00,151,East Carolina,2636,UTSA,Bovada,-2.5,-4,53.5,54.5,-185,160
401645334,2024,regular,5,2024-09-28 20:00:00+00:00,151,East Carolina,2636,UTSA,DraftKings,-2,-3,53.5,,-130,110
401645334,2024,regular,5,2024-09-28 20:00:00+00:00,151,East Carolina,2636,UTSA,ESPN Bet,-1.5,-4,52.5,53.5,-130,110
401645335,2024,regular,5,2024-09-28 22:00:00+00:00,2226,Florida Atlantic,2681,Wagner,DraftKings,-35,-31.5,52,,,
401645335,2024,regular,5,2024-09-28 22:00:00+00:00,2226,Florida Atlantic,2681,Wagner,ESPN Bet,-34.5,-28,52.5,48.5,-10000,3500
401645336,2024,regular,5,2024-09-28 23:00:00+00:00,249,North Texas,202,Tulsa,Bovada,-7,-7,65.5,68,-245,205
401645336,2024,regular,5,2024-09-28 23:00:00+00:00,249,North Texas,202,Tulsa,DraftKings,-7,-7,65.5,,-258,210
401645336,2024,regular,5,2024-09-28 23:00:00+00:00,249,North Texas,202,Tulsa,ESPN Bet,-7.5,-7,65.5,68.5,-250,210
401645337,2024,regular,5,2024-09-28 16:00:00+00:00,2655,Tulane,58,South Florida,Bovada,-4,-6,60.5,64,-210,175
401645337,2024,regular,5,2024-09-28 16:00:00+00:00,2655,Tulane,58,South Florida,DraftKings,-4,-7.5,60.5,,-180,150
401645337,2024,regular,5,2024-09-28 16:00:00+00:00,2655,Tulane,58,South Florida,ESPN Bet,-5.5,-6.5,60.5,63.5,-175,150
401645338,2024,regular,6,2024-10-05 17:00:00+00:00,5,UAB,2655,Tulane,Bovada,20,14.5,52,55,475,-700
401645338,2024,regular,6,2024-10-05 17:00:00+00:00,5,UAB,2655,Tulane,DraftKings,19.5,13.5,52,,750,-1200
401645338,2024,regular,6,2024-10-05 17:00:00+00:00,5,UAB,2655,Tulane,ESPN Bet,18.5,15,51.5,55.5,750,-1200
401645339,2024,regular,6,2024-10-05 16:00:00+00:00,202,Tulsa,349,Army,Bovada,14,10.5,50.5,,330,-440
401645339,2024,regular,6,2024-10-05 16:00:00+00:00,202,Tulsa,349,Army,DraftKings,13.5,8.5,50.5,,410,-550
401645339,2024,regular,6,2024-10-05 16:00:00+00:00,202,Tulsa,349,Army,ESPN Bet,13.5,11,50.5,50.5,450,-600
401645340,2024,regular,6,2024-10-05 19:30:00+00:00,2429,Charlotte,151,East Carolina,Bovada,9.5,7.5,47.5,47,270,-340
401645340,2024,regular,6,2024-10-05 19:30:00+00:00,2429,Charlotte,151,East Carolina,DraftKings,9.5,8.5,47.5,,270,-340
401645340,2024,regular,6,2024-10-05 19:30:00+00:00,2429,Charlotte,151,East Carolina,ESPN Bet,8.5,8,47.5,46.5,270,-340
401645341,2024,regular,7,2024-10-12 19:30:00+00:00,58,South Florida,235,Memphis,Bovada,10,6.5,61,59.5,235,-285
401645341,2024,regular,7,2024-10-12 19:30:00+00:00,58,South Florida,235,Memphis,DraftKings,10,5,61,,270,-340
401645341,2024,regular,7,2024-10-12 19:30:00+00:00,58,South Florida,235,Memphis,ESPN Bet,10.5,6,58.5,59.5,300,-380
401645342,2024,regular,7,2024-10-12 16:00:00+00:00,349,Army,5,UAB,Bovada,-27,-25,55.5,55.5,-4000,1200
401645342,2024,regular,7,2024-10-12 16:00:00+00:00,349,Army,5,UAB,DraftKings,-27,-18.5,55.5,,-4500,1700
401645342,2024,regular,7,2024-10-12 16:00:00+00:00,349,Army,5,UAB,ESPN Bet,-25.5,-24,55.5,55.5,-3500,1500
401645343,2024,regular,7,2024-10-12 23:00:00+00:00,2226,Florida Atlantic,249,North Texas,Bovada,5.5,6.5,58.5,60,195,-235
401645343,2024,regular,7,2024-10-12 23:00:00+00:00,2226,Florida Atlantic,249,North Texas,DraftKings,5.5,6,58.5,,170,-205
401645343,2024,regular,7,2024-10-12 23:00:00+00:00,2226,Florida Atlantic,249,North Texas,ESPN Bet,5.5,6.5,58.5,59.5,175,-210
401645344,2024,regular,7,2024-10-12 23:00:00+00:00,242,Rice,2636,UTSA,Bovada,3.5,4,51,47.5,160,-185
401645344,2024,regular,7,2024-10-12 23:00:00+00:00,242,Rice,2636,UTSA,DraftKings,3.5,3.5,51,,150,-180
401645344,2024,regular,7,2024-10-12 23:00:00+00:00,242,Rice,2636,UTSA,ESPN Bet,3.5,4,51.5,47.5,150,-175
401645345,2024,regular,8,2024-10-19 19:30:00+00:00,58,South Florida,5,UAB,Bovada,-14,-13.5,55.5,58,-585,410
401645345,2024,regular,8,2024-10-19 19:30:00+00:00,58,South Florida,5,UAB,DraftKings,-14,-16,55.5,,-550,410
401645345,2024,regular,8,2024-10-19 19:30:00+00:00,58,South Florida,5,UAB,ESPN Bet,-14.5,-14,56.5,57.5,-550,425
401645346,2024,regular,8,2024-10-19 16:00:00+00:00,349,Army,151,East Carolina,Bovada,-17.5,-17,54.5,51.5,-900,575
401645346,2024,regular,8,2024-10-19 16:00:00+00:00,349,Army,151,East Carolina,DraftKings,-17.5,-13.5,54,,-900,600
401645346,2024,regular,8,2024-10-19 16:00:00+00:00,349,Army,151,East Carolina,ESPN Bet,-18.5,-17,54.5,51.5,-900,600
401645347,2024,regular,8,2024-10-19 19:30:00+00:00,2426,Navy,2429,Charlotte,Bovada,-16.5,-17,57.5,56,-900,575
401645347,2024,regular,8,2024-10-19 19:30:00+00:00,2426,Navy,2429,Charlotte,DraftKings,-16.5,-16.5,57.5,,-700,500
401645347,2024,regular,8,2024-10-19 19:30:00+00:00,2426,Navy,2429,Charlotte,ESPN Bet,-16.5,-17,57.5,56.5,-900,600
401645348,2024,regular,8,2024-10-19 19:30:00+00:00,2636,UTSA,2226,Florida Atlantic,Bovada,-4,-4.5,52.5,55.5,-195,165
401645348,2024,regular,8,2024-10-19 19:30:00+00:00,2636,UTSA,2226,Florida Atlantic,DraftKings,-4,-6,52.5,,-180,150
401645348,2024,regular,8,2024-10-19 19:30:00+00:00,2636,UTSA,2226,Florida Atlantic,ESPN Bet,-4.5,-4.5,51.5,55.5,-200,170
401645349,2024,regular,8,2024-10-19 23:30:00+00:00,235,Memphis,249,North Texas,Bovada,-10.5,-10.5,67.5,66.5,,310
401645349,2024,regular,8,2024-10-19 23:30:00+00:00,235,Memphis,249,North Texas,DraftKings,-10.5,-12.5,67.5,,-395,310
401645349,2024,regular,8,2024-10-19 23:30:00+00:00,235,Memphis,249,North Texas,ESPN Bet,-10.5,-10.5,67.5,66.5,-400,320
401645350,2024,regular,8,2024-10-19 19:30:00+00:00,2655,Tulane,242,Rice,Bovada,-21.5,-22.5,53,53.5,-1900,900
401645350,2024,regular,8,2024-10-19 19:30:00+00:00,2655,Tulane,242,Rice,DraftKings,-21.5,-23.5,53.5,,-1800,1000
401645350,2024,regular,8,2024-10-19 19:30:00+00:00,2655,Tulane,242,Rice,ESPN Bet,-22.5,-23,52.5,53.5,-1800,1000
401645351,2024,regular,8,2024-10-19 18:00:00+00:00,218,Temple,202,Tulsa,Bovada,-3,-3,51,52,-140,120
401645351,2024,regular,8,2024-10-19 18:00:00+00:00,218,Temple,202,Tulsa,DraftKings,-3.5,0,51.5,,-155,130
401645351,2024,regular,8,2024-10-19 18:00:00+00:00,218,Temple,202,Tulsa,ESPN Bet,-2.5,-2.5,51.5,52.5,-155,135
401645352,2024,regular,9,2024-10-26 18:00:00+00:00,151,East Carolina,218,Temple,Bovada,-8.5,-7,48.5,49,-300,250
401645352,2024,regular,9,2024-10-26 18:00:00+00:00,151,East Carolina,218,Temple,DraftKings,-8.5,-10,48.5,,-340,270
401645352,2024,regular,9,2024-10-26 18:00:00+00:00,151,East Carolina,218,Temple,ESPN Bet,-7.5,-7,48.5,48.5,-340,270
401645353,2024,regular,9,2024-10-26 16:00:00+00:00,235,Memphis,2429,Charlotte,Bovada,-17,-18,56.5,57,-1200,700
401645353,2024,regular,9,2024-10-26 16:00:00+00:00,235,Memphis,2429,Charlotte,DraftKings,-17,-19.5,56,,-950,625
401645353,2024,regular,9,2024-10-26 16:00:00+00:00,235,Memphis,2429,Charlotte,ESPN Bet,-16.5,-19,55.5,57.5,-900,550
401645354,2024,regular,9,2024-10-26 16:00:00+00:00,249,North Texas,2655,Tulane,Bovada,7.5,7.5,70.5,65.5,250,-300
401645354,2024,regular,9,2024-10-26 16:00:00+00:00,249,North Texas,2655,Tulane,DraftKings,7,8,70.5,,235,-290
401645354,2024,regular,9,2024-10-26 16:00:00+00:00,249,North Texas,2655,Tulane,ESPN Bet,7.5,8,69.5,65.5,240,-290
401645355,2024,regular,9,2024-10-26 19:30:00+00:00,202,Tulsa,2636,UTSA,Bovada,9.5,8,52.5,55.5,260,-320
401645355,2024,regular,9,2024-10-26 19:30:00+00:00,202,Tulsa,2636,UTSA,DraftKings,9.5,7,53,,280,-355
401645355,2024,regular,9,2024-10-26 19:30:00+00:00,202,Tulsa,2636,UTSA,ESPN Bet,9.5,8,52.5,55.5,280,-360
401645356,2024,regular,10,2024-10-31 23:30:00+00:00,2429,Charlotte,2655,Tulane,Bovada,14.5,16,55,55.5,525,-800
401645356,2024,regular,10,2024-10-31 23:30:00+00:00,2429,Charlotte,2655,Tulane,DraftKings,14.5,15.5,55.5,,470,-650
401645356,2024,regular,10,2024-10-31 23:30:00+00:00,2429,Charlotte,2655,Tulane,ESPN Bet,14.5,16.5,54.5,55.5,475,-750
401645357,2024,regular,10,2024-11-01 23:30:00+00:00,2226,Florida Atlantic,58,South Florida,Bovada,1.5,2,48,53.5,105,-125
401645357,2024,regular,10,2024-11-01 23:30:00+00:00,2226,Florida Atlantic,58,South Florida,DraftKings,1.5,2.5,48,,100,-120
401645357,2024,regular,10,2024-11-01 23:30:00+00:00,2226,Florida Atlantic,58,South Florida,ESPN Bet,1.5,2,47.5,53.5,110,-135
401645358,2024,regular,10,2024-11-02 18:30:00+00:00,5,UAB,202,Tulsa,Bovada,-2.5,-3,58,58,-160,135
401645358,2024,regular,10,2024-11-02 18:30:00+00:00,5,UAB,202,Tulsa,DraftKings,-2.5,-1,57.5,,-142,120
401645358,2024,regular,10,2024-11-02 18:30:00+00:00,5,UAB,202,Tulsa,ESPN Bet,-2.5,-3.5,57.5,58.5,-140,120
401645359,2024,regular,10,2024-11-02 16:00:00+00:00,2636,UTSA,235,Memphis,Bovada,7,7.5,61.5,60.5,250,-300
401645359,2024,regular,10,2024-11-02 16:00:00+00:00,2636,UTSA,235,Memphis,DraftKings,7,10,62,,210,-258
401645359,2024,regular,10,2024-11-02 16:00:00+00:00,2636,UTSA,235,Memphis,ESPN Bet,7.5,8,61.5,60.5,225,-275
401645360,2024,regular,10,2024-11-02 20:00:00+00:00,242,Rice,2426,Navy,Bovada,12.5,12.5,48.5,51.5,360,-500
401645360,2024,regular,10,2024-11-02 20:00:00+00:00,242,Rice,2426,Navy,DraftKings,12.5,14.5,49,,350,-455
401645360,2024,regular,10,2024-11-02 20:00:00+00:00,242,Rice,2426,Navy,ESPN Bet,13.5,13,49.5,51.5,380,-550
401645361,2024,regular,11,2024-11-08 01:00:00+00:00,151,East Carolina,2226,Florida Atlantic,Bovada,-7.5,-7.5,58.5,55.5,-310,255
401645361,2024,regular,11,2024-11-08 01:00:00+00:00,151,East Carolina,2226,Florida Atlantic,DraftKings,-7.5,-8,58.5,,-298,240
401645361,2024,regular,11,2024-11-08 01:00:00+00:00,151,East Carolina,2226,Florida Atlantic,ESPN Bet,-5.5,-7.5,58.5,55.5,-290,240
401645362,2024,regular,11,2024-11-09 02:00:00+00:00,235,Memphis,242,Rice,Bovada,-7,-10.5,50.5,52.5,-420,315
401645362,2024,regular,11,2024-11-09 02:00:00+00:00,235,Memphis,242,Rice,DraftKings,-7,-12.5,50.5,,-285,230
401645362,2024,regular,11,2024-11-09 02:00:00+00:00,235,Memphis,242,Rice,ESPN Bet,-7.5,-9,50.5,52.5,-290,240
401645363,2024,regular,11,2024-11-09 17:00:00+00:00,58,South Florida,2426,Navy,Bovada,4.5,3.5,58,56.5,145,-170
401645363,2024,regular,11,2024-11-09 17:00:00+00:00,58,South Florida,2426,Navy,DraftKings,4.5,4.5,58.5,,164,-198
401645363,2024,regular,11,2024-11-09 17:00:00+00:00,58,South Florida,2426,Navy,ESPN Bet,4.5,3,59.5,56.5,155,-185
401645364,2024,regular,11,2024-11-09 21:00:00+00:00,2655,Tulane,218,Temple,Bovada,-25.5,-26.5,50.5,49,-5000,1300
401645364,2024,regular,11,2024-11-09 21:00:00+00:00,2655,Tulane,218,Temple,DraftKings,-26,-24.5,50.5,,-4500,1700
401645364,2024,regular,11,2024-11-09 21:00:00+00:00,2655,Tulane,218,Temple,ESPN Bet,-25.5,-27,50.5,49.5,-5000,1500
401645365,2024,regular,12,2024-11-15 00:30:00+00:00,202,Tulsa,151,East Carolina,Bovada,16.5,14,64,61,450,-650
401645365,2024,regular,12,2024-11-15 00:30:00+00:00,202,Tulsa,151,East Carolina,DraftKings,16,11,63.5,,550,-800
401645365,2024,regular,12,2024-11-15 00:30:00+00:00,202,Tulsa,151,East Carolina,ESPN Bet,16.5,14,63.5,61.5,500,-800
401645366,2024,regular,12,2024-11-16 01:00:00+00:00,2636,UTSA,249,North Texas,Bovada,-1.5,2,72.5,72.5,105,-125
401645366,2024,regular,12,2024-11-16 01:00:00+00:00,2636,UTSA,249,North Texas,DraftKings,-1,2,73,,-118,-102
401645366,2024,regular,12,2024-11-16 01:00:00+00:00,2636,UTSA,249,North Texas,ESPN Bet,-1.5,1.5,71.5,72.5,-120,-110
401645367,2024,regular,12,2024-11-17 01:00:00+00:00,235,Memphis,5,UAB,Bovada,-16.5,-14,63,62.5,-650,450
401645367,2024,regular,12,2024-11-17 01:00:00+00:00,235,Memphis,5,UAB,DraftKings,-16,-15.5,62,,-750,525
401645367,2024,regular,12,2024-11-17 01:00:00+00:00,235,Memphis,5,UAB,ESPN Bet,-17.5,-15,60.5,62.5,-800,500
401645368,2024,regular,12,2024-11-16 20:30:00+00:00,2429,Charlotte,58,South Florida,Bovada,-1.5,3,53.5,53,125,-145
401645368,2024,regular,12,2024-11-16 20:30:00+00:00,2429,Charlotte,58,South Florida,DraftKings,-1.5,2.5,53.5,,-120,100
401645368,2024,regular,12,2024-11-16 20:30:00+00:00,2429,Charlotte,58,South Florida,ESPN Bet,-1.5,3,53.5,52.5,-120,-105
401645369,2024,regular,12,2024-11-16 19:00:00+00:00,218,Temple,2226,Florida Atlantic,Bovada,-2,-2.5,50.5,50,-130,110
401645369,2024,regular,12,2024-11-16 19:00:00+00:00,218,Temple,2226,Florida Atlantic,DraftKings,-2,0,50,,-130,110
401645369,2024,regular,12,2024-11-16 19:00:00+00:00,218,Temple,2226,Florida Atlantic,ESPN Bet,-2.5,-1.5,50.5,49.5,-130,110
401645370,2024,regular,12,2024-11-16 17:00:00+00:00,2426,Navy,2655,Tulane,Bovada,7,7,50,53.5,220,-270
401645370,2024,regular,12,2024-11-16 17:00:00+00:00,2426,Navy,2655,Tulane,DraftKings,7.5,6,49,,230,-285
401645370,2024,regular,12,2024-11-16 17:00:00+00:00,2426,Navy,2655,Tulane,ESPN Bet,7.5,6.5,48.5,54.5,230,-280
401645371,2024,regular,13,2024-11-23 20:00:00+00:00,2226,Florida Atlantic,2429,Charlotte,Bovada,3,2.5,49.5,48,120,-140
401645371,2024,regular,13,2024-11-23 20:00:00+00:00,2226,Florida Atlantic,2429,Charlotte,DraftKings,3,0,49.5,,130,-155
401645371,2024,regular,13,2024-11-23 20:00:00+00:00,2226,Florida Atlantic,2429,Charlotte,ESPN Bet,3.5,2,49.5,48.5,130,-150
401645372,2024,regular,13,2024-11-23 20:30:00+00:00,249,North Texas,151,East Carolina,Bovada,-2.5,-3,73.5,73,-145,125
401645372,2024,regular,13,2024-11-23 20:30:00+00:00,249,North Texas,151,East Carolina,DraftKings,-2.5,2.5,74.5,,-135,114
401645372,2024,regular,13,2024-11-23 20:30:00+00:00,249,North Texas,151,East Carolina,ESPN Bet,-2.5,-3,73.5,73.5,-140,120
401645373,2024,regular,13,2024-11-23 19:00:00+00:00,5,UAB,242,Rice,Bovada,7,6.5,52,51,205,-245
401645373,2024,regular,13,2024-11-23 19:00:00+00:00,5,UAB,242,Rice,DraftKings,7,6.5,,,205,-250
401645373,2024,regular,13,2024-11-23 19:00:00+00:00,5,UAB,242,Rice,ESPN Bet,6.5,7,52.5,51.5,220,-270
401645374,2024,regular,13,2024-11-23 00:00:00+00:00,2636,UTSA,218,Temple,Bovada,-16.5,-16.5,56,56,-850,550
401645374,2024,regular,13,2024-11-23 00:00:00+00:00,2636,UTSA,218,Temple,DraftKings,-16.5,-15.5,56,,-700,500
401645374,2024,regular,13,2024-11-23 00:00:00+00:00,2636,UTSA,218,Temple,ESPN Bet,-17.5,-16.5,55.5,55.5,-800,500
401645375,2024,regular,13,2024-11-23 20:30:00+00:00,58,South Florida,202,Tulsa,Bovada,-17,-16,60,60,-950,600
401645375,2024,regular,13,2024-11-23 20:30:00+00:00,58,South Florida,202,Tulsa,DraftKings,-17.5,-14,60,,-850,575
401645375,2024,regular,13,2024-11-23 20:30:00+00:00,58,South Florida,202,Tulsa,ESPN Bet,-13.5,-16.5,60.5,60.5,-1000,600
401645376,2024,regular,14,2024-11-29 00:30:00+00:00,2655,Tulane,235,Memphis,Bovada,-13.5,-14,54,55.5,-650,450
401645376,2024,regular,14,2024-11-29 00:30:00+00:00,2655,Tulane,235,Memphis,DraftKings,-12.5,-12.5,54.5,,-455,350
401645376,2024,regular,14,2024-11-29 00:30:00+00:00,2655,Tulane,235,Memphis,ESPN Bet,-12.5,-14,54.5,56.5,-550,380
401645377,2024,regular,14,2024-11-30 20:30:00+00:00,2429,Charlotte,5,UAB,Bovada,-1,-3,60,58.5,-160,135
401645377,2024,regular,14,2024-11-30 20:30:00+00:00,2429,Charlotte,5,UAB,DraftKings,1,-4.5,60,,-108,-112
401645377,2024,regular,14,2024-11-30 20:30:00+00:00,2429,Charlotte,5,UAB,ESPN Bet,-1.5,-3,59.5,57.5,-115,-105
401645378,2024,regular,14,2024-11-30 17:00:00+00:00,349,Army,2636,UTSA,Bovada,-6.5,-7.5,53,54.5,-310,255
401645378,2024,regular,14,2024-11-30 17:00:00+00:00,349,Army,2636,UTSA,DraftKings,-6,-7.5,53,,-230,190
401645378,2024,regular,14,2024-11-30 17:00:00+00:00,349,Army,2636,UTSA,ESPN Bet,-6.5,-7.5,53.5,54.5,-215,180
401645379,2024,regular,14,2024-11-29 17:00:00+00:00,151,East Carolina,2426,Navy,Bovada,-2.5,1,54,55.5,-105,-115
401645379,2024,regular,14,2024-11-29 17:00:00+00:00,151,East Carolina,2426,Navy,DraftKings,-3,-1,54.5,,-162,136
401645379,2024,regular,14,2024-11-29 17:00:00+00:00,151,East Carolina,2426,Navy,ESPN Bet,,1,52.5,56.5,-150,130
401645380,2024,regular,14,2024-11-30 20:30:00+00:00,202,Tulsa,2226,Florida Atlantic,Bovada,-1,1.5,57.5,57,100,-120
401645380,2024,regular,14,2024-11-30 20:30:00+00:00,202,Tulsa,2226,Florida Atlantic,DraftKings,-1,1.5,58,,-112,-108
401645380,2024,regular,14,2024-11-30 20:30:00+00:00,202,Tulsa,2226,Florida Atlantic,ESPN Bet,2.5,1.5,57.5,57.5,-120,-105
401645381,2024,regular,14,2024-11-30 17:00:00+00:00,218,Temple,249,North Texas,Bovada,11,11,63.5,64.5,335,-450
401645381,2024,regular,14,2024-11-30 17:00:00+00:00,218,Temple,249,North Texas,DraftKings,12,9.5,63,,330,-425
401645381,2024,regular,14,2024-11-30 17:00:00+00:00,218,Temple,249,North Texas,ESPN Bet,10.5,11.5,63.5,64.5,340,-450
401645382,2024,regular,14,2024-11-30 19:00:00+00:00,242,Rice,58,South Florida,Bovada,6,4.5,54,53,170,-200
401645382,2024,regular,14,2024-11-30 19:00:00+00:00,242,Rice,58,South Florida,DraftKings,5.5,3.5,54,,164,-198
401645382,2024,regular,14,2024-11-30 19:00:00+00:00,242,Rice,58,South Florida,ESPN Bet,5.5,4.5,53.5,53.5,180,-215
401645383,2024,regular,16,2024-12-14 20:00:00+00:00,349,Army,2426,Navy,Bovada,-6,-5.5,39,40.5,-220,180
401645383,2024,regular,16,2024-12-14 20:00:00+00:00,349,Army,2426,Navy,DraftKings,-6.5,0,39,,-270,220
401645383,2024,regular,16,2024-12-14 20:00:00+00:00,349,Army,2426,Navy,ESPN Bet,-6.5,-5.5,39.5,40.5,-250,210
401654456,2024,regular,4,2024-09-21 17:00:00+00:00,46,Georgetown,225,Brown,ESPN Bet,3,,56.5,,,
401654457,2024,regular,8,2024-10-18 23:00:00+00:00,163,Princeton,225,Brown,ESPN Bet,-2.5,,49.5,,,
401654458,2024,regular,9,2024-10-26 16:00:00+00:00,225,Brown,172,Cornell,ESPN Bet,-3.5,,56.5,,,
401654459,2024,regular,10,2024-11-02 16:00:00+00:00,225,Brown,219,Pennsylvania,ESPN Bet,1.5,,49.5,,,
401654460,2024,regular,11,2024-11-09 17:00:00+00:00,43,Yale,225,Brown,ESPN Bet,-10,,57.5,,,
401654462,2024,regular,13,2024-11-23 17:00:00+00:00,159,Dartmouth,225,Brown,ESPN Bet,-13.5,,52.5,,,
401654463,2024,regular,4,2024-09-21 16:00:00+00:00,2329,Lehigh,163,Princeton,ESPN Bet,12.5,,46.5,,,
401654464,2024,regular,5,2024-09-28 19:00:00+00:00,163,Princeton,47,Howard,ESPN Bet,-13.5,,48.5,,,
401654466,2024,regular,10,2024-11-02 17:00:00+00:00,163,Princeton,172,Cornell,ESPN Bet,-3.5,,47.5,,,
401654467,2024,regular,11,2024-11-08 23:00:00+00:00,163,Princeton,159,Dartmouth,ESPN Bet,9.5,,48.5,,,
401654468,2024,regular,12,2024-11-16 17:00:00+00:00,43,Yale,163,Princeton,ESPN Bet,-12.5,,54.5,,,
401654469,2024,regular,13,2024-11-23 18:00:00+00:00,163,Princeton,219,Pennsylvania,ESPN Bet,4.5,,46.5,,,
401654470,2024,regular,4,2024-09-21 17:00:00+00:00,159,Dartmouth,2230,Fordham,ESPN Bet,-8,,50.5,,,
401654471,2024,regular,5,2024-09-28 17:00:00+00:00,2771,Merrimack,159,Dartmouth,ESPN Bet,11.5,,43.5,,,
401654472,2024,regular,6,2024-10-05 17:00:00+00:00,159,Dartmouth,219,Pennsylvania,ESPN Bet,3,,44.5,,,
401654473,2024,regular,7,2024-10-12 16:00:00+00:00,43,Yale,159,Dartmouth,ESPN Bet,3,,47.5,,,
401654474,2024,regular,8,2024-10-19 17:00:00+00:00,159,Dartmouth,2115,Central Connecticut,ESPN Bet,-12.5,,50.5,,,
401654476,2024,regular,12,2024-11-16 18:00:00+00:00,172,Cornell,159,Dartmouth,ESPN Bet,9.5,,54.5,,,
401654487,2024,regular,4,2024-09-21 16:00:00+00:00,171,Columbia,322,Lafayette,ESPN Bet,8,,41.5,,,
401654488,2024,regular,5,2024-09-28 16:30:00+00:00,46,Georgetown,171,Columbia,ESPN Bet,7.5,,45.5,,,
401654489,2024,regular,6,2024-10-05 16:00:00+00:00,171,Columbia,163,Princeton,ESPN Bet,1.5,,43.5,,,
401654490,2024,regular,7,2024-10-12 16:00:00+00:00,2681,Wagner,171,Columbia,ESPN Bet,14.5,,45.5,,,
401654491,2024,regular,8,2024-10-19 17:00:00+00:00,219,Pennsylvania,171,Columbia,ESPN Bet,-3.5,,45.5,,,
401654492,2024,regular,9,2024-10-26 17:30:00+00:00,171,Columbia,159,Dartmouth,ESPN Bet,-3.5,,,,,
401654493,2024,regular,10,2024-11-01 23:00:00+00:00,171,Columbia,43,Yale,ESPN Bet,-1.5,,51.5,,,
401654494,2024,regular,11,2024-11-09 17:00:00+00:00,108,Harvard,171,Columbia,ESPN Bet,-7,,46.5,,,
401654495,2024,regular,12,2024-11-16 17:00:00+00:00,225,Brown,171,Columbia,ESPN Bet,5,,49.5,,,
401654496,2024,regular,13,2024-11-23 17:00:00+00:00,171,Columbia,172,Cornell,ESPN Bet,-7.5,,45.5,,,
401654497,2024,regular,1,2024-08-31 22:00:00+00:00,2529,Sacred Heart,2169,Delaware State,ESPN Bet,-5.5,,45.5,,,
401654498,2024,regular,3,2024-09-14 19:00:00+00:00,2169,Delaware State,2681,Wagner,ESPN Bet,-9.5,,49.5,,,
401654499,2024,regular,7,2024-10-12 19:00:00+00:00,2523,Robert Morris,2169,Delaware State,ESPN Bet,-7.5,,49.5,,,
401654500,2024,regular,9,2024-10-26 19:30:00+00:00,2569,South Carolina State,2169,Delaware State,ESPN Bet,-14.5,,47.5,,,
401654501,2024,regular,10,2024-11-02 17:00:00+00:00,47,Howard,2169,Delaware State,ESPN Bet,-11.5,,51.5,,,
401654502,2024,regular,11,2024-11-09 17:00:00+00:00,2169,Delaware State,2415,Morgan State,ESPN Bet,14.5,,44.5,,,
401654503,2024,regular,12,2024-11-16 17:00:00+00:00,2450,Norfolk State,2169,Delaware State,ESPN Bet,-13.5,,51.5,,,
401654504,2024,regular,13,2024-11-23 18:00:00+00:00,2169,Delaware State,2428,North Carolina Central,ESPN Bet,23.5,,52.5,,,
401654505,2024,regular,4,2024-09-21 17:00:00+00:00,2142,Colgate,172,Cornell,ESPN Bet,-2.5,,47.5,,,
401654506,2024,regular,5,2024-09-28 18:00:00+00:00,172,Cornell,43,Yale,ESPN Bet,12,,49.5,,,
401654507,2024,regular,8,2024-10-19 17:00:00+00:00,2083,Bucknell,172,Cornell,ESPN Bet,1.5,,58.5,,,
401654508,2024,regular,11,2024-11-09 18:00:00+00:00,172,Cornell,219,Pennsylvania,ESPN Bet,2.5,,51.5,,,
401654509,2024,regular,6,2024-10-05 17:00:00+00:00,2169,Delaware State,2598,St. Francis (PA),ESPN Bet,2.5,,45.5,,,
401654510,2024,regular,1,2024-08-31 22:00:00+00:00,2261,Hampton,2415,Morgan State,ESPN Bet,-2.5,,46.5,,,
401654513,2024,regular,7,2024-10-12 19:00:00+00:00,2415,Morgan State,2771,Merrimack,ESPN Bet,-2.5,,41.5,,,
401654514,2024,regular,9,2024-10-26 19:30:00+00:00,2428,North Carolina Central,2415,Morgan State,ESPN Bet,-11,,49.5,,,
401654515,2024,regular,10,2024-11-02 17:00:00+00:00,2415,Morgan State,2450,Norfolk State,ESPN Bet,-6.5,,40.5,,,
401654536,2024,regular,12,2024-11-16 21:00:00+00:00,2415,Morgan State,2569,South Carolina State,ESPN Bet,8,,47.5,,,
401654537,2024,regular,13,2024-11-23 18:00:00+00:00,2415,Morgan State,47,Howard,ESPN Bet,-1.5,,41.5,,,
401654538,2024,regular,2,2024-09-07 16:00:00+00:00,2643,The Citadel,2569,South Carolina State,ESPN Bet,3.5,,42.5,,,
401654539,2024,regular,6,2024-10-05 18:30:00+00:00,2635,Tennessee Tech,2569,South Carolina State,ESPN Bet,-8,,49.5,,,
401654541,2024,regular,10,2024-10-31 23:30:00+00:00,2569,South Carolina State,2428,North Carolina Central,ESPN Bet,3.5,,56.5,,,
401654542,2024,regular,11,2024-11-09 20:30:00+00:00,47,Howard,2569,South Carolina State,ESPN Bet,4.5,,48.5,,,
401654543,2024,regular,13,2024-11-23 18:30:00+00:00,2569,South Carolina State,2450,Norfolk State,ESPN Bet,-18,,53.5,,,
401654547,2024,regular,7,2024-10-12 23:00:00+00:00,2640,Texas Southern,2582,Southern,ESPN Bet,1.5,,45.5,,,
401654550,2024,regular,4,2024-09-21 17:30:00+00:00,2678,VMI,2450,Norfolk State,ESPN Bet,-6.5,,47.5,,,
401654551,2024,regular,6,2024-10-05 17:00:00+00:00,2529,Sacred Heart,2450,Norfolk State,ESPN Bet,3.5,,45.5,,,
401654552,2024,regular,9,2024-10-26 18:00:00+00:00,2450,Norfolk State,47,Howard,ESPN Bet,-1,,47.5,,,
401654553,2024,regular,5,2024-09-28 19:00:00+00:00,2450,Norfolk State,2428,North Carolina Central,ESPN Bet,10,,53.5,,,
401654556,2024,regular,12,2024-11-16 01:00:00+00:00,2428,North Carolina Central,47,Howard,ESPN Bet,-15.5,,51.5,,,
401654557,2024,regular,1,2024-09-01 00:00:00+00:00,2377,McNeese,2582,Southern,ESPN Bet,-8,,49.5,,,
401654559,2024,regular,4,2024-09-21 23:00:00+00:00,2504,Prairie View A&M,2582,Southern,ESPN Bet,3,,46.5,,,
401654560,2024,regular,6,2024-10-05 23:00:00+00:00,2582,Southern,2447,Nicholls,ESPN Bet,18.5,,49.5,,,
401654561,2024,regular,8,2024-10-19 23:00:00+00:00,2582,Southern,2016,Alcorn State,ESPN Bet,-2.5,,44.5,,,
401654563,2024,regular,4,2024-09-21 18:00:00+00:00,233,South Dakota,2181,Drake,ESPN Bet,-28,,50.5,,,
401654564,2024,regular,7,2024-10-12 19:00:00+00:00,233,South Dakota,2460,Northern Iowa,ESPN Bet,-21.5,,49.5,,,
401654565,2024,regular,1,2024-08-31 23:00:00+00:00,2504,Prairie View A&M,2640,Texas Southern,ESPN Bet,-1.5,,55.5,,,
401654566,2024,regular,4,2024-09-21 23:00:00+00:00,2320,Lamar,2640,Texas Southern,ESPN Bet,-12,,48.5,,,
401654568,2024,regular,11,2024-11-09 20:00:00+00:00,2016,Alcorn State,2640,Texas Southern,ESPN Bet,-5,,48.5,,,
401654569,2024,regular,2,2024-09-07 23:00:00+00:00,2466,Northwestern State,2504,Prairie View A&M,ESPN Bet,2,,53.5,,,
401654570,2024,regular,9,2024-10-26 19:00:00+00:00,2504,Prairie View A&M,2837,East Texas A&M,ESPN Bet,3,,50.5,,,
401654571,2024,regular,10,2024-11-02 19:00:00+00:00,2400,Mississippi Valley State,2504,Prairie View A&M,ESPN Bet,14,,52.5,,,
401654572,2024,regular,12,2024-11-16 20:00:00+00:00,2504,Prairie View A&M,2016,Alcorn State,ESPN Bet,2.5,,49.5,,,
401654573,2024,regular,2,2024-09-07 22:00:00+00:00,2115,Central Connecticut,2230,Fordham,ESPN Bet,23.5,,59.5,,,
401654574,2024,regular,3,2024-09-14 16:00:00+00:00,2598,St. Francis (PA),2115,Central Connecticut,ESPN Bet,-7,,48.5,,,
401654575,2024,regular,6,2024-10-05 16:00:00+00:00,43,Yale,2115,Central Connecticut,ESPN Bet,-14,,50.5,,,
401654576,2024,regular,7,2024-10-12 16:00:00+00:00,2115,Central Connecticut,2385,Mercyhurst,ESPN Bet,-16.5,,57.5,,,
401654577,2024,regular,9,2024-10-26 16:00:00+00:00,2341,Long Island University,2115,Central Connecticut,ESPN Bet,2.5,,49.5,,,
401654578,2024,regular,10,2024-11-02 16:00:00+00:00,2115,Central Connecticut,2681,Wagner,ESPN Bet,-8,,46.5,,,
401654579,2024,regular,11,2024-11-09 18:00:00+00:00,284,Stonehill,2115,Central Connecticut,ESPN Bet,15,,52.5,,,
401654580,2024,regular,12,2024-11-16 17:00:00+00:00,2115,Central Connecticut,2523,Robert Morris,ESPN Bet,-1,,44.5,,,
401654581,2024,regular,13,2024-11-23 17:00:00+00:00,2115,Central Connecticut,2184,Duquesne,ESPN Bet,5.5,,48.5,,,
401654584,2024,regular,1,2024-08-31 22:00:00+00:00,2634,Tennessee State,2400,Mississippi Valley State,ESPN Bet,-20,,44.5,,,
401654585,2024,regular,2,2024-09-07 23:00:00+00:00,2320,Lamar,2400,Mississippi Valley State,ESPN Bet,-27,,48.5,,,
401654586,2024,regular,4,2024-09-21 20:00:00+00:00,2447,Nicholls,2400,Mississippi Valley State,ESPN Bet,-30,,48.5,,,
401654587,2024,regular,5,2024-09-28 23:00:00+00:00,2400,Mississippi Valley State,2016,Alcorn State,ESPN Bet,14.5,,46.5,,,
401654589,2024,regular,6,2024-10-05 17:00:00+00:00,2184,Duquesne,2341,Long Island University,ESPN Bet,-4.5,,48.5,,,
401654590,2024,regular,7,2024-10-12 16:00:00+00:00,2598,St. Francis (PA),2184,Duquesne,ESPN Bet,3,,49.5,,,
401654591,2024,regular,9,2024-10-26 17:00:00+00:00,284,Stonehill,2184,Duquesne,ESPN Bet,21,,51.5,,,
401654592,2024,regular,10,2024-11-02 16:00:00+00:00,2184,Duquesne,2385,Mercyhurst,ESPN Bet,-26.5,,58.5,,,
401654593,2024,regular,11,2024-11-09 17:00:00+00:00,2184,Duquesne,2523,Robert Morris,ESPN Bet,-4.5,,52.5,,,
401654594,2024,regular,12,2024-11-16 17:00:00+00:00,2184,Duquesne,2681,Wagner,ESPN Bet,-14.5,,47.5,,,
401654595,2024,regular,3,2024-09-14 16:00:00+00:00,2341,Long Island University,2329,Lehigh,ESPN Bet,-2.5,,49.5,,,
401654596,2024,regular,7,2024-10-12 16:00:00+00:00,2341,Long Island University,284,Stonehill,ESPN Bet,-9.5,,47.5,,,
401654597,2024,regular,8,2024-10-19 16:00:00+00:00,2523,Robert Morris,2341,Long Island University,ESPN Bet,-2.5,,46.5,,,
401654598,2024,regular,11,2024-11-09 17:00:00+00:00,2529,Sacred Heart,2341,Long Island University,ESPN Bet,3,,42.5,,,
401654599,2024,regular,12,2024-11-16 17:00:00+00:00,2341,Long Island University,2598,St. Francis (PA),ESPN Bet,-3.5,,42.5,,,
401654600,2024,regular,13,2024-11-23 17:00:00+00:00,2681,Wagner,2341,Long Island University,ESPN Bet,4.5,,41.5,,,
401654603,2024,regular,3,2024-09-14 20:00:00+00:00,2458,Northern Colorado,2000,Abilene Christian,ESPN Bet,14.5,,54.5,,,
401654606,2024,regular,4,2024-09-21 20:00:00+00:00,2681,Wagner,2523,Robert Morris,ESPN Bet,6.5,,51.5,,,
401654608,2024,regular,9,2024-10-26 18:00:00+00:00,2523,Robert Morris,2598,St. Francis (PA),ESPN Bet,-6.5,,46.5,,,
401654609,2024,regular,10,2024-11-02 16:00:00+00:00,2523,Robert Morris,2771,Merrimack,ESPN Bet,1.5,,48.5,,,
401654610,2024,regular,13,2024-11-23 17:00:00+00:00,2523,Robert Morris,284,Stonehill,ESPN Bet,-14,,47.5,,,
401654612,2024,regular,8,2024-10-19 17:00:00+00:00,2771,Merrimack,284,Stonehill,ESPN Bet,-17.5,,49.5,,,
401654613,2024,regular,9,2024-10-26 16:00:00+00:00,2771,Merrimack,2142,Colgate,ESPN Bet,-2.5,,48.5,,,
401654614,2024,regular,12,2024-11-16 17:00:00+00:00,2771,Merrimack,2529,Sacred Heart,ESPN Bet,-15.5,,41.5,,,
401654615,2024,regular,13,2024-11-23 18:00:00+00:00,2230,Fordham,2771,Merrimack,ESPN Bet,-3,,45.5,,,
401654616,2024,regular,2,2024-09-07 16:00:00+00:00,2329,Lehigh,2681,Wagner,ESPN Bet,-13.5,,43.5,,,
401654617,2024,regular,5,2024-09-28 16:00:00+00:00,2329,Lehigh,2083,Bucknell,ESPN Bet,-6,,53.5,,,
401654618,2024,regular,8,2024-10-19 16:00:00+00:00,43,Yale,2329,Lehigh,ESPN Bet,-7,,54.5,,,
401654619,2024,regular,9,2024-10-26 16:00:00+00:00,2329,Lehigh,2230,Fordham,ESPN Bet,-8.5,,51.5,,,
401654620,2024,regular,10,2024-11-02 16:30:00+00:00,46,Georgetown,2329,Lehigh,ESPN Bet,-0.5,,46.5,,,
401654621,2024,regular,11,2024-11-09 17:00:00+00:00,107,Holy Cross,2329,Lehigh,ESPN Bet,-6.5,,52.5,,,
401654622,2024,regular,12,2024-11-16 17:00:00+00:00,2329,Lehigh,2142,Colgate,ESPN Bet,-10.5,,47.5,,,
401654623,2024,regular,13,2024-11-23 17:00:00+00:00,2329,Lehigh,322,Lafayette,ESPN Bet,-6,,52.5,,,
401654624,2024,regular,3,2024-09-14 16:30:00+00:00,322,Lafayette,2368,Marist,ESPN Bet,-33,,50.5,,,
401654625,2024,regular,6,2024-10-05 17:00:00+00:00,2230,Fordham,322,Lafayette,ESPN Bet,17.5,,56.5,,,
401654626,2024,regular,7,2024-10-12 16:30:00+00:00,322,Lafayette,46,Georgetown,ESPN Bet,-13.5,,50.5,,,
401654627,2024,regular,8,2024-10-19 16:30:00+00:00,322,Lafayette,2529,Sacred Heart,ESPN Bet,-17,,44.5,,,
401654628,2024,regular,9,2024-10-26 17:30:00+00:00,322,Lafayette,107,Holy Cross,ESPN Bet,2.5,,52.5,,,
401654629,2024,regular,10,2024-11-02 17:00:00+00:00,2083,Bucknell,322,Lafayette,ESPN Bet,6,,54.5,,,
401654630,2024,regular,11,2024-11-09 18:00:00+00:00,2142,Colgate,322,Lafayette,ESPN Bet,3.5,,50.5,,,
401654631,2024,regular,12,2024-11-16 17:30:00+00:00,322,Lafayette,284,Stonehill,ESPN Bet,-22,,49.5,,,
401654633,2024,regular,3,2024-09-14 17:00:00+00:00,2529,Sacred Heart,46,Georgetown,ESPN Bet,10.5,,44.5,,,
401654634,2024,regular,4,2024-09-21 17:00:00+00:00,284,Stonehill,2529,Sacred Heart,ESPN Bet,6.5,,43.5,,,
401654635,2024,regular,13,2024-11-23 18:00:00+00:00,2385,Mercyhurst,2598,St. Francis (PA),ESPN Bet,10,,48.5,,,
401654636,2024,regular,4,2024-09-21 18:00:00+00:00,107,Holy Cross,43,Yale,ESPN Bet,-2.5,,50.5,,,
401654637,2024,regular,6,2024-10-05 17:00:00+00:00,2142,Colgate,107,Holy Cross,ESPN Bet,3,,55.5,,,
401654638,2024,regular,7,2024-10-12 17:00:00+00:00,107,Holy Cross,2230,Fordham,ESPN Bet,-16.5,,56.5,,,
401654639,2024,regular,12,2024-11-16 17:00:00+00:00,107,Holy Cross,2083,Bucknell,ESPN Bet,-14,,54.5,,,
401654640,2024,regular,13,2024-11-23 17:30:00+00:00,46,Georgetown,107,Holy Cross,ESPN Bet,13.5,,47.5,,,
401654641,2024,regular,1,2024-08-31 16:30:00+00:00,46,Georgetown,2166,Davidson,ESPN Bet,-5.5,,57.5,,,
401654642,2024,regular,2,2024-09-07 16:00:00+00:00,2368,Marist,46,Georgetown,ESPN Bet,17.5,,50.5,,,
401654643,2024,regular,8,2024-10-19 17:00:00+00:00,2142,Colgate,46,Georgetown,ESPN Bet,1.5,,48.5,,,
401654644,2024,regular,9,2024-10-26 18:00:00+00:00,46,Georgetown,2083,Bucknell,ESPN Bet,-5.5,,52.5,,,
401654645,2024,regular,12,2024-11-16 18:00:00+00:00,2230,Fordham,46,Georgetown,ESPN Bet,-3.5,,49.5,,,
401654646,2024,regular,1,2024-08-31 16:00:00+00:00,2168,Dayton,2598,St. Francis (PA),ESPN Bet,6.5,,51.5,,,
401654647,2024,regular,8,2024-10-19 16:00:00+00:00,2681,Wagner,2598,St. Francis (PA),ESPN Bet,3.5,,44.5,,,
401654648,2024,regular,10,2024-11-02 17:00:00+00:00,2598,St. Francis (PA),284,Stonehill,ESPN Bet,-10,,47.5,,,
401654649,2024,regular,2,2024-09-07 17:30:00+00:00,2678,VMI,2083,Bucknell,ESPN Bet,1.5,,52.5,,,
401654650,2024,regular,4,2024-09-21 22:00:00+00:00,2083,Bucknell,2368,Marist,ESPN Bet,-17,,55.5,,,
401654651,2024,regular,7,2024-10-12 17:00:00+00:00,219,Pennsylvania,2083,Bucknell,ESPN Bet,-19,,53.5,,,
401654652,2024,regular,11,2024-11-09 18:00:00+00:00,2083,Bucknell,2230,Fordham,ESPN Bet,-3,,55.5,,,
401654653,2024,regular,13,2024-11-23 18:00:00+00:00,2083,Bucknell,2142,Colgate,ESPN Bet,-5.5,,48.5,,,
401654654,2024,regular,6,2024-10-05 17:00:00+00:00,284,Stonehill,2681,Wagner,ESPN Bet,-3,,51.5,,,
401654662,2024,regular,1,2024-08-24 23:00:00+00:00,2546,Southeast Missouri State,2453,North Alabama,ESPN Bet,-7.5,,58.5,,,
401654663,2024,regular,3,2024-09-14 23:00:00+00:00,2630,UT Martin,2453,North Alabama,ESPN Bet,-13.5,,56.5,,,
401654664,2024,regular,2,2024-09-07 23:00:00+00:00,2277,Houston Christian,2627,Tarleton State,ESPN Bet,14,,51.5,,,
401654665,2024,regular,1,2024-08-24 19:30:00+00:00,2627,Tarleton State,2377,McNeese,ESPN Bet,-15.5,,63.5,,,
401654666,2024,regular,5,2024-09-28 23:00:00+00:00,2627,Tarleton State,2545,SE Louisiana,ESPN Bet,-8.5,,55.5,,,
401654674,2024,regular,3,2024-09-14 23:00:00+00:00,2837,East Texas A&M,2755,Grambling,ESPN Bet,-3.5,,51.5,,,
401654677,2024,regular,2,2024-09-07 22:00:00+00:00,231,Furman,2127,Charleston Southern,ESPN Bet,-20,,47.5,,,
401654678,2024,regular,3,2024-09-14 18:00:00+00:00,231,Furman,56,Stetson,ESPN Bet,-30.5,,47.5,,,
401654844,2024,regular,1,2024-08-31 22:00:00+00:00,2127,Charleston Southern,2643,The Citadel,ESPN Bet,-6.5,,46.5,,,
401654845,2024,regular,1,2024-08-30 01:00:00+00:00,356,Illinois,2197,Eastern Illinois,ESPN Bet,-28.5,,50.5,,,
401654846,2024,regular,5,2024-09-28 20:00:00+00:00,2546,Southeast Missouri State,2466,Northwestern State,ESPN Bet,-33.5,,54.5,,,
401654850,2024,regular,2,2024-09-08 02:00:00+00:00,302,UC Davis,2837,East Texas A&M,ESPN Bet,-28,,48.5,,,
401654851,2024,regular,4,2024-09-21 23:00:00+00:00,2837,East Texas A&M,16,Sacramento State,ESPN Bet,19.5,,58.5,,,
401655616,2024,regular,3,2024-09-14 23:00:00+00:00,2320,Lamar,2692,Weber State,ESPN Bet,10.5,,49.5,,,
401655617,2024,regular,5,2024-09-29 00:00:00+00:00,2692,Weber State,2377,McNeese,ESPN Bet,-13.5,,49.5,,,
401655618,2024,regular,3,2024-09-15 01:00:00+00:00,16,Sacramento State,2447,Nicholls,ESPN Bet,-8.5,,61.5,,,
401655619,2024,regular,4,2024-09-21 23:00:00+00:00,2466,Northwestern State,2692,Weber State,ESPN Bet,31.5,,55.5,,,
401655620,2024,regular,3,2024-09-14 23:00:00+00:00,2545,SE Louisiana,331,Eastern Washington,ESPN Bet,7.5,,61.5,,,
401655623,2024,regular,2,2024-09-07 23:00:00+00:00,331,Eastern Washington,2181,Drake,ESPN Bet,-35,,60.5,,,
401655625,2024,regular,3,2024-09-14 19:00:00+00:00,149,Montana,2413,Morehead State,ESPN Bet,-37,,50.5,,,
401655626,2024,regular,4,2024-09-21 19:00:00+00:00,149,Montana,2717,Western Carolina,ESPN Bet,-18.5,,57.5,,,
401655632,2024,regular,3,2024-09-14 23:30:00+00:00,77,Northwestern,2197,Eastern Illinois,DraftKings,,,,,-10000,3000
401655632,2024,regular,3,2024-09-14 23:30:00+00:00,77,Northwestern,2197,Eastern Illinois,ESPN Bet,-26.5,-24.5,38.5,,,
401655634,2024,regular,4,2024-09-21 18:00:00+00:00,2815,Lindenwood,2900,St. Thomas (MN),ESPN Bet,-4.5,,47.5,,,
401655635,2024,regular,8,2024-10-19 19:30:00+00:00,47,Howard,2634,Tennessee State,ESPN Bet,2.5,,51.5,,,
401655656,2024,regular,11,2024-11-09 20:00:00+00:00,2535,Samford,2635,Tennessee Tech,ESPN Bet,-2.5,,53.5,,,
401656600,2024,regular,1,2024-08-30 23:00:00+00:00,311,Maine,2142,Colgate,ESPN Bet,-3.5,,58.5,,,
401656601,2024,regular,5,2024-09-28 17:00:00+00:00,219,Pennsylvania,2142,Colgate,ESPN Bet,-10.5,,49.5,,,
401656602,2024,regular,10,2024-11-02 17:00:00+00:00,2230,Fordham,2142,Colgate,ESPN Bet,-1.5,,53.5,,,
401656951,2024,regular,9,2024-10-26 16:00:00+00:00,2529,Sacred Heart,2385,Mercyhurst,ESPN Bet,-7.5,,48.5,,,
401673031,2024,regular,7,2024-10-12 17:00:00+00:00,47,Howard,2529,Sacred Heart,ESPN Bet,-7.5,,45.5,,,
401673036,2024,regular,9,2024-10-25 23:00:00+00:00,219,Pennsylvania,43,Yale,ESPN Bet,-3,,51.5,,,
401673462,2024,regular,15,2024-12-07 01:00:00+00:00,349,Army,2655,Tulane,Bovada,5,4,46,47.5,165,-195
401673462,2024,regular,15,2024-12-07 01:00:00+00:00,349,Army,2655,Tulane,DraftKings,5,,46.5,,185,-225
401673462,2024,regular,15,2024-12-07 01:00:00+00:00,349,Army,2655,Tulane,ESPN Bet,4.5,4,46.5,47.5,175,-210
401673463,2024,regular,15,2024-12-08 01:00:00+00:00,2567,SMU,228,Clemson,Bovada,-3,-2.5,56,55,-135,115
401673463,2024,regular,15,2024-12-08 01:00:00+00:00,2567,SMU,228,Clemson,DraftKings,-2.5,,56.5,,-135,114
401673463,2024,regular,15,2024-12-08 01:00:00+00:00,2567,SMU,228,Clemson,ESPN Bet,-2.5,-2.5,56.5,55.5,-135,115
401673464,2024,regular,15,2024-12-08 01:00:00+00:00,2483,Oregon,213,Penn State,Bovada,-3,-3.5,51,49.5,-170,145
401673464,2024,regular,15,2024-12-08 01:00:00+00:00,2483,Oregon,213,Penn State,DraftKings,-3.5,,52,,-180,150
401673464,2024,regular,15,2024-12-08 01:00:00+00:00,2483,Oregon,213,Penn State,ESPN Bet,-3.5,-3.5,51.5,49.5,-170,145
401673465,2024,regular,15,2024-12-07 17:00:00+00:00,9,Arizona State,66,Iowa State,Bovada,-1.5,-2.5,50.5,50.5,-140,120
401673465,2024,regular,15,2024-12-07 17:00:00+00:00,9,Arizona State,66,Iowa State,DraftKings,1.5,,51,,100,-120
401673465,2024,regular,15,2024-12-07 17:00:00+00:00,9,Arizona State,66,Iowa State,ESPN Bet,1.5,-2.5,51.5,50.5,-110,-110
401673466,2024,regular,15,2024-12-07 00:00:00+00:00,55,Jacksonville State,98,Western Kentucky,Bovada,-4,-3,58,59,-160,135
401673466,2024,regular,15,2024-12-07 00:00:00+00:00,55,Jacksonville State,98,Western Kentucky,DraftKings,-4.5,,58.5,,-185,154
401673466,2024,regular,15,2024-12-07 00:00:00+00:00,55,Jacksonville State,98,Western Kentucky,ESPN Bet,-4.5,-4,58.5,58.5,-185,155
401673467,2024,regular,15,2024-12-07 17:00:00+00:00,193,Miami (OH),195,Ohio,Bovada,-2.5,-2.5,44,44.5,-135,115
401673467,2024,regular,15,2024-12-07 17:00:00+00:00,193,Miami (OH),195,Ohio,DraftKings,-2.5,,44,,-135,114
401673467,2024,regular,15,2024-12-07 17:00:00+00:00,193,Miami (OH),195,Ohio,ESPN Bet,-2.5,-2.5,43.5,44.5,-125,105
401673468,2024,regular,15,2024-12-07 01:00:00+00:00,68,Boise State,2439,UNLV,Bovada,-4,-4,57.5,58.5,-180,155
401673468,2024,regular,15,2024-12-07 01:00:00+00:00,68,Boise State,2439,UNLV,DraftKings,-4,,57.5,,-192,160
401673468,2024,regular,15,2024-12-07 01:00:00+00:00,68,Boise State,2439,UNLV,ESPN Bet,-3.5,-3.5,57.5,58.5,-200,170
401673469,2024,regular,15,2024-12-07 21:00:00+00:00,251,Texas,61,Georgia,Bovada,-3,-2.5,51,49,-135,115
401673469,2024,regular,15,2024-12-07 21:00:00+00:00,251,Texas,61,Georgia,DraftKings,-3,,51,,-155,130
401673469,2024,regular,15,2024-12-07 21:00:00+00:00,251,Texas,61,Georgia,ESPN Bet,-2.5,-2.5,50.5,48.5,-150,130
401673470,2024,regular,15,2024-12-08 00:30:00+00:00,309,Louisiana,276,Marshall,Bovada,-5,-4.5,57,56.5,,
401673470,2024,regular,15,2024-12-08 00:30:00+00:00,309,Louisiana,276,Marshall,DraftKings,-5,,58,56.5,-205,170
401673470,2024,regular,15,2024-12-08 00:30:00+00:00,309,Louisiana,276,Marshall,ESPN Bet,-4.5,-4.5,57.5,56.5,-200,170
401673471,2024,regular,15,2024-12-07 19:00:00+00:00,2296,Jackson State,2582,Southern,ESPN Bet,-13.5,,47.5,,,
401675115,2024,regular,3,2024-09-15 00:00:00+00:00,2377,McNeese,2617,Stephen F. Austin,ESPN Bet,4.5,,56.5,,,
401675117,2024,regular,6,2024-10-06 00:00:00+00:00,2617,Stephen F. Austin,2466,Northwestern State,ESPN Bet,-35,,52.5,,,
401675118,2024,regular,7,2024-10-12 20:00:00+00:00,2320,Lamar,2617,Stephen F. Austin,ESPN Bet,7.5,,50.5,,,
401675119,2024,regular,8,2024-10-19 21:00:00+00:00,2545,SE Louisiana,2617,Stephen F. Austin,ESPN Bet,3,,55.5,,,
401675120,2024,regular,9,2024-10-26 23:00:00+00:00,2617,Stephen F. Austin,2277,Houston Christian,ESPN Bet,-14.5,,55.5,,,
401675121,2024,regular,10,2024-11-02 20:00:00+00:00,2447,Nicholls,2617,Stephen F. Austin,ESPN Bet,2,,53.5,,,
401675122,2024,regular,11,2024-11-09 21:30:00+00:00,2837,East Texas A&M,2617,Stephen F. Austin,ESPN Bet,16.5,,52.5,,,
401675123,2024,regular,12,2024-11-16 20:00:00+00:00,2617,Stephen F. Austin,2916,Incarnate Word,ESPN Bet,8,,60.5,,,
401677076,2024,postseason,1,2024-12-14 17:00:00+00:00,2569,South Carolina State,2296,Jackson State,ESPN Bet,-3.5,1.5,54.5,54.5,,
401677077,2024,postseason,1,2024-12-15 02:00:00+00:00,2711,Western Michigan,6,South Alabama,Bovada,9,7,57.5,57,255,-310
401677077,2024,postseason,1,2024-12-15 02:00:00+00:00,2711,Western Michigan,6,South Alabama,DraftKings,6,10,53.5,,185,-225
401677077,2024,postseason,1,2024-12-15 02:00:00+00:00,2711,Western Michigan,6,South Alabama,ESPN Bet,5.5,8.5,54.5,59.5,180,-215
401677079,2024,postseason,1,2024-12-18 22:30:00+00:00,256,James Madison,98,Western Kentucky,Bovada,-7,-8,50.5,52.5,-310,255
401677079,2024,postseason,1,2024-12-18 22:30:00+00:00,256,James Madison,98,Western Kentucky,DraftKings,-7.5,,50.5,,-285,230
401677079,2024,postseason,1,2024-12-18 22:30:00+00:00,256,James Madison,98,Western Kentucky,ESPN Bet,-7.5,-7,50.5,53.5,-300,250
401677080,2024,postseason,1,2024-12-18 02:00:00+00:00,277,West Virginia,235,Memphis,Bovada,5,3,60.5,56.5,130,-150
401677080,2024,postseason,1,2024-12-18 02:00:00+00:00,277,West Virginia,235,Memphis,DraftKings,5,2,60,,170,-205
401677080,2024,postseason,1,2024-12-18 02:00:00+00:00,277,West Virginia,235,Memphis,ESPN Bet,5.5,1.5,60.5,56.5,175,-210
401677081,2024,postseason,1,2024-12-19 02:00:00+00:00,2439,UNLV,25,California,Bovada,-3,3.5,45.5,51.5,150,-175
401677081,2024,postseason,1,2024-12-19 02:00:00+00:00,2439,UNLV,25,California,DraftKings,-3,,45,,-148,124
401677081,2024,postseason,1,2024-12-19 02:00:00+00:00,2439,UNLV,25,California,ESPN Bet,-3.5,3,44.5,51.5,-165,140
401677082,2024,postseason,1,2024-12-20 00:00:00+00:00,2534,Sam Houston,290,Georgia Southern,Bovada,4.5,6,48.5,47,185,-225
401677082,2024,postseason,1,2024-12-20 00:00:00+00:00,2534,Sam Houston,290,Georgia Southern,DraftKings,3.5,,48,,140,-166
401677082,2024,postseason,1,2024-12-20 00:00:00+00:00,2534,Sam Houston,290,Georgia Southern,ESPN Bet,3.5,5.5,48.5,46.5,145,-170
401677083,2024,postseason,1,2024-12-20 17:00:00+00:00,55,Jacksonville State,195,Ohio,Bovada,6.5,2,58,54,110,-130
401677083,2024,postseason,1,2024-12-20 17:00:00+00:00,55,Jacksonville State,195,Ohio,DraftKings,6.5,2.5,57.5,52,185,-225
401677083,2024,postseason,1,2024-12-20 17:00:00+00:00,55,Jacksonville State,195,Ohio,ESPN Bet,5.5,2,56.5,53.5,210,-250
401677084,2024,postseason,1,2024-12-20 20:30:00+00:00,57,Florida,2655,Tulane,Bovada,-10,-13,49.5,50.5,-480,350
401677084,2024,postseason,1,2024-12-20 20:30:00+00:00,57,Florida,2655,Tulane,DraftKings,-10,,50.5,49.5,-395,310
401677084,2024,postseason,1,2024-12-20 20:30:00+00:00,57,Florida,2655,Tulane,ESPN Bet,-9.5,-12,49.5,51.5,-400,300
401677085,2024,postseason,1,2024-12-23 16:00:00+00:00,2636,UTSA,324,Coastal Carolina,Bovada,-12.5,-8,57,57,-320,260
401677085,2024,postseason,1,2024-12-23 16:00:00+00:00,2636,UTSA,324,Coastal Carolina,DraftKings,-12.5,,56.5,57.5,-440,340
401677085,2024,postseason,1,2024-12-23 16:00:00+00:00,2636,UTSA,324,Coastal Carolina,ESPN Bet,13.5,-6.5,56.5,56.5,-550,380
401677086,2024,postseason,1,2024-12-23 19:30:00+00:00,278,Fresno State,2459,Northern Illinois,Bovada,3,3,40.5,40.5,125,-145
401677086,2024,postseason,1,2024-12-23 19:30:00+00:00,278,Fresno State,2459,Northern Illinois,DraftKings,2,,41,,105,-125
401677086,2024,postseason,1,2024-12-23 19:30:00+00:00,278,Fresno State,2459,Northern Illinois,ESPN Bet,2.5,2.5,40.5,42.5,110,-130
401677087,2024,postseason,1,2024-12-25 01:00:00+00:00,23,San José State,58,South Florida,Bovada,2,-3,66.5,61.5,-145,125
401677087,2024,postseason,1,2024-12-25 01:00:00+00:00,23,San José State,58,South Florida,DraftKings,1.5,-2.5,66.5,62.5,-102,-118
401677087,2024,postseason,1,2024-12-25 01:00:00+00:00,23,San José State,58,South Florida,ESPN Bet,0.5,-2.5,64.5,62.5,-105,-120
401677088,2024,postseason,1,2024-12-26 22:30:00+00:00,2306,Kansas State,164,Rutgers,Bovada,-7,-7,52.5,51,-260,215
401677088,2024,postseason,1,2024-12-26 22:30:00+00:00,2306,Kansas State,164,Rutgers,ESPN Bet,-7.5,-7,51.5,51.5,-290,240
401677089,2024,postseason,1,2024-12-27 02:00:00+00:00,189,Bowling Green,2032,Arkansas State,Bovada,-10,-7,53.5,50.5,-260,215
401677089,2024,postseason,1,2024-12-27 02:00:00+00:00,189,Bowling Green,2032,Arkansas State,DraftKings,-10.5,-6.5,54.5,,-380,300
401677089,2024,postseason,1,2024-12-27 02:00:00+00:00,189,Bowling Green,2032,Arkansas State,ESPN Bet,-10.5,-6.5,54.5,49.5,-380,290
401677090,2024,postseason,1,2024-12-27 17:00:00+00:00,2426,Navy,201,Oklahoma,Bovada,2.5,7,42.5,43.5,235,-285
401677090,2024,postseason,1,2024-12-27 17:00:00+00:00,2426,Navy,201,Oklahoma,DraftKings,-1,,44,46.5,-112,-108
401677090,2024,postseason,1,2024-12-27 17:00:00+00:00,2426,Navy,201,Oklahoma,ESPN Bet,2.5,8.5,44.5,44.5,-115,-105
401677091,2024,postseason,1,2024-12-27 20:30:00+00:00,238,Vanderbilt,59,Georgia Tech,Bovada,3,2.5,50,51.5,115,-135
401677091,2024,postseason,1,2024-12-27 20:30:00+00:00,238,Vanderbilt,59,Georgia Tech,DraftKings,3,,49,,120,-142
401677091,2024,postseason,1,2024-12-27 20:30:00+00:00,238,Vanderbilt,59,Georgia Tech,ESPN Bet,2.5,2.5,48.5,53.5,120,-140
401677092,2024,postseason,1,2024-12-28 00:00:00+00:00,8,Arkansas,2641,Texas Tech,Bovada,3,-3,52.5,60.5,-145,125
401677092,2024,postseason,1,2024-12-28 00:00:00+00:00,8,Arkansas,2641,Texas Tech,DraftKings,3.5,-2.5,52.5,,136,-162
401677092,2024,postseason,1,2024-12-28 00:00:00+00:00,8,Arkansas,2641,Texas Tech,ESPN Bet,3.5,-2.5,52.5,59.5,135,-155
401677093,2024,postseason,1,2024-12-28 03:30:00+00:00,30,USC,245,Texas A&M,Bovada,3.5,3,55.5,52,130,-150
401677093,2024,postseason,1,2024-12-28 03:30:00+00:00,30,USC,245,Texas A&M,DraftKings,3.5,,56.5,50.5,150,-180
401677093,2024,postseason,1,2024-12-28 03:30:00+00:00,30,USC,245,Texas A&M,ESPN Bet,-3.5,2.5,56.5,50.5,-185,155
401677094,2024,postseason,1,2024-12-28 16:00:00+00:00,153,North Carolina,41,UConn,Bovada,-2.5,-5,53.5,54.5,-210,175
401677094,2024,postseason,1,2024-12-28 16:00:00+00:00,153,North Carolina,41,UConn,DraftKings,-2,-5.5,53.5,,-125,105
401677094,2024,postseason,1,2024-12-28 16:00:00+00:00,153,North Carolina,41,UConn,ESPN Bet,-1.5,-4,52.5,55.5,-130,110
401677095,2024,postseason,1,2024-12-28 17:00:00+00:00,158,Nebraska,103,Boston College,Bovada,-3.5,-3,46.5,45.5,-145,125
401677095,2024,postseason,1,2024-12-28 17:00:00+00:00,158,Nebraska,103,Boston College,DraftKings,-3,,47.5,45.5,-162,136
401677095,2024,postseason,1,2024-12-28 17:00:00+00:00,158,Nebraska,103,Boston College,ESPN Bet,-3.5,-3,47.5,45.5,-165,140
401677096,2024,postseason,1,2024-12-28 19:15:00+00:00,2628,TCU,309,Louisiana,Bovada,-10,-12,59,60,-440,330
401677096,2024,postseason,1,2024-12-28 19:15:00+00:00,2628,TCU,309,Louisiana,DraftKings,-9.5,,61,,-325,260
401677096,2024,postseason,1,2024-12-28 19:15:00+00:00,2628,TCU,309,Louisiana,ESPN Bet,-9.5,-10,59.5,60.5,-360,280
401677097,2024,postseason,1,2024-12-28 20:30:00+00:00,2390,Miami,66,Iowa State,Bovada,-4.5,-4,58.5,55,-180,155
401677097,2024,postseason,1,2024-12-28 20:30:00+00:00,2390,Miami,66,Iowa State,DraftKings,-5,1,62,,-218,180
401677097,2024,postseason,1,2024-12-28 20:30:00+00:00,2390,Miami,66,Iowa State,ESPN Bet,-5.5,-1,61.5,55.5,-215,180
401677098,2024,postseason,1,2024-12-28 22:45:00+00:00,152,NC State,151,East Carolina,Bovada,-7,-5,60,58,-210,175
401677098,2024,postseason,1,2024-12-28 22:45:00+00:00,152,NC State,151,East Carolina,DraftKings,-7.5,,61.5,,-298,240
401677098,2024,postseason,1,2024-12-28 22:45:00+00:00,152,NC State,151,East Carolina,ESPN Bet,-7.5,-5,60.5,59.5,-275,225
401677099,2024,postseason,1,2024-12-29 00:30:00+00:00,38,Colorado,252,BYU,Bovada,-3,-3,55.5,54,-145,125
401677099,2024,postseason,1,2024-12-29 00:30:00+00:00,38,Colorado,252,BYU,DraftKings,-3,,55.5,,-148,124
401677099,2024,postseason,1,2024-12-29 00:30:00+00:00,38,Colorado,252,BYU,ESPN Bet,-2.5,-2,53.5,53.5,-155,135
401677100,2024,postseason,1,2024-12-29 02:15:00+00:00,349,Army,2348,Louisiana Tech,Bovada,-14,-17,44,44,-900,575
401677100,2024,postseason,1,2024-12-29 02:15:00+00:00,349,Army,2348,Louisiana Tech,DraftKings,-15,,44.5,,-675,490
401677100,2024,postseason,1,2024-12-29 02:15:00+00:00,349,Army,2348,Louisiana Tech,ESPN Bet,-14.5,-9,44.5,48.5,-800,500
401677101,2024,postseason,1,2024-12-30 19:30:00+00:00,142,Missouri,2294,Iowa,Bovada,-2.5,-3.5,40,40,-170,145
401677101,2024,postseason,1,2024-12-30 19:30:00+00:00,142,Missouri,2294,Iowa,DraftKings,-1,,41,43.5,-112,-108
401677101,2024,postseason,1,2024-12-30 19:30:00+00:00,142,Missouri,2294,Iowa,ESPN Bet,-1.5,-3,41.5,40.5,-115,-105
401677102,2024,postseason,1,2024-12-31 17:00:00+00:00,130,Michigan,333,Alabama,Bovada,16.5,10,45,43,295,-390
401677102,2024,postseason,1,2024-12-31 17:00:00+00:00,130,Michigan,333,Alabama,DraftKings,16.5,,45.5,43.5,575,-850
401677102,2024,postseason,1,2024-12-31 17:00:00+00:00,130,Michigan,333,Alabama,ESPN Bet,16.5,11.5,45.5,43.5,550,-900
401677103,2024,postseason,1,2024-12-31 20:00:00+00:00,356,Illinois,2579,South Carolina,Bovada,9.5,11,50,48,320,-430
401677103,2024,postseason,1,2024-12-31 20:00:00+00:00,356,Illinois,2579,South Carolina,DraftKings,9.5,,50,,280,-355
401677103,2024,postseason,1,2024-12-31 20:00:00+00:00,356,Illinois,2579,South Carolina,ESPN Bet,9.5,10,49.5,47.5,280,-360
401677104,2024,postseason,1,2024-12-31 20:30:00+00:00,99,LSU,239,Baylor,Bovada,3.5,-1.5,62.5,59.5,-120,100
401677104,2024,postseason,1,2024-12-31 20:30:00+00:00,99,LSU,239,Baylor,DraftKings,3,,62.5,,130,-155
401677104,2024,postseason,1,2024-12-31 20:30:00+00:00,99,LSU,239,Baylor,ESPN Bet,2.5,-2,62.5,60.5,140,-165
401677105,2024,postseason,1,2025-01-03 01:00:00+00:00,145,Ole Miss,150,Duke,Bovada,-17,-14.5,50.5,52.5,-625,430
401677105,2024,postseason,1,2025-01-03 01:00:00+00:00,145,Ole Miss,150,Duke,DraftKings,-17.5,,50.5,,-900,600
401677105,2024,postseason,1,2025-01-03 01:00:00+00:00,145,Ole Miss,150,Duke,ESPN Bet,-14.5,-11.5,50.5,54.5,-900,550
401677106,2024,postseason,1,2025-01-03 21:00:00+00:00,326,Texas State,249,North Texas,Bovada,-14,-10,63.5,68,-370,285
401677106,2024,postseason,1,2025-01-03 21:00:00+00:00,326,Texas State,249,North Texas,DraftKings,-15.5,,67.5,,-650,470
401677106,2024,postseason,1,2025-01-03 21:00:00+00:00,326,Texas State,249,North Texas,ESPN Bet,-15.5,-7.5,66.5,68.5,-700,450
401677107,2024,postseason,1,2025-01-04 00:30:00+00:00,259,Virginia Tech,135,Minnesota,Bovada,10,5.5,43,42.5,180,-220
401677107,2024,postseason,1,2025-01-04 00:30:00+00:00,259,Virginia Tech,135,Minnesota,DraftKings,10,,43.5,,320,-410
401677107,2024,postseason,1,2025-01-04 00:30:00+00:00,259,Virginia Tech,135,Minnesota,ESPN Bet,10.5,4.5,43.5,42.5,300,-400
401677108,2024,postseason,1,2025-01-04 16:00:00+00:00,2335,Liberty,2084,Buffalo,Bovada,4,-2.5,50.5,52.5,-130,110
401677108,2024,postseason,1,2025-01-04 16:00:00+00:00,2335,Liberty,2084,Buffalo,DraftKings,4.5,-2.5,50.5,51.5,160,-192
401677108,2024,postseason,1,2025-01-04 16:00:00+00:00,2335,Liberty,2084,Buffalo,ESPN Bet,3.5,-2,50.5,51.5,160,-190
401677176,2024,postseason,1,2024-12-21 21:00:00+00:00,251,Texas,228,Clemson,Bovada,-13.5,-10.5,49.5,52,-435,325
401677176,2024,postseason,1,2024-12-21 21:00:00+00:00,251,Texas,228,Clemson,DraftKings,-13.5,,49.5,52.5,-650,470
401677176,2024,postseason,1,2024-12-21 21:00:00+00:00,251,Texas,228,Clemson,ESPN Bet,-13.5,-11,49.5,51.5,-650,425
401677177,2024,postseason,1,2024-12-22 01:00:00+00:00,194,Ohio State,2633,Tennessee,Bovada,-8,-7,47,48,,
401677177,2024,postseason,1,2024-12-22 01:00:00+00:00,194,Ohio State,2633,Tennessee,DraftKings,-7.5,,47,,-290,235
401677177,2024,postseason,1,2024-12-22 01:00:00+00:00,194,Ohio State,2633,Tennessee,ESPN Bet,-7.5,-7.5,46.5,47.5,-300,250
401677178,2024,postseason,1,2024-12-21 17:00:00+00:00,213,Penn State,2567,SMU,Bovada,-7.5,-9,53,53,-370,285
401677178,2024,postseason,1,2024-12-21 17:00:00+00:00,213,Penn State,2567,SMU,DraftKings,-9,,52.5,53,-325,260
401677178,2024,postseason,1,2024-12-21 17:00:00+00:00,213,Penn State,2567,SMU,ESPN Bet,-7.5,-9,50.5,53.5,-360,280
401677179,2024,postseason,1,2024-12-21 01:00:00+00:00,87,Notre Dame,84,Indiana,Bovada,-7,-7.5,50,50.5,-320,260
401677179,2024,postseason,1,2024-12-21 01:00:00+00:00,87,Notre Dame,84,Indiana,DraftKings,-7,,50.5,,-265,215
401677179,2024,postseason,1,2024-12-21 01:00:00+00:00,87,Notre Dame,84,Indiana,ESPN Bet,-6.5,-7.5,50.5,50.5,-275,225
401677180,2024,postseason,1,2024-12-26 19:00:00+00:00,2649,Toledo,221,Pittsburgh,Bovada,7,9,50,51.5,270,-340
401677180,2024,postseason,1,2024-12-26 19:00:00+00:00,2649,Toledo,221,Pittsburgh,DraftKings,6.5,9.5,48.5,51.5,190,-230
401677180,2024,postseason,1,2024-12-26 19:00:00+00:00,2649,Toledo,221,Pittsburgh,ESPN Bet,6.5,9,48.5,51.5,220,-270
401677181,2024,postseason,1,2025-01-01 00:30:00+00:00,68,Boise State,213,Penn State,Bovada,12.5,9.5,54.5,52,300,-400
401677181,2024,postseason,1,2025-01-01 00:30:00+00:00,68,Boise State,213,Penn State,DraftKings,12,,55,,350,-455
401677181,2024,postseason,1,2025-01-01 00:30:00+00:00,68,Boise State,213,Penn State,ESPN Bet,11.5,10.5,54.5,53.5,360,-500
401677182,2024,postseason,1,2025-01-01 18:00:00+00:00,9,Arizona State,251,Texas,Bovada,13,13.5,51.5,52,410,-585
401677182,2024,postseason,1,2025-01-01 18:00:00+00:00,9,Arizona State,251,Texas,DraftKings,13.5,,52.5,52,440,-600
401677182,2024,postseason,1,2025-01-01 18:00:00+00:00,9,Arizona State,251,Texas,ESPN Bet,13.5,13.5,52.5,51.5,425,-650
401677183,2024,postseason,1,2025-01-01 22:00:00+00:00,2483,Oregon,194,Ohio State,Bovada,2.5,2,55.5,54.5,,
401677183,2024,postseason,1,2025-01-01 22:00:00+00:00,2483,Oregon,194,Ohio State,DraftKings,2.5,2.5,55.5,,120,-142
401677183,2024,postseason,1,2025-01-01 22:00:00+00:00,2483,Oregon,194,Ohio State,ESPN Bet,2.5,2,54.5,53.5,120,-140
401677184,2024,postseason,1,2025-01-02 21:00:00+00:00,61,Georgia,87,Notre Dame,Bovada,1,-1.5,46,44,-120,100
401677184,2024,postseason,1,2025-01-02 21:00:00+00:00,61,Georgia,87,Notre Dame,DraftKings,1,,45.5,,-110,-110
401677184,2024,postseason,1,2025-01-02 21:00:00+00:00,61,Georgia,87,Notre Dame,ESPN Bet,1.5,-1.5,46.5,44.5,-105,-115
401677188,2024,postseason,1,2024-12-28 21:30:00+00:00,36,Colorado State,193,Miami (OH),Bovada,2.5,2.5,40.5,43.5,115,-135
401677188,2024,postseason,1,2024-12-28 21:30:00+00:00,36,Colorado State,193,Miami (OH),DraftKings,1,,42.5,43.5,100,-120
401677188,2024,postseason,1,2024-12-28 21:30:00+00:00,36,Colorado State,193,Miami (OH),ESPN Bet,1.5,1.5,42.5,43.5,105,-120
401677189,2024,postseason,1,2025-01-10 00:30:00+00:00,213,Penn State,87,Notre Dame,Bovada,-1,1.5,46,46,105,-125
401677189,2024,postseason,1,2025-01-10 00:30:00+00:00,213,Penn State,87,Notre Dame,DraftKings,-1.5,,45.5,47,-115,-105
401677189,2024,postseason,1,2025-01-10 00:30:00+00:00,213,Penn State,87,Notre Dame,ESPN Bet,-1.5,2,45.5,46.5,-120,-105
401677190,2024,postseason,1,2024-12-31 19:00:00+00:00,264,Washington,97,Louisville,Bovada,-1,5.5,49.5,52,180,-220
401677190,2024,postseason,1,2024-12-31 19:00:00+00:00,264,Washington,97,Louisville,DraftKings,-1,,50.5,,-118,-102
401677190,2024,postseason,1,2024-12-31 19:00:00+00:00,264,Washington,97,Louisville,ESPN Bet,-1.5,4.5,50.5,51.5,-120,105
401677191,2024,postseason,1,2025-01-11 00:30:00+00:00,251,Texas,194,Ohio State,Bovada,5.5,6,51.5,53.5,185,-225
401677191,2024,postseason,1,2025-01-11 00:30:00+00:00,251,Texas,194,Ohio State,DraftKings,6.5,,51.5,,210,-258
401677191,2024,postseason,1,2025-01-11 00:30:00+00:00,251,Texas,194,Ohio State,ESPN Bet,5.5,6,51.5,53.5,220,-270
401677192,2024,postseason,1,2025-01-21 00:30:00+00:00,87,Notre Dame,194,Ohio State,Bovada,8.5,9,45.5,45.5,,
401677192,2024,postseason,1,2025-01-21 00:30:00+00:00,87,Notre Dame,194,Ohio State,DraftKings,8.5,,45.5,45.5,295,-375
401677192,2024,postseason,1,2025-01-21 00:30:00+00:00,87,Notre Dame,194,Ohio State,ESPN Bet,8.5,9,44.5,45.5,300,-400
401677764,2024,regular,4,2024-09-21 19:05:00+00:00,147,Montana State,2385,Mercyhurst,ESPN Bet,-49.5,,59.5,,,
401678896,2024,regular,13,2024-11-23 20:00:00+00:00,2617,Stephen F. Austin,2000,Abilene Christian,ESPN Bet,-1,,58.5,,,
401678917,2024,regular,7,2024-10-12 20:00:00+00:00,253,Southern Utah,2198,Eastern Kentucky,ESPN Bet,-3.5,,55.5,,,
401680057,2024,postseason,1,2025-01-07 00:00:00+00:00,147,Montana State,2449,North Dakota State,Bovada,-4,-3.5,58.5,58.5,-170,145
401680057,2024,postseason,1,2025-01-07 00:00:00+00:00,147,Montana State,2449,North Dakota State,ESPN Bet,-6.5,,58.5,,,
401729729,2024,regular,14,2024-11-30 18:00:00+00:00,160,New Hampshire,2630,UT Martin,ESPN Bet,-0.5,,46.5,,,
401729730,2024,regular,14,2024-11-30 19:00:00+00:00,257,Richmond,2329,Lehigh,ESPN Bet,-10.5,,49.5,,,
401729731,2024,regular,14,2024-11-30 17:00:00+00:00,2546,Southeast Missouri State,2287,Illinois State,ESPN Bet,3,,53.5,,,
401729732,2024,regular,14,2024-11-30 20:00:00+00:00,2627,Tarleton State,2181,Drake,ESPN Bet,-18.5,,49.5,,,
401729734,2024,regular,14,2024-12-01 03:15:00+00:00,149,Montana,2634,Tennessee State,ESPN Bet,-18,,48.5,,,
401729736,2024,regular,14,2024-11-30 19:00:00+00:00,222,Villanova,2198,Eastern Kentucky,ESPN Bet,-9,,47.5,,,
401729737,2024,regular,14,2024-11-30 17:00:00+00:00,227,Rhode Island,2115,Central Connecticut,ESPN Bet,-15,,45.5,,,
401729738,2024,regular,14,2024-11-30 20:00:00+00:00,2000,Abilene Christian,2464,Northern Arizona,ESPN Bet,2.5,,55.5,,,
401729743,2024,regular,15,2024-12-07 20:00:00+00:00,147,Montana State,2630,UT Martin,ESPN Bet,-19,,54.5,,,
401729745,2024,regular,15,2024-12-07 20:00:00+00:00,2449,North Dakota State,2000,Abilene Christian,ESPN Bet,-21.5,,58.5,,,
401729750,2024,regular,15,2024-12-07 19:00:00+00:00,2571,South Dakota State,149,Montana,ESPN Bet,-22.5,,44.5,,,
401729752,2024,regular,15,2024-12-07 20:00:00+00:00,233,South Dakota,2627,Tarleton State,ESPN Bet,-18.5,,56.5,,,
401729753,2024,regular,15,2024-12-07 21:00:00+00:00,302,UC Davis,2287,Illinois State,ESPN Bet,-10.5,,55.5,,,
401729754,2024,regular,15,2024-12-07 19:00:00+00:00,2916,Incarnate Word,222,Villanova,ESPN Bet,-11.5,,54.5,,,
401729756,2024,regular,15,2024-12-07 19:00:00+00:00,2382,Mercer,227,Rhode Island,ESPN Bet,-7.5,,48.5,,,
401729780,2024,regular,16,2024-12-14 02:00:00+00:00,147,Montana State,70,Idaho,Bovada,-14.5,-13.5,55.5,55.5,,
401729780,2024,regular,16,2024-12-14 02:00:00+00:00,147,Montana State,70,Idaho,ESPN Bet,-14.5,,56.5,,,
401729781,2024,regular,16,2024-12-14 17:00:00+00:00,2571,South Dakota State,2916,Incarnate Word,ESPN Bet,-20.5,,54.5,,,
401729783,2024,regular,16,2024-12-14 21:00:00+00:00,233,South Dakota,302,UC Davis,ESPN Bet,-7,,58.5,,,
401729785,2024,regular,16,2024-12-14 20:30:00+00:00,2449,North Dakota State,2382,Mercer,ESPN Bet,-23.5,,52.5,,,
401729786,2024,postseason,1,2024-12-21 17:00:00+00:00,2449,North Dakota State,2571,South Dakota State,ESPN Bet,3.5,,49.5,,,
401729787,2024,postseason,1,2024-12-21 20:30:00+00:00,147,Montana State,233,South Dakota,ESPN Bet,-9.5,,56.5,,,
401729867,2024,postseason,1,2024-12-28 01:00:00+00:00,265,Washington State,183,Syracuse,Bovada,19,6.5,58.5,61.5,210,-250
401729867,2024,postseason,1,2024-12-28 01:00:00+00:00,265,Washington State,183,Syracuse,DraftKings,19,,58.5,60.5,675,-1050
401729867,2024,postseason,1,2024-12-28 01:00:00+00:00,265,Washington State,183,Syracuse,ESPN Bet,18.5,6.5,57.5,60.5,600,-1000
